date,raw,v2,joint
2007-12-05,0.0019041573204074155,0.0019041573204074155,0.0019041573204074155
2007-12-06,0.009555631443986565,0.009555631443986565,0.009555631443986565
2007-12-07,-0.003928353250681532,-0.003928353250681532,-0.003928353250681532
2007-12-10,0.0014549526402008722,0.0014549526402008722,0.0014549526402008722
2007-12-11,0.0018260477640971223,0.0018260477640971223,0.0018260477640971223
2007-12-12,0.0032263551263530203,0.0032263551263530203,0.0032263551263530203
2007-12-13,-0.0024024826415122965,-0.0024024826415122965,-0.0024024826415122965
2007-12-14,-0.005844834967760754,-0.005844834967760754,-0.005844834967760754
2007-12-17,-0.002855603610836286,-0.002855603610836286,-0.002855603610836286
2007-12-18,0.013271246462474292,0.013271246462474292,0.013271246462474292
2007-12-19,-0.008836997364533236,-0.008836997364533236,-0.008836997364533236
2007-12-20,0.0025877655484765156,0.0025877655484765156,0.0025877655484765156
2007-12-21,0.008309929344090191,0.00804304248065351,0.00804304248065351
2007-12-24,0.007512629701272721,0.007512629701272721,0.007512629701272721
2007-12-26,0.00861799082706037,0.008596118915449145,0.008596118915449145
2007-12-27,0.0230640426714585,0.0230640426714585,0.0230640426714585
2007-12-28,-0.01153660595631527,-0.011530823337927444,-0.011530823337927444
2007-12-31,0.003921381975235225,0.0030868730393425114,0.0030868730393425114
2008-01-02,0.004333932696273314,0.0031845184076364076,0.0031845184076364076
2008-01-03,0.0,0.0,0.0
2008-01-04,0.0,0.0,0.0
2008-01-07,0.0,0.0,0.0
2008-01-08,0.0,0.0,0.0
2008-01-09,0.0,0.0,0.0
2008-01-10,0.0,0.0,0.0
2008-01-11,0.0,0.0,0.0
2008-01-14,0.0,0.0,0.0
2008-01-15,0.0,0.0,0.0
2008-01-16,0.0,0.0,0.0
2008-01-17,-0.0001225665829189629,-0.00010381394439713393,-0.00010381394439713393
2008-01-18,0.025656979826122077,0.021966622478420548,0.021966622478420548
2008-01-22,-0.010760730875347568,-0.009783375296506974,-0.009783375296506974
2008-01-23,0.0,0.0,0.0
2008-01-24,0.0,0.0,0.0
2008-01-25,0.0,0.0,0.0
2008-01-28,-4.744618833006512e-06,-3.4161881983838124e-06,-3.4161881983838124e-06
2008-01-29,0.00023754957133334265,0.00017348814063788392,0.00017348814063788392
2008-01-30,0.0013840393412476728,0.001243021332300213,0.001243021332300213
2008-01-31,-0.0026370240402980483,-0.002590571531199608,-0.002590571531199608
2008-02-01,-0.00021466019491951738,-0.0002119506375971491,-0.0002119506375971491
2008-02-04,0.0011664175781686552,0.0011515543589394371,0.0011515543589394371
2008-02-05,-0.0003672609681335739,-0.00036250167644596764,-0.00036250167644596764
2008-02-06,-0.0030098286201109548,-0.0029713750311941016,-0.0029713750311941016
2008-02-07,0.0033649638795226556,0.0033205393353981675,0.0033205393353981675
2008-02-08,0.0033674725685609082,0.0032956289728606376,0.0032956289728606376
2008-02-11,0.00400679671258814,0.0039041294306102854,0.0039041294306102854
2008-02-12,-0.002673863225155871,-0.0025958472648335445,-0.0025958472648335445
2008-02-13,0.0006080200813338662,0.0005873446545121211,0.0005873446545121211
2008-02-14,0.007775508342687973,0.007452796242332691,0.007452796242332691
2008-02-15,0.014400250299062601,0.013809554953272539,0.013809554953272539
2008-02-19,0.013823054722726345,0.012929877132567135,0.012929877132567135
2008-02-20,0.0,0.0,0.0
2008-02-21,0.0,0.0,0.0
2008-02-22,0.0,0.0,0.0
2008-02-25,0.0,0.0,0.0
2008-02-26,0.0,0.0,0.0
2008-02-27,-4.6816326154733694e-05,-4.6816326154733694e-05,-4.6816326154733694e-05
2008-02-28,-0.028484202780545607,-0.028484202780545607,-0.028484202780545607
2008-02-29,0.0,0.0,0.0
2008-03-03,0.0,0.0,0.0
2008-03-04,0.0,0.0,0.0
2008-03-05,0.0,0.0,0.0
2008-03-06,0.0,0.0,0.0
2008-03-07,0.0,0.0,0.0
2008-03-10,0.0,0.0,0.0
2008-03-11,0.0,0.0,0.0
2008-03-12,0.0,0.0,0.0
2008-03-13,0.0,0.0,0.0
2008-03-14,0.0,0.0,0.0
2008-03-17,0.0,0.0,0.0
2008-03-18,0.0,0.0,0.0
2008-03-19,-5.420520186303205e-05,-4.726574103312836e-05,-4.726574103312836e-05
2008-03-20,0.05370826128142616,0.05312375151698598,0.05312375151698598
2008-03-24,0.015395260968947513,0.015229214134056798,0.015229214134056798
2008-03-25,0.0,0.0,0.0
2008-03-26,0.0,0.0,0.0
2008-03-27,0.0,0.0,0.0
2008-03-28,0.0,0.0,0.0
2008-03-31,0.0,0.0,0.0
2008-04-01,0.0,0.0,0.0
2008-04-02,0.0,0.0,0.0
2008-04-03,0.0,0.0,0.0
2008-04-04,0.0,0.0,0.0
2008-04-07,0.0,0.0,0.0
2008-04-08,0.0,0.0,0.0
2008-04-09,0.0,0.0,0.0
2008-04-10,0.0,0.0,0.0
2008-04-11,0.0,0.0,0.0
2008-04-14,0.0,0.0,0.0
2008-04-15,0.0,0.0,0.0
2008-04-16,0.0,0.0,0.0
2008-04-17,0.0,0.0,0.0
2008-04-18,-5.580441548735616e-05,-2.853694076913474e-05,-2.853694076913474e-05
2008-04-21,5.8445702078576584e-05,2.9889582816308785e-05,2.9889582816308785e-05
2008-04-22,-0.008185233517733023,-0.008185233517733023,-0.008185233517733023
2008-04-23,0.006917792938124556,0.006917792938124556,0.006917792938124556
2008-04-24,0.0017576781606369295,0.0017576781606369295,0.0017576781606369295
2008-04-25,-0.002972185853407368,-0.002972185853407368,-0.002972185853407368
2008-04-28,-0.0021484273277042163,-0.0021484273277042163,-0.0021484273277042163
2008-04-29,0.005056649824486668,0.005056649824486668,0.005056649824486668
2008-04-30,-0.004274327044305487,-0.004274327044305487,-0.004274327044305487
2008-05-01,-0.014061395435111541,-0.014061395435111541,-0.014061395435111541
2008-05-02,0.0015721234351156945,0.0015721234351156945,0.0015721234351156945
2008-05-05,-0.001324417418361688,-0.001324417418361688,-0.001324417418361688
2008-05-06,0.0,0.0,0.0
2008-05-07,0.0,0.0,0.0
2008-05-08,0.0,0.0,0.0
2008-05-09,-6.711216201351849e-06,-6.711216201351849e-06,-6.711216201351849e-06
2008-05-12,0.0050168523588368825,0.0050168523588368825,0.0050168523588368825
2008-05-13,0.002591924989200082,0.002591924989200082,0.002591924989200082
2008-05-14,0.004398083812840653,0.004398083812840653,0.004398083812840653
2008-05-15,-0.005752203355835651,-0.005752203355835651,-0.005752203355835651
2008-05-16,0.0,0.0,0.0
2008-05-19,0.0,0.0,0.0
2008-05-20,0.0,0.0,0.0
2008-05-21,0.0,0.0,0.0
2008-05-22,-6.290129498802019e-06,-6.290129498802019e-06,-6.290129498802019e-06
2008-05-23,0.0025932674135071493,0.0025932674135071493,0.0025932674135071493
2008-05-27,-0.0006820883940255861,-0.0006820883940255861,-0.0006820883940255861
2008-05-28,-0.003973706521413262,-0.003973706521413262,-0.003973706521413262
2008-05-29,-0.003620497969509307,-0.003620497969509307,-0.003620497969509307
2008-05-30,-0.0016518021156638296,-0.0016518021156638296,-0.0016518021156638296
2008-06-02,0.001845018277612628,0.001845018277612628,0.001845018277612628
2008-06-03,-0.00011658798164920366,-0.00011658798164920366,-0.00011658798164920366
2008-06-04,0.005862193742398854,0.005862193742398854,0.005862193742398854
2008-06-05,0.0006765099255744606,0.0006765099255744606,0.0006765099255744606
2008-06-06,0.00782626023144256,0.00782626023144256,0.00782626023144256
2008-06-09,-0.005360876943431962,-0.005360876943431962,-0.005360876943431962
2008-06-10,-0.0017274926308969152,-0.0017274926308969152,-0.0017274926308969152
2008-06-11,0.012468905813450885,0.012468905813450885,0.012468905813450885
2008-06-12,-0.008689099756696244,-0.008689099756696244,-0.008689099756696244
2008-06-13,-0.009147386956627687,-0.009147386956627687,-0.009147386956627687
2008-06-16,0.001539429772700103,0.001539429772700103,0.001539429772700103
2008-06-17,0.0038166297343290114,0.0038166297343290114,0.0038166297343290114
2008-06-18,-0.006119043876561709,-0.006119043876561709,-0.006119043876561709
2008-06-19,-0.007559257210045638,-0.007559257210045638,-0.007559257210045638
2008-06-20,0.0017104240730893725,0.0017104240730893725,0.0017104240730893725
2008-06-23,0.008973320500792942,0.008973320500792942,0.008973320500792942
2008-06-24,-0.0009685352330530087,-0.0009685352330530087,-0.0009685352330530087
2008-06-25,-0.005063537079298842,-0.005063537079298842,-0.005063537079298842
2008-06-26,0.001692087321378038,0.001692087321378038,0.001692087321378038
2008-06-27,-0.0008328470651362611,-0.0008328470651362611,-0.0008328470651362611
2008-06-30,0.005693636424391204,0.005693636424391204,0.005693636424391204
2008-07-01,-0.0003926530193497121,-0.0003926530193497121,-0.0003926530193497121
2008-07-02,-0.01565625207146275,-0.01565625207146275,-0.01565625207146275
2008-07-03,-0.015752381348972964,-0.015752381348972964,-0.015752381348972964
2008-07-07,-0.006199571804994783,-0.00568632308046478,-0.00568632308046478
2008-07-08,0.000747030159044844,0.0006178307179008478,0.0006178307179008478
2008-07-09,-0.0009583671421954853,-0.0008229284357407166,-0.0008229284357407166
2008-07-10,0.0009976821853642907,0.0008571016356484886,0.0008571016356484886
2008-07-11,0.007290491328063023,0.006259858210357949,0.006259858210357949
2008-07-14,0.005312321849174861,0.0051097555020026275,0.0051097555020026275
2008-07-15,-0.0078080201912306794,-0.007297379922278779,-0.007297379922278779
2008-07-16,0.0,0.0,0.0
2008-07-17,-1.0292418061337137e-06,-9.507953575008422e-07,-9.507953575008422e-07
2008-07-18,0.00176531859282427,0.001656424824979231,0.001656424824979231
2008-07-21,-0.0008657840752584955,-0.000821036425291777,-0.000821036425291777
2008-07-22,-8.924281760370628e-05,-8.626867537408948e-05,-8.626867537408948e-05
2008-07-23,0.0021091617933462863,0.002048437691592695,0.002048437691592695
2008-07-24,-0.0004217188425849497,-0.0004217188425849497,-0.0004217188425849497
2008-07-25,0.01567708309416783,0.01567708309416783,0.01567708309416783
2008-07-28,0.002898645312054497,0.002898645312054497,0.002898645312054497
2008-07-29,0.0014996514393743592,0.001329273935548817,0.001329273935548817
2008-07-30,0.0003653526160267126,0.00032208471247196835,0.00032208471247196835
2008-07-31,-0.015512578873138031,-0.013917266831607749,-0.013917266831607749
2008-08-01,0.001395399962095948,0.0012514316525990485,0.0012514316525990485
2008-08-04,0.0027356371940611365,0.0024591022320823385,0.0024591022320823385
2008-08-05,0.0,0.0,0.0
2008-08-06,0.0,0.0,0.0
2008-08-07,0.0,0.0,0.0
2008-08-08,0.0,0.0,0.0
2008-08-11,0.0,0.0,0.0
2008-08-12,0.0,0.0,0.0
2008-08-13,0.0,0.0,0.0
2008-08-14,0.0,0.0,0.0
2008-08-15,0.0,0.0,0.0
2008-08-18,0.0,0.0,0.0
2008-08-19,0.0,0.0,0.0
2008-08-20,0.0,0.0,0.0
2008-08-21,0.0,0.0,0.0
2008-08-22,0.0,0.0,0.0
2008-08-25,0.0,0.0,0.0
2008-08-26,0.0,0.0,0.0
2008-08-27,0.0,0.0,0.0
2008-08-28,0.0,0.0,0.0
2008-08-29,0.0,0.0,0.0
2008-09-02,0.0,0.0,0.0
2008-09-03,0.0,0.0,0.0
2008-09-04,0.0,0.0,0.0
2008-09-05,0.0,0.0,0.0
2008-09-08,0.0,0.0,0.0
2008-09-09,0.0,0.0,0.0
2008-09-10,0.0,0.0,0.0
2008-09-11,0.0,0.0,0.0
2008-09-12,0.0,0.0,0.0
2008-09-15,0.0,0.0,0.0
2008-09-16,0.0,0.0,0.0
2008-09-17,0.0,0.0,0.0
2008-09-18,0.0,0.0,0.0
2008-09-19,0.0,0.0,0.0
2008-09-22,-8.19490020208158e-05,-8.19490020208158e-05,-8.19490020208158e-05
2008-09-23,0.1046153721050603,0.1046153721050603,0.1046153721050603
2008-09-24,0.007297821572103919,0.007297821572103919,0.007297821572103919
2008-09-25,0.0,0.0,0.0
2008-09-26,0.0,0.0,0.0
2008-09-29,0.0,0.0,0.0
2008-09-30,0.0,0.0,0.0
2008-10-01,0.0,0.0,0.0
2008-10-02,0.0,0.0,0.0
2008-10-03,0.0,0.0,0.0
2008-10-06,0.0,0.0,0.0
2008-10-07,0.0,0.0,0.0
2008-10-08,-3.288769737489435e-05,-8.866900652425364e-06,-8.866900652425364e-06
2008-10-09,0.008712442974547032,0.0023489746154804502,0.0023489746154804502
2008-10-10,-0.0015799231150450724,-0.00042595783107645557,-0.00042595783107645557
2008-10-13,0.005712627078555775,0.0015420436147416175,0.0015420436147416175
2008-10-14,0.0,0.0,0.0
2008-10-15,0.0,0.0,0.0
2008-10-16,0.0,0.0,0.0
2008-10-17,0.0,0.0,0.0
2008-10-20,0.0,0.0,0.0
2008-10-21,0.0,0.0,0.0
2008-10-22,0.0,0.0,0.0
2008-10-23,0.0,0.0,0.0
2008-10-24,0.0,0.0,0.0
2008-10-27,0.0,0.0,0.0
2008-10-28,0.0,0.0,0.0
2008-10-29,0.0,0.0,0.0
2008-10-30,-8.239780704901157e-05,-8.239780704901157e-05,-8.239780704901157e-05
2008-10-31,-0.008793524228614732,-0.008793524228614732,-0.008793524228614732
2008-11-03,0.0221161664736634,0.0221161664736634,0.0221161664736634
2008-11-04,0.008932053597731693,0.008932053597731693,0.008932053597731693
2008-11-05,0.008850465709070832,0.008850465709070832,0.008850465709070832
2008-11-06,0.0,0.0,0.0
2008-11-07,0.0,0.0,0.0
2008-11-10,0.0,0.0,0.0
2008-11-11,-2.6982537344381854e-05,-2.6982537344381854e-05,-2.6982537344381854e-05
2008-11-12,0.0030704339755343495,0.0030704339755343495,0.0030704339755343495
2008-11-13,-9.410142936613405e-05,-9.410142936613405e-05,-9.410142936613405e-05
2008-11-14,0.0,0.0,0.0
2008-11-17,-5.23096720594717e-05,-5.23096720594717e-05,-5.23096720594717e-05
2008-11-18,-0.02532183852044849,-0.02532183852044849,-0.02532183852044849
2008-11-19,0.0,0.0,0.0
2008-11-20,0.0,0.0,0.0
2008-11-21,0.0,0.0,0.0
2008-11-24,-9.465945863574098e-06,-7.018449722027978e-06,-7.018449722027978e-06
2008-11-25,-0.0010483822026079086,-0.0007773145847777283,-0.0007773145847777283
2008-11-26,0.0007302347015375601,0.0005414250457606839,0.0005414250457606839
2008-11-28,0.0032338148107454697,0.002395980971493297,0.002395980971493297
2008-12-01,0.026863859442581843,0.01990414770783552,0.01990414770783552
2008-12-02,0.010933584626003037,0.008079954472710446,0.008079954472710446
2008-12-03,-0.006504052325792049,-0.004075740791519861,-0.004075740791519861
2008-12-04,0.0013593653695683004,0.0009340209707727804,0.0009340209707727804
2008-12-05,-0.007257069120286119,-0.004976574756677487,-0.004976574756677487
2008-12-08,-0.01553831171806182,-0.010874167870572675,-0.010874167870572675
2008-12-09,0.006477134156663941,0.004447663294785827,0.004447663294785827
2008-12-10,-0.028481439800782257,-0.01824408265870949,-0.01824408265870949
2008-12-11,-0.008277480228293641,-0.005236922054569254,-0.005236922054569254
2008-12-12,1.87470453754425e-05,1.0008594408968997e-05,1.0008594408968997e-05
2008-12-15,0.003746125408045963,0.00199366485757245,0.00199366485757245
2008-12-16,0.007789677713821154,0.004145247921293367,0.004145247921293367
2008-12-17,0.023808681802571497,0.012600341297617642,0.012600341297617642
2008-12-18,0.007598798860445347,0.0039571681588372945,0.0039571681588372945
2008-12-19,-0.028224999262652456,-0.014808990339200929,-0.014808990339200929
2008-12-22,0.03578655488125833,0.018636392483849885,0.018636392483849885
2008-12-23,0.0003764638388882056,0.00017207550158651364,0.00017207550158651364
2008-12-24,-0.007460647016419238,-0.002946032036117996,-0.002946032036117996
2008-12-26,-0.002028295748979299,-0.0008010201394806926,-0.0008010201394806926
2008-12-29,-0.005845090922879577,-0.002290911332827955,-0.002290911332827955
2008-12-30,0.004302862580164016,0.0016846285193580562,0.0016846285193580562
2008-12-31,-0.0027925143230408426,-0.0010887154275253468,-0.0010887154275253468
2009-01-02,0.007298599594377072,0.003068376579787927,0.003068376579787927
2009-01-05,0.0033179348030116045,0.0014168637196539978,0.0014168637196539978
2009-01-06,0.010015664124439728,0.004261253421906466,0.004261253421906466
2009-01-07,-0.0016120521970622503,-0.0006850067107799602,-0.0006850067107799602
2009-01-08,0.00030104872135318275,0.000127285129880622,0.000127285129880622
2009-01-09,-0.0006730036815181832,-0.00029393718492283066,-0.00029393718492283066
2009-01-12,-0.0017730083621369515,-0.0007771091443573612,-0.0007771091443573612
2009-01-13,-0.0016043055706702974,-0.0008015089223152753,-0.0008015089223152753
2009-01-14,-0.0006055189665436028,-0.0003075648357655732,-0.0003075648357655732
2009-01-15,0.0,0.0,0.0
2009-01-16,0.0,0.0,0.0
2009-01-20,-1.2019108378005735e-06,-6.112245359898212e-07,-6.112245359898212e-07
2009-01-21,0.0022938844963816,0.0012814784263342725,0.0012814784263342725
2009-01-22,-0.006176461471300216,-0.0034854113556176667,-0.0034854113556176667
2009-01-23,0.005054340697188499,0.003579896697167748,0.003579896697167748
2009-01-26,0.00013950026941838244,0.00013950026941838244,0.00013950026941838244
2009-01-27,0.0068760058538340435,0.0068760058538340435,0.0068760058538340435
2009-01-28,0.0051573117000935816,0.0051573117000935816,0.0051573117000935816
2009-01-29,0.0022539289609485756,0.0022539289609485756,0.0022539289609485756
2009-01-30,0.0031330578035666055,0.0031330578035666055,0.0031330578035666055
2009-02-02,0.0007261419373416785,0.0007261419373416785,0.0007261419373416785
2009-02-03,0.0006237630407001833,0.0006237630407001833,0.0006237630407001833
2009-02-04,0.0013989225545297807,0.0013989225545297807,0.0013989225545297807
2009-02-05,0.001433578965034315,0.001433578965034315,0.001433578965034315
2009-02-06,0.0019528141818171683,0.0019528141818171683,0.0019528141818171683
2009-02-09,0.000765654752167817,0.000765654752167817,0.000765654752167817
2009-02-10,-0.0014140769425188653,-0.0014140769425188653,-0.0014140769425188653
2009-02-11,0.008880781238669762,0.008880781238669762,0.008880781238669762
2009-02-12,0.010997109949221527,0.010997109949221527,0.010997109949221527
2009-02-13,0.0,0.0,0.0
2009-02-17,-4.5287071289175614e-05,-4.5287071289175614e-05,-4.5287071289175614e-05
2009-02-18,-0.004629461181222272,-0.004629461181222272,-0.004629461181222272
2009-02-19,-0.008728880485136325,-0.008728880485136325,-0.008728880485136325
2009-02-20,-0.0008366091864450191,-0.0008366091864450191,-0.0008366091864450191
2009-02-23,0.0007370778225899183,0.0007370778225899183,0.0007370778225899183
2009-02-24,0.0001028800636722417,0.0001028800636722417,0.0001028800636722417
2009-02-25,0.0023932354627727425,0.0023932354627727425,0.0023932354627727425
2009-02-26,0.0013459797086337773,0.0013459797086337773,0.0013459797086337773
2009-02-27,0.0,0.0,0.0
2009-03-02,0.0,0.0,0.0
2009-03-03,0.0,0.0,0.0
2009-03-04,0.0,0.0,0.0
2009-03-05,0.0,0.0,0.0
2009-03-06,0.0,0.0,0.0
2009-03-09,0.0,0.0,0.0
2009-03-10,0.0,0.0,0.0
2009-03-11,0.0,0.0,0.0
2009-03-12,0.0,0.0,0.0
2009-03-13,0.0,0.0,0.0
2009-03-16,0.0,0.0,0.0
2009-03-17,-7.376886797246238e-06,-7.376886797246238e-06,-7.376886797246238e-06
2009-03-18,0.002884117858746902,0.002884117858746902,0.002884117858746902
2009-03-19,-0.003496801108385517,-0.003496801108385517,-0.003496801108385517
2009-03-20,0.008904456539253567,0.008904456539253567,0.008904456539253567
2009-03-23,-0.0049870982765422055,-0.0049870982765422055,-0.0049870982765422055
2009-03-24,-0.0013724123043079408,-0.0013724123043079408,-0.0013724123043079408
2009-03-25,-0.005441315190360179,-0.005441315190360179,-0.005441315190360179
2009-03-26,0.0015256504144521316,0.0015256504144521316,0.0015256504144521316
2009-03-27,0.00532705553706013,0.00532705553706013,0.00532705553706013
2009-03-30,-0.00024341758952628657,-0.00024341758952628657,-0.00024341758952628657
2009-03-31,-0.00012983163968200307,-0.00012983163968200307,-0.00012983163968200307
2009-04-01,0.007289766309515076,0.007289766309515076,0.007289766309515076
2009-04-02,-0.0019139172728772937,-0.0019139172728772937,-0.0019139172728772937
2009-04-03,0.02764340601095716,0.02764340601095716,0.02764340601095716
2009-04-06,0.013371607355076415,0.013371607355076415,0.013371607355076415
2009-04-07,0.02664957895023125,0.023826704124765147,0.023826704124765147
2009-04-08,0.0015526338530742706,0.0013064143190725161,0.0013064143190725161
2009-04-09,-0.0030717535001734534,-0.002103315616734349,-0.002103315616734349
2009-04-13,0.0019959485862338783,0.0013707411795954357,0.0013707411795954357
2009-04-14,0.002999748635647346,0.002039305838545769,0.002039305838545769
2009-04-15,0.0,0.0,0.0
2009-04-16,0.0,0.0,0.0
2009-04-17,0.0,0.0,0.0
2009-04-20,0.0,0.0,0.0
2009-04-21,0.0,0.0,0.0
2009-04-22,0.0,0.0,0.0
2009-04-23,0.0,0.0,0.0
2009-04-24,0.0,0.0,0.0
2009-04-27,-5.0312572167428524e-05,-3.664654005552363e-05,-3.664654005552363e-05
2009-04-28,-0.00021006411688203437,-0.0001524588297056868,-0.0001524588297056868
2009-04-29,0.005494672496579839,0.003968538512873601,0.003968538512873601
2009-04-30,0.0036709456875510145,0.002651594814075116,0.002651594814075116
2009-05-01,0.010642626243896915,0.007725491010659219,0.007725491010659219
2009-05-04,0.007759718374575789,0.005654035980383478,0.005654035980383478
2009-05-05,0.003208359424319529,0.002334769849389528,0.002334769849389528
2009-05-06,-0.006981567100998414,-0.006461025096748914,-0.006461025096748914
2009-05-07,0.0024812465645134107,0.0024416174782395466,0.0024416174782395466
2009-05-08,-0.010081956611553455,-0.010081956611553455,-0.010081956611553455
2009-05-11,-0.01627774345723487,-0.01627774345723487,-0.01627774345723487
2009-05-12,-0.00809541731308336,-0.00809541731308336,-0.00809541731308336
2009-05-13,0.015434612211789428,0.015434612211789428,0.015434612211789428
2009-05-14,-0.0014187682486189518,-0.0014187682486189518,-0.0014187682486189518
2009-05-15,-0.015512285294917915,-0.01381717108330689,-0.01381717108330689
2009-05-18,0.0031061758026755277,0.002762527872926453,0.002762527872926453
2009-05-19,0.011910588922247287,0.009478751713292783,0.009478751713292783
2009-05-20,0.0,0.0,0.0
2009-05-21,0.0,0.0,0.0
2009-05-22,0.0,0.0,0.0
2009-05-26,0.0,0.0,0.0
2009-05-27,0.0,0.0,0.0
2009-05-28,0.0,0.0,0.0
2009-05-29,0.0,0.0,0.0
2009-06-01,-6.912398666045705e-05,-5.230776682388057e-05,-5.230776682388057e-05
2009-06-02,0.004591741108338595,0.003493577557074941,0.003493577557074941
2009-06-03,0.011872377137025153,0.009492672772763078,0.009492672772763078
2009-06-04,-0.0048448383705039285,-0.003948494703809905,-0.003948494703809905
2009-06-05,-0.00045421222056960724,-0.0003489592945272179,-0.0003489592945272179
2009-06-08,-0.0026440654308313954,-0.0020503675710009327,-0.0020503675710009327
2009-06-09,-0.009656835356108761,-0.007513726076376193,-0.007513726076376193
2009-06-10,0.002088891503547719,0.0016875003507394754,0.0016875003507394754
2009-06-11,0.00891128193217182,0.007804433561347546,0.007804433561347546
2009-06-12,-0.0030637424933245955,-0.002785165680702134,-0.002785165680702134
2009-06-15,0.005418660667955912,0.005394312886270175,0.005394312886270175
2009-06-16,0.005740696458074098,0.005683113353545518,0.005683113353545518
2009-06-17,0.0,0.0,0.0
2009-06-18,0.0,0.0,0.0
2009-06-19,0.0,0.0,0.0
2009-06-22,-6.076542195903099e-05,-6.076542195903099e-05,-6.076542195903099e-05
2009-06-23,-0.007815021870240486,-0.007815021870240486,-0.007815021870240486
2009-06-24,-0.01434140323370286,-0.01434140323370286,-0.01434140323370286
2009-06-25,0.0,0.0,0.0
2009-06-26,0.0,0.0,0.0
2009-06-29,0.0,0.0,0.0
2009-06-30,0.0,0.0,0.0
2009-07-01,-7.45446239553267e-05,-7.45446239553267e-05,-7.45446239553267e-05
2009-07-02,-0.0033901239134569282,-0.0033901239134569282,-0.0033901239134569282
2009-07-06,0.0033637513765916553,0.0033637513765916553,0.0033637513765916553
2009-07-07,0.009500723111372799,0.009500723111372799,0.009500723111372799
2009-07-08,-0.016447547466691227,-0.016447547466691227,-0.016447547466691227
2009-07-09,0.01184328689448466,0.01184328689448466,0.01184328689448466
2009-07-10,0.0003246929468411403,0.0003150830903132094,0.0003150830903132094
2009-07-13,-0.007691431199894981,-0.006882118621579381,-0.006882118621579381
2009-07-14,0.001101028162148597,0.0010318973964220982,0.0010318973964220982
2009-07-15,0.004168240271172542,0.003808965691566508,0.003808965691566508
2009-07-16,-0.0034208066461298902,-0.00318830074193775,-0.00318830074193775
2009-07-17,0.011512843998520393,0.010846728292415689,0.010846728292415689
2009-07-20,0.00613821274221249,0.0057680106522769,0.0057680106522769
2009-07-21,0.00552810099872084,0.004785348479604842,0.004785348479604842
2009-07-22,0.002269029015948794,0.001923668723160666,0.001923668723160666
2009-07-23,-0.0016721550703364054,-0.0013965343420234719,-0.0013965343420234719
2009-07-24,-0.001059612007012693,-0.0009111754949648388,-0.0009111754949648388
2009-07-27,-0.0008578413135291135,-0.0008351115490428596,-0.0008351115490428596
2009-07-28,-0.0010935155564505525,-0.0010622010583289112,-0.0010622010583289112
2009-07-29,-0.0024086708317032587,-0.0023359183957120857,-0.0023359183957120857
2009-07-30,4.506181664391999e-05,4.360709537659389e-05,4.360709537659389e-05
2009-07-31,0.00394890776044411,0.0037971226691629807,0.0037971226691629807
2009-08-03,0.0011062541766631998,0.0010638731834827725,0.0010638731834827725
2009-08-04,-0.003190271388920223,-0.003090155340230489,-0.003090155340230489
2009-08-05,-0.0022214701806331917,-0.0021580515161004664,-0.0021580515161004664
2009-08-06,0.001984099337127416,0.001984099337127416,0.001984099337127416
2009-08-07,0.000669910482435398,0.000669910482435398,0.000669910482435398
2009-08-10,-0.0006868969997343243,-0.0006868969997343243,-0.0006868969997343243
2009-08-11,-0.00030288371305095443,-0.00030288371305095443,-0.00030288371305095443
2009-08-12,0.0007967621532288783,0.0007967621532288783,0.0007967621532288783
2009-08-13,-0.0006902029000468478,-0.0006902029000468478,-0.0006902029000468478
2009-08-14,-0.0059133641398480315,-0.0059133641398480315,-0.0059133641398480315
2009-08-17,0.0032854548895857472,0.0032854548895857472,0.0032854548895857472
2009-08-18,0.0016786551780553793,0.0016786551780553793,0.0016786551780553793
2009-08-19,0.0031794935613717276,0.0031794935613717276,0.0031794935613717276
2009-08-20,0.004478253010539455,0.004478253010539455,0.004478253010539455
2009-08-21,0.0015901040636437452,0.0015901040636437452,0.0015901040636437452
2009-08-24,0.013224241759387474,0.013224241759387474,0.013224241759387474
2009-08-25,0.004125403437092641,0.004125403437092641,0.004125403437092641
2009-08-26,0.0,0.0,0.0
2009-08-27,0.0,0.0,0.0
2009-08-28,0.0,0.0,0.0
2009-08-31,0.0,0.0,0.0
2009-09-01,0.0,0.0,0.0
2009-09-02,-3.8646750576284904e-05,-3.8646750576284904e-05,-3.8646750576284904e-05
2009-09-03,-0.0034437396830275238,-0.0034437396830275238,-0.0034437396830275238
2009-09-04,-3.824589374802965e-05,-3.824589374802965e-05,-3.824589374802965e-05
2009-09-08,-0.005415322899762786,-0.005415322899762786,-0.005415322899762786
2009-09-09,-0.0015811093583422524,-0.0015811093583422524,-0.0015811093583422524
2009-09-10,-0.011511977158062878,-0.011511977158062878,-0.011511977158062878
2009-09-11,0.0,0.0,0.0
2009-09-14,0.0,0.0,0.0
2009-09-15,0.0,0.0,0.0
2009-09-16,0.0,0.0,0.0
2009-09-17,0.0,0.0,0.0
2009-09-18,0.0,0.0,0.0
2009-09-21,0.0,0.0,0.0
2009-09-22,0.0,0.0,0.0
2009-09-23,-5.4129452426958056e-05,-5.4129452426958056e-05,-5.4129452426958056e-05
2009-09-24,0.0013417610522665833,0.0013417610522665833,0.0013417610522665833
2009-09-25,-0.0121621890099789,-0.0121621890099789,-0.0121621890099789
2009-09-28,0.0,0.0,0.0
2009-09-29,0.0,0.0,0.0
2009-09-30,0.0,0.0,0.0
2009-10-01,0.0,0.0,0.0
2009-10-02,0.0,0.0,0.0
2009-10-05,0.0,0.0,0.0
2009-10-06,0.0,0.0,0.0
2009-10-07,0.0,0.0,0.0
2009-10-08,0.0,0.0,0.0
2009-10-09,0.0,0.0,0.0
2009-10-12,0.0,0.0,0.0
2009-10-13,0.0,0.0,0.0
2009-10-14,0.0,0.0,0.0
2009-10-15,0.0,0.0,0.0
2009-10-16,0.0,0.0,0.0
2009-10-19,0.0,0.0,0.0
2009-10-20,0.0,0.0,0.0
2009-10-21,0.0,0.0,0.0
2009-10-22,0.0,0.0,0.0
2009-10-23,0.0,0.0,0.0
2009-10-26,0.0,0.0,0.0
2009-10-27,0.0,0.0,0.0
2009-10-28,0.0,0.0,0.0
2009-10-29,0.0,0.0,0.0
2009-10-30,0.0,0.0,0.0
2009-11-02,-7.164791865203574e-05,-7.164791865203574e-05,-7.164791865203574e-05
2009-11-03,-0.007087477454989345,-0.007087477454989345,-0.007087477454989345
2009-11-04,0.0,0.0,0.0
2009-11-05,0.0,0.0,0.0
2009-11-06,0.0,0.0,0.0
2009-11-09,0.0,0.0,0.0
2009-11-10,0.0,0.0,0.0
2009-11-11,0.0,0.0,0.0
2009-11-12,0.0,0.0,0.0
2009-11-13,0.0,0.0,0.0
2009-11-16,0.0,0.0,0.0
2009-11-17,0.0,0.0,0.0
2009-11-18,-1.277082434342325e-05,-1.277082434342325e-05,-1.277082434342325e-05
2009-11-19,-0.00561114931571374,-0.00561114931571374,-0.00561114931571374
2009-11-20,-0.006185484196432303,-0.006185484196432303,-0.006185484196432303
2009-11-23,0.012014372955111917,0.012014372955111917,0.012014372955111917
2009-11-24,-0.011304031188381367,-0.011304031188381367,-0.011304031188381367
2009-11-25,-0.0006504732729702965,-0.0006504732729702965,-0.0006504732729702965
2009-11-27,-0.010007915078755283,-0.010007915078755283,-0.010007915078755283
2009-11-30,-0.0009600838887272908,-0.0004800419443636454,-0.0004800419443636454
2009-12-01,0.002942214520071793,0.0014711072600358966,0.0014711072600358966
2009-12-02,-0.0041240319317714,-0.0020620159658857,-0.0020620159658857
2009-12-03,-0.008847891299551979,-0.004423945649775989,-0.004423945649775989
2009-12-04,-0.0020510489374457033,-0.0010255244687228516,-0.0010255244687228516
2009-12-07,-0.00537584550942093,-0.002687922754710465,-0.002687922754710465
2009-12-08,-0.0008088140479543534,-0.0004044070239771767,-0.0004044070239771767
2009-12-09,0.009122810662713091,0.004561405331356546,0.004561405331356546
2009-12-10,0.004320172756374655,0.0021600863781873277,0.0021600863781873277
2009-12-11,-0.005816028515132476,-0.002908014257566238,-0.002908014257566238
2009-12-14,-0.002815204382601636,-0.001407602191300818,-0.001407602191300818
2009-12-15,0.006888770103363308,0.003444385051681654,0.003444385051681654
2009-12-16,0.0029975485885601638,0.0014987742942800819,0.0014987742942800819
2009-12-17,0.0009276304836125129,0.00046381524180625646,0.00046381524180625646
2009-12-18,0.00171530398678832,0.00085765199339416,0.00085765199339416
2009-12-21,-0.000667291849033014,-0.000333645924516507,-0.000333645924516507
2009-12-22,0.0074301320732629225,0.0037150660366314613,0.0037150660366314613
2009-12-23,0.0013835793399394121,0.0006917896699697061,0.0006917896699697061
2009-12-24,0.0,0.0,0.0
2009-12-28,0.0,0.0,0.0
2009-12-29,0.0,0.0,0.0
2009-12-30,0.0,0.0,0.0
2009-12-31,0.0,0.0,0.0
2010-01-04,0.0,0.0,0.0
2010-01-05,0.0,0.0,0.0
2010-01-06,0.0,0.0,0.0
2010-01-07,-4.5936688855433445e-05,-2.2968344427716722e-05,-2.2968344427716722e-05
2010-01-08,0.010796133453683,0.0053980667268415,0.0053980667268415
2010-01-11,0.0,0.0,0.0
2010-01-12,0.0,0.0,0.0
2010-01-13,0.0,0.0,0.0
2010-01-14,0.0,0.0,0.0
2010-01-15,0.0,0.0,0.0
2010-01-19,0.0,0.0,0.0
2010-01-20,-6.600531302003975e-05,-3.300265651001988e-05,-3.300265651001988e-05
2010-01-21,0.0006674197543545883,0.00033370987717729414,0.00033370987717729414
2010-01-22,-6.423092878641698e-05,-3.211546439320849e-05,-3.211546439320849e-05
2010-01-25,0.010033128772261186,0.005016564386130593,0.005016564386130593
2010-01-26,0.0,0.0,0.0
2010-01-27,0.0,0.0,0.0
2010-01-28,0.0,0.0,0.0
2010-01-29,-0.0001267111218161563,-6.335556090807816e-05,-6.335556090807816e-05
2010-02-01,-0.004600613379650975,-0.0023003066898254873,-0.0023003066898254873
2010-02-02,0.02624187587300282,0.01312093793650141,0.01312093793650141
2010-02-03,0.02640582270533277,0.013202911352666385,0.013202911352666385
2010-02-04,0.008698407508291957,0.008261855770862414,0.008261855770862414
2010-02-05,-0.023188648426410094,-0.017108809818733507,-0.017108809818733507
2010-02-08,-0.012274292914073056,-0.009018242334342915,-0.009018242334342915
2010-02-09,-0.008418967211742666,-0.005059061000384747,-0.005059061000384747
2010-02-10,-0.024029228565020752,-0.013997587433959945,-0.013997587433959945
2010-02-11,-0.014204680591841181,-0.004052406370455798,-0.004052406370455798
2010-02-12,0.012477893546960626,0.003170003075412019,0.003170003075412019
2010-02-16,-0.005858525484422245,-0.0014420297717104003,-0.0014420297717104003
2010-02-17,0.006813089507844858,0.0016338291972671625,0.0016338291972671625
2010-02-18,0.012639240488751615,0.003016672581720464,0.003016672581720464
2010-02-19,-0.0008222901601869811,-0.0001948010257310633,-0.0001948010257310633
2010-02-22,0.013136129324127272,0.003043159981054423,0.003043159981054423
2010-02-23,-0.03042617585494945,-0.007046835066147334,-0.007046835066147334
2010-02-24,0.002441415561043876,0.0005536709829066594,0.0005536709829066594
2010-02-25,-0.027561834031630393,-0.005640291096591128,-0.005640291096591128
2010-02-26,0.009445000376852714,0.0019307060739677563,0.0019307060739677563
2010-03-01,0.1384058545443496,0.02637402042609707,0.02637402042609707
2010-03-02,0.027897967639815245,0.010506447305165133,0.010506447305165133
2010-03-03,0.0,0.0,0.0
2010-03-04,0.0,0.0,0.0
2010-03-05,0.0,0.0,0.0
2010-03-08,0.0,0.0,0.0
2010-03-09,0.0,0.0,0.0
2010-03-10,0.0,0.0,0.0
2010-03-11,0.0,0.0,0.0
2010-03-12,0.0,0.0,0.0
2010-03-15,0.0,0.0,0.0
2010-03-16,0.0,0.0,0.0
2010-03-17,0.0,0.0,0.0
2010-03-18,0.0,0.0,0.0
2010-03-19,0.0,0.0,0.0
2010-03-22,0.0,0.0,0.0
2010-03-23,0.0,0.0,0.0
2010-03-24,-5.621635581475322e-06,-1.065383233812391e-06,-1.065383233812391e-06
2010-03-25,-0.0005095062579348517,-9.979094490110387e-05,-9.979094490110387e-05
2010-03-26,-0.0015958646232902278,-0.0003123200455778251,-0.0003123200455778251
2010-03-29,0.0023099899331223816,0.0004664816615642131,0.0004664816615642131
2010-03-30,0.0007414806663223552,0.0001493291585271731,0.0001493291585271731
2010-03-31,-0.0002480051294243376,-0.0002480051294243376,-0.0002480051294243376
2010-04-01,-0.0018361486971879433,-0.0018361486971879433,-0.0018361486971879433
2010-04-05,0.013701138697610164,0.013701138697610164,0.013701138697610164
2010-04-06,-0.000453763607511187,-0.000453763607511187,-0.000453763607511187
2010-04-07,-0.003730438541897937,-0.003730438541897937,-0.003730438541897937
2010-04-08,0.00286841020973085,0.00286841020973085,0.00286841020973085
2010-04-09,-0.00496255397765684,-0.00496255397765684,-0.00496255397765684
2010-04-12,-0.005581993175745561,-0.005581993175745561,-0.005581993175745561
2010-04-13,-0.0026698310104166676,-0.0026698310104166676,-0.0026698310104166676
2010-04-14,0.004077312494060133,0.004077312494060133,0.004077312494060133
2010-04-15,-0.01768987858286206,-0.01768987858286206,-0.01768987858286206
2010-04-16,-0.013851855208084265,-0.013851855208084265,-0.013851855208084265
2010-04-19,-0.0002341986041651479,-0.0002341986041651479,-0.0002341986041651479
2010-04-20,0.008540969632521054,0.008489085088038304,0.008489085088038304
2010-04-21,-0.0038879088989834773,-0.003865905106562079,-0.003865905106562079
2010-04-22,0.00022876307026027258,0.00021454415950146192,0.00021454415950146192
2010-04-23,-0.0006985249703127202,-0.0006527722781507296,-0.0006527722781507296
2010-04-26,-0.002062557874703749,-0.001926752899218943,-0.001926752899218943
2010-04-27,-0.0027074372791791685,-0.002529525656789294,-0.002529525656789294
2010-04-28,0.0013903854303638683,0.0012986210560051498,0.0012986210560051498
2010-04-29,0.0039535488406808855,0.00371858493713638,0.00371858493713638
2010-04-30,0.0013899212831869965,0.001304763497705056,0.001304763497705056
2010-05-03,-0.004293348756150941,-0.003967705302776395,-0.003967705302776395
2010-05-04,0.0,0.0,0.0
2010-05-05,0.0,0.0,0.0
2010-05-06,-2.0640136825350914e-06,-2.0640136825350914e-06,-2.0640136825350914e-06
2010-05-07,-0.0009384682265930653,-0.0009384682265930653,-0.0009384682265930653
2010-05-10,-0.0003176002265613345,-0.0003176002265613345,-0.0003176002265613345
2010-05-11,-0.0014831919481972605,-0.0014831919481972605,-0.0014831919481972605
2010-05-12,-0.002462225892753282,-0.001231112946376641,-0.001231112946376641
2010-05-13,-0.0002468557169037397,-0.00012342785845186985,-0.00012342785845186985
2010-05-14,0.00020229268752335985,0.00010114634376167993,0.00010114634376167993
2010-05-17,0.0008869535479152334,0.0004434767739576167,0.0004434767739576167
2010-05-18,-5.923470530059654e-08,-2.961735265029827e-08,-2.961735265029827e-08
2010-05-19,0.001997577413307331,0.0009987887066536655,0.0009987887066536655
2010-05-20,-2.1881669616090552e-05,-1.0940834808045276e-05,-1.0940834808045276e-05
2010-05-21,0.00470981348375393,0.002354906741876965,0.002354906741876965
2010-05-24,0.0014135855295362115,0.0007067927647681058,0.0007067927647681058
2010-05-25,-0.0014604319743103517,-0.0007302159871551758,-0.0007302159871551758
2010-05-26,-0.007801082775921685,-0.0039005413879608427,-0.0039005413879608427
2010-05-27,-0.0014131829209521054,-0.0007065914604760527,-0.0007065914604760527
2010-05-28,-0.0019216052139711436,-0.0009608026069855718,-0.0009608026069855718
2010-06-01,-0.0015750240982434706,-0.0007875120491217353,-0.0007875120491217353
2010-06-02,0.014323221460126255,0.007161610730063128,0.007161610730063128
2010-06-03,0.005719672463321503,0.0028598362316607515,0.0028598362316607515
2010-06-04,-0.005048593798010464,-0.002524296899005232,-0.002524296899005232
2010-06-07,-7.23509436737953e-05,-3.617547183689765e-05,-3.617547183689765e-05
2010-06-08,-0.00821348144167396,-0.00410674072083698,-0.00410674072083698
2010-06-09,-0.002811640764554185,-0.0014058203822770925,-0.0014058203822770925
2010-06-10,0.0019876587418982804,0.0009938293709491402,0.0009938293709491402
2010-06-11,0.01862193195166626,0.00931096597583313,0.00931096597583313
2010-06-14,-0.007095089819802771,-0.0035475449099013857,-0.0035475449099013857
2010-06-15,0.0009568269040130849,0.00047323555487309275,0.00047323555487309275
2010-06-16,0.0034791852492171513,0.00165556896022536,0.00165556896022536
2010-06-17,0.025197088128215944,0.011989713863035403,0.011989713863035403
2010-06-18,-0.016718165001670778,-0.007920845384912126,-0.007920845384912126
2010-06-21,0.0,0.0,0.0
2010-06-22,-9.346814855355079e-05,-3.07835560879964e-05,-3.07835560879964e-05
2010-06-23,-0.019715825693432637,-0.0065174149692482945,-0.0065174149692482945
2010-06-24,0.004671741807116202,0.0015440831590931227,0.0015440831590931227
2010-06-25,0.0179430307629872,0.0053443124054303485,0.0053443124054303485
2010-06-28,-0.016809201887225282,-0.005059351753877923,-0.005059351753877923
2010-06-29,-0.014003256653105346,-0.003955838101459275,-0.003955838101459275
2010-06-30,-0.0023319725954079502,-0.0006191564507071429,-0.0006191564507071429
2010-07-01,0.00031915276824054996,8.167587493854531e-05,8.167587493854531e-05
2010-07-02,-0.002098827960062057,-0.0005578295735499908,-0.0005578295735499908
2010-07-06,6.87812497733238e-05,1.8425717252718723e-05,1.8425717252718723e-05
2010-07-07,0.004404417256104119,0.0011834349281081877,0.0011834349281081877
2010-07-08,-0.004319252920308022,-0.0011604995709594032,-0.0011604995709594032
2010-07-09,0.0026267072300840133,0.0007105262072996509,0.0007105262072996509
2010-07-12,-0.00838077109866339,-0.0022626042599675385,-0.0022626042599675385
2010-07-13,0.0032256833074647833,0.000870303905692099,0.000870303905692099
2010-07-14,-0.01626076283226223,-0.004692780238703072,-0.004692780238703072
2010-07-15,0.0031283636201169685,0.0009053024287184705,0.0009053024287184705
2010-07-16,0.004440264957609848,0.0012285179016736448,0.0012285179016736448
2010-07-19,-0.005827774767376502,-0.0016136175148095204,-0.0016136175148095204
2010-07-20,-0.008005062936939577,-0.0026342197709857025,-0.0026342197709857025
2010-07-21,0.01263155229938198,0.004398602081693048,0.004398602081693048
2010-07-22,0.02953431374140926,0.01021368508164559,0.01021368508164559
2010-07-23,-0.020424291223072776,-0.006609144174952052,-0.006609144174952052
2010-07-26,-0.02810779347388247,-0.00790927653280801,-0.00790927653280801
2010-07-27,-0.010642010512128892,-0.002782706138076702,-0.002782706138076702
2010-07-28,0.016343047355739694,0.004078836038487512,0.004078836038487512
2010-07-29,0.005352999605623678,0.0013657259389259183,0.0013657259389259183
2010-07-30,-0.008873565271956286,-0.0021870778466443284,-0.0021870778466443284
2010-08-02,0.006301500541407639,0.0015424697220333275,0.0015424697220333275
2010-08-03,-0.004827146336042816,-0.0011715316891832716,-0.0011715316891832716
2010-08-04,-0.02082806281590449,-0.005009725962382533,-0.005009725962382533
2010-08-05,0.0004343312299174239,0.0001042936840624886,0.0001042936840624886
2010-08-06,-0.024519951841823186,-0.005624936290921412,-0.005624936290921412
2010-08-09,-0.015426401866943662,-0.003536112852487391,-0.003536112852487391
2010-08-10,-0.0017567270975406993,-0.00038067864548574896,-0.00038067864548574896
2010-08-11,0.0029454629867991873,0.0006295374536318298,0.0006295374536318298
2010-08-12,0.0017232596541807217,0.0003705478297345715,0.0003705478297345715
2010-08-13,-0.0006728486362417854,-0.00014660751341965484,-0.00014660751341965484
2010-08-16,-0.0012869507740737353,-0.0002809988055881701,-0.0002809988055881701
2010-08-17,0.019260381970165823,0.004235570406830666,0.004235570406830666
2010-08-18,-0.001450729655695938,-0.0003190086410982369,-0.0003190086410982369
2010-08-19,-2.944175389620329e-06,-6.12231160354924e-07,-6.12231160354924e-07
2010-08-20,0.0005713579361293666,0.00012204210589081083,0.00012204210589081083
2010-08-23,0.0024616213630141463,0.0006122232222480081,0.0006122232222480081
2010-08-24,-0.0021749908732577026,-0.0005653333991896409,-0.0005653333991896409
2010-08-25,-0.002120508365563196,-0.0006265031469779433,-0.0006265031469779433
2010-08-26,0.013529097551905876,0.004075843186508739,0.004075843186508739
2010-08-27,-0.0031811099753928365,-0.0010445005095827847,-0.0010445005095827847
2010-08-30,-0.003298939086215373,-0.00102933255028719,-0.00102933255028719
2010-08-31,-0.0057703461488921555,-0.0018238495278646257,-0.0018238495278646257
2010-09-01,0.00165544786459936,0.0005322342770877014,0.0005322342770877014
2010-09-02,0.002688630363059841,0.0008629605283162618,0.0008629605283162618
2010-09-03,-0.0007626965772374084,-0.00027341069824726814,-0.00027341069824726814
2010-09-07,-0.006834777919070445,-0.0024409161016726777,-0.0024409161016726777
2010-09-08,0.0005740808531639404,0.0002643465361069393,0.0002643465361069393
2010-09-09,0.0008921048845345723,0.00044605244226728617,0.00044605244226728617
2010-09-10,0.004394868764176248,0.002197434382088124,0.002197434382088124
2010-09-13,-0.00035754269614027344,-0.00017877134807013672,-0.00017877134807013672
2010-09-14,-0.0012730286916234723,-0.0006365143458117362,-0.0006365143458117362
2010-09-15,-0.0012310075790939311,-0.0006155037895469656,-0.0006155037895469656
2010-09-16,-0.0022744898941677192,-0.0011372449470838596,-0.0011372449470838596
2010-09-17,-0.0016415911633524192,-0.0008207955816762096,-0.0008207955816762096
2010-09-20,0.00021076279249830507,0.00010538139624915254,0.00010538139624915254
2010-09-21,-0.0009640425530610458,-0.0004820212765305229,-0.0004820212765305229
2010-09-22,0.003343081004578124,0.001671540502289062,0.001671540502289062
2010-09-23,0.0006141421901324313,0.00030707109506621566,0.00030707109506621566
2010-09-24,0.0010018555159475176,0.0005009277579737588,0.0005009277579737588
2010-09-27,0.0005919090900738869,0.00029595454503694344,0.00029595454503694344
2010-09-28,-0.0009245719192987479,-0.00046228595964937396,-0.00046228595964937396
2010-09-29,-0.0007300571153293657,-0.00036502855766468287,-0.00036502855766468287
2010-09-30,0.0011192484398341125,0.0005596242199170562,0.0005596242199170562
2010-10-01,0.00037436708332276364,0.00018718354166138182,0.00018718354166138182
2010-10-04,0.0007957095772265808,0.0003978547886132904,0.0003978547886132904
2010-10-05,-0.0004845872015694399,-0.00024229360078471994,-0.00024229360078471994
2010-10-06,0.0004486350051264284,0.0002243175025632142,0.0002243175025632142
2010-10-07,0.00023651073102196074,0.00011825536551098037,0.00011825536551098037
2010-10-08,0.0013553895320641894,0.0006776947660320947,0.0006776947660320947
2010-10-11,-0.0004946681542941148,-0.0002473340771470574,-0.0002473340771470574
2010-10-12,-0.0015044393457539472,-0.0007522196728769736,-0.0007522196728769736
2010-10-13,0.0009502964200847668,0.0004751482100423834,0.0004751482100423834
2010-10-14,-0.0010554097817395596,-0.0005277048908697798,-0.0005277048908697798
2010-10-15,0.0034746326011137235,0.0017373163005568618,0.0017373163005568618
2010-10-18,-0.0006302363969767855,-0.00031511819848839274,-0.00031511819848839274
2010-10-19,0.0,0.0,0.0
2010-10-20,0.0,0.0,0.0
2010-10-21,0.0,0.0,0.0
2010-10-22,0.0,0.0,0.0
2010-10-25,0.0,0.0,0.0
2010-10-26,0.0,0.0,0.0
2010-10-27,0.0,0.0,0.0
2010-10-28,0.0,0.0,0.0
2010-10-29,0.0,0.0,0.0
2010-11-01,0.0,0.0,0.0
2010-11-02,0.0,0.0,0.0
2010-11-03,0.0,0.0,0.0
2010-11-04,0.0,0.0,0.0
2010-11-05,0.0,0.0,0.0
2010-11-08,0.0,0.0,0.0
2010-11-09,0.0,0.0,0.0
2010-11-10,0.0,0.0,0.0
2010-11-11,0.0,0.0,0.0
2010-11-12,-1.0257039361698654e-05,-5.128519680849327e-06,-5.128519680849327e-06
2010-11-15,0.005464763094269945,0.0027323815471349726,0.0027323815471349726
2010-11-16,0.007349264213470142,0.003674632106735071,0.003674632106735071
2010-11-17,0.005503449842673401,0.0027517249213367006,0.0027517249213367006
2010-11-18,0.0,0.0,0.0
2010-11-19,-8.459256369109567e-06,-4.229628184554784e-06,-4.229628184554784e-06
2010-11-22,0.005991117660940338,0.002995558830470169,0.002995558830470169
2010-11-23,0.001973162496254569,0.0009865812481272846,0.0009865812481272846
2010-11-24,0.00015428473017578797,7.714236508789399e-05,7.714236508789399e-05
2010-11-26,0.0,0.0,0.0
2010-11-29,0.0,0.0,0.0
2010-11-30,0.0,0.0,0.0
2010-12-01,0.0,0.0,0.0
2010-12-02,0.0,0.0,0.0
2010-12-03,0.0,0.0,0.0
2010-12-06,0.0,0.0,0.0
2010-12-07,0.0,0.0,0.0
2010-12-08,0.0,0.0,0.0
2010-12-09,0.0,0.0,0.0
2010-12-10,0.0,0.0,0.0
2010-12-13,0.0,0.0,0.0
2010-12-14,0.0,0.0,0.0
2010-12-15,-7.679902057568035e-06,-3.839951028784017e-06,-3.839951028784017e-06
2010-12-16,-0.002653641183952078,-0.001326820591976039,-0.001326820591976039
2010-12-17,0.002262706859599497,0.0011313534297997484,0.0011313534297997484
2010-12-20,-0.0018137482669432718,-0.0009068741334716359,-0.0009068741334716359
2010-12-21,0.0035539289480043764,0.0017769644740021882,0.0017769644740021882
2010-12-22,0.0013756593553087971,0.0006878296776543986,0.0006878296776543986
2010-12-23,0.002981942691450142,0.001490971345725071,0.001490971345725071
2010-12-27,-0.0007612580689479449,-0.00038062903447397245,-0.00038062903447397245
2010-12-28,-0.00026374913423929023,-0.00013187456711964511,-0.00013187456711964511
2010-12-29,-0.0010069711639234674,-0.0005034855819617337,-0.0005034855819617337
2010-12-30,-0.006539493655847894,-0.003269746827923947,-0.003269746827923947
2010-12-31,-0.0009389229886365947,-0.00046946149431829735,-0.00046946149431829735
2011-01-03,0.004979931605427963,0.0024899658027139815,0.0024899658027139815
2011-01-04,-0.005932626667653465,-0.0029663133338267327,-0.0029663133338267327
2011-01-05,-0.007599387079348652,-0.003799693539674326,-0.003799693539674326
2011-01-06,-0.006143739305155669,-0.0030718696525778343,-0.0030718696525778343
2011-01-07,0.005134544058062409,0.0025672720290312043,0.0025672720290312043
2011-01-10,-0.00653510628992192,-0.00326755314496096,-0.00326755314496096
2011-01-11,-0.0002475964258235018,-0.0001237982129117509,-0.0001237982129117509
2011-01-12,0.0010601835098823734,0.0005300917549411867,0.0005300917549411867
2011-01-13,-0.0017107472485679656,-0.0008553736242839828,-0.0008553736242839828
2011-01-14,0.0,0.0,0.0
2011-01-18,0.0,0.0,0.0
2011-01-19,-9.30268486164957e-06,-4.651342430824785e-06,-4.651342430824785e-06
2011-01-20,-0.0016547074165075319,-0.0008273537082537659,-0.0008273537082537659
2011-01-21,-0.002842401697998242,-0.001421200848999121,-0.001421200848999121
2011-01-24,-0.0009429951333418986,-0.0004714975666709493,-0.0004714975666709493
2011-01-25,-0.00116143090373284,-0.00058071545186642,-0.00058071545186642
2011-01-26,-0.0056100832601591296,-0.0028050416300795648,-0.0028050416300795648
2011-01-27,-0.0040462164445694004,-0.0020231082222847002,-0.0020231082222847002
2011-01-28,0.0052527466166540785,0.0026263733083270392,0.0026263733083270392
2011-01-31,0.0037544030465422665,0.0018772015232711332,0.0018772015232711332
2011-02-01,-0.005333742482679334,-0.002666871241339667,-0.002666871241339667
2011-02-02,-0.0011232427054141878,-0.0005616213527070939,-0.0005616213527070939
2011-02-03,0.0005339449102985393,0.00026697245514926965,0.00026697245514926965
2011-02-04,0.0008528531601203696,0.0004264265800601848,0.0004264265800601848
2011-02-07,-0.002001853132435726,-0.001000926566217863,-0.001000926566217863
2011-02-08,-0.0024908832463667297,-0.0012454416231833648,-0.0012454416231833648
2011-02-09,-0.004679982279862392,-0.002339991139931196,-0.002339991139931196
2011-02-10,0.0021981393169532657,0.0010990696584766329,0.0010990696584766329
2011-02-11,-0.003605503000760499,-0.0018027515003802494,-0.0018027515003802494
2011-02-14,-0.004793449953989757,-0.0023967249769948785,-0.0023967249769948785
2011-02-15,0.001798024328054389,0.0008990121640271945,0.0008990121640271945
2011-02-16,-0.0026574579227897927,-0.0013287289613948964,-0.0013287289613948964
2011-02-17,0.004382146836715355,0.0021910734183576775,0.0021910734183576775
2011-02-18,-0.00015202063145286694,-7.601031572643347e-05,-7.601031572643347e-05
2011-02-22,0.006159518160194108,0.003079759080097054,0.003079759080097054
2011-02-23,-0.0014035263227474308,-0.0007017631613737154,-0.0007017631613737154
2011-02-24,-0.001216244828101303,-0.0006081224140506515,-0.0006081224140506515
2011-02-25,-0.00023273087366923592,-0.00011636543683461796,-0.00011636543683461796
2011-02-28,-0.000762424680256415,-0.0003812123401282075,-0.0003812123401282075
2011-03-01,-0.0012958964965094192,-0.0006479482482547096,-0.0006479482482547096
2011-03-02,0.0023670733833660255,0.0011835366916830127,0.0011835366916830127
2011-03-03,0.0018300522763621237,0.0009150261381810619,0.0009150261381810619
2011-03-04,0.002075027999665732,0.001037513999832866,0.001037513999832866
2011-03-07,0.0030054086480325202,0.0015027043240162601,0.0015027043240162601
2011-03-08,0.0023863362455539693,0.0011931681227769846,0.0011931681227769846
2011-03-09,-0.0053502898682219096,-0.0026751449341109548,-0.0026751449341109548
2011-03-10,0.0,0.0,0.0
2011-03-11,0.0,0.0,0.0
2011-03-14,0.0,0.0,0.0
2011-03-15,0.0,0.0,0.0
2011-03-16,0.0,0.0,0.0
2011-03-17,0.0,0.0,0.0
2011-03-18,0.0,0.0,0.0
2011-03-21,0.0,0.0,0.0
2011-03-22,0.0,0.0,0.0
2011-03-23,0.0,0.0,0.0
2011-03-24,0.0,0.0,0.0
2011-03-25,0.0,0.0,0.0
2011-03-28,0.0,0.0,0.0
2011-03-29,0.0,0.0,0.0
2011-03-30,0.0,0.0,0.0
2011-03-31,0.0,0.0,0.0
2011-04-01,0.0,0.0,0.0
2011-04-04,0.0,0.0,0.0
2011-04-05,0.0,0.0,0.0
2011-04-06,0.0,0.0,0.0
2011-04-07,0.0,0.0,0.0
2011-04-08,0.0,0.0,0.0
2011-04-11,0.0,0.0,0.0
2011-04-12,0.0,0.0,0.0
2011-04-13,0.0,0.0,0.0
2011-04-14,-1.9917647796060648e-05,-9.958823898030324e-06,-9.958823898030324e-06
2011-04-15,0.0014550376564305208,0.0007275188282152604,0.0007275188282152604
2011-04-18,-0.002071026364349633,-0.0010355131821748165,-0.0010355131821748165
2011-04-19,0.0038600377711508213,0.0019300188855754107,0.0019300188855754107
2011-04-20,0.0,0.0,0.0
2011-04-21,0.0,0.0,0.0
2011-04-25,0.0,0.0,0.0
2011-04-26,-0.00012923560469512959,-6.461780234756479e-05,-6.461780234756479e-05
2011-04-27,0.003862020051941067,0.0019310100259705336,0.0019310100259705336
2011-04-28,0.0,0.0,0.0
2011-04-29,0.0,0.0,0.0
2011-05-02,0.0,0.0,0.0
2011-05-03,0.0,0.0,0.0
2011-05-04,0.0,0.0,0.0
2011-05-05,0.0,0.0,0.0
2011-05-06,-0.00012671867739436348,-6.335933869718174e-05,-6.335933869718174e-05
2011-05-09,-0.005119374921337143,-0.0025596874606685716,-0.0025596874606685716
2011-05-10,0.0033244377867163396,0.0016622188933581698,0.0016622188933581698
2011-05-11,0.01649172072418762,0.00824586036209381,0.00824586036209381
2011-05-12,-0.0015275015753797533,-0.0007637507876898766,-0.0007637507876898766
2011-05-13,-0.0001371308572710193,-6.856542863550965e-05,-6.856542863550965e-05
2011-05-16,-0.0067552686809001965,-0.0033776343404500983,-0.0033776343404500983
2011-05-17,-0.00017110286495233194,-8.555143247616597e-05,-8.555143247616597e-05
2011-05-18,-0.003931534861340066,-0.001965767430670033,-0.001965767430670033
2011-05-19,0.012136918028360654,0.006068459014180327,0.006068459014180327
2011-05-20,-0.0008413667052734786,-0.0004206833526367393,-0.0004206833526367393
2011-05-23,-0.016176842267838255,-0.008088421133919128,-0.008088421133919128
2011-05-24,0.0031355348116195005,0.0015677674058097502,0.0015677674058097502
2011-05-25,0.017609281276752316,0.008561937771626033,0.008561937771626033
2011-05-26,0.01753736698512371,0.008479310767479976,0.008479310767479976
2011-05-27,-0.0005978793531061403,-0.00024904857039492425,-0.00024904857039492425
2011-05-31,0.009949546483024723,0.003721806675435924,0.003721806675435924
2011-06-01,0.0044722180767504715,0.001671388751530576,0.001671388751530576
2011-06-02,-0.0030238400100783343,-0.0011060243030274217,-0.0011060243030274217
2011-06-03,-0.0015994249400554587,-0.0005852336422016743,-0.0005852336422016743
2011-06-06,0.00048430685006308795,0.00017574313438267005,0.00017574313438267005
2011-06-07,-0.007390893529780198,-0.0026728157258224805,-0.0026728157258224805
2011-06-08,0.001929309707480275,0.0006983212894043393,0.0006983212894043393
2011-06-09,-0.0016335271869440482,-0.0005835178816020931,-0.0005835178816020931
2011-06-10,-0.005556908059275133,-0.001985963463114609,-0.001985963463114609
2011-06-13,-0.00683317111274334,-0.0026372524951111184,-0.0026372524951111184
2011-06-14,0.002764907603005103,0.0010517683595259787,0.0010517683595259787
2011-06-15,-0.003746561359179047,-0.0013947643418010596,-0.0013947643418010596
2011-06-16,0.007712417562137646,0.002930653192909564,0.002930653192909564
2011-06-17,-0.0031333379969757007,-0.0011810328198438374,-0.0011810328198438374
2011-06-20,0.003951270452373683,0.0014807153901853993,0.0014807153901853993
2011-06-21,0.0019268291444817206,0.0007514252262497831,0.0007514252262497831
2011-06-22,-0.00255292640453169,-0.0009929751837553374,-0.0009929751837553374
2011-06-23,0.005110983276495729,0.002294040808342299,0.002294040808342299
2011-06-24,0.004388965691489584,0.0019526585770713045,0.0019526585770713045
2011-06-27,0.0049173974719544065,0.0024586987359772033,0.0024586987359772033
2011-06-28,0.007419929396731139,0.0037099646983655694,0.0037099646983655694
2011-06-29,0.03128212310257428,0.01564106155128714,0.01564106155128714
2011-06-30,-0.0009154710065273558,-0.0004577355032636779,-0.0004577355032636779
2011-07-01,0.00038802469546318454,0.00014751268957692904,0.00014751268957692904
2011-07-05,0.0,0.0,0.0
2011-07-06,0.0,0.0,0.0
2011-07-07,-1.5549293056696636e-05,-5.968172746937434e-06,-5.968172746937434e-06
2011-07-08,-0.003716887990352442,-0.0014777157060113183,-0.0014777157060113183
2011-07-11,6.189819108999776e-05,2.4554119349138512e-05,2.4554119349138512e-05
2011-07-12,0.002671142241288373,0.0010506926621992102,0.0010506926621992102
2011-07-13,0.0,0.0,0.0
2011-07-14,0.0,0.0,0.0
2011-07-15,-1.4963981483373204e-05,-6.254623496753108e-06,-6.254623496753108e-06
2011-07-18,-0.00016089539903873967,-6.838941952853063e-05,-6.838941952853063e-05
2011-07-19,0.0,0.0,0.0
2011-07-20,0.0,0.0,0.0
2011-07-21,-1.5826676583101756e-05,-6.849349559778891e-06,-6.849349559778891e-06
2011-07-22,-0.0007052425554988789,-0.00030432060262187483,-0.00030432060262187483
2011-07-25,9.805312726606028e-05,4.27189300416544e-05,4.27189300416544e-05
2011-07-26,8.667686430638347e-05,3.7713665986106164e-05,3.7713665986106164e-05
2011-07-27,-0.0025644458876887327,-0.0011161512719636683,-0.0011161512719636683
2011-07-28,0.0002131912873713242,9.304197776621327e-05,9.304197776621327e-05
2011-07-29,-0.0021223705221910623,-0.0009343424235279985,-0.0009343424235279985
2011-08-01,-0.0017317660407820074,-0.0008658830203910037,-0.0008658830203910037
2011-08-02,-0.0014396767026995617,-0.0007198383513497809,-0.0007198383513497809
2011-08-03,0.0025968515757923746,0.0012984257878961873,0.0012984257878961873
2011-08-04,0.001316971498215724,0.000658485749107862,0.000658485749107862
2011-08-05,-0.003625576111774923,-0.0018127880558874614,-0.0018127880558874614
2011-08-08,0.00013400588314671234,6.700294157335617e-05,6.700294157335617e-05
2011-08-09,-0.001998187554885688,-0.000999093777442844,-0.000999093777442844
2011-08-10,-0.0012288684977386061,-0.0006144342488693031,-0.0006144342488693031
2011-08-11,0.0036906908306033677,0.0018453454153016839,0.0018453454153016839
2011-08-12,-0.0008929992841020335,-0.00044649964205101673,-0.00044649964205101673
2011-08-15,0.0015415632813194692,0.0007707816406597346,0.0007707816406597346
2011-08-16,0.0,0.0,0.0
2011-08-17,0.0,0.0,0.0
2011-08-18,-3.229155846629192e-05,-1.614577923314596e-05,-1.614577923314596e-05
2011-08-19,-0.005154496092820032,-0.002577248046410016,-0.002577248046410016
2011-08-22,0.006565123758583235,0.0032825618792916176,0.0032825618792916176
2011-08-23,0.0010673138264846382,0.0005336569132423191,0.0005336569132423191
2011-08-24,-0.002811761293074749,-0.0014058806465373744,-0.0014058806465373744
2011-08-25,0.0,0.0,0.0
2011-08-26,0.0,0.0,0.0
2011-08-29,-2.8048661823893594e-05,-1.4024330911946797e-05,-1.4024330911946797e-05
2011-08-30,-0.0012045720217444406,-0.0006022860108722203,-0.0006022860108722203
2011-08-31,-0.0021009453212341763,-0.0010504726606170882,-0.0010504726606170882
2011-09-01,0.001546493540822575,0.0007732467704112875,0.0007732467704112875
2011-09-02,-0.0012217186842837797,-0.0006108593421418899,-0.0006108593421418899
2011-09-06,-0.002318749875123432,-0.001159374937561716,-0.001159374937561716
2011-09-07,0.0010291922624753285,0.0005145961312376643,0.0005145961312376643
2011-09-08,0.00235881360620267,0.001179406803101335,0.001179406803101335
2011-09-09,-7.507051951893324e-05,-3.753525975946662e-05,-3.753525975946662e-05
2011-09-12,0.003560184040099678,0.001780092020049839,0.001780092020049839
2011-09-13,0.006164795839389764,0.003082397919694882,0.003082397919694882
2011-09-14,-0.004485837919776511,-0.0022429189598882557,-0.0022429189598882557
2011-09-15,-0.005556669930058268,-0.002778334965029134,-0.002778334965029134
2011-09-16,0.0036913027411086497,0.0018456513705543249,0.0018456513705543249
2011-09-19,0.001713735189501546,0.000856867594750773,0.000856867594750773
2011-09-20,-0.0004467314506816423,-0.00022336572534082115,-0.00022336572534082115
2011-09-21,-0.0017814386308528413,-0.0008907193154264207,-0.0008907193154264207
2011-09-22,-0.0013156033976386733,-0.0006578016988193367,-0.0006578016988193367
2011-09-23,0.0020719728321142317,0.0010359864160571159,0.0010359864160571159
2011-09-26,0.0,0.0,0.0
2011-09-27,0.0,0.0,0.0
2011-09-28,0.0,0.0,0.0
2011-09-29,0.0,0.0,0.0
2011-09-30,0.0,0.0,0.0
2011-10-03,0.0,0.0,0.0
2011-10-04,0.0,0.0,0.0
2011-10-05,0.0,0.0,0.0
2011-10-06,0.0,0.0,0.0
2011-10-07,0.0,0.0,0.0
2011-10-10,0.0,0.0,0.0
2011-10-11,0.0,0.0,0.0
2011-10-12,0.0,0.0,0.0
2011-10-13,-3.714165416582637e-05,-1.8570827082913184e-05,-1.8570827082913184e-05
2011-10-14,-0.003060085530123201,-0.0015300427650616006,-0.0015300427650616006
2011-10-17,0.014160985759886129,0.0070804928799430645,0.0070804928799430645
2011-10-18,0.003859107197333807,0.0019295535986669035,0.0019295535986669035
2011-10-19,0.0012102300406740256,0.0006051150203370128,0.0006051150203370128
2011-10-20,0.0,0.0,0.0
2011-10-21,0.0,0.0,0.0
2011-10-24,-0.00010911277702381066,-5.455638851190533e-05,-5.455638851190533e-05
2011-10-25,-0.013387724846113204,-0.006693862423056602,-0.006693862423056602
2011-10-26,0.007094978192060467,0.0035474890960302337,0.0035474890960302337
2011-10-27,-0.0009615546446328112,-0.0004807773223164056,-0.0004807773223164056
2011-10-28,-0.013647885466641422,-0.006823942733320711,-0.006823942733320711
2011-10-31,-0.00948657316227503,-0.004743286581137515,-0.004743286581137515
2011-11-01,0.0035062582188266737,0.0017531291094133369,0.0017531291094133369
2011-11-02,-0.0025582225533449746,-0.0012791112766724873,-0.0012791112766724873
2011-11-03,-0.007268000216228946,-0.003634000108114473,-0.003634000108114473
2011-11-04,0.0020933046398271507,0.0010466523199135754,0.0010466523199135754
2011-11-07,0.003046688821878008,0.0014945581750733985,0.0014945581750733985
2011-11-08,-0.0019092112148630432,-0.000931530274605006,-0.000931530274605006
2011-11-09,-0.0036792293434804468,-0.001778950781933573,-0.001778950781933573
2011-11-10,-0.0015360619721207559,-0.0007424761916527678,-0.0007424761916527678
2011-11-11,0.0,0.0,0.0
2011-11-14,0.0,0.0,0.0
2011-11-15,0.0,0.0,0.0
2011-11-16,0.0,0.0,0.0
2011-11-17,-0.00011368382177725302,-5.684191088862651e-05,-5.684191088862651e-05
2011-11-18,-0.0011490743853194963,-0.0005745371926597481,-0.0005745371926597481
2011-11-21,-0.00012395096308916875,-6.197548154458437e-05,-6.197548154458437e-05
2011-11-22,0.017623911714803837,0.008811955857401918,0.008811955857401918
2011-11-23,-0.006024446890766326,-0.003012223445383163,-0.003012223445383163
2011-11-25,-0.015510922821350958,-0.007755461410675479,-0.007755461410675479
2011-11-28,0.0029101528990379375,0.0014550764495189687,0.0014550764495189687
2011-11-29,0.0046362493187760215,0.0021188217150859,0.0021188217150859
2011-11-30,-0.004583841854830831,-0.0022652815097739,-0.0022652815097739
2011-12-01,-0.016830754584867907,-0.008415377292433954,-0.008415377292433954
2011-12-02,0.012750943674769557,0.0063754718373847784,0.0063754718373847784
2011-12-05,3.591787768630742e-05,1.5843662659082846e-05,1.5843662659082846e-05
2011-12-06,0.010601553129569414,0.004358237902439841,0.004358237902439841
2011-12-07,-0.009615872870232214,-0.003964278753341701,-0.003964278753341701
2011-12-08,0.0024466288586936684,0.0009628008768810466,0.0009628008768810466
2011-12-09,-0.01888260409542759,-0.007187925183529234,-0.007187925183529234
2011-12-12,0.010167894257934577,0.0038749136028061763,0.0038749136028061763
2011-12-13,-0.00988788418215535,-0.0033632353643123446,-0.0033632353643123446
2011-12-14,0.012677195766487076,0.0041609610905310014,0.0041609610905310014
2011-12-15,0.012584023518702876,0.004037581940719006,0.004037581940719006
2011-12-16,-0.011590092593917495,-0.0035483583947526756,-0.0035483583947526756
2011-12-19,-0.014197813890812469,-0.004181938955792805,-0.004181938955792805
2011-12-20,-0.00671957898090674,-0.001921724933092646,-0.001921724933092646
2011-12-21,0.010517018675066964,0.002895812899757041,0.002895812899757041
2011-12-22,-0.014810978055953425,-0.004054367763884332,-0.004054367763884332
2011-12-23,-0.010897716813008017,-0.0031241951097219847,-0.0031241951097219847
2011-12-27,-0.013035309298318209,-0.003621313396776142,-0.003621313396776142
2011-12-28,0.018941398106043696,0.005376571948256338,0.005376571948256338
2011-12-29,0.010296378968415808,0.0028697560875859227,0.0028697560875859227
2011-12-30,0.01999305550336801,0.005158282393775447,0.005158282393775447
2012-01-03,0.006025470157859836,0.001519080611221891,0.001519080611221891
2012-01-04,0.030067347039185954,0.0074046294495794815,0.0074046294495794815
2012-01-05,-0.005995722493775053,-0.0015061384310099152,-0.0015061384310099152
2012-01-06,0.019306888129189025,0.004281957500112094,0.004281957500112094
2012-01-09,0.0018036911483658028,0.00040174527765517295,0.00040174527765517295
2012-01-10,-0.0023314702546101346,-0.0005070270359858999,-0.0005070270359858999
2012-01-11,0.008831711286089295,0.0019205758202694414,0.0019205758202694414
2012-01-12,0.008074127662582111,0.0018619905657359648,0.0018619905657359648
2012-01-13,-0.009832101752685393,-0.0022728803068420155,-0.0022728803068420155
2012-01-17,-0.008898308044500562,-0.0021051064855183424,-0.0021051064855183424
2012-01-18,-0.012510454020534995,-0.002921017887240819,-0.002921017887240819
2012-01-19,0.016154880536818482,0.003760937164003267,0.003760937164003267
2012-01-20,0.0006222231976717495,0.00014433036828021852,0.00014433036828021852
2012-01-23,-0.004025327306388401,-0.0009461862829953509,-0.0009461862829953509
2012-01-24,0.011974750551574027,0.002854865508509877,0.002854865508509877
2012-01-25,-0.009431603406862783,-0.0022484951007145583,-0.0022484951007145583
2012-01-26,0.014089552793477324,0.003502689463890085,0.003502689463890085
2012-01-27,0.011777298652955119,0.0029483814410224797,0.0029483814410224797
2012-01-30,0.0002846463985622118,7.430600804781109e-05,7.430600804781109e-05
2012-01-31,0.007300785609250543,0.001956574707200141,0.001956574707200141
2012-02-01,0.0012304540948487445,0.00033005947684453186,0.00033005947684453186
2012-02-02,-2.3409066244418678e-05,-6.5781970443312626e-06,-6.5781970443312626e-06
2012-02-03,-0.0040764165072185565,-0.001144559060549114,-0.001144559060549114
2012-02-06,-0.008660593663851648,-0.0029028095479510124,-0.0029028095479510124
2012-02-07,0.004335011504996615,0.0014656205574734226,0.0014656205574734226
2012-02-08,-0.002098727717798892,-0.0007559313899280069,-0.0007559313899280069
2012-02-09,-0.0007550565123033248,-0.00027107009971124446,-0.00027107009971124446
2012-02-10,0.000311685002072383,0.00011195866007598937,0.00011195866007598937
2012-02-13,0.004483242468364165,0.0016433210918168468,0.0016433210918168468
2012-02-14,-0.0010925253076414774,-0.00040871017209841566,-0.00040871017209841566
2012-02-15,0.0007278311411648948,0.0002827536691892969,0.0002827536691892969
2012-02-16,-0.0017320274084794444,-0.0007010164751234738,-0.0007010164751234738
2012-02-17,0.0038178145813123504,0.0017038719414710015,0.0017038719414710015
2012-02-21,0.001370401344848251,0.0006852006724241255,0.0006852006724241255
2012-02-22,-0.0019535499026551413,-0.0009760285504279864,-0.0009760285504279864
2012-02-23,0.0019955849888523844,0.0009977924944261922,0.0009977924944261922
2012-02-24,0.00021198120855252738,0.00010599060427626369,0.00010599060427626369
2012-02-27,9.062308591471449e-05,4.5311542957357243e-05,4.5311542957357243e-05
2012-02-28,-0.003147689825901835,-0.0015738449129509176,-0.0015738449129509176
2012-02-29,-0.016478903222764112,-0.008239451611382056,-0.008239451611382056
2012-03-01,0.010000637664125235,0.005000318832062618,0.005000318832062618
2012-03-02,0.0009264664437898816,0.0004632332218949408,0.0004632332218949408
2012-03-05,-0.0003008466267139457,-0.00015042331335697286,-0.00015042331335697286
2012-03-06,-0.0005015971855589559,-0.00025079859277947795,-0.00025079859277947795
2012-03-07,-0.001778504111501985,-0.0008892520557509925,-0.0008892520557509925
2012-03-08,-0.002989054473411799,-0.0014945272367058995,-0.0014945272367058995
2012-03-09,0.0009862700809734762,0.0004931350404867381,0.0004931350404867381
2012-03-12,-0.0014810661962909029,-0.0007405330981454514,-0.0007405330981454514
2012-03-13,-0.0018000132927195505,-0.0009000066463597752,-0.0009000066463597752
2012-03-14,-0.00010990664395025635,-5.495332197512817e-05,-5.495332197512817e-05
2012-03-15,0.004433985453547836,0.002216992726773918,0.002216992726773918
2012-03-16,-0.0012548074541010924,-0.0006274037270505462,-0.0006274037270505462
2012-03-19,0.004329478263667445,0.0021647391318337225,0.0021647391318337225
2012-03-20,-0.003466777805699723,-0.0017333889028498615,-0.0017333889028498615
2012-03-21,0.006543717887052371,0.0032718589435261855,0.0032718589435261855
2012-03-22,-0.0035399841661204125,-0.0017699920830602062,-0.0017699920830602062
2012-03-23,-0.0017656306167309537,-0.0008828153083654768,-0.0008828153083654768
2012-03-26,-0.0013595057102595515,-0.0006797528551297757,-0.0006797528551297757
2012-03-27,0.001529659321716541,0.0007648296608582705,0.0007648296608582705
2012-03-28,-0.00199953219064781,-0.000999766095323905,-0.000999766095323905
2012-03-29,-0.0031982838611529793,-0.0015991419305764897,-0.0015991419305764897
2012-03-30,-0.0009312957226804113,-0.00046564786134020567,-0.00046564786134020567
2012-04-02,-0.0013957176733030777,-0.0006978588366515388,-0.0006978588366515388
2012-04-03,-0.0026838498590415647,-0.0013419249295207824,-0.0013419249295207824
2012-04-04,-8.262191813837423e-05,-4.1310959069187114e-05,-4.1310959069187114e-05
2012-04-05,0.0030071922972787248,0.0015035961486393624,0.0015035961486393624
2012-04-09,-0.0003656316959851597,-0.00018281584799257985,-0.00018281584799257985
2012-04-10,0.005466310915479674,0.002733155457739837,0.002733155457739837
2012-04-11,0.00562496763367031,0.002812483816835155,0.002812483816835155
2012-04-12,-0.002254409834352704,-0.001127204917176352,-0.001127204917176352
2012-04-13,-0.0033925335404769883,-0.0016962667702384942,-0.0016962667702384942
2012-04-16,0.01165275511415675,0.005826377557078375,0.005826377557078375
2012-04-17,0.004270161270123293,0.0021350806350616466,0.0021350806350616466
2012-04-18,-0.00013230963379734615,-6.615481689867307e-05,-6.615481689867307e-05
2012-04-19,0.006028260295694478,0.003014130147847239,0.003014130147847239
2012-04-20,0.0,0.0,0.0
2012-04-23,0.0,0.0,0.0
2012-04-24,0.0,0.0,0.0
2012-04-25,-0.00017968751256449455,-0.00017968751256449455,-0.00017968751256449455
2012-04-26,0.010835681748644624,0.010835681748644624,0.010835681748644624
2012-04-27,-0.0015246165549590023,-0.0015246165549590023,-0.0015246165549590023
2012-04-30,-0.0011455384097745617,-0.0011455384097745617,-0.0011455384097745617
2012-05-01,-0.01997835074480834,-0.01997835074480834,-0.01997835074480834
2012-05-02,-0.0019495199232553231,-0.0019495199232553231,-0.0019495199232553231
2012-05-03,0.01235645566919644,0.01204379103207298,0.01204379103207298
2012-05-04,0.01182899057318101,0.011562804863745639,0.011562804863745639
2012-05-07,0.002962710223924696,0.0026904762820043225,0.0026904762820043225
2012-05-08,0.014933708803092761,0.012862890573137588,0.012862890573137588
2012-05-09,0.008392463987760728,0.007243943315021484,0.007243943315021484
2012-05-10,-0.0026796769977937705,-0.002158200739888709,-0.002158200739888709
2012-05-11,0.0016330630685601304,0.0013015664540929877,0.0013015664540929877
2012-05-14,0.0015864789183018856,0.001262138054674782,0.001262138054674782
2012-05-15,0.015860732918490987,0.012815346587178695,0.012815346587178695
2012-05-16,-0.0008168231697859465,-0.000684313741848468,-0.000684313741848468
2012-05-17,-0.015894768397400127,-0.012363900629350603,-0.012363900629350603
2012-05-18,0.0031685441695195873,0.002460094005829597,0.002460094005829597
2012-05-21,0.01071567814867958,0.007424697230468529,0.007424697230468529
2012-05-22,0.02036682327441355,0.014120519501814097,0.014120519501814097
2012-05-23,-0.013567341984971046,-0.009212042683929254,-0.009212042683929254
2012-05-24,-0.003500628390500185,-0.0021894333177588455,-0.0021894333177588455
2012-05-25,0.0011437980464613156,0.0006700756898751483,0.0006700756898751483
2012-05-29,-0.007091721471360807,-0.00418670699606911,-0.00418670699606911
2012-05-30,0.005482504351483879,0.0032462835809421216,0.0032462835809421216
2012-05-31,-0.003311615433852718,-0.0019278781407648534,-0.0019278781407648534
2012-06-01,-0.029085798552545915,-0.019241961965171004,-0.019241961965171004
2012-06-04,-0.01032975564335906,-0.006802385157812992,-0.006802385157812992
2012-06-05,-0.0012035298503650605,-0.0006469238907513118,-0.0006469238907513118
2012-06-06,0.013355062854034181,0.007190694343579391,0.007190694343579391
2012-06-07,-0.0013271584577706937,-0.0007157053325936874,-0.0007157053325936874
2012-06-08,0.011909381878104277,0.00647949019155931,0.00647949019155931
2012-06-11,-0.0019162920421973524,-0.0010591458527816312,-0.0010591458527816312
2012-06-12,-0.030217464993258655,-0.01622635987089801,-0.01622635987089801
2012-06-13,0.013030355759438148,0.006997048943789106,0.006997048943789106
2012-06-14,-0.01626442992596311,-0.007591695420194768,-0.007591695420194768
2012-06-15,0.01929167022396598,0.009127436914228583,0.009127436914228583
2012-06-18,-0.01691353527366145,-0.007783997451229383,-0.007783997451229383
2012-06-19,-0.017671718389949517,-0.00786204909308775,-0.00786204909308775
2012-06-20,0.004228059253984404,0.001829647173366239,0.001829647173366239
2012-06-21,0.030971864174588293,0.013328089742490775,0.013328089742490775
2012-06-22,-0.025236244231203825,-0.01162681241450409,-0.01162681241450409
2012-06-25,0.041500339531115954,0.01679786688554561,0.01679786688554561
2012-06-26,0.021893151728086698,0.008403561432781939,0.008403561432781939
2012-06-27,-0.0015690054284216977,-0.0005147996119955364,-0.0005147996119955364
2012-06-28,0.00935542603963263,0.002976005700527702,0.002976005700527702
2012-06-29,-0.015011059724783804,-0.0047828988829312375,-0.0047828988829312375
2012-07-02,0.0,0.0,0.0
2012-07-03,-0.00012314704039373942,-4.087451660715714e-05,-4.087451660715714e-05
2012-07-05,0.016255011719508876,0.005451689086035146,0.005451689086035146
2012-07-06,0.005664583824714021,0.0019006139729108617,0.0019006139729108617
2012-07-09,0.0024749932099639134,0.0008258706356137785,0.0008258706356137785
2012-07-10,-0.001139416155647231,-0.00038025253172193046,-0.00038025253172193046
2012-07-11,0.0015018252646855955,0.0005047051149139207,0.0005047051149139207
2012-07-12,0.0023647775810836024,0.0007950369170706607,0.0007950369170706607
2012-07-13,0.0013435636326702164,0.0004938385317579987,0.0004938385317579987
2012-07-16,0.0,0.0,0.0
2012-07-17,0.0,0.0,0.0
2012-07-18,0.0,0.0,0.0
2012-07-19,0.0,0.0,0.0
2012-07-20,0.0,0.0,0.0
2012-07-23,0.0,0.0,0.0
2012-07-24,0.0,0.0,0.0
2012-07-25,0.0,0.0,0.0
2012-07-26,-9.509915971745304e-05,-8.194178882148787e-05,-8.194178882148787e-05
2012-07-27,0.014669195684384852,0.014669195684384852,0.014669195684384852
2012-07-30,0.015247461053691833,0.015247461053691833,0.015247461053691833
2012-07-31,-0.002845804287347364,-0.002845804287347364,-0.002845804287347364
2012-08-01,-0.0014081039548625878,-0.0014081039548625878,-0.0014081039548625878
2012-08-02,-0.013252432242363362,-0.013252432242363362,-0.013252432242363362
2012-08-03,0.01056787853984083,0.01056787853984083,0.01056787853984083
2012-08-06,0.0011798164486772349,0.0011798164486772349,0.0011798164486772349
2012-08-07,-0.005019748100388595,-0.005019748100388595,-0.005019748100388595
2012-08-08,-0.0023457353033014203,-0.0023457353033014203,-0.0023457353033014203
2012-08-09,-0.0052605633105697325,-0.0052605633105697325,-0.0052605633105697325
2012-08-10,-0.0010667139185050617,-0.0010598694813892652,-0.0010598694813892652
2012-08-13,-0.0036639812386246905,-0.0035604096836250342,-0.0035604096836250342
2012-08-14,0.001231339321114062,0.0011949451636021344,0.0011949451636021344
2012-08-15,-0.005925718017453869,-0.0056920308940737775,-0.0056920308940737775
2012-08-16,0.002762600776464407,0.0026526571855713206,0.0026526571855713206
2012-08-17,0.01509029724167384,0.014163873364324377,0.014163873364324377
2012-08-20,-0.0001340346398353903,-0.00012531679874117822,-0.00012531679874117822
2012-08-21,-0.0006083322756162833,-0.0005102603821994448,-0.0005102603821994448
2012-08-22,0.0008158002212804744,0.0006841910799242619,0.0006841910799242619
2012-08-23,-0.0028638521229546626,-0.0024001038786579916,-0.0024001038786579916
2012-08-24,0.0033854215170887533,0.0028384415043550427,0.0028384415043550427
2012-08-27,0.0016666579430601367,0.00138877408016987,0.00138877408016987
2012-08-28,0.0013406219072339342,0.0012303570399602014,0.0012303570399602014
2012-08-29,-0.0019737963504682047,-0.0019737963504682047,-0.0019737963504682047
2012-08-30,-0.0024163406759402416,-0.0024163406759402416,-0.0024163406759402416
2012-08-31,-0.0001730867205446263,-0.0001730867205446263,-0.0001730867205446263
2012-09-04,-0.0020225468452722472,-0.0020225468452722472,-0.0020225468452722472
2012-09-05,0.0030918188524299357,0.0030918188524299357,0.0030918188524299357
2012-09-06,-0.0006151057881317165,-0.0006151057881317165,-0.0006151057881317165
2012-09-07,0.0003465497821637885,0.0003465497821637885,0.0003465497821637885
2012-09-10,-0.001187954460557831,-0.001187954460557831,-0.001187954460557831
2012-09-11,0.00011152420722109316,0.00011152420722109316,0.00011152420722109316
2012-09-12,-0.002025173465084451,-0.002025173465084451,-0.002025173465084451
2012-09-13,0.0010367291061133973,0.0010367291061133973,0.0010367291061133973
2012-09-14,0.0,0.0,0.0
2012-09-17,0.0,0.0,0.0
2012-09-18,0.0,0.0,0.0
2012-09-19,-4.1650178692351846e-05,-4.1650178692351846e-05,-4.1650178692351846e-05
2012-09-20,-0.009050995158692524,-0.009050995158692524,-0.009050995158692524
2012-09-21,0.0,0.0,0.0
2012-09-24,0.0,0.0,0.0
2012-09-25,0.0,0.0,0.0
2012-09-26,0.0,0.0,0.0
2012-09-27,-3.7334251800855617e-05,-3.7334251800855617e-05,-3.7334251800855617e-05
2012-09-28,-0.00016155469286882,-0.00016155469286882,-0.00016155469286882
2012-10-01,0.001971278646681366,0.001971278646681366,0.001971278646681366
2012-10-02,0.00012140152444831085,0.00012140152444831085,0.00012140152444831085
2012-10-03,-0.0013960982529831363,-0.0013960982529831363,-0.0013960982529831363
2012-10-04,-0.003380480035705162,-0.003380480035705162,-0.003380480035705162
2012-10-05,-0.00560915395512475,-0.00560915395512475,-0.00560915395512475
2012-10-08,-0.0014984799125410445,-0.0014984799125410445,-0.0014984799125410445
2012-10-09,0.0015451687617428888,0.0015451687617428888,0.0015451687617428888
2012-10-10,-0.0039048074909575833,-0.0039048074909575833,-0.0039048074909575833
2012-10-11,-0.0021841588404304894,-0.0021841588404304894,-0.0021841588404304894
2012-10-12,0.003347907780416471,0.003347907780416471,0.003347907780416471
2012-10-15,-0.004634926103318987,-0.004634926103318987,-0.004634926103318987
2012-10-16,0.0035805623092429887,0.0035805623092429887,0.0035805623092429887
2012-10-17,0.0,0.0,0.0
2012-10-18,0.0,0.0,0.0
2012-10-19,-3.346008655006291e-05,-3.346008655006291e-05,-3.346008655006291e-05
2012-10-22,-0.0015643477235507215,-0.0015643477235507215,-0.0015643477235507215
2012-10-23,-0.0026854599106121975,-0.0026854599106121975,-0.0026854599106121975
2012-10-24,-0.0002881256480369242,-0.0002881256480369242,-0.0002881256480369242
2012-10-25,0.004848868432985258,0.004848868432985258,0.004848868432985258
2012-10-26,-0.001806067729246675,-0.001806067729246675,-0.001806067729246675
2012-10-31,0.0034098309360554658,0.0034098309360554658,0.0034098309360554658
2012-11-01,0.005726037365794297,0.005726037365794297,0.005726037365794297
2012-11-02,0.0010417105919910035,0.0010417105919910035,0.0010417105919910035
2012-11-05,-0.004466714745235835,-0.004466714745235835,-0.004466714745235835
2012-11-06,-0.0009805436797043698,-0.0009805436797043698,-0.0009805436797043698
2012-11-07,-7.182359488479417e-05,-7.182359488479417e-05,-7.182359488479417e-05
2012-11-08,0.0008045282855101076,0.0008045282855101076,0.0008045282855101076
2012-11-09,-0.004286873985187019,-0.004286873985187019,-0.004286873985187019
2012-11-12,-0.0006290978031337405,-0.0006290978031337405,-0.0006290978031337405
2012-11-13,0.0022786195462950482,0.0022786195462950482,0.0022786195462950482
2012-11-14,-0.0015223385197624512,-0.0015223385197624512,-0.0015223385197624512
2012-11-15,-0.008584950691669967,-0.008584950691669967,-0.008584950691669967
2012-11-16,0.0,0.0,0.0
2012-11-19,0.0,0.0,0.0
2012-11-20,-4.109047632780458e-05,-4.109047632780458e-05,-4.109047632780458e-05
2012-11-21,-0.0014426344749998133,-0.0014426344749998133,-0.0014426344749998133
2012-11-23,0.0013291668692024367,0.0013291668692024367,0.0013291668692024367
2012-11-26,-0.0002806507169022388,-0.0002806507169022388,-0.0002806507169022388
2012-11-27,0.0016961645686164968,0.0016961645686164968,0.0016961645686164968
2012-11-28,-0.0011445423212291315,-0.0011445423212291315,-0.0011445423212291315
2012-11-29,0.0011204310725289727,0.0011204310725289727,0.0011204310725289727
2012-11-30,0.0012728197264015074,0.0012728197264015074,0.0012728197264015074
2012-12-03,0.001729668779569848,0.001729668779569848,0.001729668779569848
2012-12-04,0.0019145516280197686,0.0019145516280197686,0.0019145516280197686
2012-12-05,0.0015824883597737654,0.0015824883597737654,0.0015824883597737654
2012-12-06,0.0004754843401759511,0.0004754843401759511,0.0004754843401759511
2012-12-07,0.0030509619159088367,0.0030509619159088367,0.0030509619159088367
2012-12-10,0.0034847147056894486,0.0034847147056894486,0.0034847147056894486
2012-12-11,0.00252302347971464,0.00252302347971464,0.00252302347971464
2012-12-12,0.005723357236331503,0.005723357236331503,0.005723357236331503
2012-12-13,-0.010741449614428746,-0.010741449614428746,-0.010741449614428746
2012-12-14,-0.0001392644473187588,-0.0001392644473187588,-0.0001392644473187588
2012-12-17,-0.008519421746495616,-0.008519421746495616,-0.008519421746495616
2012-12-18,-0.0001693121693121693,-0.0001693121693121693,-0.0001693121693121693
2012-12-19,0.004624878427917308,0.004624878427917308,0.004624878427917308
2012-12-20,0.0,0.0,0.0
2012-12-21,-7.687458935712197e-05,-7.687458935712197e-05,-7.687458935712197e-05
2012-12-24,-0.000834889156120981,-0.000834889156120981,-0.000834889156120981
2012-12-26,-0.0008678106163111717,-0.0008678106163111717,-0.0008678106163111717
2012-12-27,0.007590373949999946,0.007590373949999946,0.007590373949999946
2012-12-28,-0.010531151894296582,-0.010531151894296582,-0.010531151894296582
2012-12-31,-0.004147049618027675,-0.004147049618027675,-0.004147049618027675
2013-01-02,-0.010637475638679941,-0.010637475638679941,-0.010637475638679941
2013-01-03,-0.0071444929198713975,-0.0071444929198713975,-0.0071444929198713975
2013-01-04,-0.012043189049973532,-0.006021594524986766,-0.006021594524986766
2013-01-07,0.004458265399209691,0.0022291326996048454,0.0022291326996048454
2013-01-08,0.014480769434293016,0.007240384717146508,0.007240384717146508
2013-01-09,0.003870971149509557,0.0019354855747547785,0.0019354855747547785
2013-01-10,-0.016861455822531103,-0.007470425014109655,-0.007470425014109655
2013-01-11,-0.029459118095668077,-0.013026573957633661,-0.013026573957633661
2013-01-14,0.020495372550666552,0.008193638923329194,0.008193638923329194
2013-01-15,-0.017554022665030457,-0.0056727556253,-0.0056727556253
2013-01-16,-0.013251692002456841,-0.0037921369808057584,-0.0037921369808057584
2013-01-17,-0.0117652636398767,-0.0032210371391521117,-0.0032210371391521117
2013-01-18,0.011741607312651087,0.003169545604817621,0.003169545604817621
2013-01-22,-0.00019847273728694536,-5.303794863318852e-05,-5.303794863318852e-05
2013-01-23,0.013664098501394025,0.0035388682008305234,0.0035388682008305234
2013-01-24,-0.0035843597609949607,-0.0009285459071338339,-0.0009285459071338339
2013-01-25,-0.011379714413418287,-0.002812448727587441,-0.002812448727587441
2013-01-28,-0.0036677297166678334,-0.0009071179832000593,-0.0009071179832000593
2013-01-29,0.016040130888100156,0.003930098163242972,0.003930098163242972
2013-01-30,0.017971223020982,0.004498714897735572,0.004498714897735572
2013-01-31,0.018309948139046364,0.004349097811043157,0.004349097811043157
2013-02-01,0.024931901426072246,0.005591016915461779,0.005591016915461779
2013-02-04,0.018966681903986673,0.0041023077994714946,0.0041023077994714946
2013-02-05,0.012858974297687948,0.002612338202451847,0.002612338202451847
2013-02-06,-0.0012050000807141909,-0.00024254289942136125,-0.00024254289942136125
2013-02-07,0.005634318386848725,0.0011228052838905625,0.0011228052838905625
2013-02-08,0.016927464733222326,0.003415892972571937,0.003415892972571937
2013-02-11,-3.472880434670382e-05,-1.4004462629934451e-05,-1.4004462629934451e-05
2013-02-12,-0.00019336749376771916,-7.99803802721896e-05,-7.99803802721896e-05
2013-02-13,-0.0018235295550434135,-0.0008790585859926346,-0.0008790585859926346
2013-02-14,0.0012497647660617648,0.0006223204171860958,0.0006223204171860958
2013-02-15,0.0036886197869292576,0.001995818576196701,0.001995818576196701
2013-02-19,-0.013328791216272166,-0.007747851925575488,-0.007747851925575488
2013-02-20,-0.0010928650192608127,-0.000688023748426691,-0.000688023748426691
2013-02-21,-0.007228662389830684,-0.004173939989357352,-0.004173939989357352
2013-02-22,-0.00020053931891075827,-5.775203731562915e-05,-5.775203731562915e-05
2013-02-25,-0.002911055857249949,-0.0008236527372806105,-0.0008236527372806105
2013-02-26,-0.017566537223755563,-0.005018306580549157,-0.005018306580549157
2013-02-27,-0.014978003615035092,-0.004483722404838205,-0.004483722404838205
2013-02-28,-0.00042716533595139286,-0.00011648820612708792,-0.00011648820612708792
2013-03-01,0.036273805045886516,0.009521216798805184,0.009521216798805184
2013-03-04,-0.005449293247324554,-0.0014943513259903197,-0.0014943513259903197
2013-03-05,0.012917196400507864,0.0030431081069274414,0.0030431081069274414
2013-03-06,0.004232113165852553,0.0010717668316321534,0.0010717668316321534
2013-03-07,-0.008332668069555856,-0.0021768093067047025,-0.0021768093067047025
2013-03-08,-0.00015846186444123017,-4.241614966157388e-05,-4.241614966157388e-05
2013-03-11,-0.0030776003959663394,-0.0008121819132534012,-0.0008121819132534012
2013-03-12,-0.012446303952429252,-0.003302416623389607,-0.003302416623389607
2013-03-13,-0.009472813595749132,-0.002663938938228202,-0.002663938938228202
2013-03-14,-0.0012619837279371432,-0.0003459858252215314,-0.0003459858252215314
2013-03-15,-0.0019474631047000537,-0.0005279753003752474,-0.0005279753003752474
2013-03-18,-0.007911102989216778,-0.0021445621228177135,-0.0021445621228177135
2013-03-19,-0.010440307925293874,-0.0028362360496074898,-0.0028362360496074898
2013-03-20,0.003656270570723133,0.0009947040672684789,0.0009947040672684789
2013-03-21,-2.992689614656407e-05,-8.228414890748207e-06,-8.228414890748207e-06
2013-03-22,-0.03118294059559961,-0.008513382076647626,-0.008513382076647626
2013-03-25,-0.023288766131436163,-0.006384985685011044,-0.006384985685011044
2013-03-26,-0.0023527015058023544,-0.0005614766963224658,-0.0005614766963224658
2013-03-27,0.0021632571013980063,0.0004896582191964587,0.0004896582191964587
2013-03-28,-0.0018851495924594723,-0.0004373174105874014,-0.0004373174105874014
2013-04-01,0.007431999020219649,0.001750419323109547,0.001750419323109547
2013-04-02,-0.0035832127383614103,-0.0008445902428342749,-0.0008445902428342749
2013-04-03,-0.04306374265169393,-0.013501688045002874,-0.013501688045002874
2013-04-04,0.008180323673207356,0.0025650625642832246,0.0025650625642832246
2013-04-05,-0.02805032439621892,-0.007077093867519562,-0.007077093867519562
2013-04-08,0.02071281608009203,0.0,0.0
2013-04-09,0.0039001993837326854,0.0,0.0
2013-04-10,-0.057187304505739556,-0.0,-0.0
2013-04-11,-0.010602783788135794,-0.0,-0.0
2013-04-12,0.020221767969272882,0.0,0.0
2013-04-15,0.014984533458368848,0.0,0.0
2013-04-16,0.006715925894227764,0.0,0.0
2013-04-17,-0.008477594098286155,-0.0,-0.0
2013-04-18,0.006051086573908392,0.0,0.0
2013-04-19,0.0062198475616264135,0.0,0.0
2013-04-22,-0.011403274708620565,-0.0,-0.0
2013-04-23,-0.03867226872874782,-0.0,-0.0
2013-04-24,-0.02336645246262857,-0.0,-0.0
2013-04-25,0.009393978849447112,0.0,0.0
2013-04-26,0.027336004013748527,0.0,0.0
2013-04-29,-0.03651348400319456,-0.0,-0.0
2013-04-30,-0.0018131748316507874,-0.0,-0.0
2013-05-01,-0.021362692254264053,-0.0,-0.0
2013-05-02,-0.0032844952963258685,-0.0,-0.0
2013-05-03,0.0004248318050053505,0.0,0.0
2013-05-06,0.01199658286930529,0.0,0.0
2013-05-07,-0.0029479308765251525,-0.0,-0.0
2013-05-08,-0.006953672452420489,-0.0,-0.0
2013-05-09,0.01620883664178355,0.0,0.0
2013-05-10,-0.009824393863210632,-0.0,-0.0
2013-05-13,-0.005479412387341527,-0.0,-0.0
2013-05-14,0.01479634299902781,0.0,0.0
2013-05-15,0.01044241241662207,0.0,0.0
2013-05-16,0.00416877944108335,0.0,0.0
2013-05-17,0.004029554694421178,0.0,0.0
2013-05-20,-0.0016815339054408497,-0.0,-0.0
2013-05-21,-0.017353140950597673,-0.0,-0.0
2013-05-22,0.004433974772762569,0.0,0.0
2013-05-23,0.0010193092239446926,0.0,0.0
2013-05-24,0.004230928443110691,0.0,0.0
2013-05-28,0.0154176505569026,0.0,0.0
2013-05-29,0.0037089363507715007,0.0,0.0
2013-05-30,-0.007798381845660646,-0.0,-0.0
2013-05-31,-0.00038375785728755353,-0.0,-0.0
2013-06-03,0.003096564627161432,0.0,0.0
2013-06-04,0.018412883988384532,0.0,0.0
2013-06-05,-0.010427303708261943,-0.0,-0.0
2013-06-06,-0.004388335417496162,-0.0,-0.0
2013-06-07,-0.004521538804368538,-0.0,-0.0
2013-06-10,-0.0016529427338558176,-0.0,-0.0
2013-06-11,-0.009044171638231912,-0.0,-0.0
2013-06-12,0.013747338060668775,0.0,0.0
2013-06-13,0.013016481001084714,0.0,0.0
2013-06-14,0.0019812767765754113,0.0,0.0
2013-06-17,-0.01634219124923097,-0.0,-0.0
2013-06-18,0.0019052048389294573,0.0,0.0
2013-06-19,0.009652064105388393,0.0,0.0
2013-06-20,-0.020390665453744124,-0.0,-0.0
2013-06-21,0.007835117733750611,0.0,0.0
2013-06-24,-0.013392581732028654,-0.0,-0.0
2013-06-25,-0.00012367131143890654,-0.0,-0.0
2013-06-26,-0.005410497572030739,-0.0,-0.0
2013-06-27,-0.00960020478795321,-0.0,-0.0
2013-06-28,0.0008083413459285826,0.0,0.0
2013-07-01,-0.02513914844472143,-0.0,-0.0
2013-07-02,0.002947821590106146,0.0,0.0
2013-07-03,0.005974170676497974,0.0,0.0
2013-07-05,-0.0048402837646173485,-0.0,-0.0
2013-07-08,-0.004340211487594474,-0.0,-0.0
2013-07-09,-0.0020946960792248134,-0.0,-0.0
2013-07-10,-0.03171581487508099,-0.0,-0.0
2013-07-11,0.0,0.0,0.0
2013-07-12,0.0,0.0,0.0
2013-07-15,0.0,0.0,0.0
2013-07-16,0.0,0.0,0.0
2013-07-17,0.0,0.0,0.0
2013-07-18,-0.00014401244983089885,-0.0,-0.0
2013-07-19,-0.006023371104648892,-0.0,-0.0
2013-07-22,0.002213417729004818,0.0,0.0
2013-07-23,-0.00276253908312804,-0.0,-0.0
2013-07-24,0.026235199828184903,0.0,0.0
2013-07-25,-0.02259871097983477,-0.0,-0.0
2013-07-26,0.010959330601841163,0.0,0.0
2013-07-29,0.0022819037274337713,0.0,0.0
2013-07-30,0.03586822162063194,0.0,0.0
2013-07-31,-0.021373356570586914,-0.0,-0.0
2013-08-01,-0.015880564094126675,-0.0,-0.0
2013-08-02,0.0004779947968913498,0.0,0.0
2013-08-05,-0.01777232136835474,-0.0,-0.0
2013-08-06,-0.0013558373363654263,-0.0,-0.0
2013-08-07,-0.004295771469864108,-0.0,-0.0
2013-08-08,0.0053773626638629005,0.0,0.0
2013-08-09,-0.01227059855052259,-0.0,-0.0
2013-08-12,0.005289817012897501,0.0,0.0
2013-08-13,0.00780620894870047,0.0,0.0
2013-08-14,0.015005393542396977,0.0,0.0
2013-08-15,0.0012359705585447678,0.0,0.0
2013-08-16,0.003998842049944229,0.0,0.0
2013-08-19,-0.008489369281100789,-0.0,-0.0
2013-08-20,0.01580577595311069,0.0,0.0
2013-08-21,0.01344804368837236,0.0,0.0
2013-08-22,-0.005543922441265598,-0.0,-0.0
2013-08-23,0.003197526543816622,0.0,0.0
2013-08-26,-0.01583067140634773,-0.0,-0.0
2013-08-27,0.0035491441523961705,0.0,0.0
2013-08-28,0.025936540207502922,0.0,0.0
2013-08-29,0.0029637253426165527,0.0,0.0
2013-08-30,0.0,0.0,0.0
2013-09-03,0.0,0.0,0.0
2013-09-04,-0.00012995721204735576,-0.0,-0.0
2013-09-05,-0.02469559576041253,-0.0,-0.0
2013-09-06,-0.0038293471300225182,-0.0,-0.0
2013-09-09,0.004242853539752492,0.0,0.0
2013-09-10,0.0009543761326719815,0.0,0.0
2013-09-11,0.0,0.0,0.0
2013-09-12,0.0,0.0,0.0
2013-09-13,0.0,0.0,0.0
2013-09-16,0.0,0.0,0.0
2013-09-17,0.0,0.0,0.0
2013-09-18,-6.636779644447843e-05,-0.0,-0.0
2013-09-19,-0.0007145562135585141,-0.0,-0.0
2013-09-20,0.011918674477835638,0.0,0.0
2013-09-23,-0.012342697948136801,-0.0,-0.0
2013-09-24,-6.872526633710606e-05,-0.0,-0.0
2013-09-25,0.009554691408952154,0.0,0.0
2013-09-26,0.006823694027344791,0.0,0.0
2013-09-27,-0.007749734772463499,-0.0,-0.0
2013-09-30,-0.012094882747324304,-0.0,-0.0
2013-10-01,0.0004485387794599062,0.0,0.0
2013-10-02,-0.006879870881416423,-0.0,-0.0
2013-10-03,0.01379927709616947,0.0,0.0
2013-10-04,-0.019365074015894317,-0.0,-0.0
2013-10-07,-0.00410052079143898,-0.0,-0.0
2013-10-08,-0.00013004311966485554,-0.0,-0.0
2013-10-09,0.013965253155047784,0.0,0.0
2013-10-10,0.013410581882027374,0.0,0.0
2013-10-11,-0.004799905072912865,-0.0,-0.0
2013-10-14,0.0024217512215804083,0.0,0.0
2013-10-15,-0.00045047364458695164,-0.0,-0.0
2013-10-16,0.0006469062886989192,0.0,0.0
2013-10-17,-0.006081631173462281,-0.0,-0.0
2013-10-18,0.0,0.0,0.0
2013-10-21,0.0,0.0,0.0
2013-10-22,-1.2876900611138737e-05,-0.0,-0.0
2013-10-23,0.0041251676784019265,0.0,0.0
2013-10-24,0.003319009750160809,0.0,0.0
2013-10-25,0.0022593109611534056,0.0,0.0
2013-10-28,-0.00489869937729822,-0.0,-0.0
2013-10-29,0.00030550805174022,0.0,0.0
2013-10-30,-0.005402082872225864,-0.0,-0.0
2013-10-31,0.0014269690037902304,0.0,0.0
2013-11-01,0.00255802962627342,0.0,0.0
2013-11-04,-0.0006507388821374418,-0.0,-0.0
2013-11-05,-0.0006924241996301658,-0.0,-0.0
2013-11-06,0.0030211351178739986,0.0,0.0
2013-11-07,0.0023145777174376977,0.0,0.0
2013-11-08,-0.0024041765286943475,-0.0,-0.0
2013-11-11,-0.0014705093471612603,-0.0,-0.0
2013-11-12,-0.002937188646942296,-0.0,-0.0
2013-11-13,-0.0009119870174909285,-0.0,-0.0
2013-11-14,-0.002870504596308941,-0.0,-0.0
2013-11-15,0.00012744288084180777,0.0,0.0
2013-11-18,0.0,0.0,0.0
2013-11-19,0.0,0.0,0.0
2013-11-20,-1.229120536177691e-05,-0.0,-0.0
2013-11-21,0.00018195913081909534,0.0,0.0
2013-11-22,-0.003276675595568917,-0.0,-0.0
2013-11-25,-0.0014923173934467127,-0.0,-0.0
2013-11-26,-0.000618886283809288,-0.0,-0.0
2013-11-27,-0.0040765174215283955,-0.0,-0.0
2013-11-29,0.004514329283795886,0.0,0.0
2013-12-02,-0.0016245380882019078,-0.0,-0.0
2013-12-03,0.0023451995380253422,0.0,0.0
2013-12-04,0.004484119415734072,0.0,0.0
2013-12-05,0.0024293122130436685,0.0,0.0
2013-12-06,-0.0007460810223716967,-0.0,-0.0
2013-12-09,0.004107921327782621,0.0,0.0
2013-12-10,0.0026917656921129065,0.0,0.0
2013-12-11,-0.0030269678380045843,-0.0,-0.0
2013-12-12,0.002336081402543933,0.0,0.0
2013-12-13,-0.002365210720913872,-0.0,-0.0
2013-12-16,-0.0016876447565630738,-0.0,-0.0
2013-12-17,-0.0004680518141931645,-0.0,-0.0
2013-12-18,0.0,0.0,0.0
2013-12-19,0.0,0.0,0.0
2013-12-20,-1.776395180341514e-05,-0.0,-0.0
2013-12-23,-0.0004900649922854825,-0.0,-0.0
2013-12-24,-7.469535966137555e-05,-0.0,-0.0
2013-12-26,0.0006608256258433848,0.0,0.0
2013-12-27,0.0015603637587419412,0.0,0.0
2013-12-30,-0.0001884158984946012,-0.0,-0.0
2013-12-31,0.0,0.0,0.0
2014-01-02,0.0,0.0,0.0
2014-01-03,0.0,0.0,0.0
2014-01-06,0.0,0.0,0.0
2014-01-07,0.0,0.0,0.0
2014-01-08,0.0,0.0,0.0
2014-01-09,0.0,0.0,0.0
2014-01-10,0.0,0.0,0.0
2014-01-13,0.0,0.0,0.0
2014-01-14,0.0,0.0,0.0
2014-01-15,0.0,0.0,0.0
2014-01-16,0.0,0.0,0.0
2014-01-17,0.0,0.0,0.0
2014-01-21,0.0,0.0,0.0
2014-01-22,0.0,0.0,0.0
2014-01-23,0.0,0.0,0.0
2014-01-24,-3.313269373261376e-05,-0.0,-0.0
2014-01-27,-0.0013658104937846552,-0.0,-0.0
2014-01-28,-0.00458929910036633,-0.0,-0.0
2014-01-29,0.0022209893275564577,0.0,0.0
2014-01-30,-0.0140590378814985,-0.0,-0.0
2014-01-31,-0.0038409610086118907,-0.0,-0.0
2014-02-03,0.0025832024474417314,0.0,0.0
2014-02-04,-0.011660236939906109,-0.0,-0.0
2014-02-05,0.018172531559123246,0.0,0.0
2014-02-06,0.01681139176928766,0.0,0.0
2014-02-07,0.009255472581308072,0.0,0.0
2014-02-10,-0.014374060332891913,-0.0,-0.0
2014-02-11,0.015221188765174639,0.0,0.0
2014-02-12,-0.0033753048779239744,-0.0,-0.0
2014-02-13,0.011782287801211683,0.0,0.0
2014-02-14,0.02142361925304305,0.0,0.0
2014-02-18,-0.013962689171051533,-0.0,-0.0
2014-02-19,-0.008052740860612447,-0.0,-0.0
2014-02-20,0.02469865533167965,0.0,0.0
2014-02-21,-0.0048042094462285865,-0.0,-0.0
2014-02-24,-0.012917554494665093,-0.0,-0.0
2014-02-25,0.0037581336318811055,0.0,0.0
2014-02-26,-0.008159613707504225,-0.0,-0.0
2014-02-27,-0.028003106075272857,-0.0,-0.0
2014-02-28,0.015531594489034413,0.0,0.0
2014-03-03,0.07171041234688122,0.0,0.0
2014-03-04,-0.0010232689274242979,-0.0,-0.0
2014-03-05,0.0018058739449344817,0.0,0.0
2014-03-06,-0.0025242853548434626,-0.0,-0.0
2014-03-07,0.001910883783293812,0.0,0.0
2014-03-10,0.0032281111507976934,0.0,0.0
2014-03-11,0.03575431610939316,0.0,0.0
2014-03-12,0.029270974533484533,0.0,0.0
2014-03-13,-0.009786065999205217,-0.0,-0.0
2014-03-14,0.005357041843625717,0.0,0.0
2014-03-17,-0.008810813574423435,-0.0,-0.0
2014-03-18,-0.022203882990833115,-0.0,-0.0
2014-03-19,-0.02619522178528552,-0.0,-0.0
2014-03-20,0.022937596692253877,0.0,0.0
2014-03-21,0.00047408157406506155,0.0,0.0
2014-03-24,-0.005738886441678409,-0.0,-0.0
2014-03-25,0.010840914151559735,0.0,0.0
2014-03-26,-0.016084442746595116,-0.0,-0.0
2014-03-27,0.0013304348960943907,0.0,0.0
2014-03-28,-0.002651640012607781,-0.0,-0.0
2014-03-31,-0.020225180849469643,-0.0,-0.0
2014-04-01,-0.0006355981131106751,-0.0,-0.0
2014-04-02,-0.015619796776305624,-0.0,-0.0
2014-04-03,0.02779241463541336,0.0,0.0
2014-04-04,-0.014888037865971643,-0.0,-0.0
2014-04-07,0.0021574868032077036,0.0,0.0
2014-04-08,-0.004584886505976129,-0.0,-0.0
2014-04-09,-0.004871834088160515,-0.0,-0.0
2014-04-10,-0.006449704012373291,-0.0,-0.0
2014-04-11,-0.01153267447314142,-0.0,-0.0
2014-04-14,0.011728140786971448,0.0,0.0
2014-04-15,0.005939194314993637,0.0,0.0
2014-04-16,0.0,0.0,0.0
2014-04-17,0.0,0.0,0.0
2014-04-21,0.0,0.0,0.0
2014-04-22,-0.00018264925590473434,-0.0,-0.0
2014-04-23,0.0003427562090129936,0.0,0.0
2014-04-24,0.015570596174572918,0.0,0.0
2014-04-25,0.002037449391501691,0.0,0.0
2014-04-28,-1.5488805179783594e-05,-0.0,-0.0
2014-04-29,-0.0023316515836821474,-0.0,-0.0
2014-04-30,-0.001968078491672248,-0.0,-0.0
2014-05-01,-0.00672246427637165,-0.0,-0.0
2014-05-02,-0.0018745927322127987,-0.0,-0.0
2014-05-05,-0.0022805725988689378,-0.0,-0.0
2014-05-06,-0.007197372531025812,-0.0,-0.0
2014-05-07,0.005765625092721313,0.0,0.0
2014-05-08,0.0009132469449298804,0.0,0.0
2014-05-09,-0.003959761329694741,-0.0,-0.0
2014-05-12,-0.001022187800247492,-0.0,-0.0
2014-05-13,0.0005110656322663892,0.0,0.0
2014-05-14,0.0003533463294922649,0.0,0.0
2014-05-15,0.0007856497987925792,0.0,0.0
2014-05-16,-0.0034620460585992174,-0.0,-0.0
2014-05-19,-0.010451074015876183,-0.0,-0.0
2014-05-20,0.005889145921417769,0.0,0.0
2014-05-21,-0.02035942390320338,-0.0,-0.0
2014-05-22,0.012150065607038204,0.0,0.0
2014-05-23,-0.007312071166646608,-0.0,-0.0
2014-05-27,-0.016973297256465462,-0.0,-0.0
2014-05-28,0.03843299517112121,0.0,0.0
2014-05-29,-0.032992771352368146,-0.0,-0.0
2014-05-30,-0.009110828876709644,-0.0,-0.0
2014-06-02,0.0,0.0,0.0
2014-06-03,-0.0001693121693121693,-0.0,-0.0
2014-06-04,-0.009483182782128001,-0.0,-0.0
2014-06-05,0.0,0.0,0.0
2014-06-06,0.0,0.0,0.0
2014-06-09,0.0,0.0,0.0
2014-06-10,0.0,0.0,0.0
2014-06-11,-1.8591890325556104e-05,-0.0,-0.0
2014-06-12,0.005236758917440146,0.0,0.0
2014-06-13,5.393743095949444e-05,0.0,0.0
2014-06-16,-0.0009507977218423294,-0.0,-0.0
2014-06-17,0.004483361976732788,0.0,0.0
2014-06-18,0.00702482587584601,0.0,0.0
2014-06-19,-1.8400311213037454e-05,-0.0,-0.0
2014-06-20,0.006061860549282918,0.0,0.0
2014-06-23,-0.0024383836693400015,-0.0,-0.0
2014-06-24,0.0037753665319870486,0.0,0.0
2014-06-25,0.004702549134485271,0.0,0.0
2014-06-26,0.0005372094314571117,0.0,0.0
2014-06-27,-0.007913479716900979,-0.0,-0.0
2014-06-30,-0.006667063070484574,-0.0,-0.0
2014-07-01,0.004483649850047843,0.0,0.0
2014-07-02,-0.0051362954222073905,-0.0,-0.0
2014-07-03,-0.0010289929442314826,-0.0,-0.0
2014-07-07,-0.0006793021412787247,-0.0,-0.0
2014-07-08,-0.021035796084657547,-0.0,-0.0
2014-07-09,0.013449927245571156,0.0,0.0
2014-07-10,0.0024768698061233803,0.0,0.0
2014-07-11,0.009314962282703195,0.0,0.0
2014-07-14,0.0063007303354020855,0.0,0.0
2014-07-15,0.0026633212796674083,0.0,0.0
2014-07-16,-0.007010892389549946,-0.0,-0.0
2014-07-17,-0.0001577218091628486,-0.0,-0.0
2014-07-18,-0.010611442230580824,-0.0,-0.0
2014-07-21,-0.005395493553389936,-0.0,-0.0
2014-07-22,-0.0027228900595424707,-0.0,-0.0
2014-07-23,0.01467498546214371,0.0,0.0
2014-07-24,0.004686301642806535,0.0,0.0
2014-07-25,0.01581369955815465,0.0,0.0
2014-07-28,-0.0037987376466582087,-0.0,-0.0
2014-07-29,0.022309947290071356,0.0,0.0
2014-07-30,-0.006664561137507132,-0.0,-0.0
2014-07-31,0.020113843627831862,0.0,0.0
2014-08-01,-0.04572486027503692,-0.0,-0.0
2014-08-04,-0.0007528702903556895,-0.0,-0.0
2014-08-05,0.007646649577514415,0.0,0.0
2014-08-06,0.028083191660559507,0.0,0.0
2014-08-07,0.015202477705979404,0.0,0.0
2014-08-08,-0.007467843674857732,-0.0,-0.0
2014-08-11,-0.0017803062908666612,-0.0,-0.0
2014-08-12,0.002547648618055137,0.0,0.0
2014-08-13,0.01288901820155905,0.0,0.0
2014-08-14,-0.030334074425492012,-0.0,-0.0
2014-08-15,-0.004105679860490071,-0.0,-0.0
2014-08-18,-0.015939755610459874,-0.0,-0.0
2014-08-19,0.0698210517200508,0.0,0.0
2014-08-20,-0.019872530298792913,-0.0,-0.0
2014-08-21,0.02679098907698932,0.0,0.0
2014-08-22,-0.0006034247309169815,-0.0,-0.0
2014-08-25,-0.001652007602150919,-0.0,-0.0
2014-08-26,0.0016670387192598921,0.0,0.0
2014-08-27,-0.0005002441740942502,-0.0,-0.0
2014-08-28,0.0022925840799331073,0.0,0.0
2014-08-29,0.0016928191339458,0.0,0.0
2014-09-02,-0.0006060443986563117,-0.0,-0.0
2014-09-03,0.0005686574148745722,0.0,0.0
2014-09-04,0.0007586825963085979,0.0,0.0
2014-09-05,-0.00040175365513035375,-0.0,-0.0
2014-09-08,-2.723496083742207e-05,-0.0,-0.0
2014-09-09,0.0030691078374083403,0.0,0.0
2014-09-10,0.0001005779021726452,0.0,0.0
2014-09-11,0.0,0.0,0.0
2014-09-12,-4.711934634575781e-05,-0.0,-0.0
2014-09-15,-0.000792379446526894,-0.0,-0.0
2014-09-16,-0.010054312006157341,-0.0,-0.0
2014-09-17,0.004752104083831908,0.0,0.0
2014-09-18,0.009091861684465366,0.0,0.0
2014-09-19,0.03397363963063385,0.0,0.0
2014-09-22,0.0,0.0,0.0
2014-09-23,0.0,0.0,0.0
2014-09-24,-1.116859452795604e-05,-0.0,-0.0
2014-09-25,0.001007688896258781,0.0,0.0
2014-09-26,-0.015768267306778418,-0.0,-0.0
2014-09-29,-0.0033827292617385867,-0.0,-0.0
2014-09-30,0.015200403860158761,0.0,0.0
2014-10-01,0.011782687403137414,0.0,0.0
2014-10-02,-0.01572948889644656,-0.0,-0.0
2014-10-03,0.0009503623141711584,0.0,0.0
2014-10-06,0.0037689985666383916,0.0,0.0
2014-10-07,0.00031813567579836333,0.0,0.0
2014-10-08,-0.002589981993889462,-0.0,-0.0
2014-10-09,-0.002019306592650684,-0.0,-0.0
2014-10-10,-0.0018476970069145825,-0.0,-0.0
2014-10-13,-0.0003872301649189812,-0.0,-0.0
2014-10-14,0.00477158190616515,0.0,0.0
2014-10-15,-0.013511322794784932,-0.0,-0.0
2014-10-16,0.011089320881184217,0.0,0.0
2014-10-17,0.0056276279710874115,0.0,0.0
2014-10-20,-0.009800689673159132,-0.0,-0.0
2014-10-21,0.003060181719999907,0.0,0.0
2014-10-22,0.0021620513163167487,0.0,0.0
2014-10-23,0.006900929161934651,0.0,0.0
2014-10-24,0.0015850581453737884,0.0,0.0
2014-10-27,-0.009073215519235654,-0.0,-0.0
2014-10-28,0.006893850729779361,0.0,0.0
2014-10-29,0.0043687451844561615,0.0,0.0
2014-10-30,0.0013607136638777186,0.0,0.0
2014-10-31,0.0010081772221379685,0.0,0.0
2014-11-03,0.0034805611053199447,0.0,0.0
2014-11-04,0.0,0.0,0.0
2014-11-05,0.0,0.0,0.0
2014-11-06,-8.745049693023059e-05,-0.0,-0.0
2014-11-07,-0.009008479448695428,-0.0,-0.0
2014-11-10,0.0,0.0,0.0
2014-11-11,0.0,0.0,0.0
2014-11-12,0.0,0.0,0.0
2014-11-13,0.0,0.0,0.0
2014-11-14,0.0,0.0,0.0
2014-11-17,-8.261012116135526e-06,-0.0,-0.0
2014-11-18,0.0006937088416062986,0.0,0.0
2014-11-19,-0.0011704279964090726,-0.0,-0.0
2014-11-20,0.0008186426480107182,0.0,0.0
2014-11-21,0.0003730822896231193,0.0,0.0
2014-11-24,0.00019331006671144857,0.0,0.0
2014-11-25,0.001346587376358545,0.0,0.0
2014-11-26,-0.0007191933712580084,-0.0,-0.0
2014-11-28,-0.00024157876067257755,-0.0,-0.0
2014-12-01,-0.0018873915205548256,-0.0,-0.0
2014-12-02,0.0004660957654997951,0.0,0.0
2014-12-03,-0.009846094965492278,-0.0,-0.0
2014-12-04,0.0003163499802864185,0.0,0.0
2014-12-05,0.0018491076594065593,0.0,0.0
2014-12-08,0.0013745911665603984,0.0,0.0
2014-12-09,-0.00046980502140234805,-0.0,-0.0
2014-12-10,-0.004718668718203014,-0.0,-0.004718668718203014
2014-12-11,0.0022268447275972793,0.0,0.0
2014-12-12,0.008716766362435947,0.0,0.008716766362435947
2014-12-15,0.015291121061155974,0.0,0.015291121061155974
2014-12-16,-0.013514417678663489,-0.0,-0.0067572088393317445
2014-12-17,0.0035812731377162696,0.0,0.0017906365688581348
2014-12-18,-0.005130143166212457,-0.0,-0.0025650715831062286
2014-12-19,-0.009544715206946764,-0.0,-0.004772357603473382
2014-12-22,9.686458606370614e-07,0.0,4.843229303185307e-07
2014-12-23,-0.002173847461384368,-0.0,-0.001086923730692184
2014-12-24,-0.009788052552184538,-0.0,-0.004894026276092269
2014-12-26,0.007356643825973194,0.0,0.00735244413213806
2014-12-29,-0.021918661219418663,-0.0,-0.020915039460949372
2014-12-30,-0.004609794028992322,-0.0,-0.0
2014-12-31,-0.0010002791186454814,-0.0,-0.0
2015-01-02,-0.0026348747153779693,-0.0,-0.0
2015-01-05,-0.00010204637586619131,-0.0,-0.0
2015-01-06,0.01465650473917584,0.0,0.0
2015-01-07,-0.021871573977350338,-0.0,-0.016934044178783275
2015-01-08,-9.638692088975961e-05,-0.0,-6.819903274604194e-05
2015-01-09,-0.004011056975904361,-0.0,-0.002524463007535852
2015-01-12,0.0011587938905128687,0.0,0.0
2015-01-13,-0.00703403199927897,-0.0,-0.0
2015-01-14,0.0005631928739609484,0.0,0.0
2015-01-15,0.009156987543524604,0.0,0.0
2015-01-16,-0.0052321104631952,-0.0,-0.0
2015-01-20,0.01438022389024064,0.0,0.010208853513919699
2015-01-21,-0.024697107347257583,-0.0,-0.0
2015-01-22,0.04870162132856451,0.0,0.0
2015-01-23,0.0444146170191822,0.0,0.0
2015-01-26,-0.015773408423059656,-0.0,-0.0
2015-01-27,-9.45867179606712e-05,-0.0,-0.0
2015-01-28,0.016904406118615024,0.0,0.0
2015-01-29,0.0,0.0,0.0
2015-01-30,0.0,0.0,0.0
2015-02-02,-0.00018988471327313871,-0.0,-0.0
2015-02-03,-0.01587886354321607,-0.0,-0.0
2015-02-04,-0.0031726107090591705,-0.0,-0.0
2015-02-05,-0.0013944481926728499,-0.0,-0.0
2015-02-06,0.0015496590871794304,0.0,0.0
2015-02-09,-0.0006563017538008704,-0.0,-0.0
2015-02-10,0.009413766900786671,0.0,0.0
2015-02-11,0.006927035774525523,0.0,0.0
2015-02-12,-5.096154575985795e-05,-0.0,-0.0
2015-02-13,0.0029179104982284773,0.0,0.0
2015-02-17,-0.010148255846977398,-0.0,-0.0
2015-02-18,0.0012280374565005051,0.0,0.0
2015-02-19,0.013681733722422701,0.0,0.0
2015-02-20,-0.0016357705182381019,-0.0,-0.0
2015-02-23,0.0008049820613174527,0.0,0.0
2015-02-24,0.0001262022970301265,0.0,0.0
2015-02-25,-0.0021917900582535833,-0.0,-0.0
2015-02-26,-0.0020531136260329916,-0.0,-0.0
2015-02-27,-0.0014674270728711896,-0.0,-0.0
2015-03-02,0.004268898193046262,0.0,0.0
2015-03-03,-0.0007970737077949155,-0.0,-0.0
2015-03-04,0.001938783911851895,0.0,0.0
2015-03-05,-0.0008973848150694042,-0.0,-0.0
2015-03-06,-0.0004972058433635152,-0.0,-0.0
2015-03-09,0.0019723994927952713,0.0,0.0
2015-03-10,0.0005273587393844529,0.0,0.0
2015-03-11,-0.0015129337079191388,-0.0,-0.0
2015-03-12,-0.0007855172522648424,-0.0,-0.0
2015-03-13,0.0002360208585244554,0.0,0.0
2015-03-16,0.00031633336813928313,0.0,0.0
2015-03-17,-0.0004681933079541485,-0.0,-0.0
2015-03-18,-0.00151845017299381,-0.0,-0.0
2015-03-19,0.001685360052039139,0.0,0.0
2015-03-20,0.0018867817886884608,0.0,0.0
2015-03-23,0.0024661330360756357,0.0,0.0
2015-03-24,0.001940720424514488,0.0,0.0
2015-03-25,0.000735767428819455,0.0,0.0
2015-03-26,-0.0011028804320372357,-0.0,-0.0
2015-03-27,0.000534459057492669,0.0,0.0
2015-03-30,-0.00018572458814916263,-0.0,-0.0
2015-03-31,0.000274535454260258,0.0,0.0
2015-04-01,0.0018880373184332615,0.0,0.0
2015-04-02,0.004684445898682557,0.0,0.0
2015-04-06,-0.0009202295408713469,-0.0,-0.0
2015-04-07,-0.012131718589170145,-0.0,-0.0
2015-04-08,-0.0004844708427996751,-0.0,-0.0
2015-04-09,0.010468529376817633,0.0,0.0
2015-04-10,0.01036360123949552,0.0,0.0
2015-04-13,0.005716765306447359,0.0,0.0
2015-04-14,-0.00761471425731326,-0.0,-0.0
2015-04-15,-0.00014971524366715966,-0.0,-0.0
2015-04-16,0.005866429681021196,0.0,0.0
2015-04-17,0.024376349520902885,0.0,0.0
2015-04-20,-0.004595622535196676,-0.0,-0.0
2015-04-21,-0.00016882855283905344,-0.0,-0.0
2015-04-22,-0.002345091945520756,-0.0,-0.0
2015-04-23,0.00953087929375438,0.0,0.0
2015-04-24,0.011201721257609508,0.0,0.0
2015-04-27,0.0,0.0,0.0
2015-04-28,0.0,0.0,0.0
2015-04-29,0.0,0.0,0.0
2015-04-30,0.0,0.0,0.0
2015-05-01,0.0,0.0,0.0
2015-05-04,0.0,0.0,0.0
2015-05-05,0.0,0.0,0.0
2015-05-06,0.0,0.0,0.0
2015-05-07,0.0,0.0,0.0
2015-05-08,0.0,0.0,0.0
2015-05-11,0.0,0.0,0.0
2015-05-12,-1.0109216960827357e-05,-0.0,-0.0
2015-05-13,0.0005937391890102518,0.0,0.0
2015-05-14,0.0011795145759864755,0.0,0.0
2015-05-15,0.0005077940243501619,0.0,0.0
2015-05-18,-0.00013449570276778406,-0.0,-0.0
2015-05-19,-0.0005590202110961664,-0.0,-0.0
2015-05-20,-0.005239800080844363,-0.0,-0.0
2015-05-21,-0.0017212711098970185,-0.0,-0.0
2015-05-22,-0.0013815731517795853,-0.0,-0.0
2015-05-26,-0.006894007495107789,-0.0,-0.0
2015-05-27,-0.030453847338390544,-0.0,-0.0
2015-05-28,0.005870193662989834,0.0,0.0
2015-05-29,0.013627730509379524,0.0,0.0
2015-06-01,-0.01610818868312062,-0.0,-0.0
2015-06-02,-0.0037579875936741233,-0.0,-0.0
2015-06-03,-0.009334576883693418,-0.0,-0.0
2015-06-04,-0.005516589785413809,-0.0,-0.0
2015-06-05,-0.0007602652836743008,-0.0,-0.0
2015-06-08,0.005564334079321201,0.0,0.0
2015-06-09,0.009887802809444514,0.0,0.0
2015-06-10,-0.00174489186250493,-0.0,-0.0
2015-06-11,-0.005938238213213216,-0.0,-0.0
2015-06-12,-0.00816069865967645,-0.0,-0.0
2015-06-15,-0.005558359253739674,-0.0,-0.0
2015-06-16,0.0025935357109291273,0.0,0.0
2015-06-17,0.01763268495473397,0.0,0.0
2015-06-18,-0.004923544989204385,-0.0,-0.0
2015-06-19,-0.019423840298265466,-0.0,-0.0
2015-06-22,0.0005747851469829378,0.0,0.0
2015-06-23,0.006925815067653005,0.0,0.0
2015-06-24,-0.01649106156402507,-0.0,-0.0
2015-06-25,-0.0019695868909683683,-0.0,-0.0
2015-06-26,0.006937723010131484,0.0,0.0
2015-06-29,0.00916116488441663,0.0,0.0
2015-06-30,0.03304428365768636,0.0,0.0
2015-07-01,0.002448596236487209,0.0,0.0
2015-07-02,0.0007804692591176937,0.0,0.0
2015-07-06,0.0,0.0,0.0
2015-07-07,-0.0001693121693121693,-0.0,-0.0
2015-07-08,0.014456054698640317,0.0,0.0
2015-07-09,-0.004560372061092743,-0.0,-0.0
2015-07-10,-0.0001693121693121693,-0.0,-0.0
2015-07-13,-0.006167190694956967,-0.0,-0.0
2015-07-14,-0.0001693121693121693,-0.0,-0.0
2015-07-15,-0.012335503999777892,-0.0,-0.0
2015-07-16,0.006318900583979624,0.0,0.0
2015-07-17,-0.0011525773277641716,-0.0,-0.0
2015-07-20,0.00860797458598307,0.0,0.0
2015-07-21,0.010814153559654769,0.0,0.006090456805195745
2015-07-22,0.015026159258834774,0.0,0.009263033033306256
2015-07-23,0.0005973748512630782,0.0,0.000362440681743519
2015-07-24,0.0016620357162847237,0.0,0.0
2015-07-27,0.0019205831900887572,0.0,0.0
2015-07-28,0.003335872639926321,0.0,0.0
2015-07-29,-0.014642597027133265,-0.0,-0.0
2015-07-30,0.0036120513672076833,0.0,0.0
2015-07-31,0.013588718186031426,0.0,0.0
2015-08-03,-0.0050410322966271265,-0.0,-0.0
2015-08-04,0.002387010089067356,0.0,0.0
2015-08-05,0.0035952922305902747,0.0,0.0
2015-08-06,0.0164782048105224,0.0,0.0
2015-08-07,0.008928226756783689,0.0,0.0
2015-08-10,0.015905163712269996,0.0,0.0
2015-08-11,0.0,0.0,0.0
2015-08-12,-1.785281529657559e-05,-0.0,-0.0
2015-08-13,-0.003917012761426269,-0.0,-0.0
2015-08-14,0.0028431191268649962,0.0,0.0
2015-08-17,-0.0043992837200889515,-0.0,-0.0
2015-08-18,0.006549270714537752,0.0,0.0
2015-08-19,-0.0011087521443819196,-0.0,-0.0
2015-08-20,0.0052496236185040485,0.0,0.0
2015-08-21,0.0027447026177734083,0.0,0.0
2015-08-24,-0.003908292815596497,-0.0,-0.0
2015-08-25,-0.013582278601985865,-0.0,-0.0
2015-08-26,-0.015841776686286523,-0.0,-0.0
2015-08-27,0.004218855570665093,0.0,0.0
2015-08-28,0.0023253749033338073,0.0,0.0017310015414275925
2015-08-31,0.005782702990421116,0.0,0.0
2015-09-01,-0.038316868466173264,-0.0,-0.0
2015-09-02,-8.860013012355723e-05,-0.0,-0.0
2015-09-03,-0.0004039951763341204,-0.0,-0.0
2015-09-04,-0.000552307469918274,-0.0,-0.0
2015-09-08,-0.003571698768803878,-0.0,-0.0
2015-09-09,-0.002276824603992329,-0.0,-0.0
2015-09-10,-0.005725100095255335,-0.0,-0.0
2015-09-11,0.0064587006634299355,0.0,0.0
2015-09-14,-0.028596260004386455,-0.0,-0.0
2015-09-15,0.001778625137434871,0.0,0.0
2015-09-16,-0.006590038371587708,-0.0,-0.0
2015-09-17,-0.0009479799069277303,-0.0,-0.0
2015-09-18,0.012661724748578282,0.0,0.0
2015-09-21,-0.017057007591967283,-0.0,-0.0
2015-09-22,0.02708842773219997,0.0,0.0
2015-09-23,0.003978948036055566,0.0,0.0
2015-09-24,-0.002258397697295203,-0.0,-0.0
2015-09-25,0.0012171682226934809,0.0,0.0
2015-09-28,-0.016762448226302348,-0.0,-0.0
2015-09-29,-0.0004769198900359425,-0.0,-0.0
2015-09-30,0.027622048367290417,0.0,0.0
2015-10-01,0.007087604431157054,0.0,0.0
2015-10-02,-0.040344209423543914,-0.0,-0.0
2015-10-05,0.02329352249934456,0.0,0.0
2015-10-06,0.0065694580901793425,0.0,0.0
2015-10-07,-0.024514969354608215,-0.0,-0.0
2015-10-08,-0.022618456188235516,-0.0,-0.0
2015-10-09,-0.009995146014992967,-0.0,-0.0
2015-10-12,-0.017869045693761472,-0.0,-0.0
2015-10-13,-0.013357383483943674,-0.0,-0.0
2015-10-14,0.008233958289235638,0.0,0.0
2015-10-15,0.005769939808315319,0.0,0.0
2015-10-16,-0.006679083814776471,-0.0,-0.0
2015-10-19,-0.009292823374591459,-0.0,-0.0
2015-10-20,0.004885482847526084,0.0,0.0
2015-10-21,0.006280486540045944,0.0,0.0
2015-10-22,0.008167471258874823,0.0,0.0
2015-10-23,0.006046554043224659,0.0,0.0
2015-10-26,-0.010358417458087792,-0.0,-0.0
2015-10-27,0.013125214979511886,0.0,0.0
2015-10-28,-0.004426348105045986,-0.0,-0.0
2015-10-29,-0.008858744708225732,-0.0,-0.0
2015-10-30,0.009313041363638926,0.0,0.0
2015-11-02,0.014641758514904785,0.0,0.0
2015-11-03,0.013834973395312658,0.0,0.0
2015-11-04,-0.019349433380976666,-0.0,-0.0
2015-11-05,0.00781021438822716,0.0,0.0
2015-11-06,0.017241289326365827,0.0,0.0
2015-11-09,-0.0015878243413228006,-0.0,-0.0
2015-11-10,0.0006727527696641186,0.0,0.0
2015-11-11,-0.00618599062132091,-0.0,-0.0
2015-11-12,-0.010284314006419014,-0.0,-0.0
2015-11-13,-0.0009848916805253972,-0.0,-0.0
2015-11-16,-0.015148194027299111,-0.0,-0.0
2015-11-17,0.006406929277586108,0.0,0.0
2015-11-18,0.019660012315536775,0.0,0.0
2015-11-19,0.00686546729786484,0.0,0.0
2015-11-20,0.0022482292155769357,0.0,0.0
2015-11-23,-0.021654483151638638,-0.0,-0.0
2015-11-24,-0.0009610024289720326,-0.0,-0.0
2015-11-25,-7.015770942697371e-05,-0.0,-0.0
2015-11-27,-0.013326854736042972,-0.0,-0.0
2015-11-30,-0.0089964326668194,-0.0,-0.0
2015-12-01,0.021225653337498145,0.0,0.0
2015-12-02,-0.012962339528612074,-0.0,-0.0
2015-12-03,0.018042802975717774,0.0,0.0
2015-12-04,0.007082927496396001,0.0,0.0
2015-12-07,-0.005091706387437221,-0.0,-0.0
2015-12-08,-0.01158653642750024,-0.0,-0.0
2015-12-09,-0.008848197235501221,-0.0,-0.0
2015-12-10,-0.003116383537874421,-0.0,-0.0
2015-12-11,-0.03840140386705561,-0.0,-0.0
2015-12-14,-8.729728830530615e-06,-0.0,-0.0
2015-12-15,-0.0030201374198098535,-0.0,-0.0
2015-12-16,0.0,0.0,0.0
2015-12-17,0.0,0.0,0.0
2015-12-18,0.0,0.0,0.0
2015-12-21,0.0,0.0,0.0
2015-12-22,0.0,0.0,0.0
2015-12-23,-6.87361149636149e-05,-0.0,-0.0
2015-12-24,-0.0020384388003841167,-0.0,-0.0
2015-12-28,0.0,0.0,0.0
2015-12-29,0.0,0.0,0.0
2015-12-30,0.0,0.0,0.0
2015-12-31,0.0,0.0,0.0
2016-01-04,-7.095375971714592e-05,-0.0,-0.0
2016-01-05,-0.0018067460449894982,-0.0,-0.0
2016-01-06,0.0,0.0,0.0
2016-01-07,-6.625893578387677e-05,-0.0,-0.0
2016-01-08,-0.005407190181871549,-0.0,-0.0
2016-01-11,0.007525072166248429,0.0,0.0
2016-01-12,-0.0015660230971959162,-0.0,-0.0
2016-01-13,-0.012047109867890851,-0.0,-0.0
2016-01-14,-0.001227072003718823,-0.0,-0.0
2016-01-15,-0.001960413387250343,-0.0,-0.0
2016-01-19,0.007773398966741248,0.0,0.0
2016-01-20,0.011657339167530943,0.0,0.0
2016-01-21,-0.02443554198527159,-0.0,-0.0
2016-01-22,-7.165404363867843e-05,-0.0,-0.0
2016-01-25,-0.005339806321863011,-0.0,-0.0
2016-01-26,-0.00224811788933085,-0.0,-0.0
2016-01-27,-0.0022077248783757227,-0.0,-0.0
2016-01-28,0.0023485995788417625,0.0,0.0
2016-01-29,0.01583727558899131,0.0,0.0
2016-02-01,0.031100490127423865,0.0,0.0
2016-02-02,-0.02424255585297081,-0.0,-0.0
2016-02-03,-0.028219687189488463,-0.0,-0.0
2016-02-04,0.02712741684745327,0.0,0.01387234743855184
2016-02-05,-0.012413928956665198,-0.0,-0.002830942841869944
2016-02-08,-3.610780141942304e-05,-0.0,-7.4627891513801595e-06
2016-02-09,-0.021221690572674527,-0.0,-0.004318396732305703
2016-02-10,0.04454886768962949,0.0,0.0
2016-02-11,0.03401336915200464,0.0,0.0
2016-02-12,0.020616058730266326,0.0,0.0
2016-02-16,-0.050028334689234094,-0.0,-0.0
2016-02-17,-0.0015826666192358995,-0.0,-0.0
2016-02-18,-0.021630138076663193,-0.0,-0.0
2016-02-19,0.005387924386748168,0.0,0.0
2016-02-22,-0.0037129507855554224,-0.0,-0.0
2016-02-23,-0.038388463371679615,-0.0,-0.0
2016-02-24,0.01561323589777646,0.0,0.0
2016-02-25,0.005271019899900612,0.0,0.0
2016-02-26,-0.010605039500256586,-0.0,-0.0
2016-02-29,0.002987560057363481,0.0,0.0
2016-03-01,0.06536917750959512,0.0,0.0
2016-03-02,0.0002952911076715062,0.0,0.0
2016-03-03,-0.0018519432217493702,-0.0,-0.0
2016-03-04,0.001019277091390676,0.0,0.0
2016-03-07,0.005055326939378522,0.0,0.0
2016-03-08,0.004203951274120745,0.0,0.0
2016-03-09,0.005681996477767937,0.0,0.0
2016-03-10,0.001901276237857386,0.0,0.0
2016-03-11,0.0012131993454381118,0.0,0.0
2016-03-14,-0.0021451072281954905,-0.0,-0.0
2016-03-15,-0.00025124422871802767,-0.0,-0.0
2016-03-16,0.002654149660540224,0.0,0.0
2016-03-17,0.0029599104183287662,0.0,0.0
2016-03-18,-0.0026373580388635086,-0.0,-0.0
2016-03-21,0.0023397944246690986,0.0,0.0
2016-03-22,0.0001460631119354401,0.0,0.0
2016-03-23,-7.769132737332573e-06,-0.0,-0.0
2016-03-24,0.002225269316422392,0.0,0.0
2016-03-28,-0.0008124643362214056,-0.0,-0.0
2016-03-29,-0.000165185886644038,-0.0,-0.0
2016-03-30,0.0006857445736204402,0.0,0.0
2016-03-31,0.0027891447947752746,0.0,0.0
2016-04-01,0.014806283919158326,0.0,0.0
2016-04-04,-0.00821399415725048,-0.0,-0.0
2016-04-05,-0.00012629552531374602,-0.0,-0.0
2016-04-06,0.01903744156345851,0.0,0.0
2016-04-07,-0.0028084978863095068,-0.0,-0.0
2016-04-08,0.0,0.0,0.0
2016-04-11,0.0,0.0,0.0
2016-04-12,0.0,0.0,0.0
2016-04-13,0.0,0.0,0.0
2016-04-14,0.0,0.0,0.0
2016-04-15,0.0,0.0,0.0
2016-04-18,0.0,0.0,0.0
2016-04-19,0.0,0.0,0.0
2016-04-20,0.0,0.0,0.0
2016-04-21,0.0,0.0,0.0
2016-04-22,-4.845683877350061e-06,-0.0,-0.0
2016-04-25,0.002103124641694449,0.0,0.0
2016-04-26,-0.0006281181797839759,-0.0,-0.0
2016-04-27,0.0006546986639767818,0.0,0.0
2016-04-28,0.00110963439532192,0.0,0.0
2016-04-29,0.000418585497928306,0.0,0.0
2016-05-02,0.00472973021922535,0.0,0.0
2016-05-03,-0.0011690833707587213,-0.0,-0.0
2016-05-04,0.0,0.0,0.0
2016-05-05,-0.00017400641795759994,-0.0,-0.0
2016-05-06,-0.002123615115713838,-0.0,-0.0
2016-05-09,-0.018749908298502836,-0.0,-0.0
2016-05-10,0.009210932989935009,0.0,0.0
2016-05-11,0.03678072468577122,0.0,0.0
2016-05-12,-0.006701038114254272,-0.0,-0.0
2016-05-13,0.0,0.0,0.0
2016-05-16,0.0,0.0,0.0
2016-05-17,-4.5545868820479565e-06,-0.0,-0.0
2016-05-18,-0.0012926775079760533,-0.0,-0.0
2016-05-19,-0.0005462028922054436,-0.0,-0.0
2016-05-20,0.001996042631775092,0.0,0.0
2016-05-23,-0.005361847561081212,-0.0,-0.0
2016-05-24,0.0,0.0,0.0
2016-05-25,0.0,0.0,0.0
2016-05-26,0.0,0.0,0.0
2016-05-27,0.0,0.0,0.0
2016-05-31,0.0,0.0,0.0
2016-06-01,0.0,0.0,0.0
2016-06-02,0.0,0.0,0.0
2016-06-03,0.0,0.0,0.0
2016-06-06,0.0,0.0,0.0
2016-06-07,-0.00011600736908312198,-0.0,-0.0
2016-06-08,0.008728199829789063,0.0,0.0
2016-06-09,0.008658767180175836,0.0,0.0
2016-06-10,-0.010016088576881924,-0.0,-0.0
2016-06-13,-0.01114116553483882,-0.0,-0.0
2016-06-14,-0.0032607217258917576,-0.0,-0.0
2016-06-15,-0.0050637536223550605,-0.0,-0.0
2016-06-16,0.004134092184946743,0.0,0.0
2016-06-17,-0.0013803524444904712,-0.0,-0.0
2016-06-20,0.029781217237552296,0.0,0.0
2016-06-21,0.015371318177678096,0.0,0.0
2016-06-22,-0.006554277045828884,-0.0,-0.0
2016-06-23,0.0,0.0,0.0
2016-06-24,-0.00012030683146693138,-0.0,-0.0
2016-06-27,-0.009950714605720987,-0.0,-0.0
2016-06-28,-0.0018401139769717615,-0.0,-0.0
2016-06-29,-0.033734710596511036,-0.0,-0.0
2016-06-30,0.008148134274264324,0.0,0.0
2016-07-01,-0.002077578288573652,-0.0,-0.0
2016-07-05,-0.016221356834838357,-0.0,-0.0
2016-07-06,-0.009297311176219377,-0.0,-0.0
2016-07-07,0.0,0.0,0.0
2016-07-08,0.0,0.0,0.0
2016-07-11,-0.0001621633071076377,-0.0,-0.0
2016-07-12,-0.0018568946061965417,-0.0,-0.0
2016-07-13,0.0,0.0,0.0
2016-07-14,-0.000142447001228043,-0.0,-0.0
2016-07-15,-0.003319128091488641,-0.0,-0.0
2016-07-18,-0.010423407460987072,-0.0,-0.0
2016-07-19,0.013672142580731184,0.0,0.0
2016-07-20,-0.012610936395565204,-0.0,-0.0
2016-07-21,-0.019631679912693694,-0.0,-0.0
2016-07-22,0.028644584143144768,0.0,0.0
2016-07-25,-0.0105664187152676,-0.0,-0.0
2016-07-26,0.024123362244692498,0.0,0.0
2016-07-27,-0.001580965177039715,-0.0,-0.0
2016-07-28,0.00037771654843014776,0.0,0.0
2016-07-29,0.006705844870028061,0.0,0.0
2016-08-01,0.027255114701672554,0.0,0.0
2016-08-02,0.0386160752482365,0.0,0.0
2016-08-03,0.006568981788505593,0.0,0.0
2016-08-04,-0.000532019989690865,-0.0,-0.0
2016-08-05,-0.0006295963699643426,-0.0,-0.0
2016-08-08,0.000557177030536051,0.0,0.0
2016-08-09,0.0005833565578895724,0.0,0.0
2016-08-10,-0.015962281772664774,-0.0,-0.0
2016-08-11,0.03333814121775591,0.0,0.0
2016-08-12,-0.016933215394330597,-0.0,-0.0
2016-08-15,0.0025549677739718896,0.0,0.0
2016-08-16,-0.0003252609489168928,-0.0,-0.0
2016-08-17,0.031669479980529235,0.0,0.0
2016-08-18,0.00854902891237274,0.0,0.0
2016-08-19,0.001459735231940359,0.0,0.0
2016-08-22,0.0012872574482806782,0.0,0.0
2016-08-23,0.0012588321449221672,0.0,0.0
2016-08-24,-0.0021069260179752,-0.0,-0.0
2016-08-25,-0.00030079433717592017,-0.0,-0.0
2016-08-26,0.0003009776917694211,0.0,0.0
2016-08-29,-6.673863923589865e-07,-0.0,-0.0
2016-08-30,0.0013828253299561102,0.0,0.0
2016-08-31,-0.004160116669823484,-0.0,-0.0
2016-09-01,-0.019739225796063686,-0.0,-0.0
2016-09-02,0.017733570163662036,0.0,0.0
2016-09-06,-0.00028563455269637103,-0.0,-0.0
2016-09-07,-0.00027779292809467784,-0.0,-0.0
2016-09-08,0.0006082417303636882,0.0,0.0
2016-09-09,0.001331958243574472,0.0,0.0
2016-09-12,0.0005600773241947848,0.0,0.0
2016-09-13,-0.0009629871759660767,-0.0,-0.0
2016-09-14,-0.0003999044927387482,-0.0,-0.0
2016-09-15,-0.0023594729914213743,-0.0,-0.0
2016-09-16,-0.00034808182498076,-0.0,-0.0
2016-09-19,0.0005234442347075052,0.0,0.0
2016-09-20,0.0012342245605231697,0.0,0.0
2016-09-21,0.005603570444106634,0.0,0.0
2016-09-22,0.000946643902795435,0.0,0.0
2016-09-23,-6.8403157934219964e-06,-0.0,-0.0
2016-09-26,5.8623965154134264e-05,0.0,0.0
2016-09-27,-0.0007182042853248621,-0.0,-0.0
2016-09-28,0.0020794617043706633,0.0,0.0
2016-09-29,-0.0014185666506693457,-0.0,-0.0
2016-09-30,-0.003691398606349013,-0.0,-0.0
2016-10-03,0.0,0.0,0.0
2016-10-04,0.0,0.0,0.0
2016-10-05,0.0,0.0,0.0
2016-10-06,0.0,0.0,0.0
2016-10-07,0.0,0.0,0.0
2016-10-11,0.0,0.0,0.0
2016-10-12,0.0,0.0,0.0
2016-10-13,0.0,0.0,0.0
2016-10-14,0.0,0.0,0.0
2016-10-17,0.0,0.0,0.0
2016-10-18,0.0,0.0,0.0
2016-10-19,-5.782797695082335e-06,-0.0,-0.0
2016-10-20,-0.000911228704138515,-0.0,-0.0
2016-10-21,-0.00015356716965737822,-0.0,-0.0
2016-10-24,8.134475656416379e-05,0.0,0.0
2016-10-25,-0.0009176456508191738,-0.0,-0.0
2016-10-26,0.0,0.0,0.0
2016-10-27,0.0,0.0,0.0
2016-10-28,0.0,0.0,0.0
2016-10-31,0.0,0.0,0.0
2016-11-01,-0.0001693121693121693,-0.0,-0.0
2016-11-02,-0.016639963546888722,-0.0,-0.0
2016-11-03,0.0,0.0,0.0
2016-11-04,-1.1887006724859444e-05,-0.0,-0.0
2016-11-07,-0.004394441627876644,-0.0,-0.0
2016-11-08,-0.0037274135562674142,-0.0,-0.0
2016-11-09,-0.00559171947819411,-0.0,-0.0
2016-11-10,0.010601992099205938,0.0,0.0
2016-11-14,-0.018389065064153654,-0.0,-0.0
2016-11-15,-0.00020285854108383094,-0.0,-0.0
2016-11-16,-0.004431423572956169,-0.0,-0.0
2016-11-17,0.014104398184914997,0.0,0.0
2016-11-18,0.005844512958167499,0.0,0.0
2016-11-21,0.026314478179297295,0.0,0.0
2016-11-22,-0.006733173533180458,-0.0,-0.0
2016-11-23,-0.001977876479525129,-0.0,-0.0
2016-11-25,0.0033542865972289973,0.0,0.0
2016-11-28,-0.0003475335134203556,-0.0,-0.0
2016-11-29,-0.0001667799559080452,-0.0,-0.0
2016-11-30,-0.0019926270030189274,-0.0,-0.0
2016-12-01,-0.028638813594646095,-0.0,-0.0
2016-12-02,0.0,0.0,0.0
2016-12-05,0.0,0.0,0.0
2016-12-06,0.0,0.0,0.0
2016-12-07,0.0,0.0,0.0
2016-12-08,0.0,0.0,0.0
2016-12-09,-2.180160823003318e-06,-0.0,-0.0
2016-12-12,-7.717727089598443e-05,-0.0,-0.0
2016-12-13,0.00029311123606505344,0.0,0.0
2016-12-14,-0.00028011576353339693,-0.0,-0.0
2016-12-15,-0.0005796195989501275,-0.0,-0.0
2016-12-16,-0.00040207070681335885,-0.0,-0.0
2016-12-19,0.001023541088054233,0.0,0.0
2016-12-20,-0.0006188843048272367,-0.0,-0.0
2016-12-21,0.0021304749307534294,0.0,0.0
2016-12-22,-0.00023652322231004975,-0.0,-0.0
2016-12-23,-7.041223975247486e-05,-0.0,-0.0
2016-12-27,-8.636911873817218e-05,-0.0,-0.0
2016-12-28,5.071400173278476e-05,0.0,0.0
2016-12-29,-0.00034832747721693345,-0.0,-0.0
2016-12-30,-6.468083149735518e-05,-0.0,-0.0
2017-01-03,-0.001142069460125846,-0.0,-0.0
2017-01-04,-0.00011050859647132905,-0.0,-0.0
2017-01-05,0.0004499253384827266,0.0,0.0
2017-01-06,0.0001386256476690929,0.0,0.0
2017-01-09,0.0009147485552568984,0.0,0.0
2017-01-10,0.0011611624806616549,0.0,0.0
2017-01-11,-0.00022077498316398314,-0.0,-0.0
2017-01-12,-0.0011212017078792945,-0.0,-0.0
2017-01-13,-0.0005953850593848099,-0.0,-0.0
2017-01-17,0.0006682513434257268,0.0,0.0
2017-01-18,0.001120287287505817,0.0,0.0
2017-01-19,0.00038409528386338043,0.0,0.0
2017-01-20,-0.002292109453214742,-0.0,-0.0
2017-01-23,0.0002756695454696574,0.0,0.0
2017-01-24,0.0010767023759617527,0.0,0.0
2017-01-25,-0.031587333898118956,-0.0,-0.0
2017-01-26,-0.0058954395384151256,-0.0,-0.0
2017-01-27,0.0006072831713520565,0.0,0.0
2017-01-30,-0.009485217430109431,-0.0,-0.0
2017-01-31,-0.003526852924874411,-0.0,-0.0
2017-02-01,0.013162640391646432,0.0,0.0
2017-02-02,-0.04439888313388767,-0.0,-0.0
2017-02-03,0.0,0.0,0.0
2017-02-06,0.0,0.0,0.0
2017-02-07,-9.748867855807381e-05,-0.0,-0.0
2017-02-08,0.03923389351853124,0.0,0.0
2017-02-09,-0.0005499133856682317,-0.0,-0.0
2017-02-10,-0.0003433129011670793,-0.0,-0.0
2017-02-13,-0.025611406529263966,-0.0,-0.0
2017-02-14,-0.0032144026005973595,-0.0,-0.0
2017-02-15,0.00028838231462201795,0.0,0.0
2017-02-16,-0.02855263657447047,-0.0,-0.0
2017-02-17,-0.005095222361557766,-0.0,-0.0
2017-02-21,-0.03732892705923864,-0.0,-0.0
2017-02-22,0.01584191150804727,0.0,0.0
2017-02-23,-0.002551352228236101,-0.0,-0.0
2017-02-24,-0.0013296833927288025,-0.0,-0.0
2017-02-27,0.00807761658491929,0.0,0.0
2017-02-28,-0.009884207962828441,-0.0,-0.0
2017-03-01,0.0724478110341528,0.0,0.0
2017-03-02,0.0031732655553080684,0.0,0.0
2017-03-03,-0.0008444674836888585,-0.0,-0.0
2017-03-06,0.007137462679802217,0.0,0.0
2017-03-07,0.0015681950933431094,0.0,0.0
2017-03-08,0.008722388659541587,0.0,0.0
2017-03-09,-0.00225653809446015,-0.0,-0.0
2017-03-10,-0.0029435406308444666,-0.0,-0.0
2017-03-13,-0.007245642438773367,-0.0,-0.0
2017-03-14,0.008524632192475678,0.0,0.0
2017-03-15,-0.011526751063852567,-0.0,-0.0
2017-03-16,0.004227651074650009,0.0,0.0
2017-03-17,0.0020012628530394557,0.0,0.0
2017-03-20,0.006277770447593799,0.0,0.0
2017-03-21,0.003600097040402797,0.0,0.0
2017-03-22,0.012248650591242709,0.0,0.0
2017-03-23,-0.0031067840697420815,-0.0,-0.0
2017-03-24,0.0,0.0,0.0
2017-03-27,0.0,0.0,0.0
2017-03-28,0.0,0.0,0.0
2017-03-29,0.0,0.0,0.0
2017-03-30,0.0,0.0,0.0
2017-03-31,0.0,0.0,0.0
2017-04-03,-1.3730162100240937e-05,-0.0,-0.0
2017-04-04,0.0023938094142728194,0.0,0.0
2017-04-05,-1.2625625587107748e-05,-0.0,-0.0
2017-04-06,0.00016795412907224866,0.0,0.0
2017-04-07,0.0015894152146119704,0.0,0.0
2017-04-10,0.0008354234396126985,0.0,0.0
2017-04-11,0.0005811185262246785,0.0,0.0
2017-04-12,0.000667591005540911,0.0,0.0
2017-04-13,0.0003406819237822797,0.0,0.0
2017-04-17,-2.087176321848387e-07,-0.0,-0.0
2017-04-18,0.0020097913150363966,0.0,0.0
2017-04-19,-0.00010155709270613439,-0.0,-0.0
2017-04-20,0.0,0.0,0.0
2017-04-21,0.0,0.0,0.0
2017-04-24,0.0,0.0,0.0
2017-04-25,0.0,0.0,0.0
2017-04-26,0.0,0.0,0.0
2017-04-27,-0.00018799658011064619,-0.0,-0.0
2017-04-28,-0.008446205314652446,-0.0,-0.0
2017-05-01,-0.0028553075636898358,-0.0,-0.0
2017-05-02,0.012145177339414519,0.0,0.0
2017-05-03,0.014396076532912142,0.0,0.0
2017-05-04,0.001608421252924924,0.0,0.0
2017-05-05,0.00473864459404125,0.0,0.0
2017-05-08,0.007859916918996934,0.0,0.0
2017-05-09,-0.011705911910737807,-0.0,-0.0
2017-05-10,0.01212255220427199,0.0,0.0
2017-05-11,0.0082311048103689,0.0,0.0
2017-05-12,0.0,0.0,0.0
2017-05-15,0.0,0.0,0.0
2017-05-16,0.0,0.0,0.0
2017-05-17,0.0,0.0,0.0
2017-05-18,-2.5431879138620932e-05,-0.0,-0.0
2017-05-19,-0.002171905643505877,-0.0,-0.0
2017-05-22,0.002573235990403949,0.0,0.0
2017-05-23,0.009972026852883115,0.0,0.0
2017-05-24,0.0016300852329708465,0.0,0.0
2017-05-25,0.0,0.0,0.0
2017-05-26,0.0,0.0,0.0
2017-05-30,-2.8410909263495227e-05,-0.0,-0.0
2017-05-31,-0.003721891604220084,-0.0,-0.0
2017-06-01,-0.00043017521820725487,-0.0,-0.0
2017-06-02,0.006995175728850744,0.0,0.0
2017-06-05,-0.005181905783090283,-0.0,-0.0
2017-06-06,-0.002879825820220585,-0.0,-0.0
2017-06-07,0.008125485800699394,0.0,0.0
2017-06-08,0.004789842011417101,0.0,0.0
2017-06-09,0.0017273758092078543,0.0,0.0
2017-06-12,-0.001917101014594308,-0.0,-0.0
2017-06-13,0.0008773363857288512,0.0,0.0
2017-06-14,0.0001777275367205344,0.0,0.0
2017-06-15,0.0032503111765982704,0.0,0.0
2017-06-16,0.0127225483323191,0.0,0.0
2017-06-19,0.007936555200917668,0.0,0.0
2017-06-20,0.0014046134279746983,0.0,0.0
2017-06-21,0.0,0.0,0.0
2017-06-22,-1.97633635196651e-05,-0.0,-0.0
2017-06-23,0.0008392488226151297,0.0,0.0
2017-06-26,-0.0013100739450858734,-0.0,-0.0
2017-06-27,-0.0006533507757925964,-0.0,-0.0
2017-06-28,0.0026401306172309574,0.0,0.0
2017-06-29,-0.001322798849420606,-0.0,-0.0
2017-06-30,-0.010068296704507883,-0.0,-0.0
2017-07-03,0.0,0.0,0.0
2017-07-05,0.0,0.0,0.0
2017-07-06,0.0,0.0,0.0
2017-07-07,0.0,0.0,0.0
2017-07-10,0.0,0.0,0.0
2017-07-11,0.0,0.0,0.0
2017-07-12,0.0,0.0,0.0
2017-07-13,0.0,0.0,0.0
2017-07-14,0.0,0.0,0.0
2017-07-17,0.0,0.0,0.0
2017-07-18,0.0,0.0,0.0
2017-07-19,0.0,0.0,0.0
2017-07-20,0.0,0.0,0.0
2017-07-21,0.0,0.0,0.0
2017-07-24,0.0,0.0,0.0
2017-07-25,0.0,0.0,0.0
2017-07-26,0.0,0.0,0.0
2017-07-27,0.0,0.0,0.0
2017-07-28,0.0,0.0,0.0
2017-07-31,0.0,0.0,0.0
2017-08-01,0.0,0.0,0.0
2017-08-02,-1.4385711345181966e-05,-0.0,-0.0
2017-08-03,-0.002382187392703641,-0.0,-0.0
2017-08-04,0.0013499908773906529,0.0,0.0
2017-08-07,-0.0013305205935836362,-0.0,-0.0
2017-08-08,9.367113737925743e-05,0.0,0.0
2017-08-09,-0.0015766639022228148,-0.0,-0.0
2017-08-10,-0.0015499677426509826,-0.0,-0.0
2017-08-11,0.0002719927213910549,0.0,0.0
2017-08-14,0.0012453373034696773,0.0,0.0
2017-08-15,-0.000964516446204942,-0.0,-0.0
2017-08-16,-0.002058809890538401,-0.0,-0.0
2017-08-17,-0.0037950713952103763,-0.0,-0.0
2017-08-18,-0.0022112062296573893,-0.0,-0.0
2017-08-21,-0.0006199405993859002,-0.0,-0.0
2017-08-22,0.00045671832167402954,0.0,0.0
2017-08-23,0.0005187431660511471,0.0,0.0
2017-08-24,-0.003224652797793154,-0.0,-0.0
2017-08-25,0.00048690923465610195,0.0,0.0
2017-08-28,-0.005245908297784908,-0.0,-0.0
2017-08-29,-0.0015751031500722428,-0.0,-0.0
2017-08-30,0.004190140791487516,0.0,0.0
2017-08-31,-0.0019923303092922225,-0.0,-0.0
2017-09-01,0.0010903781464571462,0.0,0.0
2017-09-05,0.002755363356158353,0.0,0.0
2017-09-06,-0.0028262330325576753,-0.0,-0.0
2017-09-07,-0.0029799213471087584,-0.0,-0.0
2017-09-08,-0.0072421038701291456,-0.0,-0.0
2017-09-11,0.004102047283248513,0.0,0.0
2017-09-12,-0.0018769912208220108,-0.0,-0.0
2017-09-13,0.0011443026915121455,0.0,0.0
2017-09-14,0.00176871835648477,0.0,0.0
2017-09-15,-0.0009142376538860444,-0.0,-0.0
2017-09-18,0.0009428361300033987,0.0,0.0
2017-09-19,-0.0005468752483436816,-0.0,-0.0
2017-09-20,-0.0013260648737319137,-0.0,-0.0
2017-09-21,-2.987818164584186e-07,-0.0,-0.0
2017-09-22,-0.001874635646357938,-0.0,-0.0
2017-09-25,-0.003477925807506388,-0.0,-0.0
2017-09-26,0.0014079468081519661,0.0,0.0
2017-09-27,0.004566899303763669,0.0,0.0
2017-09-28,-0.0005789123718114727,-0.0,-0.0
2017-09-29,-0.0001221859944170897,-0.0,-0.0
2017-10-02,0.0022060186256995786,0.0,0.0
2017-10-03,-0.00027001621642957254,-0.0,-0.0
2017-10-04,-0.0015880717566995714,-0.0,-0.0
2017-10-05,-0.0026397183488072085,-0.0,-0.0
2017-10-06,-0.0008190859801481648,-0.0,-0.0
2017-10-09,0.0008215353231979789,0.0,0.0
2017-10-10,0.004450116767869335,0.0,0.0
2017-10-11,0.000475018423699001,0.0,0.0
2017-10-12,-9.279632247847506e-05,-0.0,-0.0
2017-10-13,-0.0006514734512521854,-0.0,-0.0
2017-10-16,-0.0021946857168205543,-0.0,-0.0
2017-10-17,-0.00047886632552629667,-0.0,-0.0
2017-10-18,-0.001047720643636309,-0.0,-0.0
2017-10-19,0.001616852696591029,0.0,0.0
2017-10-20,-0.0032702310438883792,-0.0,-0.0
2017-10-23,0.0077231833399521,0.0,0.0
2017-10-24,-0.0037695708234196804,-0.0,-0.0
2017-10-25,-0.0037659746651412303,-0.0,-0.0
2017-10-26,-0.003624424858087977,-0.0,-0.0
2017-10-27,0.0012231313615026244,0.0,0.0
2017-10-30,-0.0020576667519372704,-0.0,-0.0
2017-10-31,-0.002314110135981511,-0.0,-0.0
2017-11-01,-7.376138644845524e-07,-0.0,-0.0
2017-11-02,0.008802011612976914,0.0,0.0
2017-11-03,-0.003419370191875719,-0.0,-0.0
2017-11-06,-0.00408035467114282,-0.0,-0.0
2017-11-07,0.003490431060159855,0.0,0.0
2017-11-08,-0.0014829449333038033,-0.0,-0.0
2017-11-09,-0.000631577506388153,-0.0,-0.0
2017-11-10,-0.0001565341035400412,-0.0,-0.0
2017-11-13,0.00294288230211281,0.0,0.0
2017-11-14,-0.0008497298170720222,-0.0,-0.0
2017-11-15,-0.00022616662265043748,-0.0,-0.0
2017-11-16,0.002397552744046679,0.0,0.0
2017-11-17,0.0003736991127756575,0.0,0.0
2017-11-20,0.00029562317723817245,0.0,0.0
2017-11-21,0.002926454025053281,0.0,0.0
2017-11-22,0.003772724703821992,0.0,0.0
2017-11-24,-2.8788092672812772e-05,-0.0,-0.0
2017-11-27,0.007298524802557418,0.0,0.0
2017-11-28,-0.0010213774352201613,-0.0,-0.0
2017-11-29,0.0015269301139581612,0.0,0.0
2017-11-30,0.002955406979665025,0.0,0.0
2017-12-01,-0.008671618109803813,-0.0,-0.0
2017-12-04,-2.4319164875278268e-05,-0.0,-0.0
2017-12-05,0.0018948685748355822,0.0,0.0
2017-12-06,-0.0140254012838983,-0.0,-0.0
2017-12-07,0.017790858979914764,0.0,0.0
2017-12-08,0.0051771407581821145,0.0,0.0
2017-12-11,0.002344226508755933,0.0,0.0
2017-12-12,-0.006234609977319271,-0.0,-0.0
2017-12-13,-0.0247150423578908,-0.0,-0.0
2017-12-14,0.006629591756075573,0.0,0.0
2017-12-15,-0.028538099194684256,-0.0,-0.0
2017-12-18,0.029960338215809304,0.0,0.0
2017-12-19,0.020967492793862938,0.0,0.0
2017-12-20,0.022988156807755372,0.0,0.0
2017-12-21,0.006080962584858976,0.0,0.0
2017-12-22,0.015873323931812088,0.0,0.0
2017-12-26,-0.004881899927443977,-0.0021166640899509524,-0.0021166640899509524
2017-12-27,0.001733203867831606,0.0,0.0
2017-12-28,-0.0027736996546416652,-0.0,-0.0
2017-12-29,0.005250605046393636,0.0,0.0
2018-01-02,-0.0226022841399026,-0.0,-0.0
2018-01-03,0.0025346586021803693,0.0,0.0
2018-01-04,-0.0028800530623316833,-0.0,-0.0
2018-01-05,-0.010071454979697693,-0.0,-0.0
2018-01-08,-0.005903610866521016,-0.0,-0.0
2018-01-09,0.015050744569605166,0.0,0.0
2018-01-10,-0.021607528488380906,-0.0,-0.0
2018-01-11,-0.0063174529306700335,-0.0,-0.0
2018-01-12,0.0005162001481529,0.0,0.0
2018-01-16,-0.0024598667762138777,-0.0,-0.0
2018-01-17,0.007460580048689785,0.0,0.0
2018-01-18,0.011058854223991029,0.0,0.0
2018-01-19,-0.0023968576938497577,-0.0,-0.0
2018-01-22,0.0015476589583826301,0.0,0.0
2018-01-23,0.003236912971835659,0.0,0.0
2018-01-24,-0.012746445112252609,-0.0,-0.0
2018-01-25,0.007462788670796154,0.0,0.0
2018-01-26,0.0033668215039034614,0.0,0.0
2018-01-29,-0.0047989546675695684,-0.0,-0.0
2018-01-30,-0.019691013304583393,-0.0,-0.0
2018-01-31,-0.0033129996690936855,-0.0,-0.0
2018-02-01,-0.023724324230621586,-0.0,-0.0
2018-02-02,-0.017343149866629035,-0.0,-0.0
2018-02-05,0.0,0.0,0.0
2018-02-06,0.0,0.0,0.0
2018-02-07,0.0,0.0,0.0
2018-02-08,0.0,0.0,0.0
2018-02-09,0.0,0.0,0.0
2018-02-12,0.0,0.0,0.0
2018-02-13,0.0,0.0,0.0
2018-02-14,0.0,0.0,0.0
2018-02-15,0.0,0.0,0.0
2018-02-16,0.0,0.0,0.0
2018-02-20,0.0,0.0,0.0
2018-02-21,0.0,0.0,0.0
2018-02-22,-0.0001693121693121693,-0.0,-0.0
2018-02-23,-0.0012984524420102078,-0.0,-0.0
2018-02-26,0.00554461515663797,0.0,0.0
2018-02-27,-0.0010426919850861993,-0.0,-0.0
2018-02-28,-0.011967244962107926,-0.0,-0.0
2018-03-01,-0.00936759606936167,-0.0,-0.0
2018-03-02,-0.0011398582395234008,-0.0,-0.0
2018-03-05,-0.002770722968542186,-0.0,-0.0
2018-03-06,-9.486221821644803e-06,-0.0,-0.0
2018-03-07,0.00841870397231193,0.0,0.0
2018-03-08,0.0030859135872810697,0.0,0.0
2018-03-09,-0.01906591645316996,-0.0,-0.0
2018-03-12,0.001653173955604174,0.0,0.0
2018-03-13,0.010518029777507747,0.0,0.0
2018-03-14,0.014868549022514624,0.0,0.0
2018-03-15,-0.0028527913239704142,-0.0,-0.0
2018-03-16,-0.009501191253143844,-0.0,-0.0
2018-03-19,-0.007164598456294187,-0.0,-0.0
2018-03-20,0.011522610894718701,0.0,0.0
2018-03-21,0.005045085912167057,0.0,0.0
2018-03-22,0.011023456595442835,0.0,0.0
2018-03-23,-0.007455860558499044,-0.0,-0.0
2018-03-26,-0.006281180857754445,-0.0,-0.0
2018-03-27,0.006177650752453679,0.0,0.0
2018-03-28,0.009542092878846877,0.0,0.0
2018-03-29,-0.0030385031583482864,-0.0,-0.0
2018-04-02,-1.3950556271420857e-05,-0.0,-0.0
2018-04-03,-2.8782998214177424e-05,-0.0,-0.0
2018-04-04,0.0034446491218519796,0.0,0.0
2018-04-05,-0.0013824946424593944,-0.0,-0.0
2018-04-06,-0.003171879622550807,-0.0,-0.0
2018-04-09,-0.0021624828558872333,-0.0,-0.0
2018-04-10,-0.0035988221905777396,-0.0,-0.0
2018-04-11,0.003423964403029761,0.0,0.0
2018-04-12,0.0033348794868921236,0.0,0.0
2018-04-13,-0.0028748162038235614,-0.0,-0.0
2018-04-16,0.0014119927815000434,0.0,0.0
2018-04-17,0.0014614179859508518,0.0,0.0
2018-04-18,0.0005189681678545271,0.0,0.0
2018-04-19,-0.005052373625449843,-0.0,-0.0
2018-04-20,0.009811645944316862,0.0,0.0
2018-04-23,0.011544598297699627,0.0,0.0
2018-04-24,-0.0008864580118238261,-0.0,-0.0
2018-04-25,0.0019893144913974733,0.0,0.0
2018-04-26,-0.005636444686921022,-0.0,-0.0
2018-04-27,9.169023065485081e-05,0.0,0.0
2018-04-30,-0.0005306223362278059,-0.0,-0.0
2018-05-01,-0.011523478199359673,-0.0,-0.0
2018-05-02,0.028161084717125008,0.0,0.0
2018-05-03,0.0019092652591514267,0.0,0.0
2018-05-04,0.00017411324154986644,0.0,0.0
2018-05-07,-0.0012591388755689022,-0.0,-0.0
2018-05-08,-0.0015241677523529337,-0.0,-0.0
2018-05-09,-0.0012149101387314847,-0.0,-0.0
2018-05-10,-0.00017274243847141776,-0.0,-0.0
2018-05-11,-0.001330268957236707,-0.0,-0.0
2018-05-14,-0.0036410041703342087,-0.0,-0.0
2018-05-15,0.0006307081145376002,0.0,0.0
2018-05-16,-0.002698904837128921,-0.0,-0.0
2018-05-17,-7.914633236091168e-05,-0.0,-0.0
2018-05-18,0.002220434311604685,0.0,0.0
2018-05-21,0.0009528934607662134,0.0,0.0
2018-05-22,-0.00171093009408417,-0.0,-0.0
2018-05-23,-0.0019204429506466648,-0.0,-0.0
2018-05-24,-0.00043415371317135953,-0.0,-0.0
2018-05-25,-0.0017132202563387732,-0.0,-0.0
2018-05-29,-0.0003571735501491154,-0.0,-0.0
2018-05-30,-0.002205239735213333,-0.0,-0.0
2018-05-31,-0.004368164286312068,-0.0,-0.0
2018-06-01,-0.004453923009457518,-0.0,-0.0
2018-06-04,0.007818391070903537,0.0,0.0
2018-06-05,0.003953437237069609,0.0,0.0
2018-06-06,-0.003611602389666833,-0.0,-0.0
2018-06-07,-0.003184221224839967,-0.0,-0.0
2018-06-08,0.002683874628102013,0.0,0.0
2018-06-11,0.0014352297695817697,0.0,0.0
2018-06-12,0.00315640530389732,0.0,0.0
2018-06-13,-0.0021207270101020847,-0.0,-0.0
2018-06-14,0.0037800653068183654,0.0,0.0
2018-06-15,0.0023975044755606477,0.0,0.0
2018-06-18,-0.0038634335138793886,-0.0,-0.0
2018-06-19,-0.0017555864440723936,-0.0,-0.0
2018-06-20,0.004949895554758502,0.0,0.0
2018-06-21,0.0033581132570684137,0.0,0.0
2018-06-22,0.0016793413164667142,0.0,0.0
2018-06-25,0.0009691766260925166,0.0,0.0
2018-06-26,-0.0001479828938573677,-0.0,-0.0
2018-06-27,0.003382621447982872,0.0,0.0
2018-06-28,-0.009465545178930848,-0.0,-0.0
2018-06-29,0.019527454901109454,0.0,0.0
2018-07-02,-0.04743614351385636,-0.0,-0.0
2018-07-03,0.0018803393526350535,0.0,0.0
2018-07-05,0.018534746907859043,0.0,0.0
2018-07-06,-0.01941097179332031,-0.0,-0.0
2018-07-09,0.016839104839203627,0.0,0.0
2018-07-10,0.002393795886808628,0.0,0.0
2018-07-11,-0.004062200335825557,-0.0,-0.0
2018-07-12,0.004585208650657035,0.0,0.0
2018-07-13,0.012465545618756853,0.0,0.0
2018-07-16,-0.02642503417029722,-0.0,-0.0
2018-07-17,0.016582933525454802,0.0,0.0
2018-07-18,0.0019779160176333303,0.0,0.0
2018-07-19,-0.015891862155085517,-0.0,-0.0
2018-07-20,-0.002076416461560121,-0.0,-0.0
2018-07-23,0.07528653059584475,0.0,0.0
2018-07-24,-0.003944157059661583,-0.0,-0.0
2018-07-25,0.0,0.0,0.0
2018-07-26,0.0,0.0,0.0
2018-07-27,0.0,0.0,0.0
2018-07-30,-8.502046840833633e-06,-0.0,-0.0
2018-07-31,0.002621663084290288,0.0,0.0
2018-08-01,0.004136236668006664,0.0,0.0
2018-08-02,-0.006589482586414838,-0.0,-0.0
2018-08-03,0.0034380384695282635,0.0,0.0
2018-08-06,6.415794317311303e-05,0.0,0.0
2018-08-07,0.014030803898138844,0.0,0.0
2018-08-08,-0.0006900303347455513,-0.0,-0.0
2018-08-09,-0.00024404230024605364,-0.0,-0.0
2018-08-10,-0.0003216261639118463,-0.0,-0.0
2018-08-13,-0.003785412884914622,-0.0,-0.0
2018-08-14,3.0848920741254467e-05,0.0,0.0
2018-08-15,0.0010172102019767564,0.0,0.0
2018-08-16,0.0006675650993644348,0.0,0.0
2018-08-17,-0.0001477272557625093,-0.0,-0.0
2018-08-20,-0.00048536707792030097,-0.0,-0.0
2018-08-21,-0.007546920629336689,-0.0,-0.0
2018-08-22,0.006322815204164391,0.0,0.0
2018-08-23,-0.0034647425298500035,-0.0,-0.0
2018-08-24,0.0,0.0,0.0
2018-08-27,0.0,0.0,0.0
2018-08-28,0.0,0.0,0.0
2018-08-29,0.0,0.0,0.0
2018-08-30,0.0,0.0,0.0
2018-08-31,0.0,0.0,0.0
2018-09-04,0.0,0.0,0.0
2018-09-05,-1.8906301285998952e-05,-0.0,-0.0
2018-09-06,-0.001027662305584094,-0.0,-0.0
2018-09-07,-0.002086810217172358,-0.0,-0.0
2018-09-10,-0.004413736087414113,-0.0,-0.0
2018-09-11,0.00011434841196637246,0.0,0.0
2018-09-12,0.002425960020136746,0.0,0.0
2018-09-13,-0.0011741731767713724,-0.0,-0.0
2018-09-14,0.0024642300680561982,0.0,0.0
2018-09-17,-0.00019904671053843715,-0.0,-0.0
2018-09-18,-0.00018818982558613836,-0.0,-0.0
2018-09-19,0.004151994904626868,0.0,0.0
2018-09-20,0.0017377263900890294,0.0,0.0
2018-09-21,-0.0005484373808636958,-0.0,-0.0
2018-09-24,-0.007646434007130398,-0.0,-0.0
2018-09-25,-0.0032384072545918723,-0.0,-0.0
2018-09-26,-0.0010994414995379466,-0.0,-0.0
2018-09-27,0.0010177037512221366,0.0,0.0
2018-09-28,0.0007693609697037682,0.0,0.0
2018-10-01,-0.0012230446658046763,-0.0,-0.0
2018-10-02,0.000633905383728685,0.0,0.0
2018-10-03,-0.001776752123005413,-0.0,-0.0
2018-10-04,-0.0022551688672696746,-0.0,-0.0
2018-10-05,0.002604728651512486,0.0,0.0
2018-10-08,0.0012001784531421745,0.0,0.0
2018-10-09,-0.0025113891783314444,-0.0,-0.0
2018-10-10,0.0007902795627472477,0.0,0.0
2018-10-11,0.004056433913116483,0.0,0.0
2018-10-12,0.0012162966630550843,0.0,0.0
2018-10-15,-0.00540136236117711,-0.0,-0.0
2018-10-16,0.019967577332091695,0.0,0.0
2018-10-17,-0.011112771723542046,-0.0,-0.0
2018-10-18,-0.0021837032474422186,-0.0,-0.0
2018-10-19,-0.00013798522449783582,-0.0,-0.0
2018-10-22,-6.617183125433692e-07,-0.0,-0.0
2018-10-23,0.004472431180889221,0.0,0.0
2018-10-24,0.005565572948653679,0.0,0.0
2018-10-25,-0.0018053857768072703,-0.0,-0.0
2018-10-26,-0.006675327605918514,-0.0,-0.0
2018-10-29,0.015924459939837717,0.0,0.0
2018-10-30,0.005328054902305672,0.0,0.0
2018-10-31,-0.015915536948799738,-0.0,-0.0
2018-11-01,-0.02128195438096731,-0.0,-0.0
2018-11-02,0.01825140529503885,0.0,0.0
2018-11-05,-0.014417709695483385,-0.0,-0.0
2018-11-06,0.01961812442888883,0.0,0.0
2018-11-07,-0.030049780117284257,-0.0,-0.0
2018-11-08,0.01826867125547931,0.0,0.0
2018-11-09,-0.008302320926367918,-0.0,-0.0
2018-11-12,0.014645473323144536,0.0,0.0
2018-11-13,0.006672228493966887,0.0,0.0
2018-11-14,0.0027429936905566644,0.0,0.0
2018-11-15,-0.007710687843968372,-0.0,-0.0
2018-11-16,0.014254291290223688,0.0,0.0
2018-11-19,0.00018079942353926674,0.0,0.0
2018-11-20,0.0039464349159690935,0.0,0.0
2018-11-21,-0.008701569816867566,-0.0,-0.0
2018-11-23,-0.013587183255769604,-0.0,-0.0
2018-11-26,0.016013036215022806,0.0,0.0
2018-11-27,-0.02876487324543685,-0.0,-0.0
2018-11-28,0.004160411335488937,0.0,0.0
2018-11-29,0.017678925405368407,0.0,0.0
2018-11-30,0.002370469047307037,0.0,0.0
2018-12-03,-0.03211475549705435,-0.0,-0.0
2018-12-04,0.0035748203891992876,0.0,0.0
2018-12-06,0.013885558880137122,0.0,0.0
2018-12-07,0.01680735248754175,0.0,0.0
2018-12-10,-0.014420488091840029,-0.0,-0.005738527822479261
2018-12-11,-0.0033887821159414495,-0.0,-0.0
2018-12-12,-1.964758759928284e-05,-0.0,-0.0
2018-12-13,0.007445230962844249,0.0,0.0
2018-12-14,-0.008354137941383092,-0.0,-0.0
2018-12-17,0.014862496117139518,0.0,0.0
2018-12-18,0.03306644787492943,0.0,0.0
2018-12-19,0.005936102541051543,0.0025831098541817346,0.0025831098541817346
2018-12-20,0.0,0.0,0.0
2018-12-21,-2.7276423139514002e-05,-1.0740597965136232e-05,-1.0740597965136232e-05
2018-12-24,-0.0017665906814132353,-0.0,-0.0
2018-12-26,0.0018905947707573514,0.0,0.0
2018-12-27,-0.0043204874142528,-0.0017634334364682288,-0.0017634334364682288
2018-12-28,-0.004259756134210732,-0.0,-0.0
2018-12-31,0.00905063227004812,0.0,0.0
2019-01-02,-0.004271008193596886,-0.0019948990986809914,-0.0019948990986809914
2019-01-03,0.02421741523365585,0.0,0.0
2019-01-04,-0.015014850878774903,-0.007175975213079045,-0.007175975213079045
2019-01-07,-0.023228143496620838,-0.0,-0.0
2019-01-08,0.0016928206418715067,0.0,0.0
2019-01-09,-0.0017021866136642833,-0.0,-0.0
2019-01-10,0.010029974045174054,0.0,0.0
2019-01-11,-0.009343690142730909,-0.0,-0.0
2019-01-14,-0.01616953740524403,-0.0,-0.0
2019-01-15,0.0005799638127780838,0.0,0.0
2019-01-16,0.011968274022079652,0.0,0.0
2019-01-17,0.020096885144023188,0.0,0.0
2019-01-18,-0.027428655065636024,-0.0,-0.0
2019-01-22,-0.01814289281788863,-0.0,-0.0
2019-01-23,-0.033211809308243835,-0.0,-0.0
2019-01-24,-0.01535009420736741,-0.0,-0.0
2019-01-25,-0.010029823602979042,-0.0,-0.0
2019-01-28,-0.015275956621811162,-0.0,-0.0
2019-01-29,0.0008239874796626748,0.0,0.0
2019-01-30,-0.004672742115133242,-0.0,-0.0
2019-01-31,-0.004875746884172765,-0.0,-0.0
2019-02-01,-0.015809073205671195,-0.0,-0.0
2019-02-04,0.012616002361850094,0.0,0.0
2019-02-05,0.0026129470149905965,0.0,0.0
2019-02-06,0.002082706203213029,0.0,0.0
2019-02-07,0.0017791009679218252,0.0,0.0
2019-02-08,0.0021383387916916034,0.0,0.0
2019-02-11,-0.015144302498647204,-0.0,-0.0
2019-02-12,-0.011558622108937204,-0.0,-0.0
2019-02-13,0.027249870471521668,0.0,0.0
2019-02-14,0.04495102858138131,0.0,0.0
2019-02-15,0.04615933629800506,0.0,0.0
2019-02-19,-0.030275038984933347,-0.0,-0.0
2019-02-20,0.0009581809802941337,0.0,0.0
2019-02-21,0.009970042912758721,0.0,0.0
2019-02-22,0.0012871592728674762,0.0,0.0
2019-02-25,0.003005130680175637,0.0,0.0
2019-02-26,-0.002366609859809103,-0.0,-0.0
2019-02-27,0.004205015849683193,0.0,0.0
2019-02-28,0.0031880143114123042,0.0,0.0
2019-03-01,-0.002412435717657689,-0.0,-0.0
2019-03-04,-0.0011455331410321382,-0.0,-0.0
2019-03-05,0.0,0.0,0.0
2019-03-06,0.0,0.0,0.0
2019-03-07,-3.7427915534469444e-05,-0.0,-0.0
2019-03-08,-0.00023113568147530987,-0.0,-0.0
2019-03-11,-0.0009298261356566617,-0.0,-0.0
2019-03-12,-8.010418253979454e-05,-0.0,-0.0
2019-03-13,0.004097013713764039,0.0,0.0
2019-03-14,0.005502924597716117,0.0,0.0
2019-03-15,-0.00036654131920240763,-0.0,-0.0
2019-03-18,-0.00625618404254299,-0.0,-0.0
2019-03-19,0.011751787577223904,0.0,0.0
2019-03-20,-0.0007005321241040989,-0.0,-0.0
2019-03-21,-0.012806437955161088,-0.0,-0.0
2019-03-22,0.0005794650934347923,0.0,0.0
2019-03-25,0.01385829447131977,0.0,0.0
2019-03-26,-0.012219848502474054,-0.0,-0.0
2019-03-27,0.00515978905229855,0.0,0.0
2019-03-28,-0.002354335993780066,-0.0,-0.0
2019-03-29,-0.012536189067484554,-0.0,-0.0
2019-04-01,-0.018769958152217138,-0.0,-0.0
2019-04-02,-0.0077732283634180405,-0.0,-0.0
2019-04-03,0.0009533175018153669,0.0,0.0
2019-04-04,0.012606200743431745,0.0,0.0
2019-04-05,0.0029197615294734615,0.0,0.0
2019-04-08,-0.0147548598546733,-0.0,-0.0
2019-04-09,-0.001939227186648364,-0.0,-0.0
2019-04-10,0.020977335594793707,0.0,0.0
2019-04-11,0.0036583336268473333,0.0,0.0
2019-04-12,0.0011901186716204602,0.0,0.0
2019-04-15,0.0022691700010445347,0.0,0.0
2019-04-16,0.0025166557115797266,0.0,0.0
2019-04-17,-0.0020563589842656884,-0.0,-0.0
2019-04-18,-0.001487588771191853,-0.0,-0.0
2019-04-22,-0.0012900773296252973,-0.0,-0.0
2019-04-23,-0.0014100407706621936,-0.0,-0.0
2019-04-24,-0.001531539713547173,-0.0,-0.0
2019-04-25,0.013875797189641475,0.0,0.0
2019-04-26,-0.0008818867959229813,-0.0,-0.0
2019-04-29,-0.0006593591409687703,-0.0,-0.0
2019-04-30,0.010223555136053658,0.0,0.0
2019-05-01,0.012555713865607082,0.0,0.0
2019-05-02,0.01589842861888062,0.0,0.0
2019-05-03,0.0,0.0,0.0
2019-05-06,0.0,0.0,0.0
2019-05-07,0.0,0.0,0.0
2019-05-08,0.0,0.0,0.0
2019-05-09,0.0,0.0,0.0
2019-05-10,0.0,0.0,0.0
2019-05-13,0.0,0.0,0.0
2019-05-14,0.0,0.0,0.0
2019-05-15,0.0,0.0,0.0
2019-05-16,-4.172988260758693e-05,-0.0,-0.0
2019-05-17,0.002791093602625753,0.0,0.0
2019-05-20,0.005350947305217014,0.0,0.0
2019-05-21,-0.003018124301577011,-0.0,-0.0
2019-05-22,0.0007281707132046895,0.0,0.0
2019-05-23,-0.0023227525546574163,-0.0,-0.0
2019-05-24,-0.0017845862540451641,-0.0,-0.0
2019-05-28,-0.007980714430653561,-0.0,-0.0
2019-05-29,0.0029292026339306676,0.0,0.0
2019-05-30,0.0027301245602221213,0.0,0.0
2019-05-31,-0.005367372484351735,-0.0,-0.0
2019-06-03,0.00612212322186521,0.0,0.0
2019-06-04,-0.003655589939309345,-0.0,-0.0
2019-06-05,0.0007779689811443226,0.0,0.0
2019-06-06,-0.007708319148701522,-0.0,-0.0
2019-06-07,0.001829357952856037,0.0,0.001829357952856037
2019-06-10,-0.0006519791049420226,-0.0,-0.0
2019-06-11,0.009062890312479963,0.0,0.0
2019-06-12,0.00497090594838459,0.0,0.0
2019-06-13,-0.0004259230031658988,-0.0,-0.0
2019-06-14,0.0,0.0,0.0
2019-06-17,0.0,0.0,0.0
2019-06-18,0.0,0.0,0.0
2019-06-19,-0.0001693121693121693,-0.0,-0.0
2019-06-20,-0.00828440386592575,-0.0,-0.0
2019-06-21,0.007561112316189693,0.0,0.0
2019-06-24,-0.020430404943390313,-0.0,-0.0
2019-06-25,0.00971853934317924,0.0,0.0
2019-06-26,0.006181464380522328,0.0,0.0
2019-06-27,-0.012218006864820398,-0.0,-0.0
2019-06-28,0.004213639864756872,0.0,0.0
2019-07-01,-0.013352368709967151,-0.0,-0.0
2019-07-02,0.0008172540374400418,0.0,0.0
2019-07-03,0.0017398708083145292,0.0,0.0
2019-07-05,0.0013012105838718536,0.0,0.0
2019-07-08,-0.0014937271401359172,-0.0,-0.0
2019-07-09,-0.0008417937896873797,-0.0,-0.0
2019-07-10,0.012534446804773487,0.0,0.0
2019-07-11,-0.0015155738812216897,-0.0,-0.0
2019-07-12,0.0011142316737754088,0.0,0.0
2019-07-15,0.002322747771319101,0.0,0.0
2019-07-16,-0.0010298029277621351,-0.0,-0.0
2019-07-17,0.0009200647265929899,0.0,0.0
2019-07-18,-0.0015606998618363606,-0.0,-0.0
2019-07-19,0.0013518202387991986,0.0,0.0
2019-07-22,0.0012919503528835124,0.0,0.0
2019-07-23,0.00012888440771765216,0.0,0.0
2019-07-24,0.0015406829432423428,0.0,0.0
2019-07-25,0.00046719334049449954,0.0,0.0
2019-07-26,-0.0007321528638505454,-0.0,-0.0
2019-07-29,-0.0027936829696145714,-0.0,-0.0
2019-07-30,-0.001140647841419219,-0.0,-0.0
2019-07-31,-0.000589359286326403,-0.0,-0.0
2019-08-01,-0.0007400173832505129,-0.0,-0.0
2019-08-02,-0.006795791058747333,-0.0,-0.0
2019-08-05,-0.016739138013921108,-0.0,-0.0
2019-08-06,0.00819076856785911,0.0,0.0
2019-08-07,-0.006530764685284359,-0.0,-0.0
2019-08-08,-0.006307921490776686,-0.0,-0.0
2019-08-09,-0.011623361429459488,-0.0,-0.011623361429459488
2019-08-12,-0.007514297581023189,-0.0,-0.0
2019-08-13,0.012013402546763741,0.0,0.0
2019-08-14,0.006291355405932494,0.0,0.0
2019-08-15,-0.013065180617964163,-0.0,-0.0
2019-08-16,0.003295290465954061,0.0,0.0
2019-08-19,-0.014050781451340139,-0.0,-0.0
2019-08-20,0.010716564880881178,0.0,0.0
2019-08-21,0.018121513610355446,0.0,0.0
2019-08-22,-0.01095184166401118,-0.0,-0.0
2019-08-23,0.0022028723325429995,0.0,0.0
2019-08-26,-0.009523420150478567,-0.0,-0.0
2019-08-27,-0.0006403492136990586,-0.0,-0.0
2019-08-28,0.020357718139101123,0.0,0.0
2019-08-29,-0.025599469460833177,-0.0,-0.0
2019-08-30,-0.03275719527136771,-0.0,-0.0
2019-09-03,-0.12157456736338015,-0.0,-0.0
2019-09-04,0.013694113470987798,0.0,0.0
2019-09-05,0.004788104571528484,0.0,0.0
2019-09-06,0.009244722225258425,0.0,0.0
2019-09-09,-0.008657678084281348,-0.0,-0.0
2019-09-10,0.006834928650901278,0.0,0.0
2019-09-11,0.0075413467223300005,0.0,0.0
2019-09-12,-0.0004897741934451169,-0.0,-0.0
2019-09-13,0.002419483045051657,0.0,0.0
2019-09-16,0.00323019627348151,0.0,0.0
2019-09-17,0.003210751259343444,0.0,0.0
2019-09-18,0.005169953636123414,0.0,0.0
2019-09-19,0.01876913628355904,0.0,0.0
2019-09-20,-0.009538900508029144,-0.0,-0.0
2019-09-23,0.0,0.0,0.0
2019-09-24,-5.685624046651697e-05,-0.0,-0.0
2019-09-25,-0.0043107130040434,-0.0,-0.0
2019-09-26,-5.680358895685103e-05,-0.0,-0.0
2019-09-27,0.000850895339874987,0.0,0.0
2019-09-30,0.0,0.0,0.0
2019-10-01,-1.6015894238818724e-05,-0.0,-0.0
2019-10-02,0.0012343555851679127,0.0,0.0
2019-10-03,0.0,0.0,0.0
2019-10-04,0.0,0.0,0.0
2019-10-07,0.0,0.0,0.0
2019-10-08,0.0,0.0,0.0
2019-10-09,0.0,0.0,0.0
2019-10-10,0.0,0.0,0.0
2019-10-11,0.0,0.0,0.0
2019-10-14,0.0,0.0,0.0
2019-10-15,0.0,0.0,0.0
2019-10-16,0.0,0.0,0.0
2019-10-17,0.0,0.0,0.0
2019-10-18,0.0,0.0,0.0
2019-10-21,0.0,0.0,0.0
2019-10-22,0.0,0.0,0.0
2019-10-23,0.0,0.0,0.0
2019-10-24,0.0,0.0,0.0
2019-10-25,0.0,0.0,0.0
2019-10-28,0.0,0.0,0.0
2019-10-29,0.0,0.0,0.0
2019-10-30,-4.244012573718605e-05,-0.0,-0.0
2019-10-31,-0.007396625812518672,-0.0,-0.0
2019-11-01,0.0071648477994474295,0.0,0.0
2019-11-04,-0.0015779372131403116,-0.0,-0.0
2019-11-05,-0.001724391391352017,-0.0,-0.0
2019-11-06,-0.00036019447011997625,-0.0,-0.0
2019-11-07,-0.011237157187097013,-0.0,-0.0
2019-11-08,-0.0037282853699419386,-0.0,-0.0
2019-11-11,0.0027489904505178173,0.0,0.0
2019-11-12,-0.00816396670037327,-0.0,-0.0
2019-11-13,0.003948334945076569,0.0,0.0
2019-11-14,0.007522944496390638,0.0,0.0
2019-11-15,0.004130005716588329,0.0,0.0
2019-11-18,-0.01522730249962164,-0.0,-0.0
2019-11-19,-0.001966376740248754,-0.0,-0.0
2019-11-20,-0.005987392112971804,-0.0,-0.0
2019-11-21,0.010077973470754318,0.0,0.0
2019-11-22,0.002299515502884898,0.0,0.0
2019-11-25,0.0053385970683882894,0.0,0.0
2019-11-26,0.003961584170296894,0.0,0.0
2019-11-27,-0.004095835446437821,-0.0,-0.0
2019-11-29,0.001414424612746093,0.0,0.0
2019-12-02,-0.007117619251871394,-0.0,-0.0
2019-12-03,0.001989141973117042,0.0,0.0
2019-12-04,-0.00018326149848414884,-0.0,-0.0
2019-12-05,0.008018833537338359,0.0,0.0
2019-12-06,0.0016233904134380964,0.0,0.0
2019-12-09,-0.0019815449844441404,-0.0,-0.0
2019-12-10,0.009044659408921771,0.0,0.0
2019-12-11,-0.016144133520951877,-0.0,-0.0
2019-12-12,0.0001336058590671571,0.0,0.0
2019-12-13,0.00938311557432025,0.0,0.0
2019-12-16,0.008684298726729456,0.0,0.0
2019-12-17,0.00015317630847342528,0.0,0.0
2019-12-18,0.0004098698061084426,0.0,0.0
2019-12-19,0.00041237014345330166,0.0,0.0
2019-12-20,0.001971874432899065,0.0,0.0
2019-12-23,0.0008749108753031021,0.0,0.0
2019-12-24,0.0,0.0,0.0
2019-12-26,-1.4021987923857121e-05,-0.0,-0.0
2019-12-27,-0.0010244063707942543,-0.0,-0.0
2019-12-30,-0.0016338011135627177,-0.0,-0.0
2019-12-31,0.009314665753389365,0.0,0.0
2020-01-02,-0.0008778228979724224,-0.0,-0.0
2020-01-03,6.350565788270451e-05,0.0,0.0
2020-01-06,4.970704424455029e-05,0.0,0.0
2020-01-07,-0.008254320126916743,-0.0,-0.0
2020-01-08,-0.0007078651021499152,-0.0,-0.0
2020-01-09,0.0010287409845805336,0.0,0.0
2020-01-10,0.008900698357557715,0.0,0.0
2020-01-13,-0.004477915279036882,-0.0,-0.0
2020-01-14,0.005169723950980275,0.0,0.0
2020-01-15,-0.012913838056808197,-0.0,-0.0
2020-01-16,-0.020483233615332885,-0.0,-0.0
2020-01-17,-0.0013234531241350278,-0.0,-0.0
2020-01-21,0.00037347940853496423,0.0,0.0
2020-01-22,-0.0013568883872870944,-0.0,-0.0
2020-01-23,0.00012185852116945686,0.0,0.0
2020-01-24,-0.0003083244350668521,-0.0,-0.0
2020-01-27,0.001968292840533509,0.0,0.0
2020-01-28,0.000927411941784754,0.0,0.0
2020-01-29,-0.002770531966858541,-0.0,-0.0
2020-01-30,0.002043426142948469,0.0,0.0
2020-01-31,-0.002761589481045751,-0.0,-0.0
2020-02-03,0.03130770365198422,0.0,0.0
2020-02-04,-0.0001706153788601767,-0.0,-0.0
2020-02-05,-0.00017795006165151374,-0.0,-0.0
2020-02-06,0.006388702434734807,0.0,0.0
2020-02-07,0.023231198973178477,0.0,0.0
2020-02-10,0.002464571152245772,0.0,0.0
2020-02-11,-0.00477754237859855,-0.0,-0.0027690651180814372
2020-02-12,0.028294296875150584,0.0,0.016598549515397947
2020-02-13,-0.0028461443847245904,-0.0,-0.0
2020-02-14,0.0035907123158167194,0.0,0.0
2020-02-18,-0.012354371780178564,-0.0,-0.0
2020-02-19,0.003726545683282192,0.0,0.0
2020-02-20,-0.012263298527979517,-0.0,-0.0
2020-02-21,0.0,0.0,0.0
2020-02-24,0.0,0.0,0.0
2020-02-25,0.0,0.0,0.0
2020-02-26,0.0,0.0,0.0
2020-02-27,0.0,0.0,0.0
2020-02-28,0.0,0.0,0.0
2020-03-02,-6.14943699634445e-05,-0.0,-0.0
2020-03-03,-0.0066440787913419,-0.0,-0.0
2020-03-04,0.009621443259831032,0.0,0.0
2020-03-05,-0.005848276744261632,-0.0,-0.0
2020-03-06,-0.0058999103550993436,-0.0,-0.0
2020-03-09,-0.006815833910992361,-0.0,-0.0
2020-03-10,-0.027697612624033315,-0.0,-0.0
2020-03-11,-0.0046906439970495605,-0.0,-0.0
2020-03-12,-0.09485812011065775,-0.0,-0.0
2020-03-13,0.0,0.0,0.0
2020-03-16,0.0,0.0,0.0
2020-03-17,0.0,0.0,0.0
2020-03-18,0.0,0.0,0.0
2020-03-19,0.0,0.0,0.0
2020-03-20,0.0,0.0,0.0
2020-03-23,0.0,0.0,0.0
2020-03-24,0.0,0.0,0.0
2020-03-25,0.0,0.0,0.0
2020-03-26,0.0,0.0,0.0
2020-03-27,0.0,0.0,0.0
2020-03-30,0.0,0.0,0.0
2020-03-31,0.0,0.0,0.0
2020-04-01,0.0,0.0,0.0
2020-04-02,0.0,0.0,0.0
2020-04-03,-2.898964616107507e-05,-0.0,-0.0
2020-04-06,0.014017250202351419,0.0,0.0040823710194497756
2020-04-07,0.004679711333300101,0.0,0.0013594293995663653
2020-04-08,-0.005703594604241473,-0.0,-0.0016203074036299264
2020-04-09,-0.0025829875801637657,-0.0,-0.0007513231332645185
2020-04-13,0.008020191995595331,0.0,0.0
2020-04-14,0.014125219301613277,0.0,0.0
2020-04-15,0.0054891162815646315,0.0,0.0
2020-04-16,-0.004566151572050921,-0.0,-0.0
2020-04-17,0.008823660914354511,0.0,0.0
2020-04-20,0.21143449164834408,0.0,0.0
2020-04-21,0.07199959534648269,0.0,0.07199959534648269
2020-04-22,0.00046527973863385626,0.0,6.223888630475048e-05
2020-04-23,0.00023775223431943436,0.0,3.0694906010022405e-05
2020-04-24,3.705914260622086e-05,0.0,4.785296385769641e-06
2020-04-27,0.0015504198366583547,0.0,0.00020021645850814166
2020-04-28,0.000781030543028172,0.0,0.00010086123469307434
2020-04-29,-2.7521869549927478e-05,-0.0,-3.5560384304986375e-06
2020-04-30,-0.0013849456300855808,-0.0,-0.00017899531281097546
2020-05-01,0.0011203145469943943,0.0,0.00014479199533196183
2020-05-04,-0.00020325101136726102,-0.0,-2.6254854320234923e-05
2020-05-05,-0.00017404378179645724,-0.0,-2.2490856577528996e-05
2020-05-06,-0.001611377629914788,-0.0,-0.00020821743812103963
2020-05-07,0.0006655484540448602,0.0,8.57542442647849e-05
2020-05-08,0.0009706237513084509,0.0,0.00012482034250504566
2020-05-11,-0.00047439323710930337,-0.0,-6.116064154139225e-05
2020-05-12,-0.0020554652484638344,-0.0,-0.00026534405631320463
2020-05-13,0.00014224516089273923,0.0,1.832180958631225e-05
2020-05-14,0.0002923897841889522,0.0,3.754068798042324e-05
2020-05-15,-0.0006097199495257886,-0.0,-7.817664072666627e-05
2020-05-18,0.0009749397339956828,0.0,0.00012522513729665958
2020-05-19,-0.0020670973280225873,-0.0,-0.00026494423610483325
2020-05-20,-0.00045629279001455065,-0.0,-0.00017833161056383207
2020-05-21,0.0,0.0,0.0
2020-05-22,0.0,0.0,0.0
2020-05-26,0.0,0.0,0.0
2020-05-27,0.0,0.0,0.0
2020-05-28,0.0,0.0,0.0
2020-05-29,-5.649470171184459e-05,-0.0,-5.649470171184459e-05
2020-06-01,0.021242643351575476,0.0,0.021242643351575476
2020-06-02,0.01284890132756027,0.01284890132756027,0.01284890132756027
2020-06-03,-0.010456557706863653,-0.010456557706863653,-0.010456557706863653
2020-06-04,0.0,0.0,0.0
2020-06-05,0.0,0.0,0.0
2020-06-08,0.0,0.0,0.0
2020-06-09,0.0,0.0,0.0
2020-06-10,0.0,0.0,0.0
2020-06-11,0.0,0.0,0.0
2020-06-12,-4.4184639224374613e-05,-0.0,-4.4184639224374613e-05
2020-06-15,0.006676725173665293,0.0,0.006676725173665293
2020-06-16,0.00659312322083533,0.0,0.00659312322083533
2020-06-17,0.004175526659706259,0.004175526659706259,0.004175526659706259
2020-06-18,0.0,0.0,0.0
2020-06-19,0.0,0.0,0.0
2020-06-22,0.0,0.0,0.0
2020-06-23,0.0,0.0,0.0
2020-06-24,-4.5987597518817084e-05,-4.5987597518817084e-05,-4.5987597518817084e-05
2020-06-25,-0.004999164795434525,-0.0,-0.004999164795434525
2020-06-26,-5.592892908096769e-05,-0.0,-5.592892908096769e-05
2020-06-29,0.00013626388607142816,0.0,0.00013298544340328085
2020-06-30,0.010619505380141545,0.0,0.010364018983371236
2020-07-01,0.00492169144723855,0.00492169144723855,0.00492169144723855
2020-07-02,0.0,0.0,0.0
2020-07-06,0.0,0.0,0.0
2020-07-07,0.0,0.0,0.0
2020-07-08,0.0,0.0,0.0
2020-07-09,0.0,0.0,0.0
2020-07-10,0.0,0.0,0.0
2020-07-13,0.0,0.0,0.0
2020-07-14,0.0,0.0,0.0
2020-07-15,0.0,0.0,0.0
2020-07-16,0.0,0.0,0.0
2020-07-17,0.0,0.0,0.0
2020-07-20,0.0,0.0,0.0
2020-07-21,0.0,0.0,0.0
2020-07-22,0.0,0.0,0.0
2020-07-23,0.0,0.0,0.0
2020-07-24,0.0,0.0,0.0
2020-07-27,0.0,0.0,0.0
2020-07-28,0.0,0.0,0.0
2020-07-29,0.0,0.0,0.0
2020-07-30,0.0,0.0,0.0
2020-07-31,0.0,0.0,0.0
2020-08-03,0.0,0.0,0.0
2020-08-04,0.0,0.0,0.0
2020-08-05,0.0,0.0,0.0
2020-08-06,0.0,0.0,0.0
2020-08-07,-1.7693224569398262e-05,-1.7693224569398262e-05,-1.7693224569398262e-05
2020-08-10,0.001734986584351431,0.0,0.001734986584351431
2020-08-11,0.002122355464178655,0.002122355464178655,0.002122355464178655
2020-08-12,0.0017036367739198064,0.0017036367739198064,0.0017036367739198064
2020-08-13,0.000514893665041681,0.000514893665041681,0.000514893665041681
2020-08-14,-0.0008926505842562805,-0.0008926505842562805,-0.0008926505842562805
2020-08-17,0.003930399872603374,0.001965199936301687,0.003930399872603374
2020-08-18,-0.0011439225630413912,-0.0011439225630413912,-0.0011439225630413912
2020-08-19,0.0015826632938103892,0.0007913316469051946,0.0015826632938103892
2020-08-20,0.001449420765722615,0.001449420765722615,0.001449420765722615
2020-08-21,0.0,0.0,0.0
2020-08-24,-1.6279016334468847e-05,-1.6279016334468847e-05,-1.6279016334468847e-05
2020-08-25,-1.0473411462122956e-06,-5.236705731061478e-07,-1.0473411462122956e-06
2020-08-26,-0.0028920004560560493,-0.0014460002280280247,-0.0028920004560560493
2020-08-27,-0.0024495798883522376,-0.0012247899441761188,-0.0024495798883522376
2020-08-28,0.006003718287495001,0.0030018591437475004,0.006003718287495001
2020-08-31,1.4188294634849552e-05,1.4188294634849552e-05,1.4188294634849552e-05
2020-09-01,0.025612560419511217,0.025612560419511217,0.025612560419511217
2020-09-02,-0.009568457432170857,-0.009568457432170857,-0.009568457432170857
2020-09-03,-0.011795837452093418,-0.005897918726046709,-0.011795837452093418
2020-09-04,0.012244515274605796,0.005971643965915079,0.011943287931830159
2020-09-08,-0.0038147194256606524,-0.0016926984320340696,-0.0033853968640681392
2020-09-09,0.0028542318789135674,0.0011922685866924691,0.0023845371733849383
2020-09-10,-0.0040584871808442375,-0.001675551845660507,-0.003351103691321014
2020-09-11,0.00769874806747242,0.003175623851687745,0.00635124770337549
2020-09-14,0.005612402057075663,0.002288989833803499,0.004577979667606998
2020-09-15,-0.012288096038225553,-0.0049175021617387125,-0.009835004323477425
2020-09-16,-0.018641914960526314,-0.00742095567559667,-0.01484191135119334
2020-09-17,0.016372620306164577,0.006089544939019196,0.012179089878038393
2020-09-18,-0.00666842254752076,-0.002207652016174347,-0.004415304032348694
2020-09-21,-0.004408793333396829,-0.0013609669518139516,-0.002721933903627903
2020-09-22,-0.011679631048712278,-0.003561509674327272,-0.007123019348654544
2020-09-23,-0.001281174122594637,-0.00038872883619103847,-0.0007774576723820769
2020-09-24,0.0001127264688175326,3.3170959209162595e-05,6.634191841832519e-05
2020-09-25,0.008259828789937574,0.0024305187875458363,0.0048610375750916725
2020-09-28,0.0038166057986015836,0.001124320599634775,0.00224864119926955
2020-09-29,0.0005463784370599288,0.00015851728906332352,0.00031703457812664703
2020-09-30,0.011345946908735903,0.0033077110934974876,0.006615422186994975
2020-10-01,0.012398280228492101,0.003614199124868098,0.007228398249736196
2020-10-02,-0.00021039199230941328,-7.049011393070033e-05,-0.00014098022786140067
2020-10-05,-0.0028445265443411798,-0.0009333080104429833,-0.0018666160208859665
2020-10-06,0.018263815238747174,0.006273763080166514,0.012547526160333028
2020-10-07,-0.009896209270046644,-0.00708334997372447,-0.00708334997372447
2020-10-08,0.0016829669421866713,0.0005508535501335022,0.0011017071002670045
2020-10-09,0.01336760454104892,0.004240388523309447,0.008480777046618895
2020-10-12,-0.006630022202481886,-0.0042316862225091935,-0.0042316862225091935
2020-10-13,-0.005528256016131805,-0.0017151271883913024,-0.003430254376782605
2020-10-14,0.00301855220826666,0.0009284319019196884,0.0018568638038393768
2020-10-15,-0.002211144911690012,-0.0007035367346966302,-0.0014070734693932604
2020-10-16,-0.008404111152880984,-0.0030194643546918253,-0.006038928709383651
2020-10-19,-0.022273452505329795,-0.008634839578752704,-0.017269679157505408
2020-10-20,0.0003904597424979209,0.0001496080286489091,0.0002992160572978182
2020-10-21,0.00040102952361967546,0.00013050614293355693,0.00026101228586711386
2020-10-22,0.006199750710947732,0.002105647238776496,0.004211294477552992
2020-10-23,0.009214996021265524,0.003133530981410857,0.006267061962821714
2020-10-26,0.0011720931399713365,0.00039529769783998005,0.0007905953956799601
2020-10-27,0.011481820401543129,0.003855419150419281,0.007710838300838562
2020-10-28,0.00807937570007934,0.0027190797858948437,0.005438159571789687
2020-10-29,0.002934901413781836,0.0009583277727034769,0.0019166555454069537
2020-10-30,0.0,0.0,0.0
2020-11-02,-0.0001074706046117721,-3.699606383918646e-05,-7.399212767837293e-05
2020-11-03,-0.005451063010870441,-0.001876746803370771,-0.003753493606741542
2020-11-04,0.01091416605595644,0.003773686781051093,0.007547373562102186
2020-11-05,0.005277349851715895,0.0040269688720552975,0.0040269688720552975
2020-11-06,0.01400392691230261,0.010665954272934805,0.010665954272934805
2020-11-09,0.0,0.0,0.0
2020-11-10,0.0,0.0,0.0
2020-11-11,0.0,0.0,0.0
2020-11-12,0.0,0.0,0.0
2020-11-13,0.0,0.0,0.0
2020-11-16,-1.659034297214113e-05,-1.3079450995496883e-05,-1.3079450995496883e-05
2020-11-17,0.002577347698490883,0.0010618562309671854,0.002123712461934371
2020-11-18,-0.0032827121288313624,-0.0032827121288313624,-0.0032827121288313624
2020-11-19,0.0009498509198763818,0.0004749254599381909,0.0009498509198763818
2020-11-20,-0.005370297684746648,-0.002685148842373324,-0.005370297684746648
2020-11-23,-0.0028533232257982053,-0.0014266616128991026,-0.0028533232257982053
2020-11-24,0.0006936114388280479,0.00034680571941402396,0.0006936114388280479
2020-11-25,0.0006681069326118403,0.00033405346630592015,0.0006681069326118403
2020-11-27,0.0034929901052866133,0.0017464950526433066,0.0034929901052866133
2020-11-30,0.005416161490667332,0.002708080745333666,0.005416161490667332
2020-12-01,-0.00842522666067885,-0.004212613330339425,-0.00842522666067885
2020-12-02,-0.0012337807381681961,-0.0006168903690840981,-0.0012337807381681961
2020-12-03,-0.0012087368095362995,-0.0006043684047681498,-0.0012087368095362995
2020-12-04,0.0009605538388337777,0.00048027691941688884,0.0009605538388337777
2020-12-07,-0.0004726898418927046,-0.0002363449209463523,-0.0004726898418927046
2020-12-08,-0.002429895496189833,-0.0012149477480949166,-0.002429895496189833
2020-12-09,-0.0011470083422706785,-0.0005735041711353393,-0.0011470083422706785
2020-12-10,-0.0015074355829359095,-0.0007537177914679548,-0.0015074355829359095
2020-12-11,0.0007996269630834077,0.00039981348154170387,0.0007996269630834077
2020-12-14,0.0011233365201462567,0.0005616682600731284,0.0011233365201462567
2020-12-15,0.0017666245027306146,0.0008833122513653073,0.0017666245027306146
2020-12-16,-0.001342124754191106,-0.000671062377095553,-0.001342124754191106
2020-12-17,0.0013392852164202957,0.0006696426082101479,0.0013392852164202957
2020-12-18,-0.00022740352213416727,-0.00011370176106708364,-0.00022740352213416727
2020-12-21,-0.00011362931943367666,-5.681465971683833e-05,-0.00011362931943367666
2020-12-22,0.0012440090809463298,0.0006220045404731649,0.0012440090809463298
2020-12-23,-0.0002459717469995979,-0.00012298587349979896,-0.0002459717469995979
2020-12-24,0.0002494119296903755,0.00012470596484518776,0.0002494119296903755
2020-12-28,-0.0022473582320997245,-0.0011236791160498623,-0.0022473582320997245
2020-12-29,0.0018574583545533639,0.0009287291772766819,0.0018574583545533639
2020-12-30,0.0019102425809742135,0.0009551212904871068,0.0019102425809742135
2020-12-31,-0.005004114663693819,-0.0025020573318469096,-0.005004114663693819
2021-01-04,-0.00462188745188277,-0.002310943725941385,-0.00462188745188277
2021-01-05,-0.004242208051401817,-0.0021211040257009084,-0.004242208051401817
2021-01-06,-9.844198968277647e-07,-4.922099484138823e-07,-9.844198968277647e-07
2021-01-07,0.002406575175920985,0.0012032875879604925,0.002406575175920985
2021-01-08,-0.003989812610494131,-0.0019949063052470653,-0.003989812610494131
2021-01-11,0.006984175062481426,0.003492087531240713,0.006984175062481426
2021-01-12,0.0007988120363900462,0.0003994060181950231,0.0007988120363900462
2021-01-13,0.00400964514693171,0.002004822573465855,0.00400964514693171
2021-01-14,0.005503060111726234,0.002751530055863117,0.005503060111726234
2021-01-15,0.0019665373187716653,0.0009832686593858326,0.0019665373187716653
2021-01-19,-0.003134651169494497,-0.0015673255847472485,-0.003134651169494497
2021-01-20,0.0,0.0,0.0
2021-01-21,0.0,0.0,0.0
2021-01-22,0.0,0.0,0.0
2021-01-25,0.0,0.0,0.0
2021-01-26,0.0,0.0,0.0
2021-01-27,0.0,0.0,0.0
2021-01-28,0.0,0.0,0.0
2021-01-29,0.0,0.0,0.0
2021-02-01,-2.235626492262575e-05,-1.1178132461312876e-05,-2.235626492262575e-05
2021-02-02,0.0013418984420097142,0.0006709492210048571,0.0013418984420097142
2021-02-03,0.0,0.0,0.0
2021-02-04,0.0,0.0,0.0
2021-02-05,-1.7815002050237433e-05,-8.907501025118716e-06,-1.7815002050237433e-05
2021-02-08,0.001154375096890063,0.0005771875484450315,0.001154375096890063
2021-02-09,0.001647047623632091,0.0008235238118160455,0.001647047623632091
2021-02-10,0.0007222377404693396,0.0003611188702346698,0.0007222377404693396
2021-02-11,0.0012421437103854417,0.0006210718551927208,0.0012421437103854417
2021-02-12,0.010642517274391323,0.005321258637195661,0.010642517274391323
2021-02-16,0.05446452211503976,0.05446452211503976,0.05446452211503976
2021-02-17,-0.0012830654898634275,-0.0012830654898634275,-0.0012830654898634275
2021-02-18,0.0,0.0,0.0
2021-02-19,-1.8024585816445303e-05,-9.279048518842509e-06,-9.279048518842509e-06
2021-02-22,-0.0009421206045828385,-0.00048500325552831126,-0.00048500325552831126
2021-02-23,0.0005728147996529646,0.0002948782517715479,0.0002948782517715479
2021-02-24,-0.0013694512966847027,-0.0007040589995689745,-0.0007040589995689745
2021-02-25,0.005311542795552329,0.002732500017114569,0.002732500017114569
2021-02-26,-0.014450568370391288,-0.007419332276329384,-0.007419332276329384
2021-03-01,0.016745486636589695,0.008611753630938064,0.008611753630938064
2021-03-02,0.0007594726673499314,0.0003712514237285569,0.0003712514237285569
2021-03-03,0.0,0.0,0.0
2021-03-04,-1.0069291000283032e-05,-4.80029797073526e-06,-4.80029797073526e-06
2021-03-05,0.002244102981571575,0.0010684751045168409,0.0010684751045168409
2021-03-08,-0.0005031248426670053,-0.00023954793857901865,-0.00023954793857901865
2021-03-09,0.0,0.0,0.0
2021-03-10,0.0,0.0,0.0
2021-03-11,0.0,0.0,0.0
2021-03-12,-9.91858350278278e-06,-4.716043402506672e-06,-4.716043402506672e-06
2021-03-15,0.0006876364281189849,0.00032671893632299384,0.00032671893632299384
2021-03-16,-0.0005691338098419947,-0.0002701084733198369,-0.0002701084733198369
2021-03-17,0.0010739767585904194,0.0005132370232369974,0.0005132370232369974
2021-03-18,0.0006843608366020366,0.0006843608366020366,0.0006843608366020366
2021-03-19,0.0009692907696086758,0.0009692907696086758,0.0009692907696086758
2021-03-22,0.00022093009341070816,0.00022093009341070816,0.00022093009341070816
2021-03-23,0.0,0.0,0.0
2021-03-24,0.0,0.0,0.0
2021-03-25,0.0,0.0,0.0
2021-03-26,0.0,0.0,0.0
2021-03-29,0.0,0.0,0.0
2021-03-30,0.0,0.0,0.0
2021-03-31,0.0,0.0,0.0
2021-04-01,-2.2540911403787456e-05,-2.2540911403787456e-05,-2.2540911403787456e-05
2021-04-05,-0.0011702685185241298,-0.0011702685185241298,-0.0011702685185241298
2021-04-06,0.0008313369917983672,0.0008313369917983672,0.0008313369917983672
2021-04-07,0.00018979038446042523,0.00018979038446042523,0.00018979038446042523
2021-04-08,-0.0019993331654331245,-0.0019993331654331245,-0.0019993331654331245
2021-04-09,-0.00029331562032896614,-0.00029331562032896614,-0.00029331562032896614
2021-04-12,0.00048278977492250785,0.00048278977492250785,0.00048278977492250785
2021-04-13,0.0008744662081318563,0.0008744662081318563,0.0008744662081318563
2021-04-14,0.0005824571984362483,0.0005824571984362483,0.0005824571984362483
2021-04-15,-0.0004879284025601391,-0.0004879284025601391,-0.0004879284025601391
2021-04-16,-0.0015616988464267165,-0.0015616988464267165,-0.0015616988464267165
2021-04-19,-0.00029408411959342063,-0.00029408411959342063,-0.00029408411959342063
2021-04-20,-0.004463549612331047,-0.004463549612331047,-0.004463549612331047
2021-04-21,0.0015433360365282385,0.0015433360365282385,0.0015433360365282385
2021-04-22,-3.9344965912732033e-07,-3.9344965912732033e-07,-3.9344965912732033e-07
2021-04-23,-3.555394796231978e-07,-3.555394796231978e-07,-3.555394796231978e-07
2021-04-26,0.002059991401055379,0.002059991401055379,0.002059991401055379
2021-04-27,0.002333383879460497,0.002333383879460497,0.002333383879460497
2021-04-28,0.0006250110682402845,0.0006250110682402845,0.0006250110682402845
2021-04-29,-0.0012467691268316318,-0.0012467691268316318,-0.0012467691268316318
2021-04-30,-0.0010917028379088863,-0.0010917028379088863,-0.0010917028379088863
2021-05-03,0.006604352997178296,0.006604352997178296,0.006604352997178296
2021-05-04,-0.002322189911799669,-0.002322189911799669,-0.002322189911799669
2021-05-05,0.0,0.0,0.0
2021-05-06,0.0,0.0,0.0
2021-05-07,0.0,0.0,0.0
2021-05-10,0.0,0.0,0.0
2021-05-11,0.0,0.0,0.0
2021-05-12,0.0,0.0,0.0
2021-05-13,0.0,0.0,0.0
2021-05-14,0.0,0.0,0.0
2021-05-17,0.0,0.0,0.0
2021-05-18,0.0,0.0,0.0
2021-05-19,0.0,0.0,0.0
2021-05-20,0.0,0.0,0.0
2021-05-21,-3.166344586383771e-05,-3.166344586383771e-05,-3.166344586383771e-05
2021-05-24,-0.008461964667764652,-0.008461964667764652,-0.008461964667764652
2021-05-25,0.003197972525793181,0.003197972525793181,0.003197972525793181
2021-05-26,0.0013727457170964743,0.0013727457170964743,0.0013727457170964743
2021-05-27,-0.000857750381380612,-0.000857750381380612,-0.000857750381380612
2021-05-28,0.012054446089621768,0.012054446089621768,0.012054446089621768
2021-06-01,-0.013788420617248673,-0.013788420617248673,-0.013788420617248673
2021-06-02,-0.0001342680056371014,-0.0001342680056371014,-0.0001342680056371014
2021-06-03,-0.00023322605653961702,-0.00023322605653961702,-0.00023322605653961702
2021-06-04,-0.002749086062335002,-0.002749086062335002,-0.002749086062335002
2021-06-07,0.0,0.0,0.0
2021-06-08,0.0,0.0,0.0
2021-06-09,0.0,0.0,0.0
2021-06-10,0.0,0.0,0.0
2021-06-11,0.0,0.0,0.0
2021-06-14,0.0,0.0,0.0
2021-06-15,-0.0001693121693121693,-0.0001693121693121693,-0.0001693121693121693
2021-06-16,-0.009151764850244265,-0.009151764850244265,-0.009151764850244265
2021-06-17,0.002736932047755542,0.002736932047755542,0.002736932047755542
2021-06-18,0.01242793990689596,0.01242793990689596,0.01242793990689596
2021-06-21,-0.012357921265490417,-0.012357921265490417,-0.012357921265490417
2021-06-22,0.026699253194277548,0.026699253194277548,0.026699253194277548
2021-06-23,0.027120955164302477,0.026118167567902334,0.026118167567902334
2021-06-24,0.0049490600876528415,0.0035698962883530944,0.0035698962883530944
2021-06-25,0.0,0.0,0.0
2021-06-28,-0.00013093416301973592,-7.832812560360303e-05,-7.832812560360303e-05
2021-06-29,0.010524773660942614,0.006303317943940776,0.006303317943940776
2021-06-30,-0.0032746172260827073,-0.0020070321772547813,-0.0020070321772547813
2021-07-01,0.0,0.0,0.0
2021-07-02,-0.00012364856032603017,-7.911976320181286e-05,-7.911976320181286e-05
2021-07-06,-0.014367164335101362,-0.009196633104718301,-0.009196633104718301
2021-07-07,-0.00011766546280012952,-7.578943512687048e-05,-7.578943512687048e-05
2021-07-08,0.012932630841664763,0.00775181967381418,0.00775181967381418
2021-07-09,-0.0013460999713932975,-0.0008067483654152768,-0.0008067483654152768
2021-07-12,0.0,0.0,0.0
2021-07-13,0.0,0.0,0.0
2021-07-14,0.0,0.0,0.0
2021-07-15,0.0,0.0,0.0
2021-07-16,0.0,0.0,0.0
2021-07-19,0.0,0.0,0.0
2021-07-20,0.0,0.0,0.0
2021-07-21,0.0,0.0,0.0
2021-07-22,0.0,0.0,0.0
2021-07-23,0.0,0.0,0.0
2021-07-26,0.0,0.0,0.0
2021-07-27,0.0,0.0,0.0
2021-07-28,0.0,0.0,0.0
2021-07-29,0.0,0.0,0.0
2021-07-30,0.0,0.0,0.0
2021-08-02,0.0,0.0,0.0
2021-08-03,0.0,0.0,0.0
2021-08-04,0.0,0.0,0.0
2021-08-05,0.0,0.0,0.0
2021-08-06,0.0,0.0,0.0
2021-08-09,0.0,0.0,0.0
2021-08-10,0.0,0.0,0.0
2021-08-11,0.0,0.0,0.0
2021-08-12,0.0,0.0,0.0
2021-08-13,0.0,0.0,0.0
2021-08-16,0.0,0.0,0.0
2021-08-17,0.0,0.0,0.0
2021-08-18,0.0,0.0,0.0
2021-08-19,-9.446781511500226e-06,-9.446781511500226e-06,-9.446781511500226e-06
2021-08-20,-0.0007985695674913168,-0.0007985695674913168,-0.0007985695674913168
2021-08-23,-0.0021346520063463335,-0.0021346520063463335,-0.0021346520063463335
2021-08-24,0.008957805709342185,0.008957805709342185,0.008957805709342185
2021-08-25,-0.003287153917038521,-0.003287153917038521,-0.003287153917038521
2021-08-26,0.0020007351610089198,0.0020007351610089198,0.0020007351610089198
2021-08-27,-0.0028041424468873014,-0.0028041424468873014,-0.0028041424468873014
2021-08-30,-0.002062204815278174,-0.002062204815278174,-0.002062204815278174
2021-08-31,-0.002366230636448929,-0.002366230636448929,-0.002366230636448929
2021-09-01,0.017914515692567145,0.017914515692567145,0.017914515692567145
2021-09-02,-0.0004848374035575973,-0.0004848374035575973,-0.0004848374035575973
2021-09-03,-0.0019641964174353385,-0.0019641964174353385,-0.0019641964174353385
2021-09-07,-0.00013866161816214944,-0.00013866161816214944,-0.00013866161816214944
2021-09-08,0.0002742019090906972,0.0002742019090906972,0.0002742019090906972
2021-09-09,-6.808124653219754e-05,-6.808124653219754e-05,-6.808124653219754e-05
2021-09-10,0.0007444610252583567,0.0007444610252583567,0.0007444610252583567
2021-09-13,0.0009430989524736209,0.0009430989524736209,0.0009430989524736209
2021-09-14,-0.000529408943392867,-0.000529408943392867,-0.000529408943392867
2021-09-15,0.0018884364506207261,0.0018884364506207261,0.0018884364506207261
2021-09-16,-0.001359540968627176,-0.001359540968627176,-0.001359540968627176
2021-09-17,-0.0019863679815636665,-0.0019863679815636665,-0.0019863679815636665
2021-09-20,-0.0016834401717980745,-0.0016834401717980745,-0.0016834401717980745
2021-09-21,-0.0010800292656113733,-0.0010800292656113733,-0.0010800292656113733
2021-09-22,-0.0010026064348347711,-0.0010026064348347711,-0.0010026064348347711
2021-09-23,-5.665049709165868e-06,-5.665049709165868e-06,-5.665049709165868e-06
2021-09-24,-0.0011522967934837528,-0.0011522967934837528,-0.0011522967934837528
2021-09-27,0.0001986130123811477,0.0001986130123811477,0.0001986130123811477
2021-09-28,0.0018753307743908337,0.0018753307743908337,0.0018753307743908337
2021-09-29,-0.00014946524717915677,-0.00014946524717915677,-0.00014946524717915677
2021-09-30,0.00887350783105817,0.00887350783105817,0.00887350783105817
2021-10-01,0.0006201202570505192,0.0006201202570505192,0.0006201202570505192
2021-10-04,-0.0038630710703827014,-0.0038630710703827014,-0.0038630710703827014
2021-10-05,0.00015749421995013232,0.00015749421995013232,0.00015749421995013232
2021-10-06,-0.00032737790852751804,-0.00032737790852751804,-0.00032737790852751804
2021-10-07,-4.1361918934093234e-07,-4.1361918934093234e-07,-4.1361918934093234e-07
2021-10-08,0.009894400273463142,0.009894400273463142,0.009894400273463142
2021-10-11,-0.0014687008919024819,-0.0014687008919024819,-0.0014687008919024819
2021-10-12,0.004632193195338772,0.004632193195338772,0.004632193195338772
2021-10-13,0.0005122637828734252,0.0005122637828734252,0.0005122637828734252
2021-10-14,0.0,0.0,0.0
2021-10-15,0.0,0.0,0.0
2021-10-18,0.0,0.0,0.0
2021-10-19,-2.25907688815664e-05,-2.25907688815664e-05,-2.25907688815664e-05
2021-10-20,-0.002287085355114761,-0.002287085355114761,-0.002287085355114761
2021-10-21,0.002184202162874639,0.002184202162874639,0.002184202162874639
2021-10-22,-0.004897694400428022,-0.004897694400428022,-0.004897694400428022
2021-10-25,0.006694151224784514,0.006694151224784514,0.006694151224784514
2021-10-26,-0.007191491985697036,-0.007191491985697036,-0.007191491985697036
2021-10-27,0.002284957079285267,0.002284957079285267,0.002284957079285267
2021-10-28,-0.005404955792869211,-0.005404955792869211,-0.005404955792869211
2021-10-29,0.0,0.0,0.0
2021-11-01,0.0,0.0,0.0
2021-11-02,0.0,0.0,0.0
2021-11-03,0.0,0.0,0.0
2021-11-04,0.0,0.0,0.0
2021-11-05,0.0,0.0,0.0
2021-11-08,-9.423938647967177e-05,-9.423938647967177e-05,-9.423938647967177e-05
2021-11-09,5.465855745959776e-05,5.465855745959776e-05,5.465855745959776e-05
2021-11-10,-0.004430874775170123,-0.004430874775170123,-0.004430874775170123
2021-11-11,0.005929431664904476,0.005929431664904476,0.005929431664904476
2021-11-12,0.005189451512867198,0.005189451512867198,0.005189451512867198
2021-11-15,0.0040530170917355765,0.0040530170917355765,0.0040530170917355765
2021-11-16,0.02240990156171538,0.02240990156171538,0.02240990156171538
2021-11-17,-0.005938802951441911,-0.005938802951441911,-0.005938802951441911
2021-11-18,0.0024489443022183074,0.0024489443022183074,0.0024489443022183074
2021-11-19,-0.01293826858223475,-0.012772746745073298,-0.012772746745073298
2021-11-22,0.009908301677131467,0.009777301639163112,0.009777301639163112
2021-11-23,0.02892826793044758,0.026026604884989202,0.026026604884989202
2021-11-24,0.0006917075876873365,0.000606684677321685,0.000606684677321685
2021-11-26,-0.005168492037080994,-0.003503161447630227,-0.003503161447630227
2021-11-29,0.006956102797262773,0.004709799926829794,0.004709799926829794
2021-11-30,-0.006925273709335881,-0.004694215882127088,-0.004694215882127088
2021-12-01,0.02179700354159444,0.014727969943724818,0.014727969943724818
2021-12-02,-0.0022379078065030084,-0.001474343911838449,-0.001474343911838449
2021-12-03,-0.010033656414142795,-0.006045021069591689,-0.006045021069591689
2021-12-06,0.012404235822762646,0.007435625668752892,0.007435625668752892
2021-12-07,-0.005001092665395678,-0.0028855582338019894,-0.0028855582338019894
2021-12-08,0.04732254408791496,0.026886219662336987,0.026886219662336987
2021-12-09,0.018397689506756958,0.010321715081343377,0.010321715081343377
2021-12-10,-2.613744696400111e-07,-1.1072664144937046e-07,-1.1072664144937046e-07
2021-12-13,0.0013560280581891887,0.0005724559636278322,0.0005724559636278322
2021-12-14,0.0004515209618905388,0.0001896061290884894,0.0001896061290884894
2021-12-15,-0.0001336027264944646,-5.594098069295351e-05,-5.594098069295351e-05
2021-12-16,0.0012219485249708052,0.0005099048083724534,0.0005099048083724534
2021-12-17,-7.254638254975078e-05,-3.117190287496903e-05,-3.117190287496903e-05
2021-12-20,0.0,0.0,0.0
2021-12-21,0.0,0.0,0.0
2021-12-22,0.0,0.0,0.0
2021-12-23,0.0,0.0,0.0
2021-12-27,0.0,0.0,0.0
2021-12-28,0.0,0.0,0.0
2021-12-29,0.0,0.0,0.0
2021-12-30,0.0,0.0,0.0
2021-12-31,0.0,0.0,0.0
2022-01-03,0.0,0.0,0.0
2022-01-04,0.0,0.0,0.0
2022-01-05,0.0,0.0,0.0
2022-01-06,0.0,0.0,0.0
2022-01-07,-0.00013982765118473718,-7.926015046595451e-05,-7.926015046595451e-05
2022-01-10,-0.004727975690156709,-0.004727975690156709,-0.004727975690156709
2022-01-11,0.006886063997209316,0.006886063997209316,0.006886063997209316
2022-01-12,-0.0002639923345549491,-0.0002639923345549491,-0.0002639923345549491
2022-01-13,0.003634518061515178,0.003634518061515178,0.003634518061515178
2022-01-14,-0.0036024546831284307,-0.0036024546831284307,-0.0036024546831284307
2022-01-18,-0.016830010514607627,-0.016830010514607627,-0.016830010514607627
2022-01-19,-0.007626892711225076,-0.007626892711225076,-0.007626892711225076
2022-01-20,0.004403938654736019,0.004403938654736019,0.004403938654736019
2022-01-21,0.03235562268069867,0.03235562268069867,0.03235562268069867
2022-01-24,0.001898629455603369,0.001898629455603369,0.001898629455603369
2022-01-25,0.005281336787915153,0.003752069005430728,0.003752069005430728
2022-01-26,0.017033379626145685,0.012098146686660453,0.012098146686660453
2022-01-27,0.012171648301058484,0.008593300809397141,0.008593300809397141
2022-01-28,0.0,0.0,0.0
2022-01-31,0.0,0.0,0.0
2022-02-01,-0.00016343393311248262,-0.00010444444868151816,-0.00010444444868151816
2022-02-02,0.022810440271238526,0.014577290119258866,0.014577290119258866
2022-02-03,-0.010910406706800501,-0.006970823390932376,-0.006970823390932376
2022-02-04,0.0,0.0,0.0
2022-02-07,-0.0001502709236220603,-8.388753471107477e-05,-8.388753471107477e-05
2022-02-08,-0.00920773636541326,-0.005140144782144914,-0.005140144782144914
2022-02-09,0.0,0.0,0.0
2022-02-10,0.0,0.0,0.0
2022-02-11,0.0,0.0,0.0
2022-02-14,-6.303956253595525e-06,-3.463810659457714e-06,-3.463810659457714e-06
2022-02-15,0.0012574553093836521,0.0006902796705238152,0.0006902796705238152
2022-02-16,-0.00053356561508014,-0.00029471392245133997,-0.00029471392245133997
2022-02-17,0.009359100369773513,0.0056335456953245915,0.0056335456953245915
2022-02-18,0.041257820305091564,0.02551446339386683,0.02551446339386683
2022-02-22,0.023590803018675957,0.0144820865623681,0.0144820865623681
2022-02-23,0.0015253496637330538,0.0008246261507340976,0.0008246261507340976
2022-02-24,-4.314421989340001e-06,-2.1947073144552984e-06,-2.1947073144552984e-06
2022-02-25,-0.00027642909315188954,-0.00014023924084815174,-0.00014023924084815174
2022-02-28,0.0035884744455404794,0.0018591881617042183,0.0018591881617042183
2022-03-01,0.011802969066766419,0.006161964359232894,0.006161964359232894
2022-03-02,0.01780829435449082,0.009324084232816976,0.009324084232816976
2022-03-03,0.0,0.0,0.0
2022-03-04,0.0,0.0,0.0
2022-03-07,0.0,0.0,0.0
2022-03-08,-3.009597043706131e-06,-1.6852442794882406e-06,-1.6852442794882406e-06
2022-03-09,0.003788757281801755,0.0021215403400526725,0.0021215403400526725
2022-03-10,-0.0017636968441879222,-0.0009879014561131605,-0.0009879014561131605
2022-03-11,0.0,0.0,0.0
2022-03-14,0.0,0.0,0.0
2022-03-15,-2.8898381554959914e-06,-1.68526955568782e-06,-1.68526955568782e-06
2022-03-16,0.0008346280554756447,0.0004867308051632444,0.0004867308051632444
2022-03-17,-0.001130033710753588,-0.0006590084480216909,-0.0006590084480216909
2022-03-18,0.000686306667947939,0.0003998934528064965,0.0003998934528064965
2022-03-21,-0.00041902726409661576,-0.00024374017106309025,-0.00024374017106309025
2022-03-22,-0.0003357100333023981,-0.00019506422273172572,-0.00019506422273172572
2022-03-23,-0.004713383589253453,-0.004392425560787907,-0.004392425560787907
2022-03-24,-3.564287534204472e-05,-3.564287534204472e-05,-3.564287534204472e-05
2022-03-25,-9.884602564720403e-05,-9.884602564720403e-05,-9.884602564720403e-05
2022-03-28,0.00040110303909568777,0.00040110303909568777,0.00040110303909568777
2022-03-29,0.0009094850576343177,0.0009094850576343177,0.0009094850576343177
2022-03-30,0.0005967527937861725,0.0005967527937861725,0.0005967527937861725
2022-03-31,-0.004999646682304412,-0.004999646682304412,-0.004999646682304412
2022-04-01,0.0060193857058515945,0.0060193857058515945,0.0060193857058515945
2022-04-04,0.0019370675087680268,0.0019370675087680268,0.0019370675087680268
2022-04-05,-0.0008736909255639387,-0.0008736909255639387,-0.0008736909255639387
2022-04-06,-0.0003408442892898192,-0.0003408442892898192,-0.0003408442892898192
2022-04-07,0.0006044636521766132,0.0006044636521766132,0.0006044636521766132
2022-04-08,7.039727736090055e-05,7.039727736090055e-05,7.039727736090055e-05
2022-04-11,0.0007842338019049624,0.0007842338019049624,0.0007842338019049624
2022-04-12,0.00035521839434226135,0.00035521839434226135,0.00035521839434226135
2022-04-13,-0.0011624976440499104,-0.0011624976440499104,-0.0011624976440499104
2022-04-14,-0.0005175215427032915,-0.0005175215427032915,-0.0005175215427032915
2022-04-18,-0.000469318286052218,-0.000469318286052218,-0.000469318286052218
2022-04-19,0.0006066125521176611,0.0006066125521176611,0.0006066125521176611
2022-04-20,0.0014883154900282277,0.0014883154900282277,0.0014883154900282277
2022-04-21,-0.0011347789625086862,-0.0011347789625086862,-0.0011347789625086862
2022-04-22,-9.654882309830776e-05,-9.654882309830776e-05,-9.654882309830776e-05
2022-04-25,0.002713048890153232,0.002713048890153232,0.002713048890153232
2022-04-26,0.00171183296675842,0.00171183296675842,0.00171183296675842
2022-04-27,-4.417043082968964e-05,-4.417043082968964e-05,-4.417043082968964e-05
2022-04-28,0.0,0.0,0.0
2022-04-29,0.0,0.0,0.0
2022-05-02,0.0,0.0,0.0
2022-05-03,0.0,0.0,0.0
2022-05-04,0.0,0.0,0.0
2022-05-05,0.0,0.0,0.0
2022-05-06,0.0,0.0,0.0
2022-05-09,0.0,0.0,0.0
2022-05-10,0.0,0.0,0.0
2022-05-11,0.0,0.0,0.0
2022-05-12,-7.95941106028772e-06,-7.95941106028772e-06,-7.95941106028772e-06
2022-05-13,-0.0012339949930900542,-0.0012339949930900542,-0.0012339949930900542
2022-05-16,-0.005155264893055829,-0.005155264893055829,-0.005155264893055829
2022-05-17,0.0,0.0,0.0
2022-05-18,0.0,0.0,0.0
2022-05-19,0.0,0.0,0.0
2022-05-20,0.0,0.0,0.0
2022-05-23,0.0,0.0,0.0
2022-05-24,0.0,0.0,0.0
2022-05-25,0.0,0.0,0.0
2022-05-26,0.0,0.0,0.0
2022-05-27,0.0,0.0,0.0
2022-05-31,0.0,0.0,0.0
2022-06-01,-2.6754708718835036e-06,-2.6754708718835036e-06,-2.6754708718835036e-06
2022-06-02,0.0006522564399065705,0.0006522564399065705,0.0006522564399065705
2022-06-03,-1.7376509335293154e-06,-1.7376509335293154e-06,-1.7376509335293154e-06
2022-06-06,0.0002529759093242165,0.0002529759093242165,0.0002529759093242165
2022-06-07,0.0002463400667071348,0.0002463400667071348,0.0002463400667071348
2022-06-08,0.0005306221014169314,0.0005306221014169314,0.0005306221014169314
2022-06-09,0.00015890794154912286,0.00015890794154912286,0.00015890794154912286
2022-06-10,-0.0003907699042148805,-0.0003907699042148805,-0.0003907699042148805
2022-06-13,-4.120651716784554e-08,-4.120651716784554e-08,-4.120651716784554e-08
2022-06-14,0.0015903698379078554,0.0015903698379078554,0.0015903698379078554
2022-06-15,0.001605990602052251,0.001605990602052251,0.001605990602052251
2022-06-16,-0.0015365291245124718,-0.0015365291245124718,-0.0015365291245124718
2022-06-17,0.0020164892590696917,0.0020164892590696917,0.0020164892590696917
2022-06-21,0.0006090104055640308,0.0006090104055640308,0.0006090104055640308
2022-06-22,0.0,0.0,0.0
2022-06-23,-1.8820070190707172e-06,-1.8820070190707172e-06,-1.8820070190707172e-06
2022-06-24,0.00036663150951577264,0.00036663150951577264,0.00036663150951577264
2022-06-27,-2.547046791487074e-05,-2.547046791487074e-05,-2.547046791487074e-05
2022-06-28,-0.0008576649419268272,-0.0008576649419268272,-0.0008576649419268272
2022-06-29,-0.00030977070122504863,-0.00030977070122504863,-0.00030977070122504863
2022-06-30,-0.00316530844355689,-0.00316530844355689,-0.00316530844355689
2022-07-01,0.007281059332888123,0.007281059332888123,0.007281059332888123
2022-07-05,-0.00020728645245423705,-0.00020728645245423705,-0.00020728645245423705
2022-07-06,0.0018536916762289324,0.0018536916762289324,0.0018536916762289324
2022-07-07,0.0003226516144042485,0.0003226516144042485,0.0003226516144042485
2022-07-08,-0.004474098734677946,-0.004474098734677946,-0.004474098734677946
2022-07-11,0.0,0.0,0.0
2022-07-12,0.0,0.0,0.0
2022-07-13,0.0,0.0,0.0
2022-07-14,0.0,0.0,0.0
2022-07-15,0.0,0.0,0.0
2022-07-18,0.0,0.0,0.0
2022-07-19,-9.950699562675935e-05,-9.950699562675935e-05,-9.950699562675935e-05
2022-07-20,0.002404169897209133,0.002404169897209133,0.002404169897209133
2022-07-21,0.01735065285670578,0.01735065285670578,0.01735065285670578
2022-07-22,0.014363946177850102,0.014363946177850102,0.014363946177850102
2022-07-25,0.04128525756982749,0.04128525756982749,0.04128525756982749
2022-07-26,0.011993257121484241,0.011993257121484241,0.011993257121484241
2022-07-27,0.009831583478125138,0.006008914943466279,0.006008914943466279
2022-07-28,-0.0017627774472983282,-0.0010654134344713338,-0.0010654134344713338
2022-07-29,-0.0008362820232495935,-0.0005058830286120168,-0.0005058830286120168
2022-08-01,0.006370217082573192,0.003837475278277633,0.003837475278277633
2022-08-02,-0.0001142252309365636,-6.934940976080497e-05,-6.934940976080497e-05
2022-08-03,0.0011950390054761661,0.0007261515750524636,0.0007261515750524636
2022-08-04,-0.01393121437786454,-0.008467102197789041,-0.008467102197789041
2022-08-05,0.005091338560216347,0.003091036439923231,0.003091036439923231
2022-08-08,-0.0013483399259206857,-0.0007606962207045877,-0.0007606962207045877
2022-08-09,0.015830702076468826,0.00908324276332557,0.00908324276332557
2022-08-10,0.01027248793108115,0.005875787364701657,0.005875787364701657
2022-08-11,-0.004203728573659758,-0.002357519468873862,-0.002357519468873862
2022-08-12,0.005408943118992211,0.0030399667015533387,0.0030399667015533387
2022-08-15,-0.0030167647396414443,-0.0016724159734493665,-0.0016724159734493665
2022-08-16,0.0017609410720579842,0.0009829952426808862,0.0009829952426808862
2022-08-17,-9.821022656199724e-05,-5.432493343020969e-05,-5.432493343020969e-05
2022-08-18,0.005041274813890325,0.0027992080120979724,0.0027992080120979724
2022-08-19,-0.0014551673191867454,-0.0008041500241748823,-0.0008041500241748823
2022-08-22,-0.013192124319254317,-0.007507893728212894,-0.007507893728212894
2022-08-23,-0.005401495947899986,-0.0031100905850597912,-0.0031100905850597912
2022-08-24,-0.027321754550165736,-0.022923252804422548,-0.022923252804422548
2022-08-25,0.005237565511316024,0.004551496131545227,0.004551496131545227
2022-08-26,0.0025108420910533616,0.0017042314403364388,0.0017042314403364388
2022-08-29,-0.016523094892779554,-0.011090125220062377,-0.011090125220062377
2022-08-30,-0.0028930918796199814,-0.001936055159867534,-0.001936055159867534
2022-08-31,-0.003626890764625164,-0.0023067921494615545,-0.0023067921494615545
2022-09-01,0.008924114974179196,0.0056783173131317545,0.0056783173131317545
2022-09-02,-0.002755336210037216,-0.0017566343177229827,-0.0017566343177229827
2022-09-06,0.001215025911489987,0.0007841728734108341,0.0007841728734108341
2022-09-07,-0.0006659527896222008,-0.0004341812055906335,-0.0004341812055906335
2022-09-08,0.002706505980516368,0.0017614787174520168,0.0017614787174520168
2022-09-09,-0.0026616403336923765,-0.0019022218054160352,-0.0019022218054160352
2022-09-12,0.0,0.0,0.0
2022-09-13,0.0,0.0,0.0
2022-09-14,0.0,0.0,0.0
2022-09-15,-0.00010474759808237028,-8.004498289556688e-05,-8.004498289556688e-05
2022-09-16,-0.004762507691034577,-0.0036562821425617955,-0.0036562821425617955
2022-09-19,0.015953808190407284,0.012248243391703613,0.012248243391703613
2022-09-20,0.010425492703559809,0.008190188322237224,0.008190188322237224
2022-09-21,0.011894640951681731,0.008256732625016302,0.008256732625016302
2022-09-22,0.007698033266931354,0.005328032207716962,0.005328032207716962
2022-09-23,-0.00789592046374164,-0.005250078187629904,-0.005250078187629904
2022-09-26,0.014511119868084836,0.012823778621824556,0.012823778621824556
2022-09-27,0.01765957917688228,0.01507616831429608,0.01507616831429608
2022-09-28,0.007960383407982571,0.00628830073065144,0.00628830073065144
2022-09-29,-0.009118586250859435,-0.007614669303826878,-0.007614669303826878
2022-09-30,0.0017816333432851405,0.0015032440726459296,0.0015032440726459296
2022-10-03,-0.015156865027713143,-0.012169505839102604,-0.012169505839102604
2022-10-04,0.03146951729856612,0.025578532803582008,0.025578532803582008
2022-10-05,0.005686191283267278,0.004121838217503906,0.004121838217503906
2022-10-06,-5.886306572090432e-05,-3.428583949264992e-05,-3.428583949264992e-05
2022-10-07,-0.010796130179362342,-0.006319788266313306,-0.006319788266313306
2022-10-10,-0.017338999869685685,-0.010111650461745572,-0.010111650461745572
2022-10-11,0.0,0.0,0.0
2022-10-12,-1.2031962162789726e-05,-6.230397363461122e-06,-6.230397363461122e-06
2022-10-13,0.001050423401753802,0.0005439308322498359,0.0005439308322498359
2022-10-14,0.0021034130435414336,0.0010891765528435638,0.0010891765528435638
2022-10-17,0.0005252949044048292,0.0002722899372467949,0.0002722899372467949
2022-10-18,0.003934027358581096,0.0020623105922985266,0.0020623105922985266
2022-10-19,-0.0013114595440176708,-0.0007086749335484532,-0.0007086749335484532
2022-10-20,0.0,0.0,0.0
2022-10-21,0.0,0.0,0.0
2022-10-24,-1.0245978261482743e-05,-5.747801042064773e-06,-5.747801042064773e-06
2022-10-25,0.001507312683115922,0.0008610217959878698,0.0008610217959878698
2022-10-26,0.0013140236805225128,0.0007804573301373193,0.0007804573301373193
2022-10-27,-0.0003104507933027758,-0.00019849614385173921,-0.00019849614385173921
2022-10-28,3.088048917225056e-05,2.0086987394698218e-05,2.0086987394698218e-05
2022-10-31,-0.0013412207696285275,-0.0008934948641676194,-0.0008934948641676194
2022-11-01,0.006392881972775332,0.004262024722900307,0.004262024722900307
2022-11-02,0.0005345764809551381,0.0003847854391060076,0.0003847854391060076
2022-11-03,0.004537154861148252,0.004537154861148252,0.004537154861148252
2022-11-04,0.0,0.0,0.0
2022-11-07,0.0,0.0,0.0
2022-11-08,-3.67671681738548e-05,-3.67671681738548e-05,-3.67671681738548e-05
2022-11-09,-0.002169480769546311,-0.002169480769546311,-0.002169480769546311
2022-11-10,0.0,0.0,0.0
2022-11-11,0.0,0.0,0.0
2022-11-14,-4.950135766564341e-05,-4.950135766564341e-05,-4.950135766564341e-05
2022-11-15,-8.094152944736126e-05,-8.094152944736126e-05,-8.094152944736126e-05
2022-11-16,0.0015718514932330867,0.0015718514932330867,0.0015718514932330867
2022-11-17,0.004951668675702369,0.004951668675702369,0.004951668675702369
2022-11-18,0.00034772481915741507,0.00034772481915741507,0.00034772481915741507
2022-11-21,-0.0006891485250550678,-0.0006891485250550678,-0.0006891485250550678
2022-11-22,0.001516661655529675,0.001516661655529675,0.001516661655529675
2022-11-23,-0.00029654190564704715,-0.00029654190564704715,-0.00029654190564704715
2022-11-25,0.0005994392588764294,0.0005994392588764294,0.0005994392588764294
2022-11-28,0.007053933210532775,0.007053933210532775,0.007053933210532775
2022-11-29,0.009651812841381264,0.009651812841381264,0.009651812841381264
2022-11-30,0.003765504420211392,0.003765504420211392,0.003765504420211392
2022-12-01,-0.02327608083812451,-0.02327608083812451,-0.02327608083812451
2022-12-02,-0.0005326956051515264,-0.0005326956051515264,-0.0005326956051515264
2022-12-05,-0.007747212942385841,-0.007747212942385841,-0.007747212942385841
2022-12-06,-0.0036814470102242906,-0.0036814470102242906,-0.0036814470102242906
2022-12-07,-0.010876564921129876,-0.010607152594230925,-0.010607152594230925
2022-12-08,0.005263353679771762,0.005098115261810591,0.005098115261810591
2022-12-09,-0.014301522221819489,-0.013045132708226126,-0.013045132708226126
2022-12-12,0.005607579284032637,0.005018799064145874,0.005018799064145874
2022-12-13,0.016014320494384972,0.013153123055664111,0.013153123055664111
2022-12-14,0.023725802310241406,0.01910677044871157,0.01910677044871157
2022-12-15,-0.008802507004870602,-0.006369035611966286,-0.006369035611966286
2022-12-16,0.00038900966586384025,0.0002396289993944258,0.0002396289993944258
2022-12-19,0.005914183025347731,0.0035641749159636177,0.0035641749159636177
2022-12-20,-0.002620532170420446,-0.0015875503099772076,-0.0015875503099772076
2022-12-21,0.0029667964051000896,0.0017838138267717667,0.0017838138267717667
2022-12-22,0.004938772338835032,0.002963802648264852,0.002963802648264852
2022-12-23,0.037868537823696376,0.022696394408281764,0.022696394408281764
2022-12-27,0.016816414476300508,0.01003517407590434,0.01003517407590434
2022-12-28,0.00516803639378903,0.002423331579606158,0.002423331579606158
2022-12-29,0.0,0.0,0.0
2022-12-30,0.0,0.0,0.0
2023-01-03,0.0,0.0,0.0
2023-01-04,-7.978063110578104e-05,-4.080790619380525e-05,-4.080790619380525e-05
2023-01-05,-0.002336277161023779,-0.0011959125182816736,-0.0011959125182816736
2023-01-06,0.0036692322673883265,0.0019192685960886732,0.0019192685960886732
2023-01-09,0.0013305075657816287,0.0006984286648155798,0.0006984286648155798
2023-01-10,0.010715732313448762,0.005889273449436275,0.005889273449436275
2023-01-11,0.005158507520445597,0.0028278852688439285,0.0028278852688439285
2023-01-12,-0.0006204621102669345,-0.0003676823466114205,-0.0003676823466114205
2023-01-13,-0.00102105400121735,-0.0006049860638974528,-0.0006049860638974528
2023-01-17,0.00014438646345650173,8.695685410391044e-05,8.695685410391044e-05
2023-01-18,0.002879829744944465,0.0018934627877831359,0.0018934627877831359
2023-01-19,0.015691022398176317,0.010799834833694715,0.010799834833694715
2023-01-20,0.013375436450535193,0.009247369522349568,0.009247369522349568
2023-01-23,0.0013459529586727153,0.0008976924311027237,0.0008976924311027237
2023-01-24,0.0,0.0,0.0
2023-01-25,0.0,0.0,0.0
2023-01-26,0.0,0.0,0.0
2023-01-27,0.0,0.0,0.0
2023-01-30,-0.00011613716074381518,-0.00011613716074381518,-0.00011613716074381518
2023-01-31,0.014142757928121062,0.014142757928121062,0.014142757928121062
2023-02-01,-0.028486405465007976,-0.028486405465007976,-0.028486405465007976
2023-02-02,-0.005795274712601582,-0.005795274712601582,-0.005795274712601582
2023-02-03,-0.009184468147594433,-0.006413439793057163,-0.006413439793057163
2023-02-06,-0.003613780484409839,-0.00248176985326184,-0.00248176985326184
2023-02-07,-1.838179276383119e-05,-1.2256799751492111e-05,-1.2256799751492111e-05
2023-02-08,-0.0004158344135739599,-0.0002761479475312724,-0.0002761479475312724
2023-02-09,0.0010371745647964887,0.0006887100229754347,0.0006887100229754347
2023-02-10,-0.0013160989386940124,-0.0009019447192192188,-0.0009019447192192188
2023-02-13,0.001134634360734979,0.000783699165846567,0.000783699165846567
2023-02-14,-0.00028583484221877216,-0.00019734820464604883,-0.00019734820464604883
2023-02-15,-0.0015401733312417946,-0.001063275780214922,-0.001063275780214922
2023-02-16,0.000799351255908232,0.0005518259871223265,0.0005518259871223265
2023-02-17,-5.778763386175162e-05,-3.9978403796339494e-05,-3.9978403796339494e-05
2023-02-21,-0.0014476529464980477,-0.0010971512910841377,-0.0010971512910841377
2023-02-22,-0.006063024666700131,-0.005021225852663635,-0.005021225852663635
2023-02-23,-0.0037529807497605648,-0.0031211279856897325,-0.0031211279856897325
2023-02-24,-0.002302099729387746,-0.001902684031059948,-0.001902684031059948
2023-02-27,0.010687457161734274,0.008841558919904154,0.008841558919904154
2023-02-28,0.0037042440101185494,0.003071887053119391,0.003071887053119391
2023-03-01,0.05726933312834124,0.044382529412850244,0.044382529412850244
2023-03-02,0.002331193671298904,0.001787534729657529,0.001787534729657529
2023-03-03,0.004669540112227123,0.001930677133839071,0.001930677133839071
2023-03-06,0.00644485686788077,0.0029806407515838144,0.0029806407515838144
2023-03-07,9.225153563615747e-05,4.303474090765949e-05,4.303474090765949e-05
2023-03-08,-0.0001269191349145229,-6.040194070176405e-05,-6.040194070176405e-05
2023-03-09,-0.012961185316574947,-0.006204481002729516,-0.006204481002729516
2023-03-10,0.021435727313110848,0.010259994553210304,0.010259994553210304
2023-03-13,0.009729078659388993,0.004490063495343763,0.004490063495343763
2023-03-14,0.017780824743525676,0.007859880823773407,0.007859880823773407
2023-03-15,-0.004967204168896485,-0.002195749340005877,-0.002195749340005877
2023-03-16,0.00494381473826237,0.0021437023961337833,0.0021437023961337833
2023-03-17,0.017720265141103093,0.007614452064833504,0.007614452064833504
2023-03-20,-0.003314342890333814,-0.0014322720276507496,-0.0014322720276507496
2023-03-21,-0.008826098904556053,-0.003760522771339552,-0.003760522771339552
2023-03-22,0.003081219148726789,0.0013047925714757495,0.0013047925714757495
2023-03-23,-0.008322605978236752,-0.0034579497357533724,-0.0034579497357533724
2023-03-24,0.006825377463824456,0.0028811287500576507,0.0028811287500576507
2023-03-27,-0.0023545811949433164,-0.0009811716593168991,-0.0009811716593168991
2023-03-28,-0.0027011739283051184,-0.0011349910864332337,-0.0011349910864332337
2023-03-29,-0.03046193671747495,-0.012725331897505103,-0.012725331897505103
2023-03-30,-0.02474388624024347,-0.010259420409293493,-0.010259420409293493
2023-03-31,-0.007367983529611573,-0.00396531107435929,-0.00396531107435929
2023-04-03,-0.029145615067221315,-0.01408103076772435,-0.01408103076772435
2023-04-04,0.0,0.0,0.0
2023-04-05,0.0,0.0,0.0
2023-04-06,0.0,0.0,0.0
2023-04-10,0.0,0.0,0.0
2023-04-11,0.0,0.0,0.0
2023-04-12,0.0,0.0,0.0
2023-04-13,-0.00012423736843301573,-6.13477805379439e-05,-6.13477805379439e-05
2023-04-14,-0.004598704166073368,-0.0024611305584540315,-0.0024611305584540315
2023-04-17,-0.002537069313321246,-0.0013532754808200632,-0.0013532754808200632
2023-04-18,-0.00608979076796109,-0.0033041059914355906,-0.0033041059914355906
2023-04-19,-0.013979938941903332,-0.008494706320365048,-0.008494706320365048
2023-04-20,-0.00013996440014836574,-4.2587203287506536e-05,-4.2587203287506536e-05
2023-04-21,-0.0018631939000298278,-0.0005593149730675707,-0.0005593149730675707
2023-04-24,0.004337889165809694,0.0013178716709279406,0.0013178716709279406
2023-04-25,-0.0051967148866868046,-0.001573655220738743,-0.001573655220738743
2023-04-26,0.004758924189387908,0.0014617643751503753,0.0014617643751503753
2023-04-27,-0.010004942294693482,-0.0030836214652523323,-0.0030836214652523323
2023-04-28,-0.003497462595208877,-0.0010503825923116592,-0.0010503825923116592
2023-05-01,0.0035652131426247447,0.0012720331130348145,0.0012720331130348145
2023-05-02,-0.004867057351544952,-0.0020489673503997306,-0.0020489673503997306
2023-05-03,-0.008939489052050673,-0.0037030777991950833,-0.0037030777991950833
2023-05-04,0.004927128671330617,0.0024635643356653086,0.0024635643356653086
2023-05-05,-0.004861651467318479,-0.0024308257336592394,-0.0024308257336592394
2023-05-08,0.02948209545099583,0.014741047725497915,0.014741047725497915
2023-05-09,0.0029770146087031006,0.0014885073043515503,0.0014885073043515503
2023-05-10,0.035441199897308456,0.012740633234686825,0.012740633234686825
2023-05-11,0.0007417315887511711,0.0002653482646009343,0.0002653482646009343
2023-05-12,-0.01237117845695699,-0.0032536009694706016,-0.0032536009694706016
2023-05-15,0.024950052442080293,0.0065631862551270076,0.0065631862551270076
2023-05-16,0.005638879630411536,0.0014455674687830274,0.0014455674687830274
2023-05-17,0.030578373007128883,0.007185270976383609,0.007185270976383609
2023-05-18,0.008999041403181392,0.0021328887405891073,0.0021328887405891073
2023-05-19,-0.016907474689222258,-0.0037815111490023794,-0.0037815111490023794
2023-05-22,0.015140840708085126,0.0033911757645822033,0.0033911757645822033
2023-05-23,-0.019669519315993436,-0.004173799115838277,-0.004173799115838277
2023-05-24,0.008703499552455916,0.0018235556328730367,0.0018235556328730367
2023-05-25,-0.0038241866330351974,-0.0007587076126276336,-0.0007587076126276336
2023-05-26,0.001501453728750835,0.00029731438167294945,0.00029731438167294945
2023-05-30,-0.006101211075652752,-0.0012265321066956597,-0.0012265321066956597
2023-05-31,0.005914434425210909,0.0011966181888794136,0.0011966181888794136
2023-06-01,0.0037343324475608013,0.000746063881934378,0.000746063881934378
2023-06-02,0.001208087768165344,0.0002437757525592515,0.0002437757525592515
2023-06-05,0.007767901205497304,0.0016031216430773421,0.0016031216430773421
2023-06-06,0.010263690738553682,0.0021136031467540264,0.0021136031467540264
2023-06-07,0.02108388616783928,0.0043974676956197245,0.0043974676956197245
2023-06-08,0.008903685884961916,0.001985934041340125,0.001985934041340125
2023-06-09,-0.0010846629824432523,-0.0004698266554091484,-0.0004698266554091484
2023-06-12,0.010483633375903991,0.005143409093504722,0.005143409093504722
2023-06-13,0.015921824243870772,0.007789060558089049,0.007789060558089049
2023-06-14,-0.005388022540301815,-0.0027638685136119607,-0.0027638685136119607
2023-06-15,-3.091011983769611e-05,-1.6651159460461295e-05,-1.6651159460461295e-05
2023-06-16,0.003031756303422451,0.001599526939859808,0.001599526939859808
2023-06-20,-0.007771449355162501,-0.004742733389391312,-0.004742733389391312
2023-06-21,0.010700596010754225,0.006585559686748136,0.006585559686748136
2023-06-22,-0.000475514303437552,-0.000316161179651013,-0.000316161179651013
2023-06-23,-0.000562628284788627,-0.00038373616714847326,-0.00038373616714847326
2023-06-26,-0.0011206452430127197,-0.0009319093968750504,-0.0009319093968750504
2023-06-27,0.002325047568732456,0.0019347024756077949,0.0019347024756077949
2023-06-28,0.0008769941446752408,0.000741455278444878,0.000741455278444878
2023-06-29,-9.688923758514585e-05,-8.204369602080033e-05,-8.204369602080033e-05
2023-06-30,0.0021459666083446893,0.0019041482748610417,0.0019041482748610417
2023-07-03,-0.006386727331958934,-0.005623781795844962,-0.005623781795844962
2023-07-05,-2.5743017138700407e-06,-2.263055309019674e-06,-2.263055309019674e-06
2023-07-06,0.0014211917144373132,0.0011921856161657412,0.0011921856161657412
2023-07-07,0.0011236604807239312,0.0009463630717463866,0.0009463630717463866
2023-07-10,-0.0009126948468133399,-0.0007880844951134595,-0.0007880844951134595
2023-07-11,0.0013202257885371613,0.0013202257885371613,0.0013202257885371613
2023-07-12,0.0021759742919350805,0.0021759742919350805,0.0021759742919350805
2023-07-13,-0.0011404791157723698,-0.0011404791157723698,-0.0011404791157723698
2023-07-14,0.00020609317415689734,0.00020609317415689734,0.00020609317415689734
2023-07-17,0.0010431177560937365,0.0010431177560937365,0.0010431177560937365
2023-07-18,0.004951660841789432,0.004951660841789432,0.004951660841789432
2023-07-19,-0.002487380203646678,-0.002487380203646678,-0.002487380203646678
2023-07-20,0.0,0.0,0.0
2023-07-21,0.0,0.0,0.0
2023-07-24,0.0,0.0,0.0
2023-07-25,0.0,0.0,0.0
2023-07-26,0.0,0.0,0.0
2023-07-27,0.0,0.0,0.0
2023-07-28,0.0,0.0,0.0
2023-07-31,0.0,0.0,0.0
2023-08-01,-2.8116025392838853e-05,-2.8116025392838853e-05,-2.8116025392838853e-05
2023-08-02,0.0022059584693086033,0.0022059584693086033,0.0022059584693086033
2023-08-03,-0.001871779166433485,-0.001871779166433485,-0.001871779166433485
2023-08-04,-0.0026081432305576696,-0.0026081432305576696,-0.0026081432305576696
2023-08-07,-0.00031217641358015905,-0.00031217641358015905,-0.00031217641358015905
2023-08-08,-0.002356680249247443,-0.002356680249247443,-0.002356680249247443
2023-08-09,-0.0016146779103938355,-0.0016146779103938355,-0.0016146779103938355
2023-08-10,0.007021415398600463,0.007021415398600463,0.007021415398600463
2023-08-11,0.0006618426129749852,0.0006618426129749852,0.0006618426129749852
2023-08-14,0.001181361402499114,0.001181361402499114,0.001181361402499114
2023-08-15,0.0029705383527529345,0.0029705383527529345,0.0029705383527529345
2023-08-16,0.002508906696194536,0.002508906696194536,0.002508906696194536
2023-08-17,-0.005320348325965599,-0.005320348325965599,-0.005320348325965599
2023-08-18,-0.002841723149301642,-0.002841723149301642,-0.002841723149301642
2023-08-21,0.0028236045891322633,0.0028236045891322633,0.0028236045891322633
2023-08-22,-0.0008822909406720437,-0.0008822909406720437,-0.0008822909406720437
2023-08-23,0.009226552379419193,0.009226552379419193,0.009226552379419193
2023-08-24,-0.00017037161871427957,-0.00017037161871427957,-0.00017037161871427957
2023-08-25,0.0,0.0,0.0
2023-08-28,0.0,0.0,0.0
2023-08-29,0.0,0.0,0.0
2023-08-30,0.0,0.0,0.0
2023-08-31,0.0,0.0,0.0
2023-09-01,-1.8049467050579394e-05,-1.8049467050579394e-05,-1.8049467050579394e-05
2023-09-05,0.0032123022463618825,0.0032123022463618825,0.0032123022463618825
2023-09-06,-0.002683136411929593,-0.002683136411929593,-0.002683136411929593
2023-09-07,0.006166991730933289,0.006166991730933289,0.006166991730933289
2023-09-08,0.003453951211346365,0.003453951211346365,0.003453951211346365
