id,market_and_exchange_names,report_date_as_yyyy_mm_dd,yyyy_report_week_ww,contract_market_name,cftc_contract_market_code,cftc_market_code,cftc_region_code,cftc_commodity_code,commodity_name,open_interest_all,prod_merc_positions_long,prod_merc_positions_short,swap_positions_long_all,swap__positions_short_all,swap__positions_spread_all,m_money_positions_long_all,m_money_positions_short_all,m_money_positions_spread,other_rept_positions_long,other_rept_positions_short,other_rept_positions_spread,tot_rept_positions_long_all,tot_rept_positions_short,nonrept_positions_long_all,nonrept_positions_short_all,open_interest_old,prod_merc_positions_long_1,prod_merc_positions_short_1,swap_positions_long_old,swap__positions_short_old,swap__positions_spread_old,m_money_positions_long_old,m_money_positions_short_old,m_money_positions_spread_1,other_rept_positions_long_1,other_rept_positions_short_1,other_rept_positions_spread_1,tot_rept_positions_long_old,tot_rept_positions_short_1,nonrept_positions_long_old,nonrept_positions_short_old,open_interest_other,prod_merc_positions_long_2,prod_merc_positions_short_2,swap_positions_long_other,swap__positions_short_other,swap__positions_spread_other,m_money_positions_long_other,m_money_positions_short_other,m_money_positions_spread_2,other_rept_positions_long_2,other_rept_positions_short_2,other_rept_positions_spread_2,tot_rept_positions_long_other,tot_rept_positions_short_2,nonrept_positions_long_other,nonrept_positions_short_other,change_in_open_interest_all,change_in_prod_merc_long,change_in_prod_merc_short,change_in_swap_long_all,change_in_swap_short_all,change_in_swap_spread_all,change_in_m_money_long_all,change_in_m_money_short_all,change_in_m_money_spread,change_in_other_rept_long,change_in_other_rept_short,change_in_other_rept_spread,change_in_tot_rept_long_all,change_in_tot_rept_short,change_in_nonrept_long_all,change_in_nonrept_short_all,pct_of_open_interest_all,pct_of_oi_prod_merc_long,pct_of_oi_prod_merc_short,pct_of_oi_swap_long_all,pct_of_oi_swap_short_all,pct_of_oi_swap_spread_all,pct_of_oi_m_money_long_all,pct_of_oi_m_money_short_all,pct_of_oi_m_money_spread,pct_of_oi_other_rept_long,pct_of_oi_other_rept_short,pct_of_oi_other_rept_spread,pct_of_oi_tot_rept_long_all,pct_of_oi_tot_rept_short,pct_of_oi_nonrept_long_all,pct_of_oi_nonrept_short_all,pct_of_open_interest_old,pct_of_oi_prod_merc_long_1,pct_of_oi_prod_merc_short_1,pct_of_oi_swap_long_old,pct_of_oi_swap_short_old,pct_of_oi_swap_spread_old,pct_of_oi_m_money_long_old,pct_of_oi_m_money_short_old,pct_of_oi_m_money_spread_1,pct_of_oi_other_rept_long_1,pct_of_oi_other_rept_short_1,pct_of_oi_other_rept_spread_1,pct_of_oi_tot_rept_long_old,pct_of_oi_tot_rept_short_1,pct_of_oi_nonrept_long_old,pct_of_oi_nonrept_short_old,pct_of_open_interest_other,pct_of_oi_prod_merc_long_2,pct_of_oi_prod_merc_short_2,pct_of_oi_swap_long_other,pct_of_oi_swap_short_other,pct_of_oi_swap_spread_other,pct_of_oi_m_money_long_other,pct_of_oi_m_money_short_other,pct_of_oi_m_money_spread_2,pct_of_oi_other_rept_long_2,pct_of_oi_other_rept_short_2,pct_of_oi_other_rept_spread_2,pct_of_oi_tot_rept_long_other,pct_of_oi_tot_rept_short_2,pct_of_oi_nonrept_long_other,pct_of_oi_nonrept_short_other,traders_tot_all,traders_prod_merc_long_all,traders_prod_merc_short_all,traders_swap_long_all,traders_swap_short_all,traders_swap_spread_all,traders_m_money_long_all,traders_m_money_short_all,traders_m_money_spread_all,traders_other_rept_long_all,traders_other_rept_short,traders_other_rept_spread,traders_tot_rept_long_all,traders_tot_rept_short_all,traders_tot_old,traders_prod_merc_long_old,traders_prod_merc_short_old,traders_swap_long_old,traders_swap_short_old,traders_swap_spread_old,traders_m_money_long_old,traders_m_money_short_old,traders_m_money_spread_old,traders_other_rept_long_old,traders_other_rept_short_1,traders_other_rept_spread_1,traders_tot_rept_long_old,traders_tot_rept_short_old,traders_tot_other,traders_prod_merc_long_other,traders_prod_merc_short_other,traders_swap_long_other,traders_swap_short_other,traders_swap_spread_other,traders_m_money_long_other,traders_m_money_short_other,traders_m_money_spread_other,traders_other_rept_long_other,traders_other_rept_short_2,traders_other_rept_spread_2,traders_tot_rept_long_other,traders_tot_rept_short_other,conc_gross_le_4_tdr_long,conc_gross_le_4_tdr_short,conc_gross_le_8_tdr_long,conc_gross_le_8_tdr_short,conc_net_le_4_tdr_long_all,conc_net_le_4_tdr_short_all,conc_net_le_8_tdr_long_all,conc_net_le_8_tdr_short_all,conc_gross_le_4_tdr_long_1,conc_gross_le_4_tdr_short_1,conc_gross_le_8_tdr_long_1,conc_gross_le_8_tdr_short_1,conc_net_le_4_tdr_long_old,conc_net_le_4_tdr_short_old,conc_net_le_8_tdr_long_old,conc_net_le_8_tdr_short_old,conc_gross_le_4_tdr_long_2,conc_gross_le_4_tdr_short_2,conc_gross_le_8_tdr_long_2,conc_gross_le_8_tdr_short_2,conc_net_le_4_tdr_long_other,conc_net_le_4_tdr_short_other,conc_net_le_8_tdr_long_other,conc_net_le_8_tdr_short_other,contract_units,cftc_subgroup_code,commodity,commodity_subgroup_name,commodity_group_name,futonly_or_combined
220802067411F,"CRUDE OIL, LIGHT SWEET-WTI - ICE FUTURES EUROPE",2022-08-02T00:00:00.000,2022 Report Week 31,"CRUDE OIL, LIGHT SWEET-WTI",67411,ICEU,NYC,67,CRUDE OIL,449195,243611,179349,7384,71708,22615,19099,16882,24655,44933,47879,73747,436044,436835,13151,12360,449195,243611,179349,7384,71708,22615,19099,16882,24655,44933,47879,73747,436044,436835,13151,12360,0,0,0,0,0,0,0,0,0,0,0,0,0,0,0,0,-3178.0,-9521.0,-9338.0,-415.0,-721.0,3428.0,1646.0,-1590.0,6447.0,1369.0,2998.0,-4525.0,-1571.0,-3301.0,-1607.0,123.0,100.0,54.2,39.9,1.6,16.0,5.0,4.3,3.8,5.5,10.0,10.7,16.4,97.1,97.2,2.9,2.8,100.0,54.2,39.9,1.6,16.0,5.0,4.3,3.8,5.5,10.0,10.7,16.4,97.1,97.2,2.9,2.8,100.0,0.0,0.0,0.0,0.0,0.0,0.0,0.0,0.0,0.0,0.0,0.0,0.0,0.0,0.0,0.0,109,37.0,34.0,7.0,9.0,15.0,7.0,10.0,16.0,9,21.0,25,100,95,109,37.0,34.0,7.0,9.0,15.0,7.0,10.0,16.0,9,21.0,25,100,95,0,0,0,0,0,0,0,0,0,0,0,0,0,0,40.2,25.9,52.6,42.1,33.9,21.9,40.0,32.0,40.2,25.9,52.6,42.1,33.9,21.9,40.0,32.0,0.0,0.0,0.0,0.0,0.0,0.0,0.0,0.0,"(CONTRACTS OF 1,000 BARRELS)",N10,CRUDE OIL,PETROLEUM AND PRODUCTS,NATURAL RESOURCES,FutOnly
220809067411F,"CRUDE OIL, LIGHT SWEET-WTI - ICE FUTURES EUROPE",2022-08-09T00:00:00.000,2022 Report Week 32,"CRUDE OIL, LIGHT SWEET-WTI",67411,ICEU,NYC,67,CRUDE OIL,441065,226451,181537,7106,72878,23726,26984,17067,22344,50026,39307,71241,427878,428100,13187,12965,441065,226451,181537,7106,72878,23726,26984,17067,22344,50026,39307,71241,427878,428100,13187,12965,0,0,0,0,0,0,0,0,0,0,0,0,0,0,0,0,-8130.0,-17160.0,2188.0,-278.0,1170.0,1111.0,7885.0,185.0,-2311.0,5093.0,-8572.0,-2506.0,-8166.0,-8735.0,36.0,605.0,100.0,51.3,41.2,1.6,16.5,5.4,6.1,3.9,5.1,11.3,8.9,16.2,97.0,97.1,3.0,2.9,100.0,51.3,41.2,1.6,16.5,5.4,6.1,3.9,5.1,11.3,8.9,16.2,97.0,97.1,3.0,2.9,100.0,0.0,0.0,0.0,0.0,0.0,0.0,0.0,0.0,0.0,0.0,0.0,0.0,0.0,0.0,0.0,106,36.0,28.0,7.0,9.0,15.0,7.0,10.0,15.0,10,22.0,25,98,89,106,36.0,28.0,7.0,9.0,15.0,7.0,10.0,15.0,10,22.0,25,98,89,0,0,0,0,0,0,0,0,0,0,0,0,0,0,40.2,25.6,51.5,42.8,35.1,22.3,40.4,32.6,40.2,25.6,51.5,42.8,35.1,22.3,40.4,32.6,0.0,0.0,0.0,0.0,0.0,0.0,0.0,0.0,"(CONTRACTS OF 1,000 BARRELS)",N10,CRUDE OIL,PETROLEUM AND PRODUCTS,NATURAL RESOURCES,FutOnly
221018067411F,"CRUDE OIL, LIGHT SWEET-WTI - ICE FUTURES EUROPE",2022-10-18T00:00:00.000,2022 Report Week 42,"CRUDE OIL, LIGHT SWEET-WTI",67411,ICEU,NYC,67,CRUDE OIL,432399,243263,201416,14148,58208,19891,15436,26755,19143,49355,33969,61015,422251,420397,10148,12002,432399,243263,201416,14148,58208,19891,15436,26755,19143,49355,33969,61015,422251,420397,10148,12002,0,0,0,0,0,0,0,0,0,0,0,0,0,0,0,0,12422.0,14609.0,4431.0,1078.0,-2287.0,967.0,393.0,-2395.0,4730.0,-3572.0,11951.0,-4182.0,14023.0,13215.0,-1601.0,-793.0,100.0,56.3,46.6,3.3,13.5,4.6,3.6,6.2,4.4,11.4,7.9,14.1,97.7,97.2,2.3,2.8,100.0,56.3,46.6,3.3,13.5,4.6,3.6,6.2,4.4,11.4,7.9,14.1,97.7,97.2,2.3,2.8,100.0,0.0,0.0,0.0,0.0,0.0,0.0,0.0,0.0,0.0,0.0,0.0,0.0,0.0,0.0,0.0,108,38.0,36.0,6.0,9.0,14.0,7.0,11.0,13.0,9,22.0,27,97,98,108,38.0,36.0,6.0,9.0,14.0,7.0,11.0,13.0,9,22.0,27,97,98,0,0,0,0,0,0,0,0,0,0,0,0,0,0,42.9,28.7,54.7,47.6,36.8,22.2,43.8,35.8,42.9,28.7,54.7,47.6,36.8,22.2,43.8,35.8,0.0,0.0,0.0,0.0,0.0,0.0,0.0,0.0,"(CONTRACTS OF 1,000 BARRELS)",N10,CRUDE OIL,PETROLEUM AND PRODUCTS,NATURAL RESOURCES,FutOnly
221025067411F,"CRUDE OIL, LIGHT SWEET-WTI - ICE FUTURES EUROPE",2022-10-25T00:00:00.000,2022 Report Week 43,"CRUDE OIL, LIGHT SWEET-WTI",67411,ICEU,NYC,67,CRUDE OIL,417487,223249,191014,12502,55550,17556,15867,26864,27522,54273,30642,57371,408340,406519,9147,10968,417487,223249,191014,12502,55550,17556,15867,26864,27522,54273,30642,57371,408340,406519,9147,10968,0,0,0,0,0,0,0,0,0,0,0,0,0,0,0,0,-14912.0,-20014.0,-10402.0,-1646.0,-2658.0,-2335.0,431.0,109.0,8379.0,4918.0,-3327.0,-3644.0,-13911.0,-13878.0,-1001.0,-1034.0,100.0,53.5,45.8,3.0,13.3,4.2,3.8,6.4,6.6,13.0,7.3,13.7,97.8,97.4,2.2,2.6,100.0,53.5,45.8,3.0,13.3,4.2,3.8,6.4,6.6,13.0,7.3,13.7,97.8,97.4,2.2,2.6,100.0,0.0,0.0,0.0,0.0,0.0,0.0,0.0,0.0,0.0,0.0,0.0,0.0,0.0,0.0,0.0,109,34.0,31.0,6.0,9.0,14.0,7.0,11.0,14.0,10,23.0,29,98,94,109,34.0,31.0,6.0,9.0,14.0,7.0,11.0,14.0,10,23.0,29,98,94,0,0,0,0,0,0,0,0,0,0,0,0,0,0,42.1,27.9,55.5,45.5,35.9,21.7,43.4,35.7,42.1,27.9,55.5,45.5,35.9,21.7,43.4,35.7,0.0,0.0,0.0,0.0,0.0,0.0,0.0,0.0,"(CONTRACTS OF 1,000 BARRELS)",N10,CRUDE OIL,PETROLEUM AND PRODUCTS,NATURAL RESOURCES,FutOnly
220816067411F,"CRUDE OIL, LIGHT SWEET-WTI - ICE FUTURES EUROPE",2022-08-16T00:00:00.000,2022 Report Week 33,"CRUDE OIL, LIGHT SWEET-WTI",67411,ICEU,NYC,67,CRUDE OIL,439656,236558,182761,7721,69656,23470,21877,17203,24879,50673,46507,61294,426472,425770,13184,13886,439656,236558,182761,7721,69656,23470,21877,17203,24879,50673,46507,61294,426472,425770,13184,13886,0,0,0,0,0,0,0,0,0,0,0,0,0,0,0,0,-1409.0,10107.0,1224.0,615.0,-3222.0,-256.0,-5107.0,136.0,2535.0,647.0,7200.0,-9947.0,-1406.0,-2330.0,-3.0,921.0,100.0,53.8,41.6,1.8,15.8,5.3,5.0,3.9,5.7,11.5,10.6,13.9,97.0,96.8,3.0,3.2,100.0,53.8,41.6,1.8,15.8,5.3,5.0,3.9,5.7,11.5,10.6,13.9,97.0,96.8,3.0,3.2,100.0,0.0,0.0,0.0,0.0,0.0,0.0,0.0,0.0,0.0,0.0,0.0,0.0,0.0,0.0,0.0,108,35.0,30.0,8.0,9.0,16.0,6.0,10.0,13.0,11,21.0,22,94,89,108,35.0,30.0,8.0,9.0,16.0,6.0,10.0,13.0,11,21.0,22,94,89,0,0,0,0,0,0,0,0,0,0,0,0,0,0,40.6,26.4,52.5,44.3,35.5,23.2,41.9,34.4,40.6,26.4,52.5,44.3,35.5,23.2,41.9,34.4,0.0,0.0,0.0,0.0,0.0,0.0,0.0,0.0,"(CONTRACTS OF 1,000 BARRELS)",N10,CRUDE OIL,PETROLEUM AND PRODUCTS,NATURAL RESOURCES,FutOnly
220823067411F,"CRUDE OIL, LIGHT SWEET-WTI - ICE FUTURES EUROPE",2022-08-23T00:00:00.000,2022 Report Week 34,"CRUDE OIL, LIGHT SWEET-WTI",67411,ICEU,NYC,67,CRUDE OIL,423212,233954,184567,7893,63194,19380,16811,21163,21870,51248,40897,59402,410558,410473,12654,12739,423212,233954,184567,7893,63194,19380,16811,21163,21870,51248,40897,59402,410558,410473,12654,12739,0,0,0,0,0,0,0,0,0,0,0,0,0,0,0,0,-16444.0,-2604.0,1806.0,172.0,-6462.0,-4090.0,-5066.0,3960.0,-3009.0,575.0,-5610.0,-1892.0,-15914.0,-15297.0,-530.0,-1147.0,100.0,55.3,43.6,1.9,14.9,4.6,4.0,5.0,5.2,12.1,9.7,14.0,97.0,97.0,3.0,3.0,100.0,55.3,43.6,1.9,14.9,4.6,4.0,5.0,5.2,12.1,9.7,14.0,97.0,97.0,3.0,3.0,100.0,0.0,0.0,0.0,0.0,0.0,0.0,0.0,0.0,0.0,0.0,0.0,0.0,0.0,0.0,0.0,106,35.0,32.0,6.0,10.0,15.0,5.0,11.0,12.0,9,20.0,23,90,91,106,35.0,32.0,6.0,10.0,15.0,5.0,11.0,12.0,9,20.0,23,90,91,0,0,0,0,0,0,0,0,0,0,0,0,0,0,41.8,27.9,54.7,45.9,36.4,24.8,43.8,35.4,41.8,27.9,54.7,45.9,36.4,24.8,43.8,35.4,0.0,0.0,0.0,0.0,0.0,0.0,0.0,0.0,"(CONTRACTS OF 1,000 BARRELS)",N10,CRUDE OIL,PETROLEUM AND PRODUCTS,NATURAL RESOURCES,FutOnly
220830067411F,"CRUDE OIL, LIGHT SWEET-WTI - ICE FUTURES EUROPE",2022-08-30T00:00:00.000,2022 Report Week 35,"CRUDE OIL, LIGHT SWEET-WTI",67411,ICEU,NYC,67,CRUDE OIL,421270,234561,192316,10763,62743,19439,18955,23409,17864,53424,39122,52982,407988,407875,13282,13395,421270,234561,192316,10763,62743,19439,18955,23409,17864,53424,39122,52982,407988,407875,13282,13395,0,0,0,0,0,0,0,0,0,0,0,0,0,0,0,0,-1942.0,607.0,7749.0,2870.0,-451.0,59.0,2144.0,2246.0,-4006.0,2176.0,-1775.0,-6420.0,-2570.0,-2598.0,628.0,656.0,100.0,55.7,45.7,2.6,14.9,4.6,4.5,5.6,4.2,12.7,9.3,12.6,96.8,96.8,3.2,3.2,100.0,55.7,45.7,2.6,14.9,4.6,4.5,5.6,4.2,12.7,9.3,12.6,96.8,96.8,3.2,3.2,100.0,0.0,0.0,0.0,0.0,0.0,0.0,0.0,0.0,0.0,0.0,0.0,0.0,0.0,0.0,0.0,106,37.0,36.0,6.0,9.0,14.0,5.0,11.0,12.0,11,18.0,22,92,92,106,37.0,36.0,6.0,9.0,14.0,5.0,11.0,12.0,11,18.0,22,92,92,0,0,0,0,0,0,0,0,0,0,0,0,0,0,41.6,28.2,53.8,46.1,36.0,24.9,42.5,36.0,41.6,28.2,53.8,46.1,36.0,24.9,42.5,36.0,0.0,0.0,0.0,0.0,0.0,0.0,0.0,0.0,"(CONTRACTS OF 1,000 BARRELS)",N10,CRUDE OIL,PETROLEUM AND PRODUCTS,NATURAL RESOURCES,FutOnly
220906067411F,"CRUDE OIL, LIGHT SWEET-WTI - ICE FUTURES EUROPE",2022-09-06T00:00:00.000,2022 Report Week 36,"CRUDE OIL, LIGHT SWEET-WTI",67411,ICEU,NYC,67,CRUDE OIL,422409,229976,191401,10650,64491,18651,16631,24518,21268,57279,32780,55883,410338,408992,12071,13417,422409,229976,191401,10650,64491,18651,16631,24518,21268,57279,32780,55883,410338,408992,12071,13417,0,0,0,0,0,0,0,0,0,0,0,0,0,0,0,0,1139.0,-4585.0,-915.0,-113.0,1748.0,-788.0,-2324.0,1109.0,3404.0,3855.0,-6342.0,2901.0,2350.0,1117.0,-1211.0,22.0,100.0,54.4,45.3,2.5,15.3,4.4,3.9,5.8,5.0,13.6,7.8,13.2,97.1,96.8,2.9,3.2,100.0,54.4,45.3,2.5,15.3,4.4,3.9,5.8,5.0,13.6,7.8,13.2,97.1,96.8,2.9,3.2,100.0,0.0,0.0,0.0,0.0,0.0,0.0,0.0,0.0,0.0,0.0,0.0,0.0,0.0,0.0,0.0,108,37.0,38.0,7.0,8.0,13.0,6.0,10.0,11.0,11,19.0,24,92,95,108,37.0,38.0,7.0,8.0,13.0,6.0,10.0,11.0,11,19.0,24,92,95,0,0,0,0,0,0,0,0,0,0,0,0,0,0,41.0,27.6,53.4,45.4,35.3,24.6,42.4,35.5,41.0,27.6,53.4,45.4,35.3,24.6,42.4,35.5,0.0,0.0,0.0,0.0,0.0,0.0,0.0,0.0,"(CONTRACTS OF 1,000 BARRELS)",N10,CRUDE OIL,PETROLEUM AND PRODUCTS,NATURAL RESOURCES,FutOnly
220913067411F,"CRUDE OIL, LIGHT SWEET-WTI - ICE FUTURES EUROPE",2022-09-13T00:00:00.000,2022 Report Week 37,"CRUDE OIL, LIGHT SWEET-WTI",67411,ICEU,NYC,67,CRUDE OIL,439957,235366,194157,11277,65990,18634,15674,24589,22026,54422,31580,69153,426552,426129,13405,13828,439957,235366,194157,11277,65990,18634,15674,24589,22026,54422,31580,69153,426552,426129,13405,13828,0,0,0,0,0,0,0,0,0,0,0,0,0,0,0,0,17548.0,5390.0,2756.0,627.0,1499.0,-17.0,-957.0,71.0,758.0,-2857.0,-1200.0,13270.0,16214.0,17137.0,1334.0,411.0,100.0,53.5,44.1,2.6,15.0,4.2,3.6,5.6,5.0,12.4,7.2,15.7,97.0,96.9,3.0,3.1,100.0,53.5,44.1,2.6,15.0,4.2,3.6,5.6,5.0,12.4,7.2,15.7,97.0,96.9,3.0,3.1,100.0,0.0,0.0,0.0,0.0,0.0,0.0,0.0,0.0,0.0,0.0,0.0,0.0,0.0,0.0,0.0,108,38.0,38.0,7.0,8.0,14.0,6.0,11.0,11.0,10,19.0,24,94,95,108,38.0,38.0,7.0,8.0,14.0,6.0,11.0,11.0,10,19.0,24,94,95,0,0,0,0,0,0,0,0,0,0,0,0,0,0,42.3,26.1,53.3,46.2,35.5,22.7,42.0,35.3,42.3,26.1,53.3,46.2,35.5,22.7,42.0,35.3,0.0,0.0,0.0,0.0,0.0,0.0,0.0,0.0,"(CONTRACTS OF 1,000 BARRELS)",N10,CRUDE OIL,PETROLEUM AND PRODUCTS,NATURAL RESOURCES,FutOnly
220920067411F,"CRUDE OIL, LIGHT SWEET-WTI - ICE FUTURES EUROPE",2022-09-20T00:00:00.000,2022 Report Week 38,"CRUDE OIL, LIGHT SWEET-WTI",67411,ICEU,NYC,67,CRUDE OIL,424273,228850,190239,13069,61844,18327,12911,27109,21235,52797,27479,65492,412681,411725,11592,12548,424273,228850,190239,13069,61844,18327,12911,27109,21235,52797,27479,65492,412681,411725,11592,12548,0,0,0,0,0,0,0,0,0,0,0,0,0,0,0,0,-15684.0,-6516.0,-3918.0,1792.0,-4146.0,-307.0,-2763.0,2520.0,-791.0,-1625.0,-4101.0,-3661.0,-13871.0,-14404.0,-1813.0,-1280.0,100.0,53.9,44.8,3.1,14.6,4.3,3.0,6.4,5.0,12.4,6.5,15.4,97.3,97.0,2.7,3.0,100.0,53.9,44.8,3.1,14.6,4.3,3.0,6.4,5.0,12.4,6.5,15.4,97.3,97.0,2.7,3.0,100.0,0.0,0.0,0.0,0.0,0.0,0.0,0.0,0.0,0.0,0.0,0.0,0.0,0.0,0.0,0.0,108,37.0,36.0,7.0,8.0,14.0,6.0,11.0,11.0,10,19.0,23,93,93,108,37.0,36.0,7.0,8.0,14.0,6.0,11.0,11.0,10,19.0,23,93,93,0,0,0,0,0,0,0,0,0,0,0,0,0,0,44.5,27.7,54.9,47.4,36.4,23.2,43.7,37.0,44.5,27.7,54.9,47.4,36.4,23.2,43.7,37.0,0.0,0.0,0.0,0.0,0.0,0.0,0.0,0.0,"(CONTRACTS OF 1,000 BARRELS)",N10,CRUDE OIL,PETROLEUM AND PRODUCTS,NATURAL RESOURCES,FutOnly
220927067411F,"CRUDE OIL, LIGHT SWEET-WTI - ICE FUTURES EUROPE",2022-09-27T00:00:00.000,2022 Report Week 39,"CRUDE OIL, LIGHT SWEET-WTI",67411,ICEU,NYC,67,CRUDE OIL,422690,221152,189736,12665,61818,18789,13004,27004,21792,61665,28254,63070,412137,410463,10553,12227,422690,221152,189736,12665,61818,18789,13004,27004,21792,61665,28254,63070,412137,410463,10553,12227,0,0,0,0,0,0,0,0,0,0,0,0,0,0,0,0,-1583.0,-7698.0,-503.0,-404.0,-26.0,462.0,93.0,-105.0,557.0,8868.0,775.0,-2422.0,-544.0,-1262.0,-1039.0,-321.0,100.0,52.3,44.9,3.0,14.6,4.4,3.1,6.4,5.2,14.6,6.7,14.9,97.5,97.1,2.5,2.9,100.0,52.3,44.9,3.0,14.6,4.4,3.1,6.4,5.2,14.6,6.7,14.9,97.5,97.1,2.5,2.9,100.0,0.0,0.0,0.0,0.0,0.0,0.0,0.0,0.0,0.0,0.0,0.0,0.0,0.0,0.0,0.0,114,40.0,37.0,6.0,8.0,13.0,6.0,12.0,13.0,12,20.0,24,99,97,114,40.0,37.0,6.0,8.0,13.0,6.0,12.0,13.0,12,20.0,24,99,97,0,0,0,0,0,0,0,0,0,0,0,0,0,0,46.6,28.2,56.6,47.7,36.8,23.0,44.4,38.2,46.6,28.2,56.6,47.7,36.8,23.0,44.4,38.2,0.0,0.0,0.0,0.0,0.0,0.0,0.0,0.0,"(CONTRACTS OF 1,000 BARRELS)",N10,CRUDE OIL,PETROLEUM AND PRODUCTS,NATURAL RESOURCES,FutOnly
221004067411F,"CRUDE OIL, LIGHT SWEET-WTI - ICE FUTURES EUROPE",2022-10-04T00:00:00.000,2022 Report Week 40,"CRUDE OIL, LIGHT SWEET-WTI",67411,ICEU,NYC,67,CRUDE OIL,420287,227807,192977,13267,59309,18374,12159,26759,17543,53939,27618,65185,408274,407765,12013,12522,420287,227807,192977,13267,59309,18374,12159,26759,17543,53939,27618,65185,408274,407765,12013,12522,0,0,0,0,0,0,0,0,0,0,0,0,0,0,0,0,-2403.0,6655.0,3241.0,602.0,-2509.0,-415.0,-845.0,-245.0,-4249.0,-7726.0,-636.0,2115.0,-3863.0,-2698.0,1460.0,295.0,100.0,54.2,45.9,3.2,14.1,4.4,2.9,6.4,4.2,12.8,6.6,15.5,97.1,97.0,2.9,3.0,100.0,54.2,45.9,3.2,14.1,4.4,2.9,6.4,4.2,12.8,6.6,15.5,97.1,97.0,2.9,3.0,100.0,0.0,0.0,0.0,0.0,0.0,0.0,0.0,0.0,0.0,0.0,0.0,0.0,0.0,0.0,0.0,108,40.0,35.0,6.0,8.0,13.0,7.0,10.0,12.0,10,20.0,23,93,93,108,40.0,35.0,6.0,8.0,13.0,7.0,10.0,12.0,10,20.0,23,93,93,0,0,0,0,0,0,0,0,0,0,0,0,0,0,45.8,27.9,56.5,47.7,36.3,21.8,43.3,36.3,45.8,27.9,56.5,47.7,36.3,21.8,43.3,36.3,0.0,0.0,0.0,0.0,0.0,0.0,0.0,0.0,"(CONTRACTS OF 1,000 BARRELS)",N10,CRUDE OIL,PETROLEUM AND PRODUCTS,NATURAL RESOURCES,FutOnly
221011067411F,"CRUDE OIL, LIGHT SWEET-WTI - ICE FUTURES EUROPE",2022-10-11T00:00:00.000,2022 Report Week 41,"CRUDE OIL, LIGHT SWEET-WTI",67411,ICEU,NYC,67,CRUDE OIL,419977,228654,196985,13070,60495,18924,15043,29150,14413,52927,22018,65197,408228,407182,11749,12795,419977,228654,196985,13070,60495,18924,15043,29150,14413,52927,22018,65197,408228,407182,11749,12795,0,0,0,0,0,0,0,0,0,0,0,0,0,0,0,0,-310.0,847.0,4008.0,-197.0,1186.0,550.0,2884.0,2391.0,-3130.0,-1012.0,-5600.0,12.0,-46.0,-583.0,-264.0,273.0,100.0,54.4,46.9,3.1,14.4,4.5,3.6,6.9,3.4,12.6,5.2,15.5,97.2,97.0,2.8,3.0,100.0,54.4,46.9,3.1,14.4,4.5,3.6,6.9,3.4,12.6,5.2,15.5,97.2,97.0,2.8,3.0,100.0,0.0,0.0,0.0,0.0,0.0,0.0,0.0,0.0,0.0,0.0,0.0,0.0,0.0,0.0,0.0,107,38.0,34.0,6.0,9.0,14.0,7.0,11.0,12.0,9,20.0,26,93,96,107,38.0,34.0,6.0,9.0,14.0,7.0,11.0,12.0,9,20.0,26,93,96,0,0,0,0,0,0,0,0,0,0,0,0,0,0,44.9,27.2,55.4,47.0,36.7,22.5,43.8,37.2,44.9,27.2,55.4,47.0,36.7,22.5,43.8,37.2,0.0,0.0,0.0,0.0,0.0,0.0,0.0,0.0,"(CONTRACTS OF 1,000 BARRELS)",N10,CRUDE OIL,PETROLEUM AND PRODUCTS,NATURAL RESOURCES,FutOnly
221101067411F,"CRUDE OIL, LIGHT SWEET-WTI - ICE FUTURES EUROPE",2022-11-01T00:00:00.000,2022 Report Week 44,"CRUDE OIL, LIGHT SWEET-WTI",67411,ICEU,NYC,67,CRUDE OIL,413554,207867,195771,10788,47799,18733,16080,28089,25032,64103,23739,60055,402658,399218,10896,14336,413554,207867,195771,10788,47799,18733,16080,28089,25032,64103,23739,60055,402658,399218,10896,14336,0,0,0,0,0,0,0,0,0,0,0,0,0,0,0,0,-3933.0,-15382.0,4757.0,-1714.0,-7751.0,1177.0,213.0,1225.0,-2490.0,9830.0,-6903.0,2684.0,-5682.0,-7301.0,1749.0,3368.0,100.0,50.3,47.3,2.6,11.6,4.5,3.9,6.8,6.1,15.5,5.7,14.5,97.4,96.5,2.6,3.5,100.0,50.3,47.3,2.6,11.6,4.5,3.9,6.8,6.1,15.5,5.7,14.5,97.4,96.5,2.6,3.5,100.0,0.0,0.0,0.0,0.0,0.0,0.0,0.0,0.0,0.0,0.0,0.0,0.0,0.0,0.0,0.0,111,35.0,33.0,6.0,8.0,14.0,8.0,11.0,14.0,13,19.0,28,97,96,111,35.0,33.0,6.0,8.0,14.0,8.0,11.0,14.0,13,19.0,28,97,96,0,0,0,0,0,0,0,0,0,0,0,0,0,0,42.0,25.8,56.2,42.6,35.8,19.8,44.2,34.1,42.0,25.8,56.2,42.6,35.8,19.8,44.2,34.1,0.0,0.0,0.0,0.0,0.0,0.0,0.0,0.0,"(CONTRACTS OF 1,000 BARRELS)",N10,CRUDE OIL,PETROLEUM AND PRODUCTS,NATURAL RESOURCES,FutOnly
221108067411F,"CRUDE OIL, LIGHT SWEET-WTI - ICE FUTURES EUROPE",2022-11-08T00:00:00.000,2022 Report Week 45,"CRUDE OIL, LIGHT SWEET-WTI",67411,ICEU,NYC,67,CRUDE OIL,398797,189252,195691,10279,43451,19211,19689,26763,22068,69442,21046,59036,388977,387266,9820,11531,398797,189252,195691,10279,43451,19211,19689,26763,22068,69442,21046,59036,388977,387266,9820,11531,0,0,0,0,0,0,0,0,0,0,0,0,0,0,0,0,-14757.0,-18615.0,-80.0,-509.0,-4348.0,478.0,3609.0,-1326.0,-2964.0,5339.0,-2693.0,-1019.0,-13681.0,-11952.0,-1076.0,-2805.0,100.0,47.5,49.1,2.6,10.9,4.8,4.9,6.7,5.5,17.4,5.3,14.8,97.5,97.1,2.5,2.9,100.0,47.5,49.1,2.6,10.9,4.8,4.9,6.7,5.5,17.4,5.3,14.8,97.5,97.1,2.5,2.9,100.0,0.0,0.0,0.0,0.0,0.0,0.0,0.0,0.0,0.0,0.0,0.0,0.0,0.0,0.0,0.0,115,36.0,34.0,6.0,8.0,14.0,8.0,12.0,14.0,15,20.0,30,102,99,115,36.0,34.0,6.0,8.0,14.0,8.0,12.0,14.0,15,20.0,30,102,99,0,0,0,0,0,0,0,0,0,0,0,0,0,0,43.1,27.0,56.6,42.6,36.4,21.1,45.2,33.3,43.1,27.0,56.6,42.6,36.4,21.1,45.2,33.3,0.0,0.0,0.0,0.0,0.0,0.0,0.0,0.0,"(CONTRACTS OF 1,000 BARRELS)",N10,CRUDE OIL,PETROLEUM AND PRODUCTS,NATURAL RESOURCES,FutOnly
221115067411F,"CRUDE OIL, LIGHT SWEET-WTI - ICE FUTURES EUROPE",2022-11-15T00:00:00.000,2022 Report Week 46,"CRUDE OIL, LIGHT SWEET-WTI",67411,ICEU,NYC,67,CRUDE OIL,398748,194771,196430,11059,37742,21045,18509,22611,22745,64699,31210,55924,388752,387707,9996,11041,398748,194771,196430,11059,37742,21045,18509,22611,22745,64699,31210,55924,388752,387707,9996,11041,0,0,0,0,0,0,0,0,0,0,0,0,0,0,0,0,-49.0,5519.0,739.0,780.0,-5709.0,1834.0,-1180.0,-4152.0,677.0,-4743.0,10164.0,-3112.0,-225.0,441.0,176.0,-490.0,100.0,48.8,49.3,2.8,9.5,5.3,4.6,5.7,5.7,16.2,7.8,14.0,97.5,97.2,2.5,2.8,100.0,48.8,49.3,2.8,9.5,5.3,4.6,5.7,5.7,16.2,7.8,14.0,97.5,97.2,2.5,2.8,100.0,0.0,0.0,0.0,0.0,0.0,0.0,0.0,0.0,0.0,0.0,0.0,0.0,0.0,0.0,0.0,115,38.0,35.0,6.0,8.0,14.0,9.0,10.0,14.0,13,23.0,30,105,98,115,38.0,35.0,6.0,8.0,14.0,9.0,10.0,14.0,13,23.0,30,105,98,0,0,0,0,0,0,0,0,0,0,0,0,0,0,42.9,25.9,55.6,40.9,36.5,21.3,45.5,32.8,42.9,25.9,55.6,40.9,36.5,21.3,45.5,32.8,0.0,0.0,0.0,0.0,0.0,0.0,0.0,0.0,"(CONTRACTS OF 1,000 BARRELS)",N10,CRUDE OIL,PETROLEUM AND PRODUCTS,NATURAL RESOURCES,FutOnly
221122067411F,"CRUDE OIL, LIGHT SWEET-WTI - ICE FUTURES EUROPE",2022-11-22T00:00:00.000,2022 Report Week 47,"CRUDE OIL, LIGHT SWEET-WTI",67411,ICEU,NYC,67,CRUDE OIL,370452,175596,185163,4551,33955,19950,18441,22078,17827,72931,29640,48034,357330,356647,13122,13805,370452,175596,185163,4551,33955,19950,18441,22078,17827,72931,29640,48034,357330,356647,13122,13805,0,0,0,0,0,0,0,0,0,0,0,0,0,0,0,0,-28296.0,-19175.0,-11267.0,-6508.0,-3787.0,-1095.0,-68.0,-533.0,-4918.0,8232.0,-1570.0,-7890.0,-31422.0,-31060.0,3126.0,2764.0,100.0,47.4,50.0,1.2,9.2,5.4,5.0,6.0,4.8,19.7,8.0,13.0,96.5,96.3,3.5,3.7,100.0,47.4,50.0,1.2,9.2,5.4,5.0,6.0,4.8,19.7,8.0,13.0,96.5,96.3,3.5,3.7,100.0,0.0,0.0,0.0,0.0,0.0,0.0,0.0,0.0,0.0,0.0,0.0,0.0,0.0,0.0,0.0,97,31.0,34.0,4.0,8.0,12.0,6.0,10.0,12.0,8,21.0,23,83,88,97,31.0,34.0,4.0,8.0,12.0,6.0,10.0,12.0,8,21.0,23,83,88,0,0,0,0,0,0,0,0,0,0,0,0,0,0,47.7,26.7,60.4,42.9,41.2,23.2,49.6,35.4,47.7,26.7,60.4,42.9,41.2,23.2,49.6,35.4,0.0,0.0,0.0,0.0,0.0,0.0,0.0,0.0,"(CONTRACTS OF 1,000 BARRELS)",N10,CRUDE OIL,PETROLEUM AND PRODUCTS,NATURAL RESOURCES,FutOnly
221129067411F,"CRUDE OIL, LIGHT SWEET-WTI - ICE FUTURES EUROPE",2022-11-29T00:00:00.000,2022 Report Week 48,"CRUDE OIL, LIGHT SWEET-WTI",67411,ICEU,NYC,67,CRUDE OIL,363686,167198,183383,5648,33937,20323,18092,16582,17682,69887,26556,51787,350617,350250,13069,13436,363686,167198,183383,5648,33937,20323,18092,16582,17682,69887,26556,51787,350617,350250,13069,13436,0,0,0,0,0,0,0,0,0,0,0,0,0,0,0,0,-6766.0,-8398.0,-1780.0,1097.0,-18.0,373.0,-349.0,-5496.0,-145.0,-3044.0,-3084.0,3753.0,-6713.0,-6397.0,-53.0,-369.0,100.0,46.0,50.4,1.6,9.3,5.6,5.0,4.6,4.9,19.2,7.3,14.2,96.4,96.3,3.6,3.7,100.0,46.0,50.4,1.6,9.3,5.6,5.0,4.6,4.9,19.2,7.3,14.2,96.4,96.3,3.6,3.7,100.0,0.0,0.0,0.0,0.0,0.0,0.0,0.0,0.0,0.0,0.0,0.0,0.0,0.0,0.0,0.0,103,31.0,37.0,6.0,8.0,14.0,6.0,10.0,11.0,11,21.0,26,88,94,103,31.0,37.0,6.0,8.0,14.0,6.0,10.0,11.0,11,21.0,26,88,94,0,0,0,0,0,0,0,0,0,0,0,0,0,0,47.1,26.9,60.1,41.9,40.8,23.7,49.2,35.3,47.1,26.9,60.1,41.9,40.8,23.7,49.2,35.3,0.0,0.0,0.0,0.0,0.0,0.0,0.0,0.0,"(CONTRACTS OF 1,000 BARRELS)",N10,CRUDE OIL,PETROLEUM AND PRODUCTS,NATURAL RESOURCES,FutOnly
221206067411F,"CRUDE OIL, LIGHT SWEET-WTI - ICE FUTURES EUROPE",2022-12-06T00:00:00.000,2022 Report Week 49,"CRUDE OIL, LIGHT SWEET-WTI",67411,ICEU,NYC,67,CRUDE OIL,388899,173471,196284,5292,34121,22049,17113,26687,13859,83142,19994,60309,375235,373303,13664,15596,388899,173471,196284,5292,34121,22049,17113,26687,13859,83142,19994,60309,375235,373303,13664,15596,0,0,0,0,0,0,0,0,0,0,0,0,0,0,0,0,25213.0,6273.0,12901.0,-356.0,184.0,1726.0,-979.0,10105.0,-3823.0,13255.0,-6562.0,8522.0,24618.0,23053.0,595.0,2160.0,100.0,44.6,50.5,1.4,8.8,5.7,4.4,6.9,3.6,21.4,5.1,15.5,96.5,96.0,3.5,4.0,100.0,44.6,50.5,1.4,8.8,5.7,4.4,6.9,3.6,21.4,5.1,15.5,96.5,96.0,3.5,4.0,100.0,0.0,0.0,0.0,0.0,0.0,0.0,0.0,0.0,0.0,0.0,0.0,0.0,0.0,0.0,0.0,102,34.0,36.0,6.0,10.0,16.0,5.0,10.0,11.0,12,17.0,26,91,93,102,34.0,36.0,6.0,10.0,16.0,5.0,10.0,11.0,12,17.0,26,91,93,0,0,0,0,0,0,0,0,0,0,0,0,0,0,47.2,28.6,60.7,43.6,39.9,23.3,48.5,34.1,47.2,28.6,60.7,43.6,39.9,23.3,48.5,34.1,0.0,0.0,0.0,0.0,0.0,0.0,0.0,0.0,"(CONTRACTS OF 1,000 BARRELS)",N10,CRUDE OIL,PETROLEUM AND PRODUCTS,NATURAL RESOURCES,FutOnly
221213067411F,"CRUDE OIL, LIGHT SWEET-WTI - ICE FUTURES EUROPE",2022-12-13T00:00:00.000,2022 Report Week 50,"CRUDE OIL, LIGHT SWEET-WTI",67411,ICEU,NYC,67,CRUDE OIL,384086,171284,192778,4653,36323,21833,18246,30253,12225,82585,16793,60881,371707,371086,12379,13000,384086,171284,192778,4653,36323,21833,18246,30253,12225,82585,16793,60881,371707,371086,12379,13000,0,0,0,0,0,0,0,0,0,0,0,0,0,0,0,0,-4813.0,-2187.0,-3506.0,-639.0,2202.0,-216.0,1133.0,3566.0,-1634.0,-557.0,-3201.0,572.0,-3528.0,-2217.0,-1285.0,-2596.0,100.0,44.6,50.2,1.2,9.5,5.7,4.8,7.9,3.2,21.5,4.4,15.9,96.8,96.6,3.2,3.4,100.0,44.6,50.2,1.2,9.5,5.7,4.8,7.9,3.2,21.5,4.4,15.9,96.8,96.6,3.2,3.4,100.0,0.0,0.0,0.0,0.0,0.0,0.0,0.0,0.0,0.0,0.0,0.0,0.0,0.0,0.0,0.0,99,30.0,33.0,5.0,10.0,15.0,,12.0,11.0,13,18.0,26,87,89,99,30.0,33.0,5.0,10.0,15.0,,12.0,11.0,13,18.0,26,87,89,0,0,0,0,0,0,0,0,0,0,0,0,0,0,46.0,28.7,60.0,43.8,39.4,23.1,47.9,34.1,46.0,28.7,60.0,43.8,39.4,23.1,47.9,34.1,0.0,0.0,0.0,0.0,0.0,0.0,0.0,0.0,"(CONTRACTS OF 1,000 BARRELS)",N10,CRUDE OIL,PETROLEUM AND PRODUCTS,NATURAL RESOURCES,FutOnly
221220067411F,"CRUDE OIL, LIGHT SWEET-WTI - ICE FUTURES EUROPE",2022-12-20T00:00:00.000,2022 Report Week 51,"CRUDE OIL, LIGHT SWEET-WTI",67411,ICEU,NYC,67,CRUDE OIL,365759,155297,184056,3572,34047,18805,25264,31716,10466,84437,16944,57869,355710,353903,10049,11856,365759,155297,184056,3572,34047,18805,25264,31716,10466,84437,16944,57869,355710,353903,10049,11856,0,0,0,0,0,0,0,0,0,0,0,0,0,0,0,0,-18327.0,-15987.0,-8722.0,-1081.0,-2276.0,-3028.0,7018.0,1463.0,-1759.0,1852.0,151.0,-3012.0,-15997.0,-17183.0,-2330.0,-1144.0,100.0,42.5,50.3,1.0,9.3,5.1,6.9,8.7,2.9,23.1,4.6,15.8,97.3,96.8,2.7,3.2,100.0,42.5,50.3,1.0,9.3,5.1,6.9,8.7,2.9,23.1,4.6,15.8,97.3,96.8,2.7,3.2,100.0,0.0,0.0,0.0,0.0,0.0,0.0,0.0,0.0,0.0,0.0,0.0,0.0,0.0,0.0,0.0,96,30.0,30.0,5.0,10.0,15.0,7.0,10.0,9.0,12,16.0,22,85,81,96,30.0,30.0,5.0,10.0,15.0,7.0,10.0,9.0,12,16.0,22,85,81,0,0,0,0,0,0,0,0,0,0,0,0,0,0,48.2,28.7,62.9,44.3,42.5,24.3,50.2,36.1,48.2,28.7,62.9,44.3,42.5,24.3,50.2,36.1,0.0,0.0,0.0,0.0,0.0,0.0,0.0,0.0,"(CONTRACTS OF 1,000 BARRELS)",N10,CRUDE OIL,PETROLEUM AND PRODUCTS,NATURAL RESOURCES,FutOnly
221227067411F,"CRUDE OIL, LIGHT SWEET-WTI - ICE FUTURES EUROPE",2022-12-27T00:00:00.000,2022 Report Week 52,"CRUDE OIL, LIGHT SWEET-WTI",67411,ICEU,NYC,67,CRUDE OIL,366822,160686,185357,2907,32824,20921,25307,32409,11206,79602,15482,55785,356414,353984,10408,12838,366822,160686,185357,2907,32824,20921,25307,32409,11206,79602,15482,55785,356414,353984,10408,12838,0,0,0,0,0,0,0,0,0,0,0,0,0,0,0,0,1063.0,5389.0,1301.0,-665.0,-1223.0,2116.0,43.0,693.0,740.0,-4835.0,-1462.0,-2084.0,704.0,81.0,359.0,982.0,100.0,43.8,50.5,0.8,8.9,5.7,6.9,8.8,3.1,21.7,4.2,15.2,97.2,96.5,2.8,3.5,100.0,43.8,50.5,0.8,8.9,5.7,6.9,8.8,3.1,21.7,4.2,15.2,97.2,96.5,2.8,3.5,100.0,0.0,0.0,0.0,0.0,0.0,0.0,0.0,0.0,0.0,0.0,0.0,0.0,0.0,0.0,0.0,94,29.0,29.0,5.0,10.0,15.0,7.0,9.0,8.0,13,15.0,22,83,79,94,29.0,29.0,5.0,10.0,15.0,7.0,9.0,8.0,13,15.0,22,83,79,0,0,0,0,0,0,0,0,0,0,0,0,0,0,48.1,28.5,61.9,44.2,42.4,23.5,49.1,35.0,48.1,28.5,61.9,44.2,42.4,23.5,49.1,35.0,0.0,0.0,0.0,0.0,0.0,0.0,0.0,0.0,"(CONTRACTS OF 1,000 BARRELS)",N10,CRUDE OIL,PETROLEUM AND PRODUCTS,NATURAL RESOURCES,FutOnly
230103067411F,"CRUDE OIL, LIGHT SWEET-WTI - ICE FUTURES EUROPE",2023-01-03T00:00:00.000,2023 Report Week 01,"CRUDE OIL, LIGHT SWEET-WTI",67411,ICEU,NYC,67,CRUDE OIL,363278,167388,178264,2566,32797,20133,24455,32301,12053,70061,18766,55851,352507,350165,10771,13113,363278,167388,178264,2566,32797,20133,24455,32301,12053,70061,18766,55851,352507,350165,10771,13113,0,0,0,0,0,0,0,0,0,0,0,0,0,0,0,0,-3544.0,6702.0,-7093.0,-341.0,-27.0,-788.0,-852.0,-108.0,847.0,-9541.0,3284.0,66.0,-3907.0,-3819.0,363.0,275.0,100.0,46.1,49.1,0.7,9.0,5.5,6.7,8.9,3.3,19.3,5.2,15.4,97.0,96.4,3.0,3.6,100.0,46.1,49.1,0.7,9.0,5.5,6.7,8.9,3.3,19.3,5.2,15.4,97.0,96.4,3.0,3.6,100.0,0.0,0.0,0.0,0.0,0.0,0.0,0.0,0.0,0.0,0.0,0.0,0.0,0.0,0.0,0.0,100,33.0,35.0,5.0,10.0,15.0,6.0,10.0,8.0,12,17.0,23,88,87,100,33.0,35.0,5.0,10.0,15.0,6.0,10.0,8.0,12,17.0,23,88,87,0,0,0,0,0,0,0,0,0,0,0,0,0,0,45.7,27.1,60.6,43.1,39.7,22.5,48.2,34.1,45.7,27.1,60.6,43.1,39.7,22.5,48.2,34.1,0.0,0.0,0.0,0.0,0.0,0.0,0.0,0.0,"(CONTRACTS OF 1,000 BARRELS)",N10,CRUDE OIL,PETROLEUM AND PRODUCTS,NATURAL RESOURCES,FutOnly
230110067411F,"CRUDE OIL, LIGHT SWEET-WTI - ICE FUTURES EUROPE",2023-01-10T00:00:00.000,2023 Report Week 02,"CRUDE OIL, LIGHT SWEET-WTI",67411,ICEU,NYC,67,CRUDE OIL,375908,171557,184758,2919,33732,19500,23200,35061,16699,74392,16628,56660,364927,363038,10981,12870,375908,171557,184758,2919,33732,19500,23200,35061,16699,74392,16628,56660,364927,363038,10981,12870,0,0,0,0,0,0,0,0,0,0,0,0,0,0,0,0,12630.0,4169.0,6494.0,353.0,935.0,-633.0,-1255.0,2760.0,4646.0,4331.0,-2138.0,809.0,12420.0,12873.0,210.0,-243.0,100.0,45.6,49.1,0.8,9.0,5.2,6.2,9.3,4.4,19.8,4.4,15.1,97.1,96.6,2.9,3.4,100.0,45.6,49.1,0.8,9.0,5.2,6.2,9.3,4.4,19.8,4.4,15.1,97.1,96.6,2.9,3.4,100.0,0.0,0.0,0.0,0.0,0.0,0.0,0.0,0.0,0.0,0.0,0.0,0.0,0.0,0.0,0.0,100,35.0,37.0,4.0,11.0,15.0,7.0,9.0,11.0,13,15.0,26,92,92,100,35.0,37.0,4.0,11.0,15.0,7.0,9.0,11.0,13,15.0,26,92,92,0,0,0,0,0,0,0,0,0,0,0,0,0,0,45.2,27.6,59.1,43.7,38.5,22.8,46.8,34.4,45.2,27.6,59.1,43.7,38.5,22.8,46.8,34.4,0.0,0.0,0.0,0.0,0.0,0.0,0.0,0.0,"(CONTRACTS OF 1,000 BARRELS)",N10,CRUDE OIL,PETROLEUM AND PRODUCTS,NATURAL RESOURCES,FutOnly
230117067411F,"CRUDE OIL, LIGHT SWEET-WTI - ICE FUTURES EUROPE",2023-01-17T00:00:00.000,2023 Report Week 03,"CRUDE OIL, LIGHT SWEET-WTI",67411,ICEU,NYC,67,CRUDE OIL,386049,182718,192596,2625,34356,20302,17256,34038,18792,75972,18069,54242,371907,372395,14142,13654,386049,182718,192596,2625,34356,20302,17256,34038,18792,75972,18069,54242,371907,372395,14142,13654,0,0,0,0,0,0,0,0,0,0,0,0,0,0,0,0,10141.0,11161.0,7838.0,-294.0,624.0,802.0,-5944.0,-1023.0,2093.0,1580.0,1441.0,-2418.0,6980.0,9357.0,3161.0,784.0,100.0,47.3,49.9,0.7,8.9,5.3,4.5,8.8,4.9,19.7,4.7,14.1,96.3,96.5,3.7,3.5,100.0,47.3,49.9,0.7,8.9,5.3,4.5,8.8,4.9,19.7,4.7,14.1,96.3,96.5,3.7,3.5,100.0,0.0,0.0,0.0,0.0,0.0,0.0,0.0,0.0,0.0,0.0,0.0,0.0,0.0,0.0,0.0,102,37.0,34.0,6.0,9.0,15.0,7.0,10.0,13.0,10,18.0,26,97,90,102,37.0,34.0,6.0,9.0,15.0,7.0,10.0,13.0,10,18.0,26,97,90,0,0,0,0,0,0,0,0,0,0,0,0,0,0,41.9,27.5,56.0,43.2,35.6,21.8,45.3,33.6,41.9,27.5,56.0,43.2,35.6,21.8,45.3,33.6,0.0,0.0,0.0,0.0,0.0,0.0,0.0,0.0,"(CONTRACTS OF 1,000 BARRELS)",N10,CRUDE OIL,PETROLEUM AND PRODUCTS,NATURAL RESOURCES,FutOnly
230124067411F,"CRUDE OIL, LIGHT SWEET-WTI - ICE FUTURES EUROPE",2023-01-24T00:00:00.000,2023 Report Week 04,"CRUDE OIL, LIGHT SWEET-WTI",67411,ICEU,NYC,67,CRUDE OIL,387454,190550,193590,3733,33763,20167,10820,30067,14884,72641,21636,59562,372357,373669,15097,13785,387454,190550,193590,3733,33763,20167,10820,30067,14884,72641,21636,59562,372357,373669,15097,13785,0,0,0,0,0,0,0,0,0,0,0,0,0,0,0,0,1405.0,7832.0,994.0,1108.0,-593.0,-135.0,-6436.0,-3971.0,-3908.0,-3331.0,3567.0,5320.0,450.0,1274.0,955.0,131.0,100.0,49.2,50.0,1.0,8.7,5.2,2.8,7.8,3.8,18.7,5.6,15.4,96.1,96.4,3.9,3.6,100.0,49.2,50.0,1.0,8.7,5.2,2.8,7.8,3.8,18.7,5.6,15.4,96.1,96.4,3.9,3.6,100.0,0.0,0.0,0.0,0.0,0.0,0.0,0.0,0.0,0.0,0.0,0.0,0.0,0.0,0.0,0.0,107,36.0,35.0,6.0,9.0,15.0,9.0,8.0,12.0,10,22.0,26,96,94,107,36.0,35.0,6.0,9.0,15.0,9.0,8.0,12.0,10,22.0,26,96,94,0,0,0,0,0,0,0,0,0,0,0,0,0,0,41.0,26.4,54.1,41.8,33.7,19.8,42.1,31.0,41.0,26.4,54.1,41.8,33.7,19.8,42.1,31.0,0.0,0.0,0.0,0.0,0.0,0.0,0.0,0.0,"(CONTRACTS OF 1,000 BARRELS)",N10,CRUDE OIL,PETROLEUM AND PRODUCTS,NATURAL RESOURCES,FutOnly
230131067411F,"CRUDE OIL, LIGHT SWEET-WTI - ICE FUTURES EUROPE",2023-01-31T00:00:00.000,2023 Report Week 05,"CRUDE OIL, LIGHT SWEET-WTI",67411,ICEU,NYC,67,CRUDE OIL,407466,202703,202327,2848,34703,21147,10667,29431,17776,75986,23956,64233,395360,393573,12106,13893,407466,202703,202327,2848,34703,21147,10667,29431,17776,75986,23956,64233,395360,393573,12106,13893,0,0,0,0,0,0,0,0,0,0,0,0,0,0,0,0,20012.0,12153.0,8737.0,-885.0,940.0,980.0,-153.0,-636.0,2892.0,3345.0,2320.0,4671.0,23003.0,19904.0,-2991.0,108.0,100.0,49.7,49.7,0.7,8.5,5.2,2.6,7.2,4.4,18.6,5.9,15.8,97.0,96.6,3.0,3.4,100.0,49.7,49.7,0.7,8.5,5.2,2.6,7.2,4.4,18.6,5.9,15.8,97.0,96.6,3.0,3.4,100.0,0.0,0.0,0.0,0.0,0.0,0.0,0.0,0.0,0.0,0.0,0.0,0.0,0.0,0.0,0.0,107,38.0,40.0,6.0,9.0,15.0,9.0,8.0,13.0,12,20.0,25,97,99,107,38.0,40.0,6.0,9.0,15.0,9.0,8.0,13.0,12,20.0,25,97,99,0,0,0,0,0,0,0,0,0,0,0,0,0,0,40.4,26.4,53.8,41.0,32.4,19.3,41.6,30.0,40.4,26.4,53.8,41.0,32.4,19.3,41.6,30.0,0.0,0.0,0.0,0.0,0.0,0.0,0.0,0.0,"(CONTRACTS OF 1,000 BARRELS)",N10,CRUDE OIL,PETROLEUM AND PRODUCTS,NATURAL RESOURCES,FutOnly
230207067411F,"CRUDE OIL, LIGHT SWEET-WTI - ICE FUTURES EUROPE",2023-02-07T00:00:00.000,2023 Report Week 06,"CRUDE OIL, LIGHT SWEET-WTI",67411,ICEU,NYC,67,CRUDE OIL,431938,223102,219463,3160,35118,21964,5710,26582,22546,78587,27000,65453,420522,418126,11416,13812,431938,223102,219463,3160,35118,21964,5710,26582,22546,78587,27000,65453,420522,418126,11416,13812,0,0,0,0,0,0,0,0,0,0,0,0,0,0,0,0,24472.0,20399.0,17136.0,312.0,415.0,817.0,-4957.0,-2849.0,4770.0,2601.0,3044.0,1220.0,25162.0,24553.0,-690.0,-81.0,100.0,51.7,50.8,0.7,8.1,5.1,1.3,6.2,5.2,18.2,6.3,15.2,97.4,96.8,2.6,3.2,100.0,51.7,50.8,0.7,8.1,5.1,1.3,6.2,5.2,18.2,6.3,15.2,97.4,96.8,2.6,3.2,100.0,0.0,0.0,0.0,0.0,0.0,0.0,0.0,0.0,0.0,0.0,0.0,0.0,0.0,0.0,0.0,112,39.0,42.0,7.0,9.0,16.0,7.0,10.0,13.0,12,20.0,27,101,103,112,39.0,42.0,7.0,9.0,16.0,7.0,10.0,13.0,12,20.0,27,101,103,0,0,0,0,0,0,0,0,0,0,0,0,0,0,40.0,26.6,53.5,41.5,32.5,19.1,41.2,29.1,40.0,26.6,53.5,41.5,32.5,19.1,41.2,29.1,0.0,0.0,0.0,0.0,0.0,0.0,0.0,0.0,"(CONTRACTS OF 1,000 BARRELS)",N10,CRUDE OIL,PETROLEUM AND PRODUCTS,NATURAL RESOURCES,FutOnly
230214067411F,"CRUDE OIL, LIGHT SWEET-WTI - ICE FUTURES EUROPE",2023-02-14T00:00:00.000,2023 Report Week 07,"CRUDE OIL, LIGHT SWEET-WTI",67411,ICEU,NYC,67,CRUDE OIL,455777,223390,240732,3181,34862,22853,5853,25291,27539,91737,23565,66035,440588,440877,15189,14900,455777,223390,240732,3181,34862,22853,5853,25291,27539,91737,23565,66035,440588,440877,15189,14900,0,0,0,0,0,0,0,0,0,0,0,0,0,0,0,0,23839.0,288.0,21269.0,21.0,-256.0,889.0,143.0,-1291.0,4993.0,13150.0,-3435.0,582.0,20066.0,22751.0,3773.0,1088.0,100.0,49.0,52.8,0.7,7.6,5.0,1.3,5.5,6.0,20.1,5.2,14.5,96.7,96.7,3.3,3.3,100.0,49.0,52.8,0.7,7.6,5.0,1.3,5.5,6.0,20.1,5.2,14.5,96.7,96.7,3.3,3.3,100.0,0.0,0.0,0.0,0.0,0.0,0.0,0.0,0.0,0.0,0.0,0.0,0.0,0.0,0.0,0.0,108,40.0,40.0,6.0,9.0,15.0,5.0,10.0,11.0,12,19.0,27,97,100,108,40.0,40.0,6.0,9.0,15.0,5.0,10.0,11.0,12,19.0,27,97,100,0,0,0,0,0,0,0,0,0,0,0,0,0,0,38.3,26.4,51.5,41.2,30.2,18.5,38.5,28.5,38.3,26.4,51.5,41.2,30.2,18.5,38.5,28.5,0.0,0.0,0.0,0.0,0.0,0.0,0.0,0.0,"(CONTRACTS OF 1,000 BARRELS)",N10,CRUDE OIL,PETROLEUM AND PRODUCTS,NATURAL RESOURCES,FutOnly
230221067411F,"CRUDE OIL, LIGHT SWEET-WTI - ICE FUTURES EUROPE",2023-02-21T00:00:00.000,2023 Report Week 08,"CRUDE OIL, LIGHT SWEET-WTI",67411,ICEU,NYC,67,CRUDE OIL,430682,214969,233040,3786,33469,20883,10016,18173,25770,81058,21211,62954,419436,415500,11246,15182,430682,214969,233040,3786,33469,20883,10016,18173,25770,81058,21211,62954,419436,415500,11246,15182,0,0,0,0,0,0,0,0,0,0,0,0,0,0,0,0,-25095.0,-8421.0,-7692.0,605.0,-1393.0,-1970.0,4163.0,-7118.0,-1769.0,-10679.0,-2354.0,-3081.0,-21152.0,-25377.0,-3943.0,282.0,100.0,49.9,54.1,0.9,7.8,4.8,2.3,4.2,6.0,18.8,4.9,14.6,97.4,96.5,2.6,3.5,100.0,49.9,54.1,0.9,7.8,4.8,2.3,4.2,6.0,18.8,4.9,14.6,97.4,96.5,2.6,3.5,100.0,0.0,0.0,0.0,0.0,0.0,0.0,0.0,0.0,0.0,0.0,0.0,0.0,0.0,0.0,0.0,103,38.0,40.0,5.0,9.0,14.0,7.0,8.0,11.0,11,19.0,25,93,96,103,38.0,40.0,5.0,9.0,14.0,7.0,8.0,11.0,11,19.0,25,93,96,0,0,0,0,0,0,0,0,0,0,0,0,0,0,40.0,27.5,53.0,42.8,30.4,19.4,38.0,29.5,40.0,27.5,53.0,42.8,30.4,19.4,38.0,29.5,0.0,0.0,0.0,0.0,0.0,0.0,0.0,0.0,"(CONTRACTS OF 1,000 BARRELS)",N10,CRUDE OIL,PETROLEUM AND PRODUCTS,NATURAL RESOURCES,FutOnly
230228067411F,"CRUDE OIL, LIGHT SWEET-WTI - ICE FUTURES EUROPE",2023-02-28T00:00:00.000,2023 Report Week 09,"CRUDE OIL, LIGHT SWEET-WTI",67411,ICEU,NYC,67,CRUDE OIL,434238,210242,231661,3775,38051,25364,4216,16472,31147,88537,18707,60053,423334,421455,10904,12783,434238,210242,231661,3775,38051,25364,4216,16472,31147,88537,18707,60053,423334,421455,10904,12783,0,0,0,0,0,0,0,0,0,0,0,0,0,0,0,0,3556.0,-4727.0,-1379.0,-11.0,4582.0,4481.0,-5800.0,-1701.0,5377.0,7479.0,-2504.0,-2901.0,3898.0,5955.0,-342.0,-2399.0,100.0,48.4,53.3,0.9,8.8,5.8,1.0,3.8,7.2,20.4,4.3,13.8,97.5,97.1,2.5,2.9,100.0,48.4,53.3,0.9,8.8,5.8,1.0,3.8,7.2,20.4,4.3,13.8,97.5,97.1,2.5,2.9,100.0,0.0,0.0,0.0,0.0,0.0,0.0,0.0,0.0,0.0,0.0,0.0,0.0,0.0,0.0,0.0,102,39.0,40.0,7.0,8.0,15.0,6.0,8.0,12.0,12,19.0,27,96,98,102,39.0,40.0,7.0,8.0,15.0,6.0,8.0,12.0,12,19.0,27,96,98,0,0,0,0,0,0,0,0,0,0,0,0,0,0,39.4,25.7,53.2,42.4,31.1,19.6,39.1,29.6,39.4,25.7,53.2,42.4,31.1,19.6,39.1,29.6,0.0,0.0,0.0,0.0,0.0,0.0,0.0,0.0,"(CONTRACTS OF 1,000 BARRELS)",N10,CRUDE OIL,PETROLEUM AND PRODUCTS,NATURAL RESOURCES,FutOnly
230307067411F,"CRUDE OIL, LIGHT SWEET-WTI - ICE FUTURES EUROPE",2023-03-07T00:00:00.000,2023 Report Week 10,"CRUDE OIL, LIGHT SWEET-WTI",67411,ICEU,NYC,67,CRUDE OIL,431983,198776,221239,3332,40837,26535,7343,19895,31281,92301,16397,62280,421848,418464,10135,13519,431983,198776,221239,3332,40837,26535,7343,19895,31281,92301,16397,62280,421848,418464,10135,13519,0,0,0,0,0,0,0,0,0,0,0,0,0,0,0,0,-2255.0,-11466.0,-10422.0,-443.0,2786.0,1171.0,3127.0,3423.0,134.0,3764.0,-2310.0,2227.0,-1486.0,-2991.0,-769.0,736.0,100.0,46.0,51.2,0.8,9.5,6.1,1.7,4.6,7.2,21.4,3.8,14.4,97.7,96.9,2.3,3.1,100.0,46.0,51.2,0.8,9.5,6.1,1.7,4.6,7.2,21.4,3.8,14.4,97.7,96.9,2.3,3.1,100.0,0.0,0.0,0.0,0.0,0.0,0.0,0.0,0.0,0.0,0.0,0.0,0.0,0.0,0.0,0.0,108,37.0,38.0,7.0,8.0,15.0,5.0,12.0,13.0,18,16.0,31,99,102,108,37.0,38.0,7.0,8.0,15.0,5.0,12.0,13.0,18,16.0,31,99,102,0,0,0,0,0,0,0,0,0,0,0,0,0,0,37.9,26.9,51.5,42.8,29.4,21.2,37.4,31.3,37.9,26.9,51.5,42.8,29.4,21.2,37.4,31.3,0.0,0.0,0.0,0.0,0.0,0.0,0.0,0.0,"(CONTRACTS OF 1,000 BARRELS)",N10,CRUDE OIL,PETROLEUM AND PRODUCTS,NATURAL RESOURCES,FutOnly
230314067411F,"CRUDE OIL, LIGHT SWEET-WTI - ICE FUTURES EUROPE",2023-03-14T00:00:00.000,2023 Report Week 11,"CRUDE OIL, LIGHT SWEET-WTI",67411,ICEU,NYC,67,CRUDE OIL,435506,217169,213625,5541,44938,25985,4594,24748,28288,79767,20735,62313,423657,420632,11849,14874,435506,217169,213625,5541,44938,25985,4594,24748,28288,79767,20735,62313,423657,420632,11849,14874,0,0,0,0,0,0,0,0,0,0,0,0,0,0,0,0,3523.0,18393.0,-7614.0,2209.0,4101.0,-550.0,-2749.0,4853.0,-2993.0,-12534.0,4338.0,33.0,1809.0,2168.0,1714.0,1355.0,100.0,49.9,49.1,1.3,10.3,6.0,1.1,5.7,6.5,18.3,4.8,14.3,97.3,96.6,2.7,3.4,100.0,49.9,49.1,1.3,10.3,6.0,1.1,5.7,6.5,18.3,4.8,14.3,97.3,96.6,2.7,3.4,100.0,0.0,0.0,0.0,0.0,0.0,0.0,0.0,0.0,0.0,0.0,0.0,0.0,0.0,0.0,0.0,110,39.0,42.0,5.0,10.0,15.0,4.0,12.0,12.0,15,19.0,29,100,104,110,39.0,42.0,5.0,10.0,15.0,4.0,12.0,12.0,15,19.0,29,100,104,0,0,0,0,0,0,0,0,0,0,0,0,0,0,36.0,27.5,49.4,42.2,28.2,21.0,37.8,30.5,36.0,27.5,49.4,42.2,28.2,21.0,37.8,30.5,0.0,0.0,0.0,0.0,0.0,0.0,0.0,0.0,"(CONTRACTS OF 1,000 BARRELS)",N10,CRUDE OIL,PETROLEUM AND PRODUCTS,NATURAL RESOURCES,FutOnly
230321067411F,"CRUDE OIL, LIGHT SWEET-WTI - ICE FUTURES EUROPE",2023-03-21T00:00:00.000,2023 Report Week 12,"CRUDE OIL, LIGHT SWEET-WTI",67411,ICEU,NYC,67,CRUDE OIL,437454,212084,207416,9168,41638,21795,3899,19434,35189,73135,26438,68958,424228,420868,13226,16586,437454,212084,207416,9168,41638,21795,3899,19434,35189,73135,26438,68958,424228,420868,13226,16586,0,0,0,0,0,0,0,0,0,0,0,0,0,0,0,0,1948.0,-5085.0,-6209.0,3627.0,-3300.0,-4190.0,-695.0,-5314.0,6901.0,-6632.0,5703.0,6645.0,571.0,236.0,1377.0,1712.0,100.0,48.5,47.4,2.1,9.5,5.0,0.9,4.4,8.0,16.7,6.0,15.8,97.0,96.2,3.0,3.8,100.0,48.5,47.4,2.1,9.5,5.0,0.9,4.4,8.0,16.7,6.0,15.8,97.0,96.2,3.0,3.8,100.0,0.0,0.0,0.0,0.0,0.0,0.0,0.0,0.0,0.0,0.0,0.0,0.0,0.0,0.0,0.0,102,35.0,35.0,6.0,9.0,15.0,,11.0,12.0,10,23.0,27,93,94,102,35.0,35.0,6.0,9.0,15.0,,11.0,12.0,10,23.0,27,93,94,0,0,0,0,0,0,0,0,0,0,0,0,0,0,37.2,29.0,51.3,45.6,30.5,23.4,39.2,32.7,37.2,29.0,51.3,45.6,30.5,23.4,39.2,32.7,0.0,0.0,0.0,0.0,0.0,0.0,0.0,0.0,"(CONTRACTS OF 1,000 BARRELS)",N10,CRUDE OIL,PETROLEUM AND PRODUCTS,NATURAL RESOURCES,FutOnly
230328067411F,"CRUDE OIL, LIGHT SWEET-WTI - ICE FUTURES EUROPE",2023-03-28T00:00:00.000,2023 Report Week 13,"CRUDE OIL, LIGHT SWEET-WTI",67411,ICEU,NYC,67,CRUDE OIL,447347,208167,224128,13452,42452,21209,6958,15654,34991,81153,24953,68173,434103,431560,13244,15787,447347,208167,224128,13452,42452,21209,6958,15654,34991,81153,24953,68173,434103,431560,13244,15787,0,0,0,0,0,0,0,0,0,0,0,0,0,0,0,0,9893.0,-3917.0,16712.0,4284.0,814.0,-586.0,3059.0,-3780.0,-198.0,8018.0,-1485.0,-785.0,9875.0,10692.0,18.0,-799.0,100.0,46.5,50.1,3.0,9.5,4.7,1.6,3.5,7.8,18.1,5.6,15.2,97.0,96.5,3.0,3.5,100.0,46.5,50.1,3.0,9.5,4.7,1.6,3.5,7.8,18.1,5.6,15.2,97.0,96.5,3.0,3.5,100.0,0.0,0.0,0.0,0.0,0.0,0.0,0.0,0.0,0.0,0.0,0.0,0.0,0.0,0.0,0.0,108,37.0,35.0,8.0,8.0,15.0,6.0,11.0,13.0,14,21.0,29,101,97,108,37.0,35.0,8.0,8.0,15.0,6.0,11.0,13.0,14,21.0,29,101,97,0,0,0,0,0,0,0,0,0,0,0,0,0,0,37.1,29.4,50.6,45.5,29.4,24.4,39.2,33.9,37.1,29.4,50.6,45.5,29.4,24.4,39.2,33.9,0.0,0.0,0.0,0.0,0.0,0.0,0.0,0.0,"(CONTRACTS OF 1,000 BARRELS)",N10,CRUDE OIL,PETROLEUM AND PRODUCTS,NATURAL RESOURCES,FutOnly
230404067411F,"CRUDE OIL, LIGHT SWEET-WTI - ICE FUTURES EUROPE",2023-04-04T00:00:00.000,2023 Report Week 14,"CRUDE OIL, LIGHT SWEET-WTI",67411,ICEU,NYC,67,CRUDE OIL,464769,212407,221645,13733,44453,26518,10594,20635,34270,75614,25431,74007,447143,446959,17626,17810,464769,212407,221645,13733,44453,26518,10594,20635,34270,75614,25431,74007,447143,446959,17626,17810,0,0,0,0,0,0,0,0,0,0,0,0,0,0,0,0,17422.0,4240.0,-2483.0,281.0,2001.0,5309.0,3636.0,4981.0,-721.0,-5539.0,478.0,5834.0,13040.0,15399.0,4382.0,2023.0,100.0,45.7,47.7,3.0,9.6,5.7,2.3,4.4,7.4,16.3,5.5,15.9,96.2,96.2,3.8,3.8,100.0,45.7,47.7,3.0,9.6,5.7,2.3,4.4,7.4,16.3,5.5,15.9,96.2,96.2,3.8,3.8,100.0,0.0,0.0,0.0,0.0,0.0,0.0,0.0,0.0,0.0,0.0,0.0,0.0,0.0,0.0,0.0,112,41.0,42.0,6.0,10.0,15.0,8.0,12.0,13.0,9,21.0,29,103,104,112,41.0,42.0,6.0,10.0,15.0,8.0,12.0,13.0,9,21.0,29,103,104,0,0,0,0,0,0,0,0,0,0,0,0,0,0,35.9,30.7,48.9,47.0,27.0,23.9,37.4,33.3,35.9,30.7,48.9,47.0,27.0,23.9,37.4,33.3,0.0,0.0,0.0,0.0,0.0,0.0,0.0,0.0,"(CONTRACTS OF 1,000 BARRELS)",N10,CRUDE OIL,PETROLEUM AND PRODUCTS,NATURAL RESOURCES,FutOnly
230411067411F,"CRUDE OIL, LIGHT SWEET-WTI - ICE FUTURES EUROPE",2023-04-11T00:00:00.000,2023 Report Week 15,"CRUDE OIL, LIGHT SWEET-WTI",67411,ICEU,NYC,67,CRUDE OIL,464199,213400,222154,17465,43673,25966,9794,20017,35293,72817,26698,73574,448309,447375,15890,16824,464199,213400,222154,17465,43673,25966,9794,20017,35293,72817,26698,73574,448309,447375,15890,16824,0,0,0,0,0,0,0,0,0,0,0,0,0,0,0,0,-570.0,993.0,509.0,3732.0,-780.0,-552.0,-800.0,-618.0,1023.0,-2797.0,1267.0,-433.0,1166.0,416.0,-1736.0,-986.0,100.0,46.0,47.9,3.8,9.4,5.6,2.1,4.3,7.6,15.7,5.8,15.8,96.6,96.4,3.4,3.6,100.0,46.0,47.9,3.8,9.4,5.6,2.1,4.3,7.6,15.7,5.8,15.8,96.6,96.4,3.4,3.6,100.0,0.0,0.0,0.0,0.0,0.0,0.0,0.0,0.0,0.0,0.0,0.0,0.0,0.0,0.0,0.0,115,43.0,44.0,7.0,9.0,15.0,9.0,12.0,13.0,9,22.0,30,106,107,115,43.0,44.0,7.0,9.0,15.0,9.0,12.0,13.0,9,22.0,30,106,107,0,0,0,0,0,0,0,0,0,0,0,0,0,0,35.1,30.2,48.2,46.2,26.6,24.2,36.5,33.7,35.1,30.2,48.2,46.2,26.6,24.2,36.5,33.7,0.0,0.0,0.0,0.0,0.0,0.0,0.0,0.0,"(CONTRACTS OF 1,000 BARRELS)",N10,CRUDE OIL,PETROLEUM AND PRODUCTS,NATURAL RESOURCES,FutOnly
230418067411F,"CRUDE OIL, LIGHT SWEET-WTI - ICE FUTURES EUROPE",2023-04-18T00:00:00.000,2023 Report Week 16,"CRUDE OIL, LIGHT SWEET-WTI",67411,ICEU,NYC,67,CRUDE OIL,457199,217233,226738,13866,25178,27547,9140,22461,33101,64542,30503,77217,442646,442745,14553,14454,457199,217233,226738,13866,25178,27547,9140,22461,33101,64542,30503,77217,442646,442745,14553,14454,0,0,0,0,0,0,0,0,0,0,0,0,0,0,0,0,-7000.0,3833.0,4584.0,-3599.0,-18495.0,1581.0,-654.0,2444.0,-2192.0,-8275.0,3805.0,3643.0,-5663.0,-4630.0,-1337.0,-2370.0,100.0,47.5,49.6,3.0,5.5,6.0,2.0,4.9,7.2,14.1,6.7,16.9,96.8,96.8,3.2,3.2,100.0,47.5,49.6,3.0,5.5,6.0,2.0,4.9,7.2,14.1,6.7,16.9,96.8,96.8,3.2,3.2,100.0,0.0,0.0,0.0,0.0,0.0,0.0,0.0,0.0,0.0,0.0,0.0,0.0,0.0,0.0,0.0,115,41.0,41.0,7.0,9.0,15.0,7.0,12.0,11.0,10,25.0,33,105,106,115,41.0,41.0,7.0,9.0,15.0,7.0,12.0,11.0,10,25.0,33,105,106,0,0,0,0,0,0,0,0,0,0,0,0,0,0,33.5,28.9,47.6,44.6,26.1,22.6,35.7,30.4,33.5,28.9,47.6,44.6,26.1,22.6,35.7,30.4,0.0,0.0,0.0,0.0,0.0,0.0,0.0,0.0,"(CONTRACTS OF 1,000 BARRELS)",N10,CRUDE OIL,PETROLEUM AND PRODUCTS,NATURAL RESOURCES,FutOnly
230425067411F,"CRUDE OIL, LIGHT SWEET-WTI - ICE FUTURES EUROPE",2023-04-25T00:00:00.000,2023 Report Week 17,"CRUDE OIL, LIGHT SWEET-WTI",67411,ICEU,NYC,67,CRUDE OIL,460663,224391,229214,15495,24048,26458,11694,24844,27191,59280,33498,81760,446269,447013,14394,13650,460663,224391,229214,15495,24048,26458,11694,24844,27191,59280,33498,81760,446269,447013,14394,13650,0,0,0,0,0,0,0,0,0,0,0,0,0,0,0,0,3464.0,7158.0,2476.0,1629.0,-1130.0,-1089.0,2554.0,2383.0,-5910.0,-5262.0,2995.0,4543.0,3623.0,4268.0,-159.0,-804.0,100.0,48.7,49.8,3.4,5.2,5.7,2.5,5.4,5.9,12.9,7.3,17.7,96.9,97.0,3.1,3.0,100.0,48.7,49.8,3.4,5.2,5.7,2.5,5.4,5.9,12.9,7.3,17.7,96.9,97.0,3.1,3.0,100.0,0.0,0.0,0.0,0.0,0.0,0.0,0.0,0.0,0.0,0.0,0.0,0.0,0.0,0.0,0.0,117,40.0,40.0,7.0,9.0,15.0,6.0,13.0,12.0,10,24.0,33,104,108,117,40.0,40.0,7.0,9.0,15.0,6.0,13.0,12.0,10,24.0,33,104,108,0,0,0,0,0,0,0,0,0,0,0,0,0,0,32.2,28.3,46.4,43.3,25.4,22.0,33.6,28.8,32.2,28.3,46.4,43.3,25.4,22.0,33.6,28.8,0.0,0.0,0.0,0.0,0.0,0.0,0.0,0.0,"(CONTRACTS OF 1,000 BARRELS)",N10,CRUDE OIL,PETROLEUM AND PRODUCTS,NATURAL RESOURCES,FutOnly
230502067411F,"CRUDE OIL, LIGHT SWEET-WTI - ICE FUTURES EUROPE",2023-05-02T00:00:00.000,2023 Report Week 18,"CRUDE OIL, LIGHT SWEET-WTI",67411,ICEU,NYC,67,CRUDE OIL,463856,221968,232968,15359,22754,27820,9646,24697,26035,63700,33864,83752,448280,451890,15576,11966,463856,221968,232968,15359,22754,27820,9646,24697,26035,63700,33864,83752,448280,451890,15576,11966,0,0,0,0,0,0,0,0,0,0,0,0,0,0,0,0,3193.0,-2423.0,3754.0,-136.0,-1294.0,1362.0,-2048.0,-147.0,-1156.0,4420.0,366.0,1992.0,2011.0,4877.0,1182.0,-1684.0,100.0,47.9,50.2,3.3,4.9,6.0,2.1,5.3,5.6,13.7,7.3,18.1,96.6,97.4,3.4,2.6,100.0,47.9,50.2,3.3,4.9,6.0,2.1,5.3,5.6,13.7,7.3,18.1,96.6,97.4,3.4,2.6,100.0,0.0,0.0,0.0,0.0,0.0,0.0,0.0,0.0,0.0,0.0,0.0,0.0,0.0,0.0,0.0,116,43.0,40.0,9.0,7.0,15.0,5.0,11.0,9.0,11,24.0,34,105,105,116,43.0,40.0,9.0,7.0,15.0,5.0,11.0,9.0,11,24.0,34,105,105,0,0,0,0,0,0,0,0,0,0,0,0,0,0,31.5,28.8,45.7,44.7,23.4,22.9,32.2,29.4,31.5,28.8,45.7,44.7,23.4,22.9,32.2,29.4,0.0,0.0,0.0,0.0,0.0,0.0,0.0,0.0,"(CONTRACTS OF 1,000 BARRELS)",N10,CRUDE OIL,PETROLEUM AND PRODUCTS,NATURAL RESOURCES,FutOnly
230509067411F,"CRUDE OIL, LIGHT SWEET-WTI - ICE FUTURES EUROPE",2023-05-09T00:00:00.000,2023 Report Week 19,"CRUDE OIL, LIGHT SWEET-WTI",67411,ICEU,NYC,67,CRUDE OIL,464582,218269,225762,15207,22892,29093,8890,27271,31858,75091,43141,73399,451807,453416,12775,11166,464582,218269,225762,15207,22892,29093,8890,27271,31858,75091,43141,73399,451807,453416,12775,11166,0,0,0,0,0,0,0,0,0,0,0,0,0,0,0,0,726.0,-3699.0,-7206.0,-152.0,138.0,1273.0,-756.0,2574.0,5823.0,11391.0,9277.0,-10353.0,3527.0,1526.0,-2801.0,-800.0,100.0,47.0,48.6,3.3,4.9,6.3,1.9,5.9,6.9,16.2,9.3,15.8,97.3,97.6,2.7,2.4,100.0,47.0,48.6,3.3,4.9,6.3,1.9,5.9,6.9,16.2,9.3,15.8,97.3,97.6,2.7,2.4,100.0,0.0,0.0,0.0,0.0,0.0,0.0,0.0,0.0,0.0,0.0,0.0,0.0,0.0,0.0,0.0,114,37.0,36.0,9.0,7.0,15.0,7.0,11.0,10.0,13,25.0,35,103,103,114,37.0,36.0,9.0,7.0,15.0,7.0,11.0,10.0,13,25.0,35,103,103,0,0,0,0,0,0,0,0,0,0,0,0,0,0,31.5,27.6,46.5,43.9,24.1,23.2,34.3,30.3,31.5,27.6,46.5,43.9,24.1,23.2,34.3,30.3,0.0,0.0,0.0,0.0,0.0,0.0,0.0,0.0,"(CONTRACTS OF 1,000 BARRELS)",N10,CRUDE OIL,PETROLEUM AND PRODUCTS,NATURAL RESOURCES,FutOnly
230516067411F,"CRUDE OIL, LIGHT SWEET-WTI - ICE FUTURES EUROPE",2023-05-16T00:00:00.000,2023 Report Week 20,"CRUDE OIL, LIGHT SWEET-WTI",67411,ICEU,NYC,67,CRUDE OIL,487494,225081,246032,14648,24993,31342,9120,28613,33028,83966,34122,77222,474407,475352,13087,12142,487494,225081,246032,14648,24993,31342,9120,28613,33028,83966,34122,77222,474407,475352,13087,12142,0,0,0,0,0,0,0,0,0,0,0,0,0,0,0,0,22912.0,6812.0,20270.0,-559.0,2101.0,2249.0,230.0,1342.0,1170.0,8875.0,-9019.0,3823.0,22600.0,21936.0,312.0,976.0,100.0,46.2,50.5,3.0,5.1,6.4,1.9,5.9,6.8,17.2,7.0,15.8,97.3,97.5,2.7,2.5,100.0,46.2,50.5,3.0,5.1,6.4,1.9,5.9,6.8,17.2,7.0,15.8,97.3,97.5,2.7,2.5,100.0,0.0,0.0,0.0,0.0,0.0,0.0,0.0,0.0,0.0,0.0,0.0,0.0,0.0,0.0,0.0,120,40.0,39.0,7.0,8.0,15.0,8.0,11.0,10.0,17,22.0,34,107,107,120,40.0,39.0,7.0,8.0,15.0,8.0,11.0,10.0,17,22.0,34,107,107,0,0,0,0,0,0,0,0,0,0,0,0,0,0,29.6,28.2,42.7,43.6,21.2,23.0,30.8,29.5,29.6,28.2,42.7,43.6,21.2,23.0,30.8,29.5,0.0,0.0,0.0,0.0,0.0,0.0,0.0,0.0,"(CONTRACTS OF 1,000 BARRELS)",N10,CRUDE OIL,PETROLEUM AND PRODUCTS,NATURAL RESOURCES,FutOnly
230523067411F,"CRUDE OIL, LIGHT SWEET-WTI - ICE FUTURES EUROPE",2023-05-23T00:00:00.000,2023 Report Week 21,"CRUDE OIL, LIGHT SWEET-WTI",67411,ICEU,NYC,67,CRUDE OIL,487050,229440,257380,11692,31621,23548,15030,20236,30453,79439,27662,84847,474449,475747,12601,11303,487050,229440,257380,11692,31621,23548,15030,20236,30453,79439,27662,84847,474449,475747,12601,11303,0,0,0,0,0,0,0,0,0,0,0,0,0,0,0,0,-444.0,4359.0,11348.0,-2956.0,6628.0,-7794.0,5910.0,-8377.0,-2575.0,-4527.0,-6460.0,7625.0,42.0,395.0,-486.0,-839.0,100.0,47.1,52.8,2.4,6.5,4.8,3.1,4.2,6.3,16.3,5.7,17.4,97.4,97.7,2.6,2.3,100.0,47.1,52.8,2.4,6.5,4.8,3.1,4.2,6.3,16.3,5.7,17.4,97.4,97.7,2.6,2.3,100.0,0.0,0.0,0.0,0.0,0.0,0.0,0.0,0.0,0.0,0.0,0.0,0.0,0.0,0.0,0.0,121,39.0,42.0,7.0,7.0,13.0,7.0,12.0,12.0,18,23.0,33,106,110,121,39.0,42.0,7.0,7.0,13.0,7.0,12.0,12.0,18,23.0,33,106,110,0,0,0,0,0,0,0,0,0,0,0,0,0,0,30.0,31.3,43.7,46.9,18.2,25.0,27.2,32.1,30.0,31.3,43.7,46.9,18.2,25.0,27.2,32.1,0.0,0.0,0.0,0.0,0.0,0.0,0.0,0.0,"(CONTRACTS OF 1,000 BARRELS)",N10,CRUDE OIL,PETROLEUM AND PRODUCTS,NATURAL RESOURCES,FutOnly
230530067411F,"CRUDE OIL, LIGHT SWEET-WTI - ICE FUTURES EUROPE",2023-05-30T00:00:00.000,2023 Report Week 22,"CRUDE OIL, LIGHT SWEET-WTI",67411,ICEU,NYC,67,CRUDE OIL,496375,248268,252239,10697,32095,23020,4468,27825,32554,80361,32024,84725,484093,484482,12282,11893,496375,248268,252239,10697,32095,23020,4468,27825,32554,80361,32024,84725,484093,484482,12282,11893,0,0,0,0,0,0,0,0,0,0,0,0,0,0,0,0,9325.0,18828.0,-5141.0,-995.0,474.0,-528.0,-10562.0,7589.0,2101.0,922.0,4362.0,-122.0,9644.0,8735.0,-319.0,590.0,100.0,50.0,50.8,2.2,6.5,4.6,0.9,5.6,6.6,16.2,6.5,17.1,97.5,97.6,2.5,2.4,100.0,50.0,50.8,2.2,6.5,4.6,0.9,5.6,6.6,16.2,6.5,17.1,97.5,97.6,2.5,2.4,100.0,0.0,0.0,0.0,0.0,0.0,0.0,0.0,0.0,0.0,0.0,0.0,0.0,0.0,0.0,0.0,119,40.0,41.0,6.0,8.0,13.0,5.0,14.0,13.0,17,22.0,30,105,107,119,40.0,41.0,6.0,8.0,13.0,5.0,14.0,13.0,17,22.0,30,105,107,0,0,0,0,0,0,0,0,0,0,0,0,0,0,30.9,30.4,44.5,46.6,18.8,23.9,28.8,32.6,30.9,30.4,44.5,46.6,18.8,23.9,28.8,32.6,0.0,0.0,0.0,0.0,0.0,0.0,0.0,0.0,"(CONTRACTS OF 1,000 BARRELS)",N10,CRUDE OIL,PETROLEUM AND PRODUCTS,NATURAL RESOURCES,FutOnly
230606067411F,"CRUDE OIL, LIGHT SWEET-WTI - ICE FUTURES EUROPE",2023-06-06T00:00:00.000,2023 Report Week 23,"CRUDE OIL, LIGHT SWEET-WTI",67411,ICEU,NYC,67,CRUDE OIL,528997,276106,267958,12306,32978,24488,4074,37396,30762,79944,34535,89514,517194,517631,11803,11366,528997,276106,267958,12306,32978,24488,4074,37396,30762,79944,34535,89514,517194,517631,11803,11366,0,0,0,0,0,0,0,0,0,0,0,0,0,0,0,0,32622.0,27838.0,15719.0,1609.0,883.0,1468.0,-394.0,9571.0,-1792.0,-417.0,2511.0,4789.0,33101.0,33149.0,-479.0,-527.0,100.0,52.2,50.7,2.3,6.2,4.6,0.8,7.1,5.8,15.1,6.5,16.9,97.8,97.9,2.2,2.1,100.0,52.2,50.7,2.3,6.2,4.6,0.8,7.1,5.8,15.1,6.5,16.9,97.8,97.9,2.2,2.1,100.0,0.0,0.0,0.0,0.0,0.0,0.0,0.0,0.0,0.0,0.0,0.0,0.0,0.0,0.0,0.0,119,41.0,38.0,6.0,8.0,13.0,4.0,14.0,13.0,19,22.0,32,108,104,119,41.0,38.0,6.0,8.0,13.0,4.0,14.0,13.0,19,22.0,32,108,104,0,0,0,0,0,0,0,0,0,0,0,0,0,0,29.4,29.4,44.1,44.8,18.2,23.0,27.9,32.4,29.4,29.4,44.1,44.8,18.2,23.0,27.9,32.4,0.0,0.0,0.0,0.0,0.0,0.0,0.0,0.0,"(CONTRACTS OF 1,000 BARRELS)",N10,CRUDE OIL,PETROLEUM AND PRODUCTS,NATURAL RESOURCES,FutOnly
230613067411F,"CRUDE OIL, LIGHT SWEET-WTI - ICE FUTURES EUROPE",2023-06-13T00:00:00.000,2023 Report Week 24,"CRUDE OIL, LIGHT SWEET-WTI",67411,ICEU,NYC,67,CRUDE OIL,525534,252898,255593,17393,31758,22657,5185,36661,35984,85824,38211,93991,513932,514855,11602,10679,525534,252898,255593,17393,31758,22657,5185,36661,35984,85824,38211,93991,513932,514855,11602,10679,0,0,0,0,0,0,0,0,0,0,0,0,0,0,0,0,-3463.0,-23208.0,-12365.0,5087.0,-1220.0,-1831.0,1111.0,-735.0,5222.0,5880.0,3676.0,4477.0,-3262.0,-2776.0,-201.0,-687.0,100.0,48.1,48.6,3.3,6.0,4.3,1.0,7.0,6.8,16.3,7.3,17.9,97.8,98.0,2.2,2.0,100.0,48.1,48.6,3.3,6.0,4.3,1.0,7.0,6.8,16.3,7.3,17.9,97.8,98.0,2.2,2.0,100.0,0.0,0.0,0.0,0.0,0.0,0.0,0.0,0.0,0.0,0.0,0.0,0.0,0.0,0.0,0.0,122,43.0,41.0,6.0,8.0,13.0,6.0,12.0,16.0,16,26.0,34,114,109,122,43.0,41.0,6.0,8.0,13.0,6.0,12.0,16.0,16,26.0,34,114,109,0,0,0,0,0,0,0,0,0,0,0,0,0,0,28.8,29.2,41.8,45.5,18.2,23.7,26.8,33.0,28.8,29.2,41.8,45.5,18.2,23.7,26.8,33.0,0.0,0.0,0.0,0.0,0.0,0.0,0.0,0.0,"(CONTRACTS OF 1,000 BARRELS)",N10,CRUDE OIL,PETROLEUM AND PRODUCTS,NATURAL RESOURCES,FutOnly
230620067411F,"CRUDE OIL, LIGHT SWEET-WTI - ICE FUTURES EUROPE",2023-06-20T00:00:00.000,2023 Report Week 25,"CRUDE OIL, LIGHT SWEET-WTI",67411,ICEU,NYC,67,CRUDE OIL,495063,234081,253696,15494,21372,22429,10293,38128,29633,86191,31616,87211,485332,484085,9731,10978,495063,234081,253696,15494,21372,22429,10293,38128,29633,86191,31616,87211,485332,484085,9731,10978,0,0,0,0,0,0,0,0,0,0,0,0,0,0,0,0,-30471.0,-18817.0,-1897.0,-1899.0,-10386.0,-228.0,5108.0,1467.0,-6351.0,367.0,-6595.0,-6780.0,-28600.0,-30770.0,-1871.0,299.0,100.0,47.3,51.2,3.1,4.3,4.5,2.1,7.7,6.0,17.4,6.4,17.6,98.0,97.8,2.0,2.2,100.0,47.3,51.2,3.1,4.3,4.5,2.1,7.7,6.0,17.4,6.4,17.6,98.0,97.8,2.0,2.2,100.0,0.0,0.0,0.0,0.0,0.0,0.0,0.0,0.0,0.0,0.0,0.0,0.0,0.0,0.0,0.0,121,45.0,39.0,6.0,8.0,13.0,7.0,12.0,14.0,19,21.0,32,114,104,121,45.0,39.0,6.0,8.0,13.0,7.0,12.0,14.0,19,21.0,32,114,104,0,0,0,0,0,0,0,0,0,0,0,0,0,0,30.9,30.3,44.5,46.5,19.6,25.3,27.6,34.4,30.9,30.3,44.5,46.5,19.6,25.3,27.6,34.4,0.0,0.0,0.0,0.0,0.0,0.0,0.0,0.0,"(CONTRACTS OF 1,000 BARRELS)",N10,CRUDE OIL,PETROLEUM AND PRODUCTS,NATURAL RESOURCES,FutOnly
230627067411F,"CRUDE OIL, LIGHT SWEET-WTI - ICE FUTURES EUROPE",2023-06-27T00:00:00.000,2023 Report Week 26,"CRUDE OIL, LIGHT SWEET-WTI",67411,ICEU,NYC,67,CRUDE OIL,512855,252294,265015,13628,21688,24900,9321,35073,22976,82616,35760,95650,501385,501062,11470,11793,512855,252294,265015,13628,21688,24900,9321,35073,22976,82616,35760,95650,501385,501062,11470,11793,0,0,0,0,0,0,0,0,0,0,0,0,0,0,0,0,17792.0,18213.0,11319.0,-1866.0,316.0,2471.0,-972.0,-3055.0,-6657.0,-3575.0,4144.0,8439.0,16053.0,16977.0,1739.0,815.0,100.0,49.2,51.7,2.7,4.2,4.9,1.8,6.8,4.5,16.1,7.0,18.7,97.8,97.7,2.2,2.3,100.0,49.2,51.7,2.7,4.2,4.9,1.8,6.8,4.5,16.1,7.0,18.7,97.8,97.7,2.2,2.3,100.0,0.0,0.0,0.0,0.0,0.0,0.0,0.0,0.0,0.0,0.0,0.0,0.0,0.0,0.0,0.0,122,44.0,38.0,7.0,7.0,13.0,7.0,12.0,14.0,19,23.0,32,114,104,122,44.0,38.0,7.0,7.0,13.0,7.0,12.0,14.0,19,23.0,32,114,104,0,0,0,0,0,0,0,0,0,0,0,0,0,0,30.3,30.2,44.3,46.9,19.1,22.6,27.7,31.6,30.3,30.2,44.3,46.9,19.1,22.6,27.7,31.6,0.0,0.0,0.0,0.0,0.0,0.0,0.0,0.0,"(CONTRACTS OF 1,000 BARRELS)",N10,CRUDE OIL,PETROLEUM AND PRODUCTS,NATURAL RESOURCES,FutOnly
230703067411F,"CRUDE OIL, LIGHT SWEET-WTI - ICE FUTURES EUROPE",2023-07-03T00:00:00.000,2023 Report Week 27,"CRUDE OIL, LIGHT SWEET-WTI",67411,ICEU,NYC,67,CRUDE OIL,519512,247571,272795,13693,20836,24955,11559,34076,23472,89221,34479,99288,509759,509901,9753,9611,519512,247571,272795,13693,20836,24955,11559,34076,23472,89221,34479,99288,509759,509901,9753,9611,0,0,0,0,0,0,0,0,0,0,0,0,0,0,0,0,6657.0,-4723.0,7780.0,65.0,-852.0,55.0,2238.0,-997.0,496.0,6605.0,-1281.0,3638.0,8374.0,8839.0,-1717.0,-2182.0,100.0,47.7,52.5,2.6,4.0,4.8,2.2,6.6,4.5,17.2,6.6,19.1,98.1,98.1,1.9,1.9,100.0,47.7,52.5,2.6,4.0,4.8,2.2,6.6,4.5,17.2,6.6,19.1,98.1,98.1,1.9,1.9,100.0,0.0,0.0,0.0,0.0,0.0,0.0,0.0,0.0,0.0,0.0,0.0,0.0,0.0,0.0,0.0,125,43.0,39.0,6.0,8.0,13.0,6.0,12.0,14.0,21,23.0,37,118,108,125,43.0,39.0,6.0,8.0,13.0,6.0,12.0,14.0,21,23.0,37,118,108,0,0,0,0,0,0,0,0,0,0,0,0,0,0,29.8,29.8,43.4,45.5,19.5,22.8,28.0,31.6,29.8,29.8,43.4,45.5,19.5,22.8,28.0,31.6,0.0,0.0,0.0,0.0,0.0,0.0,0.0,0.0,"(CONTRACTS OF 1,000 BARRELS)",N10,CRUDE OIL,PETROLEUM AND PRODUCTS,NATURAL RESOURCES,FutOnly
230711067411F,"CRUDE OIL, LIGHT SWEET-WTI - ICE FUTURES EUROPE",2023-07-11T00:00:00.000,2023 Report Week 28,"CRUDE OIL, LIGHT SWEET-WTI",67411,ICEU,NYC,67,CRUDE OIL,531107,244634,275784,15169,19985,27253,12756,34417,25499,87655,31288,104199,517165,518425,13942,12682,531107,244634,275784,15169,19985,27253,12756,34417,25499,87655,31288,104199,517165,518425,13942,12682,0,0,0,0,0,0,0,0,0,0,0,0,0,0,0,0,11595.0,-2937.0,2989.0,1476.0,-851.0,2298.0,1197.0,341.0,2027.0,-1566.0,-3191.0,4911.0,7406.0,8524.0,4189.0,3071.0,100.0,46.1,51.9,2.9,3.8,5.1,2.4,6.5,4.8,16.5,5.9,19.6,97.4,97.6,2.6,2.4,100.0,46.1,51.9,2.9,3.8,5.1,2.4,6.5,4.8,16.5,5.9,19.6,97.4,97.6,2.6,2.4,100.0,0.0,0.0,0.0,0.0,0.0,0.0,0.0,0.0,0.0,0.0,0.0,0.0,0.0,0.0,0.0,117,40.0,38.0,6.0,8.0,13.0,6.0,11.0,14.0,20,22.0,33,110,102,117,40.0,38.0,6.0,8.0,13.0,6.0,11.0,14.0,20,22.0,33,110,102,0,0,0,0,0,0,0,0,0,0,0,0,0,0,29.7,29.9,44.0,45.6,19.9,23.4,27.6,31.9,29.7,29.9,44.0,45.6,19.9,23.4,27.6,31.9,0.0,0.0,0.0,0.0,0.0,0.0,0.0,0.0,"(CONTRACTS OF 1,000 BARRELS)",N10,CRUDE OIL,PETROLEUM AND PRODUCTS,NATURAL RESOURCES,FutOnly
230718067411F,"CRUDE OIL, LIGHT SWEET-WTI - ICE FUTURES EUROPE",2023-07-18T00:00:00.000,2023 Report Week 29,"CRUDE OIL, LIGHT SWEET-WTI",67411,ICEU,NYC,67,CRUDE OIL,527903,240212,286072,13484,19450,30991,19181,39260,18369,94344,25287,98198,514779,517627,13124,10276,527903,240212,286072,13484,19450,30991,19181,39260,18369,94344,25287,98198,514779,517627,13124,10276,0,0,0,0,0,0,0,0,0,0,0,0,0,0,0,0,-3204.0,-4422.0,10288.0,-1685.0,-535.0,3738.0,6425.0,4843.0,-7130.0,6689.0,-6001.0,-6001.0,-2386.0,-798.0,-818.0,-2406.0,100.0,45.5,54.2,2.6,3.7,5.9,3.6,7.4,3.5,17.9,4.8,18.6,97.5,98.1,2.5,1.9,100.0,45.5,54.2,2.6,3.7,5.9,3.6,7.4,3.5,17.9,4.8,18.6,97.5,98.1,2.5,1.9,100.0,0.0,0.0,0.0,0.0,0.0,0.0,0.0,0.0,0.0,0.0,0.0,0.0,0.0,0.0,0.0,114,40.0,36.0,5.0,9.0,13.0,7.0,10.0,12.0,16,23.0,36,107,101,114,40.0,36.0,5.0,9.0,13.0,7.0,10.0,12.0,16,23.0,36,107,101,0,0,0,0,0,0,0,0,0,0,0,0,0,0,29.3,29.4,44.5,45.2,18.5,23.8,27.5,31.4,29.3,29.4,44.5,45.2,18.5,23.8,27.5,31.4,0.0,0.0,0.0,0.0,0.0,0.0,0.0,0.0,"(CONTRACTS OF 1,000 BARRELS)",N10,CRUDE OIL,PETROLEUM AND PRODUCTS,NATURAL RESOURCES,FutOnly
230725067411F,"CRUDE OIL, LIGHT SWEET-WTI - ICE FUTURES EUROPE",2023-07-25T00:00:00.000,2023 Report Week 30,"CRUDE OIL, LIGHT SWEET-WTI",67411,ICEU,NYC,67,CRUDE OIL,507655,236141,272840,9257,19234,31315,16479,30314,23701,75962,19616,100580,493435,497600,14220,10055,507655,236141,272840,9257,19234,31315,16479,30314,23701,75962,19616,100580,493435,497600,14220,10055,0,0,0,0,0,0,0,0,0,0,0,0,0,0,0,0,-20248.0,-4071.0,-13232.0,-4227.0,-216.0,324.0,-2702.0,-8946.0,5332.0,-18382.0,-5671.0,2382.0,-21344.0,-20027.0,1096.0,-221.0,100.0,46.5,53.7,1.8,3.8,6.2,3.2,6.0,4.7,15.0,3.9,19.8,97.2,98.0,2.8,2.0,100.0,46.5,53.7,1.8,3.8,6.2,3.2,6.0,4.7,15.0,3.9,19.8,97.2,98.0,2.8,2.0,100.0,0.0,0.0,0.0,0.0,0.0,0.0,0.0,0.0,0.0,0.0,0.0,0.0,0.0,0.0,0.0,117,41.0,36.0,4.0,10.0,14.0,8.0,11.0,14.0,20,19.0,35,110,104,117,41.0,36.0,4.0,10.0,14.0,8.0,11.0,14.0,20,19.0,35,110,104,0,0,0,0,0,0,0,0,0,0,0,0,0,0,29.9,31.5,43.1,46.1,17.3,22.4,25.3,28.8,29.9,31.5,43.1,46.1,17.3,22.4,25.3,28.8,0.0,0.0,0.0,0.0,0.0,0.0,0.0,0.0,"(CONTRACTS OF 1,000 BARRELS)",N10,CRUDE OIL,PETROLEUM AND PRODUCTS,NATURAL RESOURCES,FutOnly
230801067411F,"CRUDE OIL, LIGHT SWEET-WTI - ICE FUTURES EUROPE",2023-08-01T00:00:00.000,2023 Report Week 31,"CRUDE OIL, LIGHT SWEET-WTI",67411,ICEU,NYC,67,CRUDE OIL,521014,241593,274518,12228,17809,31630,14814,40454,26626,80327,19601,100215,507433,510853,13581,10161,521014,241593,274518,12228,17809,31630,14814,40454,26626,80327,19601,100215,507433,510853,13581,10161,0,0,0,0,0,0,0,0,0,0,0,0,0,0,0,0,13359.0,5452.0,1678.0,2971.0,-1425.0,315.0,-1665.0,10140.0,2925.0,4365.0,-15.0,-365.0,13998.0,13253.0,-639.0,106.0,100.0,46.4,52.7,2.3,3.4,6.1,2.8,7.8,5.1,15.4,3.8,19.2,97.4,98.0,2.6,2.0,100.0,46.4,52.7,2.3,3.4,6.1,2.8,7.8,5.1,15.4,3.8,19.2,97.4,98.0,2.6,2.0,100.0,0.0,0.0,0.0,0.0,0.0,0.0,0.0,0.0,0.0,0.0,0.0,0.0,0.0,0.0,0.0,124,43.0,40.0,5.0,9.0,14.0,9.0,13.0,16.0,21,19.0,35,114,112,124,43.0,40.0,5.0,9.0,14.0,9.0,13.0,16.0,21,19.0,35,114,112,0,0,0,0,0,0,0,0,0,0,0,0,0,0,30.8,30.3,43.1,46.2,17.0,22.4,24.5,29.9,30.8,30.3,43.1,46.2,17.0,22.4,24.5,29.9,0.0,0.0,0.0,0.0,0.0,0.0,0.0,0.0,"(CONTRACTS OF 1,000 BARRELS)",N10,CRUDE OIL,PETROLEUM AND PRODUCTS,NATURAL RESOURCES,FutOnly
230808067411F,"CRUDE OIL, LIGHT SWEET-WTI - ICE FUTURES EUROPE",2023-08-08T00:00:00.000,2023 Report Week 32,"CRUDE OIL, LIGHT SWEET-WTI",67411,ICEU,NYC,67,CRUDE OIL,527899,250693,272911,10473,18730,32312,12744,43839,22035,78406,19983,107726,514389,517536,13510,10363,527899,250693,272911,10473,18730,32312,12744,43839,22035,78406,19983,107726,514389,517536,13510,10363,0,0,0,0,0,0,0,0,0,0,0,0,0,0,0,0,6885.0,9100.0,-1607.0,-1755.0,921.0,682.0,-2070.0,3385.0,-4591.0,-1921.0,382.0,7511.0,6956.0,6683.0,-71.0,202.0,100.0,47.5,51.7,2.0,3.5,6.1,2.4,8.3,4.2,14.9,3.8,20.4,97.4,98.0,2.6,2.0,100.0,47.5,51.7,2.0,3.5,6.1,2.4,8.3,4.2,14.9,3.8,20.4,97.4,98.0,2.6,2.0,100.0,0.0,0.0,0.0,0.0,0.0,0.0,0.0,0.0,0.0,0.0,0.0,0.0,0.0,0.0,0.0,126,45.0,43.0,6.0,8.0,14.0,7.0,14.0,14.0,20,20.0,36,115,114,126,45.0,43.0,6.0,8.0,14.0,7.0,14.0,14.0,20,20.0,36,115,114,0,0,0,0,0,0,0,0,0,0,0,0,0,0,30.4,29.6,42.8,44.3,15.7,19.4,23.4,26.6,30.4,29.6,42.8,44.3,15.7,19.4,23.4,26.6,0.0,0.0,0.0,0.0,0.0,0.0,0.0,0.0,"(CONTRACTS OF 1,000 BARRELS)",N10,CRUDE OIL,PETROLEUM AND PRODUCTS,NATURAL RESOURCES,FutOnly
230815067411F,"CRUDE OIL, LIGHT SWEET-WTI - ICE FUTURES EUROPE",2023-08-15T00:00:00.000,2023 Report Week 33,"CRUDE OIL, LIGHT SWEET-WTI",67411,ICEU,NYC,67,CRUDE OIL,556799,269614,285242,6843,17372,35895,9188,37689,32182,70220,17474,119968,543910,545822,12889,10977,556799,269614,285242,6843,17372,35895,9188,37689,32182,70220,17474,119968,543910,545822,12889,10977,0,0,0,0,0,0,0,0,0,0,0,0,0,0,0,0,28900.0,18921.0,12331.0,-3630.0,-1358.0,3583.0,-3556.0,-6150.0,10147.0,-8186.0,-2509.0,12242.0,29521.0,28286.0,-621.0,614.0,100.0,48.4,51.2,1.2,3.1,6.4,1.7,6.8,5.8,12.6,3.1,21.5,97.7,98.0,2.3,2.0,100.0,48.4,51.2,1.2,3.1,6.4,1.7,6.8,5.8,12.6,3.1,21.5,97.7,98.0,2.3,2.0,100.0,0.0,0.0,0.0,0.0,0.0,0.0,0.0,0.0,0.0,0.0,0.0,0.0,0.0,0.0,0.0,129,46.0,43.0,5.0,9.0,14.0,7.0,16.0,17.0,20,19.0,35,118,116,129,46.0,43.0,5.0,9.0,14.0,7.0,16.0,17.0,20,19.0,35,118,116,0,0,0,0,0,0,0,0,0,0,0,0,0,0,30.8,30.5,43.5,44.2,16.6,19.5,23.9,25.0,30.8,30.5,43.5,44.2,16.6,19.5,23.9,25.0,0.0,0.0,0.0,0.0,0.0,0.0,0.0,0.0,"(CONTRACTS OF 1,000 BARRELS)",N10,CRUDE OIL,PETROLEUM AND PRODUCTS,NATURAL RESOURCES,FutOnly
230822067411F,"CRUDE OIL, LIGHT SWEET-WTI - ICE FUTURES EUROPE",2023-08-22T00:00:00.000,2023 Report Week 34,"CRUDE OIL, LIGHT SWEET-WTI",67411,ICEU,NYC,67,CRUDE OIL,563454,297981,312327,13325,21659,30290,6674,34353,22621,71887,23538,106984,549762,551772,13692,11682,563454,297981,312327,13325,21659,30290,6674,34353,22621,71887,23538,106984,549762,551772,13692,11682,0,0,0,0,0,0,0,0,0,0,0,0,0,0,0,0,6655.0,28367.0,27085.0,6482.0,4287.0,-5605.0,-2514.0,-3336.0,-9561.0,1667.0,6064.0,-12984.0,5852.0,5950.0,803.0,705.0,100.0,52.9,55.4,2.4,3.8,5.4,1.2,6.1,4.0,12.8,4.2,19.0,97.6,97.9,2.4,2.1,100.0,52.9,55.4,2.4,3.8,5.4,1.2,6.1,4.0,12.8,4.2,19.0,97.6,97.9,2.4,2.1,100.0,0.0,0.0,0.0,0.0,0.0,0.0,0.0,0.0,0.0,0.0,0.0,0.0,0.0,0.0,0.0,128,47.0,46.0,4.0,10.0,15.0,6.0,15.0,16.0,18,21.0,33,116,118,128,47.0,46.0,4.0,10.0,15.0,6.0,15.0,16.0,18,21.0,33,116,118,0,0,0,0,0,0,0,0,0,0,0,0,0,0,38.1,37.0,49.7,50.7,23.4,28.8,31.5,34.3,38.1,37.0,49.7,50.7,23.4,28.8,31.5,34.3,0.0,0.0,0.0,0.0,0.0,0.0,0.0,0.0,"(CONTRACTS OF 1,000 BARRELS)",N10,CRUDE OIL,PETROLEUM AND PRODUCTS,NATURAL RESOURCES,FutOnly
230829067411F,"CRUDE OIL, LIGHT SWEET-WTI - ICE FUTURES EUROPE",2023-08-29T00:00:00.000,2023 Report Week 35,"CRUDE OIL, LIGHT SWEET-WTI",67411,ICEU,NYC,67,CRUDE OIL,576100,315328,325230,11489,22655,32502,6463,40598,20970,76887,22914,100525,564164,565394,11936,10706,576100,315328,325230,11489,22655,32502,6463,40598,20970,76887,22914,100525,564164,565394,11936,10706,0,0,0,0,0,0,0,0,0,0,0,0,0,0,0,0,12646.0,17347.0,12903.0,-1836.0,996.0,2212.0,-211.0,6245.0,-1651.0,5000.0,-624.0,-6459.0,14402.0,13622.0,-1756.0,-976.0,100.0,54.7,56.5,2.0,3.9,5.6,1.1,7.0,3.6,13.3,4.0,17.4,97.9,98.1,2.1,1.9,100.0,54.7,56.5,2.0,3.9,5.6,1.1,7.0,3.6,13.3,4.0,17.4,97.9,98.1,2.1,1.9,100.0,0.0,0.0,0.0,0.0,0.0,0.0,0.0,0.0,0.0,0.0,0.0,0.0,0.0,0.0,0.0,129,49.0,43.0,4.0,10.0,15.0,6.0,15.0,17.0,17,23.0,36,121,117,129,49.0,43.0,4.0,10.0,15.0,6.0,15.0,17.0,17,23.0,36,121,117,0,0,0,0,0,0,0,0,0,0,0,0,0,0,38.7,35.9,51.0,49.9,24.8,28.3,32.9,33.9,38.7,35.9,51.0,49.9,24.8,28.3,32.9,33.9,0.0,0.0,0.0,0.0,0.0,0.0,0.0,0.0,"(CONTRACTS OF 1,000 BARRELS)",N10,CRUDE OIL,PETROLEUM AND PRODUCTS,NATURAL RESOURCES,FutOnly
230905067411F,"CRUDE OIL, LIGHT SWEET-WTI - ICE FUTURES EUROPE",2023-09-05T00:00:00.000,2023 Report Week 36,"CRUDE OIL, LIGHT SWEET-WTI",67411,ICEU,NYC,67,CRUDE OIL,614114,341964,359885,9086,24428,35771,5793,28765,23600,70769,18216,111245,598228,601910,15886,12204,614114,341964,359885,9086,24428,35771,5793,28765,23600,70769,18216,111245,598228,601910,15886,12204,0,0,0,0,0,0,0,0,0,0,0,0,0,0,0,0,38014.0,26636.0,34655.0,-2403.0,1773.0,3269.0,-670.0,-11833.0,2630.0,-6118.0,-4698.0,10720.0,34064.0,36516.0,3950.0,1498.0,100.0,55.7,58.6,1.5,4.0,5.8,0.9,4.7,3.8,11.5,3.0,18.1,97.4,98.0,2.6,2.0,100.0,55.7,58.6,1.5,4.0,5.8,0.9,4.7,3.8,11.5,3.0,18.1,97.4,98.0,2.6,2.0,100.0,0.0,0.0,0.0,0.0,0.0,0.0,0.0,0.0,0.0,0.0,0.0,0.0,0.0,0.0,0.0,126,46.0,43.0,4.0,11.0,16.0,5.0,15.0,16.0,20,20.0,35,117,116,126,46.0,43.0,4.0,11.0,16.0,5.0,15.0,16.0,20,20.0,35,117,116,0,0,0,0,0,0,0,0,0,0,0,0,0,0,35.4,33.9,49.7,48.8,22.5,26.0,29.9,30.8,35.4,33.9,49.7,48.8,22.5,26.0,29.9,30.8,0.0,0.0,0.0,0.0,0.0,0.0,0.0,0.0,"(CONTRACTS OF 1,000 BARRELS)",N10,CRUDE OIL,PETROLEUM AND PRODUCTS,NATURAL RESOURCES,FutOnly
230912067411F,"CRUDE OIL, LIGHT SWEET-WTI - ICE FUTURES EUROPE",2023-09-12T00:00:00.000,2023 Report Week 37,"CRUDE OIL, LIGHT SWEET-WTI",67411,ICEU,NYC,67,CRUDE OIL,637631,361518,371612,6346,25615,38951,5253,31798,19809,68878,14057,121865,622620,623707,15011,13924,637631,361518,371612,6346,25615,38951,5253,31798,19809,68878,14057,121865,622620,623707,15011,13924,0,0,0,0,0,0,0,0,0,0,0,0,0,0,0,0,23517.0,19554.0,11727.0,-2740.0,1187.0,3180.0,-540.0,3033.0,-3791.0,-1891.0,-4159.0,10620.0,24392.0,21797.0,-875.0,1720.0,100.0,56.7,58.3,1.0,4.0,6.1,0.8,5.0,3.1,10.8,2.2,19.1,97.6,97.8,2.4,2.2,100.0,56.7,58.3,1.0,4.0,6.1,0.8,5.0,3.1,10.8,2.2,19.1,97.6,97.8,2.4,2.2,100.0,0.0,0.0,0.0,0.0,0.0,0.0,0.0,0.0,0.0,0.0,0.0,0.0,0.0,0.0,0.0,122,46.0,42.0,4.0,11.0,16.0,4.0,14.0,14.0,18,18.0,35,115,112,122,46.0,42.0,4.0,11.0,16.0,4.0,14.0,14.0,18,18.0,35,115,112,0,0,0,0,0,0,0,0,0,0,0,0,0,0,33.4,33.6,48.3,48.1,21.3,24.2,28.0,29.5,33.4,33.6,48.3,48.1,21.3,24.2,28.0,29.5,0.0,0.0,0.0,0.0,0.0,0.0,0.0,0.0,"(CONTRACTS OF 1,000 BARRELS)",N10,CRUDE OIL,PETROLEUM AND PRODUCTS,NATURAL RESOURCES,FutOnly
230919067411F,"CRUDE OIL, LIGHT SWEET-WTI - ICE FUTURES EUROPE",2023-09-19T00:00:00.000,2023 Report Week 38,"CRUDE OIL, LIGHT SWEET-WTI",67411,ICEU,NYC,67,CRUDE OIL,623682,341002,355368,9074,27360,37466,8128,33784,22910,77207,21304,110308,606095,608500,17587,15182,623682,341002,355368,9074,27360,37466,8128,33784,22910,77207,21304,110308,606095,608500,17587,15182,0,0,0,0,0,0,0,0,0,0,0,0,0,0,0,0,-13949.0,-20516.0,-16244.0,2728.0,1745.0,-1485.0,2875.0,1986.0,3101.0,8329.0,7247.0,-11557.0,-16525.0,-15207.0,2576.0,1258.0,100.0,54.7,57.0,1.5,4.4,6.0,1.3,5.4,3.7,12.4,3.4,17.7,97.2,97.6,2.8,2.4,100.0,54.7,57.0,1.5,4.4,6.0,1.3,5.4,3.7,12.4,3.4,17.7,97.2,97.6,2.8,2.4,100.0,0.0,0.0,0.0,0.0,0.0,0.0,0.0,0.0,0.0,0.0,0.0,0.0,0.0,0.0,0.0,129,45.0,43.0,6.0,11.0,17.0,9.0,12.0,14.0,18,20.0,34,118,114,129,45.0,43.0,6.0,11.0,17.0,9.0,12.0,14.0,18,20.0,34,118,114,0,0,0,0,0,0,0,0,0,0,0,0,0,0,33.0,33.2,45.7,46.3,23.4,25.6,30.5,31.0,33.0,33.2,45.7,46.3,23.4,25.6,30.5,31.0,0.0,0.0,0.0,0.0,0.0,0.0,0.0,0.0,"(CONTRACTS OF 1,000 BARRELS)",N10,CRUDE OIL,PETROLEUM AND PRODUCTS,NATURAL RESOURCES,FutOnly
230926067411F,"CRUDE OIL, LIGHT SWEET-WTI - ICE FUTURES EUROPE",2023-09-26T00:00:00.000,2023 Report Week 39,"CRUDE OIL, LIGHT SWEET-WTI",67411,ICEU,NYC,67,CRUDE OIL,606220,323074,349504,9195,25160,36462,7923,38406,17999,82255,13648,112887,589795,594066,16425,12154,606220,323074,349504,9195,25160,36462,7923,38406,17999,82255,13648,112887,589795,594066,16425,12154,0,0,0,0,0,0,0,0,0,0,0,0,0,0,0,0,-17462.0,-17928.0,-5864.0,121.0,-2200.0,-1004.0,-205.0,4622.0,-4911.0,5048.0,-7656.0,2579.0,-16300.0,-14434.0,-1162.0,-3028.0,100.0,53.3,57.7,1.5,4.2,6.0,1.3,6.3,3.0,13.6,2.3,18.6,97.3,98.0,2.7,2.0,100.0,53.3,57.7,1.5,4.2,6.0,1.3,6.3,3.0,13.6,2.3,18.6,97.3,98.0,2.7,2.0,100.0,0.0,0.0,0.0,0.0,0.0,0.0,0.0,0.0,0.0,0.0,0.0,0.0,0.0,0.0,0.0,129,45.0,42.0,5.0,12.0,17.0,8.0,11.0,12.0,21,19.0,37,121,112,129,45.0,42.0,5.0,12.0,17.0,8.0,11.0,12.0,21,19.0,37,121,112,0,0,0,0,0,0,0,0,0,0,0,0,0,0,33.3,33.6,46.2,47.4,24.5,26.5,30.9,33.8,33.3,33.6,46.2,47.4,24.5,26.5,30.9,33.8,0.0,0.0,0.0,0.0,0.0,0.0,0.0,0.0,"(CONTRACTS OF 1,000 BARRELS)",N10,CRUDE OIL,PETROLEUM AND PRODUCTS,NATURAL RESOURCES,FutOnly
231003067411F,"CRUDE OIL, LIGHT SWEET-WTI - ICE FUTURES EUROPE",2023-10-03T00:00:00.000,2023 Report Week 40,"CRUDE OIL, LIGHT SWEET-WTI",67411,ICEU,NYC,67,CRUDE OIL,599680,312126,338763,8725,28825,33256,7852,35239,19569,88301,15700,113327,583156,584679,16524,15001,599680,312126,338763,8725,28825,33256,7852,35239,19569,88301,15700,113327,583156,584679,16524,15001,0,0,0,0,0,0,0,0,0,0,0,0,0,0,0,0,-6540.0,-10948.0,-10741.0,-470.0,3665.0,-3206.0,-71.0,-3167.0,1570.0,6046.0,2052.0,440.0,-6639.0,-9387.0,99.0,2847.0,100.0,52.0,56.5,1.5,4.8,5.5,1.3,5.9,3.3,14.7,2.6,18.9,97.2,97.5,2.8,2.5,100.0,52.0,56.5,1.5,4.8,5.5,1.3,5.9,3.3,14.7,2.6,18.9,97.2,97.5,2.8,2.5,100.0,0.0,0.0,0.0,0.0,0.0,0.0,0.0,0.0,0.0,0.0,0.0,0.0,0.0,0.0,0.0,130,47.0,46.0,6.0,11.0,17.0,7.0,12.0,14.0,22,18.0,37,122,120,130,47.0,46.0,6.0,11.0,17.0,7.0,12.0,14.0,22,18.0,37,122,120,0,0,0,0,0,0,0,0,0,0,0,0,0,0,34.3,36.2,47.5,50.0,24.3,27.8,31.3,35.8,34.3,36.2,47.5,50.0,24.3,27.8,31.3,35.8,0.0,0.0,0.0,0.0,0.0,0.0,0.0,0.0,"(CONTRACTS OF 1,000 BARRELS)",N10,CRUDE OIL,PETROLEUM AND PRODUCTS,NATURAL RESOURCES,FutOnly
231010067411F,"CRUDE OIL, LIGHT SWEET-WTI - ICE FUTURES EUROPE",2023-10-10T00:00:00.000,2023 Report Week 41,"CRUDE OIL, LIGHT SWEET-WTI",67411,ICEU,NYC,67,CRUDE OIL,607668,321447,337635,9321,31586,29585,4817,35352,20546,83949,16237,122470,592135,593411,15533,14257,607668,321447,337635,9321,31586,29585,4817,35352,20546,83949,16237,122470,592135,593411,15533,14257,0,0,0,0,0,0,0,0,0,0,0,0,0,0,0,0,7988.0,9321.0,-1128.0,596.0,2761.0,-3671.0,-3035.0,113.0,977.0,-4352.0,537.0,9143.0,8979.0,8732.0,-991.0,-744.0,100.0,52.9,55.6,1.5,5.2,4.9,0.8,5.8,3.4,13.8,2.7,20.2,97.4,97.7,2.6,2.3,100.0,52.9,55.6,1.5,5.2,4.9,0.8,5.8,3.4,13.8,2.7,20.2,97.4,97.7,2.6,2.3,100.0,0.0,0.0,0.0,0.0,0.0,0.0,0.0,0.0,0.0,0.0,0.0,0.0,0.0,0.0,0.0,124,43.0,41.0,5.0,11.0,16.0,6.0,12.0,15.0,22,17.0,38,117,113,124,43.0,41.0,5.0,11.0,16.0,6.0,12.0,15.0,22,17.0,38,117,113,0,0,0,0,0,0,0,0,0,0,0,0,0,0,33.7,36.0,46.9,49.7,23.6,27.4,29.8,35.4,33.7,36.0,46.9,49.7,23.6,27.4,29.8,35.4,0.0,0.0,0.0,0.0,0.0,0.0,0.0,0.0,"(CONTRACTS OF 1,000 BARRELS)",N10,CRUDE OIL,PETROLEUM AND PRODUCTS,NATURAL RESOURCES,FutOnly
231017067411F,"CRUDE OIL, LIGHT SWEET-WTI - ICE FUTURES EUROPE",2023-10-17T00:00:00.000,2023 Report Week 42,"CRUDE OIL, LIGHT SWEET-WTI",67411,ICEU,NYC,67,CRUDE OIL,601987,342349,316850,11091,30165,29773,4388,43703,20918,66666,32645,111450,586635,585504,15352,16483,601987,342349,316850,11091,30165,29773,4388,43703,20918,66666,32645,111450,586635,585504,15352,16483,0,0,0,0,0,0,0,0,0,0,0,0,0,0,0,0,-5681.0,20902.0,-20785.0,1770.0,-1421.0,188.0,-429.0,8351.0,372.0,-17283.0,16408.0,-11020.0,-5500.0,-7907.0,-181.0,2226.0,100.0,56.9,52.6,1.8,5.0,4.9,0.7,7.3,3.5,11.1,5.4,18.5,97.4,97.3,2.6,2.7,100.0,56.9,52.6,1.8,5.0,4.9,0.7,7.3,3.5,11.1,5.4,18.5,97.4,97.3,2.6,2.7,100.0,0.0,0.0,0.0,0.0,0.0,0.0,0.0,0.0,0.0,0.0,0.0,0.0,0.0,0.0,0.0,126,45.0,43.0,5.0,10.0,16.0,6.0,13.0,15.0,18,21.0,36,118,114,126,45.0,43.0,5.0,10.0,16.0,6.0,13.0,15.0,18,21.0,36,118,114,0,0,0,0,0,0,0,0,0,0,0,0,0,0,32.4,34.1,45.8,48.4,24.6,25.3,32.8,34.1,32.4,34.1,45.8,48.4,24.6,25.3,32.8,34.1,0.0,0.0,0.0,0.0,0.0,0.0,0.0,0.0,"(CONTRACTS OF 1,000 BARRELS)",N10,CRUDE OIL,PETROLEUM AND PRODUCTS,NATURAL RESOURCES,FutOnly
231024067411F,"CRUDE OIL, LIGHT SWEET-WTI - ICE FUTURES EUROPE",2023-10-24T00:00:00.000,2023 Report Week 43,"CRUDE OIL, LIGHT SWEET-WTI",67411,ICEU,NYC,67,CRUDE OIL,578470,324884,310382,11746,24286,33239,4792,41927,19414,68041,32938,102994,565110,565180,13360,13290,578470,324884,310382,11746,24286,33239,4792,41927,19414,68041,32938,102994,565110,565180,13360,13290,0,0,0,0,0,0,0,0,0,0,0,0,0,0,0,0,-23517.0,-17465.0,-6468.0,655.0,-5879.0,3466.0,404.0,-1776.0,-1504.0,1375.0,293.0,-8456.0,-21525.0,-20324.0,-1992.0,-3193.0,100.0,56.2,53.7,2.0,4.2,5.7,0.8,7.2,3.4,11.8,5.7,17.8,97.7,97.7,2.3,2.3,100.0,56.2,53.7,2.0,4.2,5.7,0.8,7.2,3.4,11.8,5.7,17.8,97.7,97.7,2.3,2.3,100.0,0.0,0.0,0.0,0.0,0.0,0.0,0.0,0.0,0.0,0.0,0.0,0.0,0.0,0.0,0.0,126,42.0,43.0,5.0,11.0,16.0,7.0,9.0,12.0,17,22.0,37,114,113,126,42.0,43.0,5.0,11.0,16.0,7.0,9.0,12.0,17,22.0,37,114,113,0,0,0,0,0,0,0,0,0,0,0,0,0,0,32.5,33.3,45.7,48.0,24.6,26.1,32.5,34.6,32.5,33.3,45.7,48.0,24.6,26.1,32.5,34.6,0.0,0.0,0.0,0.0,0.0,0.0,0.0,0.0,"(CONTRACTS OF 1,000 BARRELS)",N10,CRUDE OIL,PETROLEUM AND PRODUCTS,NATURAL RESOURCES,FutOnly
231031067411F,"CRUDE OIL, LIGHT SWEET-WTI - ICE FUTURES EUROPE",2023-10-31T00:00:00.000,2023 Report Week 44,"CRUDE OIL, LIGHT SWEET-WTI",67411,ICEU,NYC,67,CRUDE OIL,589111,342339,302222,10823,28203,31035,3071,39113,25068,59646,44876,104865,576847,575382,12264,13729,589111,342339,302222,10823,28203,31035,3071,39113,25068,59646,44876,104865,576847,575382,12264,13729,0,0,0,0,0,0,0,0,0,0,0,0,0,0,0,0,10641.0,17455.0,-8160.0,-923.0,3917.0,-2204.0,-1721.0,-2814.0,5654.0,-8395.0,11938.0,1871.0,11737.0,10202.0,-1096.0,439.0,100.0,58.1,51.3,1.8,4.8,5.3,0.5,6.6,4.3,10.1,7.6,17.8,97.9,97.7,2.1,2.3,100.0,58.1,51.3,1.8,4.8,5.3,0.5,6.6,4.3,10.1,7.6,17.8,97.9,97.7,2.1,2.3,100.0,0.0,0.0,0.0,0.0,0.0,0.0,0.0,0.0,0.0,0.0,0.0,0.0,0.0,0.0,0.0,127,44.0,47.0,6.0,10.0,16.0,6.0,9.0,14.0,15,25.0,37,117,116,127,44.0,47.0,6.0,10.0,16.0,6.0,9.0,14.0,15,25.0,37,117,116,0,0,0,0,0,0,0,0,0,0,0,0,0,0,32.5,33.8,45.6,48.8,24.3,25.1,32.6,34.2,32.5,33.8,45.6,48.8,24.3,25.1,32.6,34.2,0.0,0.0,0.0,0.0,0.0,0.0,0.0,0.0,"(CONTRACTS OF 1,000 BARRELS)",N10,CRUDE OIL,PETROLEUM AND PRODUCTS,NATURAL RESOURCES,FutOnly
231107067411F,"CRUDE OIL, LIGHT SWEET-WTI - ICE FUTURES EUROPE",2023-11-07T00:00:00.000,2023 Report Week 45,"CRUDE OIL, LIGHT SWEET-WTI",67411,ICEU,NYC,67,CRUDE OIL,596499,349251,297695,9034,40270,30580,2061,47033,23689,61692,38265,106632,582939,584164,13560,12335,596499,349251,297695,9034,40270,30580,2061,47033,23689,61692,38265,106632,582939,584164,13560,12335,0,0,0,0,0,0,0,0,0,0,0,0,0,0,0,0,7388.0,6912.0,-4527.0,-1789.0,12067.0,-455.0,-1010.0,7920.0,-1379.0,2046.0,-6611.0,1767.0,6092.0,8782.0,1296.0,-1394.0,100.0,58.6,49.9,1.5,6.8,5.1,0.3,7.9,4.0,10.3,6.4,17.9,97.7,97.9,2.3,2.1,100.0,58.6,49.9,1.5,6.8,5.1,0.3,7.9,4.0,10.3,6.4,17.9,97.7,97.9,2.3,2.1,100.0,0.0,0.0,0.0,0.0,0.0,0.0,0.0,0.0,0.0,0.0,0.0,0.0,0.0,0.0,0.0,127,43.0,45.0,5.0,11.0,17.0,4.0,11.0,12.0,15,29.0,38,115,118,127,43.0,45.0,5.0,11.0,17.0,4.0,11.0,12.0,15,29.0,38,115,118,0,0,0,0,0,0,0,0,0,0,0,0,0,0,32.4,33.1,46.7,48.0,25.7,25.5,34.8,32.7,32.4,33.1,46.7,48.0,25.7,25.5,34.8,32.7,0.0,0.0,0.0,0.0,0.0,0.0,0.0,0.0,"(CONTRACTS OF 1,000 BARRELS)",N10,CRUDE OIL,PETROLEUM AND PRODUCTS,NATURAL RESOURCES,FutOnly
231114067411F,"CRUDE OIL, LIGHT SWEET-WTI - ICE FUTURES EUROPE",2023-11-14T00:00:00.000,2023 Report Week 46,"CRUDE OIL, LIGHT SWEET-WTI",67411,ICEU,NYC,67,CRUDE OIL,612369,360522,298713,7441,48966,25827,3107,50314,24305,62181,35905,115944,599327,599974,13042,12395,612369,360522,298713,7441,48966,25827,3107,50314,24305,62181,35905,115944,599327,599974,13042,12395,0,0,0,0,0,0,0,0,0,0,0,0,0,0,0,0,15870.0,11271.0,1018.0,-1593.0,8696.0,-4753.0,1046.0,3281.0,616.0,489.0,-2360.0,9312.0,16388.0,15810.0,-518.0,60.0,100.0,58.9,48.8,1.2,8.0,4.2,0.5,8.2,4.0,10.2,5.9,18.9,97.9,98.0,2.1,2.0,100.0,58.9,48.8,1.2,8.0,4.2,0.5,8.2,4.0,10.2,5.9,18.9,97.9,98.0,2.1,2.0,100.0,0.0,0.0,0.0,0.0,0.0,0.0,0.0,0.0,0.0,0.0,0.0,0.0,0.0,0.0,0.0,122,39.0,41.0,5.0,11.0,17.0,5.0,10.0,12.0,16,27.0,39,113,113,122,39.0,41.0,5.0,11.0,17.0,5.0,10.0,12.0,16,27.0,39,113,113,0,0,0,0,0,0,0,0,0,0,0,0,0,0,32.3,33.5,47.6,48.0,25.1,26.9,35.0,33.5,32.3,33.5,47.6,48.0,25.1,26.9,35.0,33.5,0.0,0.0,0.0,0.0,0.0,0.0,0.0,0.0,"(CONTRACTS OF 1,000 BARRELS)",N10,CRUDE OIL,PETROLEUM AND PRODUCTS,NATURAL RESOURCES,FutOnly
231121067411F,"CRUDE OIL, LIGHT SWEET-WTI - ICE FUTURES EUROPE",2023-11-21T00:00:00.000,2023 Report Week 47,"CRUDE OIL, LIGHT SWEET-WTI",67411,ICEU,NYC,67,CRUDE OIL,562070,333514,281638,4153,42181,22431,3327,39914,23127,58769,32297,104013,549334,545601,12736,16469,562070,333514,281638,4153,42181,22431,3327,39914,23127,58769,32297,104013,549334,545601,12736,16469,0,0,0,0,0,0,0,0,0,0,0,0,0,0,0,0,-50299.0,-27008.0,-17075.0,-3288.0,-6785.0,-3396.0,220.0,-10400.0,-1178.0,-3412.0,-3608.0,-11931.0,-49993.0,-54373.0,-306.0,4074.0,100.0,59.3,50.1,0.7,7.5,4.0,0.6,7.1,4.1,10.5,5.7,18.5,97.7,97.1,2.3,2.9,100.0,59.3,50.1,0.7,7.5,4.0,0.6,7.1,4.1,10.5,5.7,18.5,97.7,97.1,2.3,2.9,100.0,0.0,0.0,0.0,0.0,0.0,0.0,0.0,0.0,0.0,0.0,0.0,0.0,0.0,0.0,0.0,110,37.0,36.0,5.0,10.0,15.0,5.0,9.0,9.0,14,23.0,34,103,98,110,37.0,36.0,5.0,10.0,15.0,5.0,9.0,9.0,14,23.0,34,103,98,0,0,0,0,0,0,0,0,0,0,0,0,0,0,34.7,36.7,51.9,52.2,28.6,29.9,39.3,38.3,34.7,36.7,51.9,52.2,28.6,29.9,39.3,38.3,0.0,0.0,0.0,0.0,0.0,0.0,0.0,0.0,"(CONTRACTS OF 1,000 BARRELS)",N10,CRUDE OIL,PETROLEUM AND PRODUCTS,NATURAL RESOURCES,FutOnly
231128067411F,"CRUDE OIL, LIGHT SWEET-WTI - ICE FUTURES EUROPE",2023-11-28T00:00:00.000,2023 Report Week 48,"CRUDE OIL, LIGHT SWEET-WTI",67411,ICEU,NYC,67,CRUDE OIL,587653,342417,289309,4642,46182,23978,3949,41824,24955,59063,30541,116061,575065,572850,12588,14803,587653,342417,289309,4642,46182,23978,3949,41824,24955,59063,30541,116061,575065,572850,12588,14803,0,0,0,0,0,0,0,0,0,0,0,0,0,0,0,0,25583.0,8903.0,7671.0,489.0,4001.0,1547.0,622.0,1910.0,1828.0,294.0,-1756.0,12048.0,25731.0,27249.0,-148.0,-1666.0,100.0,58.3,49.2,0.8,7.9,4.1,0.7,7.1,4.2,10.1,5.2,19.7,97.9,97.5,2.1,2.5,100.0,58.3,49.2,0.8,7.9,4.1,0.7,7.1,4.2,10.1,5.2,19.7,97.9,97.5,2.1,2.5,100.0,0.0,0.0,0.0,0.0,0.0,0.0,0.0,0.0,0.0,0.0,0.0,0.0,0.0,0.0,0.0,114,38.0,39.0,4.0,11.0,15.0,6.0,9.0,12.0,14,23.0,36,108,103,114,38.0,39.0,4.0,11.0,15.0,6.0,9.0,12.0,14,23.0,36,108,103,0,0,0,0,0,0,0,0,0,0,0,0,0,0,34.2,35.0,50.9,50.5,28.1,28.4,37.0,36.2,34.2,35.0,50.9,50.5,28.1,28.4,37.0,36.2,0.0,0.0,0.0,0.0,0.0,0.0,0.0,0.0,"(CONTRACTS OF 1,000 BARRELS)",N10,CRUDE OIL,PETROLEUM AND PRODUCTS,NATURAL RESOURCES,FutOnly
231205067411F,"CRUDE OIL, LIGHT SWEET-WTI - ICE FUTURES EUROPE",2023-12-05T00:00:00.000,2023 Report Week 49,"CRUDE OIL, LIGHT SWEET-WTI",67411,ICEU,NYC,67,CRUDE OIL,594106,335357,289345,4593,46850,27771,3680,45555,29560,69289,26391,113395,583645,578867,10461,15239,594106,335357,289345,4593,46850,27771,3680,45555,29560,69289,26391,113395,583645,578867,10461,15239,0,0,0,0,0,0,0,0,0,0,0,0,0,0,0,0,6453.0,-7060.0,36.0,-49.0,668.0,3793.0,-269.0,3731.0,4605.0,10226.0,-4150.0,-2666.0,8580.0,6017.0,-2127.0,436.0,100.0,56.4,48.7,0.8,7.9,4.7,0.6,7.7,5.0,11.7,4.4,19.1,98.2,97.4,1.8,2.6,100.0,56.4,48.7,0.8,7.9,4.7,0.6,7.7,5.0,11.7,4.4,19.1,98.2,97.4,1.8,2.6,100.0,0.0,0.0,0.0,0.0,0.0,0.0,0.0,0.0,0.0,0.0,0.0,0.0,0.0,0.0,0.0,115,40.0,40.0,4.0,11.0,15.0,6.0,9.0,13.0,13,24.0,34,110,103,115,40.0,40.0,4.0,11.0,15.0,6.0,9.0,13.0,13,24.0,34,110,103,0,0,0,0,0,0,0,0,0,0,0,0,0,0,34.4,33.8,50.7,49.2,28.0,27.5,37.9,36.0,34.4,33.8,50.7,49.2,28.0,27.5,37.9,36.0,0.0,0.0,0.0,0.0,0.0,0.0,0.0,0.0,"(CONTRACTS OF 1,000 BARRELS)",N10,CRUDE OIL,PETROLEUM AND PRODUCTS,NATURAL RESOURCES,FutOnly
231212067411F,"CRUDE OIL, LIGHT SWEET-WTI - ICE FUTURES EUROPE",2023-12-12T00:00:00.000,2023 Report Week 50,"CRUDE OIL, LIGHT SWEET-WTI",67411,ICEU,NYC,67,CRUDE OIL,600293,329211,295221,4158,46978,29408,3444,47613,29182,79551,24783,113425,588379,586610,11914,13683,600293,329211,295221,4158,46978,29408,3444,47613,29182,79551,24783,113425,588379,586610,11914,13683,0,0,0,0,0,0,0,0,0,0,0,0,0,0,0,0,6187.0,-6146.0,5876.0,-435.0,128.0,1637.0,-236.0,2058.0,-378.0,10262.0,-1608.0,30.0,4734.0,7743.0,1453.0,-1556.0,100.0,54.8,49.2,0.7,7.8,4.9,0.6,7.9,4.9,13.3,4.1,18.9,98.0,97.7,2.0,2.3,100.0,54.8,49.2,0.7,7.8,4.9,0.6,7.9,4.9,13.3,4.1,18.9,98.0,97.7,2.0,2.3,100.0,0.0,0.0,0.0,0.0,0.0,0.0,0.0,0.0,0.0,0.0,0.0,0.0,0.0,0.0,0.0,114,39.0,39.0,4.0,11.0,15.0,6.0,7.0,12.0,14,24.0,36,109,103,114,39.0,39.0,4.0,11.0,15.0,6.0,7.0,12.0,14,24.0,36,109,103,0,0,0,0,0,0,0,0,0,0,0,0,0,0,34.7,32.0,50.2,46.9,27.4,25.6,38.5,33.7,34.7,32.0,50.2,46.9,27.4,25.6,38.5,33.7,0.0,0.0,0.0,0.0,0.0,0.0,0.0,0.0,"(CONTRACTS OF 1,000 BARRELS)",N10,CRUDE OIL,PETROLEUM AND PRODUCTS,NATURAL RESOURCES,FutOnly
231219067411F,"CRUDE OIL, LIGHT SWEET-WTI - ICE FUTURES EUROPE",2023-12-19T00:00:00.000,2023 Report Week 51,"CRUDE OIL, LIGHT SWEET-WTI",67411,ICEU,NYC,67,CRUDE OIL,558534,301168,279194,17369,46925,22236,8397,51212,19946,67547,17047,110054,546717,546614,11817,11920,558534,301168,279194,17369,46925,22236,8397,51212,19946,67547,17047,110054,546717,546614,11817,11920,0,0,0,0,0,0,0,0,0,0,0,0,0,0,0,0,-41759.0,-28043.0,-16027.0,13211.0,-53.0,-7172.0,4953.0,3599.0,-9236.0,-12004.0,-7736.0,-3371.0,-41662.0,-39996.0,-97.0,-1763.0,100.0,53.9,50.0,3.1,8.4,4.0,1.5,9.2,3.6,12.1,3.1,19.7,97.9,97.9,2.1,2.1,100.0,53.9,50.0,3.1,8.4,4.0,1.5,9.2,3.6,12.1,3.1,19.7,97.9,97.9,2.1,2.1,100.0,0.0,0.0,0.0,0.0,0.0,0.0,0.0,0.0,0.0,0.0,0.0,0.0,0.0,0.0,0.0,115,40.0,39.0,5.0,10.0,14.0,6.0,8.0,11.0,17,18.0,34,108,100,115,40.0,39.0,5.0,10.0,14.0,6.0,8.0,11.0,17,18.0,34,108,100,0,0,0,0,0,0,0,0,0,0,0,0,0,0,34.6,34.8,49.6,49.4,26.5,27.2,37.7,36.1,34.6,34.8,49.6,49.4,26.5,27.2,37.7,36.1,0.0,0.0,0.0,0.0,0.0,0.0,0.0,0.0,"(CONTRACTS OF 1,000 BARRELS)",N10,CRUDE OIL,PETROLEUM AND PRODUCTS,NATURAL RESOURCES,FutOnly
231226067411F,"CRUDE OIL, LIGHT SWEET-WTI - ICE FUTURES EUROPE",2023-12-26T00:00:00.000,2023 Report Week 52,"CRUDE OIL, LIGHT SWEET-WTI",67411,ICEU,NYC,67,CRUDE OIL,557199,296915,279240,18030,46072,20082,8341,50940,21538,70443,18669,109599,544948,546140,12251,11059,557199,296915,279240,18030,46072,20082,8341,50940,21538,70443,18669,109599,544948,546140,12251,11059,0,0,0,0,0,0,0,0,0,0,0,0,0,0,0,0,-1335.0,-4253.0,46.0,661.0,-853.0,-2154.0,-56.0,-272.0,1592.0,2896.0,1622.0,-455.0,-1769.0,-474.0,434.0,-861.0,100.0,53.3,50.1,3.2,8.3,3.6,1.5,9.1,3.9,12.6,3.4,19.7,97.8,98.0,2.2,2.0,100.0,53.3,50.1,3.2,8.3,3.6,1.5,9.1,3.9,12.6,3.4,19.7,97.8,98.0,2.2,2.0,100.0,0.0,0.0,0.0,0.0,0.0,0.0,0.0,0.0,0.0,0.0,0.0,0.0,0.0,0.0,0.0,115,38.0,39.0,5.0,10.0,14.0,5.0,8.0,11.0,17,19.0,34,106,100,115,38.0,39.0,5.0,10.0,14.0,5.0,8.0,11.0,17,19.0,34,106,100,0,0,0,0,0,0,0,0,0,0,0,0,0,0,35.4,34.6,49.7,49.5,26.8,26.7,37.9,35.8,35.4,34.6,49.7,49.5,26.8,26.7,37.9,35.8,0.0,0.0,0.0,0.0,0.0,0.0,0.0,0.0,"(CONTRACTS OF 1,000 BARRELS)",N10,CRUDE OIL,PETROLEUM AND PRODUCTS,NATURAL RESOURCES,FutOnly
240102067411F,"CRUDE OIL, LIGHT SWEET-WTI - ICE FUTURES EUROPE",2024-01-02T00:00:00.000,2024 Report Week 01,"CRUDE OIL, LIGHT SWEET-WTI",67411,ICEU,NYC,67,CRUDE OIL,572387,305561,283938,19080,46720,22453,9426,48967,21539,63729,16968,117501,559289,558086,13098,14301,572387,305561,283938,19080,46720,22453,9426,48967,21539,63729,16968,117501,559289,558086,13098,14301,0,0,0,0,0,0,0,0,0,0,0,0,0,0,0,0,15188.0,8646.0,4698.0,1050.0,648.0,2371.0,1085.0,-1973.0,1.0,-6714.0,-1701.0,7902.0,14341.0,11946.0,847.0,3242.0,100.0,53.4,49.6,3.3,8.2,3.9,1.6,8.6,3.8,11.1,3.0,20.5,97.7,97.5,2.3,2.5,100.0,53.4,49.6,3.3,8.2,3.9,1.6,8.6,3.8,11.1,3.0,20.5,97.7,97.5,2.3,2.5,100.0,0.0,0.0,0.0,0.0,0.0,0.0,0.0,0.0,0.0,0.0,0.0,0.0,0.0,0.0,0.0,115,41.0,37.0,6.0,9.0,13.0,5.0,8.0,13.0,18,18.0,34,110,98,115,41.0,37.0,6.0,9.0,13.0,5.0,8.0,13.0,18,18.0,34,110,98,0,0,0,0,0,0,0,0,0,0,0,0,0,0,34.2,34.7,47.0,48.8,25.1,26.3,35.0,33.8,34.2,34.7,47.0,48.8,25.1,26.3,35.0,33.8,0.0,0.0,0.0,0.0,0.0,0.0,0.0,0.0,"(CONTRACTS OF 1,000 BARRELS)",N10,CRUDE OIL,PETROLEUM AND PRODUCTS,NATURAL RESOURCES,FutOnly
240109067411F,"CRUDE OIL, LIGHT SWEET-WTI - ICE FUTURES EUROPE",2024-01-09T00:00:00.000,2024 Report Week 02,"CRUDE OIL, LIGHT SWEET-WTI",67411,ICEU,NYC,67,CRUDE OIL,584069,303816,284640,19766,49066,23095,5206,50335,28522,74400,16242,114636,569441,566536,14628,17533,584069,303816,284640,19766,49066,23095,5206,50335,28522,74400,16242,114636,569441,566536,14628,17533,0,0,0,0,0,0,0,0,0,0,0,0,0,0,0,0,11682.0,-1745.0,702.0,686.0,2346.0,642.0,-4220.0,1368.0,6983.0,10671.0,-726.0,-2865.0,10152.0,8450.0,1530.0,3232.0,100.0,52.0,48.7,3.4,8.4,4.0,0.9,8.6,4.9,12.7,2.8,19.6,97.5,97.0,2.5,3.0,100.0,52.0,48.7,3.4,8.4,4.0,0.9,8.6,4.9,12.7,2.8,19.6,97.5,97.0,2.5,3.0,100.0,0.0,0.0,0.0,0.0,0.0,0.0,0.0,0.0,0.0,0.0,0.0,0.0,0.0,0.0,0.0,110,40.0,36.0,5.0,10.0,13.0,4.0,8.0,12.0,17,17.0,32,105,94,110,40.0,36.0,5.0,10.0,13.0,4.0,8.0,12.0,17,17.0,32,105,94,0,0,0,0,0,0,0,0,0,0,0,0,0,0,34.7,33.7,48.3,48.4,26.3,25.7,36.1,33.4,34.7,33.7,48.3,48.4,26.3,25.7,36.1,33.4,0.0,0.0,0.0,0.0,0.0,0.0,0.0,0.0,"(CONTRACTS OF 1,000 BARRELS)",N10,CRUDE OIL,PETROLEUM AND PRODUCTS,NATURAL RESOURCES,FutOnly
240116067411F,"CRUDE OIL, LIGHT SWEET-WTI - ICE FUTURES EUROPE",2024-01-16T00:00:00.000,2024 Report Week 03,"CRUDE OIL, LIGHT SWEET-WTI",67411,ICEU,NYC,67,CRUDE OIL,623387,324876,303389,21696,50291,23515,3010,51760,34694,75905,17112,125699,609395,606460,13992,16927,623387,324876,303389,21696,50291,23515,3010,51760,34694,75905,17112,125699,609395,606460,13992,16927,0,0,0,0,0,0,0,0,0,0,0,0,0,0,0,0,39318.0,21060.0,18749.0,1930.0,1225.0,420.0,-2196.0,1425.0,6172.0,1505.0,870.0,11063.0,39954.0,39924.0,-636.0,-606.0,100.0,52.1,48.7,3.5,8.1,3.8,0.5,8.3,5.6,12.2,2.7,20.2,97.8,97.3,2.2,2.7,100.0,52.1,48.7,3.5,8.1,3.8,0.5,8.3,5.6,12.2,2.7,20.2,97.8,97.3,2.2,2.7,100.0,0.0,0.0,0.0,0.0,0.0,0.0,0.0,0.0,0.0,0.0,0.0,0.0,0.0,0.0,0.0,116,43.0,40.0,5.0,10.0,15.0,,10.0,13.0,16,20.0,33,111,101,116,43.0,40.0,5.0,10.0,15.0,,10.0,13.0,16,20.0,33,111,101,0,0,0,0,0,0,0,0,0,0,0,0,0,0,34.1,32.4,48.8,47.3,26.3,23.8,35.8,30.9,34.1,32.4,48.8,47.3,26.3,23.8,35.8,30.9,0.0,0.0,0.0,0.0,0.0,0.0,0.0,0.0,"(CONTRACTS OF 1,000 BARRELS)",N10,CRUDE OIL,PETROLEUM AND PRODUCTS,NATURAL RESOURCES,FutOnly
240123067411F,"CRUDE OIL, LIGHT SWEET-WTI - ICE FUTURES EUROPE",2024-01-23T00:00:00.000,2024 Report Week 04,"CRUDE OIL, LIGHT SWEET-WTI",67411,ICEU,NYC,67,CRUDE OIL,597807,292847,309146,21524,41853,26895,10907,47489,24571,85890,12042,121577,584211,583573,13596,14234,597807,292847,309146,21524,41853,26895,10907,47489,24571,85890,12042,121577,584211,583573,13596,14234,0,0,0,0,0,0,0,0,0,0,0,0,0,0,0,0,-25580.0,-32029.0,5757.0,-172.0,-8438.0,3380.0,7897.0,-4271.0,-10123.0,9985.0,-5070.0,-4122.0,-25184.0,-22887.0,-396.0,-2693.0,100.0,49.0,51.7,3.6,7.0,4.5,1.8,7.9,4.1,14.4,2.0,20.3,97.7,97.6,2.3,2.4,100.0,49.0,51.7,3.6,7.0,4.5,1.8,7.9,4.1,14.4,2.0,20.3,97.7,97.6,2.3,2.4,100.0,0.0,0.0,0.0,0.0,0.0,0.0,0.0,0.0,0.0,0.0,0.0,0.0,0.0,0.0,0.0,123,43.0,44.0,5.0,10.0,13.0,6.0,12.0,11.0,18,20.0,32,110,107,123,43.0,44.0,5.0,10.0,13.0,6.0,12.0,11.0,18,20.0,32,110,107,0,0,0,0,0,0,0,0,0,0,0,0,0,0,35.9,31.1,48.2,46.2,25.8,23.0,35.8,31.6,35.9,31.1,48.2,46.2,25.8,23.0,35.8,31.6,0.0,0.0,0.0,0.0,0.0,0.0,0.0,0.0,"(CONTRACTS OF 1,000 BARRELS)",N10,CRUDE OIL,PETROLEUM AND PRODUCTS,NATURAL RESOURCES,FutOnly
240130067411F,"CRUDE OIL, LIGHT SWEET-WTI - ICE FUTURES EUROPE",2024-01-30T00:00:00.000,2024 Report Week 05,"CRUDE OIL, LIGHT SWEET-WTI",67411,ICEU,NYC,67,CRUDE OIL,603073,293103,319206,20185,40442,28123,8893,43416,26723,86291,8353,125934,589252,592197,13821,10876,603073,293103,319206,20185,40442,28123,8893,43416,26723,86291,8353,125934,589252,592197,13821,10876,0,0,0,0,0,0,0,0,0,0,0,0,0,0,0,0,5266.0,256.0,10060.0,-1339.0,-1411.0,1228.0,-2014.0,-4073.0,2152.0,401.0,-3689.0,4357.0,5041.0,8624.0,225.0,-3358.0,100.0,48.6,52.9,3.3,6.7,4.7,1.5,7.2,4.4,14.3,1.4,20.9,97.7,98.2,2.3,1.8,100.0,48.6,52.9,3.3,6.7,4.7,1.5,7.2,4.4,14.3,1.4,20.9,97.7,98.2,2.3,1.8,100.0,0.0,0.0,0.0,0.0,0.0,0.0,0.0,0.0,0.0,0.0,0.0,0.0,0.0,0.0,0.0,123,43.0,45.0,6.0,10.0,13.0,6.0,12.0,11.0,19,18.0,33,110,109,123,43.0,45.0,6.0,10.0,13.0,6.0,12.0,11.0,19,18.0,33,110,109,0,0,0,0,0,0,0,0,0,0,0,0,0,0,35.9,30.6,47.2,46.4,25.4,22.0,34.1,31.3,35.9,30.6,47.2,46.4,25.4,22.0,34.1,31.3,0.0,0.0,0.0,0.0,0.0,0.0,0.0,0.0,"(CONTRACTS OF 1,000 BARRELS)",N10,CRUDE OIL,PETROLEUM AND PRODUCTS,NATURAL RESOURCES,FutOnly
240206067411F,"CRUDE OIL, LIGHT SWEET-WTI - ICE FUTURES EUROPE",2024-02-06T00:00:00.000,2024 Report Week 06,"CRUDE OIL, LIGHT SWEET-WTI",67411,ICEU,NYC,67,CRUDE OIL,619955,310277,322727,20962,40092,26006,8346,49065,27363,78853,8123,133782,605589,607158,14366,12797,619955,310277,322727,20962,40092,26006,8346,49065,27363,78853,8123,133782,605589,607158,14366,12797,0,0,0,0,0,0,0,0,0,0,0,0,0,0,0,0,16882.0,17174.0,3521.0,777.0,-350.0,-2117.0,-547.0,5649.0,640.0,-7438.0,-230.0,7848.0,16337.0,14961.0,545.0,1921.0,100.0,50.0,52.1,3.4,6.5,4.2,1.3,7.9,4.4,12.7,1.3,21.6,97.7,97.9,2.3,2.1,100.0,50.0,52.1,3.4,6.5,4.2,1.3,7.9,4.4,12.7,1.3,21.6,97.7,97.9,2.3,2.1,100.0,0.0,0.0,0.0,0.0,0.0,0.0,0.0,0.0,0.0,0.0,0.0,0.0,0.0,0.0,0.0,129,47.0,48.0,6.0,11.0,14.0,6.0,13.0,12.0,23,16.0,35,117,116,129,47.0,48.0,6.0,11.0,14.0,6.0,13.0,12.0,23,16.0,35,117,116,0,0,0,0,0,0,0,0,0,0,0,0,0,0,34.9,30.5,45.8,45.5,23.8,20.9,32.5,30.1,34.9,30.5,45.8,45.5,23.8,20.9,32.5,30.1,0.0,0.0,0.0,0.0,0.0,0.0,0.0,0.0,"(CONTRACTS OF 1,000 BARRELS)",N10,CRUDE OIL,PETROLEUM AND PRODUCTS,NATURAL RESOURCES,FutOnly
240213067411F,"CRUDE OIL, LIGHT SWEET-WTI - ICE FUTURES EUROPE",2024-02-13T00:00:00.000,2024 Report Week 07,"CRUDE OIL, LIGHT SWEET-WTI",67411,ICEU,NYC,67,CRUDE OIL,613065,303373,322615,19309,38478,28620,9223,46159,28575,82899,7460,127635,599634,599542,13431,13523,613065,303373,322615,19309,38478,28620,9223,46159,28575,82899,7460,127635,599634,599542,13431,13523,0,0,0,0,0,0,0,0,0,0,0,0,0,0,0,0,-6890.0,-6904.0,-112.0,-1653.0,-1614.0,2614.0,877.0,-2906.0,1212.0,4046.0,-663.0,-6147.0,-5955.0,-7616.0,-935.0,726.0,100.0,49.5,52.6,3.1,6.3,4.7,1.5,7.5,4.7,13.5,1.2,20.8,97.8,97.8,2.2,2.2,100.0,49.5,52.6,3.1,6.3,4.7,1.5,7.5,4.7,13.5,1.2,20.8,97.8,97.8,2.2,2.2,100.0,0.0,0.0,0.0,0.0,0.0,0.0,0.0,0.0,0.0,0.0,0.0,0.0,0.0,0.0,0.0,127,43.0,45.0,6.0,11.0,14.0,6.0,13.0,12.0,25,15.0,35,114,113,127,43.0,45.0,6.0,11.0,14.0,6.0,13.0,12.0,25,15.0,35,114,113,0,0,0,0,0,0,0,0,0,0,0,0,0,0,35.3,30.5,46.7,45.6,23.8,21.4,33.0,30.6,35.3,30.5,46.7,45.6,23.8,21.4,33.0,30.6,0.0,0.0,0.0,0.0,0.0,0.0,0.0,0.0,"(CONTRACTS OF 1,000 BARRELS)",N10,CRUDE OIL,PETROLEUM AND PRODUCTS,NATURAL RESOURCES,FutOnly
240220067411F,"CRUDE OIL, LIGHT SWEET-WTI - ICE FUTURES EUROPE",2024-02-20T00:00:00.000,2024 Report Week 08,"CRUDE OIL, LIGHT SWEET-WTI",67411,ICEU,NYC,67,CRUDE OIL,545588,263015,294406,20510,34145,25262,12873,39060,25085,79609,7564,107676,534030,533198,11558,12390,545588,263015,294406,20510,34145,25262,12873,39060,25085,79609,7564,107676,534030,533198,11558,12390,0,0,0,0,0,0,0,0,0,0,0,0,0,0,0,0,-67477.0,-40358.0,-28209.0,1201.0,-4333.0,-3358.0,3650.0,-7099.0,-3490.0,-3290.0,104.0,-19959.0,-65604.0,-66344.0,-1873.0,-1133.0,100.0,48.2,54.0,3.8,6.3,4.6,2.4,7.2,4.6,14.6,1.4,19.7,97.9,97.7,2.1,2.3,100.0,48.2,54.0,3.8,6.3,4.6,2.4,7.2,4.6,14.6,1.4,19.7,97.9,97.7,2.1,2.3,100.0,0.0,0.0,0.0,0.0,0.0,0.0,0.0,0.0,0.0,0.0,0.0,0.0,0.0,0.0,0.0,130,47.0,47.0,8.0,7.0,13.0,6.0,13.0,13.0,25,15.0,35,118,114,130,47.0,47.0,8.0,7.0,13.0,6.0,13.0,13.0,25,15.0,35,118,114,0,0,0,0,0,0,0,0,0,0,0,0,0,0,37.1,31.1,48.0,46.8,26.9,23.1,35.3,34.3,37.1,31.1,48.0,46.8,26.9,23.1,35.3,34.3,0.0,0.0,0.0,0.0,0.0,0.0,0.0,0.0,"(CONTRACTS OF 1,000 BARRELS)",N10,CRUDE OIL,PETROLEUM AND PRODUCTS,NATURAL RESOURCES,FutOnly
240227067411F,"CRUDE OIL, LIGHT SWEET-WTI - ICE FUTURES EUROPE",2024-02-27T00:00:00.000,2024 Report Week 09,"CRUDE OIL, LIGHT SWEET-WTI",67411,ICEU,NYC,67,CRUDE OIL,553479,266045,303098,20422,32293,24510,14414,45945,24639,88936,7652,103084,542050,541221,11429,12258,553479,266045,303098,20422,32293,24510,14414,45945,24639,88936,7652,103084,542050,541221,11429,12258,0,0,0,0,0,0,0,0,0,0,0,0,0,0,0,0,7891.0,3030.0,8692.0,-88.0,-1852.0,-752.0,1541.0,6885.0,-446.0,9327.0,88.0,-4592.0,8020.0,8023.0,-129.0,-132.0,100.0,48.1,54.8,3.7,5.8,4.4,2.6,8.3,4.5,16.1,1.4,18.6,97.9,97.8,2.1,2.2,100.0,48.1,54.8,3.7,5.8,4.4,2.6,8.3,4.5,16.1,1.4,18.6,97.9,97.8,2.1,2.2,100.0,0.0,0.0,0.0,0.0,0.0,0.0,0.0,0.0,0.0,0.0,0.0,0.0,0.0,0.0,0.0,129,45.0,45.0,8.0,7.0,13.0,6.0,12.0,13.0,23,16.0,38,119,114,129,45.0,45.0,8.0,7.0,13.0,6.0,12.0,13.0,23,16.0,38,119,114,0,0,0,0,0,0,0,0,0,0,0,0,0,0,35.8,28.7,45.9,45.5,26.8,21.7,33.3,32.1,35.8,28.7,45.9,45.5,26.8,21.7,33.3,32.1,0.0,0.0,0.0,0.0,0.0,0.0,0.0,0.0,"(CONTRACTS OF 1,000 BARRELS)",N10,CRUDE OIL,PETROLEUM AND PRODUCTS,NATURAL RESOURCES,FutOnly
240305067411F,"CRUDE OIL, LIGHT SWEET-WTI - ICE FUTURES EUROPE",2024-03-05T00:00:00.000,2024 Report Week 10,"CRUDE OIL, LIGHT SWEET-WTI",67411,ICEU,NYC,67,CRUDE OIL,572853,261179,307095,22097,31852,30039,15241,41641,26734,87776,7001,116404,559470,560766,13383,12087,572853,261179,307095,22097,31852,30039,15241,41641,26734,87776,7001,116404,559470,560766,13383,12087,0,0,0,0,0,0,0,0,0,0,0,0,0,0,0,0,19374.0,-4866.0,3997.0,1675.0,-441.0,5529.0,827.0,-4304.0,2095.0,-1160.0,-651.0,13320.0,17420.0,19545.0,1954.0,-171.0,100.0,45.6,53.6,3.9,5.6,5.2,2.7,7.3,4.7,15.3,1.2,20.3,97.7,97.9,2.3,2.1,100.0,45.6,53.6,3.9,5.6,5.2,2.7,7.3,4.7,15.3,1.2,20.3,97.7,97.9,2.3,2.1,100.0,0.0,0.0,0.0,0.0,0.0,0.0,0.0,0.0,0.0,0.0,0.0,0.0,0.0,0.0,0.0,134,47.0,45.0,8.0,8.0,14.0,7.0,11.0,14.0,29,15.0,40,123,120,134,47.0,45.0,8.0,8.0,14.0,7.0,11.0,14.0,29,15.0,40,123,120,0,0,0,0,0,0,0,0,0,0,0,0,0,0,35.7,28.9,45.5,44.7,25.9,20.3,32.4,30.5,35.7,28.9,45.5,44.7,25.9,20.3,32.4,30.5,0.0,0.0,0.0,0.0,0.0,0.0,0.0,0.0,"(CONTRACTS OF 1,000 BARRELS)",N10,CRUDE OIL,PETROLEUM AND PRODUCTS,NATURAL RESOURCES,FutOnly
240312067411F,"CRUDE OIL, LIGHT SWEET-WTI - ICE FUTURES EUROPE",2024-03-12T00:00:00.000,2024 Report Week 11,"CRUDE OIL, LIGHT SWEET-WTI",67411,ICEU,NYC,67,CRUDE OIL,586254,281554,319680,21385,32337,37954,12339,37872,29136,84314,10076,102755,569437,569810,16817,16444,586254,281554,319680,21385,32337,37954,12339,37872,29136,84314,10076,102755,569437,569810,16817,16444,0,0,0,0,0,0,0,0,0,0,0,0,0,0,0,0,13401.0,20375.0,12585.0,-712.0,485.0,7915.0,-2902.0,-3769.0,2402.0,-3462.0,3075.0,-13649.0,9967.0,9044.0,3434.0,4357.0,100.0,48.0,54.5,3.6,5.5,6.5,2.1,6.5,5.0,14.4,1.7,17.5,97.1,97.2,2.9,2.8,100.0,48.0,54.5,3.6,5.5,6.5,2.1,6.5,5.0,14.4,1.7,17.5,97.1,97.2,2.9,2.8,100.0,0.0,0.0,0.0,0.0,0.0,0.0,0.0,0.0,0.0,0.0,0.0,0.0,0.0,0.0,0.0,128,46.0,44.0,8.0,8.0,14.0,6.0,12.0,13.0,25,15.0,36,119,113,128,46.0,44.0,8.0,8.0,14.0,6.0,12.0,13.0,25,15.0,36,119,113,0,0,0,0,0,0,0,0,0,0,0,0,0,0,32.9,26.8,42.8,41.5,23.7,19.9,30.2,29.9,32.9,26.8,42.8,41.5,23.7,19.9,30.2,29.9,0.0,0.0,0.0,0.0,0.0,0.0,0.0,0.0,"(CONTRACTS OF 1,000 BARRELS)",N10,CRUDE OIL,PETROLEUM AND PRODUCTS,NATURAL RESOURCES,FutOnly
240319067411F,"CRUDE OIL, LIGHT SWEET-WTI - ICE FUTURES EUROPE",2024-03-19T00:00:00.000,2024 Report Week 12,"CRUDE OIL, LIGHT SWEET-WTI",67411,ICEU,NYC,67,CRUDE OIL,578096,274996,325297,21209,29436,37622,13555,32464,26209,88645,10430,100552,562788,562010,15308,16086,578096,274996,325297,21209,29436,37622,13555,32464,26209,88645,10430,100552,562788,562010,15308,16086,0,0,0,0,0,0,0,0,0,0,0,0,0,0,0,0,-8158.0,-6558.0,5617.0,-176.0,-2901.0,-332.0,1216.0,-5408.0,-2927.0,4331.0,354.0,-2203.0,-6649.0,-7800.0,-1509.0,-358.0,100.0,47.6,56.3,3.7,5.1,6.5,2.3,5.6,4.5,15.3,1.8,17.4,97.4,97.2,2.6,2.8,100.0,47.6,56.3,3.7,5.1,6.5,2.3,5.6,4.5,15.3,1.8,17.4,97.4,97.2,2.6,2.8,100.0,0.0,0.0,0.0,0.0,0.0,0.0,0.0,0.0,0.0,0.0,0.0,0.0,0.0,0.0,0.0,130,48.0,45.0,7.0,8.0,14.0,5.0,12.0,11.0,24,18.0,36,117,115,130,48.0,45.0,7.0,8.0,14.0,5.0,12.0,11.0,24,18.0,36,117,115,0,0,0,0,0,0,0,0,0,0,0,0,0,0,31.8,26.6,42.0,40.9,22.1,19.4,28.7,28.7,31.8,26.6,42.0,40.9,22.1,19.4,28.7,28.7,0.0,0.0,0.0,0.0,0.0,0.0,0.0,0.0,"(CONTRACTS OF 1,000 BARRELS)",N10,CRUDE OIL,PETROLEUM AND PRODUCTS,NATURAL RESOURCES,FutOnly
240326067411F,"CRUDE OIL, LIGHT SWEET-WTI - ICE FUTURES EUROPE",2024-03-26T00:00:00.000,2024 Report Week 13,"CRUDE OIL, LIGHT SWEET-WTI",67411,ICEU,NYC,67,CRUDE OIL,569734,282393,319032,19134,25938,35419,10420,31441,27514,79809,14332,98561,553250,552237,16484,17497,569734,282393,319032,19134,25938,35419,10420,31441,27514,79809,14332,98561,553250,552237,16484,17497,0,0,0,0,0,0,0,0,0,0,0,0,0,0,0,0,-8362.0,7397.0,-6265.0,-2075.0,-3498.0,-2203.0,-3135.0,-1023.0,1305.0,-8836.0,3902.0,-1991.0,-9538.0,-9773.0,1176.0,1411.0,100.0,49.6,56.0,3.4,4.6,6.2,1.8,5.5,4.8,14.0,2.5,17.3,97.1,96.9,2.9,3.1,100.0,49.6,56.0,3.4,4.6,6.2,1.8,5.5,4.8,14.0,2.5,17.3,97.1,96.9,2.9,3.1,100.0,0.0,0.0,0.0,0.0,0.0,0.0,0.0,0.0,0.0,0.0,0.0,0.0,0.0,0.0,0.0,126,48.0,46.0,7.0,8.0,14.0,6.0,13.0,13.0,22,15.0,31,115,111,126,48.0,46.0,7.0,8.0,14.0,6.0,13.0,13.0,22,15.0,31,115,111,0,0,0,0,0,0,0,0,0,0,0,0,0,0,32.3,26.6,42.8,40.9,22.5,18.6,28.5,27.1,32.3,26.6,42.8,40.9,22.5,18.6,28.5,27.1,0.0,0.0,0.0,0.0,0.0,0.0,0.0,0.0,"(CONTRACTS OF 1,000 BARRELS)",N10,CRUDE OIL,PETROLEUM AND PRODUCTS,NATURAL RESOURCES,FutOnly
240402067411F,"CRUDE OIL, LIGHT SWEET-WTI - ICE FUTURES EUROPE",2024-04-02T00:00:00.000,2024 Report Week 14,"CRUDE OIL, LIGHT SWEET-WTI",67411,ICEU,NYC,67,CRUDE OIL,568166,296844,314529,17849,27895,31903,9540,32740,26909,75469,25243,95231,553745,554450,14421,13716,568166,296844,314529,17849,27895,31903,9540,32740,26909,75469,25243,95231,553745,554450,14421,13716,0,0,0,0,0,0,0,0,0,0,0,0,0,0,0,0,-1568.0,14451.0,-4503.0,-1285.0,1957.0,-3516.0,-880.0,1299.0,-605.0,-4340.0,10911.0,-3330.0,495.0,2213.0,-2063.0,-3781.0,100.0,52.2,55.4,3.1,4.9,5.6,1.7,5.8,4.7,13.3,4.4,16.8,97.5,97.6,2.5,2.4,100.0,52.2,55.4,3.1,4.9,5.6,1.7,5.8,4.7,13.3,4.4,16.8,97.5,97.6,2.5,2.4,100.0,0.0,0.0,0.0,0.0,0.0,0.0,0.0,0.0,0.0,0.0,0.0,0.0,0.0,0.0,0.0,132,52.0,48.0,7.0,8.0,14.0,7.0,12.0,14.0,24,17.0,34,123,117,132,52.0,48.0,7.0,8.0,14.0,7.0,12.0,14.0,24,17.0,34,123,117,0,0,0,0,0,0,0,0,0,0,0,0,0,0,31.1,25.6,41.4,39.7,22.4,18.6,28.8,26.9,31.1,25.6,41.4,39.7,22.4,18.6,28.8,26.9,0.0,0.0,0.0,0.0,0.0,0.0,0.0,0.0,"(CONTRACTS OF 1,000 BARRELS)",N10,CRUDE OIL,PETROLEUM AND PRODUCTS,NATURAL RESOURCES,FutOnly
240409067411F,"CRUDE OIL, LIGHT SWEET-WTI - ICE FUTURES EUROPE",2024-04-09T00:00:00.000,2024 Report Week 15,"CRUDE OIL, LIGHT SWEET-WTI",67411,ICEU,NYC,67,CRUDE OIL,571895,286400,306271,13647,29337,43327,10777,31559,26972,77475,20866,99251,557849,557583,14046,14312,571895,286400,306271,13647,29337,43327,10777,31559,26972,77475,20866,99251,557849,557583,14046,14312,0,0,0,0,0,0,0,0,0,0,0,0,0,0,0,0,3729.0,-10444.0,-8258.0,-4202.0,1442.0,11424.0,1237.0,-1181.0,63.0,2006.0,-4377.0,4020.0,4104.0,3133.0,-375.0,596.0,100.0,50.1,53.6,2.4,5.1,7.6,1.9,5.5,4.7,13.5,3.6,17.4,97.5,97.5,2.5,2.5,100.0,50.1,53.6,2.4,5.1,7.6,1.9,5.5,4.7,13.5,3.6,17.4,97.5,97.5,2.5,2.5,100.0,0.0,0.0,0.0,0.0,0.0,0.0,0.0,0.0,0.0,0.0,0.0,0.0,0.0,0.0,0.0,133,52.0,49.0,7.0,8.0,14.0,6.0,12.0,14.0,24,18.0,39,127,121,133,52.0,49.0,7.0,8.0,14.0,6.0,12.0,14.0,24,18.0,39,127,121,0,0,0,0,0,0,0,0,0,0,0,0,0,0,31.8,25.4,42.6,38.9,23.7,19.8,30.6,26.7,31.8,25.4,42.6,38.9,23.7,19.8,30.6,26.7,0.0,0.0,0.0,0.0,0.0,0.0,0.0,0.0,"(CONTRACTS OF 1,000 BARRELS)",N10,CRUDE OIL,PETROLEUM AND PRODUCTS,NATURAL RESOURCES,FutOnly
240416067411F,"CRUDE OIL, LIGHT SWEET-WTI - ICE FUTURES EUROPE",2024-04-16T00:00:00.000,2024 Report Week 16,"CRUDE OIL, LIGHT SWEET-WTI",67411,ICEU,NYC,67,CRUDE OIL,593161,296845,291124,14728,31788,48363,9621,33013,28953,65775,32733,115524,579809,581498,13352,11663,593161,296845,291124,14728,31788,48363,9621,33013,28953,65775,32733,115524,579809,581498,13352,11663,0,0,0,0,0,0,0,0,0,0,0,0,0,0,0,0,21266.0,10445.0,-15147.0,1081.0,2451.0,5036.0,-1156.0,1454.0,1981.0,-11700.0,11867.0,16273.0,21960.0,23915.0,-694.0,-2649.0,100.0,50.0,49.1,2.5,5.4,8.2,1.6,5.6,4.9,11.1,5.5,19.5,97.7,98.0,2.3,2.0,100.0,50.0,49.1,2.5,5.4,8.2,1.6,5.6,4.9,11.1,5.5,19.5,97.7,98.0,2.3,2.0,100.0,0.0,0.0,0.0,0.0,0.0,0.0,0.0,0.0,0.0,0.0,0.0,0.0,0.0,0.0,0.0,136,49.0,46.0,8.0,7.0,14.0,6.0,13.0,15.0,22,21.0,37,124,119,136,49.0,46.0,8.0,7.0,14.0,6.0,13.0,15.0,22,21.0,37,124,119,0,0,0,0,0,0,0,0,0,0,0,0,0,0,32.3,26.1,43.2,40.8,23.6,17.9,29.9,25.0,32.3,26.1,43.2,40.8,23.6,17.9,29.9,25.0,0.0,0.0,0.0,0.0,0.0,0.0,0.0,0.0,"(CONTRACTS OF 1,000 BARRELS)",N10,CRUDE OIL,PETROLEUM AND PRODUCTS,NATURAL RESOURCES,FutOnly
240423067411F,"CRUDE OIL, LIGHT SWEET-WTI - ICE FUTURES EUROPE",2024-04-23T00:00:00.000,2024 Report Week 17,"CRUDE OIL, LIGHT SWEET-WTI",67411,ICEU,NYC,67,CRUDE OIL,561069,282403,289053,17252,26001,49779,9182,33850,23917,69394,31118,97214,549141,550932,11928,10137,561069,282403,289053,17252,26001,49779,9182,33850,23917,69394,31118,97214,549141,550932,11928,10137,0,0,0,0,0,0,0,0,0,0,0,0,0,0,0,0,-32092.0,-14442.0,-2071.0,2524.0,-5787.0,1416.0,-439.0,837.0,-5036.0,3619.0,-1615.0,-18310.0,-30668.0,-30566.0,-1424.0,-1526.0,100.0,50.3,51.5,3.1,4.6,8.9,1.6,6.0,4.3,12.4,5.5,17.3,97.9,98.2,2.1,1.8,100.0,50.3,51.5,3.1,4.6,8.9,1.6,6.0,4.3,12.4,5.5,17.3,97.9,98.2,2.1,1.8,100.0,0.0,0.0,0.0,0.0,0.0,0.0,0.0,0.0,0.0,0.0,0.0,0.0,0.0,0.0,0.0,132,46.0,41.0,8.0,8.0,15.0,5.0,13.0,14.0,24,20.0,37,123,111,132,46.0,41.0,8.0,8.0,15.0,5.0,13.0,14.0,24,20.0,37,123,111,0,0,0,0,0,0,0,0,0,0,0,0,0,0,33.4,26.8,45.4,40.3,25.1,20.1,32.6,26.8,33.4,26.8,45.4,40.3,25.1,20.1,32.6,26.8,0.0,0.0,0.0,0.0,0.0,0.0,0.0,0.0,"(CONTRACTS OF 1,000 BARRELS)",N10,CRUDE OIL,PETROLEUM AND PRODUCTS,NATURAL RESOURCES,FutOnly
240430067411F,"CRUDE OIL, LIGHT SWEET-WTI - ICE FUTURES EUROPE",2024-04-30T00:00:00.000,2024 Report Week 18,"CRUDE OIL, LIGHT SWEET-WTI",67411,ICEU,NYC,67,CRUDE OIL,567663,294689,278680,16513,28523,47827,8084,43525,25418,69057,39383,92211,553799,555567,13864,12096,567663,294689,278680,16513,28523,47827,8084,43525,25418,69057,39383,92211,553799,555567,13864,12096,0,0,0,0,0,0,0,0,0,0,0,0,0,0,0,0,6594.0,12286.0,-10373.0,-739.0,2522.0,-1952.0,-1098.0,9675.0,1501.0,-337.0,8265.0,-5003.0,4658.0,4635.0,1936.0,1959.0,100.0,51.9,49.1,2.9,5.0,8.4,1.4,7.7,4.5,12.2,6.9,16.2,97.6,97.9,2.4,2.1,100.0,51.9,49.1,2.9,5.0,8.4,1.4,7.7,4.5,12.2,6.9,16.2,97.6,97.9,2.4,2.1,100.0,0.0,0.0,0.0,0.0,0.0,0.0,0.0,0.0,0.0,0.0,0.0,0.0,0.0,0.0,0.0,130,48.0,41.0,7.0,9.0,16.0,4.0,14.0,14.0,24,18.0,36,123,111,130,48.0,41.0,7.0,9.0,16.0,4.0,14.0,14.0,24,18.0,36,123,111,0,0,0,0,0,0,0,0,0,0,0,0,0,0,33.8,25.7,45.5,39.1,25.6,18.8,33.4,26.3,33.8,25.7,45.5,39.1,25.6,18.8,33.4,26.3,0.0,0.0,0.0,0.0,0.0,0.0,0.0,0.0,"(CONTRACTS OF 1,000 BARRELS)",N10,CRUDE OIL,PETROLEUM AND PRODUCTS,NATURAL RESOURCES,FutOnly
240507067411F,"CRUDE OIL, LIGHT SWEET-WTI - ICE FUTURES EUROPE",2024-05-07T00:00:00.000,2024 Report Week 19,"CRUDE OIL, LIGHT SWEET-WTI",67411,ICEU,NYC,67,CRUDE OIL,575862,300802,284803,15159,30467,46595,7885,44944,28590,73988,38354,89375,562394,563128,13468,12734,575862,300802,284803,15159,30467,46595,7885,44944,28590,73988,38354,89375,562394,563128,13468,12734,0,0,0,0,0,0,0,0,0,0,0,0,0,0,0,0,8199.0,6113.0,6123.0,-1354.0,1944.0,-1232.0,-199.0,1419.0,3172.0,4931.0,-1029.0,-2836.0,8595.0,7561.0,-396.0,638.0,100.0,52.2,49.5,2.6,5.3,8.1,1.4,7.8,5.0,12.8,6.7,15.5,97.7,97.8,2.3,2.2,100.0,52.2,49.5,2.6,5.3,8.1,1.4,7.8,5.0,12.8,6.7,15.5,97.7,97.8,2.3,2.2,100.0,0.0,0.0,0.0,0.0,0.0,0.0,0.0,0.0,0.0,0.0,0.0,0.0,0.0,0.0,0.0,131,51.0,41.0,7.0,9.0,16.0,4.0,14.0,13.0,24,18.0,36,124,111,131,51.0,41.0,7.0,9.0,16.0,4.0,14.0,13.0,24,18.0,36,124,111,0,0,0,0,0,0,0,0,0,0,0,0,0,0,32.0,23.5,43.9,38.0,24.9,19.2,33.1,27.0,32.0,23.5,43.9,38.0,24.9,19.2,33.1,27.0,0.0,0.0,0.0,0.0,0.0,0.0,0.0,0.0,"(CONTRACTS OF 1,000 BARRELS)",N10,CRUDE OIL,PETROLEUM AND PRODUCTS,NATURAL RESOURCES,FutOnly
240514067411F,"CRUDE OIL, LIGHT SWEET-WTI - ICE FUTURES EUROPE",2024-05-14T00:00:00.000,2024 Report Week 20,"CRUDE OIL, LIGHT SWEET-WTI",67411,ICEU,NYC,67,CRUDE OIL,565264,286319,298305,14266,31882,42340,12087,42604,24291,82553,21542,91836,553692,552800,11572,12464,565264,286319,298305,14266,31882,42340,12087,42604,24291,82553,21542,91836,553692,552800,11572,12464,0,0,0,0,0,0,0,0,0,0,0,0,0,0,0,0,-10598.0,-14483.0,13502.0,-893.0,1415.0,-4255.0,4202.0,-2340.0,-4299.0,8565.0,-16812.0,2461.0,-8702.0,-10328.0,-1896.0,-270.0,100.0,50.7,52.8,2.5,5.6,7.5,2.1,7.5,4.3,14.6,3.8,16.2,98.0,97.8,2.0,2.2,100.0,50.7,52.8,2.5,5.6,7.5,2.1,7.5,4.3,14.6,3.8,16.2,98.0,97.8,2.0,2.2,100.0,0.0,0.0,0.0,0.0,0.0,0.0,0.0,0.0,0.0,0.0,0.0,0.0,0.0,0.0,0.0,135,53.0,47.0,7.0,9.0,16.0,6.0,15.0,15.0,28,14.0,36,128,120,135,53.0,47.0,7.0,9.0,16.0,6.0,15.0,15.0,28,14.0,36,128,120,0,0,0,0,0,0,0,0,0,0,0,0,0,0,32.4,24.1,44.3,37.0,25.7,20.6,32.8,27.8,32.4,24.1,44.3,37.0,25.7,20.6,32.8,27.8,0.0,0.0,0.0,0.0,0.0,0.0,0.0,0.0,"(CONTRACTS OF 1,000 BARRELS)",N10,CRUDE OIL,PETROLEUM AND PRODUCTS,NATURAL RESOURCES,FutOnly
240521067411F,"CRUDE OIL, LIGHT SWEET-WTI - ICE FUTURES EUROPE",2024-05-21T00:00:00.000,2024 Report Week 21,"CRUDE OIL, LIGHT SWEET-WTI",67411,ICEU,NYC,67,CRUDE OIL,532593,264533,284403,11782,29003,42414,13353,47642,17849,89534,19247,81288,520753,521846,11840,10747,532593,264533,284403,11782,29003,42414,13353,47642,17849,89534,19247,81288,520753,521846,11840,10747,0,0,0,0,0,0,0,0,0,0,0,0,0,0,0,0,-32671.0,-21786.0,-13902.0,-2484.0,-2879.0,74.0,1266.0,5038.0,-6442.0,6981.0,-2295.0,-10548.0,-32939.0,-30954.0,268.0,-1717.0,100.0,49.7,53.4,2.2,5.4,8.0,2.5,8.9,3.4,16.8,3.6,15.3,97.8,98.0,2.2,2.0,100.0,49.7,53.4,2.2,5.4,8.0,2.5,8.9,3.4,16.8,3.6,15.3,97.8,98.0,2.2,2.0,100.0,0.0,0.0,0.0,0.0,0.0,0.0,0.0,0.0,0.0,0.0,0.0,0.0,0.0,0.0,0.0,131,51.0,45.0,7.0,8.0,14.0,6.0,13.0,11.0,23,18.0,35,119,114,131,51.0,45.0,7.0,8.0,14.0,6.0,13.0,11.0,23,18.0,35,119,114,0,0,0,0,0,0,0,0,0,0,0,0,0,0,32.4,22.7,45.3,35.9,26.7,19.6,34.8,26.9,32.4,22.7,45.3,35.9,26.7,19.6,34.8,26.9,0.0,0.0,0.0,0.0,0.0,0.0,0.0,0.0,"(CONTRACTS OF 1,000 BARRELS)",N10,CRUDE OIL,PETROLEUM AND PRODUCTS,NATURAL RESOURCES,FutOnly
240528067411F,"CRUDE OIL, LIGHT SWEET-WTI - ICE FUTURES EUROPE",2024-05-28T00:00:00.000,2024 Report Week 22,"CRUDE OIL, LIGHT SWEET-WTI",67411,ICEU,NYC,67,CRUDE OIL,530025,264616,286337,11269,31776,27115,15396,47354,18224,89434,16971,91738,517792,519515,12233,10510,530025,264616,286337,11269,31776,27115,15396,47354,18224,89434,16971,91738,517792,519515,12233,10510,0,0,0,0,0,0,0,0,0,0,0,0,0,0,0,0,-2568.0,83.0,1934.0,-513.0,2773.0,-15299.0,2043.0,-288.0,375.0,-100.0,-2276.0,10450.0,-2961.0,-2331.0,393.0,-237.0,100.0,49.9,54.0,2.1,6.0,5.1,2.9,8.9,3.4,16.9,3.2,17.3,97.7,98.0,2.3,2.0,100.0,49.9,54.0,2.1,6.0,5.1,2.9,8.9,3.4,16.9,3.2,17.3,97.7,98.0,2.3,2.0,100.0,0.0,0.0,0.0,0.0,0.0,0.0,0.0,0.0,0.0,0.0,0.0,0.0,0.0,0.0,0.0,131,46.0,45.0,7.0,7.0,14.0,6.0,13.0,11.0,25,18.0,39,118,116,131,46.0,45.0,7.0,7.0,14.0,6.0,13.0,11.0,25,18.0,39,118,116,0,0,0,0,0,0,0,0,0,0,0,0,0,0,32.8,22.3,43.8,35.1,26.4,19.7,34.6,27.2,32.8,22.3,43.8,35.1,26.4,19.7,34.6,27.2,0.0,0.0,0.0,0.0,0.0,0.0,0.0,0.0,"(CONTRACTS OF 1,000 BARRELS)",N10,CRUDE OIL,PETROLEUM AND PRODUCTS,NATURAL RESOURCES,FutOnly
240604067411F,"CRUDE OIL, LIGHT SWEET-WTI - ICE FUTURES EUROPE",2024-06-04T00:00:00.000,2024 Report Week 23,"CRUDE OIL, LIGHT SWEET-WTI",67411,ICEU,NYC,67,CRUDE OIL,530681,279806,278401,10928,27638,25842,13650,49455,20521,64801,15139,101831,517379,518827,13302,11854,530681,279806,278401,10928,27638,25842,13650,49455,20521,64801,15139,101831,517379,518827,13302,11854,0,0,0,0,0,0,0,0,0,0,0,0,0,0,0,0,656.0,15190.0,-7936.0,-341.0,-4138.0,-1273.0,-1746.0,2101.0,2297.0,-24633.0,-1832.0,10093.0,-413.0,-688.0,1069.0,1344.0,100.0,52.7,52.5,2.1,5.2,4.9,2.6,9.3,3.9,12.2,2.9,19.2,97.5,97.8,2.5,2.2,100.0,52.7,52.5,2.1,5.2,4.9,2.6,9.3,3.9,12.2,2.9,19.2,97.5,97.8,2.5,2.2,100.0,0.0,0.0,0.0,0.0,0.0,0.0,0.0,0.0,0.0,0.0,0.0,0.0,0.0,0.0,0.0,128,48.0,48.0,6.0,8.0,14.0,6.0,12.0,11.0,17,23.0,35,116,114,128,48.0,48.0,6.0,8.0,14.0,6.0,12.0,11.0,17,23.0,35,116,114,0,0,0,0,0,0,0,0,0,0,0,0,0,0,31.2,22.4,43.1,36.1,23.0,17.5,30.2,24.7,31.2,22.4,43.1,36.1,23.0,17.5,30.2,24.7,0.0,0.0,0.0,0.0,0.0,0.0,0.0,0.0,"(CONTRACTS OF 1,000 BARRELS)",N10,CRUDE OIL,PETROLEUM AND PRODUCTS,NATURAL RESOURCES,FutOnly
240611067411F,"CRUDE OIL, LIGHT SWEET-WTI - ICE FUTURES EUROPE",2024-06-11T00:00:00.000,2024 Report Week 24,"CRUDE OIL, LIGHT SWEET-WTI",67411,ICEU,NYC,67,CRUDE OIL,634583,372036,372880,11068,27018,27924,15077,49194,20647,70093,17955,107913,624758,623531,9825,11052,634583,372036,372880,11068,27018,27924,15077,49194,20647,70093,17955,107913,624758,623531,9825,11052,0,0,0,0,0,0,0,0,0,0,0,0,0,0,0,0,103902.0,92230.0,94479.0,140.0,-620.0,2082.0,1427.0,-261.0,126.0,5292.0,2816.0,6082.0,107379.0,104704.0,-3477.0,-802.0,100.0,58.6,58.8,1.7,4.3,4.4,2.4,7.8,3.3,11.0,2.8,17.0,98.5,98.3,1.5,1.7,100.0,58.6,58.8,1.7,4.3,4.4,2.4,7.8,3.3,11.0,2.8,17.0,98.5,98.3,1.5,1.7,100.0,0.0,0.0,0.0,0.0,0.0,0.0,0.0,0.0,0.0,0.0,0.0,0.0,0.0,0.0,0.0,131,46.0,46.0,7.0,7.0,14.0,7.0,12.0,11.0,18,26.0,38,119,116,131,46.0,46.0,7.0,7.0,14.0,7.0,12.0,11.0,18,26.0,38,119,116,0,0,0,0,0,0,0,0,0,0,0,0,0,0,41.2,34.9,51.6,45.9,33.6,29.2,39.1,35.2,41.2,34.9,51.6,45.9,33.6,29.2,39.1,35.2,0.0,0.0,0.0,0.0,0.0,0.0,0.0,0.0,"(CONTRACTS OF 1,000 BARRELS)",N10,CRUDE OIL,PETROLEUM AND PRODUCTS,NATURAL RESOURCES,FutOnly
240618067411F,"CRUDE OIL, LIGHT SWEET-WTI - ICE FUTURES EUROPE",2024-06-18T00:00:00.000,2024 Report Week 25,"CRUDE OIL, LIGHT SWEET-WTI",67411,ICEU,NYC,67,CRUDE OIL,614012,360015,344703,11245,34740,27358,12796,45822,21215,62403,20206,107180,602212,601224,11800,12788,614012,360015,344703,11245,34740,27358,12796,45822,21215,62403,20206,107180,602212,601224,11800,12788,0,0,0,0,0,0,0,0,0,0,0,0,0,0,0,0,-20571.0,-12021.0,-28177.0,177.0,7722.0,-566.0,-2281.0,-3372.0,568.0,-7690.0,2251.0,-733.0,-22546.0,-22307.0,1975.0,1736.0,100.0,58.6,56.1,1.8,5.7,4.5,2.1,7.5,3.5,10.2,3.3,17.5,98.1,97.9,1.9,2.1,100.0,58.6,56.1,1.8,5.7,4.5,2.1,7.5,3.5,10.2,3.3,17.5,98.1,97.9,1.9,2.1,100.0,0.0,0.0,0.0,0.0,0.0,0.0,0.0,0.0,0.0,0.0,0.0,0.0,0.0,0.0,0.0,130,46.0,46.0,6.0,9.0,14.0,7.0,13.0,12.0,20,21.0,35,116,115,130,46.0,46.0,6.0,9.0,14.0,7.0,13.0,12.0,20,21.0,35,116,115,0,0,0,0,0,0,0,0,0,0,0,0,0,0,40.8,36.2,52.1,48.2,34.3,30.1,39.1,35.1,40.8,36.2,52.1,48.2,34.3,30.1,39.1,35.1,0.0,0.0,0.0,0.0,0.0,0.0,0.0,0.0,"(CONTRACTS OF 1,000 BARRELS)",N10,CRUDE OIL,PETROLEUM AND PRODUCTS,NATURAL RESOURCES,FutOnly
240625067411F,"CRUDE OIL, LIGHT SWEET-WTI - ICE FUTURES EUROPE",2024-06-25T00:00:00.000,2024 Report Week 26,"CRUDE OIL, LIGHT SWEET-WTI",67411,ICEU,NYC,67,CRUDE OIL,629261,352089,363057,10858,31984,28335,15220,40254,22003,73295,15882,114879,616679,616394,12582,12867,629261,352089,363057,10858,31984,28335,15220,40254,22003,73295,15882,114879,616679,616394,12582,12867,0,0,0,0,0,0,0,0,0,0,0,0,0,0,0,0,15249.0,-7926.0,18354.0,-387.0,-2756.0,977.0,2424.0,-5568.0,788.0,10892.0,-4324.0,7699.0,14467.0,15170.0,782.0,79.0,100.0,56.0,57.7,1.7,5.1,4.5,2.4,6.4,3.5,11.6,2.5,18.3,98.0,98.0,2.0,2.0,100.0,56.0,57.7,1.7,5.1,4.5,2.4,6.4,3.5,11.6,2.5,18.3,98.0,98.0,2.0,2.0,100.0,0.0,0.0,0.0,0.0,0.0,0.0,0.0,0.0,0.0,0.0,0.0,0.0,0.0,0.0,0.0,132,47.0,51.0,6.0,9.0,14.0,7.0,11.0,11.0,23,17.0,34,117,118,132,47.0,51.0,6.0,9.0,14.0,7.0,11.0,11.0,23,17.0,34,117,118,0,0,0,0,0,0,0,0,0,0,0,0,0,0,40.7,35.2,51.4,47.2,32.3,28.9,37.3,33.8,40.7,35.2,51.4,47.2,32.3,28.9,37.3,33.8,0.0,0.0,0.0,0.0,0.0,0.0,0.0,0.0,"(CONTRACTS OF 1,000 BARRELS)",N10,CRUDE OIL,PETROLEUM AND PRODUCTS,NATURAL RESOURCES,FutOnly
240702067411F,"CRUDE OIL, LIGHT SWEET-WTI - ICE FUTURES EUROPE",2024-07-02T00:00:00.000,2024 Report Week 27,"CRUDE OIL, LIGHT SWEET-WTI",67411,ICEU,NYC,67,CRUDE OIL,613245,345772,344084,11591,31747,29537,13819,38198,22814,52360,13232,122651,598544,602263,14701,10982,613245,345772,344084,11591,31747,29537,13819,38198,22814,52360,13232,122651,598544,602263,14701,10982,0,0,0,0,0,0,0,0,0,0,0,0,0,0,0,0,-16016.0,-6317.0,-18973.0,733.0,-237.0,1202.0,-1401.0,-2056.0,811.0,-20935.0,-2650.0,7772.0,-18135.0,-14131.0,2119.0,-1885.0,100.0,56.4,56.1,1.9,5.2,4.8,2.3,6.2,3.7,8.5,2.2,20.0,97.6,98.2,2.4,1.8,100.0,56.4,56.1,1.9,5.2,4.8,2.3,6.2,3.7,8.5,2.2,20.0,97.6,98.2,2.4,1.8,100.0,0.0,0.0,0.0,0.0,0.0,0.0,0.0,0.0,0.0,0.0,0.0,0.0,0.0,0.0,0.0,134,49.0,53.0,6.0,9.0,14.0,6.0,10.0,11.0,22,17.0,35,118,120,134,49.0,53.0,6.0,9.0,14.0,6.0,10.0,11.0,22,17.0,35,118,120,0,0,0,0,0,0,0,0,0,0,0,0,0,0,40.4,34.8,50.0,46.2,31.0,27.6,35.5,32.4,40.4,34.8,50.0,46.2,31.0,27.6,35.5,32.4,0.0,0.0,0.0,0.0,0.0,0.0,0.0,0.0,"(CONTRACTS OF 1,000 BARRELS)",N10,CRUDE OIL,PETROLEUM AND PRODUCTS,NATURAL RESOURCES,FutOnly
240709067411F,"CRUDE OIL, LIGHT SWEET-WTI - ICE FUTURES EUROPE",2024-07-09T00:00:00.000,2024 Report Week 28,"CRUDE OIL, LIGHT SWEET-WTI",67411,ICEU,NYC,67,CRUDE OIL,635639,349023,348358,12153,31692,28638,12019,39574,22965,55719,12012,139732,620249,622971,15390,12668,635639,349023,348358,12153,31692,28638,12019,39574,22965,55719,12012,139732,620249,622971,15390,12668,0,0,0,0,0,0,0,0,0,0,0,0,0,0,0,0,22394.0,3251.0,4274.0,562.0,-55.0,-899.0,-1800.0,1376.0,151.0,3359.0,-1220.0,17081.0,21705.0,20708.0,689.0,1686.0,100.0,54.9,54.8,1.9,5.0,4.5,1.9,6.2,3.6,8.8,1.9,22.0,97.6,98.0,2.4,2.0,100.0,54.9,54.8,1.9,5.0,4.5,1.9,6.2,3.6,8.8,1.9,22.0,97.6,98.0,2.4,2.0,100.0,0.0,0.0,0.0,0.0,0.0,0.0,0.0,0.0,0.0,0.0,0.0,0.0,0.0,0.0,0.0,129,44.0,49.0,6.0,9.0,13.0,6.0,10.0,12.0,22,18.0,37,114,117,129,44.0,49.0,6.0,9.0,13.0,6.0,10.0,12.0,22,18.0,37,114,117,0,0,0,0,0,0,0,0,0,0,0,0,0,0,40.5,34.5,50.3,45.2,29.8,26.3,34.5,30.8,40.5,34.5,50.3,45.2,29.8,26.3,34.5,30.8,0.0,0.0,0.0,0.0,0.0,0.0,0.0,0.0,"(CONTRACTS OF 1,000 BARRELS)",N10,CRUDE OIL,PETROLEUM AND PRODUCTS,NATURAL RESOURCES,FutOnly
240716067411F,"CRUDE OIL, LIGHT SWEET-WTI - ICE FUTURES EUROPE",2024-07-16T00:00:00.000,2024 Report Week 29,"CRUDE OIL, LIGHT SWEET-WTI",67411,ICEU,NYC,67,CRUDE OIL,624660,337688,349053,11599,31461,28629,13560,39878,22154,66186,10521,129715,609531,611411,15129,13249,624660,337688,349053,11599,31461,28629,13560,39878,22154,66186,10521,129715,609531,611411,15129,13249,0,0,0,0,0,0,0,0,0,0,0,0,0,0,0,0,-10979.0,-11335.0,695.0,-554.0,-231.0,-9.0,1541.0,304.0,-811.0,10467.0,-1491.0,-10017.0,-10718.0,-11560.0,-261.0,581.0,100.0,54.1,55.9,1.9,5.0,4.6,2.2,6.4,3.5,10.6,1.7,20.8,97.6,97.9,2.4,2.1,100.0,54.1,55.9,1.9,5.0,4.6,2.2,6.4,3.5,10.6,1.7,20.8,97.6,97.9,2.4,2.1,100.0,0.0,0.0,0.0,0.0,0.0,0.0,0.0,0.0,0.0,0.0,0.0,0.0,0.0,0.0,0.0,128,45.0,47.0,5.0,10.0,13.0,6.0,11.0,14.0,25,16.0,36,117,115,128,45.0,47.0,5.0,10.0,13.0,6.0,11.0,14.0,25,16.0,36,117,115,0,0,0,0,0,0,0,0,0,0,0,0,0,0,39.4,34.6,50.0,44.8,29.3,26.4,34.0,31.4,39.4,34.6,50.0,44.8,29.3,26.4,34.0,31.4,0.0,0.0,0.0,0.0,0.0,0.0,0.0,0.0,"(CONTRACTS OF 1,000 BARRELS)",N10,CRUDE OIL,PETROLEUM AND PRODUCTS,NATURAL RESOURCES,FutOnly
220726067411F,"CRUDE OIL, LIGHT SWEET-WTI - ICE FUTURES EUROPE",2022-07-26T00:00:00.000,2022 Report Week 30,"CRUDE OIL, LIGHT SWEET-WTI",67411,ICEU,NYC,67,CRUDE OIL,452373,253132,188687,7799,72429,19187,17453,18472,18208,43564,44881,78272,437615,440136,14758,12237,452373,253132,188687,7799,72429,19187,17453,18472,18208,43564,44881,78272,437615,440136,14758,12237,0,0,0,0,0,0,0,0,0,0,0,0,0,0,0,0,-7675.0,9578.0,3344.0,1977.0,-795.0,-3548.0,-3351.0,1012.0,-315.0,-5092.0,165.0,-8047.0,-8798.0,-8184.0,1123.0,509.0,100.0,56.0,41.7,1.7,16.0,4.2,3.9,4.1,4.0,9.6,9.9,17.3,96.7,97.3,3.3,2.7,100.0,56.0,41.7,1.7,16.0,4.2,3.9,4.1,4.0,9.6,9.9,17.3,96.7,97.3,3.3,2.7,100.0,0.0,0.0,0.0,0.0,0.0,0.0,0.0,0.0,0.0,0.0,0.0,0.0,0.0,0.0,0.0,104,35.0,32.0,7.0,9.0,15.0,7.0,10.0,14.0,8,23.0,24,93,93,104,35.0,32.0,7.0,9.0,15.0,7.0,10.0,14.0,8,23.0,24,93,93,0,0,0,0,0,0,0,0,0,0,0,0,0,0,40.3,27.2,51.7,42.6,33.1,22.7,39.2,32.6,40.3,27.2,51.7,42.6,33.1,22.7,39.2,32.6,0.0,0.0,0.0,0.0,0.0,0.0,0.0,0.0,"(CONTRACTS OF 1,000 BARRELS)",N10,CRUDE OIL,PETROLEUM AND PRODUCTS,NATURAL RESOURCES,FutOnly
220719067411F,"CRUDE OIL, LIGHT SWEET-WTI - ICE FUTURES EUROPE",2022-07-19T00:00:00.000,2022 Report Week 29,"CRUDE OIL, LIGHT SWEET-WTI",67411,ICEU,NYC,67,CRUDE OIL,460048,243554,185343,5822,73224,22735,20804,17460,18523,48656,44716,86319,446413,448320,13635,11728,460048,243554,185343,5822,73224,22735,20804,17460,18523,48656,44716,86319,446413,448320,13635,11728,0,0,0,0,0,0,0,0,0,0,0,0,0,0,0,0,8361.0,2308.0,15179.0,952.0,-3574.0,2035.0,277.0,-1767.0,1134.0,1053.0,-6281.0,765.0,8524.0,7491.0,-163.0,870.0,100.0,52.9,40.3,1.3,15.9,4.9,4.5,3.8,4.0,10.6,9.7,18.8,97.0,97.5,3.0,2.5,100.0,52.9,40.3,1.3,15.9,4.9,4.5,3.8,4.0,10.6,9.7,18.8,97.0,97.5,3.0,2.5,100.0,0.0,0.0,0.0,0.0,0.0,0.0,0.0,0.0,0.0,0.0,0.0,0.0,0.0,0.0,0.0,105,37.0,32.0,6.0,10.0,15.0,8.0,8.0,14.0,9,23.0,25,96,92,105,37.0,32.0,6.0,10.0,15.0,8.0,8.0,14.0,9,23.0,25,96,92,0,0,0,0,0,0,0,0,0,0,0,0,0,0,40.2,28.4,51.7,43.5,33.6,23.6,39.5,33.9,40.2,28.4,51.7,43.5,33.6,23.6,39.5,33.9,0.0,0.0,0.0,0.0,0.0,0.0,0.0,0.0,"(CONTRACTS OF 1,000 BARRELS)",N10,CRUDE OIL,PETROLEUM AND PRODUCTS,NATURAL RESOURCES,FutOnly
220712067411F,"CRUDE OIL, LIGHT SWEET-WTI - ICE FUTURES EUROPE",2022-07-12T00:00:00.000,2022 Report Week 28,"CRUDE OIL, LIGHT SWEET-WTI",67411,ICEU,NYC,67,CRUDE OIL,451687,241246,170164,4870,76798,20700,20527,19227,17389,47603,50997,85554,437889,440829,13798,10858,451687,241246,170164,4870,76798,20700,20527,19227,17389,47603,50997,85554,437889,440829,13798,10858,0,0,0,0,0,0,0,0,0,0,0,0,0,0,0,0,-6174.0,-13215.0,-3701.0,624.0,9225.0,299.0,1653.0,541.0,-5197.0,2257.0,-12655.0,7247.0,-6332.0,-4241.0,158.0,-1933.0,100.0,53.4,37.7,1.1,17.0,4.6,4.5,4.3,3.8,10.5,11.3,18.9,96.9,97.6,3.1,2.4,100.0,53.4,37.7,1.1,17.0,4.6,4.5,4.3,3.8,10.5,11.3,18.9,96.9,97.6,3.1,2.4,100.0,0.0,0.0,0.0,0.0,0.0,0.0,0.0,0.0,0.0,0.0,0.0,0.0,0.0,0.0,0.0,110,38.0,33.0,6.0,10.0,15.0,5.0,11.0,13.0,12,25.0,29,101,97,110,38.0,33.0,6.0,10.0,15.0,5.0,11.0,13.0,12,25.0,29,101,97,0,0,0,0,0,0,0,0,0,0,0,0,0,0,43.1,30.0,54.4,45.1,36.5,24.1,42.4,34.6,43.1,30.0,54.4,45.1,36.5,24.1,42.4,34.6,0.0,0.0,0.0,0.0,0.0,0.0,0.0,0.0,"(CONTRACTS OF 1,000 BARRELS)",N10,CRUDE OIL,PETROLEUM AND PRODUCTS,NATURAL RESOURCES,FutOnly
220705067411F,"CRUDE OIL, LIGHT SWEET-WTI - ICE FUTURES EUROPE",2022-07-05T00:00:00.000,2022 Report Week 27,"CRUDE OIL, LIGHT SWEET-WTI",67411,ICEU,NYC,67,CRUDE OIL,457861,254461,173865,4246,67573,20401,18874,18686,22586,45346,63652,78307,444221,445070,13640,12791,457861,254461,173865,4246,67573,20401,18874,18686,22586,45346,63652,78307,444221,445070,13640,12791,0,0,0,0,0,0,0,0,0,0,0,0,0,0,0,0,13070.0,20357.0,4031.0,-660.0,5052.0,1652.0,2368.0,1108.0,-6513.0,-2101.0,8126.0,-2734.0,12369.0,10722.0,701.0,2348.0,100.0,55.6,38.0,0.9,14.8,4.5,4.1,4.1,4.9,9.9,13.9,17.1,97.0,97.2,3.0,2.8,100.0,55.6,38.0,0.9,14.8,4.5,4.1,4.1,4.9,9.9,13.9,17.1,97.0,97.2,3.0,2.8,100.0,0.0,0.0,0.0,0.0,0.0,0.0,0.0,0.0,0.0,0.0,0.0,0.0,0.0,0.0,0.0,104,37.0,30.0,6.0,9.0,14.0,7.0,8.0,12.0,10,24.0,27,95,90,104,37.0,30.0,6.0,9.0,14.0,7.0,8.0,12.0,10,24.0,27,95,90,0,0,0,0,0,0,0,0,0,0,0,0,0,0,41.3,31.3,55.0,47.2,35.4,25.6,42.3,36.3,41.3,31.3,55.0,47.2,35.4,25.6,42.3,36.3,0.0,0.0,0.0,0.0,0.0,0.0,0.0,0.0,"(CONTRACTS OF 1,000 BARRELS)",N10,CRUDE OIL,PETROLEUM AND PRODUCTS,NATURAL RESOURCES,FutOnly
220628067411F,"CRUDE OIL, LIGHT SWEET-WTI - ICE FUTURES EUROPE",2022-06-28T00:00:00.000,2022 Report Week 26,"CRUDE OIL, LIGHT SWEET-WTI",67411,ICEU,NYC,67,CRUDE OIL,444791,234104,169834,4906,62521,18749,16506,17578,29099,47447,55526,81041,431852,434348,12939,10443,444791,234104,169834,4906,62521,18749,16506,17578,29099,47447,55526,81041,431852,434348,12939,10443,0,0,0,0,0,0,0,0,0,0,0,0,0,0,0,0,-3463.0,-3950.0,-6236.0,1244.0,2612.0,-1291.0,1824.0,-1295.0,80.0,-1753.0,2630.0,1709.0,-2137.0,-1791.0,-1326.0,-1672.0,100.0,52.6,38.2,1.1,14.1,4.2,3.7,4.0,6.5,10.7,12.5,18.2,97.1,97.7,2.9,2.3,100.0,52.6,38.2,1.1,14.1,4.2,3.7,4.0,6.5,10.7,12.5,18.2,97.1,97.7,2.9,2.3,100.0,0.0,0.0,0.0,0.0,0.0,0.0,0.0,0.0,0.0,0.0,0.0,0.0,0.0,0.0,0.0,109,38.0,29.0,7.0,9.0,15.0,8.0,9.0,12.0,10,25.0,28,99,92,109,38.0,29.0,7.0,9.0,15.0,8.0,9.0,12.0,10,25.0,28,99,92,0,0,0,0,0,0,0,0,0,0,0,0,0,0,43.5,32.8,57.5,47.5,37.9,26.9,44.5,37.0,43.5,32.8,57.5,47.5,37.9,26.9,44.5,37.0,0.0,0.0,0.0,0.0,0.0,0.0,0.0,0.0,"(CONTRACTS OF 1,000 BARRELS)",N10,CRUDE OIL,PETROLEUM AND PRODUCTS,NATURAL RESOURCES,FutOnly
220621067411F,"CRUDE OIL, LIGHT SWEET-WTI - ICE FUTURES EUROPE",2022-06-21T00:00:00.000,2022 Report Week 25,"CRUDE OIL, LIGHT SWEET-WTI",67411,ICEU,NYC,67,CRUDE OIL,448254,238054,176070,3662,59909,20040,14682,18873,29019,49200,52896,79332,433989,436139,14265,12115,448254,238054,176070,3662,59909,20040,14682,18873,29019,49200,52896,79332,433989,436139,14265,12115,0,0,0,0,0,0,0,0,0,0,0,0,0,0,0,0,-25160.0,-11784.0,-24919.0,1770.0,-4211.0,-2444.0,-3817.0,-512.0,918.0,-172.0,15305.0,-8740.0,-24269.0,-24603.0,-891.0,-557.0,100.0,53.1,39.3,0.8,13.4,4.5,3.3,4.2,6.5,11.0,11.8,17.7,96.8,97.3,3.2,2.7,100.0,53.1,39.3,0.8,13.4,4.5,3.3,4.2,6.5,11.0,11.8,17.7,96.8,97.3,3.2,2.7,100.0,0.0,0.0,0.0,0.0,0.0,0.0,0.0,0.0,0.0,0.0,0.0,0.0,0.0,0.0,0.0,101,34.0,30.0,7.0,9.0,15.0,5.0,10.0,12.0,8,23.0,27,92,91,101,34.0,30.0,7.0,9.0,15.0,5.0,10.0,12.0,8,23.0,27,92,91,0,0,0,0,0,0,0,0,0,0,0,0,0,0,42.7,31.7,56.7,47.3,35.1,26.2,42.8,36.3,42.7,31.7,56.7,47.3,35.1,26.2,42.8,36.3,0.0,0.0,0.0,0.0,0.0,0.0,0.0,0.0,"(CONTRACTS OF 1,000 BARRELS)",N10,CRUDE OIL,PETROLEUM AND PRODUCTS,NATURAL RESOURCES,FutOnly
220614067411F,"CRUDE OIL, LIGHT SWEET-WTI - ICE FUTURES EUROPE",2022-06-14T00:00:00.000,2022 Report Week 24,"CRUDE OIL, LIGHT SWEET-WTI",67411,ICEU,NYC,67,CRUDE OIL,473414,249838,200989,1892,64120,22484,18499,19385,28101,49372,37591,88072,458258,460742,15156,12672,473414,249838,200989,1892,64120,22484,18499,19385,28101,49372,37591,88072,458258,460742,15156,12672,0,0,0,0,0,0,0,0,0,0,0,0,0,0,0,0,-5671.0,7770.0,2299.0,-226.0,191.0,128.0,-5295.0,-1526.0,2220.0,-968.0,1447.0,-10405.0,-6776.0,-5646.0,1105.0,-25.0,100.0,52.8,42.5,0.4,13.5,4.7,3.9,4.1,5.9,10.4,7.9,18.6,96.8,97.3,3.2,2.7,100.0,52.8,42.5,0.4,13.5,4.7,3.9,4.1,5.9,10.4,7.9,18.6,96.8,97.3,3.2,2.7,100.0,0.0,0.0,0.0,0.0,0.0,0.0,0.0,0.0,0.0,0.0,0.0,0.0,0.0,0.0,0.0,105,37.0,33.0,4.0,12.0,15.0,7.0,8.0,13.0,11,22.0,27,96,95,105,37.0,33.0,4.0,12.0,15.0,7.0,8.0,13.0,11,22.0,27,96,95,0,0,0,0,0,0,0,0,0,0,0,0,0,0,42.9,33.3,56.5,48.9,34.0,28.0,40.8,37.2,42.9,33.3,56.5,48.9,34.0,28.0,40.8,37.2,0.0,0.0,0.0,0.0,0.0,0.0,0.0,0.0,"(CONTRACTS OF 1,000 BARRELS)",N10,CRUDE OIL,PETROLEUM AND PRODUCTS,NATURAL RESOURCES,FutOnly
220607067411F,"CRUDE OIL, LIGHT SWEET-WTI - ICE FUTURES EUROPE",2022-06-07T00:00:00.000,2022 Report Week 23,"CRUDE OIL, LIGHT SWEET-WTI",67411,ICEU,NYC,67,CRUDE OIL,479085,242068,198690,2118,63929,22356,23794,20911,25881,50340,36144,98477,465034,466388,14051,12697,479085,242068,198690,2118,63929,22356,23794,20911,25881,50340,36144,98477,465034,466388,14051,12697,0,0,0,0,0,0,0,0,0,0,0,0,0,0,0,0,-4072.0,-1668.0,1254.0,145.0,-696.0,132.0,-1158.0,1601.0,-738.0,-132.0,-4915.0,-3253.0,-6672.0,-6615.0,2600.0,2543.0,100.0,50.5,41.5,0.4,13.3,4.7,5.0,4.4,5.4,10.5,7.5,20.6,97.1,97.3,2.9,2.7,100.0,50.5,41.5,0.4,13.3,4.7,5.0,4.4,5.4,10.5,7.5,20.6,97.1,97.3,2.9,2.7,100.0,0.0,0.0,0.0,0.0,0.0,0.0,0.0,0.0,0.0,0.0,0.0,0.0,0.0,0.0,0.0,105,37.0,33.0,6.0,11.0,15.0,6.0,8.0,12.0,9,23.0,27,96,94,105,37.0,33.0,6.0,11.0,15.0,6.0,8.0,12.0,9,23.0,27,96,94,0,0,0,0,0,0,0,0,0,0,0,0,0,0,46.2,33.6,60.1,48.7,35.3,27.4,41.3,35.9,46.2,33.6,60.1,48.7,35.3,27.4,41.3,35.9,0.0,0.0,0.0,0.0,0.0,0.0,0.0,0.0,"(CONTRACTS OF 1,000 BARRELS)",N10,CRUDE OIL,PETROLEUM AND PRODUCTS,NATURAL RESOURCES,FutOnly
220531067411F,"CRUDE OIL, LIGHT SWEET-WTI - ICE FUTURES EUROPE",2022-05-31T00:00:00.000,2022 Report Week 22,"CRUDE OIL, LIGHT SWEET-WTI",67411,ICEU,NYC,67,CRUDE OIL,483157,243736,197436,1973,64625,22224,24952,19310,26619,50472,41059,101730,471706,473003,11451,10154,483157,243736,197436,1973,64625,22224,24952,19310,26619,50472,41059,101730,471706,473003,11451,10154,0,0,0,0,0,0,0,0,0,0,0,0,0,0,0,0,16556.0,2094.0,8090.0,109.0,-239.0,1850.0,433.0,2324.0,-841.0,-1536.0,-10026.0,16578.0,18687.0,17736.0,-2131.0,-1180.0,100.0,50.4,40.9,0.4,13.4,4.6,5.2,4.0,5.5,10.4,8.5,21.1,97.6,97.9,2.4,2.1,100.0,50.4,40.9,0.4,13.4,4.6,5.2,4.0,5.5,10.4,8.5,21.1,97.6,97.9,2.4,2.1,100.0,0.0,0.0,0.0,0.0,0.0,0.0,0.0,0.0,0.0,0.0,0.0,0.0,0.0,0.0,0.0,104,33.0,32.0,5.0,11.0,15.0,6.0,9.0,11.0,11,23.0,27,91,94,104,33.0,32.0,5.0,11.0,15.0,6.0,9.0,11.0,11,23.0,27,91,94,0,0,0,0,0,0,0,0,0,0,0,0,0,0,47.3,33.6,60.8,48.5,36.1,26.5,42.2,35.4,47.3,33.6,60.8,48.5,36.1,26.5,42.2,35.4,0.0,0.0,0.0,0.0,0.0,0.0,0.0,0.0,"(CONTRACTS OF 1,000 BARRELS)",N10,CRUDE OIL,PETROLEUM AND PRODUCTS,NATURAL RESOURCES,FutOnly
220524067411F,"CRUDE OIL, LIGHT SWEET-WTI - ICE FUTURES EUROPE",2022-05-24T00:00:00.000,2022 Report Week 21,"CRUDE OIL, LIGHT SWEET-WTI",67411,ICEU,NYC,67,CRUDE OIL,466601,241642,189346,1864,64864,20374,24519,16986,27460,52008,51085,85152,453019,455267,13582,11334,466601,241642,189346,1864,64864,20374,24519,16986,27460,52008,51085,85152,453019,455267,13582,11334,0,0,0,0,0,0,0,0,0,0,0,0,0,0,0,0,-25118.0,-15358.0,-15599.0,-485.0,-14022.0,-165.0,251.0,-1311.0,-1011.0,-3136.0,12595.0,-5638.0,-25542.0,-25151.0,424.0,33.0,100.0,51.8,40.6,0.4,13.9,4.4,5.3,3.6,5.9,11.1,10.9,18.2,97.1,97.6,2.9,2.4,100.0,51.8,40.6,0.4,13.9,4.4,5.3,3.6,5.9,11.1,10.9,18.2,97.1,97.6,2.9,2.4,100.0,0.0,0.0,0.0,0.0,0.0,0.0,0.0,0.0,0.0,0.0,0.0,0.0,0.0,0.0,0.0,102,36.0,33.0,4.0,12.0,15.0,6.0,9.0,12.0,10,21.0,25,93,92,102,36.0,33.0,4.0,12.0,15.0,6.0,9.0,12.0,10,21.0,25,93,92,0,0,0,0,0,0,0,0,0,0,0,0,0,0,47.9,33.1,60.8,47.9,38.4,26.9,44.9,36.9,47.9,33.1,60.8,47.9,38.4,26.9,44.9,36.9,0.0,0.0,0.0,0.0,0.0,0.0,0.0,0.0,"(CONTRACTS OF 1,000 BARRELS)",N10,CRUDE OIL,PETROLEUM AND PRODUCTS,NATURAL RESOURCES,FutOnly
220517067411F,"CRUDE OIL, LIGHT SWEET-WTI - ICE FUTURES EUROPE",2022-05-17T00:00:00.000,2022 Report Week 20,"CRUDE OIL, LIGHT SWEET-WTI",67411,ICEU,NYC,67,CRUDE OIL,491719,257000,204945,2349,78886,20539,24268,18297,28471,55144,38490,90790,478561,480418,13158,11301,491719,257000,204945,2349,78886,20539,24268,18297,28471,55144,38490,90790,478561,480418,13158,11301,0,0,0,0,0,0,0,0,0,0,0,0,0,0,0,0,-10774.0,-11055.0,310.0,-1420.0,5733.0,1325.0,552.0,3232.0,-4999.0,-2065.0,-20762.0,5912.0,-11750.0,-9249.0,976.0,-1525.0,100.0,52.3,41.7,0.5,16.0,4.2,4.9,3.7,5.8,11.2,7.8,18.5,97.3,97.7,2.7,2.3,100.0,52.3,41.7,0.5,16.0,4.2,4.9,3.7,5.8,11.2,7.8,18.5,97.3,97.7,2.7,2.3,100.0,0.0,0.0,0.0,0.0,0.0,0.0,0.0,0.0,0.0,0.0,0.0,0.0,0.0,0.0,0.0,107,35.0,30.0,5.0,11.0,15.0,8.0,9.0,12.0,11,25.0,31,98,96,107,35.0,30.0,5.0,11.0,15.0,8.0,9.0,12.0,11,25.0,31,98,96,0,0,0,0,0,0,0,0,0,0,0,0,0,0,45.1,31.3,57.8,45.6,36.9,26.3,43.1,36.5,45.1,31.3,57.8,45.6,36.9,26.3,43.1,36.5,0.0,0.0,0.0,0.0,0.0,0.0,0.0,0.0,"(CONTRACTS OF 1,000 BARRELS)",N10,CRUDE OIL,PETROLEUM AND PRODUCTS,NATURAL RESOURCES,FutOnly
220510067411F,"CRUDE OIL, LIGHT SWEET-WTI - ICE FUTURES EUROPE",2022-05-10T00:00:00.000,2022 Report Week 19,"CRUDE OIL, LIGHT SWEET-WTI",67411,ICEU,NYC,67,CRUDE OIL,502493,268055,204635,3769,73153,19214,23716,15065,33470,57209,59252,84878,490311,489667,12182,12826,502493,268055,204635,3769,73153,19214,23716,15065,33470,57209,59252,84878,490311,489667,12182,12826,0,0,0,0,0,0,0,0,0,0,0,0,0,0,0,0,2237.0,-1831.0,-1014.0,-866.0,1784.0,1181.0,1133.0,-1028.0,-1733.0,1957.0,-990.0,3036.0,2877.0,1236.0,-640.0,1001.0,100.0,53.3,40.7,0.8,14.6,3.8,4.7,3.0,6.7,11.4,11.8,16.9,97.6,97.4,2.4,2.6,100.0,53.3,40.7,0.8,14.6,3.8,4.7,3.0,6.7,11.4,11.8,16.9,97.6,97.4,2.4,2.6,100.0,0.0,0.0,0.0,0.0,0.0,0.0,0.0,0.0,0.0,0.0,0.0,0.0,0.0,0.0,0.0,105,35.0,31.0,5.0,11.0,15.0,7.0,8.0,12.0,10,24.0,32,97,96,105,35.0,31.0,5.0,11.0,15.0,7.0,8.0,12.0,10,24.0,32,97,96,0,0,0,0,0,0,0,0,0,0,0,0,0,0,47.5,31.2,60.7,46.6,39.3,25.7,45.2,36.5,47.5,31.2,60.7,46.6,39.3,25.7,45.2,36.5,0.0,0.0,0.0,0.0,0.0,0.0,0.0,0.0,"(CONTRACTS OF 1,000 BARRELS)",N10,CRUDE OIL,PETROLEUM AND PRODUCTS,NATURAL RESOURCES,FutOnly
220503067411F,"CRUDE OIL, LIGHT SWEET-WTI - ICE FUTURES EUROPE",2022-05-03T00:00:00.000,2022 Report Week 18,"CRUDE OIL, LIGHT SWEET-WTI",67411,ICEU,NYC,67,CRUDE OIL,500256,269886,205649,4635,71369,18033,22583,16093,35203,55252,60242,81842,487434,488431,12822,11825,500256,269886,205649,4635,71369,18033,22583,16093,35203,55252,60242,81842,487434,488431,12822,11825,0,0,0,0,0,0,0,0,0,0,0,0,0,0,0,0,2907.0,5448.0,2940.0,129.0,4.0,432.0,-1784.0,488.0,-700.0,-2677.0,359.0,668.0,1516.0,4191.0,1391.0,-1284.0,100.0,53.9,41.1,0.9,14.3,3.6,4.5,3.2,7.0,11.0,12.0,16.4,97.4,97.6,2.6,2.4,100.0,53.9,41.1,0.9,14.3,3.6,4.5,3.2,7.0,11.0,12.0,16.4,97.4,97.6,2.6,2.4,100.0,0.0,0.0,0.0,0.0,0.0,0.0,0.0,0.0,0.0,0.0,0.0,0.0,0.0,0.0,0.0,106,36.0,32.0,5.0,10.0,14.0,7.0,9.0,12.0,10,25.0,32,98,96,106,36.0,32.0,5.0,10.0,14.0,7.0,9.0,12.0,10,25.0,32,98,96,0,0,0,0,0,0,0,0,0,0,0,0,0,0,47.7,31.4,61.3,46.5,39.9,26.7,44.8,37.3,47.7,31.4,61.3,46.5,39.9,26.7,44.8,37.3,0.0,0.0,0.0,0.0,0.0,0.0,0.0,0.0,"(CONTRACTS OF 1,000 BARRELS)",N10,CRUDE OIL,PETROLEUM AND PRODUCTS,NATURAL RESOURCES,FutOnly
220426067411F,"CRUDE OIL, LIGHT SWEET-WTI - ICE FUTURES EUROPE",2022-04-26T00:00:00.000,2022 Report Week 17,"CRUDE OIL, LIGHT SWEET-WTI",67411,ICEU,NYC,67,CRUDE OIL,497349,264438,202709,4506,71365,17601,24367,15605,35903,57929,59883,81174,485918,484240,11431,13109,497349,264438,202709,4506,71365,17601,24367,15605,35903,57929,59883,81174,485918,484240,11431,13109,0,0,0,0,0,0,0,0,0,0,0,0,0,0,0,0,-1741.0,3466.0,-819.0,-568.0,-6962.0,1892.0,3076.0,3154.0,-5700.0,-9110.0,1623.0,5790.0,-1154.0,-1022.0,-587.0,-719.0,100.0,53.2,40.8,0.9,14.3,3.5,4.9,3.1,7.2,11.6,12.0,16.3,97.7,97.4,2.3,2.6,100.0,53.2,40.8,0.9,14.3,3.5,4.9,3.1,7.2,11.6,12.0,16.3,97.7,97.4,2.3,2.6,100.0,0.0,0.0,0.0,0.0,0.0,0.0,0.0,0.0,0.0,0.0,0.0,0.0,0.0,0.0,0.0,103,36.0,31.0,5.0,10.0,14.0,7.0,10.0,12.0,10,23.0,31,97,94,103,36.0,31.0,5.0,10.0,14.0,7.0,10.0,12.0,10,23.0,31,97,94,0,0,0,0,0,0,0,0,0,0,0,0,0,0,47.3,31.2,61.9,46.9,39.5,26.5,45.3,37.2,47.3,31.2,61.9,46.9,39.5,26.5,45.3,37.2,0.0,0.0,0.0,0.0,0.0,0.0,0.0,0.0,"(CONTRACTS OF 1,000 BARRELS)",N10,CRUDE OIL,PETROLEUM AND PRODUCTS,NATURAL RESOURCES,FutOnly
220419067411F,"CRUDE OIL, LIGHT SWEET-WTI - ICE FUTURES EUROPE",2022-04-19T00:00:00.000,2022 Report Week 16,"CRUDE OIL, LIGHT SWEET-WTI",67411,ICEU,NYC,67,CRUDE OIL,499090,260972,203528,5074,78327,15709,21291,12451,41603,67039,58260,75384,487072,485262,12018,13828,499090,260972,203528,5074,78327,15709,21291,12451,41603,67039,58260,75384,487072,485262,12018,13828,0,0,0,0,0,0,0,0,0,0,0,0,0,0,0,0,-2422.0,6421.0,-4843.0,1573.0,1536.0,-1142.0,705.0,114.0,1602.0,-1742.0,9283.0,-11002.0,-3585.0,-4452.0,1163.0,2030.0,100.0,52.3,40.8,1.0,15.7,3.1,4.3,2.5,8.3,13.4,11.7,15.1,97.6,97.2,2.4,2.8,100.0,52.3,40.8,1.0,15.7,3.1,4.3,2.5,8.3,13.4,11.7,15.1,97.6,97.2,2.4,2.8,100.0,0.0,0.0,0.0,0.0,0.0,0.0,0.0,0.0,0.0,0.0,0.0,0.0,0.0,0.0,0.0,102,33.0,26.0,6.0,9.0,13.0,6.0,10.0,10.0,13,21.0,31,90,90,102,33.0,26.0,6.0,9.0,13.0,6.0,10.0,10.0,13,21.0,31,90,90,0,0,0,0,0,0,0,0,0,0,0,0,0,0,46.7,31.3,61.1,48.9,38.7,27.4,45.8,39.5,46.7,31.3,61.1,48.9,38.7,27.4,45.8,39.5,0.0,0.0,0.0,0.0,0.0,0.0,0.0,0.0,"(CONTRACTS OF 1,000 BARRELS)",N10,CRUDE OIL,PETROLEUM AND PRODUCTS,NATURAL RESOURCES,FutOnly
220412067411F,"CRUDE OIL, LIGHT SWEET-WTI - ICE FUTURES EUROPE",2022-04-12T00:00:00.000,2022 Report Week 15,"CRUDE OIL, LIGHT SWEET-WTI",67411,ICEU,NYC,67,CRUDE OIL,501512,254551,208371,3501,76791,16851,20586,12337,40001,68781,48977,86386,490657,489714,10855,11798,501512,254551,208371,3501,76791,16851,20586,12337,40001,68781,48977,86386,490657,489714,10855,11798,0,0,0,0,0,0,0,0,0,0,0,0,0,0,0,0,-1050.0,4633.0,7573.0,239.0,-92.0,-1159.0,-1288.0,3445.0,1405.0,5270.0,-1232.0,-9889.0,-789.0,51.0,-261.0,-1101.0,100.0,50.8,41.5,0.7,15.3,3.4,4.1,2.5,8.0,13.7,9.8,17.2,97.8,97.6,2.2,2.4,100.0,50.8,41.5,0.7,15.3,3.4,4.1,2.5,8.0,13.7,9.8,17.2,97.8,97.6,2.2,2.4,100.0,0.0,0.0,0.0,0.0,0.0,0.0,0.0,0.0,0.0,0.0,0.0,0.0,0.0,0.0,0.0,106,36.0,28.0,5.0,10.0,13.0,5.0,10.0,12.0,13,24.0,34,98,94,106,36.0,28.0,5.0,10.0,13.0,5.0,10.0,12.0,13,24.0,34,98,94,0,0,0,0,0,0,0,0,0,0,0,0,0,0,44.9,31.5,59.1,49.5,37.4,28.1,44.0,39.1,44.9,31.5,59.1,49.5,37.4,28.1,44.0,39.1,0.0,0.0,0.0,0.0,0.0,0.0,0.0,0.0,"(CONTRACTS OF 1,000 BARRELS)",N10,CRUDE OIL,PETROLEUM AND PRODUCTS,NATURAL RESOURCES,FutOnly
220405067411F,"CRUDE OIL, LIGHT SWEET-WTI - ICE FUTURES EUROPE",2022-04-05T00:00:00.000,2022 Report Week 14,"CRUDE OIL, LIGHT SWEET-WTI",67411,ICEU,NYC,67,CRUDE OIL,502562,249918,200798,3262,76883,18010,21874,8892,38596,63511,50209,96275,491446,489663,11116,12899,502562,249918,200798,3262,76883,18010,21874,8892,38596,63511,50209,96275,491446,489663,11116,12899,0,0,0,0,0,0,0,0,0,0,0,0,0,0,0,0,-6278.0,-16178.0,-6629.0,864.0,-1172.0,-606.0,1668.0,1092.0,-65.0,3435.0,-4758.0,5691.0,-5191.0,-6447.0,-1087.0,169.0,100.0,49.7,40.0,0.6,15.3,3.6,4.4,1.8,7.7,12.6,10.0,19.2,97.8,97.4,2.2,2.6,100.0,49.7,40.0,0.6,15.3,3.6,4.4,1.8,7.7,12.6,10.0,19.2,97.8,97.4,2.2,2.6,100.0,0.0,0.0,0.0,0.0,0.0,0.0,0.0,0.0,0.0,0.0,0.0,0.0,0.0,0.0,0.0,106,37.0,29.0,5.0,9.0,13.0,6.0,8.0,12.0,15,24.0,33,99,93,106,37.0,29.0,5.0,9.0,13.0,6.0,8.0,12.0,15,24.0,33,99,93,0,0,0,0,0,0,0,0,0,0,0,0,0,0,44.5,33.2,58.4,50.2,37.9,28.0,43.1,39.7,44.5,33.2,58.4,50.2,37.9,28.0,43.1,39.7,0.0,0.0,0.0,0.0,0.0,0.0,0.0,0.0,"(CONTRACTS OF 1,000 BARRELS)",N10,CRUDE OIL,PETROLEUM AND PRODUCTS,NATURAL RESOURCES,FutOnly
220329067411F,"CRUDE OIL, LIGHT SWEET-WTI - ICE FUTURES EUROPE",2022-03-29T00:00:00.000,2022 Report Week 13,"CRUDE OIL, LIGHT SWEET-WTI",67411,ICEU,NYC,67,CRUDE OIL,508840,266096,207427,2398,78055,18616,20206,7800,38661,60076,54967,90584,496637,496110,12203,12730,508840,266096,207427,2398,78055,18616,20206,7800,38661,60076,54967,90584,496637,496110,12203,12730,0,0,0,0,0,0,0,0,0,0,0,0,0,0,0,0,-1393.0,-6449.0,-4706.0,208.0,-757.0,-465.0,2559.0,1079.0,178.0,-1711.0,-3196.0,6343.0,663.0,-1524.0,-2056.0,131.0,100.0,52.3,40.8,0.5,15.3,3.7,4.0,1.5,7.6,11.8,10.8,17.8,97.6,97.5,2.4,2.5,100.0,52.3,40.8,0.5,15.3,3.7,4.0,1.5,7.6,11.8,10.8,17.8,97.6,97.5,2.4,2.5,100.0,0.0,0.0,0.0,0.0,0.0,0.0,0.0,0.0,0.0,0.0,0.0,0.0,0.0,0.0,0.0,103,35.0,26.0,4.0,10.0,13.0,6.0,6.0,10.0,13,26.0,33,95,88,103,35.0,26.0,4.0,10.0,13.0,6.0,6.0,10.0,13,26.0,33,95,88,0,0,0,0,0,0,0,0,0,0,0,0,0,0,44.7,34.1,58.0,52.7,37.2,28.8,43.4,41.4,44.7,34.1,58.0,52.7,37.2,28.8,43.4,41.4,0.0,0.0,0.0,0.0,0.0,0.0,0.0,0.0,"(CONTRACTS OF 1,000 BARRELS)",N10,CRUDE OIL,PETROLEUM AND PRODUCTS,NATURAL RESOURCES,FutOnly
220322067411F,"CRUDE OIL, LIGHT SWEET-WTI - ICE FUTURES EUROPE",2022-03-22T00:00:00.000,2022 Report Week 12,"CRUDE OIL, LIGHT SWEET-WTI",67411,ICEU,NYC,67,CRUDE OIL,510233,272545,212133,2190,78812,19081,17647,6721,38483,61787,58163,84241,495974,497634,14259,12599,510233,272545,212133,2190,78812,19081,17647,6721,38483,61787,58163,84241,495974,497634,14259,12599,0,0,0,0,0,0,0,0,0,0,0,0,0,0,0,0,-25385.0,-20390.0,-14616.0,771.0,-10566.0,1782.0,-3070.0,-2605.0,-4258.0,-2306.0,-695.0,3839.0,-23632.0,-27119.0,-1753.0,1734.0,100.0,53.4,41.6,0.4,15.4,3.7,3.5,1.3,7.5,12.1,11.4,16.5,97.2,97.5,2.8,2.5,100.0,53.4,41.6,0.4,15.4,3.7,3.5,1.3,7.5,12.1,11.4,16.5,97.2,97.5,2.8,2.5,100.0,0.0,0.0,0.0,0.0,0.0,0.0,0.0,0.0,0.0,0.0,0.0,0.0,0.0,0.0,0.0,104,35.0,28.0,4.0,10.0,13.0,8.0,4.0,11.0,13,25.0,33,96,91,104,35.0,28.0,4.0,10.0,13.0,8.0,4.0,11.0,13,25.0,33,96,91,0,0,0,0,0,0,0,0,0,0,0,0,0,0,45.9,33.6,59.8,52.6,39.3,28.3,45.3,42.9,45.9,33.6,59.8,52.6,39.3,28.3,45.3,42.9,0.0,0.0,0.0,0.0,0.0,0.0,0.0,0.0,"(CONTRACTS OF 1,000 BARRELS)",N10,CRUDE OIL,PETROLEUM AND PRODUCTS,NATURAL RESOURCES,FutOnly
220315067411F,"CRUDE OIL, LIGHT SWEET-WTI - ICE FUTURES EUROPE",2022-03-15T00:00:00.000,2022 Report Week 11,"CRUDE OIL, LIGHT SWEET-WTI",67411,ICEU,NYC,67,CRUDE OIL,535618,292935,226749,1419,89378,17299,20717,9326,42741,64093,58858,80402,519606,524753,16012,10865,535618,292935,226749,1419,89378,17299,20717,9326,42741,64093,58858,80402,519606,524753,16012,10865,0,0,0,0,0,0,0,0,0,0,0,0,0,0,0,0,10042.0,-3608.0,22843.0,-966.0,2033.0,-3607.0,190.0,-3103.0,4622.0,10025.0,-14198.0,984.0,7640.0,9574.0,2402.0,468.0,100.0,54.7,42.3,0.3,16.7,3.2,3.9,1.7,8.0,12.0,11.0,15.0,97.0,98.0,3.0,2.0,100.0,54.7,42.3,0.3,16.7,3.2,3.9,1.7,8.0,12.0,11.0,15.0,97.0,98.0,3.0,2.0,100.0,0.0,0.0,0.0,0.0,0.0,0.0,0.0,0.0,0.0,0.0,0.0,0.0,0.0,0.0,0.0,109,38.0,28.0,,11.0,13.0,9.0,6.0,13.0,12,26.0,34,103,93,109,38.0,28.0,,11.0,13.0,9.0,6.0,13.0,12,26.0,34,103,93,0,0,0,0,0,0,0,0,0,0,0,0,0,0,45.4,32.1,57.8,50.3,37.2,27.8,44.2,42.3,45.4,32.1,57.8,50.3,37.2,27.8,44.2,42.3,0.0,0.0,0.0,0.0,0.0,0.0,0.0,0.0,"(CONTRACTS OF 1,000 BARRELS)",N10,CRUDE OIL,PETROLEUM AND PRODUCTS,NATURAL RESOURCES,FutOnly
220308067411F,"CRUDE OIL, LIGHT SWEET-WTI - ICE FUTURES EUROPE",2022-03-08T00:00:00.000,2022 Report Week 10,"CRUDE OIL, LIGHT SWEET-WTI",67411,ICEU,NYC,67,CRUDE OIL,525576,296543,203906,2385,87345,20906,20527,12429,38119,54068,73056,79418,511966,515179,13610,10397,525576,296543,203906,2385,87345,20906,20527,12429,38119,54068,73056,79418,511966,515179,13610,10397,0,0,0,0,0,0,0,0,0,0,0,0,0,0,0,0,389.0,8143.0,2298.0,1101.0,-2521.0,-3061.0,1195.0,-3376.0,8685.0,-703.0,13803.0,-12978.0,2382.0,2850.0,-1993.0,-2461.0,100.0,56.4,38.8,0.5,16.6,4.0,3.9,2.4,7.3,10.3,13.9,15.1,97.4,98.0,2.6,2.0,100.0,56.4,38.8,0.5,16.6,4.0,3.9,2.4,7.3,10.3,13.9,15.1,97.4,98.0,2.6,2.0,100.0,0.0,0.0,0.0,0.0,0.0,0.0,0.0,0.0,0.0,0.0,0.0,0.0,0.0,0.0,0.0,113,39.0,30.0,,11.0,13.0,7.0,8.0,14.0,12,28.0,37,108,98,113,39.0,30.0,,11.0,13.0,7.0,8.0,14.0,12,28.0,37,108,98,0,0,0,0,0,0,0,0,0,0,0,0,0,0,44.7,31.9,56.7,48.9,37.1,27.1,44.7,40.6,44.7,31.9,56.7,48.9,37.1,27.1,44.7,40.6,0.0,0.0,0.0,0.0,0.0,0.0,0.0,0.0,"(CONTRACTS OF 1,000 BARRELS)",N10,CRUDE OIL,PETROLEUM AND PRODUCTS,NATURAL RESOURCES,FutOnly
220301067411F,"CRUDE OIL, LIGHT SWEET-WTI - ICE FUTURES EUROPE",2022-03-01T00:00:00.000,2022 Report Week 09,"CRUDE OIL, LIGHT SWEET-WTI",67411,ICEU,NYC,67,CRUDE OIL,525187,288400,201608,1284,89866,23967,19332,15805,29434,54771,59253,92396,509584,512329,15603,12858,525187,288400,201608,1284,89866,23967,19332,15805,29434,54771,59253,92396,509584,512329,15603,12858,0,0,0,0,0,0,0,0,0,0,0,0,0,0,0,0,19525.0,-9880.0,-8573.0,471.0,-1992.0,5249.0,3017.0,1827.0,1422.0,4110.0,3141.0,17869.0,22258.0,18943.0,-2733.0,582.0,100.0,54.9,38.4,0.2,17.1,4.6,3.7,3.0,5.6,10.4,11.3,17.6,97.0,97.6,3.0,2.4,100.0,54.9,38.4,0.2,17.1,4.6,3.7,3.0,5.6,10.4,11.3,17.6,97.0,97.6,3.0,2.4,100.0,0.0,0.0,0.0,0.0,0.0,0.0,0.0,0.0,0.0,0.0,0.0,0.0,0.0,0.0,0.0,115,42.0,34.0,4.0,10.0,13.0,7.0,9.0,12.0,11,27.0,31,105,97,115,42.0,34.0,4.0,10.0,13.0,7.0,9.0,12.0,11,27.0,31,105,97,0,0,0,0,0,0,0,0,0,0,0,0,0,0,42.4,33.8,56.2,49.5,35.9,28.2,43.2,41.2,42.4,33.8,56.2,49.5,35.9,28.2,43.2,41.2,0.0,0.0,0.0,0.0,0.0,0.0,0.0,0.0,"(CONTRACTS OF 1,000 BARRELS)",N10,CRUDE OIL,PETROLEUM AND PRODUCTS,NATURAL RESOURCES,FutOnly
220222067411F,"CRUDE OIL, LIGHT SWEET-WTI - ICE FUTURES EUROPE",2022-02-22T00:00:00.000,2022 Report Week 08,"CRUDE OIL, LIGHT SWEET-WTI",67411,ICEU,NYC,67,CRUDE OIL,505662,298280,210181,813,91858,18718,16315,13978,28012,50661,56112,74527,487326,493386,18336,12276,505662,298280,210181,813,91858,18718,16315,13978,28012,50661,56112,74527,487326,493386,18336,12276,0,0,0,0,0,0,0,0,0,0,0,0,0,0,0,0,-22030.0,-3550.0,-4619.0,108.0,1519.0,-4794.0,-1260.0,424.0,-8282.0,-2083.0,-3772.0,-3202.0,-23063.0,-22726.0,1033.0,696.0,100.0,59.0,41.6,0.2,18.2,3.7,3.2,2.8,5.5,10.0,11.1,14.7,96.4,97.6,3.6,2.4,100.0,59.0,41.6,0.2,18.2,3.7,3.2,2.8,5.5,10.0,11.1,14.7,96.4,97.6,3.6,2.4,100.0,0.0,0.0,0.0,0.0,0.0,0.0,0.0,0.0,0.0,0.0,0.0,0.0,0.0,0.0,0.0,112,43.0,36.0,,11.0,13.0,8.0,9.0,13.0,14,20.0,29,104,97,112,43.0,36.0,,11.0,13.0,8.0,9.0,13.0,14,20.0,29,104,97,0,0,0,0,0,0,0,0,0,0,0,0,0,0,40.1,33.7,53.1,49.5,35.4,29.1,42.4,43.3,40.1,33.7,53.1,49.5,35.4,29.1,42.4,43.3,0.0,0.0,0.0,0.0,0.0,0.0,0.0,0.0,"(CONTRACTS OF 1,000 BARRELS)",N10,CRUDE OIL,PETROLEUM AND PRODUCTS,NATURAL RESOURCES,FutOnly
220215067411F,"CRUDE OIL, LIGHT SWEET-WTI - ICE FUTURES EUROPE",2022-02-15T00:00:00.000,2022 Report Week 07,"CRUDE OIL, LIGHT SWEET-WTI",67411,ICEU,NYC,67,CRUDE OIL,527692,301830,214800,705,90339,23512,17575,13554,36294,52744,59884,77729,510389,516112,17303,11580,527692,301830,214800,705,90339,23512,17575,13554,36294,52744,59884,77729,510389,516112,17303,11580,0,0,0,0,0,0,0,0,0,0,0,0,0,0,0,0,17995.0,16141.0,6090.0,-132.0,3752.0,5189.0,2885.0,-397.0,3913.0,-5875.0,2836.0,-4360.0,17761.0,17023.0,234.0,972.0,100.0,57.2,40.7,0.1,17.1,4.5,3.3,2.6,6.9,10.0,11.3,14.7,96.7,97.8,3.3,2.2,100.0,57.2,40.7,0.1,17.1,4.5,3.3,2.6,6.9,10.0,11.3,14.7,96.7,97.8,3.3,2.2,100.0,0.0,0.0,0.0,0.0,0.0,0.0,0.0,0.0,0.0,0.0,0.0,0.0,0.0,0.0,0.0,122,45.0,38.0,,11.0,13.0,11.0,8.0,15.0,14,26.0,31,111,105,122,45.0,38.0,,11.0,13.0,11.0,8.0,15.0,14,26.0,31,111,105,0,0,0,0,0,0,0,0,0,0,0,0,0,0,37.9,30.7,50.5,47.0,34.2,27.7,40.8,41.4,37.9,30.7,50.5,47.0,34.2,27.7,40.8,41.4,0.0,0.0,0.0,0.0,0.0,0.0,0.0,0.0,"(CONTRACTS OF 1,000 BARRELS)",N10,CRUDE OIL,PETROLEUM AND PRODUCTS,NATURAL RESOURCES,FutOnly
220208067411F,"CRUDE OIL, LIGHT SWEET-WTI - ICE FUTURES EUROPE",2022-02-08T00:00:00.000,2022 Report Week 06,"CRUDE OIL, LIGHT SWEET-WTI",67411,ICEU,NYC,67,CRUDE OIL,509697,285689,208710,837,86587,18323,14690,13951,32381,58619,57048,82089,492628,499089,17069,10608,509697,285689,208710,837,86587,18323,14690,13951,32381,58619,57048,82089,492628,499089,17069,10608,0,0,0,0,0,0,0,0,0,0,0,0,0,0,0,0,26142.0,19910.0,23848.0,-686.0,623.0,857.0,1917.0,3288.0,-327.0,4447.0,-496.0,-754.0,25364.0,27039.0,778.0,-897.0,100.0,56.1,40.9,0.2,17.0,3.6,2.9,2.7,6.4,11.5,11.2,16.1,96.7,97.9,3.3,2.1,100.0,56.1,40.9,0.2,17.0,3.6,2.9,2.7,6.4,11.5,11.2,16.1,96.7,97.9,3.3,2.1,100.0,0.0,0.0,0.0,0.0,0.0,0.0,0.0,0.0,0.0,0.0,0.0,0.0,0.0,0.0,0.0,122,45.0,40.0,,11.0,13.0,9.0,9.0,14.0,13,26.0,31,111,105,122,45.0,40.0,,11.0,13.0,9.0,9.0,14.0,13,26.0,31,111,105,0,0,0,0,0,0,0,0,0,0,0,0,0,0,38.8,32.7,50.9,48.7,34.3,28.7,40.8,42.9,38.8,32.7,50.9,48.7,34.3,28.7,40.8,42.9,0.0,0.0,0.0,0.0,0.0,0.0,0.0,0.0,"(CONTRACTS OF 1,000 BARRELS)",N10,CRUDE OIL,PETROLEUM AND PRODUCTS,NATURAL RESOURCES,FutOnly
220201067411F,"CRUDE OIL, LIGHT SWEET-WTI - ICE FUTURES EUROPE",2022-02-01T00:00:00.000,2022 Report Week 05,"CRUDE OIL, LIGHT SWEET-WTI",67411,ICEU,NYC,67,CRUDE OIL,483555,265779,184862,1523,85964,17466,12773,10663,32708,54172,57544,82843,467264,472050,16291,11505,483555,265779,184862,1523,85964,17466,12773,10663,32708,54172,57544,82843,467264,472050,16291,11505,0,0,0,0,0,0,0,0,0,0,0,0,0,0,0,0,4803.0,-1122.0,-1629.0,-915.0,1629.0,1245.0,-1345.0,-1783.0,1285.0,564.0,371.0,3949.0,3661.0,5067.0,1142.0,-264.0,100.0,55.0,38.2,0.3,17.8,3.6,2.6,2.2,6.8,11.2,11.9,17.1,96.6,97.6,3.4,2.4,100.0,55.0,38.2,0.3,17.8,3.6,2.6,2.2,6.8,11.2,11.9,17.1,96.6,97.6,3.4,2.4,100.0,0.0,0.0,0.0,0.0,0.0,0.0,0.0,0.0,0.0,0.0,0.0,0.0,0.0,0.0,0.0,119,45.0,37.0,5.0,10.0,14.0,7.0,10.0,13.0,14,24.0,30,109,102,119,45.0,37.0,5.0,10.0,14.0,7.0,10.0,13.0,14,24.0,30,109,102,0,0,0,0,0,0,0,0,0,0,0,0,0,0,39.9,34.3,51.2,51.6,33.8,29.7,40.8,44.8,39.9,34.3,51.2,51.6,33.8,29.7,40.8,44.8,0.0,0.0,0.0,0.0,0.0,0.0,0.0,0.0,"(CONTRACTS OF 1,000 BARRELS)",N10,CRUDE OIL,PETROLEUM AND PRODUCTS,NATURAL RESOURCES,FutOnly
220125067411F,"CRUDE OIL, LIGHT SWEET-WTI - ICE FUTURES EUROPE",2022-01-25T00:00:00.000,2022 Report Week 04,"CRUDE OIL, LIGHT SWEET-WTI",67411,ICEU,NYC,67,CRUDE OIL,478752,266901,186491,2438,84335,16221,14118,12446,31423,53608,57173,78894,463603,466983,15149,11769,478752,266901,186491,2438,84335,16221,14118,12446,31423,53608,57173,78894,463603,466983,15149,11769,0,0,0,0,0,0,0,0,0,0,0,0,0,0,0,0,-4326.0,5471.0,-732.0,489.0,-1421.0,-3783.0,-1278.0,3049.0,-1906.0,-4580.0,1254.0,363.0,-5224.0,-3176.0,898.0,-1150.0,100.0,55.7,39.0,0.5,17.6,3.4,2.9,2.6,6.6,11.2,11.9,16.5,96.8,97.5,3.2,2.5,100.0,55.7,39.0,0.5,17.6,3.4,2.9,2.6,6.6,11.2,11.9,16.5,96.8,97.5,3.2,2.5,100.0,0.0,0.0,0.0,0.0,0.0,0.0,0.0,0.0,0.0,0.0,0.0,0.0,0.0,0.0,0.0,115,41.0,34.0,6.0,9.0,14.0,7.0,10.0,12.0,12,24.0,29,104,97,115,41.0,34.0,6.0,9.0,14.0,7.0,10.0,12.0,12,24.0,29,104,97,0,0,0,0,0,0,0,0,0,0,0,0,0,0,39.7,34.0,52.3,51.2,33.4,29.3,41.7,44.5,39.7,34.0,52.3,51.2,33.4,29.3,41.7,44.5,0.0,0.0,0.0,0.0,0.0,0.0,0.0,0.0,"(CONTRACTS OF 1,000 BARRELS)",N10,CRUDE OIL,PETROLEUM AND PRODUCTS,NATURAL RESOURCES,FutOnly
220118067411F,"CRUDE OIL, LIGHT SWEET-WTI - ICE FUTURES EUROPE",2022-01-18T00:00:00.000,2022 Report Week 03,"CRUDE OIL, LIGHT SWEET-WTI",67411,ICEU,NYC,67,CRUDE OIL,483078,261430,187223,1949,85756,20004,15396,9397,33329,58188,55919,78531,468827,470159,14251,12919,483078,261430,187223,1949,85756,20004,15396,9397,33329,58188,55919,78531,468827,470159,14251,12919,0,0,0,0,0,0,0,0,0,0,0,0,0,0,0,0,19754.0,17915.0,9910.0,513.0,-1798.0,985.0,-781.0,773.0,1134.0,-2808.0,6681.0,1300.0,18258.0,18985.0,1496.0,769.0,100.0,54.1,38.8,0.4,17.8,4.1,3.2,1.9,6.9,12.0,11.6,16.3,97.0,97.3,3.0,2.7,100.0,54.1,38.8,0.4,17.8,4.1,3.2,1.9,6.9,12.0,11.6,16.3,97.0,97.3,3.0,2.7,100.0,0.0,0.0,0.0,0.0,0.0,0.0,0.0,0.0,0.0,0.0,0.0,0.0,0.0,0.0,0.0,110,39.0,36.0,6.0,8.0,14.0,9.0,7.0,12.0,13,23.0,30,101,98,110,39.0,36.0,6.0,8.0,14.0,9.0,7.0,12.0,13,23.0,30,101,98,0,0,0,0,0,0,0,0,0,0,0,0,0,0,40.0,34.0,52.3,52.0,35.0,29.7,42.1,44.7,40.0,34.0,52.3,52.0,35.0,29.7,42.1,44.7,0.0,0.0,0.0,0.0,0.0,0.0,0.0,0.0,"(CONTRACTS OF 1,000 BARRELS)",N10,CRUDE OIL,PETROLEUM AND PRODUCTS,NATURAL RESOURCES,FutOnly
220111067411F,"CRUDE OIL, LIGHT SWEET-WTI - ICE FUTURES EUROPE",2022-01-11T00:00:00.000,2022 Report Week 02,"CRUDE OIL, LIGHT SWEET-WTI",67411,ICEU,NYC,67,CRUDE OIL,463324,243515,177313,1436,87554,19019,16177,8624,32195,60996,49238,77231,450569,451174,12755,12150,463324,243515,177313,1436,87554,19019,16177,8624,32195,60996,49238,77231,450569,451174,12755,12150,0,0,0,0,0,0,0,0,0,0,0,0,0,0,0,0,28677.0,28948.0,10385.0,62.0,2063.0,1986.0,300.0,-757.0,6298.0,-3670.0,12311.0,-2162.0,31762.0,30124.0,-3085.0,-1447.0,100.0,52.6,38.3,0.3,18.9,4.1,3.5,1.9,6.9,13.2,10.6,16.7,97.2,97.4,2.8,2.6,100.0,52.6,38.3,0.3,18.9,4.1,3.5,1.9,6.9,13.2,10.6,16.7,97.2,97.4,2.8,2.6,100.0,0.0,0.0,0.0,0.0,0.0,0.0,0.0,0.0,0.0,0.0,0.0,0.0,0.0,0.0,0.0,109,37.0,34.0,5.0,10.0,14.0,10.0,6.0,12.0,15,21.0,29,100,95,109,37.0,34.0,5.0,10.0,14.0,10.0,6.0,12.0,15,21.0,29,100,95,0,0,0,0,0,0,0,0,0,0,0,0,0,0,41.1,33.2,53.6,51.5,35.9,29.4,42.0,44.2,41.1,33.2,53.6,51.5,35.9,29.4,42.0,44.2,0.0,0.0,0.0,0.0,0.0,0.0,0.0,0.0,"(CONTRACTS OF 1,000 BARRELS)",N10,CRUDE OIL,PETROLEUM AND PRODUCTS,NATURAL RESOURCES,FutOnly
220104067411F,"CRUDE OIL, LIGHT SWEET-WTI - ICE FUTURES EUROPE",2022-01-04T00:00:00.000,2022 Report Week 01,"CRUDE OIL, LIGHT SWEET-WTI",67411,ICEU,NYC,67,CRUDE OIL,434647,214567,166928,1374,85491,17033,15877,9381,25897,64666,36927,79393,418807,421050,15840,13597,434647,214567,166928,1374,85491,17033,15877,9381,25897,64666,36927,79393,418807,421050,15840,13597,0,0,0,0,0,0,0,0,0,0,0,0,0,0,0,0,7796.0,6443.0,3448.0,550.0,1113.0,-340.0,-2121.0,-83.0,797.0,1892.0,2646.0,-1049.0,6172.0,6532.0,1624.0,1264.0,100.0,49.4,38.4,0.3,19.7,3.9,3.7,2.2,6.0,14.9,8.5,18.3,96.4,96.9,3.6,3.1,100.0,49.4,38.4,0.3,19.7,3.9,3.7,2.2,6.0,14.9,8.5,18.3,96.4,96.9,3.6,3.1,100.0,0.0,0.0,0.0,0.0,0.0,0.0,0.0,0.0,0.0,0.0,0.0,0.0,0.0,0.0,0.0,102,34.0,31.0,5.0,10.0,13.0,8.0,6.0,10.0,18,17.0,29,95,87,102,34.0,31.0,5.0,10.0,13.0,8.0,6.0,10.0,18,17.0,29,95,87,0,0,0,0,0,0,0,0,0,0,0,0,0,0,44.0,33.8,56.9,53.3,37.0,30.6,43.7,44.9,44.0,33.8,56.9,53.3,37.0,30.6,43.7,44.9,0.0,0.0,0.0,0.0,0.0,0.0,0.0,0.0,"(CONTRACTS OF 1,000 BARRELS)",N10,CRUDE OIL,PETROLEUM AND PRODUCTS,NATURAL RESOURCES,FutOnly
211228067411F,"CRUDE OIL, LIGHT SWEET-WTI - ICE FUTURES EUROPE",2021-12-28T00:00:00.000,2021 Report Week 52,"CRUDE OIL, LIGHT SWEET-WTI",67411,ICEU,NYC,67,CRUDE OIL,426851,208124,163480,824,84378,17373,17998,9464,25100,62774,34281,80442,412635,414518,14216,12333,426851,208124,163480,824,84378,17373,17998,9464,25100,62774,34281,80442,412635,414518,14216,12333,0,0,0,0,0,0,0,0,0,0,0,0,0,0,0,0,6399.0,352.0,4977.0,-473.0,85.0,538.0,620.0,1482.0,-252.0,2395.0,-3766.0,2824.0,6004.0,5888.0,395.0,511.0,100.0,48.8,38.3,0.2,19.8,4.1,4.2,2.2,5.9,14.7,8.0,18.8,96.7,97.1,3.3,2.9,100.0,48.8,38.3,0.2,19.8,4.1,4.2,2.2,5.9,14.7,8.0,18.8,96.7,97.1,3.3,2.9,100.0,0.0,0.0,0.0,0.0,0.0,0.0,0.0,0.0,0.0,0.0,0.0,0.0,0.0,0.0,0.0,101,33.0,31.0,,13.0,13.0,9.0,6.0,9.0,17,18.0,29,94,86,101,33.0,31.0,,13.0,13.0,9.0,6.0,9.0,17,18.0,29,94,86,0,0,0,0,0,0,0,0,0,0,0,0,0,0,44.3,33.5,57.1,53.2,36.7,29.8,43.3,43.6,44.3,33.5,57.1,53.2,36.7,29.8,43.3,43.6,0.0,0.0,0.0,0.0,0.0,0.0,0.0,0.0,"(CONTRACTS OF 1,000 BARRELS)",N10,CRUDE OIL,PETROLEUM AND PRODUCTS,NATURAL RESOURCES,FutOnly
211221067411F,"CRUDE OIL, LIGHT SWEET-WTI - ICE FUTURES EUROPE",2021-12-21T00:00:00.000,2021 Report Week 51,"CRUDE OIL, LIGHT SWEET-WTI",67411,ICEU,NYC,67,CRUDE OIL,420452,207772,158503,1297,84293,16835,17378,7982,25352,60379,38047,77618,406631,408630,13821,11822,420452,207772,158503,1297,84293,16835,17378,7982,25352,60379,38047,77618,406631,408630,13821,11822,0,0,0,0,0,0,0,0,0,0,0,0,0,0,0,0,-16804.0,-5322.0,-3367.0,-516.0,-3470.0,-820.0,-1181.0,308.0,-1127.0,-1776.0,-3306.0,-6259.0,-17001.0,-18041.0,197.0,1237.0,100.0,49.4,37.7,0.3,20.0,4.0,4.1,1.9,6.0,14.4,9.0,18.5,96.7,97.2,3.3,2.8,100.0,49.4,37.7,0.3,20.0,4.0,4.1,1.9,6.0,14.4,9.0,18.5,96.7,97.2,3.3,2.8,100.0,0.0,0.0,0.0,0.0,0.0,0.0,0.0,0.0,0.0,0.0,0.0,0.0,0.0,0.0,0.0,101,35.0,31.0,4.0,11.0,13.0,9.0,6.0,9.0,15,19.0,28,94,86,101,35.0,31.0,4.0,11.0,13.0,9.0,6.0,9.0,15,19.0,28,94,86,0,0,0,0,0,0,0,0,0,0,0,0,0,0,44.6,33.3,57.6,53.2,37.1,29.2,43.8,43.4,44.6,33.3,57.6,53.2,37.1,29.2,43.8,43.4,0.0,0.0,0.0,0.0,0.0,0.0,0.0,0.0,"(CONTRACTS OF 1,000 BARRELS)",N10,CRUDE OIL,PETROLEUM AND PRODUCTS,NATURAL RESOURCES,FutOnly
211214067411F,"CRUDE OIL, LIGHT SWEET-WTI - ICE FUTURES EUROPE",2021-12-14T00:00:00.000,2021 Report Week 50,"CRUDE OIL, LIGHT SWEET-WTI",67411,ICEU,NYC,67,CRUDE OIL,437256,213094,161870,1813,87763,17655,18559,7674,26479,62155,41353,83877,423632,426671,13624,10585,437256,213094,161870,1813,87763,17655,18559,7674,26479,62155,41353,83877,423632,426671,13624,10585,0,0,0,0,0,0,0,0,0,0,0,0,0,0,0,0,-600.0,5962.0,8756.0,946.0,3393.0,-551.0,-2252.0,96.0,838.0,2630.0,-3370.0,-7178.0,395.0,1984.0,-995.0,-2584.0,100.0,48.7,37.0,0.4,20.1,4.0,4.2,1.8,6.1,14.2,9.5,19.2,96.9,97.6,3.1,2.4,100.0,48.7,37.0,0.4,20.1,4.0,4.2,1.8,6.1,14.2,9.5,19.2,96.9,97.6,3.1,2.4,100.0,0.0,0.0,0.0,0.0,0.0,0.0,0.0,0.0,0.0,0.0,0.0,0.0,0.0,0.0,0.0,111,36.0,35.0,,13.0,16.0,10.0,5.0,9.0,15,22.0,34,103,98,111,36.0,35.0,,13.0,16.0,10.0,5.0,9.0,15,22.0,34,103,98,0,0,0,0,0,0,0,0,0,0,0,0,0,0,43.9,31.8,56.0,51.0,35.6,27.8,41.9,41.2,43.9,31.8,56.0,51.0,35.6,27.8,41.9,41.2,0.0,0.0,0.0,0.0,0.0,0.0,0.0,0.0,"(CONTRACTS OF 1,000 BARRELS)",N10,CRUDE OIL,PETROLEUM AND PRODUCTS,NATURAL RESOURCES,FutOnly
211207067411F,"CRUDE OIL, LIGHT SWEET-WTI - ICE FUTURES EUROPE",2021-12-07T00:00:00.000,2021 Report Week 49,"CRUDE OIL, LIGHT SWEET-WTI",67411,ICEU,NYC,67,CRUDE OIL,437856,207132,153114,867,84370,18206,20811,7578,25641,59525,44723,91055,423237,424687,14619,13169,437856,207132,153114,867,84370,18206,20811,7578,25641,59525,44723,91055,423237,424687,14619,13169,0,0,0,0,0,0,0,0,0,0,0,0,0,0,0,0,-3766.0,-1288.0,-2197.0,-236.0,-1769.0,1381.0,-5796.0,-295.0,2256.0,-844.0,-6715.0,1406.0,-3121.0,-5933.0,-645.0,2167.0,100.0,47.3,35.0,0.2,19.3,4.2,4.8,1.7,5.9,13.6,10.2,20.8,96.7,97.0,3.3,3.0,100.0,47.3,35.0,0.2,19.3,4.2,4.8,1.7,5.9,13.6,10.2,20.8,96.7,97.0,3.3,3.0,100.0,0.0,0.0,0.0,0.0,0.0,0.0,0.0,0.0,0.0,0.0,0.0,0.0,0.0,0.0,0.0,104,37.0,34.0,,13.0,15.0,10.0,4.0,10.0,10,23.0,32,99,94,104,37.0,34.0,,13.0,15.0,10.0,4.0,10.0,10,23.0,32,99,94,0,0,0,0,0,0,0,0,0,0,0,0,0,0,45.7,32.7,57.2,51.3,36.3,27.6,42.5,40.7,45.7,32.7,57.2,51.3,36.3,27.6,42.5,40.7,0.0,0.0,0.0,0.0,0.0,0.0,0.0,0.0,"(CONTRACTS OF 1,000 BARRELS)",N10,CRUDE OIL,PETROLEUM AND PRODUCTS,NATURAL RESOURCES,FutOnly
211130067411F,"CRUDE OIL, LIGHT SWEET-WTI - ICE FUTURES EUROPE",2021-11-30T00:00:00.000,2021 Report Week 48,"CRUDE OIL, LIGHT SWEET-WTI",67411,ICEU,NYC,67,CRUDE OIL,441622,208420,155311,1103,86139,16825,26607,7873,23385,60369,51438,89649,426358,430620,15264,11002,441622,208420,155311,1103,86139,16825,26607,7873,23385,60369,51438,89649,426358,430620,15264,11002,0,0,0,0,0,0,0,0,0,0,0,0,0,0,0,0,-4195.0,-2297.0,-7252.0,196.0,543.0,-1373.0,9.0,327.0,332.0,-1903.0,2731.0,1463.0,-3573.0,-3229.0,-622.0,-966.0,100.0,47.2,35.2,0.2,19.5,3.8,6.0,1.8,5.3,13.7,11.6,20.3,96.5,97.5,3.5,2.5,100.0,47.2,35.2,0.2,19.5,3.8,6.0,1.8,5.3,13.7,11.6,20.3,96.5,97.5,3.5,2.5,100.0,0.0,0.0,0.0,0.0,0.0,0.0,0.0,0.0,0.0,0.0,0.0,0.0,0.0,0.0,0.0,105,33.0,33.0,,12.0,15.0,10.0,4.0,10.0,11,24.0,35,97,96,105,33.0,33.0,,12.0,15.0,10.0,4.0,10.0,11,24.0,35,97,96,0,0,0,0,0,0,0,0,0,0,0,0,0,0,46.6,34.3,58.6,52.6,38.0,28.9,44.8,43.6,46.6,34.3,58.6,52.6,38.0,28.9,44.8,43.6,0.0,0.0,0.0,0.0,0.0,0.0,0.0,0.0,"(CONTRACTS OF 1,000 BARRELS)",N10,CRUDE OIL,PETROLEUM AND PRODUCTS,NATURAL RESOURCES,FutOnly
211123067411F,"CRUDE OIL, LIGHT SWEET-WTI - ICE FUTURES EUROPE",2021-11-23T00:00:00.000,2021 Report Week 47,"CRUDE OIL, LIGHT SWEET-WTI",67411,ICEU,NYC,67,CRUDE OIL,445817,210717,162563,907,85596,18198,26598,7546,23053,62272,48707,88186,429931,433849,15886,11968,445817,210717,162563,907,85596,18198,26598,7546,23053,62272,48707,88186,429931,433849,15886,11968,0,0,0,0,0,0,0,0,0,0,0,0,0,0,0,0,-46021.0,-25024.0,-19478.0,-1142.0,-4087.0,-6087.0,841.0,-104.0,-3932.0,1723.0,1317.0,-12069.0,-45690.0,-44440.0,-331.0,-1581.0,100.0,47.3,36.5,0.2,19.2,4.1,6.0,1.7,5.2,14.0,10.9,19.8,96.4,97.3,3.6,2.7,100.0,47.3,36.5,0.2,19.2,4.1,6.0,1.7,5.2,14.0,10.9,19.8,96.4,97.3,3.6,2.7,100.0,0.0,0.0,0.0,0.0,0.0,0.0,0.0,0.0,0.0,0.0,0.0,0.0,0.0,0.0,0.0,103,31.0,34.0,,13.0,15.0,10.0,4.0,10.0,8,25.0,33,93,94,103,31.0,34.0,,13.0,15.0,10.0,4.0,10.0,8,25.0,33,93,94,0,0,0,0,0,0,0,0,0,0,0,0,0,0,47.9,35.3,59.8,53.0,39.5,28.9,46.0,43.9,47.9,35.3,59.8,53.0,39.5,28.9,46.0,43.9,0.0,0.0,0.0,0.0,0.0,0.0,0.0,0.0,"(CONTRACTS OF 1,000 BARRELS)",N10,CRUDE OIL,PETROLEUM AND PRODUCTS,NATURAL RESOURCES,FutOnly
211116067411F,"CRUDE OIL, LIGHT SWEET-WTI - ICE FUTURES EUROPE",2021-11-16T00:00:00.000,2021 Report Week 46,"CRUDE OIL, LIGHT SWEET-WTI",67411,ICEU,NYC,67,CRUDE OIL,491838,235741,182041,2049,89683,24285,25757,7650,26985,60549,47390,100255,475621,478289,16217,13549,491838,235741,182041,2049,89683,24285,25757,7650,26985,60549,47390,100255,475621,478289,16217,13549,0,0,0,0,0,0,0,0,0,0,0,0,0,0,0,0,-5290.0,-5560.0,-1876.0,1515.0,477.0,-2156.0,4380.0,-933.0,-4727.0,1764.0,3362.0,-1274.0,-6058.0,-7127.0,768.0,1837.0,100.0,47.9,37.0,0.4,18.2,4.9,5.2,1.6,5.5,12.3,9.6,20.4,96.7,97.2,3.3,2.8,100.0,47.9,37.0,0.4,18.2,4.9,5.2,1.6,5.5,12.3,9.6,20.4,96.7,97.2,3.3,2.8,100.0,0.0,0.0,0.0,0.0,0.0,0.0,0.0,0.0,0.0,0.0,0.0,0.0,0.0,0.0,0.0,113,36.0,37.0,,14.0,17.0,12.0,4.0,13.0,8,26.0,34,105,102,113,36.0,37.0,,14.0,17.0,12.0,4.0,13.0,8,26.0,34,105,102,0,0,0,0,0,0,0,0,0,0,0,0,0,0,44.0,32.9,54.9,50.2,35.5,27.1,41.1,39.8,44.0,32.9,54.9,50.2,35.5,27.1,41.1,39.8,0.0,0.0,0.0,0.0,0.0,0.0,0.0,0.0,"(CONTRACTS OF 1,000 BARRELS)",N10,CRUDE OIL,PETROLEUM AND PRODUCTS,NATURAL RESOURCES,FutOnly
211109067411F,"CRUDE OIL, LIGHT SWEET-WTI - ICE FUTURES EUROPE",2021-11-09T00:00:00.000,2021 Report Week 45,"CRUDE OIL, LIGHT SWEET-WTI",67411,ICEU,NYC,67,CRUDE OIL,497128,241301,183917,534,89206,26441,21377,8583,31712,58785,44028,101529,481679,485416,15449,11712,497128,241301,183917,534,89206,26441,21377,8583,31712,58785,44028,101529,481679,485416,15449,11712,0,0,0,0,0,0,0,0,0,0,0,0,0,0,0,0,-7449.0,-13952.0,1820.0,-979.0,-3957.0,-1354.0,-6492.0,-160.0,-3179.0,5766.0,-12638.0,12567.0,-7623.0,-6901.0,174.0,-548.0,100.0,48.5,37.0,0.1,17.9,5.3,4.3,1.7,6.4,11.8,8.9,20.4,96.9,97.6,3.1,2.4,100.0,48.5,37.0,0.1,17.9,5.3,4.3,1.7,6.4,11.8,8.9,20.4,96.9,97.6,3.1,2.4,100.0,0.0,0.0,0.0,0.0,0.0,0.0,0.0,0.0,0.0,0.0,0.0,0.0,0.0,0.0,0.0,117,40.0,41.0,4.0,14.0,18.0,8.0,7.0,13.0,9,25.0,32,107,107,117,40.0,41.0,4.0,14.0,18.0,8.0,7.0,13.0,9,25.0,32,107,107,0,0,0,0,0,0,0,0,0,0,0,0,0,0,43.7,33.0,55.2,50.2,35.3,27.6,40.8,40.0,43.7,33.0,55.2,50.2,35.3,27.6,40.8,40.0,0.0,0.0,0.0,0.0,0.0,0.0,0.0,0.0,"(CONTRACTS OF 1,000 BARRELS)",N10,CRUDE OIL,PETROLEUM AND PRODUCTS,NATURAL RESOURCES,FutOnly
211102067411F,"CRUDE OIL, LIGHT SWEET-WTI - ICE FUTURES EUROPE",2021-11-02T00:00:00.000,2021 Report Week 44,"CRUDE OIL, LIGHT SWEET-WTI",67411,ICEU,NYC,67,CRUDE OIL,504577,255253,182097,1513,93163,27795,27869,8743,34891,53019,56666,88962,489302,492317,15275,12260,504577,255253,182097,1513,93163,27795,27869,8743,34891,53019,56666,88962,489302,492317,15275,12260,0,0,0,0,0,0,0,0,0,0,0,0,0,0,0,0,1483.0,10246.0,1330.0,-985.0,-2735.0,-18.0,1968.0,-282.0,-4509.0,-3162.0,9479.0,-1157.0,2383.0,2108.0,-900.0,-625.0,100.0,50.6,36.1,0.3,18.5,5.5,5.5,1.7,6.9,10.5,11.2,17.6,97.0,97.6,3.0,2.4,100.0,50.6,36.1,0.3,18.5,5.5,5.5,1.7,6.9,10.5,11.2,17.6,97.0,97.6,3.0,2.4,100.0,0.0,0.0,0.0,0.0,0.0,0.0,0.0,0.0,0.0,0.0,0.0,0.0,0.0,0.0,0.0,118,38.0,39.0,5.0,13.0,18.0,12.0,6.0,14.0,11,24.0,31,108,105,118,38.0,39.0,5.0,13.0,18.0,12.0,6.0,14.0,11,24.0,31,108,105,0,0,0,0,0,0,0,0,0,0,0,0,0,0,42.8,33.5,54.6,51.2,35.6,28.9,41.7,42.7,42.8,33.5,54.6,51.2,35.6,28.9,41.7,42.7,0.0,0.0,0.0,0.0,0.0,0.0,0.0,0.0,"(CONTRACTS OF 1,000 BARRELS)",N10,CRUDE OIL,PETROLEUM AND PRODUCTS,NATURAL RESOURCES,FutOnly
211026067411F,"CRUDE OIL, LIGHT SWEET-WTI - ICE FUTURES EUROPE",2021-10-26T00:00:00.000,2021 Report Week 43,"CRUDE OIL, LIGHT SWEET-WTI",67411,ICEU,NYC,67,CRUDE OIL,503094,245007,180767,2498,95898,27813,25901,9025,39400,56181,47187,90119,486919,490209,16175,12885,503094,245007,180767,2498,95898,27813,25901,9025,39400,56181,47187,90119,486919,490209,16175,12885,0,0,0,0,0,0,0,0,0,0,0,0,0,0,0,0,-21077.0,-7375.0,1760.0,2049.0,-3025.0,-5447.0,-3329.0,-2917.0,1873.0,2108.0,-1006.0,-12163.0,-22284.0,-20925.0,1207.0,-152.0,100.0,48.7,35.9,0.5,19.1,5.5,5.1,1.8,7.8,11.2,9.4,17.9,96.8,97.4,3.2,2.6,100.0,48.7,35.9,0.5,19.1,5.5,5.1,1.8,7.8,11.2,9.4,17.9,96.8,97.4,3.2,2.6,100.0,0.0,0.0,0.0,0.0,0.0,0.0,0.0,0.0,0.0,0.0,0.0,0.0,0.0,0.0,0.0,115,40.0,38.0,5.0,13.0,18.0,9.0,7.0,13.0,12,22.0,27,106,100,115,40.0,38.0,5.0,13.0,18.0,9.0,7.0,13.0,12,22.0,27,106,100,0,0,0,0,0,0,0,0,0,0,0,0,0,0,43.0,33.5,54.7,51.1,35.5,29.8,41.5,42.8,43.0,33.5,54.7,51.1,35.5,29.8,41.5,42.8,0.0,0.0,0.0,0.0,0.0,0.0,0.0,0.0,"(CONTRACTS OF 1,000 BARRELS)",N10,CRUDE OIL,PETROLEUM AND PRODUCTS,NATURAL RESOURCES,FutOnly
211019067411F,"CRUDE OIL, LIGHT SWEET-WTI - ICE FUTURES EUROPE",2021-10-19T00:00:00.000,2021 Report Week 42,"CRUDE OIL, LIGHT SWEET-WTI",67411,ICEU,NYC,67,CRUDE OIL,524171,252382,179007,449,98923,33260,29230,11942,37527,54073,48193,102282,509203,511134,14968,13037,524171,252382,179007,449,98923,33260,29230,11942,37527,54073,48193,102282,509203,511134,14968,13037,0,0,0,0,0,0,0,0,0,0,0,0,0,0,0,0,-15797.0,-15109.0,-3530.0,-288.0,-1336.0,2001.0,3835.0,788.0,-94.0,4135.0,-3401.0,-8451.0,-13971.0,-14023.0,-1826.0,-1774.0,100.0,48.1,34.2,0.1,18.9,6.3,5.6,2.3,7.2,10.3,9.2,19.5,97.1,97.5,2.9,2.5,100.0,48.1,34.2,0.1,18.9,6.3,5.6,2.3,7.2,10.3,9.2,19.5,97.1,97.5,2.9,2.5,100.0,0.0,0.0,0.0,0.0,0.0,0.0,0.0,0.0,0.0,0.0,0.0,0.0,0.0,0.0,0.0,118,42.0,36.0,,16.0,19.0,11.0,8.0,13.0,13,19.0,29,111,101,118,42.0,36.0,,16.0,19.0,11.0,8.0,13.0,13,19.0,29,111,101,0,0,0,0,0,0,0,0,0,0,0,0,0,0,42.9,32.2,54.0,49.8,34.3,28.1,40.2,40.5,42.9,32.2,54.0,49.8,34.3,28.1,40.2,40.5,0.0,0.0,0.0,0.0,0.0,0.0,0.0,0.0,"(CONTRACTS OF 1,000 BARRELS)",N10,CRUDE OIL,PETROLEUM AND PRODUCTS,NATURAL RESOURCES,FutOnly
211012067411F,"CRUDE OIL, LIGHT SWEET-WTI - ICE FUTURES EUROPE",2021-10-12T00:00:00.000,2021 Report Week 41,"CRUDE OIL, LIGHT SWEET-WTI",67411,ICEU,NYC,67,CRUDE OIL,539968,267491,182537,737,100259,31259,25395,11154,37621,49938,51594,110733,523174,525157,16794,14811,539968,267491,182537,737,100259,31259,25395,11154,37621,49938,51594,110733,523174,525157,16794,14811,0,0,0,0,0,0,0,0,0,0,0,0,0,0,0,0,-17003.0,-17731.0,-10011.0,-1416.0,6501.0,-2948.0,-61.0,-4700.0,3123.0,454.0,-9511.0,757.0,-17822.0,-16789.0,819.0,-214.0,100.0,49.5,33.8,0.1,18.6,5.8,4.7,2.1,7.0,9.2,9.6,20.5,96.9,97.3,3.1,2.7,100.0,49.5,33.8,0.1,18.6,5.8,4.7,2.1,7.0,9.2,9.6,20.5,96.9,97.3,3.1,2.7,100.0,0.0,0.0,0.0,0.0,0.0,0.0,0.0,0.0,0.0,0.0,0.0,0.0,0.0,0.0,0.0,116,37.0,33.0,,16.0,19.0,12.0,6.0,14.0,13,21.0,30,108,99,116,37.0,33.0,,16.0,19.0,12.0,6.0,14.0,13,21.0,30,108,99,0,0,0,0,0,0,0,0,0,0,0,0,0,0,41.9,34.1,51.5,51.9,33.0,28.8,37.7,41.0,41.9,34.1,51.5,51.9,33.0,28.8,37.7,41.0,0.0,0.0,0.0,0.0,0.0,0.0,0.0,0.0,"(CONTRACTS OF 1,000 BARRELS)",N10,CRUDE OIL,PETROLEUM AND PRODUCTS,NATURAL RESOURCES,FutOnly
211005067411F,"CRUDE OIL, LIGHT SWEET-WTI - ICE FUTURES EUROPE",2021-10-05T00:00:00.000,2021 Report Week 40,"CRUDE OIL, LIGHT SWEET-WTI",67411,ICEU,NYC,67,CRUDE OIL,556971,285222,192548,2153,93758,34207,25456,15854,34498,49484,61105,109976,540996,541946,15975,15025,556971,285222,192548,2153,93758,34207,25456,15854,34498,49484,61105,109976,540996,541946,15975,15025,0,0,0,0,0,0,0,0,0,0,0,0,0,0,0,0,2681.0,19023.0,-5131.0,698.0,135.0,-372.0,-7172.0,1665.0,3049.0,-3284.0,12961.0,-9785.0,2157.0,2522.0,524.0,159.0,100.0,51.2,34.6,0.4,16.8,6.1,4.6,2.8,6.2,8.9,11.0,19.7,97.1,97.3,2.9,2.7,100.0,51.2,34.6,0.4,16.8,6.1,4.6,2.8,6.2,8.9,11.0,19.7,97.1,97.3,2.9,2.7,100.0,0.0,0.0,0.0,0.0,0.0,0.0,0.0,0.0,0.0,0.0,0.0,0.0,0.0,0.0,0.0,123,39.0,33.0,6.0,14.0,19.0,11.0,8.0,14.0,13,24.0,33,112,105,123,39.0,33.0,6.0,14.0,19.0,11.0,8.0,14.0,13,24.0,33,112,105,0,0,0,0,0,0,0,0,0,0,0,0,0,0,40.4,31.8,50.3,49.5,32.1,26.5,37.8,38.9,40.4,31.8,50.3,49.5,32.1,26.5,37.8,38.9,0.0,0.0,0.0,0.0,0.0,0.0,0.0,0.0,"(CONTRACTS OF 1,000 BARRELS)",N10,CRUDE OIL,PETROLEUM AND PRODUCTS,NATURAL RESOURCES,FutOnly
210928067411F,"CRUDE OIL, LIGHT SWEET-WTI - ICE FUTURES EUROPE",2021-09-28T00:00:00.000,2021 Report Week 39,"CRUDE OIL, LIGHT SWEET-WTI",67411,ICEU,NYC,67,CRUDE OIL,554290,266199,197679,1455,93623,34579,32628,14189,31449,52768,48144,119761,538839,539424,15451,14866,554290,266199,197679,1455,93623,34579,32628,14189,31449,52768,48144,119761,538839,539424,15451,14866,0,0,0,0,0,0,0,0,0,0,0,0,0,0,0,0,34322.0,10489.0,10897.0,-97.0,-3123.0,2480.0,7652.0,-1503.0,1276.0,-2531.0,9518.0,13974.0,33243.0,33519.0,1079.0,803.0,100.0,48.0,35.7,0.3,16.9,6.2,5.9,2.6,5.7,9.5,8.7,21.6,97.2,97.3,2.8,2.7,100.0,48.0,35.7,0.3,16.9,6.2,5.9,2.6,5.7,9.5,8.7,21.6,97.2,97.3,2.8,2.7,100.0,0.0,0.0,0.0,0.0,0.0,0.0,0.0,0.0,0.0,0.0,0.0,0.0,0.0,0.0,0.0,120,38.0,31.0,5.0,15.0,19.0,12.0,8.0,13.0,12,24.0,33,111,102,120,38.0,31.0,5.0,15.0,19.0,12.0,8.0,13.0,12,24.0,33,111,102,0,0,0,0,0,0,0,0,0,0,0,0,0,0,38.1,32.1,48.3,49.2,29.1,27.1,35.1,37.9,38.1,32.1,48.3,49.2,29.1,27.1,35.1,37.9,0.0,0.0,0.0,0.0,0.0,0.0,0.0,0.0,"(CONTRACTS OF 1,000 BARRELS)",N10,CRUDE OIL,PETROLEUM AND PRODUCTS,NATURAL RESOURCES,FutOnly
210921067411F,"CRUDE OIL, LIGHT SWEET-WTI - ICE FUTURES EUROPE",2021-09-21T00:00:00.000,2021 Report Week 38,"CRUDE OIL, LIGHT SWEET-WTI",67411,ICEU,NYC,67,CRUDE OIL,519968,255710,186782,1552,96746,32099,24976,15692,30173,55299,38626,105787,505596,505905,14372,14063,519968,255710,186782,1552,96746,32099,24976,15692,30173,55299,38626,105787,505596,505905,14372,14063,0,0,0,0,0,0,0,0,0,0,0,0,0,0,0,0,-1734.0,2884.0,7885.0,274.0,372.0,-3385.0,719.0,2057.0,-2944.0,3705.0,-2598.0,-845.0,408.0,542.0,-2142.0,-2276.0,100.0,49.2,35.9,0.3,18.6,6.2,4.8,3.0,5.8,10.6,7.4,20.3,97.2,97.3,2.8,2.7,100.0,49.2,35.9,0.3,18.6,6.2,4.8,3.0,5.8,10.6,7.4,20.3,97.2,97.3,2.8,2.7,100.0,0.0,0.0,0.0,0.0,0.0,0.0,0.0,0.0,0.0,0.0,0.0,0.0,0.0,0.0,0.0,120,39.0,34.0,5.0,15.0,19.0,9.0,8.0,11.0,13,24.0,34,109,106,120,39.0,34.0,5.0,15.0,19.0,9.0,8.0,11.0,13,24.0,34,109,106,0,0,0,0,0,0,0,0,0,0,0,0,0,0,39.3,31.8,49.1,49.8,30.5,28.9,36.8,39.0,39.3,31.8,49.1,49.8,30.5,28.9,36.8,39.0,0.0,0.0,0.0,0.0,0.0,0.0,0.0,0.0,"(CONTRACTS OF 1,000 BARRELS)",N10,CRUDE OIL,PETROLEUM AND PRODUCTS,NATURAL RESOURCES,FutOnly
210914067411F,"CRUDE OIL, LIGHT SWEET-WTI - ICE FUTURES EUROPE",2021-09-14T00:00:00.000,2021 Report Week 37,"CRUDE OIL, LIGHT SWEET-WTI",67411,ICEU,NYC,67,CRUDE OIL,521702,252826,178897,1278,96374,35484,24257,13635,33117,51594,41224,106632,505188,505363,16514,16339,521702,252826,178897,1278,96374,35484,24257,13635,33117,51594,41224,106632,505188,505363,16514,16339,0,0,0,0,0,0,0,0,0,0,0,0,0,0,0,0,-11842.0,-29044.0,-12591.0,-705.0,-3766.0,4206.0,965.0,-1338.0,-2513.0,3397.0,-5463.0,9143.0,-14551.0,-12322.0,2709.0,480.0,100.0,48.5,34.3,0.2,18.5,6.8,4.6,2.6,6.3,9.9,7.9,20.4,96.8,96.9,3.2,3.1,100.0,48.5,34.3,0.2,18.5,6.8,4.6,2.6,6.3,9.9,7.9,20.4,96.8,96.9,3.2,3.1,100.0,0.0,0.0,0.0,0.0,0.0,0.0,0.0,0.0,0.0,0.0,0.0,0.0,0.0,0.0,0.0,115,37.0,30.0,4.0,15.0,18.0,8.0,9.0,14.0,9,26.0,33,107,100,115,37.0,30.0,4.0,15.0,18.0,8.0,9.0,14.0,9,26.0,33,107,100,0,0,0,0,0,0,0,0,0,0,0,0,0,0,38.6,30.6,50.2,49.0,30.4,27.7,37.1,38.0,38.6,30.6,50.2,49.0,30.4,27.7,37.1,38.0,0.0,0.0,0.0,0.0,0.0,0.0,0.0,0.0,"(CONTRACTS OF 1,000 BARRELS)",N10,CRUDE OIL,PETROLEUM AND PRODUCTS,NATURAL RESOURCES,FutOnly
210907067411F,"CRUDE OIL, LIGHT SWEET-WTI - ICE FUTURES EUROPE",2021-09-07T00:00:00.000,2021 Report Week 36,"CRUDE OIL, LIGHT SWEET-WTI",67411,ICEU,NYC,67,CRUDE OIL,533544,281870,191488,1983,100140,31278,23292,14973,35630,48197,46687,97489,519739,517685,13805,15859,533544,281870,191488,1983,100140,31278,23292,14973,35630,48197,46687,97489,519739,517685,13805,15859,0,0,0,0,0,0,0,0,0,0,0,0,0,0,0,0,-2102.0,-9196.0,-4904.0,274.0,123.0,66.0,-2854.0,-5716.0,2099.0,-53.0,-1567.0,6655.0,-3009.0,-3244.0,907.0,1142.0,100.0,52.8,35.9,0.4,18.8,5.9,4.4,2.8,6.7,9.0,8.8,18.3,97.4,97.0,2.6,3.0,100.0,52.8,35.9,0.4,18.8,5.9,4.4,2.8,6.7,9.0,8.8,18.3,97.4,97.0,2.6,3.0,100.0,0.0,0.0,0.0,0.0,0.0,0.0,0.0,0.0,0.0,0.0,0.0,0.0,0.0,0.0,0.0,118,39.0,35.0,5.0,14.0,18.0,8.0,9.0,12.0,11,27.0,33,109,104,118,39.0,35.0,5.0,14.0,18.0,8.0,9.0,12.0,11,27.0,33,109,104,0,0,0,0,0,0,0,0,0,0,0,0,0,0,39.2,30.0,52.6,48.6,30.6,26.9,39.2,37.9,39.2,30.0,52.6,48.6,30.6,26.9,39.2,37.9,0.0,0.0,0.0,0.0,0.0,0.0,0.0,0.0,"(CONTRACTS OF 1,000 BARRELS)",N10,CRUDE OIL,PETROLEUM AND PRODUCTS,NATURAL RESOURCES,FutOnly
210831067411F,"CRUDE OIL, LIGHT SWEET-WTI - ICE FUTURES EUROPE",2021-08-31T00:00:00.000,2021 Report Week 35,"CRUDE OIL, LIGHT SWEET-WTI",67411,ICEU,NYC,67,CRUDE OIL,535646,291066,196392,1709,100017,31212,26146,20689,33531,48250,48254,90834,522748,520929,12898,14717,535646,291066,196392,1709,100017,31212,26146,20689,33531,48250,48254,90834,522748,520929,12898,14717,0,0,0,0,0,0,0,0,0,0,0,0,0,0,0,0,-18352.0,-11591.0,-7454.0,-144.0,-2195.0,1814.0,1887.0,3465.0,-807.0,-1735.0,-5965.0,-7400.0,-17976.0,-18542.0,-376.0,190.0,100.0,54.3,36.7,0.3,18.7,5.8,4.9,3.9,6.3,9.0,9.0,17.0,97.6,97.3,2.4,2.7,100.0,54.3,36.7,0.3,18.7,5.8,4.9,3.9,6.3,9.0,9.0,17.0,97.6,97.3,2.4,2.7,100.0,0.0,0.0,0.0,0.0,0.0,0.0,0.0,0.0,0.0,0.0,0.0,0.0,0.0,0.0,0.0,123,40.0,36.0,5.0,14.0,18.0,10.0,8.0,13.0,11,28.0,35,113,107,123,40.0,36.0,5.0,14.0,18.0,10.0,8.0,13.0,11,28.0,35,113,107,0,0,0,0,0,0,0,0,0,0,0,0,0,0,40.6,29.7,53.6,48.5,31.9,26.5,40.8,37.5,40.6,29.7,53.6,48.5,31.9,26.5,40.8,37.5,0.0,0.0,0.0,0.0,0.0,0.0,0.0,0.0,"(CONTRACTS OF 1,000 BARRELS)",N10,CRUDE OIL,PETROLEUM AND PRODUCTS,NATURAL RESOURCES,FutOnly
210824067411F,"CRUDE OIL, LIGHT SWEET-WTI - ICE FUTURES EUROPE",2021-08-24T00:00:00.000,2021 Report Week 34,"CRUDE OIL, LIGHT SWEET-WTI",67411,ICEU,NYC,67,CRUDE OIL,553998,302657,203846,1853,102212,29398,24259,17224,34338,49985,54219,98234,540724,539471,13274,14527,553998,302657,203846,1853,102212,29398,24259,17224,34338,49985,54219,98234,540724,539471,13274,14527,0,0,0,0,0,0,0,0,0,0,0,0,0,0,0,0,-48654.0,-43446.0,-10279.0,-916.0,-12614.0,-3968.0,7575.0,-4842.0,1138.0,1582.0,-8613.0,-12294.0,-50329.0,-51472.0,1675.0,2818.0,100.0,54.6,36.8,0.3,18.4,5.3,4.4,3.1,6.2,9.0,9.8,17.7,97.6,97.4,2.4,2.6,100.0,54.6,36.8,0.3,18.4,5.3,4.4,3.1,6.2,9.0,9.8,17.7,97.6,97.4,2.4,2.6,100.0,0.0,0.0,0.0,0.0,0.0,0.0,0.0,0.0,0.0,0.0,0.0,0.0,0.0,0.0,0.0,118,41.0,37.0,5.0,14.0,18.0,10.0,6.0,12.0,13,26.0,36,111,107,118,41.0,37.0,5.0,14.0,18.0,10.0,6.0,12.0,13,26.0,36,111,107,0,0,0,0,0,0,0,0,0,0,0,0,0,0,39.4,28.9,54.7,47.8,31.4,26.6,40.5,37.4,39.4,28.9,54.7,47.8,31.4,26.6,40.5,37.4,0.0,0.0,0.0,0.0,0.0,0.0,0.0,0.0,"(CONTRACTS OF 1,000 BARRELS)",N10,CRUDE OIL,PETROLEUM AND PRODUCTS,NATURAL RESOURCES,FutOnly
210817067411F,"CRUDE OIL, LIGHT SWEET-WTI - ICE FUTURES EUROPE",2021-08-17T00:00:00.000,2021 Report Week 33,"CRUDE OIL, LIGHT SWEET-WTI",67411,ICEU,NYC,67,CRUDE OIL,602652,346103,214125,2769,114826,33366,16684,22066,33200,48403,62832,110528,591053,590943,11599,11709,602652,346103,214125,2769,114826,33366,16684,22066,33200,48403,62832,110528,591053,590943,11599,11709,0,0,0,0,0,0,0,0,0,0,0,0,0,0,0,0,1830.0,1018.0,-2433.0,950.0,-7281.0,260.0,-286.0,2370.0,18.0,-352.0,7846.0,258.0,1866.0,1038.0,-36.0,792.0,100.0,57.4,35.5,0.5,19.1,5.5,2.8,3.7,5.5,8.0,10.4,18.3,98.1,98.1,1.9,1.9,100.0,57.4,35.5,0.5,19.1,5.5,2.8,3.7,5.5,8.0,10.4,18.3,98.1,98.1,1.9,1.9,100.0,0.0,0.0,0.0,0.0,0.0,0.0,0.0,0.0,0.0,0.0,0.0,0.0,0.0,0.0,0.0,124,43.0,39.0,4.0,17.0,19.0,6.0,8.0,13.0,15,26.0,38,117,113,124,43.0,39.0,4.0,17.0,19.0,6.0,8.0,13.0,15,26.0,38,117,113,0,0,0,0,0,0,0,0,0,0,0,0,0,0,42.4,29.7,57.3,48.1,34.6,26.1,41.7,36.5,42.4,29.7,57.3,48.1,34.6,26.1,41.7,36.5,0.0,0.0,0.0,0.0,0.0,0.0,0.0,0.0,"(CONTRACTS OF 1,000 BARRELS)",N10,CRUDE OIL,PETROLEUM AND PRODUCTS,NATURAL RESOURCES,FutOnly
210810067411F,"CRUDE OIL, LIGHT SWEET-WTI - ICE FUTURES EUROPE",2021-08-10T00:00:00.000,2021 Report Week 32,"CRUDE OIL, LIGHT SWEET-WTI",67411,ICEU,NYC,67,CRUDE OIL,600822,345085,216558,1819,122107,33106,16970,19696,33182,48755,54986,110270,589187,589905,11635,10917,600822,345085,216558,1819,122107,33106,16970,19696,33182,48755,54986,110270,589187,589905,11635,10917,0,0,0,0,0,0,0,0,0,0,0,0,0,0,0,0,13426.0,17850.0,7228.0,-50.0,-1039.0,-668.0,1844.0,5754.0,-1813.0,-2139.0,4083.0,-580.0,14444.0,12965.0,-1018.0,461.0,100.0,57.4,36.0,0.3,20.3,5.5,2.8,3.3,5.5,8.1,9.2,18.4,98.1,98.2,1.9,1.8,100.0,57.4,36.0,0.3,20.3,5.5,2.8,3.3,5.5,8.1,9.2,18.4,98.1,98.2,1.9,1.8,100.0,0.0,0.0,0.0,0.0,0.0,0.0,0.0,0.0,0.0,0.0,0.0,0.0,0.0,0.0,0.0,123,43.0,41.0,,18.0,19.0,7.0,7.0,12.0,11,29.0,37,115,114,123,43.0,41.0,,18.0,19.0,7.0,7.0,12.0,11,29.0,37,115,114,0,0,0,0,0,0,0,0,0,0,0,0,0,0,43.6,31.7,56.9,49.9,36.2,28.9,43.5,39.8,43.6,31.7,56.9,49.9,36.2,28.9,43.5,39.8,0.0,0.0,0.0,0.0,0.0,0.0,0.0,0.0,"(CONTRACTS OF 1,000 BARRELS)",N10,CRUDE OIL,PETROLEUM AND PRODUCTS,NATURAL RESOURCES,FutOnly
210803067411F,"CRUDE OIL, LIGHT SWEET-WTI - ICE FUTURES EUROPE",2021-08-03T00:00:00.000,2021 Report Week 31,"CRUDE OIL, LIGHT SWEET-WTI",67411,ICEU,NYC,67,CRUDE OIL,587396,327235,209330,1869,123146,33774,15126,13942,34995,50894,50903,110850,574743,576940,12653,10456,587396,327235,209330,1869,123146,33774,15126,13942,34995,50894,50903,110850,574743,576940,12653,10456,0,0,0,0,0,0,0,0,0,0,0,0,0,0,0,0,8764.0,6199.0,13209.0,-807.0,-924.0,1227.0,-1401.0,446.0,-3344.0,829.0,-5680.0,5068.0,7771.0,10002.0,993.0,-1238.0,100.0,55.7,35.6,0.3,21.0,5.7,2.6,2.4,6.0,8.7,8.7,18.9,97.8,98.2,2.2,1.8,100.0,55.7,35.6,0.3,21.0,5.7,2.6,2.4,6.0,8.7,8.7,18.9,97.8,98.2,2.2,1.8,100.0,0.0,0.0,0.0,0.0,0.0,0.0,0.0,0.0,0.0,0.0,0.0,0.0,0.0,0.0,0.0,120,42.0,39.0,,18.0,19.0,7.0,6.0,12.0,12,26.0,37,114,110,120,42.0,39.0,,18.0,19.0,7.0,6.0,12.0,12,26.0,37,114,110,0,0,0,0,0,0,0,0,0,0,0,0,0,0,42.9,32.5,56.1,50.9,38.1,30.4,44.6,41.3,42.9,32.5,56.1,50.9,38.1,30.4,44.6,41.3,0.0,0.0,0.0,0.0,0.0,0.0,0.0,0.0,"(CONTRACTS OF 1,000 BARRELS)",N10,CRUDE OIL,PETROLEUM AND PRODUCTS,NATURAL RESOURCES,FutOnly
210727067411F,"CRUDE OIL, LIGHT SWEET-WTI - ICE FUTURES EUROPE",2021-07-27T00:00:00.000,2021 Report Week 30,"CRUDE OIL, LIGHT SWEET-WTI",67411,ICEU,NYC,67,CRUDE OIL,578632,321036,196121,2676,124070,32547,16527,13496,38339,50065,56583,105782,566972,566938,11660,11694,578632,321036,196121,2676,124070,32547,16527,13496,38339,50065,56583,105782,566972,566938,11660,11694,0,0,0,0,0,0,0,0,0,0,0,0,0,0,0,0,-8424.0,2737.0,-312.0,239.0,-1221.0,-49.0,-5776.0,-4785.0,3036.0,-2543.0,1590.0,-6493.0,-8849.0,-8234.0,425.0,-190.0,100.0,55.5,33.9,0.5,21.4,5.6,2.9,2.3,6.6,8.7,9.8,18.3,98.0,98.0,2.0,2.0,100.0,55.5,33.9,0.5,21.4,5.6,2.9,2.3,6.6,8.7,9.8,18.3,98.0,98.0,2.0,2.0,100.0,0.0,0.0,0.0,0.0,0.0,0.0,0.0,0.0,0.0,0.0,0.0,0.0,0.0,0.0,0.0,121,37.0,38.0,5.0,17.0,19.0,9.0,5.0,12.0,10,26.0,34,108,108,121,37.0,38.0,5.0,17.0,19.0,9.0,5.0,12.0,10,26.0,34,108,108,0,0,0,0,0,0,0,0,0,0,0,0,0,0,42.5,33.0,56.2,51.1,38.0,29.8,44.9,41.5,42.5,33.0,56.2,51.1,38.0,29.8,44.9,41.5,0.0,0.0,0.0,0.0,0.0,0.0,0.0,0.0,"(CONTRACTS OF 1,000 BARRELS)",N10,CRUDE OIL,PETROLEUM AND PRODUCTS,NATURAL RESOURCES,FutOnly
210720067411F,"CRUDE OIL, LIGHT SWEET-WTI - ICE FUTURES EUROPE",2021-07-20T00:00:00.000,2021 Report Week 29,"CRUDE OIL, LIGHT SWEET-WTI",67411,ICEU,NYC,67,CRUDE OIL,587056,318299,196433,2437,125291,32596,22303,18281,35303,52608,54993,112275,575821,575172,11235,11884,587056,318299,196433,2437,125291,32596,22303,18281,35303,52608,54993,112275,575821,575172,11235,11884,0,0,0,0,0,0,0,0,0,0,0,0,0,0,0,0,2057.0,13092.0,-4832.0,-966.0,2793.0,-6129.0,-3487.0,5525.0,-2281.0,894.0,4177.0,1934.0,3057.0,1187.0,-1000.0,870.0,100.0,54.2,33.5,0.4,21.3,5.6,3.8,3.1,6.0,9.0,9.4,19.1,98.1,98.0,1.9,2.0,100.0,54.2,33.5,0.4,21.3,5.6,3.8,3.1,6.0,9.0,9.4,19.1,98.1,98.0,1.9,2.0,100.0,0.0,0.0,0.0,0.0,0.0,0.0,0.0,0.0,0.0,0.0,0.0,0.0,0.0,0.0,0.0,120,36.0,38.0,,17.0,18.0,9.0,5.0,12.0,13,25.0,37,110,107,120,36.0,38.0,,17.0,18.0,9.0,5.0,12.0,13,25.0,37,110,107,0,0,0,0,0,0,0,0,0,0,0,0,0,0,41.1,33.5,54.2,51.9,37.2,30.0,44.1,41.3,41.1,33.5,54.2,51.9,37.2,30.0,44.1,41.3,0.0,0.0,0.0,0.0,0.0,0.0,0.0,0.0,"(CONTRACTS OF 1,000 BARRELS)",N10,CRUDE OIL,PETROLEUM AND PRODUCTS,NATURAL RESOURCES,FutOnly
210713067411F,"CRUDE OIL, LIGHT SWEET-WTI - ICE FUTURES EUROPE",2021-07-13T00:00:00.000,2021 Report Week 28,"CRUDE OIL, LIGHT SWEET-WTI",67411,ICEU,NYC,67,CRUDE OIL,584999,305207,201265,3403,122498,38725,25790,12756,37584,51714,50816,110341,572764,573985,12235,11014,584999,305207,201265,3403,122498,38725,25790,12756,37584,51714,50816,110341,572764,573985,12235,11014,0,0,0,0,0,0,0,0,0,0,0,0,0,0,0,0,-7569.0,-7659.0,-16534.0,-3002.0,4911.0,1796.0,924.0,-2102.0,3176.0,-489.0,3300.0,553.0,-4701.0,-4900.0,-2868.0,-2669.0,100.0,52.2,34.4,0.6,20.9,6.6,4.4,2.2,6.4,8.8,8.7,18.9,97.9,98.1,2.1,1.9,100.0,52.2,34.4,0.6,20.9,6.6,4.4,2.2,6.4,8.8,8.7,18.9,97.9,98.1,2.1,1.9,100.0,0.0,0.0,0.0,0.0,0.0,0.0,0.0,0.0,0.0,0.0,0.0,0.0,0.0,0.0,0.0,123,41.0,41.0,6.0,14.0,17.0,7.0,7.0,12.0,15,24.0,39,115,111,123,41.0,41.0,6.0,14.0,17.0,7.0,7.0,12.0,15,24.0,39,115,111,0,0,0,0,0,0,0,0,0,0,0,0,0,0,41.2,34.3,53.7,52.6,37.0,30.1,43.9,41.3,41.2,34.3,53.7,52.6,37.0,30.1,43.9,41.3,0.0,0.0,0.0,0.0,0.0,0.0,0.0,0.0,"(CONTRACTS OF 1,000 BARRELS)",N10,CRUDE OIL,PETROLEUM AND PRODUCTS,NATURAL RESOURCES,FutOnly
210706067411F,"CRUDE OIL, LIGHT SWEET-WTI - ICE FUTURES EUROPE",2021-07-06T00:00:00.000,2021 Report Week 27,"CRUDE OIL, LIGHT SWEET-WTI",67411,ICEU,NYC,67,CRUDE OIL,592568,312866,217799,6405,117587,36929,24866,14858,34408,52203,47516,109788,577465,578885,15103,13683,592568,312866,217799,6405,117587,36929,24866,14858,34408,52203,47516,109788,577465,578885,15103,13683,0,0,0,0,0,0,0,0,0,0,0,0,0,0,0,0,18748.0,15540.0,1277.0,841.0,2263.0,-1507.0,1007.0,1485.0,-3095.0,-1086.0,11388.0,7287.0,18987.0,19098.0,-239.0,-350.0,100.0,52.8,36.8,1.1,19.8,6.2,4.2,2.5,5.8,8.8,8.0,18.5,97.5,97.7,2.5,2.3,100.0,52.8,36.8,1.1,19.8,6.2,4.2,2.5,5.8,8.8,8.0,18.5,97.5,97.7,2.5,2.3,100.0,0.0,0.0,0.0,0.0,0.0,0.0,0.0,0.0,0.0,0.0,0.0,0.0,0.0,0.0,0.0,119,45.0,42.0,6.0,13.0,17.0,5.0,7.0,12.0,11,22.0,34,113,107,119,45.0,42.0,6.0,13.0,17.0,5.0,7.0,12.0,11,22.0,34,113,107,0,0,0,0,0,0,0,0,0,0,0,0,0,0,40.4,34.1,52.5,51.7,35.0,29.9,41.4,40.9,40.4,34.1,52.5,51.7,35.0,29.9,41.4,40.9,0.0,0.0,0.0,0.0,0.0,0.0,0.0,0.0,"(CONTRACTS OF 1,000 BARRELS)",N10,CRUDE OIL,PETROLEUM AND PRODUCTS,NATURAL RESOURCES,FutOnly
210629067411F,"CRUDE OIL, LIGHT SWEET-WTI - ICE FUTURES EUROPE",2021-06-29T00:00:00.000,2021 Report Week 26,"CRUDE OIL, LIGHT SWEET-WTI",67411,ICEU,NYC,67,CRUDE OIL,573820,297326,216522,5564,115324,38436,23859,13373,37503,53289,36128,102501,558478,559787,15342,14033,573820,297326,216522,5564,115324,38436,23859,13373,37503,53289,36128,102501,558478,559787,15342,14033,0,0,0,0,0,0,0,0,0,0,0,0,0,0,0,0,19197.0,12307.0,13536.0,3493.0,-3200.0,2450.0,1947.0,-2913.0,1357.0,-1506.0,8133.0,-669.0,19379.0,18694.0,-182.0,503.0,100.0,51.8,37.7,1.0,20.1,6.7,4.2,2.3,6.5,9.3,6.3,17.9,97.3,97.6,2.7,2.4,100.0,51.8,37.7,1.0,20.1,6.7,4.2,2.3,6.5,9.3,6.3,17.9,97.3,97.6,2.7,2.4,100.0,0.0,0.0,0.0,0.0,0.0,0.0,0.0,0.0,0.0,0.0,0.0,0.0,0.0,0.0,0.0,119,44.0,45.0,4.0,15.0,17.0,4.0,7.0,10.0,13,21.0,30,108,105,119,44.0,45.0,4.0,15.0,17.0,4.0,7.0,10.0,13,21.0,30,108,105,0,0,0,0,0,0,0,0,0,0,0,0,0,0,39.6,33.7,52.3,51.8,34.1,30.2,39.9,40.4,39.6,33.7,52.3,51.8,34.1,30.2,39.9,40.4,0.0,0.0,0.0,0.0,0.0,0.0,0.0,0.0,"(CONTRACTS OF 1,000 BARRELS)",N10,CRUDE OIL,PETROLEUM AND PRODUCTS,NATURAL RESOURCES,FutOnly
210622067411F,"CRUDE OIL, LIGHT SWEET-WTI - ICE FUTURES EUROPE",2021-06-22T00:00:00.000,2021 Report Week 25,"CRUDE OIL, LIGHT SWEET-WTI",67411,ICEU,NYC,67,CRUDE OIL,554623,285019,202986,2071,118524,35986,21912,16286,36146,54795,27995,103170,539099,541093,15524,13530,554623,285019,202986,2071,118524,35986,21912,16286,36146,54795,27995,103170,539099,541093,15524,13530,0,0,0,0,0,0,0,0,0,0,0,0,0,0,0,0,1802.0,24959.0,8598.0,-109.0,1090.0,-4002.0,-562.0,2458.0,-389.0,-9492.0,4604.0,-7609.0,2796.0,4750.0,-994.0,-2948.0,100.0,51.4,36.6,0.4,21.4,6.5,4.0,2.9,6.5,9.9,5.0,18.6,97.2,97.6,2.8,2.4,100.0,51.4,36.6,0.4,21.4,6.5,4.0,2.9,6.5,9.9,5.0,18.6,97.2,97.6,2.8,2.4,100.0,0.0,0.0,0.0,0.0,0.0,0.0,0.0,0.0,0.0,0.0,0.0,0.0,0.0,0.0,0.0,117,42.0,43.0,,16.0,17.0,6.0,7.0,10.0,12,21.0,31,107,104,117,42.0,43.0,,16.0,17.0,6.0,7.0,10.0,12,21.0,31,107,104,0,0,0,0,0,0,0,0,0,0,0,0,0,0,40.7,33.9,53.2,52.7,35.1,30.2,40.6,40.1,40.7,33.9,53.2,52.7,35.1,30.2,40.6,40.1,0.0,0.0,0.0,0.0,0.0,0.0,0.0,0.0,"(CONTRACTS OF 1,000 BARRELS)",N10,CRUDE OIL,PETROLEUM AND PRODUCTS,NATURAL RESOURCES,FutOnly
210615067411F,"CRUDE OIL, LIGHT SWEET-WTI - ICE FUTURES EUROPE",2021-06-15T00:00:00.000,2021 Report Week 24,"CRUDE OIL, LIGHT SWEET-WTI",67411,ICEU,NYC,67,CRUDE OIL,552821,260060,194388,2180,117434,39988,22474,13828,36535,64287,23391,110779,536303,536343,16518,16478,552821,260060,194388,2180,117434,39988,22474,13828,36535,64287,23391,110779,536303,536343,16518,16478,0,0,0,0,0,0,0,0,0,0,0,0,0,0,0,0,17219.0,7373.0,3364.0,-2.0,1812.0,1340.0,-4972.0,-154.0,5087.0,236.0,-4127.0,9050.0,18112.0,16372.0,-893.0,847.0,100.0,47.0,35.2,0.4,21.2,7.2,4.1,2.5,6.6,11.6,4.2,20.0,97.0,97.0,3.0,3.0,100.0,47.0,35.2,0.4,21.2,7.2,4.1,2.5,6.6,11.6,4.2,20.0,97.0,97.0,3.0,3.0,100.0,0.0,0.0,0.0,0.0,0.0,0.0,0.0,0.0,0.0,0.0,0.0,0.0,0.0,0.0,0.0,118,43.0,40.0,4.0,15.0,18.0,9.0,5.0,10.0,16,19.0,32,110,104,118,43.0,40.0,4.0,15.0,18.0,9.0,5.0,10.0,16,19.0,32,110,104,0,0,0,0,0,0,0,0,0,0,0,0,0,0,37.3,34.0,49.6,52.5,31.4,30.0,36.7,39.3,37.3,34.0,49.6,52.5,31.4,30.0,36.7,39.3,0.0,0.0,0.0,0.0,0.0,0.0,0.0,0.0,"(CONTRACTS OF 1,000 BARRELS)",N10,CRUDE OIL,PETROLEUM AND PRODUCTS,NATURAL RESOURCES,FutOnly
210608067411F,"CRUDE OIL, LIGHT SWEET-WTI - ICE FUTURES EUROPE",2021-06-08T00:00:00.000,2021 Report Week 23,"CRUDE OIL, LIGHT SWEET-WTI",67411,ICEU,NYC,67,CRUDE OIL,535602,252687,191024,2182,115622,38648,27446,13982,31448,64051,27518,101729,518191,519971,17411,15631,535602,252687,191024,2182,115622,38648,27446,13982,31448,64051,27518,101729,518191,519971,17411,15631,0,0,0,0,0,0,0,0,0,0,0,0,0,0,0,0,6793.0,-1580.0,2613.0,-1267.0,-1731.0,3307.0,-845.0,-576.0,-4900.0,-1341.0,-6534.0,13155.0,6529.0,5334.0,264.0,1459.0,100.0,47.2,35.7,0.4,21.6,7.2,5.1,2.6,5.9,12.0,5.1,19.0,96.7,97.1,3.3,2.9,100.0,47.2,35.7,0.4,21.6,7.2,5.1,2.6,5.9,12.0,5.1,19.0,96.7,97.1,3.3,2.9,100.0,0.0,0.0,0.0,0.0,0.0,0.0,0.0,0.0,0.0,0.0,0.0,0.0,0.0,0.0,0.0,120,43.0,40.0,4.0,15.0,18.0,12.0,5.0,12.0,15,20.0,34,114,107,120,43.0,40.0,4.0,15.0,18.0,12.0,5.0,12.0,15,20.0,34,114,107,0,0,0,0,0,0,0,0,0,0,0,0,0,0,35.9,33.0,47.4,51.5,29.8,29.5,35.5,39.3,35.9,33.0,47.4,51.5,29.8,29.5,35.5,39.3,0.0,0.0,0.0,0.0,0.0,0.0,0.0,0.0,"(CONTRACTS OF 1,000 BARRELS)",N10,CRUDE OIL,PETROLEUM AND PRODUCTS,NATURAL RESOURCES,FutOnly
210601067411F,"CRUDE OIL, LIGHT SWEET-WTI - ICE FUTURES EUROPE",2021-06-01T00:00:00.000,2021 Report Week 22,"CRUDE OIL, LIGHT SWEET-WTI",67411,ICEU,NYC,67,CRUDE OIL,528809,254267,188411,3449,117353,35341,28291,14558,36348,65392,34052,88574,511662,514637,17147,14172,528809,254267,188411,3449,117353,35341,28291,14558,36348,65392,34052,88574,511662,514637,17147,14172,0,0,0,0,0,0,0,0,0,0,0,0,0,0,0,0,15002.0,-3159.0,-458.0,411.0,3556.0,1400.0,1865.0,-2941.0,3719.0,1666.0,1018.0,8297.0,14199.0,14591.0,803.0,411.0,100.0,48.1,35.6,0.7,22.2,6.7,5.3,2.8,6.9,12.4,6.4,16.7,96.8,97.3,3.2,2.7,100.0,48.1,35.6,0.7,22.2,6.7,5.3,2.8,6.9,12.4,6.4,16.7,96.8,97.3,3.2,2.7,100.0,0.0,0.0,0.0,0.0,0.0,0.0,0.0,0.0,0.0,0.0,0.0,0.0,0.0,0.0,0.0,123,45.0,42.0,4.0,14.0,18.0,12.0,6.0,11.0,17,19.0,34,115,109,123,45.0,42.0,4.0,14.0,18.0,12.0,6.0,11.0,17,19.0,34,115,109,0,0,0,0,0,0,0,0,0,0,0,0,0,0,35.9,33.3,48.6,53.4,29.1,29.8,35.0,40.0,35.9,33.3,48.6,53.4,29.1,29.8,35.0,40.0,0.0,0.0,0.0,0.0,0.0,0.0,0.0,0.0,"(CONTRACTS OF 1,000 BARRELS)",N10,CRUDE OIL,PETROLEUM AND PRODUCTS,NATURAL RESOURCES,FutOnly
210525067411F,"CRUDE OIL, LIGHT SWEET-WTI - ICE FUTURES EUROPE",2021-05-25T00:00:00.000,2021 Report Week 21,"CRUDE OIL, LIGHT SWEET-WTI",67411,ICEU,NYC,67,CRUDE OIL,513807,257426,188869,3038,113797,33941,26426,17499,32629,63726,33034,80277,497463,500046,16344,13761,513807,257426,188869,3038,113797,33941,26426,17499,32629,63726,33034,80277,497463,500046,16344,13761,0,0,0,0,0,0,0,0,0,0,0,0,0,0,0,0,-18863.0,-7021.0,3443.0,165.0,-6446.0,-1042.0,-4866.0,3656.0,4644.0,2607.0,-7240.0,-16819.0,-22332.0,-19804.0,3469.0,941.0,100.0,50.1,36.8,0.6,22.1,6.6,5.1,3.4,6.4,12.4,6.4,15.6,96.8,97.3,3.2,2.7,100.0,50.1,36.8,0.6,22.1,6.6,5.1,3.4,6.4,12.4,6.4,15.6,96.8,97.3,3.2,2.7,100.0,0.0,0.0,0.0,0.0,0.0,0.0,0.0,0.0,0.0,0.0,0.0,0.0,0.0,0.0,0.0,119,42.0,43.0,4.0,14.0,18.0,8.0,7.0,10.0,14,21.0,33,108,108,119,42.0,43.0,4.0,14.0,18.0,8.0,7.0,10.0,14,21.0,33,108,108,0,0,0,0,0,0,0,0,0,0,0,0,0,0,36.4,34.3,50.0,54.0,30.8,30.8,37.3,41.5,36.4,34.3,50.0,54.0,30.8,30.8,37.3,41.5,0.0,0.0,0.0,0.0,0.0,0.0,0.0,0.0,"(CONTRACTS OF 1,000 BARRELS)",N10,CRUDE OIL,PETROLEUM AND PRODUCTS,NATURAL RESOURCES,FutOnly
210518067411F,"CRUDE OIL, LIGHT SWEET-WTI - ICE FUTURES EUROPE",2021-05-18T00:00:00.000,2021 Report Week 20,"CRUDE OIL, LIGHT SWEET-WTI",67411,ICEU,NYC,67,CRUDE OIL,532670,264447,185426,2873,120243,34983,31292,13843,27985,61119,40274,97096,519795,519850,12875,12820,532670,264447,185426,2873,120243,34983,31292,13843,27985,61119,40274,97096,519795,519850,12875,12820,0,0,0,0,0,0,0,0,0,0,0,0,0,0,0,0,-13673.0,-7319.0,-3000.0,-797.0,-8672.0,-1547.0,-226.0,3173.0,3599.0,-3838.0,-4263.0,-1512.0,-11640.0,-12222.0,-2033.0,-1451.0,100.0,49.6,34.8,0.5,22.6,6.6,5.9,2.6,5.3,11.5,7.6,18.2,97.6,97.6,2.4,2.4,100.0,49.6,34.8,0.5,22.6,6.6,5.9,2.6,5.3,11.5,7.6,18.2,97.6,97.6,2.4,2.4,100.0,0.0,0.0,0.0,0.0,0.0,0.0,0.0,0.0,0.0,0.0,0.0,0.0,0.0,0.0,0.0,123,45.0,42.0,4.0,13.0,18.0,9.0,6.0,8.0,13,22.0,33,113,104,123,45.0,42.0,4.0,13.0,18.0,9.0,6.0,8.0,13,22.0,33,113,104,0,0,0,0,0,0,0,0,0,0,0,0,0,0,36.9,34.7,49.4,53.7,29.4,29.7,36.3,40.9,36.9,34.7,49.4,53.7,29.4,29.7,36.3,40.9,0.0,0.0,0.0,0.0,0.0,0.0,0.0,0.0,"(CONTRACTS OF 1,000 BARRELS)",N10,CRUDE OIL,PETROLEUM AND PRODUCTS,NATURAL RESOURCES,FutOnly
210511067411F,"CRUDE OIL, LIGHT SWEET-WTI - ICE FUTURES EUROPE",2021-05-11T00:00:00.000,2021 Report Week 19,"CRUDE OIL, LIGHT SWEET-WTI",67411,ICEU,NYC,67,CRUDE OIL,546343,271766,188426,3670,128915,36530,31518,10670,24386,64957,44537,98608,531435,532072,14908,14271,546343,271766,188426,3670,128915,36530,31518,10670,24386,64957,44537,98608,531435,532072,14908,14271,0,0,0,0,0,0,0,0,0,0,0,0,0,0,0,0,12838.0,6775.0,-3397.0,166.0,-1057.0,2442.0,5085.0,-285.0,-2910.0,-3431.0,11898.0,5423.0,13550.0,12114.0,-712.0,724.0,100.0,49.7,34.5,0.7,23.6,6.7,5.8,2.0,4.5,11.9,8.2,18.0,97.3,97.4,2.7,2.6,100.0,49.7,34.5,0.7,23.6,6.7,5.8,2.0,4.5,11.9,8.2,18.0,97.3,97.4,2.7,2.6,100.0,0.0,0.0,0.0,0.0,0.0,0.0,0.0,0.0,0.0,0.0,0.0,0.0,0.0,0.0,0.0,115,41.0,41.0,4.0,13.0,17.0,8.0,5.0,6.0,13,23.0,36,107,103,115,41.0,41.0,4.0,13.0,17.0,8.0,5.0,6.0,13,23.0,36,107,103,0,0,0,0,0,0,0,0,0,0,0,0,0,0,36.6,34.3,48.8,52.2,29.8,28.5,36.1,39.5,36.6,34.3,48.8,52.2,29.8,28.5,36.1,39.5,0.0,0.0,0.0,0.0,0.0,0.0,0.0,0.0,"(CONTRACTS OF 1,000 BARRELS)",N10,CRUDE OIL,PETROLEUM AND PRODUCTS,NATURAL RESOURCES,FutOnly
210504067411F,"CRUDE OIL, LIGHT SWEET-WTI - ICE FUTURES EUROPE",2021-05-04T00:00:00.000,2021 Report Week 18,"CRUDE OIL, LIGHT SWEET-WTI",67411,ICEU,NYC,67,CRUDE OIL,533505,264991,191823,3504,129972,34088,26433,10955,27296,68388,32639,93185,517885,519958,15620,13547,533505,264991,191823,3504,129972,34088,26433,10955,27296,68388,32639,93185,517885,519958,15620,13547,0,0,0,0,0,0,0,0,0,0,0,0,0,0,0,0,6570.0,-4732.0,-3992.0,-93.0,551.0,964.0,-408.0,-2172.0,2136.0,-196.0,1655.0,6658.0,4329.0,5800.0,2241.0,770.0,100.0,49.7,36.0,0.7,24.4,6.4,5.0,2.1,5.1,12.8,6.1,17.5,97.1,97.5,2.9,2.5,100.0,49.7,36.0,0.7,24.4,6.4,5.0,2.1,5.1,12.8,6.1,17.5,97.1,97.5,2.9,2.5,100.0,0.0,0.0,0.0,0.0,0.0,0.0,0.0,0.0,0.0,0.0,0.0,0.0,0.0,0.0,0.0,119,44.0,45.0,4.0,13.0,17.0,8.0,6.0,8.0,12,22.0,34,111,105,119,44.0,45.0,4.0,13.0,17.0,8.0,6.0,8.0,12,22.0,34,111,105,0,0,0,0,0,0,0,0,0,0,0,0,0,0,37.7,34.3,50.3,51.6,30.7,30.6,38.1,39.8,37.7,34.3,50.3,51.6,30.7,30.6,38.1,39.8,0.0,0.0,0.0,0.0,0.0,0.0,0.0,0.0,"(CONTRACTS OF 1,000 BARRELS)",N10,CRUDE OIL,PETROLEUM AND PRODUCTS,NATURAL RESOURCES,FutOnly
210427067411F,"CRUDE OIL, LIGHT SWEET-WTI - ICE FUTURES EUROPE",2021-04-27T00:00:00.000,2021 Report Week 17,"CRUDE OIL, LIGHT SWEET-WTI",67411,ICEU,NYC,67,CRUDE OIL,526935,269723,195815,3597,129421,33124,26841,13127,25160,68584,30984,86527,513556,514158,13379,12777,526935,269723,195815,3597,129421,33124,26841,13127,25160,68584,30984,86527,513556,514158,13379,12777,0,0,0,0,0,0,0,0,0,0,0,0,0,0,0,0,10950.0,1743.0,9932.0,296.0,4358.0,-3963.0,376.0,-6954.0,8216.0,-1269.0,-7024.0,7326.0,12725.0,11891.0,-1775.0,-941.0,100.0,51.2,37.2,0.7,24.6,6.3,5.1,2.5,4.8,13.0,5.9,16.4,97.5,97.6,2.5,2.4,100.0,51.2,37.2,0.7,24.6,6.3,5.1,2.5,4.8,13.0,5.9,16.4,97.5,97.6,2.5,2.4,100.0,0.0,0.0,0.0,0.0,0.0,0.0,0.0,0.0,0.0,0.0,0.0,0.0,0.0,0.0,0.0,115,40.0,42.0,5.0,12.0,16.0,8.0,6.0,8.0,12,23.0,33,106,100,115,40.0,42.0,5.0,12.0,16.0,8.0,6.0,8.0,12,23.0,33,106,100,0,0,0,0,0,0,0,0,0,0,0,0,0,0,38.1,34.4,50.6,51.2,31.0,30.9,38.5,40.6,38.1,34.4,50.6,51.2,31.0,30.9,38.5,40.6,0.0,0.0,0.0,0.0,0.0,0.0,0.0,0.0,"(CONTRACTS OF 1,000 BARRELS)",N10,CRUDE OIL,PETROLEUM AND PRODUCTS,NATURAL RESOURCES,FutOnly
210420067411F,"CRUDE OIL, LIGHT SWEET-WTI - ICE FUTURES EUROPE",2021-04-20T00:00:00.000,2021 Report Week 16,"CRUDE OIL, LIGHT SWEET-WTI",67411,ICEU,NYC,67,CRUDE OIL,515985,267980,185883,3301,125063,37087,26465,20081,16944,69853,38008,79201,500831,502267,15154,13718,515985,267980,185883,3301,125063,37087,26465,20081,16944,69853,38008,79201,500831,502267,15154,13718,0,0,0,0,0,0,0,0,0,0,0,0,0,0,0,0,5245.0,13954.0,17827.0,-78.0,-5321.0,-1168.0,-760.0,-404.0,-6180.0,389.0,3057.0,-1394.0,4763.0,6417.0,482.0,-1172.0,100.0,51.9,36.0,0.6,24.2,7.2,5.1,3.9,3.3,13.5,7.4,15.3,97.1,97.3,2.9,2.7,100.0,51.9,36.0,0.6,24.2,7.2,5.1,3.9,3.3,13.5,7.4,15.3,97.1,97.3,2.9,2.7,100.0,0.0,0.0,0.0,0.0,0.0,0.0,0.0,0.0,0.0,0.0,0.0,0.0,0.0,0.0,0.0,111,35.0,41.0,5.0,12.0,16.0,7.0,6.0,9.0,13,23.0,32,101,99,111,35.0,41.0,5.0,12.0,16.0,7.0,6.0,9.0,13,23.0,32,101,99,0,0,0,0,0,0,0,0,0,0,0,0,0,0,37.1,33.9,48.6,49.7,30.5,29.5,38.2,41.2,37.1,33.9,48.6,49.7,30.5,29.5,38.2,41.2,0.0,0.0,0.0,0.0,0.0,0.0,0.0,0.0,"(CONTRACTS OF 1,000 BARRELS)",N10,CRUDE OIL,PETROLEUM AND PRODUCTS,NATURAL RESOURCES,FutOnly
210413067411F,"CRUDE OIL, LIGHT SWEET-WTI - ICE FUTURES EUROPE",2021-04-13T00:00:00.000,2021 Report Week 15,"CRUDE OIL, LIGHT SWEET-WTI",67411,ICEU,NYC,67,CRUDE OIL,510740,254026,168056,3379,130384,38255,27225,20485,23124,69464,34951,80595,496068,495850,14672,14890,510740,254026,168056,3379,130384,38255,27225,20485,23124,69464,34951,80595,496068,495850,14672,14890,0,0,0,0,0,0,0,0,0,0,0,0,0,0,0,0,-26990.0,-11151.0,-9209.0,-1405.0,356.0,274.0,-6112.0,785.0,-82.0,3236.0,-8049.0,-12695.0,-27935.0,-28620.0,945.0,1630.0,100.0,49.7,32.9,0.7,25.5,7.5,5.3,4.0,4.5,13.6,6.8,15.8,97.1,97.1,2.9,2.9,100.0,49.7,32.9,0.7,25.5,7.5,5.3,4.0,4.5,13.6,6.8,15.8,97.1,97.1,2.9,2.9,100.0,0.0,0.0,0.0,0.0,0.0,0.0,0.0,0.0,0.0,0.0,0.0,0.0,0.0,0.0,0.0,112,37.0,39.0,5.0,13.0,17.0,6.0,8.0,10.0,14,22.0,30,103,98,112,37.0,39.0,5.0,13.0,17.0,6.0,8.0,10.0,14,22.0,30,103,98,0,0,0,0,0,0,0,0,0,0,0,0,0,0,36.9,35.6,48.8,52.3,30.3,31.0,38.7,41.4,36.9,35.6,48.8,52.3,30.3,31.0,38.7,41.4,0.0,0.0,0.0,0.0,0.0,0.0,0.0,0.0,"(CONTRACTS OF 1,000 BARRELS)",N10,CRUDE OIL,PETROLEUM AND PRODUCTS,NATURAL RESOURCES,FutOnly
210406067411F,"CRUDE OIL, LIGHT SWEET-WTI - ICE FUTURES EUROPE",2021-04-06T00:00:00.000,2021 Report Week 14,"CRUDE OIL, LIGHT SWEET-WTI",67411,ICEU,NYC,67,CRUDE OIL,537730,265177,177265,4784,130028,37981,33337,19700,23206,66228,43000,93290,524003,524470,13727,13260,537730,265177,177265,4784,130028,37981,33337,19700,23206,66228,43000,93290,524003,524470,13727,13260,0,0,0,0,0,0,0,0,0,0,0,0,0,0,0,0,-3267.0,-6789.0,-7354.0,598.0,3041.0,-1996.0,877.0,-1404.0,-650.0,181.0,-46.0,4022.0,-3757.0,-4387.0,490.0,1120.0,100.0,49.3,33.0,0.9,24.2,7.1,6.2,3.7,4.3,12.3,8.0,17.3,97.4,97.5,2.6,2.5,100.0,49.3,33.0,0.9,24.2,7.1,6.2,3.7,4.3,12.3,8.0,17.3,97.4,97.5,2.6,2.5,100.0,0.0,0.0,0.0,0.0,0.0,0.0,0.0,0.0,0.0,0.0,0.0,0.0,0.0,0.0,0.0,114,36.0,38.0,6.0,12.0,16.0,9.0,7.0,11.0,13,22.0,30,103,99,114,36.0,38.0,6.0,12.0,16.0,9.0,7.0,11.0,13,22.0,30,103,99,0,0,0,0,0,0,0,0,0,0,0,0,0,0,37.1,33.3,49.7,51.1,29.1,28.7,37.4,39.0,37.1,33.3,49.7,51.1,29.1,28.7,37.4,39.0,0.0,0.0,0.0,0.0,0.0,0.0,0.0,0.0,"(CONTRACTS OF 1,000 BARRELS)",N10,CRUDE OIL,PETROLEUM AND PRODUCTS,NATURAL RESOURCES,FutOnly
210330067411F,"CRUDE OIL, LIGHT SWEET-WTI - ICE FUTURES EUROPE",2021-03-30T00:00:00.000,2021 Report Week 13,"CRUDE OIL, LIGHT SWEET-WTI",67411,ICEU,NYC,67,CRUDE OIL,540997,271966,184619,4186,126987,39977,32460,21104,23856,66047,43046,89268,527760,528857,13237,12140,540997,271966,184619,4186,126987,39977,32460,21104,23856,66047,43046,89268,527760,528857,13237,12140,0,0,0,0,0,0,0,0,0,0,0,0,0,0,0,0,-1074.0,8985.0,-10375.0,-265.0,769.0,1973.0,53.0,2114.0,-3078.0,-5879.0,10710.0,-4070.0,-2281.0,-1957.0,1207.0,883.0,100.0,50.3,34.1,0.8,23.5,7.4,6.0,3.9,4.4,12.2,8.0,16.5,97.6,97.8,2.4,2.2,100.0,50.3,34.1,0.8,23.5,7.4,6.0,3.9,4.4,12.2,8.0,16.5,97.6,97.8,2.4,2.2,100.0,0.0,0.0,0.0,0.0,0.0,0.0,0.0,0.0,0.0,0.0,0.0,0.0,0.0,0.0,0.0,111,36.0,37.0,7.0,11.0,16.0,9.0,8.0,11.0,12,20.0,30,102,96,111,36.0,37.0,7.0,11.0,16.0,9.0,8.0,11.0,12,20.0,30,102,96,0,0,0,0,0,0,0,0,0,0,0,0,0,0,36.7,32.8,50.1,50.4,29.3,27.8,37.6,38.4,36.7,32.8,50.1,50.4,29.3,27.8,37.6,38.4,0.0,0.0,0.0,0.0,0.0,0.0,0.0,0.0,"(CONTRACTS OF 1,000 BARRELS)",N10,CRUDE OIL,PETROLEUM AND PRODUCTS,NATURAL RESOURCES,FutOnly
210323067411F,"CRUDE OIL, LIGHT SWEET-WTI - ICE FUTURES EUROPE",2021-03-23T00:00:00.000,2021 Report Week 12,"CRUDE OIL, LIGHT SWEET-WTI",67411,ICEU,NYC,67,CRUDE OIL,542071,262981,194994,4451,126218,38004,32407,18990,26934,71926,32336,93338,530041,530814,12030,11257,542071,262981,194994,4451,126218,38004,32407,18990,26934,71926,32336,93338,530041,530814,12030,11257,0,0,0,0,0,0,0,0,0,0,0,0,0,0,0,0,-17505.0,-11306.0,5281.0,-887.0,-3198.0,-2999.0,-2102.0,1744.0,-680.0,6567.0,-11340.0,-4126.0,-15533.0,-15318.0,-1972.0,-2187.0,100.0,48.5,36.0,0.8,23.3,7.0,6.0,3.5,5.0,13.3,6.0,17.2,97.8,97.9,2.2,2.1,100.0,48.5,36.0,0.8,23.3,7.0,6.0,3.5,5.0,13.3,6.0,17.2,97.8,97.9,2.2,2.1,100.0,0.0,0.0,0.0,0.0,0.0,0.0,0.0,0.0,0.0,0.0,0.0,0.0,0.0,0.0,0.0,114,36.0,38.0,6.0,11.0,16.0,10.0,8.0,12.0,13,22.0,30,104,99,114,36.0,38.0,6.0,11.0,16.0,10.0,8.0,12.0,13,22.0,30,104,99,0,0,0,0,0,0,0,0,0,0,0,0,0,0,36.5,32.5,49.0,48.8,28.8,27.8,36.1,37.2,36.5,32.5,49.0,48.8,28.8,27.8,36.1,37.2,0.0,0.0,0.0,0.0,0.0,0.0,0.0,0.0,"(CONTRACTS OF 1,000 BARRELS)",N10,CRUDE OIL,PETROLEUM AND PRODUCTS,NATURAL RESOURCES,FutOnly
210316067411F,"CRUDE OIL, LIGHT SWEET-WTI - ICE FUTURES EUROPE",2021-03-16T00:00:00.000,2021 Report Week 11,"CRUDE OIL, LIGHT SWEET-WTI",67411,ICEU,NYC,67,CRUDE OIL,559576,274287,189713,5338,129416,41003,34509,17246,27614,65359,43676,97464,545574,546132,14002,13444,559576,274287,189713,5338,129416,41003,34509,17246,27614,65359,43676,97464,545574,546132,14002,13444,0,0,0,0,0,0,0,0,0,0,0,0,0,0,0,0,15062.0,3115.0,9556.0,1176.0,2238.0,-914.0,2031.0,1018.0,2094.0,2225.0,-5705.0,7371.0,17098.0,15658.0,-2036.0,-596.0,100.0,49.0,33.9,1.0,23.1,7.3,6.2,3.1,4.9,11.7,7.8,17.4,97.5,97.6,2.5,2.4,100.0,49.0,33.9,1.0,23.1,7.3,6.2,3.1,4.9,11.7,7.8,17.4,97.5,97.6,2.5,2.4,100.0,0.0,0.0,0.0,0.0,0.0,0.0,0.0,0.0,0.0,0.0,0.0,0.0,0.0,0.0,0.0,113,36.0,37.0,9.0,9.0,17.0,11.0,6.0,12.0,12,22.0,31,106,100,113,36.0,37.0,9.0,9.0,17.0,11.0,6.0,12.0,12,22.0,31,106,100,0,0,0,0,0,0,0,0,0,0,0,0,0,0,35.0,31.3,46.8,47.2,27.9,27.3,35.4,36.8,35.0,31.3,46.8,47.2,27.9,27.3,35.4,36.8,0.0,0.0,0.0,0.0,0.0,0.0,0.0,0.0,"(CONTRACTS OF 1,000 BARRELS)",N10,CRUDE OIL,PETROLEUM AND PRODUCTS,NATURAL RESOURCES,FutOnly
210309067411F,"CRUDE OIL, LIGHT SWEET-WTI - ICE FUTURES EUROPE",2021-03-09T00:00:00.000,2021 Report Week 10,"CRUDE OIL, LIGHT SWEET-WTI",67411,ICEU,NYC,67,CRUDE OIL,544514,271172,180157,4162,127178,41917,32478,16228,25520,63134,49381,90093,528476,530474,16038,14040,544514,271172,180157,4162,127178,41917,32478,16228,25520,63134,49381,90093,528476,530474,16038,14040,0,0,0,0,0,0,0,0,0,0,0,0,0,0,0,0,16434.0,741.0,-4046.0,-277.0,3987.0,-508.0,-297.0,-1237.0,8137.0,1748.0,3066.0,4789.0,14333.0,14188.0,2101.0,2246.0,100.0,49.8,33.1,0.8,23.4,7.7,6.0,3.0,4.7,11.6,9.1,16.5,97.1,97.4,2.9,2.6,100.0,49.8,33.1,0.8,23.4,7.7,6.0,3.0,4.7,11.6,9.1,16.5,97.1,97.4,2.9,2.6,100.0,0.0,0.0,0.0,0.0,0.0,0.0,0.0,0.0,0.0,0.0,0.0,0.0,0.0,0.0,0.0,107,35.0,35.0,7.0,9.0,16.0,10.0,6.0,11.0,11,22.0,31,101,95,107,35.0,35.0,7.0,9.0,16.0,10.0,6.0,11.0,11,22.0,31,101,95,0,0,0,0,0,0,0,0,0,0,0,0,0,0,35.4,32.2,47.6,48.4,27.9,27.0,36.5,37.4,35.4,32.2,47.6,48.4,27.9,27.0,36.5,37.4,0.0,0.0,0.0,0.0,0.0,0.0,0.0,0.0,"(CONTRACTS OF 1,000 BARRELS)",N10,CRUDE OIL,PETROLEUM AND PRODUCTS,NATURAL RESOURCES,FutOnly
210302067411F,"CRUDE OIL, LIGHT SWEET-WTI - ICE FUTURES EUROPE",2021-03-02T00:00:00.000,2021 Report Week 09,"CRUDE OIL, LIGHT SWEET-WTI",67411,ICEU,NYC,67,CRUDE OIL,528080,270431,184203,4439,123191,42425,32775,17465,17383,61386,46315,85304,514143,516286,13937,11794,528080,270431,184203,4439,123191,42425,32775,17465,17383,61386,46315,85304,514143,516286,13937,11794,0,0,0,0,0,0,0,0,0,0,0,0,0,0,0,0,11464.0,16521.0,7604.0,434.0,-2338.0,1933.0,2078.0,1556.0,1448.0,-5706.0,7091.0,-3972.0,12736.0,13322.0,-1272.0,-1858.0,100.0,51.2,34.9,0.8,23.3,8.0,6.2,3.3,3.3,11.6,8.8,16.2,97.4,97.8,2.6,2.2,100.0,51.2,34.9,0.8,23.3,8.0,6.2,3.3,3.3,11.6,8.8,16.2,97.4,97.8,2.6,2.2,100.0,0.0,0.0,0.0,0.0,0.0,0.0,0.0,0.0,0.0,0.0,0.0,0.0,0.0,0.0,0.0,111,36.0,38.0,7.0,10.0,16.0,9.0,7.0,11.0,11,21.0,31,103,97,111,36.0,38.0,7.0,10.0,16.0,9.0,7.0,11.0,11,21.0,31,103,97,0,0,0,0,0,0,0,0,0,0,0,0,0,0,36.4,32.4,48.9,47.3,28.7,27.3,38.2,38.5,36.4,32.4,48.9,47.3,28.7,27.3,38.2,38.5,0.0,0.0,0.0,0.0,0.0,0.0,0.0,0.0,"(CONTRACTS OF 1,000 BARRELS)",N10,CRUDE OIL,PETROLEUM AND PRODUCTS,NATURAL RESOURCES,FutOnly
210223067411F,"CRUDE OIL, LIGHT SWEET-WTI - ICE FUTURES EUROPE",2021-02-23T00:00:00.000,2021 Report Week 08,"CRUDE OIL, LIGHT SWEET-WTI",67411,ICEU,NYC,67,CRUDE OIL,516616,253910,176599,4005,125529,40492,30697,15909,15935,67092,39224,89276,501407,502964,15209,13652,516616,253910,176599,4005,125529,40492,30697,15909,15935,67092,39224,89276,501407,502964,15209,13652,0,0,0,0,0,0,0,0,0,0,0,0,0,0,0,0,15897.0,14417.0,17026.0,-125.0,-5716.0,-102.0,3728.0,-92.0,-2748.0,-5328.0,1042.0,5177.0,15019.0,14587.0,878.0,1310.0,100.0,49.1,34.2,0.8,24.3,7.8,5.9,3.1,3.1,13.0,7.6,17.3,97.1,97.4,2.9,2.6,100.0,49.1,34.2,0.8,24.3,7.8,5.9,3.1,3.1,13.0,7.6,17.3,97.1,97.4,2.9,2.6,100.0,0.0,0.0,0.0,0.0,0.0,0.0,0.0,0.0,0.0,0.0,0.0,0.0,0.0,0.0,0.0,105,35.0,39.0,7.0,10.0,15.0,9.0,5.0,9.0,12,17.0,26,96,90,105,35.0,39.0,7.0,10.0,15.0,9.0,5.0,9.0,12,17.0,26,96,90,0,0,0,0,0,0,0,0,0,0,0,0,0,0,36.2,34.0,49.8,48.3,28.1,29.4,37.4,39.8,36.2,34.0,49.8,48.3,28.1,29.4,37.4,39.8,0.0,0.0,0.0,0.0,0.0,0.0,0.0,0.0,"(CONTRACTS OF 1,000 BARRELS)",N10,CRUDE OIL,PETROLEUM AND PRODUCTS,NATURAL RESOURCES,FutOnly
210216067411F,"CRUDE OIL, LIGHT SWEET-WTI - ICE FUTURES EUROPE",2021-02-16T00:00:00.000,2021 Report Week 07,"CRUDE OIL, LIGHT SWEET-WTI",67411,ICEU,NYC,67,CRUDE OIL,500719,239493,159573,4130,131245,40594,26969,16001,18683,72420,38182,84099,486388,488377,14331,12342,500719,239493,159573,4130,131245,40594,26969,16001,18683,72420,38182,84099,486388,488377,14331,12342,0,0,0,0,0,0,0,0,0,0,0,0,0,0,0,0,-26779.0,-18066.0,-5855.0,-148.0,-1103.0,-3046.0,2655.0,-4671.0,-147.0,650.0,-2237.0,-7654.0,-25756.0,-24713.0,-1023.0,-2066.0,100.0,47.8,31.9,0.8,26.2,8.1,5.4,3.2,3.7,14.5,7.6,16.8,97.1,97.5,2.9,2.5,100.0,47.8,31.9,0.8,26.2,8.1,5.4,3.2,3.7,14.5,7.6,16.8,97.1,97.5,2.9,2.5,100.0,0.0,0.0,0.0,0.0,0.0,0.0,0.0,0.0,0.0,0.0,0.0,0.0,0.0,0.0,0.0,105,34.0,39.0,7.0,11.0,16.0,9.0,5.0,10.0,13,18.0,26,97,92,105,34.0,39.0,7.0,11.0,16.0,9.0,5.0,10.0,13,18.0,26,97,92,0,0,0,0,0,0,0,0,0,0,0,0,0,0,36.9,36.0,51.7,50.1,28.3,31.3,38.6,41.4,36.9,36.0,51.7,50.1,28.3,31.3,38.6,41.4,0.0,0.0,0.0,0.0,0.0,0.0,0.0,0.0,"(CONTRACTS OF 1,000 BARRELS)",N10,CRUDE OIL,PETROLEUM AND PRODUCTS,NATURAL RESOURCES,FutOnly
210209067411F,"CRUDE OIL, LIGHT SWEET-WTI - ICE FUTURES EUROPE",2021-02-09T00:00:00.000,2021 Report Week 06,"CRUDE OIL, LIGHT SWEET-WTI",67411,ICEU,NYC,67,CRUDE OIL,527498,257559,165428,4278,132348,43640,24314,20672,18830,71770,40419,91753,512144,513090,15354,14408,527498,257559,165428,4278,132348,43640,24314,20672,18830,71770,40419,91753,512144,513090,15354,14408,0,0,0,0,0,0,0,0,0,0,0,0,0,0,0,0,17978.0,5562.0,6654.0,158.0,666.0,2692.0,1711.0,-818.0,-530.0,-4565.0,-490.0,11663.0,16691.0,19837.0,1287.0,-1859.0,100.0,48.8,31.4,0.8,25.1,8.3,4.6,3.9,3.6,13.6,7.7,17.4,97.1,97.3,2.9,2.7,100.0,48.8,31.4,0.8,25.1,8.3,4.6,3.9,3.6,13.6,7.7,17.4,97.1,97.3,2.9,2.7,100.0,0.0,0.0,0.0,0.0,0.0,0.0,0.0,0.0,0.0,0.0,0.0,0.0,0.0,0.0,0.0,103,37.0,38.0,7.0,10.0,16.0,8.0,6.0,9.0,14,17.0,25,98,90,103,37.0,38.0,7.0,10.0,16.0,8.0,6.0,9.0,14,17.0,25,98,90,0,0,0,0,0,0,0,0,0,0,0,0,0,0,36.9,34.3,51.8,50.6,27.4,29.6,37.8,40.3,36.9,34.3,51.8,50.6,27.4,29.6,37.8,40.3,0.0,0.0,0.0,0.0,0.0,0.0,0.0,0.0,"(CONTRACTS OF 1,000 BARRELS)",N10,CRUDE OIL,PETROLEUM AND PRODUCTS,NATURAL RESOURCES,FutOnly
210202067411F,"CRUDE OIL, LIGHT SWEET-WTI - ICE FUTURES EUROPE",2021-02-02T00:00:00.000,2021 Report Week 05,"CRUDE OIL, LIGHT SWEET-WTI",67411,ICEU,NYC,67,CRUDE OIL,509520,251997,158774,4120,131682,40948,22603,21490,19360,76335,40909,80090,495453,493253,14067,16267,509520,251997,158774,4120,131682,40948,22603,21490,19360,76335,40909,80090,495453,493253,14067,16267,0,0,0,0,0,0,0,0,0,0,0,0,0,0,0,0,16464.0,13840.0,8678.0,339.0,5633.0,4103.0,794.0,3944.0,-1619.0,-1104.0,-2872.0,-1804.0,14549.0,16063.0,1915.0,401.0,100.0,49.5,31.2,0.8,25.8,8.0,4.4,4.2,3.8,15.0,8.0,15.7,97.2,96.8,2.8,3.2,100.0,49.5,31.2,0.8,25.8,8.0,4.4,4.2,3.8,15.0,8.0,15.7,97.2,96.8,2.8,3.2,100.0,0.0,0.0,0.0,0.0,0.0,0.0,0.0,0.0,0.0,0.0,0.0,0.0,0.0,0.0,0.0,103,38.0,39.0,7.0,11.0,16.0,9.0,6.0,9.0,11,17.0,24,96,92,103,38.0,39.0,7.0,11.0,16.0,9.0,6.0,9.0,11,17.0,24,96,92,0,0,0,0,0,0,0,0,0,0,0,0,0,0,38.0,34.4,52.6,49.5,27.8,29.7,39.8,40.3,38.0,34.4,52.6,49.5,27.8,29.7,39.8,40.3,0.0,0.0,0.0,0.0,0.0,0.0,0.0,0.0,"(CONTRACTS OF 1,000 BARRELS)",N10,CRUDE OIL,PETROLEUM AND PRODUCTS,NATURAL RESOURCES,FutOnly
210126067411F,"CRUDE OIL, LIGHT SWEET-WTI - ICE FUTURES EUROPE",2021-01-26T00:00:00.000,2021 Report Week 04,"CRUDE OIL, LIGHT SWEET-WTI",67411,ICEU,NYC,67,CRUDE OIL,493056,238157,150096,3781,126049,36845,21809,17546,20979,77439,43781,81894,480904,477190,12152,15866,493056,238157,150096,3781,126049,36845,21809,17546,20979,77439,43781,81894,480904,477190,12152,15866,0,0,0,0,0,0,0,0,0,0,0,0,0,0,0,0,7205.0,10739.0,4432.0,-97.0,-1729.0,-256.0,3443.0,761.0,-1024.0,-2610.0,9058.0,-4050.0,6145.0,7192.0,1060.0,13.0,100.0,48.3,30.4,0.8,25.6,7.5,4.4,3.6,4.3,15.7,8.9,16.6,97.5,96.8,2.5,3.2,100.0,48.3,30.4,0.8,25.6,7.5,4.4,3.6,4.3,15.7,8.9,16.6,97.5,96.8,2.5,3.2,100.0,0.0,0.0,0.0,0.0,0.0,0.0,0.0,0.0,0.0,0.0,0.0,0.0,0.0,0.0,0.0,103,36.0,35.0,7.0,11.0,15.0,11.0,5.0,9.0,9,18.0,26,97,87,103,36.0,35.0,7.0,11.0,15.0,11.0,5.0,9.0,9,18.0,26,97,87,0,0,0,0,0,0,0,0,0,0,0,0,0,0,40.3,35.2,54.1,50.3,30.1,30.5,40.4,40.8,40.3,35.2,54.1,50.3,30.1,30.5,40.4,40.8,0.0,0.0,0.0,0.0,0.0,0.0,0.0,0.0,"(CONTRACTS OF 1,000 BARRELS)",N10,CRUDE OIL,PETROLEUM AND PRODUCTS,NATURAL RESOURCES,FutOnly
210119067411F,"CRUDE OIL, LIGHT SWEET-WTI - ICE FUTURES EUROPE",2021-01-19T00:00:00.000,2021 Report Week 03,"CRUDE OIL, LIGHT SWEET-WTI",67411,ICEU,NYC,67,CRUDE OIL,485851,227418,145664,3878,127778,37101,18366,16785,22003,80049,34723,85944,474759,469998,11092,15853,485851,227418,145664,3878,127778,37101,18366,16785,22003,80049,34723,85944,474759,469998,11092,15853,0,0,0,0,0,0,0,0,0,0,0,0,0,0,0,0,-17035.0,-17935.0,-2240.0,941.0,-7253.0,694.0,101.0,-2396.0,-2513.0,-21.0,-6855.0,3370.0,-15363.0,-17193.0,-1672.0,158.0,100.0,46.8,30.0,0.8,26.3,7.6,3.8,3.5,4.5,16.5,7.1,17.7,97.7,96.7,2.3,3.3,100.0,46.8,30.0,0.8,26.3,7.6,3.8,3.5,4.5,16.5,7.1,17.7,97.7,96.7,2.3,3.3,100.0,0.0,0.0,0.0,0.0,0.0,0.0,0.0,0.0,0.0,0.0,0.0,0.0,0.0,0.0,0.0,102,35.0,34.0,7.0,11.0,15.0,11.0,6.0,9.0,9,17.0,24,94,85,102,35.0,34.0,7.0,11.0,15.0,11.0,6.0,9.0,9,17.0,24,94,85,0,0,0,0,0,0,0,0,0,0,0,0,0,0,41.8,36.0,55.4,50.8,31.7,31.4,41.0,40.5,41.8,36.0,55.4,50.8,31.7,31.4,41.0,40.5,0.0,0.0,0.0,0.0,0.0,0.0,0.0,0.0,"(CONTRACTS OF 1,000 BARRELS)",N10,CRUDE OIL,PETROLEUM AND PRODUCTS,NATURAL RESOURCES,FutOnly
210112067411F,"CRUDE OIL, LIGHT SWEET-WTI - ICE FUTURES EUROPE",2021-01-12T00:00:00.000,2021 Report Week 02,"CRUDE OIL, LIGHT SWEET-WTI",67411,ICEU,NYC,67,CRUDE OIL,502886,245353,147904,2937,135031,36407,18265,19181,24516,80070,41578,82574,490122,487191,12764,15695,502886,245353,147904,2937,135031,36407,18265,19181,24516,80070,41578,82574,490122,487191,12764,15695,0,0,0,0,0,0,0,0,0,0,0,0,0,0,0,0,18087.0,9902.0,8332.0,-1103.0,6765.0,-1985.0,3401.0,164.0,1440.0,-934.0,-3876.0,5998.0,16719.0,16838.0,1368.0,1249.0,100.0,48.8,29.4,0.6,26.9,7.2,3.6,3.8,4.9,15.9,8.3,16.4,97.5,96.9,2.5,3.1,100.0,48.8,29.4,0.6,26.9,7.2,3.6,3.8,4.9,15.9,8.3,16.4,97.5,96.9,2.5,3.1,100.0,0.0,0.0,0.0,0.0,0.0,0.0,0.0,0.0,0.0,0.0,0.0,0.0,0.0,0.0,0.0,104,33.0,31.0,6.0,12.0,16.0,9.0,8.0,9.0,12,18.0,27,96,87,104,33.0,31.0,6.0,12.0,16.0,9.0,8.0,9.0,12,18.0,27,96,87,0,0,0,0,0,0,0,0,0,0,0,0,0,0,42.0,36.4,55.1,50.4,33.8,32.8,43.6,41.9,42.0,36.4,55.1,50.4,33.8,32.8,43.6,41.9,0.0,0.0,0.0,0.0,0.0,0.0,0.0,0.0,"(CONTRACTS OF 1,000 BARRELS)",N10,CRUDE OIL,PETROLEUM AND PRODUCTS,NATURAL RESOURCES,FutOnly
210105067411F,"CRUDE OIL, LIGHT SWEET-WTI - ICE FUTURES EUROPE",2021-01-05T00:00:00.000,2021 Report Week 01,"CRUDE OIL, LIGHT SWEET-WTI",67411,ICEU,NYC,67,CRUDE OIL,484799,235451,139572,4040,128266,38392,14864,19017,23076,81004,45454,76576,473403,470353,11396,14446,484799,235451,139572,4040,128266,38392,14864,19017,23076,81004,45454,76576,473403,470353,11396,14446,0,0,0,0,0,0,0,0,0,0,0,0,0,0,0,0,15690.0,10218.0,7279.0,-133.0,1453.0,1293.0,3089.0,-2564.0,978.0,-833.0,6115.0,174.0,14786.0,14728.0,904.0,962.0,100.0,48.6,28.8,0.8,26.5,7.9,3.1,3.9,4.8,16.7,9.4,15.8,97.6,97.0,2.4,3.0,100.0,48.6,28.8,0.8,26.5,7.9,3.1,3.9,4.8,16.7,9.4,15.8,97.6,97.0,2.4,3.0,100.0,0.0,0.0,0.0,0.0,0.0,0.0,0.0,0.0,0.0,0.0,0.0,0.0,0.0,0.0,0.0,101,33.0,30.0,7.0,11.0,16.0,8.0,8.0,9.0,13,17.0,26,93,85,101,33.0,30.0,7.0,11.0,16.0,8.0,8.0,9.0,13,17.0,26,93,85,0,0,0,0,0,0,0,0,0,0,0,0,0,0,42.4,35.6,56.1,50.6,32.2,31.2,42.6,40.8,42.4,35.6,56.1,50.6,32.2,31.2,42.6,40.8,0.0,0.0,0.0,0.0,0.0,0.0,0.0,0.0,"(CONTRACTS OF 1,000 BARRELS)",N10,CRUDE OIL,PETROLEUM AND PRODUCTS,NATURAL RESOURCES,FutOnly
201229067411F,"CRUDE OIL, LIGHT SWEET-WTI - ICE FUTURES EUROPE",2020-12-29T00:00:00.000,2020 Report Week 52,"CRUDE OIL, LIGHT SWEET-WTI",67411,ICEU,NYC,67,CRUDE OIL,469109,225233,132293,4173,126813,37099,11775,21581,22098,81837,39339,76402,458617,455625,10492,13484,469109,225233,132293,4173,126813,37099,11775,21581,22098,81837,39339,76402,458617,455625,10492,13484,0,0,0,0,0,0,0,0,0,0,0,0,0,0,0,0,4257.0,-2424.0,330.0,185.0,4467.0,-352.0,888.0,-648.0,318.0,2139.0,-2858.0,3739.0,4493.0,4996.0,-236.0,-739.0,100.0,48.0,28.2,0.9,27.0,7.9,2.5,4.6,4.7,17.4,8.4,16.3,97.8,97.1,2.2,2.9,100.0,48.0,28.2,0.9,27.0,7.9,2.5,4.6,4.7,17.4,8.4,16.3,97.8,97.1,2.2,2.9,100.0,0.0,0.0,0.0,0.0,0.0,0.0,0.0,0.0,0.0,0.0,0.0,0.0,0.0,0.0,0.0,99,34.0,30.0,6.0,11.0,14.0,7.0,9.0,9.0,12,17.0,24,92,81,99,34.0,30.0,6.0,11.0,14.0,7.0,9.0,9.0,12,17.0,24,92,81,0,0,0,0,0,0,0,0,0,0,0,0,0,0,42.7,36.2,55.8,51.2,33.2,31.3,43.1,40.7,42.7,36.2,55.8,51.2,33.2,31.3,43.1,40.7,0.0,0.0,0.0,0.0,0.0,0.0,0.0,0.0,"(CONTRACTS OF 1,000 BARRELS)",N10,CRUDE OIL,PETROLEUM AND PRODUCTS,NATURAL RESOURCES,FutOnly
201221067411F,"CRUDE OIL, LIGHT SWEET-WTI - ICE FUTURES EUROPE",2020-12-21T00:00:00.000,2020 Report Week 51,"CRUDE OIL, LIGHT SWEET-WTI",67411,ICEU,NYC,67,CRUDE OIL,464852,227657,131963,3988,122346,37451,10887,22229,21780,79698,42197,72663,454124,450629,10728,14223,464852,227657,131963,3988,122346,37451,10887,22229,21780,79698,42197,72663,454124,450629,10728,14223,0,0,0,0,0,0,0,0,0,0,0,0,0,0,0,0,832.0,8298.0,-2040.0,-866.0,-1057.0,-530.0,1367.0,2342.0,-2385.0,-1573.0,8391.0,-2260.0,2051.0,2461.0,-1219.0,-1629.0,100.0,49.0,28.4,0.9,26.3,8.1,2.3,4.8,4.7,17.1,9.1,15.6,97.7,96.9,2.3,3.1,100.0,49.0,28.4,0.9,26.3,8.1,2.3,4.8,4.7,17.1,9.1,15.6,97.7,96.9,2.3,3.1,100.0,0.0,0.0,0.0,0.0,0.0,0.0,0.0,0.0,0.0,0.0,0.0,0.0,0.0,0.0,0.0,100,33.0,31.0,6.0,11.0,14.0,7.0,10.0,10.0,12,17.0,23,91,83,100,33.0,31.0,6.0,11.0,14.0,7.0,10.0,10.0,12,17.0,23,91,83,0,0,0,0,0,0,0,0,0,0,0,0,0,0,43.4,36.3,56.7,52.0,33.8,30.8,44.1,41.4,43.4,36.3,56.7,52.0,33.8,30.8,44.1,41.4,0.0,0.0,0.0,0.0,0.0,0.0,0.0,0.0,"(CONTRACTS OF 1,000 BARRELS)",N10,CRUDE OIL,PETROLEUM AND PRODUCTS,NATURAL RESOURCES,FutOnly
201215067411F,"CRUDE OIL, LIGHT SWEET-WTI - ICE FUTURES EUROPE",2020-12-15T00:00:00.000,2020 Report Week 50,"CRUDE OIL, LIGHT SWEET-WTI",67411,ICEU,NYC,67,CRUDE OIL,464020,219359,134003,4854,123403,37981,9520,19887,24165,81271,33806,74923,452073,448168,11947,15852,464020,219359,134003,4854,123403,37981,9520,19887,24165,81271,33806,74923,452073,448168,11947,15852,0,0,0,0,0,0,0,0,0,0,0,0,0,0,0,0,16909.0,17439.0,1396.0,-35.0,11369.0,-421.0,400.0,26.0,-78.0,-1728.0,3204.0,2472.0,18049.0,17968.0,-1140.0,-1059.0,100.0,47.3,28.9,1.0,26.6,8.2,2.1,4.3,5.2,17.5,7.3,16.1,97.4,96.6,2.6,3.4,100.0,47.3,28.9,1.0,26.6,8.2,2.1,4.3,5.2,17.5,7.3,16.1,97.4,96.6,2.6,3.4,100.0,0.0,0.0,0.0,0.0,0.0,0.0,0.0,0.0,0.0,0.0,0.0,0.0,0.0,0.0,0.0,102,37.0,32.0,6.0,11.0,14.0,6.0,11.0,10.0,14,16.0,26,97,86,102,37.0,32.0,6.0,11.0,14.0,6.0,11.0,10.0,14,16.0,26,97,86,0,0,0,0,0,0,0,0,0,0,0,0,0,0,41.6,35.9,54.5,50.4,31.8,30.4,41.9,39.5,41.6,35.9,54.5,50.4,31.8,30.4,41.9,39.5,0.0,0.0,0.0,0.0,0.0,0.0,0.0,0.0,"(CONTRACTS OF 1,000 BARRELS)",N10,CRUDE OIL,PETROLEUM AND PRODUCTS,NATURAL RESOURCES,FutOnly
201208067411F,"CRUDE OIL, LIGHT SWEET-WTI - ICE FUTURES EUROPE",2020-12-08T00:00:00.000,2020 Report Week 49,"CRUDE OIL, LIGHT SWEET-WTI",67411,ICEU,NYC,67,CRUDE OIL,447111,201920,132607,4889,112034,38402,9120,19861,24243,82999,30602,72451,434024,430200,13087,16911,447111,201920,132607,4889,112034,38402,9120,19861,24243,82999,30602,72451,434024,430200,13087,16911,0,0,0,0,0,0,0,0,0,0,0,0,0,0,0,0,12778.0,15386.0,8530.0,59.0,5096.0,657.0,1057.0,-3291.0,-2794.0,-2358.0,3477.0,-269.0,11738.0,11406.0,1040.0,1372.0,100.0,45.2,29.7,1.1,25.1,8.6,2.0,4.4,5.4,18.6,6.8,16.2,97.1,96.2,2.9,3.8,100.0,45.2,29.7,1.1,25.1,8.6,2.0,4.4,5.4,18.6,6.8,16.2,97.1,96.2,2.9,3.8,100.0,0.0,0.0,0.0,0.0,0.0,0.0,0.0,0.0,0.0,0.0,0.0,0.0,0.0,0.0,0.0,99,35.0,32.0,6.0,11.0,15.0,6.0,10.0,8.0,14,15.0,25,93,85,99,35.0,32.0,6.0,11.0,15.0,6.0,10.0,8.0,14,15.0,25,93,85,0,0,0,0,0,0,0,0,0,0,0,0,0,0,42.4,34.3,55.1,49.3,31.5,29.2,41.2,38.3,42.4,34.3,55.1,49.3,31.5,29.2,41.2,38.3,0.0,0.0,0.0,0.0,0.0,0.0,0.0,0.0,"(CONTRACTS OF 1,000 BARRELS)",N10,CRUDE OIL,PETROLEUM AND PRODUCTS,NATURAL RESOURCES,FutOnly
201201067411F,"CRUDE OIL, LIGHT SWEET-WTI - ICE FUTURES EUROPE",2020-12-01T00:00:00.000,2020 Report Week 48,"CRUDE OIL, LIGHT SWEET-WTI",67411,ICEU,NYC,67,CRUDE OIL,434333,186534,124077,4830,106938,37745,8063,23152,27037,85357,27125,72720,422286,418794,12047,15539,434333,186534,124077,4830,106938,37745,8063,23152,27037,85357,27125,72720,422286,418794,12047,15539,0,0,0,0,0,0,0,0,0,0,0,0,0,0,0,0,1615.0,1838.0,6231.0,-334.0,-661.0,2872.0,895.0,1439.0,-146.0,1517.0,-2813.0,-6436.0,206.0,486.0,1409.0,1129.0,100.0,42.9,28.6,1.1,24.6,8.7,1.9,5.3,6.2,19.7,6.2,16.7,97.2,96.4,2.8,3.6,100.0,42.9,28.6,1.1,24.6,8.7,1.9,5.3,6.2,19.7,6.2,16.7,97.2,96.4,2.8,3.6,100.0,0.0,0.0,0.0,0.0,0.0,0.0,0.0,0.0,0.0,0.0,0.0,0.0,0.0,0.0,0.0,99,35.0,30.0,6.0,11.0,15.0,6.0,10.0,7.0,13,15.0,26,92,83,99,35.0,30.0,6.0,11.0,15.0,6.0,10.0,7.0,13,15.0,26,92,83,0,0,0,0,0,0,0,0,0,0,0,0,0,0,42.0,34.4,55.0,49.1,31.2,29.7,42.0,39.1,42.0,34.4,55.0,49.1,31.2,29.7,42.0,39.1,0.0,0.0,0.0,0.0,0.0,0.0,0.0,0.0,"(CONTRACTS OF 1,000 BARRELS)",N10,CRUDE OIL,PETROLEUM AND PRODUCTS,NATURAL RESOURCES,FutOnly
201124067411F,"CRUDE OIL, LIGHT SWEET-WTI - ICE FUTURES EUROPE",2020-11-24T00:00:00.000,2020 Report Week 47,"CRUDE OIL, LIGHT SWEET-WTI",67411,ICEU,NYC,67,CRUDE OIL,432718,184696,117846,5164,107599,34873,7168,21713,27183,83840,29938,79156,422080,418308,10638,14410,432718,184696,117846,5164,107599,34873,7168,21713,27183,83840,29938,79156,422080,418308,10638,14410,0,0,0,0,0,0,0,0,0,0,0,0,0,0,0,0,-17986.0,-3367.0,-1790.0,-1463.0,-15326.0,-433.0,1607.0,-1583.0,-457.0,-8423.0,7953.0,-6808.0,-19344.0,-18444.0,1358.0,458.0,100.0,42.7,27.2,1.2,24.9,8.1,1.7,5.0,6.3,19.4,6.9,18.3,97.5,96.7,2.5,3.3,100.0,42.7,27.2,1.2,24.9,8.1,1.7,5.0,6.3,19.4,6.9,18.3,97.5,96.7,2.5,3.3,100.0,0.0,0.0,0.0,0.0,0.0,0.0,0.0,0.0,0.0,0.0,0.0,0.0,0.0,0.0,0.0,102,39.0,34.0,7.0,10.0,15.0,7.0,10.0,8.0,12,16.0,23,94,87,102,39.0,34.0,7.0,10.0,15.0,7.0,10.0,8.0,12,16.0,23,94,87,0,0,0,0,0,0,0,0,0,0,0,0,0,0,42.2,34.8,55.2,50.6,32.4,29.4,42.4,39.1,42.2,34.8,55.2,50.6,32.4,29.4,42.4,39.1,0.0,0.0,0.0,0.0,0.0,0.0,0.0,0.0,"(CONTRACTS OF 1,000 BARRELS)",N10,CRUDE OIL,PETROLEUM AND PRODUCTS,NATURAL RESOURCES,FutOnly
201117067411F,"CRUDE OIL, LIGHT SWEET-WTI - ICE FUTURES EUROPE",2020-11-17T00:00:00.000,2020 Report Week 46,"CRUDE OIL, LIGHT SWEET-WTI",67411,ICEU,NYC,67,CRUDE OIL,450704,188063,119636,6627,122925,35306,5561,23296,27640,92263,21985,85964,441424,436752,9280,13952,450704,188063,119636,6627,122925,35306,5561,23296,27640,92263,21985,85964,441424,436752,9280,13952,0,0,0,0,0,0,0,0,0,0,0,0,0,0,0,0,3263.0,-5362.0,-7671.0,-3961.0,3737.0,-2213.0,-839.0,-1157.0,7820.0,-4184.0,-10360.0,11899.0,3160.0,2055.0,103.0,1208.0,100.0,41.7,26.5,1.5,27.3,7.8,1.2,5.2,6.1,20.5,4.9,19.1,97.9,96.9,2.1,3.1,100.0,41.7,26.5,1.5,27.3,7.8,1.2,5.2,6.1,20.5,4.9,19.1,97.9,96.9,2.1,3.1,100.0,0.0,0.0,0.0,0.0,0.0,0.0,0.0,0.0,0.0,0.0,0.0,0.0,0.0,0.0,0.0,112,43.0,39.0,8.0,10.0,17.0,5.0,10.0,7.0,17,15.0,29,103,99,112,43.0,39.0,8.0,10.0,17.0,5.0,10.0,7.0,17,15.0,29,103,99,0,0,0,0,0,0,0,0,0,0,0,0,0,0,39.2,34.9,53.0,49.6,30.4,30.1,41.2,39.6,39.2,34.9,53.0,49.6,30.4,30.1,41.2,39.6,0.0,0.0,0.0,0.0,0.0,0.0,0.0,0.0,"(CONTRACTS OF 1,000 BARRELS)",N10,CRUDE OIL,PETROLEUM AND PRODUCTS,NATURAL RESOURCES,FutOnly
201110067411F,"CRUDE OIL, LIGHT SWEET-WTI - ICE FUTURES EUROPE",2020-11-10T00:00:00.000,2020 Report Week 45,"CRUDE OIL, LIGHT SWEET-WTI",67411,ICEU,NYC,67,CRUDE OIL,447441,193425,127307,10588,119188,37519,6400,24453,19820,96447,32345,74065,438264,434697,9177,12744,447441,193425,127307,10588,119188,37519,6400,24453,19820,96447,32345,74065,438264,434697,9177,12744,0,0,0,0,0,0,0,0,0,0,0,0,0,0,0,0,8776.0,-2430.0,-8466.0,301.0,-944.0,2104.0,-1164.0,2845.0,1861.0,-4961.0,-334.0,12676.0,8387.0,9742.0,389.0,-966.0,100.0,43.2,28.5,2.4,26.6,8.4,1.4,5.5,4.4,21.6,7.2,16.6,97.9,97.2,2.1,2.8,100.0,43.2,28.5,2.4,26.6,8.4,1.4,5.5,4.4,21.6,7.2,16.6,97.9,97.2,2.1,2.8,100.0,0.0,0.0,0.0,0.0,0.0,0.0,0.0,0.0,0.0,0.0,0.0,0.0,0.0,0.0,0.0,111,40.0,37.0,8.0,11.0,16.0,4.0,10.0,9.0,18,17.0,31,103,100,111,40.0,37.0,8.0,11.0,16.0,4.0,10.0,9.0,18,17.0,31,103,100,0,0,0,0,0,0,0,0,0,0,0,0,0,0,38.5,34.9,51.3,48.8,31.6,29.8,40.5,39.7,38.5,34.9,51.3,48.8,31.6,29.8,40.5,39.7,0.0,0.0,0.0,0.0,0.0,0.0,0.0,0.0,"(CONTRACTS OF 1,000 BARRELS)",N10,CRUDE OIL,PETROLEUM AND PRODUCTS,NATURAL RESOURCES,FutOnly
201103067411F,"CRUDE OIL, LIGHT SWEET-WTI - ICE FUTURES EUROPE",2020-11-03T00:00:00.000,2020 Report Week 44,"CRUDE OIL, LIGHT SWEET-WTI",67411,ICEU,NYC,67,CRUDE OIL,438665,195855,135773,10287,120132,35415,7564,21608,17959,101408,32679,61389,429877,424955,8788,13710,438665,195855,135773,10287,120132,35415,7564,21608,17959,101408,32679,61389,429877,424955,8788,13710,0,0,0,0,0,0,0,0,0,0,0,0,0,0,0,0,-3460.0,-5439.0,-4156.0,-1249.0,2959.0,-2811.0,-238.0,2777.0,-1631.0,3908.0,-4781.0,4334.0,-3126.0,-3309.0,-334.0,-151.0,100.0,44.6,31.0,2.3,27.4,8.1,1.7,4.9,4.1,23.1,7.4,14.0,98.0,96.9,2.0,3.1,100.0,44.6,31.0,2.3,27.4,8.1,1.7,4.9,4.1,23.1,7.4,14.0,98.0,96.9,2.0,3.1,100.0,0.0,0.0,0.0,0.0,0.0,0.0,0.0,0.0,0.0,0.0,0.0,0.0,0.0,0.0,0.0,108,40.0,38.0,10.0,9.0,17.0,6.0,7.0,8.0,15,18.0,27,100,96,108,40.0,38.0,10.0,9.0,17.0,6.0,7.0,8.0,15,18.0,27,100,96,0,0,0,0,0,0,0,0,0,0,0,0,0,0,41.4,35.6,54.2,48.7,35.2,30.0,42.6,40.3,41.4,35.6,54.2,48.7,35.2,30.0,42.6,40.3,0.0,0.0,0.0,0.0,0.0,0.0,0.0,0.0,"(CONTRACTS OF 1,000 BARRELS)",N10,CRUDE OIL,PETROLEUM AND PRODUCTS,NATURAL RESOURCES,FutOnly
201027067411F,"CRUDE OIL, LIGHT SWEET-WTI - ICE FUTURES EUROPE",2020-10-27T00:00:00.000,2020 Report Week 43,"CRUDE OIL, LIGHT SWEET-WTI",67411,ICEU,NYC,67,CRUDE OIL,442125,201294,139929,11536,117173,38226,7802,18831,19590,97500,37460,57055,433003,428264,9122,13861,442125,201294,139929,11536,117173,38226,7802,18831,19590,97500,37460,57055,433003,428264,9122,13861,0,0,0,0,0,0,0,0,0,0,0,0,0,0,0,0,-9515.0,3098.0,-11597.0,-1984.0,-2270.0,2268.0,-97.0,1936.0,-1737.0,-7328.0,7441.0,-4973.0,-10753.0,-8932.0,1238.0,-583.0,100.0,45.5,31.6,2.6,26.5,8.6,1.8,4.3,4.4,22.1,8.5,12.9,97.9,96.9,2.1,3.1,100.0,45.5,31.6,2.6,26.5,8.6,1.8,4.3,4.4,22.1,8.5,12.9,97.9,96.9,2.1,3.1,100.0,0.0,0.0,0.0,0.0,0.0,0.0,0.0,0.0,0.0,0.0,0.0,0.0,0.0,0.0,0.0,105,36.0,33.0,12.0,8.0,17.0,6.0,7.0,7.0,15,18.0,27,97,90,105,36.0,33.0,12.0,8.0,17.0,6.0,7.0,7.0,15,18.0,27,97,90,0,0,0,0,0,0,0,0,0,0,0,0,0,0,41.7,34.9,54.6,48.2,34.3,27.8,41.7,38.5,41.7,34.9,54.6,48.2,34.3,27.8,41.7,38.5,0.0,0.0,0.0,0.0,0.0,0.0,0.0,0.0,"(CONTRACTS OF 1,000 BARRELS)",N10,CRUDE OIL,PETROLEUM AND PRODUCTS,NATURAL RESOURCES,FutOnly
201020067411F,"CRUDE OIL, LIGHT SWEET-WTI - ICE FUTURES EUROPE",2020-10-20T00:00:00.000,2020 Report Week 42,"CRUDE OIL, LIGHT SWEET-WTI",67411,ICEU,NYC,67,CRUDE OIL,451640,198196,151526,13520,119443,35958,7899,16895,21327,104828,30019,62028,443756,437196,7884,14444,451640,198196,151526,13520,119443,35958,7899,16895,21327,104828,30019,62028,443756,437196,7884,14444,0,0,0,0,0,0,0,0,0,0,0,0,0,0,0,0,-16992.0,-16657.0,-4868.0,-2852.0,-4082.0,-1103.0,-1401.0,1216.0,-495.0,9810.0,-3343.0,-2973.0,-15671.0,-15648.0,-1321.0,-1344.0,100.0,43.9,33.6,3.0,26.4,8.0,1.7,3.7,4.7,23.2,6.6,13.7,98.3,96.8,1.7,3.2,100.0,43.9,33.6,3.0,26.4,8.0,1.7,3.7,4.7,23.2,6.6,13.7,98.3,96.8,1.7,3.2,100.0,0.0,0.0,0.0,0.0,0.0,0.0,0.0,0.0,0.0,0.0,0.0,0.0,0.0,0.0,0.0,103,34.0,32.0,11.0,9.0,16.0,6.0,6.0,7.0,18,16.0,28,96,88,103,34.0,32.0,11.0,9.0,16.0,6.0,6.0,7.0,18,16.0,28,96,88,0,0,0,0,0,0,0,0,0,0,0,0,0,0,41.6,34.2,54.9,46.7,33.7,28.0,40.8,38.7,41.6,34.2,54.9,46.7,33.7,28.0,40.8,38.7,0.0,0.0,0.0,0.0,0.0,0.0,0.0,0.0,"(CONTRACTS OF 1,000 BARRELS)",N10,CRUDE OIL,PETROLEUM AND PRODUCTS,NATURAL RESOURCES,FutOnly
201013067411F,"CRUDE OIL, LIGHT SWEET-WTI - ICE FUTURES EUROPE",2020-10-13T00:00:00.000,2020 Report Week 41,"CRUDE OIL, LIGHT SWEET-WTI",67411,ICEU,NYC,67,CRUDE OIL,468632,214853,156394,16372,123525,37061,9300,15679,21822,95018,33362,65001,459427,452844,9205,15788,468632,214853,156394,16372,123525,37061,9300,15679,21822,95018,33362,65001,459427,452844,9205,15788,0,0,0,0,0,0,0,0,0,0,0,0,0,0,0,0,13910.0,8181.0,-51.0,-355.0,-684.0,2956.0,-1383.0,-832.0,850.0,-2398.0,4428.0,5385.0,13236.0,12052.0,674.0,1858.0,100.0,45.8,33.4,3.5,26.4,7.9,2.0,3.3,4.7,20.3,7.1,13.9,98.0,96.6,2.0,3.4,100.0,45.8,33.4,3.5,26.4,7.9,2.0,3.3,4.7,20.3,7.1,13.9,98.0,96.6,2.0,3.4,100.0,0.0,0.0,0.0,0.0,0.0,0.0,0.0,0.0,0.0,0.0,0.0,0.0,0.0,0.0,0.0,104,35.0,33.0,13.0,7.0,17.0,7.0,6.0,7.0,16,16.0,28,97,90,104,35.0,33.0,13.0,7.0,17.0,7.0,6.0,7.0,16,16.0,28,97,90,0,0,0,0,0,0,0,0,0,0,0,0,0,0,39.0,33.7,52.9,45.9,31.3,27.7,38.8,38.0,39.0,33.7,52.9,45.9,31.3,27.7,38.8,38.0,0.0,0.0,0.0,0.0,0.0,0.0,0.0,0.0,"(CONTRACTS OF 1,000 BARRELS)",N10,CRUDE OIL,PETROLEUM AND PRODUCTS,NATURAL RESOURCES,FutOnly
201006067411F,"CRUDE OIL, LIGHT SWEET-WTI - ICE FUTURES EUROPE",2020-10-06T00:00:00.000,2020 Report Week 40,"CRUDE OIL, LIGHT SWEET-WTI",67411,ICEU,NYC,67,CRUDE OIL,454722,206672,156445,16727,124209,34105,10683,16511,20972,97416,28934,59616,446191,440792,8531,13930,454722,206672,156445,16727,124209,34105,10683,16511,20972,97416,28934,59616,446191,440792,8531,13930,0,0,0,0,0,0,0,0,0,0,0,0,0,0,0,0,-796.0,7506.0,-5549.0,121.0,94.0,-57.0,-1133.0,1266.0,2718.0,-10358.0,283.0,330.0,-873.0,-915.0,77.0,119.0,100.0,45.5,34.4,3.7,27.3,7.5,2.3,3.6,4.6,21.4,6.4,13.1,98.1,96.9,1.9,3.1,100.0,45.5,34.4,3.7,27.3,7.5,2.3,3.6,4.6,21.4,6.4,13.1,98.1,96.9,1.9,3.1,100.0,0.0,0.0,0.0,0.0,0.0,0.0,0.0,0.0,0.0,0.0,0.0,0.0,0.0,0.0,0.0,110,37.0,35.0,13.0,7.0,18.0,7.0,7.0,7.0,16,17.0,30,101,96,110,37.0,35.0,13.0,7.0,18.0,7.0,7.0,7.0,16,17.0,30,101,96,0,0,0,0,0,0,0,0,0,0,0,0,0,0,39.4,34.6,52.7,46.9,31.6,28.7,39.4,39.4,39.4,34.6,52.7,46.9,31.6,28.7,39.4,39.4,0.0,0.0,0.0,0.0,0.0,0.0,0.0,0.0,"(CONTRACTS OF 1,000 BARRELS)",N10,CRUDE OIL,PETROLEUM AND PRODUCTS,NATURAL RESOURCES,FutOnly
200929067411F,"CRUDE OIL, LIGHT SWEET-WTI - ICE FUTURES EUROPE",2020-09-29T00:00:00.000,2020 Report Week 39,"CRUDE OIL, LIGHT SWEET-WTI",67411,ICEU,NYC,67,CRUDE OIL,455518,199166,161994,16606,124115,34162,11816,15245,18254,107774,28651,59286,447064,441707,8454,13811,455518,199166,161994,16606,124115,34162,11816,15245,18254,107774,28651,59286,447064,441707,8454,13811,0,0,0,0,0,0,0,0,0,0,0,0,0,0,0,0,11924.0,10537.0,1347.0,-976.0,436.0,1439.0,-677.0,3018.0,1166.0,-2691.0,475.0,2975.0,11773.0,10856.0,151.0,1068.0,100.0,43.7,35.6,3.6,27.2,7.5,2.6,3.3,4.0,23.7,6.3,13.0,98.1,97.0,1.9,3.0,100.0,43.7,35.6,3.6,27.2,7.5,2.6,3.3,4.0,23.7,6.3,13.0,98.1,97.0,1.9,3.0,100.0,0.0,0.0,0.0,0.0,0.0,0.0,0.0,0.0,0.0,0.0,0.0,0.0,0.0,0.0,0.0,107,35.0,33.0,13.0,9.0,19.0,7.0,7.0,7.0,19,14.0,25,98,91,107,35.0,33.0,13.0,9.0,19.0,7.0,7.0,7.0,19,14.0,25,98,91,0,0,0,0,0,0,0,0,0,0,0,0,0,0,39.4,35.3,52.6,48.6,31.6,29.9,39.5,41.1,39.4,35.3,52.6,48.6,31.6,29.9,39.5,41.1,0.0,0.0,0.0,0.0,0.0,0.0,0.0,0.0,"(CONTRACTS OF 1,000 BARRELS)",N10,CRUDE OIL,PETROLEUM AND PRODUCTS,NATURAL RESOURCES,FutOnly
200922067411F,"CRUDE OIL, LIGHT SWEET-WTI - ICE FUTURES EUROPE",2020-09-22T00:00:00.000,2020 Report Week 38,"CRUDE OIL, LIGHT SWEET-WTI",67411,ICEU,NYC,67,CRUDE OIL,443594,188629,160647,17582,123679,32723,12493,12227,17088,110465,28176,56311,435291,430851,8303,12743,443594,188629,160647,17582,123679,32723,12493,12227,17088,110465,28176,56311,435291,430851,8303,12743,0,0,0,0,0,0,0,0,0,0,0,0,0,0,0,0,-16763.0,5536.0,-5167.0,1395.0,-10329.0,-1826.0,-9779.0,2067.0,-1201.0,-8695.0,1092.0,-686.0,-15256.0,-16050.0,-1507.0,-713.0,100.0,42.5,36.2,4.0,27.9,7.4,2.8,2.8,3.9,24.9,6.4,12.7,98.1,97.1,1.9,2.9,100.0,42.5,36.2,4.0,27.9,7.4,2.8,2.8,3.9,24.9,6.4,12.7,98.1,97.1,1.9,2.9,100.0,0.0,0.0,0.0,0.0,0.0,0.0,0.0,0.0,0.0,0.0,0.0,0.0,0.0,0.0,0.0,107,36.0,34.0,13.0,10.0,19.0,6.0,6.0,6.0,19,15.0,27,99,92,107,36.0,34.0,13.0,10.0,19.0,6.0,6.0,6.0,19,15.0,27,99,92,0,0,0,0,0,0,0,0,0,0,0,0,0,0,39.8,36.0,52.8,49.4,31.2,30.6,38.8,41.7,39.8,36.0,52.8,49.4,31.2,30.6,38.8,41.7,0.0,0.0,0.0,0.0,0.0,0.0,0.0,0.0,"(CONTRACTS OF 1,000 BARRELS)",N10,CRUDE OIL,PETROLEUM AND PRODUCTS,NATURAL RESOURCES,FutOnly
200915067411F,"CRUDE OIL, LIGHT SWEET-WTI - ICE FUTURES EUROPE",2020-09-15T00:00:00.000,2020 Report Week 37,"CRUDE OIL, LIGHT SWEET-WTI",67411,ICEU,NYC,67,CRUDE OIL,460357,183093,165814,16187,134008,34549,22272,10160,18289,119160,27084,56997,450547,446901,9810,13456,460357,183093,165814,16187,134008,34549,22272,10160,18289,119160,27084,56997,450547,446901,9810,13456,0,0,0,0,0,0,0,0,0,0,0,0,0,0,0,0,123.0,-10948.0,18096.0,855.0,1235.0,-5473.0,6606.0,1718.0,-2246.0,17669.0,-6538.0,-4964.0,1499.0,1828.0,-1376.0,-1705.0,100.0,39.8,36.0,3.5,29.1,7.5,4.8,2.2,4.0,25.9,5.9,12.4,97.9,97.1,2.1,2.9,100.0,39.8,36.0,3.5,29.1,7.5,4.8,2.2,4.0,25.9,5.9,12.4,97.9,97.1,2.1,2.9,100.0,0.0,0.0,0.0,0.0,0.0,0.0,0.0,0.0,0.0,0.0,0.0,0.0,0.0,0.0,0.0,110,38.0,35.0,12.0,10.0,20.0,9.0,5.0,10.0,19,15.0,29,103,101,110,38.0,35.0,12.0,10.0,20.0,9.0,5.0,10.0,19,15.0,29,103,101,0,0,0,0,0,0,0,0,0,0,0,0,0,0,38.8,37.1,53.2,50.4,30.3,31.9,39.4,43.2,38.8,37.1,53.2,50.4,30.3,31.9,39.4,43.2,0.0,0.0,0.0,0.0,0.0,0.0,0.0,0.0,"(CONTRACTS OF 1,000 BARRELS)",N10,CRUDE OIL,PETROLEUM AND PRODUCTS,NATURAL RESOURCES,FutOnly
200908067411F,"CRUDE OIL, LIGHT SWEET-WTI - ICE FUTURES EUROPE",2020-09-08T00:00:00.000,2020 Report Week 36,"CRUDE OIL, LIGHT SWEET-WTI",67411,ICEU,NYC,67,CRUDE OIL,460234,194041,147718,15332,132773,40022,15666,8442,20535,101491,33622,61961,449048,445073,11186,15161,460234,194041,147718,15332,132773,40022,15666,8442,20535,101491,33622,61961,449048,445073,11186,15161,0,0,0,0,0,0,0,0,0,0,0,0,0,0,0,0,5701.0,5571.0,-6294.0,-1942.0,1680.0,-1109.0,349.0,1140.0,134.0,-1637.0,4377.0,3156.0,4522.0,3084.0,1179.0,2617.0,100.0,42.2,32.1,3.3,28.8,8.7,3.4,1.8,4.5,22.1,7.3,13.5,97.6,96.7,2.4,3.3,100.0,42.2,32.1,3.3,28.8,8.7,3.4,1.8,4.5,22.1,7.3,13.5,97.6,96.7,2.4,3.3,100.0,0.0,0.0,0.0,0.0,0.0,0.0,0.0,0.0,0.0,0.0,0.0,0.0,0.0,0.0,0.0,108,37.0,33.0,11.0,9.0,20.0,9.0,6.0,10.0,16,18.0,29,104,96,108,37.0,33.0,11.0,9.0,20.0,9.0,6.0,10.0,16,18.0,29,104,96,0,0,0,0,0,0,0,0,0,0,0,0,0,0,38.5,36.2,51.7,50.6,30.2,29.9,38.3,41.9,38.5,36.2,51.7,50.6,30.2,29.9,38.3,41.9,0.0,0.0,0.0,0.0,0.0,0.0,0.0,0.0,"(CONTRACTS OF 1,000 BARRELS)",N10,CRUDE OIL,PETROLEUM AND PRODUCTS,NATURAL RESOURCES,FutOnly
200901067411F,"CRUDE OIL, LIGHT SWEET-WTI - ICE FUTURES EUROPE",2020-09-01T00:00:00.000,2020 Report Week 35,"CRUDE OIL, LIGHT SWEET-WTI",67411,ICEU,NYC,67,CRUDE OIL,454533,188470,154012,17274,131093,41131,15317,7302,20401,103128,29245,58805,444526,441989,10007,12544,454533,188470,154012,17274,131093,41131,15317,7302,20401,103128,29245,58805,444526,441989,10007,12544,0,0,0,0,0,0,0,0,0,0,0,0,0,0,0,0,-2236.0,-604.0,4926.0,-420.0,-2291.0,3104.0,-659.0,-1060.0,-724.0,2350.0,-547.0,-5850.0,-2803.0,-2442.0,567.0,206.0,100.0,41.5,33.9,3.8,28.8,9.0,3.4,1.6,4.5,22.7,6.4,12.9,97.8,97.2,2.2,2.8,100.0,41.5,33.9,3.8,28.8,9.0,3.4,1.6,4.5,22.7,6.4,12.9,97.8,97.2,2.2,2.8,100.0,0.0,0.0,0.0,0.0,0.0,0.0,0.0,0.0,0.0,0.0,0.0,0.0,0.0,0.0,0.0,107,37.0,35.0,11.0,9.0,19.0,8.0,7.0,10.0,16,16.0,27,101,95,107,37.0,35.0,11.0,9.0,19.0,8.0,7.0,10.0,16,16.0,27,101,95,0,0,0,0,0,0,0,0,0,0,0,0,0,0,36.9,36.4,50.7,50.8,29.3,31.1,37.1,43.6,36.9,36.4,50.7,50.8,29.3,31.1,37.1,43.6,0.0,0.0,0.0,0.0,0.0,0.0,0.0,0.0,"(CONTRACTS OF 1,000 BARRELS)",N10,CRUDE OIL,PETROLEUM AND PRODUCTS,NATURAL RESOURCES,FutOnly
200825067411F,"CRUDE OIL, LIGHT SWEET-WTI - ICE FUTURES EUROPE",2020-08-25T00:00:00.000,2020 Report Week 34,"CRUDE OIL, LIGHT SWEET-WTI",67411,ICEU,NYC,67,CRUDE OIL,456769,189074,149086,17694,133384,38027,15976,8362,21125,100778,29792,64655,447329,444431,9440,12338,456769,189074,149086,17694,133384,38027,15976,8362,21125,100778,29792,64655,447329,444431,9440,12338,0,0,0,0,0,0,0,0,0,0,0,0,0,0,0,0,-15231.0,2270.0,-6687.0,294.0,-3427.0,-6659.0,-8629.0,-1379.0,-4012.0,4859.0,9200.0,-2691.0,-14568.0,-15655.0,-663.0,424.0,100.0,41.4,32.6,3.9,29.2,8.3,3.5,1.8,4.6,22.1,6.5,14.2,97.9,97.3,2.1,2.7,100.0,41.4,32.6,3.9,29.2,8.3,3.5,1.8,4.6,22.1,6.5,14.2,97.9,97.3,2.1,2.7,100.0,0.0,0.0,0.0,0.0,0.0,0.0,0.0,0.0,0.0,0.0,0.0,0.0,0.0,0.0,0.0,108,37.0,35.0,11.0,9.0,18.0,9.0,7.0,11.0,13,19.0,27,102,95,108,37.0,35.0,11.0,9.0,18.0,9.0,7.0,11.0,13,19.0,27,102,95,0,0,0,0,0,0,0,0,0,0,0,0,0,0,37.8,35.3,51.6,50.7,29.3,30.3,37.6,43.0,37.8,35.3,51.6,50.7,29.3,30.3,37.6,43.0,0.0,0.0,0.0,0.0,0.0,0.0,0.0,0.0,"(CONTRACTS OF 1,000 BARRELS)",N10,CRUDE OIL,PETROLEUM AND PRODUCTS,NATURAL RESOURCES,FutOnly
200818067411F,"CRUDE OIL, LIGHT SWEET-WTI - ICE FUTURES EUROPE",2020-08-18T00:00:00.000,2020 Report Week 33,"CRUDE OIL, LIGHT SWEET-WTI",67411,ICEU,NYC,67,CRUDE OIL,472000,186804,155773,17400,136811,44686,24605,9741,25137,95919,20592,67346,461897,460086,10103,11914,472000,186804,155773,17400,136811,44686,24605,9741,25137,95919,20592,67346,461897,460086,10103,11914,0,0,0,0,0,0,0,0,0,0,0,0,0,0,0,0,-5090.0,4145.0,-4113.0,-2065.0,-5969.0,2670.0,731.0,678.0,-688.0,-6626.0,5619.0,-2345.0,-4178.0,-4148.0,-912.0,-942.0,100.0,39.6,33.0,3.7,29.0,9.5,5.2,2.1,5.3,20.3,4.4,14.3,97.9,97.5,2.1,2.5,100.0,39.6,33.0,3.7,29.0,9.5,5.2,2.1,5.3,20.3,4.4,14.3,97.9,97.5,2.1,2.5,100.0,0.0,0.0,0.0,0.0,0.0,0.0,0.0,0.0,0.0,0.0,0.0,0.0,0.0,0.0,0.0,111,38.0,37.0,10.0,10.0,19.0,8.0,8.0,12.0,15,18.0,29,105,100,111,38.0,37.0,10.0,10.0,19.0,8.0,8.0,12.0,15,18.0,29,105,100,0,0,0,0,0,0,0,0,0,0,0,0,0,0,35.0,36.0,48.2,51.7,28.1,30.0,35.6,40.9,35.0,36.0,48.2,51.7,28.1,30.0,35.6,40.9,0.0,0.0,0.0,0.0,0.0,0.0,0.0,0.0,"(CONTRACTS OF 1,000 BARRELS)",N10,CRUDE OIL,PETROLEUM AND PRODUCTS,NATURAL RESOURCES,FutOnly
200811067411F,"CRUDE OIL, LIGHT SWEET-WTI - ICE FUTURES EUROPE",2020-08-11T00:00:00.000,2020 Report Week 32,"CRUDE OIL, LIGHT SWEET-WTI",67411,ICEU,NYC,67,CRUDE OIL,477090,182659,159886,19465,142780,42016,23874,9063,25825,102545,14973,69691,466075,464234,11015,12856,477090,182659,159886,19465,142780,42016,23874,9063,25825,102545,14973,69691,466075,464234,11015,12856,0,0,0,0,0,0,0,0,0,0,0,0,0,0,0,0,6111.0,7252.0,-2954.0,-4581.0,581.0,3944.0,900.0,789.0,-3188.0,-2977.0,3859.0,4932.0,6282.0,7963.0,-171.0,-1852.0,100.0,38.3,33.5,4.1,29.9,8.8,5.0,1.9,5.4,21.5,3.1,14.6,97.7,97.3,2.3,2.7,100.0,38.3,33.5,4.1,29.9,8.8,5.0,1.9,5.4,21.5,3.1,14.6,97.7,97.3,2.3,2.7,100.0,0.0,0.0,0.0,0.0,0.0,0.0,0.0,0.0,0.0,0.0,0.0,0.0,0.0,0.0,0.0,113,39.0,37.0,11.0,10.0,19.0,9.0,7.0,12.0,16,17.0,30,108,101,113,39.0,37.0,11.0,10.0,19.0,9.0,7.0,12.0,16,17.0,30,108,101,0,0,0,0,0,0,0,0,0,0,0,0,0,0,36.7,37.0,49.4,52.1,28.8,31.4,35.7,42.4,36.7,37.0,49.4,52.1,28.8,31.4,35.7,42.4,0.0,0.0,0.0,0.0,0.0,0.0,0.0,0.0,"(CONTRACTS OF 1,000 BARRELS)",N10,CRUDE OIL,PETROLEUM AND PRODUCTS,NATURAL RESOURCES,FutOnly
200804067411F,"CRUDE OIL, LIGHT SWEET-WTI - ICE FUTURES EUROPE",2020-08-04T00:00:00.000,2020 Report Week 31,"CRUDE OIL, LIGHT SWEET-WTI",67411,ICEU,NYC,67,CRUDE OIL,470979,175407,162840,24046,142199,38072,22974,8274,29013,105522,11114,64759,459793,456271,11186,14708,470979,175407,162840,24046,142199,38072,22974,8274,29013,105522,11114,64759,459793,456271,11186,14708,0,0,0,0,0,0,0,0,0,0,0,0,0,0,0,0,-3476.0,-4769.0,-660.0,-1399.0,-378.0,998.0,-892.0,-1938.0,-585.0,1968.0,-857.0,618.0,-4061.0,-2802.0,585.0,-674.0,100.0,37.2,34.6,5.1,30.2,8.1,4.9,1.8,6.2,22.4,2.4,13.7,97.6,96.9,2.4,3.1,100.0,37.2,34.6,5.1,30.2,8.1,4.9,1.8,6.2,22.4,2.4,13.7,97.6,96.9,2.4,3.1,100.0,0.0,0.0,0.0,0.0,0.0,0.0,0.0,0.0,0.0,0.0,0.0,0.0,0.0,0.0,0.0,111,38.0,36.0,12.0,8.0,20.0,9.0,8.0,13.0,16,16.0,27,105,100,111,38.0,36.0,12.0,8.0,20.0,9.0,8.0,13.0,16,16.0,27,105,100,0,0,0,0,0,0,0,0,0,0,0,0,0,0,37.3,36.3,49.9,51.1,29.6,30.9,36.5,42.0,37.3,36.3,49.9,51.1,29.6,30.9,36.5,42.0,0.0,0.0,0.0,0.0,0.0,0.0,0.0,0.0,"(CONTRACTS OF 1,000 BARRELS)",N10,CRUDE OIL,PETROLEUM AND PRODUCTS,NATURAL RESOURCES,FutOnly
200728067411F,"CRUDE OIL, LIGHT SWEET-WTI - ICE FUTURES EUROPE",2020-07-28T00:00:00.000,2020 Report Week 30,"CRUDE OIL, LIGHT SWEET-WTI",67411,ICEU,NYC,67,CRUDE OIL,474455,180176,163500,25445,142577,37074,23866,10212,29598,103554,11971,64141,463854,459073,10601,15382,474455,180176,163500,25445,142577,37074,23866,10212,29598,103554,11971,64141,463854,459073,10601,15382,0,0,0,0,0,0,0,0,0,0,0,0,0,0,0,0,-7060.0,478.0,-5397.0,-1388.0,977.0,2194.0,-789.0,-1865.0,-602.0,-1330.0,1448.0,-5417.0,-6854.0,-8662.0,-206.0,1602.0,100.0,38.0,34.5,5.4,30.1,7.8,5.0,2.2,6.2,21.8,2.5,13.5,97.8,96.8,2.2,3.2,100.0,38.0,34.5,5.4,30.1,7.8,5.0,2.2,6.2,21.8,2.5,13.5,97.8,96.8,2.2,3.2,100.0,0.0,0.0,0.0,0.0,0.0,0.0,0.0,0.0,0.0,0.0,0.0,0.0,0.0,0.0,0.0,113,39.0,36.0,10.0,9.0,19.0,9.0,8.0,12.0,20,15.0,26,104,100,113,39.0,36.0,10.0,9.0,19.0,9.0,8.0,12.0,20,15.0,26,104,100,0,0,0,0,0,0,0,0,0,0,0,0,0,0,37.0,35.8,49.6,51.4,29.5,29.8,37.1,41.9,37.0,35.8,49.6,51.4,29.5,29.8,37.1,41.9,0.0,0.0,0.0,0.0,0.0,0.0,0.0,0.0,"(CONTRACTS OF 1,000 BARRELS)",N10,CRUDE OIL,PETROLEUM AND PRODUCTS,NATURAL RESOURCES,FutOnly
200721067411F,"CRUDE OIL, LIGHT SWEET-WTI - ICE FUTURES EUROPE",2020-07-21T00:00:00.000,2020 Report Week 29,"CRUDE OIL, LIGHT SWEET-WTI",67411,ICEU,NYC,67,CRUDE OIL,481515,179698,168897,26833,141600,34880,24655,12077,30200,104884,10523,69558,470708,467735,10807,13780,481515,179698,168897,26833,141600,34880,24655,12077,30200,104884,10523,69558,470708,467735,10807,13780,0,0,0,0,0,0,0,0,0,0,0,0,0,0,0,0,-19193.0,-10772.0,-9613.0,2319.0,-5053.0,-3286.0,-960.0,-665.0,-227.0,-8475.0,-822.0,2406.0,-18995.0,-17260.0,-198.0,-1933.0,100.0,37.3,35.1,5.6,29.4,7.2,5.1,2.5,6.3,21.8,2.2,14.4,97.8,97.1,2.2,2.9,100.0,37.3,35.1,5.6,29.4,7.2,5.1,2.5,6.3,21.8,2.2,14.4,97.8,97.1,2.2,2.9,100.0,0.0,0.0,0.0,0.0,0.0,0.0,0.0,0.0,0.0,0.0,0.0,0.0,0.0,0.0,0.0,112,37.0,40.0,10.0,9.0,18.0,9.0,9.0,14.0,19,13.0,26,102,104,112,37.0,40.0,10.0,9.0,18.0,9.0,9.0,14.0,19,13.0,26,102,104,0,0,0,0,0,0,0,0,0,0,0,0,0,0,36.7,34.7,49.4,50.9,28.5,28.6,35.7,40.8,36.7,34.7,49.4,50.9,28.5,28.6,35.7,40.8,0.0,0.0,0.0,0.0,0.0,0.0,0.0,0.0,"(CONTRACTS OF 1,000 BARRELS)",N10,CRUDE OIL,PETROLEUM AND PRODUCTS,NATURAL RESOURCES,FutOnly
200714067411F,"CRUDE OIL, LIGHT SWEET-WTI - ICE FUTURES EUROPE",2020-07-14T00:00:00.000,2020 Report Week 28,"CRUDE OIL, LIGHT SWEET-WTI",67411,ICEU,NYC,67,CRUDE OIL,500708,190470,178510,24514,146653,38166,25615,12742,30427,113359,11345,67152,489703,484995,11005,15713,500708,190470,178510,24514,146653,38166,25615,12742,30427,113359,11345,67152,489703,484995,11005,15713,0,0,0,0,0,0,0,0,0,0,0,0,0,0,0,0,-7671.0,-12371.0,-9017.0,-1638.0,966.0,-400.0,416.0,-1253.0,583.0,4859.0,-39.0,840.0,-7711.0,-8320.0,40.0,649.0,100.0,38.0,35.7,4.9,29.3,7.6,5.1,2.5,6.1,22.6,2.3,13.4,97.8,96.9,2.2,3.1,100.0,38.0,35.7,4.9,29.3,7.6,5.1,2.5,6.1,22.6,2.3,13.4,97.8,96.9,2.2,3.1,100.0,0.0,0.0,0.0,0.0,0.0,0.0,0.0,0.0,0.0,0.0,0.0,0.0,0.0,0.0,0.0,116,39.0,42.0,10.0,9.0,18.0,9.0,8.0,13.0,21,13.0,30,106,108,116,39.0,42.0,10.0,9.0,18.0,9.0,8.0,13.0,21,13.0,30,106,108,0,0,0,0,0,0,0,0,0,0,0,0,0,0,35.7,34.5,48.4,50.3,27.9,28.5,35.1,41.1,35.7,34.5,48.4,50.3,27.9,28.5,35.1,41.1,0.0,0.0,0.0,0.0,0.0,0.0,0.0,0.0,"(CONTRACTS OF 1,000 BARRELS)",N10,CRUDE OIL,PETROLEUM AND PRODUCTS,NATURAL RESOURCES,FutOnly
200707067411F,"CRUDE OIL, LIGHT SWEET-WTI - ICE FUTURES EUROPE",2020-07-07T00:00:00.000,2020 Report Week 27,"CRUDE OIL, LIGHT SWEET-WTI",67411,ICEU,NYC,67,CRUDE OIL,508379,202841,187527,26152,145687,38566,25199,13995,29844,108500,11384,66312,497414,493315,10965,15064,508379,202841,187527,26152,145687,38566,25199,13995,29844,108500,11384,66312,497414,493315,10965,15064,0,0,0,0,0,0,0,0,0,0,0,0,0,0,0,0,-8106.0,425.0,-824.0,1026.0,-1348.0,-1297.0,-442.0,-1872.0,769.0,-7319.0,-1839.0,-2979.0,-9817.0,-9390.0,1711.0,1284.0,100.0,39.9,36.9,5.1,28.7,7.6,5.0,2.8,5.9,21.3,2.2,13.0,97.8,97.0,2.2,3.0,100.0,39.9,36.9,5.1,28.7,7.6,5.0,2.8,5.9,21.3,2.2,13.0,97.8,97.0,2.2,3.0,100.0,0.0,0.0,0.0,0.0,0.0,0.0,0.0,0.0,0.0,0.0,0.0,0.0,0.0,0.0,0.0,115,39.0,40.0,10.0,9.0,18.0,9.0,8.0,14.0,22,14.0,30,108,106,115,39.0,40.0,10.0,9.0,18.0,9.0,8.0,14.0,22,14.0,30,108,106,0,0,0,0,0,0,0,0,0,0,0,0,0,0,34.4,34.6,47.8,50.0,27.5,28.5,34.9,41.1,34.4,34.6,47.8,50.0,27.5,28.5,34.9,41.1,0.0,0.0,0.0,0.0,0.0,0.0,0.0,0.0,"(CONTRACTS OF 1,000 BARRELS)",N10,CRUDE OIL,PETROLEUM AND PRODUCTS,NATURAL RESOURCES,FutOnly
200630067411F,"CRUDE OIL, LIGHT SWEET-WTI - ICE FUTURES EUROPE",2020-06-30T00:00:00.000,2020 Report Week 26,"CRUDE OIL, LIGHT SWEET-WTI",67411,ICEU,NYC,67,CRUDE OIL,516485,202416,188351,25126,147035,39863,25641,15867,29075,115819,13223,69291,507231,502705,9254,13780,516485,202416,188351,25126,147035,39863,25641,15867,29075,115819,13223,69291,507231,502705,9254,13780,0,0,0,0,0,0,0,0,0,0,0,0,0,0,0,0,3601.0,2277.0,-7948.0,129.0,4292.0,-1431.0,410.0,4446.0,328.0,-322.0,3312.0,2557.0,3948.0,5556.0,-347.0,-1955.0,100.0,39.2,36.5,4.9,28.5,7.7,5.0,3.1,5.6,22.4,2.6,13.4,98.2,97.3,1.8,2.7,100.0,39.2,36.5,4.9,28.5,7.7,5.0,3.1,5.6,22.4,2.6,13.4,98.2,97.3,1.8,2.7,100.0,0.0,0.0,0.0,0.0,0.0,0.0,0.0,0.0,0.0,0.0,0.0,0.0,0.0,0.0,0.0,119,40.0,41.0,9.0,10.0,18.0,9.0,8.0,12.0,19,20.0,29,107,109,119,40.0,41.0,9.0,10.0,18.0,9.0,8.0,12.0,19,20.0,29,107,109,0,0,0,0,0,0,0,0,0,0,0,0,0,0,33.2,31.7,47.4,46.6,24.7,28.4,31.9,38.7,33.2,31.7,47.4,46.6,24.7,28.4,31.9,38.7,0.0,0.0,0.0,0.0,0.0,0.0,0.0,0.0,"(CONTRACTS OF 1,000 BARRELS)",N10,CRUDE OIL,PETROLEUM AND PRODUCTS,NATURAL RESOURCES,FutOnly
200623067411F,"CRUDE OIL, LIGHT SWEET-WTI - ICE FUTURES EUROPE",2020-06-23T00:00:00.000,2020 Report Week 25,"CRUDE OIL, LIGHT SWEET-WTI",67411,ICEU,NYC,67,CRUDE OIL,512884,200139,196299,24997,142743,41294,25231,11421,28747,116141,9911,66734,503283,497149,9601,15735,512884,200139,196299,24997,142743,41294,25231,11421,28747,116141,9911,66734,503283,497149,9601,15735,0,0,0,0,0,0,0,0,0,0,0,0,0,0,0,0,-22023.0,3789.0,-7372.0,269.0,484.0,-4625.0,-10228.0,-855.0,-3347.0,-1566.0,62.0,-6111.0,-21819.0,-21764.0,-204.0,-259.0,100.0,39.0,38.3,4.9,27.8,8.1,4.9,2.2,5.6,22.6,1.9,13.0,98.1,96.9,1.9,3.1,100.0,39.0,38.3,4.9,27.8,8.1,4.9,2.2,5.6,22.6,1.9,13.0,98.1,96.9,1.9,3.1,100.0,0.0,0.0,0.0,0.0,0.0,0.0,0.0,0.0,0.0,0.0,0.0,0.0,0.0,0.0,0.0,111,39.0,40.0,8.0,11.0,19.0,10.0,6.0,11.0,17,17.0,26,102,102,111,39.0,40.0,8.0,11.0,19.0,10.0,6.0,11.0,17,17.0,26,102,102,0,0,0,0,0,0,0,0,0,0,0,0,0,0,33.0,31.7,48.0,48.9,26.2,27.5,32.5,37.7,33.0,31.7,48.0,48.9,26.2,27.5,32.5,37.7,0.0,0.0,0.0,0.0,0.0,0.0,0.0,0.0,"(CONTRACTS OF 1,000 BARRELS)",N10,CRUDE OIL,PETROLEUM AND PRODUCTS,NATURAL RESOURCES,FutOnly
200616067411F,"CRUDE OIL, LIGHT SWEET-WTI - ICE FUTURES EUROPE",2020-06-16T00:00:00.000,2020 Report Week 24,"CRUDE OIL, LIGHT SWEET-WTI",67411,ICEU,NYC,67,CRUDE OIL,534907,196350,203671,24728,142259,45919,35459,12276,32094,117707,9849,72845,525102,518913,9805,15994,534907,196350,203671,24728,142259,45919,35459,12276,32094,117707,9849,72845,525102,518913,9805,15994,0,0,0,0,0,0,0,0,0,0,0,0,0,0,0,0,-17788.0,7982.0,-8487.0,237.0,1578.0,-1032.0,2192.0,-756.0,-826.0,-15506.0,755.0,-8784.0,-15737.0,-17552.0,-2051.0,-236.0,100.0,36.7,38.1,4.6,26.6,8.6,6.6,2.3,6.0,22.0,1.8,13.6,98.2,97.0,1.8,3.0,100.0,36.7,38.1,4.6,26.6,8.6,6.6,2.3,6.0,22.0,1.8,13.6,98.2,97.0,1.8,3.0,100.0,0.0,0.0,0.0,0.0,0.0,0.0,0.0,0.0,0.0,0.0,0.0,0.0,0.0,0.0,0.0,118,40.0,40.0,9.0,10.0,19.0,11.0,7.0,12.0,21,15.0,32,111,108,118,40.0,40.0,9.0,10.0,19.0,11.0,7.0,12.0,21,15.0,32,111,108,0,0,0,0,0,0,0,0,0,0,0,0,0,0,33.1,31.2,47.1,47.7,26.3,27.0,32.8,36.8,33.1,31.2,47.1,47.7,26.3,27.0,32.8,36.8,0.0,0.0,0.0,0.0,0.0,0.0,0.0,0.0,"(CONTRACTS OF 1,000 BARRELS)",N10,CRUDE OIL,PETROLEUM AND PRODUCTS,NATURAL RESOURCES,FutOnly
200609067411F,"CRUDE OIL, LIGHT SWEET-WTI - ICE FUTURES EUROPE",2020-06-09T00:00:00.000,2020 Report Week 23,"CRUDE OIL, LIGHT SWEET-WTI",67411,ICEU,NYC,67,CRUDE OIL,552695,188368,212158,24491,140681,46951,33267,13032,32920,133213,9094,81629,540839,536465,11856,16230,552695,188368,212158,24491,140681,46951,33267,13032,32920,133213,9094,81629,540839,536465,11856,16230,0,0,0,0,0,0,0,0,0,0,0,0,0,0,0,0,3175.0,2742.0,1411.0,-386.0,-2696.0,922.0,447.0,930.0,-3184.0,-1236.0,-334.0,6879.0,6184.0,3928.0,-3009.0,-753.0,100.0,34.1,38.4,4.4,25.5,8.5,6.0,2.4,6.0,24.1,1.6,14.8,97.9,97.1,2.1,2.9,100.0,34.1,38.4,4.4,25.5,8.5,6.0,2.4,6.0,24.1,1.6,14.8,97.9,97.1,2.1,2.9,100.0,0.0,0.0,0.0,0.0,0.0,0.0,0.0,0.0,0.0,0.0,0.0,0.0,0.0,0.0,0.0,122,41.0,43.0,9.0,10.0,19.0,12.0,10.0,12.0,24,12.0,28,112,109,122,41.0,43.0,9.0,10.0,19.0,12.0,10.0,12.0,24,12.0,28,112,109,0,0,0,0,0,0,0,0,0,0,0,0,0,0,36.0,30.6,47.7,46.0,26.3,27.1,33.5,37.7,36.0,30.6,47.7,46.0,26.3,27.1,33.5,37.7,0.0,0.0,0.0,0.0,0.0,0.0,0.0,0.0,"(CONTRACTS OF 1,000 BARRELS)",N10,CRUDE OIL,PETROLEUM AND PRODUCTS,NATURAL RESOURCES,FutOnly
200602067411F,"CRUDE OIL, LIGHT SWEET-WTI - ICE FUTURES EUROPE",2020-06-02T00:00:00.000,2020 Report Week 22,"CRUDE OIL, LIGHT SWEET-WTI",67411,ICEU,NYC,67,CRUDE OIL,549520,185626,210747,24877,143377,46029,32820,12102,36104,134449,9428,74750,534655,532537,14865,16983,549520,185626,210747,24877,143377,46029,32820,12102,36104,134449,9428,74750,534655,532537,14865,16983,0,0,0,0,0,0,0,0,0,0,0,0,0,0,0,0,-1156.0,5875.0,7698.0,1645.0,-9993.0,791.0,-9044.0,1018.0,47.0,-166.0,744.0,-2423.0,-3275.0,-2118.0,2119.0,962.0,100.0,33.8,38.4,4.5,26.1,8.4,6.0,2.2,6.6,24.5,1.7,13.6,97.3,96.9,2.7,3.1,100.0,33.8,38.4,4.5,26.1,8.4,6.0,2.2,6.6,24.5,1.7,13.6,97.3,96.9,2.7,3.1,100.0,0.0,0.0,0.0,0.0,0.0,0.0,0.0,0.0,0.0,0.0,0.0,0.0,0.0,0.0,0.0,118,38.0,40.0,8.0,12.0,19.0,14.0,7.0,12.0,23,12.0,26,109,103,118,38.0,40.0,8.0,12.0,19.0,14.0,7.0,12.0,23,12.0,26,109,103,0,0,0,0,0,0,0,0,0,0,0,0,0,0,35.7,30.9,47.0,47.3,26.0,27.8,33.3,38.7,35.7,30.9,47.0,47.3,26.0,27.8,33.3,38.7,0.0,0.0,0.0,0.0,0.0,0.0,0.0,0.0,"(CONTRACTS OF 1,000 BARRELS)",N10,CRUDE OIL,PETROLEUM AND PRODUCTS,NATURAL RESOURCES,FutOnly
200526067411F,"CRUDE OIL, LIGHT SWEET-WTI - ICE FUTURES EUROPE",2020-05-26T00:00:00.000,2020 Report Week 21,"CRUDE OIL, LIGHT SWEET-WTI",67411,ICEU,NYC,67,CRUDE OIL,550676,179751,203049,23232,153370,45238,41864,11084,36057,134615,8684,77173,537930,534655,12746,16021,550676,179751,203049,23232,153370,45238,41864,11084,36057,134615,8684,77173,537930,534655,12746,16021,0,0,0,0,0,0,0,0,0,0,0,0,0,0,0,0,4794.0,4336.0,12892.0,4274.0,-8476.0,2048.0,2060.0,2573.0,-426.0,-1959.0,-1163.0,-4393.0,5940.0,3055.0,-1146.0,1739.0,100.0,32.6,36.9,4.2,27.9,8.2,7.6,2.0,6.5,24.4,1.6,14.0,97.7,97.1,2.3,2.9,100.0,32.6,36.9,4.2,27.9,8.2,7.6,2.0,6.5,24.4,1.6,14.0,97.7,97.1,2.3,2.9,100.0,0.0,0.0,0.0,0.0,0.0,0.0,0.0,0.0,0.0,0.0,0.0,0.0,0.0,0.0,0.0,116,40.0,40.0,8.0,12.0,19.0,13.0,6.0,11.0,23,10.0,25,108,101,116,40.0,40.0,8.0,12.0,19.0,13.0,6.0,11.0,23,10.0,25,108,101,0,0,0,0,0,0,0,0,0,0,0,0,0,0,35.4,33.7,47.4,50.2,25.7,30.7,33.7,43.0,35.4,33.7,47.4,50.2,25.7,30.7,33.7,43.0,0.0,0.0,0.0,0.0,0.0,0.0,0.0,0.0,"(CONTRACTS OF 1,000 BARRELS)",N10,CRUDE OIL,PETROLEUM AND PRODUCTS,NATURAL RESOURCES,FutOnly
200519067411F,"CRUDE OIL, LIGHT SWEET-WTI - ICE FUTURES EUROPE",2020-05-19T00:00:00.000,2020 Report Week 20,"CRUDE OIL, LIGHT SWEET-WTI",67411,ICEU,NYC,67,CRUDE OIL,545882,175415,190157,18958,161846,43190,39804,8511,36483,136574,9847,81566,531990,531600,13892,14282,545882,175415,190157,18958,161846,43190,39804,8511,36483,136574,9847,81566,531990,531600,13892,14282,0,0,0,0,0,0,0,0,0,0,0,0,0,0,0,0,-52360.0,-31111.0,-3774.0,-8723.0,-25919.0,1643.0,-6741.0,-7299.0,-1853.0,-478.0,-9656.0,-2200.0,-49463.0,-49058.0,-2897.0,-3302.0,100.0,32.1,34.8,3.5,29.6,7.9,7.3,1.6,6.7,25.0,1.8,14.9,97.5,97.4,2.5,2.6,100.0,32.1,34.8,3.5,29.6,7.9,7.3,1.6,6.7,25.0,1.8,14.9,97.5,97.4,2.5,2.6,100.0,0.0,0.0,0.0,0.0,0.0,0.0,0.0,0.0,0.0,0.0,0.0,0.0,0.0,0.0,0.0,116,40.0,40.0,7.0,12.0,18.0,12.0,6.0,10.0,21,13.0,27,107,101,116,40.0,40.0,7.0,12.0,18.0,12.0,6.0,10.0,21,13.0,27,107,101,0,0,0,0,0,0,0,0,0,0,0,0,0,0,36.3,35.3,48.4,51.0,26.7,32.3,35.5,44.3,36.3,35.3,48.4,51.0,26.7,32.3,35.5,44.3,0.0,0.0,0.0,0.0,0.0,0.0,0.0,0.0,"(CONTRACTS OF 1,000 BARRELS)",N10,CRUDE OIL,PETROLEUM AND PRODUCTS,NATURAL RESOURCES,FutOnly
200512067411F,"CRUDE OIL, LIGHT SWEET-WTI - ICE FUTURES EUROPE",2020-05-12T00:00:00.000,2020 Report Week 19,"CRUDE OIL, LIGHT SWEET-WTI",67411,ICEU,NYC,67,CRUDE OIL,598242,206526,193931,27681,187765,41547,46545,15810,38336,137052,19503,83766,581453,580658,16789,17584,598242,206526,193931,27681,187765,41547,46545,15810,38336,137052,19503,83766,581453,580658,16789,17584,0,0,0,0,0,0,0,0,0,0,0,0,0,0,0,0,-21885.0,3658.0,2029.0,-7215.0,-9719.0,-1193.0,-13877.0,-4165.0,-829.0,1051.0,-3091.0,-4969.0,-23374.0,-21937.0,1489.0,52.0,100.0,34.5,32.4,4.6,31.4,6.9,7.8,2.6,6.4,22.9,3.3,14.0,97.2,97.1,2.8,2.9,100.0,34.5,32.4,4.6,31.4,6.9,7.8,2.6,6.4,22.9,3.3,14.0,97.2,97.1,2.8,2.9,100.0,0.0,0.0,0.0,0.0,0.0,0.0,0.0,0.0,0.0,0.0,0.0,0.0,0.0,0.0,0.0,120,39.0,38.0,10.0,11.0,20.0,8.0,9.0,11.0,18,17.0,31,108,108,120,39.0,38.0,10.0,11.0,20.0,8.0,9.0,11.0,18,17.0,31,108,108,0,0,0,0,0,0,0,0,0,0,0,0,0,0,36.4,36.1,49.3,51.5,26.5,33.8,37.0,45.0,36.4,36.1,49.3,51.5,26.5,33.8,37.0,45.0,0.0,0.0,0.0,0.0,0.0,0.0,0.0,0.0,"(CONTRACTS OF 1,000 BARRELS)",N10,CRUDE OIL,PETROLEUM AND PRODUCTS,NATURAL RESOURCES,FutOnly
200505067411F,"CRUDE OIL, LIGHT SWEET-WTI - ICE FUTURES EUROPE",2020-05-05T00:00:00.000,2020 Report Week 18,"CRUDE OIL, LIGHT SWEET-WTI",67411,ICEU,NYC,67,CRUDE OIL,620127,202868,191902,34896,197484,42740,60422,19975,39165,136001,22594,88735,604827,602595,15300,17532,620127,202868,191902,34896,197484,42740,60422,19975,39165,136001,22594,88735,604827,602595,15300,17532,0,0,0,0,0,0,0,0,0,0,0,0,0,0,0,0,-1957.0,-4756.0,-2652.0,7190.0,-1067.0,-1307.0,-11834.0,2796.0,-1624.0,3303.0,-5148.0,7629.0,-1399.0,-1373.0,-558.0,-584.0,100.0,32.7,30.9,5.6,31.8,6.9,9.7,3.2,6.3,21.9,3.6,14.3,97.5,97.2,2.5,2.8,100.0,32.7,30.9,5.6,31.8,6.9,9.7,3.2,6.3,21.9,3.6,14.3,97.5,97.2,2.5,2.8,100.0,0.0,0.0,0.0,0.0,0.0,0.0,0.0,0.0,0.0,0.0,0.0,0.0,0.0,0.0,0.0,124,40.0,41.0,10.0,11.0,20.0,10.0,9.0,12.0,17,19.0,28,109,111,124,40.0,41.0,10.0,11.0,20.0,10.0,9.0,12.0,17,19.0,28,109,111,0,0,0,0,0,0,0,0,0,0,0,0,0,0,37.3,36.4,50.3,50.9,31.1,34.1,40.7,45.0,37.3,36.4,50.3,50.9,31.1,34.1,40.7,45.0,0.0,0.0,0.0,0.0,0.0,0.0,0.0,0.0,"(CONTRACTS OF 1,000 BARRELS)",N10,CRUDE OIL,PETROLEUM AND PRODUCTS,NATURAL RESOURCES,FutOnly
200428067411F,"CRUDE OIL, LIGHT SWEET-WTI - ICE FUTURES EUROPE",2020-04-28T00:00:00.000,2020 Report Week 17,"CRUDE OIL, LIGHT SWEET-WTI",67411,ICEU,NYC,67,CRUDE OIL,622084,207624,194554,27706,198551,44047,72256,17179,40789,132698,27742,81106,606226,603968,15858,18116,622084,207624,194554,27706,198551,44047,72256,17179,40789,132698,27742,81106,606226,603968,15858,18116,0,0,0,0,0,0,0,0,0,0,0,0,0,0,0,0,-42746.0,-4475.0,-15450.0,-2393.0,-1640.0,576.0,-44572.0,-3017.0,-2828.0,6236.0,-25596.0,4314.0,-43142.0,-43641.0,396.0,895.0,100.0,33.4,31.3,4.5,31.9,7.1,11.6,2.8,6.6,21.3,4.5,13.0,97.5,97.1,2.5,2.9,100.0,33.4,31.3,4.5,31.9,7.1,11.6,2.8,6.6,21.3,4.5,13.0,97.5,97.1,2.5,2.9,100.0,0.0,0.0,0.0,0.0,0.0,0.0,0.0,0.0,0.0,0.0,0.0,0.0,0.0,0.0,0.0,126,44.0,43.0,9.0,11.0,20.0,11.0,8.0,13.0,15,23.0,30,116,113,126,44.0,43.0,9.0,11.0,20.0,11.0,8.0,13.0,15,23.0,30,116,113,0,0,0,0,0,0,0,0,0,0,0,0,0,0,38.7,37.3,50.9,51.6,33.0,34.9,43.5,45.2,38.7,37.3,50.9,51.6,33.0,34.9,43.5,45.2,0.0,0.0,0.0,0.0,0.0,0.0,0.0,0.0,"(CONTRACTS OF 1,000 BARRELS)",N10,CRUDE OIL,PETROLEUM AND PRODUCTS,NATURAL RESOURCES,FutOnly
200421067411F,"CRUDE OIL, LIGHT SWEET-WTI - ICE FUTURES EUROPE",2020-04-21T00:00:00.000,2020 Report Week 16,"CRUDE OIL, LIGHT SWEET-WTI",67411,ICEU,NYC,67,CRUDE OIL,664830,212099,210004,30099,200191,43471,116828,20196,43617,126462,53338,76792,649368,647609,15462,17221,664830,212099,210004,30099,200191,43471,116828,20196,43617,126462,53338,76792,649368,647609,15462,17221,0,0,0,0,0,0,0,0,0,0,0,0,0,0,0,0,-5914.0,-9480.0,-31654.0,-4584.0,20430.0,-13073.0,57214.0,1456.0,-3701.0,-20929.0,31253.0,-14319.0,-8872.0,-9608.0,2958.0,3694.0,100.0,31.9,31.6,4.5,30.1,6.5,17.6,3.0,6.6,19.0,8.0,11.6,97.7,97.4,2.3,2.6,100.0,31.9,31.6,4.5,30.1,6.5,17.6,3.0,6.6,19.0,8.0,11.6,97.7,97.4,2.3,2.6,100.0,0.0,0.0,0.0,0.0,0.0,0.0,0.0,0.0,0.0,0.0,0.0,0.0,0.0,0.0,0.0,136,43.0,43.0,11.0,11.0,21.0,11.0,11.0,15.0,17,24.0,31,122,120,136,43.0,43.0,11.0,11.0,21.0,11.0,11.0,15.0,17,24.0,31,122,120,0,0,0,0,0,0,0,0,0,0,0,0,0,0,40.0,35.4,53.5,48.7,36.9,33.2,45.8,42.7,40.0,35.4,53.5,48.7,36.9,33.2,45.8,42.7,0.0,0.0,0.0,0.0,0.0,0.0,0.0,0.0,"(CONTRACTS OF 1,000 BARRELS)",N10,CRUDE OIL,PETROLEUM AND PRODUCTS,NATURAL RESOURCES,FutOnly
200414067411F,"CRUDE OIL, LIGHT SWEET-WTI - ICE FUTURES EUROPE",2020-04-14T00:00:00.000,2020 Report Week 15,"CRUDE OIL, LIGHT SWEET-WTI",67411,ICEU,NYC,67,CRUDE OIL,670744,221579,241658,34683,179761,56544,59614,18740,47318,147391,22085,91111,658240,657217,12504,13527,670744,221579,241658,34683,179761,56544,59614,18740,47318,147391,22085,91111,658240,657217,12504,13527,0,0,0,0,0,0,0,0,0,0,0,0,0,0,0,0,23435.0,-7638.0,26856.0,7121.0,-20728.0,7613.0,7618.0,1708.0,-2205.0,461.0,-1962.0,10616.0,23586.0,21898.0,-151.0,1537.0,100.0,33.0,36.0,5.2,26.8,8.4,8.9,2.8,7.1,22.0,3.3,13.6,98.1,98.0,1.9,2.0,100.0,33.0,36.0,5.2,26.8,8.4,8.9,2.8,7.1,22.0,3.3,13.6,98.1,98.0,1.9,2.0,100.0,0.0,0.0,0.0,0.0,0.0,0.0,0.0,0.0,0.0,0.0,0.0,0.0,0.0,0.0,0.0,135,41.0,42.0,14.0,8.0,21.0,9.0,14.0,13.0,21,21.0,42,126,124,135,41.0,42.0,14.0,8.0,21.0,9.0,14.0,13.0,21,21.0,42,126,124,0,0,0,0,0,0,0,0,0,0,0,0,0,0,37.3,36.3,49.3,50.3,31.6,30.4,39.7,41.2,37.3,36.3,49.3,50.3,31.6,30.4,39.7,41.2,0.0,0.0,0.0,0.0,0.0,0.0,0.0,0.0,"(CONTRACTS OF 1,000 BARRELS)",N10,CRUDE OIL,PETROLEUM AND PRODUCTS,NATURAL RESOURCES,FutOnly
200407067411F,"CRUDE OIL, LIGHT SWEET-WTI - ICE FUTURES EUROPE",2020-04-07T00:00:00.000,2020 Report Week 14,"CRUDE OIL, LIGHT SWEET-WTI",67411,ICEU,NYC,67,CRUDE OIL,647309,229217,214802,27562,200489,48931,51996,17032,49523,146930,24047,80495,634654,635319,12655,11990,647309,229217,214802,27562,200489,48931,51996,17032,49523,146930,24047,80495,634654,635319,12655,11990,0,0,0,0,0,0,0,0,0,0,0,0,0,0,0,0,-46360.0,-22399.0,-24976.0,3845.0,-4487.0,2150.0,-2315.0,7044.0,-163.0,-8230.0,-3784.0,-20235.0,-47347.0,-44451.0,987.0,-1909.0,100.0,35.4,33.2,4.3,31.0,7.6,8.0,2.6,7.7,22.7,3.7,12.4,98.0,98.1,2.0,1.9,100.0,35.4,33.2,4.3,31.0,7.6,8.0,2.6,7.7,22.7,3.7,12.4,98.0,98.1,2.0,1.9,100.0,0.0,0.0,0.0,0.0,0.0,0.0,0.0,0.0,0.0,0.0,0.0,0.0,0.0,0.0,0.0,131,45.0,41.0,12.0,9.0,19.0,9.0,14.0,13.0,16,23.0,38,123,117,131,45.0,41.0,12.0,9.0,19.0,9.0,14.0,13.0,16,23.0,38,123,117,0,0,0,0,0,0,0,0,0,0,0,0,0,0,37.8,39.3,49.3,52.7,33.0,34.6,40.8,44.8,37.8,39.3,49.3,52.7,33.0,34.6,40.8,44.8,0.0,0.0,0.0,0.0,0.0,0.0,0.0,0.0,"(CONTRACTS OF 1,000 BARRELS)",N10,CRUDE OIL,PETROLEUM AND PRODUCTS,NATURAL RESOURCES,FutOnly
200331067411F,"CRUDE OIL, LIGHT SWEET-WTI - ICE FUTURES EUROPE",2020-03-31T00:00:00.000,2020 Report Week 13,"CRUDE OIL, LIGHT SWEET-WTI",67411,ICEU,NYC,67,CRUDE OIL,693669,251616,239778,23717,204976,46781,54311,9988,49686,155160,27831,100730,682001,679770,11668,13899,693669,251616,239778,23717,204976,46781,54311,9988,49686,155160,27831,100730,682001,679770,11668,13899,0,0,0,0,0,0,0,0,0,0,0,0,0,0,0,0,12066.0,3146.0,13843.0,1301.0,-9304.0,4749.0,8776.0,-2770.0,8840.0,-6602.0,766.0,-7044.0,13166.0,9080.0,-1100.0,2986.0,100.0,36.3,34.6,3.4,29.5,6.7,7.8,1.4,7.2,22.4,4.0,14.5,98.3,98.0,1.7,2.0,100.0,36.3,34.6,3.4,29.5,6.7,7.8,1.4,7.2,22.4,4.0,14.5,98.3,98.0,1.7,2.0,100.0,0.0,0.0,0.0,0.0,0.0,0.0,0.0,0.0,0.0,0.0,0.0,0.0,0.0,0.0,0.0,133,44.0,40.0,10.0,12.0,20.0,11.0,8.0,13.0,20,18.0,39,125,117,133,44.0,40.0,10.0,12.0,20.0,11.0,8.0,13.0,20,18.0,39,125,117,0,0,0,0,0,0,0,0,0,0,0,0,0,0,38.7,36.1,49.6,50.1,32.0,33.0,39.3,42.1,38.7,36.1,49.6,50.1,32.0,33.0,39.3,42.1,0.0,0.0,0.0,0.0,0.0,0.0,0.0,0.0,"(CONTRACTS OF 1,000 BARRELS)",N10,CRUDE OIL,PETROLEUM AND PRODUCTS,NATURAL RESOURCES,FutOnly
200324067411F,"CRUDE OIL, LIGHT SWEET-WTI - ICE FUTURES EUROPE",2020-03-24T00:00:00.000,2020 Report Week 12,"CRUDE OIL, LIGHT SWEET-WTI",67411,ICEU,NYC,67,CRUDE OIL,681603,248470,225935,22416,214280,42032,45535,12758,40846,161762,27065,107774,668835,670690,12768,10913,681603,248470,225935,22416,214280,42032,45535,12758,40846,161762,27065,107774,668835,670690,12768,10913,0,0,0,0,0,0,0,0,0,0,0,0,0,0,0,0,11719.0,-224.0,12575.0,-3524.0,368.0,1676.0,2794.0,-8743.0,5934.0,-8087.0,-12178.0,13839.0,12408.0,13471.0,-689.0,-1752.0,100.0,36.5,33.1,3.3,31.4,6.2,6.7,1.9,6.0,23.7,4.0,15.8,98.1,98.4,1.9,1.6,100.0,36.5,33.1,3.3,31.4,6.2,6.7,1.9,6.0,23.7,4.0,15.8,98.1,98.4,1.9,1.6,100.0,0.0,0.0,0.0,0.0,0.0,0.0,0.0,0.0,0.0,0.0,0.0,0.0,0.0,0.0,0.0,131,44.0,42.0,11.0,11.0,20.0,10.0,9.0,11.0,22,17.0,36,122,114,131,44.0,42.0,11.0,11.0,20.0,10.0,9.0,11.0,22,17.0,36,122,114,0,0,0,0,0,0,0,0,0,0,0,0,0,0,41.6,37.4,51.6,51.2,33.1,35.0,40.5,43.2,41.6,37.4,51.6,51.2,33.1,35.0,40.5,43.2,0.0,0.0,0.0,0.0,0.0,0.0,0.0,0.0,"(CONTRACTS OF 1,000 BARRELS)",N10,CRUDE OIL,PETROLEUM AND PRODUCTS,NATURAL RESOURCES,FutOnly
200317067411F,"CRUDE OIL, LIGHT SWEET-WTI - ICE FUTURES EUROPE",2020-03-17T00:00:00.000,2020 Report Week 11,"CRUDE OIL, LIGHT SWEET-WTI",67411,ICEU,NYC,67,CRUDE OIL,669884,248694,213360,25940,213912,40356,42741,21501,34912,169849,39243,93935,656427,657219,13457,12665,669884,248694,213360,25940,213912,40356,42741,21501,34912,169849,39243,93935,656427,657219,13457,12665,0,0,0,0,0,0,0,0,0,0,0,0,0,0,0,0,25584.0,17636.0,22314.0,3303.0,-5498.0,-5715.0,11757.0,272.0,49.0,-18465.0,-3353.0,14479.0,23044.0,22548.0,2540.0,3036.0,100.0,37.1,31.9,3.9,31.9,6.0,6.4,3.2,5.2,25.4,5.9,14.0,98.0,98.1,2.0,1.9,100.0,37.1,31.9,3.9,31.9,6.0,6.4,3.2,5.2,25.4,5.9,14.0,98.0,98.1,2.0,1.9,100.0,0.0,0.0,0.0,0.0,0.0,0.0,0.0,0.0,0.0,0.0,0.0,0.0,0.0,0.0,0.0,126,43.0,40.0,9.0,13.0,19.0,9.0,8.0,11.0,19,16.0,35,116,110,126,43.0,40.0,9.0,13.0,19.0,9.0,8.0,11.0,19,16.0,35,116,110,0,0,0,0,0,0,0,0,0,0,0,0,0,0,40.9,36.1,51.4,51.8,33.2,33.9,40.4,42.8,40.9,36.1,51.4,51.8,33.2,33.9,40.4,42.8,0.0,0.0,0.0,0.0,0.0,0.0,0.0,0.0,"(CONTRACTS OF 1,000 BARRELS)",N10,CRUDE OIL,PETROLEUM AND PRODUCTS,NATURAL RESOURCES,FutOnly
200310067411F,"CRUDE OIL, LIGHT SWEET-WTI - ICE FUTURES EUROPE",2020-03-10T00:00:00.000,2020 Report Week 10,"CRUDE OIL, LIGHT SWEET-WTI",67411,ICEU,NYC,67,CRUDE OIL,644300,231058,191046,22637,219410,46071,30984,21229,34863,188314,42596,79456,633383,634671,10917,9629,644300,231058,191046,22637,219410,46071,30984,21229,34863,188314,42596,79456,633383,634671,10917,9629,0,0,0,0,0,0,0,0,0,0,0,0,0,0,0,0,31325.0,17181.0,3541.0,5436.0,-1340.0,7152.0,-2724.0,6928.0,-1510.0,-7139.0,6812.0,9994.0,28390.0,31577.0,2935.0,-252.0,100.0,35.9,29.7,3.5,34.1,7.2,4.8,3.3,5.4,29.2,6.6,12.3,98.3,98.5,1.7,1.5,100.0,35.9,29.7,3.5,34.1,7.2,4.8,3.3,5.4,29.2,6.6,12.3,98.3,98.5,1.7,1.5,100.0,0.0,0.0,0.0,0.0,0.0,0.0,0.0,0.0,0.0,0.0,0.0,0.0,0.0,0.0,0.0,126,45.0,42.0,9.0,13.0,19.0,7.0,9.0,11.0,15,20.0,31,112,113,126,45.0,42.0,9.0,13.0,19.0,7.0,9.0,11.0,15,20.0,31,112,113,0,0,0,0,0,0,0,0,0,0,0,0,0,0,42.1,37.8,52.2,53.2,36.9,34.4,43.4,44.7,42.1,37.8,52.2,53.2,36.9,34.4,43.4,44.7,0.0,0.0,0.0,0.0,0.0,0.0,0.0,0.0,"(CONTRACTS OF 1,000 BARRELS)",N10,CRUDE OIL,PETROLEUM AND PRODUCTS,NATURAL RESOURCES,FutOnly
200303067411F,"CRUDE OIL, LIGHT SWEET-WTI - ICE FUTURES EUROPE",2020-03-03T00:00:00.000,2020 Report Week 09,"CRUDE OIL, LIGHT SWEET-WTI",67411,ICEU,NYC,67,CRUDE OIL,612975,213877,187505,17201,220750,38919,33708,14301,36373,195453,35784,69462,604993,603094,7982,9881,612975,213877,187505,17201,220750,38919,33708,14301,36373,195453,35784,69462,604993,603094,7982,9881,0,0,0,0,0,0,0,0,0,0,0,0,0,0,0,0,-8757.0,-3211.0,-15552.0,2775.0,1843.0,749.0,6118.0,10922.0,-7082.0,-6425.0,2976.0,-1936.0,-9012.0,-8080.0,255.0,-677.0,100.0,34.9,30.6,2.8,36.0,6.3,5.5,2.3,5.9,31.9,5.8,11.3,98.7,98.4,1.3,1.6,100.0,34.9,30.6,2.8,36.0,6.3,5.5,2.3,5.9,31.9,5.8,11.3,98.7,98.4,1.3,1.6,100.0,0.0,0.0,0.0,0.0,0.0,0.0,0.0,0.0,0.0,0.0,0.0,0.0,0.0,0.0,0.0,125,46.0,43.0,7.0,16.0,20.0,9.0,6.0,9.0,14,21.0,30,111,113,125,46.0,43.0,7.0,16.0,20.0,9.0,6.0,9.0,14,21.0,30,111,113,0,0,0,0,0,0,0,0,0,0,0,0,0,0,40.6,38.7,51.3,53.5,37.3,36.6,44.4,46.3,40.6,38.7,51.3,53.5,37.3,36.6,44.4,46.3,0.0,0.0,0.0,0.0,0.0,0.0,0.0,0.0,"(CONTRACTS OF 1,000 BARRELS)",N10,CRUDE OIL,PETROLEUM AND PRODUCTS,NATURAL RESOURCES,FutOnly
200225067411F,"CRUDE OIL, LIGHT SWEET-WTI - ICE FUTURES EUROPE",2020-02-25T00:00:00.000,2020 Report Week 08,"CRUDE OIL, LIGHT SWEET-WTI",67411,ICEU,NYC,67,CRUDE OIL,621732,217088,203057,14426,218907,38170,27590,3379,43455,201878,32808,71398,614005,611174,7727,10558,621732,217088,203057,14426,218907,38170,27590,3379,43455,201878,32808,71398,614005,611174,7727,10558,0,0,0,0,0,0,0,0,0,0,0,0,0,0,0,0,13295.0,15205.0,20877.0,1277.0,-3052.0,-1229.0,2133.0,-412.0,1636.0,363.0,2500.0,-2742.0,16643.0,17578.0,-3348.0,-4283.0,100.0,34.9,32.7,2.3,35.2,6.1,4.4,0.5,7.0,32.5,5.3,11.5,98.8,98.3,1.2,1.7,100.0,34.9,32.7,2.3,35.2,6.1,4.4,0.5,7.0,32.5,5.3,11.5,98.8,98.3,1.2,1.7,100.0,0.0,0.0,0.0,0.0,0.0,0.0,0.0,0.0,0.0,0.0,0.0,0.0,0.0,0.0,0.0,127,44.0,42.0,8.0,14.0,19.0,12.0,6.0,11.0,16,21.0,31,114,113,127,44.0,42.0,8.0,14.0,19.0,12.0,6.0,11.0,16,21.0,31,114,113,0,0,0,0,0,0,0,0,0,0,0,0,0,0,42.0,40.3,54.1,54.6,38.0,38.2,46.1,48.2,42.0,40.3,54.1,54.6,38.0,38.2,46.1,48.2,0.0,0.0,0.0,0.0,0.0,0.0,0.0,0.0,"(CONTRACTS OF 1,000 BARRELS)",N10,CRUDE OIL,PETROLEUM AND PRODUCTS,NATURAL RESOURCES,FutOnly
200218067411F,"CRUDE OIL, LIGHT SWEET-WTI - ICE FUTURES EUROPE",2020-02-18T00:00:00.000,2020 Report Week 07,"CRUDE OIL, LIGHT SWEET-WTI",67411,ICEU,NYC,67,CRUDE OIL,608437,201883,182180,13149,221959,39399,25457,3791,41819,201515,30308,74140,597362,593596,11075,14841,608437,201883,182180,13149,221959,39399,25457,3791,41819,201515,30308,74140,597362,593596,11075,14841,0,0,0,0,0,0,0,0,0,0,0,0,0,0,0,0,-29310.0,-3282.0,-17747.0,-2482.0,-12929.0,2012.0,-3114.0,-1442.0,792.0,-12311.0,7943.0,-8957.0,-27342.0,-30328.0,-1968.0,1018.0,100.0,33.2,29.9,2.2,36.5,6.5,4.2,0.6,6.9,33.1,5.0,12.2,98.2,97.6,1.8,2.4,100.0,33.2,29.9,2.2,36.5,6.5,4.2,0.6,6.9,33.1,5.0,12.2,98.2,97.6,1.8,2.4,100.0,0.0,0.0,0.0,0.0,0.0,0.0,0.0,0.0,0.0,0.0,0.0,0.0,0.0,0.0,0.0,123,44.0,41.0,8.0,14.0,19.0,10.0,6.0,10.0,18,18.0,35,116,110,123,44.0,41.0,8.0,14.0,19.0,10.0,6.0,10.0,18,18.0,35,116,110,0,0,0,0,0,0,0,0,0,0,0,0,0,0,41.2,40.3,53.6,54.7,38.1,37.6,46.3,47.6,41.2,40.3,53.6,54.7,38.1,37.6,46.3,47.6,0.0,0.0,0.0,0.0,0.0,0.0,0.0,0.0,"(CONTRACTS OF 1,000 BARRELS)",N10,CRUDE OIL,PETROLEUM AND PRODUCTS,NATURAL RESOURCES,FutOnly
200211067411F,"CRUDE OIL, LIGHT SWEET-WTI - ICE FUTURES EUROPE",2020-02-11T00:00:00.000,2020 Report Week 06,"CRUDE OIL, LIGHT SWEET-WTI",67411,ICEU,NYC,67,CRUDE OIL,637747,205165,199927,15631,234888,37387,28571,5233,41027,213826,22365,83097,624704,623924,13043,13823,637747,205165,199927,15631,234888,37387,28571,5233,41027,213826,22365,83097,624704,623924,13043,13823,0,0,0,0,0,0,0,0,0,0,0,0,0,0,0,0,-2592.0,-3354.0,7715.0,1099.0,-4323.0,-4197.0,-9749.0,-3490.0,-753.0,5773.0,-4906.0,6949.0,-4232.0,-3005.0,1640.0,413.0,100.0,32.2,31.3,2.5,36.8,5.9,4.5,0.8,6.4,33.5,3.5,13.0,98.0,97.8,2.0,2.2,100.0,32.2,31.3,2.5,36.8,5.9,4.5,0.8,6.4,33.5,3.5,13.0,98.0,97.8,2.0,2.2,100.0,0.0,0.0,0.0,0.0,0.0,0.0,0.0,0.0,0.0,0.0,0.0,0.0,0.0,0.0,0.0,125,40.0,42.0,8.0,14.0,19.0,10.0,7.0,11.0,17,22.0,35,114,114,125,40.0,42.0,8.0,14.0,19.0,10.0,7.0,11.0,17,22.0,35,114,114,0,0,0,0,0,0,0,0,0,0,0,0,0,0,39.6,40.4,51.6,54.1,35.4,38.1,43.5,47.2,39.6,40.4,51.6,54.1,35.4,38.1,43.5,47.2,0.0,0.0,0.0,0.0,0.0,0.0,0.0,0.0,"(CONTRACTS OF 1,000 BARRELS)",N10,CRUDE OIL,PETROLEUM AND PRODUCTS,NATURAL RESOURCES,FutOnly
200204067411F,"CRUDE OIL, LIGHT SWEET-WTI - ICE FUTURES EUROPE",2020-02-04T00:00:00.000,2020 Report Week 05,"CRUDE OIL, LIGHT SWEET-WTI",67411,ICEU,NYC,67,CRUDE OIL,640339,208519,192212,14532,239211,41584,38320,8723,41780,208053,27271,76148,628936,626929,11403,13410,640339,208519,192212,14532,239211,41584,38320,8723,41780,208053,27271,76148,628936,626929,11403,13410,0,0,0,0,0,0,0,0,0,0,0,0,0,0,0,0,18952.0,-5048.0,7398.0,1026.0,5791.0,628.0,-8557.0,2635.0,-2232.0,19950.0,-8869.0,10865.0,16632.0,16216.0,2320.0,2736.0,100.0,32.6,30.0,2.3,37.4,6.5,6.0,1.4,6.5,32.5,4.3,11.9,98.2,97.9,1.8,2.1,100.0,32.6,30.0,2.3,37.4,6.5,6.0,1.4,6.5,32.5,4.3,11.9,98.2,97.9,1.8,2.1,100.0,0.0,0.0,0.0,0.0,0.0,0.0,0.0,0.0,0.0,0.0,0.0,0.0,0.0,0.0,0.0,130,40.0,42.0,11.0,11.0,19.0,11.0,9.0,12.0,16,25.0,36,116,119,130,40.0,42.0,11.0,11.0,19.0,11.0,9.0,12.0,16,25.0,36,116,119,0,0,0,0,0,0,0,0,0,0,0,0,0,0,39.3,40.4,52.1,53.7,35.5,37.8,44.0,46.3,39.3,40.4,52.1,53.7,35.5,37.8,44.0,46.3,0.0,0.0,0.0,0.0,0.0,0.0,0.0,0.0,"(CONTRACTS OF 1,000 BARRELS)",N10,CRUDE OIL,PETROLEUM AND PRODUCTS,NATURAL RESOURCES,FutOnly
200128067411F,"CRUDE OIL, LIGHT SWEET-WTI - ICE FUTURES EUROPE",2020-01-28T00:00:00.000,2020 Report Week 04,"CRUDE OIL, LIGHT SWEET-WTI",67411,ICEU,NYC,67,CRUDE OIL,621387,213567,184814,13506,233420,40956,46877,6088,44012,188103,36140,65283,612304,610713,9083,10674,621387,213567,184814,13506,233420,40956,46877,6088,44012,188103,36140,65283,612304,610713,9083,10674,0,0,0,0,0,0,0,0,0,0,0,0,0,0,0,0,34246.0,25484.0,13968.0,-1230.0,11627.0,1263.0,185.0,93.0,7098.0,5889.0,3602.0,-3145.0,35544.0,34506.0,-1298.0,-260.0,100.0,34.4,29.7,2.2,37.6,6.6,7.5,1.0,7.1,30.3,5.8,10.5,98.5,98.3,1.5,1.7,100.0,34.4,29.7,2.2,37.6,6.6,7.5,1.0,7.1,30.3,5.8,10.5,98.5,98.3,1.5,1.7,100.0,0.0,0.0,0.0,0.0,0.0,0.0,0.0,0.0,0.0,0.0,0.0,0.0,0.0,0.0,0.0,129,42.0,42.0,11.0,11.0,19.0,12.0,9.0,11.0,15,26.0,33,117,115,129,42.0,42.0,11.0,11.0,19.0,12.0,9.0,11.0,15,26.0,33,117,115,0,0,0,0,0,0,0,0,0,0,0,0,0,0,37.8,40.7,51.0,53.2,33.2,38.1,42.7,45.6,37.8,40.7,51.0,53.2,33.2,38.1,42.7,45.6,0.0,0.0,0.0,0.0,0.0,0.0,0.0,0.0,"(CONTRACTS OF 1,000 BARRELS)",N10,CRUDE OIL,PETROLEUM AND PRODUCTS,NATURAL RESOURCES,FutOnly
200121067411F,"CRUDE OIL, LIGHT SWEET-WTI - ICE FUTURES EUROPE",2020-01-21T00:00:00.000,2020 Report Week 03,"CRUDE OIL, LIGHT SWEET-WTI",67411,ICEU,NYC,67,CRUDE OIL,587141,188083,170846,14736,221793,39693,46692,5995,36914,182214,32538,68428,576760,576207,10381,10934,587141,188083,170846,14736,221793,39693,46692,5995,36914,182214,32538,68428,576760,576207,10381,10934,0,0,0,0,0,0,0,0,0,0,0,0,0,0,0,0,-4877.0,-1215.0,2228.0,2555.0,-450.0,-1602.0,-919.0,-1273.0,-3510.0,44.0,-1104.0,861.0,-3786.0,-4850.0,-1091.0,-27.0,100.0,32.0,29.1,2.5,37.8,6.8,8.0,1.0,6.3,31.0,5.5,11.7,98.2,98.1,1.8,1.9,100.0,32.0,29.1,2.5,37.8,6.8,8.0,1.0,6.3,31.0,5.5,11.7,98.2,98.1,1.8,1.9,100.0,0.0,0.0,0.0,0.0,0.0,0.0,0.0,0.0,0.0,0.0,0.0,0.0,0.0,0.0,0.0,131,45.0,43.0,11.0,12.0,20.0,12.0,8.0,10.0,16,24.0,33,119,117,131,45.0,43.0,11.0,12.0,20.0,12.0,8.0,10.0,16,24.0,33,119,117,0,0,0,0,0,0,0,0,0,0,0,0,0,0,38.9,40.9,51.6,52.8,33.8,38.0,42.9,45.3,38.9,40.9,51.6,52.8,33.8,38.0,42.9,45.3,0.0,0.0,0.0,0.0,0.0,0.0,0.0,0.0,"(CONTRACTS OF 1,000 BARRELS)",N10,CRUDE OIL,PETROLEUM AND PRODUCTS,NATURAL RESOURCES,FutOnly
200114067411F,"CRUDE OIL, LIGHT SWEET-WTI - ICE FUTURES EUROPE",2020-01-14T00:00:00.000,2020 Report Week 02,"CRUDE OIL, LIGHT SWEET-WTI",67411,ICEU,NYC,67,CRUDE OIL,592018,189298,168618,12181,222243,41295,47611,7268,40424,182170,33642,67567,580546,581057,11472,10961,592018,189298,168618,12181,222243,41295,47611,7268,40424,182170,33642,67567,580546,581057,11472,10961,0,0,0,0,0,0,0,0,0,0,0,0,0,0,0,0,6271.0,-6164.0,-3507.0,2962.0,-5990.0,491.0,1216.0,2360.0,3334.0,-710.0,6474.0,3299.0,4428.0,6461.0,1843.0,-190.0,100.0,32.0,28.5,2.1,37.5,7.0,8.0,1.2,6.8,30.8,5.7,11.4,98.1,98.1,1.9,1.9,100.0,32.0,28.5,2.1,37.5,7.0,8.0,1.2,6.8,30.8,5.7,11.4,98.1,98.1,1.9,1.9,100.0,0.0,0.0,0.0,0.0,0.0,0.0,0.0,0.0,0.0,0.0,0.0,0.0,0.0,0.0,0.0,131,43.0,43.0,10.0,12.0,19.0,11.0,9.0,13.0,15,25.0,34,118,119,131,43.0,43.0,10.0,12.0,19.0,11.0,9.0,13.0,15,25.0,34,118,119,0,0,0,0,0,0,0,0,0,0,0,0,0,0,39.3,40.8,52.1,53.3,34.2,38.5,43.2,46.1,39.3,40.8,52.1,53.3,34.2,38.5,43.2,46.1,0.0,0.0,0.0,0.0,0.0,0.0,0.0,0.0,"(CONTRACTS OF 1,000 BARRELS)",N10,CRUDE OIL,PETROLEUM AND PRODUCTS,NATURAL RESOURCES,FutOnly
200107067411F,"CRUDE OIL, LIGHT SWEET-WTI - ICE FUTURES EUROPE",2020-01-07T00:00:00.000,2020 Report Week 01,"CRUDE OIL, LIGHT SWEET-WTI",67411,ICEU,NYC,67,CRUDE OIL,585747,195462,172125,9219,228233,40804,46395,4908,37090,182880,27168,64268,576118,574596,9629,11151,585747,195462,172125,9219,228233,40804,46395,4908,37090,182880,27168,64268,576118,574596,9629,11151,0,0,0,0,0,0,0,0,0,0,0,0,0,0,0,0,4781.0,6734.0,-9690.0,-535.0,10258.0,1870.0,990.0,378.0,-3337.0,-5639.0,1357.0,4013.0,4096.0,4849.0,685.0,-68.0,100.0,33.4,29.4,1.6,39.0,7.0,7.9,0.8,6.3,31.2,4.6,11.0,98.4,98.1,1.6,1.9,100.0,33.4,29.4,1.6,39.0,7.0,7.9,0.8,6.3,31.2,4.6,11.0,98.4,98.1,1.6,1.9,100.0,0.0,0.0,0.0,0.0,0.0,0.0,0.0,0.0,0.0,0.0,0.0,0.0,0.0,0.0,0.0,127,42.0,42.0,9.0,13.0,19.0,11.0,7.0,12.0,15,24.0,35,116,116,127,42.0,42.0,9.0,13.0,19.0,11.0,7.0,12.0,15,24.0,35,116,116,0,0,0,0,0,0,0,0,0,0,0,0,0,0,41.5,42.4,54.1,53.3,34.8,39.9,44.2,47.5,41.5,42.4,54.1,53.3,34.8,39.9,44.2,47.5,0.0,0.0,0.0,0.0,0.0,0.0,0.0,0.0,"(CONTRACTS OF 1,000 BARRELS)",N10,CRUDE OIL,PETROLEUM AND PRODUCTS,NATURAL RESOURCES,FutOnly
191231067411F,"CRUDE OIL, LIGHT SWEET-WTI - ICE FUTURES EUROPE",2019-12-31T00:00:00.000,2019 Report Week 52,"CRUDE OIL, LIGHT SWEET-WTI",67411,ICEU,NYC,67,CRUDE OIL,580966,188728,181815,9754,217975,38934,45405,4530,40427,188519,25811,60255,572022,569747,8944,11219,580966,188728,181815,9754,217975,38934,45405,4530,40427,188519,25811,60255,572022,569747,8944,11219,0,0,0,0,0,0,0,0,0,0,0,0,0,0,0,0,10993.0,1343.0,13044.0,-334.0,11075.0,-635.0,2356.0,-7766.0,5883.0,7102.0,-3950.0,-2956.0,12759.0,14695.0,-1766.0,-3702.0,100.0,32.5,31.3,1.7,37.5,6.7,7.8,0.8,7.0,32.4,4.4,10.4,98.5,98.1,1.5,1.9,100.0,32.5,31.3,1.7,37.5,6.7,7.8,0.8,7.0,32.4,4.4,10.4,98.5,98.1,1.5,1.9,100.0,0.0,0.0,0.0,0.0,0.0,0.0,0.0,0.0,0.0,0.0,0.0,0.0,0.0,0.0,0.0,128,43.0,40.0,10.0,10.0,20.0,10.0,8.0,12.0,15,24.0,34,118,112,128,43.0,40.0,10.0,10.0,20.0,10.0,8.0,12.0,15,24.0,34,118,112,0,0,0,0,0,0,0,0,0,0,0,0,0,0,43.3,41.5,56.0,53.3,34.2,39.6,43.2,46.9,43.3,41.5,56.0,53.3,34.2,39.6,43.2,46.9,0.0,0.0,0.0,0.0,0.0,0.0,0.0,0.0,"(CONTRACTS OF 1,000 BARRELS)",N10,CRUDE OIL,PETROLEUM AND PRODUCTS,NATURAL RESOURCES,FutOnly
191224067411F,"CRUDE OIL, LIGHT SWEET-WTI - ICE FUTURES EUROPE",2019-12-24T00:00:00.000,2019 Report Week 51,"CRUDE OIL, LIGHT SWEET-WTI",67411,ICEU,NYC,67,CRUDE OIL,569973,187385,168771,10088,206900,39569,43049,12296,34544,181417,29761,63211,559263,555052,10710,14921,569973,187385,168771,10088,206900,39569,43049,12296,34544,181417,29761,63211,559263,555052,10710,14921,0,0,0,0,0,0,0,0,0,0,0,0,0,0,0,0,-31458.0,-13585.0,-3635.0,-337.0,-7628.0,-1662.0,3614.0,-5713.0,-4827.0,-1571.0,5268.0,-12508.0,-30876.0,-30705.0,-582.0,-753.0,100.0,32.9,29.6,1.8,36.3,6.9,7.6,2.2,6.1,31.8,5.2,11.1,98.1,97.4,1.9,2.6,100.0,32.9,29.6,1.8,36.3,6.9,7.6,2.2,6.1,31.8,5.2,11.1,98.1,97.4,1.9,2.6,100.0,0.0,0.0,0.0,0.0,0.0,0.0,0.0,0.0,0.0,0.0,0.0,0.0,0.0,0.0,0.0,124,42.0,38.0,11.0,9.0,20.0,11.0,6.0,12.0,12,27.0,32,115,107,124,42.0,38.0,11.0,9.0,20.0,11.0,6.0,12.0,12,27.0,32,115,107,0,0,0,0,0,0,0,0,0,0,0,0,0,0,43.8,40.0,56.0,52.4,34.0,38.2,42.4,46.1,43.8,40.0,56.0,52.4,34.0,38.2,42.4,46.1,0.0,0.0,0.0,0.0,0.0,0.0,0.0,0.0,"(CONTRACTS OF 1,000 BARRELS)",N10,CRUDE OIL,PETROLEUM AND PRODUCTS,NATURAL RESOURCES,FutOnly
191217067411F,"CRUDE OIL, LIGHT SWEET-WTI - ICE FUTURES EUROPE",2019-12-17T00:00:00.000,2019 Report Week 50,"CRUDE OIL, LIGHT SWEET-WTI",67411,ICEU,NYC,67,CRUDE OIL,601431,200970,172406,10425,214528,41231,39435,18009,39371,182988,24493,75719,590139,585757,11292,15674,601431,200970,172406,10425,214528,41231,39435,18009,39371,182988,24493,75719,590139,585757,11292,15674,0,0,0,0,0,0,0,0,0,0,0,0,0,0,0,0,-7716.0,2533.0,-12090.0,19.0,1203.0,1944.0,-1074.0,-1048.0,450.0,-5464.0,7332.0,-5749.0,-7341.0,-7958.0,-375.0,242.0,100.0,33.4,28.7,1.7,35.7,6.9,6.6,3.0,6.5,30.4,4.1,12.6,98.1,97.4,1.9,2.6,100.0,33.4,28.7,1.7,35.7,6.9,6.6,3.0,6.5,30.4,4.1,12.6,98.1,97.4,1.9,2.6,100.0,0.0,0.0,0.0,0.0,0.0,0.0,0.0,0.0,0.0,0.0,0.0,0.0,0.0,0.0,0.0,127,42.0,37.0,10.0,13.0,21.0,10.0,8.0,13.0,13,26.0,34,118,112,127,42.0,37.0,10.0,13.0,21.0,10.0,8.0,13.0,13,26.0,34,118,112,0,0,0,0,0,0,0,0,0,0,0,0,0,0,42.2,38.0,54.3,52.1,31.6,35.7,39.6,43.5,42.2,38.0,54.3,52.1,31.6,35.7,39.6,43.5,0.0,0.0,0.0,0.0,0.0,0.0,0.0,0.0,"(CONTRACTS OF 1,000 BARRELS)",N10,CRUDE OIL,PETROLEUM AND PRODUCTS,NATURAL RESOURCES,FutOnly
191210067411F,"CRUDE OIL, LIGHT SWEET-WTI - ICE FUTURES EUROPE",2019-12-10T00:00:00.000,2019 Report Week 49,"CRUDE OIL, LIGHT SWEET-WTI",67411,ICEU,NYC,67,CRUDE OIL,609147,198437,184496,10406,213325,39287,40509,19057,38921,188452,17161,81468,597480,593715,11667,15432,609147,198437,184496,10406,213325,39287,40509,19057,38921,188452,17161,81468,597480,593715,11667,15432,0,0,0,0,0,0,0,0,0,0,0,0,0,0,0,0,4270.0,-9608.0,-4013.0,700.0,5389.0,1537.0,1268.0,-1287.0,2105.0,8805.0,2055.0,-1103.0,3704.0,4683.0,566.0,-413.0,100.0,32.6,30.3,1.7,35.0,6.4,6.7,3.1,6.4,30.9,2.8,13.4,98.1,97.5,1.9,2.5,100.0,32.6,30.3,1.7,35.0,6.4,6.7,3.1,6.4,30.9,2.8,13.4,98.1,97.5,1.9,2.5,100.0,0.0,0.0,0.0,0.0,0.0,0.0,0.0,0.0,0.0,0.0,0.0,0.0,0.0,0.0,0.0,124,41.0,38.0,9.0,13.0,20.0,12.0,7.0,14.0,15,23.0,31,115,109,124,41.0,38.0,9.0,13.0,20.0,12.0,7.0,14.0,15,23.0,31,115,109,0,0,0,0,0,0,0,0,0,0,0,0,0,0,41.4,37.0,52.4,51.3,31.2,35.1,38.9,41.7,41.4,37.0,52.4,51.3,31.2,35.1,38.9,41.7,0.0,0.0,0.0,0.0,0.0,0.0,0.0,0.0,"(CONTRACTS OF 1,000 BARRELS)",N10,CRUDE OIL,PETROLEUM AND PRODUCTS,NATURAL RESOURCES,FutOnly
191203067411F,"CRUDE OIL, LIGHT SWEET-WTI - ICE FUTURES EUROPE",2019-12-03T00:00:00.000,2019 Report Week 48,"CRUDE OIL, LIGHT SWEET-WTI",67411,ICEU,NYC,67,CRUDE OIL,604877,208045,188509,9706,207936,37750,39241,20344,36816,179647,15106,82571,593776,589032,11101,15845,604877,208045,188509,9706,207936,37750,39241,20344,36816,179647,15106,82571,593776,589032,11101,15845,0,0,0,0,0,0,0,0,0,0,0,0,0,0,0,0,-13986.0,-15472.0,-16576.0,1744.0,2505.0,1072.0,916.0,-4578.0,31.0,-4692.0,-546.0,2968.0,-13433.0,-15124.0,-553.0,1138.0,100.0,34.4,31.2,1.6,34.4,6.2,6.5,3.4,6.1,29.7,2.5,13.7,98.2,97.4,1.8,2.6,100.0,34.4,31.2,1.6,34.4,6.2,6.5,3.4,6.1,29.7,2.5,13.7,98.2,97.4,1.8,2.6,100.0,0.0,0.0,0.0,0.0,0.0,0.0,0.0,0.0,0.0,0.0,0.0,0.0,0.0,0.0,0.0,123,41.0,36.0,9.0,13.0,20.0,11.0,8.0,13.0,16,23.0,31,115,107,123,41.0,36.0,9.0,13.0,20.0,11.0,8.0,13.0,16,23.0,31,115,107,0,0,0,0,0,0,0,0,0,0,0,0,0,0,40.6,37.3,53.1,52.0,30.1,34.6,37.7,41.4,40.6,37.3,53.1,52.0,30.1,34.6,37.7,41.4,0.0,0.0,0.0,0.0,0.0,0.0,0.0,0.0,"(CONTRACTS OF 1,000 BARRELS)",N10,CRUDE OIL,PETROLEUM AND PRODUCTS,NATURAL RESOURCES,FutOnly
191126067411F,"CRUDE OIL, LIGHT SWEET-WTI - ICE FUTURES EUROPE",2019-11-26T00:00:00.000,2019 Report Week 47,"CRUDE OIL, LIGHT SWEET-WTI",67411,ICEU,NYC,67,CRUDE OIL,618863,223517,205085,7962,205431,36678,38325,24922,36785,184339,15652,79603,607209,604156,11654,14707,618863,223517,205085,7962,205431,36678,38325,24922,36785,184339,15652,79603,607209,604156,11654,14707,0,0,0,0,0,0,0,0,0,0,0,0,0,0,0,0,3902.0,2372.0,9784.0,-578.0,-7064.0,-2019.0,2378.0,-620.0,-1797.0,-2140.0,-3386.0,8059.0,6275.0,2957.0,-2373.0,945.0,100.0,36.1,33.1,1.3,33.2,5.9,6.2,4.0,5.9,29.8,2.5,12.9,98.1,97.6,1.9,2.4,100.0,36.1,33.1,1.3,33.2,5.9,6.2,4.0,5.9,29.8,2.5,12.9,98.1,97.6,1.9,2.4,100.0,0.0,0.0,0.0,0.0,0.0,0.0,0.0,0.0,0.0,0.0,0.0,0.0,0.0,0.0,0.0,127,44.0,40.0,9.0,12.0,19.0,11.0,8.0,13.0,17,23.0,32,118,111,127,44.0,40.0,9.0,12.0,19.0,11.0,8.0,13.0,17,23.0,32,118,111,0,0,0,0,0,0,0,0,0,0,0,0,0,0,40.0,37.3,52.6,52.1,30.9,34.2,38.0,41.7,40.0,37.3,52.6,52.1,30.9,34.2,38.0,41.7,0.0,0.0,0.0,0.0,0.0,0.0,0.0,0.0,"(CONTRACTS OF 1,000 BARRELS)",N10,CRUDE OIL,PETROLEUM AND PRODUCTS,NATURAL RESOURCES,FutOnly
191119067411F,"CRUDE OIL, LIGHT SWEET-WTI - ICE FUTURES EUROPE",2019-11-19T00:00:00.000,2019 Report Week 46,"CRUDE OIL, LIGHT SWEET-WTI",67411,ICEU,NYC,67,CRUDE OIL,614961,221145,195301,8540,212495,38697,35947,25542,38582,186479,19038,71544,600934,601199,14027,13762,614961,221145,195301,8540,212495,38697,35947,25542,38582,186479,19038,71544,600934,601199,14027,13762,0,0,0,0,0,0,0,0,0,0,0,0,0,0,0,0,-13877.0,-1917.0,2497.0,-4946.0,317.0,3773.0,-3111.0,4908.0,-2220.0,514.0,-13988.0,-7314.0,-15221.0,-12027.0,1344.0,-1850.0,100.0,36.0,31.8,1.4,34.6,6.3,5.8,4.2,6.3,30.3,3.1,11.6,97.7,97.8,2.3,2.2,100.0,36.0,31.8,1.4,34.6,6.3,5.8,4.2,6.3,30.3,3.1,11.6,97.7,97.8,2.3,2.2,100.0,0.0,0.0,0.0,0.0,0.0,0.0,0.0,0.0,0.0,0.0,0.0,0.0,0.0,0.0,0.0,129,44.0,40.0,7.0,14.0,19.0,9.0,10.0,15.0,18,24.0,33,119,115,129,44.0,40.0,7.0,14.0,19.0,9.0,10.0,15.0,18,24.0,33,119,115,0,0,0,0,0,0,0,0,0,0,0,0,0,0,40.4,37.3,52.8,52.5,32.2,33.3,39.4,41.2,40.4,37.3,52.8,52.5,32.2,33.3,39.4,41.2,0.0,0.0,0.0,0.0,0.0,0.0,0.0,0.0,"(CONTRACTS OF 1,000 BARRELS)",N10,CRUDE OIL,PETROLEUM AND PRODUCTS,NATURAL RESOURCES,FutOnly
191112067411F,"CRUDE OIL, LIGHT SWEET-WTI - ICE FUTURES EUROPE",2019-11-12T00:00:00.000,2019 Report Week 45,"CRUDE OIL, LIGHT SWEET-WTI",67411,ICEU,NYC,67,CRUDE OIL,628838,223062,192804,13486,212178,34924,39058,20634,40802,185965,33026,78858,616155,613226,12683,15612,628838,223062,192804,13486,212178,34924,39058,20634,40802,185965,33026,78858,616155,613226,12683,15612,0,0,0,0,0,0,0,0,0,0,0,0,0,0,0,0,-12216.0,-20324.0,-16743.0,-3836.0,10478.0,-4385.0,14177.0,10003.0,-16334.0,8350.0,-6326.0,8525.0,-13827.0,-14782.0,1611.0,2566.0,100.0,35.5,30.7,2.1,33.7,5.6,6.2,3.3,6.5,29.6,5.3,12.5,98.0,97.5,2.0,2.5,100.0,35.5,30.7,2.1,33.7,5.6,6.2,3.3,6.5,29.6,5.3,12.5,98.0,97.5,2.0,2.5,100.0,0.0,0.0,0.0,0.0,0.0,0.0,0.0,0.0,0.0,0.0,0.0,0.0,0.0,0.0,0.0,129,42.0,39.0,12.0,11.0,21.0,13.0,6.0,14.0,19,23.0,35,122,114,129,42.0,39.0,12.0,11.0,21.0,13.0,6.0,14.0,19,23.0,35,122,114,0,0,0,0,0,0,0,0,0,0,0,0,0,0,39.5,35.6,51.5,49.9,32.8,32.5,40.2,40.9,39.5,35.6,51.5,49.9,32.8,32.5,40.2,40.9,0.0,0.0,0.0,0.0,0.0,0.0,0.0,0.0,"(CONTRACTS OF 1,000 BARRELS)",N10,CRUDE OIL,PETROLEUM AND PRODUCTS,NATURAL RESOURCES,FutOnly
191105067411F,"CRUDE OIL, LIGHT SWEET-WTI - ICE FUTURES EUROPE",2019-11-05T00:00:00.000,2019 Report Week 44,"CRUDE OIL, LIGHT SWEET-WTI",67411,ICEU,NYC,67,CRUDE OIL,641054,243386,209547,17322,201700,39309,24881,10631,57136,177615,39352,70333,629982,628008,11072,13046,641054,243386,209547,17322,201700,39309,24881,10631,57136,177615,39352,70333,629982,628008,11072,13046,0,0,0,0,0,0,0,0,0,0,0,0,0,0,0,0,21299.0,15556.0,10678.0,-389.0,9480.0,3854.0,-1068.0,-3515.0,-2438.0,460.0,-747.0,2995.0,18970.0,20307.0,2329.0,992.0,100.0,38.0,32.7,2.7,31.5,6.1,3.9,1.7,8.9,27.7,6.1,11.0,98.3,98.0,1.7,2.0,100.0,38.0,32.7,2.7,31.5,6.1,3.9,1.7,8.9,27.7,6.1,11.0,98.3,98.0,1.7,2.0,100.0,0.0,0.0,0.0,0.0,0.0,0.0,0.0,0.0,0.0,0.0,0.0,0.0,0.0,0.0,0.0,131,42.0,38.0,11.0,12.0,21.0,12.0,6.0,14.0,20,24.0,35,122,115,131,42.0,38.0,11.0,12.0,21.0,12.0,6.0,14.0,20,24.0,35,122,115,0,0,0,0,0,0,0,0,0,0,0,0,0,0,38.6,34.3,52.0,49.1,31.6,30.2,38.4,38.6,38.6,34.3,52.0,49.1,31.6,30.2,38.4,38.6,0.0,0.0,0.0,0.0,0.0,0.0,0.0,0.0,"(CONTRACTS OF 1,000 BARRELS)",N10,CRUDE OIL,PETROLEUM AND PRODUCTS,NATURAL RESOURCES,FutOnly
191029067411F,"CRUDE OIL, LIGHT SWEET-WTI - ICE FUTURES EUROPE",2019-10-29T00:00:00.000,2019 Report Week 43,"CRUDE OIL, LIGHT SWEET-WTI",67411,ICEU,NYC,67,CRUDE OIL,619755,227830,198869,17711,192220,35455,25949,14146,59574,177155,40099,67338,611012,607701,8743,12054,619755,227830,198869,17711,192220,35455,25949,14146,59574,177155,40099,67338,611012,607701,8743,12054,0,0,0,0,0,0,0,0,0,0,0,0,0,0,0,0,-2267.0,1307.0,1717.0,380.0,2344.0,595.0,3687.0,626.0,-4088.0,4865.0,5372.0,-6581.0,165.0,-15.0,-2432.0,-2252.0,100.0,36.8,32.1,2.9,31.0,5.7,4.2,2.3,9.6,28.6,6.5,10.9,98.6,98.1,1.4,1.9,100.0,36.8,32.1,2.9,31.0,5.7,4.2,2.3,9.6,28.6,6.5,10.9,98.6,98.1,1.4,1.9,100.0,0.0,0.0,0.0,0.0,0.0,0.0,0.0,0.0,0.0,0.0,0.0,0.0,0.0,0.0,0.0,131,45.0,40.0,12.0,11.0,21.0,11.0,6.0,14.0,20,23.0,32,124,112,131,45.0,40.0,12.0,11.0,21.0,11.0,6.0,14.0,20,23.0,32,124,112,0,0,0,0,0,0,0,0,0,0,0,0,0,0,38.4,33.6,51.1,48.1,33.3,29.8,40.7,39.0,38.4,33.6,51.1,48.1,33.3,29.8,40.7,39.0,0.0,0.0,0.0,0.0,0.0,0.0,0.0,0.0,"(CONTRACTS OF 1,000 BARRELS)",N10,CRUDE OIL,PETROLEUM AND PRODUCTS,NATURAL RESOURCES,FutOnly
191022067411F,"CRUDE OIL, LIGHT SWEET-WTI - ICE FUTURES EUROPE",2019-10-22T00:00:00.000,2019 Report Week 42,"CRUDE OIL, LIGHT SWEET-WTI",67411,ICEU,NYC,67,CRUDE OIL,622022,226523,197152,17331,189876,34860,22262,13520,63662,172290,34727,73919,610847,607716,11175,14306,622022,226523,197152,17331,189876,34860,22262,13520,63662,172290,34727,73919,610847,607716,11175,14306,0,0,0,0,0,0,0,0,0,0,0,0,0,0,0,0,-21141.0,-2457.0,190.0,-334.0,-9410.0,-1056.0,-6847.0,193.0,-1641.0,-4444.0,-4269.0,-6572.0,-23351.0,-22565.0,2210.0,1424.0,100.0,36.4,31.7,2.8,30.5,5.6,3.6,2.2,10.2,27.7,5.6,11.9,98.2,97.7,1.8,2.3,100.0,36.4,31.7,2.8,30.5,5.6,3.6,2.2,10.2,27.7,5.6,11.9,98.2,97.7,1.8,2.3,100.0,0.0,0.0,0.0,0.0,0.0,0.0,0.0,0.0,0.0,0.0,0.0,0.0,0.0,0.0,0.0,129,45.0,40.0,13.0,10.0,21.0,9.0,6.0,11.0,22,21.0,30,121,108,129,45.0,40.0,13.0,10.0,21.0,9.0,6.0,11.0,22,21.0,30,121,108,0,0,0,0,0,0,0,0,0,0,0,0,0,0,38.2,32.5,51.0,47.2,32.0,28.9,38.6,38.6,38.2,32.5,51.0,47.2,32.0,28.9,38.6,38.6,0.0,0.0,0.0,0.0,0.0,0.0,0.0,0.0,"(CONTRACTS OF 1,000 BARRELS)",N10,CRUDE OIL,PETROLEUM AND PRODUCTS,NATURAL RESOURCES,FutOnly
191015067411F,"CRUDE OIL, LIGHT SWEET-WTI - ICE FUTURES EUROPE",2019-10-15T00:00:00.000,2019 Report Week 41,"CRUDE OIL, LIGHT SWEET-WTI",67411,ICEU,NYC,67,CRUDE OIL,643163,228980,196962,17665,199286,35916,29109,13327,65303,176734,38996,80491,634198,630281,8965,12882,643163,228980,196962,17665,199286,35916,29109,13327,65303,176734,38996,80491,634198,630281,8965,12882,0,0,0,0,0,0,0,0,0,0,0,0,0,0,0,0,5818.0,14571.0,-3927.0,-500.0,3279.0,1054.0,-2727.0,488.0,-62.0,-5317.0,5676.0,-662.0,6357.0,5846.0,-539.0,-28.0,100.0,35.6,30.6,2.7,31.0,5.6,4.5,2.1,10.2,27.5,6.1,12.5,98.6,98.0,1.4,2.0,100.0,35.6,30.6,2.7,31.0,5.6,4.5,2.1,10.2,27.5,6.1,12.5,98.6,98.0,1.4,2.0,100.0,0.0,0.0,0.0,0.0,0.0,0.0,0.0,0.0,0.0,0.0,0.0,0.0,0.0,0.0,0.0,130,45.0,39.0,12.0,11.0,22.0,10.0,7.0,14.0,20,22.0,35,124,114,130,45.0,39.0,12.0,11.0,22.0,10.0,7.0,14.0,20,22.0,35,124,114,0,0,0,0,0,0,0,0,0,0,0,0,0,0,37.0,33.2,50.3,47.3,31.0,29.7,38.1,39.4,37.0,33.2,50.3,47.3,31.0,29.7,38.1,39.4,0.0,0.0,0.0,0.0,0.0,0.0,0.0,0.0,"(CONTRACTS OF 1,000 BARRELS)",N10,CRUDE OIL,PETROLEUM AND PRODUCTS,NATURAL RESOURCES,FutOnly
191008067411F,"CRUDE OIL, LIGHT SWEET-WTI - ICE FUTURES EUROPE",2019-10-08T00:00:00.000,2019 Report Week 40,"CRUDE OIL, LIGHT SWEET-WTI",67411,ICEU,NYC,67,CRUDE OIL,637345,214409,200889,18165,196007,34862,31836,12839,65365,182051,33320,81153,627841,624435,9504,12910,637345,214409,200889,18165,196007,34862,31836,12839,65365,182051,33320,81153,627841,624435,9504,12910,0,0,0,0,0,0,0,0,0,0,0,0,0,0,0,0,-892.0,-11112.0,-4711.0,-554.0,2780.0,3025.0,237.0,-6488.0,-218.0,279.0,-3495.0,6902.0,-1441.0,-2205.0,549.0,1313.0,100.0,33.6,31.5,2.9,30.8,5.5,5.0,2.0,10.3,28.6,5.2,12.7,98.5,98.0,1.5,2.0,100.0,33.6,31.5,2.9,30.8,5.5,5.0,2.0,10.3,28.6,5.2,12.7,98.5,98.0,1.5,2.0,100.0,0.0,0.0,0.0,0.0,0.0,0.0,0.0,0.0,0.0,0.0,0.0,0.0,0.0,0.0,0.0,128,44.0,39.0,12.0,11.0,22.0,12.0,6.0,14.0,15,25.0,34,120,114,128,44.0,39.0,12.0,11.0,22.0,12.0,6.0,14.0,15,25.0,34,120,114,0,0,0,0,0,0,0,0,0,0,0,0,0,0,38.4,33.1,51.2,48.1,31.6,30.4,38.6,40.7,38.4,33.1,51.2,48.1,31.6,30.4,38.6,40.7,0.0,0.0,0.0,0.0,0.0,0.0,0.0,0.0,"(CONTRACTS OF 1,000 BARRELS)",N10,CRUDE OIL,PETROLEUM AND PRODUCTS,NATURAL RESOURCES,FutOnly
191001067411F,"CRUDE OIL, LIGHT SWEET-WTI - ICE FUTURES EUROPE",2019-10-01T00:00:00.000,2019 Report Week 39,"CRUDE OIL, LIGHT SWEET-WTI",67411,ICEU,NYC,67,CRUDE OIL,638237,225521,205600,18719,193227,31837,31599,19327,65583,181772,36815,74251,629282,626640,8955,11597,638237,225521,205600,18719,193227,31837,31599,19327,65583,181772,36815,74251,629282,626640,8955,11597,0,0,0,0,0,0,0,0,0,0,0,0,0,0,0,0,1685.0,3801.0,-6938.0,2300.0,477.0,-704.0,-722.0,1127.0,-593.0,1420.0,8807.0,1270.0,6772.0,3446.0,-5087.0,-1761.0,100.0,35.3,32.2,2.9,30.3,5.0,5.0,3.0,10.3,28.5,5.8,11.6,98.6,98.2,1.4,1.8,100.0,35.3,32.2,2.9,30.3,5.0,5.0,3.0,10.3,28.5,5.8,11.6,98.6,98.2,1.4,1.8,100.0,0.0,0.0,0.0,0.0,0.0,0.0,0.0,0.0,0.0,0.0,0.0,0.0,0.0,0.0,0.0,126,45.0,40.0,13.0,10.0,23.0,10.0,7.0,13.0,17,21.0,33,119,113,126,45.0,40.0,13.0,10.0,23.0,10.0,7.0,13.0,17,21.0,33,119,113,0,0,0,0,0,0,0,0,0,0,0,0,0,0,38.7,33.2,51.7,48.2,31.5,30.4,38.5,40.3,38.7,33.2,51.7,48.2,31.5,30.4,38.5,40.3,0.0,0.0,0.0,0.0,0.0,0.0,0.0,0.0,"(CONTRACTS OF 1,000 BARRELS)",N10,CRUDE OIL,PETROLEUM AND PRODUCTS,NATURAL RESOURCES,FutOnly
190924067411F,"CRUDE OIL, LIGHT SWEET-WTI - ICE FUTURES EUROPE",2019-09-24T00:00:00.000,2019 Report Week 38,"CRUDE OIL, LIGHT SWEET-WTI",67411,ICEU,NYC,67,CRUDE OIL,636552,221720,212538,16419,192750,32541,32321,18200,66176,180352,28008,72981,622510,623194,14042,13358,636552,221720,212538,16419,192750,32541,32321,18200,66176,180352,28008,72981,622510,623194,14042,13358,0,0,0,0,0,0,0,0,0,0,0,0,0,0,0,0,-38895.0,-19433.0,-17944.0,-1044.0,-3682.0,-2767.0,696.0,-6447.0,-8779.0,-1745.0,3298.0,-5320.0,-38392.0,-41641.0,-503.0,2746.0,100.0,34.8,33.4,2.6,30.3,5.1,5.1,2.9,10.4,28.3,4.4,11.5,97.8,97.9,2.2,2.1,100.0,34.8,33.4,2.6,30.3,5.1,5.1,2.9,10.4,28.3,4.4,11.5,97.8,97.9,2.2,2.1,100.0,0.0,0.0,0.0,0.0,0.0,0.0,0.0,0.0,0.0,0.0,0.0,0.0,0.0,0.0,0.0,119,42.0,38.0,11.0,11.0,22.0,9.0,8.0,11.0,19,16.0,32,112,107,119,42.0,38.0,11.0,11.0,22.0,9.0,8.0,11.0,19,16.0,32,112,107,0,0,0,0,0,0,0,0,0,0,0,0,0,0,38.8,33.0,53.3,49.7,30.8,30.2,38.0,40.7,38.8,33.0,53.3,49.7,30.8,30.2,38.0,40.7,0.0,0.0,0.0,0.0,0.0,0.0,0.0,0.0,"(CONTRACTS OF 1,000 BARRELS)",N10,CRUDE OIL,PETROLEUM AND PRODUCTS,NATURAL RESOURCES,FutOnly
190917067411F,"CRUDE OIL, LIGHT SWEET-WTI - ICE FUTURES EUROPE",2019-09-17T00:00:00.000,2019 Report Week 37,"CRUDE OIL, LIGHT SWEET-WTI",67411,ICEU,NYC,67,CRUDE OIL,675447,241153,230482,17463,196432,35308,31625,24647,74955,182097,24710,78301,660902,664835,14545,10612,675447,241153,230482,17463,196432,35308,31625,24647,74955,182097,24710,78301,660902,664835,14545,10612,0,0,0,0,0,0,0,0,0,0,0,0,0,0,0,0,18280.0,6575.0,22630.0,2095.0,-2679.0,2703.0,4121.0,5612.0,1373.0,5245.0,-5080.0,-3022.0,19090.0,21537.0,-810.0,-3257.0,100.0,35.7,34.1,2.6,29.1,5.2,4.7,3.6,11.1,27.0,3.7,11.6,97.8,98.4,2.2,1.6,100.0,35.7,34.1,2.6,29.1,5.2,4.7,3.6,11.1,27.0,3.7,11.6,97.8,98.4,2.2,1.6,100.0,0.0,0.0,0.0,0.0,0.0,0.0,0.0,0.0,0.0,0.0,0.0,0.0,0.0,0.0,0.0,127,42.0,42.0,10.0,12.0,22.0,11.0,9.0,13.0,21,16.0,36,118,117,127,42.0,42.0,10.0,12.0,22.0,11.0,9.0,13.0,21,16.0,36,118,117,0,0,0,0,0,0,0,0,0,0,0,0,0,0,35.8,33.8,52.2,51.1,28.7,29.3,36.0,39.1,35.8,33.8,52.2,51.1,28.7,29.3,36.0,39.1,0.0,0.0,0.0,0.0,0.0,0.0,0.0,0.0,"(CONTRACTS OF 1,000 BARRELS)",N10,CRUDE OIL,PETROLEUM AND PRODUCTS,NATURAL RESOURCES,FutOnly
190910067411F,"CRUDE OIL, LIGHT SWEET-WTI - ICE FUTURES EUROPE",2019-09-10T00:00:00.000,2019 Report Week 36,"CRUDE OIL, LIGHT SWEET-WTI",67411,ICEU,NYC,67,CRUDE OIL,657167,234578,207852,15368,199111,32605,27504,19035,73582,176852,29790,81323,641812,643298,15355,13869,657167,234578,207852,15368,199111,32605,27504,19035,73582,176852,29790,81323,641812,643298,15355,13869,0,0,0,0,0,0,0,0,0,0,0,0,0,0,0,0,4365.0,3217.0,-2612.0,604.0,4995.0,766.0,-1058.0,1322.0,2063.0,2902.0,1879.0,-4112.0,4382.0,4301.0,-17.0,64.0,100.0,35.7,31.6,2.3,30.3,5.0,4.2,2.9,11.2,26.9,4.5,12.4,97.7,97.9,2.3,2.1,100.0,35.7,31.6,2.3,30.3,5.0,4.2,2.9,11.2,26.9,4.5,12.4,97.7,97.9,2.3,2.1,100.0,0.0,0.0,0.0,0.0,0.0,0.0,0.0,0.0,0.0,0.0,0.0,0.0,0.0,0.0,0.0,127,45.0,44.0,10.0,11.0,21.0,8.0,8.0,14.0,19,19.0,36,120,116,127,45.0,44.0,10.0,11.0,21.0,8.0,8.0,14.0,19,19.0,36,120,116,0,0,0,0,0,0,0,0,0,0,0,0,0,0,36.4,33.2,50.6,48.8,27.2,28.6,35.8,39.4,36.4,33.2,50.6,48.8,27.2,28.6,35.8,39.4,0.0,0.0,0.0,0.0,0.0,0.0,0.0,0.0,"(CONTRACTS OF 1,000 BARRELS)",N10,CRUDE OIL,PETROLEUM AND PRODUCTS,NATURAL RESOURCES,FutOnly
190903067411F,"CRUDE OIL, LIGHT SWEET-WTI - ICE FUTURES EUROPE",2019-09-03T00:00:00.000,2019 Report Week 35,"CRUDE OIL, LIGHT SWEET-WTI",67411,ICEU,NYC,67,CRUDE OIL,652802,231361,210464,14764,194116,31839,28562,17713,71519,173950,27911,85435,637430,638997,15372,13805,652802,231361,210464,14764,194116,31839,28562,17713,71519,173950,27911,85435,637430,638997,15372,13805,0,0,0,0,0,0,0,0,0,0,0,0,0,0,0,0,21799.0,14366.0,7800.0,429.0,1182.0,1196.0,-2553.0,1167.0,2356.0,779.0,3695.0,5261.0,21834.0,22657.0,-35.0,-858.0,100.0,35.4,32.2,2.3,29.7,4.9,4.4,2.7,11.0,26.6,4.3,13.1,97.6,97.9,2.4,2.1,100.0,35.4,32.2,2.3,29.7,4.9,4.4,2.7,11.0,26.6,4.3,13.1,97.6,97.9,2.4,2.1,100.0,0.0,0.0,0.0,0.0,0.0,0.0,0.0,0.0,0.0,0.0,0.0,0.0,0.0,0.0,0.0,127,47.0,44.0,10.0,11.0,21.0,9.0,8.0,13.0,17,19.0,34,120,114,127,47.0,44.0,10.0,11.0,21.0,9.0,8.0,13.0,17,19.0,34,120,114,0,0,0,0,0,0,0,0,0,0,0,0,0,0,36.8,32.7,49.6,48.2,26.2,27.7,34.0,38.6,36.8,32.7,49.6,48.2,26.2,27.7,34.0,38.6,0.0,0.0,0.0,0.0,0.0,0.0,0.0,0.0,"(CONTRACTS OF 1,000 BARRELS)",N10,CRUDE OIL,PETROLEUM AND PRODUCTS,NATURAL RESOURCES,FutOnly
190827067411F,"CRUDE OIL, LIGHT SWEET-WTI - ICE FUTURES EUROPE",2019-08-27T00:00:00.000,2019 Report Week 34,"CRUDE OIL, LIGHT SWEET-WTI",67411,ICEU,NYC,67,CRUDE OIL,631003,216995,202664,14335,192934,30643,31115,16546,69163,173171,24216,80174,615596,616340,15407,14663,631003,216995,202664,14335,192934,30643,31115,16546,69163,173171,24216,80174,615596,616340,15407,14663,0,0,0,0,0,0,0,0,0,0,0,0,0,0,0,0,14760.0,4953.0,3022.0,-907.0,487.0,1661.0,1305.0,-2744.0,4548.0,-116.0,3315.0,2814.0,14258.0,13103.0,502.0,1657.0,100.0,34.4,32.1,2.3,30.6,4.9,4.9,2.6,11.0,27.4,3.8,12.7,97.6,97.7,2.4,2.3,100.0,34.4,32.1,2.3,30.6,4.9,4.9,2.6,11.0,27.4,3.8,12.7,97.6,97.7,2.4,2.3,100.0,0.0,0.0,0.0,0.0,0.0,0.0,0.0,0.0,0.0,0.0,0.0,0.0,0.0,0.0,0.0,125,44.0,41.0,9.0,11.0,20.0,9.0,8.0,13.0,20,18.0,34,117,110,125,44.0,41.0,9.0,11.0,20.0,9.0,8.0,13.0,20,18.0,34,117,110,0,0,0,0,0,0,0,0,0,0,0,0,0,0,36.3,34.0,49.3,50.2,26.8,29.1,34.8,40.4,36.3,34.0,49.3,50.2,26.8,29.1,34.8,40.4,0.0,0.0,0.0,0.0,0.0,0.0,0.0,0.0,"(CONTRACTS OF 1,000 BARRELS)",N10,CRUDE OIL,PETROLEUM AND PRODUCTS,NATURAL RESOURCES,FutOnly
190820067411F,"CRUDE OIL, LIGHT SWEET-WTI - ICE FUTURES EUROPE",2019-08-20T00:00:00.000,2019 Report Week 33,"CRUDE OIL, LIGHT SWEET-WTI",67411,ICEU,NYC,67,CRUDE OIL,616243,212042,199642,15242,192447,28982,29810,19290,64615,173287,20901,77360,601338,603237,14905,13006,616243,212042,199642,15242,192447,28982,29810,19290,64615,173287,20901,77360,601338,603237,14905,13006,0,0,0,0,0,0,0,0,0,0,0,0,0,0,0,0,-32169.0,-7608.0,6728.0,-3997.0,-11244.0,-1767.0,-1053.0,-12778.0,1428.0,-8333.0,-1089.0,-11671.0,-33001.0,-30393.0,832.0,-1776.0,100.0,34.4,32.4,2.5,31.2,4.7,4.8,3.1,10.5,28.1,3.4,12.6,97.6,97.9,2.4,2.1,100.0,34.4,32.4,2.5,31.2,4.7,4.8,3.1,10.5,28.1,3.4,12.6,97.6,97.9,2.4,2.1,100.0,0.0,0.0,0.0,0.0,0.0,0.0,0.0,0.0,0.0,0.0,0.0,0.0,0.0,0.0,0.0,127,45.0,43.0,9.0,11.0,20.0,9.0,8.0,12.0,21,18.0,34,119,111,127,45.0,43.0,9.0,11.0,20.0,9.0,8.0,12.0,21,18.0,34,119,111,0,0,0,0,0,0,0,0,0,0,0,0,0,0,36.6,35.1,50.8,51.4,29.3,30.9,37.5,42.0,36.6,35.1,50.8,51.4,29.3,30.9,37.5,42.0,0.0,0.0,0.0,0.0,0.0,0.0,0.0,0.0,"(CONTRACTS OF 1,000 BARRELS)",N10,CRUDE OIL,PETROLEUM AND PRODUCTS,NATURAL RESOURCES,FutOnly
190813067411F,"CRUDE OIL, LIGHT SWEET-WTI - ICE FUTURES EUROPE",2019-08-13T00:00:00.000,2019 Report Week 32,"CRUDE OIL, LIGHT SWEET-WTI",67411,ICEU,NYC,67,CRUDE OIL,648412,219650,192914,19239,203691,30749,30863,32068,63187,181620,21990,89031,634339,633630,14073,14782,648412,219650,192914,19239,203691,30749,30863,32068,63187,181620,21990,89031,634339,633630,14073,14782,0,0,0,0,0,0,0,0,0,0,0,0,0,0,0,0,-13937.0,-30815.0,-14224.0,-408.0,-3859.0,1728.0,-4872.0,-11902.0,13844.0,2811.0,-3727.0,3699.0,-14013.0,-14441.0,76.0,504.0,100.0,33.9,29.8,3.0,31.4,4.7,4.8,4.9,9.7,28.0,3.4,13.7,97.8,97.7,2.2,2.3,100.0,33.9,29.8,3.0,31.4,4.7,4.8,4.9,9.7,28.0,3.4,13.7,97.8,97.7,2.2,2.3,100.0,0.0,0.0,0.0,0.0,0.0,0.0,0.0,0.0,0.0,0.0,0.0,0.0,0.0,0.0,0.0,129,46.0,43.0,8.0,13.0,20.0,9.0,10.0,15.0,23,16.0,34,124,114,129,46.0,43.0,8.0,13.0,20.0,9.0,10.0,15.0,23,16.0,34,124,114,0,0,0,0,0,0,0,0,0,0,0,0,0,0,35.6,34.5,47.6,50.7,29.0,30.7,36.5,40.1,35.6,34.5,47.6,50.7,29.0,30.7,36.5,40.1,0.0,0.0,0.0,0.0,0.0,0.0,0.0,0.0,"(CONTRACTS OF 1,000 BARRELS)",N10,CRUDE OIL,PETROLEUM AND PRODUCTS,NATURAL RESOURCES,FutOnly
190806067411F,"CRUDE OIL, LIGHT SWEET-WTI - ICE FUTURES EUROPE",2019-08-06T00:00:00.000,2019 Report Week 31,"CRUDE OIL, LIGHT SWEET-WTI",67411,ICEU,NYC,67,CRUDE OIL,662349,250465,207138,19647,207550,29021,35735,43970,49343,178809,25717,85332,648352,648071,13997,14278,662349,250465,207138,19647,207550,29021,35735,43970,49343,178809,25717,85332,648352,648071,13997,14278,0,0,0,0,0,0,0,0,0,0,0,0,0,0,0,0,8052.0,544.0,-10588.0,-2086.0,2328.0,-960.0,-2737.0,-2195.0,12526.0,-1384.0,2401.0,5227.0,11130.0,8739.0,-3078.0,-687.0,100.0,37.8,31.3,3.0,31.3,4.4,5.4,6.6,7.4,27.0,3.9,12.9,97.9,97.8,2.1,2.2,100.0,37.8,31.3,3.0,31.3,4.4,5.4,6.6,7.4,27.0,3.9,12.9,97.9,97.8,2.1,2.2,100.0,0.0,0.0,0.0,0.0,0.0,0.0,0.0,0.0,0.0,0.0,0.0,0.0,0.0,0.0,0.0,133,49.0,41.0,8.0,13.0,20.0,8.0,10.0,14.0,23,21.0,37,126,118,133,49.0,41.0,8.0,13.0,20.0,8.0,10.0,14.0,23,21.0,37,126,118,0,0,0,0,0,0,0,0,0,0,0,0,0,0,33.4,35.4,47.1,51.2,29.1,31.2,36.7,42.3,33.4,35.4,47.1,51.2,29.1,31.2,36.7,42.3,0.0,0.0,0.0,0.0,0.0,0.0,0.0,0.0,"(CONTRACTS OF 1,000 BARRELS)",N10,CRUDE OIL,PETROLEUM AND PRODUCTS,NATURAL RESOURCES,FutOnly
190730067411F,"CRUDE OIL, LIGHT SWEET-WTI - ICE FUTURES EUROPE",2019-07-30T00:00:00.000,2019 Report Week 30,"CRUDE OIL, LIGHT SWEET-WTI",67411,ICEU,NYC,67,CRUDE OIL,654297,249921,217726,21733,205222,29981,38472,46165,36817,180193,23316,80105,637222,639332,17075,14965,654297,249921,217726,21733,205222,29981,38472,46165,36817,180193,23316,80105,637222,639332,17075,14965,0,0,0,0,0,0,0,0,0,0,0,0,0,0,0,0,2257.0,-7110.0,-10001.0,-994.0,737.0,4684.0,-56.0,9166.0,-4413.0,4955.0,-4345.0,3511.0,577.0,-661.0,1680.0,2918.0,100.0,38.2,33.3,3.3,31.4,4.6,5.9,7.1,5.6,27.5,3.6,12.2,97.4,97.7,2.6,2.3,100.0,38.2,33.3,3.3,31.4,4.6,5.9,7.1,5.6,27.5,3.6,12.2,97.4,97.7,2.6,2.3,100.0,0.0,0.0,0.0,0.0,0.0,0.0,0.0,0.0,0.0,0.0,0.0,0.0,0.0,0.0,0.0,128,48.0,42.0,9.0,12.0,20.0,6.0,8.0,11.0,25,17.0,35,121,113,128,48.0,42.0,9.0,12.0,20.0,6.0,8.0,11.0,25,17.0,35,121,113,0,0,0,0,0,0,0,0,0,0,0,0,0,0,34.7,34.2,49.2,50.2,30.0,30.7,36.9,42.2,34.7,34.2,49.2,50.2,30.0,30.7,36.9,42.2,0.0,0.0,0.0,0.0,0.0,0.0,0.0,0.0,"(CONTRACTS OF 1,000 BARRELS)",N10,CRUDE OIL,PETROLEUM AND PRODUCTS,NATURAL RESOURCES,FutOnly
190723067411F,"CRUDE OIL, LIGHT SWEET-WTI - ICE FUTURES EUROPE",2019-07-23T00:00:00.000,2019 Report Week 29,"CRUDE OIL, LIGHT SWEET-WTI",67411,ICEU,NYC,67,CRUDE OIL,652040,257031,227727,22727,204485,25297,38528,36999,41230,175238,27661,76594,636645,639993,15395,12047,652040,257031,227727,22727,204485,25297,38528,36999,41230,175238,27661,76594,636645,639993,15395,12047,0,0,0,0,0,0,0,0,0,0,0,0,0,0,0,0,-23840.0,1996.0,-3567.0,-1241.0,-6487.0,-2896.0,-378.0,3842.0,-11166.0,-1893.0,6158.0,-8808.0,-24386.0,-22924.0,546.0,-916.0,100.0,39.4,34.9,3.5,31.4,3.9,5.9,5.7,6.3,26.9,4.2,11.7,97.6,98.2,2.4,1.8,100.0,39.4,34.9,3.5,31.4,3.9,5.9,5.7,6.3,26.9,4.2,11.7,97.6,98.2,2.4,1.8,100.0,0.0,0.0,0.0,0.0,0.0,0.0,0.0,0.0,0.0,0.0,0.0,0.0,0.0,0.0,0.0,129,47.0,41.0,9.0,13.0,21.0,6.0,10.0,11.0,25,17.0,34,120,114,129,47.0,41.0,9.0,13.0,21.0,6.0,10.0,11.0,25,17.0,34,120,114,0,0,0,0,0,0,0,0,0,0,0,0,0,0,35.4,33.2,50.4,50.6,29.4,30.2,36.3,39.6,35.4,33.2,50.4,50.6,29.4,30.2,36.3,39.6,0.0,0.0,0.0,0.0,0.0,0.0,0.0,0.0,"(CONTRACTS OF 1,000 BARRELS)",N10,CRUDE OIL,PETROLEUM AND PRODUCTS,NATURAL RESOURCES,FutOnly
190716067411F,"CRUDE OIL, LIGHT SWEET-WTI - ICE FUTURES EUROPE",2019-07-16T00:00:00.000,2019 Report Week 28,"CRUDE OIL, LIGHT SWEET-WTI",67411,ICEU,NYC,67,CRUDE OIL,675880,255035,231294,23968,210972,28193,38906,33157,52396,177131,21503,85402,661031,662917,14849,12963,675880,255035,231294,23968,210972,28193,38906,33157,52396,177131,21503,85402,661031,662917,14849,12963,0,0,0,0,0,0,0,0,0,0,0,0,0,0,0,0,-11365.0,4965.0,-4317.0,-2355.0,-3930.0,4372.0,-2460.0,10474.0,-13658.0,6038.0,2737.0,-6786.0,-9884.0,-11108.0,-1481.0,-257.0,100.0,37.7,34.2,3.5,31.2,4.2,5.8,4.9,7.8,26.2,3.2,12.6,97.8,98.1,2.2,1.9,100.0,37.7,34.2,3.5,31.2,4.2,5.8,4.9,7.8,26.2,3.2,12.6,97.8,98.1,2.2,1.9,100.0,0.0,0.0,0.0,0.0,0.0,0.0,0.0,0.0,0.0,0.0,0.0,0.0,0.0,0.0,0.0,134,46.0,39.0,9.0,15.0,22.0,6.0,10.0,12.0,26,20.0,38,126,117,134,46.0,39.0,9.0,15.0,22.0,6.0,10.0,12.0,26,20.0,38,126,117,0,0,0,0,0,0,0,0,0,0,0,0,0,0,36.1,34.1,50.7,51.2,28.4,29.6,35.1,37.4,36.1,34.1,50.7,51.2,28.4,29.6,35.1,37.4,0.0,0.0,0.0,0.0,0.0,0.0,0.0,0.0,"(CONTRACTS OF 1,000 BARRELS)",N10,CRUDE OIL,PETROLEUM AND PRODUCTS,NATURAL RESOURCES,FutOnly
190709067411F,"CRUDE OIL, LIGHT SWEET-WTI - ICE FUTURES EUROPE",2019-07-09T00:00:00.000,2019 Report Week 27,"CRUDE OIL, LIGHT SWEET-WTI",67411,ICEU,NYC,67,CRUDE OIL,687245,250070,235611,26323,214902,23821,41366,22683,66054,171093,18766,92188,670915,674025,16330,13220,687245,250070,235611,26323,214902,23821,41366,22683,66054,171093,18766,92188,670915,674025,16330,13220,0,0,0,0,0,0,0,0,0,0,0,0,0,0,0,0,6279.0,544.0,-2451.0,-1.0,5256.0,406.0,-1806.0,883.0,41.0,1599.0,-2111.0,5482.0,6265.0,7506.0,14.0,-1227.0,100.0,36.4,34.3,3.8,31.3,3.5,6.0,3.3,9.6,24.9,2.7,13.4,97.6,98.1,2.4,1.9,100.0,36.4,34.3,3.8,31.3,3.5,6.0,3.3,9.6,24.9,2.7,13.4,97.6,98.1,2.4,1.9,100.0,0.0,0.0,0.0,0.0,0.0,0.0,0.0,0.0,0.0,0.0,0.0,0.0,0.0,0.0,0.0,130,43.0,38.0,9.0,15.0,22.0,10.0,8.0,13.0,22,20.0,36,123,114,130,43.0,38.0,9.0,15.0,22.0,10.0,8.0,13.0,22,20.0,36,123,114,0,0,0,0,0,0,0,0,0,0,0,0,0,0,37.1,33.9,52.8,51.3,26.9,29.7,33.3,37.3,37.1,33.9,52.8,51.3,26.9,29.7,33.3,37.3,0.0,0.0,0.0,0.0,0.0,0.0,0.0,0.0,"(CONTRACTS OF 1,000 BARRELS)",N10,CRUDE OIL,PETROLEUM AND PRODUCTS,NATURAL RESOURCES,FutOnly
190702067411F,"CRUDE OIL, LIGHT SWEET-WTI - ICE FUTURES EUROPE",2019-07-02T00:00:00.000,2019 Report Week 26,"CRUDE OIL, LIGHT SWEET-WTI",67411,ICEU,NYC,67,CRUDE OIL,680966,249526,238062,26324,209646,23415,43172,21800,66013,169494,20877,86706,664650,666519,16316,14447,680966,249526,238062,26324,209646,23415,43172,21800,66013,169494,20877,86706,664650,666519,16316,14447,0,0,0,0,0,0,0,0,0,0,0,0,0,0,0,0,6076.0,9151.0,5190.0,-627.0,4622.0,1191.0,-4653.0,-838.0,6847.0,496.0,-4847.0,-7265.0,5140.0,4900.0,936.0,1176.0,100.0,36.6,35.0,3.9,30.8,3.4,6.3,3.2,9.7,24.9,3.1,12.7,97.6,97.9,2.4,2.1,100.0,36.6,35.0,3.9,30.8,3.4,6.3,3.2,9.7,24.9,3.1,12.7,97.6,97.9,2.4,2.1,100.0,0.0,0.0,0.0,0.0,0.0,0.0,0.0,0.0,0.0,0.0,0.0,0.0,0.0,0.0,0.0,130,43.0,39.0,9.0,15.0,22.0,13.0,8.0,13.0,21,19.0,34,122,114,130,43.0,39.0,9.0,15.0,22.0,13.0,8.0,13.0,21,19.0,34,122,114,0,0,0,0,0,0,0,0,0,0,0,0,0,0,37.3,33.9,53.2,51.3,26.8,29.8,33.7,37.1,37.3,33.9,53.2,51.3,26.8,29.8,33.7,37.1,0.0,0.0,0.0,0.0,0.0,0.0,0.0,0.0,"(CONTRACTS OF 1,000 BARRELS)",N10,CRUDE OIL,PETROLEUM AND PRODUCTS,NATURAL RESOURCES,FutOnly
190625067411F,"CRUDE OIL, LIGHT SWEET-WTI - ICE FUTURES EUROPE",2019-06-25T00:00:00.000,2019 Report Week 25,"CRUDE OIL, LIGHT SWEET-WTI",67411,ICEU,NYC,67,CRUDE OIL,674890,240375,232872,26951,205024,22224,47825,22638,59166,168998,25724,93971,659510,661619,15380,13271,674890,240375,232872,26951,205024,22224,47825,22638,59166,168998,25724,93971,659510,661619,15380,13271,0,0,0,0,0,0,0,0,0,0,0,0,0,0,0,0,-8022.0,-13228.0,5737.0,-1858.0,-1062.0,-2065.0,4893.0,-7481.0,2920.0,1709.0,-4641.0,1210.0,-6419.0,-5382.0,-1603.0,-2640.0,100.0,35.6,34.5,4.0,30.4,3.3,7.1,3.4,8.8,25.0,3.8,13.9,97.7,98.0,2.3,2.0,100.0,35.6,34.5,4.0,30.4,3.3,7.1,3.4,8.8,25.0,3.8,13.9,97.7,98.0,2.3,2.0,100.0,0.0,0.0,0.0,0.0,0.0,0.0,0.0,0.0,0.0,0.0,0.0,0.0,0.0,0.0,0.0,127,41.0,39.0,9.0,14.0,21.0,13.0,6.0,12.0,22,20.0,35,118,114,127,41.0,39.0,9.0,14.0,21.0,13.0,6.0,12.0,22,20.0,35,118,114,0,0,0,0,0,0,0,0,0,0,0,0,0,0,36.5,33.1,51.5,49.4,26.3,29.4,33.2,36.7,36.5,33.1,51.5,49.4,26.3,29.4,33.2,36.7,0.0,0.0,0.0,0.0,0.0,0.0,0.0,0.0,"(CONTRACTS OF 1,000 BARRELS)",N10,CRUDE OIL,PETROLEUM AND PRODUCTS,NATURAL RESOURCES,FutOnly
190618067411F,"CRUDE OIL, LIGHT SWEET-WTI - ICE FUTURES EUROPE",2019-06-18T00:00:00.000,2019 Report Week 24,"CRUDE OIL, LIGHT SWEET-WTI",67411,ICEU,NYC,67,CRUDE OIL,682912,253603,227135,28809,206086,24289,42932,30119,56246,167289,30365,92761,665929,667001,16983,15911,682912,253603,227135,28809,206086,24289,42932,30119,56246,167289,30365,92761,665929,667001,16983,15911,0,0,0,0,0,0,0,0,0,0,0,0,0,0,0,0,-7424.0,-15584.0,-3573.0,-1965.0,9348.0,-2594.0,-849.0,4376.0,-5644.0,8755.0,-16386.0,8609.0,-9272.0,-5864.0,1848.0,-1560.0,100.0,37.1,33.3,4.2,30.2,3.6,6.3,4.4,8.2,24.5,4.4,13.6,97.5,97.7,2.5,2.3,100.0,37.1,33.3,4.2,30.2,3.6,6.3,4.4,8.2,24.5,4.4,13.6,97.5,97.7,2.5,2.3,100.0,0.0,0.0,0.0,0.0,0.0,0.0,0.0,0.0,0.0,0.0,0.0,0.0,0.0,0.0,0.0,126,40.0,39.0,9.0,14.0,21.0,9.0,10.0,12.0,19,22.0,33,117,111,126,40.0,39.0,9.0,14.0,21.0,9.0,10.0,12.0,19,22.0,33,117,111,0,0,0,0,0,0,0,0,0,0,0,0,0,0,36.5,32.9,51.3,48.5,25.8,26.8,32.7,34.4,36.5,32.9,51.3,48.5,25.8,26.8,32.7,34.4,0.0,0.0,0.0,0.0,0.0,0.0,0.0,0.0,"(CONTRACTS OF 1,000 BARRELS)",N10,CRUDE OIL,PETROLEUM AND PRODUCTS,NATURAL RESOURCES,FutOnly
190611067411F,"CRUDE OIL, LIGHT SWEET-WTI - ICE FUTURES EUROPE",2019-06-11T00:00:00.000,2019 Report Week 23,"CRUDE OIL, LIGHT SWEET-WTI",67411,ICEU,NYC,67,CRUDE OIL,690336,269187,230708,30774,196738,26883,43781,25743,61890,158534,46751,84152,675201,672865,15135,17471,690336,269187,230708,30774,196738,26883,43781,25743,61890,158534,46751,84152,675201,672865,15135,17471,0,0,0,0,0,0,0,0,0,0,0,0,0,0,0,0,36519.0,30567.0,22777.0,358.0,10016.0,1539.0,1347.0,-839.0,152.0,270.0,868.0,727.0,34960.0,35240.0,1559.0,1279.0,100.0,39.0,33.4,4.5,28.5,3.9,6.3,3.7,9.0,23.0,6.8,12.2,97.8,97.5,2.2,2.5,100.0,39.0,33.4,4.5,28.5,3.9,6.3,3.7,9.0,23.0,6.8,12.2,97.8,97.5,2.2,2.5,100.0,0.0,0.0,0.0,0.0,0.0,0.0,0.0,0.0,0.0,0.0,0.0,0.0,0.0,0.0,0.0,125,41.0,40.0,8.0,15.0,21.0,9.0,9.0,13.0,19,21.0,33,116,113,125,41.0,40.0,8.0,15.0,21.0,9.0,9.0,13.0,19,21.0,33,116,113,0,0,0,0,0,0,0,0,0,0,0,0,0,0,36.2,31.3,51.2,47.4,24.3,25.2,31.4,34.2,36.2,31.3,51.2,47.4,24.3,25.2,31.4,34.2,0.0,0.0,0.0,0.0,0.0,0.0,0.0,0.0,"(CONTRACTS OF 1,000 BARRELS)",N10,CRUDE OIL,PETROLEUM AND PRODUCTS,NATURAL RESOURCES,FutOnly
190604067411F,"CRUDE OIL, LIGHT SWEET-WTI - ICE FUTURES EUROPE",2019-06-04T00:00:00.000,2019 Report Week 22,"CRUDE OIL, LIGHT SWEET-WTI",67411,ICEU,NYC,67,CRUDE OIL,653817,238620,207931,30416,186722,25344,42434,26582,61738,158264,45883,83425,640241,637625,13576,16192,653817,238620,207931,30416,186722,25344,42434,26582,61738,158264,45883,83425,640241,637625,13576,16192,0,0,0,0,0,0,0,0,0,0,0,0,0,0,0,0,33863.0,-7275.0,17596.0,1656.0,5993.0,2230.0,-3275.0,-6540.0,14690.0,13502.0,-13479.0,12474.0,34002.0,32964.0,-139.0,899.0,100.0,36.5,31.8,4.7,28.6,3.9,6.5,4.1,9.4,24.2,7.0,12.8,97.9,97.5,2.1,2.5,100.0,36.5,31.8,4.7,28.6,3.9,6.5,4.1,9.4,24.2,7.0,12.8,97.9,97.5,2.1,2.5,100.0,0.0,0.0,0.0,0.0,0.0,0.0,0.0,0.0,0.0,0.0,0.0,0.0,0.0,0.0,0.0,128,40.0,42.0,9.0,13.0,20.0,11.0,10.0,14.0,17,23.0,33,115,117,128,40.0,42.0,9.0,13.0,20.0,11.0,10.0,14.0,17,23.0,33,115,117,0,0,0,0,0,0,0,0,0,0,0,0,0,0,34.9,31.5,49.8,45.3,25.4,24.8,32.6,34.0,34.9,31.5,49.8,45.3,25.4,24.8,32.6,34.0,0.0,0.0,0.0,0.0,0.0,0.0,0.0,0.0,"(CONTRACTS OF 1,000 BARRELS)",N10,CRUDE OIL,PETROLEUM AND PRODUCTS,NATURAL RESOURCES,FutOnly
190528067411F,"CRUDE OIL, LIGHT SWEET-WTI - ICE FUTURES EUROPE",2019-05-28T00:00:00.000,2019 Report Week 21,"CRUDE OIL, LIGHT SWEET-WTI",67411,ICEU,NYC,67,CRUDE OIL,619954,245895,190335,28760,180729,23114,45709,33122,47048,144762,59362,70951,606239,604661,13715,15293,619954,245895,190335,28760,180729,23114,45709,33122,47048,144762,59362,70951,606239,604661,13715,15293,0,0,0,0,0,0,0,0,0,0,0,0,0,0,0,0,11217.0,5097.0,-5437.0,92.0,6292.0,73.0,1469.0,3599.0,-232.0,537.0,4340.0,1288.0,8324.0,9923.0,2893.0,1294.0,100.0,39.7,30.7,4.6,29.2,3.7,7.4,5.3,7.6,23.4,9.6,11.4,97.8,97.5,2.2,2.5,100.0,39.7,30.7,4.6,29.2,3.7,7.4,5.3,7.6,23.4,9.6,11.4,97.8,97.5,2.2,2.5,100.0,0.0,0.0,0.0,0.0,0.0,0.0,0.0,0.0,0.0,0.0,0.0,0.0,0.0,0.0,0.0,130,41.0,41.0,9.0,10.0,16.0,11.0,8.0,14.0,21,25.0,34,116,114,130,41.0,41.0,9.0,10.0,16.0,11.0,8.0,14.0,21,25.0,34,116,114,0,0,0,0,0,0,0,0,0,0,0,0,0,0,34.7,30.3,48.7,45.0,24.6,25.3,32.1,36.3,34.7,30.3,48.7,45.0,24.6,25.3,32.1,36.3,0.0,0.0,0.0,0.0,0.0,0.0,0.0,0.0,"(CONTRACTS OF 1,000 BARRELS)",N10,CRUDE OIL,PETROLEUM AND PRODUCTS,NATURAL RESOURCES,FutOnly
190521067411F,"CRUDE OIL, LIGHT SWEET-WTI - ICE FUTURES EUROPE",2019-05-21T00:00:00.000,2019 Report Week 20,"CRUDE OIL, LIGHT SWEET-WTI",67411,ICEU,NYC,67,CRUDE OIL,608737,240798,195772,28668,174437,23041,44240,29523,47280,144225,55022,69663,597915,594738,10822,13999,608737,240798,195772,28668,174437,23041,44240,29523,47280,144225,55022,69663,597915,594738,10822,13999,0,0,0,0,0,0,0,0,0,0,0,0,0,0,0,0,-28696.0,-10525.0,-10697.0,2763.0,1152.0,-12060.0,-1743.0,-11459.0,3222.0,1698.0,12797.0,-11338.0,-27983.0,-28383.0,-713.0,-313.0,100.0,39.6,32.2,4.7,28.7,3.8,7.3,4.8,7.8,23.7,9.0,11.4,98.2,97.7,1.8,2.3,100.0,39.6,32.2,4.7,28.7,3.8,7.3,4.8,7.8,23.7,9.0,11.4,98.2,97.7,1.8,2.3,100.0,0.0,0.0,0.0,0.0,0.0,0.0,0.0,0.0,0.0,0.0,0.0,0.0,0.0,0.0,0.0,137,44.0,43.0,9.0,11.0,16.0,12.0,9.0,13.0,20,27.0,38,122,121,137,44.0,43.0,9.0,11.0,16.0,12.0,9.0,13.0,20,27.0,38,122,121,0,0,0,0,0,0,0,0,0,0,0,0,0,0,34.5,27.9,48.1,43.6,24.4,25.0,32.2,36.3,34.5,27.9,48.1,43.6,24.4,25.0,32.2,36.3,0.0,0.0,0.0,0.0,0.0,0.0,0.0,0.0,"(CONTRACTS OF 1,000 BARRELS)",N10,CRUDE OIL,PETROLEUM AND PRODUCTS,NATURAL RESOURCES,FutOnly
190514067411F,"CRUDE OIL, LIGHT SWEET-WTI - ICE FUTURES EUROPE",2019-05-14T00:00:00.000,2019 Report Week 19,"CRUDE OIL, LIGHT SWEET-WTI",67411,ICEU,NYC,67,CRUDE OIL,637433,251323,206469,25905,173285,35101,45983,40982,44058,142527,42225,81001,625898,623121,11535,14312,637433,251323,206469,25905,173285,35101,45983,40982,44058,142527,42225,81001,625898,623121,11535,14312,0,0,0,0,0,0,0,0,0,0,0,0,0,0,0,0,2755.0,2274.0,-13698.0,-4735.0,9044.0,-2764.0,4318.0,4381.0,-103.0,1456.0,1634.0,3025.0,3471.0,1519.0,-716.0,1236.0,100.0,39.4,32.4,4.1,27.2,5.5,7.2,6.4,6.9,22.4,6.6,12.7,98.2,97.8,1.8,2.2,100.0,39.4,32.4,4.1,27.2,5.5,7.2,6.4,6.9,22.4,6.6,12.7,98.2,97.8,1.8,2.2,100.0,0.0,0.0,0.0,0.0,0.0,0.0,0.0,0.0,0.0,0.0,0.0,0.0,0.0,0.0,0.0,135,45.0,45.0,7.0,13.0,17.0,13.0,8.0,13.0,24,20.0,37,124,119,135,45.0,45.0,7.0,13.0,17.0,13.0,8.0,13.0,24,20.0,37,124,119,0,0,0,0,0,0,0,0,0,0,0,0,0,0,32.9,27.1,45.4,44.0,22.8,23.1,30.4,34.5,32.9,27.1,45.4,44.0,22.8,23.1,30.4,34.5,0.0,0.0,0.0,0.0,0.0,0.0,0.0,0.0,"(CONTRACTS OF 1,000 BARRELS)",N10,CRUDE OIL,PETROLEUM AND PRODUCTS,NATURAL RESOURCES,FutOnly
190507067411F,"CRUDE OIL, LIGHT SWEET-WTI - ICE FUTURES EUROPE",2019-05-07T00:00:00.000,2019 Report Week 18,"CRUDE OIL, LIGHT SWEET-WTI",67411,ICEU,NYC,67,CRUDE OIL,634678,249049,220167,30640,164241,37865,41665,36601,44161,141071,40591,77976,622427,621602,12251,13076,634678,249049,220167,30640,164241,37865,41665,36601,44161,141071,40591,77976,622427,621602,12251,13076,0,0,0,0,0,0,0,0,0,0,0,0,0,0,0,0,12278.0,1509.0,587.0,3361.0,-639.0,1193.0,1698.0,5242.0,377.0,3865.0,2807.0,1147.0,13150.0,10714.0,-872.0,1564.0,100.0,39.2,34.7,4.8,25.9,6.0,6.6,5.8,7.0,22.2,6.4,12.3,98.1,97.9,1.9,2.1,100.0,39.2,34.7,4.8,25.9,6.0,6.6,5.8,7.0,22.2,6.4,12.3,98.1,97.9,1.9,2.1,100.0,0.0,0.0,0.0,0.0,0.0,0.0,0.0,0.0,0.0,0.0,0.0,0.0,0.0,0.0,0.0,135,45.0,46.0,7.0,13.0,16.0,13.0,8.0,15.0,19,24.0,35,123,119,135,45.0,46.0,7.0,13.0,16.0,13.0,8.0,15.0,19,24.0,35,123,119,0,0,0,0,0,0,0,0,0,0,0,0,0,0,32.6,27.4,45.8,43.0,24.1,23.8,32.1,33.2,32.6,27.4,45.8,43.0,24.1,23.8,32.1,33.2,0.0,0.0,0.0,0.0,0.0,0.0,0.0,0.0,"(CONTRACTS OF 1,000 BARRELS)",N10,CRUDE OIL,PETROLEUM AND PRODUCTS,NATURAL RESOURCES,FutOnly
190430067411F,"CRUDE OIL, LIGHT SWEET-WTI - ICE FUTURES EUROPE",2019-04-30T00:00:00.000,2019 Report Week 17,"CRUDE OIL, LIGHT SWEET-WTI",67411,ICEU,NYC,67,CRUDE OIL,622400,247540,219580,27279,164880,36672,39967,31359,43784,137206,37784,76829,609277,610888,13123,11512,622400,247540,219580,27279,164880,36672,39967,31359,43784,137206,37784,76829,609277,610888,13123,11512,0,0,0,0,0,0,0,0,0,0,0,0,0,0,0,0,6737.0,-2381.0,-2287.0,2197.0,-3346.0,1979.0,6655.0,12648.0,-5628.0,4345.0,2817.0,814.0,7981.0,6997.0,-1244.0,-260.0,100.0,39.8,35.3,4.4,26.5,5.9,6.4,5.0,7.0,22.0,6.1,12.3,97.9,98.2,2.1,1.8,100.0,39.8,35.3,4.4,26.5,5.9,6.4,5.0,7.0,22.0,6.1,12.3,97.9,98.2,2.1,1.8,100.0,0.0,0.0,0.0,0.0,0.0,0.0,0.0,0.0,0.0,0.0,0.0,0.0,0.0,0.0,0.0,138,48.0,45.0,7.0,13.0,16.0,13.0,10.0,15.0,17,24.0,36,128,119,138,48.0,45.0,7.0,13.0,16.0,13.0,10.0,15.0,17,24.0,36,128,119,0,0,0,0,0,0,0,0,0,0,0,0,0,0,33.1,28.3,46.6,43.8,24.7,24.1,32.9,33.5,33.1,28.3,46.6,43.8,24.7,24.1,32.9,33.5,0.0,0.0,0.0,0.0,0.0,0.0,0.0,0.0,"(CONTRACTS OF 1,000 BARRELS)",N10,CRUDE OIL,PETROLEUM AND PRODUCTS,NATURAL RESOURCES,FutOnly
190423067411F,"CRUDE OIL, LIGHT SWEET-WTI - ICE FUTURES EUROPE",2019-04-23T00:00:00.000,2019 Report Week 16,"CRUDE OIL, LIGHT SWEET-WTI",67411,ICEU,NYC,67,CRUDE OIL,615663,249921,221867,25082,168226,34693,33312,18711,49412,132861,34967,76015,601296,603891,14367,11772,615663,249921,221867,25082,168226,34693,33312,18711,49412,132861,34967,76015,601296,603891,14367,11772,0,0,0,0,0,0,0,0,0,0,0,0,0,0,0,0,-3050.0,2387.0,7807.0,585.0,1721.0,-3957.0,2512.0,-10618.0,-705.0,937.0,5455.0,-3632.0,-1873.0,-3929.0,-1177.0,879.0,100.0,40.6,36.0,4.1,27.3,5.6,5.4,3.0,8.0,21.6,5.7,12.3,97.7,98.1,2.3,1.9,100.0,40.6,36.0,4.1,27.3,5.6,5.4,3.0,8.0,21.6,5.7,12.3,97.7,98.1,2.3,1.9,100.0,0.0,0.0,0.0,0.0,0.0,0.0,0.0,0.0,0.0,0.0,0.0,0.0,0.0,0.0,0.0,135,49.0,46.0,7.0,11.0,15.0,13.0,9.0,15.0,17,23.0,38,126,120,135,49.0,46.0,7.0,11.0,15.0,13.0,9.0,15.0,17,23.0,38,126,120,0,0,0,0,0,0,0,0,0,0,0,0,0,0,32.9,28.7,47.2,44.1,24.7,24.3,32.8,33.1,32.9,28.7,47.2,44.1,24.7,24.3,32.8,33.1,0.0,0.0,0.0,0.0,0.0,0.0,0.0,0.0,"(CONTRACTS OF 1,000 BARRELS)",N10,CRUDE OIL,PETROLEUM AND PRODUCTS,NATURAL RESOURCES,FutOnly
190416067411F,"CRUDE OIL, LIGHT SWEET-WTI - ICE FUTURES EUROPE",2019-04-16T00:00:00.000,2019 Report Week 15,"CRUDE OIL, LIGHT SWEET-WTI",67411,ICEU,NYC,67,CRUDE OIL,618713,247534,214060,24497,166505,38650,30800,29329,50117,131924,29512,79647,603169,607820,15544,10893,618713,247534,214060,24497,166505,38650,30800,29329,50117,131924,29512,79647,603169,607820,15544,10893,0,0,0,0,0,0,0,0,0,0,0,0,0,0,0,0,9863.0,-10470.0,-4048.0,80.0,-1490.0,3063.0,812.0,7541.0,2552.0,2904.0,-5937.0,9431.0,8372.0,11112.0,1491.0,-1249.0,100.0,40.0,34.6,4.0,26.9,6.2,5.0,4.7,8.1,21.3,4.8,12.9,97.5,98.2,2.5,1.8,100.0,40.0,34.6,4.0,26.9,6.2,5.0,4.7,8.1,21.3,4.8,12.9,97.5,98.2,2.5,1.8,100.0,0.0,0.0,0.0,0.0,0.0,0.0,0.0,0.0,0.0,0.0,0.0,0.0,0.0,0.0,0.0,138,50.0,47.0,6.0,14.0,19.0,13.0,10.0,16.0,15,25.0,39,130,127,138,50.0,47.0,6.0,14.0,19.0,13.0,10.0,16.0,15,25.0,39,130,127,0,0,0,0,0,0,0,0,0,0,0,0,0,0,32.6,28.1,45.1,43.0,24.6,24.1,32.6,33.3,32.6,28.1,45.1,43.0,24.6,24.1,32.6,33.3,0.0,0.0,0.0,0.0,0.0,0.0,0.0,0.0,"(CONTRACTS OF 1,000 BARRELS)",N10,CRUDE OIL,PETROLEUM AND PRODUCTS,NATURAL RESOURCES,FutOnly
190409067411F,"CRUDE OIL, LIGHT SWEET-WTI - ICE FUTURES EUROPE",2019-04-09T00:00:00.000,2019 Report Week 14,"CRUDE OIL, LIGHT SWEET-WTI",67411,ICEU,NYC,67,CRUDE OIL,608850,258004,218108,24417,167995,35587,29988,21788,47565,129020,35449,70216,594797,596708,14053,12142,608850,258004,218108,24417,167995,35587,29988,21788,47565,129020,35449,70216,594797,596708,14053,12142,0,0,0,0,0,0,0,0,0,0,0,0,0,0,0,0,15859.0,11194.0,7198.0,-690.0,12738.0,-4156.0,-2027.0,-2190.0,245.0,11563.0,2185.0,929.0,17058.0,16949.0,-1199.0,-1090.0,100.0,42.4,35.8,4.0,27.6,5.8,4.9,3.6,7.8,21.2,5.8,11.5,97.7,98.0,2.3,2.0,100.0,42.4,35.8,4.0,27.6,5.8,4.9,3.6,7.8,21.2,5.8,11.5,97.7,98.0,2.3,2.0,100.0,0.0,0.0,0.0,0.0,0.0,0.0,0.0,0.0,0.0,0.0,0.0,0.0,0.0,0.0,0.0,136,48.0,45.0,6.0,14.0,18.0,15.0,7.0,14.0,18,23.0,41,129,123,136,48.0,45.0,6.0,14.0,18.0,15.0,7.0,14.0,18,23.0,41,129,123,0,0,0,0,0,0,0,0,0,0,0,0,0,0,31.3,29.4,45.7,44.8,24.0,24.4,31.6,33.1,31.3,29.4,45.7,44.8,24.0,24.4,31.6,33.1,0.0,0.0,0.0,0.0,0.0,0.0,0.0,0.0,"(CONTRACTS OF 1,000 BARRELS)",N10,CRUDE OIL,PETROLEUM AND PRODUCTS,NATURAL RESOURCES,FutOnly
190402067411F,"CRUDE OIL, LIGHT SWEET-WTI - ICE FUTURES EUROPE",2019-04-02T00:00:00.000,2019 Report Week 13,"CRUDE OIL, LIGHT SWEET-WTI",67411,ICEU,NYC,67,CRUDE OIL,592991,246810,210910,25107,155257,39743,32015,23978,47320,117457,33264,69287,577739,579759,15252,13232,592991,246810,210910,25107,155257,39743,32015,23978,47320,117457,33264,69287,577739,579759,15252,13232,0,0,0,0,0,0,0,0,0,0,0,0,0,0,0,0,14049.0,19417.0,-4463.0,-324.0,7092.0,2872.0,-634.0,-2099.0,2649.0,-5762.0,10037.0,-4749.0,13469.0,11339.0,580.0,2710.0,100.0,41.6,35.6,4.2,26.2,6.7,5.4,4.0,8.0,19.8,5.6,11.7,97.4,97.8,2.6,2.2,100.0,41.6,35.6,4.2,26.2,6.7,5.4,4.0,8.0,19.8,5.6,11.7,97.4,97.8,2.6,2.2,100.0,0.0,0.0,0.0,0.0,0.0,0.0,0.0,0.0,0.0,0.0,0.0,0.0,0.0,0.0,0.0,135,46.0,45.0,6.0,14.0,18.0,15.0,8.0,14.0,20,21.0,39,125,123,135,46.0,45.0,6.0,14.0,18.0,15.0,8.0,14.0,20,21.0,39,125,123,0,0,0,0,0,0,0,0,0,0,0,0,0,0,31.0,29.7,44.4,45.6,23.4,23.5,29.9,31.9,31.0,29.7,44.4,45.6,23.4,23.5,29.9,31.9,0.0,0.0,0.0,0.0,0.0,0.0,0.0,0.0,"(CONTRACTS OF 1,000 BARRELS)",N10,CRUDE OIL,PETROLEUM AND PRODUCTS,NATURAL RESOURCES,FutOnly
190326067411F,"CRUDE OIL, LIGHT SWEET-WTI - ICE FUTURES EUROPE",2019-03-26T00:00:00.000,2019 Report Week 12,"CRUDE OIL, LIGHT SWEET-WTI",67411,ICEU,NYC,67,CRUDE OIL,578942,227393,215373,25431,148165,36871,32649,26077,44671,123219,23227,74036,564270,568420,14672,10522,578942,227393,215373,25431,148165,36871,32649,26077,44671,123219,23227,74036,564270,568420,14672,10522,0,0,0,0,0,0,0,0,0,0,0,0,0,0,0,0,-23423.0,-6698.0,-18859.0,-458.0,2149.0,-2439.0,5551.0,1682.0,-6517.0,-5411.0,7032.0,-4638.0,-20610.0,-21590.0,-2813.0,-1833.0,100.0,39.3,37.2,4.4,25.6,6.4,5.6,4.5,7.7,21.3,4.0,12.8,97.5,98.2,2.5,1.8,100.0,39.3,37.2,4.4,25.6,6.4,5.6,4.5,7.7,21.3,4.0,12.8,97.5,98.2,2.5,1.8,100.0,0.0,0.0,0.0,0.0,0.0,0.0,0.0,0.0,0.0,0.0,0.0,0.0,0.0,0.0,0.0,134,45.0,46.0,8.0,12.0,18.0,15.0,7.0,15.0,23,19.0,38,126,121,134,45.0,46.0,8.0,12.0,18.0,15.0,7.0,15.0,23,19.0,38,126,121,0,0,0,0,0,0,0,0,0,0,0,0,0,0,31.8,29.3,45.8,46.3,24.5,23.1,31.1,32.5,31.8,29.3,45.8,46.3,24.5,23.1,31.1,32.5,0.0,0.0,0.0,0.0,0.0,0.0,0.0,0.0,"(CONTRACTS OF 1,000 BARRELS)",N10,CRUDE OIL,PETROLEUM AND PRODUCTS,NATURAL RESOURCES,FutOnly
190319067411F,"CRUDE OIL, LIGHT SWEET-WTI - ICE FUTURES EUROPE",2019-03-19T00:00:00.000,2019 Report Week 11,"CRUDE OIL, LIGHT SWEET-WTI",67411,ICEU,NYC,67,CRUDE OIL,602365,234091,234232,25889,146016,39310,27098,24395,51188,128630,16195,78674,584880,590010,17485,12355,602365,234091,234232,25889,146016,39310,27098,24395,51188,128630,16195,78674,584880,590010,17485,12355,0,0,0,0,0,0,0,0,0,0,0,0,0,0,0,0,5804.0,-2972.0,7079.0,2563.0,-8334.0,928.0,-3139.0,925.0,6220.0,2805.0,-1930.0,-53.0,6352.0,4835.0,-548.0,969.0,100.0,38.9,38.9,4.3,24.2,6.5,4.5,4.0,8.5,21.4,2.7,13.1,97.1,97.9,2.9,2.1,100.0,38.9,38.9,4.3,24.2,6.5,4.5,4.0,8.5,21.4,2.7,13.1,97.1,97.9,2.9,2.1,100.0,0.0,0.0,0.0,0.0,0.0,0.0,0.0,0.0,0.0,0.0,0.0,0.0,0.0,0.0,0.0,136,49.0,49.0,9.0,12.0,20.0,15.0,7.0,15.0,23,15.0,36,129,123,136,49.0,49.0,9.0,12.0,20.0,15.0,7.0,15.0,23,15.0,36,129,123,0,0,0,0,0,0,0,0,0,0,0,0,0,0,30.5,28.2,43.8,44.7,24.6,21.8,31.4,31.0,30.5,28.2,43.8,44.7,24.6,21.8,31.4,31.0,0.0,0.0,0.0,0.0,0.0,0.0,0.0,0.0,"(CONTRACTS OF 1,000 BARRELS)",N10,CRUDE OIL,PETROLEUM AND PRODUCTS,NATURAL RESOURCES,FutOnly
190312067411F,"CRUDE OIL, LIGHT SWEET-WTI - ICE FUTURES EUROPE",2019-03-12T00:00:00.000,2019 Report Week 10,"CRUDE OIL, LIGHT SWEET-WTI",67411,ICEU,NYC,67,CRUDE OIL,596561,237063,227153,23326,154350,38382,30237,23470,44968,125825,18125,78727,578528,585175,18033,11386,596561,237063,227153,23326,154350,38382,30237,23470,44968,125825,18125,78727,578528,585175,18033,11386,0,0,0,0,0,0,0,0,0,0,0,0,0,0,0,0,-11585.0,-15005.0,-12110.0,951.0,-251.0,-185.0,1387.0,-1033.0,660.0,661.0,2307.0,-435.0,-11966.0,-11047.0,381.0,-538.0,100.0,39.7,38.1,3.9,25.9,6.4,5.1,3.9,7.5,21.1,3.0,13.2,97.0,98.1,3.0,1.9,100.0,39.7,38.1,3.9,25.9,6.4,5.1,3.9,7.5,21.1,3.0,13.2,97.0,98.1,3.0,1.9,100.0,0.0,0.0,0.0,0.0,0.0,0.0,0.0,0.0,0.0,0.0,0.0,0.0,0.0,0.0,0.0,142,50.0,48.0,8.0,12.0,19.0,15.0,7.0,16.0,31,13.0,37,131,126,142,50.0,48.0,8.0,12.0,19.0,15.0,7.0,16.0,31,13.0,37,131,126,0,0,0,0,0,0,0,0,0,0,0,0,0,0,29.5,28.9,43.4,45.4,23.2,23.4,30.5,32.9,29.5,28.9,43.4,45.4,23.2,23.4,30.5,32.9,0.0,0.0,0.0,0.0,0.0,0.0,0.0,0.0,"(CONTRACTS OF 1,000 BARRELS)",N10,CRUDE OIL,PETROLEUM AND PRODUCTS,NATURAL RESOURCES,FutOnly
190305067411F,"CRUDE OIL, LIGHT SWEET-WTI - ICE FUTURES EUROPE",2019-03-05T00:00:00.000,2019 Report Week 09,"CRUDE OIL, LIGHT SWEET-WTI",67411,ICEU,NYC,67,CRUDE OIL,608146,252068,239263,22375,154601,38567,28850,24503,44308,125164,15818,79162,590494,596222,17652,11924,608146,252068,239263,22375,154601,38567,28850,24503,44308,125164,15818,79162,590494,596222,17652,11924,0,0,0,0,0,0,0,0,0,0,0,0,0,0,0,0,8104.0,3315.0,10687.0,-58.0,1336.0,358.0,1190.0,-19.0,-1182.0,6248.0,-372.0,-1833.0,8038.0,8975.0,66.0,-871.0,100.0,41.4,39.3,3.7,25.4,6.3,4.7,4.0,7.3,20.6,2.6,13.0,97.1,98.0,2.9,2.0,100.0,41.4,39.3,3.7,25.4,6.3,4.7,4.0,7.3,20.6,2.6,13.0,97.1,98.0,2.9,2.0,100.0,0.0,0.0,0.0,0.0,0.0,0.0,0.0,0.0,0.0,0.0,0.0,0.0,0.0,0.0,0.0,140,50.0,49.0,8.0,12.0,19.0,12.0,10.0,16.0,30,12.0,37,130,126,140,50.0,49.0,8.0,12.0,19.0,12.0,10.0,16.0,30,12.0,37,130,126,0,0,0,0,0,0,0,0,0,0,0,0,0,0,29.5,28.5,44.3,44.6,23.5,23.3,30.1,31.5,29.5,28.5,44.3,44.6,23.5,23.3,30.1,31.5,0.0,0.0,0.0,0.0,0.0,0.0,0.0,0.0,"(CONTRACTS OF 1,000 BARRELS)",N10,CRUDE OIL,PETROLEUM AND PRODUCTS,NATURAL RESOURCES,FutOnly
190226067411F,"CRUDE OIL, LIGHT SWEET-WTI - ICE FUTURES EUROPE",2019-02-26T00:00:00.000,2019 Report Week 08,"CRUDE OIL, LIGHT SWEET-WTI",67411,ICEU,NYC,67,CRUDE OIL,600042,248753,228576,22433,153265,38209,27660,24522,45490,118916,16190,80995,582456,587247,17586,12795,600042,248753,228576,22433,153265,38209,27660,24522,45490,118916,16190,80995,582456,587247,17586,12795,0,0,0,0,0,0,0,0,0,0,0,0,0,0,0,0,-11948.0,-2482.0,-2509.0,-1071.0,3014.0,-5003.0,-1365.0,-5389.0,1871.0,-3800.0,-1687.0,-1372.0,-13222.0,-11075.0,1274.0,-873.0,100.0,41.5,38.1,3.7,25.5,6.4,4.6,4.1,7.6,19.8,2.7,13.5,97.1,97.9,2.9,2.1,100.0,41.5,38.1,3.7,25.5,6.4,4.6,4.1,7.6,19.8,2.7,13.5,97.1,97.9,2.9,2.1,100.0,0.0,0.0,0.0,0.0,0.0,0.0,0.0,0.0,0.0,0.0,0.0,0.0,0.0,0.0,0.0,139,50.0,48.0,8.0,12.0,18.0,13.0,9.0,15.0,25,16.0,34,126,123,139,50.0,48.0,8.0,12.0,18.0,13.0,9.0,15.0,25,16.0,34,126,123,0,0,0,0,0,0,0,0,0,0,0,0,0,0,30.9,29.6,45.9,45.8,23.6,23.1,30.2,31.3,30.9,29.6,45.9,45.8,23.6,23.1,30.2,31.3,0.0,0.0,0.0,0.0,0.0,0.0,0.0,0.0,"(CONTRACTS OF 1,000 BARRELS)",N10,CRUDE OIL,PETROLEUM AND PRODUCTS,NATURAL RESOURCES,FutOnly
190219067411F,"CRUDE OIL, LIGHT SWEET-WTI - ICE FUTURES EUROPE",2019-02-19T00:00:00.000,2019 Report Week 07,"CRUDE OIL, LIGHT SWEET-WTI",67411,ICEU,NYC,67,CRUDE OIL,611990,251235,231085,23504,150251,43212,29025,29911,43619,122716,17877,82367,595678,598322,16312,13668,611990,251235,231085,23504,150251,43212,29025,29911,43619,122716,17877,82367,595678,598322,16312,13668,0,0,0,0,0,0,0,0,0,0,0,0,0,0,0,0,-10156.0,5038.0,-1086.0,-59.0,6765.0,-5841.0,2945.0,-1924.0,231.0,-10136.0,-6897.0,-4192.0,-12014.0,-12944.0,1858.0,2788.0,100.0,41.1,37.8,3.8,24.6,7.1,4.7,4.9,7.1,20.1,2.9,13.5,97.3,97.8,2.7,2.2,100.0,41.1,37.8,3.8,24.6,7.1,4.7,4.9,7.1,20.1,2.9,13.5,97.3,97.8,2.7,2.2,100.0,0.0,0.0,0.0,0.0,0.0,0.0,0.0,0.0,0.0,0.0,0.0,0.0,0.0,0.0,0.0,141,48.0,48.0,10.0,11.0,20.0,14.0,10.0,15.0,25,17.0,35,128,126,141,48.0,48.0,10.0,11.0,20.0,14.0,10.0,15.0,25,17.0,35,128,126,0,0,0,0,0,0,0,0,0,0,0,0,0,0,30.1,28.9,43.5,45.0,23.0,22.9,29.0,30.7,30.1,28.9,43.5,45.0,23.0,22.9,29.0,30.7,0.0,0.0,0.0,0.0,0.0,0.0,0.0,0.0,"(CONTRACTS OF 1,000 BARRELS)",N10,CRUDE OIL,PETROLEUM AND PRODUCTS,NATURAL RESOURCES,FutOnly
190212067411F,"CRUDE OIL, LIGHT SWEET-WTI - ICE FUTURES EUROPE",2019-02-12T00:00:00.000,2019 Report Week 06,"CRUDE OIL, LIGHT SWEET-WTI",67411,ICEU,NYC,67,CRUDE OIL,622146,246197,232171,23563,143486,49053,26080,31835,43388,132852,24774,86559,607692,611266,14454,10880,622146,246197,232171,23563,143486,49053,26080,31835,43388,132852,24774,86559,607692,611266,14454,10880,0,0,0,0,0,0,0,0,0,0,0,0,0,0,0,0,29739.0,12770.0,25094.0,3469.0,1716.0,876.0,1549.0,5847.0,-4285.0,13830.0,-67.0,757.0,28966.0,29938.0,773.0,-199.0,100.0,39.6,37.3,3.8,23.1,7.9,4.2,5.1,7.0,21.4,4.0,13.9,97.7,98.3,2.3,1.7,100.0,39.6,37.3,3.8,23.1,7.9,4.2,5.1,7.0,21.4,4.0,13.9,97.7,98.3,2.3,1.7,100.0,0.0,0.0,0.0,0.0,0.0,0.0,0.0,0.0,0.0,0.0,0.0,0.0,0.0,0.0,0.0,145,51.0,49.0,7.0,13.0,20.0,17.0,8.0,15.0,23,21.0,39,133,131,145,51.0,49.0,7.0,13.0,20.0,17.0,8.0,15.0,23,21.0,39,133,131,0,0,0,0,0,0,0,0,0,0,0,0,0,0,31.2,27.9,44.6,42.9,24.0,23.7,30.2,31.2,31.2,27.9,44.6,42.9,24.0,23.7,30.2,31.2,0.0,0.0,0.0,0.0,0.0,0.0,0.0,0.0,"(CONTRACTS OF 1,000 BARRELS)",N10,CRUDE OIL,PETROLEUM AND PRODUCTS,NATURAL RESOURCES,FutOnly
190205067411F,"CRUDE OIL, LIGHT SWEET-WTI - ICE FUTURES EUROPE",2019-02-05T00:00:00.000,2019 Report Week 05,"CRUDE OIL, LIGHT SWEET-WTI",67411,ICEU,NYC,67,CRUDE OIL,592407,233427,207077,20094,141770,48177,24531,25988,47673,119022,24841,85802,578726,581328,13681,11079,592407,233427,207077,20094,141770,48177,24531,25988,47673,119022,24841,85802,578726,581328,13681,11079,0,0,0,0,0,0,0,0,0,0,0,0,0,0,0,0,7060.0,-7882.0,3035.0,-569.0,-6296.0,3623.0,3468.0,827.0,1649.0,4595.0,211.0,2220.0,7104.0,5269.0,-44.0,1791.0,100.0,39.4,35.0,3.4,23.9,8.1,4.1,4.4,8.0,20.1,4.2,14.5,97.7,98.1,2.3,1.9,100.0,39.4,35.0,3.4,23.9,8.1,4.1,4.4,8.0,20.1,4.2,14.5,97.7,98.1,2.3,1.9,100.0,0.0,0.0,0.0,0.0,0.0,0.0,0.0,0.0,0.0,0.0,0.0,0.0,0.0,0.0,0.0,138,47.0,46.0,5.0,13.0,18.0,16.0,7.0,15.0,21,20.0,40,128,123,138,47.0,46.0,5.0,13.0,18.0,16.0,7.0,15.0,21,20.0,40,128,123,0,0,0,0,0,0,0,0,0,0,0,0,0,0,32.2,29.8,46.2,43.9,26.6,25.6,33.1,32.8,32.2,29.8,46.2,43.9,26.6,25.6,33.1,32.8,0.0,0.0,0.0,0.0,0.0,0.0,0.0,0.0,"(CONTRACTS OF 1,000 BARRELS)",N10,CRUDE OIL,PETROLEUM AND PRODUCTS,NATURAL RESOURCES,FutOnly
190129067411F,"CRUDE OIL, LIGHT SWEET-WTI - ICE FUTURES EUROPE",2019-01-29T00:00:00.000,2019 Report Week 04,"CRUDE OIL, LIGHT SWEET-WTI",67411,ICEU,NYC,67,CRUDE OIL,585347,241309,204042,20663,148066,44554,21063,25161,46024,114427,24630,83582,571622,576059,13725,9288,585347,241309,204042,20663,148066,44554,21063,25161,46024,114427,24630,83582,571622,576059,13725,9288,0,0,0,0,0,0,0,0,0,0,0,0,0,0,0,0,12386.0,4906.0,15778.0,111.0,1752.0,812.0,-5380.0,-2642.0,3598.0,11451.0,-2265.0,-3232.0,12266.0,13801.0,120.0,-1415.0,100.0,41.2,34.9,3.5,25.3,7.6,3.6,4.3,7.9,19.5,4.2,14.3,97.7,98.4,2.3,1.6,100.0,41.2,34.9,3.5,25.3,7.6,3.6,4.3,7.9,19.5,4.2,14.3,97.7,98.4,2.3,1.6,100.0,0.0,0.0,0.0,0.0,0.0,0.0,0.0,0.0,0.0,0.0,0.0,0.0,0.0,0.0,0.0,136,46.0,45.0,5.0,13.0,17.0,15.0,7.0,14.0,23,19.0,40,126,121,136,46.0,45.0,5.0,13.0,17.0,15.0,7.0,14.0,23,19.0,40,126,121,0,0,0,0,0,0,0,0,0,0,0,0,0,0,32.7,31.2,46.8,44.5,29.3,27.6,36.5,34.8,32.7,31.2,46.8,44.5,29.3,27.6,36.5,34.8,0.0,0.0,0.0,0.0,0.0,0.0,0.0,0.0,"(CONTRACTS OF 1,000 BARRELS)",N10,CRUDE OIL,PETROLEUM AND PRODUCTS,NATURAL RESOURCES,FutOnly
190122067411F,"CRUDE OIL, LIGHT SWEET-WTI - ICE FUTURES EUROPE",2019-01-22T00:00:00.000,2019 Report Week 03,"CRUDE OIL, LIGHT SWEET-WTI",67411,ICEU,NYC,67,CRUDE OIL,572961,236403,188264,20552,146314,43742,26443,27803,42426,102976,26895,86814,559356,562258,13605,10703,572961,236403,188264,20552,146314,43742,26443,27803,42426,102976,26895,86814,559356,562258,13605,10703,0,0,0,0,0,0,0,0,0,0,0,0,0,0,0,0,-4519.0,3023.0,-704.0,-443.0,5083.0,-6031.0,-2816.0,151.0,-3650.0,-536.0,-4130.0,5646.0,-4807.0,-3635.0,288.0,-884.0,100.0,41.3,32.9,3.6,25.5,7.6,4.6,4.9,7.4,18.0,4.7,15.2,97.6,98.1,2.4,1.9,100.0,41.3,32.9,3.6,25.5,7.6,4.6,4.9,7.4,18.0,4.7,15.2,97.6,98.1,2.4,1.9,100.0,0.0,0.0,0.0,0.0,0.0,0.0,0.0,0.0,0.0,0.0,0.0,0.0,0.0,0.0,0.0,135,44.0,45.0,5.0,13.0,17.0,14.0,8.0,13.0,22,21.0,38,122,120,135,44.0,45.0,5.0,13.0,17.0,14.0,8.0,13.0,22,21.0,38,122,120,0,0,0,0,0,0,0,0,0,0,0,0,0,0,32.7,31.1,47.0,44.9,28.7,27.6,36.0,35.4,32.7,31.1,47.0,44.9,28.7,27.6,36.0,35.4,0.0,0.0,0.0,0.0,0.0,0.0,0.0,0.0,"(CONTRACTS OF 1,000 BARRELS)",N10,CRUDE OIL,PETROLEUM AND PRODUCTS,NATURAL RESOURCES,FutOnly
190115067411F,"CRUDE OIL, LIGHT SWEET-WTI - ICE FUTURES EUROPE",2019-01-15T00:00:00.000,2019 Report Week 02,"CRUDE OIL, LIGHT SWEET-WTI",67411,ICEU,NYC,67,CRUDE OIL,577480,233380,188968,20995,141231,49773,29259,27652,46076,103512,31025,81168,564163,565893,13317,11587,577480,233380,188968,20995,141231,49773,29259,27652,46076,103512,31025,81168,564163,565893,13317,11587,0,0,0,0,0,0,0,0,0,0,0,0,0,0,0,0,9751.0,10809.0,5464.0,-3647.0,2428.0,3030.0,-1643.0,-1197.0,4018.0,4623.0,2701.0,-5837.0,11353.0,10607.0,-1602.0,-856.0,100.0,40.4,32.7,3.6,24.5,8.6,5.1,4.8,8.0,17.9,5.4,14.1,97.7,98.0,2.3,2.0,100.0,40.4,32.7,3.6,24.5,8.6,5.1,4.8,8.0,17.9,5.4,14.1,97.7,98.0,2.3,2.0,100.0,0.0,0.0,0.0,0.0,0.0,0.0,0.0,0.0,0.0,0.0,0.0,0.0,0.0,0.0,0.0,137,41.0,45.0,8.0,13.0,19.0,16.0,7.0,13.0,18,25.0,38,124,121,137,41.0,45.0,8.0,13.0,19.0,16.0,7.0,13.0,18,25.0,38,124,121,0,0,0,0,0,0,0,0,0,0,0,0,0,0,32.2,30.7,46.4,43.7,29.1,27.6,35.5,35.5,32.2,30.7,46.4,43.7,29.1,27.6,35.5,35.5,0.0,0.0,0.0,0.0,0.0,0.0,0.0,0.0,"(CONTRACTS OF 1,000 BARRELS)",N10,CRUDE OIL,PETROLEUM AND PRODUCTS,NATURAL RESOURCES,FutOnly
190108067411F,"CRUDE OIL, LIGHT SWEET-WTI - ICE FUTURES EUROPE",2019-01-08T00:00:00.000,2019 Report Week 01,"CRUDE OIL, LIGHT SWEET-WTI",67411,ICEU,NYC,67,CRUDE OIL,567729,222571,183504,24642,138803,46743,30902,28849,42058,98889,28324,87005,552810,555286,14919,12443,567729,222571,183504,24642,138803,46743,30902,28849,42058,98889,28324,87005,552810,555286,14919,12443,0,0,0,0,0,0,0,0,0,0,0,0,0,0,0,0,14767.0,3128.0,-3138.0,3101.0,2380.0,161.0,-1163.0,2023.0,-974.0,-3761.0,551.0,12151.0,12643.0,13154.0,2124.0,1613.0,100.0,39.2,32.3,4.3,24.4,8.2,5.4,5.1,7.4,17.4,5.0,15.3,97.4,97.8,2.6,2.2,100.0,39.2,32.3,4.3,24.4,8.2,5.4,5.1,7.4,17.4,5.0,15.3,97.4,97.8,2.6,2.2,100.0,0.0,0.0,0.0,0.0,0.0,0.0,0.0,0.0,0.0,0.0,0.0,0.0,0.0,0.0,0.0,130,41.0,43.0,10.0,11.0,18.0,16.0,6.0,14.0,19,21.0,35,118,117,130,41.0,43.0,10.0,11.0,18.0,16.0,6.0,14.0,19,21.0,35,118,117,0,0,0,0,0,0,0,0,0,0,0,0,0,0,31.3,31.7,45.6,45.0,27.8,28.8,34.7,36.3,31.3,31.7,45.6,45.0,27.8,28.8,34.7,36.3,0.0,0.0,0.0,0.0,0.0,0.0,0.0,0.0,"(CONTRACTS OF 1,000 BARRELS)",N10,CRUDE OIL,PETROLEUM AND PRODUCTS,NATURAL RESOURCES,FutOnly
181231067411F,"CRUDE OIL, LIGHT SWEET-WTI - ICE FUTURES EUROPE",2018-12-31T00:00:00.000,2018 Report Week 53,"CRUDE OIL, LIGHT SWEET-WTI",67411,ICEU,NYC,67,CRUDE OIL,552962,219443,186642,21541,136423,46582,32065,26826,43032,102650,27773,74854,540167,542132,12795,10830,552962,219443,186642,21541,136423,46582,32065,26826,43032,102650,27773,74854,540167,542132,12795,10830,0,0,0,0,0,0,0,0,0,0,0,0,0,0,0,0,6247.0,6773.0,2452.0,-2338.0,-1601.0,2068.0,-1090.0,4281.0,-1263.0,2275.0,-342.0,432.0,6857.0,6027.0,-610.0,220.0,100.0,39.7,33.8,3.9,24.7,8.4,5.8,4.9,7.8,18.6,5.0,13.5,97.7,98.0,2.3,2.0,100.0,39.7,33.8,3.9,24.7,8.4,5.8,4.9,7.8,18.6,5.0,13.5,97.7,98.0,2.3,2.0,100.0,0.0,0.0,0.0,0.0,0.0,0.0,0.0,0.0,0.0,0.0,0.0,0.0,0.0,0.0,0.0,136,43.0,42.0,10.0,10.0,17.0,16.0,8.0,12.0,23,19.0,36,121,117,136,43.0,42.0,10.0,10.0,17.0,16.0,8.0,12.0,23,19.0,36,121,117,0,0,0,0,0,0,0,0,0,0,0,0,0,0,31.8,32.9,46.7,46.8,29.7,30.3,37.6,38.6,31.8,32.9,46.7,46.8,29.7,30.3,37.6,38.6,0.0,0.0,0.0,0.0,0.0,0.0,0.0,0.0,"(CONTRACTS OF 1,000 BARRELS)",N10,CRUDE OIL,PETROLEUM AND PRODUCTS,NATURAL RESOURCES,FutOnly
181224067411F,"CRUDE OIL, LIGHT SWEET-WTI - ICE FUTURES EUROPE",2018-12-24T00:00:00.000,2018 Report Week 52,"CRUDE OIL, LIGHT SWEET-WTI",67411,ICEU,NYC,67,CRUDE OIL,546715,212670,184190,23879,138024,44514,33155,22545,44295,100375,28115,74422,533310,536105,13405,10610,546715,212670,184190,23879,138024,44514,33155,22545,44295,100375,28115,74422,533310,536105,13405,10610,0,0,0,0,0,0,0,0,0,0,0,0,0,0,0,0,-16769.0,-12285.0,5771.0,20.0,-3954.0,-3219.0,-1276.0,543.0,-1255.0,14321.0,-2867.0,-10412.0,-14106.0,-15393.0,-2663.0,-1376.0,100.0,38.9,33.7,4.4,25.2,8.1,6.1,4.1,8.1,18.4,5.1,13.6,97.5,98.1,2.5,1.9,100.0,38.9,33.7,4.4,25.2,8.1,6.1,4.1,8.1,18.4,5.1,13.6,97.5,98.1,2.5,1.9,100.0,0.0,0.0,0.0,0.0,0.0,0.0,0.0,0.0,0.0,0.0,0.0,0.0,0.0,0.0,0.0,139,44.0,42.0,10.0,11.0,17.0,16.0,10.0,14.0,21,21.0,37,123,122,139,44.0,42.0,10.0,11.0,17.0,16.0,10.0,14.0,21,21.0,37,123,122,0,0,0,0,0,0,0,0,0,0,0,0,0,0,32.0,32.8,47.1,46.3,29.3,30.3,37.4,38.7,32.0,32.8,47.1,46.3,29.3,30.3,37.4,38.7,0.0,0.0,0.0,0.0,0.0,0.0,0.0,0.0,"(CONTRACTS OF 1,000 BARRELS)",N10,CRUDE OIL,PETROLEUM AND PRODUCTS,NATURAL RESOURCES,FutOnly
181218067411F,"CRUDE OIL, LIGHT SWEET-WTI - ICE FUTURES EUROPE",2018-12-18T00:00:00.000,2018 Report Week 51,"CRUDE OIL, LIGHT SWEET-WTI",67411,ICEU,NYC,67,CRUDE OIL,563484,224955,178419,23859,141978,47733,34431,22002,45550,86054,30982,84834,547416,551498,16068,11986,563484,224955,178419,23859,141978,47733,34431,22002,45550,86054,30982,84834,547416,551498,16068,11986,0,0,0,0,0,0,0,0,0,0,0,0,0,0,0,0,-31020.0,-28032.0,-22465.0,-7820.0,-2883.0,4415.0,3368.0,1895.0,80.0,704.0,-5516.0,-6062.0,-33347.0,-30536.0,2327.0,-484.0,100.0,39.9,31.7,4.2,25.2,8.5,6.1,3.9,8.1,15.3,5.5,15.1,97.1,97.9,2.9,2.1,100.0,39.9,31.7,4.2,25.2,8.5,6.1,3.9,8.1,15.3,5.5,15.1,97.1,97.9,2.9,2.1,100.0,0.0,0.0,0.0,0.0,0.0,0.0,0.0,0.0,0.0,0.0,0.0,0.0,0.0,0.0,0.0,141,45.0,45.0,11.0,11.0,19.0,17.0,8.0,13.0,21,22.0,39,126,126,141,45.0,45.0,11.0,11.0,19.0,17.0,8.0,13.0,21,22.0,39,126,126,0,0,0,0,0,0,0,0,0,0,0,0,0,0,30.7,30.9,45.8,43.7,26.8,28.8,34.3,37.3,30.7,30.9,45.8,43.7,26.8,28.8,34.3,37.3,0.0,0.0,0.0,0.0,0.0,0.0,0.0,0.0,"(CONTRACTS OF 1,000 BARRELS)",N10,CRUDE OIL,PETROLEUM AND PRODUCTS,NATURAL RESOURCES,FutOnly
181211067411F,"CRUDE OIL, LIGHT SWEET-WTI - ICE FUTURES EUROPE",2018-12-11T00:00:00.000,2018 Report Week 50,"CRUDE OIL, LIGHT SWEET-WTI",67411,ICEU,NYC,67,CRUDE OIL,594504,252987,200884,31679,144861,43318,31063,20107,45470,85350,36498,90896,580763,582034,13741,12470,594504,252987,200884,31679,144861,43318,31063,20107,45470,85350,36498,90896,580763,582034,13741,12470,0,0,0,0,0,0,0,0,0,0,0,0,0,0,0,0,4340.0,-2785.0,-6308.0,1382.0,1631.0,562.0,-1150.0,3203.0,716.0,4711.0,2383.0,2300.0,5736.0,4487.0,-1396.0,-147.0,100.0,42.6,33.8,5.3,24.4,7.3,5.2,3.4,7.6,14.4,6.1,15.3,97.7,97.9,2.3,2.1,100.0,42.6,33.8,5.3,24.4,7.3,5.2,3.4,7.6,14.4,6.1,15.3,97.7,97.9,2.3,2.1,100.0,0.0,0.0,0.0,0.0,0.0,0.0,0.0,0.0,0.0,0.0,0.0,0.0,0.0,0.0,0.0,138,44.0,43.0,9.0,13.0,19.0,18.0,6.0,13.0,18,23.0,39,127,120,138,44.0,43.0,9.0,13.0,19.0,18.0,6.0,13.0,18,23.0,39,127,120,0,0,0,0,0,0,0,0,0,0,0,0,0,0,30.5,31.9,46.0,43.6,25.1,27.7,33.2,34.7,30.5,31.9,46.0,43.6,25.1,27.7,33.2,34.7,0.0,0.0,0.0,0.0,0.0,0.0,0.0,0.0,"(CONTRACTS OF 1,000 BARRELS)",N10,CRUDE OIL,PETROLEUM AND PRODUCTS,NATURAL RESOURCES,FutOnly
181204067411F,"CRUDE OIL, LIGHT SWEET-WTI - ICE FUTURES EUROPE",2018-12-04T00:00:00.000,2018 Report Week 49,"CRUDE OIL, LIGHT SWEET-WTI",67411,ICEU,NYC,67,CRUDE OIL,590164,255772,207192,30297,143230,42756,32213,16904,44754,80639,34115,88596,575027,577547,15137,12617,590164,255772,207192,30297,143230,42756,32213,16904,44754,80639,34115,88596,575027,577547,15137,12617,0,0,0,0,0,0,0,0,0,0,0,0,0,0,0,0,-49.0,5057.0,-1905.0,247.0,324.0,-63.0,3740.0,1641.0,1092.0,-6278.0,2082.0,-3680.0,115.0,-509.0,-164.0,460.0,100.0,43.3,35.1,5.1,24.3,7.2,5.5,2.9,7.6,13.7,5.8,15.0,97.4,97.9,2.6,2.1,100.0,43.3,35.1,5.1,24.3,7.2,5.5,2.9,7.6,13.7,5.8,15.0,97.4,97.9,2.6,2.1,100.0,0.0,0.0,0.0,0.0,0.0,0.0,0.0,0.0,0.0,0.0,0.0,0.0,0.0,0.0,0.0,136,43.0,44.0,8.0,13.0,18.0,18.0,6.0,14.0,22,19.0,37,124,120,136,43.0,44.0,8.0,13.0,18.0,18.0,6.0,14.0,22,19.0,37,124,120,0,0,0,0,0,0,0,0,0,0,0,0,0,0,31.9,32.9,47.4,44.8,25.5,27.7,33.0,34.8,31.9,32.9,47.4,44.8,25.5,27.7,33.0,34.8,0.0,0.0,0.0,0.0,0.0,0.0,0.0,0.0,"(CONTRACTS OF 1,000 BARRELS)",N10,CRUDE OIL,PETROLEUM AND PRODUCTS,NATURAL RESOURCES,FutOnly
181127067411F,"CRUDE OIL, LIGHT SWEET-WTI - ICE FUTURES EUROPE",2018-11-27T00:00:00.000,2018 Report Week 48,"CRUDE OIL, LIGHT SWEET-WTI",67411,ICEU,NYC,67,CRUDE OIL,590213,250715,209097,30050,142906,42819,28473,15263,43662,86917,32033,92276,574912,578056,15301,12157,590213,250715,209097,30050,142906,42819,28473,15263,43662,86917,32033,92276,574912,578056,15301,12157,0,0,0,0,0,0,0,0,0,0,0,0,0,0,0,0,5765.0,-245.0,9748.0,-1409.0,1468.0,-1049.0,175.0,2787.0,-1474.0,5720.0,-10917.0,5041.0,6759.0,5604.0,-994.0,161.0,100.0,42.5,35.4,5.1,24.2,7.3,4.8,2.6,7.4,14.7,5.4,15.6,97.4,97.9,2.6,2.1,100.0,42.5,35.4,5.1,24.2,7.3,4.8,2.6,7.4,14.7,5.4,15.6,97.4,97.9,2.6,2.1,100.0,0.0,0.0,0.0,0.0,0.0,0.0,0.0,0.0,0.0,0.0,0.0,0.0,0.0,0.0,0.0,136,43.0,43.0,7.0,14.0,18.0,17.0,6.0,15.0,23,20.0,36,126,117,136,43.0,43.0,7.0,14.0,18.0,17.0,6.0,15.0,23,20.0,36,126,117,0,0,0,0,0,0,0,0,0,0,0,0,0,0,32.3,33.8,48.4,45.6,26.3,28.5,33.4,36.3,32.3,33.8,48.4,45.6,26.3,28.5,33.4,36.3,0.0,0.0,0.0,0.0,0.0,0.0,0.0,0.0,"(CONTRACTS OF 1,000 BARRELS)",N10,CRUDE OIL,PETROLEUM AND PRODUCTS,NATURAL RESOURCES,FutOnly
181120067411F,"CRUDE OIL, LIGHT SWEET-WTI - ICE FUTURES EUROPE",2018-11-20T00:00:00.000,2018 Report Week 47,"CRUDE OIL, LIGHT SWEET-WTI",67411,ICEU,NYC,67,CRUDE OIL,584448,250960,199349,31459,141438,43868,28298,12476,45136,81197,42950,87235,568153,572452,16295,11996,584448,250960,199349,31459,141438,43868,28298,12476,45136,81197,42950,87235,568153,572452,16295,11996,0,0,0,0,0,0,0,0,0,0,0,0,0,0,0,0,-32206.0,-4501.0,10844.0,-2225.0,-14004.0,-13495.0,-254.0,-3061.0,-7851.0,2502.0,2734.0,-6750.0,-32574.0,-31583.0,368.0,-623.0,100.0,42.9,34.1,5.4,24.2,7.5,4.8,2.1,7.7,13.9,7.3,14.9,97.2,97.9,2.8,2.1,100.0,42.9,34.1,5.4,24.2,7.5,4.8,2.1,7.7,13.9,7.3,14.9,97.2,97.9,2.8,2.1,100.0,0.0,0.0,0.0,0.0,0.0,0.0,0.0,0.0,0.0,0.0,0.0,0.0,0.0,0.0,0.0,138,42.0,43.0,9.0,12.0,18.0,18.0,6.0,15.0,21,24.0,36,124,121,138,42.0,43.0,9.0,12.0,18.0,18.0,6.0,15.0,21,24.0,36,124,121,0,0,0,0,0,0,0,0,0,0,0,0,0,0,32.3,33.4,47.7,45.7,26.4,28.9,33.5,36.2,32.3,33.4,47.7,45.7,26.4,28.9,33.5,36.2,0.0,0.0,0.0,0.0,0.0,0.0,0.0,0.0,"(CONTRACTS OF 1,000 BARRELS)",N10,CRUDE OIL,PETROLEUM AND PRODUCTS,NATURAL RESOURCES,FutOnly
181113067411F,"CRUDE OIL, LIGHT SWEET-WTI - ICE FUTURES EUROPE",2018-11-13T00:00:00.000,2018 Report Week 46,"CRUDE OIL, LIGHT SWEET-WTI",67411,ICEU,NYC,67,CRUDE OIL,616654,255461,188505,33684,155442,57363,28552,15537,52987,78695,40216,93985,600727,604035,15927,12619,616654,255461,188505,33684,155442,57363,28552,15537,52987,78695,40216,93985,600727,604035,15927,12619,0,0,0,0,0,0,0,0,0,0,0,0,0,0,0,0,-9105.0,1652.0,6776.0,-4324.0,-12200.0,7389.0,-2674.0,-486.0,-9230.0,5160.0,6528.0,-8235.0,-10262.0,-9458.0,1157.0,353.0,100.0,41.4,30.6,5.5,25.2,9.3,4.6,2.5,8.6,12.8,6.5,15.2,97.4,98.0,2.6,2.0,100.0,41.4,30.6,5.5,25.2,9.3,4.6,2.5,8.6,12.8,6.5,15.2,97.4,98.0,2.6,2.0,100.0,0.0,0.0,0.0,0.0,0.0,0.0,0.0,0.0,0.0,0.0,0.0,0.0,0.0,0.0,0.0,150,42.0,42.0,11.0,14.0,23.0,17.0,9.0,16.0,24,26.0,40,137,130,150,42.0,42.0,11.0,14.0,23.0,17.0,9.0,16.0,24,26.0,40,137,130,0,0,0,0,0,0,0,0,0,0,0,0,0,0,32.0,30.0,46.5,42.8,26.3,26.6,33.3,34.5,32.0,30.0,46.5,42.8,26.3,26.6,33.3,34.5,0.0,0.0,0.0,0.0,0.0,0.0,0.0,0.0,"(CONTRACTS OF 1,000 BARRELS)",N10,CRUDE OIL,PETROLEUM AND PRODUCTS,NATURAL RESOURCES,FutOnly
181106067411F,"CRUDE OIL, LIGHT SWEET-WTI - ICE FUTURES EUROPE",2018-11-06T00:00:00.000,2018 Report Week 45,"CRUDE OIL, LIGHT SWEET-WTI",67411,ICEU,NYC,67,CRUDE OIL,625759,253809,181729,38008,167642,49974,31226,16023,62217,73535,33688,102220,610989,613493,14770,12266,625759,253809,181729,38008,167642,49974,31226,16023,62217,73535,33688,102220,610989,613493,14770,12266,0,0,0,0,0,0,0,0,0,0,0,0,0,0,0,0,12732.0,-6137.0,-5525.0,6734.0,-10943.0,2184.0,-648.0,4614.0,-3414.0,-4007.0,7314.0,17680.0,12392.0,11910.0,340.0,822.0,100.0,40.6,29.0,6.1,26.8,8.0,5.0,2.6,9.9,11.8,5.4,16.3,97.6,98.0,2.4,2.0,100.0,40.6,29.0,6.1,26.8,8.0,5.0,2.6,9.9,11.8,5.4,16.3,97.6,98.0,2.4,2.0,100.0,0.0,0.0,0.0,0.0,0.0,0.0,0.0,0.0,0.0,0.0,0.0,0.0,0.0,0.0,0.0,155,42.0,46.0,10.0,15.0,23.0,17.0,11.0,16.0,22,25.0,42,139,136,155,42.0,46.0,10.0,15.0,23.0,17.0,11.0,16.0,22,25.0,42,139,136,0,0,0,0,0,0,0,0,0,0,0,0,0,0,31.3,28.9,45.8,41.1,26.7,27.1,34.2,34.4,31.3,28.9,45.8,41.1,26.7,27.1,34.2,34.4,0.0,0.0,0.0,0.0,0.0,0.0,0.0,0.0,"(CONTRACTS OF 1,000 BARRELS)",N10,CRUDE OIL,PETROLEUM AND PRODUCTS,NATURAL RESOURCES,FutOnly
181030067411F,"CRUDE OIL, LIGHT SWEET-WTI - ICE FUTURES EUROPE",2018-10-30T00:00:00.000,2018 Report Week 44,"CRUDE OIL, LIGHT SWEET-WTI",67411,ICEU,NYC,67,CRUDE OIL,613027,259946,187254,31274,178585,47790,31874,11409,65631,77542,26374,84540,598597,601583,14430,11444,613027,259946,187254,31274,178585,47790,31874,11409,65631,77542,26374,84540,598597,601583,14430,11444,0,0,0,0,0,0,0,0,0,0,0,0,0,0,0,0,6585.0,-3123.0,9851.0,1655.0,3918.0,-2734.0,3962.0,-4191.0,2966.0,7276.0,-887.0,-1575.0,8427.0,7348.0,-1842.0,-763.0,100.0,42.4,30.5,5.1,29.1,7.8,5.2,1.9,10.7,12.6,4.3,13.8,97.6,98.1,2.4,1.9,100.0,42.4,30.5,5.1,29.1,7.8,5.2,1.9,10.7,12.6,4.3,13.8,97.6,98.1,2.4,1.9,100.0,0.0,0.0,0.0,0.0,0.0,0.0,0.0,0.0,0.0,0.0,0.0,0.0,0.0,0.0,0.0,151,45.0,47.0,9.0,15.0,22.0,19.0,8.0,16.0,22,27.0,38,138,131,151,45.0,47.0,9.0,15.0,22.0,19.0,8.0,16.0,22,27.0,38,138,131,0,0,0,0,0,0,0,0,0,0,0,0,0,0,31.6,30.1,46.2,43.5,27.4,27.7,34.8,36.6,31.6,30.1,46.2,43.5,27.4,27.7,34.8,36.6,0.0,0.0,0.0,0.0,0.0,0.0,0.0,0.0,"(CONTRACTS OF 1,000 BARRELS)",N10,CRUDE OIL,PETROLEUM AND PRODUCTS,NATURAL RESOURCES,FutOnly
181023067411F,"CRUDE OIL, LIGHT SWEET-WTI - ICE FUTURES EUROPE",2018-10-23T00:00:00.000,2018 Report Week 43,"CRUDE OIL, LIGHT SWEET-WTI",67411,ICEU,NYC,67,CRUDE OIL,606442,263069,177403,29619,174667,50524,27912,15600,62665,70266,27261,86115,590170,594235,16272,12207,606442,263069,177403,29619,174667,50524,27912,15600,62665,70266,27261,86115,590170,594235,16272,12207,0,0,0,0,0,0,0,0,0,0,0,0,0,0,0,0,-36439.0,-25698.0,-17414.0,-191.0,-1807.0,-4806.0,338.0,6043.0,-4063.0,6976.0,-3782.0,-11084.0,-38528.0,-36913.0,2089.0,474.0,100.0,43.4,29.3,4.9,28.8,8.3,4.6,2.6,10.3,11.6,4.5,14.2,97.3,98.0,2.7,2.0,100.0,43.4,29.3,4.9,28.8,8.3,4.6,2.6,10.3,11.6,4.5,14.2,97.3,98.0,2.7,2.0,100.0,0.0,0.0,0.0,0.0,0.0,0.0,0.0,0.0,0.0,0.0,0.0,0.0,0.0,0.0,0.0,152,49.0,45.0,8.0,15.0,22.0,15.0,13.0,14.0,23,23.0,36,135,130,152,49.0,45.0,8.0,15.0,22.0,15.0,13.0,14.0,23,23.0,36,135,130,0,0,0,0,0,0,0,0,0,0,0,0,0,0,30.8,29.7,45.1,43.1,27.6,28.0,34.6,36.6,30.8,29.7,45.1,43.1,27.6,28.0,34.6,36.6,0.0,0.0,0.0,0.0,0.0,0.0,0.0,0.0,"(CONTRACTS OF 1,000 BARRELS)",N10,CRUDE OIL,PETROLEUM AND PRODUCTS,NATURAL RESOURCES,FutOnly
181016067411F,"CRUDE OIL, LIGHT SWEET-WTI - ICE FUTURES EUROPE",2018-10-16T00:00:00.000,2018 Report Week 42,"CRUDE OIL, LIGHT SWEET-WTI",67411,ICEU,NYC,67,CRUDE OIL,642881,288767,194817,29810,176474,55330,27574,9557,66728,63290,31043,97199,628698,631148,14183,11733,642881,288767,194817,29810,176474,55330,27574,9557,66728,63290,31043,97199,628698,631148,14183,11733,0,0,0,0,0,0,0,0,0,0,0,0,0,0,0,0,-5421.0,-12739.0,-1770.0,4682.0,343.0,-1780.0,-1765.0,-3220.0,423.0,1587.0,-2029.0,4309.0,-5283.0,-3724.0,-138.0,-1697.0,100.0,44.9,30.3,4.6,27.5,8.6,4.3,1.5,10.4,9.8,4.8,15.1,97.8,98.2,2.2,1.8,100.0,44.9,30.3,4.6,27.5,8.6,4.3,1.5,10.4,9.8,4.8,15.1,97.8,98.2,2.2,1.8,100.0,0.0,0.0,0.0,0.0,0.0,0.0,0.0,0.0,0.0,0.0,0.0,0.0,0.0,0.0,0.0,147,45.0,45.0,9.0,13.0,21.0,15.0,10.0,15.0,23,26.0,39,133,129,147,45.0,45.0,9.0,13.0,21.0,15.0,10.0,15.0,23,26.0,39,133,129,0,0,0,0,0,0,0,0,0,0,0,0,0,0,28.9,28.5,43.9,41.6,27.1,26.8,33.7,35.2,28.9,28.5,43.9,41.6,27.1,26.8,33.7,35.2,0.0,0.0,0.0,0.0,0.0,0.0,0.0,0.0,"(CONTRACTS OF 1,000 BARRELS)",N10,CRUDE OIL,PETROLEUM AND PRODUCTS,NATURAL RESOURCES,FutOnly
181009067411F,"CRUDE OIL, LIGHT SWEET-WTI - ICE FUTURES EUROPE",2018-10-09T00:00:00.000,2018 Report Week 41,"CRUDE OIL, LIGHT SWEET-WTI",67411,ICEU,NYC,67,CRUDE OIL,648302,301506,196587,25128,176131,57110,29339,12777,66305,61703,33072,92890,633981,634872,14321,13430,648302,301506,196587,25128,176131,57110,29339,12777,66305,61703,33072,92890,633981,634872,14321,13430,0,0,0,0,0,0,0,0,0,0,0,0,0,0,0,0,13764.0,6785.0,7399.0,2686.0,1342.0,1604.0,2228.0,1053.0,1072.0,-4950.0,-1113.0,4387.0,13812.0,15744.0,-48.0,-1980.0,100.0,46.5,30.3,3.9,27.2,8.8,4.5,2.0,10.2,9.5,5.1,14.3,97.8,97.9,2.2,2.1,100.0,46.5,30.3,3.9,27.2,8.8,4.5,2.0,10.2,9.5,5.1,14.3,97.8,97.9,2.2,2.1,100.0,0.0,0.0,0.0,0.0,0.0,0.0,0.0,0.0,0.0,0.0,0.0,0.0,0.0,0.0,0.0,146,45.0,44.0,8.0,13.0,20.0,15.0,12.0,16.0,21,26.0,40,132,129,146,45.0,44.0,8.0,13.0,20.0,15.0,12.0,16.0,21,26.0,40,132,129,0,0,0,0,0,0,0,0,0,0,0,0,0,0,28.5,28.0,43.3,41.3,27.5,26.1,33.8,33.9,28.5,28.0,43.3,41.3,27.5,26.1,33.8,33.9,0.0,0.0,0.0,0.0,0.0,0.0,0.0,0.0,"(CONTRACTS OF 1,000 BARRELS)",N10,CRUDE OIL,PETROLEUM AND PRODUCTS,NATURAL RESOURCES,FutOnly
181002067411F,"CRUDE OIL, LIGHT SWEET-WTI - ICE FUTURES EUROPE",2018-10-02T00:00:00.000,2018 Report Week 40,"CRUDE OIL, LIGHT SWEET-WTI",67411,ICEU,NYC,67,CRUDE OIL,634538,294721,189188,22442,174789,55506,27111,11724,65233,66653,34185,88503,620169,619128,14369,15410,634538,294721,189188,22442,174789,55506,27111,11724,65233,66653,34185,88503,620169,619128,14369,15410,0,0,0,0,0,0,0,0,0,0,0,0,0,0,0,0,23824.0,21611.0,15575.0,-4836.0,-337.0,2125.0,362.0,1020.0,1426.0,9787.0,7758.0,-5692.0,24783.0,21875.0,-959.0,1949.0,100.0,46.4,29.8,3.5,27.5,8.7,4.3,1.8,10.3,10.5,5.4,13.9,97.7,97.6,2.3,2.4,100.0,46.4,29.8,3.5,27.5,8.7,4.3,1.8,10.3,10.5,5.4,13.9,97.7,97.6,2.3,2.4,100.0,0.0,0.0,0.0,0.0,0.0,0.0,0.0,0.0,0.0,0.0,0.0,0.0,0.0,0.0,0.0,147,45.0,43.0,8.0,12.0,20.0,15.0,11.0,16.0,25,25.0,41,133,129,147,45.0,43.0,8.0,12.0,20.0,15.0,11.0,16.0,25,25.0,41,133,129,0,0,0,0,0,0,0,0,0,0,0,0,0,0,28.8,27.7,42.8,41.0,28.4,26.2,34.5,34.3,28.8,27.7,42.8,41.0,28.4,26.2,34.5,34.3,0.0,0.0,0.0,0.0,0.0,0.0,0.0,0.0,"(CONTRACTS OF 1,000 BARRELS)",N10,CRUDE OIL,PETROLEUM AND PRODUCTS,NATURAL RESOURCES,FutOnly
180925067411F,"CRUDE OIL, LIGHT SWEET-WTI - ICE FUTURES EUROPE",2018-09-25T00:00:00.000,2018 Report Week 39,"CRUDE OIL, LIGHT SWEET-WTI",67411,ICEU,NYC,67,CRUDE OIL,610714,273110,173613,27278,175126,53381,26749,10704,63807,56866,26427,94195,595386,597253,15328,13461,610714,273110,173613,27278,175126,53381,26749,10704,63807,56866,26427,94195,595386,597253,15328,13461,0,0,0,0,0,0,0,0,0,0,0,0,0,0,0,0,-12420.0,-9535.0,-26939.0,-3521.0,4408.0,3360.0,-1860.0,-6564.0,312.0,-12155.0,2365.0,8992.0,-14407.0,-14066.0,1987.0,1646.0,100.0,44.7,28.4,4.5,28.7,8.7,4.4,1.8,10.4,9.3,4.3,15.4,97.5,97.8,2.5,2.2,100.0,44.7,28.4,4.5,28.7,8.7,4.4,1.8,10.4,9.3,4.3,15.4,97.5,97.8,2.5,2.2,100.0,0.0,0.0,0.0,0.0,0.0,0.0,0.0,0.0,0.0,0.0,0.0,0.0,0.0,0.0,0.0,146,45.0,42.0,8.0,12.0,19.0,15.0,10.0,16.0,24,25.0,40,131,127,146,45.0,42.0,8.0,12.0,19.0,15.0,10.0,16.0,24,25.0,40,131,127,0,0,0,0,0,0,0,0,0,0,0,0,0,0,29.9,28.8,44.3,43.4,29.2,28.1,34.8,36.3,29.9,28.8,44.3,43.4,29.2,28.1,34.8,36.3,0.0,0.0,0.0,0.0,0.0,0.0,0.0,0.0,"(CONTRACTS OF 1,000 BARRELS)",N10,CRUDE OIL,PETROLEUM AND PRODUCTS,NATURAL RESOURCES,FutOnly
180918067411F,"CRUDE OIL, LIGHT SWEET-WTI - ICE FUTURES EUROPE",2018-09-18T00:00:00.000,2018 Report Week 38,"CRUDE OIL, LIGHT SWEET-WTI",67411,ICEU,NYC,67,CRUDE OIL,623134,282645,200552,30799,170718,50021,28609,17268,63495,69021,24062,85203,609793,611319,13341,11815,623134,282645,200552,30799,170718,50021,28609,17268,63495,69021,24062,85203,609793,611319,13341,11815,0,0,0,0,0,0,0,0,0,0,0,0,0,0,0,0,-1221.0,844.0,4056.0,1826.0,-1609.0,4674.0,-447.0,2051.0,-2524.0,1869.0,-2707.0,-5803.0,439.0,-1862.0,-1660.0,641.0,100.0,45.4,32.2,4.9,27.4,8.0,4.6,2.8,10.2,11.1,3.9,13.7,97.9,98.1,2.1,1.9,100.0,45.4,32.2,4.9,27.4,8.0,4.6,2.8,10.2,11.1,3.9,13.7,97.9,98.1,2.1,1.9,100.0,0.0,0.0,0.0,0.0,0.0,0.0,0.0,0.0,0.0,0.0,0.0,0.0,0.0,0.0,0.0,155,47.0,46.0,9.0,12.0,21.0,14.0,13.0,15.0,25,27.0,41,139,133,155,47.0,46.0,9.0,12.0,21.0,14.0,13.0,15.0,25,27.0,41,139,133,0,0,0,0,0,0,0,0,0,0,0,0,0,0,30.0,29.5,43.9,42.8,29.1,28.4,35.1,36.3,30.0,29.5,43.9,42.8,29.1,28.4,35.1,36.3,0.0,0.0,0.0,0.0,0.0,0.0,0.0,0.0,"(CONTRACTS OF 1,000 BARRELS)",N10,CRUDE OIL,PETROLEUM AND PRODUCTS,NATURAL RESOURCES,FutOnly
180911067411F,"CRUDE OIL, LIGHT SWEET-WTI - ICE FUTURES EUROPE",2018-09-11T00:00:00.000,2018 Report Week 37,"CRUDE OIL, LIGHT SWEET-WTI",67411,ICEU,NYC,67,CRUDE OIL,624355,281801,196496,28973,172327,45347,29056,15217,66019,67152,26769,91006,609354,613181,15001,11174,624355,281801,196496,28973,172327,45347,29056,15217,66019,67152,26769,91006,609354,613181,15001,11174,0,0,0,0,0,0,0,0,0,0,0,0,0,0,0,0,-1963.0,-390.0,5363.0,4070.0,-4960.0,162.0,-1303.0,7619.0,307.0,3636.0,-1801.0,-7360.0,-878.0,-670.0,-1085.0,-1293.0,100.0,45.1,31.5,4.6,27.6,7.3,4.7,2.4,10.6,10.8,4.3,14.6,97.6,98.2,2.4,1.8,100.0,45.1,31.5,4.6,27.6,7.3,4.7,2.4,10.6,10.8,4.3,14.6,97.6,98.2,2.4,1.8,100.0,0.0,0.0,0.0,0.0,0.0,0.0,0.0,0.0,0.0,0.0,0.0,0.0,0.0,0.0,0.0,154,47.0,47.0,8.0,13.0,21.0,13.0,14.0,15.0,20,28.0,43,138,136,154,47.0,47.0,8.0,13.0,21.0,13.0,14.0,15.0,20,28.0,43,138,136,0,0,0,0,0,0,0,0,0,0,0,0,0,0,31.1,28.8,45.0,41.8,29.2,27.8,35.4,35.7,31.1,28.8,45.0,41.8,29.2,27.8,35.4,35.7,0.0,0.0,0.0,0.0,0.0,0.0,0.0,0.0,"(CONTRACTS OF 1,000 BARRELS)",N10,CRUDE OIL,PETROLEUM AND PRODUCTS,NATURAL RESOURCES,FutOnly
180904067411F,"CRUDE OIL, LIGHT SWEET-WTI - ICE FUTURES EUROPE",2018-09-04T00:00:00.000,2018 Report Week 36,"CRUDE OIL, LIGHT SWEET-WTI",67411,ICEU,NYC,67,CRUDE OIL,626318,282191,191133,24903,177287,45185,30359,7598,65712,63516,28570,98366,610232,613851,16086,12467,626318,282191,191133,24903,177287,45185,30359,7598,65712,63516,28570,98366,610232,613851,16086,12467,0,0,0,0,0,0,0,0,0,0,0,0,0,0,0,0,8617.0,1795.0,4153.0,3027.0,716.0,-845.0,34.0,-3059.0,2359.0,-1719.0,1319.0,3218.0,7869.0,7861.0,748.0,756.0,100.0,45.1,30.5,4.0,28.3,7.2,4.8,1.2,10.5,10.1,4.6,15.7,97.4,98.0,2.6,2.0,100.0,45.1,30.5,4.0,28.3,7.2,4.8,1.2,10.5,10.1,4.6,15.7,97.4,98.0,2.6,2.0,100.0,0.0,0.0,0.0,0.0,0.0,0.0,0.0,0.0,0.0,0.0,0.0,0.0,0.0,0.0,0.0,151,46.0,43.0,8.0,13.0,21.0,15.0,11.0,15.0,21,28.0,43,136,132,151,46.0,43.0,8.0,13.0,21.0,15.0,11.0,15.0,21,28.0,43,136,132,0,0,0,0,0,0,0,0,0,0,0,0,0,0,32.5,29.6,45.8,43.4,30.6,28.3,36.0,36.8,32.5,29.6,45.8,43.4,30.6,28.3,36.0,36.8,0.0,0.0,0.0,0.0,0.0,0.0,0.0,0.0,"(CONTRACTS OF 1,000 BARRELS)",N10,CRUDE OIL,PETROLEUM AND PRODUCTS,NATURAL RESOURCES,FutOnly
180828067411F,"CRUDE OIL, LIGHT SWEET-WTI - ICE FUTURES EUROPE",2018-08-28T00:00:00.000,2018 Report Week 35,"CRUDE OIL, LIGHT SWEET-WTI",67411,ICEU,NYC,67,CRUDE OIL,617701,280396,186980,21876,176571,46030,30325,10657,63353,65235,27251,95148,602363,605990,15338,11711,617701,280396,186980,21876,176571,46030,30325,10657,63353,65235,27251,95148,602363,605990,15338,11711,0,0,0,0,0,0,0,0,0,0,0,0,0,0,0,0,7897.0,-1625.0,5093.0,2576.0,224.0,-158.0,38.0,-4842.0,3756.0,302.0,-522.0,2359.0,7248.0,5910.0,649.0,1987.0,100.0,45.4,30.3,3.5,28.6,7.5,4.9,1.7,10.3,10.6,4.4,15.4,97.5,98.1,2.5,1.9,100.0,45.4,30.3,3.5,28.6,7.5,4.9,1.7,10.3,10.6,4.4,15.4,97.5,98.1,2.5,1.9,100.0,0.0,0.0,0.0,0.0,0.0,0.0,0.0,0.0,0.0,0.0,0.0,0.0,0.0,0.0,0.0,151,49.0,44.0,7.0,13.0,20.0,14.0,11.0,15.0,21,29.0,42,136,132,151,49.0,44.0,7.0,13.0,20.0,14.0,11.0,15.0,21,29.0,42,136,132,0,0,0,0,0,0,0,0,0,0,0,0,0,0,32.9,29.6,46.4,43.0,31.0,28.4,36.9,36.7,32.9,29.6,46.4,43.0,31.0,28.4,36.9,36.7,0.0,0.0,0.0,0.0,0.0,0.0,0.0,0.0,"(CONTRACTS OF 1,000 BARRELS)",N10,CRUDE OIL,PETROLEUM AND PRODUCTS,NATURAL RESOURCES,FutOnly
180821067411F,"CRUDE OIL, LIGHT SWEET-WTI - ICE FUTURES EUROPE",2018-08-21T00:00:00.000,2018 Report Week 34,"CRUDE OIL, LIGHT SWEET-WTI",67411,ICEU,NYC,67,CRUDE OIL,609804,282021,181887,19300,176347,46188,30287,15499,59597,64933,27773,92789,595115,600080,14689,9724,609804,282021,181887,19300,176347,46188,30287,15499,59597,64933,27773,92789,595115,600080,14689,9724,0,0,0,0,0,0,0,0,0,0,0,0,0,0,0,0,-34607.0,-14498.0,-3637.0,2931.0,-3094.0,-8232.0,-3529.0,-592.0,-209.0,5533.0,-1150.0,-14930.0,-32934.0,-31844.0,-1673.0,-2763.0,100.0,46.2,29.8,3.2,28.9,7.6,5.0,2.5,9.8,10.6,4.6,15.2,97.6,98.4,2.4,1.6,100.0,46.2,29.8,3.2,28.9,7.6,5.0,2.5,9.8,10.6,4.6,15.2,97.6,98.4,2.4,1.6,100.0,0.0,0.0,0.0,0.0,0.0,0.0,0.0,0.0,0.0,0.0,0.0,0.0,0.0,0.0,0.0,156,51.0,46.0,7.0,13.0,20.0,15.0,12.0,15.0,21,29.0,43,141,135,156,51.0,46.0,7.0,13.0,20.0,15.0,12.0,15.0,21,29.0,43,141,135,0,0,0,0,0,0,0,0,0,0,0,0,0,0,33.7,30.9,47.0,44.8,32.2,29.9,38.1,38.1,33.7,30.9,47.0,44.8,32.2,29.9,38.1,38.1,0.0,0.0,0.0,0.0,0.0,0.0,0.0,0.0,"(CONTRACTS OF 1,000 BARRELS)",N10,CRUDE OIL,PETROLEUM AND PRODUCTS,NATURAL RESOURCES,FutOnly
180814067411F,"CRUDE OIL, LIGHT SWEET-WTI - ICE FUTURES EUROPE",2018-08-14T00:00:00.000,2018 Report Week 33,"CRUDE OIL, LIGHT SWEET-WTI",67411,ICEU,NYC,67,CRUDE OIL,644411,296519,185524,16369,179441,54420,33816,16091,59806,59400,28923,107719,628049,631924,16362,12487,644411,296519,185524,16369,179441,54420,33816,16091,59806,59400,28923,107719,628049,631924,16362,12487,0,0,0,0,0,0,0,0,0,0,0,0,0,0,0,0,6097.0,-456.0,-1342.0,372.0,1042.0,233.0,-1447.0,2317.0,-1485.0,4037.0,-25.0,6720.0,7974.0,7460.0,-1877.0,-1363.0,100.0,46.0,28.8,2.5,27.8,8.4,5.2,2.5,9.3,9.2,4.5,16.7,97.5,98.1,2.5,1.9,100.0,46.0,28.8,2.5,27.8,8.4,5.2,2.5,9.3,9.2,4.5,16.7,97.5,98.1,2.5,1.9,100.0,0.0,0.0,0.0,0.0,0.0,0.0,0.0,0.0,0.0,0.0,0.0,0.0,0.0,0.0,0.0,156,54.0,51.0,7.0,13.0,20.0,15.0,12.0,17.0,24,26.0,44,144,141,156,54.0,51.0,7.0,13.0,20.0,15.0,12.0,17.0,24,26.0,44,144,141,0,0,0,0,0,0,0,0,0,0,0,0,0,0,31.9,30.1,45.0,44.1,30.1,28.6,35.3,37.1,31.9,30.1,45.0,44.1,30.1,28.6,35.3,37.1,0.0,0.0,0.0,0.0,0.0,0.0,0.0,0.0,"(CONTRACTS OF 1,000 BARRELS)",N10,CRUDE OIL,PETROLEUM AND PRODUCTS,NATURAL RESOURCES,FutOnly
180807067411F,"CRUDE OIL, LIGHT SWEET-WTI - ICE FUTURES EUROPE",2018-08-07T00:00:00.000,2018 Report Week 32,"CRUDE OIL, LIGHT SWEET-WTI",67411,ICEU,NYC,67,CRUDE OIL,638314,296975,186866,15997,178399,54187,35263,13774,61291,55363,28948,100999,620075,624464,18239,13850,638314,296975,186866,15997,178399,54187,35263,13774,61291,55363,28948,100999,620075,624464,18239,13850,0,0,0,0,0,0,0,0,0,0,0,0,0,0,0,0,6176.0,4747.0,6283.0,-1786.0,6400.0,-736.0,-1541.0,-834.0,1344.0,5558.0,-3867.0,-2397.0,5189.0,6193.0,987.0,-17.0,100.0,46.5,29.3,2.5,27.9,8.5,5.5,2.2,9.6,8.7,4.5,15.8,97.1,97.8,2.9,2.2,100.0,46.5,29.3,2.5,27.9,8.5,5.5,2.2,9.6,8.7,4.5,15.8,97.1,97.8,2.9,2.2,100.0,0.0,0.0,0.0,0.0,0.0,0.0,0.0,0.0,0.0,0.0,0.0,0.0,0.0,0.0,0.0,154,52.0,49.0,7.0,13.0,19.0,15.0,12.0,17.0,22,26.0,44,140,139,154,52.0,49.0,7.0,13.0,19.0,15.0,12.0,17.0,22,26.0,44,140,139,0,0,0,0,0,0,0,0,0,0,0,0,0,0,32.2,31.9,45.0,45.6,29.7,30.0,35.5,38.0,32.2,31.9,45.0,45.6,29.7,30.0,35.5,38.0,0.0,0.0,0.0,0.0,0.0,0.0,0.0,0.0,"(CONTRACTS OF 1,000 BARRELS)",N10,CRUDE OIL,PETROLEUM AND PRODUCTS,NATURAL RESOURCES,FutOnly
180731067411F,"CRUDE OIL, LIGHT SWEET-WTI - ICE FUTURES EUROPE",2018-07-31T00:00:00.000,2018 Report Week 31,"CRUDE OIL, LIGHT SWEET-WTI",67411,ICEU,NYC,67,CRUDE OIL,632138,292228,180583,17783,171999,54923,36804,14608,59947,49805,32815,103396,614886,618271,17252,13867,632138,292228,180583,17783,171999,54923,36804,14608,59947,49805,32815,103396,614886,618271,17252,13867,0,0,0,0,0,0,0,0,0,0,0,0,0,0,0,0,17705.0,18818.0,5193.0,2355.0,6609.0,-827.0,-885.0,-1580.0,977.0,-7171.0,663.0,6614.0,19881.0,17649.0,-2176.0,56.0,100.0,46.2,28.6,2.8,27.2,8.7,5.8,2.3,9.5,7.9,5.2,16.4,97.3,97.8,2.7,2.2,100.0,46.2,28.6,2.8,27.2,8.7,5.8,2.3,9.5,7.9,5.2,16.4,97.3,97.8,2.7,2.2,100.0,0.0,0.0,0.0,0.0,0.0,0.0,0.0,0.0,0.0,0.0,0.0,0.0,0.0,0.0,0.0,156,54.0,51.0,7.0,13.0,19.0,14.0,12.0,16.0,20,30.0,46,142,143,156,54.0,51.0,7.0,13.0,19.0,14.0,12.0,16.0,20,30.0,46,142,143,0,0,0,0,0,0,0,0,0,0,0,0,0,0,32.6,31.4,45.9,45.8,29.7,29.4,35.5,37.5,32.6,31.4,45.9,45.8,29.7,29.4,35.5,37.5,0.0,0.0,0.0,0.0,0.0,0.0,0.0,0.0,"(CONTRACTS OF 1,000 BARRELS)",N10,CRUDE OIL,PETROLEUM AND PRODUCTS,NATURAL RESOURCES,FutOnly
180724067411F,"CRUDE OIL, LIGHT SWEET-WTI - ICE FUTURES EUROPE",2018-07-24T00:00:00.000,2018 Report Week 30,"CRUDE OIL, LIGHT SWEET-WTI",67411,ICEU,NYC,67,CRUDE OIL,614433,273410,175390,15428,165390,55750,37689,16188,58970,56976,32152,96782,595005,600622,19428,13811,614433,273410,175390,15428,165390,55750,37689,16188,58970,56976,32152,96782,595005,600622,19428,13811,0,0,0,0,0,0,0,0,0,0,0,0,0,0,0,0,-16024.0,4298.0,-7641.0,-2146.0,4233.0,-2225.0,-3581.0,-1926.0,55.0,-784.0,2128.0,-12046.0,-16429.0,-17422.0,405.0,1398.0,100.0,44.5,28.5,2.5,26.9,9.1,6.1,2.6,9.6,9.3,5.2,15.8,96.8,97.8,3.2,2.2,100.0,44.5,28.5,2.5,26.9,9.1,6.1,2.6,9.6,9.3,5.2,15.8,96.8,97.8,3.2,2.2,100.0,0.0,0.0,0.0,0.0,0.0,0.0,0.0,0.0,0.0,0.0,0.0,0.0,0.0,0.0,0.0,151,50.0,52.0,7.0,13.0,19.0,12.0,14.0,16.0,23,26.0,43,136,141,151,50.0,52.0,7.0,13.0,19.0,12.0,14.0,16.0,23,26.0,43,136,141,0,0,0,0,0,0,0,0,0,0,0,0,0,0,32.9,31.6,46.3,46.4,29.9,29.5,36.1,37.9,32.9,31.6,46.3,46.4,29.9,29.5,36.1,37.9,0.0,0.0,0.0,0.0,0.0,0.0,0.0,0.0,"(CONTRACTS OF 1,000 BARRELS)",N10,CRUDE OIL,PETROLEUM AND PRODUCTS,NATURAL RESOURCES,FutOnly
180717067411F,"CRUDE OIL, LIGHT SWEET-WTI - ICE FUTURES EUROPE",2018-07-17T00:00:00.000,2018 Report Week 29,"CRUDE OIL, LIGHT SWEET-WTI",67411,ICEU,NYC,67,CRUDE OIL,630457,269112,183031,17574,161157,57975,41270,18114,58915,57760,30024,108828,611434,618044,19023,12413,630457,269112,183031,17574,161157,57975,41270,18114,58915,57760,30024,108828,611434,618044,19023,12413,0,0,0,0,0,0,0,0,0,0,0,0,0,0,0,0,5770.0,-11155.0,2919.0,4448.0,-11464.0,-1138.0,-4736.0,-2022.0,7907.0,-2896.0,-2005.0,14019.0,6449.0,8216.0,-679.0,-2446.0,100.0,42.7,29.0,2.8,25.6,9.2,6.5,2.9,9.3,9.2,4.8,17.3,97.0,98.0,3.0,2.0,100.0,42.7,29.0,2.8,25.6,9.2,6.5,2.9,9.3,9.2,4.8,17.3,97.0,98.0,3.0,2.0,100.0,0.0,0.0,0.0,0.0,0.0,0.0,0.0,0.0,0.0,0.0,0.0,0.0,0.0,0.0,0.0,153,51.0,51.0,7.0,13.0,19.0,11.0,14.0,16.0,21,29.0,43,140,138,153,51.0,51.0,7.0,13.0,19.0,11.0,14.0,16.0,21,29.0,43,140,138,0,0,0,0,0,0,0,0,0,0,0,0,0,0,31.2,30.9,44.5,44.7,27.7,28.3,34.3,36.9,31.2,30.9,44.5,44.7,27.7,28.3,34.3,36.9,0.0,0.0,0.0,0.0,0.0,0.0,0.0,0.0,"(CONTRACTS OF 1,000 BARRELS)",N10,CRUDE OIL,PETROLEUM AND PRODUCTS,NATURAL RESOURCES,FutOnly
180710067411F,"CRUDE OIL, LIGHT SWEET-WTI - ICE FUTURES EUROPE",2018-07-10T00:00:00.000,2018 Report Week 28,"CRUDE OIL, LIGHT SWEET-WTI",67411,ICEU,NYC,67,CRUDE OIL,624687,280267,180112,13126,172621,59113,46006,20136,51008,60656,32029,94809,604985,609828,19702,14859,624687,280267,180112,13126,172621,59113,46006,20136,51008,60656,32029,94809,604985,609828,19702,14859,0,0,0,0,0,0,0,0,0,0,0,0,0,0,0,0,-5000.0,-6438.0,3089.0,-351.0,-3337.0,1478.0,536.0,-784.0,-2847.0,3195.0,-2239.0,-1589.0,-6016.0,-6229.0,1016.0,1229.0,100.0,44.9,28.8,2.1,27.6,9.5,7.4,3.2,8.2,9.7,5.1,15.2,96.8,97.6,3.2,2.4,100.0,44.9,28.8,2.1,27.6,9.5,7.4,3.2,8.2,9.7,5.1,15.2,96.8,97.6,3.2,2.4,100.0,0.0,0.0,0.0,0.0,0.0,0.0,0.0,0.0,0.0,0.0,0.0,0.0,0.0,0.0,0.0,152,49.0,50.0,9.0,11.0,20.0,15.0,10.0,19.0,27,23.0,43,139,138,152,49.0,50.0,9.0,11.0,20.0,15.0,10.0,19.0,27,23.0,43,139,138,0,0,0,0,0,0,0,0,0,0,0,0,0,0,31.6,32.9,45.0,46.8,29.5,29.9,36.6,39.5,31.6,32.9,45.0,46.8,29.5,29.9,36.6,39.5,0.0,0.0,0.0,0.0,0.0,0.0,0.0,0.0,"(CONTRACTS OF 1,000 BARRELS)",N10,CRUDE OIL,PETROLEUM AND PRODUCTS,NATURAL RESOURCES,FutOnly
180703067411F,"CRUDE OIL, LIGHT SWEET-WTI - ICE FUTURES EUROPE",2018-07-03T00:00:00.000,2018 Report Week 27,"CRUDE OIL, LIGHT SWEET-WTI",67411,ICEU,NYC,67,CRUDE OIL,629687,286705,177023,13477,175958,57635,45470,20920,53855,57461,34268,96398,611001,616057,18686,13630,629687,286705,177023,13477,175958,57635,45470,20920,53855,57461,34268,96398,611001,616057,18686,13630,0,0,0,0,0,0,0,0,0,0,0,0,0,0,0,0,-3248.0,-3568.0,-10302.0,-1385.0,1581.0,3370.0,-2522.0,-462.0,1978.0,-3655.0,-631.0,3152.0,-2630.0,-1314.0,-618.0,-1934.0,100.0,45.5,28.1,2.1,27.9,9.2,7.2,3.3,8.6,9.1,5.4,15.3,97.0,97.8,3.0,2.2,100.0,45.5,28.1,2.1,27.9,9.2,7.2,3.3,8.6,9.1,5.4,15.3,97.0,97.8,3.0,2.2,100.0,0.0,0.0,0.0,0.0,0.0,0.0,0.0,0.0,0.0,0.0,0.0,0.0,0.0,0.0,0.0,150,46.0,48.0,8.0,12.0,19.0,14.0,12.0,18.0,28,22.0,45,136,137,150,46.0,48.0,8.0,12.0,19.0,14.0,12.0,18.0,28,22.0,45,136,137,0,0,0,0,0,0,0,0,0,0,0,0,0,0,31.4,33.3,45.3,47.5,29.8,30.6,37.2,39.9,31.4,33.3,45.3,47.5,29.8,30.6,37.2,39.9,0.0,0.0,0.0,0.0,0.0,0.0,0.0,0.0,"(CONTRACTS OF 1,000 BARRELS)",N10,CRUDE OIL,PETROLEUM AND PRODUCTS,NATURAL RESOURCES,FutOnly
180626067411F,"CRUDE OIL, LIGHT SWEET-WTI - ICE FUTURES EUROPE",2018-06-26T00:00:00.000,2018 Report Week 26,"CRUDE OIL, LIGHT SWEET-WTI",67411,ICEU,NYC,67,CRUDE OIL,632935,290273,187325,14862,174377,54265,47992,21382,51877,61116,34899,93246,613631,617371,19304,15564,632935,290273,187325,14862,174377,54265,47992,21382,51877,61116,34899,93246,613631,617371,19304,15564,0,0,0,0,0,0,0,0,0,0,0,0,0,0,0,0,-7286.0,6165.0,6878.0,1678.0,3543.0,-2218.0,-2779.0,-1925.0,1684.0,1876.0,-2603.0,-14136.0,-7730.0,-8777.0,444.0,1491.0,100.0,45.9,29.6,2.3,27.6,8.6,7.6,3.4,8.2,9.7,5.5,14.7,97.0,97.5,3.0,2.5,100.0,45.9,29.6,2.3,27.6,8.6,7.6,3.4,8.2,9.7,5.5,14.7,97.0,97.5,3.0,2.5,100.0,0.0,0.0,0.0,0.0,0.0,0.0,0.0,0.0,0.0,0.0,0.0,0.0,0.0,0.0,0.0,141,41.0,43.0,8.0,12.0,20.0,16.0,10.0,17.0,27,24.0,44,130,132,141,41.0,43.0,8.0,12.0,20.0,16.0,10.0,17.0,27,24.0,44,130,132,0,0,0,0,0,0,0,0,0,0,0,0,0,0,30.8,33.0,45.2,46.8,28.8,30.9,36.8,39.5,30.8,33.0,45.2,46.8,28.8,30.9,36.8,39.5,0.0,0.0,0.0,0.0,0.0,0.0,0.0,0.0,"(CONTRACTS OF 1,000 BARRELS)",N10,CRUDE OIL,PETROLEUM AND PRODUCTS,NATURAL RESOURCES,FutOnly
180619067411F,"CRUDE OIL, LIGHT SWEET-WTI - ICE FUTURES EUROPE",2018-06-19T00:00:00.000,2018 Report Week 25,"CRUDE OIL, LIGHT SWEET-WTI",67411,ICEU,NYC,67,CRUDE OIL,640221,284108,180447,13184,170834,56483,50771,23307,50193,59240,37502,107382,621361,626148,18860,14073,640221,284108,180447,13184,170834,56483,50771,23307,50193,59240,37502,107382,621361,626148,18860,14073,0,0,0,0,0,0,0,0,0,0,0,0,0,0,0,0,-21954.0,-2032.0,-24468.0,1711.0,-6136.0,1255.0,-6697.0,942.0,3351.0,-19549.0,-627.0,3122.0,-18839.0,-22561.0,-3115.0,607.0,100.0,44.4,28.2,2.1,26.7,8.8,7.9,3.6,7.8,9.3,5.9,16.8,97.1,97.8,2.9,2.2,100.0,44.4,28.2,2.1,26.7,8.8,7.9,3.6,7.8,9.3,5.9,16.8,97.1,97.8,2.9,2.2,100.0,0.0,0.0,0.0,0.0,0.0,0.0,0.0,0.0,0.0,0.0,0.0,0.0,0.0,0.0,0.0,151,44.0,45.0,8.0,13.0,21.0,17.0,11.0,17.0,27,24.0,44,138,136,151,44.0,45.0,8.0,13.0,21.0,17.0,11.0,17.0,27,24.0,44,138,136,0,0,0,0,0,0,0,0,0,0,0,0,0,0,28.9,32.8,42.0,47.8,25.8,29.9,33.5,38.9,28.9,32.8,42.0,47.8,25.8,29.9,33.5,38.9,0.0,0.0,0.0,0.0,0.0,0.0,0.0,0.0,"(CONTRACTS OF 1,000 BARRELS)",N10,CRUDE OIL,PETROLEUM AND PRODUCTS,NATURAL RESOURCES,FutOnly
180612067411F,"CRUDE OIL, LIGHT SWEET-WTI - ICE FUTURES EUROPE",2018-06-12T00:00:00.000,2018 Report Week 24,"CRUDE OIL, LIGHT SWEET-WTI",67411,ICEU,NYC,67,CRUDE OIL,662175,286140,204915,11473,176970,55228,57468,22365,46842,78789,38129,104260,640200,648709,21975,13466,662175,286140,204915,11473,176970,55228,57468,22365,46842,78789,38129,104260,640200,648709,21975,13466,0,0,0,0,0,0,0,0,0,0,0,0,0,0,0,0,8537.0,355.0,-11610.0,-1092.0,-4671.0,169.0,-2544.0,1473.0,10101.0,-4296.0,7341.0,5015.0,7708.0,7818.0,829.0,719.0,100.0,43.2,30.9,1.7,26.7,8.3,8.7,3.4,7.1,11.9,5.8,15.7,96.7,98.0,3.3,2.0,100.0,43.2,30.9,1.7,26.7,8.3,8.7,3.4,7.1,11.9,5.8,15.7,96.7,98.0,3.3,2.0,100.0,0.0,0.0,0.0,0.0,0.0,0.0,0.0,0.0,0.0,0.0,0.0,0.0,0.0,0.0,0.0,153,44.0,46.0,7.0,13.0,20.0,16.0,11.0,17.0,28,26.0,47,139,138,153,44.0,46.0,7.0,13.0,20.0,16.0,11.0,17.0,28,26.0,47,139,138,0,0,0,0,0,0,0,0,0,0,0,0,0,0,26.8,32.7,39.0,46.8,23.8,30.2,32.1,38.3,26.8,32.7,39.0,46.8,23.8,30.2,32.1,38.3,0.0,0.0,0.0,0.0,0.0,0.0,0.0,0.0,"(CONTRACTS OF 1,000 BARRELS)",N10,CRUDE OIL,PETROLEUM AND PRODUCTS,NATURAL RESOURCES,FutOnly
180605067411F,"CRUDE OIL, LIGHT SWEET-WTI - ICE FUTURES EUROPE",2018-06-05T00:00:00.000,2018 Report Week 23,"CRUDE OIL, LIGHT SWEET-WTI",67411,ICEU,NYC,67,CRUDE OIL,653638,285785,216525,12565,181641,55059,60012,20892,36741,83085,30788,99245,632492,640891,21146,12747,653638,285785,216525,12565,181641,55059,60012,20892,36741,83085,30788,99245,632492,640891,21146,12747,0,0,0,0,0,0,0,0,0,0,0,0,0,0,0,0,11442.0,1788.0,15926.0,-2767.0,-1162.0,3445.0,-6113.0,2445.0,7373.0,15333.0,-9719.0,-4596.0,14463.0,13712.0,-3021.0,-2270.0,100.0,43.7,33.1,1.9,27.8,8.4,9.2,3.2,5.6,12.7,4.7,15.2,96.8,98.0,3.2,2.0,100.0,43.7,33.1,1.9,27.8,8.4,9.2,3.2,5.6,12.7,4.7,15.2,96.8,98.0,3.2,2.0,100.0,0.0,0.0,0.0,0.0,0.0,0.0,0.0,0.0,0.0,0.0,0.0,0.0,0.0,0.0,0.0,157,48.0,49.0,7.0,13.0,19.0,18.0,9.0,15.0,28,27.0,48,143,140,157,48.0,49.0,7.0,13.0,19.0,18.0,9.0,15.0,28,27.0,48,143,140,0,0,0,0,0,0,0,0,0,0,0,0,0,0,24.2,32.7,36.8,44.8,21.1,31.0,30.2,38.1,24.2,32.7,36.8,44.8,21.1,31.0,30.2,38.1,0.0,0.0,0.0,0.0,0.0,0.0,0.0,0.0,"(CONTRACTS OF 1,000 BARRELS)",N10,CRUDE OIL,PETROLEUM AND PRODUCTS,NATURAL RESOURCES,FutOnly
180529067411F,"CRUDE OIL, LIGHT SWEET-WTI - ICE FUTURES EUROPE",2018-05-29T00:00:00.000,2018 Report Week 22,"CRUDE OIL, LIGHT SWEET-WTI",67411,ICEU,NYC,67,CRUDE OIL,642196,283997,200599,15332,182803,51614,66125,18447,29368,67752,40507,103841,618029,627179,24167,15017,642196,283997,200599,15332,182803,51614,66125,18447,29368,67752,40507,103841,618029,627179,24167,15017,0,0,0,0,0,0,0,0,0,0,0,0,0,0,0,0,7532.0,4978.0,-5999.0,3026.0,2110.0,5982.0,110.0,-1727.0,-1970.0,-9132.0,9061.0,-1159.0,1835.0,6298.0,5697.0,1234.0,100.0,44.2,31.2,2.4,28.5,8.0,10.3,2.9,4.6,10.6,6.3,16.2,96.2,97.7,3.8,2.3,100.0,44.2,31.2,2.4,28.5,8.0,10.3,2.9,4.6,10.6,6.3,16.2,96.2,97.7,3.8,2.3,100.0,0.0,0.0,0.0,0.0,0.0,0.0,0.0,0.0,0.0,0.0,0.0,0.0,0.0,0.0,0.0,149,45.0,45.0,8.0,12.0,19.0,17.0,9.0,15.0,24,28.0,45,135,134,149,45.0,45.0,8.0,12.0,19.0,17.0,9.0,15.0,24,28.0,45,135,134,0,0,0,0,0,0,0,0,0,0,0,0,0,0,24.1,32.2,36.5,45.3,20.9,30.3,28.8,38.5,24.1,32.2,36.5,45.3,20.9,30.3,28.8,38.5,0.0,0.0,0.0,0.0,0.0,0.0,0.0,0.0,"(CONTRACTS OF 1,000 BARRELS)",N10,CRUDE OIL,PETROLEUM AND PRODUCTS,NATURAL RESOURCES,FutOnly
180522067411F,"CRUDE OIL, LIGHT SWEET-WTI - ICE FUTURES EUROPE",2018-05-22T00:00:00.000,2018 Report Week 21,"CRUDE OIL, LIGHT SWEET-WTI",67411,ICEU,NYC,67,CRUDE OIL,634664,279019,206598,12306,180693,45632,66015,20174,31338,76884,31446,105000,616194,620881,18470,13783,634664,279019,206598,12306,180693,45632,66015,20174,31338,76884,31446,105000,616194,620881,18470,13783,0,0,0,0,0,0,0,0,0,0,0,0,0,0,0,0,-33037.0,-14770.0,1262.0,-5390.0,-13433.0,-1575.0,10413.0,-334.0,-6259.0,-6725.0,-4161.0,-6623.0,-30929.0,-31123.0,-2108.0,-1914.0,100.0,44.0,32.6,1.9,28.5,7.2,10.4,3.2,4.9,12.1,5.0,16.5,97.1,97.8,2.9,2.2,100.0,44.0,32.6,1.9,28.5,7.2,10.4,3.2,4.9,12.1,5.0,16.5,97.1,97.8,2.9,2.2,100.0,0.0,0.0,0.0,0.0,0.0,0.0,0.0,0.0,0.0,0.0,0.0,0.0,0.0,0.0,0.0,154,48.0,47.0,8.0,12.0,18.0,17.0,8.0,17.0,24,30.0,44,140,135,154,48.0,47.0,8.0,12.0,18.0,17.0,8.0,17.0,24,30.0,44,140,135,0,0,0,0,0,0,0,0,0,0,0,0,0,0,26.6,31.9,39.4,43.9,22.6,29.6,30.3,38.0,26.6,31.9,39.4,43.9,22.6,29.6,30.3,38.0,0.0,0.0,0.0,0.0,0.0,0.0,0.0,0.0,"(CONTRACTS OF 1,000 BARRELS)",N10,CRUDE OIL,PETROLEUM AND PRODUCTS,NATURAL RESOURCES,FutOnly
180515067411F,"CRUDE OIL, LIGHT SWEET-WTI - ICE FUTURES EUROPE",2018-05-15T00:00:00.000,2018 Report Week 20,"CRUDE OIL, LIGHT SWEET-WTI",67411,ICEU,NYC,67,CRUDE OIL,667701,293789,205336,17696,194126,47207,55602,20508,37597,83609,35607,111623,647123,652004,20578,15697,667701,293789,205336,17696,194126,47207,55602,20508,37597,83609,35607,111623,647123,652004,20578,15697,0,0,0,0,0,0,0,0,0,0,0,0,0,0,0,0,-1166.0,-20377.0,10097.0,-1301.0,-5264.0,4163.0,9088.0,-1440.0,-1851.0,5657.0,-7540.0,70.0,-4551.0,-1765.0,3385.0,599.0,100.0,44.0,30.8,2.7,29.1,7.1,8.3,3.1,5.6,12.5,5.3,16.7,96.9,97.6,3.1,2.4,100.0,44.0,30.8,2.7,29.1,7.1,8.3,3.1,5.6,12.5,5.3,16.7,96.9,97.6,3.1,2.4,100.0,0.0,0.0,0.0,0.0,0.0,0.0,0.0,0.0,0.0,0.0,0.0,0.0,0.0,0.0,0.0,152,47.0,43.0,6.0,14.0,19.0,13.0,11.0,16.0,26,27.0,47,138,133,152,47.0,43.0,6.0,14.0,19.0,13.0,11.0,16.0,26,27.0,47,138,133,0,0,0,0,0,0,0,0,0,0,0,0,0,0,26.8,30.6,39.0,43.5,22.5,28.3,29.7,37.1,26.8,30.6,39.0,43.5,22.5,28.3,29.7,37.1,0.0,0.0,0.0,0.0,0.0,0.0,0.0,0.0,"(CONTRACTS OF 1,000 BARRELS)",N10,CRUDE OIL,PETROLEUM AND PRODUCTS,NATURAL RESOURCES,FutOnly
180508067411F,"CRUDE OIL, LIGHT SWEET-WTI - ICE FUTURES EUROPE",2018-05-08T00:00:00.000,2018 Report Week 19,"CRUDE OIL, LIGHT SWEET-WTI",67411,ICEU,NYC,67,CRUDE OIL,668867,314166,195239,18997,199390,43044,46514,21948,39448,77952,43147,111553,651674,653769,17193,15098,668867,314166,195239,18997,199390,43044,46514,21948,39448,77952,43147,111553,651674,653769,17193,15098,0,0,0,0,0,0,0,0,0,0,0,0,0,0,0,0,18992.0,3425.0,2811.0,-637.0,5157.0,1628.0,1296.0,2141.0,-3452.0,10642.0,3162.0,7376.0,20278.0,18823.0,-1286.0,169.0,100.0,47.0,29.2,2.8,29.8,6.4,7.0,3.3,5.9,11.7,6.5,16.7,97.4,97.7,2.6,2.3,100.0,47.0,29.2,2.8,29.8,6.4,7.0,3.3,5.9,11.7,6.5,16.7,97.4,97.7,2.6,2.3,100.0,0.0,0.0,0.0,0.0,0.0,0.0,0.0,0.0,0.0,0.0,0.0,0.0,0.0,0.0,0.0,156,53.0,47.0,6.0,14.0,18.0,11.0,12.0,16.0,23,29.0,46,141,138,156,53.0,47.0,6.0,14.0,18.0,11.0,12.0,16.0,23,29.0,46,141,138,0,0,0,0,0,0,0,0,0,0,0,0,0,0,26.7,29.9,39.7,43.5,24.0,25.0,30.5,34.4,26.7,29.9,39.7,43.5,24.0,25.0,30.5,34.4,0.0,0.0,0.0,0.0,0.0,0.0,0.0,0.0,"(CONTRACTS OF 1,000 BARRELS)",N10,CRUDE OIL,PETROLEUM AND PRODUCTS,NATURAL RESOURCES,FutOnly
180501067411F,"CRUDE OIL, LIGHT SWEET-WTI - ICE FUTURES EUROPE",2018-05-01T00:00:00.000,2018 Report Week 18,"CRUDE OIL, LIGHT SWEET-WTI",67411,ICEU,NYC,67,CRUDE OIL,649875,310741,192428,19634,194233,41416,45218,19807,42900,67310,39985,104177,631396,634946,18479,14929,649875,310741,192428,19634,194233,41416,45218,19807,42900,67310,39985,104177,631396,634946,18479,14929,0,0,0,0,0,0,0,0,0,0,0,0,0,0,0,0,23615.0,6798.0,11167.0,2035.0,5113.0,3041.0,2421.0,-763.0,-272.0,6736.0,3783.0,1723.0,22482.0,23792.0,1133.0,-177.0,100.0,47.8,29.6,3.0,29.9,6.4,7.0,3.0,6.6,10.4,6.2,16.0,97.2,97.7,2.8,2.3,100.0,47.8,29.6,3.0,29.9,6.4,7.0,3.0,6.6,10.4,6.2,16.0,97.2,97.7,2.8,2.3,100.0,0.0,0.0,0.0,0.0,0.0,0.0,0.0,0.0,0.0,0.0,0.0,0.0,0.0,0.0,0.0,155,51.0,44.0,6.0,13.0,17.0,11.0,14.0,17.0,19,32.0,45,139,134,155,51.0,44.0,6.0,13.0,17.0,11.0,14.0,17.0,19,32.0,45,139,134,0,0,0,0,0,0,0,0,0,0,0,0,0,0,27.5,30.0,39.9,43.0,24.6,25.5,30.8,34.7,27.5,30.0,39.9,43.0,24.6,25.5,30.8,34.7,0.0,0.0,0.0,0.0,0.0,0.0,0.0,0.0,"(CONTRACTS OF 1,000 BARRELS)",N10,CRUDE OIL,PETROLEUM AND PRODUCTS,NATURAL RESOURCES,FutOnly
180424067411F,"CRUDE OIL, LIGHT SWEET-WTI - ICE FUTURES EUROPE",2018-04-24T00:00:00.000,2018 Report Week 17,"CRUDE OIL, LIGHT SWEET-WTI",67411,ICEU,NYC,67,CRUDE OIL,626260,303943,181261,17599,189120,38375,42797,20570,43172,60574,36202,102454,608914,611154,17346,15106,626260,303943,181261,17599,189120,38375,42797,20570,43172,60574,36202,102454,608914,611154,17346,15106,0,0,0,0,0,0,0,0,0,0,0,0,0,0,0,0,3072.0,-2688.0,-6735.0,580.0,12895.0,-2963.0,207.0,8067.0,426.0,9150.0,-4420.0,-3299.0,1413.0,3971.0,1659.0,-899.0,100.0,48.5,28.9,2.8,30.2,6.1,6.8,3.3,6.9,9.7,5.8,16.4,97.2,97.6,2.8,2.4,100.0,48.5,28.9,2.8,30.2,6.1,6.8,3.3,6.9,9.7,5.8,16.4,97.2,97.6,2.8,2.4,100.0,0.0,0.0,0.0,0.0,0.0,0.0,0.0,0.0,0.0,0.0,0.0,0.0,0.0,0.0,0.0,151,47.0,44.0,6.0,13.0,17.0,10.0,13.0,15.0,16,35.0,43,131,133,151,47.0,44.0,6.0,13.0,17.0,10.0,13.0,15.0,16,35.0,43,131,133,0,0,0,0,0,0,0,0,0,0,0,0,0,0,29.1,30.0,42.2,43.5,26.9,26.5,33.8,35.8,29.1,30.0,42.2,43.5,26.9,26.5,33.8,35.8,0.0,0.0,0.0,0.0,0.0,0.0,0.0,0.0,"(CONTRACTS OF 1,000 BARRELS)",N10,CRUDE OIL,PETROLEUM AND PRODUCTS,NATURAL RESOURCES,FutOnly
180417067411F,"CRUDE OIL, LIGHT SWEET-WTI - ICE FUTURES EUROPE",2018-04-17T00:00:00.000,2018 Report Week 16,"CRUDE OIL, LIGHT SWEET-WTI",67411,ICEU,NYC,67,CRUDE OIL,623188,306631,187996,17019,176225,41338,42590,12503,42746,51424,40622,105753,607501,607183,15687,16005,623188,306631,187996,17019,176225,41338,42590,12503,42746,51424,40622,105753,607501,607183,15687,16005,0,0,0,0,0,0,0,0,0,0,0,0,0,0,0,0,38087.0,22043.0,9717.0,-6385.0,6408.0,5944.0,-500.0,-6511.0,4730.0,-3089.0,-2853.0,17012.0,39755.0,34447.0,-1668.0,3640.0,100.0,49.2,30.2,2.7,28.3,6.6,6.8,2.0,6.9,8.3,6.5,17.0,97.5,97.4,2.5,2.6,100.0,49.2,30.2,2.7,28.3,6.6,6.8,2.0,6.9,8.3,6.5,17.0,97.5,97.4,2.5,2.6,100.0,0.0,0.0,0.0,0.0,0.0,0.0,0.0,0.0,0.0,0.0,0.0,0.0,0.0,0.0,0.0,154,48.0,46.0,6.0,15.0,18.0,15.0,11.0,16.0,17,34.0,48,138,140,154,48.0,46.0,6.0,15.0,18.0,15.0,11.0,16.0,17,34.0,48,138,140,0,0,0,0,0,0,0,0,0,0,0,0,0,0,30.6,30.5,44.0,42.9,28.5,25.4,36.0,33.6,30.6,30.5,44.0,42.9,28.5,25.4,36.0,33.6,0.0,0.0,0.0,0.0,0.0,0.0,0.0,0.0,"(CONTRACTS OF 1,000 BARRELS)",N10,CRUDE OIL,PETROLEUM AND PRODUCTS,NATURAL RESOURCES,FutOnly
180410067411F,"CRUDE OIL, LIGHT SWEET-WTI - ICE FUTURES EUROPE",2018-04-10T00:00:00.000,2018 Report Week 15,"CRUDE OIL, LIGHT SWEET-WTI",67411,ICEU,NYC,67,CRUDE OIL,585101,284588,178279,23404,169817,35394,43090,19014,38016,54513,43475,88741,567746,572736,17355,12365,585101,284588,178279,23404,169817,35394,43090,19014,38016,54513,43475,88741,567746,572736,17355,12365,0,0,0,0,0,0,0,0,0,0,0,0,0,0,0,0,11093.0,14984.0,5587.0,-2886.0,8350.0,143.0,1860.0,-1484.0,208.0,-1582.0,1577.0,-549.0,12178.0,13832.0,-1085.0,-2739.0,100.0,48.6,30.5,4.0,29.0,6.0,7.4,3.2,6.5,9.3,7.4,15.2,97.0,97.9,3.0,2.1,100.0,48.6,30.5,4.0,29.0,6.0,7.4,3.2,6.5,9.3,7.4,15.2,97.0,97.9,3.0,2.1,100.0,0.0,0.0,0.0,0.0,0.0,0.0,0.0,0.0,0.0,0.0,0.0,0.0,0.0,0.0,0.0,153,47.0,46.0,7.0,13.0,16.0,14.0,13.0,14.0,20,30.0,46,131,138,153,47.0,46.0,7.0,13.0,16.0,14.0,13.0,14.0,20,30.0,46,131,138,0,0,0,0,0,0,0,0,0,0,0,0,0,0,28.3,28.2,42.4,41.3,27.1,23.9,35.7,33.0,28.3,28.2,42.4,41.3,27.1,23.9,35.7,33.0,0.0,0.0,0.0,0.0,0.0,0.0,0.0,0.0,"(CONTRACTS OF 1,000 BARRELS)",N10,CRUDE OIL,PETROLEUM AND PRODUCTS,NATURAL RESOURCES,FutOnly
180403067411F,"CRUDE OIL, LIGHT SWEET-WTI - ICE FUTURES EUROPE",2018-04-03T00:00:00.000,2018 Report Week 14,"CRUDE OIL, LIGHT SWEET-WTI",67411,ICEU,NYC,67,CRUDE OIL,574008,269604,172692,26290,161467,35251,41230,20498,37808,56095,41898,89290,555568,558904,18440,15104,574008,269604,172692,26290,161467,35251,41230,20498,37808,56095,41898,89290,555568,558904,18440,15104,0,0,0,0,0,0,0,0,0,0,0,0,0,0,0,0,20865.0,24168.0,-2078.0,-1376.0,5459.0,-3127.0,-2377.0,1636.0,1232.0,-10250.0,5178.0,9976.0,18246.0,18276.0,2619.0,2589.0,100.0,47.0,30.1,4.6,28.1,6.1,7.2,3.6,6.6,9.8,7.3,15.6,96.8,97.4,3.2,2.6,100.0,47.0,30.1,4.6,28.1,6.1,7.2,3.6,6.6,9.8,7.3,15.6,96.8,97.4,3.2,2.6,100.0,0.0,0.0,0.0,0.0,0.0,0.0,0.0,0.0,0.0,0.0,0.0,0.0,0.0,0.0,0.0,149,45.0,44.0,7.0,12.0,16.0,12.0,13.0,15.0,18,32.0,45,128,135,149,45.0,44.0,7.0,12.0,16.0,12.0,13.0,15.0,18,32.0,45,128,135,0,0,0,0,0,0,0,0,0,0,0,0,0,0,27.4,27.9,42.2,40.5,25.6,24.7,34.7,33.3,27.4,27.9,42.2,40.5,25.6,24.7,34.7,33.3,0.0,0.0,0.0,0.0,0.0,0.0,0.0,0.0,"(CONTRACTS OF 1,000 BARRELS)",N10,CRUDE OIL,PETROLEUM AND PRODUCTS,NATURAL RESOURCES,FutOnly
180327067411F,"CRUDE OIL, LIGHT SWEET-WTI - ICE FUTURES EUROPE",2018-03-27T00:00:00.000,2018 Report Week 13,"CRUDE OIL, LIGHT SWEET-WTI",67411,ICEU,NYC,67,CRUDE OIL,553143,245436,174770,27666,156008,38378,43607,18862,36576,66345,36720,79314,537322,540628,15821,12515,553143,245436,174770,27666,156008,38378,43607,18862,36576,66345,36720,79314,537322,540628,15821,12515,0,0,0,0,0,0,0,0,0,0,0,0,0,0,0,0,39692.0,40295.0,5270.0,469.0,2696.0,2348.0,-2939.0,2739.0,4242.0,-11107.0,13856.0,8132.0,41440.0,39283.0,-1748.0,409.0,100.0,44.4,31.6,5.0,28.2,6.9,7.9,3.4,6.6,12.0,6.6,14.3,97.1,97.7,2.9,2.3,100.0,44.4,31.6,5.0,28.2,6.9,7.9,3.4,6.6,12.0,6.6,14.3,97.1,97.7,2.9,2.3,100.0,0.0,0.0,0.0,0.0,0.0,0.0,0.0,0.0,0.0,0.0,0.0,0.0,0.0,0.0,0.0,155,47.0,45.0,8.0,12.0,17.0,13.0,12.0,15.0,20,31.0,46,134,137,155,47.0,45.0,8.0,12.0,17.0,13.0,12.0,15.0,20,31.0,46,134,137,0,0,0,0,0,0,0,0,0,0,0,0,0,0,25.1,28.1,39.4,41.4,22.5,25.5,32.2,34.3,25.1,28.1,39.4,41.4,22.5,25.5,32.2,34.3,0.0,0.0,0.0,0.0,0.0,0.0,0.0,0.0,"(CONTRACTS OF 1,000 BARRELS)",N10,CRUDE OIL,PETROLEUM AND PRODUCTS,NATURAL RESOURCES,FutOnly
180320067411F,"CRUDE OIL, LIGHT SWEET-WTI - ICE FUTURES EUROPE",2018-03-20T00:00:00.000,2018 Report Week 12,"CRUDE OIL, LIGHT SWEET-WTI",67411,ICEU,NYC,67,CRUDE OIL,513451,205141,169500,27197,153312,36030,46546,16123,32334,77452,22864,71182,495882,501345,17569,12106,513451,205141,169500,27197,153312,36030,46546,16123,32334,77452,22864,71182,495882,501345,17569,12106,0,0,0,0,0,0,0,0,0,0,0,0,0,0,0,0,-34859.0,-119.0,-5772.0,-427.0,1773.0,-7205.0,2747.0,614.0,-9100.0,-11442.0,-4149.0,-11076.0,-36622.0,-34915.0,1763.0,56.0,100.0,40.0,33.0,5.3,29.9,7.0,9.1,3.1,6.3,15.1,4.5,13.9,96.6,97.6,3.4,2.4,100.0,40.0,33.0,5.3,29.9,7.0,9.1,3.1,6.3,15.1,4.5,13.9,96.6,97.6,3.4,2.4,100.0,0.0,0.0,0.0,0.0,0.0,0.0,0.0,0.0,0.0,0.0,0.0,0.0,0.0,0.0,0.0,145,44.0,43.0,7.0,13.0,17.0,13.0,10.0,14.0,24,22.0,45,128,129,145,44.0,43.0,7.0,13.0,17.0,13.0,10.0,14.0,24,22.0,45,128,129,0,0,0,0,0,0,0,0,0,0,0,0,0,0,24.3,28.4,36.7,41.2,20.8,26.6,30.4,36.5,24.3,28.4,36.7,41.2,20.8,26.6,30.4,36.5,0.0,0.0,0.0,0.0,0.0,0.0,0.0,0.0,"(CONTRACTS OF 1,000 BARRELS)",N10,CRUDE OIL,PETROLEUM AND PRODUCTS,NATURAL RESOURCES,FutOnly
180313067411F,"CRUDE OIL, LIGHT SWEET-WTI - ICE FUTURES EUROPE",2018-03-13T00:00:00.000,2018 Report Week 11,"CRUDE OIL, LIGHT SWEET-WTI",67411,ICEU,NYC,67,CRUDE OIL,548310,205260,175272,27624,151539,43235,43799,15509,41434,88894,27013,82258,532504,536260,15806,12050,548310,205260,175272,27624,151539,43235,43799,15509,41434,88894,27013,82258,532504,536260,15806,12050,0,0,0,0,0,0,0,0,0,0,0,0,0,0,0,0,-7081.0,-10021.0,-7414.0,1506.0,-648.0,2499.0,-5419.0,-838.0,-3775.0,7180.0,1218.0,1883.0,-6147.0,-7075.0,-934.0,-6.0,100.0,37.4,32.0,5.0,27.6,7.9,8.0,2.8,7.6,16.2,4.9,15.0,97.1,97.8,2.9,2.2,100.0,37.4,32.0,5.0,27.6,7.9,8.0,2.8,7.6,16.2,4.9,15.0,97.1,97.8,2.9,2.2,100.0,0.0,0.0,0.0,0.0,0.0,0.0,0.0,0.0,0.0,0.0,0.0,0.0,0.0,0.0,0.0,150,46.0,47.0,7.0,12.0,18.0,14.0,9.0,15.0,22,29.0,53,140,137,150,46.0,47.0,7.0,12.0,18.0,14.0,9.0,15.0,22,29.0,53,140,137,0,0,0,0,0,0,0,0,0,0,0,0,0,0,21.8,27.9,33.8,40.3,17.6,26.2,25.4,34.1,21.8,27.9,33.8,40.3,17.6,26.2,25.4,34.1,0.0,0.0,0.0,0.0,0.0,0.0,0.0,0.0,"(CONTRACTS OF 1,000 BARRELS)",N10,CRUDE OIL,PETROLEUM AND PRODUCTS,NATURAL RESOURCES,FutOnly
180306067411F,"CRUDE OIL, LIGHT SWEET-WTI - ICE FUTURES EUROPE",2018-03-06T00:00:00.000,2018 Report Week 10,"CRUDE OIL, LIGHT SWEET-WTI",67411,ICEU,NYC,67,CRUDE OIL,555391,215281,182686,26118,152187,40736,49218,16347,45209,81714,25795,80375,538651,543335,16740,12056,555391,215281,182686,26118,152187,40736,49218,16347,45209,81714,25795,80375,538651,543335,16740,12056,0,0,0,0,0,0,0,0,0,0,0,0,0,0,0,0,12476.0,3880.0,20553.0,2175.0,-7161.0,9430.0,120.0,-2803.0,-3107.0,1681.0,-1211.0,-4325.0,9854.0,11376.0,2622.0,1100.0,100.0,38.8,32.9,4.7,27.4,7.3,8.9,2.9,8.1,14.7,4.6,14.5,97.0,97.8,3.0,2.2,100.0,38.8,32.9,4.7,27.4,7.3,8.9,2.9,8.1,14.7,4.6,14.5,97.0,97.8,3.0,2.2,100.0,0.0,0.0,0.0,0.0,0.0,0.0,0.0,0.0,0.0,0.0,0.0,0.0,0.0,0.0,0.0,150,46.0,45.0,7.0,12.0,18.0,14.0,8.0,14.0,24,27.0,53,139,135,150,46.0,45.0,7.0,12.0,18.0,14.0,8.0,14.0,24,27.0,53,139,135,0,0,0,0,0,0,0,0,0,0,0,0,0,0,21.5,28.4,33.8,40.5,17.0,26.2,25.5,33.8,21.5,28.4,33.8,40.5,17.0,26.2,25.5,33.8,0.0,0.0,0.0,0.0,0.0,0.0,0.0,0.0,"(CONTRACTS OF 1,000 BARRELS)",N10,CRUDE OIL,PETROLEUM AND PRODUCTS,NATURAL RESOURCES,FutOnly
180227067411F,"CRUDE OIL, LIGHT SWEET-WTI - ICE FUTURES EUROPE",2018-02-27T00:00:00.000,2018 Report Week 09,"CRUDE OIL, LIGHT SWEET-WTI",67411,ICEU,NYC,67,CRUDE OIL,542915,211401,162133,23943,159348,31306,49098,19150,48316,80033,27006,84700,528797,531959,14118,10956,542915,211401,162133,23943,159348,31306,49098,19150,48316,80033,27006,84700,528797,531959,14118,10956,0,0,0,0,0,0,0,0,0,0,0,0,0,0,0,0,5709.0,5960.0,841.0,1424.0,1953.0,-2874.0,-3033.0,892.0,856.0,4887.0,2225.0,664.0,7884.0,4557.0,-2175.0,1152.0,100.0,38.9,29.9,4.4,29.4,5.8,9.0,3.5,8.9,14.7,5.0,15.6,97.4,98.0,2.6,2.0,100.0,38.9,29.9,4.4,29.4,5.8,9.0,3.5,8.9,14.7,5.0,15.6,97.4,98.0,2.6,2.0,100.0,0.0,0.0,0.0,0.0,0.0,0.0,0.0,0.0,0.0,0.0,0.0,0.0,0.0,0.0,0.0,150,44.0,45.0,7.0,12.0,18.0,16.0,8.0,14.0,25,27.0,48,136,132,150,44.0,45.0,7.0,12.0,18.0,16.0,8.0,14.0,25,27.0,48,136,132,0,0,0,0,0,0,0,0,0,0,0,0,0,0,23.9,29.0,36.6,41.1,19.5,25.8,28.3,33.6,23.9,29.0,36.6,41.1,19.5,25.8,28.3,33.6,0.0,0.0,0.0,0.0,0.0,0.0,0.0,0.0,"(CONTRACTS OF 1,000 BARRELS)",N10,CRUDE OIL,PETROLEUM AND PRODUCTS,NATURAL RESOURCES,FutOnly
180220067411F,"CRUDE OIL, LIGHT SWEET-WTI - ICE FUTURES EUROPE",2018-02-20T00:00:00.000,2018 Report Week 08,"CRUDE OIL, LIGHT SWEET-WTI",67411,ICEU,NYC,67,CRUDE OIL,537206,205441,161292,22519,157395,34180,52131,18258,47460,75146,24781,84036,520913,527402,16293,9804,537206,205441,161292,22519,157395,34180,52131,18258,47460,75146,24781,84036,520913,527402,16293,9804,0,0,0,0,0,0,0,0,0,0,0,0,0,0,0,0,-42536.0,-6392.0,4085.0,-859.0,2769.0,-8202.0,2031.0,-3185.0,-11172.0,3531.0,-5583.0,-5531.0,-26594.0,-26819.0,-15942.0,-15717.0,100.0,38.2,30.0,4.2,29.3,6.4,9.7,3.4,8.8,14.0,4.6,15.6,97.0,98.2,3.0,1.8,100.0,38.2,30.0,4.2,29.3,6.4,9.7,3.4,8.8,14.0,4.6,15.6,97.0,98.2,3.0,1.8,100.0,0.0,0.0,0.0,0.0,0.0,0.0,0.0,0.0,0.0,0.0,0.0,0.0,0.0,0.0,0.0,150,44.0,47.0,7.0,12.0,17.0,16.0,8.0,16.0,22,30.0,47,135,134,150,44.0,47.0,7.0,12.0,17.0,16.0,8.0,16.0,22,30.0,47,135,134,0,0,0,0,0,0,0,0,0,0,0,0,0,0,23.6,29.5,36.3,41.9,19.2,26.3,28.1,34.2,23.6,29.5,36.3,41.9,19.2,26.3,28.1,34.2,0.0,0.0,0.0,0.0,0.0,0.0,0.0,0.0,"(CONTRACTS OF 1,000 BARRELS)",N10,CRUDE OIL,PETROLEUM AND PRODUCTS,NATURAL RESOURCES,FutOnly
180213067411F,"CRUDE OIL, LIGHT SWEET-WTI - ICE FUTURES EUROPE",2018-02-13T00:00:00.000,2018 Report Week 07,"CRUDE OIL, LIGHT SWEET-WTI",67411,ICEU,NYC,67,CRUDE OIL,579742,211833,157207,23378,154626,42382,50100,21443,58632,71615,30364,89567,547507,554221,32235,25521,579742,211833,157207,23378,154626,42382,50100,21443,58632,71615,30364,89567,547507,554221,32235,25521,0,0,0,0,0,0,0,0,0,0,0,0,0,0,0,0,10543.0,-8544.0,7182.0,2858.0,5479.0,-1546.0,-3000.0,5138.0,167.0,14146.0,-12302.0,-7722.0,-3641.0,-3604.0,14184.0,14147.0,100.0,36.5,27.1,4.0,26.7,7.3,8.6,3.7,10.1,12.4,5.2,15.4,94.4,95.6,5.6,4.4,100.0,36.5,27.1,4.0,26.7,7.3,8.6,3.7,10.1,12.4,5.2,15.4,94.4,95.6,5.6,4.4,100.0,0.0,0.0,0.0,0.0,0.0,0.0,0.0,0.0,0.0,0.0,0.0,0.0,0.0,0.0,0.0,152,42.0,45.0,7.0,13.0,18.0,17.0,8.0,16.0,22,34.0,51,138,137,152,42.0,45.0,7.0,13.0,18.0,17.0,8.0,16.0,22,34.0,51,138,137,0,0,0,0,0,0,0,0,0,0,0,0,0,0,22.7,25.8,34.8,37.9,19.2,22.5,27.6,29.0,22.7,25.8,34.8,37.9,19.2,22.5,27.6,29.0,0.0,0.0,0.0,0.0,0.0,0.0,0.0,0.0,"(CONTRACTS OF 1,000 BARRELS)",N10,CRUDE OIL,PETROLEUM AND PRODUCTS,NATURAL RESOURCES,FutOnly
180206067411F,"CRUDE OIL, LIGHT SWEET-WTI - ICE FUTURES EUROPE",2018-02-06T00:00:00.000,2018 Report Week 06,"CRUDE OIL, LIGHT SWEET-WTI",67411,ICEU,NYC,67,CRUDE OIL,569199,220377,150025,20520,149147,43928,53100,16305,58465,57469,42666,97289,551148,557825,18051,11374,569199,220377,150025,20520,149147,43928,53100,16305,58465,57469,42666,97289,551148,557825,18051,11374,0,0,0,0,0,0,0,0,0,0,0,0,0,0,0,0,-3914.0,-7919.0,-11714.0,1079.0,4614.0,-7695.0,-1291.0,-2358.0,451.0,-2688.0,770.0,12823.0,-5240.0,-3109.0,1326.0,-805.0,100.0,38.7,26.4,3.6,26.2,7.7,9.3,2.9,10.3,10.1,7.5,17.1,96.8,98.0,3.2,2.0,100.0,38.7,26.4,3.6,26.2,7.7,9.3,2.9,10.3,10.1,7.5,17.1,96.8,98.0,3.2,2.0,100.0,0.0,0.0,0.0,0.0,0.0,0.0,0.0,0.0,0.0,0.0,0.0,0.0,0.0,0.0,0.0,150,45.0,44.0,6.0,12.0,17.0,19.0,5.0,15.0,23,31.0,50,138,132,150,45.0,44.0,6.0,12.0,17.0,19.0,5.0,15.0,23,31.0,50,138,132,0,0,0,0,0,0,0,0,0,0,0,0,0,0,23.2,27.3,35.5,40.3,19.7,23.0,27.9,29.5,23.2,27.3,35.5,40.3,19.7,23.0,27.9,29.5,0.0,0.0,0.0,0.0,0.0,0.0,0.0,0.0,"(CONTRACTS OF 1,000 BARRELS)",N10,CRUDE OIL,PETROLEUM AND PRODUCTS,NATURAL RESOURCES,FutOnly
180130067411F,"CRUDE OIL, LIGHT SWEET-WTI - ICE FUTURES EUROPE",2018-01-30T00:00:00.000,2018 Report Week 05,"CRUDE OIL, LIGHT SWEET-WTI",67411,ICEU,NYC,67,CRUDE OIL,573113,228296,161739,19441,144533,51623,54391,18663,58014,60157,41896,84466,556388,560934,16725,12179,573113,228296,161739,19441,144533,51623,54391,18663,58014,60157,41896,84466,556388,560934,16725,12179,0,0,0,0,0,0,0,0,0,0,0,0,0,0,0,0,20910.0,1557.0,-8048.0,4111.0,791.0,7611.0,-15234.0,3007.0,8119.0,9657.0,2263.0,7696.0,23517.0,21439.0,-2607.0,-529.0,100.0,39.8,28.2,3.4,25.2,9.0,9.5,3.3,10.1,10.5,7.3,14.7,97.1,97.9,2.9,2.1,100.0,39.8,28.2,3.4,25.2,9.0,9.5,3.3,10.1,10.5,7.3,14.7,97.1,97.9,2.9,2.1,100.0,0.0,0.0,0.0,0.0,0.0,0.0,0.0,0.0,0.0,0.0,0.0,0.0,0.0,0.0,0.0,153,50.0,48.0,6.0,12.0,17.0,18.0,6.0,16.0,19,34.0,47,139,136,153,50.0,48.0,6.0,12.0,17.0,18.0,6.0,16.0,19,34.0,47,139,136,0,0,0,0,0,0,0,0,0,0,0,0,0,0,23.8,28.0,37.9,40.9,20.7,23.5,30.1,29.6,23.8,28.0,37.9,40.9,20.7,23.5,30.1,29.6,0.0,0.0,0.0,0.0,0.0,0.0,0.0,0.0,"(CONTRACTS OF 1,000 BARRELS)",N10,CRUDE OIL,PETROLEUM AND PRODUCTS,NATURAL RESOURCES,FutOnly
180123067411F,"CRUDE OIL, LIGHT SWEET-WTI - ICE FUTURES EUROPE",2018-01-23T00:00:00.000,2018 Report Week 04,"CRUDE OIL, LIGHT SWEET-WTI",67411,ICEU,NYC,67,CRUDE OIL,552203,226739,169787,15330,143742,44012,69625,15656,49895,50500,39633,76770,532871,539495,19332,12708,552203,226739,169787,15330,143742,44012,69625,15656,49895,50500,39633,76770,532871,539495,19332,12708,0,0,0,0,0,0,0,0,0,0,0,0,0,0,0,0,-33797.0,-9712.0,-22329.0,-3686.0,-4848.0,2271.0,-5034.0,659.0,-1761.0,-4248.0,3933.0,-11894.0,-34064.0,-33969.0,267.0,172.0,100.0,41.1,30.7,2.8,26.0,8.0,12.6,2.8,9.0,9.1,7.2,13.9,96.5,97.7,3.5,2.3,100.0,41.1,30.7,2.8,26.0,8.0,12.6,2.8,9.0,9.1,7.2,13.9,96.5,97.7,3.5,2.3,100.0,0.0,0.0,0.0,0.0,0.0,0.0,0.0,0.0,0.0,0.0,0.0,0.0,0.0,0.0,0.0,151,50.0,50.0,6.0,12.0,18.0,19.0,7.0,14.0,20,30.0,41,135,133,151,50.0,50.0,6.0,12.0,18.0,19.0,7.0,14.0,20,30.0,41,135,133,0,0,0,0,0,0,0,0,0,0,0,0,0,0,25.5,27.7,38.8,40.6,21.9,23.0,31.4,29.7,25.5,27.7,38.8,40.6,21.9,23.0,31.4,29.7,0.0,0.0,0.0,0.0,0.0,0.0,0.0,0.0,"(CONTRACTS OF 1,000 BARRELS)",N10,CRUDE OIL,PETROLEUM AND PRODUCTS,NATURAL RESOURCES,FutOnly
180116067411F,"CRUDE OIL, LIGHT SWEET-WTI - ICE FUTURES EUROPE",2018-01-16T00:00:00.000,2018 Report Week 03,"CRUDE OIL, LIGHT SWEET-WTI",67411,ICEU,NYC,67,CRUDE OIL,586000,236451,192116,19016,148590,41741,74659,14997,51656,54748,35700,88664,566935,573464,19065,12536,586000,236451,192116,19016,148590,41741,74659,14997,51656,54748,35700,88664,566935,573464,19065,12536,0,0,0,0,0,0,0,0,0,0,0,0,0,0,0,0,-7095.0,8171.0,6669.0,-2535.0,2716.0,-926.0,-1875.0,1637.0,7008.0,1623.0,-5839.0,-17606.0,-6140.0,-6341.0,-955.0,-754.0,100.0,40.4,32.8,3.2,25.4,7.1,12.7,2.6,8.8,9.3,6.1,15.1,96.7,97.9,3.3,2.1,100.0,40.4,32.8,3.2,25.4,7.1,12.7,2.6,8.8,9.3,6.1,15.1,96.7,97.9,3.3,2.1,100.0,0.0,0.0,0.0,0.0,0.0,0.0,0.0,0.0,0.0,0.0,0.0,0.0,0.0,0.0,0.0,156,52.0,50.0,6.0,11.0,17.0,19.0,6.0,15.0,19,37.0,46,141,138,156,52.0,50.0,6.0,11.0,17.0,19.0,6.0,15.0,19,37.0,46,141,138,0,0,0,0,0,0,0,0,0,0,0,0,0,0,24.4,30.0,36.5,42.3,20.2,27.1,29.6,33.8,24.4,30.0,36.5,42.3,20.2,27.1,29.6,33.8,0.0,0.0,0.0,0.0,0.0,0.0,0.0,0.0,"(CONTRACTS OF 1,000 BARRELS)",N10,CRUDE OIL,PETROLEUM AND PRODUCTS,NATURAL RESOURCES,FutOnly
180109067411F,"CRUDE OIL, LIGHT SWEET-WTI - ICE FUTURES EUROPE",2018-01-09T00:00:00.000,2018 Report Week 02,"CRUDE OIL, LIGHT SWEET-WTI",67411,ICEU,NYC,67,CRUDE OIL,593095,228280,185447,21551,145874,42667,76534,13360,44648,53125,41539,106270,573075,579805,20020,13290,593095,228280,185447,21551,145874,42667,76534,13360,44648,53125,41539,106270,573075,579805,20020,13290,0,0,0,0,0,0,0,0,0,0,0,0,0,0,0,0,11792.0,1461.0,22557.0,-597.0,11055.0,-1905.0,3151.0,-1493.0,938.0,17293.0,-8950.0,-11678.0,8663.0,10524.0,3129.0,1268.0,100.0,38.5,31.3,3.6,24.6,7.2,12.9,2.3,7.5,9.0,7.0,17.9,96.6,97.8,3.4,2.2,100.0,38.5,31.3,3.6,24.6,7.2,12.9,2.3,7.5,9.0,7.0,17.9,96.6,97.8,3.4,2.2,100.0,0.0,0.0,0.0,0.0,0.0,0.0,0.0,0.0,0.0,0.0,0.0,0.0,0.0,0.0,0.0,154,46.0,44.0,6.0,11.0,17.0,17.0,10.0,15.0,19,39.0,48,137,136,154,46.0,44.0,6.0,11.0,17.0,17.0,10.0,15.0,19,39.0,48,137,136,0,0,0,0,0,0,0,0,0,0,0,0,0,0,23.3,28.3,36.1,40.0,18.9,25.5,28.6,32.4,23.3,28.3,36.1,40.0,18.9,25.5,28.6,32.4,0.0,0.0,0.0,0.0,0.0,0.0,0.0,0.0,"(CONTRACTS OF 1,000 BARRELS)",N10,CRUDE OIL,PETROLEUM AND PRODUCTS,NATURAL RESOURCES,FutOnly
180102067411F,"CRUDE OIL, LIGHT SWEET-WTI - ICE FUTURES EUROPE",2018-01-02T00:00:00.000,2018 Report Week 01,"CRUDE OIL, LIGHT SWEET-WTI",67411,ICEU,NYC,67,CRUDE OIL,581303,226819,162890,22148,134819,44572,73383,14853,43710,35832,50489,117948,564412,569281,16891,12022,581303,226819,162890,22148,134819,44572,73383,14853,43710,35832,50489,117948,564412,569281,16891,12022,0,0,0,0,0,0,0,0,0,0,0,0,0,0,0,0,7761.0,-4580.0,-581.0,728.0,4034.0,-195.0,7367.0,-2741.0,-2737.0,2338.0,1989.0,6183.0,9104.0,5952.0,-1343.0,1809.0,100.0,39.0,28.0,3.8,23.2,7.7,12.6,2.6,7.5,6.2,8.7,20.3,97.1,97.9,2.9,2.1,100.0,39.0,28.0,3.8,23.2,7.7,12.6,2.6,7.5,6.2,8.7,20.3,97.1,97.9,2.9,2.1,100.0,0.0,0.0,0.0,0.0,0.0,0.0,0.0,0.0,0.0,0.0,0.0,0.0,0.0,0.0,0.0,158,48.0,45.0,8.0,10.0,18.0,14.0,12.0,14.0,16,43.0,48,137,142,158,48.0,45.0,8.0,10.0,18.0,14.0,12.0,14.0,16,43.0,48,137,142,0,0,0,0,0,0,0,0,0,0,0,0,0,0,23.9,26.1,36.5,38.9,18.8,23.0,28.3,30.3,23.9,26.1,36.5,38.9,18.8,23.0,28.3,30.3,0.0,0.0,0.0,0.0,0.0,0.0,0.0,0.0,"(CONTRACTS OF 1,000 BARRELS)",N10,CRUDE OIL,PETROLEUM AND PRODUCTS,NATURAL RESOURCES,FutOnly
171226067411F,"CRUDE OIL, LIGHT SWEET-WTI - ICE FUTURES EUROPE",2017-12-26T00:00:00.000,2017 Report Week 52,"CRUDE OIL, LIGHT SWEET-WTI",67411,ICEU,NYC,67,CRUDE OIL,573542,231399,163471,21420,130785,44767,66016,17594,46447,33494,48500,111765,555308,563329,18234,10213,573542,231399,163471,21420,130785,44767,66016,17594,46447,33494,48500,111765,555308,563329,18234,10213,0,0,0,0,0,0,0,0,0,0,0,0,0,0,0,0,-103.0,-1073.0,-6646.0,-1021.0,3530.0,1004.0,1572.0,-3154.0,-1688.0,-4754.0,1548.0,5685.0,-275.0,279.0,172.0,-382.0,100.0,40.3,28.5,3.7,22.8,7.8,11.5,3.1,8.1,5.8,8.5,19.5,96.8,98.2,3.2,1.8,100.0,40.3,28.5,3.7,22.8,7.8,11.5,3.1,8.1,5.8,8.5,19.5,96.8,98.2,3.2,1.8,100.0,0.0,0.0,0.0,0.0,0.0,0.0,0.0,0.0,0.0,0.0,0.0,0.0,0.0,0.0,0.0,153,44.0,44.0,8.0,10.0,18.0,15.0,12.0,15.0,17,38.0,47,133,138,153,44.0,44.0,8.0,10.0,18.0,15.0,12.0,15.0,17,38.0,47,133,138,0,0,0,0,0,0,0,0,0,0,0,0,0,0,24.3,25.7,36.7,38.2,20.6,21.8,30.2,28.6,24.3,25.7,36.7,38.2,20.6,21.8,30.2,28.6,0.0,0.0,0.0,0.0,0.0,0.0,0.0,0.0,"(CONTRACTS OF 1,000 BARRELS)",N10,CRUDE OIL,PETROLEUM AND PRODUCTS,NATURAL RESOURCES,FutOnly
171219067411F,"CRUDE OIL, LIGHT SWEET-WTI - ICE FUTURES EUROPE",2017-12-19T00:00:00.000,2017 Report Week 51,"CRUDE OIL, LIGHT SWEET-WTI",67411,ICEU,NYC,67,CRUDE OIL,573645,232472,170117,22441,127255,43763,64444,20748,48135,38248,46952,106080,555583,563050,18062,10595,573645,232472,170117,22441,127255,43763,64444,20748,48135,38248,46952,106080,555583,563050,18062,10595,0,0,0,0,0,0,0,0,0,0,0,0,0,0,0,0,-21726.0,-6269.0,-6155.0,-1494.0,-7645.0,-2179.0,-367.0,-575.0,-7136.0,-3130.0,1549.0,-642.0,-21217.0,-22783.0,-509.0,1057.0,100.0,40.5,29.7,3.9,22.2,7.6,11.2,3.6,8.4,6.7,8.2,18.5,96.9,98.2,3.1,1.8,100.0,40.5,29.7,3.9,22.2,7.6,11.2,3.6,8.4,6.7,8.2,18.5,96.9,98.2,3.1,1.8,100.0,0.0,0.0,0.0,0.0,0.0,0.0,0.0,0.0,0.0,0.0,0.0,0.0,0.0,0.0,0.0,152,42.0,43.0,8.0,10.0,18.0,15.0,12.0,15.0,17,40.0,48,133,137,152,42.0,43.0,8.0,10.0,18.0,15.0,12.0,15.0,17,40.0,48,133,137,0,0,0,0,0,0,0,0,0,0,0,0,0,0,23.9,25.8,36.2,37.3,19.7,21.6,28.8,28.5,23.9,25.8,36.2,37.3,19.7,21.6,28.8,28.5,0.0,0.0,0.0,0.0,0.0,0.0,0.0,0.0,"(CONTRACTS OF 1,000 BARRELS)",N10,CRUDE OIL,PETROLEUM AND PRODUCTS,NATURAL RESOURCES,FutOnly
171212067411F,"CRUDE OIL, LIGHT SWEET-WTI - ICE FUTURES EUROPE",2017-12-12T00:00:00.000,2017 Report Week 50,"CRUDE OIL, LIGHT SWEET-WTI",67411,ICEU,NYC,67,CRUDE OIL,595371,238741,176272,23935,134900,45942,64811,21323,55271,41378,45403,106722,576800,585833,18571,9538,595371,238741,176272,23935,134900,45942,64811,21323,55271,41378,45403,106722,576800,585833,18571,9538,0,0,0,0,0,0,0,0,0,0,0,0,0,0,0,0,-6142.0,-8374.0,-5033.0,1625.0,-4360.0,3647.0,-6825.0,-1160.0,1922.0,-1761.0,-3272.0,5290.0,-4476.0,-2966.0,-1666.0,-3176.0,100.0,40.1,29.6,4.0,22.7,7.7,10.9,3.6,9.3,6.9,7.6,17.9,96.9,98.4,3.1,1.6,100.0,40.1,29.6,4.0,22.7,7.7,10.9,3.6,9.3,6.9,7.6,17.9,96.9,98.4,3.1,1.6,100.0,0.0,0.0,0.0,0.0,0.0,0.0,0.0,0.0,0.0,0.0,0.0,0.0,0.0,0.0,0.0,159,49.0,47.0,8.0,10.0,18.0,15.0,12.0,16.0,21,37.0,55,147,143,159,49.0,47.0,8.0,10.0,18.0,15.0,12.0,16.0,21,37.0,55,147,143,0,0,0,0,0,0,0,0,0,0,0,0,0,0,23.9,26.6,35.6,37.6,21.1,22.2,30.1,29.5,23.9,26.6,35.6,37.6,21.1,22.2,30.1,29.5,0.0,0.0,0.0,0.0,0.0,0.0,0.0,0.0,"(CONTRACTS OF 1,000 BARRELS)",N10,CRUDE OIL,PETROLEUM AND PRODUCTS,NATURAL RESOURCES,FutOnly
171205067411F,"CRUDE OIL, LIGHT SWEET-WTI - ICE FUTURES EUROPE",2017-12-05T00:00:00.000,2017 Report Week 49,"CRUDE OIL, LIGHT SWEET-WTI",67411,ICEU,NYC,67,CRUDE OIL,601513,247115,181305,22310,139260,42295,71636,22483,53349,43139,48675,101432,581276,588799,20237,12714,601513,247115,181305,22310,139260,42295,71636,22483,53349,43139,48675,101432,581276,588799,20237,12714,0,0,0,0,0,0,0,0,0,0,0,0,0,0,0,0,9395.0,4059.0,4556.0,917.0,3548.0,1145.0,-4161.0,1027.0,1962.0,6884.0,-699.0,-2200.0,8606.0,9339.0,789.0,56.0,100.0,41.1,30.1,3.7,23.2,7.0,11.9,3.7,8.9,7.2,8.1,16.9,96.6,97.9,3.4,2.1,100.0,41.1,30.1,3.7,23.2,7.0,11.9,3.7,8.9,7.2,8.1,16.9,96.6,97.9,3.4,2.1,100.0,0.0,0.0,0.0,0.0,0.0,0.0,0.0,0.0,0.0,0.0,0.0,0.0,0.0,0.0,0.0,153,46.0,47.0,7.0,10.0,17.0,14.0,14.0,14.0,20,35.0,51,138,138,153,46.0,47.0,7.0,10.0,17.0,14.0,14.0,14.0,20,35.0,51,138,138,0,0,0,0,0,0,0,0,0,0,0,0,0,0,22.7,25.3,35.0,37.5,20.1,20.8,30.1,29.4,22.7,25.3,35.0,37.5,20.1,20.8,30.1,29.4,0.0,0.0,0.0,0.0,0.0,0.0,0.0,0.0,"(CONTRACTS OF 1,000 BARRELS)",N10,CRUDE OIL,PETROLEUM AND PRODUCTS,NATURAL RESOURCES,FutOnly
171128067411F,"CRUDE OIL, LIGHT SWEET-WTI - ICE FUTURES EUROPE",2017-11-28T00:00:00.000,2017 Report Week 48,"CRUDE OIL, LIGHT SWEET-WTI",67411,ICEU,NYC,67,CRUDE OIL,592118,243056,176749,21393,135712,41150,75797,21456,51387,36255,49374,103632,572670,579460,19448,12658,592118,243056,176749,21393,135712,41150,75797,21456,51387,36255,49374,103632,572670,579460,19448,12658,0,0,0,0,0,0,0,0,0,0,0,0,0,0,0,0,-9376.0,-5633.0,-33.0,-138.0,2091.0,95.0,-7492.0,-6694.0,-5424.0,5499.0,-2077.0,3888.0,-9205.0,-8154.0,-171.0,-1222.0,100.0,41.0,29.9,3.6,22.9,6.9,12.8,3.6,8.7,6.1,8.3,17.5,96.7,97.9,3.3,2.1,100.0,41.0,29.9,3.6,22.9,6.9,12.8,3.6,8.7,6.1,8.3,17.5,96.7,97.9,3.3,2.1,100.0,0.0,0.0,0.0,0.0,0.0,0.0,0.0,0.0,0.0,0.0,0.0,0.0,0.0,0.0,0.0,152,47.0,43.0,7.0,10.0,17.0,14.0,14.0,14.0,19,35.0,47,136,132,152,47.0,43.0,7.0,10.0,17.0,14.0,14.0,14.0,19,35.0,47,136,132,0,0,0,0,0,0,0,0,0,0,0,0,0,0,21.3,25.6,33.1,37.1,18.6,20.8,27.8,28.8,21.3,25.6,33.1,37.1,18.6,20.8,27.8,28.8,0.0,0.0,0.0,0.0,0.0,0.0,0.0,0.0,"(CONTRACTS OF 1,000 BARRELS)",N10,CRUDE OIL,PETROLEUM AND PRODUCTS,NATURAL RESOURCES,FutOnly
171121067411F,"CRUDE OIL, LIGHT SWEET-WTI - ICE FUTURES EUROPE",2017-11-21T00:00:00.000,2017 Report Week 47,"CRUDE OIL, LIGHT SWEET-WTI",67411,ICEU,NYC,67,CRUDE OIL,601494,248689,176782,21531,133621,41055,83289,28150,56811,30756,51451,99744,581875,587614,19619,13880,601494,248689,176782,21531,133621,41055,83289,28150,56811,30756,51451,99744,581875,587614,19619,13880,0,0,0,0,0,0,0,0,0,0,0,0,0,0,0,0,-27468.0,-6022.0,-6135.0,1528.0,7283.0,-10520.0,-3867.0,2114.0,-1235.0,4214.0,-13487.0,-9321.0,-25223.0,-31301.0,-2245.0,3833.0,100.0,41.3,29.4,3.6,22.2,6.8,13.8,4.7,9.4,5.1,8.6,16.6,96.7,97.7,3.3,2.3,100.0,41.3,29.4,3.6,22.2,6.8,13.8,4.7,9.4,5.1,8.6,16.6,96.7,97.7,3.3,2.3,100.0,0.0,0.0,0.0,0.0,0.0,0.0,0.0,0.0,0.0,0.0,0.0,0.0,0.0,0.0,0.0,147,44.0,40.0,7.0,10.0,17.0,15.0,12.0,15.0,18,35.0,46,134,126,147,44.0,40.0,7.0,10.0,17.0,15.0,12.0,15.0,18,35.0,46,134,126,0,0,0,0,0,0,0,0,0,0,0,0,0,0,20.7,27.1,32.8,39.1,18.6,23.0,27.4,30.5,20.7,27.1,32.8,39.1,18.6,23.0,27.4,30.5,0.0,0.0,0.0,0.0,0.0,0.0,0.0,0.0,"(CONTRACTS OF 1,000 BARRELS)",N10,CRUDE OIL,PETROLEUM AND PRODUCTS,NATURAL RESOURCES,FutOnly
171114067411F,"CRUDE OIL, LIGHT SWEET-WTI - ICE FUTURES EUROPE",2017-11-14T00:00:00.000,2017 Report Week 46,"CRUDE OIL, LIGHT SWEET-WTI",67411,ICEU,NYC,67,CRUDE OIL,628962,254711,182917,20003,126338,51575,87156,26036,58046,26542,64938,109065,607098,618915,21864,10047,628962,254711,182917,20003,126338,51575,87156,26036,58046,26542,64938,109065,607098,618915,21864,10047,0,0,0,0,0,0,0,0,0,0,0,0,0,0,0,0,-17344.0,-12398.0,-28791.0,-7747.0,-2578.0,2937.0,-4540.0,-474.0,1394.0,-10638.0,497.0,13626.0,-17366.0,-13389.0,22.0,-3955.0,100.0,40.5,29.1,3.2,20.1,8.2,13.9,4.1,9.2,4.2,10.3,17.3,96.5,98.4,3.5,1.6,100.0,40.5,29.1,3.2,20.1,8.2,13.9,4.1,9.2,4.2,10.3,17.3,96.5,98.4,3.5,1.6,100.0,0.0,0.0,0.0,0.0,0.0,0.0,0.0,0.0,0.0,0.0,0.0,0.0,0.0,0.0,0.0,157,48.0,45.0,8.0,11.0,17.0,17.0,11.0,16.0,18,38.0,49,141,138,157,48.0,45.0,8.0,11.0,17.0,17.0,11.0,16.0,18,38.0,49,141,138,0,0,0,0,0,0,0,0,0,0,0,0,0,0,19.8,25.7,32.0,39.6,17.3,21.1,25.7,28.7,19.8,25.7,32.0,39.6,17.3,21.1,25.7,28.7,0.0,0.0,0.0,0.0,0.0,0.0,0.0,0.0,"(CONTRACTS OF 1,000 BARRELS)",N10,CRUDE OIL,PETROLEUM AND PRODUCTS,NATURAL RESOURCES,FutOnly
171107067411F,"CRUDE OIL, LIGHT SWEET-WTI - ICE FUTURES EUROPE",2017-11-07T00:00:00.000,2017 Report Week 45,"CRUDE OIL, LIGHT SWEET-WTI",67411,ICEU,NYC,67,CRUDE OIL,646306,267109,211708,27750,128916,48638,91696,26510,56652,37180,64441,95439,624464,632304,21842,14002,646306,267109,211708,27750,128916,48638,91696,26510,56652,37180,64441,95439,624464,632304,21842,14002,0,0,0,0,0,0,0,0,0,0,0,0,0,0,0,0,27889.0,11839.0,-719.0,-2399.0,8518.0,1803.0,3687.0,1428.0,2813.0,-1021.0,937.0,10859.0,27581.0,25639.0,308.0,2250.0,100.0,41.3,32.8,4.3,19.9,7.5,14.2,4.1,8.8,5.8,10.0,14.8,96.6,97.8,3.4,2.2,100.0,41.3,32.8,4.3,19.9,7.5,14.2,4.1,8.8,5.8,10.0,14.8,96.6,97.8,3.4,2.2,100.0,0.0,0.0,0.0,0.0,0.0,0.0,0.0,0.0,0.0,0.0,0.0,0.0,0.0,0.0,0.0,158,49.0,48.0,9.0,11.0,17.0,17.0,9.0,15.0,26,29.0,46,139,138,158,49.0,48.0,9.0,11.0,17.0,17.0,9.0,15.0,26,29.0,46,139,138,0,0,0,0,0,0,0,0,0,0,0,0,0,0,18.8,25.4,30.6,38.5,15.7,20.6,24.1,28.2,18.8,25.4,30.6,38.5,15.7,20.6,24.1,28.2,0.0,0.0,0.0,0.0,0.0,0.0,0.0,0.0,"(CONTRACTS OF 1,000 BARRELS)",N10,CRUDE OIL,PETROLEUM AND PRODUCTS,NATURAL RESOURCES,FutOnly
171031067411F,"CRUDE OIL, LIGHT SWEET-WTI - ICE FUTURES EUROPE",2017-10-31T00:00:00.000,2017 Report Week 44,"CRUDE OIL, LIGHT SWEET-WTI",67411,ICEU,NYC,67,CRUDE OIL,618417,255270,212427,30149,120398,46835,88009,25082,53839,38201,63504,84580,596883,606665,21534,11752,618417,255270,212427,30149,120398,46835,88009,25082,53839,38201,63504,84580,596883,606665,21534,11752,0,0,0,0,0,0,0,0,0,0,0,0,0,0,0,0,20437.0,7688.0,20430.0,-4714.0,724.0,2155.0,12790.0,-4220.0,1449.0,2542.0,3934.0,-4010.0,17900.0,20462.0,2537.0,-25.0,100.0,41.3,34.4,4.9,19.5,7.6,14.2,4.1,8.7,6.2,10.3,13.7,96.5,98.1,3.5,1.9,100.0,41.3,34.4,4.9,19.5,7.6,14.2,4.1,8.7,6.2,10.3,13.7,96.5,98.1,3.5,1.9,100.0,0.0,0.0,0.0,0.0,0.0,0.0,0.0,0.0,0.0,0.0,0.0,0.0,0.0,0.0,0.0,158,50.0,46.0,9.0,12.0,18.0,17.0,11.0,16.0,24,27.0,47,142,136,158,50.0,46.0,9.0,12.0,18.0,17.0,11.0,16.0,24,27.0,47,142,136,0,0,0,0,0,0,0,0,0,0,0,0,0,0,19.3,26.9,31.7,39.7,15.8,21.8,24.0,29.1,19.3,26.9,31.7,39.7,15.8,21.8,24.0,29.1,0.0,0.0,0.0,0.0,0.0,0.0,0.0,0.0,"(CONTRACTS OF 1,000 BARRELS)",N10,CRUDE OIL,PETROLEUM AND PRODUCTS,NATURAL RESOURCES,FutOnly
171024067411F,"CRUDE OIL, LIGHT SWEET-WTI - ICE FUTURES EUROPE",2017-10-24T00:00:00.000,2017 Report Week 43,"CRUDE OIL, LIGHT SWEET-WTI",67411,ICEU,NYC,67,CRUDE OIL,597980,247582,191997,34863,119674,44680,75219,29302,52390,35659,59570,88590,578983,586203,18997,11777,597980,247582,191997,34863,119674,44680,75219,29302,52390,35659,59570,88590,578983,586203,18997,11777,0,0,0,0,0,0,0,0,0,0,0,0,0,0,0,0,-20576.0,-2644.0,-636.0,481.0,6760.0,-12077.0,1191.0,1822.0,71.0,2424.0,-4708.0,-9235.0,-19789.0,-18003.0,-787.0,-2573.0,100.0,41.4,32.1,5.8,20.0,7.5,12.6,4.9,8.8,6.0,10.0,14.8,96.8,98.0,3.2,2.0,100.0,41.4,32.1,5.8,20.0,7.5,12.6,4.9,8.8,6.0,10.0,14.8,96.8,98.0,3.2,2.0,100.0,0.0,0.0,0.0,0.0,0.0,0.0,0.0,0.0,0.0,0.0,0.0,0.0,0.0,0.0,0.0,162,50.0,47.0,11.0,10.0,17.0,19.0,10.0,15.0,27,27.0,49,146,137,162,50.0,47.0,11.0,10.0,17.0,19.0,10.0,15.0,27,27.0,49,146,137,0,0,0,0,0,0,0,0,0,0,0,0,0,0,19.8,27.4,31.7,40.6,15.7,22.5,24.1,29.5,19.8,27.4,31.7,40.6,15.7,22.5,24.1,29.5,0.0,0.0,0.0,0.0,0.0,0.0,0.0,0.0,"(CONTRACTS OF 1,000 BARRELS)",N10,CRUDE OIL,PETROLEUM AND PRODUCTS,NATURAL RESOURCES,FutOnly
171017067411F,"CRUDE OIL, LIGHT SWEET-WTI - ICE FUTURES EUROPE",2017-10-17T00:00:00.000,2017 Report Week 42,"CRUDE OIL, LIGHT SWEET-WTI",67411,ICEU,NYC,67,CRUDE OIL,618556,250226,192633,34382,112914,56757,74028,27480,52319,33235,64278,97825,598772,604206,19784,14350,618556,250226,192633,34382,112914,56757,74028,27480,52319,33235,64278,97825,598772,604206,19784,14350,0,0,0,0,0,0,0,0,0,0,0,0,0,0,0,0,-1685.0,4323.0,-8027.0,-2357.0,3244.0,716.0,3695.0,-60.0,-4075.0,-4395.0,2423.0,3384.0,1291.0,-2395.0,-2976.0,710.0,100.0,40.5,31.1,5.6,18.3,9.2,12.0,4.4,8.5,5.4,10.4,15.8,96.8,97.7,3.2,2.3,100.0,40.5,31.1,5.6,18.3,9.2,12.0,4.4,8.5,5.4,10.4,15.8,96.8,97.7,3.2,2.3,100.0,0.0,0.0,0.0,0.0,0.0,0.0,0.0,0.0,0.0,0.0,0.0,0.0,0.0,0.0,0.0,165,53.0,49.0,10.0,12.0,19.0,19.0,10.0,15.0,23,33.0,47,148,143,165,53.0,49.0,10.0,12.0,19.0,19.0,10.0,15.0,23,33.0,47,148,143,0,0,0,0,0,0,0,0,0,0,0,0,0,0,19.0,26.0,31.2,39.4,14.4,20.6,22.1,27.3,19.0,26.0,31.2,39.4,14.4,20.6,22.1,27.3,0.0,0.0,0.0,0.0,0.0,0.0,0.0,0.0,"(CONTRACTS OF 1,000 BARRELS)",N10,CRUDE OIL,PETROLEUM AND PRODUCTS,NATURAL RESOURCES,FutOnly
171010067411F,"CRUDE OIL, LIGHT SWEET-WTI - ICE FUTURES EUROPE",2017-10-10T00:00:00.000,2017 Report Week 41,"CRUDE OIL, LIGHT SWEET-WTI",67411,ICEU,NYC,67,CRUDE OIL,620241,245903,200660,36739,109670,56041,70333,27540,56394,37630,61855,94441,597481,606601,22760,13640,620241,245903,200660,36739,109670,56041,70333,27540,56394,37630,61855,94441,597481,606601,22760,13640,0,0,0,0,0,0,0,0,0,0,0,0,0,0,0,0,-3358.0,-17390.0,-5773.0,-1161.0,-483.0,1967.0,6799.0,3126.0,-2960.0,6781.0,-1369.0,2328.0,-3636.0,-3164.0,278.0,-194.0,100.0,39.6,32.4,5.9,17.7,9.0,11.3,4.4,9.1,6.1,10.0,15.2,96.3,97.8,3.7,2.2,100.0,39.6,32.4,5.9,17.7,9.0,11.3,4.4,9.1,6.1,10.0,15.2,96.3,97.8,3.7,2.2,100.0,0.0,0.0,0.0,0.0,0.0,0.0,0.0,0.0,0.0,0.0,0.0,0.0,0.0,0.0,0.0,166,52.0,51.0,11.0,10.0,18.0,19.0,10.0,16.0,22,33.0,46,147,142,166,52.0,51.0,11.0,10.0,18.0,19.0,10.0,16.0,22,33.0,46,147,142,0,0,0,0,0,0,0,0,0,0,0,0,0,0,19.0,25.7,31.2,40.0,13.6,19.0,20.9,25.6,19.0,25.7,31.2,40.0,13.6,19.0,20.9,25.6,0.0,0.0,0.0,0.0,0.0,0.0,0.0,0.0,"(CONTRACTS OF 1,000 BARRELS)",N10,CRUDE OIL,PETROLEUM AND PRODUCTS,NATURAL RESOURCES,FutOnly
171003067411F,"CRUDE OIL, LIGHT SWEET-WTI - ICE FUTURES EUROPE",2017-10-03T00:00:00.000,2017 Report Week 40,"CRUDE OIL, LIGHT SWEET-WTI",67411,ICEU,NYC,67,CRUDE OIL,623599,263293,206433,37900,110153,54074,63534,24414,59354,30849,63224,92113,601117,609765,22482,13834,623599,263293,206433,37900,110153,54074,63534,24414,59354,30849,63224,92113,601117,609765,22482,13834,0,0,0,0,0,0,0,0,0,0,0,0,0,0,0,0,19855.0,9703.0,11793.0,5300.0,3353.0,4010.0,6533.0,975.0,-363.0,-5978.0,15.0,415.0,19620.0,20198.0,235.0,-343.0,100.0,42.2,33.1,6.1,17.7,8.7,10.2,3.9,9.5,4.9,10.1,14.8,96.4,97.8,3.6,2.2,100.0,42.2,33.1,6.1,17.7,8.7,10.2,3.9,9.5,4.9,10.1,14.8,96.4,97.8,3.6,2.2,100.0,0.0,0.0,0.0,0.0,0.0,0.0,0.0,0.0,0.0,0.0,0.0,0.0,0.0,0.0,0.0,157,53.0,52.0,11.0,10.0,18.0,18.0,10.0,14.0,17,32.0,44,142,137,157,53.0,52.0,11.0,10.0,18.0,18.0,10.0,14.0,17,32.0,44,142,137,0,0,0,0,0,0,0,0,0,0,0,0,0,0,19.9,27.7,33.2,41.9,15.5,19.3,23.1,26.4,19.9,27.7,33.2,41.9,15.5,19.3,23.1,26.4,0.0,0.0,0.0,0.0,0.0,0.0,0.0,0.0,"(CONTRACTS OF 1,000 BARRELS)",N10,CRUDE OIL,PETROLEUM AND PRODUCTS,NATURAL RESOURCES,FutOnly
170926067411F,"CRUDE OIL, LIGHT SWEET-WTI - ICE FUTURES EUROPE",2017-09-26T00:00:00.000,2017 Report Week 39,"CRUDE OIL, LIGHT SWEET-WTI",67411,ICEU,NYC,67,CRUDE OIL,603744,253590,194640,32600,106800,50064,57001,23439,59717,36827,63209,91698,581497,589567,22247,14177,603744,253590,194640,32600,106800,50064,57001,23439,59717,36827,63209,91698,581497,589567,22247,14177,0,0,0,0,0,0,0,0,0,0,0,0,0,0,0,0,4893.0,1990.0,22919.0,1954.0,2983.0,-2465.0,9377.0,-2321.0,-347.0,1484.0,-10372.0,-5627.0,6366.0,4770.0,-1473.0,123.0,100.0,42.0,32.2,5.4,17.7,8.3,9.4,3.9,9.9,6.1,10.5,15.2,96.3,97.7,3.7,2.3,100.0,42.0,32.2,5.4,17.7,8.3,9.4,3.9,9.9,6.1,10.5,15.2,96.3,97.7,3.7,2.3,100.0,0.0,0.0,0.0,0.0,0.0,0.0,0.0,0.0,0.0,0.0,0.0,0.0,0.0,0.0,0.0,157,50.0,51.0,12.0,10.0,19.0,16.0,7.0,14.0,19,36.0,47,142,139,157,50.0,51.0,12.0,10.0,19.0,16.0,7.0,14.0,19,36.0,47,142,139,0,0,0,0,0,0,0,0,0,0,0,0,0,0,20.3,25.0,33.5,39.5,15.9,17.2,23.0,24.7,20.3,25.0,33.5,39.5,15.9,17.2,23.0,24.7,0.0,0.0,0.0,0.0,0.0,0.0,0.0,0.0,"(CONTRACTS OF 1,000 BARRELS)",N10,CRUDE OIL,PETROLEUM AND PRODUCTS,NATURAL RESOURCES,FutOnly
170919067411F,"CRUDE OIL, LIGHT SWEET-WTI - ICE FUTURES EUROPE",2017-09-19T00:00:00.000,2017 Report Week 38,"CRUDE OIL, LIGHT SWEET-WTI",67411,ICEU,NYC,67,CRUDE OIL,598851,251600,171721,30646,103817,52529,47624,25760,60064,35343,73581,97325,575131,584797,23720,14054,598851,251600,171721,30646,103817,52529,47624,25760,60064,35343,73581,97325,575131,584797,23720,14054,0,0,0,0,0,0,0,0,0,0,0,0,0,0,0,0,7922.0,-3764.0,-1814.0,1908.0,4325.0,-3460.0,2593.0,3834.0,393.0,3051.0,794.0,2529.0,3250.0,6601.0,4672.0,1321.0,100.0,42.0,28.7,5.1,17.3,8.8,8.0,4.3,10.0,5.9,12.3,16.3,96.0,97.7,4.0,2.3,100.0,42.0,28.7,5.1,17.3,8.8,8.0,4.3,10.0,5.9,12.3,16.3,96.0,97.7,4.0,2.3,100.0,0.0,0.0,0.0,0.0,0.0,0.0,0.0,0.0,0.0,0.0,0.0,0.0,0.0,0.0,0.0,157,53.0,53.0,12.0,10.0,19.0,14.0,9.0,14.0,23,31.0,45,143,140,157,53.0,53.0,12.0,10.0,19.0,14.0,9.0,14.0,23,31.0,45,143,140,0,0,0,0,0,0,0,0,0,0,0,0,0,0,20.4,22.1,34.0,36.9,15.2,15.1,21.5,22.1,20.4,22.1,34.0,36.9,15.2,15.1,21.5,22.1,0.0,0.0,0.0,0.0,0.0,0.0,0.0,0.0,"(CONTRACTS OF 1,000 BARRELS)",N10,CRUDE OIL,PETROLEUM AND PRODUCTS,NATURAL RESOURCES,FutOnly
170912067411F,"CRUDE OIL, LIGHT SWEET-WTI - ICE FUTURES EUROPE",2017-09-12T00:00:00.000,2017 Report Week 37,"CRUDE OIL, LIGHT SWEET-WTI",67411,ICEU,NYC,67,CRUDE OIL,590929,255364,173535,28738,99492,55989,45031,21926,59671,32292,72787,94796,571881,578196,19048,12733,590929,255364,173535,28738,99492,55989,45031,21926,59671,32292,72787,94796,571881,578196,19048,12733,0,0,0,0,0,0,0,0,0,0,0,0,0,0,0,0,13634.0,-1381.0,-3608.0,4976.0,11919.0,-430.0,5448.0,-985.0,1165.0,761.0,5369.0,1715.0,12254.0,15145.0,1380.0,-1511.0,100.0,43.2,29.4,4.9,16.8,9.5,7.6,3.7,10.1,5.5,12.3,16.0,96.8,97.8,3.2,2.2,100.0,43.2,29.4,4.9,16.8,9.5,7.6,3.7,10.1,5.5,12.3,16.0,96.8,97.8,3.2,2.2,100.0,0.0,0.0,0.0,0.0,0.0,0.0,0.0,0.0,0.0,0.0,0.0,0.0,0.0,0.0,0.0,157,50.0,50.0,13.0,9.0,19.0,14.0,9.0,12.0,25,32.0,52,146,139,157,50.0,50.0,13.0,9.0,19.0,14.0,9.0,12.0,25,32.0,52,146,139,0,0,0,0,0,0,0,0,0,0,0,0,0,0,23.5,22.8,36.6,37.0,15.5,14.7,22.1,21.5,23.5,22.8,36.6,37.0,15.5,14.7,22.1,21.5,0.0,0.0,0.0,0.0,0.0,0.0,0.0,0.0,"(CONTRACTS OF 1,000 BARRELS)",N10,CRUDE OIL,PETROLEUM AND PRODUCTS,NATURAL RESOURCES,FutOnly
170905067411F,"CRUDE OIL, LIGHT SWEET-WTI - ICE FUTURES EUROPE",2017-09-05T00:00:00.000,2017 Report Week 36,"CRUDE OIL, LIGHT SWEET-WTI",67411,ICEU,NYC,67,CRUDE OIL,577295,256745,177143,23762,87573,56419,39583,22911,58506,31531,67418,93081,559627,563051,17668,14244,577295,256745,177143,23762,87573,56419,39583,22911,58506,31531,67418,93081,559627,563051,17668,14244,0,0,0,0,0,0,0,0,0,0,0,0,0,0,0,0,4342.0,6659.0,8790.0,-1863.0,7437.0,-6848.0,131.0,1952.0,381.0,1737.0,-8650.0,1629.0,1826.0,4691.0,2516.0,-349.0,100.0,44.5,30.7,4.1,15.2,9.8,6.9,4.0,10.1,5.5,11.7,16.1,96.9,97.5,3.1,2.5,100.0,44.5,30.7,4.1,15.2,9.8,6.9,4.0,10.1,5.5,11.7,16.1,96.9,97.5,3.1,2.5,100.0,0.0,0.0,0.0,0.0,0.0,0.0,0.0,0.0,0.0,0.0,0.0,0.0,0.0,0.0,0.0,161,53.0,50.0,10.0,11.0,20.0,16.0,8.0,14.0,27,28.0,48,147,139,161,53.0,50.0,10.0,11.0,20.0,16.0,8.0,14.0,27,28.0,48,147,139,0,0,0,0,0,0,0,0,0,0,0,0,0,0,24.6,22.2,38.3,35.8,16.6,14.0,22.3,19.9,24.6,22.2,38.3,35.8,16.6,14.0,22.3,19.9,0.0,0.0,0.0,0.0,0.0,0.0,0.0,0.0,"(CONTRACTS OF 1,000 BARRELS)",N10,CRUDE OIL,PETROLEUM AND PRODUCTS,NATURAL RESOURCES,FutOnly
170829067411F,"CRUDE OIL, LIGHT SWEET-WTI - ICE FUTURES EUROPE",2017-08-29T00:00:00.000,2017 Report Week 35,"CRUDE OIL, LIGHT SWEET-WTI",67411,ICEU,NYC,67,CRUDE OIL,572953,250086,168353,25625,80136,63267,39452,20959,58125,29794,76068,91452,557801,558360,15152,14593,572953,250086,168353,25625,80136,63267,39452,20959,58125,29794,76068,91452,557801,558360,15152,14593,0,0,0,0,0,0,0,0,0,0,0,0,0,0,0,0,1184.0,-1451.0,-12801.0,-110.0,55.0,-554.0,767.0,705.0,-1616.0,-1278.0,12781.0,3364.0,-878.0,1934.0,2062.0,-750.0,100.0,43.6,29.4,4.5,14.0,11.0,6.9,3.7,10.1,5.2,13.3,16.0,97.4,97.5,2.6,2.5,100.0,43.6,29.4,4.5,14.0,11.0,6.9,3.7,10.1,5.2,13.3,16.0,97.4,97.5,2.6,2.5,100.0,0.0,0.0,0.0,0.0,0.0,0.0,0.0,0.0,0.0,0.0,0.0,0.0,0.0,0.0,0.0,156,52.0,53.0,10.0,11.0,20.0,14.0,6.0,11.0,25,27.0,46,143,134,156,52.0,53.0,10.0,11.0,20.0,14.0,6.0,11.0,25,27.0,46,143,134,0,0,0,0,0,0,0,0,0,0,0,0,0,0,26.2,22.4,39.6,36.5,17.2,13.5,22.9,18.9,26.2,22.4,39.6,36.5,17.2,13.5,22.9,18.9,0.0,0.0,0.0,0.0,0.0,0.0,0.0,0.0,"(CONTRACTS OF 1,000 BARRELS)",N10,CRUDE OIL,PETROLEUM AND PRODUCTS,NATURAL RESOURCES,FutOnly
170822067411F,"CRUDE OIL, LIGHT SWEET-WTI - ICE FUTURES EUROPE",2017-08-22T00:00:00.000,2017 Report Week 34,"CRUDE OIL, LIGHT SWEET-WTI",67411,ICEU,NYC,67,CRUDE OIL,571769,251537,181154,25735,80081,63821,38685,20254,59741,31072,63287,88088,558679,556426,13090,15343,571769,251537,181154,25735,80081,63821,38685,20254,59741,31072,63287,88088,558679,556426,13090,15343,0,0,0,0,0,0,0,0,0,0,0,0,0,0,0,0,-38314.0,-12654.0,-8617.0,7642.0,-1728.0,-7610.0,-1290.0,397.0,-128.0,-456.0,1490.0,-21777.0,-36273.0,-37973.0,-2041.0,-341.0,100.0,44.0,31.7,4.5,14.0,11.2,6.8,3.5,10.4,5.4,11.1,15.4,97.7,97.3,2.3,2.7,100.0,44.0,31.7,4.5,14.0,11.2,6.8,3.5,10.4,5.4,11.1,15.4,97.7,97.3,2.3,2.7,100.0,0.0,0.0,0.0,0.0,0.0,0.0,0.0,0.0,0.0,0.0,0.0,0.0,0.0,0.0,0.0,157,53.0,54.0,12.0,10.0,20.0,14.0,8.0,11.0,27,23.0,42,142,133,157,53.0,54.0,12.0,10.0,20.0,14.0,8.0,11.0,27,23.0,42,142,133,0,0,0,0,0,0,0,0,0,0,0,0,0,0,26.3,22.5,38.8,36.2,18.9,12.6,24.8,18.9,26.3,22.5,38.8,36.2,18.9,12.6,24.8,18.9,0.0,0.0,0.0,0.0,0.0,0.0,0.0,0.0,"(CONTRACTS OF 1,000 BARRELS)",N10,CRUDE OIL,PETROLEUM AND PRODUCTS,NATURAL RESOURCES,FutOnly
170815067411F,"CRUDE OIL, LIGHT SWEET-WTI - ICE FUTURES EUROPE",2017-08-15T00:00:00.000,2017 Report Week 33,"CRUDE OIL, LIGHT SWEET-WTI",67411,ICEU,NYC,67,CRUDE OIL,610083,264191,189771,18093,81809,71431,39975,19857,59869,31528,61797,109865,594952,594399,15131,15684,610083,264191,189771,18093,81809,71431,39975,19857,59869,31528,61797,109865,594952,594399,15131,15684,0,0,0,0,0,0,0,0,0,0,0,0,0,0,0,0,8133.0,18852.0,-8083.0,-5573.0,15175.0,-8954.0,-2891.0,1582.0,2256.0,-4862.0,-4568.0,9765.0,8593.0,7173.0,-460.0,960.0,100.0,43.3,31.1,3.0,13.4,11.7,6.6,3.3,9.8,5.2,10.1,18.0,97.5,97.4,2.5,2.6,100.0,43.3,31.1,3.0,13.4,11.7,6.6,3.3,9.8,5.2,10.1,18.0,97.5,97.4,2.5,2.6,100.0,0.0,0.0,0.0,0.0,0.0,0.0,0.0,0.0,0.0,0.0,0.0,0.0,0.0,0.0,0.0,157,53.0,51.0,11.0,11.0,21.0,18.0,7.0,13.0,23,28.0,46,147,136,157,53.0,51.0,11.0,11.0,21.0,18.0,7.0,13.0,23,28.0,46,147,136,0,0,0,0,0,0,0,0,0,0,0,0,0,0,25.1,20.5,37.4,33.6,17.0,10.9,22.8,17.5,25.1,20.5,37.4,33.6,17.0,10.9,22.8,17.5,0.0,0.0,0.0,0.0,0.0,0.0,0.0,0.0,"(CONTRACTS OF 1,000 BARRELS)",N10,CRUDE OIL,PETROLEUM AND PRODUCTS,NATURAL RESOURCES,FutOnly
170808067411F,"CRUDE OIL, LIGHT SWEET-WTI - ICE FUTURES EUROPE",2017-08-08T00:00:00.000,2017 Report Week 32,"CRUDE OIL, LIGHT SWEET-WTI",67411,ICEU,NYC,67,CRUDE OIL,601950,245339,197854,23666,66634,80385,42866,18275,57613,36390,66365,100100,586359,587226,15591,14724,601950,245339,197854,23666,66634,80385,42866,18275,57613,36390,66365,100100,586359,587226,15591,14724,0,0,0,0,0,0,0,0,0,0,0,0,0,0,0,0,16963.0,17600.0,-16248.0,-7017.0,11516.0,-270.0,-1402.0,-729.0,2799.0,-5057.0,10898.0,6273.0,12926.0,14239.0,4037.0,2724.0,100.0,40.8,32.9,3.9,11.1,13.4,7.1,3.0,9.6,6.0,11.0,16.6,97.4,97.6,2.6,2.4,100.0,40.8,32.9,3.9,11.1,13.4,7.1,3.0,9.6,6.0,11.0,16.6,97.4,97.6,2.6,2.4,100.0,0.0,0.0,0.0,0.0,0.0,0.0,0.0,0.0,0.0,0.0,0.0,0.0,0.0,0.0,0.0,162,53.0,56.0,12.0,10.0,20.0,17.0,7.0,14.0,21,32.0,43,144,143,162,53.0,56.0,12.0,10.0,20.0,17.0,7.0,14.0,21,32.0,43,144,143,0,0,0,0,0,0,0,0,0,0,0,0,0,0,27.1,20.4,38.9,33.8,17.3,11.7,22.8,18.7,27.1,20.4,38.9,33.8,17.3,11.7,22.8,18.7,0.0,0.0,0.0,0.0,0.0,0.0,0.0,0.0,"(CONTRACTS OF 1,000 BARRELS)",N10,CRUDE OIL,PETROLEUM AND PRODUCTS,NATURAL RESOURCES,FutOnly
170801067411F,"CRUDE OIL, LIGHT SWEET-WTI - ICE FUTURES EUROPE",2017-08-01T00:00:00.000,2017 Report Week 31,"CRUDE OIL, LIGHT SWEET-WTI",67411,ICEU,NYC,67,CRUDE OIL,584987,227739,214102,30683,55118,80655,44268,19004,54814,41447,55467,93827,573433,572987,11554,12000,584987,227739,214102,30683,55118,80655,44268,19004,54814,41447,55467,93827,573433,572987,11554,12000,0,0,0,0,0,0,0,0,0,0,0,0,0,0,0,0,28774.0,8417.0,1509.0,3566.0,4075.0,287.0,1524.0,-75.0,12755.0,837.0,12081.0,2242.0,29628.0,32874.0,-854.0,-4100.0,100.0,38.9,36.6,5.2,9.4,13.8,7.6,3.2,9.4,7.1,9.5,16.0,98.0,97.9,2.0,2.1,100.0,38.9,36.6,5.2,9.4,13.8,7.6,3.2,9.4,7.1,9.5,16.0,98.0,97.9,2.0,2.1,100.0,0.0,0.0,0.0,0.0,0.0,0.0,0.0,0.0,0.0,0.0,0.0,0.0,0.0,0.0,0.0,166,54.0,58.0,14.0,8.0,20.0,19.0,7.0,15.0,26,27.0,43,146,147,166,54.0,58.0,14.0,8.0,20.0,19.0,7.0,15.0,26,27.0,43,146,147,0,0,0,0,0,0,0,0,0,0,0,0,0,0,28.6,22.1,40.4,35.3,18.8,12.6,24.8,19.6,28.6,22.1,40.4,35.3,18.8,12.6,24.8,19.6,0.0,0.0,0.0,0.0,0.0,0.0,0.0,0.0,"(CONTRACTS OF 1,000 BARRELS)",N10,CRUDE OIL,PETROLEUM AND PRODUCTS,NATURAL RESOURCES,FutOnly
170725067411F,"CRUDE OIL, LIGHT SWEET-WTI - ICE FUTURES EUROPE",2017-07-25T00:00:00.000,2017 Report Week 30,"CRUDE OIL, LIGHT SWEET-WTI",67411,ICEU,NYC,67,CRUDE OIL,556213,219322,212593,27117,51043,80368,42744,19079,42059,40610,43386,91585,543805,540113,12408,16100,556213,219322,212593,27117,51043,80368,42744,19079,42059,40610,43386,91585,543805,540113,12408,16100,0,0,0,0,0,0,0,0,0,0,0,0,0,0,0,0,1682.0,8828.0,-5413.0,-4358.0,-4540.0,2163.0,-4889.0,-4376.0,3563.0,-291.0,10937.0,-4061.0,955.0,-1727.0,727.0,3409.0,100.0,39.4,38.2,4.9,9.2,14.4,7.7,3.4,7.6,7.3,7.8,16.5,97.8,97.1,2.2,2.9,100.0,39.4,38.2,4.9,9.2,14.4,7.7,3.4,7.6,7.3,7.8,16.5,97.8,97.1,2.2,2.9,100.0,0.0,0.0,0.0,0.0,0.0,0.0,0.0,0.0,0.0,0.0,0.0,0.0,0.0,0.0,0.0,161,53.0,55.0,13.0,9.0,20.0,16.0,6.0,16.0,25,27.0,41,144,140,161,53.0,55.0,13.0,9.0,20.0,16.0,6.0,16.0,25,27.0,41,144,140,0,0,0,0,0,0,0,0,0,0,0,0,0,0,29.2,22.1,39.8,34.8,19.2,12.3,25.9,18.6,29.2,22.1,39.8,34.8,19.2,12.3,25.9,18.6,0.0,0.0,0.0,0.0,0.0,0.0,0.0,0.0,"(CONTRACTS OF 1,000 BARRELS)",N10,CRUDE OIL,PETROLEUM AND PRODUCTS,NATURAL RESOURCES,FutOnly
170718067411F,"CRUDE OIL, LIGHT SWEET-WTI - ICE FUTURES EUROPE",2017-07-18T00:00:00.000,2017 Report Week 29,"CRUDE OIL, LIGHT SWEET-WTI",67411,ICEU,NYC,67,CRUDE OIL,554531,210494,218006,31475,55583,78205,47633,23455,38496,40901,32449,95646,542850,541840,11681,12691,554531,210494,218006,31475,55583,78205,47633,23455,38496,40901,32449,95646,542850,541840,11681,12691,0,0,0,0,0,0,0,0,0,0,0,0,0,0,0,0,8766.0,6611.0,2615.0,-1789.0,-500.0,5476.0,2727.0,2760.0,-1789.0,-2163.0,215.0,1543.0,10616.0,10320.0,-1850.0,-1554.0,100.0,38.0,39.3,5.7,10.0,14.1,8.6,4.2,6.9,7.4,5.9,17.2,97.9,97.7,2.1,2.3,100.0,38.0,39.3,5.7,10.0,14.1,8.6,4.2,6.9,7.4,5.9,17.2,97.9,97.7,2.1,2.3,100.0,0.0,0.0,0.0,0.0,0.0,0.0,0.0,0.0,0.0,0.0,0.0,0.0,0.0,0.0,0.0,160,50.0,53.0,13.0,9.0,22.0,16.0,9.0,15.0,28,24.0,43,144,140,160,50.0,53.0,13.0,9.0,22.0,16.0,9.0,15.0,28,24.0,43,144,140,0,0,0,0,0,0,0,0,0,0,0,0,0,0,29.3,20.9,40.1,34.4,18.5,11.9,25.3,18.6,29.3,20.9,40.1,34.4,18.5,11.9,25.3,18.6,0.0,0.0,0.0,0.0,0.0,0.0,0.0,0.0,"(CONTRACTS OF 1,000 BARRELS)",N10,CRUDE OIL,PETROLEUM AND PRODUCTS,NATURAL RESOURCES,FutOnly
170711067411F,"CRUDE OIL, LIGHT SWEET-WTI - ICE FUTURES EUROPE",2017-07-11T00:00:00.000,2017 Report Week 28,"CRUDE OIL, LIGHT SWEET-WTI",67411,ICEU,NYC,67,CRUDE OIL,545765,203883,215391,33264,56083,72729,44906,20695,40285,43064,32234,94103,532234,531520,13531,14245,545765,203883,215391,33264,56083,72729,44906,20695,40285,43064,32234,94103,532234,531520,13531,14245,0,0,0,0,0,0,0,0,0,0,0,0,0,0,0,0,1593.0,57.0,-6541.0,-4095.0,-602.0,2606.0,3729.0,2906.0,-4162.0,770.0,3347.0,2663.0,1568.0,217.0,25.0,1376.0,100.0,37.4,39.5,6.1,10.3,13.3,8.2,3.8,7.4,7.9,5.9,17.2,97.5,97.4,2.5,2.6,100.0,37.4,39.5,6.1,10.3,13.3,8.2,3.8,7.4,7.9,5.9,17.2,97.5,97.4,2.5,2.6,100.0,0.0,0.0,0.0,0.0,0.0,0.0,0.0,0.0,0.0,0.0,0.0,0.0,0.0,0.0,0.0,157,50.0,51.0,12.0,10.0,21.0,16.0,10.0,18.0,27,22.0,43,141,142,157,50.0,51.0,12.0,10.0,21.0,16.0,10.0,18.0,27,22.0,43,141,142,0,0,0,0,0,0,0,0,0,0,0,0,0,0,30.2,20.2,41.1,32.8,19.5,12.1,26.4,18.7,30.2,20.2,41.1,32.8,19.5,12.1,26.4,18.7,0.0,0.0,0.0,0.0,0.0,0.0,0.0,0.0,"(CONTRACTS OF 1,000 BARRELS)",N10,CRUDE OIL,PETROLEUM AND PRODUCTS,NATURAL RESOURCES,FutOnly
170703067411F,"CRUDE OIL, LIGHT SWEET-WTI - ICE FUTURES EUROPE",2017-07-03T00:00:00.000,2017 Report Week 27,"CRUDE OIL, LIGHT SWEET-WTI",67411,ICEU,NYC,67,CRUDE OIL,544172,203826,221932,37359,56685,70123,41177,17789,44447,42294,28887,91440,530666,531303,13506,12869,544172,203826,221932,37359,56685,70123,41177,17789,44447,42294,28887,91440,530666,531303,13506,12869,0,0,0,0,0,0,0,0,0,0,0,0,0,0,0,0,8743.0,6608.0,8481.0,332.0,234.0,3401.0,-1561.0,-754.0,2673.0,-3137.0,-2621.0,2300.0,10616.0,13714.0,-1873.0,-4971.0,100.0,37.5,40.8,6.9,10.4,12.9,7.6,3.3,8.2,7.8,5.3,16.8,97.5,97.6,2.5,2.4,100.0,37.5,40.8,6.9,10.4,12.9,7.6,3.3,8.2,7.8,5.3,16.8,97.5,97.6,2.5,2.4,100.0,0.0,0.0,0.0,0.0,0.0,0.0,0.0,0.0,0.0,0.0,0.0,0.0,0.0,0.0,0.0,159,49.0,55.0,12.0,10.0,21.0,14.0,11.0,18.0,26,23.0,41,137,146,159,49.0,55.0,12.0,10.0,21.0,14.0,11.0,18.0,26,23.0,41,137,146,0,0,0,0,0,0,0,0,0,0,0,0,0,0,30.8,20.2,42.2,33.1,20.4,12.7,27.3,19.6,30.8,20.2,42.2,33.1,20.4,12.7,27.3,19.6,0.0,0.0,0.0,0.0,0.0,0.0,0.0,0.0,"(CONTRACTS OF 1,000 BARRELS)",N10,CRUDE OIL,PETROLEUM AND PRODUCTS,NATURAL RESOURCES,FutOnly
170627067411F,"CRUDE OIL, LIGHT SWEET-WTI - ICE FUTURES EUROPE",2017-06-27T00:00:00.000,2017 Report Week 26,"CRUDE OIL, LIGHT SWEET-WTI",67411,ICEU,NYC,67,CRUDE OIL,535429,197218,213451,37027,56451,66722,42738,18543,41774,45431,31508,89140,520050,517589,15379,17840,535429,197218,213451,37027,56451,66722,42738,18543,41774,45431,31508,89140,520050,517589,15379,17840,0,0,0,0,0,0,0,0,0,0,0,0,0,0,0,0,-5803.0,-434.0,-17354.0,-2201.0,-16.0,2151.0,-3348.0,-2007.0,2638.0,-4247.0,7047.0,-1574.0,-7015.0,-9115.0,1212.0,3312.0,100.0,36.8,39.9,6.9,10.5,12.5,8.0,3.5,7.8,8.5,5.9,16.6,97.1,96.7,2.9,3.3,100.0,36.8,39.9,6.9,10.5,12.5,8.0,3.5,7.8,8.5,5.9,16.6,97.1,96.7,2.9,3.3,100.0,0.0,0.0,0.0,0.0,0.0,0.0,0.0,0.0,0.0,0.0,0.0,0.0,0.0,0.0,0.0,160,46.0,52.0,12.0,10.0,21.0,14.0,14.0,17.0,27,22.0,42,137,144,160,46.0,52.0,12.0,10.0,21.0,14.0,14.0,17.0,27,22.0,42,137,144,0,0,0,0,0,0,0,0,0,0,0,0,0,0,30.8,20.4,42.1,33.2,20.1,13.1,27.1,20.2,30.8,20.4,42.1,33.2,20.1,13.1,27.1,20.2,0.0,0.0,0.0,0.0,0.0,0.0,0.0,0.0,"(CONTRACTS OF 1,000 BARRELS)",N10,CRUDE OIL,PETROLEUM AND PRODUCTS,NATURAL RESOURCES,FutOnly
170620067411F,"CRUDE OIL, LIGHT SWEET-WTI - ICE FUTURES EUROPE",2017-06-20T00:00:00.000,2017 Report Week 25,"CRUDE OIL, LIGHT SWEET-WTI",67411,ICEU,NYC,67,CRUDE OIL,541232,197652,230805,39228,56467,64571,46086,20550,39136,49678,24461,90714,527065,526704,14167,14528,541232,197652,230805,39228,56467,64571,46086,20550,39136,49678,24461,90714,527065,526704,14167,14528,0,0,0,0,0,0,0,0,0,0,0,0,0,0,0,0,-34881.0,-15024.0,-27576.0,6168.0,1876.0,-9455.0,2824.0,-2223.0,-4799.0,-8624.0,12887.0,-5806.0,-34716.0,-35096.0,-165.0,215.0,100.0,36.5,42.6,7.2,10.4,11.9,8.5,3.8,7.2,9.2,4.5,16.8,97.4,97.3,2.6,2.7,100.0,36.5,42.6,7.2,10.4,11.9,8.5,3.8,7.2,9.2,4.5,16.8,97.4,97.3,2.6,2.7,100.0,0.0,0.0,0.0,0.0,0.0,0.0,0.0,0.0,0.0,0.0,0.0,0.0,0.0,0.0,0.0,154,48.0,52.0,12.0,10.0,21.0,12.0,16.0,15.0,24,20.0,40,133,140,154,48.0,52.0,12.0,10.0,21.0,12.0,16.0,15.0,24,20.0,40,133,140,0,0,0,0,0,0,0,0,0,0,0,0,0,0,31.3,20.6,42.7,33.0,20.5,14.2,27.9,21.4,31.3,20.6,42.7,33.0,20.5,14.2,27.9,21.4,0.0,0.0,0.0,0.0,0.0,0.0,0.0,0.0,"(CONTRACTS OF 1,000 BARRELS)",N10,CRUDE OIL,PETROLEUM AND PRODUCTS,NATURAL RESOURCES,FutOnly
170613067411F,"CRUDE OIL, LIGHT SWEET-WTI - ICE FUTURES EUROPE",2017-06-13T00:00:00.000,2017 Report Week 24,"CRUDE OIL, LIGHT SWEET-WTI",67411,ICEU,NYC,67,CRUDE OIL,576113,212676,258381,33060,54591,74026,43262,22773,43935,58302,11574,96520,561781,561800,14332,14313,576113,212676,258381,33060,54591,74026,43262,22773,43935,58302,11574,96520,561781,561800,14332,14313,0,0,0,0,0,0,0,0,0,0,0,0,0,0,0,0,-22631.0,-14476.0,-2818.0,12313.0,-1946.0,2912.0,-3254.0,-1595.0,-8350.0,-2818.0,-1391.0,-8010.0,-21683.0,-21198.0,-948.0,-1433.0,100.0,36.9,44.8,5.7,9.5,12.8,7.5,4.0,7.6,10.1,2.0,16.8,97.5,97.5,2.5,2.5,100.0,36.9,44.8,5.7,9.5,12.8,7.5,4.0,7.6,10.1,2.0,16.8,97.5,97.5,2.5,2.5,100.0,0.0,0.0,0.0,0.0,0.0,0.0,0.0,0.0,0.0,0.0,0.0,0.0,0.0,0.0,0.0,156,51.0,56.0,10.0,11.0,18.0,15.0,13.0,16.0,33,13.0,41,137,142,156,51.0,56.0,10.0,11.0,18.0,15.0,13.0,16.0,33,13.0,41,137,142,0,0,0,0,0,0,0,0,0,0,0,0,0,0,28.7,20.9,40.1,33.4,17.2,15.5,23.1,21.9,28.7,20.9,40.1,33.4,17.2,15.5,23.1,21.9,0.0,0.0,0.0,0.0,0.0,0.0,0.0,0.0,"(CONTRACTS OF 1,000 BARRELS)",N10,CRUDE OIL,PETROLEUM AND PRODUCTS,NATURAL RESOURCES,FutOnly
170606067411F,"CRUDE OIL, LIGHT SWEET-WTI - ICE FUTURES EUROPE",2017-06-06T00:00:00.000,2017 Report Week 23,"CRUDE OIL, LIGHT SWEET-WTI",67411,ICEU,NYC,67,CRUDE OIL,598744,227152,261199,20747,56537,71114,46516,24368,52285,61120,12965,104530,583464,582998,15280,15746,598744,227152,261199,20747,56537,71114,46516,24368,52285,61120,12965,104530,583464,582998,15280,15746,0,0,0,0,0,0,0,0,0,0,0,0,0,0,0,0,16022.0,-5713.0,12451.0,2307.0,-6616.0,2869.0,-13664.0,-1659.0,14160.0,18166.0,-3122.0,-2636.0,15489.0,15447.0,533.0,575.0,100.0,37.9,43.6,3.5,9.4,11.9,7.8,4.1,8.7,10.2,2.2,17.5,97.4,97.4,2.6,2.6,100.0,37.9,43.6,3.5,9.4,11.9,7.8,4.1,8.7,10.2,2.2,17.5,97.4,97.4,2.6,2.6,100.0,0.0,0.0,0.0,0.0,0.0,0.0,0.0,0.0,0.0,0.0,0.0,0.0,0.0,0.0,0.0,154,50.0,56.0,11.0,10.0,19.0,17.0,12.0,17.0,30,14.0,38,137,138,154,50.0,56.0,11.0,10.0,19.0,17.0,12.0,17.0,30,14.0,38,137,138,0,0,0,0,0,0,0,0,0,0,0,0,0,0,25.2,22.1,38.2,34.4,16.0,16.8,21.1,22.6,25.2,22.1,38.2,34.4,16.0,16.8,21.1,22.6,0.0,0.0,0.0,0.0,0.0,0.0,0.0,0.0,"(CONTRACTS OF 1,000 BARRELS)",N10,CRUDE OIL,PETROLEUM AND PRODUCTS,NATURAL RESOURCES,FutOnly
170530067411F,"CRUDE OIL, LIGHT SWEET-WTI - ICE FUTURES EUROPE",2017-05-30T00:00:00.000,2017 Report Week 22,"CRUDE OIL, LIGHT SWEET-WTI",67411,ICEU,NYC,67,CRUDE OIL,582722,232865,248748,18440,63153,68245,60180,26027,38125,42954,16087,107166,567975,567551,14747,15171,582722,232865,248748,18440,63153,68245,60180,26027,38125,42954,16087,107166,567975,567551,14747,15171,0,0,0,0,0,0,0,0,0,0,0,0,0,0,0,0,15108.0,-3481.0,16315.0,1374.0,2443.0,4896.0,4254.0,-419.0,-455.0,4452.0,-13108.0,2884.0,13924.0,12556.0,1184.0,2552.0,100.0,40.0,42.7,3.2,10.8,11.7,10.3,4.5,6.5,7.4,2.8,18.4,97.5,97.4,2.5,2.6,100.0,40.0,42.7,3.2,10.8,11.7,10.3,4.5,6.5,7.4,2.8,18.4,97.5,97.4,2.5,2.6,100.0,0.0,0.0,0.0,0.0,0.0,0.0,0.0,0.0,0.0,0.0,0.0,0.0,0.0,0.0,0.0,151,48.0,51.0,11.0,10.0,19.0,15.0,14.0,13.0,28,15.0,39,132,132,151,48.0,51.0,11.0,10.0,19.0,15.0,14.0,13.0,28,15.0,39,132,132,0,0,0,0,0,0,0,0,0,0,0,0,0,0,24.5,22.9,37.3,35.7,17.1,17.6,23.1,23.2,24.5,22.9,37.3,35.7,17.1,17.6,23.1,23.2,0.0,0.0,0.0,0.0,0.0,0.0,0.0,0.0,"(CONTRACTS OF 1,000 BARRELS)",N10,CRUDE OIL,PETROLEUM AND PRODUCTS,NATURAL RESOURCES,FutOnly
170523067411F,"CRUDE OIL, LIGHT SWEET-WTI - ICE FUTURES EUROPE",2017-05-23T00:00:00.000,2017 Report Week 21,"CRUDE OIL, LIGHT SWEET-WTI",67411,ICEU,NYC,67,CRUDE OIL,567614,236346,232433,17066,60710,63349,55926,26446,38580,38502,29195,104282,554051,554995,13563,12619,567614,236346,232433,17066,60710,63349,55926,26446,38580,38502,29195,104282,554051,554995,13563,12619,0,0,0,0,0,0,0,0,0,0,0,0,0,0,0,0,-22159.0,-4860.0,-6696.0,-2506.0,-321.0,203.0,1349.0,-3394.0,-3707.0,1381.0,6207.0,-12121.0,-20261.0,-19829.0,-1898.0,-2330.0,100.0,41.6,40.9,3.0,10.7,11.2,9.9,4.7,6.8,6.8,5.1,18.4,97.6,97.8,2.4,2.2,100.0,41.6,40.9,3.0,10.7,11.2,9.9,4.7,6.8,6.8,5.1,18.4,97.6,97.8,2.4,2.2,100.0,0.0,0.0,0.0,0.0,0.0,0.0,0.0,0.0,0.0,0.0,0.0,0.0,0.0,0.0,0.0,158,52.0,57.0,10.0,11.0,19.0,16.0,14.0,15.0,21,21.0,38,136,140,158,52.0,57.0,10.0,11.0,19.0,16.0,14.0,15.0,21,21.0,38,136,140,0,0,0,0,0,0,0,0,0,0,0,0,0,0,25.4,23.0,38.6,36.9,18.4,16.9,24.1,22.5,25.4,23.0,38.6,36.9,18.4,16.9,24.1,22.5,0.0,0.0,0.0,0.0,0.0,0.0,0.0,0.0,"(CONTRACTS OF 1,000 BARRELS)",N10,CRUDE OIL,PETROLEUM AND PRODUCTS,NATURAL RESOURCES,FutOnly
170516067411F,"CRUDE OIL, LIGHT SWEET-WTI - ICE FUTURES EUROPE",2017-05-16T00:00:00.000,2017 Report Week 20,"CRUDE OIL, LIGHT SWEET-WTI",67411,ICEU,NYC,67,CRUDE OIL,589773,241206,239129,19572,61031,63146,54577,29840,42287,37121,22988,116403,574312,574824,15461,14949,589773,241206,239129,19572,61031,63146,54577,29840,42287,37121,22988,116403,574312,574824,15461,14949,0,0,0,0,0,0,0,0,0,0,0,0,0,0,0,0,-14810.0,-11470.0,-21963.0,-2587.0,-1248.0,-7345.0,2959.0,3522.0,5078.0,-10464.0,1125.0,6487.0,-17342.0,-14344.0,2532.0,-466.0,100.0,40.9,40.5,3.3,10.3,10.7,9.3,5.1,7.2,6.3,3.9,19.7,97.4,97.5,2.6,2.5,100.0,40.9,40.5,3.3,10.3,10.7,9.3,5.1,7.2,6.3,3.9,19.7,97.4,97.5,2.6,2.5,100.0,0.0,0.0,0.0,0.0,0.0,0.0,0.0,0.0,0.0,0.0,0.0,0.0,0.0,0.0,0.0,157,49.0,53.0,11.0,10.0,19.0,16.0,14.0,18.0,26,20.0,42,139,140,157,49.0,53.0,11.0,10.0,19.0,16.0,14.0,18.0,26,20.0,42,139,140,0,0,0,0,0,0,0,0,0,0,0,0,0,0,24.5,20.6,37.3,35.0,16.8,13.9,21.9,19.8,24.5,20.6,37.3,35.0,16.8,13.9,21.9,19.8,0.0,0.0,0.0,0.0,0.0,0.0,0.0,0.0,"(CONTRACTS OF 1,000 BARRELS)",N10,CRUDE OIL,PETROLEUM AND PRODUCTS,NATURAL RESOURCES,FutOnly
170509067411F,"CRUDE OIL, LIGHT SWEET-WTI - ICE FUTURES EUROPE",2017-05-09T00:00:00.000,2017 Report Week 19,"CRUDE OIL, LIGHT SWEET-WTI",67411,ICEU,NYC,67,CRUDE OIL,604583,252676,261092,22159,62279,70491,51618,26318,37209,47585,21863,109916,591654,589168,12929,15415,604583,252676,261092,22159,62279,70491,51618,26318,37209,47585,21863,109916,591654,589168,12929,15415,0,0,0,0,0,0,0,0,0,0,0,0,0,0,0,0,942.0,-21889.0,1979.0,2028.0,-6898.0,7728.0,3789.0,245.0,-1874.0,4930.0,-8463.0,7823.0,2535.0,540.0,-1593.0,402.0,100.0,41.8,43.2,3.7,10.3,11.7,8.5,4.4,6.2,7.9,3.6,18.2,97.9,97.5,2.1,2.5,100.0,41.8,43.2,3.7,10.3,11.7,8.5,4.4,6.2,7.9,3.6,18.2,97.9,97.5,2.1,2.5,100.0,0.0,0.0,0.0,0.0,0.0,0.0,0.0,0.0,0.0,0.0,0.0,0.0,0.0,0.0,0.0,156,49.0,53.0,13.0,8.0,19.0,15.0,12.0,15.0,26,22.0,42,137,138,156,49.0,53.0,13.0,8.0,19.0,15.0,12.0,15.0,26,22.0,42,137,138,0,0,0,0,0,0,0,0,0,0,0,0,0,0,23.2,21.8,38.1,36.2,17.0,13.9,21.3,20.3,23.2,21.8,38.1,36.2,17.0,13.9,21.3,20.3,0.0,0.0,0.0,0.0,0.0,0.0,0.0,0.0,"(CONTRACTS OF 1,000 BARRELS)",N10,CRUDE OIL,PETROLEUM AND PRODUCTS,NATURAL RESOURCES,FutOnly
170502067411F,"CRUDE OIL, LIGHT SWEET-WTI - ICE FUTURES EUROPE",2017-05-02T00:00:00.000,2017 Report Week 18,"CRUDE OIL, LIGHT SWEET-WTI",67411,ICEU,NYC,67,CRUDE OIL,603641,274565,259113,20131,69177,62763,47829,26073,39083,42655,30326,102093,589119,588628,14522,15013,603641,274565,259113,20131,69177,62763,47829,26073,39083,42655,30326,102093,589119,588628,14522,15013,0,0,0,0,0,0,0,0,0,0,0,0,0,0,0,0,4398.0,4156.0,7292.0,-2253.0,-2725.0,5916.0,-987.0,7928.0,-9804.0,2177.0,-11005.0,4980.0,4185.0,2582.0,213.0,1816.0,100.0,45.5,42.9,3.3,11.5,10.4,7.9,4.3,6.5,7.1,5.0,16.9,97.6,97.5,2.4,2.5,100.0,45.5,42.9,3.3,11.5,10.4,7.9,4.3,6.5,7.1,5.0,16.9,97.6,97.5,2.4,2.5,100.0,0.0,0.0,0.0,0.0,0.0,0.0,0.0,0.0,0.0,0.0,0.0,0.0,0.0,0.0,0.0,153,50.0,53.0,12.0,9.0,19.0,15.0,11.0,15.0,25,20.0,37,133,134,153,50.0,53.0,12.0,9.0,19.0,15.0,11.0,15.0,25,20.0,37,133,134,0,0,0,0,0,0,0,0,0,0,0,0,0,0,25.8,23.8,38.4,37.8,18.5,15.7,23.7,22.7,25.8,23.8,38.4,37.8,18.5,15.7,23.7,22.7,0.0,0.0,0.0,0.0,0.0,0.0,0.0,0.0,"(CONTRACTS OF 1,000 BARRELS)",N10,CRUDE OIL,PETROLEUM AND PRODUCTS,NATURAL RESOURCES,FutOnly
170425067411F,"CRUDE OIL, LIGHT SWEET-WTI - ICE FUTURES EUROPE",2017-04-25T00:00:00.000,2017 Report Week 17,"CRUDE OIL, LIGHT SWEET-WTI",67411,ICEU,NYC,67,CRUDE OIL,599243,270409,251821,22384,71902,56847,48816,18145,48887,40478,41331,97113,584934,586046,14309,13197,599243,270409,251821,22384,71902,56847,48816,18145,48887,40478,41331,97113,584934,586046,14309,13197,0,0,0,0,0,0,0,0,0,0,0,0,0,0,0,0,-13184.0,-13847.0,-7500.0,2856.0,-11600.0,2875.0,-687.0,1278.0,-3201.0,1461.0,9076.0,-4186.0,-14729.0,-13258.0,1545.0,74.0,100.0,45.1,42.0,3.7,12.0,9.5,8.1,3.0,8.2,6.8,6.9,16.2,97.6,97.8,2.4,2.2,100.0,45.1,42.0,3.7,12.0,9.5,8.1,3.0,8.2,6.8,6.9,16.2,97.6,97.8,2.4,2.2,100.0,0.0,0.0,0.0,0.0,0.0,0.0,0.0,0.0,0.0,0.0,0.0,0.0,0.0,0.0,0.0,152,48.0,52.0,11.0,10.0,18.0,16.0,9.0,17.0,25,24.0,42,135,138,152,48.0,52.0,11.0,10.0,18.0,16.0,9.0,17.0,25,24.0,42,135,138,0,0,0,0,0,0,0,0,0,0,0,0,0,0,25.1,25.4,37.7,39.0,17.1,16.6,22.5,23.8,25.1,25.4,37.7,39.0,17.1,16.6,22.5,23.8,0.0,0.0,0.0,0.0,0.0,0.0,0.0,0.0,"(CONTRACTS OF 1,000 BARRELS)",N10,CRUDE OIL,PETROLEUM AND PRODUCTS,NATURAL RESOURCES,FutOnly
170418067411F,"CRUDE OIL, LIGHT SWEET-WTI - ICE FUTURES EUROPE",2017-04-18T00:00:00.000,2017 Report Week 16,"CRUDE OIL, LIGHT SWEET-WTI",67411,ICEU,NYC,67,CRUDE OIL,612427,284256,259321,19528,83502,53972,49503,16867,52088,39017,32255,101299,599663,599304,12764,13123,612427,284256,259321,19528,83502,53972,49503,16867,52088,39017,32255,101299,599663,599304,12764,13123,0,0,0,0,0,0,0,0,0,0,0,0,0,0,0,0,-20641.0,-6009.0,3735.0,-5062.0,4027.0,-4116.0,2461.0,-2469.0,2207.0,940.0,-13584.0,-8539.0,-18118.0,-18739.0,-2523.0,-1902.0,100.0,46.4,42.3,3.2,13.6,8.8,8.1,2.8,8.5,6.4,5.3,16.5,97.9,97.9,2.1,2.1,100.0,46.4,42.3,3.2,13.6,8.8,8.1,2.8,8.5,6.4,5.3,16.5,97.9,97.9,2.1,2.1,100.0,0.0,0.0,0.0,0.0,0.0,0.0,0.0,0.0,0.0,0.0,0.0,0.0,0.0,0.0,0.0,157,47.0,52.0,11.0,10.0,18.0,20.0,8.0,19.0,29,22.0,46,139,145,157,47.0,52.0,11.0,10.0,18.0,20.0,8.0,19.0,29,22.0,46,139,145,0,0,0,0,0,0,0,0,0,0,0,0,0,0,25.9,25.3,37.7,39.2,17.6,18.0,23.1,24.8,25.9,25.3,37.7,39.2,17.6,18.0,23.1,24.8,0.0,0.0,0.0,0.0,0.0,0.0,0.0,0.0,"(CONTRACTS OF 1,000 BARRELS)",N10,CRUDE OIL,PETROLEUM AND PRODUCTS,NATURAL RESOURCES,FutOnly
170411067411F,"CRUDE OIL, LIGHT SWEET-WTI - ICE FUTURES EUROPE",2017-04-11T00:00:00.000,2017 Report Week 15,"CRUDE OIL, LIGHT SWEET-WTI",67411,ICEU,NYC,67,CRUDE OIL,633068,290265,255586,24590,79475,58088,47042,19336,49881,38077,45839,109838,617781,618043,15287,15025,633068,290265,255586,24590,79475,58088,47042,19336,49881,38077,45839,109838,617781,618043,15287,15025,0,0,0,0,0,0,0,0,0,0,0,0,0,0,0,0,-4190.0,5996.0,3471.0,-1572.0,6210.0,97.0,2379.0,-27.0,-2635.0,-1520.0,-6449.0,-6373.0,-3628.0,-5706.0,-562.0,1516.0,100.0,45.9,40.4,3.9,12.6,9.2,7.4,3.1,7.9,6.0,7.2,17.4,97.6,97.6,2.4,2.4,100.0,45.9,40.4,3.9,12.6,9.2,7.4,3.1,7.9,6.0,7.2,17.4,97.6,97.6,2.4,2.4,100.0,0.0,0.0,0.0,0.0,0.0,0.0,0.0,0.0,0.0,0.0,0.0,0.0,0.0,0.0,0.0,159,49.0,51.0,11.0,10.0,17.0,16.0,12.0,19.0,18,31.0,47,141,145,159,49.0,51.0,11.0,10.0,17.0,16.0,12.0,19.0,18,31.0,47,141,145,0,0,0,0,0,0,0,0,0,0,0,0,0,0,25.4,24.4,37.8,38.2,16.1,16.6,21.9,23.2,25.4,24.4,37.8,38.2,16.1,16.6,21.9,23.2,0.0,0.0,0.0,0.0,0.0,0.0,0.0,0.0,"(CONTRACTS OF 1,000 BARRELS)",N10,CRUDE OIL,PETROLEUM AND PRODUCTS,NATURAL RESOURCES,FutOnly
170404067411F,"CRUDE OIL, LIGHT SWEET-WTI - ICE FUTURES EUROPE",2017-04-04T00:00:00.000,2017 Report Week 14,"CRUDE OIL, LIGHT SWEET-WTI",67411,ICEU,NYC,67,CRUDE OIL,637258,284269,252115,26162,73265,57991,44663,19363,52516,39597,52288,116211,621409,623749,15849,13509,637258,284269,252115,26162,73265,57991,44663,19363,52516,39597,52288,116211,621409,623749,15849,13509,0,0,0,0,0,0,0,0,0,0,0,0,0,0,0,0,32607.0,21074.0,14820.0,-3447.0,4818.0,6353.0,393.0,-879.0,3978.0,-622.0,1328.0,2972.0,30701.0,33390.0,1906.0,-783.0,100.0,44.6,39.6,4.1,11.5,9.1,7.0,3.0,8.2,6.2,8.2,18.2,97.5,97.9,2.5,2.1,100.0,44.6,39.6,4.1,11.5,9.1,7.0,3.0,8.2,6.2,8.2,18.2,97.5,97.9,2.5,2.1,100.0,0.0,0.0,0.0,0.0,0.0,0.0,0.0,0.0,0.0,0.0,0.0,0.0,0.0,0.0,0.0,157,46.0,48.0,12.0,11.0,19.0,15.0,13.0,19.0,20,30.0,46,141,142,157,46.0,48.0,12.0,11.0,19.0,15.0,13.0,19.0,20,30.0,46,141,142,0,0,0,0,0,0,0,0,0,0,0,0,0,0,24.8,23.1,37.5,36.8,16.0,16.4,22.2,21.9,24.8,23.1,37.5,36.8,16.0,16.4,22.2,21.9,0.0,0.0,0.0,0.0,0.0,0.0,0.0,0.0,"(CONTRACTS OF 1,000 BARRELS)",N10,CRUDE OIL,PETROLEUM AND PRODUCTS,NATURAL RESOURCES,FutOnly
170328067411F,"CRUDE OIL, LIGHT SWEET-WTI - ICE FUTURES EUROPE",2017-03-28T00:00:00.000,2017 Report Week 13,"CRUDE OIL, LIGHT SWEET-WTI",67411,ICEU,NYC,67,CRUDE OIL,604651,263195,237295,29609,68447,51638,44270,20242,48538,40219,50960,113239,590708,590359,13943,14292,604651,263195,237295,29609,68447,51638,44270,20242,48538,40219,50960,113239,590708,590359,13943,14292,0,0,0,0,0,0,0,0,0,0,0,0,0,0,0,0,2048.0,9672.0,6323.0,1046.0,509.0,2157.0,-554.0,-4394.0,-6280.0,-1769.0,5258.0,-1392.0,2880.0,2181.0,-832.0,-133.0,100.0,43.5,39.2,4.9,11.3,8.5,7.3,3.3,8.0,6.7,8.4,18.7,97.7,97.6,2.3,2.4,100.0,43.5,39.2,4.9,11.3,8.5,7.3,3.3,8.0,6.7,8.4,18.7,97.7,97.6,2.3,2.4,100.0,0.0,0.0,0.0,0.0,0.0,0.0,0.0,0.0,0.0,0.0,0.0,0.0,0.0,0.0,0.0,158,46.0,48.0,12.0,11.0,19.0,15.0,14.0,15.0,19,30.0,47,139,141,158,46.0,48.0,12.0,11.0,19.0,15.0,14.0,15.0,19,30.0,47,139,141,0,0,0,0,0,0,0,0,0,0,0,0,0,0,23.8,23.3,36.2,36.6,15.3,16.0,21.6,21.7,23.8,23.3,36.2,36.6,15.3,16.0,21.6,21.7,0.0,0.0,0.0,0.0,0.0,0.0,0.0,0.0,"(CONTRACTS OF 1,000 BARRELS)",N10,CRUDE OIL,PETROLEUM AND PRODUCTS,NATURAL RESOURCES,FutOnly
170321067411F,"CRUDE OIL, LIGHT SWEET-WTI - ICE FUTURES EUROPE",2017-03-21T00:00:00.000,2017 Report Week 12,"CRUDE OIL, LIGHT SWEET-WTI",67411,ICEU,NYC,67,CRUDE OIL,602603,253523,230972,28563,67938,49481,44824,24636,54818,41988,45702,114631,587828,588178,14775,14425,602603,253523,230972,28563,67938,49481,44824,24636,54818,41988,45702,114631,587828,588178,14775,14425,0,0,0,0,0,0,0,0,0,0,0,0,0,0,0,0,-21474.0,-3453.0,-10383.0,174.0,-736.0,-6218.0,-2408.0,1627.0,-3132.0,-2621.0,29.0,852.0,-16806.0,-17961.0,-4668.0,-3513.0,100.0,42.1,38.3,4.7,11.3,8.2,7.4,4.1,9.1,7.0,7.6,19.0,97.5,97.6,2.5,2.4,100.0,42.1,38.3,4.7,11.3,8.2,7.4,4.1,9.1,7.0,7.6,19.0,97.5,97.6,2.5,2.4,100.0,0.0,0.0,0.0,0.0,0.0,0.0,0.0,0.0,0.0,0.0,0.0,0.0,0.0,0.0,0.0,162,48.0,50.0,12.0,11.0,19.0,18.0,15.0,17.0,18,27.0,44,143,143,162,48.0,50.0,12.0,11.0,19.0,18.0,15.0,17.0,18,27.0,44,143,143,0,0,0,0,0,0,0,0,0,0,0,0,0,0,22.8,24.9,35.4,36.2,16.2,18.5,22.4,24.3,22.8,24.9,35.4,36.2,16.2,18.5,22.4,24.3,0.0,0.0,0.0,0.0,0.0,0.0,0.0,0.0,"(CONTRACTS OF 1,000 BARRELS)",N10,CRUDE OIL,PETROLEUM AND PRODUCTS,NATURAL RESOURCES,FutOnly
170314067411F,"CRUDE OIL, LIGHT SWEET-WTI - ICE FUTURES EUROPE",2017-03-14T00:00:00.000,2017 Report Week 11,"CRUDE OIL, LIGHT SWEET-WTI",67411,ICEU,NYC,67,CRUDE OIL,624077,256976,241355,28389,68674,55699,47232,23009,57950,44609,45673,113779,604634,606139,19443,17938,624077,256976,241355,28389,68674,55699,47232,23009,57950,44609,45673,113779,604634,606139,19443,17938,0,0,0,0,0,0,0,0,0,0,0,0,0,0,0,0,15248.0,3057.0,-3887.0,-997.0,6960.0,199.0,-6483.0,-5210.0,5966.0,6039.0,5071.0,5077.0,12858.0,14176.0,2390.0,1072.0,100.0,41.2,38.7,4.5,11.0,8.9,7.6,3.7,9.3,7.1,7.3,18.2,96.9,97.1,3.1,2.9,100.0,41.2,38.7,4.5,11.0,8.9,7.6,3.7,9.3,7.1,7.3,18.2,96.9,97.1,3.1,2.9,100.0,0.0,0.0,0.0,0.0,0.0,0.0,0.0,0.0,0.0,0.0,0.0,0.0,0.0,0.0,0.0,153,42.0,46.0,12.0,9.0,18.0,17.0,13.0,16.0,22,23.0,43,135,133,153,42.0,46.0,12.0,9.0,18.0,17.0,13.0,16.0,22,23.0,43,135,133,0,0,0,0,0,0,0,0,0,0,0,0,0,0,23.5,25.6,36.0,37.3,16.1,18.4,21.8,23.8,23.5,25.6,36.0,37.3,16.1,18.4,21.8,23.8,0.0,0.0,0.0,0.0,0.0,0.0,0.0,0.0,"(CONTRACTS OF 1,000 BARRELS)",N10,CRUDE OIL,PETROLEUM AND PRODUCTS,NATURAL RESOURCES,FutOnly
170307067411F,"CRUDE OIL, LIGHT SWEET-WTI - ICE FUTURES EUROPE",2017-03-07T00:00:00.000,2017 Report Week 10,"CRUDE OIL, LIGHT SWEET-WTI",67411,ICEU,NYC,67,CRUDE OIL,608829,253919,245242,29386,61714,55500,53715,28219,51984,38570,40602,108702,591776,591963,17053,16866,608829,253919,245242,29386,61714,55500,53715,28219,51984,38570,40602,108702,591776,591963,17053,16866,0,0,0,0,0,0,0,0,0,0,0,0,0,0,0,0,-1516.0,-172.0,76.0,2486.0,-1639.0,-6742.0,-823.0,7520.0,-3234.0,3238.0,158.0,1237.0,-4010.0,-2624.0,2494.0,1108.0,100.0,41.7,40.3,4.8,10.1,9.1,8.8,4.6,8.5,6.3,6.7,17.9,97.2,97.2,2.8,2.8,100.0,41.7,40.3,4.8,10.1,9.1,8.8,4.6,8.5,6.3,6.7,17.9,97.2,97.2,2.8,2.8,100.0,0.0,0.0,0.0,0.0,0.0,0.0,0.0,0.0,0.0,0.0,0.0,0.0,0.0,0.0,0.0,153,41.0,43.0,12.0,8.0,18.0,17.0,14.0,19.0,22,26.0,45,139,133,153,41.0,43.0,12.0,8.0,18.0,17.0,14.0,19.0,22,26.0,45,139,133,0,0,0,0,0,0,0,0,0,0,0,0,0,0,22.8,25.1,37.2,38.3,17.1,17.6,23.4,23.1,22.8,25.1,37.2,38.3,17.1,17.6,23.4,23.1,0.0,0.0,0.0,0.0,0.0,0.0,0.0,0.0,"(CONTRACTS OF 1,000 BARRELS)",N10,CRUDE OIL,PETROLEUM AND PRODUCTS,NATURAL RESOURCES,FutOnly
170228067411F,"CRUDE OIL, LIGHT SWEET-WTI - ICE FUTURES EUROPE",2017-02-28T00:00:00.000,2017 Report Week 09,"CRUDE OIL, LIGHT SWEET-WTI",67411,ICEU,NYC,67,CRUDE OIL,610345,254091,245166,26900,63353,62242,54538,20699,55218,35332,40444,107465,595786,594587,14559,15758,610345,254091,245166,26900,63353,62242,54538,20699,55218,35332,40444,107465,595786,594587,14559,15758,0,0,0,0,0,0,0,0,0,0,0,0,0,0,0,0,16883.0,6151.0,22623.0,2666.0,592.0,-1270.0,7874.0,3249.0,-3801.0,-1893.0,-12892.0,8488.0,18215.0,16989.0,-1332.0,-106.0,100.0,41.6,40.2,4.4,10.4,10.2,8.9,3.4,9.0,5.8,6.6,17.6,97.6,97.4,2.4,2.6,100.0,41.6,40.2,4.4,10.4,10.2,8.9,3.4,9.0,5.8,6.6,17.6,97.6,97.4,2.4,2.6,100.0,0.0,0.0,0.0,0.0,0.0,0.0,0.0,0.0,0.0,0.0,0.0,0.0,0.0,0.0,0.0,147,41.0,42.0,13.0,7.0,18.0,18.0,11.0,17.0,19,27.0,43,134,128,147,41.0,42.0,13.0,7.0,18.0,18.0,11.0,17.0,19,27.0,43,134,128,0,0,0,0,0,0,0,0,0,0,0,0,0,0,22.6,25.2,38.3,38.8,17.2,17.9,23.7,23.5,22.6,25.2,38.3,38.8,17.2,17.9,23.7,23.5,0.0,0.0,0.0,0.0,0.0,0.0,0.0,0.0,"(CONTRACTS OF 1,000 BARRELS)",N10,CRUDE OIL,PETROLEUM AND PRODUCTS,NATURAL RESOURCES,FutOnly
170221067411F,"CRUDE OIL, LIGHT SWEET-WTI - ICE FUTURES EUROPE",2017-02-21T00:00:00.000,2017 Report Week 08,"CRUDE OIL, LIGHT SWEET-WTI",67411,ICEU,NYC,67,CRUDE OIL,593462,247940,222543,24234,62761,63512,46664,17450,59019,37225,53336,98977,577571,577598,15891,15864,593462,247940,222543,24234,62761,63512,46664,17450,59019,37225,53336,98977,577571,577598,15891,15864,0,0,0,0,0,0,0,0,0,0,0,0,0,0,0,0,-27231.0,-4271.0,-8467.0,4539.0,-3222.0,-7651.0,-853.0,-1652.0,-5905.0,2247.0,11869.0,-13693.0,-25587.0,-28721.0,-1644.0,1490.0,100.0,41.8,37.5,4.1,10.6,10.7,7.9,2.9,9.9,6.3,9.0,16.7,97.3,97.3,2.7,2.7,100.0,41.8,37.5,4.1,10.6,10.7,7.9,2.9,9.9,6.3,9.0,16.7,97.3,97.3,2.7,2.7,100.0,0.0,0.0,0.0,0.0,0.0,0.0,0.0,0.0,0.0,0.0,0.0,0.0,0.0,0.0,0.0,150,43.0,43.0,12.0,8.0,18.0,18.0,11.0,17.0,19,27.0,44,136,130,150,43.0,43.0,12.0,8.0,18.0,18.0,11.0,17.0,19,27.0,44,136,130,0,0,0,0,0,0,0,0,0,0,0,0,0,0,22.8,27.6,38.5,40.7,17.7,19.6,23.3,25.0,22.8,27.6,38.5,40.7,17.7,19.6,23.3,25.0,0.0,0.0,0.0,0.0,0.0,0.0,0.0,0.0,"(CONTRACTS OF 1,000 BARRELS)",N10,CRUDE OIL,PETROLEUM AND PRODUCTS,NATURAL RESOURCES,FutOnly
170214067411F,"CRUDE OIL, LIGHT SWEET-WTI - ICE FUTURES EUROPE",2017-02-14T00:00:00.000,2017 Report Week 07,"CRUDE OIL, LIGHT SWEET-WTI",67411,ICEU,NYC,67,CRUDE OIL,620693,252211,231010,19695,65983,71163,47517,19102,64924,34978,41467,112670,603158,606319,17535,14374,620693,252211,231010,19695,65983,71163,47517,19102,64924,34978,41467,112670,603158,606319,17535,14374,0,0,0,0,0,0,0,0,0,0,0,0,0,0,0,0,7618.0,23609.0,7882.0,-69.0,9846.0,-9042.0,520.0,-1329.0,-2694.0,-5086.0,3091.0,1040.0,8278.0,8794.0,-660.0,-1176.0,100.0,40.6,37.2,3.2,10.6,11.5,7.7,3.1,10.5,5.6,6.7,18.2,97.2,97.7,2.8,2.3,100.0,40.6,37.2,3.2,10.6,11.5,7.7,3.1,10.5,5.6,6.7,18.2,97.2,97.7,2.8,2.3,100.0,0.0,0.0,0.0,0.0,0.0,0.0,0.0,0.0,0.0,0.0,0.0,0.0,0.0,0.0,0.0,155,45.0,46.0,13.0,7.0,18.0,18.0,13.0,17.0,20,28.0,44,140,135,155,45.0,46.0,13.0,7.0,18.0,18.0,13.0,17.0,20,28.0,44,140,135,0,0,0,0,0,0,0,0,0,0,0,0,0,0,21.9,25.7,36.5,39.2,15.7,17.5,20.5,23.4,21.9,25.7,36.5,39.2,15.7,17.5,20.5,23.4,0.0,0.0,0.0,0.0,0.0,0.0,0.0,0.0,"(CONTRACTS OF 1,000 BARRELS)",N10,CRUDE OIL,PETROLEUM AND PRODUCTS,NATURAL RESOURCES,FutOnly
170207067411F,"CRUDE OIL, LIGHT SWEET-WTI - ICE FUTURES EUROPE",2017-02-07T00:00:00.000,2017 Report Week 06,"CRUDE OIL, LIGHT SWEET-WTI",67411,ICEU,NYC,67,CRUDE OIL,613075,228602,223128,19764,56137,80205,46997,20431,67618,40064,38376,111630,594880,597525,18195,15550,613075,228602,223128,19764,56137,80205,46997,20431,67618,40064,38376,111630,594880,597525,18195,15550,0,0,0,0,0,0,0,0,0,0,0,0,0,0,0,0,28643.0,18072.0,12799.0,-1400.0,1898.0,277.0,-157.0,3222.0,2221.0,205.0,-1198.0,8419.0,27637.0,27638.0,1006.0,1005.0,100.0,37.3,36.4,3.2,9.2,13.1,7.7,3.3,11.0,6.5,6.3,18.2,97.0,97.5,3.0,2.5,100.0,37.3,36.4,3.2,9.2,13.1,7.7,3.3,11.0,6.5,6.3,18.2,97.0,97.5,3.0,2.5,100.0,0.0,0.0,0.0,0.0,0.0,0.0,0.0,0.0,0.0,0.0,0.0,0.0,0.0,0.0,0.0,157,42.0,43.0,13.0,7.0,18.0,17.0,15.0,19.0,21,30.0,48,141,139,157,42.0,43.0,13.0,7.0,18.0,17.0,15.0,19.0,21,30.0,48,141,139,0,0,0,0,0,0,0,0,0,0,0,0,0,0,20.4,23.8,35.8,37.4,14.7,16.1,18.6,20.6,20.4,23.8,35.8,37.4,14.7,16.1,18.6,20.6,0.0,0.0,0.0,0.0,0.0,0.0,0.0,0.0,"(CONTRACTS OF 1,000 BARRELS)",N10,CRUDE OIL,PETROLEUM AND PRODUCTS,NATURAL RESOURCES,FutOnly
170131067411F,"CRUDE OIL, LIGHT SWEET-WTI - ICE FUTURES EUROPE",2017-01-31T00:00:00.000,2017 Report Week 05,"CRUDE OIL, LIGHT SWEET-WTI",67411,ICEU,NYC,67,CRUDE OIL,584432,210530,210329,21164,54239,79928,47154,17209,65397,39859,39574,103211,567243,569887,17189,14545,584432,210530,210329,21164,54239,79928,47154,17209,65397,39859,39574,103211,567243,569887,17189,14545,0,0,0,0,0,0,0,0,0,0,0,0,0,0,0,0,37174.0,7366.0,10706.0,-2613.0,-3081.0,4817.0,2724.0,-5117.0,14544.0,-523.0,1851.0,11295.0,37610.0,35015.0,-436.0,2159.0,100.0,36.0,36.0,3.6,9.3,13.7,8.1,2.9,11.2,6.8,6.8,17.7,97.1,97.5,2.9,2.5,100.0,36.0,36.0,3.6,9.3,13.7,8.1,2.9,11.2,6.8,6.8,17.7,97.1,97.5,2.9,2.5,100.0,0.0,0.0,0.0,0.0,0.0,0.0,0.0,0.0,0.0,0.0,0.0,0.0,0.0,0.0,0.0,155,44.0,47.0,12.0,7.0,18.0,19.0,12.0,18.0,20,29.0,44,138,137,155,44.0,47.0,12.0,7.0,18.0,19.0,12.0,18.0,20,29.0,44,138,137,0,0,0,0,0,0,0,0,0,0,0,0,0,0,20.8,23.5,35.6,36.0,15.9,16.5,20.3,21.7,20.8,23.5,35.6,36.0,15.9,16.5,20.3,21.7,0.0,0.0,0.0,0.0,0.0,0.0,0.0,0.0,"(CONTRACTS OF 1,000 BARRELS)",N10,CRUDE OIL,PETROLEUM AND PRODUCTS,NATURAL RESOURCES,FutOnly
170124067411F,"CRUDE OIL, LIGHT SWEET-WTI - ICE FUTURES EUROPE",2017-01-24T00:00:00.000,2017 Report Week 04,"CRUDE OIL, LIGHT SWEET-WTI",67411,ICEU,NYC,67,CRUDE OIL,547258,203164,199623,23777,57320,75111,44430,22326,50853,40382,37723,91916,529633,534872,17625,12386,547258,203164,199623,23777,57320,75111,44430,22326,50853,40382,37723,91916,529633,534872,17625,12386,0,0,0,0,0,0,0,0,0,0,0,0,0,0,0,0,-9254.0,12588.0,16673.0,-3063.0,-2372.0,-5556.0,-2547.0,-4942.0,1009.0,-1620.0,-977.0,-10472.0,-9661.0,-6637.0,407.0,-2617.0,100.0,37.1,36.5,4.3,10.5,13.7,8.1,4.1,9.3,7.4,6.9,16.8,96.8,97.7,3.2,2.3,100.0,37.1,36.5,4.3,10.5,13.7,8.1,4.1,9.3,7.4,6.9,16.8,96.8,97.7,3.2,2.3,100.0,0.0,0.0,0.0,0.0,0.0,0.0,0.0,0.0,0.0,0.0,0.0,0.0,0.0,0.0,0.0,151,41.0,47.0,13.0,7.0,19.0,16.0,13.0,16.0,13,33.0,40,130,133,151,41.0,47.0,13.0,7.0,19.0,16.0,13.0,16.0,13,33.0,40,130,133,0,0,0,0,0,0,0,0,0,0,0,0,0,0,23.5,22.2,38.2,35.8,17.8,16.0,23.4,22.1,23.5,22.2,38.2,35.8,17.8,16.0,23.4,22.1,0.0,0.0,0.0,0.0,0.0,0.0,0.0,0.0,"(CONTRACTS OF 1,000 BARRELS)",N10,CRUDE OIL,PETROLEUM AND PRODUCTS,NATURAL RESOURCES,FutOnly
170117067411F,"CRUDE OIL, LIGHT SWEET-WTI - ICE FUTURES EUROPE",2017-01-17T00:00:00.000,2017 Report Week 03,"CRUDE OIL, LIGHT SWEET-WTI",67411,ICEU,NYC,67,CRUDE OIL,556512,190576,182950,26840,59692,80667,46977,27268,49844,42002,38700,102388,539294,541509,17218,15003,556512,190576,182950,26840,59692,80667,46977,27268,49844,42002,38700,102388,539294,541509,17218,15003,0,0,0,0,0,0,0,0,0,0,0,0,0,0,0,0,18095.0,-2144.0,440.0,-5242.0,-2715.0,4519.0,127.0,-1422.0,1925.0,369.0,-4773.0,17917.0,17471.0,15891.0,624.0,2204.0,100.0,34.2,32.9,4.8,10.7,14.5,8.4,4.9,9.0,7.5,7.0,18.4,96.9,97.3,3.1,2.7,100.0,34.2,32.9,4.8,10.7,14.5,8.4,4.9,9.0,7.5,7.0,18.4,96.9,97.3,3.1,2.7,100.0,0.0,0.0,0.0,0.0,0.0,0.0,0.0,0.0,0.0,0.0,0.0,0.0,0.0,0.0,0.0,155,46.0,43.0,13.0,8.0,19.0,17.0,13.0,16.0,17,28.0,45,139,133,155,46.0,43.0,13.0,8.0,19.0,17.0,13.0,16.0,17,28.0,45,139,133,0,0,0,0,0,0,0,0,0,0,0,0,0,0,23.1,22.1,38.2,35.9,18.0,15.0,23.0,21.9,23.1,22.1,38.2,35.9,18.0,15.0,23.0,21.9,0.0,0.0,0.0,0.0,0.0,0.0,0.0,0.0,"(CONTRACTS OF 1,000 BARRELS)",N10,CRUDE OIL,PETROLEUM AND PRODUCTS,NATURAL RESOURCES,FutOnly
170110067411F,"CRUDE OIL, LIGHT SWEET-WTI - ICE FUTURES EUROPE",2017-01-10T00:00:00.000,2017 Report Week 02,"CRUDE OIL, LIGHT SWEET-WTI",67411,ICEU,NYC,67,CRUDE OIL,538417,192720,182510,32082,62407,76148,46850,28690,47919,41633,43473,84471,521823,525618,16594,12799,538417,192720,182510,32082,62407,76148,46850,28690,47919,41633,43473,84471,521823,525618,16594,12799,0,0,0,0,0,0,0,0,0,0,0,0,0,0,0,0,8500.0,-6032.0,18089.0,2.0,-703.0,1755.0,-21.0,6780.0,-858.0,13853.0,-18387.0,12216.0,20915.0,18892.0,-12415.0,-10392.0,100.0,35.8,33.9,6.0,11.6,14.1,8.7,5.3,8.9,7.7,8.1,15.7,96.9,97.6,3.1,2.4,100.0,35.8,33.9,6.0,11.6,14.1,8.7,5.3,8.9,7.7,8.1,15.7,96.9,97.6,3.1,2.4,100.0,0.0,0.0,0.0,0.0,0.0,0.0,0.0,0.0,0.0,0.0,0.0,0.0,0.0,0.0,0.0,147,41.0,39.0,14.0,8.0,19.0,16.0,13.0,17.0,18,25.0,39,128,127,147,41.0,39.0,14.0,8.0,19.0,16.0,13.0,17.0,18,25.0,39,128,127,0,0,0,0,0,0,0,0,0,0,0,0,0,0,23.1,23.3,39.0,37.5,19.8,16.9,25.7,24.0,23.1,23.3,39.0,37.5,19.8,16.9,25.7,24.0,0.0,0.0,0.0,0.0,0.0,0.0,0.0,0.0,"(CONTRACTS OF 1,000 BARRELS)",N10,CRUDE OIL,PETROLEUM AND PRODUCTS,NATURAL RESOURCES,FutOnly
170103067411F,"CRUDE OIL, LIGHT SWEET-WTI - ICE FUTURES EUROPE",2017-01-03T00:00:00.000,2017 Report Week 01,"CRUDE OIL, LIGHT SWEET-WTI",67411,ICEU,NYC,67,CRUDE OIL,529917,198752,164421,32080,63110,74393,46871,21910,48777,27780,61860,72255,500908,506726,29009,23191,529917,198752,164421,32080,63110,74393,46871,21910,48777,27780,61860,72255,500908,506726,29009,23191,0,0,0,0,0,0,0,0,0,0,0,0,0,0,0,0,17901.0,12155.0,3175.0,-97.0,7199.0,2676.0,-4044.0,2148.0,1169.0,450.0,-2406.0,-7213.0,5096.0,6748.0,12805.0,11153.0,100.0,37.5,31.0,6.1,11.9,14.0,8.8,4.1,9.2,5.2,11.7,13.6,94.5,95.6,5.5,4.4,100.0,37.5,31.0,6.1,11.9,14.0,8.8,4.1,9.2,5.2,11.7,13.6,94.5,95.6,5.5,4.4,100.0,0.0,0.0,0.0,0.0,0.0,0.0,0.0,0.0,0.0,0.0,0.0,0.0,0.0,0.0,0.0,141,41.0,37.0,12.0,10.0,19.0,15.0,13.0,18.0,10,26.0,38,127,121,141,41.0,37.0,12.0,10.0,19.0,15.0,13.0,18.0,10,26.0,38,127,121,0,0,0,0,0,0,0,0,0,0,0,0,0,0,23.4,25.6,40.0,39.5,20.3,19.2,27.1,26.3,23.4,25.6,40.0,39.5,20.3,19.2,27.1,26.3,0.0,0.0,0.0,0.0,0.0,0.0,0.0,0.0,"(CONTRACTS OF 1,000 BARRELS)",N10,CRUDE OIL,PETROLEUM AND PRODUCTS,NATURAL RESOURCES,FutOnly
161227067411F,"CRUDE OIL, LIGHT SWEET-WTI - ICE FUTURES EUROPE",2016-12-27T00:00:00.000,2016 Report Week 52,"CRUDE OIL, LIGHT SWEET-WTI",67411,ICEU,NYC,67,CRUDE OIL,512016,186597,161246,32177,55911,71717,50915,19762,47608,27330,64266,79468,495812,499978,16204,12038,512016,186597,161246,32177,55911,71717,50915,19762,47608,27330,64266,79468,495812,499978,16204,12038,0,0,0,0,0,0,0,0,0,0,0,0,0,0,0,0,4419.0,-9842.0,-10051.0,3475.0,1339.0,2590.0,6552.0,-489.0,817.0,-1115.0,9496.0,3053.0,5530.0,6755.0,-1111.0,-2336.0,100.0,36.4,31.5,6.3,10.9,14.0,9.9,3.9,9.3,5.3,12.6,15.5,96.8,97.6,3.2,2.4,100.0,36.4,31.5,6.3,10.9,14.0,9.9,3.9,9.3,5.3,12.6,15.5,96.8,97.6,3.2,2.4,100.0,0.0,0.0,0.0,0.0,0.0,0.0,0.0,0.0,0.0,0.0,0.0,0.0,0.0,0.0,0.0,137,37.0,36.0,14.0,9.0,20.0,16.0,12.0,16.0,13,25.0,38,123,119,137,37.0,36.0,14.0,9.0,20.0,16.0,12.0,16.0,13,25.0,38,123,119,0,0,0,0,0,0,0,0,0,0,0,0,0,0,23.9,27.6,38.7,40.7,19.9,20.6,27.0,27.9,23.9,27.6,38.7,40.7,19.9,20.6,27.0,27.9,0.0,0.0,0.0,0.0,0.0,0.0,0.0,0.0,"(CONTRACTS OF 1,000 BARRELS)",N10,CRUDE OIL,PETROLEUM AND PRODUCTS,NATURAL RESOURCES,FutOnly
161220067411F,"CRUDE OIL, LIGHT SWEET-WTI - ICE FUTURES EUROPE",2016-12-20T00:00:00.000,2016 Report Week 51,"CRUDE OIL, LIGHT SWEET-WTI",67411,ICEU,NYC,67,CRUDE OIL,507597,196439,171297,28702,54572,69127,44363,20251,46791,28445,54770,76415,490282,493223,17315,14374,507597,196439,171297,28702,54572,69127,44363,20251,46791,28445,54770,76415,490282,493223,17315,14374,0,0,0,0,0,0,0,0,0,0,0,0,0,0,0,0,-31416.0,-19306.0,-18018.0,2330.0,-4256.0,-1873.0,10913.0,-1507.0,-6049.0,-7556.0,10749.0,-11230.0,-32771.0,-32184.0,1355.0,768.0,100.0,38.7,33.7,5.7,10.8,13.6,8.7,4.0,9.2,5.6,10.8,15.1,96.6,97.2,3.4,2.8,100.0,38.7,33.7,5.7,10.8,13.6,8.7,4.0,9.2,5.6,10.8,15.1,96.6,97.2,3.4,2.8,100.0,0.0,0.0,0.0,0.0,0.0,0.0,0.0,0.0,0.0,0.0,0.0,0.0,0.0,0.0,0.0,138,40.0,38.0,13.0,8.0,18.0,16.0,12.0,17.0,12,25.0,38,124,118,138,40.0,38.0,13.0,8.0,18.0,16.0,12.0,17.0,12,25.0,38,124,118,0,0,0,0,0,0,0,0,0,0,0,0,0,0,23.7,28.1,37.8,41.0,19.8,21.9,27.3,29.5,23.7,28.1,37.8,41.0,19.8,21.9,27.3,29.5,0.0,0.0,0.0,0.0,0.0,0.0,0.0,0.0,"(CONTRACTS OF 1,000 BARRELS)",N10,CRUDE OIL,PETROLEUM AND PRODUCTS,NATURAL RESOURCES,FutOnly
161213067411F,"CRUDE OIL, LIGHT SWEET-WTI - ICE FUTURES EUROPE",2016-12-13T00:00:00.000,2016 Report Week 50,"CRUDE OIL, LIGHT SWEET-WTI",67411,ICEU,NYC,67,CRUDE OIL,539013,215745,189315,26372,58828,71000,33450,21758,52840,36001,44021,87645,523053,525407,15960,13606,539013,215745,189315,26372,58828,71000,33450,21758,52840,36001,44021,87645,523053,525407,15960,13606,0,0,0,0,0,0,0,0,0,0,0,0,0,0,0,0,-23283.0,-32824.0,-19172.0,1082.0,2036.0,9804.0,11020.0,1905.0,-2191.0,123.0,-5846.0,-9917.0,-22903.0,-23381.0,-380.0,98.0,100.0,40.0,35.1,4.9,10.9,13.2,6.2,4.0,9.8,6.7,8.2,16.3,97.0,97.5,3.0,2.5,100.0,40.0,35.1,4.9,10.9,13.2,6.2,4.0,9.8,6.7,8.2,16.3,97.0,97.5,3.0,2.5,100.0,0.0,0.0,0.0,0.0,0.0,0.0,0.0,0.0,0.0,0.0,0.0,0.0,0.0,0.0,0.0,145,44.0,46.0,12.0,8.0,19.0,15.0,12.0,18.0,17,23.0,41,131,129,145,44.0,46.0,12.0,8.0,19.0,15.0,12.0,18.0,17,23.0,41,131,129,0,0,0,0,0,0,0,0,0,0,0,0,0,0,22.3,26.0,37.0,38.9,18.3,19.3,25.2,26.0,22.3,26.0,37.0,38.9,18.3,19.3,25.2,26.0,0.0,0.0,0.0,0.0,0.0,0.0,0.0,0.0,"(CONTRACTS OF 1,000 BARRELS)",N10,CRUDE OIL,PETROLEUM AND PRODUCTS,NATURAL RESOURCES,FutOnly
161206067411F,"CRUDE OIL, LIGHT SWEET-WTI - ICE FUTURES EUROPE",2016-12-06T00:00:00.000,2016 Report Week 49,"CRUDE OIL, LIGHT SWEET-WTI",67411,ICEU,NYC,67,CRUDE OIL,562296,248569,208487,25290,56792,61196,22430,19853,55031,35878,49867,97562,545956,548788,16340,13508,562296,248569,208487,25290,56792,61196,22430,19853,55031,35878,49867,97562,545956,548788,16340,13508,0,0,0,0,0,0,0,0,0,0,0,0,0,0,0,0,46345.0,33095.0,10752.0,3264.0,6177.0,1722.0,-4465.0,-9308.0,4427.0,-2028.0,26786.0,6107.0,42122.0,46663.0,4223.0,-318.0,100.0,44.2,37.1,4.5,10.1,10.9,4.0,3.5,9.8,6.4,8.9,17.4,97.1,97.6,2.9,2.4,100.0,44.2,37.1,4.5,10.1,10.9,4.0,3.5,9.8,6.4,8.9,17.4,97.1,97.6,2.9,2.4,100.0,0.0,0.0,0.0,0.0,0.0,0.0,0.0,0.0,0.0,0.0,0.0,0.0,0.0,0.0,0.0,145,45.0,46.0,10.0,8.0,17.0,11.0,14.0,15.0,17,26.0,45,130,131,145,45.0,46.0,10.0,8.0,17.0,11.0,14.0,15.0,17,26.0,45,130,131,0,0,0,0,0,0,0,0,0,0,0,0,0,0,22.1,24.1,36.7,37.6,19.6,16.2,26.9,22.7,22.1,24.1,36.7,37.6,19.6,16.2,26.9,22.7,0.0,0.0,0.0,0.0,0.0,0.0,0.0,0.0,"(CONTRACTS OF 1,000 BARRELS)",N10,CRUDE OIL,PETROLEUM AND PRODUCTS,NATURAL RESOURCES,FutOnly
161129067411F,"CRUDE OIL, LIGHT SWEET-WTI - ICE FUTURES EUROPE",2016-11-29T00:00:00.000,2016 Report Week 48,"CRUDE OIL, LIGHT SWEET-WTI",67411,ICEU,NYC,67,CRUDE OIL,515951,215474,197735,22026,50615,59474,26895,29161,50604,37906,23081,91455,503834,502125,12117,13826,515951,215474,197735,22026,50615,59474,26895,29161,50604,37906,23081,91455,503834,502125,12117,13826,0,0,0,0,0,0,0,0,0,0,0,0,0,0,0,0,963.0,-127.0,-1397.0,1601.0,-1212.0,-974.0,-3825.0,-349.0,-75.0,314.0,310.0,5768.0,2682.0,2071.0,-1719.0,-1108.0,100.0,41.8,38.3,4.3,9.8,11.5,5.2,5.7,9.8,7.3,4.5,17.7,97.7,97.3,2.3,2.7,100.0,41.8,38.3,4.3,9.8,11.5,5.2,5.7,9.8,7.3,4.5,17.7,97.7,97.3,2.3,2.7,100.0,0.0,0.0,0.0,0.0,0.0,0.0,0.0,0.0,0.0,0.0,0.0,0.0,0.0,0.0,0.0,135,40.0,42.0,9.0,9.0,17.0,11.0,15.0,17.0,17,21.0,40,122,123,135,40.0,42.0,9.0,9.0,17.0,11.0,15.0,17.0,17,21.0,40,122,123,0,0,0,0,0,0,0,0,0,0,0,0,0,0,23.1,25.1,39.4,38.1,19.4,18.5,28.6,26.3,23.1,25.1,39.4,38.1,19.4,18.5,28.6,26.3,0.0,0.0,0.0,0.0,0.0,0.0,0.0,0.0,"(CONTRACTS OF 1,000 BARRELS)",N10,CRUDE OIL,PETROLEUM AND PRODUCTS,NATURAL RESOURCES,FutOnly
161122067411F,"CRUDE OIL, LIGHT SWEET-WTI - ICE FUTURES EUROPE",2016-11-22T00:00:00.000,2016 Report Week 47,"CRUDE OIL, LIGHT SWEET-WTI",67411,ICEU,NYC,67,CRUDE OIL,514988,215601,199132,20425,51827,60448,30720,29510,50679,37592,22771,85687,501152,500054,13836,14934,514988,215601,199132,20425,51827,60448,30720,29510,50679,37592,22771,85687,501152,500054,13836,14934,0,0,0,0,0,0,0,0,0,0,0,0,0,0,0,0,-25877.0,-6620.0,9168.0,-7498.0,-1443.0,-5451.0,-2203.0,-1174.0,-7854.0,5134.0,-14921.0,1227.0,-23265.0,-20448.0,-2612.0,-5429.0,100.0,41.9,38.7,4.0,10.1,11.7,6.0,5.7,9.8,7.3,4.4,16.6,97.3,97.1,2.7,2.9,100.0,41.9,38.7,4.0,10.1,11.7,6.0,5.7,9.8,7.3,4.4,16.6,97.3,97.1,2.7,2.9,100.0,0.0,0.0,0.0,0.0,0.0,0.0,0.0,0.0,0.0,0.0,0.0,0.0,0.0,0.0,0.0,129,41.0,42.0,9.0,9.0,17.0,11.0,14.0,17.0,13,23.0,37,119,119,129,41.0,42.0,9.0,9.0,17.0,11.0,14.0,17.0,13,23.0,37,119,119,0,0,0,0,0,0,0,0,0,0,0,0,0,0,22.4,25.1,39.6,38.3,19.6,19.1,28.7,26.6,22.4,25.1,39.6,38.3,19.6,19.1,28.7,26.6,0.0,0.0,0.0,0.0,0.0,0.0,0.0,0.0,"(CONTRACTS OF 1,000 BARRELS)",N10,CRUDE OIL,PETROLEUM AND PRODUCTS,NATURAL RESOURCES,FutOnly
161115067411F,"CRUDE OIL, LIGHT SWEET-WTI - ICE FUTURES EUROPE",2016-11-15T00:00:00.000,2016 Report Week 46,"CRUDE OIL, LIGHT SWEET-WTI",67411,ICEU,NYC,67,CRUDE OIL,540865,222221,189964,27923,53270,65899,32923,30684,58533,32458,37692,84460,524417,520502,16448,20363,540865,222221,189964,27923,53270,65899,32923,30684,58533,32458,37692,84460,524417,520502,16448,20363,0,0,0,0,0,0,0,0,0,0,0,0,0,0,0,0,-799.0,-20000.0,2671.0,-8288.0,-174.0,3908.0,5749.0,1939.0,3104.0,6443.0,-21370.0,4843.0,-4241.0,-5079.0,3442.0,4280.0,100.0,41.1,35.1,5.2,9.8,12.2,6.1,5.7,10.8,6.0,7.0,15.6,97.0,96.2,3.0,3.8,100.0,41.1,35.1,5.2,9.8,12.2,6.1,5.7,10.8,6.0,7.0,15.6,97.0,96.2,3.0,3.8,100.0,0.0,0.0,0.0,0.0,0.0,0.0,0.0,0.0,0.0,0.0,0.0,0.0,0.0,0.0,0.0,137,45.0,46.0,8.0,11.0,18.0,11.0,16.0,19.0,16,24.0,38,126,128,137,45.0,46.0,8.0,11.0,18.0,11.0,16.0,19.0,16,24.0,38,126,128,0,0,0,0,0,0,0,0,0,0,0,0,0,0,21.9,24.1,37.9,36.9,19.8,17.1,28.1,24.4,21.9,24.1,37.9,36.9,19.8,17.1,28.1,24.4,0.0,0.0,0.0,0.0,0.0,0.0,0.0,0.0,"(CONTRACTS OF 1,000 BARRELS)",N10,CRUDE OIL,PETROLEUM AND PRODUCTS,NATURAL RESOURCES,FutOnly
161108067411F,"CRUDE OIL, LIGHT SWEET-WTI - ICE FUTURES EUROPE",2016-11-08T00:00:00.000,2016 Report Week 45,"CRUDE OIL, LIGHT SWEET-WTI",67411,ICEU,NYC,67,CRUDE OIL,541664,242221,187293,36211,53444,61991,27174,28745,55429,26015,59062,79617,528658,525581,13006,16083,541664,242221,187293,36211,53444,61991,27174,28745,55429,26015,59062,79617,528658,525581,13006,16083,0,0,0,0,0,0,0,0,0,0,0,0,0,0,0,0,4644.0,1782.0,780.0,-1779.0,3781.0,1810.0,1697.0,-3190.0,5202.0,-102.0,-643.0,-4291.0,4319.0,3449.0,325.0,1195.0,100.0,44.7,34.6,6.7,9.9,11.4,5.0,5.3,10.2,4.8,10.9,14.7,97.6,97.0,2.4,3.0,100.0,44.7,34.6,6.7,9.9,11.4,5.0,5.3,10.2,4.8,10.9,14.7,97.6,97.0,2.4,3.0,100.0,0.0,0.0,0.0,0.0,0.0,0.0,0.0,0.0,0.0,0.0,0.0,0.0,0.0,0.0,0.0,143,46.0,47.0,10.0,10.0,18.0,13.0,13.0,19.0,13,27.0,41,132,132,143,46.0,47.0,10.0,10.0,18.0,13.0,13.0,19.0,13,27.0,41,132,132,0,0,0,0,0,0,0,0,0,0,0,0,0,0,25.2,23.9,39.8,35.5,23.0,17.2,31.2,24.7,25.2,23.9,39.8,35.5,23.0,17.2,31.2,24.7,0.0,0.0,0.0,0.0,0.0,0.0,0.0,0.0,"(CONTRACTS OF 1,000 BARRELS)",N10,CRUDE OIL,PETROLEUM AND PRODUCTS,NATURAL RESOURCES,FutOnly
161101067411F,"CRUDE OIL, LIGHT SWEET-WTI - ICE FUTURES EUROPE",2016-11-01T00:00:00.000,2016 Report Week 44,"CRUDE OIL, LIGHT SWEET-WTI",67411,ICEU,NYC,67,CRUDE OIL,537020,240439,186513,37990,49663,60181,25477,31935,50227,26117,59705,83908,524339,522132,12681,14888,537020,240439,186513,37990,49663,60181,25477,31935,50227,26117,59705,83908,524339,522132,12681,14888,0,0,0,0,0,0,0,0,0,0,0,0,0,0,0,0,-1245.0,9720.0,6630.0,-5217.0,-2027.0,3231.0,-5856.0,1466.0,-1979.0,686.0,-6235.0,-1137.0,-552.0,-51.0,-693.0,-1194.0,100.0,44.8,34.7,7.1,9.2,11.2,4.7,5.9,9.4,4.9,11.1,15.6,97.6,97.2,2.4,2.8,100.0,44.8,34.7,7.1,9.2,11.2,4.7,5.9,9.4,4.9,11.1,15.6,97.6,97.2,2.4,2.8,100.0,0.0,0.0,0.0,0.0,0.0,0.0,0.0,0.0,0.0,0.0,0.0,0.0,0.0,0.0,0.0,143,47.0,48.0,9.0,11.0,19.0,13.0,13.0,19.0,14,28.0,39,130,134,143,47.0,48.0,9.0,11.0,19.0,13.0,13.0,19.0,14,28.0,39,130,134,0,0,0,0,0,0,0,0,0,0,0,0,0,0,24.9,25.0,40.8,36.9,21.9,17.3,30.7,24.4,24.9,25.0,40.8,36.9,21.9,17.3,30.7,24.4,0.0,0.0,0.0,0.0,0.0,0.0,0.0,0.0,"(CONTRACTS OF 1,000 BARRELS)",N10,CRUDE OIL,PETROLEUM AND PRODUCTS,NATURAL RESOURCES,FutOnly
161025067411F,"CRUDE OIL, LIGHT SWEET-WTI - ICE FUTURES EUROPE",2016-10-25T00:00:00.000,2016 Report Week 43,"CRUDE OIL, LIGHT SWEET-WTI",67411,ICEU,NYC,67,CRUDE OIL,538265,230719,179883,43207,51690,56950,31333,30469,52206,25431,65940,85045,524891,522183,13374,16082,538265,230719,179883,43207,51690,56950,31333,30469,52206,25431,65940,85045,524891,522183,13374,16082,0,0,0,0,0,0,0,0,0,0,0,0,0,0,0,0,19340.0,25516.0,17917.0,-1492.0,-4965.0,51.0,-3131.0,991.0,-795.0,-821.0,5182.0,-1061.0,18267.0,17320.0,1073.0,2020.0,100.0,42.9,33.4,8.0,9.6,10.6,5.8,5.7,9.7,4.7,12.3,15.8,97.5,97.0,2.5,3.0,100.0,42.9,33.4,8.0,9.6,10.6,5.8,5.7,9.7,4.7,12.3,15.8,97.5,97.0,2.5,3.0,100.0,0.0,0.0,0.0,0.0,0.0,0.0,0.0,0.0,0.0,0.0,0.0,0.0,0.0,0.0,0.0,136,42.0,47.0,8.0,12.0,19.0,13.0,11.0,19.0,12,28.0,35,120,129,136,42.0,47.0,8.0,12.0,19.0,13.0,11.0,19.0,12,28.0,35,120,129,0,0,0,0,0,0,0,0,0,0,0,0,0,0,24.9,24.9,40.8,36.7,21.3,17.8,30.9,25.4,24.9,24.9,40.8,36.7,21.3,17.8,30.9,25.4,0.0,0.0,0.0,0.0,0.0,0.0,0.0,0.0,"(CONTRACTS OF 1,000 BARRELS)",N10,CRUDE OIL,PETROLEUM AND PRODUCTS,NATURAL RESOURCES,FutOnly
161018067411F,"CRUDE OIL, LIGHT SWEET-WTI - ICE FUTURES EUROPE",2016-10-18T00:00:00.000,2016 Report Week 42,"CRUDE OIL, LIGHT SWEET-WTI",67411,ICEU,NYC,67,CRUDE OIL,518925,205203,161966,44699,56655,56899,34464,29478,53001,26252,60758,86106,506624,504863,12301,14062,518925,205203,161966,44699,56655,56899,34464,29478,53001,26252,60758,86106,506624,504863,12301,14062,0,0,0,0,0,0,0,0,0,0,0,0,0,0,0,0,-21936.0,-14966.0,-6019.0,5999.0,-766.0,311.0,-658.0,-1506.0,-8587.0,-1674.0,-3649.0,-3264.0,-22839.0,-23480.0,903.0,1544.0,100.0,39.5,31.2,8.6,10.9,11.0,6.6,5.7,10.2,5.1,11.7,16.6,97.6,97.3,2.4,2.7,100.0,39.5,31.2,8.6,10.9,11.0,6.6,5.7,10.2,5.1,11.7,16.6,97.6,97.3,2.4,2.7,100.0,0.0,0.0,0.0,0.0,0.0,0.0,0.0,0.0,0.0,0.0,0.0,0.0,0.0,0.0,0.0,140,43.0,47.0,8.0,12.0,19.0,14.0,13.0,20.0,13,25.0,35,124,130,140,43.0,47.0,8.0,12.0,19.0,14.0,13.0,20.0,13,25.0,35,124,130,0,0,0,0,0,0,0,0,0,0,0,0,0,0,23.5,24.9,39.0,36.7,19.1,18.4,28.8,25.1,23.5,24.9,39.0,36.7,19.1,18.4,28.8,25.1,0.0,0.0,0.0,0.0,0.0,0.0,0.0,0.0,"(CONTRACTS OF 1,000 BARRELS)",N10,CRUDE OIL,PETROLEUM AND PRODUCTS,NATURAL RESOURCES,FutOnly
161011067411F,"CRUDE OIL, LIGHT SWEET-WTI - ICE FUTURES EUROPE",2016-10-11T00:00:00.000,2016 Report Week 41,"CRUDE OIL, LIGHT SWEET-WTI",67411,ICEU,NYC,67,CRUDE OIL,540861,220169,167985,38700,57421,56588,35122,30984,61588,27926,64407,89370,529463,528343,11398,12518,540861,220169,167985,38700,57421,56588,35122,30984,61588,27926,64407,89370,529463,528343,11398,12518,0,0,0,0,0,0,0,0,0,0,0,0,0,0,0,0,5343.0,11863.0,-5091.0,-5905.0,-2098.0,3415.0,259.0,-5392.0,6218.0,-3040.0,15921.0,-4138.0,8672.0,8835.0,-3329.0,-3492.0,100.0,40.7,31.1,7.2,10.6,10.5,6.5,5.7,11.4,5.2,11.9,16.5,97.9,97.7,2.1,2.3,100.0,40.7,31.1,7.2,10.6,10.5,6.5,5.7,11.4,5.2,11.9,16.5,97.9,97.7,2.1,2.3,100.0,0.0,0.0,0.0,0.0,0.0,0.0,0.0,0.0,0.0,0.0,0.0,0.0,0.0,0.0,0.0,151,49.0,52.0,9.0,11.0,19.0,14.0,15.0,20.0,12,25.0,38,133,139,151,49.0,52.0,9.0,11.0,19.0,14.0,15.0,20.0,12,25.0,38,133,139,0,0,0,0,0,0,0,0,0,0,0,0,0,0,22.1,24.5,37.9,37.2,18.2,17.2,25.3,23.8,22.1,24.5,37.9,37.2,18.2,17.2,25.3,23.8,0.0,0.0,0.0,0.0,0.0,0.0,0.0,0.0,"(CONTRACTS OF 1,000 BARRELS)",N10,CRUDE OIL,PETROLEUM AND PRODUCTS,NATURAL RESOURCES,FutOnly
161004067411F,"CRUDE OIL, LIGHT SWEET-WTI - ICE FUTURES EUROPE",2016-10-04T00:00:00.000,2016 Report Week 40,"CRUDE OIL, LIGHT SWEET-WTI",67411,ICEU,NYC,67,CRUDE OIL,535518,208306,173076,44605,59519,53173,34863,36376,55370,30966,48486,93508,520791,519508,14727,16010,535518,208306,173076,44605,59519,53173,34863,36376,55370,30966,48486,93508,520791,519508,14727,16010,0,0,0,0,0,0,0,0,0,0,0,0,0,0,0,0,16137.0,17947.0,-10383.0,8152.0,70.0,-282.0,2472.0,2175.0,-1420.0,-13605.0,23521.0,670.0,13934.0,14351.0,2203.0,1786.0,100.0,38.9,32.3,8.3,11.1,9.9,6.5,6.8,10.3,5.8,9.1,17.5,97.2,97.0,2.8,3.0,100.0,38.9,32.3,8.3,11.1,9.9,6.5,6.8,10.3,5.8,9.1,17.5,97.2,97.0,2.8,3.0,100.0,0.0,0.0,0.0,0.0,0.0,0.0,0.0,0.0,0.0,0.0,0.0,0.0,0.0,0.0,0.0,139,46.0,46.0,9.0,11.0,18.0,13.0,15.0,19.0,12,24.0,32,123,127,139,46.0,46.0,9.0,11.0,18.0,13.0,15.0,19.0,12,24.0,32,123,127,0,0,0,0,0,0,0,0,0,0,0,0,0,0,25.2,25.3,40.0,39.4,18.8,15.1,27.7,23.5,25.2,25.3,40.0,39.4,18.8,15.1,27.7,23.5,0.0,0.0,0.0,0.0,0.0,0.0,0.0,0.0,"(CONTRACTS OF 1,000 BARRELS)",N10,CRUDE OIL,PETROLEUM AND PRODUCTS,NATURAL RESOURCES,FutOnly
160927067411F,"CRUDE OIL, LIGHT SWEET-WTI - ICE FUTURES EUROPE",2016-09-27T00:00:00.000,2016 Report Week 39,"CRUDE OIL, LIGHT SWEET-WTI",67411,ICEU,NYC,67,CRUDE OIL,519381,190359,183459,36453,59449,53455,32391,34201,56790,44571,24965,92838,506857,505157,12524,14224,519381,190359,183459,36453,59449,53455,32391,34201,56790,44571,24965,92838,506857,505157,12524,14224,0,0,0,0,0,0,0,0,0,0,0,0,0,0,0,0,7128.0,-8815.0,16489.0,4567.0,-3982.0,3484.0,2889.0,-5725.0,-2490.0,8808.0,932.0,-1781.0,6662.0,6927.0,466.0,201.0,100.0,36.7,35.3,7.0,11.4,10.3,6.2,6.6,10.9,8.6,4.8,17.9,97.6,97.3,2.4,2.7,100.0,36.7,35.3,7.0,11.4,10.3,6.2,6.6,10.9,8.6,4.8,17.9,97.6,97.3,2.4,2.7,100.0,0.0,0.0,0.0,0.0,0.0,0.0,0.0,0.0,0.0,0.0,0.0,0.0,0.0,0.0,0.0,150,48.0,50.0,10.0,12.0,19.0,12.0,17.0,20.0,16,23.0,34,130,135,150,48.0,50.0,10.0,12.0,19.0,12.0,17.0,20.0,16,23.0,34,130,135,0,0,0,0,0,0,0,0,0,0,0,0,0,0,26.8,22.8,41.8,37.1,20.0,17.1,28.1,24.7,26.8,22.8,41.8,37.1,20.0,17.1,28.1,24.7,0.0,0.0,0.0,0.0,0.0,0.0,0.0,0.0,"(CONTRACTS OF 1,000 BARRELS)",N10,CRUDE OIL,PETROLEUM AND PRODUCTS,NATURAL RESOURCES,FutOnly
160920067411F,"CRUDE OIL, LIGHT SWEET-WTI - ICE FUTURES EUROPE",2016-09-20T00:00:00.000,2016 Report Week 38,"CRUDE OIL, LIGHT SWEET-WTI",67411,ICEU,NYC,67,CRUDE OIL,512253,199174,166970,31886,63431,49971,29502,39926,59280,35763,24033,94619,500195,498230,12058,14023,512253,199174,166970,31886,63431,49971,29502,39926,59280,35763,24033,94619,500195,498230,12058,14023,0,0,0,0,0,0,0,0,0,0,0,0,0,0,0,0,-29520.0,-19945.0,-12807.0,2878.0,-6785.0,-3210.0,1108.0,2955.0,-1191.0,378.0,1402.0,-7852.0,-27834.0,-27488.0,-1686.0,-2032.0,100.0,38.9,32.6,6.2,12.4,9.8,5.8,7.8,11.6,7.0,4.7,18.5,97.6,97.3,2.4,2.7,100.0,38.9,32.6,6.2,12.4,9.8,5.8,7.8,11.6,7.0,4.7,18.5,97.6,97.3,2.4,2.7,100.0,0.0,0.0,0.0,0.0,0.0,0.0,0.0,0.0,0.0,0.0,0.0,0.0,0.0,0.0,0.0,146,54.0,45.0,9.0,13.0,19.0,12.0,16.0,16.0,16,22.0,34,132,127,146,54.0,45.0,9.0,13.0,19.0,12.0,16.0,16.0,16,22.0,34,132,127,0,0,0,0,0,0,0,0,0,0,0,0,0,0,27.3,23.6,42.1,38.3,20.9,16.3,28.8,24.4,27.3,23.6,42.1,38.3,20.9,16.3,28.8,24.4,0.0,0.0,0.0,0.0,0.0,0.0,0.0,0.0,"(CONTRACTS OF 1,000 BARRELS)",N10,CRUDE OIL,PETROLEUM AND PRODUCTS,NATURAL RESOURCES,FutOnly
160913067411F,"CRUDE OIL, LIGHT SWEET-WTI - ICE FUTURES EUROPE",2016-09-13T00:00:00.000,2016 Report Week 37,"CRUDE OIL, LIGHT SWEET-WTI",67411,ICEU,NYC,67,CRUDE OIL,541773,219119,179777,29008,70216,53181,28394,36971,60471,35385,22631,102471,528029,525718,13744,16055,541773,219119,179777,29008,70216,53181,28394,36971,60471,35385,22631,102471,528029,525718,13744,16055,0,0,0,0,0,0,0,0,0,0,0,0,0,0,0,0,15715.0,-4203.0,-1765.0,8554.0,-2870.0,-4863.0,-2654.0,3918.0,13234.0,-494.0,1257.0,5497.0,15071.0,14408.0,644.0,1307.0,100.0,40.4,33.2,5.4,13.0,9.8,5.2,6.8,11.2,6.5,4.2,18.9,97.5,97.0,2.5,3.0,100.0,40.4,33.2,5.4,13.0,9.8,5.2,6.8,11.2,6.5,4.2,18.9,97.5,97.0,2.5,3.0,100.0,0.0,0.0,0.0,0.0,0.0,0.0,0.0,0.0,0.0,0.0,0.0,0.0,0.0,0.0,0.0,145,53.0,44.0,9.0,13.0,20.0,13.0,16.0,21.0,16,19.0,35,136,128,145,53.0,44.0,9.0,13.0,20.0,13.0,16.0,21.0,16,19.0,35,136,128,0,0,0,0,0,0,0,0,0,0,0,0,0,0,27.3,23.7,41.3,37.8,21.9,16.6,28.8,23.6,27.3,23.7,41.3,37.8,21.9,16.6,28.8,23.6,0.0,0.0,0.0,0.0,0.0,0.0,0.0,0.0,"(CONTRACTS OF 1,000 BARRELS)",N10,CRUDE OIL,PETROLEUM AND PRODUCTS,NATURAL RESOURCES,FutOnly
160906067411F,"CRUDE OIL, LIGHT SWEET-WTI - ICE FUTURES EUROPE",2016-09-06T00:00:00.000,2016 Report Week 36,"CRUDE OIL, LIGHT SWEET-WTI",67411,ICEU,NYC,67,CRUDE OIL,526058,223322,181542,20454,73086,58044,31048,33053,47237,35879,21374,96974,512958,511310,13100,14748,526058,223322,181542,20454,73086,58044,31048,33053,47237,35879,21374,96974,512958,511310,13100,14748,0,0,0,0,0,0,0,0,0,0,0,0,0,0,0,0,13702.0,-8857.0,-6693.0,1935.0,-7954.0,5829.0,2509.0,4533.0,-479.0,-2060.0,1396.0,15202.0,14079.0,11834.0,-377.0,1868.0,100.0,42.5,34.5,3.9,13.9,11.0,5.9,6.3,9.0,6.8,4.1,18.4,97.5,97.2,2.5,2.8,100.0,42.5,34.5,3.9,13.9,11.0,5.9,6.3,9.0,6.8,4.1,18.4,97.5,97.2,2.5,2.8,100.0,0.0,0.0,0.0,0.0,0.0,0.0,0.0,0.0,0.0,0.0,0.0,0.0,0.0,0.0,0.0,146,50.0,44.0,9.0,13.0,20.0,14.0,15.0,18.0,14,24.0,35,130,129,146,50.0,44.0,9.0,13.0,20.0,14.0,15.0,18.0,14,24.0,35,130,129,0,0,0,0,0,0,0,0,0,0,0,0,0,0,27.5,25.0,42.3,38.8,22.5,16.9,29.5,24.4,27.5,25.0,42.3,38.8,22.5,16.9,29.5,24.4,0.0,0.0,0.0,0.0,0.0,0.0,0.0,0.0,"(CONTRACTS OF 1,000 BARRELS)",N10,CRUDE OIL,PETROLEUM AND PRODUCTS,NATURAL RESOURCES,FutOnly
160830067411F,"CRUDE OIL, LIGHT SWEET-WTI - ICE FUTURES EUROPE",2016-08-30T00:00:00.000,2016 Report Week 35,"CRUDE OIL, LIGHT SWEET-WTI",67411,ICEU,NYC,67,CRUDE OIL,512356,232179,188235,18519,81040,52215,28539,28520,47716,37939,19978,81772,498879,499476,13477,12880,512356,232179,188235,18519,81040,52215,28539,28520,47716,37939,19978,81772,498879,499476,13477,12880,0,0,0,0,0,0,0,0,0,0,0,0,0,0,0,0,7444.0,13142.0,18870.0,-916.0,488.0,-427.0,1666.0,-1399.0,-2388.0,939.0,-2336.0,-6605.0,5411.0,6203.0,2033.0,1241.0,100.0,45.3,36.7,3.6,15.8,10.2,5.6,5.6,9.3,7.4,3.9,16.0,97.4,97.5,2.6,2.5,100.0,45.3,36.7,3.6,15.8,10.2,5.6,5.6,9.3,7.4,3.9,16.0,97.4,97.5,2.6,2.5,100.0,0.0,0.0,0.0,0.0,0.0,0.0,0.0,0.0,0.0,0.0,0.0,0.0,0.0,0.0,0.0,137,50.0,47.0,8.0,13.0,20.0,12.0,14.0,17.0,13,21.0,30,122,125,137,50.0,47.0,8.0,13.0,20.0,12.0,14.0,17.0,13,21.0,30,122,125,0,0,0,0,0,0,0,0,0,0,0,0,0,0,26.9,24.8,42.1,39.2,23.1,17.2,30.6,25.1,26.9,24.8,42.1,39.2,23.1,17.2,30.6,25.1,0.0,0.0,0.0,0.0,0.0,0.0,0.0,0.0,"(CONTRACTS OF 1,000 BARRELS)",N10,CRUDE OIL,PETROLEUM AND PRODUCTS,NATURAL RESOURCES,FutOnly
160823067411F,"CRUDE OIL, LIGHT SWEET-WTI - ICE FUTURES EUROPE",2016-08-23T00:00:00.000,2016 Report Week 34,"CRUDE OIL, LIGHT SWEET-WTI",67411,ICEU,NYC,67,CRUDE OIL,504912,219037,169365,19435,80552,52642,26873,29919,50104,37000,22314,88377,493468,493273,11444,11639,504912,219037,169365,19435,80552,52642,26873,29919,50104,37000,22314,88377,493468,493273,11444,11639,0,0,0,0,0,0,0,0,0,0,0,0,0,0,0,0,-39477.0,-20146.0,8602.0,-2213.0,-4447.0,-2031.0,2008.0,-3186.0,-14436.0,283.0,-19700.0,-2630.0,-39165.0,-37828.0,-312.0,-1649.0,100.0,43.4,33.5,3.8,16.0,10.4,5.3,5.9,9.9,7.3,4.4,17.5,97.7,97.7,2.3,2.3,100.0,43.4,33.5,3.8,16.0,10.4,5.3,5.9,9.9,7.3,4.4,17.5,97.7,97.7,2.3,2.3,100.0,0.0,0.0,0.0,0.0,0.0,0.0,0.0,0.0,0.0,0.0,0.0,0.0,0.0,0.0,0.0,142,47.0,46.0,8.0,13.0,20.0,14.0,15.0,18.0,16,22.0,35,126,130,142,47.0,46.0,8.0,13.0,20.0,14.0,15.0,18.0,16,22.0,35,126,130,0,0,0,0,0,0,0,0,0,0,0,0,0,0,27.0,25.8,42.8,40.5,24.0,18.0,31.9,25.9,27.0,25.8,42.8,40.5,24.0,18.0,31.9,25.9,0.0,0.0,0.0,0.0,0.0,0.0,0.0,0.0,"(CONTRACTS OF 1,000 BARRELS)",N10,CRUDE OIL,PETROLEUM AND PRODUCTS,NATURAL RESOURCES,FutOnly
160816067411F,"CRUDE OIL, LIGHT SWEET-WTI - ICE FUTURES EUROPE",2016-08-16T00:00:00.000,2016 Report Week 33,"CRUDE OIL, LIGHT SWEET-WTI",67411,ICEU,NYC,67,CRUDE OIL,544389,239183,160763,21648,84999,54673,24865,33105,64540,36717,42014,91007,532633,531101,11756,13288,544389,239183,160763,21648,84999,54673,24865,33105,64540,36717,42014,91007,532633,531101,11756,13288,0,0,0,0,0,0,0,0,0,0,0,0,0,0,0,0,17562.0,4605.0,-6196.0,14581.0,1114.0,2434.0,352.0,3472.0,1499.0,-3776.0,15322.0,-774.0,18921.0,16871.0,-1359.0,691.0,100.0,43.9,29.5,4.0,15.6,10.0,4.6,6.1,11.9,6.7,7.7,16.7,97.8,97.6,2.2,2.4,100.0,43.9,29.5,4.0,15.6,10.0,4.6,6.1,11.9,6.7,7.7,16.7,97.8,97.6,2.2,2.4,100.0,0.0,0.0,0.0,0.0,0.0,0.0,0.0,0.0,0.0,0.0,0.0,0.0,0.0,0.0,0.0,139,49.0,45.0,7.0,13.0,19.0,11.0,15.0,18.0,14,23.0,34,125,125,139,49.0,45.0,7.0,13.0,19.0,11.0,15.0,18.0,14,23.0,34,125,125,0,0,0,0,0,0,0,0,0,0,0,0,0,0,25.8,26.8,41.4,40.3,23.2,16.7,32.3,24.7,25.8,26.8,41.4,40.3,23.2,16.7,32.3,24.7,0.0,0.0,0.0,0.0,0.0,0.0,0.0,0.0,"(CONTRACTS OF 1,000 BARRELS)",N10,CRUDE OIL,PETROLEUM AND PRODUCTS,NATURAL RESOURCES,FutOnly
160809067411F,"CRUDE OIL, LIGHT SWEET-WTI - ICE FUTURES EUROPE",2016-08-09T00:00:00.000,2016 Report Week 32,"CRUDE OIL, LIGHT SWEET-WTI",67411,ICEU,NYC,67,CRUDE OIL,526827,234578,166959,7067,83885,52239,24513,29633,63041,40493,26692,91781,513712,514230,13115,12597,526827,234578,166959,7067,83885,52239,24513,29633,63041,40493,26692,91781,513712,514230,13115,12597,0,0,0,0,0,0,0,0,0,0,0,0,0,0,0,0,21658.0,18051.0,16454.0,-813.0,4471.0,-1540.0,2045.0,20.0,4172.0,-3820.0,-2341.0,1297.0,19392.0,22533.0,2266.0,-875.0,100.0,44.5,31.7,1.3,15.9,9.9,4.7,5.6,12.0,7.7,5.1,17.4,97.5,97.6,2.5,2.4,100.0,44.5,31.7,1.3,15.9,9.9,4.7,5.6,12.0,7.7,5.1,17.4,97.5,97.6,2.5,2.4,100.0,0.0,0.0,0.0,0.0,0.0,0.0,0.0,0.0,0.0,0.0,0.0,0.0,0.0,0.0,0.0,142,47.0,46.0,6.0,13.0,19.0,12.0,16.0,19.0,18,22.0,35,126,129,142,47.0,46.0,6.0,13.0,19.0,12.0,16.0,19.0,18,22.0,35,126,129,0,0,0,0,0,0,0,0,0,0,0,0,0,0,27.7,25.6,43.8,39.8,24.7,17.8,31.9,25.1,27.7,25.6,43.8,39.8,24.7,17.8,31.9,25.1,0.0,0.0,0.0,0.0,0.0,0.0,0.0,0.0,"(CONTRACTS OF 1,000 BARRELS)",N10,CRUDE OIL,PETROLEUM AND PRODUCTS,NATURAL RESOURCES,FutOnly
160802067411F,"CRUDE OIL, LIGHT SWEET-WTI - ICE FUTURES EUROPE",2016-08-02T00:00:00.000,2016 Report Week 31,"CRUDE OIL, LIGHT SWEET-WTI",67411,ICEU,NYC,67,CRUDE OIL,505169,216527,150505,7880,79414,53779,22468,29613,58869,44313,29033,90484,494320,491697,10849,13472,505169,216527,150505,7880,79414,53779,22468,29613,58869,44313,29033,90484,494320,491697,10849,13472,0,0,0,0,0,0,0,0,0,0,0,0,0,0,0,0,13138.0,6170.0,3376.0,1036.0,9430.0,-2785.0,1062.0,-1422.0,4518.0,810.0,-3519.0,2778.0,13589.0,12376.0,-451.0,762.0,100.0,42.9,29.8,1.6,15.7,10.6,4.4,5.9,11.7,8.8,5.7,17.9,97.9,97.3,2.1,2.7,100.0,42.9,29.8,1.6,15.7,10.6,4.4,5.9,11.7,8.8,5.7,17.9,97.9,97.3,2.1,2.7,100.0,0.0,0.0,0.0,0.0,0.0,0.0,0.0,0.0,0.0,0.0,0.0,0.0,0.0,0.0,0.0,139,47.0,44.0,6.0,13.0,18.0,14.0,13.0,18.0,18,20.0,35,125,124,139,47.0,44.0,6.0,13.0,18.0,14.0,13.0,18.0,18,20.0,35,125,124,0,0,0,0,0,0,0,0,0,0,0,0,0,0,25.1,24.9,41.5,39.0,23.0,14.6,30.4,21.6,25.1,24.9,41.5,39.0,23.0,14.6,30.4,21.6,0.0,0.0,0.0,0.0,0.0,0.0,0.0,0.0,"(CONTRACTS OF 1,000 BARRELS)",N10,CRUDE OIL,PETROLEUM AND PRODUCTS,NATURAL RESOURCES,FutOnly
160726067411F,"CRUDE OIL, LIGHT SWEET-WTI - ICE FUTURES EUROPE",2016-07-26T00:00:00.000,2016 Report Week 30,"CRUDE OIL, LIGHT SWEET-WTI",67411,ICEU,NYC,67,CRUDE OIL,492031,210357,147129,6844,69984,56564,21406,31035,54351,43503,32552,87706,480731,479321,11300,12710,492031,210357,147129,6844,69984,56564,21406,31035,54351,43503,32552,87706,480731,479321,11300,12710,0,0,0,0,0,0,0,0,0,0,0,0,0,0,0,0,22509.0,19051.0,7846.0,593.0,857.0,-2158.0,-1591.0,6904.0,461.0,1929.0,1811.0,7258.0,25543.0,22979.0,-3034.0,-470.0,100.0,42.8,29.9,1.4,14.2,11.5,4.4,6.3,11.0,8.8,6.6,17.8,97.7,97.4,2.3,2.6,100.0,42.8,29.9,1.4,14.2,11.5,4.4,6.3,11.0,8.8,6.6,17.8,97.7,97.4,2.3,2.6,100.0,0.0,0.0,0.0,0.0,0.0,0.0,0.0,0.0,0.0,0.0,0.0,0.0,0.0,0.0,0.0,138,44.0,44.0,6.0,13.0,17.0,9.0,18.0,16.0,17,23.0,33,119,123,138,44.0,44.0,6.0,13.0,17.0,9.0,18.0,16.0,17,23.0,33,119,123,0,0,0,0,0,0,0,0,0,0,0,0,0,0,25.3,25.5,42.5,39.6,22.0,13.5,29.5,20.8,25.3,25.5,42.5,39.6,22.0,13.5,29.5,20.8,0.0,0.0,0.0,0.0,0.0,0.0,0.0,0.0,"(CONTRACTS OF 1,000 BARRELS)",N10,CRUDE OIL,PETROLEUM AND PRODUCTS,NATURAL RESOURCES,FutOnly
160719067411F,"CRUDE OIL, LIGHT SWEET-WTI - ICE FUTURES EUROPE",2016-07-19T00:00:00.000,2016 Report Week 29,"CRUDE OIL, LIGHT SWEET-WTI",67411,ICEU,NYC,67,CRUDE OIL,469522,191306,139283,6251,69127,58722,22997,24131,53890,41574,30741,80448,455188,456342,14334,13180,469522,191306,139283,6251,69127,58722,22997,24131,53890,41574,30741,80448,455188,456342,14334,13180,0,0,0,0,0,0,0,0,0,0,0,0,0,0,0,0,-397.0,-12915.0,-13189.0,324.0,-5379.0,4600.0,366.0,2963.0,9498.0,1035.0,3674.0,-4597.0,-1689.0,-2430.0,1292.0,2033.0,100.0,40.7,29.7,1.3,14.7,12.5,4.9,5.1,11.5,8.9,6.5,17.1,96.9,97.2,3.1,2.8,100.0,40.7,29.7,1.3,14.7,12.5,4.9,5.1,11.5,8.9,6.5,17.1,96.9,97.2,3.1,2.8,100.0,0.0,0.0,0.0,0.0,0.0,0.0,0.0,0.0,0.0,0.0,0.0,0.0,0.0,0.0,0.0,133,47.0,45.0,5.0,14.0,18.0,10.0,14.0,17.0,17,21.0,31,120,120,133,47.0,45.0,5.0,14.0,18.0,10.0,14.0,17.0,17,21.0,31,120,120,0,0,0,0,0,0,0,0,0,0,0,0,0,0,27.4,25.0,44.0,40.0,23.3,14.0,29.6,21.3,27.4,25.0,44.0,40.0,23.3,14.0,29.6,21.3,0.0,0.0,0.0,0.0,0.0,0.0,0.0,0.0,"(CONTRACTS OF 1,000 BARRELS)",N10,CRUDE OIL,PETROLEUM AND PRODUCTS,NATURAL RESOURCES,FutOnly
160712067411F,"CRUDE OIL, LIGHT SWEET-WTI - ICE FUTURES EUROPE",2016-07-12T00:00:00.000,2016 Report Week 28,"CRUDE OIL, LIGHT SWEET-WTI",67411,ICEU,NYC,67,CRUDE OIL,469919,204221,152472,5927,74506,54122,22631,21168,44392,40539,27067,85045,456877,458772,13042,11147,469919,204221,152472,5927,74506,54122,22631,21168,44392,40539,27067,85045,456877,458772,13042,11147,0,0,0,0,0,0,0,0,0,0,0,0,0,0,0,0,23568.0,4272.0,5010.0,500.0,-2144.0,2590.0,-800.0,1635.0,4664.0,2803.0,4273.0,9153.0,23182.0,25181.0,386.0,-1613.0,100.0,43.5,32.4,1.3,15.9,11.5,4.8,4.5,9.4,8.6,5.8,18.1,97.2,97.6,2.8,2.4,100.0,43.5,32.4,1.3,15.9,11.5,4.8,4.5,9.4,8.6,5.8,18.1,97.2,97.6,2.8,2.4,100.0,0.0,0.0,0.0,0.0,0.0,0.0,0.0,0.0,0.0,0.0,0.0,0.0,0.0,0.0,0.0,133,49.0,43.0,5.0,14.0,18.0,12.0,11.0,17.0,18,19.0,33,124,118,133,49.0,43.0,5.0,14.0,18.0,12.0,11.0,17.0,18,19.0,33,124,118,0,0,0,0,0,0,0,0,0,0,0,0,0,0,28.3,25.8,44.9,39.6,23.8,15.2,29.2,22.6,28.3,25.8,44.9,39.6,23.8,15.2,29.2,22.6,0.0,0.0,0.0,0.0,0.0,0.0,0.0,0.0,"(CONTRACTS OF 1,000 BARRELS)",N10,CRUDE OIL,PETROLEUM AND PRODUCTS,NATURAL RESOURCES,FutOnly
160705067411F,"CRUDE OIL, LIGHT SWEET-WTI - ICE FUTURES EUROPE",2016-07-05T00:00:00.000,2016 Report Week 27,"CRUDE OIL, LIGHT SWEET-WTI",67411,ICEU,NYC,67,CRUDE OIL,446351,199949,147462,5427,76650,51532,23431,19533,39728,37736,22794,75892,433695,433591,12656,12760,446351,199949,147462,5427,76650,51532,23431,19533,39728,37736,22794,75892,433695,433591,12656,12760,0,0,0,0,0,0,0,0,0,0,0,0,0,0,0,0,16950.0,3016.0,7134.0,-695.0,-1428.0,2961.0,2685.0,-471.0,7259.0,578.0,-81.0,995.0,16799.0,16369.0,151.0,581.0,100.0,44.8,33.0,1.2,17.2,11.5,5.2,4.4,8.9,8.5,5.1,17.0,97.2,97.1,2.8,2.9,100.0,44.8,33.0,1.2,17.2,11.5,5.2,4.4,8.9,8.5,5.1,17.0,97.2,97.1,2.8,2.9,100.0,0.0,0.0,0.0,0.0,0.0,0.0,0.0,0.0,0.0,0.0,0.0,0.0,0.0,0.0,0.0,125,42.0,38.0,6.0,13.0,18.0,11.0,11.0,18.0,16,20.0,31,116,111,125,42.0,38.0,6.0,13.0,18.0,11.0,11.0,18.0,16,20.0,31,116,111,0,0,0,0,0,0,0,0,0,0,0,0,0,0,28.6,24.1,44.7,38.1,24.8,14.5,30.5,22.9,28.6,24.1,44.7,38.1,24.8,14.5,30.5,22.9,0.0,0.0,0.0,0.0,0.0,0.0,0.0,0.0,"(CONTRACTS OF 1,000 BARRELS)",N10,CRUDE OIL,PETROLEUM AND PRODUCTS,NATURAL RESOURCES,FutOnly
160628067411F,"CRUDE OIL, LIGHT SWEET-WTI - ICE FUTURES EUROPE",2016-06-28T00:00:00.000,2016 Report Week 26,"CRUDE OIL, LIGHT SWEET-WTI",67411,ICEU,NYC,67,CRUDE OIL,429401,196933,140328,6122,78078,48571,20746,20004,32469,37158,22875,74897,416896,417222,12505,12179,429401,196933,140328,6122,78078,48571,20746,20004,32469,37158,22875,74897,416896,417222,12505,12179,0,0,0,0,0,0,0,0,0,0,0,0,0,0,0,0,13894.0,-5920.0,6736.0,92.0,364.0,1927.0,-2891.0,501.0,4469.0,6897.0,-6964.0,9051.0,13625.0,16084.0,269.0,-2190.0,100.0,45.9,32.7,1.4,18.2,11.3,4.8,4.7,7.6,8.7,5.3,17.4,97.1,97.2,2.9,2.8,100.0,45.9,32.7,1.4,18.2,11.3,4.8,4.7,7.6,8.7,5.3,17.4,97.1,97.2,2.9,2.8,100.0,0.0,0.0,0.0,0.0,0.0,0.0,0.0,0.0,0.0,0.0,0.0,0.0,0.0,0.0,0.0,121,42.0,38.0,7.0,12.0,17.0,9.0,11.0,15.0,18,18.0,32,111,110,121,42.0,38.0,7.0,12.0,17.0,9.0,11.0,15.0,18,18.0,32,111,110,0,0,0,0,0,0,0,0,0,0,0,0,0,0,30.2,23.9,46.8,38.5,25.8,15.7,32.3,24.2,30.2,23.9,46.8,38.5,25.8,15.7,32.3,24.2,0.0,0.0,0.0,0.0,0.0,0.0,0.0,0.0,"(CONTRACTS OF 1,000 BARRELS)",N10,CRUDE OIL,PETROLEUM AND PRODUCTS,NATURAL RESOURCES,FutOnly
160621067411F,"CRUDE OIL, LIGHT SWEET-WTI - ICE FUTURES EUROPE",2016-06-21T00:00:00.000,2016 Report Week 25,"CRUDE OIL, LIGHT SWEET-WTI",67411,ICEU,NYC,67,CRUDE OIL,415507,202853,133592,6030,77714,46644,23637,19503,28000,30261,29839,65846,403271,401138,12236,14369,415507,202853,133592,6030,77714,46644,23637,19503,28000,30261,29839,65846,403271,401138,12236,14369,0,0,0,0,0,0,0,0,0,0,0,0,0,0,0,0,-12484.0,-12139.0,-12237.0,-1503.0,2101.0,-1919.0,-4052.0,-1655.0,3666.0,622.0,-4969.0,2711.0,-12614.0,-12302.0,130.0,-182.0,100.0,48.8,32.2,1.5,18.7,11.2,5.7,4.7,6.7,7.3,7.2,15.8,97.1,96.5,2.9,3.5,100.0,48.8,32.2,1.5,18.7,11.2,5.7,4.7,6.7,7.3,7.2,15.8,97.1,96.5,2.9,3.5,100.0,0.0,0.0,0.0,0.0,0.0,0.0,0.0,0.0,0.0,0.0,0.0,0.0,0.0,0.0,0.0,120,42.0,40.0,7.0,12.0,17.0,11.0,10.0,17.0,15,20.0,32,113,110,120,42.0,40.0,7.0,12.0,17.0,11.0,10.0,17.0,15,20.0,32,113,110,0,0,0,0,0,0,0,0,0,0,0,0,0,0,30.4,25.0,47.0,38.7,27.6,15.8,33.9,23.3,30.4,25.0,47.0,38.7,27.6,15.8,33.9,23.3,0.0,0.0,0.0,0.0,0.0,0.0,0.0,0.0,"(CONTRACTS OF 1,000 BARRELS)",N10,CRUDE OIL,PETROLEUM AND PRODUCTS,NATURAL RESOURCES,FutOnly
160614067411F,"CRUDE OIL, LIGHT SWEET-WTI - ICE FUTURES EUROPE",2016-06-14T00:00:00.000,2016 Report Week 24,"CRUDE OIL, LIGHT SWEET-WTI",67411,ICEU,NYC,67,CRUDE OIL,427991,214992,145829,7533,75613,48563,27689,21158,24334,29639,34808,63135,415885,413440,12106,14551,427991,214992,145829,7533,75613,48563,27689,21158,24334,29639,34808,63135,415885,413440,12106,14551,0,0,0,0,0,0,0,0,0,0,0,0,0,0,0,0,11821.0,7552.0,93.0,995.0,1908.0,4819.0,-1700.0,2040.0,493.0,37.0,-319.0,1648.0,13844.0,10682.0,-2023.0,1139.0,100.0,50.2,34.1,1.8,17.7,11.3,6.5,4.9,5.7,6.9,8.1,14.8,97.2,96.6,2.8,3.4,100.0,50.2,34.1,1.8,17.7,11.3,6.5,4.9,5.7,6.9,8.1,14.8,97.2,96.6,2.8,3.4,100.0,0.0,0.0,0.0,0.0,0.0,0.0,0.0,0.0,0.0,0.0,0.0,0.0,0.0,0.0,0.0,129,44.0,42.0,6.0,14.0,20.0,11.0,12.0,18.0,12,23.0,33,119,119,129,44.0,42.0,6.0,14.0,20.0,11.0,12.0,18.0,12,23.0,33,119,119,0,0,0,0,0,0,0,0,0,0,0,0,0,0,28.7,24.1,45.0,38.4,26.0,16.2,31.4,24.4,28.7,24.1,45.0,38.4,26.0,16.2,31.4,24.4,0.0,0.0,0.0,0.0,0.0,0.0,0.0,0.0,"(CONTRACTS OF 1,000 BARRELS)",N10,CRUDE OIL,PETROLEUM AND PRODUCTS,NATURAL RESOURCES,FutOnly
160607067411F,"CRUDE OIL, LIGHT SWEET-WTI - ICE FUTURES EUROPE",2016-06-07T00:00:00.000,2016 Report Week 23,"CRUDE OIL, LIGHT SWEET-WTI",67411,ICEU,NYC,67,CRUDE OIL,416170,207440,145736,6538,73705,43744,29389,19118,23841,29602,35127,61487,402041,402758,14129,13412,416170,207440,145736,6538,73705,43744,29389,19118,23841,29602,35127,61487,402041,402758,14129,13412,0,0,0,0,0,0,0,0,0,0,0,0,0,0,0,0,-604.0,4673.0,-5860.0,35.0,225.0,463.0,-2462.0,1280.0,1701.0,-2842.0,4985.0,-1888.0,-320.0,906.0,-284.0,-1510.0,100.0,49.8,35.0,1.6,17.7,10.5,7.1,4.6,5.7,7.1,8.4,14.8,96.6,96.8,3.4,3.2,100.0,49.8,35.0,1.6,17.7,10.5,7.1,4.6,5.7,7.1,8.4,14.8,96.6,96.8,3.4,3.2,100.0,0.0,0.0,0.0,0.0,0.0,0.0,0.0,0.0,0.0,0.0,0.0,0.0,0.0,0.0,0.0,127,46.0,45.0,7.0,13.0,19.0,10.0,10.0,14.0,10,24.0,31,113,117,127,46.0,45.0,7.0,13.0,19.0,10.0,10.0,14.0,10,24.0,31,113,117,0,0,0,0,0,0,0,0,0,0,0,0,0,0,29.0,23.6,45.1,38.1,26.6,15.6,32.4,24.0,29.0,23.6,45.1,38.1,26.6,15.6,32.4,24.0,0.0,0.0,0.0,0.0,0.0,0.0,0.0,0.0,"(CONTRACTS OF 1,000 BARRELS)",N10,CRUDE OIL,PETROLEUM AND PRODUCTS,NATURAL RESOURCES,FutOnly
160531067411F,"CRUDE OIL, LIGHT SWEET-WTI - ICE FUTURES EUROPE",2016-05-31T00:00:00.000,2016 Report Week 22,"CRUDE OIL, LIGHT SWEET-WTI",67411,ICEU,NYC,67,CRUDE OIL,416774,202767,151596,6503,73480,43281,31851,17838,22140,32444,30142,63375,402361,401852,14413,14922,416774,202767,151596,6503,73480,43281,31851,17838,22140,32444,30142,63375,402361,401852,14413,14922,0,0,0,0,0,0,0,0,0,0,0,0,0,0,0,0,4800.0,7583.0,2404.0,-1500.0,4162.0,1188.0,-789.0,-3029.0,2939.0,869.0,3792.0,-5932.0,4358.0,5524.0,442.0,-724.0,100.0,48.7,36.4,1.6,17.6,10.4,7.6,4.3,5.3,7.8,7.2,15.2,96.5,96.4,3.5,3.6,100.0,48.7,36.4,1.6,17.6,10.4,7.6,4.3,5.3,7.8,7.2,15.2,96.5,96.4,3.5,3.6,100.0,0.0,0.0,0.0,0.0,0.0,0.0,0.0,0.0,0.0,0.0,0.0,0.0,0.0,0.0,0.0,121,42.0,42.0,6.0,14.0,20.0,10.0,9.0,14.0,12,21.0,28,108,111,121,42.0,42.0,6.0,14.0,20.0,10.0,9.0,14.0,12,21.0,28,108,111,0,0,0,0,0,0,0,0,0,0,0,0,0,0,30.6,24.4,45.9,37.7,26.8,16.7,32.8,25.1,30.6,24.4,45.9,37.7,26.8,16.7,32.8,25.1,0.0,0.0,0.0,0.0,0.0,0.0,0.0,0.0,"(CONTRACTS OF 1,000 BARRELS)",N10,CRUDE OIL,PETROLEUM AND PRODUCTS,NATURAL RESOURCES,FutOnly
160524067411F,"CRUDE OIL, LIGHT SWEET-WTI - ICE FUTURES EUROPE",2016-05-24T00:00:00.000,2016 Report Week 21,"CRUDE OIL, LIGHT SWEET-WTI",67411,ICEU,NYC,67,CRUDE OIL,411974,195184,149192,8003,69318,42093,32640,20867,19201,31575,26350,69307,398003,396328,13971,15646,411974,195184,149192,8003,69318,42093,32640,20867,19201,31575,26350,69307,398003,396328,13971,15646,0,0,0,0,0,0,0,0,0,0,0,0,0,0,0,0,-26149.0,-23015.0,-5747.0,-3657.0,-7930.0,-22.0,2512.0,-3485.0,-1157.0,397.0,-8193.0,752.0,-24190.0,-25782.0,-1959.0,-367.0,100.0,47.4,36.2,1.9,16.8,10.2,7.9,5.1,4.7,7.7,6.4,16.8,96.6,96.2,3.4,3.8,100.0,47.4,36.2,1.9,16.8,10.2,7.9,5.1,4.7,7.7,6.4,16.8,96.6,96.2,3.4,3.8,100.0,0.0,0.0,0.0,0.0,0.0,0.0,0.0,0.0,0.0,0.0,0.0,0.0,0.0,0.0,0.0,119,42.0,39.0,7.0,12.0,18.0,11.0,8.0,11.0,10,24.0,29,106,106,119,42.0,39.0,7.0,12.0,18.0,11.0,8.0,11.0,10,24.0,29,106,106,0,0,0,0,0,0,0,0,0,0,0,0,0,0,31.7,24.3,47.4,38.1,26.4,16.3,32.6,25.5,31.7,24.3,47.4,38.1,26.4,16.3,32.6,25.5,0.0,0.0,0.0,0.0,0.0,0.0,0.0,0.0,"(CONTRACTS OF 1,000 BARRELS)",N10,CRUDE OIL,PETROLEUM AND PRODUCTS,NATURAL RESOURCES,FutOnly
160517067411F,"CRUDE OIL, LIGHT SWEET-WTI - ICE FUTURES EUROPE",2016-05-17T00:00:00.000,2016 Report Week 20,"CRUDE OIL, LIGHT SWEET-WTI",67411,ICEU,NYC,67,CRUDE OIL,438123,218199,154939,11660,77248,42115,30128,24352,20358,31178,34543,68555,422193,422110,15930,16013,438123,218199,154939,11660,77248,42115,30128,24352,20358,31178,34543,68555,422193,422110,15930,16013,0,0,0,0,0,0,0,0,0,0,0,0,0,0,0,0,-2096.0,22245.0,2405.0,-11289.0,7205.0,4390.0,1222.0,-3758.0,-6985.0,-4624.0,959.0,-6894.0,-1935.0,-2678.0,-161.0,582.0,100.0,49.8,35.4,2.7,17.6,9.6,6.9,5.6,4.6,7.1,7.9,15.6,96.4,96.3,3.6,3.7,100.0,49.8,35.4,2.7,17.6,9.6,6.9,5.6,4.6,7.1,7.9,15.6,96.4,96.3,3.6,3.7,100.0,0.0,0.0,0.0,0.0,0.0,0.0,0.0,0.0,0.0,0.0,0.0,0.0,0.0,0.0,0.0,124,43.0,41.0,7.0,12.0,18.0,12.0,9.0,13.0,12,22.0,31,110,113,124,43.0,41.0,7.0,12.0,18.0,12.0,9.0,13.0,12,22.0,31,110,113,0,0,0,0,0,0,0,0,0,0,0,0,0,0,29.2,23.3,42.9,36.3,22.6,15.3,28.9,24.4,29.2,23.3,42.9,36.3,22.6,15.3,28.9,24.4,0.0,0.0,0.0,0.0,0.0,0.0,0.0,0.0,"(CONTRACTS OF 1,000 BARRELS)",N10,CRUDE OIL,PETROLEUM AND PRODUCTS,NATURAL RESOURCES,FutOnly
160510067411F,"CRUDE OIL, LIGHT SWEET-WTI - ICE FUTURES EUROPE",2016-05-10T00:00:00.000,2016 Report Week 19,"CRUDE OIL, LIGHT SWEET-WTI",67411,ICEU,NYC,67,CRUDE OIL,440219,195954,152534,22949,70043,37725,28906,28110,27343,35802,33584,75449,424128,424788,16091,15431,440219,195954,152534,22949,70043,37725,28906,28110,27343,35802,33584,75449,424128,424788,16091,15431,0,0,0,0,0,0,0,0,0,0,0,0,0,0,0,0,-5110.0,-11535.0,-4302.0,3721.0,-113.0,598.0,1417.0,-970.0,-769.0,2066.0,1821.0,-3229.0,-7731.0,-6964.0,2621.0,1854.0,100.0,44.5,34.6,5.2,15.9,8.6,6.6,6.4,6.2,8.1,7.6,17.1,96.3,96.5,3.7,3.5,100.0,44.5,34.6,5.2,15.9,8.6,6.6,6.4,6.2,8.1,7.6,17.1,96.3,96.5,3.7,3.5,100.0,0.0,0.0,0.0,0.0,0.0,0.0,0.0,0.0,0.0,0.0,0.0,0.0,0.0,0.0,0.0,129,44.0,45.0,8.0,12.0,19.0,14.0,8.0,16.0,16,20.0,29,114,119,129,44.0,45.0,8.0,12.0,19.0,14.0,8.0,16.0,16,20.0,29,114,119,0,0,0,0,0,0,0,0,0,0,0,0,0,0,28.6,21.0,42.1,32.8,21.1,13.1,28.0,21.2,28.6,21.0,42.1,32.8,21.1,13.1,28.0,21.2,0.0,0.0,0.0,0.0,0.0,0.0,0.0,0.0,"(CONTRACTS OF 1,000 BARRELS)",N10,CRUDE OIL,PETROLEUM AND PRODUCTS,NATURAL RESOURCES,FutOnly
160503067411F,"CRUDE OIL, LIGHT SWEET-WTI - ICE FUTURES EUROPE",2016-05-03T00:00:00.000,2016 Report Week 18,"CRUDE OIL, LIGHT SWEET-WTI",67411,ICEU,NYC,67,CRUDE OIL,445329,207489,156836,19228,70156,37127,27489,29080,28112,33736,31763,78678,431859,431752,13470,13577,445329,207489,156836,19228,70156,37127,27489,29080,28112,33736,31763,78678,431859,431752,13470,13577,0,0,0,0,0,0,0,0,0,0,0,0,0,0,0,0,23887.0,11651.0,10891.0,-2610.0,1979.0,1248.0,1462.0,-2908.0,1810.0,-615.0,-1043.0,12897.0,25843.0,24874.0,-1956.0,-987.0,100.0,46.6,35.2,4.3,15.8,8.3,6.2,6.5,6.3,7.6,7.1,17.7,97.0,97.0,3.0,3.0,100.0,46.6,35.2,4.3,15.8,8.3,6.2,6.5,6.3,7.6,7.1,17.7,97.0,97.0,3.0,3.0,100.0,0.0,0.0,0.0,0.0,0.0,0.0,0.0,0.0,0.0,0.0,0.0,0.0,0.0,0.0,0.0,134,45.0,45.0,8.0,12.0,20.0,13.0,11.0,17.0,15,21.0,32,119,124,134,45.0,45.0,8.0,12.0,20.0,13.0,11.0,17.0,15,21.0,32,119,124,0,0,0,0,0,0,0,0,0,0,0,0,0,0,27.0,21.4,40.9,32.6,20.0,13.2,26.8,21.2,27.0,21.4,40.9,32.6,20.0,13.2,26.8,21.2,0.0,0.0,0.0,0.0,0.0,0.0,0.0,0.0,"(CONTRACTS OF 1,000 BARRELS)",N10,CRUDE OIL,PETROLEUM AND PRODUCTS,NATURAL RESOURCES,FutOnly
160426067411F,"CRUDE OIL, LIGHT SWEET-WTI - ICE FUTURES EUROPE",2016-04-26T00:00:00.000,2016 Report Week 17,"CRUDE OIL, LIGHT SWEET-WTI",67411,ICEU,NYC,67,CRUDE OIL,421442,195838,145945,21838,68177,35879,26027,31988,26302,34351,32806,65781,406016,406878,15426,14564,421442,195838,145945,21838,68177,35879,26027,31988,26302,34351,32806,65781,406016,406878,15426,14564,0,0,0,0,0,0,0,0,0,0,0,0,0,0,0,0,-7494.0,10716.0,6305.0,-5562.0,2923.0,-2271.0,-231.0,-2963.0,-5810.0,554.0,-169.0,-3166.0,-5770.0,-5151.0,-1724.0,-2343.0,100.0,46.5,34.6,5.2,16.2,8.5,6.2,7.6,6.2,8.2,7.8,15.6,96.3,96.5,3.7,3.5,100.0,46.5,34.6,5.2,16.2,8.5,6.2,7.6,6.2,8.2,7.8,15.6,96.3,96.5,3.7,3.5,100.0,0.0,0.0,0.0,0.0,0.0,0.0,0.0,0.0,0.0,0.0,0.0,0.0,0.0,0.0,0.0,132,45.0,43.0,8.0,12.0,20.0,13.0,11.0,16.0,19,16.0,33,121,120,132,45.0,43.0,8.0,12.0,20.0,13.0,11.0,16.0,19,16.0,33,121,120,0,0,0,0,0,0,0,0,0,0,0,0,0,0,25.8,20.6,40.7,32.1,20.9,13.6,28.6,22.2,25.8,20.6,40.7,32.1,20.9,13.6,28.6,22.2,0.0,0.0,0.0,0.0,0.0,0.0,0.0,0.0,"(CONTRACTS OF 1,000 BARRELS)",N10,CRUDE OIL,PETROLEUM AND PRODUCTS,NATURAL RESOURCES,FutOnly
160419067411F,"CRUDE OIL, LIGHT SWEET-WTI - ICE FUTURES EUROPE",2016-04-19T00:00:00.000,2016 Report Week 16,"CRUDE OIL, LIGHT SWEET-WTI",67411,ICEU,NYC,67,CRUDE OIL,428936,185122,139640,27400,65254,38150,26258,34951,32112,33797,32975,68947,411786,412029,17150,16907,428936,185122,139640,27400,65254,38150,26258,34951,32112,33797,32975,68947,411786,412029,17150,16907,0,0,0,0,0,0,0,0,0,0,0,0,0,0,0,0,-30297.0,-7858.0,-22099.0,-1410.0,2141.0,-1713.0,-952.0,-3055.0,-2494.0,-8394.0,5980.0,-10652.0,-33473.0,-31892.0,3176.0,1595.0,100.0,43.2,32.6,6.4,15.2,8.9,6.1,8.1,7.5,7.9,7.7,16.1,96.0,96.1,4.0,3.9,100.0,43.2,32.6,6.4,15.2,8.9,6.1,8.1,7.5,7.9,7.7,16.1,96.0,96.1,4.0,3.9,100.0,0.0,0.0,0.0,0.0,0.0,0.0,0.0,0.0,0.0,0.0,0.0,0.0,0.0,0.0,0.0,130,43.0,42.0,8.0,12.0,20.0,12.0,13.0,18.0,15,21.0,28,117,117,130,43.0,42.0,8.0,12.0,20.0,12.0,13.0,18.0,15,21.0,28,117,117,0,0,0,0,0,0,0,0,0,0,0,0,0,0,25.6,22.2,41.4,33.1,18.8,14.0,27.9,22.2,25.6,22.2,41.4,33.1,18.8,14.0,27.9,22.2,0.0,0.0,0.0,0.0,0.0,0.0,0.0,0.0,"(CONTRACTS OF 1,000 BARRELS)",N10,CRUDE OIL,PETROLEUM AND PRODUCTS,NATURAL RESOURCES,FutOnly
160412067411F,"CRUDE OIL, LIGHT SWEET-WTI - ICE FUTURES EUROPE",2016-04-12T00:00:00.000,2016 Report Week 15,"CRUDE OIL, LIGHT SWEET-WTI",67411,ICEU,NYC,67,CRUDE OIL,459233,192980,161739,28810,63113,39863,27210,38006,34606,42191,26995,79599,445259,443921,13974,15312,459233,192980,161739,28810,63113,39863,27210,38006,34606,42191,26995,79599,445259,443921,13974,15312,0,0,0,0,0,0,0,0,0,0,0,0,0,0,0,0,7570.0,13921.0,1205.0,-6501.0,7852.0,-4229.0,1409.0,-5838.0,2930.0,-1049.0,4972.0,-1780.0,4701.0,5112.0,2869.0,2458.0,100.0,42.0,35.2,6.3,13.7,8.7,5.9,8.3,7.5,9.2,5.9,17.3,97.0,96.7,3.0,3.3,100.0,42.0,35.2,6.3,13.7,8.7,5.9,8.3,7.5,9.2,5.9,17.3,97.0,96.7,3.0,3.3,100.0,0.0,0.0,0.0,0.0,0.0,0.0,0.0,0.0,0.0,0.0,0.0,0.0,0.0,0.0,0.0,126,42.0,40.0,9.0,12.0,20.0,10.0,15.0,18.0,17,19.0,30,116,116,126,42.0,40.0,9.0,12.0,20.0,10.0,15.0,18.0,17,19.0,30,116,116,0,0,0,0,0,0,0,0,0,0,0,0,0,0,24.2,22.0,40.0,32.8,17.7,13.9,25.8,22.3,24.2,22.0,40.0,32.8,17.7,13.9,25.8,22.3,0.0,0.0,0.0,0.0,0.0,0.0,0.0,0.0,"(CONTRACTS OF 1,000 BARRELS)",N10,CRUDE OIL,PETROLEUM AND PRODUCTS,NATURAL RESOURCES,FutOnly
160405067411F,"CRUDE OIL, LIGHT SWEET-WTI - ICE FUTURES EUROPE",2016-04-05T00:00:00.000,2016 Report Week 14,"CRUDE OIL, LIGHT SWEET-WTI",67411,ICEU,NYC,67,CRUDE OIL,451663,179059,160534,35311,55261,44092,25801,43844,31676,43240,22023,81379,440558,438809,11105,12854,451663,179059,160534,35311,55261,44092,25801,43844,31676,43240,22023,81379,440558,438809,11105,12854,0,0,0,0,0,0,0,0,0,0,0,0,0,0,0,0,-1212.0,-7988.0,-5467.0,-1283.0,2196.0,1508.0,-476.0,-4757.0,-5225.0,3241.0,876.0,11018.0,795.0,149.0,-2007.0,-1361.0,100.0,39.6,35.5,7.8,12.2,9.8,5.7,9.7,7.0,9.6,4.9,18.0,97.5,97.2,2.5,2.8,100.0,39.6,35.5,7.8,12.2,9.8,5.7,9.7,7.0,9.6,4.9,18.0,97.5,97.2,2.5,2.8,100.0,0.0,0.0,0.0,0.0,0.0,0.0,0.0,0.0,0.0,0.0,0.0,0.0,0.0,0.0,0.0,135,44.0,44.0,9.0,12.0,20.0,11.0,16.0,18.0,19,18.0,33,121,125,135,44.0,44.0,9.0,12.0,20.0,11.0,16.0,18.0,19,18.0,33,121,125,0,0,0,0,0,0,0,0,0,0,0,0,0,0,25.5,21.4,41.8,32.0,18.5,13.7,26.5,22.0,25.5,21.4,41.8,32.0,18.5,13.7,26.5,22.0,0.0,0.0,0.0,0.0,0.0,0.0,0.0,0.0,"(CONTRACTS OF 1,000 BARRELS)",N10,CRUDE OIL,PETROLEUM AND PRODUCTS,NATURAL RESOURCES,FutOnly
160329067411F,"CRUDE OIL, LIGHT SWEET-WTI - ICE FUTURES EUROPE",2016-03-29T00:00:00.000,2016 Report Week 13,"CRUDE OIL, LIGHT SWEET-WTI",67411,ICEU,NYC,67,CRUDE OIL,452875,187047,166001,36594,53065,42584,26277,48601,36901,39999,21147,70361,439763,438660,13112,14215,452875,187047,166001,36594,53065,42584,26277,48601,36901,39999,21147,70361,439763,438660,13112,14215,0,0,0,0,0,0,0,0,0,0,0,0,0,0,0,0,9089.0,5026.0,2150.0,-659.0,-2228.0,1478.0,412.0,1727.0,-4001.0,-2274.0,562.0,8049.0,8031.0,7737.0,1058.0,1352.0,100.0,41.3,36.7,8.1,11.7,9.4,5.8,10.7,8.1,8.8,4.7,15.5,97.1,96.9,2.9,3.1,100.0,41.3,36.7,8.1,11.7,9.4,5.8,10.7,8.1,8.8,4.7,15.5,97.1,96.9,2.9,3.1,100.0,0.0,0.0,0.0,0.0,0.0,0.0,0.0,0.0,0.0,0.0,0.0,0.0,0.0,0.0,0.0,127,40.0,41.0,9.0,12.0,20.0,12.0,15.0,20.0,15,19.0,28,112,119,127,40.0,41.0,9.0,12.0,20.0,12.0,15.0,20.0,15,19.0,28,112,119,0,0,0,0,0,0,0,0,0,0,0,0,0,0,24.5,20.8,41.3,32.9,18.6,14.7,27.3,22.6,24.5,20.8,41.3,32.9,18.6,14.7,27.3,22.6,0.0,0.0,0.0,0.0,0.0,0.0,0.0,0.0,"(CONTRACTS OF 1,000 BARRELS)",N10,CRUDE OIL,PETROLEUM AND PRODUCTS,NATURAL RESOURCES,FutOnly
160322067411F,"CRUDE OIL, LIGHT SWEET-WTI - ICE FUTURES EUROPE",2016-03-22T00:00:00.000,2016 Report Week 12,"CRUDE OIL, LIGHT SWEET-WTI",67411,ICEU,NYC,67,CRUDE OIL,443786,182021,163851,37253,55293,41106,25865,46874,40902,42273,20585,62312,431732,430923,12054,12863,443786,182021,163851,37253,55293,41106,25865,46874,40902,42273,20585,62312,431732,430923,12054,12863,0,0,0,0,0,0,0,0,0,0,0,0,0,0,0,0,277.0,2693.0,9195.0,4499.0,1522.0,-702.0,2128.0,-10017.0,10872.0,-12086.0,-3114.0,-8001.0,-597.0,-245.0,874.0,522.0,100.0,41.0,36.9,8.4,12.5,9.3,5.8,10.6,9.2,9.5,4.6,14.0,97.3,97.1,2.7,2.9,100.0,41.0,36.9,8.4,12.5,9.3,5.8,10.6,9.2,9.5,4.6,14.0,97.3,97.1,2.7,2.9,100.0,0.0,0.0,0.0,0.0,0.0,0.0,0.0,0.0,0.0,0.0,0.0,0.0,0.0,0.0,0.0,128,41.0,43.0,9.0,12.0,20.0,14.0,13.0,21.0,15,19.0,29,115,121,128,41.0,43.0,9.0,12.0,20.0,14.0,13.0,21.0,15,19.0,29,115,121,0,0,0,0,0,0,0,0,0,0,0,0,0,0,24.3,20.0,41.3,32.4,18.9,14.2,27.9,23.2,24.3,20.0,41.3,32.4,18.9,14.2,27.9,23.2,0.0,0.0,0.0,0.0,0.0,0.0,0.0,0.0,"(CONTRACTS OF 1,000 BARRELS)",N10,CRUDE OIL,PETROLEUM AND PRODUCTS,NATURAL RESOURCES,FutOnly
160315067411F,"CRUDE OIL, LIGHT SWEET-WTI - ICE FUTURES EUROPE",2016-03-15T00:00:00.000,2016 Report Week 11,"CRUDE OIL, LIGHT SWEET-WTI",67411,ICEU,NYC,67,CRUDE OIL,443509,179328,154656,32754,53771,41808,23737,56891,30030,54359,23699,70313,432329,431168,11180,12341,443509,179328,154656,32754,53771,41808,23737,56891,30030,54359,23699,70313,432329,431168,11180,12341,0,0,0,0,0,0,0,0,0,0,0,0,0,0,0,0,-3783.0,-8293.0,872.0,3282.0,1996.0,2397.0,-175.0,-4587.0,96.0,1004.0,-2166.0,102.0,-1587.0,-1290.0,-2196.0,-2493.0,100.0,40.4,34.9,7.4,12.1,9.4,5.4,12.8,6.8,12.3,5.3,15.9,97.5,97.2,2.5,2.8,100.0,40.4,34.9,7.4,12.1,9.4,5.4,12.8,6.8,12.3,5.3,15.9,97.5,97.2,2.5,2.8,100.0,0.0,0.0,0.0,0.0,0.0,0.0,0.0,0.0,0.0,0.0,0.0,0.0,0.0,0.0,0.0,134,41.0,43.0,10.0,11.0,20.0,11.0,15.0,20.0,18,21.0,35,122,124,134,41.0,43.0,10.0,11.0,20.0,11.0,15.0,20.0,18,21.0,35,122,124,0,0,0,0,0,0,0,0,0,0,0,0,0,0,27.0,20.7,43.5,32.9,17.8,14.5,27.1,22.2,27.0,20.7,43.5,32.9,17.8,14.5,27.1,22.2,0.0,0.0,0.0,0.0,0.0,0.0,0.0,0.0,"(CONTRACTS OF 1,000 BARRELS)",N10,CRUDE OIL,PETROLEUM AND PRODUCTS,NATURAL RESOURCES,FutOnly
160308067411F,"CRUDE OIL, LIGHT SWEET-WTI - ICE FUTURES EUROPE",2016-03-08T00:00:00.000,2016 Report Week 10,"CRUDE OIL, LIGHT SWEET-WTI",67411,ICEU,NYC,67,CRUDE OIL,447292,187621,153784,29472,51775,39411,23912,61478,29934,53355,25865,70211,433916,432458,13376,14834,447292,187621,153784,29472,51775,39411,23912,61478,29934,53355,25865,70211,433916,432458,13376,14834,0,0,0,0,0,0,0,0,0,0,0,0,0,0,0,0,7862.0,14389.0,3569.0,2627.0,-125.0,-499.0,-2560.0,932.0,-2351.0,-8674.0,3400.0,6269.0,9201.0,11195.0,-1339.0,-3333.0,100.0,41.9,34.4,6.6,11.6,8.8,5.3,13.7,6.7,11.9,5.8,15.7,97.0,96.7,3.0,3.3,100.0,41.9,34.4,6.6,11.6,8.8,5.3,13.7,6.7,11.9,5.8,15.7,97.0,96.7,3.0,3.3,100.0,0.0,0.0,0.0,0.0,0.0,0.0,0.0,0.0,0.0,0.0,0.0,0.0,0.0,0.0,0.0,131,43.0,46.0,10.0,11.0,20.0,8.0,18.0,18.0,19,16.0,27,114,122,131,43.0,46.0,10.0,11.0,20.0,8.0,18.0,18.0,19,16.0,27,114,122,0,0,0,0,0,0,0,0,0,0,0,0,0,0,22.7,20.3,38.2,31.5,17.6,14.2,25.5,20.9,22.7,20.3,38.2,31.5,17.6,14.2,25.5,20.9,0.0,0.0,0.0,0.0,0.0,0.0,0.0,0.0,"(CONTRACTS OF 1,000 BARRELS)",N10,CRUDE OIL,PETROLEUM AND PRODUCTS,NATURAL RESOURCES,FutOnly
160301067411F,"CRUDE OIL, LIGHT SWEET-WTI - ICE FUTURES EUROPE",2016-03-01T00:00:00.000,2016 Report Week 09,"CRUDE OIL, LIGHT SWEET-WTI",67411,ICEU,NYC,67,CRUDE OIL,439430,173232,150215,26845,51900,39910,26472,60546,32285,62029,22465,63942,424715,421263,14715,18167,439430,173232,150215,26845,51900,39910,26472,60546,32285,62029,22465,63942,424715,421263,14715,18167,0,0,0,0,0,0,0,0,0,0,0,0,0,0,0,0,-14402.0,-9084.0,-11046.0,-2281.0,1607.0,863.0,2828.0,-13550.0,-4013.0,-4899.0,6881.0,-285.0,-16871.0,-19543.0,2469.0,5141.0,100.0,39.4,34.2,6.1,11.8,9.1,6.0,13.8,7.3,14.1,5.1,14.6,96.7,95.9,3.3,4.1,100.0,39.4,34.2,6.1,11.8,9.1,6.0,13.8,7.3,14.1,5.1,14.6,96.7,95.9,3.3,4.1,100.0,0.0,0.0,0.0,0.0,0.0,0.0,0.0,0.0,0.0,0.0,0.0,0.0,0.0,0.0,0.0,126,41.0,42.0,12.0,9.0,20.0,10.0,16.0,19.0,19,14.0,27,111,118,126,41.0,42.0,12.0,9.0,20.0,10.0,16.0,19.0,19,14.0,27,111,118,0,0,0,0,0,0,0,0,0,0,0,0,0,0,23.0,19.6,37.8,31.1,17.4,15.0,26.1,21.9,23.0,19.6,37.8,31.1,17.4,15.0,26.1,21.9,0.0,0.0,0.0,0.0,0.0,0.0,0.0,0.0,"(CONTRACTS OF 1,000 BARRELS)",N10,CRUDE OIL,PETROLEUM AND PRODUCTS,NATURAL RESOURCES,FutOnly
160223067411F,"CRUDE OIL, LIGHT SWEET-WTI - ICE FUTURES EUROPE",2016-02-23T00:00:00.000,2016 Report Week 08,"CRUDE OIL, LIGHT SWEET-WTI",67411,ICEU,NYC,67,CRUDE OIL,453832,182316,161261,29126,50293,39047,23644,74096,36298,66928,15584,64227,441586,440806,12246,13026,453832,182316,161261,29126,50293,39047,23644,74096,36298,66928,15584,64227,441586,440806,12246,13026,0,0,0,0,0,0,0,0,0,0,0,0,0,0,0,0,-14779.0,10608.0,-5920.0,-17319.0,7568.0,-9245.0,1569.0,5429.0,-3647.0,3239.0,-7686.0,-1269.0,-16064.0,-14770.0,1285.0,-9.0,100.0,40.2,35.5,6.4,11.1,8.6,5.2,16.3,8.0,14.7,3.4,14.2,97.3,97.1,2.7,2.9,100.0,40.2,35.5,6.4,11.1,8.6,5.2,16.3,8.0,14.7,3.4,14.2,97.3,97.1,2.7,2.9,100.0,0.0,0.0,0.0,0.0,0.0,0.0,0.0,0.0,0.0,0.0,0.0,0.0,0.0,0.0,0.0,128,41.0,44.0,11.0,10.0,20.0,8.0,21.0,22.0,18,14.0,25,113,121,128,41.0,44.0,11.0,10.0,20.0,8.0,21.0,22.0,18,14.0,25,113,121,0,0,0,0,0,0,0,0,0,0,0,0,0,0,22.0,19.0,36.8,30.1,17.4,14.6,26.6,21.8,22.0,19.0,36.8,30.1,17.4,14.6,26.6,21.8,0.0,0.0,0.0,0.0,0.0,0.0,0.0,0.0,"(CONTRACTS OF 1,000 BARRELS)",N10,CRUDE OIL,PETROLEUM AND PRODUCTS,NATURAL RESOURCES,FutOnly
160216067411F,"CRUDE OIL, LIGHT SWEET-WTI - ICE FUTURES EUROPE",2016-02-16T00:00:00.000,2016 Report Week 07,"CRUDE OIL, LIGHT SWEET-WTI",67411,ICEU,NYC,67,CRUDE OIL,468611,171708,167181,46445,42725,48292,22075,68667,39945,63689,23270,65496,457650,455576,10961,13035,468611,171708,167181,46445,42725,48292,22075,68667,39945,63689,23270,65496,457650,455576,10961,13035,0,0,0,0,0,0,0,0,0,0,0,0,0,0,0,0,4139.0,23023.0,-3636.0,-384.0,4796.0,-3310.0,-1428.0,-1650.0,-757.0,-17112.0,5132.0,3859.0,3891.0,4434.0,248.0,-295.0,100.0,36.6,35.7,9.9,9.1,10.3,4.7,14.7,8.5,13.6,5.0,14.0,97.7,97.2,2.3,2.8,100.0,36.6,35.7,9.9,9.1,10.3,4.7,14.7,8.5,13.6,5.0,14.0,97.7,97.2,2.3,2.8,100.0,0.0,0.0,0.0,0.0,0.0,0.0,0.0,0.0,0.0,0.0,0.0,0.0,0.0,0.0,0.0,130,44.0,45.0,12.0,9.0,20.0,11.0,18.0,24.0,16,17.0,28,120,124,130,44.0,45.0,12.0,9.0,20.0,11.0,18.0,24.0,16,17.0,28,120,124,0,0,0,0,0,0,0,0,0,0,0,0,0,0,24.1,19.3,39.5,30.5,18.9,13.2,28.0,20.0,24.1,19.3,39.5,30.5,18.9,13.2,28.0,20.0,0.0,0.0,0.0,0.0,0.0,0.0,0.0,0.0,"(CONTRACTS OF 1,000 BARRELS)",N10,CRUDE OIL,PETROLEUM AND PRODUCTS,NATURAL RESOURCES,FutOnly
160209067411F,"CRUDE OIL, LIGHT SWEET-WTI - ICE FUTURES EUROPE",2016-02-09T00:00:00.000,2016 Report Week 06,"CRUDE OIL, LIGHT SWEET-WTI",67411,ICEU,NYC,67,CRUDE OIL,464472,148685,170817,46829,37929,51602,23503,70317,40702,80801,18138,61637,453759,451142,10713,13330,464472,148685,170817,46829,37929,51602,23503,70317,40702,80801,18138,61637,453759,451142,10713,13330,0,0,0,0,0,0,0,0,0,0,0,0,0,0,0,0,2232.0,3543.0,16955.0,-6075.0,-1090.0,-3126.0,5008.0,1697.0,972.0,16227.0,-1632.0,-13358.0,3191.0,418.0,-959.0,1814.0,100.0,32.0,36.8,10.1,8.2,11.1,5.1,15.1,8.8,17.4,3.9,13.3,97.7,97.1,2.3,2.9,100.0,32.0,36.8,10.1,8.2,11.1,5.1,15.1,8.8,17.4,3.9,13.3,97.7,97.1,2.3,2.9,100.0,0.0,0.0,0.0,0.0,0.0,0.0,0.0,0.0,0.0,0.0,0.0,0.0,0.0,0.0,0.0,133,42.0,43.0,10.0,11.0,20.0,10.0,22.0,25.0,17,16.0,29,121,125,133,42.0,43.0,10.0,11.0,20.0,10.0,22.0,25.0,17,16.0,29,121,125,0,0,0,0,0,0,0,0,0,0,0,0,0,0,24.5,16.5,40.0,28.7,19.6,13.2,30.5,20.8,24.5,16.5,40.0,28.7,19.6,13.2,30.5,20.8,0.0,0.0,0.0,0.0,0.0,0.0,0.0,0.0,"(CONTRACTS OF 1,000 BARRELS)",N10,CRUDE OIL,PETROLEUM AND PRODUCTS,NATURAL RESOURCES,FutOnly
160202067411F,"CRUDE OIL, LIGHT SWEET-WTI - ICE FUTURES EUROPE",2016-02-02T00:00:00.000,2016 Report Week 05,"CRUDE OIL, LIGHT SWEET-WTI",67411,ICEU,NYC,67,CRUDE OIL,462240,145142,153862,52904,39019,54728,18495,68620,39730,64574,19770,74995,450568,450724,11672,11516,462240,145142,153862,52904,39019,54728,18495,68620,39730,64574,19770,74995,450568,450724,11672,11516,0,0,0,0,0,0,0,0,0,0,0,0,0,0,0,0,19375.0,17454.0,2113.0,-2017.0,324.0,3988.0,-2567.0,-724.0,5446.0,-6412.0,2281.0,5672.0,21564.0,19100.0,-2189.0,275.0,100.0,31.4,33.3,11.4,8.4,11.8,4.0,14.8,8.6,14.0,4.3,16.2,97.5,97.5,2.5,2.5,100.0,31.4,33.3,11.4,8.4,11.8,4.0,14.8,8.6,14.0,4.3,16.2,97.5,97.5,2.5,2.5,100.0,0.0,0.0,0.0,0.0,0.0,0.0,0.0,0.0,0.0,0.0,0.0,0.0,0.0,0.0,0.0,131,42.0,43.0,11.0,9.0,19.0,6.0,24.0,21.0,15,18.0,30,117,123,131,42.0,43.0,11.0,9.0,19.0,6.0,24.0,21.0,15,18.0,30,117,123,0,0,0,0,0,0,0,0,0,0,0,0,0,0,25.8,18.1,40.2,29.6,19.3,12.3,28.1,19.3,25.8,18.1,40.2,29.6,19.3,12.3,28.1,19.3,0.0,0.0,0.0,0.0,0.0,0.0,0.0,0.0,"(CONTRACTS OF 1,000 BARRELS)",N10,CRUDE OIL,PETROLEUM AND PRODUCTS,NATURAL RESOURCES,FutOnly
160126067411F,"CRUDE OIL, LIGHT SWEET-WTI - ICE FUTURES EUROPE",2016-01-26T00:00:00.000,2016 Report Week 04,"CRUDE OIL, LIGHT SWEET-WTI",67411,ICEU,NYC,67,CRUDE OIL,442865,127688,151749,54921,38695,50740,21062,69344,34284,70986,17489,69323,429004,431624,13861,11241,442865,127688,151749,54921,38695,50740,21062,69344,34284,70986,17489,69323,429004,431624,13861,11241,0,0,0,0,0,0,0,0,0,0,0,0,0,0,0,0,8311.0,-5882.0,-4515.0,9031.0,898.0,-1298.0,-2529.0,8924.0,1231.0,3102.0,512.0,5282.0,8937.0,11034.0,-626.0,-2723.0,100.0,28.8,34.3,12.4,8.7,11.5,4.8,15.7,7.7,16.0,3.9,15.7,96.9,97.5,3.1,2.5,100.0,28.8,34.3,12.4,8.7,11.5,4.8,15.7,7.7,16.0,3.9,15.7,96.9,97.5,3.1,2.5,100.0,0.0,0.0,0.0,0.0,0.0,0.0,0.0,0.0,0.0,0.0,0.0,0.0,0.0,0.0,0.0,131,42.0,43.0,11.0,9.0,18.0,10.0,20.0,20.0,18,17.0,28,117,120,131,42.0,43.0,11.0,9.0,18.0,10.0,20.0,20.0,18,17.0,28,117,120,0,0,0,0,0,0,0,0,0,0,0,0,0,0,27.1,19.8,41.3,31.4,20.0,14.7,30.3,22.0,27.1,19.8,41.3,31.4,20.0,14.7,30.3,22.0,0.0,0.0,0.0,0.0,0.0,0.0,0.0,0.0,"(CONTRACTS OF 1,000 BARRELS)",N10,CRUDE OIL,PETROLEUM AND PRODUCTS,NATURAL RESOURCES,FutOnly
160119067411F,"CRUDE OIL, LIGHT SWEET-WTI - ICE FUTURES EUROPE",2016-01-19T00:00:00.000,2016 Report Week 03,"CRUDE OIL, LIGHT SWEET-WTI",67411,ICEU,NYC,67,CRUDE OIL,434554,133570,156264,45890,37797,52038,23591,60420,33053,67884,16977,64041,420067,420590,14487,13964,434554,133570,156264,45890,37797,52038,23591,60420,33053,67884,16977,64041,420067,420590,14487,13964,0,0,0,0,0,0,0,0,0,0,0,0,0,0,0,0,14486.0,590.0,12417.0,10197.0,-804.0,1037.0,2243.0,-3273.0,-1488.0,-5598.0,-1722.0,7480.0,14461.0,13647.0,25.0,839.0,100.0,30.7,36.0,10.6,8.7,12.0,5.4,13.9,7.6,15.6,3.9,14.7,96.7,96.8,3.3,3.2,100.0,30.7,36.0,10.6,8.7,12.0,5.4,13.9,7.6,15.6,3.9,14.7,96.7,96.8,3.3,3.2,100.0,0.0,0.0,0.0,0.0,0.0,0.0,0.0,0.0,0.0,0.0,0.0,0.0,0.0,0.0,0.0,127,42.0,45.0,11.0,9.0,19.0,8.0,20.0,20.0,18,14.0,26,114,118,127,42.0,45.0,11.0,9.0,19.0,8.0,20.0,20.0,18,14.0,26,114,118,0,0,0,0,0,0,0,0,0,0,0,0,0,0,26.0,18.7,41.1,30.5,19.1,14.7,29.4,21.5,26.0,18.7,41.1,30.5,19.1,14.7,29.4,21.5,0.0,0.0,0.0,0.0,0.0,0.0,0.0,0.0,"(CONTRACTS OF 1,000 BARRELS)",N10,CRUDE OIL,PETROLEUM AND PRODUCTS,NATURAL RESOURCES,FutOnly
160112067411F,"CRUDE OIL, LIGHT SWEET-WTI - ICE FUTURES EUROPE",2016-01-12T00:00:00.000,2016 Report Week 02,"CRUDE OIL, LIGHT SWEET-WTI",67411,ICEU,NYC,67,CRUDE OIL,420068,132980,143847,35693,38601,51001,21348,63693,34541,73482,18699,56561,405606,406943,14462,13125,420068,132980,143847,35693,38601,51001,21348,63693,34541,73482,18699,56561,405606,406943,14462,13125,0,0,0,0,0,0,0,0,0,0,0,0,0,0,0,0,10232.0,-1611.0,4528.0,3001.0,-1302.0,1693.0,-1527.0,6004.0,1326.0,9937.0,2041.0,-4117.0,8702.0,10173.0,1530.0,59.0,100.0,31.7,34.2,8.5,9.2,12.1,5.1,15.2,8.2,17.5,4.5,13.5,96.6,96.9,3.4,3.1,100.0,31.7,34.2,8.5,9.2,12.1,5.1,15.2,8.2,17.5,4.5,13.5,96.6,96.9,3.4,3.1,100.0,0.0,0.0,0.0,0.0,0.0,0.0,0.0,0.0,0.0,0.0,0.0,0.0,0.0,0.0,0.0,133,43.0,48.0,9.0,11.0,19.0,11.0,18.0,20.0,16,18.0,29,116,127,133,43.0,48.0,9.0,11.0,19.0,11.0,18.0,20.0,16,18.0,29,116,127,0,0,0,0,0,0,0,0,0,0,0,0,0,0,25.1,17.5,40.6,29.7,18.8,13.9,30.7,20.5,25.1,17.5,40.6,29.7,18.8,13.9,30.7,20.5,0.0,0.0,0.0,0.0,0.0,0.0,0.0,0.0,"(CONTRACTS OF 1,000 BARRELS)",N10,CRUDE OIL,PETROLEUM AND PRODUCTS,NATURAL RESOURCES,FutOnly
160105067411F,"CRUDE OIL, LIGHT SWEET-WTI - ICE FUTURES EUROPE",2016-01-05T00:00:00.000,2016 Report Week 01,"CRUDE OIL, LIGHT SWEET-WTI",67411,ICEU,NYC,67,CRUDE OIL,409836,134591,139319,32692,39903,49308,22875,57689,33215,63545,16658,60678,396904,396770,12932,13066,409836,134591,139319,32692,39903,49308,22875,57689,33215,63545,16658,60678,396904,396770,12932,13066,0,0,0,0,0,0,0,0,0,0,0,0,0,0,0,0,8411.0,6988.0,7713.0,150.0,272.0,-824.0,-1509.0,3185.0,-1388.0,6170.0,521.0,-1785.0,7802.0,7694.0,609.0,717.0,100.0,32.8,34.0,8.0,9.7,12.0,5.6,14.1,8.1,15.5,4.1,14.8,96.8,96.8,3.2,3.2,100.0,32.8,34.0,8.0,9.7,12.0,5.6,14.1,8.1,15.5,4.1,14.8,96.8,96.8,3.2,3.2,100.0,0.0,0.0,0.0,0.0,0.0,0.0,0.0,0.0,0.0,0.0,0.0,0.0,0.0,0.0,0.0,126,43.0,46.0,8.0,12.0,18.0,12.0,17.0,19.0,16,13.0,25,113,116,126,43.0,46.0,8.0,12.0,18.0,12.0,17.0,19.0,16,13.0,25,113,116,0,0,0,0,0,0,0,0,0,0,0,0,0,0,26.1,20.2,41.8,33.0,18.0,14.4,28.9,20.8,26.1,20.2,41.8,33.0,18.0,14.4,28.9,20.8,0.0,0.0,0.0,0.0,0.0,0.0,0.0,0.0,"(CONTRACTS OF 1,000 BARRELS)",N10,CRUDE OIL,PETROLEUM AND PRODUCTS,NATURAL RESOURCES,FutOnly
151229067411F,"CRUDE OIL, LIGHT SWEET-WTI - ICE FUTURES EUROPE",2015-12-29T00:00:00.000,2015 Report Week 52,"CRUDE OIL, LIGHT SWEET-WTI",67411,ICEU,NYC,67,CRUDE OIL,401425,127603,131606,32542,39631,50132,24384,54504,34603,57375,16137,62463,389102,389076,12323,12349,401425,127603,131606,32542,39631,50132,24384,54504,34603,57375,16137,62463,389102,389076,12323,12349,0,0,0,0,0,0,0,0,0,0,0,0,0,0,0,0,4150.0,1093.0,3420.0,1021.0,-326.0,1032.0,-783.0,-443.0,-487.0,2857.0,593.0,-738.0,3995.0,3051.0,155.0,1099.0,100.0,31.8,32.8,8.1,9.9,12.5,6.1,13.6,8.6,14.3,4.0,15.6,96.9,96.9,3.1,3.1,100.0,31.8,32.8,8.1,9.9,12.5,6.1,13.6,8.6,14.3,4.0,15.6,96.9,96.9,3.1,3.1,100.0,0.0,0.0,0.0,0.0,0.0,0.0,0.0,0.0,0.0,0.0,0.0,0.0,0.0,0.0,0.0,123,43.0,46.0,8.0,12.0,18.0,12.0,15.0,20.0,15,14.0,24,114,113,123,43.0,46.0,8.0,12.0,18.0,12.0,15.0,20.0,15,14.0,24,114,113,0,0,0,0,0,0,0,0,0,0,0,0,0,0,26.0,21.4,40.4,34.3,18.0,14.0,27.7,20.4,26.0,21.4,40.4,34.3,18.0,14.0,27.7,20.4,0.0,0.0,0.0,0.0,0.0,0.0,0.0,0.0,"(CONTRACTS OF 1,000 BARRELS)",N10,CRUDE OIL,PETROLEUM AND PRODUCTS,NATURAL RESOURCES,FutOnly
151222067411F,"CRUDE OIL, LIGHT SWEET-WTI - ICE FUTURES EUROPE",2015-12-22T00:00:00.000,2015 Report Week 51,"CRUDE OIL, LIGHT SWEET-WTI",67411,ICEU,NYC,67,CRUDE OIL,397275,126510,128186,31521,39957,49100,25167,54947,35090,54518,15544,63201,385107,386025,12168,11250,397275,126510,128186,31521,39957,49100,25167,54947,35090,54518,15544,63201,385107,386025,12168,11250,0,0,0,0,0,0,0,0,0,0,0,0,0,0,0,0,-917.0,2069.0,358.0,-3297.0,4196.0,-1133.0,1302.0,-1719.0,7114.0,-360.0,-772.0,-5283.0,412.0,2761.0,-1329.0,-3678.0,100.0,31.8,32.3,7.9,10.1,12.4,6.3,13.8,8.8,13.7,3.9,15.9,96.9,97.2,3.1,2.8,100.0,31.8,32.3,7.9,10.1,12.4,6.3,13.8,8.8,13.7,3.9,15.9,96.9,97.2,3.1,2.8,100.0,0.0,0.0,0.0,0.0,0.0,0.0,0.0,0.0,0.0,0.0,0.0,0.0,0.0,0.0,0.0,127,44.0,47.0,8.0,12.0,18.0,11.0,18.0,22.0,15,14.0,24,116,117,127,44.0,47.0,8.0,12.0,18.0,11.0,18.0,22.0,15,14.0,24,116,117,0,0,0,0,0,0,0,0,0,0,0,0,0,0,25.8,21.4,40.5,33.8,17.9,13.4,27.6,19.9,25.8,21.4,40.5,33.8,17.9,13.4,27.6,19.9,0.0,0.0,0.0,0.0,0.0,0.0,0.0,0.0,"(CONTRACTS OF 1,000 BARRELS)",N10,CRUDE OIL,PETROLEUM AND PRODUCTS,NATURAL RESOURCES,FutOnly
151215067411F,"CRUDE OIL, LIGHT SWEET-WTI - ICE FUTURES EUROPE",2015-12-15T00:00:00.000,2015 Report Week 50,"CRUDE OIL, LIGHT SWEET-WTI",67411,ICEU,NYC,67,CRUDE OIL,398192,124441,127828,34818,35761,50233,23865,56666,27976,54878,16316,68484,384695,383264,13497,14928,398192,124441,127828,34818,35761,50233,23865,56666,27976,54878,16316,68484,384695,383264,13497,14928,0,0,0,0,0,0,0,0,0,0,0,0,0,0,0,0,1138.0,-3056.0,4899.0,10526.0,-827.0,779.0,-273.0,-7760.0,3343.0,-10645.0,467.0,-1042.0,-368.0,-141.0,1506.0,1279.0,100.0,31.3,32.1,8.7,9.0,12.6,6.0,14.2,7.0,13.8,4.1,17.2,96.6,96.3,3.4,3.7,100.0,31.3,32.1,8.7,9.0,12.6,6.0,14.2,7.0,13.8,4.1,17.2,96.6,96.3,3.4,3.7,100.0,0.0,0.0,0.0,0.0,0.0,0.0,0.0,0.0,0.0,0.0,0.0,0.0,0.0,0.0,0.0,129,42.0,45.0,9.0,10.0,17.0,10.0,19.0,22.0,18,13.0,28,116,119,129,42.0,45.0,9.0,10.0,17.0,10.0,19.0,22.0,18,13.0,28,116,119,0,0,0,0,0,0,0,0,0,0,0,0,0,0,24.9,21.9,38.2,32.5,17.4,13.6,26.0,20.2,24.9,21.9,38.2,32.5,17.4,13.6,26.0,20.2,0.0,0.0,0.0,0.0,0.0,0.0,0.0,0.0,"(CONTRACTS OF 1,000 BARRELS)",N10,CRUDE OIL,PETROLEUM AND PRODUCTS,NATURAL RESOURCES,FutOnly
151208067411F,"CRUDE OIL, LIGHT SWEET-WTI - ICE FUTURES EUROPE",2015-12-08T00:00:00.000,2015 Report Week 49,"CRUDE OIL, LIGHT SWEET-WTI",67411,ICEU,NYC,67,CRUDE OIL,397054,127497,122929,24292,36588,49454,24138,64426,24633,65523,15849,69526,385063,383405,11991,13649,397054,127497,122929,24292,36588,49454,24138,64426,24633,65523,15849,69526,385063,383405,11991,13649,0,0,0,0,0,0,0,0,0,0,0,0,0,0,0,0,5618.0,-7633.0,-5440.0,1812.0,243.0,-519.0,1035.0,3580.0,-1376.0,2073.0,-572.0,9216.0,4608.0,5132.0,1010.0,486.0,100.0,32.1,31.0,6.1,9.2,12.5,6.1,16.2,6.2,16.5,4.0,17.5,97.0,96.6,3.0,3.4,100.0,32.1,31.0,6.1,9.2,12.5,6.1,16.2,6.2,16.5,4.0,17.5,97.0,96.6,3.0,3.4,100.0,0.0,0.0,0.0,0.0,0.0,0.0,0.0,0.0,0.0,0.0,0.0,0.0,0.0,0.0,0.0,128,42.0,44.0,9.0,10.0,18.0,10.0,19.0,18.0,20,12.0,30,113,119,128,42.0,44.0,9.0,10.0,18.0,10.0,19.0,18.0,20,12.0,30,113,119,0,0,0,0,0,0,0,0,0,0,0,0,0,0,25.4,19.8,38.8,31.2,18.3,13.3,26.4,21.2,25.4,19.8,38.8,31.2,18.3,13.3,26.4,21.2,0.0,0.0,0.0,0.0,0.0,0.0,0.0,0.0,"(CONTRACTS OF 1,000 BARRELS)",N10,CRUDE OIL,PETROLEUM AND PRODUCTS,NATURAL RESOURCES,FutOnly
151201067411F,"CRUDE OIL, LIGHT SWEET-WTI - ICE FUTURES EUROPE",2015-12-01T00:00:00.000,2015 Report Week 48,"CRUDE OIL, LIGHT SWEET-WTI",67411,ICEU,NYC,67,CRUDE OIL,391436,135130,128369,22480,36345,49973,23103,60846,26009,63450,16421,60310,380455,378273,10981,13163,391436,135130,128369,22480,36345,49973,23103,60846,26009,63450,16421,60310,380455,378273,10981,13163,0,0,0,0,0,0,0,0,0,0,0,0,0,0,0,0,10745.0,5722.0,7243.0,365.0,-286.0,2536.0,967.0,4433.0,-991.0,6330.0,298.0,-3374.0,11555.0,9859.0,-810.0,886.0,100.0,34.5,32.8,5.7,9.3,12.8,5.9,15.5,6.6,16.2,4.2,15.4,97.2,96.6,2.8,3.4,100.0,34.5,32.8,5.7,9.3,12.8,5.9,15.5,6.6,16.2,4.2,15.4,97.2,96.6,2.8,3.4,100.0,0.0,0.0,0.0,0.0,0.0,0.0,0.0,0.0,0.0,0.0,0.0,0.0,0.0,0.0,0.0,127,41.0,43.0,7.0,12.0,18.0,12.0,15.0,17.0,17,15.0,31,112,117,127,41.0,43.0,7.0,12.0,18.0,12.0,15.0,17.0,17,15.0,31,112,117,0,0,0,0,0,0,0,0,0,0,0,0,0,0,24.8,20.7,39.4,32.9,18.4,13.6,26.5,21.2,24.8,20.7,39.4,32.9,18.4,13.6,26.5,21.2,0.0,0.0,0.0,0.0,0.0,0.0,0.0,0.0,"(CONTRACTS OF 1,000 BARRELS)",N10,CRUDE OIL,PETROLEUM AND PRODUCTS,NATURAL RESOURCES,FutOnly
151124067411F,"CRUDE OIL, LIGHT SWEET-WTI - ICE FUTURES EUROPE",2015-11-24T00:00:00.000,2015 Report Week 47,"CRUDE OIL, LIGHT SWEET-WTI",67411,ICEU,NYC,67,CRUDE OIL,380691,129408,121126,22115,36631,47437,22136,56413,27000,57120,16123,63684,368900,368414,11791,12277,380691,129408,121126,22115,36631,47437,22136,56413,27000,57120,16123,63684,368900,368414,11791,12277,0,0,0,0,0,0,0,0,0,0,0,0,0,0,0,0,-43359.0,-12046.0,-33490.0,-3211.0,-5868.0,-3620.0,-6080.0,7377.0,-9082.0,-10389.0,1762.0,3889.0,-40539.0,-39032.0,-2820.0,-4327.0,100.0,34.0,31.8,5.8,9.6,12.5,5.8,14.8,7.1,15.0,4.2,16.7,96.9,96.8,3.1,3.2,100.0,34.0,31.8,5.8,9.6,12.5,5.8,14.8,7.1,15.0,4.2,16.7,96.9,96.8,3.1,3.2,100.0,0.0,0.0,0.0,0.0,0.0,0.0,0.0,0.0,0.0,0.0,0.0,0.0,0.0,0.0,0.0,125,40.0,42.0,8.0,10.0,17.0,12.0,16.0,17.0,17,15.0,30,110,115,125,40.0,42.0,8.0,10.0,17.0,12.0,16.0,17.0,17,15.0,30,110,115,0,0,0,0,0,0,0,0,0,0,0,0,0,0,25.4,22.2,39.8,35.0,19.2,14.1,27.2,21.1,25.4,22.2,39.8,35.0,19.2,14.1,27.2,21.1,0.0,0.0,0.0,0.0,0.0,0.0,0.0,0.0,"(CONTRACTS OF 1,000 BARRELS)",N10,CRUDE OIL,PETROLEUM AND PRODUCTS,NATURAL RESOURCES,FutOnly
151117067411F,"CRUDE OIL, LIGHT SWEET-WTI - ICE FUTURES EUROPE",2015-11-17T00:00:00.000,2015 Report Week 46,"CRUDE OIL, LIGHT SWEET-WTI",67411,ICEU,NYC,67,CRUDE OIL,424050,141454,154616,25326,42499,51057,28216,49036,36082,67509,14361,59795,409439,407446,14611,16604,424050,141454,154616,25326,42499,51057,28216,49036,36082,67509,14361,59795,409439,407446,14611,16604,0,0,0,0,0,0,0,0,0,0,0,0,0,0,0,0,3577.0,-6588.0,16214.0,-1729.0,-4300.0,572.0,298.0,-9591.0,8280.0,10996.0,-841.0,-9964.0,1865.0,370.0,1712.0,3207.0,100.0,33.4,36.5,6.0,10.0,12.0,6.7,11.6,8.5,15.9,3.4,14.1,96.6,96.1,3.4,3.9,100.0,33.4,36.5,6.0,10.0,12.0,6.7,11.6,8.5,15.9,3.4,14.1,96.6,96.1,3.4,3.9,100.0,0.0,0.0,0.0,0.0,0.0,0.0,0.0,0.0,0.0,0.0,0.0,0.0,0.0,0.0,0.0,124,43.0,42.0,9.0,12.0,19.0,11.0,14.0,19.0,17,12.0,30,116,114,124,43.0,42.0,9.0,12.0,19.0,11.0,14.0,19.0,17,12.0,30,116,114,0,0,0,0,0,0,0,0,0,0,0,0,0,0,23.3,21.6,37.0,33.2,16.4,13.9,23.7,20.9,23.3,21.6,37.0,33.2,16.4,13.9,23.7,20.9,0.0,0.0,0.0,0.0,0.0,0.0,0.0,0.0,"(CONTRACTS OF 1,000 BARRELS)",N10,CRUDE OIL,PETROLEUM AND PRODUCTS,NATURAL RESOURCES,FutOnly
151110067411F,"CRUDE OIL, LIGHT SWEET-WTI - ICE FUTURES EUROPE",2015-11-10T00:00:00.000,2015 Report Week 45,"CRUDE OIL, LIGHT SWEET-WTI",67411,ICEU,NYC,67,CRUDE OIL,420473,148042,138402,27055,46799,50485,27918,58627,27802,56513,15202,69759,407574,407076,12899,13397,420473,148042,138402,27055,46799,50485,27918,58627,27802,56513,15202,69759,407574,407076,12899,13397,0,0,0,0,0,0,0,0,0,0,0,0,0,0,0,0,1347.0,4857.0,-4860.0,-9313.0,-5122.0,2079.0,702.0,2913.0,4082.0,-5613.0,-1470.0,4958.0,1752.0,2580.0,-405.0,-1233.0,100.0,35.2,32.9,6.4,11.1,12.0,6.6,13.9,6.6,13.4,3.6,16.6,96.9,96.8,3.1,3.2,100.0,35.2,32.9,6.4,11.1,12.0,6.6,13.9,6.6,13.4,3.6,16.6,96.9,96.8,3.1,3.2,100.0,0.0,0.0,0.0,0.0,0.0,0.0,0.0,0.0,0.0,0.0,0.0,0.0,0.0,0.0,0.0,128,42.0,44.0,9.0,13.0,19.0,11.0,14.0,21.0,19,13.0,32,119,121,128,42.0,44.0,9.0,13.0,19.0,11.0,14.0,21.0,19,13.0,32,119,121,0,0,0,0,0,0,0,0,0,0,0,0,0,0,21.2,19.5,36.0,31.2,16.2,13.6,24.3,20.7,21.2,19.5,36.0,31.2,16.2,13.6,24.3,20.7,0.0,0.0,0.0,0.0,0.0,0.0,0.0,0.0,"(CONTRACTS OF 1,000 BARRELS)",N10,CRUDE OIL,PETROLEUM AND PRODUCTS,NATURAL RESOURCES,FutOnly
151103067411F,"CRUDE OIL, LIGHT SWEET-WTI - ICE FUTURES EUROPE",2015-11-03T00:00:00.000,2015 Report Week 44,"CRUDE OIL, LIGHT SWEET-WTI",67411,ICEU,NYC,67,CRUDE OIL,419126,143185,143262,36368,51921,48406,27216,55714,23720,62126,16672,64801,405822,404496,13304,14630,419126,143185,143262,36368,51921,48406,27216,55714,23720,62126,16672,64801,405822,404496,13304,14630,0,0,0,0,0,0,0,0,0,0,0,0,0,0,0,0,15686.0,2769.0,6521.0,-4847.0,3975.0,5370.0,-974.0,-557.0,4802.0,8598.0,-5615.0,-1710.0,14008.0,12786.0,1678.0,2900.0,100.0,34.2,34.2,8.7,12.4,11.5,6.5,13.3,5.7,14.8,4.0,15.5,96.8,96.5,3.2,3.5,100.0,34.2,34.2,8.7,12.4,11.5,6.5,13.3,5.7,14.8,4.0,15.5,96.8,96.5,3.2,3.5,100.0,0.0,0.0,0.0,0.0,0.0,0.0,0.0,0.0,0.0,0.0,0.0,0.0,0.0,0.0,0.0,123,39.0,41.0,8.0,14.0,19.0,11.0,14.0,19.0,18,13.0,27,112,112,123,39.0,41.0,8.0,14.0,19.0,11.0,14.0,19.0,18,13.0,27,112,112,0,0,0,0,0,0,0,0,0,0,0,0,0,0,25.0,21.9,38.7,33.5,19.8,13.8,27.5,22.7,25.0,21.9,38.7,33.5,19.8,13.8,27.5,22.7,0.0,0.0,0.0,0.0,0.0,0.0,0.0,0.0,"(CONTRACTS OF 1,000 BARRELS)",N10,CRUDE OIL,PETROLEUM AND PRODUCTS,NATURAL RESOURCES,FutOnly
151027067411F,"CRUDE OIL, LIGHT SWEET-WTI - ICE FUTURES EUROPE",2015-10-27T00:00:00.000,2015 Report Week 43,"CRUDE OIL, LIGHT SWEET-WTI",67411,ICEU,NYC,67,CRUDE OIL,403440,140416,136741,41215,47946,43036,28190,56271,18918,53528,22287,66511,391814,391710,11626,11730,403440,140416,136741,41215,47946,43036,28190,56271,18918,53528,22287,66511,391814,391710,11626,11730,0,0,0,0,0,0,0,0,0,0,0,0,0,0,0,0,29075.0,18007.0,6066.0,846.0,-542.0,2986.0,-745.0,7173.0,1139.0,-3216.0,4411.0,11146.0,30163.0,32379.0,-1088.0,-3304.0,100.0,34.8,33.9,10.2,11.9,10.7,7.0,13.9,4.7,13.3,5.5,16.5,97.1,97.1,2.9,2.9,100.0,34.8,33.9,10.2,11.9,10.7,7.0,13.9,4.7,13.3,5.5,16.5,97.1,97.1,2.9,2.9,100.0,0.0,0.0,0.0,0.0,0.0,0.0,0.0,0.0,0.0,0.0,0.0,0.0,0.0,0.0,0.0,126,42.0,44.0,7.0,15.0,19.0,11.0,15.0,19.0,16,15.0,27,114,116,126,42.0,44.0,7.0,15.0,19.0,11.0,15.0,19.0,16,15.0,27,114,116,0,0,0,0,0,0,0,0,0,0,0,0,0,0,25.8,24.7,39.9,35.9,21.5,14.4,29.2,23.6,25.8,24.7,39.9,35.9,21.5,14.4,29.2,23.6,0.0,0.0,0.0,0.0,0.0,0.0,0.0,0.0,"(CONTRACTS OF 1,000 BARRELS)",N10,CRUDE OIL,PETROLEUM AND PRODUCTS,NATURAL RESOURCES,FutOnly
151020067411F,"CRUDE OIL, LIGHT SWEET-WTI - ICE FUTURES EUROPE",2015-10-20T00:00:00.000,2015 Report Week 42,"CRUDE OIL, LIGHT SWEET-WTI",67411,ICEU,NYC,67,CRUDE OIL,374365,122409,130675,40369,48488,40050,28935,49098,17779,56744,17876,55365,361651,359331,12714,15034,374365,122409,130675,40369,48488,40050,28935,49098,17779,56744,17876,55365,361651,359331,12714,15034,0,0,0,0,0,0,0,0,0,0,0,0,0,0,0,0,-19731.0,-1084.0,-1936.0,9204.0,-5578.0,-10987.0,37.0,2255.0,69.0,-7710.0,4235.0,-8380.0,-18851.0,-20322.0,-880.0,591.0,100.0,32.7,34.9,10.8,13.0,10.7,7.7,13.1,4.7,15.2,4.8,14.8,96.6,96.0,3.4,4.0,100.0,32.7,34.9,10.8,13.0,10.7,7.7,13.1,4.7,15.2,4.8,14.8,96.6,96.0,3.4,4.0,100.0,0.0,0.0,0.0,0.0,0.0,0.0,0.0,0.0,0.0,0.0,0.0,0.0,0.0,0.0,0.0,122,39.0,42.0,7.0,14.0,19.0,11.0,13.0,15.0,18,13.0,24,106,109,122,39.0,42.0,7.0,14.0,19.0,11.0,13.0,15.0,18,13.0,24,106,109,0,0,0,0,0,0,0,0,0,0,0,0,0,0,27.1,21.7,41.3,33.5,23.3,15.1,30.7,24.6,27.1,21.7,41.3,33.5,23.3,15.1,30.7,24.6,0.0,0.0,0.0,0.0,0.0,0.0,0.0,0.0,"(CONTRACTS OF 1,000 BARRELS)",N10,CRUDE OIL,PETROLEUM AND PRODUCTS,NATURAL RESOURCES,FutOnly
151013067411F,"CRUDE OIL, LIGHT SWEET-WTI - ICE FUTURES EUROPE",2015-10-13T00:00:00.000,2015 Report Week 41,"CRUDE OIL, LIGHT SWEET-WTI",67411,ICEU,NYC,67,CRUDE OIL,394096,123493,132611,31165,54066,51037,28898,46843,17710,64454,13641,63745,380502,379653,13594,14443,394096,123493,132611,31165,54066,51037,28898,46843,17710,64454,13641,63745,380502,379653,13594,14443,0,0,0,0,0,0,0,0,0,0,0,0,0,0,0,0,5172.0,-5420.0,-6011.0,-1511.0,4509.0,2235.0,1572.0,-965.0,-4068.0,5944.0,3192.0,5007.0,3759.0,3899.0,1413.0,1273.0,100.0,31.3,33.6,7.9,13.7,13.0,7.3,11.9,4.5,16.4,3.5,16.2,96.6,96.3,3.4,3.7,100.0,31.3,33.6,7.9,13.7,13.0,7.3,11.9,4.5,16.4,3.5,16.2,96.6,96.3,3.4,3.7,100.0,0.0,0.0,0.0,0.0,0.0,0.0,0.0,0.0,0.0,0.0,0.0,0.0,0.0,0.0,0.0,126,39.0,41.0,8.0,14.0,20.0,11.0,14.0,22.0,18,15.0,30,119,115,126,39.0,41.0,8.0,14.0,20.0,11.0,14.0,22.0,18,15.0,30,119,115,0,0,0,0,0,0,0,0,0,0,0,0,0,0,26.0,19.6,39.0,31.7,19.9,14.6,28.0,23.8,26.0,19.6,39.0,31.7,19.9,14.6,28.0,23.8,0.0,0.0,0.0,0.0,0.0,0.0,0.0,0.0,"(CONTRACTS OF 1,000 BARRELS)",N10,CRUDE OIL,PETROLEUM AND PRODUCTS,NATURAL RESOURCES,FutOnly
151006067411F,"CRUDE OIL, LIGHT SWEET-WTI - ICE FUTURES EUROPE",2015-10-06T00:00:00.000,2015 Report Week 40,"CRUDE OIL, LIGHT SWEET-WTI",67411,ICEU,NYC,67,CRUDE OIL,388924,128913,138622,32676,49557,48802,27326,47808,21778,58510,10449,58738,376743,375754,12181,13170,388924,128913,138622,32676,49557,48802,27326,47808,21778,58510,10449,58738,376743,375754,12181,13170,0,0,0,0,0,0,0,0,0,0,0,0,0,0,0,0,14251.0,15061.0,11658.0,377.0,1675.0,-31.0,-1925.0,1591.0,-1998.0,-1678.0,-1292.0,3651.0,13457.0,15254.0,794.0,-1003.0,100.0,33.1,35.6,8.4,12.7,12.5,7.0,12.3,5.6,15.0,2.7,15.1,96.9,96.6,3.1,3.4,100.0,33.1,35.6,8.4,12.7,12.5,7.0,12.3,5.6,15.0,2.7,15.1,96.9,96.6,3.1,3.4,100.0,0.0,0.0,0.0,0.0,0.0,0.0,0.0,0.0,0.0,0.0,0.0,0.0,0.0,0.0,0.0,131,41.0,43.0,7.0,15.0,20.0,12.0,15.0,21.0,18,13.0,30,120,118,131,41.0,43.0,7.0,15.0,20.0,12.0,15.0,21.0,18,13.0,30,120,118,0,0,0,0,0,0,0,0,0,0,0,0,0,0,25.7,18.9,36.5,31.7,20.6,14.6,28.1,24.1,25.7,18.9,36.5,31.7,20.6,14.6,28.1,24.1,0.0,0.0,0.0,0.0,0.0,0.0,0.0,0.0,"(CONTRACTS OF 1,000 BARRELS)",N10,CRUDE OIL,PETROLEUM AND PRODUCTS,NATURAL RESOURCES,FutOnly
150929067411F,"CRUDE OIL, LIGHT SWEET-WTI - ICE FUTURES EUROPE",2015-09-29T00:00:00.000,2015 Report Week 39,"CRUDE OIL, LIGHT SWEET-WTI",67411,ICEU,NYC,67,CRUDE OIL,374673,113852,126964,32299,47882,48833,29251,46217,23776,60188,11741,55087,363286,360500,11387,14173,374673,113852,126964,32299,47882,48833,29251,46217,23776,60188,11741,55087,363286,360500,11387,14173,0,0,0,0,0,0,0,0,0,0,0,0,0,0,0,0,-14584.0,1154.0,375.0,484.0,-3110.0,-1517.0,2218.0,-1778.0,-7744.0,-9904.0,-965.0,1751.0,-13558.0,-12988.0,-1026.0,-1596.0,100.0,30.4,33.9,8.6,12.8,13.0,7.8,12.3,6.3,16.1,3.1,14.7,97.0,96.2,3.0,3.8,100.0,30.4,33.9,8.6,12.8,13.0,7.8,12.3,6.3,16.1,3.1,14.7,97.0,96.2,3.0,3.8,100.0,0.0,0.0,0.0,0.0,0.0,0.0,0.0,0.0,0.0,0.0,0.0,0.0,0.0,0.0,0.0,125,39.0,41.0,8.0,14.0,19.0,11.0,14.0,20.0,21,11.0,29,115,113,125,39.0,41.0,8.0,14.0,19.0,11.0,14.0,20.0,21,11.0,29,115,113,0,0,0,0,0,0,0,0,0,0,0,0,0,0,26.9,18.6,37.3,30.6,21.3,14.5,28.4,23.1,26.9,18.6,37.3,30.6,21.3,14.5,28.4,23.1,0.0,0.0,0.0,0.0,0.0,0.0,0.0,0.0,"(CONTRACTS OF 1,000 BARRELS)",N10,CRUDE OIL,PETROLEUM AND PRODUCTS,NATURAL RESOURCES,FutOnly
150922067411F,"CRUDE OIL, LIGHT SWEET-WTI - ICE FUTURES EUROPE",2015-09-22T00:00:00.000,2015 Report Week 38,"CRUDE OIL, LIGHT SWEET-WTI",67411,ICEU,NYC,67,CRUDE OIL,389257,112698,126589,31815,50992,50350,27033,47995,31520,70092,12706,53336,376844,373488,12413,15769,389257,112698,126589,31815,50992,50350,27033,47995,31520,70092,12706,53336,376844,373488,12413,15769,0,0,0,0,0,0,0,0,0,0,0,0,0,0,0,0,-24225.0,-8289.0,-14022.0,2825.0,-1556.0,1353.0,-7744.0,339.0,1298.0,-1332.0,354.0,-12756.0,-24645.0,-24990.0,420.0,765.0,100.0,29.0,32.5,8.2,13.1,12.9,6.9,12.3,8.1,18.0,3.3,13.7,96.8,95.9,3.2,4.1,100.0,29.0,32.5,8.2,13.1,12.9,6.9,12.3,8.1,18.0,3.3,13.7,96.8,95.9,3.2,4.1,100.0,0.0,0.0,0.0,0.0,0.0,0.0,0.0,0.0,0.0,0.0,0.0,0.0,0.0,0.0,0.0,122,37.0,38.0,6.0,16.0,19.0,9.0,18.0,20.0,18,12.0,26,110,110,122,37.0,38.0,6.0,16.0,19.0,9.0,18.0,20.0,18,12.0,26,110,110,0,0,0,0,0,0,0,0,0,0,0,0,0,0,26.9,18.5,40.0,31.5,21.2,14.0,28.5,22.7,26.9,18.5,40.0,31.5,21.2,14.0,28.5,22.7,0.0,0.0,0.0,0.0,0.0,0.0,0.0,0.0,"(CONTRACTS OF 1,000 BARRELS)",N10,CRUDE OIL,PETROLEUM AND PRODUCTS,NATURAL RESOURCES,FutOnly
150915067411F,"CRUDE OIL, LIGHT SWEET-WTI - ICE FUTURES EUROPE",2015-09-15T00:00:00.000,2015 Report Week 37,"CRUDE OIL, LIGHT SWEET-WTI",67411,ICEU,NYC,67,CRUDE OIL,413482,120987,140611,28990,52548,48997,34777,47656,30222,71424,12352,66092,401489,398478,11993,15004,413482,120987,140611,28990,52548,48997,34777,47656,30222,71424,12352,66092,401489,398478,11993,15004,0,0,0,0,0,0,0,0,0,0,0,0,0,0,0,0,9527.0,1252.0,8113.0,6927.0,-2881.0,759.0,-1466.0,5137.0,-1072.0,3120.0,241.0,-2003.0,7517.0,8294.0,2010.0,1233.0,100.0,29.3,34.0,7.0,12.7,11.8,8.4,11.5,7.3,17.3,3.0,16.0,97.1,96.4,2.9,3.6,100.0,29.3,34.0,7.0,12.7,11.8,8.4,11.5,7.3,17.3,3.0,16.0,97.1,96.4,2.9,3.6,100.0,0.0,0.0,0.0,0.0,0.0,0.0,0.0,0.0,0.0,0.0,0.0,0.0,0.0,0.0,0.0,132,43.0,43.0,8.0,15.0,20.0,10.0,17.0,22.0,18,14.0,29,123,118,132,43.0,43.0,8.0,15.0,20.0,10.0,17.0,22.0,18,14.0,29,123,118,0,0,0,0,0,0,0,0,0,0,0,0,0,0,26.4,19.7,39.2,32.1,19.1,13.8,27.4,23.0,26.4,19.7,39.2,32.1,19.1,13.8,27.4,23.0,0.0,0.0,0.0,0.0,0.0,0.0,0.0,0.0,"(CONTRACTS OF 1,000 BARRELS)",N10,CRUDE OIL,PETROLEUM AND PRODUCTS,NATURAL RESOURCES,FutOnly
150908067411F,"CRUDE OIL, LIGHT SWEET-WTI - ICE FUTURES EUROPE",2015-09-08T00:00:00.000,2015 Report Week 36,"CRUDE OIL, LIGHT SWEET-WTI",67411,ICEU,NYC,67,CRUDE OIL,403955,119735,132498,22063,55429,48238,36243,42519,31294,68304,12111,68095,393972,390184,9983,13771,403955,119735,132498,22063,55429,48238,36243,42519,31294,68304,12111,68095,393972,390184,9983,13771,0,0,0,0,0,0,0,0,0,0,0,0,0,0,0,0,3377.0,-7067.0,8713.0,-1911.0,-1094.0,-2855.0,3594.0,901.0,-3444.0,9765.0,-3679.0,5854.0,3936.0,4396.0,-559.0,-1019.0,100.0,29.6,32.8,5.5,13.7,11.9,9.0,10.5,7.7,16.9,3.0,16.9,97.5,96.6,2.5,3.4,100.0,29.6,32.8,5.5,13.7,11.9,9.0,10.5,7.7,16.9,3.0,16.9,97.5,96.6,2.5,3.4,100.0,0.0,0.0,0.0,0.0,0.0,0.0,0.0,0.0,0.0,0.0,0.0,0.0,0.0,0.0,0.0,135,41.0,45.0,9.0,14.0,21.0,11.0,16.0,24.0,20,13.0,32,124,124,135,41.0,45.0,9.0,14.0,21.0,11.0,16.0,24.0,20,13.0,32,124,124,0,0,0,0,0,0,0,0,0,0,0,0,0,0,26.0,22.0,40.0,34.6,17.7,15.7,25.4,24.2,26.0,22.0,40.0,34.6,17.7,15.7,25.4,24.2,0.0,0.0,0.0,0.0,0.0,0.0,0.0,0.0,"(CONTRACTS OF 1,000 BARRELS)",N10,CRUDE OIL,PETROLEUM AND PRODUCTS,NATURAL RESOURCES,FutOnly
150901067411F,"CRUDE OIL, LIGHT SWEET-WTI - ICE FUTURES EUROPE",2015-09-01T00:00:00.000,2015 Report Week 35,"CRUDE OIL, LIGHT SWEET-WTI",67411,ICEU,NYC,67,CRUDE OIL,400578,126802,123785,23974,56523,51093,32649,41618,34738,58539,15790,62241,390036,385788,10542,14790,400578,126802,123785,23974,56523,51093,32649,41618,34738,58539,15790,62241,390036,385788,10542,14790,0,0,0,0,0,0,0,0,0,0,0,0,0,0,0,0,-1729.0,-1356.0,1748.0,488.0,130.0,186.0,-1294.0,-1945.0,6467.0,3907.0,-2857.0,-8003.0,395.0,-4274.0,-2124.0,2545.0,100.0,31.7,30.9,6.0,14.1,12.8,8.2,10.4,8.7,14.6,3.9,15.5,97.4,96.3,2.6,3.7,100.0,31.7,30.9,6.0,14.1,12.8,8.2,10.4,8.7,14.6,3.9,15.5,97.4,96.3,2.6,3.7,100.0,0.0,0.0,0.0,0.0,0.0,0.0,0.0,0.0,0.0,0.0,0.0,0.0,0.0,0.0,0.0,132,44.0,42.0,9.0,14.0,21.0,11.0,16.0,22.0,17,15.0,30,125,118,132,44.0,42.0,9.0,14.0,21.0,11.0,16.0,22.0,17,15.0,30,125,118,0,0,0,0,0,0,0,0,0,0,0,0,0,0,22.4,21.3,35.5,34.1,17.3,15.3,25.7,24.1,22.4,21.3,35.5,34.1,17.3,15.3,25.7,24.1,0.0,0.0,0.0,0.0,0.0,0.0,0.0,0.0,"(CONTRACTS OF 1,000 BARRELS)",N10,CRUDE OIL,PETROLEUM AND PRODUCTS,NATURAL RESOURCES,FutOnly
150825067411F,"CRUDE OIL, LIGHT SWEET-WTI - ICE FUTURES EUROPE",2015-08-25T00:00:00.000,2015 Report Week 34,"CRUDE OIL, LIGHT SWEET-WTI",67411,ICEU,NYC,67,CRUDE OIL,402307,128158,122037,23486,56393,50907,33943,43563,28271,54632,18647,70244,389641,390062,12666,12245,402307,128158,122037,23486,56393,50907,33943,43563,28271,54632,18647,70244,389641,390062,12666,12245,0,0,0,0,0,0,0,0,0,0,0,0,0,0,0,0,-5619.0,-1759.0,-12916.0,2593.0,-2404.0,375.0,3937.0,1958.0,-4897.0,-7699.0,7499.0,4325.0,-3125.0,-6060.0,-2494.0,441.0,100.0,31.9,30.3,5.8,14.0,12.7,8.4,10.8,7.0,13.6,4.6,17.5,96.9,97.0,3.1,3.0,100.0,31.9,30.3,5.8,14.0,12.7,8.4,10.8,7.0,13.6,4.6,17.5,96.9,97.0,3.1,3.0,100.0,0.0,0.0,0.0,0.0,0.0,0.0,0.0,0.0,0.0,0.0,0.0,0.0,0.0,0.0,0.0,131,44.0,40.0,11.0,12.0,21.0,12.0,16.0,22.0,16,14.0,30,124,117,131,44.0,40.0,11.0,12.0,21.0,12.0,16.0,22.0,16,14.0,30,124,117,0,0,0,0,0,0,0,0,0,0,0,0,0,0,22.7,23.1,35.4,36.1,16.9,15.2,25.0,23.1,22.7,23.1,35.4,36.1,16.9,15.2,25.0,23.1,0.0,0.0,0.0,0.0,0.0,0.0,0.0,0.0,"(CONTRACTS OF 1,000 BARRELS)",N10,CRUDE OIL,PETROLEUM AND PRODUCTS,NATURAL RESOURCES,FutOnly
150818067411F,"CRUDE OIL, LIGHT SWEET-WTI - ICE FUTURES EUROPE",2015-08-18T00:00:00.000,2015 Report Week 33,"CRUDE OIL, LIGHT SWEET-WTI",67411,ICEU,NYC,67,CRUDE OIL,407926,129917,134953,20893,58797,50532,30006,41605,33168,62331,11148,65919,392766,396122,15160,11804,407926,129917,134953,20893,58797,50532,30006,41605,33168,62331,11148,65919,392766,396122,15160,11804,0,0,0,0,0,0,0,0,0,0,0,0,0,0,0,0,-11419.0,-1950.0,-2560.0,-10796.0,-8608.0,-1128.0,-2436.0,8105.0,173.0,1181.0,-8429.0,2425.0,-12531.0,-10022.0,1112.0,-1397.0,100.0,31.8,33.1,5.1,14.4,12.4,7.4,10.2,8.1,15.3,2.7,16.2,96.3,97.1,3.7,2.9,100.0,31.8,33.1,5.1,14.4,12.4,7.4,10.2,8.1,15.3,2.7,16.2,96.3,97.1,3.7,2.9,100.0,0.0,0.0,0.0,0.0,0.0,0.0,0.0,0.0,0.0,0.0,0.0,0.0,0.0,0.0,0.0,135,42.0,41.0,8.0,15.0,21.0,12.0,17.0,24.0,16,14.0,27,123,118,135,42.0,41.0,8.0,15.0,21.0,12.0,17.0,24.0,16,14.0,27,123,118,0,0,0,0,0,0,0,0,0,0,0,0,0,0,22.8,19.8,35.9,32.1,15.2,15.5,22.9,23.4,22.8,19.8,35.9,32.1,15.2,15.5,22.9,23.4,0.0,0.0,0.0,0.0,0.0,0.0,0.0,0.0,"(CONTRACTS OF 1,000 BARRELS)",N10,CRUDE OIL,PETROLEUM AND PRODUCTS,NATURAL RESOURCES,FutOnly
150811067411F,"CRUDE OIL, LIGHT SWEET-WTI - ICE FUTURES EUROPE",2015-08-11T00:00:00.000,2015 Report Week 32,"CRUDE OIL, LIGHT SWEET-WTI",67411,ICEU,NYC,67,CRUDE OIL,419345,131867,137513,31689,67405,51660,32442,33500,32995,61150,19577,63494,405297,406144,14048,13201,419345,131867,137513,31689,67405,51660,32442,33500,32995,61150,19577,63494,405297,406144,14048,13201,0,0,0,0,0,0,0,0,0,0,0,0,0,0,0,0,-11000.0,-13641.0,-5255.0,-473.0,1810.0,-1753.0,-391.0,3265.0,-4181.0,15039.0,1899.0,-6996.0,-12396.0,-11211.0,1396.0,211.0,100.0,31.4,32.8,7.6,16.1,12.3,7.7,8.0,7.9,14.6,4.7,15.1,96.7,96.9,3.3,3.1,100.0,31.4,32.8,7.6,16.1,12.3,7.7,8.0,7.9,14.6,4.7,15.1,96.7,96.9,3.3,3.1,100.0,0.0,0.0,0.0,0.0,0.0,0.0,0.0,0.0,0.0,0.0,0.0,0.0,0.0,0.0,0.0,132,41.0,41.0,7.0,17.0,21.0,11.0,17.0,24.0,15,16.0,28,124,117,132,41.0,41.0,7.0,17.0,21.0,11.0,17.0,24.0,15,16.0,28,124,117,0,0,0,0,0,0,0,0,0,0,0,0,0,0,24.6,20.7,36.7,33.8,16.6,15.3,24.8,23.2,24.6,20.7,36.7,33.8,16.6,15.3,24.8,23.2,0.0,0.0,0.0,0.0,0.0,0.0,0.0,0.0,"(CONTRACTS OF 1,000 BARRELS)",N10,CRUDE OIL,PETROLEUM AND PRODUCTS,NATURAL RESOURCES,FutOnly
150804067411F,"CRUDE OIL, LIGHT SWEET-WTI - ICE FUTURES EUROPE",2015-08-04T00:00:00.000,2015 Report Week 31,"CRUDE OIL, LIGHT SWEET-WTI",67411,ICEU,NYC,67,CRUDE OIL,430345,145508,142768,32162,65595,53413,32833,30235,37176,46111,17678,70490,417693,417355,12652,12990,430345,145508,142768,32162,65595,53413,32833,30235,37176,46111,17678,70490,417693,417355,12652,12990,0,0,0,0,0,0,0,0,0,0,0,0,0,0,0,0,36303.0,7978.0,19213.0,-3032.0,-1.0,4034.0,5766.0,3435.0,3984.0,3269.0,-9710.0,16066.0,38065.0,37021.0,-1762.0,-718.0,100.0,33.8,33.2,7.5,15.2,12.4,7.6,7.0,8.6,10.7,4.1,16.4,97.1,97.0,2.9,3.0,100.0,33.8,33.2,7.5,15.2,12.4,7.6,7.0,8.6,10.7,4.1,16.4,97.1,97.0,2.9,3.0,100.0,0.0,0.0,0.0,0.0,0.0,0.0,0.0,0.0,0.0,0.0,0.0,0.0,0.0,0.0,0.0,133,41.0,40.0,6.0,19.0,22.0,12.0,15.0,21.0,17,16.0,29,123,118,133,41.0,40.0,6.0,19.0,22.0,12.0,15.0,21.0,17,16.0,29,123,118,0,0,0,0,0,0,0,0,0,0,0,0,0,0,23.8,24.9,38.8,37.5,16.7,14.9,23.7,23.4,23.8,24.9,38.8,37.5,16.7,14.9,23.7,23.4,0.0,0.0,0.0,0.0,0.0,0.0,0.0,0.0,"(CONTRACTS OF 1,000 BARRELS)",N10,CRUDE OIL,PETROLEUM AND PRODUCTS,NATURAL RESOURCES,FutOnly
150728067411F,"CRUDE OIL, LIGHT SWEET-WTI - ICE FUTURES EUROPE",2015-07-28T00:00:00.000,2015 Report Week 30,"CRUDE OIL, LIGHT SWEET-WTI",67411,ICEU,NYC,67,CRUDE OIL,394042,137530,123555,35194,65596,49379,27067,26800,33192,42842,27388,54424,379628,380334,14414,13708,394042,137530,123555,35194,65596,49379,27067,26800,33192,42842,27388,54424,379628,380334,14414,13708,0,0,0,0,0,0,0,0,0,0,0,0,0,0,0,0,19521.0,1782.0,12508.0,5123.0,202.0,-1785.0,5031.0,686.0,1416.0,5545.0,5103.0,732.0,17844.0,18862.0,1677.0,659.0,100.0,34.9,31.4,8.9,16.6,12.5,6.9,6.8,8.4,10.9,7.0,13.8,96.3,96.5,3.7,3.5,100.0,34.9,31.4,8.9,16.6,12.5,6.9,6.8,8.4,10.9,7.0,13.8,96.3,96.5,3.7,3.5,100.0,0.0,0.0,0.0,0.0,0.0,0.0,0.0,0.0,0.0,0.0,0.0,0.0,0.0,0.0,0.0,130,41.0,39.0,8.0,16.0,21.0,12.0,14.0,19.0,16,17.0,28,119,115,130,41.0,39.0,8.0,16.0,21.0,12.0,14.0,19.0,16,17.0,28,119,115,0,0,0,0,0,0,0,0,0,0,0,0,0,0,24.0,27.5,38.0,40.2,18.6,16.3,25.3,25.1,24.0,27.5,38.0,40.2,18.6,16.3,25.3,25.1,0.0,0.0,0.0,0.0,0.0,0.0,0.0,0.0,"(CONTRACTS OF 1,000 BARRELS)",N10,CRUDE OIL,PETROLEUM AND PRODUCTS,NATURAL RESOURCES,FutOnly
150721067411F,"CRUDE OIL, LIGHT SWEET-WTI - ICE FUTURES EUROPE",2015-07-21T00:00:00.000,2015 Report Week 29,"CRUDE OIL, LIGHT SWEET-WTI",67411,ICEU,NYC,67,CRUDE OIL,374521,135748,111047,30071,65394,51164,22036,26114,31776,37297,22285,53692,361784,361472,12737,13049,374521,135748,111047,30071,65394,51164,22036,26114,31776,37297,22285,53692,361784,361472,12737,13049,0,0,0,0,0,0,0,0,0,0,0,0,0,0,0,0,-33904.0,-13124.0,-5565.0,1641.0,-8627.0,3989.0,-1419.0,-917.0,-6407.0,103.0,3686.0,-18108.0,-33325.0,-31949.0,-579.0,-1955.0,100.0,36.2,29.7,8.0,17.5,13.7,5.9,7.0,8.5,10.0,6.0,14.3,96.6,96.5,3.4,3.5,100.0,36.2,29.7,8.0,17.5,13.7,5.9,7.0,8.5,10.0,6.0,14.3,96.6,96.5,3.4,3.5,100.0,0.0,0.0,0.0,0.0,0.0,0.0,0.0,0.0,0.0,0.0,0.0,0.0,0.0,0.0,0.0,125,38.0,35.0,8.0,16.0,21.0,8.0,17.0,18.0,16,17.0,26,113,109,125,38.0,35.0,8.0,16.0,21.0,8.0,17.0,18.0,16,17.0,26,113,109,0,0,0,0,0,0,0,0,0,0,0,0,0,0,24.3,28.9,36.6,42.3,17.6,17.7,23.9,25.0,24.3,28.9,36.6,42.3,17.6,17.7,23.9,25.0,0.0,0.0,0.0,0.0,0.0,0.0,0.0,0.0,"(CONTRACTS OF 1,000 BARRELS)",N10,CRUDE OIL,PETROLEUM AND PRODUCTS,NATURAL RESOURCES,FutOnly
150714067411F,"CRUDE OIL, LIGHT SWEET-WTI - ICE FUTURES EUROPE",2015-07-14T00:00:00.000,2015 Report Week 28,"CRUDE OIL, LIGHT SWEET-WTI",67411,ICEU,NYC,67,CRUDE OIL,408425,148872,116612,28430,74021,47175,23455,27031,38183,37194,18599,71800,395109,393421,13316,15004,408425,148872,116612,28430,74021,47175,23455,27031,38183,37194,18599,71800,395109,393421,13316,15004,0,0,0,0,0,0,0,0,0,0,0,0,0,0,0,0,19735.0,4484.0,7469.0,4697.0,-2123.0,-5634.0,417.0,419.0,6615.0,2918.0,6272.0,6583.0,20080.0,19601.0,-345.0,134.0,100.0,36.5,28.6,7.0,18.1,11.6,5.7,6.6,9.3,9.1,4.6,17.6,96.7,96.3,3.3,3.7,100.0,36.5,28.6,7.0,18.1,11.6,5.7,6.6,9.3,9.1,4.6,17.6,96.7,96.3,3.3,3.7,100.0,0.0,0.0,0.0,0.0,0.0,0.0,0.0,0.0,0.0,0.0,0.0,0.0,0.0,0.0,0.0,131,42.0,40.0,8.0,16.0,20.0,9.0,18.0,20.0,17,16.0,32,122,120,131,42.0,40.0,8.0,16.0,20.0,9.0,18.0,20.0,17,16.0,32,122,120,0,0,0,0,0,0,0,0,0,0,0,0,0,0,24.2,27.5,36.6,39.0,15.8,16.6,22.0,23.7,24.2,27.5,36.6,39.0,15.8,16.6,22.0,23.7,0.0,0.0,0.0,0.0,0.0,0.0,0.0,0.0,"(CONTRACTS OF 1,000 BARRELS)",N10,CRUDE OIL,PETROLEUM AND PRODUCTS,NATURAL RESOURCES,FutOnly
150707067411F,"CRUDE OIL, LIGHT SWEET-WTI - ICE FUTURES EUROPE",2015-07-07T00:00:00.000,2015 Report Week 27,"CRUDE OIL, LIGHT SWEET-WTI",67411,ICEU,NYC,67,CRUDE OIL,388690,144388,109143,23733,76144,52809,23038,26612,31568,34276,12327,65217,375029,373820,13661,14870,388690,144388,109143,23733,76144,52809,23038,26612,31568,34276,12327,65217,375029,373820,13661,14870,0,0,0,0,0,0,0,0,0,0,0,0,0,0,0,0,-1424.0,-10493.0,3960.0,4410.0,-5293.0,4439.0,-2200.0,-3492.0,3149.0,568.0,-6286.0,459.0,332.0,-3064.0,-1756.0,1640.0,100.0,37.1,28.1,6.1,19.6,13.6,5.9,6.8,8.1,8.8,3.2,16.8,96.5,96.2,3.5,3.8,100.0,37.1,28.1,6.1,19.6,13.6,5.9,6.8,8.1,8.8,3.2,16.8,96.5,96.2,3.5,3.8,100.0,0.0,0.0,0.0,0.0,0.0,0.0,0.0,0.0,0.0,0.0,0.0,0.0,0.0,0.0,0.0,124,38.0,37.0,8.0,15.0,20.0,10.0,16.0,18.0,19,13.0,30,114,113,124,38.0,37.0,8.0,15.0,20.0,10.0,16.0,18.0,19,13.0,30,114,113,0,0,0,0,0,0,0,0,0,0,0,0,0,0,22.1,27.8,34.3,41.7,16.0,18.0,23.7,25.9,22.1,27.8,34.3,41.7,16.0,18.0,23.7,25.9,0.0,0.0,0.0,0.0,0.0,0.0,0.0,0.0,"(CONTRACTS OF 1,000 BARRELS)",N10,CRUDE OIL,PETROLEUM AND PRODUCTS,NATURAL RESOURCES,FutOnly
150630067411F,"CRUDE OIL, LIGHT SWEET-WTI - ICE FUTURES EUROPE",2015-06-30T00:00:00.000,2015 Report Week 26,"CRUDE OIL, LIGHT SWEET-WTI",67411,ICEU,NYC,67,CRUDE OIL,390114,154881,105183,19323,81437,48370,25238,30104,28419,33708,18613,64758,374697,376884,15417,13230,390114,154881,105183,19323,81437,48370,25238,30104,28419,33708,18613,64758,374697,376884,15417,13230,0,0,0,0,0,0,0,0,0,0,0,0,0,0,0,0,3785.0,720.0,-3796.0,2593.0,-1448.0,2451.0,-3901.0,3728.0,-442.0,162.0,2728.0,-143.0,1440.0,3078.0,2345.0,707.0,100.0,39.7,27.0,5.0,20.9,12.4,6.5,7.7,7.3,8.6,4.8,16.6,96.0,96.6,4.0,3.4,100.0,39.7,27.0,5.0,20.9,12.4,6.5,7.7,7.3,8.6,4.8,16.6,96.0,96.6,4.0,3.4,100.0,0.0,0.0,0.0,0.0,0.0,0.0,0.0,0.0,0.0,0.0,0.0,0.0,0.0,0.0,0.0,126,37.0,37.0,7.0,18.0,20.0,11.0,15.0,18.0,18,14.0,31,115,114,126,37.0,37.0,7.0,18.0,20.0,11.0,15.0,18.0,18,14.0,31,115,114,0,0,0,0,0,0,0,0,0,0,0,0,0,0,21.9,31.9,34.7,44.7,15.6,19.1,23.2,27.0,21.9,31.9,34.7,44.7,15.6,19.1,23.2,27.0,0.0,0.0,0.0,0.0,0.0,0.0,0.0,0.0,"(CONTRACTS OF 1,000 BARRELS)",N10,CRUDE OIL,PETROLEUM AND PRODUCTS,NATURAL RESOURCES,FutOnly
150623067411F,"CRUDE OIL, LIGHT SWEET-WTI - ICE FUTURES EUROPE",2015-06-23T00:00:00.000,2015 Report Week 25,"CRUDE OIL, LIGHT SWEET-WTI",67411,ICEU,NYC,67,CRUDE OIL,386329,154161,108979,16730,82885,45919,29139,26376,28861,33546,15885,64901,373257,373806,13072,12523,386329,154161,108979,16730,82885,45919,29139,26376,28861,33546,15885,64901,373257,373806,13072,12523,0,0,0,0,0,0,0,0,0,0,0,0,0,0,0,0,-39731.0,-15695.0,-21045.0,5611.0,-5079.0,-935.0,-2119.0,-137.0,-1961.0,-3503.0,7677.0,-18835.0,-37437.0,-40315.0,-2294.0,584.0,100.0,39.9,28.2,4.3,21.5,11.9,7.5,6.8,7.5,8.7,4.1,16.8,96.6,96.8,3.4,3.2,100.0,39.9,28.2,4.3,21.5,11.9,7.5,6.8,7.5,8.7,4.1,16.8,96.6,96.8,3.4,3.2,100.0,0.0,0.0,0.0,0.0,0.0,0.0,0.0,0.0,0.0,0.0,0.0,0.0,0.0,0.0,0.0,131,39.0,39.0,7.0,18.0,21.0,15.0,14.0,19.0,16,15.0,30,120,116,131,39.0,39.0,7.0,18.0,21.0,15.0,14.0,19.0,16,15.0,30,120,116,0,0,0,0,0,0,0,0,0,0,0,0,0,0,21.5,32.2,34.4,44.6,15.1,20.5,23.4,28.1,21.5,32.2,34.4,44.6,15.1,20.5,23.4,28.1,0.0,0.0,0.0,0.0,0.0,0.0,0.0,0.0,"(CONTRACTS OF 1,000 BARRELS)",N10,CRUDE OIL,PETROLEUM AND PRODUCTS,NATURAL RESOURCES,FutOnly
150616067411F,"CRUDE OIL, LIGHT SWEET-WTI - ICE FUTURES EUROPE",2015-06-16T00:00:00.000,2015 Report Week 24,"CRUDE OIL, LIGHT SWEET-WTI",67411,ICEU,NYC,67,CRUDE OIL,426060,169856,130024,11119,87964,46854,31258,26513,30822,37049,8208,83736,410694,414121,15366,11939,426060,169856,130024,11119,87964,46854,31258,26513,30822,37049,8208,83736,410694,414121,15366,11939,0,0,0,0,0,0,0,0,0,0,0,0,0,0,0,0,6687.0,-2974.0,-115.0,5085.0,6798.0,-3114.0,-782.0,-757.0,993.0,3792.0,-23.0,5841.0,8841.0,9623.0,-2154.0,-2936.0,100.0,39.9,30.5,2.6,20.6,11.0,7.3,6.2,7.2,8.7,1.9,19.7,96.4,97.2,3.6,2.8,100.0,39.9,30.5,2.6,20.6,11.0,7.3,6.2,7.2,8.7,1.9,19.7,96.4,97.2,3.6,2.8,100.0,0.0,0.0,0.0,0.0,0.0,0.0,0.0,0.0,0.0,0.0,0.0,0.0,0.0,0.0,0.0,131,42.0,43.0,5.0,19.0,20.0,12.0,13.0,16.0,23,10.0,31,118,118,131,42.0,43.0,5.0,19.0,20.0,12.0,13.0,16.0,23,10.0,31,118,118,0,0,0,0,0,0,0,0,0,0,0,0,0,0,21.4,31.5,33.4,43.2,12.1,18.4,19.2,25.5,21.4,31.5,33.4,43.2,12.1,18.4,19.2,25.5,0.0,0.0,0.0,0.0,0.0,0.0,0.0,0.0,"(CONTRACTS OF 1,000 BARRELS)",N10,CRUDE OIL,PETROLEUM AND PRODUCTS,NATURAL RESOURCES,FutOnly
150609067411F,"CRUDE OIL, LIGHT SWEET-WTI - ICE FUTURES EUROPE",2015-06-09T00:00:00.000,2015 Report Week 23,"CRUDE OIL, LIGHT SWEET-WTI",67411,ICEU,NYC,67,CRUDE OIL,419373,172830,130139,6034,81166,49968,32040,27270,29829,33257,8231,77895,401853,404498,17520,14875,419373,172830,130139,6034,81166,49968,32040,27270,29829,33257,8231,77895,401853,404498,17520,14875,0,0,0,0,0,0,0,0,0,0,0,0,0,0,0,0,7415.0,6209.0,1851.0,2246.0,1765.0,-6519.0,-8691.0,2952.0,-659.0,365.0,-6221.0,12348.0,5299.0,5517.0,2116.0,1898.0,100.0,41.2,31.0,1.4,19.4,11.9,7.6,6.5,7.1,7.9,2.0,18.6,95.8,96.5,4.2,3.5,100.0,41.2,31.0,1.4,19.4,11.9,7.6,6.5,7.1,7.9,2.0,18.6,95.8,96.5,4.2,3.5,100.0,0.0,0.0,0.0,0.0,0.0,0.0,0.0,0.0,0.0,0.0,0.0,0.0,0.0,0.0,0.0,127,39.0,42.0,4.0,19.0,19.0,12.0,13.0,15.0,22,10.0,30,112,115,127,39.0,42.0,4.0,19.0,19.0,12.0,13.0,15.0,22,10.0,30,112,115,0,0,0,0,0,0,0,0,0,0,0,0,0,0,21.4,32.0,32.6,43.3,13.8,19.2,20.7,26.2,21.4,32.0,32.6,43.3,13.8,19.2,20.7,26.2,0.0,0.0,0.0,0.0,0.0,0.0,0.0,0.0,"(CONTRACTS OF 1,000 BARRELS)",N10,CRUDE OIL,PETROLEUM AND PRODUCTS,NATURAL RESOURCES,FutOnly
150602067411F,"CRUDE OIL, LIGHT SWEET-WTI - ICE FUTURES EUROPE",2015-06-02T00:00:00.000,2015 Report Week 22,"CRUDE OIL, LIGHT SWEET-WTI",67411,ICEU,NYC,67,CRUDE OIL,411958,166621,128288,3788,79401,56487,40731,24318,30488,32892,14452,65547,396554,398981,15404,12977,411958,166621,128288,3788,79401,56487,40731,24318,30488,32892,14452,65547,396554,398981,15404,12977,0,0,0,0,0,0,0,0,0,0,0,0,0,0,0,0,13327.0,4879.0,6516.0,-3680.0,3636.0,1494.0,-429.0,-5945.0,3166.0,454.0,-1127.0,5496.0,11380.0,13236.0,1947.0,91.0,100.0,40.4,31.1,0.9,19.3,13.7,9.9,5.9,7.4,8.0,3.5,15.9,96.3,96.8,3.7,3.2,100.0,40.4,31.1,0.9,19.3,13.7,9.9,5.9,7.4,8.0,3.5,15.9,96.3,96.8,3.7,3.2,100.0,0.0,0.0,0.0,0.0,0.0,0.0,0.0,0.0,0.0,0.0,0.0,0.0,0.0,0.0,0.0,127,39.0,39.0,4.0,19.0,21.0,16.0,10.0,16.0,20,12.0,29,114,115,127,39.0,39.0,4.0,19.0,21.0,16.0,10.0,16.0,20,12.0,29,114,115,0,0,0,0,0,0,0,0,0,0,0,0,0,0,19.2,31.1,31.1,43.2,13.3,19.7,20.3,27.4,19.2,31.1,31.1,43.2,13.3,19.7,20.3,27.4,0.0,0.0,0.0,0.0,0.0,0.0,0.0,0.0,"(CONTRACTS OF 1,000 BARRELS)",N10,CRUDE OIL,PETROLEUM AND PRODUCTS,NATURAL RESOURCES,FutOnly
150526067411F,"CRUDE OIL, LIGHT SWEET-WTI - ICE FUTURES EUROPE",2015-05-26T00:00:00.000,2015 Report Week 21,"CRUDE OIL, LIGHT SWEET-WTI",67411,ICEU,NYC,67,CRUDE OIL,398631,161742,121772,7468,75765,54993,41160,30263,27322,32438,15579,60051,385174,385745,13457,12886,398631,161742,121772,7468,75765,54993,41160,30263,27322,32438,15579,60051,385174,385745,13457,12886,0,0,0,0,0,0,0,0,0,0,0,0,0,0,0,0,5377.0,3591.0,4167.0,-928.0,1124.0,278.0,307.0,-64.0,-1322.0,-149.0,-4199.0,4185.0,5962.0,4169.0,-585.0,1208.0,100.0,40.6,30.5,1.9,19.0,13.8,10.3,7.6,6.9,8.1,3.9,15.1,96.6,96.8,3.4,3.2,100.0,40.6,30.5,1.9,19.0,13.8,10.3,7.6,6.9,8.1,3.9,15.1,96.6,96.8,3.4,3.2,100.0,0.0,0.0,0.0,0.0,0.0,0.0,0.0,0.0,0.0,0.0,0.0,0.0,0.0,0.0,0.0,126,38.0,39.0,4.0,18.0,19.0,13.0,13.0,16.0,18,14.0,27,110,112,126,38.0,39.0,4.0,18.0,19.0,13.0,13.0,16.0,18,14.0,27,110,112,0,0,0,0,0,0,0,0,0,0,0,0,0,0,18.2,30.0,30.7,42.5,13.5,19.5,20.4,27.4,18.2,30.0,30.7,42.5,13.5,19.5,20.4,27.4,0.0,0.0,0.0,0.0,0.0,0.0,0.0,0.0,"(CONTRACTS OF 1,000 BARRELS)",N10,CRUDE OIL,PETROLEUM AND PRODUCTS,NATURAL RESOURCES,FutOnly
150519067411F,"CRUDE OIL, LIGHT SWEET-WTI - ICE FUTURES EUROPE",2015-05-19T00:00:00.000,2015 Report Week 20,"CRUDE OIL, LIGHT SWEET-WTI",67411,ICEU,NYC,67,CRUDE OIL,393254,158151,117605,8396,74641,54715,40853,30327,28644,32587,19778,55866,379212,381576,14042,11678,393254,158151,117605,8396,74641,54715,40853,30327,28644,32587,19778,55866,379212,381576,14042,11678,0,0,0,0,0,0,0,0,0,0,0,0,0,0,0,0,-35224.0,-7292.0,-9458.0,-11392.0,-6395.0,-3375.0,1616.0,-1334.0,-3425.0,-2430.0,-5221.0,-5851.0,-32149.0,-35059.0,-3075.0,-165.0,100.0,40.2,29.9,2.1,19.0,13.9,10.4,7.7,7.3,8.3,5.0,14.2,96.4,97.0,3.6,3.0,100.0,40.2,29.9,2.1,19.0,13.9,10.4,7.7,7.3,8.3,5.0,14.2,96.4,97.0,3.6,3.0,100.0,0.0,0.0,0.0,0.0,0.0,0.0,0.0,0.0,0.0,0.0,0.0,0.0,0.0,0.0,0.0,128,38.0,38.0,4.0,18.0,20.0,13.0,14.0,18.0,20,15.0,28,115,113,128,38.0,38.0,4.0,18.0,20.0,13.0,14.0,18.0,20,15.0,28,115,113,0,0,0,0,0,0,0,0,0,0,0,0,0,0,17.9,31.0,30.8,44.3,13.6,20.3,20.3,28.9,17.9,31.0,30.8,44.3,13.6,20.3,20.3,28.9,0.0,0.0,0.0,0.0,0.0,0.0,0.0,0.0,"(CONTRACTS OF 1,000 BARRELS)",N10,CRUDE OIL,PETROLEUM AND PRODUCTS,NATURAL RESOURCES,FutOnly
150512067411F,"CRUDE OIL, LIGHT SWEET-WTI - ICE FUTURES EUROPE",2015-05-12T00:00:00.000,2015 Report Week 19,"CRUDE OIL, LIGHT SWEET-WTI",67411,ICEU,NYC,67,CRUDE OIL,428478,165443,127063,19788,81036,58090,39237,31661,32069,35017,24999,61717,411361,416635,17117,11843,428478,165443,127063,19788,81036,58090,39237,31661,32069,35017,24999,61717,411361,416635,17117,11843,0,0,0,0,0,0,0,0,0,0,0,0,0,0,0,0,-20724.0,-7653.0,-15643.0,-4043.0,-2934.0,2610.0,-3959.0,2325.0,389.0,-505.0,-2025.0,-4587.0,-17748.0,-19865.0,-2976.0,-859.0,100.0,38.6,29.7,4.6,18.9,13.6,9.2,7.4,7.5,8.2,5.8,14.4,96.0,97.2,4.0,2.8,100.0,38.6,29.7,4.6,18.9,13.6,9.2,7.4,7.5,8.2,5.8,14.4,96.0,97.2,4.0,2.8,100.0,0.0,0.0,0.0,0.0,0.0,0.0,0.0,0.0,0.0,0.0,0.0,0.0,0.0,0.0,0.0,132,43.0,42.0,6.0,16.0,21.0,13.0,12.0,18.0,16,18.0,27,118,117,132,43.0,42.0,6.0,16.0,21.0,13.0,12.0,18.0,16,18.0,27,118,117,0,0,0,0,0,0,0,0,0,0,0,0,0,0,16.5,29.7,29.2,41.8,12.3,21.8,19.1,29.3,16.5,29.7,29.2,41.8,12.3,21.8,19.1,29.3,0.0,0.0,0.0,0.0,0.0,0.0,0.0,0.0,"(CONTRACTS OF 1,000 BARRELS)",N10,CRUDE OIL,PETROLEUM AND PRODUCTS,NATURAL RESOURCES,FutOnly
150505067411F,"CRUDE OIL, LIGHT SWEET-WTI - ICE FUTURES EUROPE",2015-05-05T00:00:00.000,2015 Report Week 18,"CRUDE OIL, LIGHT SWEET-WTI",67411,ICEU,NYC,67,CRUDE OIL,449202,173096,142706,23831,83970,55480,43196,29336,31680,35522,27024,66304,429109,436500,20093,12702,449202,173096,142706,23831,83970,55480,43196,29336,31680,35522,27024,66304,429109,436500,20093,12702,0,0,0,0,0,0,0,0,0,0,0,0,0,0,0,0,6418.0,1508.0,-2333.0,-758.0,-1862.0,3842.0,3073.0,266.0,469.0,-2695.0,6510.0,-77.0,5362.0,6815.0,1056.0,-397.0,100.0,38.5,31.8,5.3,18.7,12.4,9.6,6.5,7.1,7.9,6.0,14.8,95.5,97.2,4.5,2.8,100.0,38.5,31.8,5.3,18.7,12.4,9.6,6.5,7.1,7.9,6.0,14.8,95.5,97.2,4.5,2.8,100.0,0.0,0.0,0.0,0.0,0.0,0.0,0.0,0.0,0.0,0.0,0.0,0.0,0.0,0.0,0.0,133,45.0,41.0,6.0,16.0,21.0,14.0,12.0,17.0,17,17.0,27,121,115,133,45.0,41.0,6.0,16.0,21.0,14.0,12.0,17.0,17,17.0,27,121,115,0,0,0,0,0,0,0,0,0,0,0,0,0,0,17.6,30.7,29.7,42.4,12.9,22.8,20.1,30.4,17.6,30.7,29.7,42.4,12.9,22.8,20.1,30.4,0.0,0.0,0.0,0.0,0.0,0.0,0.0,0.0,"(CONTRACTS OF 1,000 BARRELS)",N10,CRUDE OIL,PETROLEUM AND PRODUCTS,NATURAL RESOURCES,FutOnly
150428067411F,"CRUDE OIL, LIGHT SWEET-WTI - ICE FUTURES EUROPE",2015-04-28T00:00:00.000,2015 Report Week 17,"CRUDE OIL, LIGHT SWEET-WTI",67411,ICEU,NYC,67,CRUDE OIL,442784,171588,145039,24589,85832,51638,40123,29070,31211,38217,20514,66381,423747,429685,19037,13099,442784,171588,145039,24589,85832,51638,40123,29070,31211,38217,20514,66381,423747,429685,19037,13099,0,0,0,0,0,0,0,0,0,0,0,0,0,0,0,0,2032.0,7486.0,6615.0,2951.0,-185.0,-201.0,-3272.0,-965.0,-5209.0,-3704.0,-58.0,559.0,-1390.0,556.0,3422.0,1476.0,100.0,38.8,32.8,5.6,19.4,11.7,9.1,6.6,7.0,8.6,4.6,15.0,95.7,97.0,4.3,3.0,100.0,38.8,32.8,5.6,19.4,11.7,9.1,6.6,7.0,8.6,4.6,15.0,95.7,97.0,4.3,3.0,100.0,0.0,0.0,0.0,0.0,0.0,0.0,0.0,0.0,0.0,0.0,0.0,0.0,0.0,0.0,0.0,127,40.0,39.0,5.0,16.0,20.0,14.0,10.0,16.0,19,16.0,27,112,112,127,40.0,39.0,5.0,16.0,20.0,14.0,10.0,16.0,19,16.0,27,112,112,0,0,0,0,0,0,0,0,0,0,0,0,0,0,18.6,29.9,31.5,42.2,12.4,22.7,19.7,30.3,18.6,29.9,31.5,42.2,12.4,22.7,19.7,30.3,0.0,0.0,0.0,0.0,0.0,0.0,0.0,0.0,"(CONTRACTS OF 1,000 BARRELS)",N10,CRUDE OIL,PETROLEUM AND PRODUCTS,NATURAL RESOURCES,FutOnly
150421067411F,"CRUDE OIL, LIGHT SWEET-WTI - ICE FUTURES EUROPE",2015-04-21T00:00:00.000,2015 Report Week 16,"CRUDE OIL, LIGHT SWEET-WTI",67411,ICEU,NYC,67,CRUDE OIL,440752,164102,138424,21638,86017,51839,43395,30035,36420,41921,20572,65822,425137,429129,15615,11623,440752,164102,138424,21638,86017,51839,43395,30035,36420,41921,20572,65822,425137,429129,15615,11623,0,0,0,0,0,0,0,0,0,0,0,0,0,0,0,0,-23379.0,-15732.0,-3172.0,1250.0,-3661.0,-491.0,1945.0,-3195.0,-3466.0,-4233.0,-5130.0,-2938.0,-23665.0,-22053.0,286.0,-1326.0,100.0,37.2,31.4,4.9,19.5,11.8,9.8,6.8,8.3,9.5,4.7,14.9,96.5,97.4,3.5,2.6,100.0,37.2,31.4,4.9,19.5,11.8,9.8,6.8,8.3,9.5,4.7,14.9,96.5,97.4,3.5,2.6,100.0,0.0,0.0,0.0,0.0,0.0,0.0,0.0,0.0,0.0,0.0,0.0,0.0,0.0,0.0,0.0,131,43.0,41.0,5.0,17.0,20.0,14.0,10.0,17.0,19,17.0,28,117,116,131,43.0,41.0,5.0,17.0,20.0,14.0,10.0,17.0,19,17.0,28,117,116,0,0,0,0,0,0,0,0,0,0,0,0,0,0,20.6,29.7,33.3,41.7,14.4,23.4,22.0,31.3,20.6,29.7,33.3,41.7,14.4,23.4,22.0,31.3,0.0,0.0,0.0,0.0,0.0,0.0,0.0,0.0,"(CONTRACTS OF 1,000 BARRELS)",N10,CRUDE OIL,PETROLEUM AND PRODUCTS,NATURAL RESOURCES,FutOnly
150414067411F,"CRUDE OIL, LIGHT SWEET-WTI - ICE FUTURES EUROPE",2015-04-14T00:00:00.000,2015 Report Week 15,"CRUDE OIL, LIGHT SWEET-WTI",67411,ICEU,NYC,67,CRUDE OIL,464131,179834,141596,20388,89678,52330,41450,33230,39886,46154,25702,68760,448802,451182,15329,12949,464131,179834,141596,20388,89678,52330,41450,33230,39886,46154,25702,68760,448802,451182,15329,12949,0,0,0,0,0,0,0,0,0,0,0,0,0,0,0,0,3131.0,16972.0,7253.0,-751.0,2424.0,-8148.0,-6185.0,1889.0,3135.0,3087.0,2077.0,-5219.0,2891.0,3411.0,240.0,-280.0,100.0,38.7,30.5,4.4,19.3,11.3,8.9,7.2,8.6,9.9,5.5,14.8,96.7,97.2,3.3,2.8,100.0,38.7,30.5,4.4,19.3,11.3,8.9,7.2,8.6,9.9,5.5,14.8,96.7,97.2,3.3,2.8,100.0,0.0,0.0,0.0,0.0,0.0,0.0,0.0,0.0,0.0,0.0,0.0,0.0,0.0,0.0,0.0,138,44.0,43.0,6.0,17.0,20.0,14.0,13.0,18.0,21,18.0,31,123,123,138,44.0,43.0,6.0,17.0,20.0,14.0,13.0,18.0,21,18.0,31,123,123,0,0,0,0,0,0,0,0,0,0,0,0,0,0,22.1,28.1,34.8,40.1,14.6,20.8,21.9,28.4,22.1,28.1,34.8,40.1,14.6,20.8,21.9,28.4,0.0,0.0,0.0,0.0,0.0,0.0,0.0,0.0,"(CONTRACTS OF 1,000 BARRELS)",N10,CRUDE OIL,PETROLEUM AND PRODUCTS,NATURAL RESOURCES,FutOnly
150407067411F,"CRUDE OIL, LIGHT SWEET-WTI - ICE FUTURES EUROPE",2015-04-07T00:00:00.000,2015 Report Week 14,"CRUDE OIL, LIGHT SWEET-WTI",67411,ICEU,NYC,67,CRUDE OIL,461000,162862,134343,21139,87254,60478,47635,31341,36751,43067,23625,73979,445911,447771,15089,13229,461000,162862,134343,21139,87254,60478,47635,31341,36751,43067,23625,73979,445911,447771,15089,13229,0,0,0,0,0,0,0,0,0,0,0,0,0,0,0,0,18962.0,-3548.0,9939.0,2494.0,567.0,-204.0,1345.0,-2200.0,3944.0,9964.0,2539.0,3955.0,17950.0,18540.0,1012.0,422.0,100.0,35.3,29.1,4.6,18.9,13.1,10.3,6.8,8.0,9.3,5.1,16.0,96.7,97.1,3.3,2.9,100.0,35.3,29.1,4.6,18.9,13.1,10.3,6.8,8.0,9.3,5.1,16.0,96.7,97.1,3.3,2.9,100.0,0.0,0.0,0.0,0.0,0.0,0.0,0.0,0.0,0.0,0.0,0.0,0.0,0.0,0.0,0.0,138,46.0,44.0,5.0,17.0,20.0,13.0,15.0,19.0,20,17.0,28,122,124,138,46.0,44.0,5.0,17.0,20.0,13.0,15.0,19.0,20,17.0,28,122,124,0,0,0,0,0,0,0,0,0,0,0,0,0,0,21.8,29.4,33.7,41.9,12.4,21.2,20.1,28.7,21.8,29.4,33.7,41.9,12.4,21.2,20.1,28.7,0.0,0.0,0.0,0.0,0.0,0.0,0.0,0.0,"(CONTRACTS OF 1,000 BARRELS)",N10,CRUDE OIL,PETROLEUM AND PRODUCTS,NATURAL RESOURCES,FutOnly
150331067411F,"CRUDE OIL, LIGHT SWEET-WTI - ICE FUTURES EUROPE",2015-03-31T00:00:00.000,2015 Report Week 13,"CRUDE OIL, LIGHT SWEET-WTI",67411,ICEU,NYC,67,CRUDE OIL,442038,166410,124404,18645,86687,60682,46290,33541,32807,33103,21086,70024,427961,429231,14077,12807,442038,166410,124404,18645,86687,60682,46290,33541,32807,33103,21086,70024,427961,429231,14077,12807,0,0,0,0,0,0,0,0,0,0,0,0,0,0,0,0,10160.0,16491.0,3438.0,-3864.0,-1085.0,8777.0,-3158.0,10433.0,-5992.0,6314.0,2093.0,-7038.0,11530.0,10626.0,-1370.0,-466.0,100.0,37.6,28.1,4.2,19.6,13.7,10.5,7.6,7.4,7.5,4.8,15.8,96.8,97.1,3.2,2.9,100.0,37.6,28.1,4.2,19.6,13.7,10.5,7.6,7.4,7.5,4.8,15.8,96.8,97.1,3.2,2.9,100.0,0.0,0.0,0.0,0.0,0.0,0.0,0.0,0.0,0.0,0.0,0.0,0.0,0.0,0.0,0.0,132,46.0,42.0,5.0,17.0,20.0,13.0,13.0,18.0,18,16.0,28,120,118,132,46.0,42.0,5.0,17.0,20.0,13.0,13.0,18.0,18,16.0,28,120,118,0,0,0,0,0,0,0,0,0,0,0,0,0,0,20.3,27.1,32.9,40.9,12.7,19.0,19.9,27.7,20.3,27.1,32.9,40.9,12.7,19.0,19.9,27.7,0.0,0.0,0.0,0.0,0.0,0.0,0.0,0.0,"(CONTRACTS OF 1,000 BARRELS)",N10,CRUDE OIL,PETROLEUM AND PRODUCTS,NATURAL RESOURCES,FutOnly
150324067411F,"CRUDE OIL, LIGHT SWEET-WTI - ICE FUTURES EUROPE",2015-03-24T00:00:00.000,2015 Report Week 12,"CRUDE OIL, LIGHT SWEET-WTI",67411,ICEU,NYC,67,CRUDE OIL,431878,149919,120966,22509,87772,51905,49448,23108,38799,26789,18993,77062,416431,418605,15447,13273,431878,149919,120966,22509,87772,51905,49448,23108,38799,26789,18993,77062,416431,418605,15447,13273,0,0,0,0,0,0,0,0,0,0,0,0,0,0,0,0,-19447.0,-10183.0,-6071.0,608.0,1310.0,-3081.0,85.0,134.0,-6182.0,2463.0,-3702.0,-3860.0,-20150.0,-21452.0,703.0,2005.0,100.0,34.7,28.0,5.2,20.3,12.0,11.4,5.4,9.0,6.2,4.4,17.8,96.4,96.9,3.6,3.1,100.0,34.7,28.0,5.2,20.3,12.0,11.4,5.4,9.0,6.2,4.4,17.8,96.4,96.9,3.6,3.1,100.0,0.0,0.0,0.0,0.0,0.0,0.0,0.0,0.0,0.0,0.0,0.0,0.0,0.0,0.0,0.0,130,46.0,41.0,6.0,16.0,20.0,13.0,14.0,18.0,15,16.0,26,118,115,130,46.0,41.0,6.0,16.0,20.0,13.0,14.0,18.0,15,16.0,26,118,115,0,0,0,0,0,0,0,0,0,0,0,0,0,0,20.3,28.4,33.1,40.4,12.1,19.2,19.9,26.4,20.3,28.4,33.1,40.4,12.1,19.2,19.9,26.4,0.0,0.0,0.0,0.0,0.0,0.0,0.0,0.0,"(CONTRACTS OF 1,000 BARRELS)",N10,CRUDE OIL,PETROLEUM AND PRODUCTS,NATURAL RESOURCES,FutOnly
150317067411F,"CRUDE OIL, LIGHT SWEET-WTI - ICE FUTURES EUROPE",2015-03-17T00:00:00.000,2015 Report Week 11,"CRUDE OIL, LIGHT SWEET-WTI",67411,ICEU,NYC,67,CRUDE OIL,451325,160102,127037,21901,86462,54986,49363,22974,44981,24326,22695,80922,436581,440057,14744,11268,451325,160102,127037,21901,86462,54986,49363,22974,44981,24326,22695,80922,436581,440057,14744,11268,0,0,0,0,0,0,0,0,0,0,0,0,0,0,0,0,12838.0,5980.0,12757.0,-1364.0,-5331.0,2398.0,-675.0,283.0,-66.0,-814.0,-4783.0,7985.0,13444.0,13243.0,-606.0,-405.0,100.0,35.5,28.1,4.9,19.2,12.2,10.9,5.1,10.0,5.4,5.0,17.9,96.7,97.5,3.3,2.5,100.0,35.5,28.1,4.9,19.2,12.2,10.9,5.1,10.0,5.4,5.0,17.9,96.7,97.5,3.3,2.5,100.0,0.0,0.0,0.0,0.0,0.0,0.0,0.0,0.0,0.0,0.0,0.0,0.0,0.0,0.0,0.0,130,47.0,41.0,6.0,15.0,21.0,15.0,12.0,21.0,15,15.0,29,124,117,130,47.0,41.0,6.0,15.0,21.0,15.0,12.0,21.0,15,15.0,29,124,117,0,0,0,0,0,0,0,0,0,0,0,0,0,0,20.2,28.9,32.7,41.5,11.3,17.9,18.8,25.2,20.2,28.9,32.7,41.5,11.3,17.9,18.8,25.2,0.0,0.0,0.0,0.0,0.0,0.0,0.0,0.0,"(CONTRACTS OF 1,000 BARRELS)",N10,CRUDE OIL,PETROLEUM AND PRODUCTS,NATURAL RESOURCES,FutOnly
150310067411F,"CRUDE OIL, LIGHT SWEET-WTI - ICE FUTURES EUROPE",2015-03-10T00:00:00.000,2015 Report Week 10,"CRUDE OIL, LIGHT SWEET-WTI",67411,ICEU,NYC,67,CRUDE OIL,438487,154122,114280,23265,91793,52588,50038,22691,45047,25140,27478,72937,423137,426814,15350,11673,438487,154122,114280,23265,91793,52588,50038,22691,45047,25140,27478,72937,423137,426814,15350,11673,0,0,0,0,0,0,0,0,0,0,0,0,0,0,0,0,-3893.0,-9604.0,-6262.0,-6980.0,1143.0,4902.0,-2374.0,-521.0,4066.0,-1261.0,-13268.0,7846.0,-3405.0,-2094.0,-488.0,-1799.0,100.0,35.1,26.1,5.3,20.9,12.0,11.4,5.2,10.3,5.7,6.3,16.6,96.5,97.3,3.5,2.7,100.0,35.1,26.1,5.3,20.9,12.0,11.4,5.2,10.3,5.7,6.3,16.6,96.5,97.3,3.5,2.7,100.0,0.0,0.0,0.0,0.0,0.0,0.0,0.0,0.0,0.0,0.0,0.0,0.0,0.0,0.0,0.0,131,41.0,37.0,5.0,18.0,22.0,15.0,14.0,22.0,19,16.0,32,124,119,131,41.0,37.0,5.0,18.0,22.0,15.0,14.0,22.0,19,16.0,32,124,119,0,0,0,0,0,0,0,0,0,0,0,0,0,0,18.4,28.1,31.7,41.6,11.8,19.6,19.4,27.1,18.4,28.1,31.7,41.6,11.8,19.6,19.4,27.1,0.0,0.0,0.0,0.0,0.0,0.0,0.0,0.0,"(CONTRACTS OF 1,000 BARRELS)",N10,CRUDE OIL,PETROLEUM AND PRODUCTS,NATURAL RESOURCES,FutOnly
150303067411F,"CRUDE OIL, LIGHT SWEET-WTI - ICE FUTURES EUROPE",2015-03-03T00:00:00.000,2015 Report Week 09,"CRUDE OIL, LIGHT SWEET-WTI",67411,ICEU,NYC,67,CRUDE OIL,442380,163726,120542,30245,90650,47686,52412,23212,40981,26401,40746,65091,426542,428908,15838,13472,442380,163726,120542,30245,90650,47686,52412,23212,40981,26401,40746,65091,426542,428908,15838,13472,0,0,0,0,0,0,0,0,0,0,0,0,0,0,0,0,-7929.0,9794.0,-11379.0,78.0,-1504.0,1639.0,-2043.0,3436.0,-4044.0,-5128.0,12717.0,-8365.0,-8069.0,-7500.0,140.0,-429.0,100.0,37.0,27.2,6.8,20.5,10.8,11.8,5.2,9.3,6.0,9.2,14.7,96.4,97.0,3.6,3.0,100.0,37.0,27.2,6.8,20.5,10.8,11.8,5.2,9.3,6.0,9.2,14.7,96.4,97.0,3.6,3.0,100.0,0.0,0.0,0.0,0.0,0.0,0.0,0.0,0.0,0.0,0.0,0.0,0.0,0.0,0.0,0.0,126,43.0,39.0,7.0,14.0,19.0,16.0,10.0,20.0,16,17.0,29,118,113,126,43.0,39.0,7.0,14.0,19.0,16.0,10.0,20.0,16,17.0,29,118,113,0,0,0,0,0,0,0,0,0,0,0,0,0,0,18.5,29.3,31.6,42.2,13.2,20.2,21.6,29.3,18.5,29.3,31.6,42.2,13.2,20.2,21.6,29.3,0.0,0.0,0.0,0.0,0.0,0.0,0.0,0.0,"(CONTRACTS OF 1,000 BARRELS)",N10,CRUDE OIL,PETROLEUM AND PRODUCTS,NATURAL RESOURCES,FutOnly
150224067411F,"CRUDE OIL, LIGHT SWEET-WTI - ICE FUTURES EUROPE",2015-02-24T00:00:00.000,2015 Report Week 08,"CRUDE OIL, LIGHT SWEET-WTI",67411,ICEU,NYC,67,CRUDE OIL,450309,153932,131921,30167,92154,46047,54455,19776,45025,31529,28029,73456,434611,436408,15698,13901,450309,153932,131921,30167,92154,46047,54455,19776,45025,31529,28029,73456,434611,436408,15698,13901,0,0,0,0,0,0,0,0,0,0,0,0,0,0,0,0,-2566.0,4318.0,8005.0,1914.0,-1207.0,-7328.0,3000.0,1129.0,-3632.0,4442.0,4837.0,-5628.0,-2914.0,-3824.0,348.0,1258.0,100.0,34.2,29.3,6.7,20.5,10.2,12.1,4.4,10.0,7.0,6.2,16.3,96.5,96.9,3.5,3.1,100.0,34.2,29.3,6.7,20.5,10.2,12.1,4.4,10.0,7.0,6.2,16.3,96.5,96.9,3.5,3.1,100.0,0.0,0.0,0.0,0.0,0.0,0.0,0.0,0.0,0.0,0.0,0.0,0.0,0.0,0.0,0.0,131,44.0,42.0,7.0,16.0,21.0,18.0,9.0,19.0,18,15.0,28,119,119,131,44.0,42.0,7.0,16.0,21.0,18.0,9.0,19.0,18,15.0,28,119,119,0,0,0,0,0,0,0,0,0,0,0,0,0,0,19.8,26.6,32.3,39.8,11.8,18.9,20.2,25.6,19.8,26.6,32.3,39.8,11.8,18.9,20.2,25.6,0.0,0.0,0.0,0.0,0.0,0.0,0.0,0.0,"(CONTRACTS OF 1,000 BARRELS)",N10,CRUDE OIL,PETROLEUM AND PRODUCTS,NATURAL RESOURCES,FutOnly
150217067411F,"CRUDE OIL, LIGHT SWEET-WTI - ICE FUTURES EUROPE",2015-02-17T00:00:00.000,2015 Report Week 07,"CRUDE OIL, LIGHT SWEET-WTI",67411,ICEU,NYC,67,CRUDE OIL,452875,149614,123916,28253,93361,53375,51455,18647,48657,27087,23192,79084,437525,440232,15350,12643,452875,149614,123916,28253,93361,53375,51455,18647,48657,27087,23192,79084,437525,440232,15350,12643,0,0,0,0,0,0,0,0,0,0,0,0,0,0,0,0,-10662.0,-1925.0,-1052.0,-4733.0,6275.0,-1337.0,7373.0,-4260.0,-3153.0,-6787.0,-5705.0,-1686.0,-12248.0,-10918.0,1586.0,256.0,100.0,33.0,27.4,6.2,20.6,11.8,11.4,4.1,10.7,6.0,5.1,17.5,96.6,97.2,3.4,2.8,100.0,33.0,27.4,6.2,20.6,11.8,11.4,4.1,10.7,6.0,5.1,17.5,96.6,97.2,3.4,2.8,100.0,0.0,0.0,0.0,0.0,0.0,0.0,0.0,0.0,0.0,0.0,0.0,0.0,0.0,0.0,0.0,131,46.0,41.0,9.0,13.0,21.0,19.0,9.0,21.0,22,10.0,28,124,117,131,46.0,41.0,9.0,13.0,21.0,19.0,9.0,21.0,22,10.0,28,124,117,0,0,0,0,0,0,0,0,0,0,0,0,0,0,18.5,25.9,30.7,38.3,11.7,18.4,18.8,24.9,18.5,25.9,30.7,38.3,11.7,18.4,18.8,24.9,0.0,0.0,0.0,0.0,0.0,0.0,0.0,0.0,"(CONTRACTS OF 1,000 BARRELS)",N10,CRUDE OIL,PETROLEUM AND PRODUCTS,NATURAL RESOURCES,FutOnly
150210067411F,"CRUDE OIL, LIGHT SWEET-WTI - ICE FUTURES EUROPE",2015-02-10T00:00:00.000,2015 Report Week 06,"CRUDE OIL, LIGHT SWEET-WTI",67411,ICEU,NYC,67,CRUDE OIL,463537,151539,124968,32986,87086,54712,44082,22907,51810,33874,28897,80770,449773,451150,13764,12387,463537,151539,124968,32986,87086,54712,44082,22907,51810,33874,28897,80770,449773,451150,13764,12387,0,0,0,0,0,0,0,0,0,0,0,0,0,0,0,0,-92.0,3745.0,-1854.0,-7617.0,-4820.0,3716.0,3344.0,-2733.0,5400.0,-618.0,6429.0,-5290.0,2680.0,848.0,-2772.0,-940.0,100.0,32.7,27.0,7.1,18.8,11.8,9.5,4.9,11.2,7.3,6.2,17.4,97.0,97.3,3.0,2.7,100.0,32.7,27.0,7.1,18.8,11.8,9.5,4.9,11.2,7.3,6.2,17.4,97.0,97.3,3.0,2.7,100.0,0.0,0.0,0.0,0.0,0.0,0.0,0.0,0.0,0.0,0.0,0.0,0.0,0.0,0.0,0.0,133,46.0,42.0,8.0,15.0,22.0,15.0,12.0,20.0,20,13.0,31,125,121,133,46.0,42.0,8.0,15.0,22.0,15.0,12.0,20.0,20,13.0,31,125,121,0,0,0,0,0,0,0,0,0,0,0,0,0,0,19.6,27.3,32.1,39.7,11.0,16.5,17.3,23.3,19.6,27.3,32.1,39.7,11.0,16.5,17.3,23.3,0.0,0.0,0.0,0.0,0.0,0.0,0.0,0.0,"(CONTRACTS OF 1,000 BARRELS)",N10,CRUDE OIL,PETROLEUM AND PRODUCTS,NATURAL RESOURCES,FutOnly
150203067411F,"CRUDE OIL, LIGHT SWEET-WTI - ICE FUTURES EUROPE",2015-02-03T00:00:00.000,2015 Report Week 05,"CRUDE OIL, LIGHT SWEET-WTI",67411,ICEU,NYC,67,CRUDE OIL,463629,147794,126822,40603,91906,50996,40738,25640,46410,34492,22468,86060,447093,450302,16536,13327,463629,147794,126822,40603,91906,50996,40738,25640,46410,34492,22468,86060,447093,450302,16536,13327,0,0,0,0,0,0,0,0,0,0,0,0,0,0,0,0,15933.0,10750.0,-1650.0,-3761.0,-3792.0,1213.0,1753.0,3111.0,5278.0,-9614.0,3701.0,13102.0,18721.0,20963.0,-2788.0,-5030.0,100.0,31.9,27.4,8.8,19.8,11.0,8.8,5.5,10.0,7.4,4.8,18.6,96.4,97.1,3.6,2.9,100.0,31.9,27.4,8.8,19.8,11.0,8.8,5.5,10.0,7.4,4.8,18.6,96.4,97.1,3.6,2.9,100.0,0.0,0.0,0.0,0.0,0.0,0.0,0.0,0.0,0.0,0.0,0.0,0.0,0.0,0.0,0.0,132,47.0,44.0,7.0,15.0,21.0,14.0,14.0,19.0,21,11.0,28,122,120,132,47.0,44.0,7.0,15.0,21.0,14.0,14.0,19.0,21,11.0,28,122,120,0,0,0,0,0,0,0,0,0,0,0,0,0,0,24.6,28.9,36.8,40.8,11.4,17.1,17.6,24.2,24.6,28.9,36.8,40.8,11.4,17.1,17.6,24.2,0.0,0.0,0.0,0.0,0.0,0.0,0.0,0.0,"(CONTRACTS OF 1,000 BARRELS)",N10,CRUDE OIL,PETROLEUM AND PRODUCTS,NATURAL RESOURCES,FutOnly
150127067411F,"CRUDE OIL, LIGHT SWEET-WTI - ICE FUTURES EUROPE",2015-01-27T00:00:00.000,2015 Report Week 04,"CRUDE OIL, LIGHT SWEET-WTI",67411,ICEU,NYC,67,CRUDE OIL,447696,137044,128472,44364,95698,49783,38985,22529,41132,44106,18767,72958,428372,429339,19324,18357,447696,137044,128472,44364,95698,49783,38985,22529,41132,44106,18767,72958,428372,429339,19324,18357,0,0,0,0,0,0,0,0,0,0,0,0,0,0,0,0,20199.0,6578.0,6310.0,4678.0,1871.0,840.0,3557.0,-2294.0,4782.0,-5303.0,2519.0,3391.0,18523.0,17419.0,1676.0,2780.0,100.0,30.6,28.7,9.9,21.4,11.1,8.7,5.0,9.2,9.9,4.2,16.3,95.7,95.9,4.3,4.1,100.0,30.6,28.7,9.9,21.4,11.1,8.7,5.0,9.2,9.9,4.2,16.3,95.7,95.9,4.3,4.1,100.0,0.0,0.0,0.0,0.0,0.0,0.0,0.0,0.0,0.0,0.0,0.0,0.0,0.0,0.0,0.0,123,39.0,39.0,6.0,14.0,19.0,12.0,13.0,18.0,21,11.0,30,113,113,123,39.0,39.0,6.0,14.0,19.0,12.0,13.0,18.0,21,11.0,30,113,113,0,0,0,0,0,0,0,0,0,0,0,0,0,0,24.8,28.9,37.5,41.4,12.7,20.8,19.7,27.9,24.8,28.9,37.5,41.4,12.7,20.8,19.7,27.9,0.0,0.0,0.0,0.0,0.0,0.0,0.0,0.0,"(CONTRACTS OF 1,000 BARRELS)",N10,CRUDE OIL,PETROLEUM AND PRODUCTS,NATURAL RESOURCES,FutOnly
150120067411F,"CRUDE OIL, LIGHT SWEET-WTI - ICE FUTURES EUROPE",2015-01-20T00:00:00.000,2015 Report Week 03,"CRUDE OIL, LIGHT SWEET-WTI",67411,ICEU,NYC,67,CRUDE OIL,427497,130466,122162,39686,93827,48943,35428,24823,36350,49409,16248,69567,409849,411920,17648,15577,427497,130466,122162,39686,93827,48943,35428,24823,36350,49409,16248,69567,409849,411920,17648,15577,0,0,0,0,0,0,0,0,0,0,0,0,0,0,0,0,-16240.0,-4158.0,-997.0,4018.0,-3904.0,-3603.0,2436.0,-98.0,-2668.0,-4762.0,3783.0,-6789.0,-15526.0,-14276.0,-714.0,-1964.0,100.0,30.5,28.6,9.3,21.9,11.4,8.3,5.8,8.5,11.6,3.8,16.3,95.9,96.4,4.1,3.6,100.0,30.5,28.6,9.3,21.9,11.4,8.3,5.8,8.5,11.6,3.8,16.3,95.9,96.4,4.1,3.6,100.0,0.0,0.0,0.0,0.0,0.0,0.0,0.0,0.0,0.0,0.0,0.0,0.0,0.0,0.0,0.0,124,41.0,38.0,7.0,14.0,19.0,13.0,13.0,16.0,23,11.0,28,114,109,124,41.0,38.0,7.0,14.0,19.0,13.0,13.0,16.0,23,11.0,28,114,109,0,0,0,0,0,0,0,0,0,0,0,0,0,0,24.5,29.9,37.7,42.5,12.5,22.9,19.8,29.8,24.5,29.9,37.7,42.5,12.5,22.9,19.8,29.8,0.0,0.0,0.0,0.0,0.0,0.0,0.0,0.0,"(CONTRACTS OF 1,000 BARRELS)",N10,CRUDE OIL,PETROLEUM AND PRODUCTS,NATURAL RESOURCES,FutOnly
150113067411F,"CRUDE OIL, LIGHT SWEET-WTI - ICE FUTURES EUROPE",2015-01-13T00:00:00.000,2015 Report Week 02,"CRUDE OIL, LIGHT SWEET-WTI",67411,ICEU,NYC,67,CRUDE OIL,443737,134624,123159,35668,97731,52546,32992,24921,39018,54171,12465,76356,425375,426196,18362,17541,443737,134624,123159,35668,97731,52546,32992,24921,39018,54171,12465,76356,425375,426196,18362,17541,0,0,0,0,0,0,0,0,0,0,0,0,0,0,0,0,16295.0,-2816.0,18088.0,7813.0,71.0,-3853.0,6185.0,-371.0,1671.0,6423.0,-3829.0,-58.0,15365.0,11719.0,930.0,4576.0,100.0,30.3,27.8,8.0,22.0,11.8,7.4,5.6,8.8,12.2,2.8,17.2,95.9,96.0,4.1,4.0,100.0,30.3,27.8,8.0,22.0,11.8,7.4,5.6,8.8,12.2,2.8,17.2,95.9,96.0,4.1,4.0,100.0,0.0,0.0,0.0,0.0,0.0,0.0,0.0,0.0,0.0,0.0,0.0,0.0,0.0,0.0,0.0,127,40.0,35.0,6.0,15.0,19.0,13.0,14.0,20.0,23,11.0,33,119,114,127,40.0,35.0,6.0,15.0,19.0,13.0,14.0,20.0,23,11.0,33,119,114,0,0,0,0,0,0,0,0,0,0,0,0,0,0,24.3,28.7,36.7,41.5,13.1,21.8,20.0,28.6,24.3,28.7,36.7,41.5,13.1,21.8,20.0,28.6,0.0,0.0,0.0,0.0,0.0,0.0,0.0,0.0,"(CONTRACTS OF 1,000 BARRELS)",N10,CRUDE OIL,PETROLEUM AND PRODUCTS,NATURAL RESOURCES,FutOnly
150106067411F,"CRUDE OIL, LIGHT SWEET-WTI - ICE FUTURES EUROPE",2015-01-06T00:00:00.000,2015 Report Week 01,"CRUDE OIL, LIGHT SWEET-WTI",67411,ICEU,NYC,67,CRUDE OIL,427442,137440,105071,27855,97660,56399,26807,25292,37347,47748,16294,76414,410010,414477,17432,12965,427442,137440,105071,27855,97660,56399,26807,25292,37347,47748,16294,76414,410010,414477,17432,12965,0,0,0,0,0,0,0,0,0,0,0,0,0,0,0,0,5932.0,-848.0,1091.0,-940.0,8174.0,-587.0,2997.0,-1783.0,-2208.0,5813.0,-2046.0,1590.0,5817.0,4231.0,115.0,1701.0,100.0,32.2,24.6,6.5,22.8,13.2,6.3,5.9,8.7,11.2,3.8,17.9,95.9,97.0,4.1,3.0,100.0,32.2,24.6,6.5,22.8,13.2,6.3,5.9,8.7,11.2,3.8,17.9,95.9,97.0,4.1,3.0,100.0,0.0,0.0,0.0,0.0,0.0,0.0,0.0,0.0,0.0,0.0,0.0,0.0,0.0,0.0,0.0,123,36.0,34.0,7.0,15.0,18.0,14.0,9.0,19.0,21,18.0,30,111,110,123,36.0,34.0,7.0,15.0,18.0,14.0,9.0,19.0,21,18.0,30,111,110,0,0,0,0,0,0,0,0,0,0,0,0,0,0,25.8,29.1,38.5,44.4,11.1,20.1,18.6,26.6,25.8,29.1,38.5,44.4,11.1,20.1,18.6,26.6,0.0,0.0,0.0,0.0,0.0,0.0,0.0,0.0,"(CONTRACTS OF 1,000 BARRELS)",N10,CRUDE OIL,PETROLEUM AND PRODUCTS,NATURAL RESOURCES,FutOnly
141230067411F,"CRUDE OIL, LIGHT SWEET-WTI - ICE FUTURES EUROPE",2014-12-30T00:00:00.000,2014 Report Week 52,"CRUDE OIL, LIGHT SWEET-WTI",67411,ICEU,NYC,67,CRUDE OIL,421510,138288,103980,28795,89486,56986,23810,27075,39555,41935,18340,74824,404193,410246,17317,11264,421510,138288,103980,28795,89486,56986,23810,27075,39555,41935,18340,74824,404193,410246,17317,11264,0,0,0,0,0,0,0,0,0,0,0,0,0,0,0,0,4042.0,-5774.0,1802.0,992.0,-1677.0,2801.0,1186.0,-563.0,-1515.0,5435.0,1205.0,234.0,3359.0,2287.0,683.0,1755.0,100.0,32.8,24.7,6.8,21.2,13.5,5.6,6.4,9.4,9.9,4.4,17.8,95.9,97.3,4.1,2.7,100.0,32.8,24.7,6.8,21.2,13.5,5.6,6.4,9.4,9.9,4.4,17.8,95.9,97.3,4.1,2.7,100.0,0.0,0.0,0.0,0.0,0.0,0.0,0.0,0.0,0.0,0.0,0.0,0.0,0.0,0.0,0.0,116,35.0,32.0,6.0,14.0,17.0,12.0,9.0,16.0,20,15.0,33,109,103,116,35.0,32.0,6.0,14.0,17.0,12.0,9.0,16.0,20,15.0,33,109,103,0,0,0,0,0,0,0,0,0,0,0,0,0,0,23.5,27.4,36.1,43.5,11.1,19.4,19.3,26.3,23.5,27.4,36.1,43.5,11.1,19.4,19.3,26.3,0.0,0.0,0.0,0.0,0.0,0.0,0.0,0.0,"(CONTRACTS OF 1,000 BARRELS)",N10,CRUDE OIL,PETROLEUM AND PRODUCTS,NATURAL RESOURCES,FutOnly
141223067411F,"CRUDE OIL, LIGHT SWEET-WTI - ICE FUTURES EUROPE",2014-12-23T00:00:00.000,2014 Report Week 51,"CRUDE OIL, LIGHT SWEET-WTI",67411,ICEU,NYC,67,CRUDE OIL,417468,144062,102178,27803,91163,54185,22624,27638,41070,36500,17135,74590,400834,407959,16634,9509,417468,144062,102178,27803,91163,54185,22624,27638,41070,36500,17135,74590,400834,407959,16634,9509,0,0,0,0,0,0,0,0,0,0,0,0,0,0,0,0,-31172.0,-2486.0,-12721.0,-3223.0,1860.0,-8352.0,-739.0,-4883.0,4872.0,-20417.0,-6024.0,-947.0,-31292.0,-26195.0,120.0,-4977.0,100.0,34.5,24.5,6.7,21.8,13.0,5.4,6.6,9.8,8.7,4.1,17.9,96.0,97.7,4.0,2.3,100.0,34.5,24.5,6.7,21.8,13.0,5.4,6.6,9.8,8.7,4.1,17.9,96.0,97.7,4.0,2.3,100.0,0.0,0.0,0.0,0.0,0.0,0.0,0.0,0.0,0.0,0.0,0.0,0.0,0.0,0.0,0.0,114,37.0,35.0,6.0,14.0,17.0,11.0,9.0,16.0,19,15.0,29,106,102,114,37.0,35.0,6.0,14.0,17.0,11.0,9.0,16.0,19,15.0,29,106,102,0,0,0,0,0,0,0,0,0,0,0,0,0,0,22.9,28.0,35.9,44.1,11.1,19.9,18.8,27.0,22.9,28.0,35.9,44.1,11.1,19.9,18.8,27.0,0.0,0.0,0.0,0.0,0.0,0.0,0.0,0.0,"(CONTRACTS OF 1,000 BARRELS)",N10,CRUDE OIL,PETROLEUM AND PRODUCTS,NATURAL RESOURCES,FutOnly
141216067411F,"CRUDE OIL, LIGHT SWEET-WTI - ICE FUTURES EUROPE",2014-12-16T00:00:00.000,2014 Report Week 50,"CRUDE OIL, LIGHT SWEET-WTI",67411,ICEU,NYC,67,CRUDE OIL,448640,146548,114899,31026,89303,62537,23363,32521,36198,56917,23159,75537,432126,434154,16514,14486,448640,146548,114899,31026,89303,62537,23363,32521,36198,56917,23159,75537,432126,434154,16514,14486,0,0,0,0,0,0,0,0,0,0,0,0,0,0,0,0,24223.0,-11326.0,3782.0,4884.0,-4776.0,6939.0,370.0,3761.0,702.0,13066.0,4804.0,7461.0,22096.0,22673.0,2127.0,1550.0,100.0,32.7,25.6,6.9,19.9,13.9,5.2,7.2,8.1,12.7,5.2,16.8,96.3,96.8,3.7,3.2,100.0,32.7,25.6,6.9,19.9,13.9,5.2,7.2,8.1,12.7,5.2,16.8,96.3,96.8,3.7,3.2,100.0,0.0,0.0,0.0,0.0,0.0,0.0,0.0,0.0,0.0,0.0,0.0,0.0,0.0,0.0,0.0,119,39.0,36.0,5.0,16.0,17.0,10.0,10.0,18.0,18,16.0,30,111,107,119,39.0,36.0,5.0,16.0,17.0,10.0,10.0,18.0,18,16.0,30,111,107,0,0,0,0,0,0,0,0,0,0,0,0,0,0,25.4,27.5,37.8,43.3,12.0,18.5,20.3,25.0,25.4,27.5,37.8,43.3,12.0,18.5,20.3,25.0,0.0,0.0,0.0,0.0,0.0,0.0,0.0,0.0,"(CONTRACTS OF 1,000 BARRELS)",N10,CRUDE OIL,PETROLEUM AND PRODUCTS,NATURAL RESOURCES,FutOnly
141209067411F,"CRUDE OIL, LIGHT SWEET-WTI - ICE FUTURES EUROPE",2014-12-09T00:00:00.000,2014 Report Week 49,"CRUDE OIL, LIGHT SWEET-WTI",67411,ICEU,NYC,67,CRUDE OIL,424417,157874,111117,26142,94079,55598,22993,28760,35496,43851,18355,68076,410030,411481,14387,12936,424417,157874,111117,26142,94079,55598,22993,28760,35496,43851,18355,68076,410030,411481,14387,12936,0,0,0,0,0,0,0,0,0,0,0,0,0,0,0,0,10831.0,1513.0,8972.0,7606.0,-7186.0,3509.0,-2693.0,-1509.0,1483.0,-6262.0,1128.0,5477.0,10633.0,11874.0,198.0,-1043.0,100.0,37.2,26.2,6.2,22.2,13.1,5.4,6.8,8.4,10.3,4.3,16.0,96.6,97.0,3.4,3.0,100.0,37.2,26.2,6.2,22.2,13.1,5.4,6.8,8.4,10.3,4.3,16.0,96.6,97.0,3.4,3.0,100.0,0.0,0.0,0.0,0.0,0.0,0.0,0.0,0.0,0.0,0.0,0.0,0.0,0.0,0.0,0.0,121,41.0,37.0,5.0,17.0,17.0,11.0,9.0,18.0,18,17.0,30,113,108,121,41.0,37.0,5.0,17.0,17.0,11.0,9.0,18.0,18,17.0,30,113,108,0,0,0,0,0,0,0,0,0,0,0,0,0,0,23.5,26.4,36.3,42.4,11.4,20.9,18.2,25.7,23.5,26.4,36.3,42.4,11.4,20.9,18.2,25.7,0.0,0.0,0.0,0.0,0.0,0.0,0.0,0.0,"(CONTRACTS OF 1,000 BARRELS)",N10,CRUDE OIL,PETROLEUM AND PRODUCTS,NATURAL RESOURCES,FutOnly
141202067411F,"CRUDE OIL, LIGHT SWEET-WTI - ICE FUTURES EUROPE",2014-12-02T00:00:00.000,2014 Report Week 48,"CRUDE OIL, LIGHT SWEET-WTI",67411,ICEU,NYC,67,CRUDE OIL,413586,156361,102145,18536,101265,52089,25686,30269,34013,50113,17227,62599,399397,399607,14189,13979,413586,156361,102145,18536,101265,52089,25686,30269,34013,50113,17227,62599,399397,399607,14189,13979,0,0,0,0,0,0,0,0,0,0,0,0,0,0,0,0,27972.0,18961.0,12244.0,4392.0,-3627.0,2237.0,1910.0,5590.0,-1115.0,-6410.0,2947.0,8267.0,28242.0,26543.0,-270.0,1429.0,100.0,37.8,24.7,4.5,24.5,12.6,6.2,7.3,8.2,12.1,4.2,15.1,96.6,96.6,3.4,3.4,100.0,37.8,24.7,4.5,24.5,12.6,6.2,7.3,8.2,12.1,4.2,15.1,96.6,96.6,3.4,3.4,100.0,0.0,0.0,0.0,0.0,0.0,0.0,0.0,0.0,0.0,0.0,0.0,0.0,0.0,0.0,0.0,124,40.0,38.0,5.0,17.0,18.0,12.0,9.0,17.0,15,20.0,33,113,113,124,40.0,38.0,5.0,17.0,18.0,12.0,9.0,17.0,15,20.0,33,113,113,0,0,0,0,0,0,0,0,0,0,0,0,0,0,23.5,27.5,37.2,43.0,11.8,22.8,19.7,28.1,23.5,27.5,37.2,43.0,11.8,22.8,19.7,28.1,0.0,0.0,0.0,0.0,0.0,0.0,0.0,0.0,"(CONTRACTS OF 1,000 BARRELS)",N10,CRUDE OIL,PETROLEUM AND PRODUCTS,NATURAL RESOURCES,FutOnly
141125067411F,"CRUDE OIL, LIGHT SWEET-WTI - ICE FUTURES EUROPE",2014-11-25T00:00:00.000,2014 Report Week 47,"CRUDE OIL, LIGHT SWEET-WTI",67411,ICEU,NYC,67,CRUDE OIL,385614,137400,89901,14144,104892,49852,23776,24679,35128,56523,14280,54332,371155,373064,14459,12550,385614,137400,89901,14144,104892,49852,23776,24679,35128,56523,14280,54332,371155,373064,14459,12550,0,0,0,0,0,0,0,0,0,0,0,0,0,0,0,0,-44684.0,-18331.0,-11192.0,-6496.0,-1899.0,-5811.0,-3730.0,-8310.0,-6347.0,4933.0,-1293.0,-8896.0,-44678.0,-43748.0,-6.0,-936.0,100.0,35.6,23.3,3.7,27.2,12.9,6.2,6.4,9.1,14.7,3.7,14.1,96.3,96.7,3.7,3.3,100.0,35.6,23.3,3.7,27.2,12.9,6.2,6.4,9.1,14.7,3.7,14.1,96.3,96.7,3.7,3.3,100.0,0.0,0.0,0.0,0.0,0.0,0.0,0.0,0.0,0.0,0.0,0.0,0.0,0.0,0.0,0.0,118,38.0,38.0,5.0,17.0,18.0,11.0,10.0,16.0,17,14.0,30,108,108,118,38.0,38.0,5.0,17.0,18.0,11.0,10.0,16.0,17,14.0,30,108,108,0,0,0,0,0,0,0,0,0,0,0,0,0,0,22.5,29.4,36.4,44.4,12.0,25.1,21.2,30.3,22.5,29.4,36.4,44.4,12.0,25.1,21.2,30.3,0.0,0.0,0.0,0.0,0.0,0.0,0.0,0.0,"(CONTRACTS OF 1,000 BARRELS)",N10,CRUDE OIL,PETROLEUM AND PRODUCTS,NATURAL RESOURCES,FutOnly
141118067411F,"CRUDE OIL, LIGHT SWEET-WTI - ICE FUTURES EUROPE",2014-11-18T00:00:00.000,2014 Report Week 46,"CRUDE OIL, LIGHT SWEET-WTI",67411,ICEU,NYC,67,CRUDE OIL,430298,155731,101093,20640,106791,55663,27506,32989,41475,51590,15573,63228,415833,416812,14465,13486,430298,155731,101093,20640,106791,55663,27506,32989,41475,51590,15573,63228,415833,416812,14465,13486,0,0,0,0,0,0,0,0,0,0,0,0,0,0,0,0,-43659.0,-19725.0,-9949.0,4533.0,-8836.0,-8487.0,1832.0,-660.0,723.0,-3637.0,-1104.0,-17993.0,-42754.0,-46306.0,-905.0,2647.0,100.0,36.2,23.5,4.8,24.8,12.9,6.4,7.7,9.6,12.0,3.6,14.7,96.6,96.9,3.4,3.1,100.0,36.2,23.5,4.8,24.8,12.9,6.4,7.7,9.6,12.0,3.6,14.7,96.6,96.9,3.4,3.1,100.0,0.0,0.0,0.0,0.0,0.0,0.0,0.0,0.0,0.0,0.0,0.0,0.0,0.0,0.0,0.0,126,39.0,36.0,7.0,16.0,19.0,12.0,13.0,19.0,14,21.0,32,114,116,126,39.0,36.0,7.0,16.0,19.0,12.0,13.0,19.0,14,21.0,32,114,116,0,0,0,0,0,0,0,0,0,0,0,0,0,0,22.1,27.3,35.9,43.3,12.4,22.8,20.9,28.5,22.1,27.3,35.9,43.3,12.4,22.8,20.9,28.5,0.0,0.0,0.0,0.0,0.0,0.0,0.0,0.0,"(CONTRACTS OF 1,000 BARRELS)",N10,CRUDE OIL,PETROLEUM AND PRODUCTS,NATURAL RESOURCES,FutOnly
141111067411F,"CRUDE OIL, LIGHT SWEET-WTI - ICE FUTURES EUROPE",2014-11-11T00:00:00.000,2014 Report Week 45,"CRUDE OIL, LIGHT SWEET-WTI",67411,ICEU,NYC,67,CRUDE OIL,473957,175456,111042,16107,115627,64150,25674,33649,40752,55227,16677,81221,458587,463118,15370,10839,473957,175456,111042,16107,115627,64150,25674,33649,40752,55227,16677,81221,458587,463118,15370,10839,0,0,0,0,0,0,0,0,0,0,0,0,0,0,0,0,4756.0,-4651.0,2074.0,-7556.0,-11151.0,1716.0,3207.0,2124.0,947.0,1386.0,892.0,9186.0,4235.0,5788.0,521.0,-1032.0,100.0,37.0,23.4,3.4,24.4,13.5,5.4,7.1,8.6,11.7,3.5,17.1,96.8,97.7,3.2,2.3,100.0,37.0,23.4,3.4,24.4,13.5,5.4,7.1,8.6,11.7,3.5,17.1,96.8,97.7,3.2,2.3,100.0,0.0,0.0,0.0,0.0,0.0,0.0,0.0,0.0,0.0,0.0,0.0,0.0,0.0,0.0,0.0,136,44.0,43.0,7.0,16.0,20.0,11.0,14.0,18.0,20,17.0,39,127,127,136,44.0,43.0,7.0,16.0,20.0,11.0,14.0,18.0,20,17.0,39,127,127,0,0,0,0,0,0,0,0,0,0,0,0,0,0,24.3,26.8,37.4,42.0,11.8,22.7,19.8,27.8,24.3,26.8,37.4,42.0,11.8,22.7,19.8,27.8,0.0,0.0,0.0,0.0,0.0,0.0,0.0,0.0,"(CONTRACTS OF 1,000 BARRELS)",N10,CRUDE OIL,PETROLEUM AND PRODUCTS,NATURAL RESOURCES,FutOnly
141104067411F,"CRUDE OIL, LIGHT SWEET-WTI - ICE FUTURES EUROPE",2014-11-04T00:00:00.000,2014 Report Week 44,"CRUDE OIL, LIGHT SWEET-WTI",67411,ICEU,NYC,67,CRUDE OIL,469201,180107,108968,23663,126778,62434,22467,31525,39805,53841,15785,72035,454352,457330,14849,11871,469201,180107,108968,23663,126778,62434,22467,31525,39805,53841,15785,72035,454352,457330,14849,11871,0,0,0,0,0,0,0,0,0,0,0,0,0,0,0,0,-1524.0,3604.0,2861.0,-2261.0,-5476.0,3724.0,2044.0,2315.0,2720.0,-2828.0,1267.0,-8030.0,-1027.0,-619.0,-497.0,-905.0,100.0,38.4,23.2,5.0,27.0,13.3,4.8,6.7,8.5,11.5,3.4,15.4,96.8,97.5,3.2,2.5,100.0,38.4,23.2,5.0,27.0,13.3,4.8,6.7,8.5,11.5,3.4,15.4,96.8,97.5,3.2,2.5,100.0,0.0,0.0,0.0,0.0,0.0,0.0,0.0,0.0,0.0,0.0,0.0,0.0,0.0,0.0,0.0,135,44.0,44.0,6.0,17.0,20.0,9.0,15.0,20.0,21,14.0,35,126,125,135,44.0,44.0,6.0,17.0,20.0,9.0,15.0,20.0,21,14.0,35,126,125,0,0,0,0,0,0,0,0,0,0,0,0,0,0,24.7,28.9,38.9,45.0,12.2,24.9,20.4,30.9,24.7,28.9,38.9,45.0,12.2,24.9,20.4,30.9,0.0,0.0,0.0,0.0,0.0,0.0,0.0,0.0,"(CONTRACTS OF 1,000 BARRELS)",N10,CRUDE OIL,PETROLEUM AND PRODUCTS,NATURAL RESOURCES,FutOnly
141028067411F,"CRUDE OIL, LIGHT SWEET-WTI - ICE FUTURES EUROPE",2014-10-28T00:00:00.000,2014 Report Week 43,"CRUDE OIL, LIGHT SWEET-WTI",67411,ICEU,NYC,67,CRUDE OIL,470725,176503,106107,25924,132254,58710,20423,29210,37085,56669,14518,80065,455379,457949,15346,12776,470725,176503,106107,25924,132254,58710,20423,29210,37085,56669,14518,80065,455379,457949,15346,12776,0,0,0,0,0,0,0,0,0,0,0,0,0,0,0,0,2277.0,-5408.0,536.0,5791.0,-2891.0,156.0,-7053.0,2365.0,-248.0,6752.0,655.0,3108.0,3098.0,3681.0,-821.0,-1404.0,100.0,37.5,22.5,5.5,28.1,12.5,4.3,6.2,7.9,12.0,3.1,17.0,96.7,97.3,3.3,2.7,100.0,37.5,22.5,5.5,28.1,12.5,4.3,6.2,7.9,12.0,3.1,17.0,96.7,97.3,3.3,2.7,100.0,0.0,0.0,0.0,0.0,0.0,0.0,0.0,0.0,0.0,0.0,0.0,0.0,0.0,0.0,0.0,135,39.0,40.0,8.0,15.0,20.0,8.0,15.0,18.0,25,15.0,40,123,126,135,39.0,40.0,8.0,15.0,20.0,8.0,15.0,18.0,25,15.0,40,123,126,0,0,0,0,0,0,0,0,0,0,0,0,0,0,25.4,31.0,39.6,46.8,13.1,26.8,21.4,32.0,25.4,31.0,39.6,46.8,13.1,26.8,21.4,32.0,0.0,0.0,0.0,0.0,0.0,0.0,0.0,0.0,"(CONTRACTS OF 1,000 BARRELS)",N10,CRUDE OIL,PETROLEUM AND PRODUCTS,NATURAL RESOURCES,FutOnly
141021067411F,"CRUDE OIL, LIGHT SWEET-WTI - ICE FUTURES EUROPE",2014-10-21T00:00:00.000,2014 Report Week 42,"CRUDE OIL, LIGHT SWEET-WTI",67411,ICEU,NYC,67,CRUDE OIL,468448,181911,105571,20133,135145,58554,27476,26845,37333,49917,13863,76957,452281,454268,16167,14180,468448,181911,105571,20133,135145,58554,27476,26845,37333,49917,13863,76957,452281,454268,16167,14180,0,0,0,0,0,0,0,0,0,0,0,0,0,0,0,0,-27918.0,-8425.0,-1977.0,6898.0,359.0,-9546.0,-1896.0,-273.0,-2113.0,-318.0,-318.0,-12684.0,-28084.0,-26552.0,166.0,-1366.0,100.0,38.8,22.5,4.3,28.8,12.5,5.9,5.7,8.0,10.7,3.0,16.4,96.5,97.0,3.5,3.0,100.0,38.8,22.5,4.3,28.8,12.5,5.9,5.7,8.0,10.7,3.0,16.4,96.5,97.0,3.5,3.0,100.0,0.0,0.0,0.0,0.0,0.0,0.0,0.0,0.0,0.0,0.0,0.0,0.0,0.0,0.0,0.0,131,39.0,40.0,8.0,15.0,20.0,12.0,13.0,19.0,21,16.0,34,118,121,131,39.0,40.0,8.0,15.0,20.0,12.0,13.0,19.0,21,16.0,34,118,121,0,0,0,0,0,0,0,0,0,0,0,0,0,0,24.9,32.4,39.4,47.7,13.2,27.7,21.2,32.5,24.9,32.4,39.4,47.7,13.2,27.7,21.2,32.5,0.0,0.0,0.0,0.0,0.0,0.0,0.0,0.0,"(CONTRACTS OF 1,000 BARRELS)",N10,CRUDE OIL,PETROLEUM AND PRODUCTS,NATURAL RESOURCES,FutOnly
141014067411F,"CRUDE OIL, LIGHT SWEET-WTI - ICE FUTURES EUROPE",2014-10-14T00:00:00.000,2014 Report Week 41,"CRUDE OIL, LIGHT SWEET-WTI",67411,ICEU,NYC,67,CRUDE OIL,496366,190336,107548,13235,134786,68100,29372,27118,39446,50235,14181,89641,480365,480820,16001,15546,496366,190336,107548,13235,134786,68100,29372,27118,39446,50235,14181,89641,480365,480820,16001,15546,0,0,0,0,0,0,0,0,0,0,0,0,0,0,0,0,13063.0,8369.0,5088.0,853.0,-2493.0,6968.0,2676.0,-3632.0,-533.0,-6087.0,5958.0,803.0,13049.0,12159.0,14.0,904.0,100.0,38.3,21.7,2.7,27.2,13.7,5.9,5.5,7.9,10.1,2.9,18.1,96.8,96.9,3.2,3.1,100.0,38.3,21.7,2.7,27.2,13.7,5.9,5.5,7.9,10.1,2.9,18.1,96.8,96.9,3.2,3.1,100.0,0.0,0.0,0.0,0.0,0.0,0.0,0.0,0.0,0.0,0.0,0.0,0.0,0.0,0.0,0.0,138,41.0,39.0,7.0,16.0,21.0,13.0,14.0,21.0,22,16.0,39,127,128,138,41.0,39.0,7.0,16.0,21.0,13.0,14.0,21.0,22,16.0,39,127,128,0,0,0,0,0,0,0,0,0,0,0,0,0,0,23.7,32.7,37.8,47.1,13.2,25.1,20.3,29.4,23.7,32.7,37.8,47.1,13.2,25.1,20.3,29.4,0.0,0.0,0.0,0.0,0.0,0.0,0.0,0.0,"(CONTRACTS OF 1,000 BARRELS)",N10,CRUDE OIL,PETROLEUM AND PRODUCTS,NATURAL RESOURCES,FutOnly
141007067411F,"CRUDE OIL, LIGHT SWEET-WTI - ICE FUTURES EUROPE",2014-10-07T00:00:00.000,2014 Report Week 40,"CRUDE OIL, LIGHT SWEET-WTI",67411,ICEU,NYC,67,CRUDE OIL,483303,181967,102460,12382,137279,61132,26696,30750,39979,56322,8223,88838,467316,468661,15987,14642,483303,181967,102460,12382,137279,61132,26696,30750,39979,56322,8223,88838,467316,468661,15987,14642,0,0,0,0,0,0,0,0,0,0,0,0,0,0,0,0,16828.0,13505.0,8660.0,4993.0,356.0,-983.0,-5266.0,3516.0,2278.0,-1919.0,-287.0,6842.0,19450.0,20382.0,-2622.0,-3554.0,100.0,37.7,21.2,2.6,28.4,12.6,5.5,6.4,8.3,11.7,1.7,18.4,96.7,97.0,3.3,3.0,100.0,37.7,21.2,2.6,28.4,12.6,5.5,6.4,8.3,11.7,1.7,18.4,96.7,97.0,3.3,3.0,100.0,0.0,0.0,0.0,0.0,0.0,0.0,0.0,0.0,0.0,0.0,0.0,0.0,0.0,0.0,0.0,140,40.0,41.0,6.0,17.0,21.0,12.0,16.0,20.0,26,13.0,38,125,130,140,40.0,41.0,6.0,17.0,21.0,12.0,16.0,20.0,26,13.0,38,125,130,0,0,0,0,0,0,0,0,0,0,0,0,0,0,25.3,32.2,39.4,46.4,12.9,25.5,21.3,30.0,25.3,32.2,39.4,46.4,12.9,25.5,21.3,30.0,0.0,0.0,0.0,0.0,0.0,0.0,0.0,0.0,"(CONTRACTS OF 1,000 BARRELS)",N10,CRUDE OIL,PETROLEUM AND PRODUCTS,NATURAL RESOURCES,FutOnly
140930067411F,"CRUDE OIL, LIGHT SWEET-WTI - ICE FUTURES EUROPE",2014-09-30T00:00:00.000,2014 Report Week 39,"CRUDE OIL, LIGHT SWEET-WTI",67411,ICEU,NYC,67,CRUDE OIL,466475,168462,93800,7389,136923,62115,31962,27234,37701,58241,8510,81996,447866,448279,18609,18196,466475,168462,93800,7389,136923,62115,31962,27234,37701,58241,8510,81996,447866,448279,18609,18196,0,0,0,0,0,0,0,0,0,0,0,0,0,0,0,0,13320.0,5983.0,6632.0,-2010.0,-2946.0,4219.0,1513.0,503.0,-2415.0,3033.0,2365.0,29.0,10352.0,8387.0,2968.0,4933.0,100.0,36.1,20.1,1.6,29.4,13.3,6.9,5.8,8.1,12.5,1.8,17.6,96.0,96.1,4.0,3.9,100.0,36.1,20.1,1.6,29.4,13.3,6.9,5.8,8.1,12.5,1.8,17.6,96.0,96.1,4.0,3.9,100.0,0.0,0.0,0.0,0.0,0.0,0.0,0.0,0.0,0.0,0.0,0.0,0.0,0.0,0.0,0.0,138,40.0,42.0,6.0,18.0,22.0,14.0,13.0,19.0,25,14.0,36,126,126,138,40.0,42.0,6.0,18.0,22.0,14.0,13.0,19.0,25,14.0,36,126,126,0,0,0,0,0,0,0,0,0,0,0,0,0,0,24.5,33.2,38.9,47.0,12.7,26.0,21.6,30.7,24.5,33.2,38.9,47.0,12.7,26.0,21.6,30.7,0.0,0.0,0.0,0.0,0.0,0.0,0.0,0.0,"(CONTRACTS OF 1,000 BARRELS)",N10,CRUDE OIL,PETROLEUM AND PRODUCTS,NATURAL RESOURCES,FutOnly
140923067411F,"CRUDE OIL, LIGHT SWEET-WTI - ICE FUTURES EUROPE",2014-09-23T00:00:00.000,2014 Report Week 38,"CRUDE OIL, LIGHT SWEET-WTI",67411,ICEU,NYC,67,CRUDE OIL,453155,162479,87168,9399,139869,57896,30449,26731,40116,55208,6145,81967,437514,439892,15641,13263,453155,162479,87168,9399,139869,57896,30449,26731,40116,55208,6145,81967,437514,439892,15641,13263,0,0,0,0,0,0,0,0,0,0,0,0,0,0,0,0,-12625.0,8263.0,-9743.0,-1655.0,-1163.0,-699.0,-5626.0,3288.0,-4122.0,-4025.0,1298.0,405.0,-7459.0,-10736.0,-5166.0,-1889.0,100.0,35.9,19.2,2.1,30.9,12.8,6.7,5.9,8.9,12.2,1.4,18.1,96.5,97.1,3.5,2.9,100.0,35.9,19.2,2.1,30.9,12.8,6.7,5.9,8.9,12.2,1.4,18.1,96.5,97.1,3.5,2.9,100.0,0.0,0.0,0.0,0.0,0.0,0.0,0.0,0.0,0.0,0.0,0.0,0.0,0.0,0.0,0.0,136,41.0,38.0,6.0,18.0,20.0,12.0,13.0,18.0,23,15.0,36,125,120,136,41.0,38.0,6.0,18.0,20.0,12.0,13.0,18.0,23,15.0,36,125,120,0,0,0,0,0,0,0,0,0,0,0,0,0,0,24.5,34.9,38.7,49.1,13.0,27.6,21.8,32.6,24.5,34.9,38.7,49.1,13.0,27.6,21.8,32.6,0.0,0.0,0.0,0.0,0.0,0.0,0.0,0.0,"(CONTRACTS OF 1,000 BARRELS)",N10,CRUDE OIL,PETROLEUM AND PRODUCTS,NATURAL RESOURCES,FutOnly
140916067411F,"CRUDE OIL, LIGHT SWEET-WTI - ICE FUTURES EUROPE",2014-09-16T00:00:00.000,2014 Report Week 37,"CRUDE OIL, LIGHT SWEET-WTI",67411,ICEU,NYC,67,CRUDE OIL,465780,154216,96911,11054,141032,58595,36075,23443,44238,59233,4847,81562,444973,450628,20807,15152,465780,154216,96911,11054,141032,58595,36075,23443,44238,59233,4847,81562,444973,450628,20807,15152,0,0,0,0,0,0,0,0,0,0,0,0,0,0,0,0,1723.0,-14315.0,-11212.0,-1479.0,5704.0,2664.0,3461.0,-2389.0,-3734.0,5068.0,1476.0,6422.0,-1913.0,-1069.0,3636.0,2792.0,100.0,33.1,20.8,2.4,30.3,12.6,7.7,5.0,9.5,12.7,1.0,17.5,95.5,96.7,4.5,3.3,100.0,33.1,20.8,2.4,30.3,12.6,7.7,5.0,9.5,12.7,1.0,17.5,95.5,96.7,4.5,3.3,100.0,0.0,0.0,0.0,0.0,0.0,0.0,0.0,0.0,0.0,0.0,0.0,0.0,0.0,0.0,0.0,136,39.0,34.0,7.0,16.0,20.0,13.0,11.0,18.0,26,17.0,41,126,122,136,39.0,34.0,7.0,16.0,20.0,13.0,11.0,18.0,26,17.0,41,126,122,0,0,0,0,0,0,0,0,0,0,0,0,0,0,22.2,33.9,35.8,49.1,11.3,28.2,19.7,33.2,22.2,33.9,35.8,49.1,11.3,28.2,19.7,33.2,0.0,0.0,0.0,0.0,0.0,0.0,0.0,0.0,"(CONTRACTS OF 1,000 BARRELS)",N10,CRUDE OIL,PETROLEUM AND PRODUCTS,NATURAL RESOURCES,FutOnly
140909067411F,"CRUDE OIL, LIGHT SWEET-WTI - ICE FUTURES EUROPE",2014-09-09T00:00:00.000,2014 Report Week 36,"CRUDE OIL, LIGHT SWEET-WTI",67411,ICEU,NYC,67,CRUDE OIL,464057,168531,108123,12533,135328,55931,32614,25832,47972,54165,3371,75140,446886,451697,17171,12360,464057,168531,108123,12533,135328,55931,32614,25832,47972,54165,3371,75140,446886,451697,17171,12360,0,0,0,0,0,0,0,0,0,0,0,0,0,0,0,0,4148.0,-6202.0,4637.0,544.0,1349.0,-1855.0,-2318.0,-1569.0,3676.0,8545.0,-3695.0,1694.0,4084.0,4237.0,64.0,-89.0,100.0,36.3,23.3,2.7,29.2,12.1,7.0,5.6,10.3,11.7,0.7,16.2,96.3,97.3,3.7,2.7,100.0,36.3,23.3,2.7,29.2,12.1,7.0,5.6,10.3,11.7,0.7,16.2,96.3,97.3,3.7,2.7,100.0,0.0,0.0,0.0,0.0,0.0,0.0,0.0,0.0,0.0,0.0,0.0,0.0,0.0,0.0,0.0,132,43.0,39.0,7.0,16.0,20.0,10.0,13.0,18.0,25,15.0,35,125,118,132,43.0,39.0,7.0,16.0,20.0,10.0,13.0,18.0,25,15.0,35,125,118,0,0,0,0,0,0,0,0,0,0,0,0,0,0,21.4,32.8,34.9,48.7,12.1,26.4,21.8,32.5,21.4,32.8,34.9,48.7,12.1,26.4,21.8,32.5,0.0,0.0,0.0,0.0,0.0,0.0,0.0,0.0,"(CONTRACTS OF 1,000 BARRELS)",N10,CRUDE OIL,PETROLEUM AND PRODUCTS,NATURAL RESOURCES,FutOnly
140902067411F,"CRUDE OIL, LIGHT SWEET-WTI - ICE FUTURES EUROPE",2014-09-02T00:00:00.000,2014 Report Week 35,"CRUDE OIL, LIGHT SWEET-WTI",67411,ICEU,NYC,67,CRUDE OIL,459909,174733,103486,11989,133979,57786,34932,27401,44296,45620,7066,73446,442802,447460,17107,12449,459909,174733,103486,11989,133979,57786,34932,27401,44296,45620,7066,73446,442802,447460,17107,12449,0,0,0,0,0,0,0,0,0,0,0,0,0,0,0,0,6331.0,8605.0,4213.0,-2140.0,2259.0,567.0,1284.0,808.0,2112.0,-113.0,-3052.0,-1919.0,8396.0,4988.0,-2065.0,1343.0,100.0,38.0,22.5,2.6,29.1,12.6,7.6,6.0,9.6,9.9,1.5,16.0,96.3,97.3,3.7,2.7,100.0,38.0,22.5,2.6,29.1,12.6,7.6,6.0,9.6,9.9,1.5,16.0,96.3,97.3,3.7,2.7,100.0,0.0,0.0,0.0,0.0,0.0,0.0,0.0,0.0,0.0,0.0,0.0,0.0,0.0,0.0,0.0,132,38.0,36.0,7.0,16.0,22.0,14.0,13.0,19.0,23,16.0,37,124,120,132,38.0,36.0,7.0,16.0,22.0,14.0,13.0,19.0,23,16.0,37,124,120,0,0,0,0,0,0,0,0,0,0,0,0,0,0,21.2,32.9,35.8,49.2,13.6,26.2,22.6,31.8,21.2,32.9,35.8,49.2,13.6,26.2,22.6,31.8,0.0,0.0,0.0,0.0,0.0,0.0,0.0,0.0,"(CONTRACTS OF 1,000 BARRELS)",N10,CRUDE OIL,PETROLEUM AND PRODUCTS,NATURAL RESOURCES,FutOnly
140826067411F,"CRUDE OIL, LIGHT SWEET-WTI - ICE FUTURES EUROPE",2014-08-26T00:00:00.000,2014 Report Week 34,"CRUDE OIL, LIGHT SWEET-WTI",67411,ICEU,NYC,67,CRUDE OIL,453578,166128,99273,14129,131720,57219,33648,26593,42184,45733,10118,75365,434406,442472,19172,11106,453578,166128,99273,14129,131720,57219,33648,26593,42184,45733,10118,75365,434406,442472,19172,11106,0,0,0,0,0,0,0,0,0,0,0,0,0,0,0,0,-14052.0,2783.0,1842.0,-1844.0,-2282.0,-2316.0,-4971.0,2580.0,-1617.0,1045.0,-4355.0,-941.0,-7861.0,-7089.0,-6191.0,-6963.0,100.0,36.6,21.9,3.1,29.0,12.6,7.4,5.9,9.3,10.1,2.2,16.6,95.8,97.6,4.2,2.4,100.0,36.6,21.9,3.1,29.0,12.6,7.4,5.9,9.3,10.1,2.2,16.6,95.8,97.6,4.2,2.4,100.0,0.0,0.0,0.0,0.0,0.0,0.0,0.0,0.0,0.0,0.0,0.0,0.0,0.0,0.0,0.0,133,41.0,38.0,8.0,15.0,22.0,11.0,12.0,16.0,28,15.0,39,125,122,133,41.0,38.0,8.0,15.0,22.0,11.0,12.0,16.0,28,15.0,39,125,122,0,0,0,0,0,0,0,0,0,0,0,0,0,0,20.3,33.6,34.2,50.1,12.8,26.6,21.3,32.1,20.3,33.6,34.2,50.1,12.8,26.6,21.3,32.1,0.0,0.0,0.0,0.0,0.0,0.0,0.0,0.0,"(CONTRACTS OF 1,000 BARRELS)",N10,CRUDE OIL,PETROLEUM AND PRODUCTS,NATURAL RESOURCES,FutOnly
140819067411F,"CRUDE OIL, LIGHT SWEET-WTI - ICE FUTURES EUROPE",2014-08-19T00:00:00.000,2014 Report Week 33,"CRUDE OIL, LIGHT SWEET-WTI",67411,ICEU,NYC,67,CRUDE OIL,467630,163345,97431,15973,134002,59535,38619,24013,43801,44688,14473,76306,442267,449561,25363,18069,467630,163345,97431,15973,134002,59535,38619,24013,43801,44688,14473,76306,442267,449561,25363,18069,0,0,0,0,0,0,0,0,0,0,0,0,0,0,0,0,-24184.0,-5470.0,-11128.0,5403.0,-8682.0,-4929.0,-63.0,2116.0,-6429.0,-9823.0,7495.0,-9563.0,-30874.0,-31120.0,6690.0,6936.0,100.0,34.9,20.8,3.4,28.7,12.7,8.3,5.1,9.4,9.6,3.1,16.3,94.6,96.1,5.4,3.9,100.0,34.9,20.8,3.4,28.7,12.7,8.3,5.1,9.4,9.6,3.1,16.3,94.6,96.1,5.4,3.9,100.0,0.0,0.0,0.0,0.0,0.0,0.0,0.0,0.0,0.0,0.0,0.0,0.0,0.0,0.0,0.0,136,41.0,38.0,10.0,15.0,21.0,12.0,12.0,18.0,25,16.0,37,126,122,136,41.0,38.0,10.0,15.0,21.0,12.0,12.0,18.0,25,16.0,37,126,122,0,0,0,0,0,0,0,0,0,0,0,0,0,0,18.9,33.2,33.0,48.8,12.1,26.5,21.4,32.1,18.9,33.2,33.0,48.8,12.1,26.5,21.4,32.1,0.0,0.0,0.0,0.0,0.0,0.0,0.0,0.0,"(CONTRACTS OF 1,000 BARRELS)",N10,CRUDE OIL,PETROLEUM AND PRODUCTS,NATURAL RESOURCES,FutOnly
140812067411F,"CRUDE OIL, LIGHT SWEET-WTI - ICE FUTURES EUROPE",2014-08-12T00:00:00.000,2014 Report Week 32,"CRUDE OIL, LIGHT SWEET-WTI",67411,ICEU,NYC,67,CRUDE OIL,491814,168815,108559,10570,142684,64464,38682,21897,50230,54511,6978,85869,473141,480681,18673,11133,491814,168815,108559,10570,142684,64464,38682,21897,50230,54511,6978,85869,473141,480681,18673,11133,0,0,0,0,0,0,0,0,0,0,0,0,0,0,0,0,17526.0,-5075.0,-2351.0,-1784.0,-9502.0,7630.0,-906.0,3006.0,7134.0,347.0,1487.0,10999.0,18345.0,18403.0,-819.0,-877.0,100.0,34.3,22.1,2.1,29.0,13.1,7.9,4.5,10.2,11.1,1.4,17.5,96.2,97.7,3.8,2.3,100.0,34.3,22.1,2.1,29.0,13.1,7.9,4.5,10.2,11.1,1.4,17.5,96.2,97.7,3.8,2.3,100.0,0.0,0.0,0.0,0.0,0.0,0.0,0.0,0.0,0.0,0.0,0.0,0.0,0.0,0.0,0.0,141,38.0,37.0,8.0,17.0,23.0,13.0,13.0,20.0,25,19.0,44,132,130,141,38.0,37.0,8.0,17.0,23.0,13.0,13.0,20.0,25,19.0,44,132,130,0,0,0,0,0,0,0,0,0,0,0,0,0,0,21.4,31.1,34.3,47.5,10.2,25.8,18.7,30.4,21.4,31.1,34.3,47.5,10.2,25.8,18.7,30.4,0.0,0.0,0.0,0.0,0.0,0.0,0.0,0.0,"(CONTRACTS OF 1,000 BARRELS)",N10,CRUDE OIL,PETROLEUM AND PRODUCTS,NATURAL RESOURCES,FutOnly
140805067411F,"CRUDE OIL, LIGHT SWEET-WTI - ICE FUTURES EUROPE",2014-08-05T00:00:00.000,2014 Report Week 31,"CRUDE OIL, LIGHT SWEET-WTI",67411,ICEU,NYC,67,CRUDE OIL,474288,173890,110910,12354,152186,56834,39588,18891,43096,54164,5491,74870,454796,462278,19492,12010,474288,173890,110910,12354,152186,56834,39588,18891,43096,54164,5491,74870,454796,462278,19492,12010,0,0,0,0,0,0,0,0,0,0,0,0,0,0,0,0,-15749.0,-9952.0,-6039.0,3665.0,-855.0,-1253.0,547.0,-4231.0,834.0,-8849.0,-2223.0,-2542.0,-17550.0,-16309.0,1801.0,560.0,100.0,36.7,23.4,2.6,32.1,12.0,8.3,4.0,9.1,11.4,1.2,15.8,95.9,97.5,4.1,2.5,100.0,36.7,23.4,2.6,32.1,12.0,8.3,4.0,9.1,11.4,1.2,15.8,95.9,97.5,4.1,2.5,100.0,0.0,0.0,0.0,0.0,0.0,0.0,0.0,0.0,0.0,0.0,0.0,0.0,0.0,0.0,0.0,135,42.0,39.0,7.0,17.0,22.0,13.0,9.0,16.0,30,14.0,39,128,121,135,42.0,39.0,7.0,17.0,22.0,13.0,9.0,16.0,30,14.0,39,128,121,0,0,0,0,0,0,0,0,0,0,0,0,0,0,20.3,31.8,33.4,48.5,10.9,27.1,19.7,33.4,20.3,31.8,33.4,48.5,10.9,27.1,19.7,33.4,0.0,0.0,0.0,0.0,0.0,0.0,0.0,0.0,"(CONTRACTS OF 1,000 BARRELS)",N10,CRUDE OIL,PETROLEUM AND PRODUCTS,NATURAL RESOURCES,FutOnly
140729067411F,"CRUDE OIL, LIGHT SWEET-WTI - ICE FUTURES EUROPE",2014-07-29T00:00:00.000,2014 Report Week 30,"CRUDE OIL, LIGHT SWEET-WTI",67411,ICEU,NYC,67,CRUDE OIL,490037,183842,116949,8689,153041,58087,39041,23122,42262,63013,7714,77412,472346,478587,17691,11450,490037,183842,116949,8689,153041,58087,39041,23122,42262,63013,7714,77412,472346,478587,17691,11450,0,0,0,0,0,0,0,0,0,0,0,0,0,0,0,0,2623.0,3245.0,-5734.0,1275.0,-869.0,4028.0,-21568.0,5135.0,5290.0,12672.0,-279.0,-1862.0,3080.0,5709.0,-457.0,-3086.0,100.0,37.5,23.9,1.8,31.2,11.9,8.0,4.7,8.6,12.9,1.6,15.8,96.4,97.7,3.6,2.3,100.0,37.5,23.9,1.8,31.2,11.9,8.0,4.7,8.6,12.9,1.6,15.8,96.4,97.7,3.6,2.3,100.0,0.0,0.0,0.0,0.0,0.0,0.0,0.0,0.0,0.0,0.0,0.0,0.0,0.0,0.0,0.0,145,43.0,41.0,6.0,18.0,22.0,12.0,12.0,17.0,31,15.0,44,136,130,145,43.0,41.0,6.0,18.0,22.0,12.0,12.0,17.0,31,15.0,44,136,130,0,0,0,0,0,0,0,0,0,0,0,0,0,0,21.6,31.1,35.0,48.1,11.8,26.4,21.4,32.6,21.6,31.1,35.0,48.1,11.8,26.4,21.4,32.6,0.0,0.0,0.0,0.0,0.0,0.0,0.0,0.0,"(CONTRACTS OF 1,000 BARRELS)",N10,CRUDE OIL,PETROLEUM AND PRODUCTS,NATURAL RESOURCES,FutOnly
140722067411F,"CRUDE OIL, LIGHT SWEET-WTI - ICE FUTURES EUROPE",2014-07-22T00:00:00.000,2014 Report Week 29,"CRUDE OIL, LIGHT SWEET-WTI",67411,ICEU,NYC,67,CRUDE OIL,487414,180597,122683,7414,153910,54059,60609,17987,36972,50341,7993,79274,469266,472878,18148,14536,487414,180597,122683,7414,153910,54059,60609,17987,36972,50341,7993,79274,469266,472878,18148,14536,0,0,0,0,0,0,0,0,0,0,0,0,0,0,0,0,-24704.0,-34224.0,12546.0,1197.0,-2884.0,-8000.0,4573.0,-3069.0,-312.0,19457.0,-15748.0,-8319.0,-25628.0,-25786.0,924.0,1082.0,100.0,37.1,25.2,1.5,31.6,11.1,12.4,3.7,7.6,10.3,1.6,16.3,96.3,97.0,3.7,3.0,100.0,37.1,25.2,1.5,31.6,11.1,12.4,3.7,7.6,10.3,1.6,16.3,96.3,97.0,3.7,3.0,100.0,0.0,0.0,0.0,0.0,0.0,0.0,0.0,0.0,0.0,0.0,0.0,0.0,0.0,0.0,0.0,140,38.0,38.0,6.0,17.0,22.0,14.0,13.0,19.0,28,19.0,39,129,125,140,38.0,38.0,6.0,17.0,22.0,14.0,13.0,19.0,28,19.0,39,129,125,0,0,0,0,0,0,0,0,0,0,0,0,0,0,22.8,31.5,35.6,49.1,13.8,26.0,23.0,32.7,22.8,31.5,35.6,49.1,13.8,26.0,23.0,32.7,0.0,0.0,0.0,0.0,0.0,0.0,0.0,0.0,"(CONTRACTS OF 1,000 BARRELS)",N10,CRUDE OIL,PETROLEUM AND PRODUCTS,NATURAL RESOURCES,FutOnly
140715067411F,"CRUDE OIL, LIGHT SWEET-WTI - ICE FUTURES EUROPE",2014-07-15T00:00:00.000,2014 Report Week 28,"CRUDE OIL, LIGHT SWEET-WTI",67411,ICEU,NYC,67,CRUDE OIL,512118,214821,110137,6217,156794,62059,56036,21056,37284,30884,23741,87593,494894,498664,17224,13454,512118,214821,110137,6217,156794,62059,56036,21056,37284,30884,23741,87593,494894,498664,17224,13454,0,0,0,0,0,0,0,0,0,0,0,0,0,0,0,0,14740.0,14236.0,-728.0,-373.0,-699.0,4064.0,-5540.0,5040.0,5575.0,-911.0,4090.0,-3570.0,13481.0,13772.0,1259.0,968.0,100.0,41.9,21.5,1.2,30.6,12.1,10.9,4.1,7.3,6.0,4.6,17.1,96.6,97.4,3.4,2.6,100.0,41.9,21.5,1.2,30.6,12.1,10.9,4.1,7.3,6.0,4.6,17.1,96.6,97.4,3.4,2.6,100.0,0.0,0.0,0.0,0.0,0.0,0.0,0.0,0.0,0.0,0.0,0.0,0.0,0.0,0.0,0.0,145,43.0,37.0,6.0,18.0,23.0,14.0,14.0,20.0,21,23.0,44,137,131,145,43.0,37.0,6.0,18.0,23.0,14.0,14.0,20.0,21,23.0,44,137,131,0,0,0,0,0,0,0,0,0,0,0,0,0,0,19.3,32.1,31.9,48.6,15.2,25.0,24.4,30.7,19.3,32.1,31.9,48.6,15.2,25.0,24.4,30.7,0.0,0.0,0.0,0.0,0.0,0.0,0.0,0.0,"(CONTRACTS OF 1,000 BARRELS)",N10,CRUDE OIL,PETROLEUM AND PRODUCTS,NATURAL RESOURCES,FutOnly
140708067411F,"CRUDE OIL, LIGHT SWEET-WTI - ICE FUTURES EUROPE",2014-07-08T00:00:00.000,2014 Report Week 27,"CRUDE OIL, LIGHT SWEET-WTI",67411,ICEU,NYC,67,CRUDE OIL,497378,200585,110865,6590,157493,57995,61576,16016,31709,31795,19651,91163,481413,484892,15965,12486,497378,200585,110865,6590,157493,57995,61576,16016,31709,31795,19651,91163,481413,484892,15965,12486,0,0,0,0,0,0,0,0,0,0,0,0,0,0,0,0,-19620.0,-8733.0,192.0,-521.0,-599.0,-9140.0,2027.0,-1352.0,-4123.0,-48.0,-4740.0,1529.0,-19009.0,-18233.0,-611.0,-1387.0,100.0,40.3,22.3,1.3,31.7,11.7,12.4,3.2,6.4,6.4,4.0,18.3,96.8,97.5,3.2,2.5,100.0,40.3,22.3,1.3,31.7,11.7,12.4,3.2,6.4,6.4,4.0,18.3,96.8,97.5,3.2,2.5,100.0,0.0,0.0,0.0,0.0,0.0,0.0,0.0,0.0,0.0,0.0,0.0,0.0,0.0,0.0,0.0,151,43.0,37.0,7.0,18.0,24.0,16.0,13.0,20.0,24,24.0,46,142,134,151,43.0,37.0,7.0,18.0,24.0,16.0,13.0,20.0,24,24.0,46,142,134,0,0,0,0,0,0,0,0,0,0,0,0,0,0,19.3,31.8,32.8,47.8,15.3,25.8,24.4,30.8,19.3,31.8,32.8,47.8,15.3,25.8,24.4,30.8,0.0,0.0,0.0,0.0,0.0,0.0,0.0,0.0,"(CONTRACTS OF 1,000 BARRELS)",N10,CRUDE OIL,PETROLEUM AND PRODUCTS,NATURAL RESOURCES,FutOnly
140701067411F,"CRUDE OIL, LIGHT SWEET-WTI - ICE FUTURES EUROPE",2014-07-01T00:00:00.000,2014 Report Week 26,"CRUDE OIL, LIGHT SWEET-WTI",67411,ICEU,NYC,67,CRUDE OIL,516998,209318,110673,7111,158092,67135,59549,17368,35832,31843,24391,89634,500422,503125,16576,13873,516998,209318,110673,7111,158092,67135,59549,17368,35832,31843,24391,89634,500422,503125,16576,13873,0,0,0,0,0,0,0,0,0,0,0,0,0,0,0,0,19132.0,4284.0,1970.0,-1488.0,6587.0,1411.0,5457.0,1057.0,1597.0,2405.0,1320.0,5761.0,19427.0,19703.0,-295.0,-571.0,100.0,40.5,21.4,1.4,30.6,13.0,11.5,3.4,6.9,6.2,4.7,17.3,96.8,97.3,3.2,2.7,100.0,40.5,21.4,1.4,30.6,13.0,11.5,3.4,6.9,6.2,4.7,17.3,96.8,97.3,3.2,2.7,100.0,0.0,0.0,0.0,0.0,0.0,0.0,0.0,0.0,0.0,0.0,0.0,0.0,0.0,0.0,0.0,148,43.0,37.0,7.0,18.0,24.0,15.0,13.0,20.0,26,21.0,41,139,129,148,43.0,37.0,7.0,18.0,24.0,15.0,13.0,20.0,26,21.0,41,139,129,0,0,0,0,0,0,0,0,0,0,0,0,0,0,20.4,32.9,34.8,50.0,16.6,24.7,25.3,30.6,20.4,32.9,34.8,50.0,16.6,24.7,25.3,30.6,0.0,0.0,0.0,0.0,0.0,0.0,0.0,0.0,"(CONTRACTS OF 1,000 BARRELS)",N10,CRUDE OIL,PETROLEUM AND PRODUCTS,NATURAL RESOURCES,FutOnly
140624067411F,"CRUDE OIL, LIGHT SWEET-WTI - ICE FUTURES EUROPE",2014-06-24T00:00:00.000,2014 Report Week 25,"CRUDE OIL, LIGHT SWEET-WTI",67411,ICEU,NYC,67,CRUDE OIL,497866,205034,108703,8599,151505,65724,54092,16311,34235,29438,23071,83873,480995,483422,16871,14444,497866,205034,108703,8599,151505,65724,54092,16311,34235,29438,23071,83873,480995,483422,16871,14444,0,0,0,0,0,0,0,0,0,0,0,0,0,0,0,0,-31317.0,-10338.0,-12471.0,2416.0,-4977.0,368.0,-1773.0,571.0,-3846.0,-1223.0,4962.0,-18845.0,-33241.0,-34238.0,1924.0,2921.0,100.0,41.2,21.8,1.7,30.4,13.2,10.9,3.3,6.9,5.9,4.6,16.8,96.6,97.1,3.4,2.9,100.0,41.2,21.8,1.7,30.4,13.2,10.9,3.3,6.9,5.9,4.6,16.8,96.6,97.1,3.4,2.9,100.0,0.0,0.0,0.0,0.0,0.0,0.0,0.0,0.0,0.0,0.0,0.0,0.0,0.0,0.0,0.0,144,45.0,39.0,6.0,18.0,23.0,13.0,12.0,18.0,27,19.0,39,136,125,144,45.0,39.0,6.0,18.0,23.0,13.0,12.0,18.0,27,19.0,39,136,125,0,0,0,0,0,0,0,0,0,0,0,0,0,0,19.2,33.3,33.8,50.4,16.5,25.2,25.7,31.4,19.2,33.3,33.8,50.4,16.5,25.2,25.7,31.4,0.0,0.0,0.0,0.0,0.0,0.0,0.0,0.0,"(CONTRACTS OF 1,000 BARRELS)",N10,CRUDE OIL,PETROLEUM AND PRODUCTS,NATURAL RESOURCES,FutOnly
140617067411F,"CRUDE OIL, LIGHT SWEET-WTI - ICE FUTURES EUROPE",2014-06-17T00:00:00.000,2014 Report Week 24,"CRUDE OIL, LIGHT SWEET-WTI",67411,ICEU,NYC,67,CRUDE OIL,529183,215372,121174,6183,156482,65356,55865,15740,38081,30661,18109,102718,514236,517660,14947,11523,529183,215372,121174,6183,156482,65356,55865,15740,38081,30661,18109,102718,514236,517660,14947,11523,0,0,0,0,0,0,0,0,0,0,0,0,0,0,0,0,20610.0,20447.0,2894.0,-1582.0,513.0,-1256.0,97.0,4128.0,-4906.0,-7342.0,5946.0,17351.0,22809.0,24670.0,-2199.0,-4060.0,100.0,40.7,22.9,1.2,29.6,12.4,10.6,3.0,7.2,5.8,3.4,19.4,97.2,97.8,2.8,2.2,100.0,40.7,22.9,1.2,29.6,12.4,10.6,3.0,7.2,5.8,3.4,19.4,97.2,97.8,2.8,2.2,100.0,0.0,0.0,0.0,0.0,0.0,0.0,0.0,0.0,0.0,0.0,0.0,0.0,0.0,0.0,0.0,156,45.0,40.0,7.0,18.0,24.0,13.0,13.0,19.0,29,27.0,46,145,138,156,45.0,40.0,7.0,18.0,24.0,13.0,13.0,19.0,29,27.0,46,145,138,0,0,0,0,0,0,0,0,0,0,0,0,0,0,19.6,31.1,32.2,48.4,15.1,25.5,23.8,30.4,19.6,31.1,32.2,48.4,15.1,25.5,23.8,30.4,0.0,0.0,0.0,0.0,0.0,0.0,0.0,0.0,"(CONTRACTS OF 1,000 BARRELS)",N10,CRUDE OIL,PETROLEUM AND PRODUCTS,NATURAL RESOURCES,FutOnly
140610067411F,"CRUDE OIL, LIGHT SWEET-WTI - ICE FUTURES EUROPE",2014-06-10T00:00:00.000,2014 Report Week 23,"CRUDE OIL, LIGHT SWEET-WTI",67411,ICEU,NYC,67,CRUDE OIL,508573,194925,118280,7765,155969,66612,55768,11612,42987,38003,12163,85367,491427,492990,17146,15583,508573,194925,118280,7765,155969,66612,55768,11612,42987,38003,12163,85367,491427,492990,17146,15583,0,0,0,0,0,0,0,0,0,0,0,0,0,0,0,0,-5918.0,-1835.0,-6250.0,-6607.0,6352.0,-2489.0,9185.0,1909.0,1301.0,20.0,-1215.0,-5801.0,-6226.0,-6193.0,308.0,275.0,100.0,38.3,23.3,1.5,30.7,13.1,11.0,2.3,8.5,7.5,2.4,16.8,96.6,96.9,3.4,3.1,100.0,38.3,23.3,1.5,30.7,13.1,11.0,2.3,8.5,7.5,2.4,16.8,96.6,96.9,3.4,3.1,100.0,0.0,0.0,0.0,0.0,0.0,0.0,0.0,0.0,0.0,0.0,0.0,0.0,0.0,0.0,0.0,153,45.0,42.0,6.0,18.0,24.0,15.0,14.0,19.0,28,20.0,39,139,134,153,45.0,42.0,6.0,18.0,24.0,15.0,14.0,19.0,28,20.0,39,139,134,0,0,0,0,0,0,0,0,0,0,0,0,0,0,19.5,30.6,31.9,48.1,13.9,24.8,22.4,30.3,19.5,30.6,31.9,48.1,13.9,24.8,22.4,30.3,0.0,0.0,0.0,0.0,0.0,0.0,0.0,0.0,"(CONTRACTS OF 1,000 BARRELS)",N10,CRUDE OIL,PETROLEUM AND PRODUCTS,NATURAL RESOURCES,FutOnly
140603067411F,"CRUDE OIL, LIGHT SWEET-WTI - ICE FUTURES EUROPE",2014-06-03T00:00:00.000,2014 Report Week 22,"CRUDE OIL, LIGHT SWEET-WTI",67411,ICEU,NYC,67,CRUDE OIL,514491,196760,124530,14372,149617,69101,46583,9703,41686,37983,13378,91168,497653,499183,16838,15308,514491,196760,124530,14372,149617,69101,46583,9703,41686,37983,13378,91168,497653,499183,16838,15308,0,0,0,0,0,0,0,0,0,0,0,0,0,0,0,0,16669.0,12258.0,14180.0,2868.0,-973.0,3851.0,-4587.0,909.0,2575.0,3414.0,408.0,-3458.0,16921.0,17492.0,-252.0,-823.0,100.0,38.2,24.2,2.8,29.1,13.4,9.1,1.9,8.1,7.4,2.6,17.7,96.7,97.0,3.3,3.0,100.0,38.2,24.2,2.8,29.1,13.4,9.1,1.9,8.1,7.4,2.6,17.7,96.7,97.0,3.3,3.0,100.0,0.0,0.0,0.0,0.0,0.0,0.0,0.0,0.0,0.0,0.0,0.0,0.0,0.0,0.0,0.0,147,44.0,43.0,8.0,18.0,26.0,14.0,11.0,17.0,25,19.0,37,135,130,147,44.0,43.0,8.0,18.0,26.0,14.0,11.0,17.0,25,19.0,37,135,130,0,0,0,0,0,0,0,0,0,0,0,0,0,0,20.5,30.0,33.9,50.4,11.2,24.6,18.3,28.8,20.5,30.0,33.9,50.4,11.2,24.6,18.3,28.8,0.0,0.0,0.0,0.0,0.0,0.0,0.0,0.0,"(CONTRACTS OF 1,000 BARRELS)",N10,CRUDE OIL,PETROLEUM AND PRODUCTS,NATURAL RESOURCES,FutOnly
140527067411F,"CRUDE OIL, LIGHT SWEET-WTI - ICE FUTURES EUROPE",2014-05-27T00:00:00.000,2014 Report Week 21,"CRUDE OIL, LIGHT SWEET-WTI",67411,ICEU,NYC,67,CRUDE OIL,497822,184502,110350,11504,150590,65250,51170,8794,39111,34569,12970,94626,480732,481691,17090,16131,497822,184502,110350,11504,150590,65250,51170,8794,39111,34569,12970,94626,480732,481691,17090,16131,0,0,0,0,0,0,0,0,0,0,0,0,0,0,0,0,17514.0,-1941.0,4544.0,-1772.0,3845.0,1697.0,1325.0,-3430.0,768.0,8293.0,401.0,7636.0,16006.0,15461.0,1508.0,2053.0,100.0,37.1,22.2,2.3,30.2,13.1,10.3,1.8,7.9,6.9,2.6,19.0,96.6,96.8,3.4,3.2,100.0,37.1,22.2,2.3,30.2,13.1,10.3,1.8,7.9,6.9,2.6,19.0,96.6,96.8,3.4,3.2,100.0,0.0,0.0,0.0,0.0,0.0,0.0,0.0,0.0,0.0,0.0,0.0,0.0,0.0,0.0,0.0,146,42.0,42.0,8.0,17.0,25.0,15.0,11.0,17.0,27,17.0,36,132,128,146,42.0,42.0,8.0,17.0,25.0,15.0,11.0,17.0,27,17.0,36,132,128,0,0,0,0,0,0,0,0,0,0,0,0,0,0,20.5,30.5,33.4,50.7,10.9,25.9,18.1,29.9,20.5,30.5,33.4,50.7,10.9,25.9,18.1,29.9,0.0,0.0,0.0,0.0,0.0,0.0,0.0,0.0,"(CONTRACTS OF 1,000 BARRELS)",N10,CRUDE OIL,PETROLEUM AND PRODUCTS,NATURAL RESOURCES,FutOnly
140520067411F,"CRUDE OIL, LIGHT SWEET-WTI - ICE FUTURES EUROPE",2014-05-20T00:00:00.000,2014 Report Week 20,"CRUDE OIL, LIGHT SWEET-WTI",67411,ICEU,NYC,67,CRUDE OIL,480308,186443,105806,13276,146745,63553,49845,12224,38343,26276,12569,86990,464726,466230,15582,14078,480308,186443,105806,13276,146745,63553,49845,12224,38343,26276,12569,86990,464726,466230,15582,14078,0,0,0,0,0,0,0,0,0,0,0,0,0,0,0,0,-18903.0,-16184.0,-13956.0,-4293.0,-4348.0,-1434.0,2600.0,222.0,-5584.0,-7512.0,-7534.0,16807.0,-15600.0,-15827.0,-3303.0,-3076.0,100.0,38.8,22.0,2.8,30.6,13.2,10.4,2.5,8.0,5.5,2.6,18.1,96.8,97.1,3.2,2.9,100.0,38.8,22.0,2.8,30.6,13.2,10.4,2.5,8.0,5.5,2.6,18.1,96.8,97.1,3.2,2.9,100.0,0.0,0.0,0.0,0.0,0.0,0.0,0.0,0.0,0.0,0.0,0.0,0.0,0.0,0.0,0.0,145,45.0,41.0,8.0,15.0,23.0,15.0,12.0,16.0,24,19.0,35,133,122,145,45.0,41.0,8.0,15.0,23.0,15.0,12.0,16.0,24,19.0,35,133,122,0,0,0,0,0,0,0,0,0,0,0,0,0,0,21.4,32.2,35.2,52.9,11.4,26.3,18.8,30.5,21.4,32.2,35.2,52.9,11.4,26.3,18.8,30.5,0.0,0.0,0.0,0.0,0.0,0.0,0.0,0.0,"(CONTRACTS OF 1,000 BARRELS)",N10,CRUDE OIL,PETROLEUM AND PRODUCTS,NATURAL RESOURCES,FutOnly
140513067411F,"CRUDE OIL, LIGHT SWEET-WTI - ICE FUTURES EUROPE",2014-05-13T00:00:00.000,2014 Report Week 19,"CRUDE OIL, LIGHT SWEET-WTI",67411,ICEU,NYC,67,CRUDE OIL,499211,202627,119762,17569,151093,64987,47245,12002,43927,33788,20103,70183,480326,482057,18885,17154,499211,202627,119762,17569,151093,64987,47245,12002,43927,33788,20103,70183,480326,482057,18885,17154,0,0,0,0,0,0,0,0,0,0,0,0,0,0,0,0,-12758.0,-17103.0,-16058.0,-3425.0,472.0,1613.0,-2439.0,-7588.0,9056.0,1871.0,438.0,-3141.0,-13568.0,-15208.0,810.0,2450.0,100.0,40.6,24.0,3.5,30.3,13.0,9.5,2.4,8.8,6.8,4.0,14.1,96.2,96.6,3.8,3.4,100.0,40.6,24.0,3.5,30.3,13.0,9.5,2.4,8.8,6.8,4.0,14.1,96.2,96.6,3.8,3.4,100.0,0.0,0.0,0.0,0.0,0.0,0.0,0.0,0.0,0.0,0.0,0.0,0.0,0.0,0.0,0.0,138,45.0,39.0,9.0,15.0,24.0,16.0,11.0,17.0,13,26.0,34,129,121,138,45.0,39.0,9.0,15.0,24.0,16.0,11.0,17.0,13,26.0,34,129,121,0,0,0,0,0,0,0,0,0,0,0,0,0,0,22.2,30.5,35.3,49.1,12.0,26.2,19.7,29.9,22.2,30.5,35.3,49.1,12.0,26.2,19.7,29.9,0.0,0.0,0.0,0.0,0.0,0.0,0.0,0.0,"(CONTRACTS OF 1,000 BARRELS)",N10,CRUDE OIL,PETROLEUM AND PRODUCTS,NATURAL RESOURCES,FutOnly
140506067411F,"CRUDE OIL, LIGHT SWEET-WTI - ICE FUTURES EUROPE",2014-05-06T00:00:00.000,2014 Report Week 18,"CRUDE OIL, LIGHT SWEET-WTI",67411,ICEU,NYC,67,CRUDE OIL,511969,219730,135820,20994,150621,63374,49684,19590,34871,31917,19665,73324,493894,497265,18075,14704,511969,219730,135820,20994,150621,63374,49684,19590,34871,31917,19665,73324,493894,497265,18075,14704,0,0,0,0,0,0,0,0,0,0,0,0,0,0,0,0,2931.0,848.0,-3423.0,635.0,-1199.0,2423.0,-942.0,677.0,-694.0,-3469.0,269.0,3654.0,2455.0,1707.0,476.0,1224.0,100.0,42.9,26.5,4.1,29.4,12.4,9.7,3.8,6.8,6.2,3.8,14.3,96.5,97.1,3.5,2.9,100.0,42.9,26.5,4.1,29.4,12.4,9.7,3.8,6.8,6.2,3.8,14.3,96.5,97.1,3.5,2.9,100.0,0.0,0.0,0.0,0.0,0.0,0.0,0.0,0.0,0.0,0.0,0.0,0.0,0.0,0.0,0.0,143,45.0,42.0,8.0,16.0,24.0,11.0,15.0,17.0,18,21.0,39,130,131,143,45.0,42.0,8.0,16.0,24.0,11.0,15.0,17.0,18,21.0,39,130,131,0,0,0,0,0,0,0,0,0,0,0,0,0,0,22.3,30.2,34.5,48.0,12.8,25.5,20.7,30.0,22.3,30.2,34.5,48.0,12.8,25.5,20.7,30.0,0.0,0.0,0.0,0.0,0.0,0.0,0.0,0.0,"(CONTRACTS OF 1,000 BARRELS)",N10,CRUDE OIL,PETROLEUM AND PRODUCTS,NATURAL RESOURCES,FutOnly
140429067411F,"CRUDE OIL, LIGHT SWEET-WTI - ICE FUTURES EUROPE",2014-04-29T00:00:00.000,2014 Report Week 17,"CRUDE OIL, LIGHT SWEET-WTI",67411,ICEU,NYC,67,CRUDE OIL,509038,218882,139243,20359,151820,60951,50626,18913,35565,35386,19396,69670,491439,495558,17599,13480,509038,218882,139243,20359,151820,60951,50626,18913,35565,35386,19396,69670,491439,495558,17599,13480,0,0,0,0,0,0,0,0,0,0,0,0,0,0,0,0,-15647.0,-14254.0,-82.0,-167.0,-4049.0,4477.0,-2346.0,-978.0,257.0,7317.0,-2772.0,-11602.0,-16318.0,-14749.0,671.0,-898.0,100.0,43.0,27.4,4.0,29.8,12.0,9.9,3.7,7.0,7.0,3.8,13.7,96.5,97.4,3.5,2.6,100.0,43.0,27.4,4.0,29.8,12.0,9.9,3.7,7.0,7.0,3.8,13.7,96.5,97.4,3.5,2.6,100.0,0.0,0.0,0.0,0.0,0.0,0.0,0.0,0.0,0.0,0.0,0.0,0.0,0.0,0.0,0.0,139,40.0,43.0,7.0,17.0,24.0,12.0,15.0,18.0,14,22.0,35,121,131,139,40.0,43.0,7.0,17.0,24.0,12.0,15.0,18.0,14,22.0,35,121,131,0,0,0,0,0,0,0,0,0,0,0,0,0,0,22.5,30.4,34.9,48.4,12.4,25.8,21.2,30.6,22.5,30.4,34.9,48.4,12.4,25.8,21.2,30.6,0.0,0.0,0.0,0.0,0.0,0.0,0.0,0.0,"(CONTRACTS OF 1,000 BARRELS)",N10,CRUDE OIL,PETROLEUM AND PRODUCTS,NATURAL RESOURCES,FutOnly
140422067411F,"CRUDE OIL, LIGHT SWEET-WTI - ICE FUTURES EUROPE",2014-04-22T00:00:00.000,2014 Report Week 16,"CRUDE OIL, LIGHT SWEET-WTI",67411,ICEU,NYC,67,CRUDE OIL,524685,233136,139325,20526,155869,56474,52972,19891,35308,28069,22168,81272,507757,510307,16928,14378,524685,233136,139325,20526,155869,56474,52972,19891,35308,28069,22168,81272,507757,510307,16928,14378,0,0,0,0,0,0,0,0,0,0,0,0,0,0,0,0,-24819.0,-9399.0,-7583.0,-75.0,-9037.0,-630.0,-9649.0,175.0,-11160.0,3859.0,337.0,1447.0,-25607.0,-26451.0,788.0,1632.0,100.0,44.4,26.6,3.9,29.7,10.8,10.1,3.8,6.7,5.3,4.2,15.5,96.8,97.3,3.2,2.7,100.0,44.4,26.6,3.9,29.7,10.8,10.1,3.8,6.7,5.3,4.2,15.5,96.8,97.3,3.2,2.7,100.0,0.0,0.0,0.0,0.0,0.0,0.0,0.0,0.0,0.0,0.0,0.0,0.0,0.0,0.0,0.0,146,43.0,42.0,6.0,17.0,23.0,13.0,14.0,17.0,18,24.0,39,130,132,146,43.0,42.0,6.0,17.0,23.0,13.0,14.0,17.0,18,24.0,39,130,132,0,0,0,0,0,0,0,0,0,0,0,0,0,0,20.4,29.4,34.6,48.9,12.2,25.5,21.9,29.9,20.4,29.4,34.6,48.9,12.2,25.5,21.9,29.9,0.0,0.0,0.0,0.0,0.0,0.0,0.0,0.0,"(CONTRACTS OF 1,000 BARRELS)",N10,CRUDE OIL,PETROLEUM AND PRODUCTS,NATURAL RESOURCES,FutOnly
140415067411F,"CRUDE OIL, LIGHT SWEET-WTI - ICE FUTURES EUROPE",2014-04-15T00:00:00.000,2014 Report Week 15,"CRUDE OIL, LIGHT SWEET-WTI",67411,ICEU,NYC,67,CRUDE OIL,549504,242535,146908,20601,164906,57104,62621,19716,46468,24210,21831,79825,533364,536758,16140,12746,549504,242535,146908,20601,164906,57104,62621,19716,46468,24210,21831,79825,533364,536758,16140,12746,0,0,0,0,0,0,0,0,0,0,0,0,0,0,0,0,49.0,1548.0,-18231.0,-4422.0,3291.0,5866.0,-467.0,2570.0,1075.0,-8305.0,1928.0,3736.0,-969.0,235.0,1018.0,-186.0,100.0,44.1,26.7,3.7,30.0,10.4,11.4,3.6,8.5,4.4,4.0,14.5,97.1,97.7,2.9,2.3,100.0,44.1,26.7,3.7,30.0,10.4,11.4,3.6,8.5,4.4,4.0,14.5,97.1,97.7,2.9,2.3,100.0,0.0,0.0,0.0,0.0,0.0,0.0,0.0,0.0,0.0,0.0,0.0,0.0,0.0,0.0,0.0,150,41.0,43.0,7.0,16.0,23.0,15.0,15.0,18.0,19,23.0,40,131,136,150,41.0,43.0,7.0,16.0,23.0,15.0,15.0,18.0,19,23.0,40,131,136,0,0,0,0,0,0,0,0,0,0,0,0,0,0,19.7,28.8,33.8,47.1,13.6,25.4,22.6,30.2,19.7,28.8,33.8,47.1,13.6,25.4,22.6,30.2,0.0,0.0,0.0,0.0,0.0,0.0,0.0,0.0,"(CONTRACTS OF 1,000 BARRELS)",N10,CRUDE OIL,PETROLEUM AND PRODUCTS,NATURAL RESOURCES,FutOnly
140408067411F,"CRUDE OIL, LIGHT SWEET-WTI - ICE FUTURES EUROPE",2014-04-08T00:00:00.000,2014 Report Week 14,"CRUDE OIL, LIGHT SWEET-WTI",67411,ICEU,NYC,67,CRUDE OIL,549455,240987,165139,25023,161615,51238,63088,17146,45393,32515,19903,76089,534333,536523,15122,12932,549455,240987,165139,25023,161615,51238,63088,17146,45393,32515,19903,76089,534333,536523,15122,12932,0,0,0,0,0,0,0,0,0,0,0,0,0,0,0,0,6387.0,9710.0,10902.0,2421.0,522.0,882.0,-3942.0,3279.0,-7868.0,6015.0,-512.0,74.0,7292.0,7279.0,-905.0,-892.0,100.0,43.9,30.1,4.6,29.4,9.3,11.5,3.1,8.3,5.9,3.6,13.8,97.2,97.6,2.8,2.4,100.0,43.9,30.1,4.6,29.4,9.3,11.5,3.1,8.3,5.9,3.6,13.8,97.2,97.6,2.8,2.4,100.0,0.0,0.0,0.0,0.0,0.0,0.0,0.0,0.0,0.0,0.0,0.0,0.0,0.0,0.0,0.0,147,41.0,40.0,8.0,16.0,24.0,17.0,14.0,19.0,20,21.0,40,135,130,147,41.0,40.0,8.0,16.0,24.0,17.0,14.0,19.0,20,21.0,40,135,130,0,0,0,0,0,0,0,0,0,0,0,0,0,0,22.0,29.7,36.1,47.5,12.5,25.1,21.6,30.6,22.0,29.7,36.1,47.5,12.5,25.1,21.6,30.6,0.0,0.0,0.0,0.0,0.0,0.0,0.0,0.0,"(CONTRACTS OF 1,000 BARRELS)",N10,CRUDE OIL,PETROLEUM AND PRODUCTS,NATURAL RESOURCES,FutOnly
140401067411F,"CRUDE OIL, LIGHT SWEET-WTI - ICE FUTURES EUROPE",2014-04-01T00:00:00.000,2014 Report Week 13,"CRUDE OIL, LIGHT SWEET-WTI",67411,ICEU,NYC,67,CRUDE OIL,543068,231277,154237,22602,161093,50356,67030,13867,53261,26500,20415,76015,527041,529244,16027,13824,543068,231277,154237,22602,161093,50356,67030,13867,53261,26500,20415,76015,527041,529244,16027,13824,0,0,0,0,0,0,0,0,0,0,0,0,0,0,0,0,5507.0,-1585.0,4759.0,467.0,3671.0,-2876.0,4042.0,-3487.0,-255.0,2149.0,-2238.0,5986.0,7928.0,5560.0,-2421.0,-53.0,100.0,42.6,28.4,4.2,29.7,9.3,12.3,2.6,9.8,4.9,3.8,14.0,97.0,97.5,3.0,2.5,100.0,42.6,28.4,4.2,29.7,9.3,12.3,2.6,9.8,4.9,3.8,14.0,97.0,97.5,3.0,2.5,100.0,0.0,0.0,0.0,0.0,0.0,0.0,0.0,0.0,0.0,0.0,0.0,0.0,0.0,0.0,0.0,148,41.0,39.0,7.0,17.0,24.0,17.0,12.0,17.0,17,26.0,42,134,131,148,41.0,39.0,7.0,17.0,24.0,17.0,12.0,17.0,17,26.0,42,134,131,0,0,0,0,0,0,0,0,0,0,0,0,0,0,22.0,29.7,36.3,46.6,12.3,24.7,20.8,29.7,22.0,29.7,36.3,46.6,12.3,24.7,20.8,29.7,0.0,0.0,0.0,0.0,0.0,0.0,0.0,0.0,"(CONTRACTS OF 1,000 BARRELS)",N10,CRUDE OIL,PETROLEUM AND PRODUCTS,NATURAL RESOURCES,FutOnly
140325067411F,"CRUDE OIL, LIGHT SWEET - ICE FUTURES EUROPE",2014-03-25T00:00:00.000,2014 Report Week 12,"CRUDE OIL, LIGHT SWEET-WTI",67411,ICEU,NYC,67,CRUDE OIL,537561,232862,149478,22135,157422,53232,62988,17354,53516,24351,22653,70029,519113,523684,18448,13877,537561,232862,149478,22135,157422,53232,62988,17354,53516,24351,22653,70029,519113,523684,18448,13877,0,0,0,0,0,0,0,0,0,0,0,0,0,0,0,0,-15901.0,11865.0,2234.0,1163.0,-4926.0,-3645.0,1194.0,3047.0,-7378.0,-8391.0,3543.0,-11659.0,-16851.0,-18784.0,950.0,2883.0,100.0,43.3,27.8,4.1,29.3,9.9,11.7,3.2,10.0,4.5,4.2,13.0,96.6,97.4,3.4,2.6,100.0,43.3,27.8,4.1,29.3,9.9,11.7,3.2,10.0,4.5,4.2,13.0,96.6,97.4,3.4,2.6,100.0,0.0,0.0,0.0,0.0,0.0,0.0,0.0,0.0,0.0,0.0,0.0,0.0,0.0,0.0,0.0,136,41.0,39.0,8.0,16.0,23.0,16.0,13.0,18.0,13,23.0,35,126,122,136,41.0,39.0,8.0,16.0,23.0,16.0,13.0,18.0,13,23.0,35,126,122,0,0,0,0,0,0,0,0,0,0,0,0,0,0,23.0,29.1,37.1,47.7,12.4,24.8,21.5,30.3,23.0,29.1,37.1,47.7,12.4,24.8,21.5,30.3,0.0,0.0,0.0,0.0,0.0,0.0,0.0,0.0,"(CONTRACTS OF 1,000 BARRELS)",N10,CRUDE OIL,PETROLEUM AND PRODUCTS,NATURAL RESOURCES,FutOnly
140318067411F,"CRUDE OIL, LIGHT SWEET - ICE FUTURES EUROPE",2014-03-18T00:00:00.000,2014 Report Week 11,"CRUDE OIL, LIGHT SWEET-WTI",67411,ICEU,NYC,67,CRUDE OIL,553462,220997,147244,20972,162348,56877,61794,14307,60894,32742,19110,81688,535964,542468,17498,10994,553462,220997,147244,20972,162348,56877,61794,14307,60894,32742,19110,81688,535964,542468,17498,10994,0,0,0,0,0,0,0,0,0,0,0,0,0,0,0,0,-15735.0,1528.0,9446.0,2494.0,-5756.0,1653.0,3761.0,-4176.0,-3853.0,-6978.0,2796.0,-13548.0,-14943.0,-13438.0,-792.0,-2297.0,100.0,39.9,26.6,3.8,29.3,10.3,11.2,2.6,11.0,5.9,3.5,14.8,96.8,98.0,3.2,2.0,100.0,39.9,26.6,3.8,29.3,10.3,11.2,2.6,11.0,5.9,3.5,14.8,96.8,98.0,3.2,2.0,100.0,0.0,0.0,0.0,0.0,0.0,0.0,0.0,0.0,0.0,0.0,0.0,0.0,0.0,0.0,0.0,137,39.0,38.0,7.0,17.0,23.0,17.0,11.0,20.0,15,23.0,39,126,127,137,39.0,38.0,7.0,17.0,23.0,17.0,11.0,20.0,15,23.0,39,126,127,0,0,0,0,0,0,0,0,0,0,0,0,0,0,22.9,28.3,37.0,46.9,10.9,24.3,19.3,29.6,22.9,28.3,37.0,46.9,10.9,24.3,19.3,29.6,0.0,0.0,0.0,0.0,0.0,0.0,0.0,0.0,"(CONTRACTS OF 1,000 BARRELS)",N10,CRUDE OIL,PETROLEUM AND PRODUCTS,NATURAL RESOURCES,FutOnly
140311067411F,"CRUDE OIL, LIGHT SWEET - ICE FUTURES EUROPE",2014-03-11T00:00:00.000,2014 Report Week 10,"CRUDE OIL, LIGHT SWEET-WTI",67411,ICEU,NYC,67,CRUDE OIL,569197,219469,137798,18478,168104,55224,58033,18483,64747,39720,16314,95236,550907,555906,18290,13291,569197,219469,137798,18478,168104,55224,58033,18483,64747,39720,16314,95236,550907,555906,18290,13291,0,0,0,0,0,0,0,0,0,0,0,0,0,0,0,0,-7890.0,-1255.0,-10131.0,409.0,-4077.0,2240.0,-6662.0,2986.0,1874.0,-2537.0,1846.0,-2703.0,-8634.0,-7965.0,744.0,75.0,100.0,38.6,24.2,3.2,29.5,9.7,10.2,3.2,11.4,7.0,2.9,16.7,96.8,97.7,3.2,2.3,100.0,38.6,24.2,3.2,29.5,9.7,10.2,3.2,11.4,7.0,2.9,16.7,96.8,97.7,3.2,2.3,100.0,0.0,0.0,0.0,0.0,0.0,0.0,0.0,0.0,0.0,0.0,0.0,0.0,0.0,0.0,0.0,146,39.0,41.0,6.0,18.0,23.0,14.0,15.0,18.0,20,25.0,41,130,133,146,39.0,41.0,6.0,18.0,23.0,14.0,15.0,18.0,20,25.0,41,130,133,0,0,0,0,0,0,0,0,0,0,0,0,0,0,21.0,26.8,34.4,44.9,10.1,24.4,18.6,29.4,21.0,26.8,34.4,44.9,10.1,24.4,18.6,29.4,0.0,0.0,0.0,0.0,0.0,0.0,0.0,0.0,"(CONTRACTS OF 1,000 BARRELS)",N10,CRUDE OIL,PETROLEUM AND PRODUCTS,NATURAL RESOURCES,FutOnly
140304067411F,"CRUDE OIL, LIGHT SWEET - ICE FUTURES EUROPE",2014-03-04T00:00:00.000,2014 Report Week 09,"CRUDE OIL, LIGHT SWEET-WTI",67411,ICEU,NYC,67,CRUDE OIL,577087,220724,147929,18069,172181,52984,64695,15497,62873,42257,14468,97939,559541,563871,17546,13216,577087,220724,147929,18069,172181,52984,64695,15497,62873,42257,14468,97939,559541,563871,17546,13216,0,0,0,0,0,0,0,0,0,0,0,0,0,0,0,0,22354.0,14782.0,7499.0,-3237.0,-1064.0,2478.0,1209.0,3814.0,-2283.0,-584.0,375.0,9274.0,21639.0,20093.0,715.0,2261.0,100.0,38.2,25.6,3.1,29.8,9.2,11.2,2.7,10.9,7.3,2.5,17.0,97.0,97.7,3.0,2.3,100.0,38.2,25.6,3.1,29.8,9.2,11.2,2.7,10.9,7.3,2.5,17.0,97.0,97.7,3.0,2.3,100.0,0.0,0.0,0.0,0.0,0.0,0.0,0.0,0.0,0.0,0.0,0.0,0.0,0.0,0.0,0.0,141,40.0,42.0,5.0,18.0,22.0,16.0,12.0,20.0,20,20.0,37,128,127,141,40.0,42.0,5.0,18.0,22.0,16.0,12.0,20.0,20,20.0,37,128,127,0,0,0,0,0,0,0,0,0,0,0,0,0,0,21.3,28.2,35.1,46.0,11.3,25.0,19.3,29.9,21.3,28.2,35.1,46.0,11.3,25.0,19.3,29.9,0.0,0.0,0.0,0.0,0.0,0.0,0.0,0.0,"(CONTRACTS OF 1,000 BARRELS)",N10,CRUDE OIL,PETROLEUM AND PRODUCTS,NATURAL RESOURCES,FutOnly
140225067411F,"CRUDE OIL, LIGHT SWEET - ICE FUTURES EUROPE",2014-02-25T00:00:00.000,2014 Report Week 08,"CRUDE OIL, LIGHT SWEET-WTI",67411,ICEU,NYC,67,CRUDE OIL,554733,205942,140430,21306,173245,50506,63486,11683,65156,42841,14093,88665,537902,543778,16831,10955,554733,205942,140430,21306,173245,50506,63486,11683,65156,42841,14093,88665,537902,543778,16831,10955,0,0,0,0,0,0,0,0,0,0,0,0,0,0,0,0,-13131.0,-3303.0,-7164.0,1965.0,1093.0,-5208.0,-8821.0,-1286.0,4644.0,-924.0,-1511.0,-3611.0,-15258.0,-13043.0,2127.0,-88.0,100.0,37.1,25.3,3.8,31.2,9.1,11.4,2.1,11.7,7.7,2.5,16.0,97.0,98.0,3.0,2.0,100.0,37.1,25.3,3.8,31.2,9.1,11.4,2.1,11.7,7.7,2.5,16.0,97.0,98.0,3.0,2.0,100.0,0.0,0.0,0.0,0.0,0.0,0.0,0.0,0.0,0.0,0.0,0.0,0.0,0.0,0.0,0.0,143,39.0,42.0,6.0,18.0,22.0,13.0,15.0,21.0,22,21.0,38,129,130,143,39.0,42.0,6.0,18.0,22.0,13.0,15.0,21.0,22,21.0,38,129,130,0,0,0,0,0,0,0,0,0,0,0,0,0,0,21.3,28.8,35.6,46.8,11.9,26.4,20.1,32.5,21.3,28.8,35.6,46.8,11.9,26.4,20.1,32.5,0.0,0.0,0.0,0.0,0.0,0.0,0.0,0.0,"(CONTRACTS OF 1,000 BARRELS)",N10,CRUDE OIL,PETROLEUM AND PRODUCTS,NATURAL RESOURCES,FutOnly
140218067411F,"CRUDE OIL, LIGHT SWEET - ICE FUTURES EUROPE",2014-02-18T00:00:00.000,2014 Report Week 07,"CRUDE OIL, LIGHT SWEET-WTI",67411,ICEU,NYC,67,CRUDE OIL,567864,209245,147594,19341,172152,55714,72307,12969,60512,43765,15604,92276,553160,556821,14704,11043,567864,209245,147594,19341,172152,55714,72307,12969,60512,43765,15604,92276,553160,556821,14704,11043,0,0,0,0,0,0,0,0,0,0,0,0,0,0,0,0,-2749.0,-3074.0,1923.0,-231.0,-31.0,2957.0,3666.0,77.0,-2689.0,5089.0,3599.0,-6118.0,-400.0,-282.0,-2349.0,-2467.0,100.0,36.8,26.0,3.4,30.3,9.8,12.7,2.3,10.7,7.7,2.7,16.2,97.4,98.1,2.6,1.9,100.0,36.8,26.0,3.4,30.3,9.8,12.7,2.3,10.7,7.7,2.7,16.2,97.4,98.1,2.6,1.9,100.0,0.0,0.0,0.0,0.0,0.0,0.0,0.0,0.0,0.0,0.0,0.0,0.0,0.0,0.0,0.0,148,38.0,42.0,7.0,17.0,25.0,17.0,13.0,23.0,25,22.0,39,132,139,148,38.0,42.0,7.0,17.0,25.0,17.0,13.0,23.0,25,22.0,39,132,139,0,0,0,0,0,0,0,0,0,0,0,0,0,0,22.0,29.0,36.8,47.0,11.5,26.0,19.9,31.9,22.0,29.0,36.8,47.0,11.5,26.0,19.9,31.9,0.0,0.0,0.0,0.0,0.0,0.0,0.0,0.0,"(CONTRACTS OF 1,000 BARRELS)",N10,CRUDE OIL,PETROLEUM AND PRODUCTS,NATURAL RESOURCES,FutOnly
140211067411F,"CRUDE OIL, LIGHT SWEET - ICE FUTURES EUROPE",2014-02-11T00:00:00.000,2014 Report Week 06,"CRUDE OIL, LIGHT SWEET-WTI",67411,ICEU,NYC,67,CRUDE OIL,570613,212319,145671,19572,172183,52757,68641,12892,63201,38676,12005,98394,553560,557103,17053,13510,570613,212319,145671,19572,172183,52757,68641,12892,63201,38676,12005,98394,553560,557103,17053,13510,0,0,0,0,0,0,0,0,0,0,0,0,0,0,0,0,25924.0,17244.0,18227.0,696.0,-5547.0,2003.0,-76.0,2273.0,-4743.0,-1799.0,-68.0,13837.0,27162.0,25982.0,-1238.0,-58.0,100.0,37.2,25.5,3.4,30.2,9.2,12.0,2.3,11.1,6.8,2.1,17.2,97.0,97.6,3.0,2.4,100.0,37.2,25.5,3.4,30.2,9.2,12.0,2.3,11.1,6.8,2.1,17.2,97.0,97.6,3.0,2.4,100.0,0.0,0.0,0.0,0.0,0.0,0.0,0.0,0.0,0.0,0.0,0.0,0.0,0.0,0.0,0.0,146,39.0,43.0,5.0,17.0,22.0,13.0,18.0,21.0,23,19.0,39,131,133,146,39.0,43.0,5.0,17.0,22.0,13.0,18.0,21.0,23,19.0,39,131,133,0,0,0,0,0,0,0,0,0,0,0,0,0,0,22.2,28.3,37.6,47.2,11.8,25.5,20.5,31.2,22.2,28.3,37.6,47.2,11.8,25.5,20.5,31.2,0.0,0.0,0.0,0.0,0.0,0.0,0.0,0.0,"(CONTRACTS OF 1,000 BARRELS)",N10,CRUDE OIL,PETROLEUM AND PRODUCTS,NATURAL RESOURCES,FutOnly
140204067411F,"CRUDE OIL, LIGHT SWEET - ICE FUTURES EUROPE",2014-02-04T00:00:00.000,2014 Report Week 05,"CRUDE OIL, LIGHT SWEET-WTI",67411,ICEU,NYC,67,CRUDE OIL,544689,195075,127444,18876,177730,50754,68717,10619,67944,40475,12073,84557,526398,531121,18291,13568,544689,195075,127444,18876,177730,50754,68717,10619,67944,40475,12073,84557,526398,531121,18291,13568,0,0,0,0,0,0,0,0,0,0,0,0,0,0,0,0,-8334.0,-5933.0,1160.0,251.0,-4465.0,845.0,-250.0,52.0,399.0,2951.0,586.0,-8545.0,-10282.0,-9968.0,1948.0,1634.0,100.0,35.8,23.4,3.5,32.6,9.3,12.6,1.9,12.5,7.4,2.2,15.5,96.6,97.5,3.4,2.5,100.0,35.8,23.4,3.5,32.6,9.3,12.6,1.9,12.5,7.4,2.2,15.5,96.6,97.5,3.4,2.5,100.0,0.0,0.0,0.0,0.0,0.0,0.0,0.0,0.0,0.0,0.0,0.0,0.0,0.0,0.0,0.0,145,43.0,38.0,5.0,17.0,23.0,14.0,16.0,21.0,22,18.0,37,135,125,145,43.0,38.0,5.0,17.0,23.0,14.0,16.0,21.0,22,18.0,37,135,125,0,0,0,0,0,0,0,0,0,0,0,0,0,0,24.0,28.7,37.6,48.7,12.6,27.4,21.3,33.8,24.0,28.7,37.6,48.7,12.6,27.4,21.3,33.8,0.0,0.0,0.0,0.0,0.0,0.0,0.0,0.0,"(CONTRACTS OF 1,000 BARRELS)",N10,CRUDE OIL,PETROLEUM AND PRODUCTS,NATURAL RESOURCES,FutOnly
140128067411F,"CRUDE OIL, LIGHT SWEET - ICE FUTURES EUROPE",2014-01-28T00:00:00.000,2014 Report Week 04,"CRUDE OIL, LIGHT SWEET-WTI",67411,ICEU,NYC,67,CRUDE OIL,553023,201008,126284,18625,182195,49909,68967,10567,67545,37524,11487,93102,536680,541089,16343,11934,553023,201008,126284,18625,182195,49909,68967,10567,67545,37524,11487,93102,536680,541089,16343,11934,0,0,0,0,0,0,0,0,0,0,0,0,0,0,0,0,24991.0,2984.0,7626.0,1471.0,6514.0,1705.0,4298.0,-974.0,3973.0,722.0,-6326.0,11537.0,26690.0,24055.0,-1699.0,936.0,100.0,36.3,22.8,3.4,32.9,9.0,12.5,1.9,12.2,6.8,2.1,16.8,97.0,97.8,3.0,2.2,100.0,36.3,22.8,3.4,32.9,9.0,12.5,1.9,12.2,6.8,2.1,16.8,97.0,97.8,3.0,2.2,100.0,0.0,0.0,0.0,0.0,0.0,0.0,0.0,0.0,0.0,0.0,0.0,0.0,0.0,0.0,0.0,145,44.0,38.0,5.0,17.0,23.0,15.0,13.0,21.0,23,19.0,39,136,125,145,44.0,38.0,5.0,17.0,23.0,15.0,13.0,21.0,23,19.0,39,136,125,0,0,0,0,0,0,0,0,0,0,0,0,0,0,24.0,28.2,38.5,47.7,12.8,26.7,21.6,33.2,24.0,28.2,38.5,47.7,12.8,26.7,21.6,33.2,0.0,0.0,0.0,0.0,0.0,0.0,0.0,0.0,"(CONTRACTS OF 1,000 BARRELS)",N10,CRUDE OIL,PETROLEUM AND PRODUCTS,NATURAL RESOURCES,FutOnly
140121067411F,"CRUDE OIL, LIGHT SWEET - ICE FUTURES EUROPE",2014-01-21T00:00:00.000,2014 Report Week 03,"CRUDE OIL, LIGHT SWEET-WTI",67411,ICEU,NYC,67,CRUDE OIL,528032,198024,118658,17154,175681,48204,64669,11541,63572,36802,17813,81565,509990,517034,18042,10998,528032,198024,118658,17154,175681,48204,64669,11541,63572,36802,17813,81565,509990,517034,18042,10998,0,0,0,0,0,0,0,0,0,0,0,0,0,0,0,0,-4503.0,3574.0,-7054.0,-4755.0,3204.0,-4184.0,1576.0,-453.0,-1054.0,-425.0,2163.0,4497.0,-771.0,-2881.0,-3732.0,-1622.0,100.0,37.5,22.5,3.2,33.3,9.1,12.2,2.2,12.0,7.0,3.4,15.4,96.6,97.9,3.4,2.1,100.0,37.5,22.5,3.2,33.3,9.1,12.2,2.2,12.0,7.0,3.4,15.4,96.6,97.9,3.4,2.1,100.0,0.0,0.0,0.0,0.0,0.0,0.0,0.0,0.0,0.0,0.0,0.0,0.0,0.0,0.0,0.0,142,43.0,35.0,5.0,16.0,22.0,15.0,12.0,20.0,22,22.0,37,132,120,142,43.0,35.0,5.0,16.0,22.0,15.0,12.0,20.0,22,22.0,37,132,120,0,0,0,0,0,0,0,0,0,0,0,0,0,0,23.5,28.2,37.7,47.7,13.3,26.4,22.3,33.2,23.5,28.2,37.7,47.7,13.3,26.4,22.3,33.2,0.0,0.0,0.0,0.0,0.0,0.0,0.0,0.0,"(CONTRACTS OF 1,000 BARRELS)",N10,CRUDE OIL,PETROLEUM AND PRODUCTS,NATURAL RESOURCES,FutOnly
140114067411F,"CRUDE OIL, LIGHT SWEET - ICE FUTURES EUROPE",2014-01-14T00:00:00.000,2014 Report Week 02,"CRUDE OIL, LIGHT SWEET-WTI",67411,ICEU,NYC,67,CRUDE OIL,532535,194450,125712,21909,172477,52388,63093,11994,64626,37227,15650,77068,510761,519915,21774,12620,532535,194450,125712,21909,172477,52388,63093,11994,64626,37227,15650,77068,510761,519915,21774,12620,0,0,0,0,0,0,0,0,0,0,0,0,0,0,0,0,-6953.0,-8517.0,-10669.0,204.0,3770.0,-2258.0,1011.0,424.0,106.0,3886.0,4235.0,-3299.0,-8867.0,-7691.0,1914.0,738.0,100.0,36.5,23.6,4.1,32.4,9.8,11.8,2.3,12.1,7.0,2.9,14.5,95.9,97.6,4.1,2.4,100.0,36.5,23.6,4.1,32.4,9.8,11.8,2.3,12.1,7.0,2.9,14.5,95.9,97.6,4.1,2.4,100.0,0.0,0.0,0.0,0.0,0.0,0.0,0.0,0.0,0.0,0.0,0.0,0.0,0.0,0.0,0.0,137,43.0,34.0,6.0,16.0,23.0,14.0,11.0,19.0,20,20.0,36,127,118,137,43.0,34.0,6.0,16.0,23.0,14.0,11.0,19.0,20,20.0,36,127,118,0,0,0,0,0,0,0,0,0,0,0,0,0,0,24.1,27.4,38.4,46.8,12.5,25.2,21.4,31.7,24.1,27.4,38.4,46.8,12.5,25.2,21.4,31.7,0.0,0.0,0.0,0.0,0.0,0.0,0.0,0.0,"(CONTRACTS OF 1,000 BARRELS)",N10,CRUDE OIL,PETROLEUM AND PRODUCTS,NATURAL RESOURCES,FutOnly
140107067411F,"CRUDE OIL, LIGHT SWEET - ICE FUTURES EUROPE",2014-01-07T00:00:00.000,2014 Report Week 01,"CRUDE OIL, LIGHT SWEET-WTI",67411,ICEU,NYC,67,CRUDE OIL,539488,202967,136381,21705,168707,54646,62082,11570,64520,33341,11415,80367,519628,527606,19860,11882,539488,202967,136381,21705,168707,54646,62082,11570,64520,33341,11415,80367,519628,527606,19860,11882,0,0,0,0,0,0,0,0,0,0,0,0,0,0,0,0,18748.0,6440.0,511.0,1304.0,-2215.0,7590.0,-1518.0,3933.0,122.0,-3743.0,102.0,7406.0,17601.0,17449.0,1147.0,1299.0,100.0,37.6,25.3,4.0,31.3,10.1,11.5,2.1,12.0,6.2,2.1,14.9,96.3,97.8,3.7,2.2,100.0,37.6,25.3,4.0,31.3,10.1,11.5,2.1,12.0,6.2,2.1,14.9,96.3,97.8,3.7,2.2,100.0,0.0,0.0,0.0,0.0,0.0,0.0,0.0,0.0,0.0,0.0,0.0,0.0,0.0,0.0,0.0,135,43.0,33.0,7.0,15.0,23.0,14.0,12.0,21.0,18,20.0,35,128,116,135,43.0,33.0,7.0,15.0,23.0,14.0,12.0,21.0,18,20.0,35,128,116,0,0,0,0,0,0,0,0,0,0,0,0,0,0,24.4,27.6,38.6,48.3,14.0,24.7,22.3,32.6,24.4,27.6,38.6,48.3,14.0,24.7,22.3,32.6,0.0,0.0,0.0,0.0,0.0,0.0,0.0,0.0,"(CONTRACTS OF 1,000 BARRELS)",N10,CRUDE OIL,PETROLEUM AND PRODUCTS,NATURAL RESOURCES,FutOnly
131231067411F,"CRUDE OIL, LIGHT SWEET - ICE FUTURES EUROPE",2013-12-31T00:00:00.000,2013 Report Week 52,"CRUDE OIL, LIGHT SWEET-WTI",67411,ICEU,NYC,67,CRUDE OIL,520740,196527,135870,20401,170922,47056,63600,7637,64398,37084,11313,72961,502027,510157,18713,10583,520740,196527,135870,20401,170922,47056,63600,7637,64398,37084,11313,72961,502027,510157,18713,10583,0,0,0,0,0,0,0,0,0,0,0,0,0,0,0,0,-6855.0,-663.0,-5675.0,67.0,461.0,-2066.0,-3830.0,18.0,-903.0,-672.0,891.0,432.0,-7635.0,-6842.0,780.0,-13.0,100.0,37.7,26.1,3.9,32.8,9.0,12.2,1.5,12.4,7.1,2.2,14.0,96.4,98.0,3.6,2.0,100.0,37.7,26.1,3.9,32.8,9.0,12.2,1.5,12.4,7.1,2.2,14.0,96.4,98.0,3.6,2.0,100.0,0.0,0.0,0.0,0.0,0.0,0.0,0.0,0.0,0.0,0.0,0.0,0.0,0.0,0.0,0.0,132,41.0,32.0,7.0,15.0,23.0,16.0,10.0,19.0,19,20.0,31,124,111,132,41.0,32.0,7.0,15.0,23.0,16.0,10.0,19.0,19,20.0,31,124,111,0,0,0,0,0,0,0,0,0,0,0,0,0,0,25.6,28.9,40.2,49.6,15.0,25.2,23.3,34.8,25.6,28.9,40.2,49.6,15.0,25.2,23.3,34.8,0.0,0.0,0.0,0.0,0.0,0.0,0.0,0.0,"(CONTRACTS OF 1,000 BARRELS)",N10,CRUDE OIL,PETROLEUM AND PRODUCTS,NATURAL RESOURCES,FutOnly
131224067411F,"CRUDE OIL, LIGHT SWEET - ICE FUTURES EUROPE",2013-12-24T00:00:00.000,2013 Report Week 51,"CRUDE OIL, LIGHT SWEET-WTI",67411,ICEU,NYC,67,CRUDE OIL,527595,197190,141545,20334,170461,49122,67430,7619,65301,37756,10422,72529,509662,516999,17933,10596,527595,197190,141545,20334,170461,49122,67430,7619,65301,37756,10422,72529,509662,516999,17933,10596,0,0,0,0,0,0,0,0,0,0,0,0,0,0,0,0,-17276.0,-5870.0,-1793.0,958.0,-1808.0,-3353.0,615.0,359.0,1379.0,1379.0,98.0,-7910.0,-12802.0,-13028.0,-4474.0,-4248.0,100.0,37.4,26.8,3.9,32.3,9.3,12.8,1.4,12.4,7.2,2.0,13.7,96.6,98.0,3.4,2.0,100.0,37.4,26.8,3.9,32.3,9.3,12.8,1.4,12.4,7.2,2.0,13.7,96.6,98.0,3.4,2.0,100.0,0.0,0.0,0.0,0.0,0.0,0.0,0.0,0.0,0.0,0.0,0.0,0.0,0.0,0.0,0.0,137,43.0,34.0,7.0,16.0,24.0,18.0,11.0,20.0,18,19.0,28,127,113,137,43.0,34.0,7.0,16.0,24.0,18.0,11.0,20.0,18,19.0,28,127,113,0,0,0,0,0,0,0,0,0,0,0,0,0,0,25.4,29.4,39.6,50.0,14.9,25.0,23.1,35.6,25.4,29.4,39.6,50.0,14.9,25.0,23.1,35.6,0.0,0.0,0.0,0.0,0.0,0.0,0.0,0.0,"(CONTRACTS OF 1,000 BARRELS)",N10,CRUDE OIL,PETROLEUM AND PRODUCTS,NATURAL RESOURCES,FutOnly
131217067411F,"CRUDE OIL, LIGHT SWEET - ICE FUTURES EUROPE",2013-12-17T00:00:00.000,2013 Report Week 50,"CRUDE OIL, LIGHT SWEET-WTI",67411,ICEU,NYC,67,CRUDE OIL,544871,203060,143338,19376,172269,52475,66815,7260,63922,36377,10324,80439,522464,530027,22407,14844,544871,203060,143338,19376,172269,52475,66815,7260,63922,36377,10324,80439,522464,530027,22407,14844,0,0,0,0,0,0,0,0,0,0,0,0,0,0,0,0,-13931.0,-3101.0,-1460.0,-2020.0,7744.0,-1613.0,1249.0,-4646.0,-1308.0,3003.0,-2130.0,-7892.0,-11682.0,-11305.0,-2249.0,-2626.0,100.0,37.3,26.3,3.6,31.6,9.6,12.3,1.3,11.7,6.7,1.9,14.8,95.9,97.3,4.1,2.7,100.0,37.3,26.3,3.6,31.6,9.6,12.3,1.3,11.7,6.7,1.9,14.8,95.9,97.3,4.1,2.7,100.0,0.0,0.0,0.0,0.0,0.0,0.0,0.0,0.0,0.0,0.0,0.0,0.0,0.0,0.0,0.0,143,45.0,38.0,7.0,16.0,24.0,20.0,9.0,20.0,22,18.0,33,135,120,143,45.0,38.0,7.0,16.0,24.0,20.0,9.0,20.0,22,18.0,33,135,120,0,0,0,0,0,0,0,0,0,0,0,0,0,0,25.1,27.2,38.6,47.5,14.5,23.6,22.0,33.4,25.1,27.2,38.6,47.5,14.5,23.6,22.0,33.4,0.0,0.0,0.0,0.0,0.0,0.0,0.0,0.0,"(CONTRACTS OF 1,000 BARRELS)",N10,CRUDE OIL,PETROLEUM AND PRODUCTS,NATURAL RESOURCES,FutOnly
131210067411F,"CRUDE OIL, LIGHT SWEET - ICE FUTURES EUROPE",2013-12-10T00:00:00.000,2013 Report Week 49,"CRUDE OIL, LIGHT SWEET-WTI",67411,ICEU,NYC,67,CRUDE OIL,558802,206161,144798,21396,164525,54088,65566,11906,65230,33374,12454,88331,534146,541332,24656,17470,558802,206161,144798,21396,164525,54088,65566,11906,65230,33374,12454,88331,534146,541332,24656,17470,0,0,0,0,0,0,0,0,0,0,0,0,0,0,0,0,-13879.0,26237.0,8594.0,578.0,5926.0,196.0,-5436.0,157.0,-9351.0,-12843.0,2257.0,-3932.0,-4551.0,3847.0,-9328.0,-17726.0,100.0,36.9,25.9,3.8,29.4,9.7,11.7,2.1,11.7,6.0,2.2,15.8,95.6,96.9,4.4,3.1,100.0,36.9,25.9,3.8,29.4,9.7,11.7,2.1,11.7,6.0,2.2,15.8,95.6,96.9,4.4,3.1,100.0,0.0,0.0,0.0,0.0,0.0,0.0,0.0,0.0,0.0,0.0,0.0,0.0,0.0,0.0,0.0,153,49.0,37.0,7.0,16.0,24.0,18.0,12.0,20.0,22,23.0,38,145,125,153,49.0,37.0,7.0,16.0,24.0,18.0,12.0,20.0,22,23.0,38,145,125,0,0,0,0,0,0,0,0,0,0,0,0,0,0,24.2,25.9,37.3,45.9,14.1,23.1,21.9,32.4,24.2,25.9,37.3,45.9,14.1,23.1,21.9,32.4,0.0,0.0,0.0,0.0,0.0,0.0,0.0,0.0,"(CONTRACTS OF 1,000 BARRELS)",N10,CRUDE OIL,PETROLEUM AND PRODUCTS,NATURAL RESOURCES,FutOnly
131203067411F,"CRUDE OIL, LIGHT SWEET - ICE FUTURES EUROPE",2013-12-03T00:00:00.000,2013 Report Week 48,"CRUDE OIL, LIGHT SWEET-WTI",67411,ICEU,NYC,67,CRUDE OIL,572681,179924,136204,20818,158599,53892,71002,11749,74581,46217,10197,92263,538697,537485,33984,35196,572681,179924,136204,20818,158599,53892,71002,11749,74581,46217,10197,92263,538697,537485,33984,35196,0,0,0,0,0,0,0,0,0,0,0,0,0,0,0,0,10608.0,-12378.0,3760.0,-2013.0,-2467.0,4578.0,2030.0,-1144.0,1516.0,147.0,-938.0,5601.0,-519.0,10906.0,11127.0,-298.0,100.0,31.4,23.8,3.6,27.7,9.4,12.4,2.1,13.0,8.1,1.8,16.1,94.1,93.9,5.9,6.1,100.0,31.4,23.8,3.6,27.7,9.4,12.4,2.1,13.0,8.1,1.8,16.1,94.1,93.9,5.9,6.1,100.0,0.0,0.0,0.0,0.0,0.0,0.0,0.0,0.0,0.0,0.0,0.0,0.0,0.0,0.0,0.0,157,49.0,37.0,8.0,15.0,23.0,20.0,13.0,20.0,25,19.0,39,149,124,157,49.0,37.0,8.0,15.0,23.0,20.0,13.0,20.0,25,19.0,39,149,124,0,0,0,0,0,0,0,0,0,0,0,0,0,0,24.5,27.4,37.5,46.3,13.6,23.3,20.7,32.2,24.5,27.4,37.5,46.3,13.6,23.3,20.7,32.2,0.0,0.0,0.0,0.0,0.0,0.0,0.0,0.0,"(CONTRACTS OF 1,000 BARRELS)",N10,CRUDE OIL,PETROLEUM AND PRODUCTS,NATURAL RESOURCES,FutOnly
131126067411F,"CRUDE OIL, LIGHT SWEET - ICE FUTURES EUROPE",2013-11-26T00:00:00.000,2013 Report Week 47,"CRUDE OIL, LIGHT SWEET-WTI",67411,ICEU,NYC,67,CRUDE OIL,562073,192302,132444,22831,161066,49314,68972,12893,73065,46070,11135,86662,539216,526579,22857,35494,562073,192302,132444,22831,161066,49314,68972,12893,73065,46070,11135,86662,539216,526579,22857,35494,0,0,0,0,0,0,0,0,0,0,0,0,0,0,0,0,-7589.0,-18516.0,-8494.0,6501.0,-7622.0,-2734.0,2330.0,-1020.0,1552.0,3694.0,2231.0,-1269.0,-8442.0,-17356.0,853.0,9767.0,100.0,34.2,23.6,4.1,28.7,8.8,12.3,2.3,13.0,8.2,2.0,15.4,95.9,93.7,4.1,6.3,100.0,34.2,23.6,4.1,28.7,8.8,12.3,2.3,13.0,8.2,2.0,15.4,95.9,93.7,4.1,6.3,100.0,0.0,0.0,0.0,0.0,0.0,0.0,0.0,0.0,0.0,0.0,0.0,0.0,0.0,0.0,0.0,149,45.0,37.0,8.0,15.0,22.0,21.0,11.0,19.0,23,20.0,36,139,121,149,45.0,37.0,8.0,15.0,22.0,21.0,11.0,19.0,23,20.0,36,139,121,0,0,0,0,0,0,0,0,0,0,0,0,0,0,26.8,28.7,41.0,47.7,15.9,24.3,23.1,34.0,26.8,28.7,41.0,47.7,15.9,24.3,23.1,34.0,0.0,0.0,0.0,0.0,0.0,0.0,0.0,0.0,"(CONTRACTS OF 1,000 BARRELS)",N10,CRUDE OIL,PETROLEUM AND PRODUCTS,NATURAL RESOURCES,FutOnly
131119067411F,"CRUDE OIL, LIGHT SWEET - ICE FUTURES EUROPE",2013-11-19T00:00:00.000,2013 Report Week 46,"CRUDE OIL, LIGHT SWEET-WTI",67411,ICEU,NYC,67,CRUDE OIL,569662,210818,140938,16330,168688,52048,66642,13913,71513,42376,8904,87931,547658,543935,22004,25727,569662,210818,140938,16330,168688,52048,66642,13913,71513,42376,8904,87931,547658,543935,22004,25727,0,0,0,0,0,0,0,0,0,0,0,0,0,0,0,0,-5081.0,-13058.0,14731.0,2252.0,-3855.0,-6567.0,6316.0,-442.0,-5424.0,7445.0,-6105.0,2715.0,-6321.0,-4947.0,1240.0,-134.0,100.0,37.0,24.7,2.9,29.6,9.1,11.7,2.4,12.6,7.4,1.6,15.4,96.1,95.5,3.9,4.5,100.0,37.0,24.7,2.9,29.6,9.1,11.7,2.4,12.6,7.4,1.6,15.4,96.1,95.5,3.9,4.5,100.0,0.0,0.0,0.0,0.0,0.0,0.0,0.0,0.0,0.0,0.0,0.0,0.0,0.0,0.0,0.0,147,45.0,34.0,6.0,16.0,22.0,17.0,14.0,20.0,23,20.0,37,140,118,147,45.0,34.0,6.0,16.0,22.0,17.0,14.0,20.0,23,20.0,37,140,118,0,0,0,0,0,0,0,0,0,0,0,0,0,0,28.0,28.3,42.3,48.0,16.5,25.4,23.3,33.2,28.0,28.3,42.3,48.0,16.5,25.4,23.3,33.2,0.0,0.0,0.0,0.0,0.0,0.0,0.0,0.0,"(CONTRACTS OF 1,000 BARRELS)",N10,CRUDE OIL,PETROLEUM AND PRODUCTS,NATURAL RESOURCES,FutOnly
131112067411F,"CRUDE OIL, LIGHT SWEET - ICE FUTURES EUROPE",2013-11-12T00:00:00.000,2013 Report Week 45,"CRUDE OIL, LIGHT SWEET-WTI",67411,ICEU,NYC,67,CRUDE OIL,574743,223876,126207,14078,172543,58615,60326,14355,76937,34931,15009,85216,553979,548882,20764,25861,574743,223876,126207,14078,172543,58615,60326,14355,76937,34931,15009,85216,553979,548882,20764,25861,0,0,0,0,0,0,0,0,0,0,0,0,0,0,0,0,-12012.0,-10977.0,4913.0,494.0,-12797.0,1896.0,-164.0,3324.0,-3437.0,2431.0,-2036.0,-3703.0,-13460.0,-11840.0,1448.0,-172.0,100.0,39.0,22.0,2.4,30.0,10.2,10.5,2.5,13.4,6.1,2.6,14.8,96.4,95.5,3.6,4.5,100.0,39.0,22.0,2.4,30.0,10.2,10.5,2.5,13.4,6.1,2.6,14.8,96.4,95.5,3.6,4.5,100.0,0.0,0.0,0.0,0.0,0.0,0.0,0.0,0.0,0.0,0.0,0.0,0.0,0.0,0.0,0.0,147,47.0,38.0,7.0,16.0,23.0,20.0,12.0,25.0,19,18.0,36,140,127,147,47.0,38.0,7.0,16.0,23.0,20.0,12.0,25.0,19,18.0,36,140,127,0,0,0,0,0,0,0,0,0,0,0,0,0,0,28.1,28.0,41.9,46.7,18.0,25.3,24.2,31.4,28.1,28.0,41.9,46.7,18.0,25.3,24.2,31.4,0.0,0.0,0.0,0.0,0.0,0.0,0.0,0.0,"(CONTRACTS OF 1,000 BARRELS)",N10,CRUDE OIL,PETROLEUM AND PRODUCTS,NATURAL RESOURCES,FutOnly
131105067411F,"CRUDE OIL, LIGHT SWEET - ICE FUTURES EUROPE",2013-11-05T00:00:00.000,2013 Report Week 44,"CRUDE OIL, LIGHT SWEET-WTI",67411,ICEU,NYC,67,CRUDE OIL,586755,234853,121294,13584,185340,56719,60490,11031,80374,32500,17045,88919,567439,560722,19316,26033,586755,234853,121294,13584,185340,56719,60490,11031,80374,32500,17045,88919,567439,560722,19316,26033,0,0,0,0,0,0,0,0,0,0,0,0,0,0,0,0,-12162.0,-21955.0,-1878.0,3667.0,-13869.0,2929.0,-2593.0,2377.0,1275.0,11395.0,1513.0,-3365.0,-8647.0,-11018.0,-3515.0,-1144.0,100.0,40.0,20.7,2.3,31.6,9.7,10.3,1.9,13.7,5.5,2.9,15.2,96.7,95.6,3.3,4.4,100.0,40.0,20.7,2.3,31.6,9.7,10.3,1.9,13.7,5.5,2.9,15.2,96.7,95.6,3.3,4.4,100.0,0.0,0.0,0.0,0.0,0.0,0.0,0.0,0.0,0.0,0.0,0.0,0.0,0.0,0.0,0.0,150,48.0,37.0,8.0,17.0,23.0,19.0,12.0,21.0,20,22.0,37,139,127,150,48.0,37.0,8.0,17.0,23.0,19.0,12.0,21.0,20,22.0,37,139,127,0,0,0,0,0,0,0,0,0,0,0,0,0,0,28.3,27.6,41.5,46.3,17.3,24.6,23.6,31.3,28.3,27.6,41.5,46.3,17.3,24.6,23.6,31.3,0.0,0.0,0.0,0.0,0.0,0.0,0.0,0.0,"(CONTRACTS OF 1,000 BARRELS)",N10,CRUDE OIL,PETROLEUM AND PRODUCTS,NATURAL RESOURCES,FutOnly
131029067411F,"CRUDE OIL, LIGHT SWEET - ICE FUTURES EUROPE",2013-10-29T00:00:00.000,2013 Report Week 43,"CRUDE OIL, LIGHT SWEET-WTI",67411,ICEU,NYC,67,CRUDE OIL,598917,256808,123172,9917,199209,53790,63083,8654,79099,21105,15532,92284,576086,571740,22831,27177,598917,256808,123172,9917,199209,53790,63083,8654,79099,21105,15532,92284,576086,571740,22831,27177,0,0,0,0,0,0,0,0,0,0,0,0,0,0,0,0,-4279.0,11183.0,3884.0,1322.0,-7160.0,1616.0,-10034.0,-4760.0,-8150.0,-11745.0,1205.0,7292.0,-8516.0,-6073.0,4237.0,1794.0,100.0,42.9,20.6,1.7,33.3,9.0,10.5,1.4,13.2,3.5,2.6,15.4,96.2,95.5,3.8,4.5,100.0,42.9,20.6,1.7,33.3,9.0,10.5,1.4,13.2,3.5,2.6,15.4,96.2,95.5,3.8,4.5,100.0,0.0,0.0,0.0,0.0,0.0,0.0,0.0,0.0,0.0,0.0,0.0,0.0,0.0,0.0,0.0,143,45.0,38.0,7.0,17.0,23.0,19.0,12.0,21.0,12,23.0,35,133,124,143,45.0,38.0,7.0,17.0,23.0,19.0,12.0,21.0,12,23.0,35,133,124,0,0,0,0,0,0,0,0,0,0,0,0,0,0,27.2,27.7,38.7,45.3,17.0,24.2,23.3,31.7,27.2,27.7,38.7,45.3,17.0,24.2,23.3,31.7,0.0,0.0,0.0,0.0,0.0,0.0,0.0,0.0,"(CONTRACTS OF 1,000 BARRELS)",N10,CRUDE OIL,PETROLEUM AND PRODUCTS,NATURAL RESOURCES,FutOnly
131022067411F,"CRUDE OIL, LIGHT SWEET - ICE FUTURES EUROPE",2013-10-22T00:00:00.000,2013 Report Week 42,"CRUDE OIL, LIGHT SWEET-WTI",67411,ICEU,NYC,67,CRUDE OIL,603196,245625,119288,8595,206369,52174,73117,13414,87249,32850,14327,84992,584602,577813,18594,25383,603196,245625,119288,8595,206369,52174,73117,13414,87249,32850,14327,84992,584602,577813,18594,25383,0,0,0,0,0,0,0,0,0,0,0,0,0,0,0,0,-9960.0,-11624.0,10372.0,2900.0,-1532.0,-8913.0,10490.0,2125.0,1979.0,10621.0,-2124.0,-17344.0,-11891.0,-15437.0,1931.0,5477.0,100.0,40.7,19.8,1.4,34.2,8.6,12.1,2.2,14.5,5.4,2.4,14.1,96.9,95.8,3.1,4.2,100.0,40.7,19.8,1.4,34.2,8.6,12.1,2.2,14.5,5.4,2.4,14.1,96.9,95.8,3.1,4.2,100.0,0.0,0.0,0.0,0.0,0.0,0.0,0.0,0.0,0.0,0.0,0.0,0.0,0.0,0.0,0.0,144,44.0,36.0,8.0,18.0,24.0,19.0,14.0,23.0,15,21.0,32,132,124,144,44.0,36.0,8.0,18.0,24.0,19.0,14.0,23.0,15,21.0,32,132,124,0,0,0,0,0,0,0,0,0,0,0,0,0,0,29.4,28.2,43.2,45.3,19.4,25.2,26.4,32.7,29.4,28.2,43.2,45.3,19.4,25.2,26.4,32.7,0.0,0.0,0.0,0.0,0.0,0.0,0.0,0.0,"(CONTRACTS OF 1,000 BARRELS)",N10,CRUDE OIL,PETROLEUM AND PRODUCTS,NATURAL RESOURCES,FutOnly
131015067411F,"CRUDE OIL, LIGHT SWEET - ICE FUTURES EUROPE",2013-10-15T00:00:00.000,2013 Report Week 41,"CRUDE OIL, LIGHT SWEET-WTI",67411,ICEU,NYC,67,CRUDE OIL,613156,257249,108916,5695,207901,61087,62627,11289,85270,22229,16451,102336,596493,593250,16663,19906,613156,257249,108916,5695,207901,61087,62627,11289,85270,22229,16451,102336,596493,593250,16663,19906,0,0,0,0,0,0,0,0,0,0,0,0,0,0,0,0,8055.0,-6992.0,5882.0,398.0,-4478.0,4736.0,456.0,-1397.0,-2897.0,-775.0,-9036.0,12808.0,7734.0,5618.0,321.0,2437.0,100.0,42.0,17.8,0.9,33.9,10.0,10.2,1.8,13.9,3.6,2.7,16.7,97.3,96.8,2.7,3.2,100.0,42.0,17.8,0.9,33.9,10.0,10.2,1.8,13.9,3.6,2.7,16.7,97.3,96.8,2.7,3.2,100.0,0.0,0.0,0.0,0.0,0.0,0.0,0.0,0.0,0.0,0.0,0.0,0.0,0.0,0.0,0.0,150,46.0,40.0,6.0,19.0,24.0,20.0,13.0,24.0,15,24.0,34,140,129,150,46.0,40.0,6.0,19.0,24.0,20.0,13.0,24.0,15,24.0,34,140,129,0,0,0,0,0,0,0,0,0,0,0,0,0,0,30.4,28.3,43.2,45.0,23.5,24.1,29.4,31.6,30.4,28.3,43.2,45.0,23.5,24.1,29.4,31.6,0.0,0.0,0.0,0.0,0.0,0.0,0.0,0.0,"(CONTRACTS OF 1,000 BARRELS)",N10,CRUDE OIL,PETROLEUM AND PRODUCTS,NATURAL RESOURCES,FutOnly
131008067411F,"CRUDE OIL, LIGHT SWEET - ICE FUTURES EUROPE",2013-10-08T00:00:00.000,2013 Report Week 40,"CRUDE OIL, LIGHT SWEET-WTI",67411,ICEU,NYC,67,CRUDE OIL,605101,264241,103034,5297,212379,56351,62171,12686,88167,23004,25487,89528,588759,587632,16342,17469,605101,264241,103034,5297,212379,56351,62171,12686,88167,23004,25487,89528,588759,587632,16342,17469,0,0,0,0,0,0,0,0,0,0,0,0,0,0,0,0,1075.0,6577.0,-4314.0,922.0,5978.0,-479.0,3262.0,1739.0,4557.0,-2746.0,5440.0,-10743.0,1350.0,2178.0,-275.0,-1103.0,100.0,43.7,17.0,0.9,35.1,9.3,10.3,2.1,14.6,3.8,4.2,14.8,97.3,97.1,2.7,2.9,100.0,43.7,17.0,0.9,35.1,9.3,10.3,2.1,14.6,3.8,4.2,14.8,97.3,97.1,2.7,2.9,100.0,0.0,0.0,0.0,0.0,0.0,0.0,0.0,0.0,0.0,0.0,0.0,0.0,0.0,0.0,0.0,153,45.0,41.0,6.0,21.0,25.0,18.0,14.0,26.0,16,26.0,35,141,136,153,45.0,41.0,6.0,21.0,25.0,18.0,14.0,26.0,16,26.0,35,141,136,0,0,0,0,0,0,0,0,0,0,0,0,0,0,31.6,28.4,44.3,45.8,26.4,24.9,31.4,33.7,31.6,28.4,44.3,45.8,26.4,24.9,31.4,33.7,0.0,0.0,0.0,0.0,0.0,0.0,0.0,0.0,"(CONTRACTS OF 1,000 BARRELS)",N10,CRUDE OIL,PETROLEUM AND PRODUCTS,NATURAL RESOURCES,FutOnly
131001067411F,"CRUDE OIL, LIGHT SWEET - ICE FUTURES EUROPE",2013-10-01T00:00:00.000,2013 Report Week 39,"CRUDE OIL, LIGHT SWEET-WTI",67411,ICEU,NYC,67,CRUDE OIL,604026,257664,107348,4375,206401,56830,58909,10947,83610,25750,20047,100271,587409,585454,16617,18572,604026,257664,107348,4375,206401,56830,58909,10947,83610,25750,20047,100271,587409,585454,16617,18572,0,0,0,0,0,0,0,0,0,0,0,0,0,0,0,0,11186.0,2574.0,-1764.0,2054.0,-2766.0,3966.0,-206.0,-1870.0,6692.0,-5415.0,4404.0,3852.0,13517.0,12514.0,-2331.0,-1328.0,100.0,42.7,17.8,0.7,34.2,9.4,9.8,1.8,13.8,4.3,3.3,16.6,97.2,96.9,2.8,3.1,100.0,42.7,17.8,0.7,34.2,9.4,9.8,1.8,13.8,4.3,3.3,16.6,97.2,96.9,2.8,3.1,100.0,0.0,0.0,0.0,0.0,0.0,0.0,0.0,0.0,0.0,0.0,0.0,0.0,0.0,0.0,0.0,149,41.0,41.0,6.0,19.0,24.0,17.0,15.0,23.0,17,29.0,36,134,135,149,41.0,41.0,6.0,19.0,24.0,17.0,15.0,23.0,17,29.0,36,134,135,0,0,0,0,0,0,0,0,0,0,0,0,0,0,32.6,28.1,45.5,45.4,26.6,24.4,31.2,32.3,32.6,28.1,45.5,45.4,26.6,24.4,31.2,32.3,0.0,0.0,0.0,0.0,0.0,0.0,0.0,0.0,"(CONTRACTS OF 1,000 BARRELS)",N10,CRUDE OIL,PETROLEUM AND PRODUCTS,NATURAL RESOURCES,FutOnly
130924067411F,"CRUDE OIL, LIGHT SWEET - ICE FUTURES EUROPE",2013-09-24T00:00:00.000,2013 Report Week 38,"CRUDE OIL, LIGHT SWEET-WTI",67411,ICEU,NYC,67,CRUDE OIL,592840,255090,109112,2321,209167,52864,59115,12817,76918,31165,15643,96419,573892,572940,18948,19900,592840,255090,109112,2321,209167,52864,59115,12817,76918,31165,15643,96419,573892,572940,18948,19900,0,0,0,0,0,0,0,0,0,0,0,0,0,0,0,0,-21601.0,-1457.0,4916.0,-118.0,-5981.0,-4169.0,-1454.0,453.0,-4381.0,-1792.0,-772.0,-7349.0,-20720.0,-17283.0,-881.0,-4318.0,100.0,43.0,18.4,0.4,35.3,8.9,10.0,2.2,13.0,5.3,2.6,16.3,96.8,96.6,3.2,3.4,100.0,43.0,18.4,0.4,35.3,8.9,10.0,2.2,13.0,5.3,2.6,16.3,96.8,96.6,3.2,3.4,100.0,0.0,0.0,0.0,0.0,0.0,0.0,0.0,0.0,0.0,0.0,0.0,0.0,0.0,0.0,0.0,138,38.0,38.0,,22.0,24.0,14.0,15.0,22.0,20,20.0,33,125,125,138,38.0,38.0,,22.0,24.0,14.0,15.0,22.0,20,20.0,33,125,125,0,0,0,0,0,0,0,0,0,0,0,0,0,0,33.5,28.7,46.4,46.1,26.6,25.0,31.4,32.5,33.5,28.7,46.4,46.1,26.6,25.0,31.4,32.5,0.0,0.0,0.0,0.0,0.0,0.0,0.0,0.0,"(CONTRACTS OF 1,000 BARRELS)",N10,CRUDE OIL,PETROLEUM AND PRODUCTS,NATURAL RESOURCES,FutOnly
130917067411F,"CRUDE OIL, LIGHT SWEET - ICE FUTURES EUROPE",2013-09-17T00:00:00.000,2013 Report Week 37,"CRUDE OIL, LIGHT SWEET-WTI",67411,ICEU,NYC,67,CRUDE OIL,614441,256547,104196,2439,215148,57033,60569,12364,81299,32957,16415,103768,594612,590223,19829,24218,614441,256547,104196,2439,215148,57033,60569,12364,81299,32957,16415,103768,594612,590223,19829,24218,0,0,0,0,0,0,0,0,0,0,0,0,0,0,0,0,11563.0,4807.0,4999.0,-559.0,1756.0,966.0,-347.0,-6995.0,3785.0,-3670.0,-2761.0,6010.0,10992.0,7760.0,571.0,3803.0,100.0,41.8,17.0,0.4,35.0,9.3,9.9,2.0,13.2,5.4,2.7,16.9,96.8,96.1,3.2,3.9,100.0,41.8,17.0,0.4,35.0,9.3,9.9,2.0,13.2,5.4,2.7,16.9,96.8,96.1,3.2,3.9,100.0,0.0,0.0,0.0,0.0,0.0,0.0,0.0,0.0,0.0,0.0,0.0,0.0,0.0,0.0,0.0,142,39.0,39.0,4.0,21.0,24.0,17.0,14.0,24.0,19,20.0,34,131,128,142,39.0,39.0,4.0,21.0,24.0,17.0,14.0,24.0,19,20.0,34,131,128,0,0,0,0,0,0,0,0,0,0,0,0,0,0,32.1,29.0,43.9,44.5,25.8,25.4,30.3,32.0,32.1,29.0,43.9,44.5,25.8,25.4,30.3,32.0,0.0,0.0,0.0,0.0,0.0,0.0,0.0,0.0,"(CONTRACTS OF 1,000 BARRELS)",N10,CRUDE OIL,PETROLEUM AND PRODUCTS,NATURAL RESOURCES,FutOnly
130910067411F,"CRUDE OIL, LIGHT SWEET - ICE FUTURES EUROPE",2013-09-10T00:00:00.000,2013 Report Week 36,"CRUDE OIL, LIGHT SWEET-WTI",67411,ICEU,NYC,67,CRUDE OIL,602878,251740,99197,2998,213392,56067,60916,19359,77514,36627,19176,97758,583620,582463,19258,20415,602878,251740,99197,2998,213392,56067,60916,19359,77514,36627,19176,97758,583620,582463,19258,20415,0,0,0,0,0,0,0,0,0,0,0,0,0,0,0,0,1676.0,-2278.0,-6827.0,-1009.0,623.0,2417.0,3034.0,-769.0,-1848.0,1203.0,7131.0,-979.0,540.0,-252.0,1136.0,1928.0,100.0,41.8,16.5,0.5,35.4,9.3,10.1,3.2,12.9,6.1,3.2,16.2,96.8,96.6,3.2,3.4,100.0,41.8,16.5,0.5,35.4,9.3,10.1,3.2,12.9,6.1,3.2,16.2,96.8,96.6,3.2,3.4,100.0,0.0,0.0,0.0,0.0,0.0,0.0,0.0,0.0,0.0,0.0,0.0,0.0,0.0,0.0,0.0,146,41.0,40.0,,22.0,24.0,15.0,17.0,23.0,23,16.0,35,134,129,146,41.0,40.0,,22.0,24.0,15.0,17.0,23.0,23,16.0,35,134,129,0,0,0,0,0,0,0,0,0,0,0,0,0,0,31.0,29.0,43.2,43.8,25.6,25.7,30.4,31.9,31.0,29.0,43.2,43.8,25.6,25.7,30.4,31.9,0.0,0.0,0.0,0.0,0.0,0.0,0.0,0.0,"(CONTRACTS OF 1,000 BARRELS)",N10,CRUDE OIL,PETROLEUM AND PRODUCTS,NATURAL RESOURCES,FutOnly
130903067411F,"CRUDE OIL, LIGHT SWEET - ICE FUTURES EUROPE",2013-09-03T00:00:00.000,2013 Report Week 35,"CRUDE OIL, LIGHT SWEET-WTI",67411,ICEU,NYC,67,CRUDE OIL,601202,254018,106024,4007,212769,53650,57882,20128,79362,35424,12045,98737,583080,582715,18122,18487,601202,254018,106024,4007,212769,53650,57882,20128,79362,35424,12045,98737,583080,582715,18122,18487,0,0,0,0,0,0,0,0,0,0,0,0,0,0,0,0,-13410.0,-3953.0,-8287.0,-221.0,-1573.0,798.0,-1909.0,528.0,-3605.0,-4926.0,302.0,1002.0,-12814.0,-10835.0,-596.0,-2575.0,100.0,42.3,17.6,0.7,35.4,8.9,9.6,3.3,13.2,5.9,2.0,16.4,97.0,96.9,3.0,3.1,100.0,42.3,17.6,0.7,35.4,8.9,9.6,3.3,13.2,5.9,2.0,16.4,97.0,96.9,3.0,3.1,100.0,0.0,0.0,0.0,0.0,0.0,0.0,0.0,0.0,0.0,0.0,0.0,0.0,0.0,0.0,0.0,143,41.0,40.0,,22.0,24.0,15.0,16.0,21.0,21,18.0,35,130,128,143,41.0,40.0,,22.0,24.0,15.0,16.0,21.0,21,18.0,35,130,128,0,0,0,0,0,0,0,0,0,0,0,0,0,0,31.1,28.1,44.4,42.2,25.3,25.3,30.0,31.3,31.1,28.1,44.4,42.2,25.3,25.3,30.0,31.3,0.0,0.0,0.0,0.0,0.0,0.0,0.0,0.0,"(CONTRACTS OF 1,000 BARRELS)",N10,CRUDE OIL,PETROLEUM AND PRODUCTS,NATURAL RESOURCES,FutOnly
130827067411F,"CRUDE OIL, LIGHT SWEET - ICE FUTURES EUROPE",2013-08-27T00:00:00.000,2013 Report Week 34,"CRUDE OIL, LIGHT SWEET-WTI",67411,ICEU,NYC,67,CRUDE OIL,614612,257971,114311,4228,214342,52852,59791,19600,82967,40350,11743,97735,595894,593550,18718,21062,614612,257971,114311,4228,214342,52852,59791,19600,82967,40350,11743,97735,595894,593550,18718,21062,0,0,0,0,0,0,0,0,0,0,0,0,0,0,0,0,-12799.0,-11058.0,-2951.0,194.0,-422.0,1212.0,1635.0,-2424.0,1609.0,1877.0,-3569.0,-7551.0,-12082.0,-14096.0,-717.0,1297.0,100.0,42.0,18.6,0.7,34.9,8.6,9.7,3.2,13.5,6.6,1.9,15.9,97.0,96.6,3.0,3.4,100.0,42.0,18.6,0.7,34.9,8.6,9.7,3.2,13.5,6.6,1.9,15.9,97.0,96.6,3.0,3.4,100.0,0.0,0.0,0.0,0.0,0.0,0.0,0.0,0.0,0.0,0.0,0.0,0.0,0.0,0.0,0.0,145,41.0,41.0,4.0,21.0,24.0,18.0,14.0,21.0,23,19.0,33,131,129,145,41.0,41.0,4.0,21.0,24.0,18.0,14.0,21.0,23,19.0,33,131,129,0,0,0,0,0,0,0,0,0,0,0,0,0,0,30.7,26.7,43.8,41.0,24.9,24.3,29.6,30.6,30.7,26.7,43.8,41.0,24.9,24.3,29.6,30.6,0.0,0.0,0.0,0.0,0.0,0.0,0.0,0.0,"(CONTRACTS OF 1,000 BARRELS)",N10,CRUDE OIL,PETROLEUM AND PRODUCTS,NATURAL RESOURCES,FutOnly
130820067411F,"CRUDE OIL, LIGHT SWEET - ICE FUTURES EUROPE",2013-08-20T00:00:00.000,2013 Report Week 33,"CRUDE OIL, LIGHT SWEET-WTI",67411,ICEU,NYC,67,CRUDE OIL,627411,269029,117262,4034,214764,51640,58156,22024,81358,38473,15312,105286,607976,607646,19435,19765,627411,269029,117262,4034,214764,51640,58156,22024,81358,38473,15312,105286,607976,607646,19435,19765,0,0,0,0,0,0,0,0,0,0,0,0,0,0,0,0,-23172.0,-2546.0,-3453.0,-1456.0,5033.0,-7429.0,-4944.0,-2552.0,-748.0,73.0,-6588.0,-6794.0,-23844.0,-22531.0,672.0,-641.0,100.0,42.9,18.7,0.6,34.2,8.2,9.3,3.5,13.0,6.1,2.4,16.8,96.9,96.8,3.1,3.2,100.0,42.9,18.7,0.6,34.2,8.2,9.3,3.5,13.0,6.1,2.4,16.8,96.9,96.8,3.1,3.2,100.0,0.0,0.0,0.0,0.0,0.0,0.0,0.0,0.0,0.0,0.0,0.0,0.0,0.0,0.0,0.0,150,40.0,42.0,4.0,21.0,24.0,17.0,15.0,23.0,22,24.0,34,131,136,150,40.0,42.0,4.0,21.0,24.0,17.0,15.0,23.0,22,24.0,34,131,136,0,0,0,0,0,0,0,0,0,0,0,0,0,0,30.9,26.8,43.8,41.3,24.1,23.9,29.1,29.6,30.9,26.8,43.8,41.3,24.1,23.9,29.1,29.6,0.0,0.0,0.0,0.0,0.0,0.0,0.0,0.0,"(CONTRACTS OF 1,000 BARRELS)",N10,CRUDE OIL,PETROLEUM AND PRODUCTS,NATURAL RESOURCES,FutOnly
130813067411F,"CRUDE OIL, LIGHT SWEET - ICE FUTURES EUROPE",2013-08-13T00:00:00.000,2013 Report Week 32,"CRUDE OIL, LIGHT SWEET-WTI",67411,ICEU,NYC,67,CRUDE OIL,650583,271575,120715,5490,209731,59069,63100,24576,82106,38400,21900,112080,631820,630177,18763,20406,650583,271575,120715,5490,209731,59069,63100,24576,82106,38400,21900,112080,631820,630177,18763,20406,0,0,0,0,0,0,0,0,0,0,0,0,0,0,0,0,23970.0,14825.0,10649.0,-1148.0,2813.0,-2972.0,1266.0,826.0,6795.0,1664.0,4532.0,241.0,20671.0,22884.0,3299.0,1086.0,100.0,41.7,18.6,0.8,32.2,9.1,9.7,3.8,12.6,5.9,3.4,17.2,97.1,96.9,2.9,3.1,100.0,41.7,18.6,0.8,32.2,9.1,9.7,3.8,12.6,5.9,3.4,17.2,97.1,96.9,2.9,3.1,100.0,0.0,0.0,0.0,0.0,0.0,0.0,0.0,0.0,0.0,0.0,0.0,0.0,0.0,0.0,0.0,152,41.0,42.0,4.0,21.0,24.0,20.0,13.0,21.0,23,24.0,37,137,134,152,41.0,42.0,4.0,21.0,24.0,20.0,13.0,21.0,23,24.0,37,137,134,0,0,0,0,0,0,0,0,0,0,0,0,0,0,29.7,27.1,42.1,41.3,23.9,22.3,28.7,28.4,29.7,27.1,42.1,41.3,23.9,22.3,28.7,28.4,0.0,0.0,0.0,0.0,0.0,0.0,0.0,0.0,"(CONTRACTS OF 1,000 BARRELS)",N10,CRUDE OIL,PETROLEUM AND PRODUCTS,NATURAL RESOURCES,FutOnly
130806067411F,"CRUDE OIL, LIGHT SWEET - ICE FUTURES EUROPE",2013-08-06T00:00:00.000,2013 Report Week 31,"CRUDE OIL, LIGHT SWEET-WTI",67411,ICEU,NYC,67,CRUDE OIL,626613,256750,110066,6638,206918,62041,61834,23750,75311,36736,17368,111839,611149,607293,15464,19320,626613,256750,110066,6638,206918,62041,61834,23750,75311,36736,17368,111839,611149,607293,15464,19320,0,0,0,0,0,0,0,0,0,0,0,0,0,0,0,0,4142.0,11171.0,451.0,176.0,9449.0,-2322.0,-329.0,-4.0,992.0,-2284.0,1450.0,-4263.0,3141.0,5753.0,1001.0,-1611.0,100.0,41.0,17.6,1.1,33.0,9.9,9.9,3.8,12.0,5.9,2.8,17.8,97.5,96.9,2.5,3.1,100.0,41.0,17.6,1.1,33.0,9.9,9.9,3.8,12.0,5.9,2.8,17.8,97.5,96.9,2.5,3.1,100.0,0.0,0.0,0.0,0.0,0.0,0.0,0.0,0.0,0.0,0.0,0.0,0.0,0.0,0.0,0.0,158,44.0,42.0,4.0,21.0,24.0,20.0,14.0,24.0,26,22.0,39,144,140,158,44.0,42.0,4.0,21.0,24.0,20.0,14.0,24.0,26,22.0,39,144,140,0,0,0,0,0,0,0,0,0,0,0,0,0,0,29.6,27.1,41.7,41.5,24.2,23.2,29.2,28.9,29.6,27.1,41.7,41.5,24.2,23.2,29.2,28.9,0.0,0.0,0.0,0.0,0.0,0.0,0.0,0.0,"(CONTRACTS OF 1,000 BARRELS)",N10,CRUDE OIL,PETROLEUM AND PRODUCTS,NATURAL RESOURCES,FutOnly
130730067411F,"CRUDE OIL, LIGHT SWEET - ICE FUTURES EUROPE",2013-07-30T00:00:00.000,2013 Report Week 30,"CRUDE OIL, LIGHT SWEET-WTI",67411,ICEU,NYC,67,CRUDE OIL,622471,245579,109615,6462,197469,64363,62163,23754,74319,39020,15918,116102,608008,601540,14463,20931,622471,245579,109615,6462,197469,64363,62163,23754,74319,39020,15918,116102,608008,601540,14463,20931,0,0,0,0,0,0,0,0,0,0,0,0,0,0,0,0,14332.0,8601.0,-4521.0,-1416.0,377.0,3392.0,-3326.0,2753.0,1704.0,-3281.0,1283.0,7286.0,12960.0,12274.0,1372.0,2058.0,100.0,39.5,17.6,1.0,31.7,10.3,10.0,3.8,11.9,6.3,2.6,18.7,97.7,96.6,2.3,3.4,100.0,39.5,17.6,1.0,31.7,10.3,10.0,3.8,11.9,6.3,2.6,18.7,97.7,96.6,2.3,3.4,100.0,0.0,0.0,0.0,0.0,0.0,0.0,0.0,0.0,0.0,0.0,0.0,0.0,0.0,0.0,0.0,159,41.0,43.0,5.0,20.0,24.0,19.0,14.0,23.0,28,22.0,38,139,141,159,41.0,43.0,5.0,20.0,24.0,19.0,14.0,23.0,28,22.0,38,139,141,0,0,0,0,0,0,0,0,0,0,0,0,0,0,29.2,26.7,41.1,40.8,23.9,22.1,28.7,27.6,29.2,26.7,41.1,40.8,23.9,22.1,28.7,27.6,0.0,0.0,0.0,0.0,0.0,0.0,0.0,0.0,"(CONTRACTS OF 1,000 BARRELS)",N10,CRUDE OIL,PETROLEUM AND PRODUCTS,NATURAL RESOURCES,FutOnly
130723067411F,"CRUDE OIL, LIGHT SWEET - ICE FUTURES EUROPE",2013-07-23T00:00:00.000,2013 Report Week 29,"CRUDE OIL, LIGHT SWEET-WTI",67411,ICEU,NYC,67,CRUDE OIL,608139,236978,114136,7878,197092,60971,65489,21001,72615,42301,14635,108816,595048,589266,13091,18873,608139,236978,114136,7878,197092,60971,65489,21001,72615,42301,14635,108816,595048,589266,13091,18873,0,0,0,0,0,0,0,0,0,0,0,0,0,0,0,0,-14914.0,-13064.0,-9591.0,182.0,7017.0,-2828.0,4107.0,2724.0,-9217.0,9481.0,1470.0,-2064.0,-13403.0,-12489.0,-1511.0,-2425.0,100.0,39.0,18.8,1.3,32.4,10.0,10.8,3.5,11.9,7.0,2.4,17.9,97.8,96.9,2.2,3.1,100.0,39.0,18.8,1.3,32.4,10.0,10.8,3.5,11.9,7.0,2.4,17.9,97.8,96.9,2.2,3.1,100.0,0.0,0.0,0.0,0.0,0.0,0.0,0.0,0.0,0.0,0.0,0.0,0.0,0.0,0.0,0.0,163,42.0,45.0,5.0,21.0,24.0,20.0,13.0,24.0,30,21.0,38,142,144,163,42.0,45.0,5.0,21.0,24.0,20.0,13.0,24.0,30,21.0,38,142,144,0,0,0,0,0,0,0,0,0,0,0,0,0,0,28.7,26.5,41.0,40.8,23.5,22.7,28.3,28.1,28.7,26.5,41.0,40.8,23.5,22.7,28.3,28.1,0.0,0.0,0.0,0.0,0.0,0.0,0.0,0.0,"(CONTRACTS OF 1,000 BARRELS)",N10,CRUDE OIL,PETROLEUM AND PRODUCTS,NATURAL RESOURCES,FutOnly
130716067411F,"CRUDE OIL, LIGHT SWEET - ICE FUTURES EUROPE",2013-07-16T00:00:00.000,2013 Report Week 28,"CRUDE OIL, LIGHT SWEET-WTI",67411,ICEU,NYC,67,CRUDE OIL,623053,250042,123727,7696,190075,63799,61382,18277,81832,32820,13165,110880,608451,601755,14602,21298,623053,250042,123727,7696,190075,63799,61382,18277,81832,32820,13165,110880,608451,601755,14602,21298,0,0,0,0,0,0,0,0,0,0,0,0,0,0,0,0,39437.0,15505.0,3415.0,-57.0,6415.0,1808.0,2862.0,1395.0,24137.0,-5121.0,1322.0,2496.0,41630.0,40988.0,-2193.0,-1551.0,100.0,40.1,19.9,1.2,30.5,10.2,9.9,2.9,13.1,5.3,2.1,17.8,97.7,96.6,2.3,3.4,100.0,40.1,19.9,1.2,30.5,10.2,9.9,2.9,13.1,5.3,2.1,17.8,97.7,96.6,2.3,3.4,100.0,0.0,0.0,0.0,0.0,0.0,0.0,0.0,0.0,0.0,0.0,0.0,0.0,0.0,0.0,0.0,156,41.0,45.0,4.0,21.0,24.0,17.0,15.0,22.0,21,25.0,40,139,140,156,41.0,45.0,4.0,21.0,24.0,17.0,15.0,22.0,21,25.0,40,139,140,0,0,0,0,0,0,0,0,0,0,0,0,0,0,26.8,25.2,39.4,39.5,22.6,21.8,27.3,27.0,26.8,25.2,39.4,39.5,22.6,21.8,27.3,27.0,0.0,0.0,0.0,0.0,0.0,0.0,0.0,0.0,"(CONTRACTS OF 1,000 BARRELS)",N10,CRUDE OIL,PETROLEUM AND PRODUCTS,NATURAL RESOURCES,FutOnly
130709067411F,"CRUDE OIL, LIGHT SWEET - ICE FUTURES EUROPE",2013-07-09T00:00:00.000,2013 Report Week 27,"CRUDE OIL, LIGHT SWEET-WTI",67411,ICEU,NYC,67,CRUDE OIL,583616,234537,120312,7753,183660,61991,58520,16882,57695,37941,11843,108384,566821,560767,16795,22849,583616,234537,120312,7753,183660,61991,58520,16882,57695,37941,11843,108384,566821,560767,16795,22849,0,0,0,0,0,0,0,0,0,0,0,0,0,0,0,0,31581.0,13649.0,9961.0,-1008.0,11930.0,-2578.0,5463.0,-1061.0,10427.0,1662.0,-2206.0,4498.0,32113.0,30971.0,-532.0,610.0,100.0,40.2,20.6,1.3,31.5,10.6,10.0,2.9,9.9,6.5,2.0,18.6,97.1,96.1,2.9,3.9,100.0,40.2,20.6,1.3,31.5,10.6,10.0,2.9,9.9,6.5,2.0,18.6,97.1,96.1,2.9,3.9,100.0,0.0,0.0,0.0,0.0,0.0,0.0,0.0,0.0,0.0,0.0,0.0,0.0,0.0,0.0,0.0,149,41.0,41.0,6.0,18.0,24.0,16.0,14.0,21.0,26,20.0,38,135,133,149,41.0,41.0,6.0,18.0,24.0,16.0,14.0,21.0,26,20.0,38,135,133,0,0,0,0,0,0,0,0,0,0,0,0,0,0,26.2,25.9,38.8,40.1,22.1,22.4,27.0,28.7,26.2,25.9,38.8,40.1,22.1,22.4,27.0,28.7,0.0,0.0,0.0,0.0,0.0,0.0,0.0,0.0,"(CONTRACTS OF 1,000 BARRELS)",N10,CRUDE OIL,PETROLEUM AND PRODUCTS,NATURAL RESOURCES,FutOnly
130702067411F,"CRUDE OIL, LIGHT SWEET - ICE FUTURES EUROPE",2013-07-02T00:00:00.000,2013 Report Week 26,"CRUDE OIL, LIGHT SWEET-WTI",67411,ICEU,NYC,67,CRUDE OIL,552035,220888,110351,8761,171730,64569,53057,17943,47268,36279,14049,103886,534708,529796,17327,22239,552035,220888,110351,8761,171730,64569,53057,17943,47268,36279,14049,103886,534708,529796,17327,22239,0,0,0,0,0,0,0,0,0,0,0,0,0,0,0,0,-1309.0,-7112.0,-5102.0,-1678.0,7458.0,5676.0,4418.0,109.0,1655.0,3690.0,-3712.0,-8646.0,-1997.0,-2562.0,688.0,1253.0,100.0,40.0,20.0,1.6,31.1,11.7,9.6,3.3,8.6,6.6,2.5,18.8,96.9,96.0,3.1,4.0,100.0,40.0,20.0,1.6,31.1,11.7,9.6,3.3,8.6,6.6,2.5,18.8,96.9,96.0,3.1,4.0,100.0,0.0,0.0,0.0,0.0,0.0,0.0,0.0,0.0,0.0,0.0,0.0,0.0,0.0,0.0,0.0,152,41.0,41.0,4.0,20.0,24.0,17.0,15.0,17.0,25,21.0,38,135,132,152,41.0,41.0,4.0,20.0,24.0,17.0,15.0,17.0,25,21.0,38,135,132,0,0,0,0,0,0,0,0,0,0,0,0,0,0,26.2,26.6,37.6,40.3,22.4,22.2,27.7,28.7,26.2,26.6,37.6,40.3,22.4,22.2,27.7,28.7,0.0,0.0,0.0,0.0,0.0,0.0,0.0,0.0,"(CONTRACTS OF 1,000 BARRELS)",N10,CRUDE OIL,PETROLEUM AND PRODUCTS,NATURAL RESOURCES,FutOnly
130625067411F,"CRUDE OIL, LIGHT SWEET - ICE FUTURES EUROPE",2013-06-25T00:00:00.000,2013 Report Week 25,"CRUDE OIL, LIGHT SWEET-WTI",67411,ICEU,NYC,67,CRUDE OIL,553344,228000,115453,10439,164272,58893,48639,17834,45613,32589,17761,112532,536705,532358,16639,20986,553344,228000,115453,10439,164272,58893,48639,17834,45613,32589,17761,112532,536705,532358,16639,20986,0,0,0,0,0,0,0,0,0,0,0,0,0,0,0,0,-8187.0,-1980.0,-13973.0,-693.0,-3965.0,-9042.0,-8142.0,-21.0,6500.0,-4534.0,2930.0,9525.0,-8366.0,-8046.0,179.0,-141.0,100.0,41.2,20.9,1.9,29.7,10.6,8.8,3.2,8.2,5.9,3.2,20.3,97.0,96.2,3.0,3.8,100.0,41.2,20.9,1.9,29.7,10.6,8.8,3.2,8.2,5.9,3.2,20.3,97.0,96.2,3.0,3.8,100.0,0.0,0.0,0.0,0.0,0.0,0.0,0.0,0.0,0.0,0.0,0.0,0.0,0.0,0.0,0.0,148,39.0,38.0,6.0,18.0,24.0,15.0,14.0,19.0,24,22.0,41,134,132,148,39.0,38.0,6.0,18.0,24.0,15.0,14.0,19.0,24,22.0,41,134,132,0,0,0,0,0,0,0,0,0,0,0,0,0,0,25.4,26.3,36.2,39.0,21.8,21.5,27.3,27.7,25.4,26.3,36.2,39.0,21.8,21.5,27.3,27.7,0.0,0.0,0.0,0.0,0.0,0.0,0.0,0.0,"(CONTRACTS OF 1,000 BARRELS)",N10,CRUDE OIL,PETROLEUM AND PRODUCTS,NATURAL RESOURCES,FutOnly
130618067411F,"CRUDE OIL, LIGHT SWEET - ICE FUTURES EUROPE",2013-06-18T00:00:00.000,2013 Report Week 24,"CRUDE OIL, LIGHT SWEET-WTI",67411,ICEU,NYC,67,CRUDE OIL,561531,229980,129426,11132,168237,67935,56781,17855,39113,37123,14831,103007,545071,540404,16460,21127,561531,229980,129426,11132,168237,67935,56781,17855,39113,37123,14831,103007,545071,540404,16460,21127,0,0,0,0,0,0,0,0,0,0,0,0,0,0,0,0,8741.0,2169.0,-4590.0,1336.0,7303.0,2260.0,3428.0,-4590.0,3896.0,-7874.0,-544.0,4063.0,9278.0,7798.0,-537.0,943.0,100.0,41.0,23.0,2.0,30.0,12.1,10.1,3.2,7.0,6.6,2.6,18.3,97.1,96.2,2.9,3.8,100.0,41.0,23.0,2.0,30.0,12.1,10.1,3.2,7.0,6.6,2.6,18.3,97.1,96.2,2.9,3.8,100.0,0.0,0.0,0.0,0.0,0.0,0.0,0.0,0.0,0.0,0.0,0.0,0.0,0.0,0.0,0.0,151,40.0,40.0,8.0,17.0,24.0,18.0,12.0,16.0,27,23.0,40,134,134,151,40.0,40.0,8.0,17.0,24.0,18.0,12.0,16.0,27,23.0,40,134,134,0,0,0,0,0,0,0,0,0,0,0,0,0,0,24.9,25.5,35.5,38.5,21.0,22.0,27.0,27.7,24.9,25.5,35.5,38.5,21.0,22.0,27.0,27.7,0.0,0.0,0.0,0.0,0.0,0.0,0.0,0.0,"(CONTRACTS OF 1,000 BARRELS)",N10,CRUDE OIL,PETROLEUM AND PRODUCTS,NATURAL RESOURCES,FutOnly
130611067411F,"CRUDE OIL, LIGHT SWEET - ICE FUTURES EUROPE",2013-06-11T00:00:00.000,2013 Report Week 23,"CRUDE OIL, LIGHT SWEET-WTI",67411,ICEU,NYC,67,CRUDE OIL,552790,227811,134016,9796,160934,65675,53353,22445,35217,44997,15375,98944,535793,532606,16997,20184,552790,227811,134016,9796,160934,65675,53353,22445,35217,44997,15375,98944,535793,532606,16997,20184,0,0,0,0,0,0,0,0,0,0,0,0,0,0,0,0,18677.0,3443.0,8432.0,1293.0,6429.0,243.0,1822.0,-6069.0,1294.0,2378.0,1671.0,9035.0,19508.0,21035.0,-831.0,-2358.0,100.0,41.2,24.2,1.8,29.1,11.9,9.7,4.1,6.4,8.1,2.8,17.9,96.9,96.3,3.1,3.7,100.0,41.2,24.2,1.8,29.1,11.9,9.7,4.1,6.4,8.1,2.8,17.9,96.9,96.3,3.1,3.7,100.0,0.0,0.0,0.0,0.0,0.0,0.0,0.0,0.0,0.0,0.0,0.0,0.0,0.0,0.0,0.0,157,41.0,40.0,7.0,19.0,25.0,17.0,16.0,18.0,28,24.0,42,139,141,157,41.0,40.0,7.0,19.0,25.0,17.0,16.0,18.0,28,24.0,42,139,141,0,0,0,0,0,0,0,0,0,0,0,0,0,0,25.5,24.5,36.3,37.7,21.5,21.0,27.7,26.9,25.5,24.5,36.3,37.7,21.5,21.0,27.7,26.9,0.0,0.0,0.0,0.0,0.0,0.0,0.0,0.0,"(CONTRACTS OF 1,000 BARRELS)",N10,CRUDE OIL,PETROLEUM AND PRODUCTS,NATURAL RESOURCES,FutOnly
130604067411F,"CRUDE OIL, LIGHT SWEET - ICE FUTURES EUROPE",2013-06-04T00:00:00.000,2013 Report Week 22,"CRUDE OIL, LIGHT SWEET-WTI",67411,ICEU,NYC,67,CRUDE OIL,534113,224368,125584,8503,154505,65432,51531,28514,33923,42619,13704,89909,516285,511571,17828,22542,534113,224368,125584,8503,154505,65432,51531,28514,33923,42619,13704,89909,516285,511571,17828,22542,0,0,0,0,0,0,0,0,0,0,0,0,0,0,0,0,16184.0,20783.0,10162.0,478.0,474.0,-604.0,-267.0,1150.0,-688.0,-7537.0,-314.0,5230.0,17395.0,15410.0,-1211.0,774.0,100.0,42.0,23.5,1.6,28.9,12.3,9.6,5.3,6.4,8.0,2.6,16.8,96.7,95.8,3.3,4.2,100.0,42.0,23.5,1.6,28.9,12.3,9.6,5.3,6.4,8.0,2.6,16.8,96.7,95.8,3.3,4.2,100.0,0.0,0.0,0.0,0.0,0.0,0.0,0.0,0.0,0.0,0.0,0.0,0.0,0.0,0.0,0.0,143,35.0,36.0,6.0,19.0,24.0,14.0,17.0,18.0,26,20.0,38,127,128,143,35.0,36.0,6.0,19.0,24.0,14.0,17.0,18.0,26,20.0,38,127,128,0,0,0,0,0,0,0,0,0,0,0,0,0,0,25.8,24.4,37.9,39.0,22.1,20.4,28.4,26.4,25.8,24.4,37.9,39.0,22.1,20.4,28.4,26.4,0.0,0.0,0.0,0.0,0.0,0.0,0.0,0.0,"(CONTRACTS OF 1,000 BARRELS)",N10,CRUDE OIL,PETROLEUM AND PRODUCTS,NATURAL RESOURCES,FutOnly
130528067411F,"CRUDE OIL, LIGHT SWEET - ICE FUTURES EUROPE",2013-05-28T00:00:00.000,2013 Report Week 21,"CRUDE OIL, LIGHT SWEET-WTI",67411,ICEU,NYC,67,CRUDE OIL,517929,203585,115422,8025,154031,66036,51798,27364,34611,50156,14018,84679,498890,496161,19039,21768,517929,203585,115422,8025,154031,66036,51798,27364,34611,50156,14018,84679,498890,496161,19039,21768,0,0,0,0,0,0,0,0,0,0,0,0,0,0,0,0,-14448.0,-2425.0,-4822.0,1618.0,-3485.0,114.0,-1988.0,5248.0,-10126.0,1317.0,1207.0,-4549.0,-16039.0,-16413.0,1591.0,1965.0,100.0,39.3,22.3,1.5,29.7,12.8,10.0,5.3,6.7,9.7,2.7,16.3,96.3,95.8,3.7,4.2,100.0,39.3,22.3,1.5,29.7,12.8,10.0,5.3,6.7,9.7,2.7,16.3,96.3,95.8,3.7,4.2,100.0,0.0,0.0,0.0,0.0,0.0,0.0,0.0,0.0,0.0,0.0,0.0,0.0,0.0,0.0,0.0,154,36.0,37.0,7.0,19.0,25.0,15.0,18.0,20.0,27,26.0,42,133,141,154,36.0,37.0,7.0,19.0,25.0,15.0,18.0,20.0,27,26.0,42,133,141,0,0,0,0,0,0,0,0,0,0,0,0,0,0,25.0,25.2,37.4,39.8,22.2,21.1,29.4,27.0,25.0,25.2,37.4,39.8,22.2,21.1,29.4,27.0,0.0,0.0,0.0,0.0,0.0,0.0,0.0,0.0,"(CONTRACTS OF 1,000 BARRELS)",N10,CRUDE OIL,PETROLEUM AND PRODUCTS,NATURAL RESOURCES,FutOnly
130521067411F,"CRUDE OIL, LIGHT SWEET - ICE FUTURES EUROPE",2013-05-21T00:00:00.000,2013 Report Week 20,"CRUDE OIL, LIGHT SWEET-WTI",67411,ICEU,NYC,67,CRUDE OIL,532377,206010,120244,6407,157516,65922,53786,22116,44737,48839,12811,89228,514929,512574,17448,19803,532377,206010,120244,6407,157516,65922,53786,22116,44737,48839,12811,89228,514929,512574,17448,19803,0,0,0,0,0,0,0,0,0,0,0,0,0,0,0,0,-24324.0,-10024.0,-2693.0,3405.0,-7824.0,-4184.0,-2037.0,35.0,-259.0,-894.0,-114.0,-7267.0,-21260.0,-22306.0,-3064.0,-2018.0,100.0,38.7,22.6,1.2,29.6,12.4,10.1,4.2,8.4,9.2,2.4,16.8,96.7,96.3,3.3,3.7,100.0,38.7,22.6,1.2,29.6,12.4,10.1,4.2,8.4,9.2,2.4,16.8,96.7,96.3,3.3,3.7,100.0,0.0,0.0,0.0,0.0,0.0,0.0,0.0,0.0,0.0,0.0,0.0,0.0,0.0,0.0,0.0,153,36.0,38.0,5.0,19.0,23.0,16.0,17.0,17.0,28,23.0,40,130,135,153,36.0,38.0,5.0,19.0,23.0,16.0,17.0,17.0,28,23.0,40,130,135,0,0,0,0,0,0,0,0,0,0,0,0,0,0,24.5,25.0,37.1,41.1,21.6,20.7,28.6,26.9,24.5,25.0,37.1,41.1,21.6,20.7,28.6,26.9,0.0,0.0,0.0,0.0,0.0,0.0,0.0,0.0,"(CONTRACTS OF 1,000 BARRELS)",N10,CRUDE OIL,PETROLEUM AND PRODUCTS,NATURAL RESOURCES,FutOnly
130514067411F,"CRUDE OIL, LIGHT SWEET - ICE FUTURES EUROPE",2013-05-14T00:00:00.000,2013 Report Week 19,"CRUDE OIL, LIGHT SWEET-WTI",67411,ICEU,NYC,67,CRUDE OIL,556701,216034,122937,3002,165340,70106,55823,22081,44996,49733,12925,96495,536189,534880,20512,21821,556701,216034,122937,3002,165340,70106,55823,22081,44996,49733,12925,96495,536189,534880,20512,21821,0,0,0,0,0,0,0,0,0,0,0,0,0,0,0,0,-109.0,-5763.0,-3509.0,264.0,-6700.0,331.0,-4175.0,997.0,5044.0,-487.0,-1185.0,2118.0,-2668.0,-2904.0,2559.0,2795.0,100.0,38.8,22.1,0.5,29.7,12.6,10.0,4.0,8.1,8.9,2.3,17.3,96.3,96.1,3.7,3.9,100.0,38.8,22.1,0.5,29.7,12.6,10.0,4.0,8.1,8.9,2.3,17.3,96.3,96.1,3.7,3.9,100.0,0.0,0.0,0.0,0.0,0.0,0.0,0.0,0.0,0.0,0.0,0.0,0.0,0.0,0.0,0.0,151,35.0,36.0,,22.0,24.0,17.0,14.0,17.0,30,22.0,44,131,136,151,35.0,36.0,,22.0,24.0,17.0,14.0,17.0,30,22.0,44,131,136,0,0,0,0,0,0,0,0,0,0,0,0,0,0,23.5,24.3,35.6,38.9,19.5,20.9,26.1,26.8,23.5,24.3,35.6,38.9,19.5,20.9,26.1,26.8,0.0,0.0,0.0,0.0,0.0,0.0,0.0,0.0,"(CONTRACTS OF 1,000 BARRELS)",N10,CRUDE OIL,PETROLEUM AND PRODUCTS,NATURAL RESOURCES,FutOnly
130507067411F,"CRUDE OIL, LIGHT SWEET - ICE FUTURES EUROPE",2013-05-07T00:00:00.000,2013 Report Week 18,"CRUDE OIL, LIGHT SWEET-WTI",67411,ICEU,NYC,67,CRUDE OIL,556810,221797,126446,2738,172040,69775,59998,21084,39952,50220,14110,94377,538857,537784,17953,19026,556810,221797,126446,2738,172040,69775,59998,21084,39952,50220,14110,94377,538857,537784,17953,19026,0,0,0,0,0,0,0,0,0,0,0,0,0,0,0,0,-6123.0,959.0,-2762.0,-2499.0,877.0,1701.0,874.0,28.0,-700.0,-436.0,1125.0,-7804.0,-7905.0,-7535.0,1782.0,1412.0,100.0,39.8,22.7,0.5,30.9,12.5,10.8,3.8,7.2,9.0,2.5,16.9,96.8,96.6,3.2,3.4,100.0,39.8,22.7,0.5,30.9,12.5,10.8,3.8,7.2,9.0,2.5,16.9,96.8,96.6,3.2,3.4,100.0,0.0,0.0,0.0,0.0,0.0,0.0,0.0,0.0,0.0,0.0,0.0,0.0,0.0,0.0,0.0,157,33.0,36.0,4.0,21.0,24.0,17.0,14.0,19.0,28,26.0,47,134,140,157,33.0,36.0,4.0,21.0,24.0,17.0,14.0,19.0,28,26.0,47,134,140,0,0,0,0,0,0,0,0,0,0,0,0,0,0,25.0,24.8,37.6,39.3,21.0,21.5,27.6,27.6,25.0,24.8,37.6,39.3,21.0,21.5,27.6,27.6,0.0,0.0,0.0,0.0,0.0,0.0,0.0,0.0,"(CONTRACTS OF 1,000 BARRELS)",N10,CRUDE OIL,PETROLEUM AND PRODUCTS,NATURAL RESOURCES,FutOnly
130430067411F,"CRUDE OIL, LIGHT SWEET - ICE FUTURES EUROPE",2013-04-30T00:00:00.000,2013 Report Week 17,"CRUDE OIL, LIGHT SWEET-WTI",67411,ICEU,NYC,67,CRUDE OIL,562933,220838,129208,5237,171163,68074,59124,21056,40652,50656,12985,102181,546762,545319,16171,17614,562933,220838,129208,5237,171163,68074,59124,21056,40652,50656,12985,102181,546762,545319,16171,17614,0,0,0,0,0,0,0,0,0,0,0,0,0,0,0,0,19237.0,4713.0,10770.0,-3023.0,5190.0,-732.0,-240.0,-1975.0,4085.0,12732.0,-1041.0,3894.0,21429.0,20191.0,-2192.0,-954.0,100.0,39.2,23.0,0.9,30.4,12.1,10.5,3.7,7.2,9.0,2.3,18.2,97.1,96.9,2.9,3.1,100.0,39.2,23.0,0.9,30.4,12.1,10.5,3.7,7.2,9.0,2.3,18.2,97.1,96.9,2.9,3.1,100.0,0.0,0.0,0.0,0.0,0.0,0.0,0.0,0.0,0.0,0.0,0.0,0.0,0.0,0.0,0.0,162,35.0,36.0,6.0,19.0,24.0,17.0,17.0,24.0,33,21.0,48,142,144,162,35.0,36.0,6.0,19.0,24.0,17.0,17.0,24.0,33,21.0,48,142,144,0,0,0,0,0,0,0,0,0,0,0,0,0,0,25.7,24.1,38.2,40.0,20.9,20.9,27.5,27.4,25.7,24.1,38.2,40.0,20.9,20.9,27.5,27.4,0.0,0.0,0.0,0.0,0.0,0.0,0.0,0.0,"(CONTRACTS OF 1,000 BARRELS)",N10,CRUDE OIL,PETROLEUM AND PRODUCTS,NATURAL RESOURCES,FutOnly
130423067411F,"CRUDE OIL, LIGHT SWEET - ICE FUTURES EUROPE",2013-04-23T00:00:00.000,2013 Report Week 16,"CRUDE OIL, LIGHT SWEET-WTI",67411,ICEU,NYC,67,CRUDE OIL,543696,216125,118438,8260,165973,68806,59364,23031,36567,37924,14026,98287,525333,525128,18363,18568,543696,216125,118438,8260,165973,68806,59364,23031,36567,37924,14026,98287,525333,525128,18363,18568,0,0,0,0,0,0,0,0,0,0,0,0,0,0,0,0,-17573.0,-6761.0,-7080.0,-4267.0,2193.0,-2170.0,5692.0,-1205.0,-3535.0,-650.0,-1735.0,-4414.0,-16105.0,-17946.0,-1468.0,373.0,100.0,39.8,21.8,1.5,30.5,12.7,10.9,4.2,6.7,7.0,2.6,18.1,96.6,96.6,3.4,3.4,100.0,39.8,21.8,1.5,30.5,12.7,10.9,4.2,6.7,7.0,2.6,18.1,96.6,96.6,3.4,3.4,100.0,0.0,0.0,0.0,0.0,0.0,0.0,0.0,0.0,0.0,0.0,0.0,0.0,0.0,0.0,0.0,159,37.0,37.0,6.0,19.0,24.0,18.0,18.0,23.0,26,27.0,43,138,143,159,37.0,37.0,6.0,19.0,24.0,18.0,18.0,23.0,26,27.0,43,138,143,0,0,0,0,0,0,0,0,0,0,0,0,0,0,25.7,24.3,37.4,40.7,21.3,20.7,28.1,27.1,25.7,24.3,37.4,40.7,21.3,20.7,28.1,27.1,0.0,0.0,0.0,0.0,0.0,0.0,0.0,0.0,"(CONTRACTS OF 1,000 BARRELS)",N10,CRUDE OIL,PETROLEUM AND PRODUCTS,NATURAL RESOURCES,FutOnly
130416067411F,"CRUDE OIL, LIGHT SWEET - ICE FUTURES EUROPE",2013-04-16T00:00:00.000,2013 Report Week 15,"CRUDE OIL, LIGHT SWEET-WTI",67411,ICEU,NYC,67,CRUDE OIL,561269,222886,125518,12527,163780,70976,53672,24236,40102,38574,15761,102701,541438,543074,19831,18195,561269,222886,125518,12527,163780,70976,53672,24236,40102,38574,15761,102701,541438,543074,19831,18195,0,0,0,0,0,0,0,0,0,0,0,0,0,0,0,0,16637.0,6080.0,3909.0,3269.0,-8034.0,800.0,-2078.0,-864.0,3251.0,-6463.0,3541.0,13180.0,18039.0,15783.0,-1402.0,854.0,100.0,39.7,22.4,2.2,29.2,12.6,9.6,4.3,7.1,6.9,2.8,18.3,96.5,96.8,3.5,3.2,100.0,39.7,22.4,2.2,29.2,12.6,9.6,4.3,7.1,6.9,2.8,18.3,96.5,96.8,3.5,3.2,100.0,0.0,0.0,0.0,0.0,0.0,0.0,0.0,0.0,0.0,0.0,0.0,0.0,0.0,0.0,0.0,155,38.0,36.0,6.0,19.0,25.0,17.0,18.0,23.0,24,27.0,41,136,140,155,38.0,36.0,6.0,19.0,25.0,17.0,18.0,23.0,24,27.0,41,136,140,0,0,0,0,0,0,0,0,0,0,0,0,0,0,27.1,24.0,39.0,40.7,21.0,19.5,27.8,26.0,27.1,24.0,39.0,40.7,21.0,19.5,27.8,26.0,0.0,0.0,0.0,0.0,0.0,0.0,0.0,0.0,"(CONTRACTS OF 1,000 BARRELS)",N10,CRUDE OIL,PETROLEUM AND PRODUCTS,NATURAL RESOURCES,FutOnly
130409067411F,"CRUDE OIL, LIGHT SWEET - ICE FUTURES EUROPE",2013-04-09T00:00:00.000,2013 Report Week 14,"CRUDE OIL, LIGHT SWEET-WTI",67411,ICEU,NYC,67,CRUDE OIL,544632,216806,121609,9258,171814,70176,55750,25100,36851,45037,12220,89521,523399,527291,21233,17341,544632,216806,121609,9258,171814,70176,55750,25100,36851,45037,12220,89521,523399,527291,21233,17341,0,0,0,0,0,0,0,0,0,0,0,0,0,0,0,0,8984.0,8147.0,10665.0,851.0,918.0,4237.0,2835.0,2451.0,-4323.0,557.0,-192.0,-4829.0,7475.0,8927.0,1509.0,57.0,100.0,39.8,22.3,1.7,31.5,12.9,10.2,4.6,6.8,8.3,2.2,16.4,96.1,96.8,3.9,3.2,100.0,39.8,22.3,1.7,31.5,12.9,10.2,4.6,6.8,8.3,2.2,16.4,96.1,96.8,3.9,3.2,100.0,0.0,0.0,0.0,0.0,0.0,0.0,0.0,0.0,0.0,0.0,0.0,0.0,0.0,0.0,0.0,155,39.0,39.0,6.0,19.0,25.0,17.0,17.0,23.0,26,24.0,41,138,140,155,39.0,39.0,6.0,19.0,25.0,17.0,17.0,23.0,26,24.0,41,138,140,0,0,0,0,0,0,0,0,0,0,0,0,0,0,26.3,24.2,37.8,40.6,21.0,20.6,27.9,28.3,26.3,24.2,37.8,40.6,21.0,20.6,27.9,28.3,0.0,0.0,0.0,0.0,0.0,0.0,0.0,0.0,"(CONTRACTS OF 1,000 BARRELS)",N10,CRUDE OIL,PETROLEUM AND PRODUCTS,NATURAL RESOURCES,FutOnly
130402067411F,"CRUDE OIL, LIGHT SWEET - ICE FUTURES EUROPE",2013-04-02T00:00:00.000,2013 Report Week 13,"CRUDE OIL, LIGHT SWEET-WTI",67411,ICEU,NYC,67,CRUDE OIL,535648,208659,110944,8407,170896,65939,52915,22649,41174,44480,12412,94350,515924,518364,19724,17284,535648,208659,110944,8407,170896,65939,52915,22649,41174,44480,12412,94350,515924,518364,19724,17284,0,0,0,0,0,0,0,0,0,0,0,0,0,0,0,0,15647.0,10722.0,1003.0,-4222.0,7290.0,8778.0,-11.0,-880.0,2480.0,2139.0,2888.0,-4279.0,15607.0,17280.0,40.0,-1633.0,100.0,39.0,20.7,1.6,31.9,12.3,9.9,4.2,7.7,8.3,2.3,17.6,96.3,96.8,3.7,3.2,100.0,39.0,20.7,1.6,31.9,12.3,9.9,4.2,7.7,8.3,2.3,17.6,96.3,96.8,3.7,3.2,100.0,0.0,0.0,0.0,0.0,0.0,0.0,0.0,0.0,0.0,0.0,0.0,0.0,0.0,0.0,0.0,157,36.0,41.0,6.0,19.0,24.0,19.0,15.0,23.0,29,22.0,41,136,141,157,36.0,41.0,6.0,19.0,24.0,19.0,15.0,23.0,29,22.0,41,136,141,0,0,0,0,0,0,0,0,0,0,0,0,0,0,27.7,25.2,38.4,40.3,21.3,21.1,28.5,29.0,27.7,25.2,38.4,40.3,21.3,21.1,28.5,29.0,0.0,0.0,0.0,0.0,0.0,0.0,0.0,0.0,"(CONTRACTS OF 1,000 BARRELS)",N10,CRUDE OIL,PETROLEUM AND PRODUCTS,NATURAL RESOURCES,FutOnly
130326067411F,"CRUDE OIL, LIGHT SWEET - ICE FUTURES EUROPE",2013-03-26T00:00:00.000,2013 Report Week 12,"CRUDE OIL, LIGHT SWEET-WTI",67411,ICEU,NYC,67,CRUDE OIL,520001,197937,109941,12629,163606,57161,52926,23529,38694,42341,9524,98629,500317,501084,19684,18917,520001,197937,109941,12629,163606,57161,52926,23529,38694,42341,9524,98629,500317,501084,19684,18917,0,0,0,0,0,0,0,0,0,0,0,0,0,0,0,0,-9211.0,4425.0,-471.0,-5666.0,2297.0,-5654.0,-4154.0,-5529.0,-375.0,1134.0,-801.0,-1119.0,-11409.0,-11652.0,2198.0,2441.0,100.0,38.1,21.1,2.4,31.5,11.0,10.2,4.5,7.4,8.1,1.8,19.0,96.2,96.4,3.8,3.6,100.0,38.1,21.1,2.4,31.5,11.0,10.2,4.5,7.4,8.1,1.8,19.0,96.2,96.4,3.8,3.6,100.0,0.0,0.0,0.0,0.0,0.0,0.0,0.0,0.0,0.0,0.0,0.0,0.0,0.0,0.0,0.0,157,38.0,42.0,7.0,18.0,24.0,20.0,15.0,24.0,29,20.0,38,137,140,157,38.0,42.0,7.0,18.0,24.0,20.0,15.0,24.0,29,20.0,38,137,140,0,0,0,0,0,0,0,0,0,0,0,0,0,0,28.1,26.1,38.4,41.7,20.6,21.0,27.6,30.1,28.1,26.1,38.4,41.7,20.6,21.0,27.6,30.1,0.0,0.0,0.0,0.0,0.0,0.0,0.0,0.0,"(CONTRACTS OF 1,000 BARRELS)",N10,CRUDE OIL,PETROLEUM AND PRODUCTS,NATURAL RESOURCES,FutOnly
130319067411F,"CRUDE OIL, LIGHT SWEET - ICE FUTURES EUROPE",2013-03-19T00:00:00.000,2013 Report Week 11,"CRUDE OIL, LIGHT SWEET-WTI",67411,ICEU,NYC,67,CRUDE OIL,529212,193512,110412,18295,161309,62815,57080,29058,39069,41207,10325,99748,511726,512736,17486,16476,529212,193512,110412,18295,161309,62815,57080,29058,39069,41207,10325,99748,511726,512736,17486,16476,0,0,0,0,0,0,0,0,0,0,0,0,0,0,0,0,-29687.0,-7721.0,-2975.0,-10103.0,6024.0,-3109.0,1438.0,-1392.0,-7061.0,8237.0,-7930.0,-9501.0,-27820.0,-25944.0,-1867.0,-3743.0,100.0,36.6,20.9,3.5,30.5,11.9,10.8,5.5,7.4,7.8,2.0,18.8,96.7,96.9,3.3,3.1,100.0,36.6,20.9,3.5,30.5,11.9,10.8,5.5,7.4,7.8,2.0,18.8,96.7,96.9,3.3,3.1,100.0,0.0,0.0,0.0,0.0,0.0,0.0,0.0,0.0,0.0,0.0,0.0,0.0,0.0,0.0,0.0,157,38.0,41.0,9.0,16.0,25.0,23.0,14.0,26.0,24,22.0,39,139,142,157,38.0,41.0,9.0,16.0,25.0,23.0,14.0,26.0,24,22.0,39,139,142,0,0,0,0,0,0,0,0,0,0,0,0,0,0,24.8,25.8,35.9,41.8,18.0,20.7,25.4,30.1,24.8,25.8,35.9,41.8,18.0,20.7,25.4,30.1,0.0,0.0,0.0,0.0,0.0,0.0,0.0,0.0,"(CONTRACTS OF 1,000 BARRELS)",N10,CRUDE OIL,PETROLEUM AND PRODUCTS,NATURAL RESOURCES,FutOnly
130312067411F,"CRUDE OIL, LIGHT SWEET - ICE FUTURES EUROPE",2013-03-12T00:00:00.000,2013 Report Week 10,"CRUDE OIL, LIGHT SWEET-WTI",67411,ICEU,NYC,67,CRUDE OIL,558899,201233,113387,28398,155285,65924,55642,30450,46130,32970,18255,109249,539546,538680,19353,20219,558899,201233,113387,28398,155285,65924,55642,30450,46130,32970,18255,109249,539546,538680,19353,20219,0,0,0,0,0,0,0,0,0,0,0,0,0,0,0,0,10180.0,-5055.0,-2163.0,-1479.0,7061.0,3721.0,2508.0,-3390.0,4645.0,4911.0,-2575.0,-777.0,8474.0,6522.0,1706.0,3658.0,100.0,36.0,20.3,5.1,27.8,11.8,10.0,5.4,8.3,5.9,3.3,19.5,96.5,96.4,3.5,3.6,100.0,36.0,20.3,5.1,27.8,11.8,10.0,5.4,8.3,5.9,3.3,19.5,96.5,96.4,3.5,3.6,100.0,0.0,0.0,0.0,0.0,0.0,0.0,0.0,0.0,0.0,0.0,0.0,0.0,0.0,0.0,0.0,156,38.0,39.0,9.0,16.0,25.0,25.0,12.0,23.0,23,24.0,43,142,140,156,38.0,39.0,9.0,16.0,25.0,25.0,12.0,23.0,23,24.0,43,142,140,0,0,0,0,0,0,0,0,0,0,0,0,0,0,22.1,24.9,34.7,38.8,16.0,19.4,23.0,27.2,22.1,24.9,34.7,38.8,16.0,19.4,23.0,27.2,0.0,0.0,0.0,0.0,0.0,0.0,0.0,0.0,"(CONTRACTS OF 1,000 BARRELS)",N10,CRUDE OIL,PETROLEUM AND PRODUCTS,NATURAL RESOURCES,FutOnly
130305067411F,"CRUDE OIL, LIGHT SWEET - ICE FUTURES EUROPE",2013-03-05T00:00:00.000,2013 Report Week 09,"CRUDE OIL, LIGHT SWEET-WTI",67411,ICEU,NYC,67,CRUDE OIL,548719,206288,115550,29877,148224,62203,53134,33840,41485,28059,20830,110026,531072,532158,17647,16561,548719,206288,115550,29877,148224,62203,53134,33840,41485,28059,20830,110026,531072,532158,17647,16561,0,0,0,0,0,0,0,0,0,0,0,0,0,0,0,0,31496.0,8819.0,9375.0,-1790.0,3220.0,476.0,1941.0,578.0,7898.0,3010.0,-2678.0,13800.0,34154.0,32669.0,-2658.0,-1173.0,100.0,37.6,21.1,5.4,27.0,11.3,9.7,6.2,7.6,5.1,3.8,20.1,96.8,97.0,3.2,3.0,100.0,37.6,21.1,5.4,27.0,11.3,9.7,6.2,7.6,5.1,3.8,20.1,96.8,97.0,3.2,3.0,100.0,0.0,0.0,0.0,0.0,0.0,0.0,0.0,0.0,0.0,0.0,0.0,0.0,0.0,0.0,0.0,158,39.0,39.0,8.0,17.0,25.0,23.0,12.0,21.0,22,27.0,46,142,142,158,39.0,39.0,8.0,17.0,25.0,23.0,12.0,21.0,22,27.0,46,142,142,0,0,0,0,0,0,0,0,0,0,0,0,0,0,22.0,23.7,34.5,38.0,16.6,18.4,23.5,26.9,22.0,23.7,34.5,38.0,16.6,18.4,23.5,26.9,0.0,0.0,0.0,0.0,0.0,0.0,0.0,0.0,"(CONTRACTS OF 1,000 BARRELS)",N10,CRUDE OIL,PETROLEUM AND PRODUCTS,NATURAL RESOURCES,FutOnly
130226067411F,"CRUDE OIL, LIGHT SWEET - ICE FUTURES EUROPE",2013-02-26T00:00:00.000,2013 Report Week 08,"CRUDE OIL, LIGHT SWEET-WTI",67411,ICEU,NYC,67,CRUDE OIL,517223,197469,106175,31667,145004,61727,51193,33262,33587,25049,23508,96226,496918,499489,20305,17734,517223,197469,106175,31667,145004,61727,51193,33262,33587,25049,23508,96226,496918,499489,20305,17734,0,0,0,0,0,0,0,0,0,0,0,0,0,0,0,0,-11022.0,-13370.0,-11487.0,3047.0,-5820.0,-2237.0,-343.0,-4006.0,3545.0,-4796.0,6064.0,1964.0,-12190.0,-11977.0,1168.0,955.0,100.0,38.2,20.5,6.1,28.0,11.9,9.9,6.4,6.5,4.8,4.5,18.6,96.1,96.6,3.9,3.4,100.0,38.2,20.5,6.1,28.0,11.9,9.9,6.4,6.5,4.8,4.5,18.6,96.1,96.6,3.9,3.4,100.0,0.0,0.0,0.0,0.0,0.0,0.0,0.0,0.0,0.0,0.0,0.0,0.0,0.0,0.0,0.0,146,37.0,37.0,8.0,16.0,24.0,22.0,11.0,18.0,18,27.0,39,130,130,146,37.0,37.0,8.0,16.0,24.0,22.0,11.0,18.0,18,27.0,39,130,130,0,0,0,0,0,0,0,0,0,0,0,0,0,0,23.7,24.2,35.1,38.4,18.4,19.5,25.4,28.1,23.7,24.2,35.1,38.4,18.4,19.5,25.4,28.1,0.0,0.0,0.0,0.0,0.0,0.0,0.0,0.0,"(CONTRACTS OF 1,000 BARRELS)",N10,CRUDE OIL,PETROLEUM AND PRODUCTS,NATURAL RESOURCES,FutOnly
130219067411F,"CRUDE OIL, LIGHT SWEET - ICE FUTURES EUROPE",2013-02-19T00:00:00.000,2013 Report Week 07,"CRUDE OIL, LIGHT SWEET-WTI",67411,ICEU,NYC,67,CRUDE OIL,528245,210839,117662,28620,150824,63964,51536,37268,30042,29845,17444,94262,509108,511466,19137,16779,528245,210839,117662,28620,150824,63964,51536,37268,30042,29845,17444,94262,509108,511466,19137,16779,0,0,0,0,0,0,0,0,0,0,0,0,0,0,0,0,-1710.0,-2621.0,1165.0,5194.0,12944.0,-7922.0,1315.0,3114.0,-3694.0,6953.0,-4645.0,2048.0,1273.0,3010.0,-2983.0,-4720.0,100.0,39.9,22.3,5.4,28.6,12.1,9.8,7.1,5.7,5.6,3.3,17.8,96.4,96.8,3.6,3.2,100.0,39.9,22.3,5.4,28.6,12.1,9.8,7.1,5.7,5.6,3.3,17.8,96.4,96.8,3.6,3.2,100.0,0.0,0.0,0.0,0.0,0.0,0.0,0.0,0.0,0.0,0.0,0.0,0.0,0.0,0.0,0.0,156,43.0,43.0,7.0,19.0,24.0,21.0,11.0,19.0,20,25.0,42,141,139,156,43.0,43.0,7.0,19.0,24.0,21.0,11.0,19.0,20,25.0,42,141,139,0,0,0,0,0,0,0,0,0,0,0,0,0,0,24.4,22.2,36.4,36.3,18.6,18.7,25.2,28.0,24.4,22.2,36.4,36.3,18.6,18.7,25.2,28.0,0.0,0.0,0.0,0.0,0.0,0.0,0.0,0.0,"(CONTRACTS OF 1,000 BARRELS)",N10,CRUDE OIL,PETROLEUM AND PRODUCTS,NATURAL RESOURCES,FutOnly
130212067411F,"CRUDE OIL, LIGHT SWEET - ICE FUTURES EUROPE",2013-02-12T00:00:00.000,2013 Report Week 06,"CRUDE OIL, LIGHT SWEET-WTI",67411,ICEU,NYC,67,CRUDE OIL,529955,213460,116497,23426,137880,71886,50221,34154,33736,22892,22089,92214,507835,508456,22120,21499,529955,213460,116497,23426,137880,71886,50221,34154,33736,22892,22089,92214,507835,508456,22120,21499,0,0,0,0,0,0,0,0,0,0,0,0,0,0,0,0,8787.0,162.0,6310.0,4525.0,4954.0,2864.0,1555.0,-4562.0,-12887.0,5104.0,4369.0,6202.0,7525.0,7250.0,1262.0,1537.0,100.0,40.3,22.0,4.4,26.0,13.6,9.5,6.4,6.4,4.3,4.2,17.4,95.8,95.9,4.2,4.1,100.0,40.3,22.0,4.4,26.0,13.6,9.5,6.4,6.4,4.3,4.2,17.4,95.8,95.9,4.2,4.1,100.0,0.0,0.0,0.0,0.0,0.0,0.0,0.0,0.0,0.0,0.0,0.0,0.0,0.0,0.0,0.0,152,40.0,41.0,7.0,18.0,23.0,22.0,9.0,18.0,20,25.0,42,137,134,152,40.0,41.0,7.0,18.0,23.0,22.0,9.0,18.0,20,25.0,42,137,134,0,0,0,0,0,0,0,0,0,0,0,0,0,0,23.1,19.8,34.5,33.3,17.4,17.7,24.1,25.5,23.1,19.8,34.5,33.3,17.4,17.7,24.1,25.5,0.0,0.0,0.0,0.0,0.0,0.0,0.0,0.0,"(CONTRACTS OF 1,000 BARRELS)",N10,CRUDE OIL,PETROLEUM AND PRODUCTS,NATURAL RESOURCES,FutOnly
130205067411F,"CRUDE OIL, LIGHT SWEET - ICE FUTURES EUROPE",2013-02-05T00:00:00.000,2013 Report Week 05,"CRUDE OIL, LIGHT SWEET-WTI",67411,ICEU,NYC,67,CRUDE OIL,521168,213298,110187,18901,132926,69022,48666,38716,46623,17788,17720,86012,500310,501206,20858,19962,521168,213298,110187,18901,132926,69022,48666,38716,46623,17788,17720,86012,500310,501206,20858,19962,0,0,0,0,0,0,0,0,0,0,0,0,0,0,0,0,15137.0,9748.0,6250.0,653.0,6330.0,237.0,2457.0,181.0,5264.0,-366.0,1394.0,-5356.0,12637.0,14300.0,2500.0,837.0,100.0,40.9,21.1,3.6,25.5,13.2,9.3,7.4,8.9,3.4,3.4,16.5,96.0,96.2,4.0,3.8,100.0,40.9,21.1,3.6,25.5,13.2,9.3,7.4,8.9,3.4,3.4,16.5,96.0,96.2,4.0,3.8,100.0,0.0,0.0,0.0,0.0,0.0,0.0,0.0,0.0,0.0,0.0,0.0,0.0,0.0,0.0,0.0,152,43.0,42.0,7.0,18.0,23.0,20.0,14.0,21.0,16,26.0,36,136,134,152,43.0,42.0,7.0,18.0,23.0,20.0,14.0,21.0,16,26.0,36,136,134,0,0,0,0,0,0,0,0,0,0,0,0,0,0,23.8,20.2,35.9,33.7,17.3,16.8,24.8,24.3,23.8,20.2,35.9,33.7,17.3,16.8,24.8,24.3,0.0,0.0,0.0,0.0,0.0,0.0,0.0,0.0,"(CONTRACTS OF 1,000 BARRELS)",N10,CRUDE OIL,PETROLEUM AND PRODUCTS,NATURAL RESOURCES,FutOnly
130129067411F,"CRUDE OIL, LIGHT SWEET - ICE FUTURES EUROPE",2013-01-29T00:00:00.000,2013 Report Week 04,"CRUDE OIL, LIGHT SWEET-WTI",67411,ICEU,NYC,67,CRUDE OIL,506031,203550,103937,18248,126596,68785,46209,38535,41359,18154,16326,91368,487673,486906,18358,19125,506031,203550,103937,18248,126596,68785,46209,38535,41359,18154,16326,91368,487673,486906,18358,19125,0,0,0,0,0,0,0,0,0,0,0,0,0,0,0,0,25883.0,26757.0,2986.0,-1229.0,9955.0,595.0,-1011.0,4511.0,4835.0,-6575.0,676.0,3830.0,27202.0,27388.0,-1319.0,-1505.0,100.0,40.2,20.5,3.6,25.0,13.6,9.1,7.6,8.2,3.6,3.2,18.1,96.4,96.2,3.6,3.8,100.0,40.2,20.5,3.6,25.0,13.6,9.1,7.6,8.2,3.6,3.2,18.1,96.4,96.2,3.6,3.8,100.0,0.0,0.0,0.0,0.0,0.0,0.0,0.0,0.0,0.0,0.0,0.0,0.0,0.0,0.0,0.0,155,41.0,40.0,8.0,17.0,22.0,18.0,14.0,18.0,18,27.0,41,136,134,155,41.0,40.0,8.0,17.0,22.0,18.0,14.0,18.0,18,27.0,41,136,134,0,0,0,0,0,0,0,0,0,0,0,0,0,0,24.2,21.3,35.6,35.0,17.3,17.1,24.3,24.5,24.2,21.3,35.6,35.0,17.3,17.1,24.3,24.5,0.0,0.0,0.0,0.0,0.0,0.0,0.0,0.0,"(CONTRACTS OF 1,000 BARRELS)",N10,CRUDE OIL,PETROLEUM AND PRODUCTS,NATURAL RESOURCES,FutOnly
130122067411F,"CRUDE OIL, LIGHT SWEET - ICE FUTURES EUROPE",2013-01-22T00:00:00.000,2013 Report Week 03,"CRUDE OIL, LIGHT SWEET-WTI",67411,ICEU,NYC,67,CRUDE OIL,480148,176793,100951,19477,116641,68190,47220,34024,36524,24729,15650,87538,460471,459518,19677,20630,480148,176793,100951,19477,116641,68190,47220,34024,36524,24729,15650,87538,460471,459518,19677,20630,0,0,0,0,0,0,0,0,0,0,0,0,0,0,0,0,-26292.0,-7226.0,-10056.0,-3737.0,531.0,2239.0,-1765.0,1380.0,-2800.0,775.0,-3293.0,-14791.0,-27305.0,-26790.0,1013.0,498.0,100.0,36.8,21.0,4.1,24.3,14.2,9.8,7.1,7.6,5.2,3.3,18.2,95.9,95.7,4.1,4.3,100.0,36.8,21.0,4.1,24.3,14.2,9.8,7.1,7.6,5.2,3.3,18.2,95.9,95.7,4.1,4.3,100.0,0.0,0.0,0.0,0.0,0.0,0.0,0.0,0.0,0.0,0.0,0.0,0.0,0.0,0.0,0.0,147,43.0,40.0,8.0,17.0,23.0,19.0,12.0,18.0,16,24.0,36,133,128,147,43.0,40.0,8.0,17.0,23.0,19.0,12.0,18.0,16,24.0,36,133,128,0,0,0,0,0,0,0,0,0,0,0,0,0,0,25.1,21.7,37.0,36.5,16.4,17.1,23.1,25.3,25.1,21.7,37.0,36.5,16.4,17.1,23.1,25.3,0.0,0.0,0.0,0.0,0.0,0.0,0.0,0.0,"(CONTRACTS OF 1,000 BARRELS)",N10,CRUDE OIL,PETROLEUM AND PRODUCTS,NATURAL RESOURCES,FutOnly
130115067411F,"CRUDE OIL, LIGHT SWEET - ICE FUTURES EUROPE",2013-01-15T00:00:00.000,2013 Report Week 02,"CRUDE OIL, LIGHT SWEET-WTI",67411,ICEU,NYC,67,CRUDE OIL,506440,184019,111007,23214,116110,65951,48985,32644,39324,23954,18943,102329,487776,486308,18664,20132,506440,184019,111007,23214,116110,65951,48985,32644,39324,23954,18943,102329,487776,486308,18664,20132,0,0,0,0,0,0,0,0,0,0,0,0,0,0,0,0,12169.0,2635.0,-16257.0,-961.0,10717.0,2274.0,-1271.0,-895.0,205.0,-2465.0,2922.0,9767.0,10184.0,8733.0,1985.0,3436.0,100.0,36.3,21.9,4.6,22.9,13.0,9.7,6.4,7.8,4.7,3.7,20.2,96.3,96.0,3.7,4.0,100.0,36.3,21.9,4.6,22.9,13.0,9.7,6.4,7.8,4.7,3.7,20.2,96.3,96.0,3.7,4.0,100.0,0.0,0.0,0.0,0.0,0.0,0.0,0.0,0.0,0.0,0.0,0.0,0.0,0.0,0.0,0.0,151,41.0,40.0,7.0,19.0,24.0,17.0,14.0,19.0,17,24.0,39,134,134,151,41.0,40.0,7.0,19.0,24.0,17.0,14.0,19.0,17,24.0,39,134,134,0,0,0,0,0,0,0,0,0,0,0,0,0,0,24.5,22.4,35.6,35.8,15.8,16.4,23.1,23.2,24.5,22.4,35.6,35.8,15.8,16.4,23.1,23.2,0.0,0.0,0.0,0.0,0.0,0.0,0.0,0.0,"(CONTRACTS OF 1,000 BARRELS)",N10,CRUDE OIL,PETROLEUM AND PRODUCTS,NATURAL RESOURCES,FutOnly
130108067411F,"CRUDE OIL, LIGHT SWEET - ICE FUTURES EUROPE",2013-01-08T00:00:00.000,2013 Report Week 01,"CRUDE OIL, LIGHT SWEET-WTI",67411,ICEU,NYC,67,CRUDE OIL,494271,181384,127264,24175,105393,63677,50256,33539,39119,26419,16021,92562,477592,477575,16679,16696,494271,181384,127264,24175,105393,63677,50256,33539,39119,26419,16021,92562,477592,477575,16679,16696,0,0,0,0,0,0,0,0,0,0,0,0,0,0,0,0,26394.0,14262.0,1928.0,-4404.0,6386.0,9612.0,3290.0,2868.0,2193.0,-74.0,-371.0,789.0,25668.0,23405.0,726.0,2989.0,100.0,36.7,25.7,4.9,21.3,12.9,10.2,6.8,7.9,5.3,3.2,18.7,96.6,96.6,3.4,3.4,100.0,36.7,25.7,4.9,21.3,12.9,10.2,6.8,7.9,5.3,3.2,18.7,96.6,96.6,3.4,3.4,100.0,0.0,0.0,0.0,0.0,0.0,0.0,0.0,0.0,0.0,0.0,0.0,0.0,0.0,0.0,0.0,152,45.0,41.0,7.0,19.0,25.0,16.0,14.0,19.0,17,25.0,39,139,135,152,45.0,41.0,7.0,19.0,25.0,16.0,14.0,19.0,17,25.0,39,139,135,0,0,0,0,0,0,0,0,0,0,0,0,0,0,23.6,19.0,36.3,32.7,14.5,14.2,21.4,21.5,23.6,19.0,36.3,32.7,14.5,14.2,21.4,21.5,0.0,0.0,0.0,0.0,0.0,0.0,0.0,0.0,"(CONTRACTS OF 1,000 BARRELS)",N10,CRUDE OIL,PETROLEUM AND PRODUCTS,NATURAL RESOURCES,FutOnly
121231067411F,"CRUDE OIL, LIGHT SWEET - ICE FUTURES EUROPE",2012-12-31T00:00:00.000,2012 Report Week 53,"CRUDE OIL, LIGHT SWEET-WTI",67411,ICEU,NYC,67,CRUDE OIL,467877,167122,125336,28579,99007,54065,46966,30671,36926,26493,16392,91773,451924,454170,15953,13707,467877,167122,125336,28579,99007,54065,46966,30671,36926,26493,16392,91773,451924,454170,15953,13707,0,0,0,0,0,0,0,0,0,0,0,0,0,0,0,0,9070.0,6521.0,4021.0,-1804.0,11904.0,-1762.0,-353.0,-3390.0,2801.0,2993.0,-8903.0,7913.0,16309.0,12584.0,-7239.0,-3514.0,100.0,35.7,26.8,6.1,21.2,11.6,10.0,6.6,7.9,5.7,3.5,19.6,96.6,97.1,3.4,2.9,100.0,35.7,26.8,6.1,21.2,11.6,10.0,6.6,7.9,5.7,3.5,19.6,96.6,97.1,3.4,2.9,100.0,0.0,0.0,0.0,0.0,0.0,0.0,0.0,0.0,0.0,0.0,0.0,0.0,0.0,0.0,0.0,146,42.0,39.0,7.0,19.0,24.0,15.0,13.0,18.0,16,21.0,37,134,126,146,42.0,39.0,7.0,19.0,24.0,15.0,13.0,18.0,16,21.0,37,134,126,0,0,0,0,0,0,0,0,0,0,0,0,0,0,23.5,20.3,36.5,33.8,14.0,14.8,20.8,21.4,23.5,20.3,36.5,33.8,14.0,14.8,20.8,21.4,0.0,0.0,0.0,0.0,0.0,0.0,0.0,0.0,"(CONTRACTS OF 1,000 BARRELS)",N10,CRUDE OIL,PETROLEUM AND PRODUCTS,NATURAL RESOURCES,FutOnly
121224067411F,"CRUDE OIL, LIGHT SWEET - ICE FUTURES EUROPE",2012-12-24T00:00:00.000,2012 Report Week 52,"CRUDE OIL, LIGHT SWEET-WTI",67411,ICEU,NYC,67,CRUDE OIL,458807,160601,121315,30383,87103,55827,47319,34061,34125,23500,25295,83860,435615,441586,23192,17221,458807,160601,121315,30383,87103,55827,47319,34061,34125,23500,25295,83860,435615,441586,23192,17221,0,0,0,0,0,0,0,0,0,0,0,0,0,0,0,0,-24149.0,-4267.0,-14816.0,786.0,7391.0,-8039.0,-1582.0,821.0,-2252.0,-2068.0,2666.0,-10681.0,-28103.0,-24910.0,3954.0,761.0,100.0,35.0,26.4,6.6,19.0,12.2,10.3,7.4,7.4,5.1,5.5,18.3,94.9,96.2,5.1,3.8,100.0,35.0,26.4,6.6,19.0,12.2,10.3,7.4,7.4,5.1,5.5,18.3,94.9,96.2,5.1,3.8,100.0,0.0,0.0,0.0,0.0,0.0,0.0,0.0,0.0,0.0,0.0,0.0,0.0,0.0,0.0,0.0,140,40.0,38.0,7.0,19.0,24.0,15.0,14.0,18.0,12,23.0,31,125,121,140,40.0,38.0,7.0,19.0,24.0,15.0,14.0,18.0,12,23.0,31,125,121,0,0,0,0,0,0,0,0,0,0,0,0,0,0,22.6,21.1,36.4,34.0,14.1,14.9,21.0,20.8,22.6,21.1,36.4,34.0,14.1,14.9,21.0,20.8,0.0,0.0,0.0,0.0,0.0,0.0,0.0,0.0,"(CONTRACTS OF 1,000 BARRELS)",N10,CRUDE OIL,PETROLEUM AND PRODUCTS,NATURAL RESOURCES,FutOnly
121218067411F,"CRUDE OIL, LIGHT SWEET - ICE FUTURES EUROPE",2012-12-18T00:00:00.000,2012 Report Week 51,"CRUDE OIL, LIGHT SWEET-WTI",67411,ICEU,NYC,67,CRUDE OIL,482956,164868,136131,29597,79712,63866,48901,33240,36377,25568,22629,94541,463718,466496,19238,16460,482956,164868,136131,29597,79712,63866,48901,33240,36377,25568,22629,94541,463718,466496,19238,16460,0,0,0,0,0,0,0,0,0,0,0,0,0,0,0,0,-9099.0,1407.0,-7714.0,7608.0,-111.0,5042.0,-979.0,3407.0,-2556.0,2675.0,-2413.0,1495.0,14692.0,-2850.0,-23791.0,-6249.0,100.0,34.1,28.2,6.1,16.5,13.2,10.1,6.9,7.5,5.3,4.7,19.6,96.0,96.6,4.0,3.4,100.0,34.1,28.2,6.1,16.5,13.2,10.1,6.9,7.5,5.3,4.7,19.6,96.0,96.6,4.0,3.4,100.0,0.0,0.0,0.0,0.0,0.0,0.0,0.0,0.0,0.0,0.0,0.0,0.0,0.0,0.0,0.0,144,40.0,38.0,7.0,19.0,25.0,16.0,13.0,21.0,17,22.0,34,132,125,144,40.0,38.0,7.0,19.0,25.0,16.0,13.0,21.0,17,22.0,34,132,125,0,0,0,0,0,0,0,0,0,0,0,0,0,0,22.0,21.0,35.9,33.7,13.0,13.8,19.0,19.0,22.0,21.0,35.9,33.7,13.0,13.8,19.0,19.0,0.0,0.0,0.0,0.0,0.0,0.0,0.0,0.0,"(CONTRACTS OF 1,000 BARRELS)",N10,CRUDE OIL,PETROLEUM AND PRODUCTS,NATURAL RESOURCES,FutOnly
121211067411F,"CRUDE OIL, LIGHT SWEET - ICE FUTURES EUROPE",2012-12-11T00:00:00.000,2012 Report Week 50,"CRUDE OIL, LIGHT SWEET-WTI",67411,ICEU,NYC,67,CRUDE OIL,492055,163461,143845,21989,79823,58824,49880,29833,38933,22893,25042,93046,449026,469346,43029,22709,492055,163461,143845,21989,79823,58824,49880,29833,38933,22893,25042,93046,449026,469346,43029,22709,0,0,0,0,0,0,0,0,0,0,0,0,0,0,0,0,-9090.0,-3543.0,1993.0,87.0,-9581.0,5602.0,403.0,2570.0,-2807.0,297.0,1581.0,-10115.0,-10076.0,-10757.0,986.0,1667.0,100.0,33.2,29.2,4.5,16.2,12.0,10.1,6.1,7.9,4.7,5.1,18.9,91.3,95.4,8.7,4.6,100.0,33.2,29.2,4.5,16.2,12.0,10.1,6.1,7.9,4.7,5.1,18.9,91.3,95.4,8.7,4.6,100.0,0.0,0.0,0.0,0.0,0.0,0.0,0.0,0.0,0.0,0.0,0.0,0.0,0.0,0.0,0.0,142,43.0,39.0,7.0,19.0,25.0,16.0,10.0,15.0,18,22.0,34,131,121,142,43.0,39.0,7.0,19.0,25.0,16.0,10.0,15.0,18,22.0,34,131,121,0,0,0,0,0,0,0,0,0,0,0,0,0,0,21.1,23.1,34.3,35.1,12.2,13.9,17.6,19.7,21.1,23.1,34.3,35.1,12.2,13.9,17.6,19.7,0.0,0.0,0.0,0.0,0.0,0.0,0.0,0.0,"(CONTRACTS OF 1,000 BARRELS)",N10,CRUDE OIL,PETROLEUM AND PRODUCTS,NATURAL RESOURCES,FutOnly
121204067411F,"CRUDE OIL, LIGHT SWEET - ICE FUTURES EUROPE",2012-12-04T00:00:00.000,2012 Report Week 49,"CRUDE OIL, LIGHT SWEET-WTI",67411,ICEU,NYC,67,CRUDE OIL,501145,167004,141852,21902,89404,53222,49477,27263,41740,22596,23461,103161,459102,480103,42043,21042,501145,167004,141852,21902,89404,53222,49477,27263,41740,22596,23461,103161,459102,480103,42043,21042,0,0,0,0,0,0,0,0,0,0,0,0,0,0,0,0,7220.0,8897.0,5233.0,-1129.0,6037.0,805.0,-688.0,1325.0,-1667.0,1639.0,-2676.0,-304.0,7553.0,8753.0,-333.0,-1533.0,100.0,33.3,28.3,4.4,17.8,10.6,9.9,5.4,8.3,4.5,4.7,20.6,91.6,95.8,8.4,4.2,100.0,33.3,28.3,4.4,17.8,10.6,9.9,5.4,8.3,4.5,4.7,20.6,91.6,95.8,8.4,4.2,100.0,0.0,0.0,0.0,0.0,0.0,0.0,0.0,0.0,0.0,0.0,0.0,0.0,0.0,0.0,0.0,148,43.0,43.0,7.0,17.0,23.0,17.0,12.0,16.0,17,23.0,36,133,128,148,43.0,43.0,7.0,17.0,23.0,17.0,12.0,16.0,17,23.0,36,133,128,0,0,0,0,0,0,0,0,0,0,0,0,0,0,21.5,25.4,35.1,36.8,12.7,16.3,18.7,22.0,21.5,25.4,35.1,36.8,12.7,16.3,18.7,22.0,0.0,0.0,0.0,0.0,0.0,0.0,0.0,0.0,"(CONTRACTS OF 1,000 BARRELS)",N10,CRUDE OIL,PETROLEUM AND PRODUCTS,NATURAL RESOURCES,FutOnly
121127067411F,"CRUDE OIL, LIGHT SWEET - ICE FUTURES EUROPE",2012-11-27T00:00:00.000,2012 Report Week 48,"CRUDE OIL, LIGHT SWEET-WTI",67411,ICEU,NYC,67,CRUDE OIL,493925,158107,136619,23031,83367,52417,50165,25938,43407,20957,26137,103465,451549,471350,42376,22575,493925,158107,136619,23031,83367,52417,50165,25938,43407,20957,26137,103465,451549,471350,42376,22575,0,0,0,0,0,0,0,0,0,0,0,0,0,0,0,0,9202.0,6493.0,8196.0,-1469.0,1403.0,-1381.0,1024.0,-2339.0,-5660.0,-794.0,-2073.0,7891.0,6104.0,6037.0,3098.0,3165.0,100.0,32.0,27.7,4.7,16.9,10.6,10.2,5.3,8.8,4.2,5.3,20.9,91.4,95.4,8.6,4.6,100.0,32.0,27.7,4.7,16.9,10.6,10.2,5.3,8.8,4.2,5.3,20.9,91.4,95.4,8.6,4.6,100.0,0.0,0.0,0.0,0.0,0.0,0.0,0.0,0.0,0.0,0.0,0.0,0.0,0.0,0.0,0.0,140,41.0,40.0,8.0,16.0,23.0,20.0,7.0,14.0,15,23.0,34,128,119,140,41.0,40.0,8.0,16.0,23.0,20.0,7.0,14.0,15,23.0,34,128,119,0,0,0,0,0,0,0,0,0,0,0,0,0,0,19.9,25.6,34.0,37.9,13.3,16.3,18.1,22.1,19.9,25.6,34.0,37.9,13.3,16.3,18.1,22.1,0.0,0.0,0.0,0.0,0.0,0.0,0.0,0.0,"(CONTRACTS OF 1,000 BARRELS)",N10,CRUDE OIL,PETROLEUM AND PRODUCTS,NATURAL RESOURCES,FutOnly
121120067411F,"CRUDE OIL, LIGHT SWEET - ICE FUTURES EUROPE",2012-11-20T00:00:00.000,2012 Report Week 47,"CRUDE OIL, LIGHT SWEET-WTI",67411,ICEU,NYC,67,CRUDE OIL,484723,151614,128423,24500,81964,53798,49141,28277,49067,21751,28210,95574,445445,465313,39278,19410,484723,151614,128423,24500,81964,53798,49141,28277,49067,21751,28210,95574,445445,465313,39278,19410,0,0,0,0,0,0,0,0,0,0,0,0,0,0,0,0,-21692.0,-7267.0,-5466.0,-10054.0,-12843.0,-2710.0,-4004.0,-1638.0,1313.0,672.0,-670.0,124.0,-21926.0,-21890.0,234.0,198.0,100.0,31.3,26.5,5.1,16.9,11.1,10.1,5.8,10.1,4.5,5.8,19.7,91.9,96.0,8.1,4.0,100.0,31.3,26.5,5.1,16.9,11.1,10.1,5.8,10.1,4.5,5.8,19.7,91.9,96.0,8.1,4.0,100.0,0.0,0.0,0.0,0.0,0.0,0.0,0.0,0.0,0.0,0.0,0.0,0.0,0.0,0.0,0.0,139,42.0,38.0,10.0,14.0,21.0,17.0,11.0,16.0,15,21.0,32,126,117,139,42.0,38.0,10.0,14.0,21.0,17.0,11.0,16.0,15,21.0,32,126,117,0,0,0,0,0,0,0,0,0,0,0,0,0,0,19.4,25.4,33.2,38.5,13.7,16.3,18.5,22.6,19.4,25.4,33.2,38.5,13.7,16.3,18.5,22.6,0.0,0.0,0.0,0.0,0.0,0.0,0.0,0.0,"(CONTRACTS OF 1,000 BARRELS)",N10,CRUDE OIL,PETROLEUM AND PRODUCTS,NATURAL RESOURCES,FutOnly
121113067411F,"CRUDE OIL, LIGHT SWEET - ICE FUTURES EUROPE",2012-11-13T00:00:00.000,2012 Report Week 46,"CRUDE OIL, LIGHT SWEET-WTI",67411,ICEU,NYC,67,CRUDE OIL,506415,158881,133889,34554,94807,56508,53145,29915,47754,21079,28880,95450,467371,487203,39044,19212,506415,158881,133889,34554,94807,56508,53145,29915,47754,21079,28880,95450,467371,487203,39044,19212,0,0,0,0,0,0,0,0,0,0,0,0,0,0,0,0,-16449.0,-6811.0,-10708.0,50.0,-6313.0,-2467.0,1991.0,-4007.0,-36.0,-4046.0,9721.0,-2652.0,-13971.0,-16462.0,-2478.0,13.0,100.0,31.4,26.4,6.8,18.7,11.2,10.5,5.9,9.4,4.2,5.7,18.8,92.3,96.2,7.7,3.8,100.0,31.4,26.4,6.8,18.7,11.2,10.5,5.9,9.4,4.2,5.7,18.8,92.3,96.2,7.7,3.8,100.0,0.0,0.0,0.0,0.0,0.0,0.0,0.0,0.0,0.0,0.0,0.0,0.0,0.0,0.0,0.0,148,45.0,38.0,8.0,18.0,21.0,21.0,12.0,19.0,17,17.0,33,136,120,148,45.0,38.0,8.0,18.0,21.0,21.0,12.0,19.0,17,17.0,33,136,120,0,0,0,0,0,0,0,0,0,0,0,0,0,0,19.1,25.4,32.7,37.5,13.2,16.2,18.5,23.9,19.1,25.4,32.7,37.5,13.2,16.2,18.5,23.9,0.0,0.0,0.0,0.0,0.0,0.0,0.0,0.0,"(CONTRACTS OF 1,000 BARRELS)",N10,CRUDE OIL,PETROLEUM AND PRODUCTS,NATURAL RESOURCES,FutOnly
121106067411F,"CRUDE OIL, LIGHT SWEET - ICE FUTURES EUROPE",2012-11-06T00:00:00.000,2012 Report Week 45,"CRUDE OIL, LIGHT SWEET-WTI",67411,ICEU,NYC,67,CRUDE OIL,522864,165692,144597,34504,101120,58975,51154,33922,47790,25125,19159,98102,481342,503665,41522,19199,522864,165692,144597,34504,101120,58975,51154,33922,47790,25125,19159,98102,481342,503665,41522,19199,0,0,0,0,0,0,0,0,0,0,0,0,0,0,0,0,909.0,-4114.0,3719.0,-2338.0,-4119.0,5728.0,621.0,-999.0,2370.0,6199.0,-4145.0,-4659.0,3807.0,-2105.0,-2898.0,3014.0,100.0,31.7,27.7,6.6,19.3,11.3,9.8,6.5,9.1,4.8,3.7,18.8,92.1,96.3,7.9,3.7,100.0,31.7,27.7,6.6,19.3,11.3,9.8,6.5,9.1,4.8,3.7,18.8,92.1,96.3,7.9,3.7,100.0,0.0,0.0,0.0,0.0,0.0,0.0,0.0,0.0,0.0,0.0,0.0,0.0,0.0,0.0,0.0,150,43.0,37.0,11.0,17.0,23.0,18.0,12.0,18.0,21,19.0,37,140,123,150,43.0,37.0,11.0,17.0,23.0,18.0,12.0,18.0,21,19.0,37,140,123,0,0,0,0,0,0,0,0,0,0,0,0,0,0,18.6,24.7,31.3,36.8,13.3,16.9,18.5,23.1,18.6,24.7,31.3,36.8,13.3,16.9,18.5,23.1,0.0,0.0,0.0,0.0,0.0,0.0,0.0,0.0,"(CONTRACTS OF 1,000 BARRELS)",N10,CRUDE OIL,PETROLEUM AND PRODUCTS,NATURAL RESOURCES,FutOnly
121030067411F,"CRUDE OIL, LIGHT SWEET - ICE FUTURES EUROPE",2012-10-30T00:00:00.000,2012 Report Week 44,"CRUDE OIL, LIGHT SWEET-WTI",67411,ICEU,NYC,67,CRUDE OIL,521955,169806,140878,36842,105239,53247,50533,34921,45420,18926,23304,102761,477535,505770,44420,16185,521955,169806,140878,36842,105239,53247,50533,34921,45420,18926,23304,102761,477535,505770,44420,16185,0,0,0,0,0,0,0,0,0,0,0,0,0,0,0,0,12529.0,5835.0,7238.0,-24587.0,-3154.0,2146.0,664.0,109.0,412.0,3470.0,1150.0,1724.0,-10336.0,9625.0,22865.0,2904.0,100.0,32.5,27.0,7.1,20.2,10.2,9.7,6.7,8.7,3.6,4.5,19.7,91.5,96.9,8.5,3.1,100.0,32.5,27.0,7.1,20.2,10.2,9.7,6.7,8.7,3.6,4.5,19.7,91.5,96.9,8.5,3.1,100.0,0.0,0.0,0.0,0.0,0.0,0.0,0.0,0.0,0.0,0.0,0.0,0.0,0.0,0.0,0.0,151,44.0,37.0,11.0,17.0,23.0,16.0,14.0,18.0,22,19.0,36,140,122,151,44.0,37.0,11.0,17.0,23.0,16.0,14.0,18.0,22,19.0,36,140,122,0,0,0,0,0,0,0,0,0,0,0,0,0,0,19.2,25.5,32.2,37.8,13.5,16.6,19.0,23.8,19.2,25.5,32.2,37.8,13.5,16.6,19.0,23.8,0.0,0.0,0.0,0.0,0.0,0.0,0.0,0.0,"(CONTRACTS OF 1,000 BARRELS)",N10,CRUDE OIL,PETROLEUM AND PRODUCTS,NATURAL RESOURCES,FutOnly
121023067411F,"CRUDE OIL, LIGHT SWEET - ICE FUTURES EUROPE",2012-10-23T00:00:00.000,2012 Report Week 43,"CRUDE OIL, LIGHT SWEET-WTI",67411,ICEU,NYC,67,CRUDE OIL,509426,163971,133640,61429,108393,51101,49869,34812,45008,15456,22154,101037,487871,496145,21555,13281,509426,163971,133640,61429,108393,51101,49869,34812,45008,15456,22154,101037,487871,496145,21555,13281,0,0,0,0,0,0,0,0,0,0,0,0,0,0,0,0,-18935.0,-10659.0,-1680.0,165.0,-6627.0,-3787.0,-5449.0,3033.0,-1107.0,2334.0,-3894.0,-887.0,-19390.0,-14949.0,455.0,-3986.0,100.0,32.2,26.2,12.1,21.3,10.0,9.8,6.8,8.8,3.0,4.3,19.8,95.8,97.4,4.2,2.6,100.0,32.2,26.2,12.1,21.3,10.0,9.8,6.8,8.8,3.0,4.3,19.8,95.8,97.4,4.2,2.6,100.0,0.0,0.0,0.0,0.0,0.0,0.0,0.0,0.0,0.0,0.0,0.0,0.0,0.0,0.0,0.0,152,43.0,38.0,12.0,17.0,24.0,18.0,15.0,17.0,18,24.0,35,139,124,152,43.0,38.0,12.0,17.0,24.0,18.0,15.0,17.0,18,24.0,35,139,124,0,0,0,0,0,0,0,0,0,0,0,0,0,0,20.6,26.3,34.5,39.0,16.5,16.6,23.0,24.0,20.6,26.3,34.5,39.0,16.5,16.6,23.0,24.0,0.0,0.0,0.0,0.0,0.0,0.0,0.0,0.0,"(CONTRACTS OF 1,000 BARRELS)",N10,CRUDE OIL,PETROLEUM AND PRODUCTS,NATURAL RESOURCES,FutOnly
121016067411F,"CRUDE OIL, LIGHT SWEET - ICE FUTURES EUROPE",2012-10-16T00:00:00.000,2012 Report Week 42,"CRUDE OIL, LIGHT SWEET-WTI",67411,ICEU,NYC,67,CRUDE OIL,528361,174630,135320,61264,115020,54888,55318,31779,46115,13122,26048,101924,507261,511094,21100,17267,528361,174630,135320,61264,115020,54888,55318,31779,46115,13122,26048,101924,507261,511094,21100,17267,0,0,0,0,0,0,0,0,0,0,0,0,0,0,0,0,7859.0,-4900.0,3984.0,3990.0,112.0,-1727.0,-9336.0,-1286.0,-3519.0,3401.0,-173.0,8252.0,-3839.0,5643.0,11698.0,2216.0,100.0,33.1,25.6,11.6,21.8,10.4,10.5,6.0,8.7,2.5,4.9,19.3,96.0,96.7,4.0,3.3,100.0,33.1,25.6,11.6,21.8,10.4,10.5,6.0,8.7,2.5,4.9,19.3,96.0,96.7,4.0,3.3,100.0,0.0,0.0,0.0,0.0,0.0,0.0,0.0,0.0,0.0,0.0,0.0,0.0,0.0,0.0,0.0,148,41.0,38.0,12.0,17.0,25.0,19.0,13.0,19.0,16,26.0,37,138,127,148,41.0,38.0,12.0,17.0,25.0,19.0,13.0,19.0,16,26.0,37,138,127,0,0,0,0,0,0,0,0,0,0,0,0,0,0,19.8,25.4,33.9,39.0,15.5,16.3,22.5,23.7,19.8,25.4,33.9,39.0,15.5,16.3,22.5,23.7,0.0,0.0,0.0,0.0,0.0,0.0,0.0,0.0,"(CONTRACTS OF 1,000 BARRELS)",N10,CRUDE OIL,PETROLEUM AND PRODUCTS,NATURAL RESOURCES,FutOnly
121009067411F,"CRUDE OIL, LIGHT SWEET - ICE FUTURES EUROPE",2012-10-09T00:00:00.000,2012 Report Week 41,"CRUDE OIL, LIGHT SWEET-WTI",67411,ICEU,NYC,67,CRUDE OIL,520502,179530,131336,57274,114908,56615,64654,33065,49634,9721,26221,93672,511100,505451,9402,15051,520502,179530,131336,57274,114908,56615,64654,33065,49634,9721,26221,93672,511100,505451,9402,15051,0,0,0,0,0,0,0,0,0,0,0,0,0,0,0,0,22576.0,9503.0,8788.0,142.0,8263.0,-1233.0,14213.0,1123.0,5359.0,1317.0,-2838.0,4433.0,33734.0,23895.0,-11158.0,-1319.0,100.0,34.5,25.2,11.0,22.1,10.9,12.4,6.4,9.5,1.9,5.0,18.0,98.2,97.1,1.8,2.9,100.0,34.5,25.2,11.0,22.1,10.9,12.4,6.4,9.5,1.9,5.0,18.0,98.2,97.1,1.8,2.9,100.0,0.0,0.0,0.0,0.0,0.0,0.0,0.0,0.0,0.0,0.0,0.0,0.0,0.0,0.0,0.0,145,42.0,37.0,12.0,17.0,25.0,20.0,13.0,18.0,18,19.0,36,137,123,145,42.0,37.0,12.0,17.0,25.0,20.0,13.0,18.0,18,19.0,36,137,123,0,0,0,0,0,0,0,0,0,0,0,0,0,0,19.1,24.7,33.6,39.2,16.2,16.7,24.4,24.5,19.1,24.7,33.6,39.2,16.2,16.7,24.4,24.5,0.0,0.0,0.0,0.0,0.0,0.0,0.0,0.0,"(CONTRACTS OF 1,000 BARRELS)",N10,CRUDE OIL,PETROLEUM AND PRODUCTS,NATURAL RESOURCES,FutOnly
121002067411F,"CRUDE OIL, LIGHT SWEET - ICE FUTURES EUROPE",2012-10-02T00:00:00.000,2012 Report Week 40,"CRUDE OIL, LIGHT SWEET-WTI",67411,ICEU,NYC,67,CRUDE OIL,497926,170027,122548,57132,106645,57848,50441,31942,44275,8404,29059,89239,477366,481556,20560,16370,497926,170027,122548,57132,106645,57848,50441,31942,44275,8404,29059,89239,477366,481556,20560,16370,0,0,0,0,0,0,0,0,0,0,0,0,0,0,0,0,-176.0,-1881.0,-3300.0,-2638.0,-694.0,1761.0,-365.0,-1211.0,8144.0,-2621.0,-3771.0,-2707.0,-307.0,-1778.0,131.0,1602.0,100.0,34.1,24.6,11.5,21.4,11.6,10.1,6.4,8.9,1.7,5.8,17.9,95.9,96.7,4.1,3.3,100.0,34.1,24.6,11.5,21.4,11.6,10.1,6.4,8.9,1.7,5.8,17.9,95.9,96.7,4.1,3.3,100.0,0.0,0.0,0.0,0.0,0.0,0.0,0.0,0.0,0.0,0.0,0.0,0.0,0.0,0.0,0.0,144,41.0,39.0,12.0,17.0,26.0,17.0,13.0,19.0,14,20.0,35,134,125,144,41.0,39.0,12.0,17.0,26.0,17.0,13.0,19.0,14,20.0,35,134,125,0,0,0,0,0,0,0,0,0,0,0,0,0,0,20.6,26.1,35.7,40.4,16.0,17.4,23.7,25.0,20.6,26.1,35.7,40.4,16.0,17.4,23.7,25.0,0.0,0.0,0.0,0.0,0.0,0.0,0.0,0.0,"(CONTRACTS OF 1,000 BARRELS)",N10,CRUDE OIL,PETROLEUM AND PRODUCTS,NATURAL RESOURCES,FutOnly
120925067411F,"CRUDE OIL, LIGHT SWEET - ICE FUTURES EUROPE",2012-09-25T00:00:00.000,2012 Report Week 39,"CRUDE OIL, LIGHT SWEET-WTI",67411,ICEU,NYC,67,CRUDE OIL,498102,171908,125848,59770,107339,56087,50806,33153,36131,11025,32830,91946,477673,483334,20429,14768,498102,171908,125848,59770,107339,56087,50806,33153,36131,11025,32830,91946,477673,483334,20429,14768,0,0,0,0,0,0,0,0,0,0,0,0,0,0,0,0,-29211.0,420.0,-10710.0,-5500.0,-513.0,344.0,-1293.0,5366.0,-5153.0,1650.0,3984.0,-20123.0,-29655.0,-26805.0,444.0,-2406.0,100.0,34.5,25.3,12.0,21.5,11.3,10.2,6.7,7.3,2.2,6.6,18.5,95.9,97.0,4.1,3.0,100.0,34.5,25.3,12.0,21.5,11.3,10.2,6.7,7.3,2.2,6.6,18.5,95.9,97.0,4.1,3.0,100.0,0.0,0.0,0.0,0.0,0.0,0.0,0.0,0.0,0.0,0.0,0.0,0.0,0.0,0.0,0.0,138,39.0,38.0,14.0,15.0,25.0,19.0,10.0,16.0,15,20.0,31,125,119,138,39.0,38.0,14.0,15.0,25.0,19.0,10.0,16.0,15,20.0,31,125,119,0,0,0,0,0,0,0,0,0,0,0,0,0,0,21.7,28.3,37.5,42.6,16.1,18.7,23.3,26.2,21.7,28.3,37.5,42.6,16.1,18.7,23.3,26.2,0.0,0.0,0.0,0.0,0.0,0.0,0.0,0.0,"(CONTRACTS OF 1,000 BARRELS)",N10,CRUDE OIL,PETROLEUM AND PRODUCTS,NATURAL RESOURCES,FutOnly
120918067411F,"CRUDE OIL, LIGHT SWEET - ICE FUTURES EUROPE",2012-09-18T00:00:00.000,2012 Report Week 38,"CRUDE OIL, LIGHT SWEET-WTI",67411,ICEU,NYC,67,CRUDE OIL,527313,171488,136558,65270,107852,55743,52099,27787,41284,9375,28846,112069,507328,510139,19985,17174,527313,171488,136558,65270,107852,55743,52099,27787,41284,9375,28846,112069,507328,510139,19985,17174,0,0,0,0,0,0,0,0,0,0,0,0,0,0,0,0,4952.0,1517.0,4563.0,2664.0,1251.0,336.0,5612.0,-1659.0,2060.0,-560.0,4232.0,-6343.0,5286.0,4440.0,-334.0,512.0,100.0,32.5,25.9,12.4,20.5,10.6,9.9,5.3,7.8,1.8,5.5,21.3,96.2,96.7,3.8,3.3,100.0,32.5,25.9,12.4,20.5,10.6,9.9,5.3,7.8,1.8,5.5,21.3,96.2,96.7,3.8,3.3,100.0,0.0,0.0,0.0,0.0,0.0,0.0,0.0,0.0,0.0,0.0,0.0,0.0,0.0,0.0,0.0,139,39.0,39.0,11.0,18.0,25.0,18.0,10.0,16.0,13,20.0,35,129,121,139,39.0,39.0,11.0,18.0,25.0,18.0,10.0,16.0,13,20.0,35,129,121,0,0,0,0,0,0,0,0,0,0,0,0,0,0,20.9,27.8,35.8,40.9,14.3,16.7,21.8,23.7,20.9,27.8,35.8,40.9,14.3,16.7,21.8,23.7,0.0,0.0,0.0,0.0,0.0,0.0,0.0,0.0,"(CONTRACTS OF 1,000 BARRELS)",N10,CRUDE OIL,PETROLEUM AND PRODUCTS,NATURAL RESOURCES,FutOnly
120911067411F,"CRUDE OIL, LIGHT SWEET - ICE FUTURES EUROPE",2012-09-11T00:00:00.000,2012 Report Week 37,"CRUDE OIL, LIGHT SWEET-WTI",67411,ICEU,NYC,67,CRUDE OIL,522361,169971,131995,62606,106601,55407,46487,29446,39224,9935,24614,118412,502042,505699,20319,16662,522361,169971,131995,62606,106601,55407,46487,29446,39224,9935,24614,118412,502042,505699,20319,16662,0,0,0,0,0,0,0,0,0,0,0,0,0,0,0,0,41754.0,1923.0,9442.0,-1830.0,1063.0,898.0,22958.0,973.0,-3884.0,-6004.0,2433.0,29668.0,43729.0,40593.0,-1975.0,1161.0,100.0,32.5,25.3,12.0,20.4,10.6,8.9,5.6,7.5,1.9,4.7,22.7,96.1,96.8,3.9,3.2,100.0,32.5,25.3,12.0,20.4,10.6,8.9,5.6,7.5,1.9,4.7,22.7,96.1,96.8,3.9,3.2,100.0,0.0,0.0,0.0,0.0,0.0,0.0,0.0,0.0,0.0,0.0,0.0,0.0,0.0,0.0,0.0,138,39.0,37.0,12.0,14.0,23.0,15.0,14.0,18.0,14,20.0,34,127,119,138,39.0,37.0,12.0,14.0,23.0,15.0,14.0,18.0,14,20.0,34,127,119,0,0,0,0,0,0,0,0,0,0,0,0,0,0,21.1,29.3,35.6,42.2,13.3,16.9,22.2,24.3,21.1,29.3,35.6,42.2,13.3,16.9,22.2,24.3,0.0,0.0,0.0,0.0,0.0,0.0,0.0,0.0,"(CONTRACTS OF 1,000 BARRELS)",N10,CRUDE OIL,PETROLEUM AND PRODUCTS,NATURAL RESOURCES,FutOnly
120904067411F,"CRUDE OIL, LIGHT SWEET - ICE FUTURES EUROPE",2012-09-04T00:00:00.000,2012 Report Week 36,"CRUDE OIL, LIGHT SWEET-WTI",67411,ICEU,NYC,67,CRUDE OIL,480607,168048,122553,64436,105538,54509,23529,28473,43108,15939,22181,88744,458313,465106,22294,15501,480607,168048,122553,64436,105538,54509,23529,28473,43108,15939,22181,88744,458313,465106,22294,15501,0,0,0,0,0,0,0,0,0,0,0,0,0,0,0,0,1958.0,4808.0,9762.0,903.0,598.0,335.0,-234.0,1080.0,-2549.0,5110.0,-1926.0,-3501.0,4872.0,3799.0,-2914.0,-1841.0,100.0,35.0,25.5,13.4,22.0,11.3,4.9,5.9,9.0,3.3,4.6,18.5,95.4,96.8,4.6,3.2,100.0,35.0,25.5,13.4,22.0,11.3,4.9,5.9,9.0,3.3,4.6,18.5,95.4,96.8,4.6,3.2,100.0,0.0,0.0,0.0,0.0,0.0,0.0,0.0,0.0,0.0,0.0,0.0,0.0,0.0,0.0,0.0,136,39.0,38.0,11.0,16.0,24.0,12.0,16.0,17.0,13,23.0,31,123,118,136,39.0,38.0,11.0,16.0,24.0,12.0,16.0,17.0,13,23.0,31,123,118,0,0,0,0,0,0,0,0,0,0,0,0,0,0,21.5,29.0,36.8,42.7,14.3,18.0,23.0,25.5,21.5,29.0,36.8,42.7,14.3,18.0,23.0,25.5,0.0,0.0,0.0,0.0,0.0,0.0,0.0,0.0,"(CONTRACTS OF 1,000 BARRELS)",N10,CRUDE OIL,PETROLEUM AND PRODUCTS,NATURAL RESOURCES,FutOnly
120828067411F,"CRUDE OIL, LIGHT SWEET - ICE FUTURES EUROPE",2012-08-28T00:00:00.000,2012 Report Week 35,"CRUDE OIL, LIGHT SWEET-WTI",67411,ICEU,NYC,67,CRUDE OIL,478649,163240,112791,63533,104940,54174,23763,27393,45657,10829,24107,92245,453441,461307,25208,17342,478649,163240,112791,63533,104940,54174,23763,27393,45657,10829,24107,92245,453441,461307,25208,17342,0,0,0,0,0,0,0,0,0,0,0,0,0,0,0,0,15158.0,3851.0,-2220.0,-753.0,1389.0,5851.0,1098.0,520.0,936.0,-1835.0,5922.0,2239.0,11387.0,14637.0,3771.0,521.0,100.0,34.1,23.6,13.3,21.9,11.3,5.0,5.7,9.5,2.3,5.0,19.3,94.7,96.4,5.3,3.6,100.0,34.1,23.6,13.3,21.9,11.3,5.0,5.7,9.5,2.3,5.0,19.3,94.7,96.4,5.3,3.6,100.0,0.0,0.0,0.0,0.0,0.0,0.0,0.0,0.0,0.0,0.0,0.0,0.0,0.0,0.0,0.0,137,37.0,38.0,11.0,16.0,24.0,12.0,16.0,16.0,13,20.0,34,124,120,137,37.0,38.0,11.0,16.0,24.0,12.0,16.0,16.0,13,20.0,34,124,120,0,0,0,0,0,0,0,0,0,0,0,0,0,0,22.0,29.6,37.2,43.2,14.7,18.2,23.0,25.4,22.0,29.6,37.2,43.2,14.7,18.2,23.0,25.4,0.0,0.0,0.0,0.0,0.0,0.0,0.0,0.0,"(CONTRACTS OF 1,000 BARRELS)",N10,CRUDE OIL,PETROLEUM AND PRODUCTS,NATURAL RESOURCES,FutOnly
120821067411F,"CRUDE OIL, LIGHT SWEET - ICE FUTURES EUROPE",2012-08-21T00:00:00.000,2012 Report Week 34,"CRUDE OIL, LIGHT SWEET-WTI",67411,ICEU,NYC,67,CRUDE OIL,463491,159389,115011,64286,103551,48323,22665,26873,44721,12664,18185,90006,442054,446670,21437,16821,463491,159389,115011,64286,103551,48323,22665,26873,44721,12664,18185,90006,442054,446670,21437,16821,0,0,0,0,0,0,0,0,0,0,0,0,0,0,0,0,-4161.0,1055.0,-3997.0,-3282.0,1000.0,-3207.0,1472.0,-1741.0,-890.0,105.0,6711.0,-2137.0,-6884.0,-4261.0,2723.0,100.0,100.0,34.4,24.8,13.9,22.3,10.4,4.9,5.8,9.6,2.7,3.9,19.4,95.4,96.4,4.6,3.6,100.0,34.4,24.8,13.9,22.3,10.4,4.9,5.8,9.6,2.7,3.9,19.4,95.4,96.4,4.6,3.6,100.0,0.0,0.0,0.0,0.0,0.0,0.0,0.0,0.0,0.0,0.0,0.0,0.0,0.0,0.0,0.0,136,38.0,39.0,10.0,17.0,24.0,10.0,15.0,14.0,19,16.0,33,122,119,136,38.0,39.0,10.0,17.0,24.0,10.0,15.0,14.0,19,16.0,33,122,119,0,0,0,0,0,0,0,0,0,0,0,0,0,0,22.8,28.7,37.2,42.9,15.3,17.8,23.3,24.4,22.8,28.7,37.2,42.9,15.3,17.8,23.3,24.4,0.0,0.0,0.0,0.0,0.0,0.0,0.0,0.0,"(CONTRACTS OF 1,000 BARRELS)",N10,CRUDE OIL,PETROLEUM AND PRODUCTS,NATURAL RESOURCES,FutOnly
120814067411F,"CRUDE OIL, LIGHT SWEET - ICE FUTURES EUROPE",2012-08-14T00:00:00.000,2012 Report Week 33,"CRUDE OIL, LIGHT SWEET-WTI",67411,ICEU,NYC,67,CRUDE OIL,467652,158334,119008,67568,102551,51530,21193,28614,45611,12559,11474,92143,448938,450931,18714,16721,467652,158334,119008,67568,102551,51530,21193,28614,45611,12559,11474,92143,448938,450931,18714,16721,0,0,0,0,0,0,0,0,0,0,0,0,0,0,0,0,5550.0,10174.0,-2400.0,-6451.0,1132.0,1602.0,1726.0,2858.0,-1015.0,507.0,1748.0,201.0,6744.0,4126.0,-1194.0,1424.0,100.0,33.9,25.4,14.4,21.9,11.0,4.5,6.1,9.8,2.7,2.5,19.7,96.0,96.4,4.0,3.6,100.0,33.9,25.4,14.4,21.9,11.0,4.5,6.1,9.8,2.7,2.5,19.7,96.0,96.4,4.0,3.6,100.0,0.0,0.0,0.0,0.0,0.0,0.0,0.0,0.0,0.0,0.0,0.0,0.0,0.0,0.0,0.0,138,39.0,41.0,11.0,17.0,25.0,14.0,14.0,17.0,17,15.0,34,126,124,138,39.0,41.0,11.0,17.0,25.0,14.0,14.0,17.0,17,15.0,34,126,124,0,0,0,0,0,0,0,0,0,0,0,0,0,0,22.8,27.9,37.6,41.4,14.9,17.0,23.0,22.6,22.8,27.9,37.6,41.4,14.9,17.0,23.0,22.6,0.0,0.0,0.0,0.0,0.0,0.0,0.0,0.0,"(CONTRACTS OF 1,000 BARRELS)",N10,CRUDE OIL,PETROLEUM AND PRODUCTS,NATURAL RESOURCES,FutOnly
120807067411F,"CRUDE OIL, LIGHT SWEET - ICE FUTURES EUROPE",2012-08-07T00:00:00.000,2012 Report Week 32,"CRUDE OIL, LIGHT SWEET-WTI",67411,ICEU,NYC,67,CRUDE OIL,462102,148160,121408,74019,101419,49928,19467,25756,46626,12052,9726,91942,442194,446805,19908,15297,462102,148160,121408,74019,101419,49928,19467,25756,46626,12052,9726,91942,442194,446805,19908,15297,0,0,0,0,0,0,0,0,0,0,0,0,0,0,0,0,21279.0,4114.0,4458.0,2569.0,-4996.0,130.0,-2840.0,2215.0,7486.0,-224.0,2317.0,7468.0,18703.0,19078.0,2576.0,2201.0,100.0,32.1,26.3,16.0,21.9,10.8,4.2,5.6,10.1,2.6,2.1,19.9,95.7,96.7,4.3,3.3,100.0,32.1,26.3,16.0,21.9,10.8,4.2,5.6,10.1,2.6,2.1,19.9,95.7,96.7,4.3,3.3,100.0,0.0,0.0,0.0,0.0,0.0,0.0,0.0,0.0,0.0,0.0,0.0,0.0,0.0,0.0,0.0,133,39.0,39.0,11.0,18.0,26.0,12.0,13.0,14.0,16,15.0,33,122,120,133,39.0,39.0,11.0,18.0,26.0,12.0,13.0,14.0,16,15.0,33,122,120,0,0,0,0,0,0,0,0,0,0,0,0,0,0,24.1,29.4,39.4,42.7,14.6,17.0,23.7,22.8,24.1,29.4,39.4,42.7,14.6,17.0,23.7,22.8,0.0,0.0,0.0,0.0,0.0,0.0,0.0,0.0,"(CONTRACTS OF 1,000 BARRELS)",N10,CRUDE OIL,PETROLEUM AND PRODUCTS,NATURAL RESOURCES,FutOnly
120731067411F,"CRUDE OIL, LIGHT SWEET - ICE FUTURES EUROPE",2012-07-31T00:00:00.000,2012 Report Week 31,"CRUDE OIL, LIGHT SWEET-WTI",67411,ICEU,NYC,67,CRUDE OIL,440823,144046,116950,71450,106415,49798,22307,23541,39140,12276,7409,84474,423491,427727,17332,13096,440823,144046,116950,71450,106415,49798,22307,23541,39140,12276,7409,84474,423491,427727,17332,13096,0,0,0,0,0,0,0,0,0,0,0,0,0,0,0,0,10176.0,5153.0,9472.0,-1193.0,-429.0,1697.0,314.0,-123.0,-164.0,-1257.0,-3169.0,5299.0,9849.0,12583.0,327.0,-2407.0,100.0,32.7,26.5,16.2,24.1,11.3,5.1,5.3,8.9,2.8,1.7,19.2,96.1,97.0,3.9,3.0,100.0,32.7,26.5,16.2,24.1,11.3,5.1,5.3,8.9,2.8,1.7,19.2,96.1,97.0,3.9,3.0,100.0,0.0,0.0,0.0,0.0,0.0,0.0,0.0,0.0,0.0,0.0,0.0,0.0,0.0,0.0,0.0,138,41.0,39.0,11.0,18.0,26.0,13.0,12.0,16.0,19,14.0,37,128,125,138,41.0,39.0,11.0,18.0,26.0,13.0,12.0,16.0,19,14.0,37,128,125,0,0,0,0,0,0,0,0,0,0,0,0,0,0,24.0,29.8,40.4,43.0,15.3,17.9,23.8,23.8,24.0,29.8,40.4,43.0,15.3,17.9,23.8,23.8,0.0,0.0,0.0,0.0,0.0,0.0,0.0,0.0,"(CONTRACTS OF 1,000 BARRELS)",N10,CRUDE OIL,PETROLEUM AND PRODUCTS,NATURAL RESOURCES,FutOnly
120724067411F,"CRUDE OIL, LIGHT SWEET - ICE FUTURES EUROPE",2012-07-24T00:00:00.000,2012 Report Week 30,"CRUDE OIL, LIGHT SWEET-WTI",67411,ICEU,NYC,67,CRUDE OIL,430647,138893,107478,72643,106844,48101,21993,23664,39304,13533,10578,79175,413642,415144,17005,15503,430647,138893,107478,72643,106844,48101,21993,23664,39304,13533,10578,79175,413642,415144,17005,15503,0,0,0,0,0,0,0,0,0,0,0,0,0,0,0,0,-1395.0,4943.0,-4599.0,-2311.0,-3760.0,-3700.0,2982.0,1762.0,-41.0,-5920.0,4519.0,6192.0,2145.0,373.0,-3540.0,-1768.0,100.0,32.3,25.0,16.9,24.8,11.2,5.1,5.5,9.1,3.1,2.5,18.4,96.1,96.4,3.9,3.6,100.0,32.3,25.0,16.9,24.8,11.2,5.1,5.5,9.1,3.1,2.5,18.4,96.1,96.4,3.9,3.6,100.0,0.0,0.0,0.0,0.0,0.0,0.0,0.0,0.0,0.0,0.0,0.0,0.0,0.0,0.0,0.0,136,39.0,38.0,10.0,18.0,27.0,15.0,14.0,15.0,18,16.0,34,125,122,136,39.0,38.0,10.0,18.0,27.0,15.0,14.0,15.0,18,16.0,34,125,122,0,0,0,0,0,0,0,0,0,0,0,0,0,0,24.6,30.4,41.7,43.7,16.4,17.9,24.5,23.7,24.6,30.4,41.7,43.7,16.4,17.9,24.5,23.7,0.0,0.0,0.0,0.0,0.0,0.0,0.0,0.0,"(CONTRACTS OF 1,000 BARRELS)",N10,CRUDE OIL,PETROLEUM AND PRODUCTS,NATURAL RESOURCES,FutOnly
120717067411F,"CRUDE OIL, LIGHT SWEET - ICE FUTURES EUROPE",2012-07-17T00:00:00.000,2012 Report Week 29,"CRUDE OIL, LIGHT SWEET-WTI",67411,ICEU,NYC,67,CRUDE OIL,432042,133950,112077,74954,110604,51801,19011,21902,39345,19453,6059,72983,411497,414771,20545,17271,432042,133950,112077,74954,110604,51801,19011,21902,39345,19453,6059,72983,411497,414771,20545,17271,0,0,0,0,0,0,0,0,0,0,0,0,0,0,0,0,-5314.0,3518.0,-3557.0,898.0,-7414.0,-2054.0,274.0,4099.0,2087.0,-7337.0,1289.0,-962.0,-3576.0,-6512.0,-1738.0,1198.0,100.0,31.0,25.9,17.3,25.6,12.0,4.4,5.1,9.1,4.5,1.4,16.9,95.2,96.0,4.8,4.0,100.0,31.0,25.9,17.3,25.6,12.0,4.4,5.1,9.1,4.5,1.4,16.9,95.2,96.0,4.8,4.0,100.0,0.0,0.0,0.0,0.0,0.0,0.0,0.0,0.0,0.0,0.0,0.0,0.0,0.0,0.0,0.0,120,35.0,37.0,13.0,15.0,28.0,12.0,13.0,18.0,15,11.0,27,114,112,120,35.0,37.0,13.0,15.0,28.0,12.0,13.0,18.0,15,11.0,27,114,112,0,0,0,0,0,0,0,0,0,0,0,0,0,0,25.0,29.8,41.7,41.8,16.2,19.3,23.5,24.4,25.0,29.8,41.7,41.8,16.2,19.3,23.5,24.4,0.0,0.0,0.0,0.0,0.0,0.0,0.0,0.0,"(CONTRACTS OF 1,000 BARRELS)",N10,CRUDE OIL,PETROLEUM AND PRODUCTS,NATURAL RESOURCES,FutOnly
120710067411F,"CRUDE OIL, LIGHT SWEET - ICE FUTURES EUROPE",2012-07-10T00:00:00.000,2012 Report Week 28,"CRUDE OIL, LIGHT SWEET-WTI",67411,ICEU,NYC,67,CRUDE OIL,437356,130432,115634,74056,118018,53855,18737,17803,37258,26790,4770,73945,415073,421283,22283,16073,437356,130432,115634,74056,118018,53855,18737,17803,37258,26790,4770,73945,415073,421283,22283,16073,0,0,0,0,0,0,0,0,0,0,0,0,0,0,0,0,5429.0,7583.0,-2492.0,-528.0,-3375.0,760.0,0.0,577.0,6153.0,-13093.0,1006.0,3589.0,4464.0,6218.0,965.0,-789.0,100.0,29.8,26.4,16.9,27.0,12.3,4.3,4.1,8.5,6.1,1.1,16.9,94.9,96.3,5.1,3.7,100.0,29.8,26.4,16.9,27.0,12.3,4.3,4.1,8.5,6.1,1.1,16.9,94.9,96.3,5.1,3.7,100.0,0.0,0.0,0.0,0.0,0.0,0.0,0.0,0.0,0.0,0.0,0.0,0.0,0.0,0.0,0.0,128,36.0,35.0,11.0,18.0,28.0,12.0,14.0,19.0,18,12.0,31,120,117,128,36.0,35.0,11.0,18.0,28.0,12.0,14.0,19.0,18,12.0,31,120,117,0,0,0,0,0,0,0,0,0,0,0,0,0,0,24.3,28.6,40.4,41.7,16.0,20.2,23.2,25.8,24.3,28.6,40.4,41.7,16.0,20.2,23.2,25.8,0.0,0.0,0.0,0.0,0.0,0.0,0.0,0.0,"(CONTRACTS OF 1,000 BARRELS)",N10,CRUDE OIL,PETROLEUM AND PRODUCTS,NATURAL RESOURCES,FutOnly
120703067411F,"CRUDE OIL, LIGHT SWEET - ICE FUTURES EUROPE",2012-07-03T00:00:00.000,2012 Report Week 27,"CRUDE OIL, LIGHT SWEET-WTI",67411,ICEU,NYC,67,CRUDE OIL,431927,122849,118126,74584,121393,53095,18737,17226,31105,39883,3764,70356,410609,415065,21318,16862,431927,122849,118126,74584,121393,53095,18737,17226,31105,39883,3764,70356,410609,415065,21318,16862,0,0,0,0,0,0,0,0,0,0,0,0,0,0,0,0,7428.0,-2554.0,7227.0,2234.0,2299.0,413.0,-555.0,-791.0,5219.0,8164.0,-2088.0,-6160.0,6761.0,6119.0,667.0,1309.0,100.0,28.4,27.3,17.3,28.1,12.3,4.3,4.0,7.2,9.2,0.9,16.3,95.1,96.1,4.9,3.9,100.0,28.4,27.3,17.3,28.1,12.3,4.3,4.0,7.2,9.2,0.9,16.3,95.1,96.1,4.9,3.9,100.0,0.0,0.0,0.0,0.0,0.0,0.0,0.0,0.0,0.0,0.0,0.0,0.0,0.0,0.0,0.0,127,37.0,36.0,10.0,18.0,27.0,12.0,12.0,18.0,21,11.0,32,121,116,127,37.0,36.0,10.0,18.0,27.0,12.0,12.0,18.0,21,11.0,32,121,116,0,0,0,0,0,0,0,0,0,0,0,0,0,0,25.6,28.5,41.5,42.1,16.9,21.0,25.8,27.0,25.6,28.5,41.5,42.1,16.9,21.0,25.8,27.0,0.0,0.0,0.0,0.0,0.0,0.0,0.0,0.0,"(CONTRACTS OF 1,000 BARRELS)",N10,CRUDE OIL,PETROLEUM AND PRODUCTS,NATURAL RESOURCES,FutOnly
120626067411F,"CRUDE OIL, LIGHT SWEET - ICE FUTURES EUROPE",2012-06-26T00:00:00.000,2012 Report Week 26,"CRUDE OIL, LIGHT SWEET-WTI",67411,ICEU,NYC,67,CRUDE OIL,424499,125403,110899,72350,119094,52682,19292,18017,25886,31719,5852,76516,403848,408946,20651,15553,424499,125403,110899,72350,119094,52682,19292,18017,25886,31719,5852,76516,403848,408946,20651,15553,0,0,0,0,0,0,0,0,0,0,0,0,0,0,0,0,3951.0,7715.0,5671.0,-180.0,-199.0,-1705.0,-6949.0,20.0,33.0,613.0,-269.0,964.0,491.0,4515.0,3460.0,-564.0,100.0,29.5,26.1,17.0,28.1,12.4,4.5,4.2,6.1,7.5,1.4,18.0,95.1,96.3,4.9,3.7,100.0,29.5,26.1,17.0,28.1,12.4,4.5,4.2,6.1,7.5,1.4,18.0,95.1,96.3,4.9,3.7,100.0,0.0,0.0,0.0,0.0,0.0,0.0,0.0,0.0,0.0,0.0,0.0,0.0,0.0,0.0,0.0,130,37.0,34.0,10.0,18.0,27.0,12.0,12.0,16.0,20,12.0,31,120,115,130,37.0,34.0,10.0,18.0,27.0,12.0,12.0,16.0,20,12.0,31,120,115,0,0,0,0,0,0,0,0,0,0,0,0,0,0,26.7,30.1,42.2,43.0,17.8,20.6,24.9,26.7,26.7,30.1,42.2,43.0,17.8,20.6,24.9,26.7,0.0,0.0,0.0,0.0,0.0,0.0,0.0,0.0,"(CONTRACTS OF 1,000 BARRELS)",N10,CRUDE OIL,PETROLEUM AND PRODUCTS,NATURAL RESOURCES,FutOnly
120619067411F,"CRUDE OIL, LIGHT SWEET - ICE FUTURES EUROPE",2012-06-19T00:00:00.000,2012 Report Week 25,"CRUDE OIL, LIGHT SWEET-WTI",67411,ICEU,NYC,67,CRUDE OIL,420548,117688,105228,72530,119293,54387,26241,17997,25853,31106,6121,75552,403357,404431,17191,16117,420548,117688,105228,72530,119293,54387,26241,17997,25853,31106,6121,75552,403357,404431,17191,16117,0,0,0,0,0,0,0,0,0,0,0,0,0,0,0,0,-25074.0,-8947.0,-7688.0,-1447.0,1974.0,-7030.0,3586.0,1377.0,-2753.0,2642.0,-4558.0,-6952.0,-20901.0,-25630.0,-4173.0,556.0,100.0,28.0,25.0,17.2,28.4,12.9,6.2,4.3,6.1,7.4,1.5,18.0,95.9,96.2,4.1,3.8,100.0,28.0,25.0,17.2,28.4,12.9,6.2,4.3,6.1,7.4,1.5,18.0,95.9,96.2,4.1,3.8,100.0,0.0,0.0,0.0,0.0,0.0,0.0,0.0,0.0,0.0,0.0,0.0,0.0,0.0,0.0,0.0,132,40.0,36.0,12.0,17.0,27.0,15.0,10.0,14.0,23,11.0,28,124,110,132,40.0,36.0,12.0,17.0,27.0,15.0,10.0,14.0,23,11.0,28,124,110,0,0,0,0,0,0,0,0,0,0,0,0,0,0,26.0,30.7,40.3,43.8,17.9,20.1,24.1,26.7,26.0,30.7,40.3,43.8,17.9,20.1,24.1,26.7,0.0,0.0,0.0,0.0,0.0,0.0,0.0,0.0,"(CONTRACTS OF 1,000 BARRELS)",N10,CRUDE OIL,PETROLEUM AND PRODUCTS,NATURAL RESOURCES,FutOnly
120612067411F,"CRUDE OIL, LIGHT SWEET - ICE FUTURES EUROPE",2012-06-12T00:00:00.000,2012 Report Week 24,"CRUDE OIL, LIGHT SWEET-WTI",67411,ICEU,NYC,67,CRUDE OIL,445622,126635,112916,73977,117319,61417,22655,16620,28606,28464,10679,82504,424258,430061,21364,15561,445622,126635,112916,73977,117319,61417,22655,16620,28606,28464,10679,82504,424258,430061,21364,15561,0,0,0,0,0,0,0,0,0,0,0,0,0,0,0,0,2321.0,-11135.0,-3783.0,-4898.0,-575.0,10561.0,442.0,-606.0,1405.0,6456.0,-2296.0,-1593.0,1238.0,3113.0,1083.0,-792.0,100.0,28.4,25.3,16.6,26.3,13.8,5.1,3.7,6.4,6.4,2.4,18.5,95.2,96.5,4.8,3.5,100.0,28.4,25.3,16.6,26.3,13.8,5.1,3.7,6.4,6.4,2.4,18.5,95.2,96.5,4.8,3.5,100.0,0.0,0.0,0.0,0.0,0.0,0.0,0.0,0.0,0.0,0.0,0.0,0.0,0.0,0.0,0.0,130,39.0,35.0,11.0,19.0,28.0,16.0,8.0,15.0,18,13.0,30,124,112,130,39.0,35.0,11.0,19.0,28.0,16.0,8.0,15.0,18,13.0,30,124,112,0,0,0,0,0,0,0,0,0,0,0,0,0,0,25.7,29.8,38.8,42.9,16.8,18.7,22.3,25.2,25.7,29.8,38.8,42.9,16.8,18.7,22.3,25.2,0.0,0.0,0.0,0.0,0.0,0.0,0.0,0.0,"(CONTRACTS OF 1,000 BARRELS)",N10,CRUDE OIL,PETROLEUM AND PRODUCTS,NATURAL RESOURCES,FutOnly
120605067411F,"CRUDE OIL, LIGHT SWEET - ICE FUTURES EUROPE",2012-06-05T00:00:00.000,2012 Report Week 23,"CRUDE OIL, LIGHT SWEET-WTI",67411,ICEU,NYC,67,CRUDE OIL,443301,137770,116699,78875,117894,50856,22213,17226,27201,22008,12975,84097,423020,426948,20281,16353,443301,137770,116699,78875,117894,50856,22213,17226,27201,22008,12975,84097,423020,426948,20281,16353,0,0,0,0,0,0,0,0,0,0,0,0,0,0,0,0,7029.0,-6107.0,12363.0,-1376.0,-536.0,-1064.0,2758.0,-2631.0,114.0,3013.0,-11922.0,9894.0,7232.0,6218.0,-203.0,811.0,100.0,31.1,26.3,17.8,26.6,11.5,5.0,3.9,6.1,5.0,2.9,19.0,95.4,96.3,4.6,3.7,100.0,31.1,26.3,17.8,26.6,11.5,5.0,3.9,6.1,5.0,2.9,19.0,95.4,96.3,4.6,3.7,100.0,0.0,0.0,0.0,0.0,0.0,0.0,0.0,0.0,0.0,0.0,0.0,0.0,0.0,0.0,0.0,132,38.0,34.0,12.0,18.0,28.0,15.0,10.0,15.0,15,16.0,31,124,114,132,38.0,34.0,12.0,18.0,28.0,15.0,10.0,15.0,15,16.0,31,124,114,0,0,0,0,0,0,0,0,0,0,0,0,0,0,26.1,31.3,41.0,44.0,17.4,19.2,23.7,25.5,26.1,31.3,41.0,44.0,17.4,19.2,23.7,25.5,0.0,0.0,0.0,0.0,0.0,0.0,0.0,0.0,"(CONTRACTS OF 1,000 BARRELS)",N10,CRUDE OIL,PETROLEUM AND PRODUCTS,NATURAL RESOURCES,FutOnly
120529067411F,"CRUDE OIL, LIGHT SWEET - ICE FUTURES EUROPE",2012-05-29T00:00:00.000,2012 Report Week 22,"CRUDE OIL, LIGHT SWEET-WTI",67411,ICEU,NYC,67,CRUDE OIL,436272,143877,104336,80251,118430,51920,19455,19857,27087,18995,24897,74203,415788,420730,20484,15542,436272,143877,104336,80251,118430,51920,19455,19857,27087,18995,24897,74203,415788,420730,20484,15542,0,0,0,0,0,0,0,0,0,0,0,0,0,0,0,0,9810.0,-299.0,1051.0,-422.0,-2021.0,2746.0,-2714.0,-713.0,6377.0,287.0,-2633.0,4240.0,10215.0,9047.0,-405.0,763.0,100.0,33.0,23.9,18.4,27.1,11.9,4.5,4.6,6.2,4.4,5.7,17.0,95.3,96.4,4.7,3.6,100.0,33.0,23.9,18.4,27.1,11.9,4.5,4.6,6.2,4.4,5.7,17.0,95.3,96.4,4.7,3.6,100.0,0.0,0.0,0.0,0.0,0.0,0.0,0.0,0.0,0.0,0.0,0.0,0.0,0.0,0.0,0.0,130,38.0,34.0,11.0,18.0,27.0,15.0,11.0,14.0,12,17.0,28,121,110,130,38.0,34.0,11.0,18.0,27.0,15.0,11.0,14.0,12,17.0,28,121,110,0,0,0,0,0,0,0,0,0,0,0,0,0,0,24.5,30.7,41.2,42.9,17.2,20.2,24.7,26.8,24.5,30.7,41.2,42.9,17.2,20.2,24.7,26.8,0.0,0.0,0.0,0.0,0.0,0.0,0.0,0.0,"(CONTRACTS OF 1,000 BARRELS)",N10,CRUDE OIL,PETROLEUM AND PRODUCTS,NATURAL RESOURCES,FutOnly
120522067411F,"CRUDE OIL, LIGHT SWEET - ICE FUTURES EUROPE",2012-05-22T00:00:00.000,2012 Report Week 21,"CRUDE OIL, LIGHT SWEET-WTI",67411,ICEU,NYC,67,CRUDE OIL,426462,144176,103285,80673,120451,49174,22169,20570,20710,18708,27530,69963,405573,411683,20889,14779,426462,144176,103285,80673,120451,49174,22169,20570,20710,18708,27530,69963,405573,411683,20889,14779,0,0,0,0,0,0,0,0,0,0,0,0,0,0,0,0,-33318.0,-20456.0,-6562.0,5457.0,2465.0,-10418.0,-785.0,-3873.0,-3081.0,4710.0,-5995.0,-5331.0,-29904.0,-32795.0,-3414.0,-523.0,100.0,33.8,24.2,18.9,28.2,11.5,5.2,4.8,4.9,4.4,6.5,16.4,95.1,96.5,4.9,3.5,100.0,33.8,24.2,18.9,28.2,11.5,5.2,4.8,4.9,4.4,6.5,16.4,95.1,96.5,4.9,3.5,100.0,0.0,0.0,0.0,0.0,0.0,0.0,0.0,0.0,0.0,0.0,0.0,0.0,0.0,0.0,0.0,131,43.0,34.0,11.0,17.0,26.0,15.0,9.0,13.0,12,17.0,30,124,108,131,43.0,34.0,11.0,17.0,26.0,15.0,9.0,13.0,12,17.0,30,124,108,0,0,0,0,0,0,0,0,0,0,0,0,0,0,24.5,31.0,42.0,43.5,17.2,21.7,25.3,29.5,24.5,31.0,42.0,43.5,17.2,21.7,25.3,29.5,0.0,0.0,0.0,0.0,0.0,0.0,0.0,0.0,"(CONTRACTS OF 1,000 BARRELS)",N10,CRUDE OIL,PETROLEUM AND PRODUCTS,NATURAL RESOURCES,FutOnly
120515067411F,"CRUDE OIL, LIGHT SWEET - ICE FUTURES EUROPE",2012-05-15T00:00:00.000,2012 Report Week 20,"CRUDE OIL, LIGHT SWEET-WTI",67411,ICEU,NYC,67,CRUDE OIL,459780,164632,109847,75216,117986,59592,22954,24443,23791,13998,33525,75294,435477,444478,24303,15302,459780,164632,109847,75216,117986,59592,22954,24443,23791,13998,33525,75294,435477,444478,24303,15302,0,0,0,0,0,0,0,0,0,0,0,0,0,0,0,0,-4919.0,-307.0,3169.0,4578.0,-2994.0,2033.0,-2768.0,864.0,-2184.0,-277.0,3164.0,-6422.0,-5347.0,-2370.0,428.0,-2549.0,100.0,35.8,23.9,16.4,25.7,13.0,5.0,5.3,5.2,3.0,7.3,16.4,94.7,96.7,5.3,3.3,100.0,35.8,23.9,16.4,25.7,13.0,5.0,5.3,5.2,3.0,7.3,16.4,94.7,96.7,5.3,3.3,100.0,0.0,0.0,0.0,0.0,0.0,0.0,0.0,0.0,0.0,0.0,0.0,0.0,0.0,0.0,0.0,136,43.0,37.0,10.0,18.0,27.0,14.0,13.0,16.0,11,23.0,29,126,118,136,43.0,37.0,10.0,18.0,27.0,14.0,13.0,16.0,11,23.0,29,126,118,0,0,0,0,0,0,0,0,0,0,0,0,0,0,22.9,28.4,39.3,40.0,16.3,20.0,23.8,27.7,22.9,28.4,39.3,40.0,16.3,20.0,23.8,27.7,0.0,0.0,0.0,0.0,0.0,0.0,0.0,0.0,"(CONTRACTS OF 1,000 BARRELS)",N10,CRUDE OIL,PETROLEUM AND PRODUCTS,NATURAL RESOURCES,FutOnly
120508067411F,"CRUDE OIL, LIGHT SWEET - ICE FUTURES EUROPE",2012-05-08T00:00:00.000,2012 Report Week 19,"CRUDE OIL, LIGHT SWEET-WTI",67411,ICEU,NYC,67,CRUDE OIL,464699,164939,106678,70638,120980,57559,25722,23579,25975,14275,30361,81716,440824,446848,23875,17851,464699,164939,106678,70638,120980,57559,25722,23579,25975,14275,30361,81716,440824,446848,23875,17851,0,0,0,0,0,0,0,0,0,0,0,0,0,0,0,0,7316.0,13830.0,4295.0,10588.0,3704.0,-3099.0,-8717.0,1323.0,-379.0,-1302.0,5100.0,-5695.0,5226.0,5249.0,2090.0,2067.0,100.0,35.5,23.0,15.2,26.0,12.4,5.5,5.1,5.6,3.1,6.5,17.6,94.9,96.2,5.1,3.8,100.0,35.5,23.0,15.2,26.0,12.4,5.5,5.1,5.6,3.1,6.5,17.6,94.9,96.2,5.1,3.8,100.0,0.0,0.0,0.0,0.0,0.0,0.0,0.0,0.0,0.0,0.0,0.0,0.0,0.0,0.0,0.0,130,41.0,36.0,11.0,16.0,25.0,13.0,12.0,15.0,8,24.0,26,118,112,130,41.0,36.0,11.0,16.0,25.0,13.0,12.0,15.0,8,24.0,26,118,112,0,0,0,0,0,0,0,0,0,0,0,0,0,0,24.5,29.0,41.1,40.3,16.5,18.6,24.4,25.8,24.5,29.0,41.1,40.3,16.5,18.6,24.4,25.8,0.0,0.0,0.0,0.0,0.0,0.0,0.0,0.0,"(CONTRACTS OF 1,000 BARRELS)",N10,CRUDE OIL,PETROLEUM AND PRODUCTS,NATURAL RESOURCES,FutOnly
120501067411F,"CRUDE OIL, LIGHT SWEET - ICE FUTURES EUROPE",2012-05-01T00:00:00.000,2012 Report Week 18,"CRUDE OIL, LIGHT SWEET-WTI",67411,ICEU,NYC,67,CRUDE OIL,457383,151109,102383,60050,117276,60658,34439,22256,26354,15577,25261,87411,435598,441599,21785,15784,457383,151109,102383,60050,117276,60658,34439,22256,26354,15577,25261,87411,435598,441599,21785,15784,0,0,0,0,0,0,0,0,0,0,0,0,0,0,0,0,23650.0,5408.0,4928.0,-2539.0,6387.0,1358.0,930.0,-185.0,5086.0,1477.0,-3742.0,12778.0,24498.0,26610.0,-848.0,-2960.0,100.0,33.0,22.4,13.1,25.6,13.3,7.5,4.9,5.8,3.4,5.5,19.1,95.2,96.5,4.8,3.5,100.0,33.0,22.4,13.1,25.6,13.3,7.5,4.9,5.8,3.4,5.5,19.1,95.2,96.5,4.8,3.5,100.0,0.0,0.0,0.0,0.0,0.0,0.0,0.0,0.0,0.0,0.0,0.0,0.0,0.0,0.0,0.0,133,38.0,35.0,10.0,17.0,25.0,16.0,12.0,13.0,12,21.0,28,119,112,133,38.0,35.0,10.0,17.0,25.0,16.0,12.0,13.0,12,21.0,28,119,112,0,0,0,0,0,0,0,0,0,0,0,0,0,0,24.8,29.1,39.6,40.0,15.4,17.5,23.8,25.2,24.8,29.1,39.6,40.0,15.4,17.5,23.8,25.2,0.0,0.0,0.0,0.0,0.0,0.0,0.0,0.0,"(CONTRACTS OF 1,000 BARRELS)",N10,CRUDE OIL,PETROLEUM AND PRODUCTS,NATURAL RESOURCES,FutOnly
120424067411F,"CRUDE OIL, LIGHT SWEET - ICE FUTURES EUROPE",2012-04-24T00:00:00.000,2012 Report Week 17,"CRUDE OIL, LIGHT SWEET-WTI",67411,ICEU,NYC,67,CRUDE OIL,433733,145701,97455,62589,110889,59300,33509,22441,21268,14100,29003,74633,411100,414989,22633,18744,433733,145701,97455,62589,110889,59300,33509,22441,21268,14100,29003,74633,411100,414989,22633,18744,0,0,0,0,0,0,0,0,0,0,0,0,0,0,0,0,-3624.0,-10321.0,-7765.0,1189.0,8312.0,-1694.0,835.0,-1326.0,-1595.0,6494.0,-3256.0,1490.0,-3602.0,-5834.0,-22.0,2210.0,100.0,33.6,22.5,14.4,25.6,13.7,7.7,5.2,4.9,3.3,6.7,17.2,94.8,95.7,5.2,4.3,100.0,33.6,22.5,14.4,25.6,13.7,7.7,5.2,4.9,3.3,6.7,17.2,94.8,95.7,5.2,4.3,100.0,0.0,0.0,0.0,0.0,0.0,0.0,0.0,0.0,0.0,0.0,0.0,0.0,0.0,0.0,0.0,131,40.0,36.0,11.0,16.0,25.0,15.0,12.0,12.0,11,19.0,25,117,109,131,40.0,36.0,11.0,16.0,25.0,15.0,12.0,12.0,11,19.0,25,117,109,0,0,0,0,0,0,0,0,0,0,0,0,0,0,24.0,29.3,38.4,40.6,15.7,18.8,24.8,26.5,24.0,29.3,38.4,40.6,15.7,18.8,24.8,26.5,0.0,0.0,0.0,0.0,0.0,0.0,0.0,0.0,"(CONTRACTS OF 1,000 BARRELS)",N10,CRUDE OIL,PETROLEUM AND PRODUCTS,NATURAL RESOURCES,FutOnly
120417067411F,"CRUDE OIL, LIGHT SWEET - ICE FUTURES EUROPE",2012-04-17T00:00:00.000,2012 Report Week 16,"CRUDE OIL, LIGHT SWEET-WTI",67411,ICEU,NYC,67,CRUDE OIL,437357,156022,105220,61400,102577,60994,32674,23767,22863,7606,32259,73143,414702,420823,22655,16534,437357,156022,105220,61400,102577,60994,32674,23767,22863,7606,32259,73143,414702,420823,22655,16534,0,0,0,0,0,0,0,0,0,0,0,0,0,0,0,0,12350.0,8101.0,-16411.0,-3405.0,17481.0,312.0,1833.0,1850.0,1089.0,199.0,4411.0,7987.0,16116.0,16719.0,-3766.0,-4369.0,100.0,35.7,24.1,14.0,23.5,13.9,7.5,5.4,5.2,1.7,7.4,16.7,94.8,96.2,5.2,3.8,100.0,35.7,24.1,14.0,23.5,13.9,7.5,5.4,5.2,1.7,7.4,16.7,94.8,96.2,5.2,3.8,100.0,0.0,0.0,0.0,0.0,0.0,0.0,0.0,0.0,0.0,0.0,0.0,0.0,0.0,0.0,0.0,131,37.0,36.0,12.0,16.0,27.0,15.0,12.0,11.0,13,18.0,27,116,111,131,37.0,36.0,12.0,16.0,27.0,15.0,12.0,11.0,13,18.0,27,116,111,0,0,0,0,0,0,0,0,0,0,0,0,0,0,25.4,27.2,38.9,38.2,16.9,17.8,25.9,24.8,25.4,27.2,38.9,38.2,16.9,17.8,25.9,24.8,0.0,0.0,0.0,0.0,0.0,0.0,0.0,0.0,"(CONTRACTS OF 1,000 BARRELS)",N10,CRUDE OIL,PETROLEUM AND PRODUCTS,NATURAL RESOURCES,FutOnly
120410067411F,"CRUDE OIL, LIGHT SWEET - ICE FUTURES EUROPE",2012-04-10T00:00:00.000,2012 Report Week 15,"CRUDE OIL, LIGHT SWEET-WTI",67411,ICEU,NYC,67,CRUDE OIL,425007,147921,121631,64805,85096,60682,30841,21917,21774,7407,27848,65156,398586,404104,26421,20903,425007,147921,121631,64805,85096,60682,30841,21917,21774,7407,27848,65156,398586,404104,26421,20903,0,0,0,0,0,0,0,0,0,0,0,0,0,0,0,0,12681.0,2068.0,818.0,4867.0,751.0,-335.0,895.0,2122.0,1392.0,68.0,4368.0,-2335.0,6620.0,6781.0,6061.0,5900.0,100.0,34.8,28.6,15.2,20.0,14.3,7.3,5.2,5.1,1.7,6.6,15.3,93.8,95.1,6.2,4.9,100.0,34.8,28.6,15.2,20.0,14.3,7.3,5.2,5.1,1.7,6.6,15.3,93.8,95.1,6.2,4.9,100.0,0.0,0.0,0.0,0.0,0.0,0.0,0.0,0.0,0.0,0.0,0.0,0.0,0.0,0.0,0.0,127,36.0,32.0,15.0,14.0,25.0,14.0,12.0,11.0,12,18.0,24,113,103,127,36.0,32.0,15.0,14.0,25.0,14.0,12.0,11.0,12,18.0,24,113,103,0,0,0,0,0,0,0,0,0,0,0,0,0,0,23.4,23.3,36.7,35.1,16.3,14.7,23.6,21.1,23.4,23.3,36.7,35.1,16.3,14.7,23.6,21.1,0.0,0.0,0.0,0.0,0.0,0.0,0.0,0.0,"(CONTRACTS OF 1,000 BARRELS)",N10,CRUDE OIL,PETROLEUM AND PRODUCTS,NATURAL RESOURCES,FutOnly
120403067411F,"CRUDE OIL, LIGHT SWEET - ICE FUTURES EUROPE",2012-04-03T00:00:00.000,2012 Report Week 14,"CRUDE OIL, LIGHT SWEET-WTI",67411,ICEU,NYC,67,CRUDE OIL,412326,145853,120813,59938,84345,61017,29946,19795,20382,7339,23480,67491,391966,397323,20360,15003,412326,145853,120813,59938,84345,61017,29946,19795,20382,7339,23480,67491,391966,397323,20360,15003,0,0,0,0,0,0,0,0,0,0,0,0,0,0,0,0,5248.0,10742.0,-3229.0,2732.0,6445.0,69.0,-9444.0,1394.0,-1298.0,-148.0,24.0,1759.0,4412.0,5164.0,836.0,84.0,100.0,35.4,29.3,14.5,20.5,14.8,7.3,4.8,4.9,1.8,5.7,16.4,95.1,96.4,4.9,3.6,100.0,35.4,29.3,14.5,20.5,14.8,7.3,4.8,4.9,1.8,5.7,16.4,95.1,96.4,4.9,3.6,100.0,0.0,0.0,0.0,0.0,0.0,0.0,0.0,0.0,0.0,0.0,0.0,0.0,0.0,0.0,0.0,130,40.0,35.0,13.0,16.0,25.0,13.0,11.0,13.0,14,18.0,26,119,108,130,40.0,35.0,13.0,16.0,25.0,13.0,11.0,13.0,14,18.0,26,119,108,0,0,0,0,0,0,0,0,0,0,0,0,0,0,23.2,23.5,35.6,35.6,14.9,14.4,21.1,20.6,23.2,23.5,35.6,35.6,14.9,14.4,21.1,20.6,0.0,0.0,0.0,0.0,0.0,0.0,0.0,0.0,"(CONTRACTS OF 1,000 BARRELS)",N10,CRUDE OIL,PETROLEUM AND PRODUCTS,NATURAL RESOURCES,FutOnly
120327067411F,"CRUDE OIL, LIGHT SWEET - ICE FUTURES EUROPE",2012-03-27T00:00:00.000,2012 Report Week 13,"CRUDE OIL, LIGHT SWEET-WTI",67411,ICEU,NYC,67,CRUDE OIL,407078,135111,124042,57206,77900,60948,39390,18401,21680,7487,23456,65732,387554,392159,19524,14919,407078,135111,124042,57206,77900,60948,39390,18401,21680,7487,23456,65732,387554,392159,19524,14919,0,0,0,0,0,0,0,0,0,0,0,0,0,0,0,0,15124.0,10316.0,14265.0,6804.0,1826.0,71.0,-141.0,1878.0,3062.0,-20.0,-45.0,-3380.0,16712.0,17677.0,-1588.0,-2553.0,100.0,33.2,30.5,14.1,19.1,15.0,9.7,4.5,5.3,1.8,5.8,16.1,95.2,96.3,4.8,3.7,100.0,33.2,30.5,14.1,19.1,15.0,9.7,4.5,5.3,1.8,5.8,16.1,95.2,96.3,4.8,3.7,100.0,0.0,0.0,0.0,0.0,0.0,0.0,0.0,0.0,0.0,0.0,0.0,0.0,0.0,0.0,0.0,127,39.0,34.0,13.0,15.0,23.0,13.0,11.0,13.0,10,20.0,24,114,104,127,39.0,34.0,13.0,15.0,23.0,13.0,11.0,13.0,10,20.0,24,114,104,0,0,0,0,0,0,0,0,0,0,0,0,0,0,22.6,24.9,34.8,36.3,14.6,14.0,20.5,20.6,22.6,24.9,34.8,36.3,14.6,14.0,20.5,20.6,0.0,0.0,0.0,0.0,0.0,0.0,0.0,0.0,"(CONTRACTS OF 1,000 BARRELS)",N10,CRUDE OIL,PETROLEUM AND PRODUCTS,NATURAL RESOURCES,FutOnly
120320067411F,"CRUDE OIL, LIGHT SWEET - ICE FUTURES EUROPE",2012-03-20T00:00:00.000,2012 Report Week 12,"CRUDE OIL, LIGHT SWEET-WTI",67411,ICEU,NYC,67,CRUDE OIL,391954,124795,109777,50402,76074,60877,39531,16523,18618,7507,23501,69112,370842,374482,21112,17472,391954,124795,109777,50402,76074,60877,39531,16523,18618,7507,23501,69112,370842,374482,21112,17472,0,0,0,0,0,0,0,0,0,0,0,0,0,0,0,0,-12129.0,-9321.0,-7827.0,1431.0,-1778.0,-6848.0,1772.0,1501.0,-1923.0,-423.0,2123.0,3099.0,-12213.0,-11653.0,84.0,-476.0,100.0,31.8,28.0,12.9,19.4,15.5,10.1,4.2,4.8,1.9,6.0,17.6,94.6,95.5,5.4,4.5,100.0,31.8,28.0,12.9,19.4,15.5,10.1,4.2,4.8,1.9,6.0,17.6,94.6,95.5,5.4,4.5,100.0,0.0,0.0,0.0,0.0,0.0,0.0,0.0,0.0,0.0,0.0,0.0,0.0,0.0,0.0,0.0,126,36.0,32.0,12.0,16.0,24.0,13.0,11.0,13.0,10,20.0,26,113,105,126,36.0,32.0,12.0,16.0,24.0,13.0,11.0,13.0,10,20.0,26,113,105,0,0,0,0,0,0,0,0,0,0,0,0,0,0,21.7,25.5,34.2,36.4,14.5,14.9,21.1,21.2,21.7,25.5,34.2,36.4,14.5,14.9,21.1,21.2,0.0,0.0,0.0,0.0,0.0,0.0,0.0,0.0,"(CONTRACTS OF 1,000 BARRELS)",N10,CRUDE OIL,PETROLEUM AND PRODUCTS,NATURAL RESOURCES,FutOnly
120313067411F,"CRUDE OIL, LIGHT SWEET - ICE FUTURES EUROPE",2012-03-13T00:00:00.000,2012 Report Week 11,"CRUDE OIL, LIGHT SWEET-WTI",67411,ICEU,NYC,67,CRUDE OIL,404083,134116,117604,48971,77852,67725,37759,15022,20541,7930,21378,66013,383055,386135,21028,17948,404083,134116,117604,48971,77852,67725,37759,15022,20541,7930,21378,66013,383055,386135,21028,17948,0,0,0,0,0,0,0,0,0,0,0,0,0,0,0,0,17719.0,11945.0,7892.0,2705.0,1094.0,3106.0,3037.0,922.0,472.0,-1151.0,6583.0,-358.0,19756.0,19711.0,-2037.0,-1992.0,100.0,33.2,29.1,12.1,19.3,16.8,9.3,3.7,5.1,2.0,5.3,16.3,94.8,95.6,5.2,4.4,100.0,33.2,29.1,12.1,19.3,16.8,9.3,3.7,5.1,2.0,5.3,16.3,94.8,95.6,5.2,4.4,100.0,0.0,0.0,0.0,0.0,0.0,0.0,0.0,0.0,0.0,0.0,0.0,0.0,0.0,0.0,0.0,130,38.0,34.0,10.0,18.0,25.0,13.0,10.0,12.0,11,21.0,30,117,110,130,38.0,34.0,10.0,18.0,25.0,13.0,10.0,12.0,11,21.0,30,117,110,0,0,0,0,0,0,0,0,0,0,0,0,0,0,20.4,23.6,32.8,35.2,13.6,13.8,20.1,20.0,20.4,23.6,32.8,35.2,13.6,13.8,20.1,20.0,0.0,0.0,0.0,0.0,0.0,0.0,0.0,0.0,"(CONTRACTS OF 1,000 BARRELS)",N10,CRUDE OIL,PETROLEUM AND PRODUCTS,NATURAL RESOURCES,FutOnly
120306067411F,"CRUDE OIL, LIGHT SWEET - ICE FUTURES EUROPE",2012-03-06T00:00:00.000,2012 Report Week 10,"CRUDE OIL, LIGHT SWEET-WTI",67411,ICEU,NYC,67,CRUDE OIL,386364,122171,109712,46266,76758,64619,34722,14100,20069,9081,14795,66371,363299,366424,23065,19940,386364,122171,109712,46266,76758,64619,34722,14100,20069,9081,14795,66371,363299,366424,23065,19940,0,0,0,0,0,0,0,0,0,0,0,0,0,0,0,0,6630.0,-4694.0,-5632.0,2375.0,-707.0,-263.0,2353.0,5661.0,250.0,-897.0,1335.0,4864.0,3988.0,5508.0,2642.0,1122.0,100.0,31.6,28.4,12.0,19.9,16.7,9.0,3.6,5.2,2.4,3.8,17.2,94.0,94.8,6.0,5.2,100.0,31.6,28.4,12.0,19.9,16.7,9.0,3.6,5.2,2.4,3.8,17.2,94.0,94.8,6.0,5.2,100.0,0.0,0.0,0.0,0.0,0.0,0.0,0.0,0.0,0.0,0.0,0.0,0.0,0.0,0.0,0.0,121,33.0,32.0,9.0,19.0,25.0,13.0,10.0,12.0,10,20.0,29,111,105,121,33.0,32.0,9.0,19.0,25.0,13.0,10.0,12.0,10,20.0,29,111,105,0,0,0,0,0,0,0,0,0,0,0,0,0,0,21.1,24.1,34.0,35.6,13.9,12.7,19.9,19.0,21.1,24.1,34.0,35.6,13.9,12.7,19.9,19.0,0.0,0.0,0.0,0.0,0.0,0.0,0.0,0.0,"(CONTRACTS OF 1,000 BARRELS)",N10,CRUDE OIL,PETROLEUM AND PRODUCTS,NATURAL RESOURCES,FutOnly
120228067411F,"CRUDE OIL, LIGHT SWEET - ICE FUTURES EUROPE",2012-02-28T00:00:00.000,2012 Report Week 09,"CRUDE OIL, LIGHT SWEET-WTI",67411,ICEU,NYC,67,CRUDE OIL,379734,126865,115344,43891,77465,64882,32369,8439,19819,9978,13460,61507,359311,360916,20423,18818,379734,126865,115344,43891,77465,64882,32369,8439,19819,9978,13460,61507,359311,360916,20423,18818,0,0,0,0,0,0,0,0,0,0,0,0,0,0,0,0,9354.0,15046.0,12989.0,-2427.0,1595.0,1263.0,-4532.0,-3914.0,2057.0,-760.0,-1812.0,-4030.0,6617.0,8148.0,2737.0,1206.0,100.0,33.4,30.4,11.6,20.4,17.1,8.5,2.2,5.2,2.6,3.5,16.2,94.6,95.0,5.4,5.0,100.0,33.4,30.4,11.6,20.4,17.1,8.5,2.2,5.2,2.6,3.5,16.2,94.6,95.0,5.4,5.0,100.0,0.0,0.0,0.0,0.0,0.0,0.0,0.0,0.0,0.0,0.0,0.0,0.0,0.0,0.0,0.0,120,35.0,31.0,10.0,18.0,25.0,15.0,8.0,12.0,9,19.0,25,111,99,120,35.0,31.0,10.0,18.0,25.0,15.0,8.0,12.0,9,19.0,25,111,99,0,0,0,0,0,0,0,0,0,0,0,0,0,0,21.0,24.3,34.0,36.9,13.9,13.6,20.0,20.2,21.0,24.3,34.0,36.9,13.9,13.6,20.0,20.2,0.0,0.0,0.0,0.0,0.0,0.0,0.0,0.0,"(CONTRACTS OF 1,000 BARRELS)",N10,CRUDE OIL,PETROLEUM AND PRODUCTS,NATURAL RESOURCES,FutOnly
120221067411F,"CRUDE OIL, LIGHT SWEET - ICE FUTURES EUROPE",2012-02-21T00:00:00.000,2012 Report Week 08,"CRUDE OIL, LIGHT SWEET-WTI",67411,ICEU,NYC,67,CRUDE OIL,370380,111819,102355,46318,75870,63619,36901,12353,17762,10738,15272,65537,352694,352768,17686,17612,370380,111819,102355,46318,75870,63619,36901,12353,17762,10738,15272,65537,352694,352768,17686,17612,0,0,0,0,0,0,0,0,0,0,0,0,0,0,0,0,-17313.0,-10004.0,-11647.0,947.0,-1378.0,-970.0,-3429.0,-2084.0,-1179.0,-1393.0,569.0,-94.0,-16122.0,-16783.0,-1191.0,-530.0,100.0,30.2,27.6,12.5,20.5,17.2,10.0,3.3,4.8,2.9,4.1,17.7,95.2,95.2,4.8,4.8,100.0,30.2,27.6,12.5,20.5,17.2,10.0,3.3,4.8,2.9,4.1,17.7,95.2,95.2,4.8,4.8,100.0,0.0,0.0,0.0,0.0,0.0,0.0,0.0,0.0,0.0,0.0,0.0,0.0,0.0,0.0,0.0,120,33.0,33.0,11.0,17.0,25.0,14.0,9.0,12.0,12,14.0,26,109,102,120,33.0,33.0,11.0,17.0,25.0,14.0,9.0,12.0,12,14.0,26,109,102,0,0,0,0,0,0,0,0,0,0,0,0,0,0,20.2,25.6,32.8,37.6,12.9,13.5,21.3,21.0,20.2,25.6,32.8,37.6,12.9,13.5,21.3,21.0,0.0,0.0,0.0,0.0,0.0,0.0,0.0,0.0,"(CONTRACTS OF 1,000 BARRELS)",N10,CRUDE OIL,PETROLEUM AND PRODUCTS,NATURAL RESOURCES,FutOnly
120214067411F,"CRUDE OIL, LIGHT SWEET - ICE FUTURES EUROPE",2012-02-14T00:00:00.000,2012 Report Week 07,"CRUDE OIL, LIGHT SWEET-WTI",67411,ICEU,NYC,67,CRUDE OIL,387693,121823,114002,45371,77248,64589,40330,14437,18941,12131,14703,65631,368816,369551,18877,18142,387693,121823,114002,45371,77248,64589,40330,14437,18941,12131,14703,65631,368816,369551,18877,18142,0,0,0,0,0,0,0,0,0,0,0,0,0,0,0,0,6749.0,774.0,-4954.0,6155.0,-3343.0,4217.0,-1508.0,3177.0,2841.0,-2272.0,5558.0,-2884.0,7323.0,4612.0,-574.0,2137.0,100.0,31.4,29.4,11.7,19.9,16.7,10.4,3.7,4.9,3.1,3.8,16.9,95.1,95.3,4.9,4.7,100.0,31.4,29.4,11.7,19.9,16.7,10.4,3.7,4.9,3.1,3.8,16.9,95.1,95.3,4.9,4.7,100.0,0.0,0.0,0.0,0.0,0.0,0.0,0.0,0.0,0.0,0.0,0.0,0.0,0.0,0.0,0.0,124,36.0,36.0,11.0,17.0,26.0,17.0,6.0,15.0,11,16.0,29,117,110,124,36.0,36.0,11.0,17.0,26.0,17.0,6.0,15.0,11,16.0,29,117,110,0,0,0,0,0,0,0,0,0,0,0,0,0,0,19.3,24.8,32.3,36.1,12.8,13.7,22.0,20.5,19.3,24.8,32.3,36.1,12.8,13.7,22.0,20.5,0.0,0.0,0.0,0.0,0.0,0.0,0.0,0.0,"(CONTRACTS OF 1,000 BARRELS)",N10,CRUDE OIL,PETROLEUM AND PRODUCTS,NATURAL RESOURCES,FutOnly
120207067411F,"CRUDE OIL, LIGHT SWEET - ICE FUTURES EUROPE",2012-02-07T00:00:00.000,2012 Report Week 06,"CRUDE OIL, LIGHT SWEET-WTI",67411,ICEU,NYC,67,CRUDE OIL,380944,121049,118956,39216,80591,60372,41838,11260,16100,14403,9145,68515,361493,364939,19451,16005,380944,121049,118956,39216,80591,60372,41838,11260,16100,14403,9145,68515,361493,364939,19451,16005,0,0,0,0,0,0,0,0,0,0,0,0,0,0,0,0,23575.0,3705.0,21811.0,7861.0,2225.0,-2846.0,1818.0,-4466.0,1914.0,1791.0,-4134.0,9973.0,24216.0,24477.0,-641.0,-902.0,100.0,31.8,31.2,10.3,21.2,15.8,11.0,3.0,4.2,3.8,2.4,18.0,94.9,95.8,5.1,4.2,100.0,31.8,31.2,10.3,21.2,15.8,11.0,3.0,4.2,3.8,2.4,18.0,94.9,95.8,5.1,4.2,100.0,0.0,0.0,0.0,0.0,0.0,0.0,0.0,0.0,0.0,0.0,0.0,0.0,0.0,0.0,0.0,124,38.0,37.0,11.0,17.0,25.0,18.0,5.0,13.0,12,14.0,29,118,108,124,38.0,37.0,11.0,17.0,25.0,18.0,5.0,13.0,12,14.0,29,118,108,0,0,0,0,0,0,0,0,0,0,0,0,0,0,19.9,23.1,33.3,35.8,10.6,15.0,18.1,19.7,19.9,23.1,33.3,35.8,10.6,15.0,18.1,19.7,0.0,0.0,0.0,0.0,0.0,0.0,0.0,0.0,"(CONTRACTS OF 1,000 BARRELS)",N10,CRUDE OIL,PETROLEUM AND PRODUCTS,NATURAL RESOURCES,FutOnly
120131067411F,"CRUDE OIL, LIGHT SWEET - ICE FUTURES EUROPE",2012-01-31T00:00:00.000,2012 Report Week 05,"CRUDE OIL, LIGHT SWEET-WTI",67411,ICEU,NYC,67,CRUDE OIL,357369,117344,97145,31355,78366,63218,40020,15726,14186,12612,13279,58542,337277,340462,20092,16907,357369,117344,97145,31355,78366,63218,40020,15726,14186,12612,13279,58542,337277,340462,20092,16907,0,0,0,0,0,0,0,0,0,0,0,0,0,0,0,0,-2065.0,1204.0,-153.0,-1298.0,1307.0,1267.0,-1160.0,1125.0,-2160.0,-235.0,-3681.0,7017.0,4635.0,4722.0,-6700.0,-6787.0,100.0,32.8,27.2,8.8,21.9,17.7,11.2,4.4,4.0,3.5,3.7,16.4,94.4,95.3,5.6,4.7,100.0,32.8,27.2,8.8,21.9,17.7,11.2,4.4,4.0,3.5,3.7,16.4,94.4,95.3,5.6,4.7,100.0,0.0,0.0,0.0,0.0,0.0,0.0,0.0,0.0,0.0,0.0,0.0,0.0,0.0,0.0,0.0,116,34.0,31.0,9.0,18.0,24.0,17.0,7.0,11.0,10,16.0,25,108,97,116,34.0,31.0,9.0,18.0,24.0,17.0,7.0,11.0,10,16.0,25,108,97,0,0,0,0,0,0,0,0,0,0,0,0,0,0,18.8,24.0,33.1,37.6,12.5,15.4,20.7,21.7,18.8,24.0,33.1,37.6,12.5,15.4,20.7,21.7,0.0,0.0,0.0,0.0,0.0,0.0,0.0,0.0,"(CONTRACTS OF 1,000 BARRELS)",N10,CRUDE OIL,PETROLEUM AND PRODUCTS,NATURAL RESOURCES,FutOnly
120124067411F,"CRUDE OIL, LIGHT SWEET - ICE FUTURES EUROPE",2012-01-24T00:00:00.000,2012 Report Week 04,"CRUDE OIL, LIGHT SWEET-WTI",67411,ICEU,NYC,67,CRUDE OIL,359434,116140,97298,32653,77059,61951,41180,14601,16346,12847,16960,51525,332642,335740,26792,23694,359434,116140,97298,32653,77059,61951,41180,14601,16346,12847,16960,51525,332642,335740,26792,23694,0,0,0,0,0,0,0,0,0,0,0,0,0,0,0,0,-2610.0,3507.0,9857.0,-1918.0,-911.0,-2619.0,1904.0,-2352.0,-1577.0,1212.0,-3763.0,-1695.0,-1186.0,-3060.0,-1424.0,450.0,100.0,32.3,27.1,9.1,21.4,17.2,11.5,4.1,4.5,3.6,4.7,14.3,92.5,93.4,7.5,6.6,100.0,32.3,27.1,9.1,21.4,17.2,11.5,4.1,4.5,3.6,4.7,14.3,92.5,93.4,7.5,6.6,100.0,0.0,0.0,0.0,0.0,0.0,0.0,0.0,0.0,0.0,0.0,0.0,0.0,0.0,0.0,0.0,113,33.0,33.0,7.0,19.0,22.0,18.0,7.0,11.0,9,15.0,22,103,95,113,33.0,33.0,7.0,19.0,22.0,18.0,7.0,11.0,9,15.0,22,103,95,0,0,0,0,0,0,0,0,0,0,0,0,0,0,17.6,22.8,31.1,35.9,12.2,14.8,20.3,23.0,17.6,22.8,31.1,35.9,12.2,14.8,20.3,23.0,0.0,0.0,0.0,0.0,0.0,0.0,0.0,0.0,"(CONTRACTS OF 1,000 BARRELS)",N10,CRUDE OIL,PETROLEUM AND PRODUCTS,NATURAL RESOURCES,FutOnly
120117067411F,"CRUDE OIL, LIGHT SWEET - ICE FUTURES EUROPE",2012-01-17T00:00:00.000,2012 Report Week 03,"CRUDE OIL, LIGHT SWEET-WTI",67411,ICEU,NYC,67,CRUDE OIL,362044,112633,87441,34571,77970,64570,39276,16953,17923,11635,20723,53220,333828,338800,28216,23244,362044,112633,87441,34571,77970,64570,39276,16953,17923,11635,20723,53220,333828,338800,28216,23244,0,0,0,0,0,0,0,0,0,0,0,0,0,0,0,0,-9410.0,-18120.0,-20418.0,1137.0,2299.0,-408.0,2348.0,-4200.0,-2290.0,-322.0,8694.0,-2775.0,-20430.0,-19098.0,11020.0,9688.0,100.0,31.1,24.2,9.5,21.5,17.8,10.8,4.7,5.0,3.2,5.7,14.7,92.2,93.6,7.8,6.4,100.0,31.1,24.2,9.5,21.5,17.8,10.8,4.7,5.0,3.2,5.7,14.7,92.2,93.6,7.8,6.4,100.0,0.0,0.0,0.0,0.0,0.0,0.0,0.0,0.0,0.0,0.0,0.0,0.0,0.0,0.0,0.0,110,32.0,33.0,7.0,18.0,22.0,17.0,8.0,16.0,9,14.0,24,105,98,110,32.0,33.0,7.0,18.0,22.0,17.0,8.0,16.0,9,14.0,24,105,98,0,0,0,0,0,0,0,0,0,0,0,0,0,0,17.5,23.1,31.0,35.8,11.0,14.9,19.1,22.4,17.5,23.1,31.0,35.8,11.0,14.9,19.1,22.4,0.0,0.0,0.0,0.0,0.0,0.0,0.0,0.0,"(CONTRACTS OF 1,000 BARRELS)",N10,CRUDE OIL,PETROLEUM AND PRODUCTS,NATURAL RESOURCES,FutOnly
120110067411F,"CRUDE OIL, LIGHT SWEET - ICE FUTURES EUROPE",2012-01-10T00:00:00.000,2012 Report Week 02,"CRUDE OIL, LIGHT SWEET-WTI",67411,ICEU,NYC,67,CRUDE OIL,371454,130753,107859,33434,75671,64978,36928,21153,20213,11957,12029,55995,354258,357898,17196,13556,371454,130753,107859,33434,75671,64978,36928,21153,20213,11957,12029,55995,354258,357898,17196,13556,0,0,0,0,0,0,0,0,0,0,0,0,0,0,0,0,-22082.0,6039.0,-10965.0,1393.0,2936.0,1592.0,3142.0,1992.0,1603.0,-8318.0,5572.0,-13635.0,-8184.0,-10905.0,-13898.0,-11177.0,100.0,35.2,29.0,9.0,20.4,17.5,9.9,5.7,5.4,3.2,3.2,15.1,95.4,96.4,4.6,3.6,100.0,35.2,29.0,9.0,20.4,17.5,9.9,5.7,5.4,3.2,3.2,15.1,95.4,96.4,4.6,3.6,100.0,0.0,0.0,0.0,0.0,0.0,0.0,0.0,0.0,0.0,0.0,0.0,0.0,0.0,0.0,0.0,117,33.0,32.0,8.0,18.0,22.0,16.0,8.0,16.0,13,16.0,29,109,105,117,33.0,32.0,8.0,18.0,22.0,16.0,8.0,16.0,13,16.0,29,109,105,0,0,0,0,0,0,0,0,0,0,0,0,0,0,20.0,20.4,33.1,33.6,10.7,13.8,18.0,20.2,20.0,20.4,33.1,33.6,10.7,13.8,18.0,20.2,0.0,0.0,0.0,0.0,0.0,0.0,0.0,0.0,"(CONTRACTS OF 1,000 BARRELS)",N10,CRUDE OIL,PETROLEUM AND PRODUCTS,NATURAL RESOURCES,FutOnly
120103067411F,"CRUDE OIL, LIGHT SWEET - ICE FUTURES EUROPE",2012-01-03T00:00:00.000,2012 Report Week 01,"CRUDE OIL, LIGHT SWEET-WTI",67411,ICEU,NYC,67,CRUDE OIL,393536,124714,118824,32041,72735,63386,33786,19161,18610,20275,6457,69630,362442,368803,31094,24733,393536,124714,118824,32041,72735,63386,33786,19161,18610,20275,6457,69630,362442,368803,31094,24733,0,0,0,0,0,0,0,0,0,0,0,0,0,0,0,0,1023.0,6862.0,5567.0,-2719.0,2458.0,1174.0,2578.0,2786.0,-1227.0,5819.0,-449.0,4940.0,17427.0,15249.0,-16404.0,-14226.0,100.0,31.7,30.2,8.1,18.5,16.1,8.6,4.9,4.7,5.2,1.6,17.7,92.1,93.7,7.9,6.3,100.0,31.7,30.2,8.1,18.5,16.1,8.6,4.9,4.7,5.2,1.6,17.7,92.1,93.7,7.9,6.3,100.0,0.0,0.0,0.0,0.0,0.0,0.0,0.0,0.0,0.0,0.0,0.0,0.0,0.0,0.0,0.0,114,33.0,32.0,9.0,18.0,22.0,14.0,9.0,14.0,13,13.0,26,105,101,114,33.0,32.0,9.0,18.0,22.0,14.0,9.0,14.0,13,13.0,26,105,101,0,0,0,0,0,0,0,0,0,0,0,0,0,0,23.3,20.4,36.0,34.1,10.5,12.1,16.8,18.3,23.3,20.4,36.0,34.1,10.5,12.1,16.8,18.3,0.0,0.0,0.0,0.0,0.0,0.0,0.0,0.0,"(CONTRACTS OF 1,000 BARRELS)",N10,CRUDE OIL,PETROLEUM AND PRODUCTS,NATURAL RESOURCES,FutOnly
111227067411F,"CRUDE OIL, LIGHT SWEET - ICE FUTURES EUROPE",2011-12-27T00:00:00.000,2011 Report Week 52,"CRUDE OIL, LIGHT SWEET-WTI",67411,ICEU,NYC,67,CRUDE OIL,392513,117852,113257,34760,70277,62212,31208,16375,19837,14456,6906,64690,345015,353554,47498,38959,392513,117852,113257,34760,70277,62212,31208,16375,19837,14456,6906,64690,345015,353554,47498,38959,0,0,0,0,0,0,0,0,0,0,0,0,0,0,0,0,-2438.0,-2123.0,549.0,-2930.0,706.0,2891.0,3989.0,2148.0,-1780.0,2305.0,586.0,-75.0,2277.0,5025.0,-4715.0,-7463.0,100.0,30.0,28.9,8.9,17.9,15.8,8.0,4.2,5.1,3.7,1.8,16.5,87.9,90.1,12.1,9.9,100.0,30.0,28.9,8.9,17.9,15.8,8.0,4.2,5.1,3.7,1.8,16.5,87.9,90.1,12.1,9.9,100.0,0.0,0.0,0.0,0.0,0.0,0.0,0.0,0.0,0.0,0.0,0.0,0.0,0.0,0.0,0.0,116,33.0,32.0,10.0,18.0,23.0,14.0,9.0,14.0,16,11.0,26,109,100,116,33.0,32.0,10.0,18.0,23.0,14.0,9.0,14.0,16,11.0,26,109,100,0,0,0,0,0,0,0,0,0,0,0,0,0,0,20.2,19.8,33.1,32.4,10.5,11.7,15.5,17.5,20.2,19.8,33.1,32.4,10.5,11.7,15.5,17.5,0.0,0.0,0.0,0.0,0.0,0.0,0.0,0.0,"(CONTRACTS OF 1,000 BARRELS)",N10,CRUDE OIL,PETROLEUM AND PRODUCTS,NATURAL RESOURCES,FutOnly
111220067411F,"CRUDE OIL, LIGHT SWEET - ICE FUTURES EUROPE",2011-12-20T00:00:00.000,2011 Report Week 51,"CRUDE OIL, LIGHT SWEET-WTI",67411,ICEU,NYC,67,CRUDE OIL,394951,119975,112708,37690,69571,59321,27219,14227,21617,12151,6320,64765,342738,348529,52213,46422,394951,119975,112708,37690,69571,59321,27219,14227,21617,12151,6320,64765,342738,348529,52213,46422,0,0,0,0,0,0,0,0,0,0,0,0,0,0,0,0,-38862.0,-15253.0,-12739.0,501.0,-4391.0,-7113.0,-3627.0,-2413.0,-3137.0,1105.0,971.0,-43219.0,-70743.0,-72041.0,31881.0,33179.0,100.0,30.4,28.5,9.5,17.6,15.0,6.9,3.6,5.5,3.1,1.6,16.4,86.8,88.2,13.2,11.8,100.0,30.4,28.5,9.5,17.6,15.0,6.9,3.6,5.5,3.1,1.6,16.4,86.8,88.2,13.2,11.8,100.0,0.0,0.0,0.0,0.0,0.0,0.0,0.0,0.0,0.0,0.0,0.0,0.0,0.0,0.0,0.0,110,32.0,32.0,9.0,19.0,22.0,11.0,9.0,13.0,16,8.0,27,105,97,110,32.0,32.0,9.0,19.0,22.0,11.0,9.0,13.0,16,8.0,27,105,97,0,0,0,0,0,0,0,0,0,0,0,0,0,0,20.2,19.5,33.0,31.4,10.9,11.5,16.0,17.5,20.2,19.5,33.0,31.4,10.9,11.5,16.0,17.5,0.0,0.0,0.0,0.0,0.0,0.0,0.0,0.0,"(CONTRACTS OF 1,000 BARRELS)",N10,CRUDE OIL,PETROLEUM AND PRODUCTS,NATURAL RESOURCES,FutOnly
111213067411F,"CRUDE OIL, LIGHT SWEET - ICE FUTURES EUROPE",2011-12-13T00:00:00.000,2011 Report Week 50,"CRUDE OIL, LIGHT SWEET-WTI",67411,ICEU,NYC,67,CRUDE OIL,433813,135228,125447,37189,73962,66434,30846,16640,24754,11046,5349,107984,413481,420570,20332,13243,433813,135228,125447,37189,73962,66434,30846,16640,24754,11046,5349,107984,413481,420570,20332,13243,0,0,0,0,0,0,0,0,0,0,0,0,0,0,0,0,6424.0,3717.0,-4938.0,-8894.0,5466.0,-2846.0,3779.0,1700.0,1031.0,782.0,-1361.0,9649.0,7218.0,8701.0,-794.0,-2277.0,100.0,31.2,28.9,8.6,17.0,15.3,7.1,3.8,5.7,2.5,1.2,24.9,95.3,96.9,4.7,3.1,100.0,31.2,28.9,8.6,17.0,15.3,7.1,3.8,5.7,2.5,1.2,24.9,95.3,96.9,4.7,3.1,100.0,0.0,0.0,0.0,0.0,0.0,0.0,0.0,0.0,0.0,0.0,0.0,0.0,0.0,0.0,0.0,119,36.0,35.0,12.0,18.0,24.0,13.0,10.0,16.0,14,11.0,28,113,107,119,36.0,35.0,12.0,18.0,24.0,13.0,10.0,16.0,14,11.0,28,113,107,0,0,0,0,0,0,0,0,0,0,0,0,0,0,27.8,27.1,40.6,38.4,9.8,10.8,15.7,16.4,27.8,27.1,40.6,38.4,9.8,10.8,15.7,16.4,0.0,0.0,0.0,0.0,0.0,0.0,0.0,0.0,"(CONTRACTS OF 1,000 BARRELS)",N10,CRUDE OIL,PETROLEUM AND PRODUCTS,NATURAL RESOURCES,FutOnly
111206067411F,"CRUDE OIL, LIGHT SWEET - ICE FUTURES EUROPE",2011-12-06T00:00:00.000,2011 Report Week 49,"CRUDE OIL, LIGHT SWEET-WTI",67411,ICEU,NYC,67,CRUDE OIL,427389,131511,130385,46083,68496,69280,27067,14940,23723,10264,6710,98335,406263,411869,21126,15520,427389,131511,130385,46083,68496,69280,27067,14940,23723,10264,6710,98335,406263,411869,21126,15520,0,0,0,0,0,0,0,0,0,0,0,0,0,0,0,0,7127.0,15541.0,8500.0,-3522.0,1192.0,958.0,-2235.0,-1859.0,-1641.0,-3060.0,-365.0,85.0,6126.0,6870.0,1001.0,257.0,100.0,30.8,30.5,10.8,16.0,16.2,6.3,3.5,5.6,2.4,1.6,23.0,95.1,96.4,4.9,3.6,100.0,30.8,30.5,10.8,16.0,16.2,6.3,3.5,5.6,2.4,1.6,23.0,95.1,96.4,4.9,3.6,100.0,0.0,0.0,0.0,0.0,0.0,0.0,0.0,0.0,0.0,0.0,0.0,0.0,0.0,0.0,0.0,117,35.0,37.0,13.0,16.0,21.0,13.0,9.0,14.0,16,8.0,26,107,103,117,35.0,37.0,13.0,16.0,21.0,13.0,9.0,14.0,16,8.0,26,107,103,0,0,0,0,0,0,0,0,0,0,0,0,0,0,26.4,26.7,38.6,37.9,8.9,10.0,14.6,16.2,26.4,26.7,38.6,37.9,8.9,10.0,14.6,16.2,0.0,0.0,0.0,0.0,0.0,0.0,0.0,0.0,"(CONTRACTS OF 1,000 BARRELS)",N10,CRUDE OIL,PETROLEUM AND PRODUCTS,NATURAL RESOURCES,FutOnly
111129067411F,"CRUDE OIL, LIGHT SWEET - ICE FUTURES EUROPE",2011-11-29T00:00:00.000,2011 Report Week 48,"CRUDE OIL, LIGHT SWEET-WTI",67411,ICEU,NYC,67,CRUDE OIL,420262,115970,121885,49605,67304,68322,29302,16799,25364,13324,7075,98250,400137,404999,20125,15263,420262,115970,121885,49605,67304,68322,29302,16799,25364,13324,7075,98250,400137,404999,20125,15263,0,0,0,0,0,0,0,0,0,0,0,0,0,0,0,0,6110.0,-2519.0,-82.0,-1641.0,1529.0,187.0,-5.0,-486.0,1680.0,1717.0,-4319.0,5342.0,4761.0,3851.0,1349.0,2259.0,100.0,27.6,29.0,11.8,16.0,16.3,7.0,4.0,6.0,3.2,1.7,23.4,95.2,96.4,4.8,3.6,100.0,27.6,29.0,11.8,16.0,16.3,7.0,4.0,6.0,3.2,1.7,23.4,95.2,96.4,4.8,3.6,100.0,0.0,0.0,0.0,0.0,0.0,0.0,0.0,0.0,0.0,0.0,0.0,0.0,0.0,0.0,0.0,121,35.0,38.0,14.0,15.0,21.0,15.0,7.0,14.0,15,9.0,28,109,106,121,35.0,38.0,14.0,15.0,21.0,15.0,7.0,14.0,15,9.0,28,109,106,0,0,0,0,0,0,0,0,0,0,0,0,0,0,24.7,26.2,36.8,37.2,9.1,10.5,15.3,17.4,24.7,26.2,36.8,37.2,9.1,10.5,15.3,17.4,0.0,0.0,0.0,0.0,0.0,0.0,0.0,0.0,"(CONTRACTS OF 1,000 BARRELS)",N10,CRUDE OIL,PETROLEUM AND PRODUCTS,NATURAL RESOURCES,FutOnly
111122067411F,"CRUDE OIL, LIGHT SWEET - ICE FUTURES EUROPE",2011-11-22T00:00:00.000,2011 Report Week 47,"CRUDE OIL, LIGHT SWEET-WTI",67411,ICEU,NYC,67,CRUDE OIL,414152,118489,121967,51246,65775,68135,29307,17285,23684,11607,11394,92908,395376,401148,18776,13004,414152,118489,121967,51246,65775,68135,29307,17285,23684,11607,11394,92908,395376,401148,18776,13004,0,0,0,0,0,0,0,0,0,0,0,0,0,0,0,0,-24804.0,5932.0,-6059.0,-11035.0,-5369.0,-10276.0,5734.0,743.0,6140.0,-4207.0,4250.0,-13154.0,-20866.0,-23725.0,-3938.0,-1079.0,100.0,28.6,29.4,12.4,15.9,16.5,7.1,4.2,5.7,2.8,2.8,22.4,95.5,96.9,4.5,3.1,100.0,28.6,29.4,12.4,15.9,16.5,7.1,4.2,5.7,2.8,2.8,22.4,95.5,96.9,4.5,3.1,100.0,0.0,0.0,0.0,0.0,0.0,0.0,0.0,0.0,0.0,0.0,0.0,0.0,0.0,0.0,0.0,121,38.0,38.0,14.0,15.0,22.0,14.0,8.0,14.0,13,10.0,27,112,105,121,38.0,38.0,14.0,15.0,22.0,14.0,8.0,14.0,13,10.0,27,112,105,0,0,0,0,0,0,0,0,0,0,0,0,0,0,23.3,26.1,35.5,37.6,9.2,11.4,15.6,18.7,23.3,26.1,35.5,37.6,9.2,11.4,15.6,18.7,0.0,0.0,0.0,0.0,0.0,0.0,0.0,0.0,"(CONTRACTS OF 1,000 BARRELS)",N10,CRUDE OIL,PETROLEUM AND PRODUCTS,NATURAL RESOURCES,FutOnly
111115067411F,"CRUDE OIL, LIGHT SWEET - ICE FUTURES EUROPE",2011-11-15T00:00:00.000,2011 Report Week 46,"CRUDE OIL, LIGHT SWEET-WTI",67411,ICEU,NYC,67,CRUDE OIL,438956,112557,128026,62281,71144,78411,23573,16542,17544,15814,7144,106062,416242,424873,22714,14083,438956,112557,128026,62281,71144,78411,23573,16542,17544,15814,7144,106062,416242,424873,22714,14083,0,0,0,0,0,0,0,0,0,0,0,0,0,0,0,0,-2835.0,-17263.0,-6737.0,2655.0,-2114.0,893.0,-4231.0,-1336.0,-17.0,7427.0,-460.0,8189.0,-2347.0,-1582.0,-488.0,-1253.0,100.0,25.6,29.2,14.2,16.2,17.9,5.4,3.8,4.0,3.6,1.6,24.2,94.8,96.8,5.2,3.2,100.0,25.6,29.2,14.2,16.2,17.9,5.4,3.8,4.0,3.6,1.6,24.2,94.8,96.8,5.2,3.2,100.0,0.0,0.0,0.0,0.0,0.0,0.0,0.0,0.0,0.0,0.0,0.0,0.0,0.0,0.0,0.0,123,35.0,38.0,12.0,18.0,26.0,15.0,8.0,14.0,12,12.0,30,114,112,123,35.0,38.0,12.0,18.0,26.0,15.0,8.0,14.0,12,12.0,30,114,112,0,0,0,0,0,0,0,0,0,0,0,0,0,0,26.7,24.7,38.2,36.2,12.3,11.0,17.6,17.9,26.7,24.7,38.2,36.2,12.3,11.0,17.6,17.9,0.0,0.0,0.0,0.0,0.0,0.0,0.0,0.0,"(CONTRACTS OF 1,000 BARRELS)",N10,CRUDE OIL,PETROLEUM AND PRODUCTS,NATURAL RESOURCES,FutOnly
111108067411F,"CRUDE OIL, LIGHT SWEET - ICE FUTURES EUROPE",2011-11-08T00:00:00.000,2011 Report Week 45,"CRUDE OIL, LIGHT SWEET-WTI",67411,ICEU,NYC,67,CRUDE OIL,441791,129820,134763,59626,73258,77518,27804,17878,17561,8387,7604,97873,418589,426455,23202,15336,441791,129820,134763,59626,73258,77518,27804,17878,17561,8387,7604,97873,418589,426455,23202,15336,0,0,0,0,0,0,0,0,0,0,0,0,0,0,0,0,4769.0,-1509.0,-5012.0,-2840.0,2380.0,-3010.0,445.0,-2206.0,2216.0,995.0,1309.0,9254.0,5551.0,4931.0,-782.0,-162.0,100.0,29.4,30.5,13.5,16.6,17.5,6.3,4.0,4.0,1.9,1.7,22.2,94.7,96.5,5.3,3.5,100.0,29.4,30.5,13.5,16.6,17.5,6.3,4.0,4.0,1.9,1.7,22.2,94.7,96.5,5.3,3.5,100.0,0.0,0.0,0.0,0.0,0.0,0.0,0.0,0.0,0.0,0.0,0.0,0.0,0.0,0.0,0.0,121,35.0,38.0,13.0,17.0,26.0,17.0,7.0,16.0,9,14.0,26,112,110,121,35.0,38.0,13.0,17.0,26.0,17.0,7.0,16.0,9,14.0,26,112,110,0,0,0,0,0,0,0,0,0,0,0,0,0,0,28.0,23.9,39.5,34.8,14.0,11.7,20.2,18.5,28.0,23.9,39.5,34.8,14.0,11.7,20.2,18.5,0.0,0.0,0.0,0.0,0.0,0.0,0.0,0.0,"(CONTRACTS OF 1,000 BARRELS)",N10,CRUDE OIL,PETROLEUM AND PRODUCTS,NATURAL RESOURCES,FutOnly
111101067411F,"CRUDE OIL, LIGHT SWEET - ICE FUTURES EUROPE",2011-11-01T00:00:00.000,2011 Report Week 44,"CRUDE OIL, LIGHT SWEET-WTI",67411,ICEU,NYC,67,CRUDE OIL,437022,131329,139775,62466,70878,80528,27359,20084,15345,7392,6295,88619,413038,421524,23984,15498,437022,131329,139775,62466,70878,80528,27359,20084,15345,7392,6295,88619,413038,421524,23984,15498,0,0,0,0,0,0,0,0,0,0,0,0,0,0,0,0,25002.0,10565.0,-1825.0,4863.0,3102.0,-787.0,112.0,9947.0,-4225.0,-5588.0,-1056.0,23271.0,28211.0,28427.0,-3209.0,-3425.0,100.0,30.1,32.0,14.3,16.2,18.4,6.3,4.6,3.5,1.7,1.4,20.3,94.5,96.5,5.5,3.5,100.0,30.1,32.0,14.3,16.2,18.4,6.3,4.6,3.5,1.7,1.4,20.3,94.5,96.5,5.5,3.5,100.0,0.0,0.0,0.0,0.0,0.0,0.0,0.0,0.0,0.0,0.0,0.0,0.0,0.0,0.0,0.0,122,34.0,37.0,14.0,17.0,27.0,14.0,9.0,16.0,11,14.0,27,111,112,122,34.0,37.0,14.0,17.0,27.0,14.0,9.0,16.0,11,14.0,27,111,112,0,0,0,0,0,0,0,0,0,0,0,0,0,0,25.2,22.1,37.5,32.6,14.1,11.5,21.1,18.1,25.2,22.1,37.5,32.6,14.1,11.5,21.1,18.1,0.0,0.0,0.0,0.0,0.0,0.0,0.0,0.0,"(CONTRACTS OF 1,000 BARRELS)",N10,CRUDE OIL,PETROLEUM AND PRODUCTS,NATURAL RESOURCES,FutOnly
111025067411F,"CRUDE OIL, LIGHT SWEET - ICE FUTURES EUROPE",2011-10-25T00:00:00.000,2011 Report Week 43,"CRUDE OIL, LIGHT SWEET-WTI",67411,ICEU,NYC,67,CRUDE OIL,412020,120764,141600,57603,67776,81315,27247,10137,19570,12980,7351,65348,384827,393097,27193,18923,412020,120764,141600,57603,67776,81315,27247,10137,19570,12980,7351,65348,384827,393097,27193,18923,0,0,0,0,0,0,0,0,0,0,0,0,0,0,0,0,-31897.0,-17998.0,-15861.0,1010.0,2818.0,-6545.0,2204.0,1810.0,-2054.0,3307.0,-1346.0,-11848.0,-31924.0,-33026.0,27.0,1129.0,100.0,29.3,34.4,14.0,16.4,19.7,6.6,2.5,4.7,3.2,1.8,15.9,93.4,95.4,6.6,4.6,100.0,29.3,34.4,14.0,16.4,19.7,6.6,2.5,4.7,3.2,1.8,15.9,93.4,95.4,6.6,4.6,100.0,0.0,0.0,0.0,0.0,0.0,0.0,0.0,0.0,0.0,0.0,0.0,0.0,0.0,0.0,0.0,124,33.0,37.0,14.0,16.0,26.0,15.0,9.0,16.0,10,14.0,29,112,113,124,33.0,37.0,14.0,16.0,26.0,15.0,9.0,16.0,10,14.0,29,112,113,0,0,0,0,0,0,0,0,0,0,0,0,0,0,21.2,18.8,33.8,30.0,13.2,12.1,20.3,18.8,21.2,18.8,33.8,30.0,13.2,12.1,20.3,18.8,0.0,0.0,0.0,0.0,0.0,0.0,0.0,0.0,"(CONTRACTS OF 1,000 BARRELS)",N10,CRUDE OIL,PETROLEUM AND PRODUCTS,NATURAL RESOURCES,FutOnly
111018067411F,"CRUDE OIL, LIGHT SWEET - ICE FUTURES EUROPE",2011-10-18T00:00:00.000,2011 Report Week 42,"CRUDE OIL, LIGHT SWEET-WTI",67411,ICEU,NYC,67,CRUDE OIL,443917,138762,157461,56593,64958,87860,25043,8327,21624,9673,8697,77196,416751,426123,27166,17794,443917,138762,157461,56593,64958,87860,25043,8327,21624,9673,8697,77196,416751,426123,27166,17794,0,0,0,0,0,0,0,0,0,0,0,0,0,0,0,0,-6669.0,3455.0,-4207.0,-2215.0,6852.0,-5241.0,-837.0,-1680.0,-80.0,-1181.0,2252.0,-3376.0,-9475.0,-5480.0,2806.0,-1189.0,100.0,31.3,35.5,12.7,14.6,19.8,5.6,1.9,4.9,2.2,2.0,17.4,93.9,96.0,6.1,4.0,100.0,31.3,35.5,12.7,14.6,19.8,5.6,1.9,4.9,2.2,2.0,17.4,93.9,96.0,6.1,4.0,100.0,0.0,0.0,0.0,0.0,0.0,0.0,0.0,0.0,0.0,0.0,0.0,0.0,0.0,0.0,0.0,132,35.0,39.0,16.0,14.0,27.0,15.0,10.0,17.0,11,16.0,30,118,118,132,35.0,39.0,16.0,14.0,27.0,15.0,10.0,17.0,11,16.0,30,118,118,0,0,0,0,0,0,0,0,0,0,0,0,0,0,18.2,16.8,30.4,28.3,11.5,11.1,17.5,16.9,18.2,16.8,30.4,28.3,11.5,11.1,17.5,16.9,0.0,0.0,0.0,0.0,0.0,0.0,0.0,0.0,"(CONTRACTS OF 1,000 BARRELS)",N10,CRUDE OIL,PETROLEUM AND PRODUCTS,NATURAL RESOURCES,FutOnly
111011067411F,"CRUDE OIL, LIGHT SWEET - ICE FUTURES EUROPE",2011-10-11T00:00:00.000,2011 Report Week 41,"CRUDE OIL, LIGHT SWEET-WTI",67411,ICEU,NYC,67,CRUDE OIL,450586,135307,161668,58808,58106,93101,25880,10007,21704,10854,6445,80572,426226,431603,24360,18983,450586,135307,161668,58808,58106,93101,25880,10007,21704,10854,6445,80572,426226,431603,24360,18983,0,0,0,0,0,0,0,0,0,0,0,0,0,0,0,0,13757.0,13298.0,11346.0,-519.0,1268.0,-5232.0,-5488.0,-3175.0,2374.0,2137.0,-2977.0,8872.0,15442.0,12476.0,-1685.0,1281.0,100.0,30.0,35.9,13.1,12.9,20.7,5.7,2.2,4.8,2.4,1.4,17.9,94.6,95.8,5.4,4.2,100.0,30.0,35.9,13.1,12.9,20.7,5.7,2.2,4.8,2.4,1.4,17.9,94.6,95.8,5.4,4.2,100.0,0.0,0.0,0.0,0.0,0.0,0.0,0.0,0.0,0.0,0.0,0.0,0.0,0.0,0.0,0.0,134,37.0,40.0,16.0,14.0,27.0,17.0,9.0,16.0,12,16.0,31,120,121,134,37.0,40.0,16.0,14.0,27.0,17.0,9.0,16.0,12,16.0,31,120,121,0,0,0,0,0,0,0,0,0,0,0,0,0,0,18.0,16.9,31.3,28.2,10.4,10.9,16.5,16.0,18.0,16.9,31.3,28.2,10.4,10.9,16.5,16.0,0.0,0.0,0.0,0.0,0.0,0.0,0.0,0.0,"(CONTRACTS OF 1,000 BARRELS)",N10,CRUDE OIL,PETROLEUM AND PRODUCTS,NATURAL RESOURCES,FutOnly
111004067411F,"CRUDE OIL, LIGHT SWEET - ICE FUTURES EUROPE",2011-10-04T00:00:00.000,2011 Report Week 40,"CRUDE OIL, LIGHT SWEET-WTI",67411,ICEU,NYC,67,CRUDE OIL,436829,122009,150322,59327,56838,98333,31368,13182,19330,8717,9422,71700,410784,419127,26045,17702,436829,122009,150322,59327,56838,98333,31368,13182,19330,8717,9422,71700,410784,419127,26045,17702,0,0,0,0,0,0,0,0,0,0,0,0,0,0,0,0,12608.0,2080.0,4325.0,5293.0,169.0,1208.0,2201.0,-1042.0,1347.0,-2046.0,2806.0,9563.0,19646.0,18376.0,-7038.0,-5768.0,100.0,27.9,34.4,13.6,13.0,22.5,7.2,3.0,4.4,2.0,2.2,16.4,94.0,95.9,6.0,4.1,100.0,27.9,34.4,13.6,13.0,22.5,7.2,3.0,4.4,2.0,2.2,16.4,94.0,95.9,6.0,4.1,100.0,0.0,0.0,0.0,0.0,0.0,0.0,0.0,0.0,0.0,0.0,0.0,0.0,0.0,0.0,0.0,130,36.0,38.0,19.0,12.0,29.0,17.0,8.0,16.0,10,19.0,28,118,117,130,36.0,38.0,19.0,12.0,29.0,17.0,8.0,16.0,10,19.0,28,118,117,0,0,0,0,0,0,0,0,0,0,0,0,0,0,19.2,18.5,33.2,30.6,10.5,10.7,16.6,16.1,19.2,18.5,33.2,30.6,10.5,10.7,16.6,16.1,0.0,0.0,0.0,0.0,0.0,0.0,0.0,0.0,"(CONTRACTS OF 1,000 BARRELS)",N10,CRUDE OIL,PETROLEUM AND PRODUCTS,NATURAL RESOURCES,FutOnly
110927067411F,"CRUDE OIL, LIGHT SWEET - ICE FUTURES EUROPE",2011-09-27T00:00:00.000,2011 Report Week 39,"CRUDE OIL, LIGHT SWEET-WTI",67411,ICEU,NYC,67,CRUDE OIL,424221,119929,145997,54034,56669,97125,29167,14224,17983,10763,6616,62137,391138,400751,33083,23470,424221,119929,145997,54034,56669,97125,29167,14224,17983,10763,6616,62137,391138,400751,33083,23470,0,0,0,0,0,0,0,0,0,0,0,0,0,0,0,0,18649.0,4498.0,5445.0,4183.0,1021.0,898.0,1427.0,1266.0,-586.0,-1629.0,2656.0,1453.0,10244.0,12153.0,8405.0,6496.0,100.0,28.3,34.4,12.7,13.4,22.9,6.9,3.4,4.2,2.5,1.6,14.6,92.2,94.5,7.8,5.5,100.0,28.3,34.4,12.7,13.4,22.9,6.9,3.4,4.2,2.5,1.6,14.6,92.2,94.5,7.8,5.5,100.0,0.0,0.0,0.0,0.0,0.0,0.0,0.0,0.0,0.0,0.0,0.0,0.0,0.0,0.0,0.0,122,33.0,35.0,17.0,13.0,28.0,17.0,10.0,16.0,13,13.0,24,110,111,122,33.0,35.0,17.0,13.0,28.0,17.0,10.0,16.0,13,13.0,24,110,111,0,0,0,0,0,0,0,0,0,0,0,0,0,0,18.3,17.8,31.9,30.1,9.5,10.6,16.1,16.3,18.3,17.8,31.9,30.1,9.5,10.6,16.1,16.3,0.0,0.0,0.0,0.0,0.0,0.0,0.0,0.0,"(CONTRACTS OF 1,000 BARRELS)",N10,CRUDE OIL,PETROLEUM AND PRODUCTS,NATURAL RESOURCES,FutOnly
110920067411F,"CRUDE OIL, LIGHT SWEET - ICE FUTURES EUROPE",2011-09-20T00:00:00.000,2011 Report Week 38,"CRUDE OIL, LIGHT SWEET-WTI",67411,ICEU,NYC,67,CRUDE OIL,405572,115431,140552,49851,55648,96227,27740,12958,18569,12392,3960,60684,380894,388598,24678,16974,405572,115431,140552,49851,55648,96227,27740,12958,18569,12392,3960,60684,380894,388598,24678,16974,0,0,0,0,0,0,0,0,0,0,0,0,0,0,0,0,-34367.0,-12951.0,-7267.0,4283.0,-812.0,-10563.0,3262.0,2825.0,-4394.0,2008.0,-2954.0,-8622.0,-26977.0,-31787.0,-7390.0,-2580.0,100.0,28.5,34.7,12.3,13.7,23.7,6.8,3.2,4.6,3.1,1.0,15.0,93.9,95.8,6.1,4.2,100.0,28.5,34.7,12.3,13.7,23.7,6.8,3.2,4.6,3.1,1.0,15.0,93.9,95.8,6.1,4.2,100.0,0.0,0.0,0.0,0.0,0.0,0.0,0.0,0.0,0.0,0.0,0.0,0.0,0.0,0.0,0.0,121,30.0,31.0,19.0,12.0,28.0,14.0,10.0,13.0,19,9.0,24,107,106,121,30.0,31.0,19.0,12.0,28.0,14.0,10.0,13.0,19,9.0,24,107,106,0,0,0,0,0,0,0,0,0,0,0,0,0,0,18.1,19.1,32.4,32.0,9.4,12.4,15.3,18.4,18.1,19.1,32.4,32.0,9.4,12.4,15.3,18.4,0.0,0.0,0.0,0.0,0.0,0.0,0.0,0.0,"(CONTRACTS OF 1,000 BARRELS)",N10,CRUDE OIL,PETROLEUM AND PRODUCTS,NATURAL RESOURCES,FutOnly
110913067411F,"CRUDE OIL, LIGHT SWEET - ICE FUTURES EUROPE",2011-09-13T00:00:00.000,2011 Report Week 37,"CRUDE OIL, LIGHT SWEET-WTI",67411,ICEU,NYC,67,CRUDE OIL,439939,128382,147819,45568,56460,106790,24478,10133,22963,10384,6914,69306,407871,420385,32068,19554,439939,128382,147819,45568,56460,106790,24478,10133,22963,10384,6914,69306,407871,420385,32068,19554,0,0,0,0,0,0,0,0,0,0,0,0,0,0,0,0,-17006.0,-4445.0,4497.0,-4477.0,-6529.0,9270.0,-6343.0,-7439.0,-6066.0,-3714.0,-6548.0,-4192.0,-19967.0,-17007.0,2961.0,1.0,100.0,29.2,33.6,10.4,12.8,24.3,5.6,2.3,5.2,2.4,1.6,15.8,92.7,95.6,7.3,4.4,100.0,29.2,33.6,10.4,12.8,24.3,5.6,2.3,5.2,2.4,1.6,15.8,92.7,95.6,7.3,4.4,100.0,0.0,0.0,0.0,0.0,0.0,0.0,0.0,0.0,0.0,0.0,0.0,0.0,0.0,0.0,0.0,134,37.0,37.0,17.0,15.0,29.0,15.0,12.0,13.0,16,12.0,30,120,117,134,37.0,37.0,17.0,15.0,29.0,15.0,12.0,13.0,16,12.0,30,120,117,0,0,0,0,0,0,0,0,0,0,0,0,0,0,17.1,17.4,30.4,30.0,8.9,11.1,14.8,17.3,17.1,17.4,30.4,30.0,8.9,11.1,14.8,17.3,0.0,0.0,0.0,0.0,0.0,0.0,0.0,0.0,"(CONTRACTS OF 1,000 BARRELS)",N10,CRUDE OIL,PETROLEUM AND PRODUCTS,NATURAL RESOURCES,FutOnly
110906067411F,"CRUDE OIL, LIGHT SWEET - ICE FUTURES EUROPE",2011-09-06T00:00:00.000,2011 Report Week 36,"CRUDE OIL, LIGHT SWEET-WTI",67411,ICEU,NYC,67,CRUDE OIL,456945,132827,143322,50045,62989,97520,30821,17572,29029,14098,13462,73498,427838,437392,29107,19553,456945,132827,143322,50045,62989,97520,30821,17572,29029,14098,13462,73498,427838,437392,29107,19553,0,0,0,0,0,0,0,0,0,0,0,0,0,0,0,0,17826.0,6738.0,-6469.0,2183.0,-1097.0,6960.0,-2639.0,5624.0,-608.0,-1362.0,6466.0,7300.0,18572.0,18176.0,-746.0,-350.0,100.0,29.1,31.4,11.0,13.8,21.3,6.7,3.8,6.4,3.1,2.9,16.1,93.6,95.7,6.4,4.3,100.0,29.1,31.4,11.0,13.8,21.3,6.7,3.8,6.4,3.1,2.9,16.1,93.6,95.7,6.4,4.3,100.0,0.0,0.0,0.0,0.0,0.0,0.0,0.0,0.0,0.0,0.0,0.0,0.0,0.0,0.0,0.0,135,39.0,38.0,15.0,16.0,27.0,14.0,11.0,16.0,17,14.0,31,124,118,135,39.0,38.0,15.0,16.0,27.0,14.0,11.0,16.0,17,14.0,31,124,118,0,0,0,0,0,0,0,0,0,0,0,0,0,0,17.2,17.1,30.0,29.6,8.2,10.4,13.9,16.8,17.2,17.1,30.0,29.6,8.2,10.4,13.9,16.8,0.0,0.0,0.0,0.0,0.0,0.0,0.0,0.0,"(CONTRACTS OF 1,000 BARRELS)",N10,CRUDE OIL,PETROLEUM AND PRODUCTS,NATURAL RESOURCES,FutOnly
110830067411F,"CRUDE OIL, LIGHT SWEET - ICE FUTURES EUROPE",2011-08-30T00:00:00.000,2011 Report Week 35,"CRUDE OIL, LIGHT SWEET-WTI",67411,ICEU,NYC,67,CRUDE OIL,439119,126089,149791,47862,64086,90560,33460,11948,29637,15460,6996,66198,409266,419216,29853,19903,439119,126089,149791,47862,64086,90560,33460,11948,29637,15460,6996,66198,409266,419216,29853,19903,0,0,0,0,0,0,0,0,0,0,0,0,0,0,0,0,17891.0,5671.0,4239.0,-3268.0,658.0,1770.0,-400.0,-625.0,636.0,-312.0,-1636.0,11367.0,15464.0,16409.0,2427.0,1482.0,100.0,28.7,34.1,10.9,14.6,20.6,7.6,2.7,6.7,3.5,1.6,15.1,93.2,95.5,6.8,4.5,100.0,28.7,34.1,10.9,14.6,20.6,7.6,2.7,6.7,3.5,1.6,15.1,93.2,95.5,6.8,4.5,100.0,0.0,0.0,0.0,0.0,0.0,0.0,0.0,0.0,0.0,0.0,0.0,0.0,0.0,0.0,0.0,130,40.0,36.0,15.0,16.0,27.0,13.0,10.0,14.0,18,11.0,25,117,112,130,40.0,36.0,15.0,16.0,27.0,13.0,10.0,14.0,18,11.0,25,117,112,0,0,0,0,0,0,0,0,0,0,0,0,0,0,18.0,16.7,30.7,29.7,9.1,11.2,14.9,17.7,18.0,16.7,30.7,29.7,9.1,11.2,14.9,17.7,0.0,0.0,0.0,0.0,0.0,0.0,0.0,0.0,"(CONTRACTS OF 1,000 BARRELS)",N10,CRUDE OIL,PETROLEUM AND PRODUCTS,NATURAL RESOURCES,FutOnly
110823067411F,"CRUDE OIL, LIGHT SWEET - ICE FUTURES EUROPE",2011-08-23T00:00:00.000,2011 Report Week 34,"CRUDE OIL, LIGHT SWEET-WTI",67411,ICEU,NYC,67,CRUDE OIL,421228,120418,145552,51130,63428,88790,33860,12573,29001,15772,8632,54831,393802,402807,27426,18421,421228,120418,145552,51130,63428,88790,33860,12573,29001,15772,8632,54831,393802,402807,27426,18421,0,0,0,0,0,0,0,0,0,0,0,0,0,0,0,0,-18879.0,36.0,-891.0,-2887.0,-4636.0,-4712.0,-475.0,261.0,-1928.0,-1646.0,3445.0,-12662.0,-24274.0,-21123.0,5395.0,2244.0,100.0,28.6,34.6,12.1,15.1,21.1,8.0,3.0,6.9,3.7,2.0,13.0,93.5,95.6,6.5,4.4,100.0,28.6,34.6,12.1,15.1,21.1,8.0,3.0,6.9,3.7,2.0,13.0,93.5,95.6,6.5,4.4,100.0,0.0,0.0,0.0,0.0,0.0,0.0,0.0,0.0,0.0,0.0,0.0,0.0,0.0,0.0,0.0,124,40.0,36.0,15.0,16.0,27.0,13.0,9.0,15.0,17,8.0,20,113,106,124,40.0,36.0,15.0,16.0,27.0,13.0,9.0,15.0,17,8.0,20,113,106,0,0,0,0,0,0,0,0,0,0,0,0,0,0,18.4,16.3,31.1,29.2,9.3,10.7,15.6,17.8,18.4,16.3,31.1,29.2,9.3,10.7,15.6,17.8,0.0,0.0,0.0,0.0,0.0,0.0,0.0,0.0,"(CONTRACTS OF 1,000 BARRELS)",N10,CRUDE OIL,PETROLEUM AND PRODUCTS,NATURAL RESOURCES,FutOnly
110816067411F,"CRUDE OIL, LIGHT SWEET - ICE FUTURES EUROPE",2011-08-16T00:00:00.000,2011 Report Week 33,"CRUDE OIL, LIGHT SWEET-WTI",67411,ICEU,NYC,67,CRUDE OIL,440107,120382,146443,54017,68064,93502,34335,12312,30929,17418,5187,67493,418076,423930,22031,16177,440107,120382,146443,54017,68064,93502,34335,12312,30929,17418,5187,67493,418076,423930,22031,16177,0,0,0,0,0,0,0,0,0,0,0,0,0,0,0,0,-5768.0,-10947.0,1322.0,2605.0,2875.0,142.0,3360.0,-3237.0,2034.0,5238.0,-3483.0,-2177.0,255.0,-2524.0,-6023.0,-3244.0,100.0,27.4,33.3,12.3,15.5,21.2,7.8,2.8,7.0,4.0,1.2,15.3,95.0,96.3,5.0,3.7,100.0,27.4,33.3,12.3,15.5,21.2,7.8,2.8,7.0,4.0,1.2,15.3,95.0,96.3,5.0,3.7,100.0,0.0,0.0,0.0,0.0,0.0,0.0,0.0,0.0,0.0,0.0,0.0,0.0,0.0,0.0,0.0,134,38.0,35.0,15.0,16.0,28.0,17.0,7.0,15.0,25,10.0,29,124,115,134,38.0,35.0,15.0,16.0,28.0,17.0,7.0,15.0,25,10.0,29,124,115,0,0,0,0,0,0,0,0,0,0,0,0,0,0,18.4,15.2,31.6,27.1,8.9,10.2,15.1,17.5,18.4,15.2,31.6,27.1,8.9,10.2,15.1,17.5,0.0,0.0,0.0,0.0,0.0,0.0,0.0,0.0,"(CONTRACTS OF 1,000 BARRELS)",N10,CRUDE OIL,PETROLEUM AND PRODUCTS,NATURAL RESOURCES,FutOnly
110809067411F,"CRUDE OIL, LIGHT SWEET - ICE FUTURES EUROPE",2011-08-09T00:00:00.000,2011 Report Week 32,"CRUDE OIL, LIGHT SWEET-WTI",67411,ICEU,NYC,67,CRUDE OIL,445875,131329,145121,51412,65189,93360,30975,15549,28895,12180,8670,69670,417821,426454,28054,19421,445875,131329,145121,51412,65189,93360,30975,15549,28895,12180,8670,69670,417821,426454,28054,19421,0,0,0,0,0,0,0,0,0,0,0,0,0,0,0,0,-9727.0,-10082.0,-12287.0,6748.0,-8367.0,-2738.0,-6385.0,1028.0,1709.0,-6724.0,5416.0,6228.0,-11244.0,-9011.0,1517.0,-716.0,100.0,29.5,32.5,11.5,14.6,20.9,6.9,3.5,6.5,2.7,1.9,15.6,93.7,95.6,6.3,4.4,100.0,29.5,32.5,11.5,14.6,20.9,6.9,3.5,6.5,2.7,1.9,15.6,93.7,95.6,6.3,4.4,100.0,0.0,0.0,0.0,0.0,0.0,0.0,0.0,0.0,0.0,0.0,0.0,0.0,0.0,0.0,0.0,135,39.0,36.0,14.0,17.0,28.0,13.0,12.0,15.0,20,14.0,28,124,116,135,39.0,36.0,14.0,17.0,28.0,13.0,12.0,15.0,20,14.0,28,124,116,0,0,0,0,0,0,0,0,0,0,0,0,0,0,17.1,15.0,30.5,26.2,8.2,10.3,14.0,17.0,17.1,15.0,30.5,26.2,8.2,10.3,14.0,17.0,0.0,0.0,0.0,0.0,0.0,0.0,0.0,0.0,"(CONTRACTS OF 1,000 BARRELS)",N10,CRUDE OIL,PETROLEUM AND PRODUCTS,NATURAL RESOURCES,FutOnly
110802067411F,"CRUDE OIL, LIGHT SWEET - ICE FUTURES EUROPE",2011-08-02T00:00:00.000,2011 Report Week 31,"CRUDE OIL, LIGHT SWEET-WTI",67411,ICEU,NYC,67,CRUDE OIL,455602,141411,157408,44664,73556,96098,37360,14521,27186,18904,3254,63442,429065,435465,26537,20137,455602,141411,157408,44664,73556,96098,37360,14521,27186,18904,3254,63442,429065,435465,26537,20137,0,0,0,0,0,0,0,0,0,0,0,0,0,0,0,0,6816.0,12467.0,-868.0,-2548.0,1644.0,1566.0,-4193.0,-1717.0,1347.0,-7470.0,348.0,1807.0,2976.0,4127.0,3840.0,2689.0,100.0,31.0,34.5,9.8,16.1,21.1,8.2,3.2,6.0,4.1,0.7,13.9,94.2,95.6,5.8,4.4,100.0,31.0,34.5,9.8,16.1,21.1,8.2,3.2,6.0,4.1,0.7,13.9,94.2,95.6,5.8,4.4,100.0,0.0,0.0,0.0,0.0,0.0,0.0,0.0,0.0,0.0,0.0,0.0,0.0,0.0,0.0,0.0,131,39.0,36.0,14.0,17.0,28.0,13.0,12.0,14.0,22,7.0,23,119,110,131,39.0,36.0,14.0,17.0,28.0,13.0,12.0,14.0,22,7.0,23,119,110,0,0,0,0,0,0,0,0,0,0,0,0,0,0,17.3,14.8,30.8,27.1,7.1,10.9,12.4,17.8,17.3,14.8,30.8,27.1,7.1,10.9,12.4,17.8,0.0,0.0,0.0,0.0,0.0,0.0,0.0,0.0,"(CONTRACTS OF 1,000 BARRELS)",N10,CRUDE OIL,PETROLEUM AND PRODUCTS,NATURAL RESOURCES,FutOnly
110726067411F,"CRUDE OIL, LIGHT SWEET - ICE FUTURES EUROPE",2011-07-26T00:00:00.000,2011 Report Week 30,"CRUDE OIL, LIGHT SWEET-WTI",67411,ICEU,NYC,67,CRUDE OIL,448786,128944,158276,47212,71912,94532,41553,16238,25839,26374,2906,61635,426089,431338,22697,17448,448786,128944,158276,47212,71912,94532,41553,16238,25839,26374,2906,61635,426089,431338,22697,17448,0,0,0,0,0,0,0,0,0,0,0,0,0,0,0,0,-24847.0,-7102.0,7752.0,3712.0,-1090.0,-8334.0,6974.0,-980.0,-1338.0,2895.0,-972.0,-1701.0,-4894.0,-6663.0,-19953.0,-18184.0,100.0,28.7,35.3,10.5,16.0,21.1,9.3,3.6,5.8,5.9,0.6,13.7,94.9,96.1,5.1,3.9,100.0,28.7,35.3,10.5,16.0,21.1,9.3,3.6,5.8,5.9,0.6,13.7,94.9,96.1,5.1,3.9,100.0,0.0,0.0,0.0,0.0,0.0,0.0,0.0,0.0,0.0,0.0,0.0,0.0,0.0,0.0,0.0,129,34.0,34.0,14.0,16.0,27.0,17.0,12.0,17.0,22,9.0,22,118,108,129,34.0,34.0,14.0,16.0,27.0,17.0,12.0,17.0,22,9.0,22,118,108,0,0,0,0,0,0,0,0,0,0,0,0,0,0,19.0,15.9,32.0,28.9,7.7,11.1,13.7,17.9,19.0,15.9,32.0,28.9,7.7,11.1,13.7,17.9,0.0,0.0,0.0,0.0,0.0,0.0,0.0,0.0,"(CONTRACTS OF 1,000 BARRELS)",N10,CRUDE OIL,PETROLEUM AND PRODUCTS,NATURAL RESOURCES,FutOnly
110719067411F,"CRUDE OIL, LIGHT SWEET - ICE FUTURES EUROPE",2011-07-19T00:00:00.000,2011 Report Week 29,"CRUDE OIL, LIGHT SWEET-WTI",67411,ICEU,NYC,67,CRUDE OIL,473633,136046,150524,43500,73002,102866,34579,17218,27177,23479,3878,63336,430983,438001,42650,35632,473633,136046,150524,43500,73002,102866,34579,17218,27177,23479,3878,63336,430983,438001,42650,35632,0,0,0,0,0,0,0,0,0,0,0,0,0,0,0,0,-6276.0,-13739.0,-7703.0,745.0,-1415.0,-1207.0,100.0,-335.0,-854.0,-714.0,-3393.0,-7940.0,-23609.0,-22847.0,17333.0,16571.0,100.0,28.7,31.8,9.2,15.4,21.7,7.3,3.6,5.7,5.0,0.8,13.4,91.0,92.5,9.0,7.5,100.0,28.7,31.8,9.2,15.4,21.7,7.3,3.6,5.7,5.0,0.8,13.4,91.0,92.5,9.0,7.5,100.0,0.0,0.0,0.0,0.0,0.0,0.0,0.0,0.0,0.0,0.0,0.0,0.0,0.0,0.0,0.0,126,35.0,34.0,14.0,18.0,28.0,15.0,9.0,15.0,21,8.0,25,116,110,126,35.0,34.0,14.0,18.0,28.0,15.0,9.0,15.0,21,8.0,25,116,110,0,0,0,0,0,0,0,0,0,0,0,0,0,0,17.5,15.4,30.3,27.3,7.2,10.4,12.5,16.9,17.5,15.4,30.3,27.3,7.2,10.4,12.5,16.9,0.0,0.0,0.0,0.0,0.0,0.0,0.0,0.0,"(CONTRACTS OF 1,000 BARRELS)",N10,CRUDE OIL,PETROLEUM AND PRODUCTS,NATURAL RESOURCES,FutOnly
110712067411F,"CRUDE OIL, LIGHT SWEET - ICE FUTURES EUROPE",2011-07-12T00:00:00.000,2011 Report Week 28,"CRUDE OIL, LIGHT SWEET-WTI",67411,ICEU,NYC,67,CRUDE OIL,479909,149785,158227,42755,74417,104073,34479,17553,28031,24193,7271,71276,454592,460848,25317,19061,479909,149785,158227,42755,74417,104073,34479,17553,28031,24193,7271,71276,454592,460848,25317,19061,0,0,0,0,0,0,0,0,0,0,0,0,0,0,0,0,18223.0,11736.0,-2972.0,-2235.0,4019.0,5055.0,3748.0,2920.0,-1373.0,-7890.0,5073.0,9687.0,18728.0,22409.0,-505.0,-4186.0,100.0,31.2,33.0,8.9,15.5,21.7,7.2,3.7,5.8,5.0,1.5,14.9,94.7,96.0,5.3,4.0,100.0,31.2,33.0,8.9,15.5,21.7,7.2,3.7,5.8,5.0,1.5,14.9,94.7,96.0,5.3,4.0,100.0,0.0,0.0,0.0,0.0,0.0,0.0,0.0,0.0,0.0,0.0,0.0,0.0,0.0,0.0,0.0,139,40.0,36.0,14.0,18.0,28.0,16.0,9.0,16.0,25,11.0,31,129,120,139,40.0,36.0,14.0,18.0,28.0,16.0,9.0,16.0,25,11.0,31,129,120,0,0,0,0,0,0,0,0,0,0,0,0,0,0,16.2,16.1,29.4,29.0,7.1,10.0,12.4,16.5,16.2,16.1,29.4,29.0,7.1,10.0,12.4,16.5,0.0,0.0,0.0,0.0,0.0,0.0,0.0,0.0,"(CONTRACTS OF 1,000 BARRELS)",N10,CRUDE OIL,PETROLEUM AND PRODUCTS,NATURAL RESOURCES,FutOnly
110705067411F,"CRUDE OIL, LIGHT SWEET - ICE FUTURES EUROPE",2011-07-05T00:00:00.000,2011 Report Week 27,"CRUDE OIL, LIGHT SWEET-WTI",67411,ICEU,NYC,67,CRUDE OIL,461686,138049,161199,44990,70398,99018,30731,14633,29404,32083,2198,61589,435864,438439,25822,23247,461686,138049,161199,44990,70398,99018,30731,14633,29404,32083,2198,61589,435864,438439,25822,23247,0,0,0,0,0,0,0,0,0,0,0,0,0,0,0,0,2866.0,-1308.0,2293.0,-5064.0,-2133.0,5315.0,1927.0,-1841.0,337.0,5317.0,-125.0,-1877.0,4647.0,1969.0,-1781.0,897.0,100.0,29.9,34.9,9.7,15.2,21.4,6.7,3.2,6.4,6.9,0.5,13.3,94.4,95.0,5.6,5.0,100.0,29.9,34.9,9.7,15.2,21.4,6.7,3.2,6.4,6.9,0.5,13.3,94.4,95.0,5.6,5.0,100.0,0.0,0.0,0.0,0.0,0.0,0.0,0.0,0.0,0.0,0.0,0.0,0.0,0.0,0.0,0.0,140,37.0,33.0,16.0,17.0,29.0,17.0,9.0,17.0,32,6.0,34,132,120,140,37.0,33.0,16.0,17.0,29.0,17.0,9.0,17.0,32,6.0,34,132,120,0,0,0,0,0,0,0,0,0,0,0,0,0,0,16.9,15.8,29.6,27.2,7.2,11.1,12.8,17.9,16.9,15.8,29.6,27.2,7.2,11.1,12.8,17.9,0.0,0.0,0.0,0.0,0.0,0.0,0.0,0.0,"(CONTRACTS OF 1,000 BARRELS)",N10,CRUDE OIL,PETROLEUM AND PRODUCTS,NATURAL RESOURCES,FutOnly
110628067411F,"CRUDE OIL, LIGHT SWEET - ICE FUTURES EUROPE",2011-06-28T00:00:00.000,2011 Report Week 26,"CRUDE OIL, LIGHT SWEET-WTI",67411,ICEU,NYC,67,CRUDE OIL,458820,139357,158906,50054,72531,93703,28804,16474,29067,26766,2323,63466,431217,436470,27603,22350,458820,139357,158906,50054,72531,93703,28804,16474,29067,26766,2323,63466,431217,436470,27603,22350,0,0,0,0,0,0,0,0,0,0,0,0,0,0,0,0,11204.0,3178.0,7934.0,9930.0,1454.0,-2700.0,-5197.0,2546.0,406.0,4687.0,-37.0,3784.0,14088.0,13387.0,-2884.0,-2183.0,100.0,30.4,34.6,10.9,15.8,20.4,6.3,3.6,6.3,5.8,0.5,13.8,94.0,95.1,6.0,4.9,100.0,30.4,34.6,10.9,15.8,20.4,6.3,3.6,6.3,5.8,0.5,13.8,94.0,95.1,6.0,4.9,100.0,0.0,0.0,0.0,0.0,0.0,0.0,0.0,0.0,0.0,0.0,0.0,0.0,0.0,0.0,0.0,136,37.0,32.0,15.0,18.0,30.0,16.0,9.0,16.0,27,7.0,31,128,116,136,37.0,32.0,15.0,18.0,30.0,16.0,9.0,16.0,27,7.0,31,128,116,0,0,0,0,0,0,0,0,0,0,0,0,0,0,17.3,15.8,29.8,27.9,7.6,11.0,14.0,18.2,17.3,15.8,29.8,27.9,7.6,11.0,14.0,18.2,0.0,0.0,0.0,0.0,0.0,0.0,0.0,0.0,"(CONTRACTS OF 1,000 BARRELS)",N10,CRUDE OIL,PETROLEUM AND PRODUCTS,NATURAL RESOURCES,FutOnly
110621067411F,"CRUDE OIL, LIGHT SWEET - ICE FUTURES EUROPE",2011-06-21T00:00:00.000,2011 Report Week 25,"CRUDE OIL, LIGHT SWEET-WTI",67411,ICEU,NYC,67,CRUDE OIL,447616,136179,150972,40124,71077,96403,34001,13928,28661,22079,2360,59682,417129,423083,30487,24533,447616,136179,150972,40124,71077,96403,34001,13928,28661,22079,2360,59682,417129,423083,30487,24533,0,0,0,0,0,0,0,0,0,0,0,0,0,0,0,0,-35842.0,-12906.0,-17571.0,8009.0,249.0,-9787.0,-8023.0,5587.0,-5583.0,-1085.0,-3989.0,-5280.0,-34655.0,-36374.0,-1187.0,532.0,100.0,30.4,33.7,9.0,15.9,21.5,7.6,3.1,6.4,4.9,0.5,13.3,93.2,94.5,6.8,5.5,100.0,30.4,33.7,9.0,15.9,21.5,7.6,3.1,6.4,4.9,0.5,13.3,93.2,94.5,6.8,5.5,100.0,0.0,0.0,0.0,0.0,0.0,0.0,0.0,0.0,0.0,0.0,0.0,0.0,0.0,0.0,0.0,134,39.0,32.0,15.0,18.0,30.0,15.0,8.0,15.0,27,8.0,29,129,111,134,39.0,32.0,15.0,18.0,30.0,15.0,8.0,15.0,27,8.0,29,129,111,0,0,0,0,0,0,0,0,0,0,0,0,0,0,17.0,15.9,28.6,27.5,7.1,10.9,12.8,18.5,17.0,15.9,28.6,27.5,7.1,10.9,12.8,18.5,0.0,0.0,0.0,0.0,0.0,0.0,0.0,0.0,"(CONTRACTS OF 1,000 BARRELS)",N10,CRUDE OIL,PETROLEUM AND PRODUCTS,NATURAL RESOURCES,FutOnly
110614067411F,"CRUDE OIL, LIGHT SWEET - ICE FUTURES EUROPE",2011-06-14T00:00:00.000,2011 Report Week 24,"CRUDE OIL, LIGHT SWEET-WTI",67411,ICEU,NYC,67,CRUDE OIL,483458,149085,168543,32115,70828,106190,42024,8341,34244,23164,6349,64962,451784,459457,31674,24001,483458,149085,168543,32115,70828,106190,42024,8341,34244,23164,6349,64962,451784,459457,31674,24001,0,0,0,0,0,0,0,0,0,0,0,0,0,0,0,0,15921.0,-4452.0,2468.0,1019.0,5396.0,6112.0,-428.0,594.0,-485.0,5669.0,-7422.0,13349.0,20784.0,20012.0,-4863.0,-4091.0,100.0,30.8,34.9,6.6,14.7,22.0,8.7,1.7,7.1,4.8,1.3,13.4,93.4,95.0,6.6,5.0,100.0,30.8,34.9,6.6,14.7,22.0,8.7,1.7,7.1,4.8,1.3,13.4,93.4,95.0,6.6,5.0,100.0,0.0,0.0,0.0,0.0,0.0,0.0,0.0,0.0,0.0,0.0,0.0,0.0,0.0,0.0,0.0,144,39.0,35.0,16.0,16.0,30.0,20.0,6.0,17.0,28,10.0,33,136,120,144,39.0,35.0,16.0,16.0,30.0,20.0,6.0,17.0,28,10.0,33,136,120,0,0,0,0,0,0,0,0,0,0,0,0,0,0,15.6,14.9,26.9,27.3,6.5,9.7,11.2,15.8,15.6,14.9,26.9,27.3,6.5,9.7,11.2,15.8,0.0,0.0,0.0,0.0,0.0,0.0,0.0,0.0,"(CONTRACTS OF 1,000 BARRELS)",N10,CRUDE OIL,PETROLEUM AND PRODUCTS,NATURAL RESOURCES,FutOnly
110607067411F,"CRUDE OIL, LIGHT SWEET - ICE FUTURES EUROPE",2011-06-07T00:00:00.000,2011 Report Week 23,"CRUDE OIL, LIGHT SWEET-WTI",67411,ICEU,NYC,67,CRUDE OIL,467537,153537,166075,31096,65432,100078,42452,7747,34729,17495,13771,51613,431000,439445,36537,28092,467537,153537,166075,31096,65432,100078,42452,7747,34729,17495,13771,51613,431000,439445,36537,28092,0,0,0,0,0,0,0,0,0,0,0,0,0,0,0,0,6928.0,6654.0,-10424.0,-250.0,944.0,-730.0,-811.0,6461.0,-1150.0,-4105.0,6406.0,-1161.0,-1553.0,346.0,8481.0,6582.0,100.0,32.8,35.5,6.7,14.0,21.4,9.1,1.7,7.4,3.7,2.9,11.0,92.2,94.0,7.8,6.0,100.0,32.8,35.5,6.7,14.0,21.4,9.1,1.7,7.4,3.7,2.9,11.0,92.2,94.0,7.8,6.0,100.0,0.0,0.0,0.0,0.0,0.0,0.0,0.0,0.0,0.0,0.0,0.0,0.0,0.0,0.0,0.0,134,40.0,37.0,14.0,16.0,29.0,18.0,6.0,14.0,20,11.0,31,127,114,134,40.0,37.0,14.0,16.0,29.0,18.0,6.0,14.0,20,11.0,31,127,114,0,0,0,0,0,0,0,0,0,0,0,0,0,0,16.3,14.7,28.1,26.3,6.5,9.3,12.1,15.9,16.3,14.7,28.1,26.3,6.5,9.3,12.1,15.9,0.0,0.0,0.0,0.0,0.0,0.0,0.0,0.0,"(CONTRACTS OF 1,000 BARRELS)",N10,CRUDE OIL,PETROLEUM AND PRODUCTS,NATURAL RESOURCES,FutOnly
110531067411F,"CRUDE OIL, LIGHT SWEET - ICE FUTURES EUROPE",2011-05-31T00:00:00.000,2011 Report Week 22,"CRUDE OIL, LIGHT SWEET-WTI",67411,ICEU,NYC,67,CRUDE OIL,460609,146883,176499,31346,64488,100808,43263,1286,35879,21600,7365,52774,432553,439099,28056,21510,460609,146883,176499,31346,64488,100808,43263,1286,35879,21600,7365,52774,432553,439099,28056,21510,0,0,0,0,0,0,0,0,0,0,0,0,0,0,0,0,1977.0,-5228.0,3471.0,-2833.0,279.0,1760.0,3613.0,-448.0,-1510.0,2790.0,-2429.0,634.0,-774.0,1757.0,2751.0,220.0,100.0,31.9,38.3,6.8,14.0,21.9,9.4,0.3,7.8,4.7,1.6,11.5,93.9,95.3,6.1,4.7,100.0,31.9,38.3,6.8,14.0,21.9,9.4,0.3,7.8,4.7,1.6,11.5,93.9,95.3,6.1,4.7,100.0,0.0,0.0,0.0,0.0,0.0,0.0,0.0,0.0,0.0,0.0,0.0,0.0,0.0,0.0,0.0,133,40.0,36.0,14.0,15.0,27.0,21.0,,16.0,21,9.0,30,127,111,133,40.0,36.0,14.0,15.0,27.0,21.0,,16.0,21,9.0,30,127,111,0,0,0,0,0,0,0,0,0,0,0,0,0,0,16.5,15.8,28.4,28.5,6.8,10.4,12.5,17.3,16.5,15.8,28.4,28.5,6.8,10.4,12.5,17.3,0.0,0.0,0.0,0.0,0.0,0.0,0.0,0.0,"(CONTRACTS OF 1,000 BARRELS)",N10,CRUDE OIL,PETROLEUM AND PRODUCTS,NATURAL RESOURCES,FutOnly
110524067411F,"CRUDE OIL, LIGHT SWEET - ICE FUTURES EUROPE",2011-05-24T00:00:00.000,2011 Report Week 21,"CRUDE OIL, LIGHT SWEET-WTI",67411,ICEU,NYC,67,CRUDE OIL,458632,152111,173028,34179,64209,99048,39650,1734,37389,18810,9794,52140,433327,437342,25305,21290,458632,152111,173028,34179,64209,99048,39650,1734,37389,18810,9794,52140,433327,437342,25305,21290,0,0,0,0,0,0,0,0,0,0,0,0,0,0,0,0,-37120.0,-16336.0,-14734.0,-2163.0,2388.0,-11093.0,1599.0,-4463.0,-580.0,2189.0,-2877.0,-7397.0,-33781.0,-38756.0,-3339.0,1636.0,100.0,33.2,37.7,7.5,14.0,21.6,8.6,0.4,8.2,4.1,2.1,11.4,94.5,95.4,5.5,4.6,100.0,33.2,37.7,7.5,14.0,21.6,8.6,0.4,8.2,4.1,2.1,11.4,94.5,95.4,5.5,4.6,100.0,0.0,0.0,0.0,0.0,0.0,0.0,0.0,0.0,0.0,0.0,0.0,0.0,0.0,0.0,0.0,128,36.0,36.0,15.0,12.0,25.0,21.0,4.0,16.0,18,12.0,29,118,110,128,36.0,36.0,15.0,12.0,25.0,21.0,4.0,16.0,18,12.0,29,118,110,0,0,0,0,0,0,0,0,0,0,0,0,0,0,17.9,16.0,30.6,28.0,8.0,10.7,14.1,17.6,17.9,16.0,30.6,28.0,8.0,10.7,14.1,17.6,0.0,0.0,0.0,0.0,0.0,0.0,0.0,0.0,"(CONTRACTS OF 1,000 BARRELS)",N10,CRUDE OIL,PETROLEUM AND PRODUCTS,NATURAL RESOURCES,FutOnly
110517067411F,"CRUDE OIL, LIGHT SWEET - ICE FUTURES EUROPE",2011-05-17T00:00:00.000,2011 Report Week 20,"CRUDE OIL, LIGHT SWEET-WTI",67411,ICEU,NYC,67,CRUDE OIL,495752,168447,187762,36342,61821,110141,38051,6197,37969,16621,12671,59537,467108,476098,28644,19654,495752,168447,187762,36342,61821,110141,38051,6197,37969,16621,12671,59537,467108,476098,28644,19654,0,0,0,0,0,0,0,0,0,0,0,0,0,0,0,0,-23460.0,14450.0,4048.0,-8852.0,10104.0,-13216.0,-5051.0,-2712.0,-20.0,4541.0,-1982.0,-11749.0,-19897.0,-15527.0,-3563.0,-7933.0,100.0,34.0,37.9,7.3,12.5,22.2,7.7,1.3,7.7,3.4,2.6,12.0,94.2,96.0,5.8,4.0,100.0,34.0,37.9,7.3,12.5,22.2,7.7,1.3,7.7,3.4,2.6,12.0,94.2,96.0,5.8,4.0,100.0,0.0,0.0,0.0,0.0,0.0,0.0,0.0,0.0,0.0,0.0,0.0,0.0,0.0,0.0,0.0,132,38.0,37.0,15.0,13.0,25.0,17.0,8.0,15.0,20,12.0,33,124,113,132,38.0,37.0,15.0,13.0,25.0,17.0,8.0,15.0,20,12.0,33,124,113,0,0,0,0,0,0,0,0,0,0,0,0,0,0,19.9,14.9,32.3,26.5,8.6,9.2,14.5,15.3,19.9,14.9,32.3,26.5,8.6,9.2,14.5,15.3,0.0,0.0,0.0,0.0,0.0,0.0,0.0,0.0,"(CONTRACTS OF 1,000 BARRELS)",N10,CRUDE OIL,PETROLEUM AND PRODUCTS,NATURAL RESOURCES,FutOnly
110510067411F,"CRUDE OIL, LIGHT SWEET - ICE FUTURES EUROPE",2011-05-10T00:00:00.000,2011 Report Week 19,"CRUDE OIL, LIGHT SWEET-WTI",67411,ICEU,NYC,67,CRUDE OIL,519212,153997,183714,45194,51717,123357,43102,8909,37989,12080,14653,71286,487005,491625,32207,27587,519212,153997,183714,45194,51717,123357,43102,8909,37989,12080,14653,71286,487005,491625,32207,27587,0,0,0,0,0,0,0,0,0,0,0,0,0,0,0,0,-4676.0,-1453.0,-16194.0,-1607.0,372.0,-4999.0,-2764.0,6428.0,-2189.0,692.0,982.0,-205.0,-12525.0,-15805.0,7849.0,11129.0,100.0,29.7,35.4,8.7,10.0,23.8,8.3,1.7,7.3,2.3,2.8,13.7,93.8,94.7,6.2,5.3,100.0,29.7,35.4,8.7,10.0,23.8,8.3,1.7,7.3,2.3,2.8,13.7,93.8,94.7,6.2,5.3,100.0,0.0,0.0,0.0,0.0,0.0,0.0,0.0,0.0,0.0,0.0,0.0,0.0,0.0,0.0,0.0,138,38.0,38.0,15.0,12.0,24.0,20.0,8.0,16.0,18,14.0,37,130,117,138,38.0,38.0,15.0,12.0,24.0,20.0,8.0,16.0,18,14.0,37,130,117,0,0,0,0,0,0,0,0,0,0,0,0,0,0,19.6,14.9,31.6,25.9,9.8,9.0,14.7,14.8,19.6,14.9,31.6,25.9,9.8,9.0,14.7,14.8,0.0,0.0,0.0,0.0,0.0,0.0,0.0,0.0,"(CONTRACTS OF 1,000 BARRELS)",N10,CRUDE OIL,PETROLEUM AND PRODUCTS,NATURAL RESOURCES,FutOnly
110503067411F,"CRUDE OIL, LIGHT SWEET - ICE FUTURES EUROPE",2011-05-03T00:00:00.000,2011 Report Week 18,"CRUDE OIL, LIGHT SWEET-WTI",67411,ICEU,NYC,67,CRUDE OIL,523888,155450,199908,46801,51345,128356,45866,2481,40178,11388,13671,71491,499530,507430,24358,16458,523888,155450,199908,46801,51345,128356,45866,2481,40178,11388,13671,71491,499530,507430,24358,16458,0,0,0,0,0,0,0,0,0,0,0,0,0,0,0,0,7783.0,1805.0,3603.0,1116.0,-1680.0,2334.0,-1101.0,-962.0,1345.0,-940.0,1903.0,2284.0,6843.0,8827.0,940.0,-1044.0,100.0,29.7,38.2,8.9,9.8,24.5,8.8,0.5,7.7,2.2,2.6,13.6,95.4,96.9,4.6,3.1,100.0,29.7,38.2,8.9,9.8,24.5,8.8,0.5,7.7,2.2,2.6,13.6,95.4,96.9,4.6,3.1,100.0,0.0,0.0,0.0,0.0,0.0,0.0,0.0,0.0,0.0,0.0,0.0,0.0,0.0,0.0,0.0,138,39.0,40.0,18.0,11.0,26.0,21.0,8.0,16.0,16,17.0,32,129,117,138,39.0,40.0,18.0,11.0,26.0,21.0,8.0,16.0,16,17.0,32,129,117,0,0,0,0,0,0,0,0,0,0,0,0,0,0,19.9,15.6,32.6,28.0,9.0,9.4,14.0,15.2,19.9,15.6,32.6,28.0,9.0,9.4,14.0,15.2,0.0,0.0,0.0,0.0,0.0,0.0,0.0,0.0,"(CONTRACTS OF 1,000 BARRELS)",N10,CRUDE OIL,PETROLEUM AND PRODUCTS,NATURAL RESOURCES,FutOnly
110426067411F,"CRUDE OIL, LIGHT SWEET - ICE FUTURES EUROPE",2011-04-26T00:00:00.000,2011 Report Week 17,"CRUDE OIL, LIGHT SWEET-WTI",67411,ICEU,NYC,67,CRUDE OIL,516105,153645,196305,45685,53025,126022,46967,3443,38833,12328,11768,69207,492687,498603,23418,17502,516105,153645,196305,45685,53025,126022,46967,3443,38833,12328,11768,69207,492687,498603,23418,17502,0,0,0,0,0,0,0,0,0,0,0,0,0,0,0,0,-715.0,6244.0,926.0,-309.0,-1662.0,332.0,-2471.0,1315.0,-2035.0,-1292.0,-1211.0,2303.0,2772.0,-32.0,-3487.0,-683.0,100.0,29.8,38.0,8.9,10.3,24.4,9.1,0.7,7.5,2.4,2.3,13.4,95.5,96.6,4.5,3.4,100.0,29.8,38.0,8.9,10.3,24.4,9.1,0.7,7.5,2.4,2.3,13.4,95.5,96.6,4.5,3.4,100.0,0.0,0.0,0.0,0.0,0.0,0.0,0.0,0.0,0.0,0.0,0.0,0.0,0.0,0.0,0.0,138,39.0,36.0,16.0,13.0,26.0,23.0,7.0,17.0,17,13.0,33,132,114,138,39.0,36.0,16.0,13.0,26.0,23.0,7.0,17.0,17,13.0,33,132,114,0,0,0,0,0,0,0,0,0,0,0,0,0,0,20.8,15.7,33.1,29.7,9.4,9.6,14.6,15.7,20.8,15.7,33.1,29.7,9.4,9.6,14.6,15.7,0.0,0.0,0.0,0.0,0.0,0.0,0.0,0.0,"(CONTRACTS OF 1,000 BARRELS)",N10,CRUDE OIL,PETROLEUM AND PRODUCTS,NATURAL RESOURCES,FutOnly
110419067411F,"CRUDE OIL, LIGHT SWEET - ICE FUTURES EUROPE",2011-04-19T00:00:00.000,2011 Report Week 16,"CRUDE OIL, LIGHT SWEET-WTI",67411,ICEU,NYC,67,CRUDE OIL,516820,147401,195379,45994,54687,125690,49438,2128,40868,13620,12979,66904,489915,498635,26905,18185,516820,147401,195379,45994,54687,125690,49438,2128,40868,13620,12979,66904,489915,498635,26905,18185,0,0,0,0,0,0,0,0,0,0,0,0,0,0,0,0,-51478.0,-21694.0,-5320.0,-3282.0,-1549.0,-11175.0,7445.0,-2724.0,-2319.0,195.0,-3074.0,-19344.0,-50174.0,-45505.0,-1304.0,-5973.0,100.0,28.5,37.8,8.9,10.6,24.3,9.6,0.4,7.9,2.6,2.5,12.9,94.8,96.5,5.2,3.5,100.0,28.5,37.8,8.9,10.6,24.3,9.6,0.4,7.9,2.6,2.5,12.9,94.8,96.5,5.2,3.5,100.0,0.0,0.0,0.0,0.0,0.0,0.0,0.0,0.0,0.0,0.0,0.0,0.0,0.0,0.0,0.0,136,39.0,37.0,16.0,13.0,26.0,23.0,7.0,17.0,16,13.0,29,129,111,136,39.0,37.0,16.0,13.0,26.0,23.0,7.0,17.0,16,13.0,29,129,111,0,0,0,0,0,0,0,0,0,0,0,0,0,0,21.2,16.2,33.2,30.0,9.6,10.2,14.7,16.6,21.2,16.2,33.2,30.0,9.6,10.2,14.7,16.6,0.0,0.0,0.0,0.0,0.0,0.0,0.0,0.0,"(CONTRACTS OF 1,000 BARRELS)",N10,CRUDE OIL,PETROLEUM AND PRODUCTS,NATURAL RESOURCES,FutOnly
110412067411F,"CRUDE OIL, LIGHT SWEET - ICE FUTURES EUROPE",2011-04-12T00:00:00.000,2011 Report Week 15,"CRUDE OIL, LIGHT SWEET-WTI",67411,ICEU,NYC,67,CRUDE OIL,568298,169095,200699,49276,56236,136865,41993,4852,43187,13425,16053,86248,540089,544140,28209,24158,568298,169095,200699,49276,56236,136865,41993,4852,43187,13425,16053,86248,540089,544140,28209,24158,0,0,0,0,0,0,0,0,0,0,0,0,0,0,0,0,8100.0,-1754.0,-6036.0,-5923.0,-365.0,651.0,-2416.0,-453.0,3268.0,870.0,33.0,11756.0,6452.0,8854.0,1648.0,-754.0,100.0,29.8,35.3,8.7,9.9,24.1,7.4,0.9,7.6,2.4,2.8,15.2,95.0,95.7,5.0,4.3,100.0,29.8,35.3,8.7,9.9,24.1,7.4,0.9,7.6,2.4,2.8,15.2,95.0,95.7,5.0,4.3,100.0,0.0,0.0,0.0,0.0,0.0,0.0,0.0,0.0,0.0,0.0,0.0,0.0,0.0,0.0,0.0,138,41.0,37.0,17.0,12.0,27.0,21.0,8.0,17.0,17,13.0,32,133,115,138,41.0,37.0,17.0,12.0,27.0,21.0,8.0,17.0,17,13.0,32,133,115,0,0,0,0,0,0,0,0,0,0,0,0,0,0,21.5,15.7,33.7,28.7,8.9,9.7,13.8,15.8,21.5,15.7,33.7,28.7,8.9,9.7,13.8,15.8,0.0,0.0,0.0,0.0,0.0,0.0,0.0,0.0,"(CONTRACTS OF 1,000 BARRELS)",N10,CRUDE OIL,PETROLEUM AND PRODUCTS,NATURAL RESOURCES,FutOnly
110405067411F,"CRUDE OIL, LIGHT SWEET - ICE FUTURES EUROPE",2011-04-05T00:00:00.000,2011 Report Week 14,"CRUDE OIL, LIGHT SWEET-WTI",67411,ICEU,NYC,67,CRUDE OIL,560198,170849,206735,55199,56601,136214,44409,5305,39919,12555,16020,74492,533637,535286,26561,24912,560198,170849,206735,55199,56601,136214,44409,5305,39919,12555,16020,74492,533637,535286,26561,24912,0,0,0,0,0,0,0,0,0,0,0,0,0,0,0,0,27276.0,1681.0,2412.0,1758.0,2635.0,6108.0,5275.0,421.0,619.0,685.0,-628.0,10012.0,26138.0,21579.0,1138.0,5697.0,100.0,30.5,36.9,9.9,10.1,24.3,7.9,0.9,7.1,2.2,2.9,13.3,95.3,95.6,4.7,4.4,100.0,30.5,36.9,9.9,10.1,24.3,7.9,0.9,7.1,2.2,2.9,13.3,95.3,95.6,4.7,4.4,100.0,0.0,0.0,0.0,0.0,0.0,0.0,0.0,0.0,0.0,0.0,0.0,0.0,0.0,0.0,0.0,139,40.0,41.0,16.0,12.0,26.0,23.0,5.0,17.0,15,15.0,33,131,119,139,40.0,41.0,16.0,12.0,26.0,23.0,5.0,17.0,15,15.0,33,131,119,0,0,0,0,0,0,0,0,0,0,0,0,0,0,23.3,16.6,35.0,29.6,11.6,10.9,17.2,17.0,23.3,16.6,35.0,29.6,11.6,10.9,17.2,17.0,0.0,0.0,0.0,0.0,0.0,0.0,0.0,0.0,"(CONTRACTS OF 1,000 BARRELS)",N10,CRUDE OIL,PETROLEUM AND PRODUCTS,NATURAL RESOURCES,FutOnly
110329067411F,"CRUDE OIL, LIGHT SWEET - ICE FUTURES EUROPE",2011-03-29T00:00:00.000,2011 Report Week 13,"CRUDE OIL, LIGHT SWEET-WTI",67411,ICEU,NYC,67,CRUDE OIL,532922,169168,204323,53441,53966,130106,39134,4884,39300,11870,16648,64480,507499,513707,25423,19215,532922,169168,204323,53441,53966,130106,39134,4884,39300,11870,16648,64480,507499,513707,25423,19215,0,0,0,0,0,0,0,0,0,0,0,0,0,0,0,0,11412.0,4148.0,5876.0,-4472.0,-1176.0,4801.0,-1124.0,-1061.0,254.0,2087.0,-829.0,5778.0,11472.0,13643.0,-60.0,-2231.0,100.0,31.7,38.3,10.0,10.1,24.4,7.3,0.9,7.4,2.2,3.1,12.1,95.2,96.4,4.8,3.6,100.0,31.7,38.3,10.0,10.1,24.4,7.3,0.9,7.4,2.2,3.1,12.1,95.2,96.4,4.8,3.6,100.0,0.0,0.0,0.0,0.0,0.0,0.0,0.0,0.0,0.0,0.0,0.0,0.0,0.0,0.0,0.0,132,35.0,36.0,16.0,12.0,26.0,19.0,8.0,17.0,14,17.0,31,122,113,132,35.0,36.0,16.0,12.0,26.0,19.0,8.0,17.0,14,17.0,31,122,113,0,0,0,0,0,0,0,0,0,0,0,0,0,0,23.8,16.3,35.0,28.7,12.2,10.9,17.3,17.0,23.8,16.3,35.0,28.7,12.2,10.9,17.3,17.0,0.0,0.0,0.0,0.0,0.0,0.0,0.0,0.0,"(CONTRACTS OF 1,000 BARRELS)",N10,CRUDE OIL,PETROLEUM AND PRODUCTS,NATURAL RESOURCES,FutOnly
110322067411F,"CRUDE OIL, LIGHT SWEET - ICE FUTURES EUROPE",2011-03-22T00:00:00.000,2011 Report Week 12,"CRUDE OIL, LIGHT SWEET-WTI",67411,ICEU,NYC,67,CRUDE OIL,521510,165020,198447,57913,55142,125305,40258,5945,39046,9783,17477,58702,496027,500064,25483,21446,521510,165020,198447,57913,55142,125305,40258,5945,39046,9783,17477,58702,496027,500064,25483,21446,0,0,0,0,0,0,0,0,0,0,0,0,0,0,0,0,-32516.0,-12873.0,-14349.0,-3968.0,-3106.0,-659.0,-2928.0,2036.0,-3862.0,-3495.0,-3613.0,-6420.0,-34205.0,-29973.0,1689.0,-2543.0,100.0,31.6,38.1,11.1,10.6,24.0,7.7,1.1,7.5,1.9,3.4,11.3,95.1,95.9,4.9,4.1,100.0,31.6,38.1,11.1,10.6,24.0,7.7,1.1,7.5,1.9,3.4,11.3,95.1,95.9,4.9,4.1,100.0,0.0,0.0,0.0,0.0,0.0,0.0,0.0,0.0,0.0,0.0,0.0,0.0,0.0,0.0,0.0,129,35.0,35.0,16.0,11.0,25.0,18.0,9.0,17.0,15,14.0,29,119,109,129,35.0,35.0,16.0,11.0,25.0,18.0,9.0,17.0,15,14.0,29,119,109,0,0,0,0,0,0,0,0,0,0,0,0,0,0,24.4,16.8,36.1,29.8,12.1,9.9,17.3,16.8,24.4,16.8,36.1,29.8,12.1,9.9,17.3,16.8,0.0,0.0,0.0,0.0,0.0,0.0,0.0,0.0,"(CONTRACTS OF 1,000 BARRELS)",N10,CRUDE OIL,PETROLEUM AND PRODUCTS,NATURAL RESOURCES,FutOnly
110315067411F,"CRUDE OIL, LIGHT SWEET - ICE FUTURES EUROPE",2011-03-15T00:00:00.000,2011 Report Week 11,"CRUDE OIL, LIGHT SWEET-WTI",67411,ICEU,NYC,67,CRUDE OIL,554026,177893,212796,61881,58248,125964,43186,3909,42908,13278,21090,65122,530232,530037,23794,23989,554026,177893,212796,61881,58248,125964,43186,3909,42908,13278,21090,65122,530232,530037,23794,23989,0,0,0,0,0,0,0,0,0,0,0,0,0,0,0,0,-4765.0,-8798.0,-5106.0,-3375.0,2120.0,2840.0,420.0,-1964.0,4458.0,2953.0,-4218.0,-7678.0,-9180.0,-9548.0,4415.0,4783.0,100.0,32.1,38.4,11.2,10.5,22.7,7.8,0.7,7.7,2.4,3.8,11.8,95.7,95.7,4.3,4.3,100.0,32.1,38.4,11.2,10.5,22.7,7.8,0.7,7.7,2.4,3.8,11.8,95.7,95.7,4.3,4.3,100.0,0.0,0.0,0.0,0.0,0.0,0.0,0.0,0.0,0.0,0.0,0.0,0.0,0.0,0.0,0.0,127,36.0,38.0,14.0,12.0,25.0,21.0,7.0,18.0,12,16.0,28,119,111,127,36.0,38.0,14.0,12.0,25.0,21.0,7.0,18.0,12,16.0,28,119,111,0,0,0,0,0,0,0,0,0,0,0,0,0,0,22.2,16.3,34.6,29.7,10.7,9.4,16.1,16.1,22.2,16.3,34.6,29.7,10.7,9.4,16.1,16.1,0.0,0.0,0.0,0.0,0.0,0.0,0.0,0.0,"(CONTRACTS OF 1,000 BARRELS)",N10,CRUDE OIL,PETROLEUM AND PRODUCTS,NATURAL RESOURCES,FutOnly
110308067411F,"CRUDE OIL, LIGHT SWEET - ICE FUTURES EUROPE",2011-03-08T00:00:00.000,2011 Report Week 10,"CRUDE OIL, LIGHT SWEET-WTI",67411,ICEU,NYC,67,CRUDE OIL,558791,186691,217902,65256,56128,123124,42766,5873,38450,10325,25308,72800,539412,539585,19379,19206,558791,186691,217902,65256,56128,123124,42766,5873,38450,10325,25308,72800,539412,539585,19379,19206,0,0,0,0,0,0,0,0,0,0,0,0,0,0,0,0,-21049.0,-7145.0,-20509.0,-5974.0,-2521.0,5250.0,2422.0,-3423.0,1754.0,-5180.0,6608.0,-4224.0,-13097.0,-17065.0,-7952.0,-3984.0,100.0,33.4,39.0,11.7,10.0,22.0,7.7,1.1,6.9,1.8,4.5,13.0,96.5,96.6,3.5,3.4,100.0,33.4,39.0,11.7,10.0,22.0,7.7,1.1,6.9,1.8,4.5,13.0,96.5,96.6,3.5,3.4,100.0,0.0,0.0,0.0,0.0,0.0,0.0,0.0,0.0,0.0,0.0,0.0,0.0,0.0,0.0,0.0,134,37.0,40.0,15.0,12.0,26.0,20.0,7.0,18.0,14,19.0,31,123,120,134,37.0,40.0,15.0,12.0,26.0,20.0,7.0,18.0,14,19.0,31,123,120,0,0,0,0,0,0,0,0,0,0,0,0,0,0,23.0,15.1,36.5,28.9,10.3,9.8,15.3,15.7,23.0,15.1,36.5,28.9,10.3,9.8,15.3,15.7,0.0,0.0,0.0,0.0,0.0,0.0,0.0,0.0,"(CONTRACTS OF 1,000 BARRELS)",N10,CRUDE OIL,PETROLEUM AND PRODUCTS,NATURAL RESOURCES,FutOnly
110301067411F,"CRUDE OIL, LIGHT SWEET - ICE FUTURES EUROPE",2011-03-01T00:00:00.000,2011 Report Week 09,"CRUDE OIL, LIGHT SWEET-WTI",67411,ICEU,NYC,67,CRUDE OIL,579840,193836,238411,71230,58649,117874,40344,9296,36696,15505,18700,77024,552509,556650,27331,23190,579840,193836,238411,71230,58649,117874,40344,9296,36696,15505,18700,77024,552509,556650,27331,23190,0,0,0,0,0,0,0,0,0,0,0,0,0,0,0,0,8585.0,12473.0,-4381.0,-13621.0,-2250.0,3641.0,-339.0,3496.0,-1211.0,767.0,1607.0,1706.0,3416.0,2608.0,5169.0,5977.0,100.0,33.4,41.1,12.3,10.1,20.3,7.0,1.6,6.3,2.7,3.2,13.3,95.3,96.0,4.7,4.0,100.0,33.4,41.1,12.3,10.1,20.3,7.0,1.6,6.3,2.7,3.2,13.3,95.3,96.0,4.7,4.0,100.0,0.0,0.0,0.0,0.0,0.0,0.0,0.0,0.0,0.0,0.0,0.0,0.0,0.0,0.0,0.0,137,40.0,41.0,14.0,13.0,26.0,16.0,9.0,16.0,17,18.0,35,130,121,137,40.0,41.0,14.0,13.0,26.0,16.0,9.0,16.0,17,18.0,35,130,121,0,0,0,0,0,0,0,0,0,0,0,0,0,0,22.8,17.4,35.3,30.3,10.8,10.4,15.6,16.9,22.8,17.4,35.3,30.3,10.8,10.4,15.6,16.9,0.0,0.0,0.0,0.0,0.0,0.0,0.0,0.0,"(CONTRACTS OF 1,000 BARRELS)",N10,CRUDE OIL,PETROLEUM AND PRODUCTS,NATURAL RESOURCES,FutOnly
110222067411F,"CRUDE OIL, LIGHT SWEET - ICE FUTURES EUROPE",2011-02-22T00:00:00.000,2011 Report Week 08,"CRUDE OIL, LIGHT SWEET-WTI",67411,ICEU,NYC,67,CRUDE OIL,571255,181363,242792,84851,60899,114233,40683,5800,37907,14738,17093,75318,549093,554042,22162,17213,571255,181363,242792,84851,60899,114233,40683,5800,37907,14738,17093,75318,549093,554042,22162,17213,0,0,0,0,0,0,0,0,0,0,0,0,0,0,0,0,-10697.0,-3950.0,-13542.0,-4664.0,-4990.0,960.0,13082.0,-650.0,2214.0,-11435.0,9642.0,-2893.0,-6686.0,-9259.0,-4011.0,-1438.0,100.0,31.7,42.5,14.9,10.7,20.0,7.1,1.0,6.6,2.6,3.0,13.2,96.1,97.0,3.9,3.0,100.0,31.7,42.5,14.9,10.7,20.0,7.1,1.0,6.6,2.6,3.0,13.2,96.1,97.0,3.9,3.0,100.0,0.0,0.0,0.0,0.0,0.0,0.0,0.0,0.0,0.0,0.0,0.0,0.0,0.0,0.0,0.0,129,40.0,42.0,11.0,14.0,22.0,16.0,9.0,14.0,14,17.0,30,118,114,129,40.0,42.0,11.0,14.0,22.0,16.0,9.0,14.0,14,17.0,30,118,114,0,0,0,0,0,0,0,0,0,0,0,0,0,0,24.6,18.0,36.7,30.8,12.2,11.3,17.6,17.3,24.6,18.0,36.7,30.8,12.2,11.3,17.6,17.3,0.0,0.0,0.0,0.0,0.0,0.0,0.0,0.0,"(CONTRACTS OF 1,000 BARRELS)",N10,CRUDE OIL,PETROLEUM AND PRODUCTS,NATURAL RESOURCES,FutOnly
110215067411F,"CRUDE OIL, LIGHT SWEET - ICE FUTURES EUROPE",2011-02-15T00:00:00.000,2011 Report Week 07,"CRUDE OIL, LIGHT SWEET-WTI",67411,ICEU,NYC,67,CRUDE OIL,581952,185313,256334,89515,65889,113273,27601,6450,35693,26173,7451,78211,555779,563301,26173,18651,581952,185313,256334,89515,65889,113273,27601,6450,35693,26173,7451,78211,555779,563301,26173,18651,0,0,0,0,0,0,0,0,0,0,0,0,0,0,0,0,-1598.0,5021.0,-8861.0,-9357.0,-854.0,5999.0,-3378.0,-4028.0,-8023.0,-2050.0,-244.0,12484.0,696.0,-3527.0,-2294.0,1929.0,100.0,31.8,44.0,15.4,11.3,19.5,4.7,1.1,6.1,4.5,1.3,13.4,95.5,96.8,4.5,3.2,100.0,31.8,44.0,15.4,11.3,19.5,4.7,1.1,6.1,4.5,1.3,13.4,95.5,96.8,4.5,3.2,100.0,0.0,0.0,0.0,0.0,0.0,0.0,0.0,0.0,0.0,0.0,0.0,0.0,0.0,0.0,0.0,130,40.0,41.0,12.0,15.0,24.0,12.0,8.0,13.0,21,15.0,35,121,118,130,40.0,41.0,12.0,15.0,24.0,12.0,8.0,13.0,21,15.0,35,121,118,0,0,0,0,0,0,0,0,0,0,0,0,0,0,23.6,19.0,36.3,30.4,13.0,10.6,18.4,17.0,23.6,19.0,36.3,30.4,13.0,10.6,18.4,17.0,0.0,0.0,0.0,0.0,0.0,0.0,0.0,0.0,"(CONTRACTS OF 1,000 BARRELS)",N10,CRUDE OIL,PETROLEUM AND PRODUCTS,NATURAL RESOURCES,FutOnly
110208067411F,"CRUDE OIL, LIGHT SWEET - ICE FUTURES EUROPE",2011-02-08T00:00:00.000,2011 Report Week 06,"CRUDE OIL, LIGHT SWEET-WTI",67411,ICEU,NYC,67,CRUDE OIL,583550,180292,265195,98872,66743,107274,30979,10478,43716,28223,7695,65727,555083,566828,28467,16722,583550,180292,265195,98872,66743,107274,30979,10478,43716,28223,7695,65727,555083,566828,28467,16722,0,0,0,0,0,0,0,0,0,0,0,0,0,0,0,0,-6427.0,1022.0,-6978.0,3131.0,507.0,-80.0,-3124.0,4719.0,-4122.0,-3789.0,-238.0,704.0,-6258.0,-5488.0,-169.0,-939.0,100.0,30.9,45.4,16.9,11.4,18.4,5.3,1.8,7.5,4.8,1.3,11.3,95.1,97.1,4.9,2.9,100.0,30.9,45.4,16.9,11.4,18.4,5.3,1.8,7.5,4.8,1.3,11.3,95.1,97.1,4.9,2.9,100.0,0.0,0.0,0.0,0.0,0.0,0.0,0.0,0.0,0.0,0.0,0.0,0.0,0.0,0.0,0.0,128,40.0,39.0,13.0,14.0,24.0,13.0,7.0,13.0,20,14.0,33,120,114,128,40.0,39.0,13.0,14.0,24.0,13.0,7.0,13.0,20,14.0,33,120,114,0,0,0,0,0,0,0,0,0,0,0,0,0,0,25.0,19.5,36.5,31.3,15.4,11.0,20.4,17.4,25.0,19.5,36.5,31.3,15.4,11.0,20.4,17.4,0.0,0.0,0.0,0.0,0.0,0.0,0.0,0.0,"(CONTRACTS OF 1,000 BARRELS)",N10,CRUDE OIL,PETROLEUM AND PRODUCTS,NATURAL RESOURCES,FutOnly
110201067411F,"CRUDE OIL, LIGHT SWEET - ICE FUTURES EUROPE",2011-02-01T00:00:00.000,2011 Report Week 05,"CRUDE OIL, LIGHT SWEET-WTI",67411,ICEU,NYC,67,CRUDE OIL,589977,179270,272173,95741,66236,107354,34103,5759,47838,32012,7933,65023,561341,572316,28636,17661,589977,179270,272173,95741,66236,107354,34103,5759,47838,32012,7933,65023,561341,572316,28636,17661,0,0,0,0,0,0,0,0,0,0,0,0,0,0,0,0,27239.0,6153.0,23984.0,81.0,-3425.0,7093.0,6801.0,-1709.0,4916.0,7070.0,3497.0,-7074.0,25040.0,27282.0,2199.0,-43.0,100.0,30.4,46.1,16.2,11.2,18.2,5.8,1.0,8.1,5.4,1.3,11.0,95.1,97.0,4.9,3.0,100.0,30.4,46.1,16.2,11.2,18.2,5.8,1.0,8.1,5.4,1.3,11.0,95.1,97.0,4.9,3.0,100.0,0.0,0.0,0.0,0.0,0.0,0.0,0.0,0.0,0.0,0.0,0.0,0.0,0.0,0.0,0.0,128,40.0,39.0,12.0,15.0,25.0,12.0,5.0,13.0,23,13.0,32,119,114,128,40.0,39.0,12.0,15.0,25.0,12.0,5.0,13.0,23,13.0,32,119,114,0,0,0,0,0,0,0,0,0,0,0,0,0,0,24.3,20.3,35.6,32.5,13.9,11.0,19.2,16.7,24.3,20.3,35.6,32.5,13.9,11.0,19.2,16.7,0.0,0.0,0.0,0.0,0.0,0.0,0.0,0.0,"(CONTRACTS OF 1,000 BARRELS)",N10,CRUDE OIL,PETROLEUM AND PRODUCTS,NATURAL RESOURCES,FutOnly
110125067411F,"CRUDE OIL, LIGHT SWEET - ICE FUTURES EUROPE",2011-01-25T00:00:00.000,2011 Report Week 04,"CRUDE OIL, LIGHT SWEET-WTI",67411,ICEU,NYC,67,CRUDE OIL,562738,173117,248189,95660,69661,100261,27302,7468,42922,24942,4436,72097,536301,545034,26437,17704,562738,173117,248189,95660,69661,100261,27302,7468,42922,24942,4436,72097,536301,545034,26437,17704,0,0,0,0,0,0,0,0,0,0,0,0,0,0,0,0,-18614.0,4126.0,3609.0,-1248.0,1940.0,-7907.0,-4747.0,-6458.0,454.0,-2927.0,-2346.0,-10490.0,-22739.0,-21198.0,4125.0,2584.0,100.0,30.8,44.1,17.0,12.4,17.8,4.9,1.3,7.6,4.4,0.8,12.8,95.3,96.9,4.7,3.1,100.0,30.8,44.1,17.0,12.4,17.8,4.9,1.3,7.6,4.4,0.8,12.8,95.3,96.9,4.7,3.1,100.0,0.0,0.0,0.0,0.0,0.0,0.0,0.0,0.0,0.0,0.0,0.0,0.0,0.0,0.0,0.0,123,38.0,38.0,12.0,15.0,25.0,11.0,8.0,12.0,20,10.0,29,112,109,123,38.0,38.0,12.0,15.0,25.0,11.0,8.0,12.0,20,10.0,29,112,109,0,0,0,0,0,0,0,0,0,0,0,0,0,0,23.3,20.1,34.1,31.1,14.6,10.4,20.1,17.2,23.3,20.1,34.1,31.1,14.6,10.4,20.1,17.2,0.0,0.0,0.0,0.0,0.0,0.0,0.0,0.0,"(CONTRACTS OF 1,000 BARRELS)",N10,CRUDE OIL,PETROLEUM AND PRODUCTS,NATURAL RESOURCES,FutOnly
110118067411F,"CRUDE OIL, LIGHT SWEET - ICE FUTURES EUROPE",2011-01-18T00:00:00.000,2011 Report Week 03,"CRUDE OIL, LIGHT SWEET-WTI",67411,ICEU,NYC,67,CRUDE OIL,581352,168991,244580,96908,67721,108168,32049,13926,42468,27869,6782,82587,559040,566232,22312,15120,581352,168991,244580,96908,67721,108168,32049,13926,42468,27869,6782,82587,559040,566232,22312,15120,0,0,0,0,0,0,0,0,0,0,0,0,0,0,0,0,-8186.0,12924.0,16132.0,-1931.0,-3000.0,-2927.0,-1518.0,-2454.0,-581.0,-2577.0,-188.0,-12982.0,-9592.0,-6000.0,1406.0,-2186.0,100.0,29.1,42.1,16.7,11.6,18.6,5.5,2.4,7.3,4.8,1.2,14.2,96.2,97.4,3.8,2.6,100.0,29.1,42.1,16.7,11.6,18.6,5.5,2.4,7.3,4.8,1.2,14.2,96.2,97.4,3.8,2.6,100.0,0.0,0.0,0.0,0.0,0.0,0.0,0.0,0.0,0.0,0.0,0.0,0.0,0.0,0.0,0.0,123,38.0,36.0,12.0,14.0,24.0,9.0,12.0,15.0,19,14.0,31,114,112,123,38.0,36.0,12.0,14.0,24.0,9.0,12.0,15.0,19,14.0,31,114,112,0,0,0,0,0,0,0,0,0,0,0,0,0,0,23.1,18.6,34.4,30.6,14.0,10.2,19.5,15.8,23.1,18.6,34.4,30.6,14.0,10.2,19.5,15.8,0.0,0.0,0.0,0.0,0.0,0.0,0.0,0.0,"(CONTRACTS OF 1,000 BARRELS)",N10,CRUDE OIL,PETROLEUM AND PRODUCTS,NATURAL RESOURCES,FutOnly
110111067411F,"CRUDE OIL, LIGHT SWEET - ICE FUTURES EUROPE",2011-01-11T00:00:00.000,2011 Report Week 02,"CRUDE OIL, LIGHT SWEET-WTI",67411,ICEU,NYC,67,CRUDE OIL,589538,156067,228448,98839,70721,111095,33567,16380,43049,30446,6970,95569,568632,572232,20906,17306,589538,156067,228448,98839,70721,111095,33567,16380,43049,30446,6970,95569,568632,572232,20906,17306,0,0,0,0,0,0,0,0,0,0,0,0,0,0,0,0,18232.0,16526.0,-3181.0,8739.0,648.0,11931.0,-8025.0,3401.0,198.0,-12155.0,2911.0,3280.0,20494.0,19188.0,-2262.0,-956.0,100.0,26.5,38.8,16.8,12.0,18.8,5.7,2.8,7.3,5.2,1.2,16.2,96.5,97.1,3.5,2.9,100.0,26.5,38.8,16.8,12.0,18.8,5.7,2.8,7.3,5.2,1.2,16.2,96.5,97.1,3.5,2.9,100.0,0.0,0.0,0.0,0.0,0.0,0.0,0.0,0.0,0.0,0.0,0.0,0.0,0.0,0.0,0.0,121,34.0,34.0,14.0,14.0,25.0,9.0,12.0,14.0,22,10.0,27,112,106,121,34.0,34.0,14.0,14.0,25.0,9.0,12.0,14.0,22,10.0,27,112,106,0,0,0,0,0,0,0,0,0,0,0,0,0,0,23.5,19.9,35.6,31.0,13.9,10.2,18.9,15.3,23.5,19.9,35.6,31.0,13.9,10.2,18.9,15.3,0.0,0.0,0.0,0.0,0.0,0.0,0.0,0.0,"(CONTRACTS OF 1,000 BARRELS)",N10,CRUDE OIL,PETROLEUM AND PRODUCTS,NATURAL RESOURCES,FutOnly
110104067411F,"CRUDE OIL, LIGHT SWEET - ICE FUTURES EUROPE",2011-01-04T00:00:00.000,2011 Report Week 01,"CRUDE OIL, LIGHT SWEET-WTI",67411,ICEU,NYC,67,CRUDE OIL,571306,139541,231629,90100,70073,99164,41592,12979,42851,42601,4059,92289,548138,553044,23168,18262,571306,139541,231629,90100,70073,99164,41592,12979,42851,42601,4059,92289,548138,553044,23168,18262,0,0,0,0,0,0,0,0,0,0,0,0,0,0,0,0,39130.0,5014.0,17746.0,11643.0,1012.0,2008.0,-2916.0,24.0,8620.0,1947.0,-259.0,7398.0,33714.0,36549.0,5416.0,2581.0,100.0,24.4,40.5,15.8,12.3,17.4,7.3,2.3,7.5,7.5,0.7,16.2,95.9,96.8,4.1,3.2,100.0,24.4,40.5,15.8,12.3,17.4,7.3,2.3,7.5,7.5,0.7,16.2,95.9,96.8,4.1,3.2,100.0,0.0,0.0,0.0,0.0,0.0,0.0,0.0,0.0,0.0,0.0,0.0,0.0,0.0,0.0,0.0,118,35.0,36.0,12.0,14.0,22.0,13.0,8.0,14.0,21,9.0,25,107,103,118,35.0,36.0,12.0,14.0,22.0,13.0,8.0,14.0,21,9.0,25,107,103,0,0,0,0,0,0,0,0,0,0,0,0,0,0,24.3,20.6,37.3,32.9,14.4,11.8,19.9,17.7,24.3,20.6,37.3,32.9,14.4,11.8,19.9,17.7,0.0,0.0,0.0,0.0,0.0,0.0,0.0,0.0,"(CONTRACTS OF 1,000 BARRELS)",N10,CRUDE OIL,PETROLEUM AND PRODUCTS,NATURAL RESOURCES,FutOnly
101228067411F,"CRUDE OIL, LIGHT SWEET - ICE FUTURES EUROPE",2010-12-28T00:00:00.000,2010 Report Week 52,"CRUDE OIL, LIGHT SWEET-WTI",67411,ICEU,NYC,67,CRUDE OIL,532176,134527,213883,78457,69061,97156,44508,12955,34231,40654,4318,84891,514424,516495,17752,15681,532176,134527,213883,78457,69061,97156,44508,12955,34231,40654,4318,84891,514424,516495,17752,15681,0,0,0,0,0,0,0,0,0,0,0,0,0,0,0,0,21542.0,2665.0,15173.0,4257.0,1238.0,-663.0,3433.0,-973.0,231.0,6248.0,2165.0,5303.0,21474.0,22474.0,68.0,-932.0,100.0,25.3,40.2,14.7,13.0,18.3,8.4,2.4,6.4,7.6,0.8,16.0,96.7,97.1,3.3,2.9,100.0,25.3,40.2,14.7,13.0,18.3,8.4,2.4,6.4,7.6,0.8,16.0,96.7,97.1,3.3,2.9,100.0,0.0,0.0,0.0,0.0,0.0,0.0,0.0,0.0,0.0,0.0,0.0,0.0,0.0,0.0,0.0,117,34.0,34.0,12.0,14.0,22.0,18.0,4.0,14.0,23,8.0,25,108,100,117,34.0,34.0,12.0,14.0,22.0,18.0,4.0,14.0,23,8.0,25,108,100,0,0,0,0,0,0,0,0,0,0,0,0,0,0,23.5,20.2,37.2,33.3,13.5,12.3,19.0,18.9,23.5,20.2,37.2,33.3,13.5,12.3,19.0,18.9,0.0,0.0,0.0,0.0,0.0,0.0,0.0,0.0,"(CONTRACTS OF 1,000 BARRELS)",N10,CRUDE OIL,PETROLEUM AND PRODUCTS,NATURAL RESOURCES,FutOnly
101221067411F,"CRUDE OIL, LIGHT SWEET - ICE FUTURES EUROPE",2010-12-21T00:00:00.000,2010 Report Week 51,"CRUDE OIL, LIGHT SWEET-WTI",67411,ICEU,NYC,67,CRUDE OIL,510634,131862,198710,74200,67823,97819,41075,13928,34000,34406,2153,79588,492950,494021,17684,16613,510634,131862,198710,74200,67823,97819,41075,13928,34000,34406,2153,79588,492950,494021,17684,16613,0,0,0,0,0,0,0,0,0,0,0,0,0,0,0,0,2244.0,4081.0,6233.0,4609.0,4661.0,-5351.0,-408.0,-2832.0,-357.0,3043.0,1526.0,-3473.0,2144.0,407.0,100.0,1837.0,100.0,25.8,38.9,14.5,13.3,19.2,8.0,2.7,6.7,6.7,0.4,15.6,96.5,96.7,3.5,3.3,100.0,25.8,38.9,14.5,13.3,19.2,8.0,2.7,6.7,6.7,0.4,15.6,96.5,96.7,3.5,3.3,100.0,0.0,0.0,0.0,0.0,0.0,0.0,0.0,0.0,0.0,0.0,0.0,0.0,0.0,0.0,0.0,112,33.0,34.0,12.0,14.0,23.0,16.0,4.0,14.0,21,8.0,26,105,100,112,33.0,34.0,12.0,14.0,23.0,16.0,4.0,14.0,21,8.0,26,105,100,0,0,0,0,0,0,0,0,0,0,0,0,0,0,23.7,19.9,37.5,32.7,13.6,11.9,19.0,18.5,23.7,19.9,37.5,32.7,13.6,11.9,19.0,18.5,0.0,0.0,0.0,0.0,0.0,0.0,0.0,0.0,"(CONTRACTS OF 1,000 BARRELS)",N10,CRUDE OIL,PETROLEUM AND PRODUCTS,NATURAL RESOURCES,FutOnly
101214067411F,"CRUDE OIL, LIGHT SWEET - ICE FUTURES EUROPE",2010-12-14T00:00:00.000,2010 Report Week 50,"CRUDE OIL, LIGHT SWEET-WTI",67411,ICEU,NYC,67,CRUDE OIL,508390,127781,192477,69591,63162,103170,41483,16760,34357,31363,627,83061,490806,493614,17584,14776,508390,127781,192477,69591,63162,103170,41483,16760,34357,31363,627,83061,490806,493614,17584,14776,0,0,0,0,0,0,0,0,0,0,0,0,0,0,0,0,-15854.0,-17681.0,-9785.0,1100.0,5765.0,422.0,1206.0,-1967.0,-1292.0,8313.0,-661.0,-44.0,-7976.0,-7562.0,-7878.0,-8292.0,100.0,25.1,37.9,13.7,12.4,20.3,8.2,3.3,6.8,6.2,0.1,16.3,96.5,97.1,3.5,2.9,100.0,25.1,37.9,13.7,12.4,20.3,8.2,3.3,6.8,6.2,0.1,16.3,96.5,97.1,3.5,2.9,100.0,0.0,0.0,0.0,0.0,0.0,0.0,0.0,0.0,0.0,0.0,0.0,0.0,0.0,0.0,0.0,118,34.0,36.0,10.0,18.0,25.0,16.0,7.0,17.0,26,,26,112,107,118,34.0,36.0,10.0,18.0,25.0,16.0,7.0,17.0,26,,26,112,107,0,0,0,0,0,0,0,0,0,0,0,0,0,0,23.5,18.9,36.5,31.2,13.1,10.8,18.1,17.0,23.5,18.9,36.5,31.2,13.1,10.8,18.1,17.0,0.0,0.0,0.0,0.0,0.0,0.0,0.0,0.0,"(CONTRACTS OF 1,000 BARRELS)",N10,CRUDE OIL,PETROLEUM AND PRODUCTS,NATURAL RESOURCES,FutOnly
101207067411F,"CRUDE OIL, LIGHT SWEET - ICE FUTURES EUROPE",2010-12-07T00:00:00.000,2010 Report Week 49,"CRUDE OIL, LIGHT SWEET-WTI",67411,ICEU,NYC,67,CRUDE OIL,524244,145462,202262,68491,57397,102748,40277,18727,35649,23050,1288,83105,498782,501176,25462,23068,524244,145462,202262,68491,57397,102748,40277,18727,35649,23050,1288,83105,498782,501176,25462,23068,0,0,0,0,0,0,0,0,0,0,0,0,0,0,0,0,51683.0,13060.0,25089.0,3144.0,-2648.0,9365.0,8093.0,284.0,1383.0,-2058.0,-242.0,11167.0,44154.0,44398.0,7529.0,7285.0,100.0,27.7,38.6,13.1,10.9,19.6,7.7,3.6,6.8,4.4,0.2,15.9,95.1,95.6,4.9,4.4,100.0,27.7,38.6,13.1,10.9,19.6,7.7,3.6,6.8,4.4,0.2,15.9,95.1,95.6,4.9,4.4,100.0,0.0,0.0,0.0,0.0,0.0,0.0,0.0,0.0,0.0,0.0,0.0,0.0,0.0,0.0,0.0,123,36.0,39.0,10.0,19.0,26.0,15.0,8.0,17.0,21,5.0,27,116,112,123,36.0,39.0,10.0,19.0,26.0,15.0,8.0,17.0,21,5.0,27,116,112,0,0,0,0,0,0,0,0,0,0,0,0,0,0,23.9,18.1,36.4,29.3,12.8,11.1,18.1,16.1,23.9,18.1,36.4,29.3,12.8,11.1,18.1,16.1,0.0,0.0,0.0,0.0,0.0,0.0,0.0,0.0,"(CONTRACTS OF 1,000 BARRELS)",N10,CRUDE OIL,PETROLEUM AND PRODUCTS,NATURAL RESOURCES,FutOnly
101130067411F,"CRUDE OIL, LIGHT SWEET - ICE FUTURES EUROPE",2010-11-30T00:00:00.000,2010 Report Week 48,"CRUDE OIL, LIGHT SWEET-WTI",67411,ICEU,NYC,67,CRUDE OIL,472561,132402,177173,65347,60045,93383,32184,18443,34266,25108,1530,71938,454628,456778,17933,15783,472561,132402,177173,65347,60045,93383,32184,18443,34266,25108,1530,71938,454628,456778,17933,15783,0,0,0,0,0,0,0,0,0,0,0,0,0,0,0,0,-3300.0,-9146.0,-184.0,-890.0,5674.0,665.0,2041.0,-6783.0,2400.0,2444.0,-4016.0,-271.0,-2757.0,-2515.0,-543.0,-785.0,100.0,28.0,37.5,13.8,12.7,19.8,6.8,3.9,7.3,5.3,0.3,15.2,96.2,96.7,3.8,3.3,100.0,28.0,37.5,13.8,12.7,19.8,6.8,3.9,7.3,5.3,0.3,15.2,96.2,96.7,3.8,3.3,100.0,0.0,0.0,0.0,0.0,0.0,0.0,0.0,0.0,0.0,0.0,0.0,0.0,0.0,0.0,0.0,124,37.0,39.0,11.0,18.0,26.0,17.0,8.0,17.0,19,6.0,24,115,109,124,37.0,39.0,11.0,18.0,26.0,17.0,8.0,17.0,19,6.0,24,115,109,0,0,0,0,0,0,0,0,0,0,0,0,0,0,25.4,19.1,39.2,31.0,13.5,11.7,19.5,17.5,25.4,19.1,39.2,31.0,13.5,11.7,19.5,17.5,0.0,0.0,0.0,0.0,0.0,0.0,0.0,0.0,"(CONTRACTS OF 1,000 BARRELS)",N10,CRUDE OIL,PETROLEUM AND PRODUCTS,NATURAL RESOURCES,FutOnly
101123067411F,"CRUDE OIL, LIGHT SWEET - ICE FUTURES EUROPE",2010-11-23T00:00:00.000,2010 Report Week 47,"CRUDE OIL, LIGHT SWEET-WTI",67411,ICEU,NYC,67,CRUDE OIL,475861,141548,177357,66237,54371,92718,30143,25226,31866,22664,5546,72209,457385,459293,18476,16568,475861,141548,177357,66237,54371,92718,30143,25226,31866,22664,5546,72209,457385,459293,18476,16568,0,0,0,0,0,0,0,0,0,0,0,0,0,0,0,0,-49013.0,-13598.0,-16290.0,-5311.0,-8206.0,-9585.0,1712.0,-1377.0,-3448.0,-1085.0,3107.0,-11728.0,-43043.0,-47527.0,-5970.0,-1486.0,100.0,29.7,37.3,13.9,11.4,19.5,6.3,5.3,6.7,4.8,1.2,15.2,96.1,96.5,3.9,3.5,100.0,29.7,37.3,13.9,11.4,19.5,6.3,5.3,6.7,4.8,1.2,15.2,96.1,96.5,3.9,3.5,100.0,0.0,0.0,0.0,0.0,0.0,0.0,0.0,0.0,0.0,0.0,0.0,0.0,0.0,0.0,0.0,121,35.0,39.0,11.0,17.0,24.0,17.0,9.0,17.0,17,7.0,22,108,108,121,35.0,39.0,11.0,17.0,24.0,17.0,9.0,17.0,17,7.0,22,108,108,0,0,0,0,0,0,0,0,0,0,0,0,0,0,25.5,19.8,39.5,31.9,13.4,11.2,19.0,16.9,25.5,19.8,39.5,31.9,13.4,11.2,19.0,16.9,0.0,0.0,0.0,0.0,0.0,0.0,0.0,0.0,"(CONTRACTS OF 1,000 BARRELS)",N10,CRUDE OIL,PETROLEUM AND PRODUCTS,NATURAL RESOURCES,FutOnly
101116067411F,"CRUDE OIL, LIGHT SWEET - ICE FUTURES EUROPE",2010-11-16T00:00:00.000,2010 Report Week 46,"CRUDE OIL, LIGHT SWEET-WTI",67411,ICEU,NYC,67,CRUDE OIL,524874,155146,193647,71548,62577,102303,28431,26603,35314,23749,2439,83937,500428,506820,24446,18054,524874,155146,193647,71548,62577,102303,28431,26603,35314,23749,2439,83937,500428,506820,24446,18054,0,0,0,0,0,0,0,0,0,0,0,0,0,0,0,0,-6557.0,9334.0,-5044.0,2069.0,-3897.0,-6798.0,-4635.0,2711.0,-3841.0,-14896.0,-1055.0,8267.0,-10500.0,-9657.0,3943.0,3100.0,100.0,29.6,36.9,13.6,11.9,19.5,5.4,5.1,6.7,4.5,0.5,16.0,95.3,96.6,4.7,3.4,100.0,29.6,36.9,13.6,11.9,19.5,5.4,5.1,6.7,4.5,0.5,16.0,95.3,96.6,4.7,3.4,100.0,0.0,0.0,0.0,0.0,0.0,0.0,0.0,0.0,0.0,0.0,0.0,0.0,0.0,0.0,0.0,130,36.0,39.0,15.0,16.0,28.0,15.0,10.0,16.0,22,7.0,30,122,116,130,36.0,39.0,15.0,16.0,28.0,15.0,10.0,16.0,22,7.0,30,122,116,0,0,0,0,0,0,0,0,0,0,0,0,0,0,24.3,19.5,37.2,30.2,12.7,11.5,18.3,17.7,24.3,19.5,37.2,30.2,12.7,11.5,18.3,17.7,0.0,0.0,0.0,0.0,0.0,0.0,0.0,0.0,"(CONTRACTS OF 1,000 BARRELS)",N10,CRUDE OIL,PETROLEUM AND PRODUCTS,NATURAL RESOURCES,FutOnly
101109067411F,"CRUDE OIL, LIGHT SWEET - ICE FUTURES EUROPE",2010-11-09T00:00:00.000,2010 Report Week 45,"CRUDE OIL, LIGHT SWEET-WTI",67411,ICEU,NYC,67,CRUDE OIL,531431,145812,198691,69479,66474,109101,33066,23892,39155,38645,3494,75670,510928,516477,20503,14954,531431,145812,198691,69479,66474,109101,33066,23892,39155,38645,3494,75670,510928,516477,20503,14954,0,0,0,0,0,0,0,0,0,0,0,0,0,0,0,0,24081.0,2980.0,10821.0,3311.0,5517.0,4632.0,240.0,-4383.0,-697.0,2982.0,1644.0,6710.0,20158.0,24244.0,3923.0,-163.0,100.0,27.4,37.4,13.1,12.5,20.5,6.2,4.5,7.4,7.3,0.7,14.2,96.1,97.2,3.9,2.8,100.0,27.4,37.4,13.1,12.5,20.5,6.2,4.5,7.4,7.3,0.7,14.2,96.1,97.2,3.9,2.8,100.0,0.0,0.0,0.0,0.0,0.0,0.0,0.0,0.0,0.0,0.0,0.0,0.0,0.0,0.0,0.0,135,34.0,41.0,14.0,18.0,29.0,14.0,9.0,15.0,29,5.0,32,125,120,135,34.0,41.0,14.0,18.0,29.0,14.0,9.0,15.0,29,5.0,32,125,120,0,0,0,0,0,0,0,0,0,0,0,0,0,0,22.4,17.5,34.5,28.8,13.3,11.1,18.2,17.3,22.4,17.5,34.5,28.8,13.3,11.1,18.2,17.3,0.0,0.0,0.0,0.0,0.0,0.0,0.0,0.0,"(CONTRACTS OF 1,000 BARRELS)",N10,CRUDE OIL,PETROLEUM AND PRODUCTS,NATURAL RESOURCES,FutOnly
101102067411F,"CRUDE OIL, LIGHT SWEET - ICE FUTURES EUROPE",2010-11-02T00:00:00.000,2010 Report Week 44,"CRUDE OIL, LIGHT SWEET-WTI",67411,ICEU,NYC,67,CRUDE OIL,507350,142832,187870,66168,60957,104469,32826,28275,39852,35663,1850,68960,490770,492233,16580,15117,507350,142832,187870,66168,60957,104469,32826,28275,39852,35663,1850,68960,490770,492233,16580,15117,0,0,0,0,0,0,0,0,0,0,0,0,0,0,0,0,-6460.0,2815.0,-3034.0,-11993.0,3536.0,-1023.0,1455.0,-135.0,-567.0,8336.0,167.0,-4230.0,-5207.0,-5286.0,-1253.0,-1174.0,100.0,28.2,37.0,13.0,12.0,20.6,6.5,5.6,7.9,7.0,0.4,13.6,96.7,97.0,3.3,3.0,100.0,28.2,37.0,13.0,12.0,20.6,6.5,5.6,7.9,7.0,0.4,13.6,96.7,97.0,3.3,3.0,100.0,0.0,0.0,0.0,0.0,0.0,0.0,0.0,0.0,0.0,0.0,0.0,0.0,0.0,0.0,0.0,134,35.0,39.0,11.0,20.0,26.0,14.0,13.0,16.0,29,4.0,30,120,120,134,35.0,39.0,11.0,20.0,26.0,14.0,13.0,16.0,29,4.0,30,120,120,0,0,0,0,0,0,0,0,0,0,0,0,0,0,22.9,17.1,35.9,27.6,13.7,11.3,19.7,17.7,22.9,17.1,35.9,27.6,13.7,11.3,19.7,17.7,0.0,0.0,0.0,0.0,0.0,0.0,0.0,0.0,"(CONTRACTS OF 1,000 BARRELS)",N10,CRUDE OIL,PETROLEUM AND PRODUCTS,NATURAL RESOURCES,FutOnly
101026067411F,"CRUDE OIL, LIGHT SWEET - ICE FUTURES EUROPE",2010-10-26T00:00:00.000,2010 Report Week 43,"CRUDE OIL, LIGHT SWEET-WTI",67411,ICEU,NYC,67,CRUDE OIL,513810,140017,190904,78161,57421,105492,31371,28410,40419,27327,1683,73190,495977,497519,17833,16291,513810,140017,190904,78161,57421,105492,31371,28410,40419,27327,1683,73190,495977,497519,17833,16291,0,0,0,0,0,0,0,0,0,0,0,0,0,0,0,0,-29717.0,3113.0,-4635.0,-5194.0,3059.0,-3729.0,1160.0,2258.0,-2747.0,-1065.0,-2157.0,-23214.0,-31676.0,-31165.0,1959.0,1448.0,100.0,27.3,37.2,15.2,11.2,20.5,6.1,5.5,7.9,5.3,0.3,14.2,96.5,96.8,3.5,3.2,100.0,27.3,37.2,15.2,11.2,20.5,6.1,5.5,7.9,5.3,0.3,14.2,96.5,96.8,3.5,3.2,100.0,0.0,0.0,0.0,0.0,0.0,0.0,0.0,0.0,0.0,0.0,0.0,0.0,0.0,0.0,0.0,130,38.0,40.0,11.0,21.0,26.0,14.0,12.0,16.0,24,5.0,27,119,117,130,38.0,40.0,11.0,21.0,26.0,14.0,12.0,16.0,24,5.0,27,119,117,0,0,0,0,0,0,0,0,0,0,0,0,0,0,24.9,17.3,37.3,27.5,15.1,11.9,20.6,17.7,24.9,17.3,37.3,27.5,15.1,11.9,20.6,17.7,0.0,0.0,0.0,0.0,0.0,0.0,0.0,0.0,"(CONTRACTS OF 1,000 BARRELS)",N10,CRUDE OIL,PETROLEUM AND PRODUCTS,NATURAL RESOURCES,FutOnly
101019067411F,"CRUDE OIL, LIGHT SWEET - ICE FUTURES EUROPE",2010-10-19T00:00:00.000,2010 Report Week 42,"CRUDE OIL, LIGHT SWEET-WTI",67411,ICEU,NYC,67,CRUDE OIL,543527,136904,195539,83355,54362,109221,30211,26152,43166,28392,3840,96404,527653,528684,15874,14843,543527,136904,195539,83355,54362,109221,30211,26152,43166,28392,3840,96404,527653,528684,15874,14843,0,0,0,0,0,0,0,0,0,0,0,0,0,0,0,0,-23573.0,-386.0,-8495.0,-14172.0,-1861.0,856.0,861.0,2395.0,-325.0,6252.0,-1903.0,-13875.0,-20789.0,-23208.0,-2784.0,-365.0,100.0,25.2,36.0,15.3,10.0,20.1,5.6,4.8,7.9,5.2,0.7,17.7,97.1,97.3,2.9,2.7,100.0,25.2,36.0,15.3,10.0,20.1,5.6,4.8,7.9,5.2,0.7,17.7,97.1,97.3,2.9,2.7,100.0,0.0,0.0,0.0,0.0,0.0,0.0,0.0,0.0,0.0,0.0,0.0,0.0,0.0,0.0,0.0,131,34.0,37.0,12.0,20.0,26.0,10.0,15.0,16.0,24,10.0,29,117,117,131,34.0,37.0,12.0,20.0,26.0,10.0,15.0,16.0,24,10.0,29,117,117,0,0,0,0,0,0,0,0,0,0,0,0,0,0,26.1,18.6,40.6,30.2,14.9,11.4,20.0,16.7,26.1,18.6,40.6,30.2,14.9,11.4,20.0,16.7,0.0,0.0,0.0,0.0,0.0,0.0,0.0,0.0,"(CONTRACTS OF 1,000 BARRELS)",N10,CRUDE OIL,PETROLEUM AND PRODUCTS,NATURAL RESOURCES,FutOnly
101012067411F,"CRUDE OIL, LIGHT SWEET - ICE FUTURES EUROPE",2010-10-12T00:00:00.000,2010 Report Week 41,"CRUDE OIL, LIGHT SWEET-WTI",67411,ICEU,NYC,67,CRUDE OIL,567100,137290,204034,97527,56223,108365,29350,23757,43491,22140,5743,110279,548442,551892,18658,15208,567100,137290,204034,97527,56223,108365,29350,23757,43491,22140,5743,110279,548442,551892,18658,15208,0,0,0,0,0,0,0,0,0,0,0,0,0,0,0,0,33814.0,16259.0,18240.0,-1065.0,4970.0,-6814.0,1601.0,1570.0,3113.0,4594.0,-281.0,16607.0,34295.0,37405.0,-481.0,-3591.0,100.0,24.2,36.0,17.2,9.9,19.1,5.2,4.2,7.7,3.9,1.0,19.4,96.7,97.3,3.3,2.7,100.0,24.2,36.0,17.2,9.9,19.1,5.2,4.2,7.7,3.9,1.0,19.4,96.7,97.3,3.3,2.7,100.0,0.0,0.0,0.0,0.0,0.0,0.0,0.0,0.0,0.0,0.0,0.0,0.0,0.0,0.0,0.0,133,35.0,39.0,14.0,18.0,29.0,12.0,14.0,16.0,23,9.0,28,118,121,133,35.0,39.0,14.0,18.0,29.0,12.0,14.0,16.0,23,9.0,28,118,121,0,0,0,0,0,0,0,0,0,0,0,0,0,0,26.5,19.1,40.6,32.7,15.9,11.1,20.0,15.4,26.5,19.1,40.6,32.7,15.9,11.1,20.0,15.4,0.0,0.0,0.0,0.0,0.0,0.0,0.0,0.0,"(CONTRACTS OF 1,000 BARRELS)",N10,CRUDE OIL,PETROLEUM AND PRODUCTS,NATURAL RESOURCES,FutOnly
101005067411F,"CRUDE OIL, LIGHT SWEET - ICE FUTURES EUROPE",2010-10-05T00:00:00.000,2010 Report Week 40,"CRUDE OIL, LIGHT SWEET-WTI",67411,ICEU,NYC,67,CRUDE OIL,533286,121031,185794,98592,51253,115179,27749,22187,40378,17546,6024,93672,514147,514487,19139,18799,533286,121031,185794,98592,51253,115179,27749,22187,40378,17546,6024,93672,514147,514487,19139,18799,0,0,0,0,0,0,0,0,0,0,0,0,0,0,0,0,25965.0,7795.0,642.0,-1073.0,1696.0,3261.0,2299.0,986.0,5441.0,-2619.0,837.0,10080.0,25184.0,22943.0,781.0,3022.0,100.0,22.7,34.8,18.5,9.6,21.6,5.2,4.2,7.6,3.3,1.1,17.6,96.4,96.5,3.6,3.5,100.0,22.7,34.8,18.5,9.6,21.6,5.2,4.2,7.6,3.3,1.1,17.6,96.4,96.5,3.6,3.5,100.0,0.0,0.0,0.0,0.0,0.0,0.0,0.0,0.0,0.0,0.0,0.0,0.0,0.0,0.0,0.0,127,36.0,41.0,13.0,19.0,28.0,11.0,15.0,17.0,14,11.0,22,112,116,127,36.0,41.0,13.0,19.0,28.0,11.0,15.0,17.0,14,11.0,22,112,116,0,0,0,0,0,0,0,0,0,0,0,0,0,0,26.3,19.6,41.0,32.6,15.9,10.7,20.7,15.0,26.3,19.6,41.0,32.6,15.9,10.7,20.7,15.0,0.0,0.0,0.0,0.0,0.0,0.0,0.0,0.0,"(CONTRACTS OF 1,000 BARRELS)",N10,CRUDE OIL,PETROLEUM AND PRODUCTS,NATURAL RESOURCES,FutOnly
100928067411F,"CRUDE OIL, LIGHT SWEET - ICE FUTURES EUROPE",2010-09-28T00:00:00.000,2010 Report Week 39,"CRUDE OIL, LIGHT SWEET-WTI",67411,ICEU,NYC,67,CRUDE OIL,507321,113236,185152,99665,49557,111918,25450,21201,34937,20165,5187,83592,488963,491544,18358,15777,507321,113236,185152,99665,49557,111918,25450,21201,34937,20165,5187,83592,488963,491544,18358,15777,0,0,0,0,0,0,0,0,0,0,0,0,0,0,0,0,15246.0,6338.0,4666.0,977.0,-2805.0,646.0,2048.0,-1476.0,1951.0,-5436.0,3695.0,5281.0,11805.0,11958.0,3441.0,3288.0,100.0,22.3,36.5,19.6,9.8,22.1,5.0,4.2,6.9,4.0,1.0,16.5,96.4,96.9,3.6,3.1,100.0,22.3,36.5,19.6,9.8,22.1,5.0,4.2,6.9,4.0,1.0,16.5,96.4,96.9,3.6,3.1,100.0,0.0,0.0,0.0,0.0,0.0,0.0,0.0,0.0,0.0,0.0,0.0,0.0,0.0,0.0,0.0,123,34.0,39.0,14.0,18.0,27.0,11.0,14.0,17.0,15,10.0,20,107,112,123,34.0,39.0,14.0,18.0,27.0,11.0,14.0,17.0,15,10.0,20,107,112,0,0,0,0,0,0,0,0,0,0,0,0,0,0,26.8,20.6,42.0,32.8,16.3,10.3,21.7,14.8,26.8,20.6,42.0,32.8,16.3,10.3,21.7,14.8,0.0,0.0,0.0,0.0,0.0,0.0,0.0,0.0,"(CONTRACTS OF 1,000 BARRELS)",N10,CRUDE OIL,PETROLEUM AND PRODUCTS,NATURAL RESOURCES,FutOnly
100921067411F,"CRUDE OIL, LIGHT SWEET - ICE FUTURES EUROPE",2010-09-21T00:00:00.000,2010 Report Week 38,"CRUDE OIL, LIGHT SWEET-WTI",67411,ICEU,NYC,67,CRUDE OIL,492075,106898,180486,98688,52362,111272,23402,22677,32986,25601,1492,78311,477158,479586,14917,12489,492075,106898,180486,98688,52362,111272,23402,22677,32986,25601,1492,78311,477158,479586,14917,12489,0,0,0,0,0,0,0,0,0,0,0,0,0,0,0,0,-10386.0,-9419.0,-14636.0,-2768.0,-930.0,-13065.0,-1740.0,4299.0,6623.0,-1323.0,-2041.0,9564.0,-12128.0,-10186.0,1742.0,-200.0,100.0,21.7,36.7,20.1,10.6,22.6,4.8,4.6,6.7,5.2,0.3,15.9,97.0,97.5,3.0,2.5,100.0,21.7,36.7,20.1,10.6,22.6,4.8,4.6,6.7,5.2,0.3,15.9,97.0,97.5,3.0,2.5,100.0,0.0,0.0,0.0,0.0,0.0,0.0,0.0,0.0,0.0,0.0,0.0,0.0,0.0,0.0,0.0,118,34.0,38.0,13.0,19.0,27.0,10.0,12.0,15.0,18,5.0,22,105,109,118,34.0,38.0,13.0,19.0,27.0,10.0,12.0,15.0,18,5.0,22,105,109,0,0,0,0,0,0,0,0,0,0,0,0,0,0,26.5,20.6,42.0,32.3,16.8,9.8,22.5,14.9,26.5,20.6,42.0,32.3,16.8,9.8,22.5,14.9,0.0,0.0,0.0,0.0,0.0,0.0,0.0,0.0,"(CONTRACTS OF 1,000 BARRELS)",N10,CRUDE OIL,PETROLEUM AND PRODUCTS,NATURAL RESOURCES,FutOnly
100914067411F,"CRUDE OIL, LIGHT SWEET - ICE FUTURES EUROPE",2010-09-14T00:00:00.000,2010 Report Week 37,"CRUDE OIL, LIGHT SWEET-WTI",67411,ICEU,NYC,67,CRUDE OIL,502461,116317,195122,101456,53292,124337,25142,18378,26363,26924,3533,68747,489286,489772,13175,12689,502461,116317,195122,101456,53292,124337,25142,18378,26363,26924,3533,68747,489286,489772,13175,12689,0,0,0,0,0,0,0,0,0,0,0,0,0,0,0,0,541.0,-10241.0,-5116.0,5880.0,-4909.0,1492.0,-1243.0,-3420.0,2373.0,-7548.0,-275.0,15233.0,5946.0,5378.0,-5405.0,-4837.0,100.0,23.1,38.8,20.2,10.6,24.7,5.0,3.7,5.2,5.4,0.7,13.7,97.4,97.5,2.6,2.5,100.0,23.1,38.8,20.2,10.6,24.7,5.0,3.7,5.2,5.4,0.7,13.7,97.4,97.5,2.6,2.5,100.0,0.0,0.0,0.0,0.0,0.0,0.0,0.0,0.0,0.0,0.0,0.0,0.0,0.0,0.0,0.0,123,36.0,39.0,14.0,19.0,28.0,11.0,11.0,15.0,18,8.0,23,113,111,123,36.0,39.0,14.0,19.0,28.0,11.0,11.0,15.0,18,8.0,23,113,111,0,0,0,0,0,0,0,0,0,0,0,0,0,0,26.8,18.5,40.2,30.5,16.7,10.7,22.4,16.9,26.8,18.5,40.2,30.5,16.7,10.7,22.4,16.9,0.0,0.0,0.0,0.0,0.0,0.0,0.0,0.0,"(CONTRACTS OF 1,000 BARRELS)",N10,CRUDE OIL,PETROLEUM AND PRODUCTS,NATURAL RESOURCES,FutOnly
100907067411F,"CRUDE OIL, LIGHT SWEET - ICE FUTURES EUROPE",2010-09-07T00:00:00.000,2010 Report Week 36,"CRUDE OIL, LIGHT SWEET-WTI",67411,ICEU,NYC,67,CRUDE OIL,501920,126558,200238,95576,58201,122845,26385,21798,23990,34472,3808,53514,483340,484394,18580,17526,501920,126558,200238,95576,58201,122845,26385,21798,23990,34472,3808,53514,483340,484394,18580,17526,0,0,0,0,0,0,0,0,0,0,0,0,0,0,0,0,28082.0,12788.0,20615.0,13765.0,6511.0,-1243.0,2911.0,-2391.0,-405.0,-2549.0,2482.0,-1622.0,23645.0,23947.0,4437.0,4135.0,100.0,25.2,39.9,19.0,11.6,24.5,5.3,4.3,4.8,6.9,0.8,10.7,96.3,96.5,3.7,3.5,100.0,25.2,39.9,19.0,11.6,24.5,5.3,4.3,4.8,6.9,0.8,10.7,96.3,96.5,3.7,3.5,100.0,0.0,0.0,0.0,0.0,0.0,0.0,0.0,0.0,0.0,0.0,0.0,0.0,0.0,0.0,0.0,123,41.0,42.0,13.0,19.0,27.0,10.0,9.0,13.0,19,7.0,21,111,111,123,41.0,42.0,13.0,19.0,27.0,10.0,9.0,13.0,19,7.0,21,111,111,0,0,0,0,0,0,0,0,0,0,0,0,0,0,26.6,18.2,40.2,28.4,16.1,9.3,22.1,15.3,26.6,18.2,40.2,28.4,16.1,9.3,22.1,15.3,0.0,0.0,0.0,0.0,0.0,0.0,0.0,0.0,"(CONTRACTS OF 1,000 BARRELS)",N10,CRUDE OIL,PETROLEUM AND PRODUCTS,NATURAL RESOURCES,FutOnly
100831067411F,"CRUDE OIL, LIGHT SWEET - ICE FUTURES EUROPE",2010-08-31T00:00:00.000,2010 Report Week 35,"CRUDE OIL, LIGHT SWEET-WTI",67411,ICEU,NYC,67,CRUDE OIL,473838,113770,179623,81811,51690,124088,23474,24189,24395,37021,1326,55136,459695,460447,14143,13391,473838,113770,179623,81811,51690,124088,23474,24189,24395,37021,1326,55136,459695,460447,14143,13391,0,0,0,0,0,0,0,0,0,0,0,0,0,0,0,0,26758.0,9448.0,22455.0,8506.0,1907.0,149.0,-1021.0,447.0,-2082.0,9476.0,214.0,3261.0,27737.0,26351.0,-979.0,407.0,100.0,24.0,37.9,17.3,10.9,26.2,5.0,5.1,5.1,7.8,0.3,11.6,97.0,97.2,3.0,2.8,100.0,24.0,37.9,17.3,10.9,26.2,5.0,5.1,5.1,7.8,0.3,11.6,97.0,97.2,3.0,2.8,100.0,0.0,0.0,0.0,0.0,0.0,0.0,0.0,0.0,0.0,0.0,0.0,0.0,0.0,0.0,0.0,124,39.0,41.0,12.0,20.0,27.0,9.0,12.0,15.0,19,4.0,19,110,111,124,39.0,41.0,12.0,20.0,27.0,9.0,12.0,15.0,19,4.0,19,110,111,0,0,0,0,0,0,0,0,0,0,0,0,0,0,27.3,17.5,42.1,28.8,16.7,8.3,22.7,14.9,27.3,17.5,42.1,28.8,16.7,8.3,22.7,14.9,0.0,0.0,0.0,0.0,0.0,0.0,0.0,0.0,"(CONTRACTS OF 1,000 BARRELS)",N10,CRUDE OIL,PETROLEUM AND PRODUCTS,NATURAL RESOURCES,FutOnly
100824067411F,"CRUDE OIL, LIGHT SWEET - ICE FUTURES EUROPE",2010-08-24T00:00:00.000,2010 Report Week 34,"CRUDE OIL, LIGHT SWEET-WTI",67411,ICEU,NYC,67,CRUDE OIL,447080,104322,157168,73305,49783,123939,24495,23742,26477,27545,1112,51875,431958,434096,15122,12984,447080,104322,157168,73305,49783,123939,24495,23742,26477,27545,1112,51875,431958,434096,15122,12984,0,0,0,0,0,0,0,0,0,0,0,0,0,0,0,0,-18272.0,-15270.0,-6095.0,4939.0,3580.0,-12774.0,3367.0,5174.0,-2844.0,5674.0,-6012.0,1152.0,-15756.0,-17819.0,-2516.0,-453.0,100.0,23.3,35.2,16.4,11.1,27.7,5.5,5.3,5.9,6.2,0.2,11.6,96.6,97.1,3.4,2.9,100.0,23.3,35.2,16.4,11.1,27.7,5.5,5.3,5.9,6.2,0.2,11.6,96.6,97.1,3.4,2.9,100.0,0.0,0.0,0.0,0.0,0.0,0.0,0.0,0.0,0.0,0.0,0.0,0.0,0.0,0.0,0.0,119,36.0,40.0,11.0,20.0,27.0,9.0,11.0,13.0,19,4.0,20,104,108,119,36.0,40.0,11.0,20.0,27.0,9.0,11.0,13.0,19,4.0,20,104,108,0,0,0,0,0,0,0,0,0,0,0,0,0,0,29.8,17.2,44.1,28.1,18.8,8.9,24.7,15.7,29.8,17.2,44.1,28.1,18.8,8.9,24.7,15.7,0.0,0.0,0.0,0.0,0.0,0.0,0.0,0.0,"(CONTRACTS OF 1,000 BARRELS)",N10,CRUDE OIL,PETROLEUM AND PRODUCTS,NATURAL RESOURCES,FutOnly
100817067411F,"CRUDE OIL, LIGHT SWEET - ICE FUTURES EUROPE",2010-08-17T00:00:00.000,2010 Report Week 33,"CRUDE OIL, LIGHT SWEET-WTI",67411,ICEU,NYC,67,CRUDE OIL,465352,119592,163263,68366,46203,136713,21128,18568,29321,21871,7124,50723,447714,451915,17638,13437,465352,119592,163263,68366,46203,136713,21128,18568,29321,21871,7124,50723,447714,451915,17638,13437,0,0,0,0,0,0,0,0,0,0,0,0,0,0,0,0,-24897.0,-7749.0,-15613.0,-1386.0,3185.0,-2851.0,-3187.0,1673.0,-6657.0,3921.0,5934.0,-7066.0,-24975.0,-21395.0,78.0,-3502.0,100.0,25.7,35.1,14.7,9.9,29.4,4.5,4.0,6.3,4.7,1.5,10.9,96.2,97.1,3.8,2.9,100.0,25.7,35.1,14.7,9.9,29.4,4.5,4.0,6.3,4.7,1.5,10.9,96.2,97.1,3.8,2.9,100.0,0.0,0.0,0.0,0.0,0.0,0.0,0.0,0.0,0.0,0.0,0.0,0.0,0.0,0.0,0.0,116,34.0,41.0,12.0,18.0,27.0,7.0,13.0,14.0,11,8.0,19,98,109,116,34.0,41.0,12.0,18.0,27.0,7.0,13.0,14.0,11,8.0,19,98,109,0,0,0,0,0,0,0,0,0,0,0,0,0,0,30.0,16.6,43.9,28.5,19.1,10.2,24.2,17.1,30.0,16.6,43.9,28.5,19.1,10.2,24.2,17.1,0.0,0.0,0.0,0.0,0.0,0.0,0.0,0.0,"(CONTRACTS OF 1,000 BARRELS)",N10,CRUDE OIL,PETROLEUM AND PRODUCTS,NATURAL RESOURCES,FutOnly
100810067411F,"CRUDE OIL, LIGHT SWEET - ICE FUTURES EUROPE",2010-08-10T00:00:00.000,2010 Report Week 32,"CRUDE OIL, LIGHT SWEET-WTI",67411,ICEU,NYC,67,CRUDE OIL,490249,127341,178876,69752,43018,139564,24315,16895,35978,17950,1190,57789,472689,473310,17560,16939,490249,127341,178876,69752,43018,139564,24315,16895,35978,17950,1190,57789,472689,473310,17560,16939,0,0,0,0,0,0,0,0,0,0,0,0,0,0,0,0,5281.0,9586.0,7848.0,2723.0,-92.0,-16.0,-112.0,1636.0,-2315.0,-3587.0,-259.0,1384.0,7663.0,8186.0,-2382.0,-2905.0,100.0,26.0,36.5,14.2,8.8,28.5,5.0,3.4,7.3,3.7,0.2,11.8,96.4,96.5,3.6,3.5,100.0,26.0,36.5,14.2,8.8,28.5,5.0,3.4,7.3,3.7,0.2,11.8,96.4,96.5,3.6,3.5,100.0,0.0,0.0,0.0,0.0,0.0,0.0,0.0,0.0,0.0,0.0,0.0,0.0,0.0,0.0,0.0,117,31.0,40.0,12.0,18.0,28.0,11.0,12.0,16.0,17,,21,104,109,117,31.0,40.0,12.0,18.0,28.0,11.0,12.0,16.0,17,,21,104,109,0,0,0,0,0,0,0,0,0,0,0,0,0,0,30.8,17.0,43.0,28.6,19.6,10.7,23.5,17.7,30.8,17.0,43.0,28.6,19.6,10.7,23.5,17.7,0.0,0.0,0.0,0.0,0.0,0.0,0.0,0.0,"(CONTRACTS OF 1,000 BARRELS)",N10,CRUDE OIL,PETROLEUM AND PRODUCTS,NATURAL RESOURCES,FutOnly
100803067411F,"CRUDE OIL, LIGHT SWEET - ICE FUTURES EUROPE",2010-08-03T00:00:00.000,2010 Report Week 31,"CRUDE OIL, LIGHT SWEET-WTI",67411,ICEU,NYC,67,CRUDE OIL,484968,117755,171028,67029,43110,139580,24427,15259,38293,21537,1449,56405,465026,465124,19942,19844,484968,117755,171028,67029,43110,139580,24427,15259,38293,21537,1449,56405,465026,465124,19942,19844,0,0,0,0,0,0,0,0,0,0,0,0,0,0,0,0,-358.0,1345.0,1157.0,-2485.0,911.0,1914.0,1276.0,-2136.0,1241.0,-4273.0,-796.0,-4859.0,-5841.0,-2568.0,5483.0,2210.0,100.0,24.3,35.3,13.8,8.9,28.8,5.0,3.1,7.9,4.4,0.3,11.6,95.9,95.9,4.1,4.1,100.0,24.3,35.3,13.8,8.9,28.8,5.0,3.1,7.9,4.4,0.3,11.6,95.9,95.9,4.1,4.1,100.0,0.0,0.0,0.0,0.0,0.0,0.0,0.0,0.0,0.0,0.0,0.0,0.0,0.0,0.0,0.0,115,30.0,40.0,10.0,20.0,26.0,12.0,11.0,16.0,15,,17,98,105,115,30.0,40.0,10.0,20.0,26.0,12.0,11.0,16.0,15,,17,98,105,0,0,0,0,0,0,0,0,0,0,0,0,0,0,32.4,17.1,44.3,29.7,20.1,10.8,24.2,17.8,32.4,17.1,44.3,29.7,20.1,10.8,24.2,17.8,0.0,0.0,0.0,0.0,0.0,0.0,0.0,0.0,"(CONTRACTS OF 1,000 BARRELS)",N10,CRUDE OIL,PETROLEUM AND PRODUCTS,NATURAL RESOURCES,FutOnly
100727067411F,"CRUDE OIL, LIGHT SWEET - ICE FUTURES EUROPE",2010-07-27T00:00:00.000,2010 Report Week 30,"CRUDE OIL, LIGHT SWEET-WTI",67411,ICEU,NYC,67,CRUDE OIL,485326,116410,169871,69514,42199,137666,23151,17395,37052,25810,2245,61264,470867,467692,14459,17634,485326,116410,169871,69514,42199,137666,23151,17395,37052,25810,2245,61264,470867,467692,14459,17634,0,0,0,0,0,0,0,0,0,0,0,0,0,0,0,0,31283.0,10493.0,13825.0,-1097.0,2689.0,1531.0,1347.0,-1284.0,7242.0,6557.0,210.0,5852.0,31925.0,30065.0,-642.0,1218.0,100.0,24.0,35.0,14.3,8.7,28.4,4.8,3.6,7.6,5.3,0.5,12.6,97.0,96.4,3.0,3.6,100.0,24.0,35.0,14.3,8.7,28.4,4.8,3.6,7.6,5.3,0.5,12.6,97.0,96.4,3.0,3.6,100.0,0.0,0.0,0.0,0.0,0.0,0.0,0.0,0.0,0.0,0.0,0.0,0.0,0.0,0.0,0.0,120,31.0,40.0,11.0,20.0,27.0,10.0,12.0,14.0,17,5.0,22,103,111,120,31.0,40.0,11.0,20.0,27.0,10.0,12.0,14.0,17,5.0,22,103,111,0,0,0,0,0,0,0,0,0,0,0,0,0,0,32.0,17.7,43.9,29.8,20.1,9.5,24.9,16.7,32.0,17.7,43.9,29.8,20.1,9.5,24.9,16.7,0.0,0.0,0.0,0.0,0.0,0.0,0.0,0.0,"(CONTRACTS OF 1,000 BARRELS)",N10,CRUDE OIL,PETROLEUM AND PRODUCTS,NATURAL RESOURCES,FutOnly
100720067411F,"CRUDE OIL, LIGHT SWEET - ICE FUTURES EUROPE",2010-07-20T00:00:00.000,2010 Report Week 29,"CRUDE OIL, LIGHT SWEET-WTI",67411,ICEU,NYC,67,CRUDE OIL,454043,105917,156046,70611,39510,136135,21804,18679,29810,19253,2035,55412,438942,437627,15101,16416,454043,105917,156046,70611,39510,136135,21804,18679,29810,19253,2035,55412,438942,437627,15101,16416,0,0,0,0,0,0,0,0,0,0,0,0,0,0,0,0,-30573.0,-15126.0,-4017.0,2152.0,-11768.0,-1339.0,-2773.0,4323.0,-3424.0,3773.0,-35.0,-10960.0,-27697.0,-27220.0,-2876.0,-3353.0,100.0,23.3,34.4,15.6,8.7,30.0,4.8,4.1,6.6,4.2,0.4,12.2,96.7,96.4,3.3,3.6,100.0,23.3,34.4,15.6,8.7,30.0,4.8,4.1,6.6,4.2,0.4,12.2,96.7,96.4,3.3,3.6,100.0,0.0,0.0,0.0,0.0,0.0,0.0,0.0,0.0,0.0,0.0,0.0,0.0,0.0,0.0,0.0,111,31.0,38.0,10.0,20.0,26.0,8.0,14.0,15.0,9,6.0,18,95,105,111,31.0,38.0,10.0,20.0,26.0,8.0,14.0,15.0,9,6.0,18,95,105,0,0,0,0,0,0,0,0,0,0,0,0,0,0,35.1,18.6,47.2,30.7,21.1,10.0,26.1,15.9,35.1,18.6,47.2,30.7,21.1,10.0,26.1,15.9,0.0,0.0,0.0,0.0,0.0,0.0,0.0,0.0,"(CONTRACTS OF 1,000 BARRELS)",N10,CRUDE OIL,PETROLEUM AND PRODUCTS,NATURAL RESOURCES,FutOnly
100713067411F,"CRUDE OIL, LIGHT SWEET - ICE FUTURES EUROPE",2010-07-13T00:00:00.000,2010 Report Week 28,"CRUDE OIL, LIGHT SWEET-WTI",67411,ICEU,NYC,67,CRUDE OIL,484616,121043,160063,68459,51278,137474,24577,14356,33234,15480,2070,66372,466639,464847,17977,19769,484616,121043,160063,68459,51278,137474,24577,14356,33234,15480,2070,66372,466639,464847,17977,19769,0,0,0,0,0,0,0,0,0,0,0,0,0,0,0,0,-5326.0,3924.0,10462.0,87.0,7045.0,-8626.0,492.0,-1745.0,3.0,4685.0,-5999.0,-6378.0,-5813.0,-5238.0,487.0,-88.0,100.0,25.0,33.0,14.1,10.6,28.4,5.1,3.0,6.9,3.2,0.4,13.7,96.3,95.9,3.7,4.1,100.0,25.0,33.0,14.1,10.6,28.4,5.1,3.0,6.9,3.2,0.4,13.7,96.3,95.9,3.7,4.1,100.0,0.0,0.0,0.0,0.0,0.0,0.0,0.0,0.0,0.0,0.0,0.0,0.0,0.0,0.0,0.0,108,33.0,38.0,10.0,19.0,25.0,8.0,11.0,13.0,9,7.0,17,92,102,108,33.0,38.0,10.0,19.0,25.0,8.0,11.0,13.0,9,7.0,17,92,102,0,0,0,0,0,0,0,0,0,0,0,0,0,0,33.2,19.2,46.7,31.2,20.5,8.7,24.9,14.2,33.2,19.2,46.7,31.2,20.5,8.7,24.9,14.2,0.0,0.0,0.0,0.0,0.0,0.0,0.0,0.0,"(CONTRACTS OF 1,000 BARRELS)",N10,CRUDE OIL,PETROLEUM AND PRODUCTS,NATURAL RESOURCES,FutOnly
100706067411F,"CRUDE OIL, LIGHT SWEET - ICE FUTURES EUROPE",2010-07-06T00:00:00.000,2010 Report Week 27,"CRUDE OIL, LIGHT SWEET-WTI",67411,ICEU,NYC,67,CRUDE OIL,489942,117119,149601,68372,44233,146100,24085,16101,33231,10795,8069,72750,472452,470085,17490,19857,489942,117119,149601,68372,44233,146100,24085,16101,33231,10795,8069,72750,472452,470085,17490,19857,0,0,0,0,0,0,0,0,0,0,0,0,0,0,0,0,5241.0,2680.0,-7905.0,-278.0,-334.0,4745.0,50.0,4735.0,824.0,-795.0,5026.0,-4004.0,3222.0,3087.0,2019.0,2154.0,100.0,23.9,30.5,14.0,9.0,29.8,4.9,3.3,6.8,2.2,1.6,14.8,96.4,95.9,3.6,4.1,100.0,23.9,30.5,14.0,9.0,29.8,4.9,3.3,6.8,2.2,1.6,14.8,96.4,95.9,3.6,4.1,100.0,0.0,0.0,0.0,0.0,0.0,0.0,0.0,0.0,0.0,0.0,0.0,0.0,0.0,0.0,0.0,104,33.0,37.0,10.0,18.0,25.0,7.0,10.0,14.0,6,10.0,17,92,99,104,33.0,37.0,10.0,18.0,25.0,7.0,10.0,14.0,6,10.0,17,92,99,0,0,0,0,0,0,0,0,0,0,0,0,0,0,35.3,20.7,48.6,32.8,19.3,9.2,23.6,14.3,35.3,20.7,48.6,32.8,19.3,9.2,23.6,14.3,0.0,0.0,0.0,0.0,0.0,0.0,0.0,0.0,"(CONTRACTS OF 1,000 BARRELS)",N10,CRUDE OIL,PETROLEUM AND PRODUCTS,NATURAL RESOURCES,FutOnly
100629067411F,"CRUDE OIL, LIGHT SWEET - ICE FUTURES EUROPE",2010-06-29T00:00:00.000,2010 Report Week 26,"CRUDE OIL, LIGHT SWEET-WTI",67411,ICEU,NYC,67,CRUDE OIL,484701,114439,157506,68650,44567,141355,24035,11366,32407,11590,3043,76754,469230,466998,15471,17703,484701,114439,157506,68650,44567,141355,24035,11366,32407,11590,3043,76754,469230,466998,15471,17703,0,0,0,0,0,0,0,0,0,0,0,0,0,0,0,0,-8569.0,-3900.0,-9785.0,3542.0,1110.0,-4700.0,255.0,1003.0,115.0,-3963.0,2234.0,2357.0,-6294.0,-7666.0,-2275.0,-903.0,100.0,23.6,32.5,14.2,9.2,29.2,5.0,2.3,6.7,2.4,0.6,15.8,96.8,96.3,3.2,3.7,100.0,23.6,32.5,14.2,9.2,29.2,5.0,2.3,6.7,2.4,0.6,15.8,96.8,96.3,3.2,3.7,100.0,0.0,0.0,0.0,0.0,0.0,0.0,0.0,0.0,0.0,0.0,0.0,0.0,0.0,0.0,0.0,108,33.0,40.0,11.0,19.0,26.0,7.0,11.0,14.0,8,6.0,17,93,103,108,33.0,40.0,11.0,19.0,26.0,7.0,11.0,14.0,8,6.0,17,93,103,0,0,0,0,0,0,0,0,0,0,0,0,0,0,34.7,21.0,49.2,34.3,19.2,10.7,23.7,16.9,34.7,21.0,49.2,34.3,19.2,10.7,23.7,16.9,0.0,0.0,0.0,0.0,0.0,0.0,0.0,0.0,"(CONTRACTS OF 1,000 BARRELS)",N10,CRUDE OIL,PETROLEUM AND PRODUCTS,NATURAL RESOURCES,FutOnly
100622067411F,"CRUDE OIL, LIGHT SWEET - ICE FUTURES EUROPE",2010-06-22T00:00:00.000,2010 Report Week 25,"CRUDE OIL, LIGHT SWEET-WTI",67411,ICEU,NYC,67,CRUDE OIL,493270,118339,167291,65108,43457,146055,23780,10363,32292,15553,809,74397,475524,474664,17746,18606,493270,118339,167291,65108,43457,146055,23780,10363,32292,15553,809,74397,475524,474664,17746,18606,0,0,0,0,0,0,0,0,0,0,0,0,0,0,0,0,-22386.0,8715.0,-4454.0,2549.0,2283.0,-9679.0,-4641.0,5726.0,-6255.0,-2595.0,-722.0,-8646.0,-20552.0,-21747.0,-1834.0,-639.0,100.0,24.0,33.9,13.2,8.8,29.6,4.8,2.1,6.5,3.2,0.2,15.1,96.4,96.2,3.6,3.8,100.0,24.0,33.9,13.2,8.8,29.6,4.8,2.1,6.5,3.2,0.2,15.1,96.4,96.2,3.6,3.8,100.0,0.0,0.0,0.0,0.0,0.0,0.0,0.0,0.0,0.0,0.0,0.0,0.0,0.0,0.0,0.0,102,33.0,39.0,11.0,18.0,25.0,7.0,10.0,14.0,11,,14,90,97,102,33.0,39.0,11.0,18.0,25.0,7.0,10.0,14.0,11,,14,90,97,0,0,0,0,0,0,0,0,0,0,0,0,0,0,33.0,21.5,47.5,34.9,17.4,11.0,21.9,16.9,33.0,21.5,47.5,34.9,17.4,11.0,21.9,16.9,0.0,0.0,0.0,0.0,0.0,0.0,0.0,0.0,"(CONTRACTS OF 1,000 BARRELS)",N10,CRUDE OIL,PETROLEUM AND PRODUCTS,NATURAL RESOURCES,FutOnly
100615067411F,"CRUDE OIL, LIGHT SWEET - ICE FUTURES EUROPE",2010-06-15T00:00:00.000,2010 Report Week 24,"CRUDE OIL, LIGHT SWEET-WTI",67411,ICEU,NYC,67,CRUDE OIL,515656,109624,171745,62559,41174,155734,28421,4637,38547,18148,1531,83043,496076,496411,19580,19245,515656,109624,171745,62559,41174,155734,28421,4637,38547,18148,1531,83043,496076,496411,19580,19245,0,0,0,0,0,0,0,0,0,0,0,0,0,0,0,0,4332.0,5308.0,3232.0,-7995.0,6472.0,6205.0,1021.0,-5701.0,-84.0,845.0,-4724.0,-3721.0,1579.0,1679.0,2753.0,2653.0,100.0,21.3,33.3,12.1,8.0,30.2,5.5,0.9,7.5,3.5,0.3,16.1,96.2,96.3,3.8,3.7,100.0,21.3,33.3,12.1,8.0,30.2,5.5,0.9,7.5,3.5,0.3,16.1,96.2,96.3,3.8,3.7,100.0,0.0,0.0,0.0,0.0,0.0,0.0,0.0,0.0,0.0,0.0,0.0,0.0,0.0,0.0,0.0,105,35.0,39.0,11.0,21.0,28.0,10.0,7.0,15.0,10,4.0,14,96,100,105,35.0,39.0,11.0,21.0,28.0,10.0,7.0,15.0,10,4.0,14,96,100,0,0,0,0,0,0,0,0,0,0,0,0,0,0,29.5,21.3,44.2,34.3,14.7,11.1,19.5,16.3,29.5,21.3,44.2,34.3,14.7,11.1,19.5,16.3,0.0,0.0,0.0,0.0,0.0,0.0,0.0,0.0,"(CONTRACTS OF 1,000 BARRELS)",N10,CRUDE OIL,PETROLEUM AND PRODUCTS,NATURAL RESOURCES,FutOnly
100608067411F,"CRUDE OIL, LIGHT SWEET - ICE FUTURES EUROPE",2010-06-08T00:00:00.000,2010 Report Week 23,"CRUDE OIL, LIGHT SWEET-WTI",67411,ICEU,NYC,67,CRUDE OIL,511324,104316,168513,70554,34702,149529,27400,10338,38631,17303,6255,86764,494497,494732,16827,16592,511324,104316,168513,70554,34702,149529,27400,10338,38631,17303,6255,86764,494497,494732,16827,16592,0,0,0,0,0,0,0,0,0,0,0,0,0,0,0,0,-20512.0,-5684.0,-16354.0,-1513.0,3544.0,-5082.0,-1097.0,440.0,-2214.0,-2681.0,208.0,-109.0,-18380.0,-19567.0,-2132.0,-945.0,100.0,20.4,33.0,13.8,6.8,29.2,5.4,2.0,7.6,3.4,1.2,17.0,96.7,96.8,3.3,3.2,100.0,20.4,33.0,13.8,6.8,29.2,5.4,2.0,7.6,3.4,1.2,17.0,96.7,96.8,3.3,3.2,100.0,0.0,0.0,0.0,0.0,0.0,0.0,0.0,0.0,0.0,0.0,0.0,0.0,0.0,0.0,0.0,110,37.0,42.0,11.0,19.0,26.0,9.0,9.0,15.0,7,7.0,17,98,105,110,37.0,42.0,11.0,19.0,26.0,9.0,9.0,15.0,7,7.0,17,98,105,0,0,0,0,0,0,0,0,0,0,0,0,0,0,31.6,21.6,45.1,34.0,14.8,10.4,19.5,15.8,31.6,21.6,45.1,34.0,14.8,10.4,19.5,15.8,0.0,0.0,0.0,0.0,0.0,0.0,0.0,0.0,"(CONTRACTS OF 1,000 BARRELS)",N10,CRUDE OIL,PETROLEUM AND PRODUCTS,NATURAL RESOURCES,FutOnly
100601067411F,"CRUDE OIL, LIGHT SWEET - ICE FUTURES EUROPE",2010-06-01T00:00:00.000,2010 Report Week 22,"CRUDE OIL, LIGHT SWEET-WTI",67411,ICEU,NYC,67,CRUDE OIL,531836,110000,184867,72067,31158,154611,28497,9898,40845,19984,6047,86873,512877,514299,18959,17537,531836,110000,184867,72067,31158,154611,28497,9898,40845,19984,6047,86873,512877,514299,18959,17537,0,0,0,0,0,0,0,0,0,0,0,0,0,0,0,0,7618.0,-4430.0,-8811.0,-10278.0,125.0,4734.0,-3779.0,-3180.0,4534.0,4635.0,-375.0,12454.0,7870.0,9481.0,-252.0,-1863.0,100.0,20.7,34.8,13.6,5.9,29.1,5.4,1.9,7.7,3.8,1.1,16.3,96.4,96.7,3.6,3.3,100.0,20.7,34.8,13.6,5.9,29.1,5.4,1.9,7.7,3.8,1.1,16.3,96.4,96.7,3.6,3.3,100.0,0.0,0.0,0.0,0.0,0.0,0.0,0.0,0.0,0.0,0.0,0.0,0.0,0.0,0.0,0.0,109,39.0,44.0,13.0,16.0,25.0,10.0,10.0,16.0,5,7.0,15,99,105,109,39.0,44.0,13.0,16.0,25.0,10.0,10.0,16.0,5,7.0,15,99,105,0,0,0,0,0,0,0,0,0,0,0,0,0,0,29.0,21.1,42.3,34.8,14.0,10.3,18.0,15.3,29.0,21.1,42.3,34.8,14.0,10.3,18.0,15.3,0.0,0.0,0.0,0.0,0.0,0.0,0.0,0.0,"(CONTRACTS OF 1,000 BARRELS)",N10,CRUDE OIL,PETROLEUM AND PRODUCTS,NATURAL RESOURCES,FutOnly
100525067411F,"CRUDE OIL, LIGHT SWEET - ICE FUTURES EUROPE",2010-05-25T00:00:00.000,2010 Report Week 21,"CRUDE OIL, LIGHT SWEET-WTI",67411,ICEU,NYC,67,CRUDE OIL,524218,114430,193678,82345,31033,149877,32276,13078,36311,15349,6422,74419,505007,504818,19211,19400,524218,114430,193678,82345,31033,149877,32276,13078,36311,15349,6422,74419,505007,504818,19211,19400,0,0,0,0,0,0,0,0,0,0,0,0,0,0,0,0,-12240.0,6838.0,797.0,-13549.0,-1038.0,-442.0,4639.0,-4105.0,-2941.0,-471.0,-459.0,-2337.0,-8263.0,-10525.0,-3977.0,-1715.0,100.0,21.8,36.9,15.7,5.9,28.6,6.2,2.5,6.9,2.9,1.2,14.2,96.3,96.3,3.7,3.7,100.0,21.8,36.9,15.7,5.9,28.6,6.2,2.5,6.9,2.9,1.2,14.2,96.3,96.3,3.7,3.7,100.0,0.0,0.0,0.0,0.0,0.0,0.0,0.0,0.0,0.0,0.0,0.0,0.0,0.0,0.0,0.0,107,38.0,41.0,13.0,16.0,24.0,10.0,9.0,15.0,6,8.0,14,97,100,107,38.0,41.0,13.0,16.0,24.0,10.0,9.0,15.0,6,8.0,14,97,100,0,0,0,0,0,0,0,0,0,0,0,0,0,0,29.2,20.6,43.0,33.3,14.5,10.7,19.3,16.1,29.2,20.6,43.0,33.3,14.5,10.7,19.3,16.1,0.0,0.0,0.0,0.0,0.0,0.0,0.0,0.0,"(CONTRACTS OF 1,000 BARRELS)",N10,CRUDE OIL,PETROLEUM AND PRODUCTS,NATURAL RESOURCES,FutOnly
100518067411F,"CRUDE OIL, LIGHT SWEET - ICE FUTURES EUROPE",2010-05-18T00:00:00.000,2010 Report Week 20,"CRUDE OIL, LIGHT SWEET-WTI",67411,ICEU,NYC,67,CRUDE OIL,536458,107592,192881,95894,32071,150319,27637,17183,39252,15820,6881,76756,513270,515343,23188,21115,536458,107592,192881,95894,32071,150319,27637,17183,39252,15820,6881,76756,513270,515343,23188,21115,0,0,0,0,0,0,0,0,0,0,0,0,0,0,0,0,-11581.0,-5701.0,-8273.0,-13332.0,-9287.0,5732.0,4408.0,6730.0,-8044.0,6395.0,3421.0,-3889.0,-14431.0,-13610.0,2850.0,2029.0,100.0,20.1,36.0,17.9,6.0,28.0,5.2,3.2,7.3,2.9,1.3,14.3,95.7,96.1,4.3,3.9,100.0,20.1,36.0,17.9,6.0,28.0,5.2,3.2,7.3,2.9,1.3,14.3,95.7,96.1,4.3,3.9,100.0,0.0,0.0,0.0,0.0,0.0,0.0,0.0,0.0,0.0,0.0,0.0,0.0,0.0,0.0,0.0,107,33.0,37.0,15.0,15.0,25.0,9.0,15.0,19.0,8,6.0,14,96,102,107,33.0,37.0,15.0,15.0,25.0,9.0,15.0,19.0,8,6.0,14,96,102,0,0,0,0,0,0,0,0,0,0,0,0,0,0,30.1,19.6,43.8,31.4,16.1,9.9,20.2,14.8,30.1,19.6,43.8,31.4,16.1,9.9,20.2,14.8,0.0,0.0,0.0,0.0,0.0,0.0,0.0,0.0,"(CONTRACTS OF 1,000 BARRELS)",N10,CRUDE OIL,PETROLEUM AND PRODUCTS,NATURAL RESOURCES,FutOnly
100511067411F,"CRUDE OIL, LIGHT SWEET - ICE FUTURES EUROPE",2010-05-11T00:00:00.000,2010 Report Week 19,"CRUDE OIL, LIGHT SWEET-WTI",67411,ICEU,NYC,67,CRUDE OIL,548039,113293,201154,109226,41358,144587,23229,10453,47296,9425,3460,80645,527701,528953,20338,19086,548039,113293,201154,109226,41358,144587,23229,10453,47296,9425,3460,80645,527701,528953,20338,19086,0,0,0,0,0,0,0,0,0,0,0,0,0,0,0,0,-1125.0,-12510.0,-16975.0,-1486.0,-1685.0,5518.0,-3259.0,922.0,4063.0,-1204.0,-1138.0,10785.0,1907.0,1490.0,-3032.0,-2615.0,100.0,20.7,36.7,19.9,7.5,26.4,4.2,1.9,8.6,1.7,0.6,14.7,96.3,96.5,3.7,3.5,100.0,20.7,36.7,19.9,7.5,26.4,4.2,1.9,8.6,1.7,0.6,14.7,96.3,96.5,3.7,3.5,100.0,0.0,0.0,0.0,0.0,0.0,0.0,0.0,0.0,0.0,0.0,0.0,0.0,0.0,0.0,0.0,111,36.0,36.0,15.0,16.0,26.0,11.0,12.0,19.0,9,6.0,16,103,102,111,36.0,36.0,15.0,16.0,26.0,11.0,12.0,19.0,9,6.0,16,103,102,0,0,0,0,0,0,0,0,0,0,0,0,0,0,29.9,18.9,41.6,30.4,16.2,9.4,20.0,15.5,29.9,18.9,41.6,30.4,16.2,9.4,20.0,15.5,0.0,0.0,0.0,0.0,0.0,0.0,0.0,0.0,"(CONTRACTS OF 1,000 BARRELS)",N10,CRUDE OIL,PETROLEUM AND PRODUCTS,NATURAL RESOURCES,FutOnly
100504067411F,"CRUDE OIL, LIGHT SWEET - ICE FUTURES EUROPE",2010-05-04T00:00:00.000,2010 Report Week 18,"CRUDE OIL, LIGHT SWEET-WTI",67411,ICEU,NYC,67,CRUDE OIL,549164,125803,218129,110712,43043,139069,26488,9531,43233,10629,4598,69860,525794,527463,23370,21701,549164,125803,218129,110712,43043,139069,26488,9531,43233,10629,4598,69860,525794,527463,23370,21701,0,0,0,0,0,0,0,0,0,0,0,0,0,0,0,0,20870.0,13257.0,17091.0,-1130.0,-1261.0,5556.0,2634.0,212.0,-2366.0,1312.0,789.0,-1084.0,18179.0,18937.0,2691.0,1933.0,100.0,22.9,39.7,20.2,7.8,25.3,4.8,1.7,7.9,1.9,0.8,12.7,95.7,96.0,4.3,4.0,100.0,22.9,39.7,20.2,7.8,25.3,4.8,1.7,7.9,1.9,0.8,12.7,95.7,96.0,4.3,4.0,100.0,0.0,0.0,0.0,0.0,0.0,0.0,0.0,0.0,0.0,0.0,0.0,0.0,0.0,0.0,0.0,108,35.0,38.0,15.0,15.0,26.0,13.0,9.0,18.0,9,6.0,15,98,103,108,35.0,38.0,15.0,15.0,26.0,13.0,9.0,18.0,9,6.0,15,98,103,0,0,0,0,0,0,0,0,0,0,0,0,0,0,27.6,17.4,40.3,30.1,16.1,9.2,20.3,15.2,27.6,17.4,40.3,30.1,16.1,9.2,20.3,15.2,0.0,0.0,0.0,0.0,0.0,0.0,0.0,0.0,"(CONTRACTS OF 1,000 BARRELS)",N10,CRUDE OIL,PETROLEUM AND PRODUCTS,NATURAL RESOURCES,FutOnly
100427067411F,"CRUDE OIL, LIGHT SWEET - ICE FUTURES EUROPE",2010-04-27T00:00:00.000,2010 Report Week 17,"CRUDE OIL, LIGHT SWEET-WTI",67411,ICEU,NYC,67,CRUDE OIL,528294,112546,201038,111842,44304,133513,23854,9319,45599,9317,3809,70944,507615,508526,20679,19768,528294,112546,201038,111842,44304,133513,23854,9319,45599,9317,3809,70944,507615,508526,20679,19768,0,0,0,0,0,0,0,0,0,0,0,0,0,0,0,0,27543.0,6566.0,6657.0,-4034.0,-3824.0,12373.0,-5679.0,3221.0,4132.0,1341.0,-7043.0,12299.0,26998.0,27815.0,545.0,-272.0,100.0,21.3,38.1,21.2,8.4,25.3,4.5,1.8,8.6,1.8,0.7,13.4,96.1,96.3,3.9,3.7,100.0,21.3,38.1,21.2,8.4,25.3,4.5,1.8,8.6,1.8,0.7,13.4,96.1,96.3,3.9,3.7,100.0,0.0,0.0,0.0,0.0,0.0,0.0,0.0,0.0,0.0,0.0,0.0,0.0,0.0,0.0,0.0,113,33.0,34.0,14.0,17.0,26.0,11.0,12.0,17.0,11,8.0,20,103,104,113,33.0,34.0,14.0,17.0,26.0,11.0,12.0,17.0,11,8.0,20,103,104,0,0,0,0,0,0,0,0,0,0,0,0,0,0,28.2,17.5,40.5,29.6,17.4,8.9,21.9,14.6,28.2,17.5,40.5,29.6,17.4,8.9,21.9,14.6,0.0,0.0,0.0,0.0,0.0,0.0,0.0,0.0,"(CONTRACTS OF 1,000 BARRELS)",N10,CRUDE OIL,PETROLEUM AND PRODUCTS,NATURAL RESOURCES,FutOnly
100420067411F,"CRUDE OIL, LIGHT SWEET - ICE FUTURES EUROPE",2010-04-20T00:00:00.000,2010 Report Week 16,"CRUDE OIL, LIGHT SWEET-WTI",67411,ICEU,NYC,67,CRUDE OIL,500751,105980,194381,115876,48128,121140,29533,6098,41467,7976,10852,58645,480617,480711,20134,20040,500751,105980,194381,115876,48128,121140,29533,6098,41467,7976,10852,58645,480617,480711,20134,20040,0,0,0,0,0,0,0,0,0,0,0,0,0,0,0,0,-30438.0,3827.0,-2447.0,-2755.0,489.0,-5491.0,1002.0,-704.0,-7189.0,-4969.0,-808.0,-11268.0,-26843.0,-27418.0,-3595.0,-3020.0,100.0,21.2,38.8,23.1,9.6,24.2,5.9,1.2,8.3,1.6,2.2,11.7,96.0,96.0,4.0,4.0,100.0,21.2,38.8,23.1,9.6,24.2,5.9,1.2,8.3,1.6,2.2,11.7,96.0,96.0,4.0,4.0,100.0,0.0,0.0,0.0,0.0,0.0,0.0,0.0,0.0,0.0,0.0,0.0,0.0,0.0,0.0,0.0,106,34.0,38.0,15.0,13.0,23.0,14.0,7.0,16.0,9,8.0,16,97,97,106,34.0,38.0,15.0,13.0,23.0,14.0,7.0,16.0,9,8.0,16,97,97,0,0,0,0,0,0,0,0,0,0,0,0,0,0,28.3,17.2,40.8,29.8,18.8,9.3,23.2,16.0,28.3,17.2,40.8,29.8,18.8,9.3,23.2,16.0,0.0,0.0,0.0,0.0,0.0,0.0,0.0,0.0,"(CONTRACTS OF 1,000 BARRELS)",N10,CRUDE OIL,PETROLEUM AND PRODUCTS,NATURAL RESOURCES,FutOnly
100413067411F,"CRUDE OIL, LIGHT SWEET - ICE FUTURES EUROPE",2010-04-13T00:00:00.000,2010 Report Week 15,"CRUDE OIL, LIGHT SWEET-WTI",67411,ICEU,NYC,67,CRUDE OIL,531189,102153,196828,118631,47639,126631,28531,6802,48656,12945,11660,69913,507460,508129,23729,23060,531189,102153,196828,118631,47639,126631,28531,6802,48656,12945,11660,69913,507460,508129,23729,23060,0,0,0,0,0,0,0,0,0,0,0,0,0,0,0,0,9697.0,4593.0,15131.0,3497.0,4580.0,-14486.0,-2282.0,-4737.0,2563.0,4528.0,-2358.0,5832.0,4245.0,6525.0,5452.0,3172.0,100.0,19.2,37.1,22.3,9.0,23.8,5.4,1.3,9.2,2.4,2.2,13.2,95.5,95.7,4.5,4.3,100.0,19.2,37.1,22.3,9.0,23.8,5.4,1.3,9.2,2.4,2.2,13.2,95.5,95.7,4.5,4.3,100.0,0.0,0.0,0.0,0.0,0.0,0.0,0.0,0.0,0.0,0.0,0.0,0.0,0.0,0.0,0.0,109,33.0,37.0,16.0,12.0,24.0,15.0,8.0,14.0,14,6.0,18,100,98,109,33.0,37.0,16.0,12.0,24.0,15.0,8.0,14.0,14,6.0,18,100,98,0,0,0,0,0,0,0,0,0,0,0,0,0,0,28.5,17.8,40.4,30.2,18.7,9.3,22.8,15.4,28.5,17.8,40.4,30.2,18.7,9.3,22.8,15.4,0.0,0.0,0.0,0.0,0.0,0.0,0.0,0.0,"(CONTRACTS OF 1,000 BARRELS)",N10,CRUDE OIL,PETROLEUM AND PRODUCTS,NATURAL RESOURCES,FutOnly
100406067411F,"CRUDE OIL, LIGHT SWEET - ICE FUTURES EUROPE",2010-04-06T00:00:00.000,2010 Report Week 14,"CRUDE OIL, LIGHT SWEET-WTI",67411,ICEU,NYC,67,CRUDE OIL,521492,97560,181697,115134,43059,141117,30813,11539,46093,8417,14018,64081,503215,501604,18277,19888,521492,97560,181697,115134,43059,141117,30813,11539,46093,8417,14018,64081,503215,501604,18277,19888,0,0,0,0,0,0,0,0,0,0,0,0,0,0,0,0,6291.0,-7117.0,-5765.0,18.0,2726.0,2875.0,2867.0,1793.0,531.0,4062.0,-222.0,5172.0,8408.0,7110.0,-2117.0,-819.0,100.0,18.7,34.8,22.1,8.3,27.1,5.9,2.2,8.8,1.6,2.7,12.3,96.5,96.2,3.5,3.8,100.0,18.7,34.8,22.1,8.3,27.1,5.9,2.2,8.8,1.6,2.7,12.3,96.5,96.2,3.5,3.8,100.0,0.0,0.0,0.0,0.0,0.0,0.0,0.0,0.0,0.0,0.0,0.0,0.0,0.0,0.0,0.0,108,33.0,36.0,16.0,12.0,24.0,13.0,8.0,15.0,13,6.0,20,100,100,108,33.0,36.0,16.0,12.0,24.0,13.0,8.0,15.0,13,6.0,20,100,100,0,0,0,0,0,0,0,0,0,0,0,0,0,0,28.9,18.3,42.4,29.5,18.5,8.3,22.4,14.7,28.9,18.3,42.4,29.5,18.5,8.3,22.4,14.7,0.0,0.0,0.0,0.0,0.0,0.0,0.0,0.0,"(CONTRACTS OF 1,000 BARRELS)",N10,CRUDE OIL,PETROLEUM AND PRODUCTS,NATURAL RESOURCES,FutOnly
100330067411F,"CRUDE OIL, LIGHT SWEET - ICE FUTURES EUROPE",2010-03-30T00:00:00.000,2010 Report Week 13,"CRUDE OIL, LIGHT SWEET-WTI",67411,ICEU,NYC,67,CRUDE OIL,515201,104677,187462,115116,40333,138242,27946,9746,45562,4355,14240,58909,494807,494494,20394,20707,515201,104677,187462,115116,40333,138242,27946,9746,45562,4355,14240,58909,494807,494494,20394,20707,0,0,0,0,0,0,0,0,0,0,0,0,0,0,0,0,20940.0,3060.0,10357.0,6722.0,-1226.0,4158.0,262.0,4288.0,-969.0,-2664.0,-6421.0,7714.0,18283.0,17901.0,2657.0,3039.0,100.0,20.3,36.4,22.3,7.8,26.8,5.4,1.9,8.8,0.8,2.8,11.4,96.0,96.0,4.0,4.0,100.0,20.3,36.4,22.3,7.8,26.8,5.4,1.9,8.8,0.8,2.8,11.4,96.0,96.0,4.0,4.0,100.0,0.0,0.0,0.0,0.0,0.0,0.0,0.0,0.0,0.0,0.0,0.0,0.0,0.0,0.0,0.0,105,33.0,38.0,15.0,12.0,24.0,13.0,7.0,15.0,11,6.0,17,96,98,105,33.0,38.0,15.0,12.0,24.0,13.0,7.0,15.0,11,6.0,17,96,98,0,0,0,0,0,0,0,0,0,0,0,0,0,0,29.3,19.0,44.1,30.6,18.6,8.5,22.7,14.9,29.3,19.0,44.1,30.6,18.6,8.5,22.7,14.9,0.0,0.0,0.0,0.0,0.0,0.0,0.0,0.0,"(CONTRACTS OF 1,000 BARRELS)",N10,CRUDE OIL,PETROLEUM AND PRODUCTS,NATURAL RESOURCES,FutOnly
100323067411F,"CRUDE OIL, LIGHT SWEET - ICE FUTURES EUROPE",2010-03-23T00:00:00.000,2010 Report Week 12,"CRUDE OIL, LIGHT SWEET-WTI",67411,ICEU,NYC,67,CRUDE OIL,494261,101617,177105,108394,41559,134084,27684,5458,46531,7019,20661,51195,476524,476593,17737,17668,494261,101617,177105,108394,41559,134084,27684,5458,46531,7019,20661,51195,476524,476593,17737,17668,0,0,0,0,0,0,0,0,0,0,0,0,0,0,0,0,-14030.0,-14875.0,-8190.0,6223.0,3589.0,-3265.0,-2177.0,-1080.0,1494.0,2813.0,-558.0,-1980.0,-11767.0,-9990.0,-2263.0,-4040.0,100.0,20.6,35.8,21.9,8.4,27.1,5.6,1.1,9.4,1.4,4.2,10.4,96.4,96.4,3.6,3.6,100.0,20.6,35.8,21.9,8.4,27.1,5.6,1.1,9.4,1.4,4.2,10.4,96.4,96.4,3.6,3.6,100.0,0.0,0.0,0.0,0.0,0.0,0.0,0.0,0.0,0.0,0.0,0.0,0.0,0.0,0.0,0.0,104,32.0,36.0,15.0,12.0,24.0,12.0,8.0,14.0,12,6.0,16,95,95,104,32.0,36.0,15.0,12.0,24.0,12.0,8.0,14.0,12,6.0,16,95,95,0,0,0,0,0,0,0,0,0,0,0,0,0,0,28.9,18.4,43.4,31.5,18.9,10.6,22.9,17.6,28.9,18.4,43.4,31.5,18.9,10.6,22.9,17.6,0.0,0.0,0.0,0.0,0.0,0.0,0.0,0.0,"(CONTRACTS OF 1,000 BARRELS)",N10,CRUDE OIL,PETROLEUM AND PRODUCTS,NATURAL RESOURCES,FutOnly
100316067411F,"CRUDE OIL, LIGHT SWEET - ICE FUTURES EUROPE",2010-03-16T00:00:00.000,2010 Report Week 11,"CRUDE OIL, LIGHT SWEET-WTI",67411,ICEU,NYC,67,CRUDE OIL,508291,116492,185295,102171,37970,137349,29861,6538,45037,4206,21219,53175,488291,486583,20000,21708,508291,116492,185295,102171,37970,137349,29861,6538,45037,4206,21219,53175,488291,486583,20000,21708,0,0,0,0,0,0,0,0,0,0,0,0,0,0,0,0,-2109.0,10664.0,15925.0,-371.0,-13975.0,-536.0,-2212.0,-1785.0,1061.0,-4423.0,3618.0,-6647.0,-2464.0,-2339.0,355.0,230.0,100.0,22.9,36.5,20.1,7.5,27.0,5.9,1.3,8.9,0.8,4.2,10.5,96.1,95.7,3.9,4.3,100.0,22.9,36.5,20.1,7.5,27.0,5.9,1.3,8.9,0.8,4.2,10.5,96.1,95.7,3.9,4.3,100.0,0.0,0.0,0.0,0.0,0.0,0.0,0.0,0.0,0.0,0.0,0.0,0.0,0.0,0.0,0.0,110,33.0,37.0,17.0,11.0,24.0,16.0,7.0,15.0,9,9.0,16,98,99,110,33.0,37.0,17.0,11.0,24.0,16.0,7.0,15.0,9,9.0,16,98,99,0,0,0,0,0,0,0,0,0,0,0,0,0,0,28.1,16.7,41.0,29.9,16.9,10.2,21.0,16.8,28.1,16.7,41.0,29.9,16.9,10.2,21.0,16.8,0.0,0.0,0.0,0.0,0.0,0.0,0.0,0.0,"(CONTRACTS OF 1,000 BARRELS)",N10,CRUDE OIL,PETROLEUM AND PRODUCTS,NATURAL RESOURCES,FutOnly
100309067411F,"CRUDE OIL, LIGHT SWEET - ICE FUTURES EUROPE",2010-03-09T00:00:00.000,2010 Report Week 10,"CRUDE OIL, LIGHT SWEET-WTI",67411,ICEU,NYC,67,CRUDE OIL,510400,105828,169370,102542,51945,137885,32073,8323,43976,8629,17601,59822,490755,488922,19645,21478,510400,105828,169370,102542,51945,137885,32073,8323,43976,8629,17601,59822,490755,488922,19645,21478,0,0,0,0,0,0,0,0,0,0,0,0,0,0,0,0,12099.0,8141.0,8452.0,3146.0,-1385.0,1041.0,-1620.0,341.0,2887.0,-2633.0,691.0,95.0,11057.0,12122.0,1042.0,-23.0,100.0,20.7,33.2,20.1,10.2,27.0,6.3,1.6,8.6,1.7,3.4,11.7,96.2,95.8,3.8,4.2,100.0,20.7,33.2,20.1,10.2,27.0,6.3,1.6,8.6,1.7,3.4,11.7,96.2,95.8,3.8,4.2,100.0,0.0,0.0,0.0,0.0,0.0,0.0,0.0,0.0,0.0,0.0,0.0,0.0,0.0,0.0,0.0,107,34.0,37.0,19.0,10.0,26.0,15.0,7.0,16.0,13,,15,97,99,107,34.0,37.0,19.0,10.0,26.0,15.0,7.0,16.0,13,,15,97,99,0,0,0,0,0,0,0,0,0,0,0,0,0,0,27.9,20.2,41.5,33.7,16.9,11.5,21.3,18.1,27.9,20.2,41.5,33.7,16.9,11.5,21.3,18.1,0.0,0.0,0.0,0.0,0.0,0.0,0.0,0.0,"(CONTRACTS OF 1,000 BARRELS)",N10,CRUDE OIL,PETROLEUM AND PRODUCTS,NATURAL RESOURCES,FutOnly
100302067411F,"CRUDE OIL, LIGHT SWEET - ICE FUTURES EUROPE",2010-03-02T00:00:00.000,2010 Report Week 09,"CRUDE OIL, LIGHT SWEET-WTI",67411,ICEU,NYC,67,CRUDE OIL,498301,97687,160918,99396,53330,136844,33693,7982,41089,11262,16910,59727,479698,476800,18603,21501,498301,97687,160918,99396,53330,136844,33693,7982,41089,11262,16910,59727,479698,476800,18603,21501,0,0,0,0,0,0,0,0,0,0,0,0,0,0,0,0,4074.0,-361.0,-135.0,988.0,2700.0,1684.0,-419.0,3266.0,2434.0,939.0,-4498.0,-3178.0,2087.0,2273.0,1987.0,1801.0,100.0,19.6,32.3,19.9,10.7,27.5,6.8,1.6,8.2,2.3,3.4,12.0,96.3,95.7,3.7,4.3,100.0,19.6,32.3,19.9,10.7,27.5,6.8,1.6,8.2,2.3,3.4,12.0,96.3,95.7,3.7,4.3,100.0,0.0,0.0,0.0,0.0,0.0,0.0,0.0,0.0,0.0,0.0,0.0,0.0,0.0,0.0,0.0,110,30.0,36.0,18.0,11.0,26.0,14.0,8.0,15.0,17,4.0,16,98,99,110,30.0,36.0,18.0,11.0,26.0,14.0,8.0,15.0,17,4.0,16,98,99,0,0,0,0,0,0,0,0,0,0,0,0,0,0,28.9,21.4,43.5,34.0,18.3,10.6,23.4,16.6,28.9,21.4,43.5,34.0,18.3,10.6,23.4,16.6,0.0,0.0,0.0,0.0,0.0,0.0,0.0,0.0,"(CONTRACTS OF 1,000 BARRELS)",N10,CRUDE OIL,PETROLEUM AND PRODUCTS,NATURAL RESOURCES,FutOnly
100223067411F,"CRUDE OIL, LIGHT SWEET - ICE FUTURES EUROPE",2010-02-23T00:00:00.000,2010 Report Week 08,"CRUDE OIL, LIGHT SWEET-WTI",67411,ICEU,NYC,67,CRUDE OIL,494227,98048,161053,98408,50630,135160,34112,4716,38655,10323,21408,62905,477611,474527,16616,19700,494227,98048,161053,98408,50630,135160,34112,4716,38655,10323,21408,62905,477611,474527,16616,19700,0,0,0,0,0,0,0,0,0,0,0,0,0,0,0,0,-5886.0,-15393.0,-11518.0,1419.0,-1598.0,-6167.0,-498.0,30.0,148.0,4376.0,-1287.0,9738.0,-6377.0,-10654.0,491.0,4768.0,100.0,19.8,32.6,19.9,10.2,27.3,6.9,1.0,7.8,2.1,4.3,12.7,96.6,96.0,3.4,4.0,100.0,19.8,32.6,19.9,10.2,27.3,6.9,1.0,7.8,2.1,4.3,12.7,96.6,96.0,3.4,4.0,100.0,0.0,0.0,0.0,0.0,0.0,0.0,0.0,0.0,0.0,0.0,0.0,0.0,0.0,0.0,0.0,104,28.0,31.0,17.0,11.0,25.0,14.0,6.0,16.0,13,7.0,19,96,96,104,28.0,31.0,17.0,11.0,25.0,14.0,6.0,16.0,13,7.0,19,96,96,0,0,0,0,0,0,0,0,0,0,0,0,0,0,29.0,21.2,44.3,34.4,18.0,10.9,23.1,17.6,29.0,21.2,44.3,34.4,18.0,10.9,23.1,17.6,0.0,0.0,0.0,0.0,0.0,0.0,0.0,0.0,"(CONTRACTS OF 1,000 BARRELS)",N10,CRUDE OIL,PETROLEUM AND PRODUCTS,NATURAL RESOURCES,FutOnly
100216067411F,"CRUDE OIL, LIGHT SWEET - ICE FUTURES EUROPE",2010-02-16T00:00:00.000,2010 Report Week 07,"CRUDE OIL, LIGHT SWEET-WTI",67411,ICEU,NYC,67,CRUDE OIL,500113,113441,172571,96989,52228,141327,34610,4686,38507,5947,22695,53167,483988,485181,16125,14932,500113,113441,172571,96989,52228,141327,34610,4686,38507,5947,22695,53167,483988,485181,16125,14932,0,0,0,0,0,0,0,0,0,0,0,0,0,0,0,0,-5501.0,-2302.0,4813.0,-4455.0,-2621.0,7788.0,98.0,-1542.0,-5213.0,2196.0,1852.0,1688.0,-200.0,6765.0,-5301.0,-12266.0,100.0,22.7,34.5,19.4,10.4,28.3,6.9,0.9,7.7,1.2,4.5,10.6,96.8,97.0,3.2,3.0,100.0,22.7,34.5,19.4,10.4,28.3,6.9,0.9,7.7,1.2,4.5,10.6,96.8,97.0,3.2,3.0,100.0,0.0,0.0,0.0,0.0,0.0,0.0,0.0,0.0,0.0,0.0,0.0,0.0,0.0,0.0,0.0,111,29.0,33.0,17.0,14.0,27.0,19.0,5.0,17.0,10,9.0,18,99,103,111,29.0,33.0,17.0,14.0,27.0,19.0,5.0,17.0,10,9.0,18,99,103,0,0,0,0,0,0,0,0,0,0,0,0,0,0,27.9,19.9,41.6,32.1,16.9,10.6,22.3,16.4,27.9,19.9,41.6,32.1,16.9,10.6,22.3,16.4,0.0,0.0,0.0,0.0,0.0,0.0,0.0,0.0,"(CONTRACTS OF 1,000 BARRELS)",N10,CRUDE OIL,PETROLEUM AND PRODUCTS,NATURAL RESOURCES,FutOnly
100209067411F,"CRUDE OIL, LIGHT SWEET - ICE FUTURES EUROPE",2010-02-09T00:00:00.000,2010 Report Week 06,"CRUDE OIL, LIGHT SWEET-WTI",67411,ICEU,NYC,67,CRUDE OIL,505614,115743,167758,101444,54849,133539,34512,6228,43720,3751,20843,51479,484188,478416,21426,27198,505614,115743,167758,101444,54849,133539,34512,6228,43720,3751,20843,51479,484188,478416,21426,27198,0,0,0,0,0,0,0,0,0,0,0,0,0,0,0,0,832.0,1290.0,2221.0,3517.0,-1555.0,-3332.0,1220.0,-2931.0,-3393.0,-2360.0,517.0,1304.0,-1754.0,-7169.0,2586.0,8001.0,100.0,22.9,33.2,20.1,10.8,26.4,6.8,1.2,8.6,0.7,4.1,10.2,95.8,94.6,4.2,5.4,100.0,22.9,33.2,20.1,10.8,26.4,6.8,1.2,8.6,0.7,4.1,10.2,95.8,94.6,4.2,5.4,100.0,0.0,0.0,0.0,0.0,0.0,0.0,0.0,0.0,0.0,0.0,0.0,0.0,0.0,0.0,0.0,117,33.0,34.0,16.0,16.0,26.0,14.0,9.0,17.0,6,12.0,22,105,108,117,33.0,34.0,16.0,16.0,26.0,14.0,9.0,17.0,6,12.0,22,105,108,0,0,0,0,0,0,0,0,0,0,0,0,0,0,27.3,19.0,40.2,30.6,17.3,10.9,23.0,17.0,27.3,19.0,40.2,30.6,17.3,10.9,23.0,17.0,0.0,0.0,0.0,0.0,0.0,0.0,0.0,0.0,"(CONTRACTS OF 1,000 BARRELS)",N10,CRUDE OIL,PETROLEUM AND PRODUCTS,NATURAL RESOURCES,FutOnly
100202067411F,"CRUDE OIL, LIGHT SWEET - ICE FUTURES EUROPE",2010-02-02T00:00:00.000,2010 Report Week 05,"CRUDE OIL, LIGHT SWEET-WTI",67411,ICEU,NYC,67,CRUDE OIL,504782,114453,165537,97927,56404,136871,33292,9159,47113,6111,20326,50175,485942,485585,18840,19197,504782,114453,165537,97927,56404,136871,33292,9159,47113,6111,20326,50175,485942,485585,18840,19197,0,0,0,0,0,0,0,0,0,0,0,0,0,0,0,0,4408.0,-8284.0,-6749.0,-802.0,-515.0,2217.0,-2386.0,160.0,4507.0,1623.0,1123.0,5876.0,2751.0,6619.0,1657.0,-2211.0,100.0,22.7,32.8,19.4,11.2,27.1,6.6,1.8,9.3,1.2,4.0,9.9,96.3,96.2,3.7,3.8,100.0,22.7,32.8,19.4,11.2,27.1,6.6,1.8,9.3,1.2,4.0,9.9,96.3,96.2,3.7,3.8,100.0,0.0,0.0,0.0,0.0,0.0,0.0,0.0,0.0,0.0,0.0,0.0,0.0,0.0,0.0,0.0,118,31.0,36.0,17.0,15.0,27.0,15.0,10.0,19.0,8,15.0,21,106,110,118,31.0,36.0,17.0,15.0,27.0,15.0,10.0,19.0,8,15.0,21,106,110,0,0,0,0,0,0,0,0,0,0,0,0,0,0,27.2,19.2,40.7,31.0,17.9,11.6,23.1,17.9,27.2,19.2,40.7,31.0,17.9,11.6,23.1,17.9,0.0,0.0,0.0,0.0,0.0,0.0,0.0,0.0,"(CONTRACTS OF 1,000 BARRELS)",N10,CRUDE OIL,PETROLEUM AND PRODUCTS,NATURAL RESOURCES,FutOnly
100126067411F,"CRUDE OIL, LIGHT SWEET - ICE FUTURES EUROPE",2010-01-26T00:00:00.000,2010 Report Week 04,"CRUDE OIL, LIGHT SWEET-WTI",67411,ICEU,NYC,67,CRUDE OIL,500374,122737,172286,98729,56919,134654,35678,8999,42606,4488,19203,44299,483191,478966,17183,21408,500374,122737,172286,98729,56919,134654,35678,8999,42606,4488,19203,44299,483191,478966,17183,21408,0,0,0,0,0,0,0,0,0,0,0,0,0,0,0,0,-5804.0,-348.0,-7289.0,79.0,1897.0,-2332.0,1630.0,-1688.0,-612.0,-7251.0,-1113.0,3414.0,-5420.0,-7723.0,-384.0,1919.0,100.0,24.5,34.4,19.7,11.4,26.9,7.1,1.8,8.5,0.9,3.8,8.9,96.6,95.7,3.4,4.3,100.0,24.5,34.4,19.7,11.4,26.9,7.1,1.8,8.5,0.9,3.8,8.9,96.6,95.7,3.4,4.3,100.0,0.0,0.0,0.0,0.0,0.0,0.0,0.0,0.0,0.0,0.0,0.0,0.0,0.0,0.0,0.0,114,32.0,34.0,17.0,14.0,26.0,15.0,12.0,18.0,11,7.0,18,101,105,114,32.0,34.0,17.0,14.0,26.0,15.0,12.0,18.0,11,7.0,18,101,105,0,0,0,0,0,0,0,0,0,0,0,0,0,0,27.8,19.3,41.3,32.3,18.4,11.9,24.2,19.1,27.8,19.3,41.3,32.3,18.4,11.9,24.2,19.1,0.0,0.0,0.0,0.0,0.0,0.0,0.0,0.0,"(CONTRACTS OF 1,000 BARRELS)",N10,CRUDE OIL,PETROLEUM AND PRODUCTS,NATURAL RESOURCES,FutOnly
100119067411F,"CRUDE OIL, LIGHT SWEET - ICE FUTURES EUROPE",2010-01-19T00:00:00.000,2010 Report Week 03,"CRUDE OIL, LIGHT SWEET-WTI",67411,ICEU,NYC,67,CRUDE OIL,506178,123085,179575,98650,55022,136986,34048,10687,43218,11739,20316,40885,488611,486689,17567,19489,506178,123085,179575,98650,55022,136986,34048,10687,43218,11739,20316,40885,488611,486689,17567,19489,0,0,0,0,0,0,0,0,0,0,0,0,0,0,0,0,-17009.0,-4336.0,-11185.0,829.0,4105.0,-11679.0,-4313.0,1852.0,1358.0,2690.0,17.0,-4710.0,-20161.0,-20242.0,3152.0,3233.0,100.0,24.3,35.5,19.5,10.9,27.1,6.7,2.1,8.5,2.3,4.0,8.1,96.5,96.1,3.5,3.9,100.0,24.3,35.5,19.5,10.9,27.1,6.7,2.1,8.5,2.3,4.0,8.1,96.5,96.1,3.5,3.9,100.0,0.0,0.0,0.0,0.0,0.0,0.0,0.0,0.0,0.0,0.0,0.0,0.0,0.0,0.0,0.0,111,32.0,36.0,16.0,15.0,25.0,13.0,11.0,18.0,12,6.0,16,98,104,111,32.0,36.0,16.0,15.0,25.0,13.0,11.0,18.0,12,6.0,16,98,104,0,0,0,0,0,0,0,0,0,0,0,0,0,0,27.8,20.3,41.0,32.8,17.7,12.0,23.7,19.5,27.8,20.3,41.0,32.8,17.7,12.0,23.7,19.5,0.0,0.0,0.0,0.0,0.0,0.0,0.0,0.0,"(CONTRACTS OF 1,000 BARRELS)",N10,CRUDE OIL,PETROLEUM AND PRODUCTS,NATURAL RESOURCES,FutOnly
100112067411F,"CRUDE OIL, LIGHT SWEET - ICE FUTURES EUROPE",2010-01-12T00:00:00.000,2010 Report Week 02,"CRUDE OIL, LIGHT SWEET-WTI",67411,ICEU,NYC,67,CRUDE OIL,523187,127421,190760,97821,50917,148665,38361,8835,41860,9049,20299,45595,508772,506931,14415,16256,523187,127421,190760,97821,50917,148665,38361,8835,41860,9049,20299,45595,508772,506931,14415,16256,0,0,0,0,0,0,0,0,0,0,0,0,0,0,0,0,2197.0,8482.0,624.0,1209.0,1559.0,-1225.0,675.0,2900.0,431.0,-1394.0,1889.0,1080.0,9258.0,7258.0,-7061.0,-5061.0,100.0,24.4,36.5,18.7,9.7,28.4,7.3,1.7,8.0,1.7,3.9,8.7,97.2,96.9,2.8,3.1,100.0,24.4,36.5,18.7,9.7,28.4,7.3,1.7,8.0,1.7,3.9,8.7,97.2,96.9,2.8,3.1,100.0,0.0,0.0,0.0,0.0,0.0,0.0,0.0,0.0,0.0,0.0,0.0,0.0,0.0,0.0,0.0,123,35.0,40.0,18.0,14.0,26.0,15.0,11.0,18.0,14,9.0,21,107,115,123,35.0,40.0,18.0,14.0,26.0,15.0,11.0,18.0,14,9.0,21,107,115,0,0,0,0,0,0,0,0,0,0,0,0,0,0,27.6,20.3,41.4,32.8,16.4,10.7,22.2,17.9,27.6,20.3,41.4,32.8,16.4,10.7,22.2,17.9,0.0,0.0,0.0,0.0,0.0,0.0,0.0,0.0,"(CONTRACTS OF 1,000 BARRELS)",N10,CRUDE OIL,PETROLEUM AND PRODUCTS,NATURAL RESOURCES,FutOnly
100105067411F,"CRUDE OIL, LIGHT SWEET - ICE FUTURES EUROPE",2010-01-05T00:00:00.000,2010 Report Week 01,"CRUDE OIL, LIGHT SWEET-WTI",67411,ICEU,NYC,67,CRUDE OIL,520990,118939,190136,96612,49358,149890,37686,5935,41429,10443,18410,44515,499514,499673,21476,21317,520990,118939,190136,96612,49358,149890,37686,5935,41429,10443,18410,44515,499514,499673,21476,21317,0,0,0,0,0,0,0,0,0,0,0,0,0,0,0,0,17898.0,5721.0,-3655.0,-166.0,2593.0,5828.0,-2148.0,1906.0,2736.0,-890.0,2375.0,3354.0,14435.0,15137.0,3463.0,2761.0,100.0,22.8,36.5,18.5,9.5,28.8,7.2,1.1,8.0,2.0,3.5,8.5,95.9,95.9,4.1,4.1,100.0,22.8,36.5,18.5,9.5,28.8,7.2,1.1,8.0,2.0,3.5,8.5,95.9,95.9,4.1,4.1,100.0,0.0,0.0,0.0,0.0,0.0,0.0,0.0,0.0,0.0,0.0,0.0,0.0,0.0,0.0,0.0,115,31.0,36.0,17.0,13.0,23.0,15.0,7.0,17.0,14,9.0,22,100,107,115,31.0,36.0,17.0,13.0,23.0,15.0,7.0,17.0,14,9.0,22,100,107,0,0,0,0,0,0,0,0,0,0,0,0,0,0,25.9,19.8,40.3,32.0,14.5,9.9,20.9,16.5,25.9,19.8,40.3,32.0,14.5,9.9,20.9,16.5,0.0,0.0,0.0,0.0,0.0,0.0,0.0,0.0,"(CONTRACTS OF 1,000 BARRELS)",N10,CRUDE OIL,PETROLEUM AND PRODUCTS,NATURAL RESOURCES,FutOnly
091229067411F,"CRUDE OIL, LIGHT SWEET - ICE FUTURES EUROPE",2009-12-29T00:00:00.000,2009 Report Week 52,"CRUDE OIL, LIGHT SWEET-WTI",67411,ICEU,NYC,67,CRUDE OIL,503092,113218,193791,96778,46765,144062,39834,4029,38693,11333,16035,41161,485079,484536,18013,18556,503092,113218,193791,96778,46765,144062,39834,4029,38693,11333,16035,41161,485079,484536,18013,18556,0,0,0,0,0,0,0,0,0,0,0,0,0,0,0,0,2534.0,-1952.0,4150.0,1684.0,99.0,-1743.0,2019.0,-2049.0,-177.0,3251.0,-1100.0,2056.0,5138.0,1236.0,-2604.0,1298.0,100.0,22.5,38.5,19.2,9.3,28.6,7.9,0.8,7.7,2.3,3.2,8.2,96.4,96.3,3.6,3.7,100.0,22.5,38.5,19.2,9.3,28.6,7.9,0.8,7.7,2.3,3.2,8.2,96.4,96.3,3.6,3.7,100.0,0.0,0.0,0.0,0.0,0.0,0.0,0.0,0.0,0.0,0.0,0.0,0.0,0.0,0.0,0.0,111,33.0,37.0,16.0,13.0,23.0,16.0,5.0,16.0,14,7.0,18,98,102,111,33.0,37.0,16.0,13.0,23.0,16.0,5.0,16.0,14,7.0,18,98,102,0,0,0,0,0,0,0,0,0,0,0,0,0,0,26.2,20.7,41.0,32.7,15.5,9.5,21.7,16.7,26.2,20.7,41.0,32.7,15.5,9.5,21.7,16.7,0.0,0.0,0.0,0.0,0.0,0.0,0.0,0.0,"(CONTRACTS OF 1,000 BARRELS)",N10,CRUDE OIL,PETROLEUM AND PRODUCTS,NATURAL RESOURCES,FutOnly
091222067411F,"CRUDE OIL, LIGHT SWEET - ICE FUTURES EUROPE",2009-12-22T00:00:00.000,2009 Report Week 51,"CRUDE OIL, LIGHT SWEET-WTI",67411,ICEU,NYC,67,CRUDE OIL,500558,115170,189641,95094,46666,145805,37815,6078,38870,8082,17135,39105,479941,483300,20617,17258,500558,115170,189641,95094,46666,145805,37815,6078,38870,8082,17135,39105,479941,483300,20617,17258,0,0,0,0,0,0,0,0,0,0,0,0,0,0,0,0,-22511.0,-6318.0,-8642.0,-2162.0,724.0,-4204.0,2223.0,230.0,-792.0,-2286.0,1275.0,-10472.0,-24011.0,-21881.0,1500.0,-630.0,100.0,23.0,37.9,19.0,9.3,29.1,7.6,1.2,7.8,1.6,3.4,7.8,95.9,96.6,4.1,3.4,100.0,23.0,37.9,19.0,9.3,29.1,7.6,1.2,7.8,1.6,3.4,7.8,95.9,96.6,4.1,3.4,100.0,0.0,0.0,0.0,0.0,0.0,0.0,0.0,0.0,0.0,0.0,0.0,0.0,0.0,0.0,0.0,111,35.0,37.0,16.0,13.0,23.0,15.0,8.0,18.0,10,8.0,16,99,102,111,35.0,37.0,16.0,13.0,23.0,15.0,8.0,18.0,10,8.0,16,99,102,0,0,0,0,0,0,0,0,0,0,0,0,0,0,26.3,21.1,41.2,33.1,15.6,9.7,21.5,16.2,26.3,21.1,41.2,33.1,15.6,9.7,21.5,16.2,0.0,0.0,0.0,0.0,0.0,0.0,0.0,0.0,"(CONTRACTS OF 1,000 BARRELS)",N10,CRUDE OIL,PETROLEUM AND PRODUCTS,NATURAL RESOURCES,FutOnly
091215067411F,"CRUDE OIL, LIGHT SWEET - ICE FUTURES EUROPE",2009-12-15T00:00:00.000,2009 Report Week 50,"CRUDE OIL, LIGHT SWEET-WTI",67411,ICEU,NYC,67,CRUDE OIL,523069,121488,198283,97256,45942,150009,35592,5848,39662,10368,15860,49577,503952,505181,19117,17888,523069,121488,198283,97256,45942,150009,35592,5848,39662,10368,15860,49577,503952,505181,19117,17888,0,0,0,0,0,0,0,0,0,0,0,0,0,0,0,0,-11829.0,-8889.0,812.0,3636.0,16029.0,-7312.0,4013.0,-4889.0,-6964.0,6197.0,-6053.0,-1321.0,-10640.0,-9698.0,-1189.0,-2131.0,100.0,23.2,37.9,18.6,8.8,28.7,6.8,1.1,7.6,2.0,3.0,9.5,96.3,96.6,3.7,3.4,100.0,23.2,37.9,18.6,8.8,28.7,6.8,1.1,7.6,2.0,3.0,9.5,96.3,96.6,3.7,3.4,100.0,0.0,0.0,0.0,0.0,0.0,0.0,0.0,0.0,0.0,0.0,0.0,0.0,0.0,0.0,0.0,119,34.0,39.0,17.0,14.0,26.0,16.0,8.0,16.0,13,9.0,22,106,111,119,34.0,39.0,17.0,14.0,26.0,16.0,8.0,16.0,13,9.0,22,106,111,0,0,0,0,0,0,0,0,0,0,0,0,0,0,25.0,19.5,38.7,32.3,14.1,10.3,19.3,16.4,25.0,19.5,38.7,32.3,14.1,10.3,19.3,16.4,0.0,0.0,0.0,0.0,0.0,0.0,0.0,0.0,"(CONTRACTS OF 1,000 BARRELS)",N10,CRUDE OIL,PETROLEUM AND PRODUCTS,NATURAL RESOURCES,FutOnly
091208067411F,"CRUDE OIL, LIGHT SWEET - ICE FUTURES EUROPE",2009-12-08T00:00:00.000,2009 Report Week 49,"CRUDE OIL, LIGHT SWEET-WTI",67411,ICEU,NYC,67,CRUDE OIL,534898,130377,197471,93620,29913,157321,31579,10737,46626,4171,21913,50898,514592,514879,20306,20019,534898,130377,197471,93620,29913,157321,31579,10737,46626,4171,21913,50898,514592,514879,20306,20019,0,0,0,0,0,0,0,0,0,0,0,0,0,0,0,0,41566.0,17359.0,31171.0,-786.0,-5816.0,12757.0,-1762.0,-9852.0,8949.0,-258.0,-1546.0,7450.0,43709.0,43113.0,-2143.0,-1547.0,100.0,24.4,36.9,17.5,5.6,29.4,5.9,2.0,8.7,0.8,4.1,9.5,96.2,96.3,3.8,3.7,100.0,24.4,36.9,17.5,5.6,29.4,5.9,2.0,8.7,0.8,4.1,9.5,96.2,96.3,3.8,3.7,100.0,0.0,0.0,0.0,0.0,0.0,0.0,0.0,0.0,0.0,0.0,0.0,0.0,0.0,0.0,0.0,117,33.0,39.0,17.0,13.0,26.0,14.0,9.0,18.0,8,14.0,22,105,111,117,33.0,39.0,17.0,13.0,26.0,14.0,9.0,18.0,8,14.0,22,105,111,0,0,0,0,0,0,0,0,0,0,0,0,0,0,25.1,18.9,39.3,30.9,13.7,9.6,19.5,15.4,25.1,18.9,39.3,30.9,13.7,9.6,19.5,15.4,0.0,0.0,0.0,0.0,0.0,0.0,0.0,0.0,"(CONTRACTS OF 1,000 BARRELS)",N10,CRUDE OIL,PETROLEUM AND PRODUCTS,NATURAL RESOURCES,FutOnly
091201067411F,"CRUDE OIL, LIGHT SWEET - ICE FUTURES EUROPE",2009-12-01T00:00:00.000,2009 Report Week 48,"CRUDE OIL, LIGHT SWEET-WTI",67411,ICEU,NYC,67,CRUDE OIL,493332,113018,166300,94406,35729,144564,33341,20589,37677,4429,23459,43448,470883,471766,22449,21566,493332,113018,166300,94406,35729,144564,33341,20589,37677,4429,23459,43448,470883,471766,22449,21566,0,0,0,0,0,0,0,0,0,0,0,0,0,0,0,0,17170.0,9166.0,2735.0,-621.0,-2294.0,3316.0,1892.0,3977.0,-1800.0,-2687.0,2977.0,5482.0,14748.0,14393.0,2422.0,2777.0,100.0,22.9,33.7,19.1,7.2,29.3,6.8,4.2,7.6,0.9,4.8,8.8,95.4,95.6,4.6,4.4,100.0,22.9,33.7,19.1,7.2,29.3,6.8,4.2,7.6,0.9,4.8,8.8,95.4,95.6,4.6,4.4,100.0,0.0,0.0,0.0,0.0,0.0,0.0,0.0,0.0,0.0,0.0,0.0,0.0,0.0,0.0,0.0,109,31.0,33.0,15.0,13.0,24.0,14.0,9.0,16.0,9,12.0,19,96,101,109,31.0,33.0,15.0,13.0,24.0,14.0,9.0,16.0,9,12.0,19,96,101,0,0,0,0,0,0,0,0,0,0,0,0,0,0,25.5,19.3,40.6,32.4,14.9,11.1,21.6,18.4,25.5,19.3,40.6,32.4,14.9,11.1,21.6,18.4,0.0,0.0,0.0,0.0,0.0,0.0,0.0,0.0,"(CONTRACTS OF 1,000 BARRELS)",N10,CRUDE OIL,PETROLEUM AND PRODUCTS,NATURAL RESOURCES,FutOnly
091124067411F,"CRUDE OIL, LIGHT SWEET - ICE FUTURES EUROPE",2009-11-24T00:00:00.000,2009 Report Week 47,"CRUDE OIL, LIGHT SWEET-WTI",67411,ICEU,NYC,67,CRUDE OIL,476162,103852,163565,95027,38023,141248,31449,16612,39477,7116,20482,37966,456135,457373,20027,18789,476162,103852,163565,95027,38023,141248,31449,16612,39477,7116,20482,37966,456135,457373,20027,18789,0,0,0,0,0,0,0,0,0,0,0,0,0,0,0,0,-35356.0,-3089.0,-9026.0,4580.0,-496.0,-23972.0,-7892.0,1765.0,2116.0,-3885.0,-336.0,-1426.0,-33568.0,-31375.0,-1788.0,-3981.0,100.0,21.8,34.4,20.0,8.0,29.7,6.6,3.5,8.3,1.5,4.3,8.0,95.8,96.1,4.2,3.9,100.0,21.8,34.4,20.0,8.0,29.7,6.6,3.5,8.3,1.5,4.3,8.0,95.8,96.1,4.2,3.9,100.0,0.0,0.0,0.0,0.0,0.0,0.0,0.0,0.0,0.0,0.0,0.0,0.0,0.0,0.0,0.0,108,32.0,35.0,15.0,14.0,25.0,13.0,8.0,14.0,8,11.0,17,95,99,108,32.0,35.0,15.0,14.0,25.0,13.0,8.0,14.0,8,11.0,17,95,99,0,0,0,0,0,0,0,0,0,0,0,0,0,0,26.5,20.7,42.2,33.4,15.5,10.8,22.1,18.9,26.5,20.7,42.2,33.4,15.5,10.8,22.1,18.9,0.0,0.0,0.0,0.0,0.0,0.0,0.0,0.0,"(CONTRACTS OF 1,000 BARRELS)",N10,CRUDE OIL,PETROLEUM AND PRODUCTS,NATURAL RESOURCES,FutOnly
091117067411F,"CRUDE OIL, LIGHT SWEET - ICE FUTURES EUROPE",2009-11-17T00:00:00.000,2009 Report Week 46,"CRUDE OIL, LIGHT SWEET-WTI",67411,ICEU,NYC,67,CRUDE OIL,511518,106941,172591,90447,38519,165220,39341,14847,37361,11001,20818,39392,489703,488748,21815,22770,511518,106941,172591,90447,38519,165220,39341,14847,37361,11001,20818,39392,489703,488748,21815,22770,0,0,0,0,0,0,0,0,0,0,0,0,0,0,0,0,17344.0,5580.0,6.0,-3878.0,1622.0,12966.0,1347.0,3142.0,-2193.0,888.0,1398.0,278.0,14988.0,17219.0,2356.0,125.0,100.0,20.9,33.7,17.7,7.5,32.3,7.7,2.9,7.3,2.2,4.1,7.7,95.7,95.5,4.3,4.5,100.0,20.9,33.7,17.7,7.5,32.3,7.7,2.9,7.3,2.2,4.1,7.7,95.7,95.5,4.3,4.5,100.0,0.0,0.0,0.0,0.0,0.0,0.0,0.0,0.0,0.0,0.0,0.0,0.0,0.0,0.0,0.0,110,30.0,34.0,16.0,12.0,24.0,17.0,5.0,13.0,17,8.0,21,98,99,110,30.0,34.0,16.0,12.0,24.0,17.0,5.0,13.0,17,8.0,21,98,99,0,0,0,0,0,0,0,0,0,0,0,0,0,0,26.5,20.4,41.2,32.1,14.2,9.6,18.9,17.3,26.5,20.4,41.2,32.1,14.2,9.6,18.9,17.3,0.0,0.0,0.0,0.0,0.0,0.0,0.0,0.0,"(CONTRACTS OF 1,000 BARRELS)",N10,CRUDE OIL,PETROLEUM AND PRODUCTS,NATURAL RESOURCES,FutOnly
091109067411F,"CRUDE OIL, LIGHT SWEET - ICE FUTURES EUROPE",2009-11-09T00:00:00.000,2009 Report Week 45,"CRUDE OIL, LIGHT SWEET-WTI",67411,ICEU,NYC,67,CRUDE OIL,494174,101361,172585,94325,36897,152254,37994,11705,39554,10113,19420,39114,474715,471529,19459,22645,494174,101361,172585,94325,36897,152254,37994,11705,39554,10113,19420,39114,474715,471529,19459,22645,0,0,0,0,0,0,0,0,0,0,0,0,0,0,0,0,8561.0,4592.0,7773.0,93.0,-2989.0,5246.0,297.0,3175.0,1745.0,2963.0,-1822.0,-1552.0,13384.0,11576.0,-4823.0,-3015.0,100.0,20.5,34.9,19.1,7.5,30.8,7.7,2.4,8.0,2.0,3.9,7.9,96.1,95.4,3.9,4.6,100.0,20.5,34.9,19.1,7.5,30.8,7.7,2.4,8.0,2.0,3.9,7.9,96.1,95.4,3.9,4.6,100.0,0.0,0.0,0.0,0.0,0.0,0.0,0.0,0.0,0.0,0.0,0.0,0.0,0.0,0.0,0.0,112,28.0,36.0,16.0,12.0,24.0,16.0,8.0,17.0,13,7.0,19,98,101,112,28.0,36.0,16.0,12.0,24.0,16.0,8.0,17.0,13,7.0,19,98,101,0,0,0,0,0,0,0,0,0,0,0,0,0,0,27.5,18.8,41.4,30.9,15.0,9.9,20.0,16.4,27.5,18.8,41.4,30.9,15.0,9.9,20.0,16.4,0.0,0.0,0.0,0.0,0.0,0.0,0.0,0.0,"(CONTRACTS OF 1,000 BARRELS)",N10,CRUDE OIL,PETROLEUM AND PRODUCTS,NATURAL RESOURCES,FutOnly
091103067411F,"CRUDE OIL, LIGHT SWEET - ICE FUTURES EUROPE",2009-11-03T00:00:00.000,2009 Report Week 44,"CRUDE OIL, LIGHT SWEET-WTI",67411,ICEU,NYC,67,CRUDE OIL,485613,96769,164812,94232,39886,147008,37697,8530,37809,7150,21242,40666,461331,459953,24282,25660,485613,96769,164812,94232,39886,147008,37697,8530,37809,7150,21242,40666,461331,459953,24282,25660,0,0,0,0,0,0,0,0,0,0,0,0,0,0,0,0,2908.0,12525.0,7032.0,-7012.0,-9668.0,5345.0,-2538.0,1107.0,751.0,-6463.0,-2875.0,-4.0,2604.0,1688.0,304.0,1220.0,100.0,19.9,33.9,19.4,8.2,30.3,7.8,1.8,7.8,1.5,4.4,8.4,95.0,94.7,5.0,5.3,100.0,19.9,33.9,19.4,8.2,30.3,7.8,1.8,7.8,1.5,4.4,8.4,95.0,94.7,5.0,5.3,100.0,0.0,0.0,0.0,0.0,0.0,0.0,0.0,0.0,0.0,0.0,0.0,0.0,0.0,0.0,0.0,109,27.0,36.0,18.0,11.0,26.0,15.0,8.0,15.0,11,8.0,17,95,98,109,27.0,36.0,18.0,11.0,26.0,15.0,8.0,15.0,11,8.0,17,95,98,0,0,0,0,0,0,0,0,0,0,0,0,0,0,28.3,19.7,42.3,31.3,15.7,10.5,20.8,16.3,28.3,19.7,42.3,31.3,15.7,10.5,20.8,16.3,0.0,0.0,0.0,0.0,0.0,0.0,0.0,0.0,"(CONTRACTS OF 1,000 BARRELS)",N10,CRUDE OIL,PETROLEUM AND PRODUCTS,NATURAL RESOURCES,FutOnly
091027067411F,"CRUDE OIL, LIGHT SWEET - ICE FUTURES EUROPE",2009-10-27T00:00:00.000,2009 Report Week 43,"CRUDE OIL, LIGHT SWEET-WTI",67411,ICEU,NYC,67,CRUDE OIL,482705,84244,157780,101244,49554,141663,40235,7423,37058,13613,24117,40670,458727,458265,23978,24440,482705,84244,157780,101244,49554,141663,40235,7423,37058,13613,24117,40670,458727,458265,23978,24440,0,0,0,0,0,0,0,0,0,0,0,0,0,0,0,0,15049.0,7030.0,4438.0,913.0,858.0,8745.0,-781.0,-536.0,-1651.0,1790.0,156.0,-4044.0,12002.0,7966.0,3047.0,7083.0,100.0,17.5,32.7,21.0,10.3,29.3,8.3,1.5,7.7,2.8,5.0,8.4,95.0,94.9,5.0,5.1,100.0,17.5,32.7,21.0,10.3,29.3,8.3,1.5,7.7,2.8,5.0,8.4,95.0,94.9,5.0,5.1,100.0,0.0,0.0,0.0,0.0,0.0,0.0,0.0,0.0,0.0,0.0,0.0,0.0,0.0,0.0,0.0,114,26.0,35.0,16.0,11.0,24.0,16.0,9.0,16.0,12,11.0,22,99,102,114,26.0,35.0,16.0,11.0,24.0,16.0,9.0,16.0,12,11.0,22,99,102,0,0,0,0,0,0,0,0,0,0,0,0,0,0,27.9,21.1,41.4,33.4,16.3,13.3,22.1,19.2,27.9,21.1,41.4,33.4,16.3,13.3,22.1,19.2,0.0,0.0,0.0,0.0,0.0,0.0,0.0,0.0,"(CONTRACTS OF 1,000 BARRELS)",N10,CRUDE OIL,PETROLEUM AND PRODUCTS,NATURAL RESOURCES,FutOnly
091020067411F,"CRUDE OIL, LIGHT SWEET - ICE FUTURES EUROPE",2009-10-20T00:00:00.000,2009 Report Week 42,"CRUDE OIL, LIGHT SWEET-WTI",67411,ICEU,NYC,67,CRUDE OIL,467656,77214,153342,100331,48696,132918,41016,7959,38709,11823,23961,44714,446725,450299,20931,17357,467656,77214,153342,100331,48696,132918,41016,7959,38709,11823,23961,44714,446725,450299,20931,17357,0,0,0,0,0,0,0,0,0,0,0,0,0,0,0,0,-20222.0,-25555.0,-3852.0,11259.0,3074.0,-12653.0,-61.0,-684.0,776.0,8826.0,491.0,242.0,-17166.0,-12606.0,-3056.0,-7616.0,100.0,16.5,32.8,21.5,10.4,28.4,8.8,1.7,8.3,2.5,5.1,9.6,95.5,96.3,4.5,3.7,100.0,16.5,32.8,21.5,10.4,28.4,8.8,1.7,8.3,2.5,5.1,9.6,95.5,96.3,4.5,3.7,100.0,0.0,0.0,0.0,0.0,0.0,0.0,0.0,0.0,0.0,0.0,0.0,0.0,0.0,0.0,0.0,110,25.0,34.0,14.0,12.0,23.0,14.0,8.0,15.0,14,9.0,22,95,99,110,25.0,34.0,14.0,12.0,23.0,14.0,8.0,15.0,14,9.0,22,95,99,0,0,0,0,0,0,0,0,0,0,0,0,0,0,28.3,20.2,41.4,32.6,16.7,12.6,23.1,19.5,28.3,20.2,41.4,32.6,16.7,12.6,23.1,19.5,0.0,0.0,0.0,0.0,0.0,0.0,0.0,0.0,"(CONTRACTS OF 1,000 BARRELS)",N10,CRUDE OIL,PETROLEUM AND PRODUCTS,NATURAL RESOURCES,FutOnly
091013067411F,"CRUDE OIL, LIGHT SWEET - ICE FUTURES EUROPE",2009-10-13T00:00:00.000,2009 Report Week 41,"CRUDE OIL, LIGHT SWEET-WTI",67411,ICEU,NYC,67,CRUDE OIL,487878,102769,157194,89072,45622,145571,41077,8643,37933,2997,23470,44472,463891,462905,23987,24973,487878,102769,157194,89072,45622,145571,41077,8643,37933,2997,23470,44472,463891,462905,23987,24973,0,0,0,0,0,0,0,0,0,0,0,0,0,0,0,0,-9348.0,-2714.0,-2369.0,10036.0,5574.0,-24395.0,-2701.0,1527.0,386.0,-235.0,-1436.0,9024.0,-10599.0,-11689.0,1251.0,2341.0,100.0,21.1,32.2,18.3,9.4,29.8,8.4,1.8,7.8,0.6,4.8,9.1,95.1,94.9,4.9,5.1,100.0,21.1,32.2,18.3,9.4,29.8,8.4,1.8,7.8,0.6,4.8,9.1,95.1,94.9,4.9,5.1,100.0,0.0,0.0,0.0,0.0,0.0,0.0,0.0,0.0,0.0,0.0,0.0,0.0,0.0,0.0,0.0,106,30.0,35.0,16.0,11.0,25.0,14.0,7.0,15.0,10,10.0,20,97,98,106,30.0,35.0,16.0,11.0,25.0,14.0,7.0,15.0,10,10.0,20,97,98,0,0,0,0,0,0,0,0,0,0,0,0,0,0,26.6,20.4,39.8,32.5,14.6,10.7,21.4,16.1,26.6,20.4,39.8,32.5,14.6,10.7,21.4,16.1,0.0,0.0,0.0,0.0,0.0,0.0,0.0,0.0,"(CONTRACTS OF 1,000 BARRELS)",N10,CRUDE OIL,PETROLEUM AND PRODUCTS,NATURAL RESOURCES,FutOnly
091006067411F,"CRUDE OIL, LIGHT SWEET - ICE FUTURES EUROPE",2009-10-06T00:00:00.000,2009 Report Week 40,"CRUDE OIL, LIGHT SWEET-WTI",67411,ICEU,NYC,67,CRUDE OIL,497226,105483,159563,79036,40048,169966,43778,7116,37547,3232,24906,35448,474490,474594,22736,22632,497226,105483,159563,79036,40048,169966,43778,7116,37547,3232,24906,35448,474490,474594,22736,22632,0,0,0,0,0,0,0,0,0,0,0,0,0,0,0,0,14433.0,4739.0,20896.0,3103.0,719.0,-1661.0,5757.0,-2392.0,1091.0,2393.0,497.0,-4016.0,11406.0,15134.0,3027.0,-701.0,100.0,21.2,32.1,15.9,8.1,34.2,8.8,1.4,7.6,0.7,5.0,7.1,95.4,95.4,4.6,4.6,100.0,21.2,32.1,15.9,8.1,34.2,8.8,1.4,7.6,0.7,5.0,7.1,95.4,95.4,4.6,4.6,100.0,0.0,0.0,0.0,0.0,0.0,0.0,0.0,0.0,0.0,0.0,0.0,0.0,0.0,0.0,0.0,103,29.0,34.0,15.0,11.0,24.0,14.0,9.0,15.0,8,10.0,16,92,94,103,29.0,34.0,15.0,11.0,24.0,14.0,9.0,15.0,8,10.0,16,92,94,0,0,0,0,0,0,0,0,0,0,0,0,0,0,28.7,23.0,42.2,36.3,14.3,9.2,20.0,14.3,28.7,23.0,42.2,36.3,14.3,9.2,20.0,14.3,0.0,0.0,0.0,0.0,0.0,0.0,0.0,0.0,"(CONTRACTS OF 1,000 BARRELS)",N10,CRUDE OIL,PETROLEUM AND PRODUCTS,NATURAL RESOURCES,FutOnly
090929067411F,"CRUDE OIL, LIGHT SWEET - ICE FUTURES EUROPE",2009-09-29T00:00:00.000,2009 Report Week 39,"CRUDE OIL, LIGHT SWEET-WTI",67411,ICEU,NYC,67,CRUDE OIL,482793,100744,138667,75933,39329,171627,38021,9508,36456,839,24409,39464,463084,459460,19709,23333,482793,100744,138667,75933,39329,171627,38021,9508,36456,839,24409,39464,463084,459460,19709,23333,0,0,0,0,0,0,0,0,0,0,0,0,0,0,0,0,2093.0,4338.0,-11585.0,7209.0,1321.0,-8060.0,-2283.0,5030.0,-1366.0,-5955.0,2544.0,6875.0,758.0,-5241.0,1335.0,7334.0,100.0,20.9,28.7,15.7,8.1,35.5,7.9,2.0,7.6,0.2,5.1,8.2,95.9,95.2,4.1,4.8,100.0,20.9,28.7,15.7,8.1,35.5,7.9,2.0,7.6,0.2,5.1,8.2,95.9,95.2,4.1,4.8,100.0,0.0,0.0,0.0,0.0,0.0,0.0,0.0,0.0,0.0,0.0,0.0,0.0,0.0,0.0,0.0,100,24.0,34.0,16.0,11.0,25.0,11.0,11.0,13.0,4,11.0,16,84,94,100,24.0,34.0,16.0,11.0,25.0,11.0,11.0,13.0,4,11.0,16,84,94,0,0,0,0,0,0,0,0,0,0,0,0,0,0,29.8,24.0,43.9,36.3,14.5,10.0,19.8,15.2,29.8,24.0,43.9,36.3,14.5,10.0,19.8,15.2,0.0,0.0,0.0,0.0,0.0,0.0,0.0,0.0,"(CONTRACTS OF 1,000 BARRELS)",N10,CRUDE OIL,PETROLEUM AND PRODUCTS,NATURAL RESOURCES,FutOnly
090922067411F,"CRUDE OIL, LIGHT SWEET - ICE EUROPE",2009-09-22T00:00:00.000,2009 Report Week 38,"CRUDE OIL, LIGHT SWEET-WTI",67411,ICEU,NYC,67,CRUDE OIL,480700,96406,150252,68724,38008,179687,40304,4478,37822,6794,21865,32589,462326,464701,18374,15999,480700,96406,150252,68724,38008,179687,40304,4478,37822,6794,21865,32589,462326,464701,18374,15999,0,0,0,0,0,0,0,0,0,0,0,0,0,0,0,0,-27447.0,-19828.0,-12523.0,3885.0,1006.0,1911.0,-1334.0,-1054.0,-4750.0,2135.0,251.0,-5285.0,-23266.0,-20444.0,-4181.0,-7003.0,100.0,20.1,31.3,14.3,7.9,37.4,8.4,0.9,7.9,1.4,4.5,6.8,96.2,96.7,3.8,3.3,100.0,20.1,31.3,14.3,7.9,37.4,8.4,0.9,7.9,1.4,4.5,6.8,96.2,96.7,3.8,3.3,100.0,0.0,0.0,0.0,0.0,0.0,0.0,0.0,0.0,0.0,0.0,0.0,0.0,0.0,0.0,0.0,102,26.0,33.0,15.0,13.0,26.0,15.0,8.0,14.0,9,7.0,15,89,93,102,26.0,33.0,15.0,13.0,26.0,15.0,8.0,14.0,9,7.0,15,89,93,0,0,0,0,0,0,0,0,0,0,0,0,0,0,29.9,25.2,43.8,38.2,13.6,10.2,18.7,15.5,29.9,25.2,43.8,38.2,13.6,10.2,18.7,15.5,0.0,0.0,0.0,0.0,0.0,0.0,0.0,0.0,"(CONTRACTS OF 1,000 BARRELS)",N10,CRUDE OIL,PETROLEUM AND PRODUCTS,NATURAL RESOURCES,FutOnly
090915067411F,"CRUDE OIL, LIGHT SWEET - ICE EUROPE",2009-09-15T00:00:00.000,2009 Report Week 37,"CRUDE OIL, LIGHT SWEET-WTI",67411,ICEU,NYC,67,CRUDE OIL,508147,116234,162775,64839,37002,177776,41638,5532,42572,4659,21614,37874,485592,485145,22555,23002,508147,116234,162775,64839,37002,177776,41638,5532,42572,4659,21614,37874,485592,485145,22555,23002,0,0,0,0,0,0,0,0,0,0,0,0,0,0,0,0,27251.0,14121.0,9490.0,64.0,4782.0,703.0,-3417.0,792.0,1725.0,2235.0,-346.0,8339.0,23770.0,25485.0,3481.0,1766.0,100.0,22.9,32.0,12.8,7.3,35.0,8.2,1.1,8.4,0.9,4.3,7.5,95.6,95.5,4.4,4.5,100.0,22.9,32.0,12.8,7.3,35.0,8.2,1.1,8.4,0.9,4.3,7.5,95.6,95.5,4.4,4.5,100.0,0.0,0.0,0.0,0.0,0.0,0.0,0.0,0.0,0.0,0.0,0.0,0.0,0.0,0.0,0.0,105,25.0,32.0,17.0,12.0,27.0,15.0,8.0,14.0,8,8.0,17,91,96,105,25.0,32.0,17.0,12.0,27.0,15.0,8.0,14.0,8,8.0,17,91,96,0,0,0,0,0,0,0,0,0,0,0,0,0,0,27.3,23.2,41.1,35.9,12.8,9.9,16.8,15.4,27.3,23.2,41.1,35.9,12.8,9.9,16.8,15.4,0.0,0.0,0.0,0.0,0.0,0.0,0.0,0.0,"(CONTRACTS OF 1,000 BARRELS)",N10,CRUDE OIL,PETROLEUM AND PRODUCTS,NATURAL RESOURCES,FutOnly
090908067411F,"CRUDE OIL, LIGHT SWEET - ICE EUROPE",2009-09-08T00:00:00.000,2009 Report Week 36,"CRUDE OIL, LIGHT SWEET-WTI",67411,ICEU,NYC,67,CRUDE OIL,480896,102113,153285,64775,32220,177073,45055,4740,40847,2424,21960,29535,461822,459660,19074,21236,480896,102113,153285,64775,32220,177073,45055,4740,40847,2424,21960,29535,461822,459660,19074,21236,0,0,0,0,0,0,0,0,0,0,0,0,0,0,0,0,-7127.0,8596.0,10997.0,-8470.0,-5299.0,-4640.0,3784.0,-2501.0,1774.0,467.0,-454.0,-7200.0,-5689.0,-7323.0,-1438.0,196.0,100.0,21.2,31.9,13.5,6.7,36.8,9.4,1.0,8.5,0.5,4.6,6.1,96.0,95.6,4.0,4.4,100.0,21.2,31.9,13.5,6.7,36.8,9.4,1.0,8.5,0.5,4.6,6.1,96.0,95.6,4.0,4.4,100.0,0.0,0.0,0.0,0.0,0.0,0.0,0.0,0.0,0.0,0.0,0.0,0.0,0.0,0.0,0.0,106,25.0,34.0,14.0,15.0,27.0,15.0,9.0,15.0,7,9.0,18,93,98,106,25.0,34.0,14.0,15.0,27.0,15.0,9.0,15.0,7,9.0,18,93,98,0,0,0,0,0,0,0,0,0,0,0,0,0,0,29.6,23.7,44.8,36.1,13.1,10.4,18.2,15.5,29.6,23.7,44.8,36.1,13.1,10.4,18.2,15.5,0.0,0.0,0.0,0.0,0.0,0.0,0.0,0.0,"(CONTRACTS OF 1,000 BARRELS)",N10,CRUDE OIL,PETROLEUM AND PRODUCTS,NATURAL RESOURCES,FutOnly
090901067411F,"CRUDE OIL, LIGHT SWEET - ICE EUROPE",2009-09-01T00:00:00.000,2009 Report Week 35,"CRUDE OIL, LIGHT SWEET-WTI",67411,ICEU,NYC,67,CRUDE OIL,488023,93517,142288,73245,37519,181713,41271,7241,39073,1957,22414,36735,467511,466983,20512,21040,488023,93517,142288,73245,37519,181713,41271,7241,39073,1957,22414,36735,467511,466983,20512,21040,0,0,0,0,0,0,0,0,0,0,0,0,0,0,0,0,-7163.0,-1356.0,-10165.0,389.0,1189.0,766.0,-3910.0,1830.0,-863.0,-878.0,1812.0,-3366.0,-9218.0,-8797.0,2055.0,1634.0,100.0,19.2,29.2,15.0,7.7,37.2,8.5,1.5,8.0,0.4,4.6,7.5,95.8,95.7,4.2,4.3,100.0,19.2,29.2,15.0,7.7,37.2,8.5,1.5,8.0,0.4,4.6,7.5,95.8,95.7,4.2,4.3,100.0,0.0,0.0,0.0,0.0,0.0,0.0,0.0,0.0,0.0,0.0,0.0,0.0,0.0,0.0,0.0,100,26.0,31.0,14.0,15.0,27.0,13.0,10.0,17.0,4,10.0,15,88,96,100,26.0,31.0,14.0,15.0,27.0,13.0,10.0,17.0,4,10.0,15,88,96,0,0,0,0,0,0,0,0,0,0,0,0,0,0,28.6,24.9,45.2,37.5,12.2,9.4,17.5,14.3,28.6,24.9,45.2,37.5,12.2,9.4,17.5,14.3,0.0,0.0,0.0,0.0,0.0,0.0,0.0,0.0,"(CONTRACTS OF 1,000 BARRELS)",N10,CRUDE OIL,PETROLEUM AND PRODUCTS,NATURAL RESOURCES,FutOnly
090825067411F,"CRUDE OIL, LIGHT SWEET - ICE EUROPE",2009-08-25T00:00:00.000,2009 Report Week 34,"CRUDE OIL, LIGHT SWEET-WTI",67411,ICEU,NYC,67,CRUDE OIL,495186,94873,152453,72856,36330,180947,45181,5411,39936,2835,20602,40101,476729,475780,18457,19406,495186,94873,152453,72856,36330,180947,45181,5411,39936,2835,20602,40101,476729,475780,18457,19406,0,0,0,0,0,0,0,0,0,0,0,0,0,0,0,0,-18873.0,-16153.0,-17659.0,1477.0,12263.0,7630.0,1421.0,-3269.0,-7736.0,-1705.0,-7626.0,-1494.0,-16560.0,-17891.0,-2313.0,-982.0,100.0,19.2,30.8,14.7,7.3,36.5,9.1,1.1,8.1,0.6,4.2,8.1,96.3,96.1,3.7,3.9,100.0,19.2,30.8,14.7,7.3,36.5,9.1,1.1,8.1,0.6,4.2,8.1,96.3,96.1,3.7,3.9,100.0,0.0,0.0,0.0,0.0,0.0,0.0,0.0,0.0,0.0,0.0,0.0,0.0,0.0,0.0,0.0,102,29.0,32.0,16.0,13.0,26.0,16.0,6.0,17.0,5,10.0,16,94,95,102,29.0,32.0,16.0,13.0,26.0,16.0,6.0,17.0,5,10.0,16,94,95,0,0,0,0,0,0,0,0,0,0,0,0,0,0,28.5,24.6,44.8,38.0,11.4,8.8,16.8,14.4,28.5,24.6,44.8,38.0,11.4,8.8,16.8,14.4,0.0,0.0,0.0,0.0,0.0,0.0,0.0,0.0,"(CONTRACTS OF 1,000 BARRELS)",N10,CRUDE OIL,PETROLEUM AND PRODUCTS,NATURAL RESOURCES,FutOnly
090818067411F,"CRUDE OIL, LIGHT SWEET - ICE EUROPE",2009-08-18T00:00:00.000,2009 Report Week 33,"CRUDE OIL, LIGHT SWEET-WTI",67411,ICEU,NYC,67,CRUDE OIL,514059,111026,170112,71379,24067,173317,43760,8680,47672,4540,28228,41595,493289,493671,20770,20388,514059,111026,170112,71379,24067,173317,43760,8680,47672,4540,28228,41595,493289,493671,20770,20388,0,0,0,0,0,0,0,0,0,0,0,0,0,0,0,0,-512.0,3159.0,-11887.0,-13441.0,3985.0,4182.0,839.0,-2724.0,7205.0,-1253.0,1854.0,-904.0,-213.0,1711.0,-299.0,-2223.0,100.0,21.6,33.1,13.9,4.7,33.7,8.5,1.7,9.3,0.9,5.5,8.1,96.0,96.0,4.0,4.0,100.0,21.6,33.1,13.9,4.7,33.7,8.5,1.7,9.3,0.9,5.5,8.1,96.0,96.0,4.0,4.0,100.0,0.0,0.0,0.0,0.0,0.0,0.0,0.0,0.0,0.0,0.0,0.0,0.0,0.0,0.0,0.0,109,32.0,34.0,13.0,14.0,24.0,17.0,6.0,14.0,6,13.0,21,99,99,109,32.0,34.0,13.0,14.0,24.0,17.0,6.0,14.0,6,13.0,21,99,99,0,0,0,0,0,0,0,0,0,0,0,0,0,0,26.9,23.1,43.5,37.1,11.8,8.9,16.8,14.7,26.9,23.1,43.5,37.1,11.8,8.9,16.8,14.7,0.0,0.0,0.0,0.0,0.0,0.0,0.0,0.0,"(CONTRACTS OF 1,000 BARRELS)",N10,CRUDE OIL,PETROLEUM AND PRODUCTS,NATURAL RESOURCES,FutOnly
090811067411F,"CRUDE OIL, LIGHT SWEET - ICE EUROPE",2009-08-11T00:00:00.000,2009 Report Week 32,"CRUDE OIL, LIGHT SWEET-WTI",67411,ICEU,NYC,67,CRUDE OIL,514571,107867,181999,84820,20082,169135,42921,11404,40467,5793,26374,42499,493502,491960,21069,22611,514571,107867,181999,84820,20082,169135,42921,11404,40467,5793,26374,42499,493502,491960,21069,22611,0,0,0,0,0,0,0,0,0,0,0,0,0,0,0,0,-9847.0,756.0,-8659.0,-2869.0,2718.0,413.0,1325.0,654.0,7915.0,-3080.0,-1156.0,-1823.0,2637.0,62.0,-12484.0,-9909.0,100.0,21.0,35.4,16.5,3.9,32.9,8.3,2.2,7.9,1.1,5.1,8.3,95.9,95.6,4.1,4.4,100.0,21.0,35.4,16.5,3.9,32.9,8.3,2.2,7.9,1.1,5.1,8.3,95.9,95.6,4.1,4.4,100.0,0.0,0.0,0.0,0.0,0.0,0.0,0.0,0.0,0.0,0.0,0.0,0.0,0.0,0.0,0.0,110,30.0,33.0,14.0,14.0,25.0,17.0,6.0,15.0,10,11.0,22,100,100,110,30.0,33.0,14.0,14.0,25.0,17.0,6.0,15.0,10,11.0,22,100,100,0,0,0,0,0,0,0,0,0,0,0,0,0,0,27.6,22.0,44.1,35.4,13.2,8.6,19.0,14.5,27.6,22.0,44.1,35.4,13.2,8.6,19.0,14.5,0.0,0.0,0.0,0.0,0.0,0.0,0.0,0.0,"(CONTRACTS OF 1,000 BARRELS)",N10,CRUDE OIL,PETROLEUM AND PRODUCTS,NATURAL RESOURCES,FutOnly
090804067411F,"CRUDE OIL, LIGHT SWEET - ICE EUROPE",2009-08-04T00:00:00.000,2009 Report Week 31,"CRUDE OIL, LIGHT SWEET-WTI",67411,ICEU,NYC,67,CRUDE OIL,524418,107111,190658,87689,17364,168722,41596,10750,32552,8873,27530,44322,490865,491898,33553,32520,524418,107111,190658,87689,17364,168722,41596,10750,32552,8873,27530,44322,490865,491898,33553,32520,0,0,0,0,0,0,0,0,0,0,0,0,0,0,0,0,19209.0,-7144.0,-2386.0,-676.0,-1084.0,5974.0,2080.0,-976.0,4210.0,-476.0,-1663.0,6399.0,10367.0,10474.0,8842.0,8735.0,100.0,20.4,36.4,16.7,3.3,32.2,7.9,2.0,6.2,1.7,5.2,8.5,93.6,93.8,6.4,6.2,100.0,20.4,36.4,16.7,3.3,32.2,7.9,2.0,6.2,1.7,5.2,8.5,93.6,93.8,6.4,6.2,100.0,0.0,0.0,0.0,0.0,0.0,0.0,0.0,0.0,0.0,0.0,0.0,0.0,0.0,0.0,0.0,105,29.0,33.0,18.0,9.0,24.0,15.0,6.0,14.0,11,10.0,19,94,96,105,29.0,33.0,18.0,9.0,24.0,15.0,6.0,14.0,11,10.0,19,94,96,0,0,0,0,0,0,0,0,0,0,0,0,0,0,27.6,21.5,44.0,35.8,13.5,9.9,18.9,15.7,27.6,21.5,44.0,35.8,13.5,9.9,18.9,15.7,0.0,0.0,0.0,0.0,0.0,0.0,0.0,0.0,"(CONTRACTS OF 1,000 BARRELS)",N10,CRUDE OIL,PETROLEUM AND PRODUCTS,NATURAL RESOURCES,FutOnly
090728067411F,"CRUDE OIL, LIGHT SWEET - ICE EUROPE",2009-07-28T00:00:00.000,2009 Report Week 30,"CRUDE OIL, LIGHT SWEET-WTI",67411,ICEU,NYC,67,CRUDE OIL,505209,114255,193044,88365,18448,162748,39516,11726,28342,9349,29193,37923,480498,481424,24711,23785,505209,114255,193044,88365,18448,162748,39516,11726,28342,9349,29193,37923,480498,481424,24711,23785,0,0,0,0,0,0,0,0,0,0,0,0,0,0,0,0,,,,,,,,,,,,,,,,,100.0,22.6,38.2,17.5,3.7,32.2,7.8,2.3,5.6,1.9,5.8,7.5,95.1,95.3,4.9,4.7,100.0,22.6,38.2,17.5,3.7,32.2,7.8,2.3,5.6,1.9,5.8,7.5,95.1,95.3,4.9,4.7,100.0,0.0,0.0,0.0,0.0,0.0,0.0,0.0,0.0,0.0,0.0,0.0,0.0,0.0,0.0,0.0,108,29.0,33.0,15.0,12.0,24.0,13.0,9.0,14.0,14,10.0,20,95,99,108,29.0,33.0,15.0,12.0,24.0,13.0,9.0,14.0,14,10.0,20,95,99,0,0,0,0,0,0,0,0,0,0,0,0,0,0,29.7,22.5,46.3,37.5,14.8,9.5,20.2,15.6,29.7,22.5,46.3,37.5,14.8,9.5,20.2,15.6,0.0,0.0,0.0,0.0,0.0,0.0,0.0,0.0,"(CONTRACTS OF 1,000 BARRELS)",N10,CRUDE OIL,PETROLEUM AND PRODUCTS,NATURAL RESOURCES,FutOnly
070116067655F,"E-MINI CRUDE OIL, LIGHT SWEET - NEW YORK MERCANTILE EXCHANGE",2007-01-16T00:00:00.000,2007 Report Week 03,"E-MINI CRUDE OIL, LIGHT SWEET",67655,NYME,NYC,67,CRUDE OIL,24796,410,1656,2331,0,33,1358,8087,359,2710,8358,1371,8572,19864,16224,4932,24796,410,1656,2331,0,33,1358,8087,359,2710,8358,1371,8572,19864,16224,4932,0,0,0,0,0,0,0,0,0,0,0,0,0,0,0,0,,,,,,,,,,,,,,,,,100.0,1.7,6.7,9.4,0.0,0.1,5.5,32.6,1.4,10.9,33.7,5.5,34.6,80.1,65.4,19.9,100.0,1.7,6.7,9.4,0.0,0.1,5.5,32.6,1.4,10.9,33.7,5.5,34.6,80.1,65.4,19.9,100.0,0.0,0.0,0.0,0.0,0.0,0.0,0.0,0.0,0.0,0.0,0.0,0.0,0.0,0.0,0.0,20,0.0,,,0.0,,4.0,,,5,4.0,4,14,12,20,0.0,,,0.0,,4.0,,,5,4.0,4,14,12,0,0,0,0,0,0,0,0,0,0,0,0,0,0,20.3,56.9,27.9,74.4,17.1,56.8,23.9,73.0,20.3,56.9,27.9,74.4,17.1,56.8,23.9,73.0,0.0,0.0,0.0,0.0,0.0,0.0,0.0,0.0,(CONTRACTS OF 500 BARRELS),N10,CRUDE OIL,PETROLEUM AND PRODUCTS,NATURAL RESOURCES,FutOnly
061114067655F,"E-MINI CRUDE OIL, LIGHT SWEET - NEW YORK MERCANTILE EXCHANGE",2006-11-14T00:00:00.000,2006 Report Week 46,"E-MINI CRUDE OIL, LIGHT SWEET",67655,NYME,NYC,67,CRUDE OIL,26946,1524,1008,1009,940,50,1214,3690,324,7542,13040,1592,13255,20644,13691,6302,26946,1524,1008,1009,940,50,1214,3690,324,7542,13040,1592,13255,20644,13691,6302,0,0,0,0,0,0,0,0,0,0,0,0,0,0,0,0,-3205.0,963.0,-544.0,481.0,-198.0,48.0,136.0,-3930.0,88.0,-3283.0,2317.0,908.0,-659.0,-1311.0,-2546.0,-1894.0,100.0,5.7,3.7,3.7,3.5,0.2,4.5,13.7,1.2,28.0,48.4,5.9,49.2,76.6,50.8,23.4,100.0,5.7,3.7,3.7,3.5,0.2,4.5,13.7,1.2,28.0,48.4,5.9,49.2,76.6,50.8,23.4,100.0,0.0,0.0,0.0,0.0,0.0,0.0,0.0,0.0,0.0,0.0,0.0,0.0,0.0,0.0,0.0,25,,,,,,,4.0,,9,6.0,5,17,15,25,,,,,,,4.0,,9,6.0,5,17,15,0,0,0,0,0,0,0,0,0,0,0,0,0,0,21.7,55.6,36.1,67.5,21.3,55.6,35.2,66.7,21.7,55.6,36.1,67.5,21.3,55.6,35.2,66.7,0.0,0.0,0.0,0.0,0.0,0.0,0.0,0.0,(CONTRACTS OF 500 BARRELS),N10,CRUDE OIL,PETROLEUM AND PRODUCTS,NATURAL RESOURCES,FutOnly
061107067655F,"E-MINI CRUDE OIL, LIGHT SWEET - NEW YORK MERCANTILE EXCHANGE",2006-11-07T00:00:00.000,2006 Report Week 45,"E-MINI CRUDE OIL, LIGHT SWEET",67655,NYME,NYC,67,CRUDE OIL,30151,561,1552,528,1138,2,1078,7620,236,10825,10723,684,13914,21955,16237,8196,30151,561,1552,528,1138,2,1078,7620,236,10825,10723,684,13914,21955,16237,8196,0,0,0,0,0,0,0,0,0,0,0,0,0,0,0,0,6595.0,-218.0,73.0,528.0,1138.0,2.0,32.0,4142.0,142.0,3354.0,235.0,385.0,4225.0,6117.0,2370.0,478.0,100.0,1.9,5.2,1.8,3.8,0.0,3.6,25.3,0.8,35.9,35.6,2.3,46.1,72.8,53.9,27.2,100.0,1.9,5.2,1.8,3.8,0.0,3.6,25.3,0.8,35.9,35.6,2.3,46.1,72.8,53.9,27.2,100.0,0.0,0.0,0.0,0.0,0.0,0.0,0.0,0.0,0.0,0.0,0.0,0.0,0.0,0.0,0.0,30,,,,,,,,,11,10.0,7,21,18,30,,,,,,,,,11,10.0,7,21,18,0,0,0,0,0,0,0,0,0,0,0,0,0,0,19.4,46.6,30.8,61.1,19.4,46.5,30.0,60.8,19.4,46.6,30.8,61.1,19.4,46.5,30.0,60.8,0.0,0.0,0.0,0.0,0.0,0.0,0.0,0.0,(CONTRACTS OF 500 BARRELS),N10,CRUDE OIL,PETROLEUM AND PRODUCTS,NATURAL RESOURCES,FutOnly
061031067655F,"E-MINI CRUDE OIL, LIGHT SWEET - NEW YORK MERCANTILE EXCHANGE",2006-10-31T00:00:00.000,2006 Report Week 44,"E-MINI CRUDE OIL, LIGHT SWEET",67655,NYME,NYC,67,CRUDE OIL,23556,779,1479,0,0,0,1046,3478,94,7471,10488,299,9689,15838,13867,7718,23556,779,1479,0,0,0,1046,3478,94,7471,10488,299,9689,15838,13867,7718,0,0,0,0,0,0,0,0,0,0,0,0,0,0,0,0,4509.0,61.0,1092.0,0.0,0.0,0.0,-878.0,3478.0,34.0,2147.0,1502.0,126.0,1490.0,6232.0,3019.0,-1723.0,100.0,3.3,6.3,0.0,0.0,0.0,4.4,14.8,0.4,31.7,44.5,1.3,41.1,67.2,58.9,32.8,100.0,3.3,6.3,0.0,0.0,0.0,4.4,14.8,0.4,31.7,44.5,1.3,41.1,67.2,58.9,32.8,100.0,0.0,0.0,0.0,0.0,0.0,0.0,0.0,0.0,0.0,0.0,0.0,0.0,0.0,0.0,0.0,26,,,0.0,0.0,0.0,,,,10,10.0,4,14,17,26,,,0.0,0.0,0.0,,,,10,10.0,4,14,17,0,0,0,0,0,0,0,0,0,0,0,0,0,0,20.4,33.9,32.2,52.2,19.3,33.9,31.2,51.8,20.4,33.9,32.2,52.2,19.3,33.9,31.2,51.8,0.0,0.0,0.0,0.0,0.0,0.0,0.0,0.0,(CONTRACTS OF 500 BARRELS),N10,CRUDE OIL,PETROLEUM AND PRODUCTS,NATURAL RESOURCES,FutOnly
061024067655F,"E-MINI CRUDE OIL, LIGHT SWEET - NEW YORK MERCANTILE EXCHANGE",2006-10-24T00:00:00.000,2006 Report Week 43,"E-MINI CRUDE OIL, LIGHT SWEET",67655,NYME,NYC,67,CRUDE OIL,19047,718,387,0,0,0,1924,0,60,5324,8986,173,8199,9606,10848,9441,19047,718,387,0,0,0,1924,0,60,5324,8986,173,8199,9606,10848,9441,0,0,0,0,0,0,0,0,0,0,0,0,0,0,0,0,-16705.0,332.0,-1174.0,0.0,0.0,0.0,-1248.0,-5012.0,-380.0,-9540.0,-9521.0,-562.0,-11398.0,-16649.0,-5307.0,-56.0,100.0,3.8,2.0,0.0,0.0,0.0,10.1,0.0,0.3,28.0,47.2,0.9,43.0,50.4,57.0,49.6,100.0,3.8,2.0,0.0,0.0,0.0,10.1,0.0,0.3,28.0,47.2,0.9,43.0,50.4,57.0,49.6,100.0,0.0,0.0,0.0,0.0,0.0,0.0,0.0,0.0,0.0,0.0,0.0,0.0,0.0,0.0,0.0,24,,,0.0,0.0,0.0,,0.0,,7,12.0,6,16,17,24,,,0.0,0.0,0.0,,0.0,,7,12.0,6,16,17,0,0,0,0,0,0,0,0,0,0,0,0,0,0,24.4,29.4,36.3,39.5,24.0,29.3,35.8,39.3,24.4,29.4,36.3,39.5,24.0,29.3,35.8,39.3,0.0,0.0,0.0,0.0,0.0,0.0,0.0,0.0,(CONTRACTS OF 500 BARRELS),N10,CRUDE OIL,PETROLEUM AND PRODUCTS,NATURAL RESOURCES,FutOnly
061017067655F,"E-MINI CRUDE OIL, LIGHT SWEET - NEW YORK MERCANTILE EXCHANGE",2006-10-17T00:00:00.000,2006 Report Week 42,"E-MINI CRUDE OIL, LIGHT SWEET",67655,NYME,NYC,67,CRUDE OIL,35752,386,1561,0,0,0,3172,5012,440,14864,18507,735,19597,26255,16155,9497,35752,386,1561,0,0,0,3172,5012,440,14864,18507,735,19597,26255,16155,9497,0,0,0,0,0,0,0,0,0,0,0,0,0,0,0,0,-9915.0,-126.0,-1106.0,0.0,0.0,0.0,-6100.0,858.0,-415.0,-5753.0,-9231.0,-839.0,-13233.0,-10733.0,3318.0,818.0,100.0,1.1,4.4,0.0,0.0,0.0,8.9,14.0,1.2,41.6,51.8,2.1,54.8,73.4,45.2,26.6,100.0,1.1,4.4,0.0,0.0,0.0,8.9,14.0,1.2,41.6,51.8,2.1,54.8,73.4,45.2,26.6,100.0,0.0,0.0,0.0,0.0,0.0,0.0,0.0,0.0,0.0,0.0,0.0,0.0,0.0,0.0,0.0,34,,,0.0,0.0,0.0,,4.0,,17,10.0,6,22,21,34,,,0.0,0.0,0.0,,4.0,,17,10.0,6,22,21,0,0,0,0,0,0,0,0,0,0,0,0,0,0,27.8,49.1,39.0,60.4,27.2,47.5,38.2,57.6,27.8,49.1,39.0,60.4,27.2,47.5,38.2,57.6,0.0,0.0,0.0,0.0,0.0,0.0,0.0,0.0,(CONTRACTS OF 500 BARRELS),N10,CRUDE OIL,PETROLEUM AND PRODUCTS,NATURAL RESOURCES,FutOnly
061010067655F,"E-MINI CRUDE OIL, LIGHT SWEET - NEW YORK MERCANTILE EXCHANGE",2006-10-10T00:00:00.000,2006 Report Week 41,"E-MINI CRUDE OIL, LIGHT SWEET",67655,NYME,NYC,67,CRUDE OIL,45667,512,2667,0,0,0,9272,4154,855,20617,27738,1574,32830,36988,12837,8679,45667,512,2667,0,0,0,9272,4154,855,20617,27738,1574,32830,36988,12837,8679,0,0,0,0,0,0,0,0,0,0,0,0,0,0,0,0,-6892.0,-118.0,-781.0,0.0,0.0,0.0,3854.0,-408.0,331.0,-4672.0,-1744.0,1122.0,517.0,-1480.0,-7409.0,-5412.0,100.0,1.1,5.8,0.0,0.0,0.0,20.3,9.1,1.9,45.1,60.7,3.4,71.9,81.0,28.1,19.0,100.0,1.1,5.8,0.0,0.0,0.0,20.3,9.1,1.9,45.1,60.7,3.4,71.9,81.0,28.1,19.0,100.0,0.0,0.0,0.0,0.0,0.0,0.0,0.0,0.0,0.0,0.0,0.0,0.0,0.0,0.0,0.0,47,,,0.0,0.0,0.0,,,,15,25.0,14,29,35,47,,,0.0,0.0,0.0,,,,15,25.0,14,29,35,0,0,0,0,0,0,0,0,0,0,0,0,0,0,39.0,30.0,53.9,45.5,38.5,28.0,53.3,43.2,39.0,30.0,53.9,45.5,38.5,28.0,53.3,43.2,0.0,0.0,0.0,0.0,0.0,0.0,0.0,0.0,(CONTRACTS OF 500 BARRELS),N10,CRUDE OIL,PETROLEUM AND PRODUCTS,NATURAL RESOURCES,FutOnly
061003067655F,"E-MINI CRUDE OIL, LIGHT SWEET - NEW YORK MERCANTILE EXCHANGE",2006-10-03T00:00:00.000,2006 Report Week 40,"E-MINI CRUDE OIL, LIGHT SWEET",67655,NYME,NYC,67,CRUDE OIL,52559,630,3448,0,0,0,5418,4562,524,25289,29482,452,32313,38468,20246,14091,52559,630,3448,0,0,0,5418,4562,524,25289,29482,452,32313,38468,20246,14091,0,0,0,0,0,0,0,0,0,0,0,0,0,0,0,0,9005.0,233.0,3277.0,-510.0,0.0,0.0,-866.0,2258.0,127.0,3746.0,-2006.0,-187.0,2543.0,3469.0,6462.0,5536.0,100.0,1.2,6.6,0.0,0.0,0.0,10.3,8.7,1.0,48.1,56.1,0.9,61.5,73.2,38.5,26.8,100.0,1.2,6.6,0.0,0.0,0.0,10.3,8.7,1.0,48.1,56.1,0.9,61.5,73.2,38.5,26.8,100.0,0.0,0.0,0.0,0.0,0.0,0.0,0.0,0.0,0.0,0.0,0.0,0.0,0.0,0.0,0.0,46,,,0.0,0.0,0.0,,,,17,21.0,8,26,31,46,,,0.0,0.0,0.0,,,,17,21.0,8,26,31,0,0,0,0,0,0,0,0,0,0,0,0,0,0,31.3,28.0,44.8,42.0,31.1,27.3,44.5,40.7,31.3,28.0,44.8,42.0,31.1,27.3,44.5,40.7,0.0,0.0,0.0,0.0,0.0,0.0,0.0,0.0,(CONTRACTS OF 500 BARRELS),N10,CRUDE OIL,PETROLEUM AND PRODUCTS,NATURAL RESOURCES,FutOnly
060926067655F,"E-MINI CRUDE OIL, LIGHT SWEET - NEW YORK MERCANTILE EXCHANGE",2006-09-26T00:00:00.000,2006 Report Week 39,"E-MINI CRUDE OIL, LIGHT SWEET",67655,NYME,NYC,67,CRUDE OIL,43554,397,171,510,0,0,6284,2304,397,21543,31488,639,29770,34999,13784,8555,43554,397,171,510,0,0,6284,2304,397,21543,31488,639,29770,34999,13784,8555,0,0,0,0,0,0,0,0,0,0,0,0,0,0,0,0,-8709.0,-384.0,-933.0,510.0,0.0,0.0,-1338.0,-1562.0,-43.0,1697.0,11183.0,-1322.0,-880.0,7323.0,-7829.0,-16032.0,100.0,0.9,0.4,1.2,0.0,0.0,14.4,5.3,0.9,49.5,72.3,1.5,68.4,80.4,31.6,19.6,100.0,0.9,0.4,1.2,0.0,0.0,14.4,5.3,0.9,49.5,72.3,1.5,68.4,80.4,31.6,19.6,100.0,0.0,0.0,0.0,0.0,0.0,0.0,0.0,0.0,0.0,0.0,0.0,0.0,0.0,0.0,0.0,52,,,,0.0,0.0,,,,20,26.0,9,30,33,52,,,,0.0,0.0,,,,20,26.0,9,30,33,0,0,0,0,0,0,0,0,0,0,0,0,0,0,35.3,30.9,47.0,48.7,35.2,30.2,46.8,47.9,35.3,30.9,47.0,48.7,35.2,30.2,46.8,47.9,0.0,0.0,0.0,0.0,0.0,0.0,0.0,0.0,(CONTRACTS OF 500 BARRELS),N10,CRUDE OIL,PETROLEUM AND PRODUCTS,NATURAL RESOURCES,FutOnly
060919067655F,"E-MINI CRUDE OIL, LIGHT SWEET - NEW YORK MERCANTILE EXCHANGE",2006-09-19T00:00:00.000,2006 Report Week 38,"E-MINI CRUDE OIL, LIGHT SWEET",67655,NYME,NYC,67,CRUDE OIL,52263,781,1104,0,0,0,7622,3866,440,19846,20305,1961,30650,27676,21613,24587,52263,781,1104,0,0,0,7622,3866,440,19846,20305,1961,30650,27676,21613,24587,0,0,0,0,0,0,0,0,0,0,0,0,0,0,0,0,7993.0,781.0,1104.0,0.0,0.0,0.0,4844.0,2185.0,237.0,2172.0,-6039.0,-682.0,7352.0,-3195.0,641.0,11188.0,100.0,1.5,2.1,0.0,0.0,0.0,14.6,7.4,0.8,38.0,38.9,3.8,58.6,53.0,41.4,47.0,100.0,1.5,2.1,0.0,0.0,0.0,14.6,7.4,0.8,38.0,38.9,3.8,58.6,53.0,41.4,47.0,100.0,0.0,0.0,0.0,0.0,0.0,0.0,0.0,0.0,0.0,0.0,0.0,0.0,0.0,0.0,0.0,36,,,0.0,0.0,0.0,4.0,,,13,16.0,14,26,28,36,,,0.0,0.0,0.0,4.0,,,13,16.0,14,26,28,0,0,0,0,0,0,0,0,0,0,0,0,0,0,35.2,22.9,45.5,34.0,34.7,22.4,44.0,33.5,35.2,22.9,45.5,34.0,34.7,22.4,44.0,33.5,0.0,0.0,0.0,0.0,0.0,0.0,0.0,0.0,(CONTRACTS OF 500 BARRELS),N10,CRUDE OIL,PETROLEUM AND PRODUCTS,NATURAL RESOURCES,FutOnly
060912067655F,"E-MINI CRUDE OIL, LIGHT SWEET - NEW YORK MERCANTILE EXCHANGE",2006-09-12T00:00:00.000,2006 Report Week 37,"E-MINI CRUDE OIL, LIGHT SWEET",67655,NYME,NYC,67,CRUDE OIL,44270,0,0,0,0,0,2778,1681,203,17674,26344,2643,23298,30871,20972,13399,44270,0,0,0,0,0,2778,1681,203,17674,26344,2643,23298,30871,20972,13399,0,0,0,0,0,0,0,0,0,0,0,0,0,0,0,0,3009.0,-1174.0,-1112.0,0.0,0.0,0.0,-3347.0,-90.0,187.0,-314.0,1414.0,813.0,-3835.0,1212.0,6844.0,1797.0,100.0,0.0,0.0,0.0,0.0,0.0,6.3,3.8,0.5,39.9,59.5,6.0,52.6,69.7,47.4,30.3,100.0,0.0,0.0,0.0,0.0,0.0,6.3,3.8,0.5,39.9,59.5,6.0,52.6,69.7,47.4,30.3,100.0,0.0,0.0,0.0,0.0,0.0,0.0,0.0,0.0,0.0,0.0,0.0,0.0,0.0,0.0,0.0,46,0.0,0.0,0.0,0.0,0.0,4.0,,,17,23.0,11,28,30,46,0.0,0.0,0.0,0.0,0.0,4.0,,,17,23.0,11,28,30,0,0,0,0,0,0,0,0,0,0,0,0,0,0,18.5,30.0,31.7,43.4,18.3,29.3,30.4,41.2,18.5,30.0,31.7,43.4,18.3,29.3,30.4,41.2,0.0,0.0,0.0,0.0,0.0,0.0,0.0,0.0,(CONTRACTS OF 500 BARRELS),N10,CRUDE OIL,PETROLEUM AND PRODUCTS,NATURAL RESOURCES,FutOnly
060905067655F,"E-MINI CRUDE OIL, LIGHT SWEET - NEW YORK MERCANTILE EXCHANGE",2006-09-05T00:00:00.000,2006 Report Week 36,"E-MINI CRUDE OIL, LIGHT SWEET",67655,NYME,NYC,67,CRUDE OIL,41261,1174,1112,0,0,0,6125,1771,16,17988,24930,1830,27133,29659,14128,11602,41261,1174,1112,0,0,0,6125,1771,16,17988,24930,1830,27133,29659,14128,11602,0,0,0,0,0,0,0,0,0,0,0,0,0,0,0,0,4668.0,1174.0,-150.0,0.0,0.0,0.0,3035.0,-689.0,16.0,-768.0,3058.0,-197.0,3260.0,2038.0,1408.0,2630.0,100.0,2.8,2.7,0.0,0.0,0.0,14.8,4.3,0.0,43.6,60.4,4.5,65.8,71.9,34.2,28.1,100.0,2.8,2.7,0.0,0.0,0.0,14.8,4.3,0.0,43.6,60.4,4.5,65.8,71.9,34.2,28.1,100.0,0.0,0.0,0.0,0.0,0.0,0.0,0.0,0.0,0.0,0.0,0.0,0.0,0.0,0.0,0.0,46,,,0.0,0.0,0.0,5.0,,,17,20.0,7,28,26,46,,,0.0,0.0,0.0,5.0,,,17,20.0,7,28,26,0,0,0,0,0,0,0,0,0,0,0,0,0,0,27.6,26.4,39.1,42.7,27.4,25.6,38.5,40.6,27.6,26.4,39.1,42.7,27.4,25.6,38.5,40.6,0.0,0.0,0.0,0.0,0.0,0.0,0.0,0.0,(CONTRACTS OF 500 BARRELS),N10,CRUDE OIL,PETROLEUM AND PRODUCTS,NATURAL RESOURCES,FutOnly
060829067655F,"E-MINI CRUDE OIL, LIGHT SWEET - NEW YORK MERCANTILE EXCHANGE",2006-08-29T00:00:00.000,2006 Report Week 35,"E-MINI CRUDE OIL, LIGHT SWEET",67655,NYME,NYC,67,CRUDE OIL,36593,0,1262,0,0,0,3090,2460,0,18756,21872,2027,23873,27621,12720,8972,36593,0,1262,0,0,0,3090,2460,0,18756,21872,2027,23873,27621,12720,8972,0,0,0,0,0,0,0,0,0,0,0,0,0,0,0,0,11315.0,-1600.0,-8.0,0.0,0.0,0.0,-1185.0,-95.0,-30.0,8997.0,8740.0,1479.0,7661.0,10086.0,3654.0,1229.0,100.0,0.0,3.4,0.0,0.0,0.0,8.4,6.7,0.0,51.3,59.8,5.5,65.2,75.5,34.8,24.5,100.0,0.0,3.4,0.0,0.0,0.0,8.4,6.7,0.0,51.3,59.8,5.5,65.2,75.5,34.8,24.5,100.0,0.0,0.0,0.0,0.0,0.0,0.0,0.0,0.0,0.0,0.0,0.0,0.0,0.0,0.0,0.0,48,0.0,,0.0,0.0,0.0,5.0,,0.0,19,21.0,9,28,29,48,0.0,,0.0,0.0,0.0,5.0,,0.0,19,21.0,9,28,29,0,0,0,0,0,0,0,0,0,0,0,0,0,0,28.9,26.8,38.1,41.6,28.0,26.8,36.5,41.4,28.9,26.8,38.1,41.6,28.0,26.8,36.5,41.4,0.0,0.0,0.0,0.0,0.0,0.0,0.0,0.0,(CONTRACTS OF 500 BARRELS),N10,CRUDE OIL,PETROLEUM AND PRODUCTS,NATURAL RESOURCES,FutOnly
060822067655F,"E-MINI CRUDE OIL, LIGHT SWEET - NEW YORK MERCANTILE EXCHANGE",2006-08-22T00:00:00.000,2006 Report Week 34,"E-MINI CRUDE OIL, LIGHT SWEET",67655,NYME,NYC,67,CRUDE OIL,25278,1600,1270,0,0,0,4275,2555,30,9759,13132,548,16212,17535,9066,7743,25278,1600,1270,0,0,0,4275,2555,30,9759,13132,548,16212,17535,9066,7743,0,0,0,0,0,0,0,0,0,0,0,0,0,0,0,0,-14084.0,65.0,716.0,0.0,0.0,0.0,-1188.0,-1374.0,-142.0,-6067.0,-5778.0,-3923.0,-11255.0,-10501.0,-2829.0,-3583.0,100.0,6.3,5.0,0.0,0.0,0.0,16.9,10.1,0.1,38.6,52.0,2.2,64.1,69.4,35.9,30.6,100.0,6.3,5.0,0.0,0.0,0.0,16.9,10.1,0.1,38.6,52.0,2.2,64.1,69.4,35.9,30.6,100.0,0.0,0.0,0.0,0.0,0.0,0.0,0.0,0.0,0.0,0.0,0.0,0.0,0.0,0.0,0.0,33,,,0.0,0.0,0.0,6.0,,,14,10.0,5,22,18,33,,,0.0,0.0,0.0,6.0,,,14,10.0,5,22,18,0,0,0,0,0,0,0,0,0,0,0,0,0,0,24.0,45.2,38.2,59.7,23.9,45.1,37.7,59.6,24.0,45.2,38.2,59.7,23.9,45.1,37.7,59.6,0.0,0.0,0.0,0.0,0.0,0.0,0.0,0.0,(CONTRACTS OF 500 BARRELS),N10,CRUDE OIL,PETROLEUM AND PRODUCTS,NATURAL RESOURCES,FutOnly
060815067655F,"E-MINI CRUDE OIL, LIGHT SWEET - NEW YORK MERCANTILE EXCHANGE",2006-08-15T00:00:00.000,2006 Report Week 33,"E-MINI CRUDE OIL, LIGHT SWEET",67655,NYME,NYC,67,CRUDE OIL,39362,1535,554,0,0,0,5463,3929,172,15826,18910,4471,27467,28036,11895,11326,39362,1535,554,0,0,0,5463,3929,172,15826,18910,4471,27467,28036,11895,11326,0,0,0,0,0,0,0,0,0,0,0,0,0,0,0,0,-1551.0,1535.0,-326.0,0.0,0.0,0.0,3354.0,-1455.0,-482.0,-10385.0,-3242.0,2527.0,-3451.0,-2978.0,1900.0,1427.0,100.0,3.9,1.4,0.0,0.0,0.0,13.9,10.0,0.4,40.2,48.0,11.4,69.8,71.2,30.2,28.8,100.0,3.9,1.4,0.0,0.0,0.0,13.9,10.0,0.4,40.2,48.0,11.4,69.8,71.2,30.2,28.8,100.0,0.0,0.0,0.0,0.0,0.0,0.0,0.0,0.0,0.0,0.0,0.0,0.0,0.0,0.0,0.0,40,,,0.0,0.0,0.0,5.0,,,17,14.0,12,29,26,40,,,0.0,0.0,0.0,5.0,,,17,14.0,12,29,26,0,0,0,0,0,0,0,0,0,0,0,0,0,0,26.6,35.7,41.8,52.1,20.7,33.7,33.7,48.1,26.6,35.7,41.8,52.1,20.7,33.7,33.7,48.1,0.0,0.0,0.0,0.0,0.0,0.0,0.0,0.0,(CONTRACTS OF 500 BARRELS),N10,CRUDE OIL,PETROLEUM AND PRODUCTS,NATURAL RESOURCES,FutOnly
060808067655F,"E-MINI CRUDE OIL, LIGHT SWEET - NEW YORK MERCANTILE EXCHANGE",2006-08-08T00:00:00.000,2006 Report Week 32,"E-MINI CRUDE OIL, LIGHT SWEET",67655,NYME,NYC,67,CRUDE OIL,40913,0,880,0,0,0,2109,5384,654,26211,22152,1944,30918,31014,9995,9899,40913,0,880,0,0,0,2109,5384,654,26211,22152,1944,30918,31014,9995,9899,0,0,0,0,0,0,0,0,0,0,0,0,0,0,0,0,3392.0,-642.0,-534.0,0.0,0.0,0.0,-472.0,112.0,500.0,3832.0,1180.0,1268.0,4486.0,2526.0,-1094.0,866.0,100.0,0.0,2.2,0.0,0.0,0.0,5.2,13.2,1.6,64.1,54.1,4.8,75.6,75.8,24.4,24.2,100.0,0.0,2.2,0.0,0.0,0.0,5.2,13.2,1.6,64.1,54.1,4.8,75.6,75.8,24.4,24.2,100.0,0.0,0.0,0.0,0.0,0.0,0.0,0.0,0.0,0.0,0.0,0.0,0.0,0.0,0.0,0.0,46,0.0,,0.0,0.0,0.0,4.0,,,18,19.0,12,33,28,46,0.0,,0.0,0.0,0.0,4.0,,,18,19.0,12,33,28,0,0,0,0,0,0,0,0,0,0,0,0,0,0,31.3,40.3,48.6,52.1,30.1,39.2,47.5,49.6,31.3,40.3,48.6,52.1,30.1,39.2,47.5,49.6,0.0,0.0,0.0,0.0,0.0,0.0,0.0,0.0,(CONTRACTS OF 500 BARRELS),N10,CRUDE OIL,PETROLEUM AND PRODUCTS,NATURAL RESOURCES,FutOnly
060801067655F,"E-MINI CRUDE OIL, LIGHT SWEET - NEW YORK MERCANTILE EXCHANGE",2006-08-01T00:00:00.000,2006 Report Week 31,"E-MINI CRUDE OIL, LIGHT SWEET",67655,NYME,NYC,67,CRUDE OIL,37521,642,1414,0,0,0,2581,5272,154,22379,20972,676,26432,28488,11089,9033,37521,642,1414,0,0,0,2581,5272,154,22379,20972,676,26432,28488,11089,9033,0,0,0,0,0,0,0,0,0,0,0,0,0,0,0,0,9900.0,642.0,1414.0,0.0,0.0,0.0,33.0,2537.0,122.0,7712.0,3801.0,-99.0,8410.0,7775.0,1490.0,2125.0,100.0,1.7,3.8,0.0,0.0,0.0,6.9,14.1,0.4,59.6,55.9,1.8,70.4,75.9,29.6,24.1,100.0,1.7,3.8,0.0,0.0,0.0,6.9,14.1,0.4,59.6,55.9,1.8,70.4,75.9,29.6,24.1,100.0,0.0,0.0,0.0,0.0,0.0,0.0,0.0,0.0,0.0,0.0,0.0,0.0,0.0,0.0,0.0,44,,,0.0,0.0,0.0,,,,17,18.0,7,28,26,44,,,0.0,0.0,0.0,,,,17,18.0,7,28,26,0,0,0,0,0,0,0,0,0,0,0,0,0,0,26.8,31.5,43.3,49.5,26.8,30.8,43.2,48.7,26.8,31.5,43.3,49.5,26.8,30.8,43.2,48.7,0.0,0.0,0.0,0.0,0.0,0.0,0.0,0.0,(CONTRACTS OF 500 BARRELS),N10,CRUDE OIL,PETROLEUM AND PRODUCTS,NATURAL RESOURCES,FutOnly
060725067655F,"E-MINI CRUDE OIL, LIGHT SWEET - NEW YORK MERCANTILE EXCHANGE",2006-07-25T00:00:00.000,2006 Report Week 30,"E-MINI CRUDE OIL, LIGHT SWEET",67655,NYME,NYC,67,CRUDE OIL,27621,0,0,0,0,0,2548,2735,32,14667,17171,775,18022,20713,9599,6908,27621,0,0,0,0,0,2548,2735,32,14667,17171,775,18022,20713,9599,6908,0,0,0,0,0,0,0,0,0,0,0,0,0,0,0,0,-5337.0,-204.0,-574.0,0.0,0.0,0.0,-3010.0,2735.0,32.0,4529.0,4539.0,-4750.0,-3403.0,1982.0,-1934.0,-7319.0,100.0,0.0,0.0,0.0,0.0,0.0,9.2,9.9,0.1,53.1,62.2,2.8,65.2,75.0,34.8,25.0,100.0,0.0,0.0,0.0,0.0,0.0,9.2,9.9,0.1,53.1,62.2,2.8,65.2,75.0,34.8,25.0,100.0,0.0,0.0,0.0,0.0,0.0,0.0,0.0,0.0,0.0,0.0,0.0,0.0,0.0,0.0,0.0,38,0.0,0.0,0.0,0.0,0.0,,4.0,,13,19.0,8,20,27,38,0.0,0.0,0.0,0.0,0.0,,4.0,,13,19.0,8,20,27,0,0,0,0,0,0,0,0,0,0,0,0,0,0,31.6,29.6,48.9,43.5,31.4,29.5,47.9,43.3,31.6,29.6,48.9,43.5,31.4,29.5,47.9,43.3,0.0,0.0,0.0,0.0,0.0,0.0,0.0,0.0,(CONTRACTS OF 500 BARRELS),N10,CRUDE OIL,PETROLEUM AND PRODUCTS,NATURAL RESOURCES,FutOnly
060718067655F,"E-MINI CRUDE OIL, LIGHT SWEET - NEW YORK MERCANTILE EXCHANGE",2006-07-18T00:00:00.000,2006 Report Week 29,"E-MINI CRUDE OIL, LIGHT SWEET",67655,NYME,NYC,67,CRUDE OIL,32958,204,574,0,0,0,5558,0,0,10138,12632,5525,21425,18731,11533,14227,32958,204,574,0,0,0,5558,0,0,10138,12632,5525,21425,18731,11533,14227,0,0,0,0,0,0,0,0,0,0,0,0,0,0,0,0,-4310.0,204.0,-196.0,0.0,0.0,0.0,2442.0,-400.0,0.0,-10747.0,-11083.0,2765.0,-5336.0,-8914.0,1026.0,4604.0,100.0,0.6,1.7,0.0,0.0,0.0,16.9,0.0,0.0,30.8,38.3,16.8,65.0,56.8,35.0,43.2,100.0,0.6,1.7,0.0,0.0,0.0,16.9,0.0,0.0,30.8,38.3,16.8,65.0,56.8,35.0,43.2,100.0,0.0,0.0,0.0,0.0,0.0,0.0,0.0,0.0,0.0,0.0,0.0,0.0,0.0,0.0,0.0,27,,,0.0,0.0,0.0,4.0,0.0,0.0,11,11.0,10,21,17,27,,,0.0,0.0,0.0,4.0,0.0,0.0,11,11.0,10,21,17,0,0,0,0,0,0,0,0,0,0,0,0,0,0,28.2,29.2,43.2,45.7,25.5,25.9,37.4,36.4,28.2,29.2,43.2,45.7,25.5,25.9,37.4,36.4,0.0,0.0,0.0,0.0,0.0,0.0,0.0,0.0,(CONTRACTS OF 500 BARRELS),N10,CRUDE OIL,PETROLEUM AND PRODUCTS,NATURAL RESOURCES,FutOnly
060711067655F,"E-MINI CRUDE OIL, LIGHT SWEET - NEW YORK MERCANTILE EXCHANGE",2006-07-11T00:00:00.000,2006 Report Week 28,"E-MINI CRUDE OIL, LIGHT SWEET",67655,NYME,NYC,67,CRUDE OIL,37268,0,770,0,0,0,3116,400,0,20885,23715,2760,26761,27645,10507,9623,37268,0,770,0,0,0,3116,400,0,20885,23715,2760,26761,27645,10507,9623,0,0,0,0,0,0,0,0,0,0,0,0,0,0,0,0,6960.0,0.0,42.0,0.0,0.0,0.0,1261.0,-771.0,-115.0,2799.0,10646.0,-442.0,3503.0,9360.0,3457.0,-2400.0,100.0,0.0,2.1,0.0,0.0,0.0,8.4,1.1,0.0,56.0,63.6,7.4,71.8,74.2,28.2,25.8,100.0,0.0,2.1,0.0,0.0,0.0,8.4,1.1,0.0,56.0,63.6,7.4,71.8,74.2,28.2,25.8,100.0,0.0,0.0,0.0,0.0,0.0,0.0,0.0,0.0,0.0,0.0,0.0,0.0,0.0,0.0,0.0,35,0.0,,0.0,0.0,0.0,4.0,,0.0,11,18.0,7,22,20,35,0.0,,0.0,0.0,0.0,4.0,,0.0,11,18.0,7,22,20,0,0,0,0,0,0,0,0,0,0,0,0,0,0,39.1,41.9,53.9,55.5,39.1,36.7,53.3,49.8,39.1,41.9,53.9,55.5,39.1,36.7,53.3,49.8,0.0,0.0,0.0,0.0,0.0,0.0,0.0,0.0,(CONTRACTS OF 500 BARRELS),N10,CRUDE OIL,PETROLEUM AND PRODUCTS,NATURAL RESOURCES,FutOnly
060703067655F,"E-MINI CRUDE OIL, LIGHT SWEET - NEW YORK MERCANTILE EXCHANGE",2006-07-03T00:00:00.000,2006 Report Week 27,"E-MINI CRUDE OIL, LIGHT SWEET",67655,NYME,NYC,67,CRUDE OIL,30308,0,728,0,0,0,1855,1171,115,18086,13069,3202,23258,18285,7050,12023,30308,0,728,0,0,0,1855,1171,115,18086,13069,3202,23258,18285,7050,12023,0,0,0,0,0,0,0,0,0,0,0,0,0,0,0,0,9732.0,0.0,366.0,0.0,0.0,0.0,1213.0,-1332.0,-25.0,6774.0,6201.0,1906.0,9868.0,7116.0,-136.0,2616.0,100.0,0.0,2.4,0.0,0.0,0.0,6.1,3.9,0.4,59.7,43.1,10.6,76.7,60.3,23.3,39.7,100.0,0.0,2.4,0.0,0.0,0.0,6.1,3.9,0.4,59.7,43.1,10.6,76.7,60.3,23.3,39.7,100.0,0.0,0.0,0.0,0.0,0.0,0.0,0.0,0.0,0.0,0.0,0.0,0.0,0.0,0.0,0.0,34,0.0,,0.0,0.0,0.0,4.0,,,14,12.0,7,23,20,34,0.0,,0.0,0.0,0.0,4.0,,,14,12.0,7,23,20,0,0,0,0,0,0,0,0,0,0,0,0,0,0,34.6,30.1,50.1,44.2,34.5,24.8,49.4,37.4,34.6,30.1,50.1,44.2,34.5,24.8,49.4,37.4,0.0,0.0,0.0,0.0,0.0,0.0,0.0,0.0,(CONTRACTS OF 500 BARRELS),N10,CRUDE OIL,PETROLEUM AND PRODUCTS,NATURAL RESOURCES,FutOnly
060627067655F,"E-MINI CRUDE OIL, LIGHT SWEET - NEW YORK MERCANTILE EXCHANGE",2006-06-27T00:00:00.000,2006 Report Week 26,"E-MINI CRUDE OIL, LIGHT SWEET",67655,NYME,NYC,67,CRUDE OIL,20576,0,362,0,0,0,642,2503,140,11312,6868,1296,13390,11169,7186,9407,20576,0,362,0,0,0,642,2503,140,11312,6868,1296,13390,11169,7186,9407,0,0,0,0,0,0,0,0,0,0,0,0,0,0,0,0,-1801.0,0.0,362.0,0.0,0.0,0.0,-59.0,513.0,58.0,-12.0,-3766.0,-744.0,-757.0,-3577.0,-1044.0,1776.0,100.0,0.0,1.8,0.0,0.0,0.0,3.1,12.2,0.7,55.0,33.4,6.3,65.1,54.3,34.9,45.7,100.0,0.0,1.8,0.0,0.0,0.0,3.1,12.2,0.7,55.0,33.4,6.3,65.1,54.3,34.9,45.7,100.0,0.0,0.0,0.0,0.0,0.0,0.0,0.0,0.0,0.0,0.0,0.0,0.0,0.0,0.0,0.0,25,0.0,0.0,0.0,0.0,0.0,,4.0,,9,10.0,5,15,17,25,0.0,0.0,0.0,0.0,0.0,,4.0,,9,10.0,5,15,17,0,0,0,0,0,0,0,0,0,0,0,0,0,0,38.8,20.2,54.0,35.8,38.7,19.9,53.6,34.7,38.8,20.2,54.0,35.8,38.7,19.9,53.6,34.7,0.0,0.0,0.0,0.0,0.0,0.0,0.0,0.0,(CONTRACTS OF 500 BARRELS),N10,CRUDE OIL,PETROLEUM AND PRODUCTS,NATURAL RESOURCES,FutOnly
060613067655F,"E-MINI CRUDE OIL, LIGHT SWEET - NEW YORK MERCANTILE EXCHANGE",2006-06-13T00:00:00.000,2006 Report Week 24,"E-MINI CRUDE OIL, LIGHT SWEET",67655,NYME,NYC,67,CRUDE OIL,22377,0,0,0,0,0,701,1990,82,11324,10634,2040,14147,14746,8230,7631,22377,0,0,0,0,0,701,1990,82,11324,10634,2040,14147,14746,8230,7631,0,0,0,0,0,0,0,0,0,0,0,0,0,0,0,0,,,,,,,,,,,,,,,,,100.0,0.0,0.0,0.0,0.0,0.0,3.1,8.9,0.4,50.6,47.5,9.1,63.2,65.9,36.8,34.1,100.0,0.0,0.0,0.0,0.0,0.0,3.1,8.9,0.4,50.6,47.5,9.1,63.2,65.9,36.8,34.1,100.0,0.0,0.0,0.0,0.0,0.0,0.0,0.0,0.0,0.0,0.0,0.0,0.0,0.0,0.0,0.0,27,0.0,0.0,0.0,0.0,0.0,,4.0,,16,6.0,9,22,15,27,0.0,0.0,0.0,0.0,0.0,,4.0,,16,6.0,9,22,15,0,0,0,0,0,0,0,0,0,0,0,0,0,0,23.7,49.4,36.7,59.2,23.6,45.9,36.5,53.8,23.7,49.4,36.7,59.2,23.6,45.9,36.5,53.8,0.0,0.0,0.0,0.0,0.0,0.0,0.0,0.0,(CONTRACTS OF 500 BARRELS),N10,CRUDE OIL,PETROLEUM AND PRODUCTS,NATURAL RESOURCES,FutOnly
240723067411F,"CRUDE OIL, LIGHT SWEET-WTI - ICE FUTURES EUROPE",2024-07-23T00:00:00.000,2024 Report Week 30,"CRUDE OIL, LIGHT SWEET-WTI",67411,ICEU,NYC,67,CRUDE OIL,607921,341074,330713,9022,31906,33541,14179,48158,20910,59059,14337,116640,594425,596205,13496,11716,607921,341074,330713,9022,31906,33541,14179,48158,20910,59059,14337,116640,594425,596205,13496,11716,0,0,0,0,0,0,0,0,0,0,0,0,0,0,0,0,-16739.0,3386.0,-18340.0,-2577.0,445.0,4912.0,619.0,8280.0,-1244.0,-7127.0,3816.0,-13075.0,-15106.0,-15206.0,-1633.0,-1533.0,100.0,56.1,54.4,1.5,5.2,5.5,2.3,7.9,3.4,9.7,2.4,19.2,97.8,98.1,2.2,1.9,100.0,56.1,54.4,1.5,5.2,5.5,2.3,7.9,3.4,9.7,2.4,19.2,97.8,98.1,2.2,1.9,100.0,0.0,0.0,0.0,0.0,0.0,0.0,0.0,0.0,0.0,0.0,0.0,0.0,0.0,0.0,0.0,124,43.0,45.0,4.0,11.0,13.0,4.0,12.0,14.0,23,17.0,35,112,113,124,43.0,45.0,4.0,11.0,13.0,4.0,12.0,14.0,23,17.0,35,112,113,0,0,0,0,0,0,0,0,0,0,0,0,0,0,38.8,34.2,49.4,46.3,29.6,26.9,34.3,32.6,38.8,34.2,49.4,46.3,29.6,26.9,34.3,32.6,0.0,0.0,0.0,0.0,0.0,0.0,0.0,0.0,"(CONTRACTS OF 1,000 BARRELS)",N10,CRUDE OIL,PETROLEUM AND PRODUCTS,NATURAL RESOURCES,FutOnly
240730067411F,"CRUDE OIL, LIGHT SWEET-WTI - ICE FUTURES EUROPE",2024-07-30T00:00:00.000,2024 Report Week 31,"CRUDE OIL, LIGHT SWEET-WTI",67411,ICEU,NYC,67,CRUDE OIL,606826,348750,325616,9022,34883,32511,11360,49078,20732,55588,16213,116603,594566,595636,12260,11190,606826,348750,325616,9022,34883,32511,11360,49078,20732,55588,16213,116603,594566,595636,12260,11190,0,0,0,0,0,0,0,0,0,0,0,0,0,0,0,0,-1095.0,7676.0,-5097.0,0.0,2977.0,-1030.0,-2819.0,920.0,-178.0,-3471.0,1876.0,-37.0,141.0,-569.0,-1236.0,-526.0,100.0,57.5,53.7,1.5,5.7,5.4,1.9,8.1,3.4,9.2,2.7,19.2,98.0,98.2,2.0,1.8,100.0,57.5,53.7,1.5,5.7,5.4,1.9,8.1,3.4,9.2,2.7,19.2,98.0,98.2,2.0,1.8,100.0,0.0,0.0,0.0,0.0,0.0,0.0,0.0,0.0,0.0,0.0,0.0,0.0,0.0,0.0,0.0,123,44.0,44.0,4.0,10.0,13.0,,13.0,14.0,19,20.0,36,113,111,123,44.0,44.0,4.0,10.0,13.0,,13.0,14.0,19,20.0,36,113,111,0,0,0,0,0,0,0,0,0,0,0,0,0,0,39.3,33.4,50.6,45.6,30.3,26.1,34.7,31.9,39.3,33.4,50.6,45.6,30.3,26.1,34.7,31.9,0.0,0.0,0.0,0.0,0.0,0.0,0.0,0.0,"(CONTRACTS OF 1,000 BARRELS)",N10,CRUDE OIL,PETROLEUM AND PRODUCTS,NATURAL RESOURCES,FutOnly
240806067411F,"CRUDE OIL, LIGHT SWEET-WTI - ICE FUTURES EUROPE",2024-08-06T00:00:00.000,2024 Report Week 32,"CRUDE OIL, LIGHT SWEET-WTI",67411,ICEU,NYC,67,CRUDE OIL,634719,383230,335594,8856,41889,29130,4695,48858,23995,54877,24444,118456,623239,622366,11480,12353,634719,383230,335594,8856,41889,29130,4695,48858,23995,54877,24444,118456,623239,622366,11480,12353,0,0,0,0,0,0,0,0,0,0,0,0,0,0,0,0,27893.0,34480.0,9978.0,-166.0,7006.0,-3381.0,-6665.0,-220.0,3263.0,-711.0,8231.0,1853.0,28673.0,26730.0,-780.0,1163.0,100.0,60.4,52.9,1.4,6.6,4.6,0.7,7.7,3.8,8.6,3.9,18.7,98.2,98.1,1.8,1.9,100.0,60.4,52.9,1.4,6.6,4.6,0.7,7.7,3.8,8.6,3.9,18.7,98.2,98.1,1.8,1.9,100.0,0.0,0.0,0.0,0.0,0.0,0.0,0.0,0.0,0.0,0.0,0.0,0.0,0.0,0.0,0.0,122,47.0,45.0,4.0,10.0,13.0,4.0,12.0,15.0,16,22.0,34,114,110,122,47.0,45.0,4.0,10.0,13.0,4.0,12.0,15.0,16,22.0,34,114,110,0,0,0,0,0,0,0,0,0,0,0,0,0,0,42.5,33.3,52.6,45.5,32.6,25.2,37.1,30.9,42.5,33.3,52.6,45.5,32.6,25.2,37.1,30.9,0.0,0.0,0.0,0.0,0.0,0.0,0.0,0.0,"(CONTRACTS OF 1,000 BARRELS)",N10,CRUDE OIL,PETROLEUM AND PRODUCTS,NATURAL RESOURCES,FutOnly
240813067411F,"CRUDE OIL, LIGHT SWEET-WTI - ICE FUTURES EUROPE",2024-08-13T00:00:00.000,2024 Report Week 33,"CRUDE OIL, LIGHT SWEET-WTI",67411,ICEU,NYC,67,CRUDE OIL,652448,372270,343753,9660,47305,32355,4707,43742,23138,63154,16066,134223,639507,640582,12941,11866,652448,372270,343753,9660,47305,32355,4707,43742,23138,63154,16066,134223,639507,640582,12941,11866,0,0,0,0,0,0,0,0,0,0,0,0,0,0,0,0,17729.0,-10960.0,8159.0,804.0,5416.0,3225.0,12.0,-5116.0,-857.0,8277.0,-8378.0,15767.0,16268.0,18216.0,1461.0,-487.0,100.0,57.1,52.7,1.5,7.3,5.0,0.7,6.7,3.5,9.7,2.5,20.6,98.0,98.2,2.0,1.8,100.0,57.1,52.7,1.5,7.3,5.0,0.7,6.7,3.5,9.7,2.5,20.6,98.0,98.2,2.0,1.8,100.0,0.0,0.0,0.0,0.0,0.0,0.0,0.0,0.0,0.0,0.0,0.0,0.0,0.0,0.0,0.0,124,46.0,45.0,4.0,10.0,13.0,,14.0,15.0,21,19.0,37,116,113,124,46.0,45.0,4.0,10.0,13.0,,14.0,15.0,21,19.0,37,116,113,0,0,0,0,0,0,0,0,0,0,0,0,0,0,42.5,33.3,52.0,44.6,32.5,24.6,36.5,30.1,42.5,33.3,52.0,44.6,32.5,24.6,36.5,30.1,0.0,0.0,0.0,0.0,0.0,0.0,0.0,0.0,"(CONTRACTS OF 1,000 BARRELS)",N10,CRUDE OIL,PETROLEUM AND PRODUCTS,NATURAL RESOURCES,FutOnly
240820067411F,"CRUDE OIL, LIGHT SWEET-WTI - ICE FUTURES EUROPE",2024-08-20T00:00:00.000,2024 Report Week 34,"CRUDE OIL, LIGHT SWEET-WTI",67411,ICEU,NYC,67,CRUDE OIL,606596,350709,313458,11257,48943,26297,5117,40913,21155,52382,18790,124286,591203,593842,15393,12754,606596,350709,313458,11257,48943,26297,5117,40913,21155,52382,18790,124286,591203,593842,15393,12754,0,0,0,0,0,0,0,0,0,0,0,0,0,0,0,0,-45852.0,-21561.0,-30295.0,1597.0,1638.0,-6058.0,410.0,-2829.0,-1983.0,-10772.0,2724.0,-9937.0,-48304.0,-46740.0,2452.0,888.0,100.0,57.8,51.7,1.9,8.1,4.3,0.8,6.7,3.5,8.6,3.1,20.5,97.5,97.9,2.5,2.1,100.0,57.8,51.7,1.9,8.1,4.3,0.8,6.7,3.5,8.6,3.1,20.5,97.5,97.9,2.5,2.1,100.0,0.0,0.0,0.0,0.0,0.0,0.0,0.0,0.0,0.0,0.0,0.0,0.0,0.0,0.0,0.0,118,43.0,41.0,6.0,9.0,13.0,,12.0,12.0,18,20.0,35,108,106,118,43.0,41.0,6.0,9.0,13.0,,12.0,12.0,18,20.0,35,108,106,0,0,0,0,0,0,0,0,0,0,0,0,0,0,43.7,33.1,53.2,44.1,33.6,24.2,37.7,29.8,43.7,33.1,53.2,44.1,33.6,24.2,37.7,29.8,0.0,0.0,0.0,0.0,0.0,0.0,0.0,0.0,"(CONTRACTS OF 1,000 BARRELS)",N10,CRUDE OIL,PETROLEUM AND PRODUCTS,NATURAL RESOURCES,FutOnly
240827067411F,"CRUDE OIL, LIGHT SWEET-WTI - ICE FUTURES EUROPE",2024-08-27T00:00:00.000,2024 Report Week 35,"CRUDE OIL, LIGHT SWEET-WTI",67411,ICEU,NYC,67,CRUDE OIL,603068,342605,295831,12817,53802,23937,8083,43896,20806,47311,21760,131979,587538,592011,15530,11057,603068,342605,295831,12817,53802,23937,8083,43896,20806,47311,21760,131979,587538,592011,15530,11057,0,0,0,0,0,0,0,0,0,0,0,0,0,0,0,0,-3528.0,-8104.0,-17627.0,1560.0,4859.0,-2360.0,2966.0,2983.0,-349.0,-5071.0,2970.0,7693.0,-3665.0,-1831.0,137.0,-1697.0,100.0,56.8,49.1,2.1,8.9,4.0,1.3,7.3,3.5,7.8,3.6,21.9,97.4,98.2,2.6,1.8,100.0,56.8,49.1,2.1,8.9,4.0,1.3,7.3,3.5,7.8,3.6,21.9,97.4,98.2,2.6,1.8,100.0,0.0,0.0,0.0,0.0,0.0,0.0,0.0,0.0,0.0,0.0,0.0,0.0,0.0,0.0,0.0,123,41.0,42.0,6.0,10.0,14.0,4.0,11.0,11.0,14,26.0,37,109,111,123,41.0,42.0,6.0,10.0,14.0,4.0,11.0,11.0,14,26.0,37,109,111,0,0,0,0,0,0,0,0,0,0,0,0,0,0,45.9,33.6,55.0,45.3,34.2,23.7,38.3,30.1,45.9,33.6,55.0,45.3,34.2,23.7,38.3,30.1,0.0,0.0,0.0,0.0,0.0,0.0,0.0,0.0,"(CONTRACTS OF 1,000 BARRELS)",N10,CRUDE OIL,PETROLEUM AND PRODUCTS,NATURAL RESOURCES,FutOnly
240903067411F,"CRUDE OIL, LIGHT SWEET-WTI - ICE FUTURES EUROPE",2024-09-03T00:00:00.000,2024 Report Week 36,"CRUDE OIL, LIGHT SWEET-WTI",67411,ICEU,NYC,67,CRUDE OIL,600494,344439,287239,12759,52582,22504,5275,44771,21125,50101,31018,128851,585054,588090,15440,12404,600494,344439,287239,12759,52582,22504,5275,44771,21125,50101,31018,128851,585054,588090,15440,12404,0,0,0,0,0,0,0,0,0,0,0,0,0,0,0,0,-2574.0,1834.0,-8592.0,-58.0,-1220.0,-1433.0,-2808.0,875.0,319.0,2790.0,9258.0,-3128.0,-2484.0,-3921.0,-90.0,1347.0,100.0,57.4,47.8,2.1,8.8,3.7,0.9,7.5,3.5,8.3,5.2,21.5,97.4,97.9,2.6,2.1,100.0,57.4,47.8,2.1,8.8,3.7,0.9,7.5,3.5,8.3,5.2,21.5,97.4,97.9,2.6,2.1,100.0,0.0,0.0,0.0,0.0,0.0,0.0,0.0,0.0,0.0,0.0,0.0,0.0,0.0,0.0,0.0,125,45.0,41.0,6.0,10.0,14.0,,12.0,11.0,17,24.0,38,112,112,125,45.0,41.0,6.0,10.0,14.0,,12.0,11.0,17,24.0,38,112,112,0,0,0,0,0,0,0,0,0,0,0,0,0,0,45.6,34.2,55.2,46.2,35.2,24.4,39.3,30.4,45.6,34.2,55.2,46.2,35.2,24.4,39.3,30.4,0.0,0.0,0.0,0.0,0.0,0.0,0.0,0.0,"(CONTRACTS OF 1,000 BARRELS)",N10,CRUDE OIL,PETROLEUM AND PRODUCTS,NATURAL RESOURCES,FutOnly
240910067411F,"CRUDE OIL, LIGHT SWEET-WTI - ICE FUTURES EUROPE",2024-09-10T00:00:00.000,2024 Report Week 37,"CRUDE OIL, LIGHT SWEET-WTI",67411,ICEU,NYC,67,CRUDE OIL,597403,352427,289348,12470,58159,22540,4808,51928,19565,53388,26445,116742,581940,584727,15463,12676,597403,352427,289348,12470,58159,22540,4808,51928,19565,53388,26445,116742,581940,584727,15463,12676,0,0,0,0,0,0,0,0,0,0,0,0,0,0,0,0,-3091.0,7988.0,2109.0,-289.0,5577.0,36.0,-467.0,7157.0,-1560.0,3287.0,-4573.0,-12109.0,-3114.0,-3363.0,23.0,272.0,100.0,59.0,48.4,2.1,9.7,3.8,0.8,8.7,3.3,8.9,4.4,19.5,97.4,97.9,2.6,2.1,100.0,59.0,48.4,2.1,9.7,3.8,0.8,8.7,3.3,8.9,4.4,19.5,97.4,97.9,2.6,2.1,100.0,0.0,0.0,0.0,0.0,0.0,0.0,0.0,0.0,0.0,0.0,0.0,0.0,0.0,0.0,0.0,129,45.0,47.0,6.0,10.0,14.0,,13.0,13.0,17,25.0,37,113,119,129,45.0,47.0,6.0,10.0,14.0,,13.0,13.0,17,25.0,37,113,119,0,0,0,0,0,0,0,0,0,0,0,0,0,0,45.5,32.2,55.3,44.5,37.0,25.2,41.2,31.7,45.5,32.2,55.3,44.5,37.0,25.2,41.2,31.7,0.0,0.0,0.0,0.0,0.0,0.0,0.0,0.0,"(CONTRACTS OF 1,000 BARRELS)",N10,CRUDE OIL,PETROLEUM AND PRODUCTS,NATURAL RESOURCES,FutOnly
240917067411F,"CRUDE OIL, LIGHT SWEET-WTI - ICE FUTURES EUROPE",2024-09-17T00:00:00.000,2024 Report Week 38,"CRUDE OIL, LIGHT SWEET-WTI",67411,ICEU,NYC,67,CRUDE OIL,601000,341998,298663,13201,52230,25006,6063,50637,21830,59454,17951,120252,587804,586569,13196,14431,601000,341998,298663,13201,52230,25006,6063,50637,21830,59454,17951,120252,587804,586569,13196,14431,0,0,0,0,0,0,0,0,0,0,0,0,0,0,0,0,3597.0,-10429.0,9315.0,731.0,-5929.0,2466.0,1255.0,-1291.0,2265.0,6066.0,-8494.0,3510.0,5864.0,1842.0,-2267.0,1755.0,100.0,56.9,49.7,2.2,8.7,4.2,1.0,8.4,3.6,9.9,3.0,20.0,97.8,97.6,2.2,2.4,100.0,56.9,49.7,2.2,8.7,4.2,1.0,8.4,3.6,9.9,3.0,20.0,97.8,97.6,2.2,2.4,100.0,0.0,0.0,0.0,0.0,0.0,0.0,0.0,0.0,0.0,0.0,0.0,0.0,0.0,0.0,0.0,124,46.0,44.0,6.0,10.0,14.0,,12.0,12.0,16,23.0,35,111,112,124,46.0,44.0,6.0,10.0,14.0,,12.0,12.0,16,23.0,35,111,112,0,0,0,0,0,0,0,0,0,0,0,0,0,0,45.5,31.9,56.2,44.6,37.3,25.2,41.1,31.5,45.5,31.9,56.2,44.6,37.3,25.2,41.1,31.5,0.0,0.0,0.0,0.0,0.0,0.0,0.0,0.0,"(CONTRACTS OF 1,000 BARRELS)",N10,CRUDE OIL,PETROLEUM AND PRODUCTS,NATURAL RESOURCES,FutOnly
240924067411F,"CRUDE OIL, LIGHT SWEET-WTI - ICE FUTURES EUROPE",2024-09-24T00:00:00.000,2024 Report Week 39,"CRUDE OIL, LIGHT SWEET-WTI",67411,ICEU,NYC,67,CRUDE OIL,607376,340676,310192,9314,50858,24009,7480,47930,23364,69838,15854,119699,594380,591906,12996,15470,607376,340676,310192,9314,50858,24009,7480,47930,23364,69838,15854,119699,594380,591906,12996,15470,0,0,0,0,0,0,0,0,0,0,0,0,0,0,0,0,6376.0,-1322.0,11529.0,-3887.0,-1372.0,-997.0,1417.0,-2707.0,1534.0,10384.0,-2097.0,-553.0,6576.0,5337.0,-200.0,1039.0,100.0,56.1,51.1,1.5,8.4,4.0,1.2,7.9,3.8,11.5,2.6,19.7,97.9,97.5,2.1,2.5,100.0,56.1,51.1,1.5,8.4,4.0,1.2,7.9,3.8,11.5,2.6,19.7,97.9,97.5,2.1,2.5,100.0,0.0,0.0,0.0,0.0,0.0,0.0,0.0,0.0,0.0,0.0,0.0,0.0,0.0,0.0,0.0,124,43.0,41.0,6.0,9.0,14.0,5.0,10.0,12.0,20,21.0,39,113,112,124,43.0,41.0,6.0,9.0,14.0,5.0,10.0,12.0,20,21.0,39,113,112,0,0,0,0,0,0,0,0,0,0,0,0,0,0,45.5,32.3,55.8,44.5,37.2,24.4,41.3,31.0,45.5,32.3,55.8,44.5,37.2,24.4,41.3,31.0,0.0,0.0,0.0,0.0,0.0,0.0,0.0,0.0,"(CONTRACTS OF 1,000 BARRELS)",N10,CRUDE OIL,PETROLEUM AND PRODUCTS,NATURAL RESOURCES,FutOnly
241001067411F,"CRUDE OIL, LIGHT SWEET-WTI - ICE FUTURES EUROPE",2024-10-01T00:00:00.000,2024 Report Week 40,"CRUDE OIL, LIGHT SWEET-WTI",67411,ICEU,NYC,67,CRUDE OIL,617401,366233,295385,8502,54295,20721,6540,50309,22392,53336,33943,125672,603396,602717,14005,14684,617401,366233,295385,8502,54295,20721,6540,50309,22392,53336,33943,125672,603396,602717,14005,14684,0,0,0,0,0,0,0,0,0,0,0,0,0,0,0,0,10025.0,25557.0,-14807.0,-812.0,3437.0,-3288.0,-940.0,2379.0,-972.0,-16502.0,18089.0,5973.0,9016.0,10811.0,1009.0,-786.0,100.0,59.3,47.8,1.4,8.8,3.4,1.1,8.1,3.6,8.6,5.5,20.4,97.7,97.6,2.3,2.4,100.0,59.3,47.8,1.4,8.8,3.4,1.1,8.1,3.6,8.6,5.5,20.4,97.7,97.6,2.3,2.4,100.0,0.0,0.0,0.0,0.0,0.0,0.0,0.0,0.0,0.0,0.0,0.0,0.0,0.0,0.0,0.0,121,43.0,39.0,5.0,9.0,13.0,,14.0,12.0,18,22.0,37,110,107,121,43.0,39.0,5.0,9.0,13.0,,14.0,12.0,18,22.0,37,110,107,0,0,0,0,0,0,0,0,0,0,0,0,0,0,44.1,32.7,55.1,45.2,37.4,24.4,42.1,30.9,44.1,32.7,55.1,45.2,37.4,24.4,42.1,30.9,0.0,0.0,0.0,0.0,0.0,0.0,0.0,0.0,"(CONTRACTS OF 1,000 BARRELS)",N10,CRUDE OIL,PETROLEUM AND PRODUCTS,NATURAL RESOURCES,FutOnly
241008067411F,"CRUDE OIL, LIGHT SWEET-WTI - ICE FUTURES EUROPE",2024-10-08T00:00:00.000,2024 Report Week 41,"CRUDE OIL, LIGHT SWEET-WTI",67411,ICEU,NYC,67,CRUDE OIL,637812,376305,293122,10715,61974,26798,7132,53666,20160,56076,45444,124739,621925,625903,15887,11909,637812,376305,293122,10715,61974,26798,7132,53666,20160,56076,45444,124739,621925,625903,15887,11909,0,0,0,0,0,0,0,0,0,0,0,0,0,0,0,0,20411.0,10072.0,-2263.0,2213.0,7679.0,6077.0,592.0,3357.0,-2232.0,2740.0,11501.0,-933.0,18529.0,23186.0,1882.0,-2775.0,100.0,59.0,46.0,1.7,9.7,4.2,1.1,8.4,3.2,8.8,7.1,19.6,97.5,98.1,2.5,1.9,100.0,59.0,46.0,1.7,9.7,4.2,1.1,8.4,3.2,8.8,7.1,19.6,97.5,98.1,2.5,1.9,100.0,0.0,0.0,0.0,0.0,0.0,0.0,0.0,0.0,0.0,0.0,0.0,0.0,0.0,0.0,0.0,128,44.0,42.0,6.0,8.0,14.0,4.0,14.0,12.0,15,28.0,39,116,113,128,44.0,42.0,6.0,8.0,14.0,4.0,14.0,12.0,15,28.0,39,116,113,0,0,0,0,0,0,0,0,0,0,0,0,0,0,43.3,31.5,53.4,43.4,37.1,23.4,42.7,32.0,43.3,31.5,53.4,43.4,37.1,23.4,42.7,32.0,0.0,0.0,0.0,0.0,0.0,0.0,0.0,0.0,"(CONTRACTS OF 1,000 BARRELS)",N10,CRUDE OIL,PETROLEUM AND PRODUCTS,NATURAL RESOURCES,FutOnly
241015067411F,"CRUDE OIL, LIGHT SWEET-WTI - ICE FUTURES EUROPE",2024-10-15T00:00:00.000,2024 Report Week 42,"CRUDE OIL, LIGHT SWEET-WTI",67411,ICEU,NYC,67,CRUDE OIL,627956,354097,274086,11707,65268,26066,6735,57793,20314,59173,38359,133871,611963,615757,15993,12199,627956,354097,274086,11707,65268,26066,6735,57793,20314,59173,38359,133871,611963,615757,15993,12199,0,0,0,0,0,0,0,0,0,0,0,0,0,0,0,0,-9856.0,-22208.0,-19036.0,992.0,3294.0,-732.0,-397.0,4127.0,154.0,3097.0,-7085.0,9132.0,-9962.0,-10146.0,106.0,290.0,100.0,56.4,43.6,1.9,10.4,4.2,1.1,9.2,3.2,9.4,6.1,21.3,97.5,98.1,2.5,1.9,100.0,56.4,43.6,1.9,10.4,4.2,1.1,9.2,3.2,9.4,6.1,21.3,97.5,98.1,2.5,1.9,100.0,0.0,0.0,0.0,0.0,0.0,0.0,0.0,0.0,0.0,0.0,0.0,0.0,0.0,0.0,0.0,119,40.0,37.0,6.0,8.0,13.0,,15.0,12.0,18,21.0,38,108,105,119,40.0,37.0,6.0,8.0,13.0,,15.0,12.0,18,21.0,38,108,105,0,0,0,0,0,0,0,0,0,0,0,0,0,0,45.1,32.3,55.6,44.1,37.6,23.3,43.3,31.2,45.1,32.3,55.6,44.1,37.6,23.3,43.3,31.2,0.0,0.0,0.0,0.0,0.0,0.0,0.0,0.0,"(CONTRACTS OF 1,000 BARRELS)",N10,CRUDE OIL,PETROLEUM AND PRODUCTS,NATURAL RESOURCES,FutOnly
241022067411F,"CRUDE OIL, LIGHT SWEET-WTI - ICE FUTURES EUROPE",2024-10-22T00:00:00.000,2024 Report Week 43,"CRUDE OIL, LIGHT SWEET-WTI",67411,ICEU,NYC,67,CRUDE OIL,629344,358062,277968,11145,66422,25586,6518,57719,20019,61904,41262,130979,614213,619955,15131,9389,629344,358062,277968,11145,66422,25586,6518,57719,20019,61904,41262,130979,614213,619955,15131,9389,0,0,0,0,0,0,0,0,0,0,0,0,0,0,0,0,1388.0,3965.0,3882.0,-562.0,1154.0,-480.0,-217.0,-74.0,-295.0,2731.0,2903.0,-2892.0,2250.0,4198.0,-862.0,-2810.0,100.0,56.9,44.2,1.8,10.6,4.1,1.0,9.2,3.2,9.8,6.6,20.8,97.6,98.5,2.4,1.5,100.0,56.9,44.2,1.8,10.6,4.1,1.0,9.2,3.2,9.8,6.6,20.8,97.6,98.5,2.4,1.5,100.0,0.0,0.0,0.0,0.0,0.0,0.0,0.0,0.0,0.0,0.0,0.0,0.0,0.0,0.0,0.0,127,43.0,43.0,6.0,8.0,13.0,,17.0,12.0,15,28.0,41,113,117,127,43.0,43.0,6.0,8.0,13.0,,17.0,12.0,15,28.0,41,113,117,0,0,0,0,0,0,0,0,0,0,0,0,0,0,43.9,32.0,54.4,44.2,36.1,23.4,41.2,31.6,43.9,32.0,54.4,44.2,36.1,23.4,41.2,31.6,0.0,0.0,0.0,0.0,0.0,0.0,0.0,0.0,"(CONTRACTS OF 1,000 BARRELS)",N10,CRUDE OIL,PETROLEUM AND PRODUCTS,NATURAL RESOURCES,FutOnly
241029067411F,"CRUDE OIL, LIGHT SWEET-WTI - ICE FUTURES EUROPE",2024-10-29T00:00:00.000,2024 Report Week 44,"CRUDE OIL, LIGHT SWEET-WTI",67411,ICEU,NYC,67,CRUDE OIL,643322,358530,297397,10344,64148,28751,7048,56064,22026,71417,32163,131557,629673,632106,13649,11216,643322,358530,297397,10344,64148,28751,7048,56064,22026,71417,32163,131557,629673,632106,13649,11216,0,0,0,0,0,0,0,0,0,0,0,0,0,0,0,0,13978.0,468.0,19429.0,-801.0,-2274.0,3165.0,530.0,-1655.0,2007.0,9513.0,-9099.0,578.0,15460.0,12151.0,-1482.0,1827.0,100.0,55.7,46.2,1.6,10.0,4.5,1.1,8.7,3.4,11.1,5.0,20.4,97.9,98.3,2.1,1.7,100.0,55.7,46.2,1.6,10.0,4.5,1.1,8.7,3.4,11.1,5.0,20.4,97.9,98.3,2.1,1.7,100.0,0.0,0.0,0.0,0.0,0.0,0.0,0.0,0.0,0.0,0.0,0.0,0.0,0.0,0.0,0.0,129,49.0,43.0,6.0,8.0,13.0,,15.0,10.0,20,23.0,40,118,114,129,49.0,43.0,6.0,8.0,13.0,,15.0,10.0,20,23.0,40,118,114,0,0,0,0,0,0,0,0,0,0,0,0,0,0,41.2,31.1,51.6,43.6,33.4,24.4,39.0,32.4,41.2,31.1,51.6,43.6,33.4,24.4,39.0,32.4,0.0,0.0,0.0,0.0,0.0,0.0,0.0,0.0,"(CONTRACTS OF 1,000 BARRELS)",N10,CRUDE OIL,PETROLEUM AND PRODUCTS,NATURAL RESOURCES,FutOnly
241105067411F,"CRUDE OIL, LIGHT SWEET-WTI - ICE FUTURES EUROPE",2024-11-05T00:00:00.000,2024 Report Week 45,"CRUDE OIL, LIGHT SWEET-WTI",67411,ICEU,NYC,67,CRUDE OIL,679338,373206,316765,9859,64407,35191,7206,58766,21126,78821,29056,141770,667179,667081,12159,12257,679338,373206,316765,9859,64407,35191,7206,58766,21126,78821,29056,141770,667179,667081,12159,12257,0,0,0,0,0,0,0,0,0,0,0,0,0,0,0,0,36016.0,14676.0,19368.0,-485.0,259.0,6440.0,158.0,2702.0,-900.0,7404.0,-3107.0,10213.0,37506.0,34975.0,-1490.0,1041.0,100.0,54.9,46.6,1.5,9.5,5.2,1.1,8.7,3.1,11.6,4.3,20.9,98.2,98.2,1.8,1.8,100.0,54.9,46.6,1.5,9.5,5.2,1.1,8.7,3.1,11.6,4.3,20.9,98.2,98.2,1.8,1.8,100.0,0.0,0.0,0.0,0.0,0.0,0.0,0.0,0.0,0.0,0.0,0.0,0.0,0.0,0.0,0.0,132,50.0,45.0,6.0,8.0,12.0,5.0,15.0,10.0,18,25.0,39,118,116,132,50.0,45.0,6.0,8.0,12.0,5.0,15.0,10.0,18,25.0,39,118,116,0,0,0,0,0,0,0,0,0,0,0,0,0,0,41.1,31.2,51.4,43.5,33.7,24.1,39.3,32.4,41.1,31.2,51.4,43.5,33.7,24.1,39.3,32.4,0.0,0.0,0.0,0.0,0.0,0.0,0.0,0.0,"(CONTRACTS OF 1,000 BARRELS)",N10,CRUDE OIL,PETROLEUM AND PRODUCTS,NATURAL RESOURCES,FutOnly
241112067411F,"CRUDE OIL, LIGHT SWEET-WTI - ICE FUTURES EUROPE",2024-11-12T00:00:00.000,2024 Report Week 46,"CRUDE OIL, LIGHT SWEET-WTI",67411,ICEU,NYC,67,CRUDE OIL,693238,383745,319352,7921,64743,33659,6199,63583,20632,77335,27520,152319,681810,681808,11428,11430,693238,383745,319352,7921,64743,33659,6199,63583,20632,77335,27520,152319,681810,681808,11428,11430,0,0,0,0,0,0,0,0,0,0,0,0,0,0,0,0,13900.0,10539.0,2587.0,-1938.0,336.0,-1532.0,-1007.0,4817.0,-494.0,-1486.0,-1536.0,10549.0,14631.0,14727.0,-731.0,-827.0,100.0,55.4,46.1,1.1,9.3,4.9,0.9,9.2,3.0,11.2,4.0,22.0,98.4,98.4,1.6,1.6,100.0,55.4,46.1,1.1,9.3,4.9,0.9,9.2,3.0,11.2,4.0,22.0,98.4,98.4,1.6,1.6,100.0,0.0,0.0,0.0,0.0,0.0,0.0,0.0,0.0,0.0,0.0,0.0,0.0,0.0,0.0,0.0,133,45.0,44.0,6.0,8.0,13.0,5.0,17.0,11.0,20,23.0,40,116,119,133,45.0,44.0,6.0,8.0,13.0,5.0,17.0,11.0,20,23.0,40,116,119,0,0,0,0,0,0,0,0,0,0,0,0,0,0,41.8,29.2,52.1,41.2,33.4,21.8,38.7,31.2,41.8,29.2,52.1,41.2,33.4,21.8,38.7,31.2,0.0,0.0,0.0,0.0,0.0,0.0,0.0,0.0,"(CONTRACTS OF 1,000 BARRELS)",N10,CRUDE OIL,PETROLEUM AND PRODUCTS,NATURAL RESOURCES,FutOnly
241119067411F,"CRUDE OIL, LIGHT SWEET-WTI - ICE FUTURES EUROPE",2024-11-19T00:00:00.000,2024 Report Week 47,"CRUDE OIL, LIGHT SWEET-WTI",67411,ICEU,NYC,67,CRUDE OIL,708539,412919,338741,8557,60719,35882,6504,61757,21978,67978,34168,144526,698344,697771,10195,10768,708539,412919,338741,8557,60719,35882,6504,61757,21978,67978,34168,144526,698344,697771,10195,10768,0,0,0,0,0,0,0,0,0,0,0,0,0,0,0,0,15301.0,29174.0,19389.0,636.0,-4024.0,2223.0,305.0,-1826.0,1346.0,-9357.0,6648.0,-7793.0,16534.0,15963.0,-1233.0,-662.0,100.0,58.3,47.8,1.2,8.6,5.1,0.9,8.7,3.1,9.6,4.8,20.4,98.6,98.5,1.4,1.5,100.0,58.3,47.8,1.2,8.6,5.1,0.9,8.7,3.1,9.6,4.8,20.4,98.6,98.5,1.4,1.5,100.0,0.0,0.0,0.0,0.0,0.0,0.0,0.0,0.0,0.0,0.0,0.0,0.0,0.0,0.0,0.0,131,47.0,47.0,5.0,8.0,13.0,4.0,17.0,10.0,15,26.0,39,112,122,131,47.0,47.0,5.0,8.0,13.0,4.0,17.0,10.0,15,26.0,39,112,122,0,0,0,0,0,0,0,0,0,0,0,0,0,0,41.2,31.5,52.1,42.4,34.2,23.3,39.5,32.0,41.2,31.5,52.1,42.4,34.2,23.3,39.5,32.0,0.0,0.0,0.0,0.0,0.0,0.0,0.0,0.0,"(CONTRACTS OF 1,000 BARRELS)",N10,CRUDE OIL,PETROLEUM AND PRODUCTS,NATURAL RESOURCES,FutOnly
241126067411F,"CRUDE OIL, LIGHT SWEET-WTI - ICE FUTURES EUROPE",2024-11-26T00:00:00.000,2024 Report Week 48,"CRUDE OIL, LIGHT SWEET-WTI",67411,ICEU,NYC,67,CRUDE OIL,702683,416771,348195,11518,55461,29204,7019,60885,20569,67093,36361,140015,692189,690690,10494,11993,702683,416771,348195,11518,55461,29204,7019,60885,20569,67093,36361,140015,692189,690690,10494,11993,0,0,0,0,0,0,0,0,0,0,0,0,0,0,0,0,-5856.0,3852.0,9454.0,2961.0,-5258.0,-6678.0,515.0,-872.0,-1409.0,-885.0,2193.0,-4511.0,-6155.0,-7081.0,299.0,1225.0,100.0,59.3,49.6,1.6,7.9,4.2,1.0,8.7,2.9,9.5,5.2,19.9,98.5,98.3,1.5,1.7,100.0,59.3,49.6,1.6,7.9,4.2,1.0,8.7,2.9,9.5,5.2,19.9,98.5,98.3,1.5,1.7,100.0,0.0,0.0,0.0,0.0,0.0,0.0,0.0,0.0,0.0,0.0,0.0,0.0,0.0,0.0,0.0,127,46.0,44.0,5.0,8.0,13.0,5.0,13.0,9.0,14,27.0,36,109,114,127,46.0,44.0,5.0,8.0,13.0,5.0,13.0,9.0,14,27.0,36,109,114,0,0,0,0,0,0,0,0,0,0,0,0,0,0,43.2,33.6,55.0,44.4,38.1,26.5,43.7,34.3,43.2,33.6,55.0,44.4,38.1,26.5,43.7,34.3,0.0,0.0,0.0,0.0,0.0,0.0,0.0,0.0,"(CONTRACTS OF 1,000 BARRELS)",N10,CRUDE OIL,PETROLEUM AND PRODUCTS,NATURAL RESOURCES,FutOnly
241203067411F,"CRUDE OIL, LIGHT SWEET-WTI - ICE FUTURES EUROPE",2024-12-03T00:00:00.000,2024 Report Week 49,"CRUDE OIL, LIGHT SWEET-WTI",67411,ICEU,NYC,67,CRUDE OIL,703087,402399,346527,11925,53890,29071,7337,63414,19828,76381,32946,146596,693537,692272,9550,10815,703087,402399,346527,11925,53890,29071,7337,63414,19828,76381,32946,146596,693537,692272,9550,10815,0,0,0,0,0,0,0,0,0,0,0,0,0,0,0,0,404.0,-14372.0,-1668.0,407.0,-1571.0,-133.0,318.0,2529.0,-741.0,9288.0,-3415.0,6581.0,1348.0,1582.0,-944.0,-1178.0,100.0,57.2,49.3,1.7,7.7,4.1,1.0,9.0,2.8,10.9,4.7,20.9,98.6,98.5,1.4,1.5,100.0,57.2,49.3,1.7,7.7,4.1,1.0,9.0,2.8,10.9,4.7,20.9,98.6,98.5,1.4,1.5,100.0,0.0,0.0,0.0,0.0,0.0,0.0,0.0,0.0,0.0,0.0,0.0,0.0,0.0,0.0,0.0,129,45.0,43.0,5.0,8.0,13.0,6.0,13.0,10.0,15,27.0,37,111,114,129,45.0,43.0,5.0,8.0,13.0,6.0,13.0,10.0,15,27.0,37,111,114,0,0,0,0,0,0,0,0,0,0,0,0,0,0,44.3,33.8,57.0,44.9,38.7,26.4,43.8,34.6,44.3,33.8,57.0,44.9,38.7,26.4,43.8,34.6,0.0,0.0,0.0,0.0,0.0,0.0,0.0,0.0,"(CONTRACTS OF 1,000 BARRELS)",N10,CRUDE OIL,PETROLEUM AND PRODUCTS,NATURAL RESOURCES,FutOnly
241210067411F,"CRUDE OIL, LIGHT SWEET-WTI - ICE FUTURES EUROPE",2024-12-10T00:00:00.000,2024 Report Week 50,"CRUDE OIL, LIGHT SWEET-WTI",67411,ICEU,NYC,67,CRUDE OIL,714185,408378,353710,12701,55897,27718,7154,64218,19219,82501,34144,145242,702913,700148,11272,14037,714185,408378,353710,12701,55897,27718,7154,64218,19219,82501,34144,145242,702913,700148,11272,14037,0,0,0,0,0,0,0,0,0,0,0,0,0,0,0,0,11098.0,5979.0,7183.0,776.0,2007.0,-1353.0,-183.0,804.0,-609.0,6120.0,1198.0,-1354.0,9376.0,7876.0,1722.0,3222.0,100.0,57.2,49.5,1.8,7.8,3.9,1.0,9.0,2.7,11.6,4.8,20.3,98.4,98.0,1.6,2.0,100.0,57.2,49.5,1.8,7.8,3.9,1.0,9.0,2.7,11.6,4.8,20.3,98.4,98.0,1.6,2.0,100.0,0.0,0.0,0.0,0.0,0.0,0.0,0.0,0.0,0.0,0.0,0.0,0.0,0.0,0.0,0.0,127,47.0,45.0,6.0,8.0,13.0,6.0,13.0,11.0,14,26.0,36,113,114,127,47.0,45.0,6.0,8.0,13.0,6.0,13.0,11.0,14,26.0,36,113,114,0,0,0,0,0,0,0,0,0,0,0,0,0,0,43.5,32.9,55.8,44.0,37.8,25.5,42.7,33.8,43.5,32.9,55.8,44.0,37.8,25.5,42.7,33.8,0.0,0.0,0.0,0.0,0.0,0.0,0.0,0.0,"(CONTRACTS OF 1,000 BARRELS)",N10,CRUDE OIL,PETROLEUM AND PRODUCTS,NATURAL RESOURCES,FutOnly
241217067411F,"CRUDE OIL, LIGHT SWEET-WTI - ICE FUTURES EUROPE",2024-12-17T00:00:00.000,2024 Report Week 51,"CRUDE OIL, LIGHT SWEET-WTI",67411,ICEU,NYC,67,CRUDE OIL,710746,398124,358199,10958,53254,26967,7996,62508,19986,87355,30050,149222,700608,700186,10138,10560,710746,398124,358199,10958,53254,26967,7996,62508,19986,87355,30050,149222,700608,700186,10138,10560,0,0,0,0,0,0,0,0,0,0,0,0,0,0,0,0,-3439.0,-10254.0,4489.0,-1743.0,-2643.0,-751.0,842.0,-1710.0,767.0,4854.0,-4094.0,3980.0,-2305.0,38.0,-1134.0,-3477.0,100.0,56.0,50.4,1.5,7.5,3.8,1.1,8.8,2.8,12.3,4.2,21.0,98.6,98.5,1.4,1.5,100.0,56.0,50.4,1.5,7.5,3.8,1.1,8.8,2.8,12.3,4.2,21.0,98.6,98.5,1.4,1.5,100.0,0.0,0.0,0.0,0.0,0.0,0.0,0.0,0.0,0.0,0.0,0.0,0.0,0.0,0.0,0.0,137,48.0,46.0,6.0,8.0,14.0,7.0,14.0,14.0,17,25.0,38,121,122,137,48.0,46.0,6.0,8.0,14.0,7.0,14.0,14.0,17,25.0,38,121,122,0,0,0,0,0,0,0,0,0,0,0,0,0,0,42.3,33.3,54.2,44.8,35.5,25.3,41.7,33.9,42.3,33.3,54.2,44.8,35.5,25.3,41.7,33.9,0.0,0.0,0.0,0.0,0.0,0.0,0.0,0.0,"(CONTRACTS OF 1,000 BARRELS)",N10,CRUDE OIL,PETROLEUM AND PRODUCTS,NATURAL RESOURCES,FutOnly
241224067411F,"CRUDE OIL, LIGHT SWEET-WTI - ICE FUTURES EUROPE",2024-12-24T00:00:00.000,2024 Report Week 52,"CRUDE OIL, LIGHT SWEET-WTI",67411,ICEU,NYC,67,CRUDE OIL,721736,406528,378815,12469,55949,24900,8287,50246,20394,82733,24902,155353,710664,710559,11072,11177,721736,406528,378815,12469,55949,24900,8287,50246,20394,82733,24902,155353,710664,710559,11072,11177,0,0,0,0,0,0,0,0,0,0,0,0,0,0,0,0,10990.0,8404.0,20616.0,1511.0,2695.0,-2067.0,291.0,-12262.0,408.0,-4622.0,-5148.0,6131.0,10056.0,10373.0,934.0,617.0,100.0,56.3,52.5,1.7,7.8,3.5,1.1,7.0,2.8,11.5,3.5,21.5,98.5,98.5,1.5,1.5,100.0,56.3,52.5,1.7,7.8,3.5,1.1,7.0,2.8,11.5,3.5,21.5,98.5,98.5,1.5,1.5,100.0,0.0,0.0,0.0,0.0,0.0,0.0,0.0,0.0,0.0,0.0,0.0,0.0,0.0,0.0,0.0,138,49.0,46.0,6.0,8.0,14.0,7.0,13.0,12.0,21,21.0,39,121,122,138,49.0,46.0,6.0,8.0,14.0,7.0,13.0,12.0,21,21.0,39,121,122,0,0,0,0,0,0,0,0,0,0,0,0,0,0,40.6,33.9,52.8,45.1,33.2,25.7,40.2,32.9,40.6,33.9,52.8,45.1,33.2,25.7,40.2,32.9,0.0,0.0,0.0,0.0,0.0,0.0,0.0,0.0,"(CONTRACTS OF 1,000 BARRELS)",N10,CRUDE OIL,PETROLEUM AND PRODUCTS,NATURAL RESOURCES,FutOnly
241231067411F,"CRUDE OIL, LIGHT SWEET-WTI - ICE FUTURES EUROPE",2024-12-31T00:00:00.000,2024 Report Week 53,"CRUDE OIL, LIGHT SWEET-WTI",67411,ICEU,NYC,67,CRUDE OIL,718014,403735,380357,16015,55768,22655,8226,50490,19665,83219,24296,154019,707534,707250,10480,10764,718014,403735,380357,16015,55768,22655,8226,50490,19665,83219,24296,154019,707534,707250,10480,10764,0,0,0,0,0,0,0,0,0,0,0,0,0,0,0,0,-3722.0,-2793.0,1542.0,3546.0,-181.0,-2245.0,-61.0,244.0,-729.0,486.0,-606.0,-1334.0,-3130.0,-3309.0,-592.0,-413.0,100.0,56.2,53.0,2.2,7.8,3.2,1.1,7.0,2.7,11.6,3.4,21.5,98.5,98.5,1.5,1.5,100.0,56.2,53.0,2.2,7.8,3.2,1.1,7.0,2.7,11.6,3.4,21.5,98.5,98.5,1.5,1.5,100.0,0.0,0.0,0.0,0.0,0.0,0.0,0.0,0.0,0.0,0.0,0.0,0.0,0.0,0.0,0.0,136,47.0,42.0,7.0,8.0,14.0,7.0,13.0,12.0,22,22.0,41,122,119,136,47.0,42.0,7.0,8.0,14.0,7.0,13.0,12.0,22,22.0,41,122,119,0,0,0,0,0,0,0,0,0,0,0,0,0,0,40.6,34.2,53.0,46.1,32.9,26.2,39.7,33.4,40.6,34.2,53.0,46.1,32.9,26.2,39.7,33.4,0.0,0.0,0.0,0.0,0.0,0.0,0.0,0.0,"(CONTRACTS OF 1,000 BARRELS)",N10,CRUDE OIL,PETROLEUM AND PRODUCTS,NATURAL RESOURCES,FutOnly
250107067411F,"CRUDE OIL, LIGHT SWEET-WTI - ICE FUTURES EUROPE",2025-01-07T00:00:00.000,2025 Report Week 01,"CRUDE OIL, LIGHT SWEET-WTI",67411,ICEU,NYC,67,CRUDE OIL,741067,408045,396869,16864,54770,26021,9712,51637,19732,94501,24340,154563,729438,727932,11629,13135,741067,408045,396869,16864,54770,26021,9712,51637,19732,94501,24340,154563,729438,727932,11629,13135,0,0,0,0,0,0,0,0,0,0,0,0,0,0,0,0,23053.0,4310.0,16512.0,849.0,-998.0,3366.0,1486.0,1147.0,67.0,11282.0,44.0,544.0,21904.0,20682.0,1149.0,2371.0,100.0,55.1,53.6,2.3,7.4,3.5,1.3,7.0,2.7,12.8,3.3,20.9,98.4,98.2,1.6,1.8,100.0,55.1,53.6,2.3,7.4,3.5,1.3,7.0,2.7,12.8,3.3,20.9,98.4,98.2,1.6,1.8,100.0,0.0,0.0,0.0,0.0,0.0,0.0,0.0,0.0,0.0,0.0,0.0,0.0,0.0,0.0,0.0,136,47.0,42.0,7.0,8.0,13.0,9.0,14.0,14.0,20,24.0,38,122,117,136,47.0,42.0,7.0,8.0,13.0,9.0,14.0,14.0,20,24.0,38,122,117,0,0,0,0,0,0,0,0,0,0,0,0,0,0,39.2,33.0,50.8,44.7,31.3,25.2,37.5,32.2,39.2,33.0,50.8,44.7,31.3,25.2,37.5,32.2,0.0,0.0,0.0,0.0,0.0,0.0,0.0,0.0,"(CONTRACTS OF 1,000 BARRELS)",N10,CRUDE OIL,PETROLEUM AND PRODUCTS,NATURAL RESOURCES,FutOnly
250114067411F,"CRUDE OIL, LIGHT SWEET-WTI - ICE FUTURES EUROPE",2025-01-14T00:00:00.000,2025 Report Week 02,"CRUDE OIL, LIGHT SWEET-WTI",67411,ICEU,NYC,67,CRUDE OIL,747010,416216,384530,19890,60321,26596,23294,41751,22950,63423,34356,161089,733458,731593,13552,15417,747010,416216,384530,19890,60321,26596,23294,41751,22950,63423,34356,161089,733458,731593,13552,15417,0,0,0,0,0,0,0,0,0,0,0,0,0,0,0,0,5943.0,8171.0,-12339.0,3026.0,5551.0,575.0,13582.0,-9886.0,3218.0,-31078.0,10016.0,6526.0,4020.0,3661.0,1923.0,2282.0,100.0,55.7,51.5,2.7,8.1,3.6,3.1,5.6,3.1,8.5,4.6,21.6,98.2,97.9,1.8,2.1,100.0,55.7,51.5,2.7,8.1,3.6,3.1,5.6,3.1,8.5,4.6,21.6,98.2,97.9,1.8,2.1,100.0,0.0,0.0,0.0,0.0,0.0,0.0,0.0,0.0,0.0,0.0,0.0,0.0,0.0,0.0,0.0,129,45.0,43.0,7.0,8.0,14.0,8.0,10.0,15.0,18,24.0,36,119,113,129,45.0,43.0,7.0,8.0,14.0,8.0,10.0,15.0,18,24.0,36,119,113,0,0,0,0,0,0,0,0,0,0,0,0,0,0,37.9,32.4,49.1,43.6,28.7,23.1,35.0,30.2,37.9,32.4,49.1,43.6,28.7,23.1,35.0,30.2,0.0,0.0,0.0,0.0,0.0,0.0,0.0,0.0,"(CONTRACTS OF 1,000 BARRELS)",N10,CRUDE OIL,PETROLEUM AND PRODUCTS,NATURAL RESOURCES,FutOnly
250121067411F,"CRUDE OIL, LIGHT SWEET-WTI - ICE FUTURES EUROPE",2025-01-21T00:00:00.000,2025 Report Week 03,"CRUDE OIL, LIGHT SWEET-WTI",67411,ICEU,NYC,67,CRUDE OIL,751280,414496,400602,21750,54501,21512,24584,42468,19920,70659,34965,163673,736594,737641,14686,13639,751280,414496,400602,21750,54501,21512,24584,42468,19920,70659,34965,163673,736594,737641,14686,13639,0,0,0,0,0,0,0,0,0,0,0,0,0,0,0,0,4270.0,-1720.0,16072.0,1860.0,-5820.0,-5084.0,1290.0,717.0,-3030.0,7236.0,609.0,2584.0,3136.0,6048.0,1134.0,-1778.0,100.0,55.2,53.3,2.9,7.3,2.9,3.3,5.7,2.7,9.4,4.7,21.8,98.0,98.2,2.0,1.8,100.0,55.2,53.3,2.9,7.3,2.9,3.3,5.7,2.7,9.4,4.7,21.8,98.0,98.2,2.0,1.8,100.0,0.0,0.0,0.0,0.0,0.0,0.0,0.0,0.0,0.0,0.0,0.0,0.0,0.0,0.0,0.0,133,46.0,41.0,7.0,8.0,13.0,7.0,14.0,16.0,18,24.0,36,118,116,133,46.0,41.0,7.0,8.0,13.0,7.0,14.0,16.0,18,24.0,36,118,116,0,0,0,0,0,0,0,0,0,0,0,0,0,0,38.1,33.3,49.2,44.7,27.1,24.8,34.8,31.2,38.1,33.3,49.2,44.7,27.1,24.8,34.8,31.2,0.0,0.0,0.0,0.0,0.0,0.0,0.0,0.0,"(CONTRACTS OF 1,000 BARRELS)",N10,CRUDE OIL,PETROLEUM AND PRODUCTS,NATURAL RESOURCES,FutOnly
250128067411F,"CRUDE OIL, LIGHT SWEET-WTI - ICE FUTURES EUROPE",2025-01-28T00:00:00.000,2025 Report Week 04,"CRUDE OIL, LIGHT SWEET-WTI",67411,ICEU,NYC,67,CRUDE OIL,755644,424875,397852,22744,51813,23786,24049,40929,24114,54701,38764,168500,742769,745758,12875,9886,755644,424875,397852,22744,51813,23786,24049,40929,24114,54701,38764,168500,742769,745758,12875,9886,0,0,0,0,0,0,0,0,0,0,0,0,0,0,0,0,4364.0,10379.0,-2750.0,994.0,-2688.0,2274.0,-535.0,-1539.0,4194.0,-15958.0,3799.0,4827.0,6175.0,8117.0,-1811.0,-3753.0,100.0,56.2,52.7,3.0,6.9,3.1,3.2,5.4,3.2,7.2,5.1,22.3,98.3,98.7,1.7,1.3,100.0,56.2,52.7,3.0,6.9,3.1,3.2,5.4,3.2,7.2,5.1,22.3,98.3,98.7,1.7,1.3,100.0,0.0,0.0,0.0,0.0,0.0,0.0,0.0,0.0,0.0,0.0,0.0,0.0,0.0,0.0,0.0,137,49.0,44.0,7.0,8.0,14.0,10.0,12.0,17.0,16,26.0,35,120,121,137,49.0,44.0,7.0,8.0,14.0,10.0,12.0,17.0,16,26.0,35,120,121,0,0,0,0,0,0,0,0,0,0,0,0,0,0,37.2,33.1,47.1,44.2,26.7,24.0,33.8,30.6,37.2,33.1,47.1,44.2,26.7,24.0,33.8,30.6,0.0,0.0,0.0,0.0,0.0,0.0,0.0,0.0,"(CONTRACTS OF 1,000 BARRELS)",N10,CRUDE OIL,PETROLEUM AND PRODUCTS,NATURAL RESOURCES,FutOnly
250204067411F,"CRUDE OIL, LIGHT SWEET-WTI - ICE FUTURES EUROPE",2025-02-04T00:00:00.000,2025 Report Week 05,"CRUDE OIL, LIGHT SWEET-WTI",67411,ICEU,NYC,67,CRUDE OIL,761253,427178,377682,22586,59049,24419,25551,45760,23178,54214,48871,171597,748723,750556,12530,10697,761253,427178,377682,22586,59049,24419,25551,45760,23178,54214,48871,171597,748723,750556,12530,10697,0,0,0,0,0,0,0,0,0,0,0,0,0,0,0,0,5609.0,2303.0,-20170.0,-158.0,7236.0,633.0,1502.0,4831.0,-936.0,-487.0,10107.0,3097.0,5954.0,4798.0,-345.0,811.0,100.0,56.1,49.6,3.0,7.8,3.2,3.4,6.0,3.0,7.1,6.4,22.5,98.4,98.6,1.6,1.4,100.0,56.1,49.6,3.0,7.8,3.2,3.4,6.0,3.0,7.1,6.4,22.5,98.4,98.6,1.6,1.4,100.0,0.0,0.0,0.0,0.0,0.0,0.0,0.0,0.0,0.0,0.0,0.0,0.0,0.0,0.0,0.0,134,44.0,40.0,7.0,9.0,15.0,5.0,14.0,15.0,17,27.0,37,117,117,134,44.0,40.0,7.0,9.0,15.0,5.0,14.0,15.0,17,27.0,37,117,117,0,0,0,0,0,0,0,0,0,0,0,0,0,0,38.2,33.5,48.9,45.0,28.2,23.8,35.4,30.5,38.2,33.5,48.9,45.0,28.2,23.8,35.4,30.5,0.0,0.0,0.0,0.0,0.0,0.0,0.0,0.0,"(CONTRACTS OF 1,000 BARRELS)",N10,CRUDE OIL,PETROLEUM AND PRODUCTS,NATURAL RESOURCES,FutOnly
250211067411F,"CRUDE OIL, LIGHT SWEET-WTI - ICE FUTURES EUROPE",2025-02-11T00:00:00.000,2025 Report Week 06,"CRUDE OIL, LIGHT SWEET-WTI",67411,ICEU,NYC,67,CRUDE OIL,756270,422515,364280,20278,60190,26564,19723,48933,31597,56332,45964,167926,744935,745454,11335,10816,756270,422515,364280,20278,60190,26564,19723,48933,31597,56332,45964,167926,744935,745454,11335,10816,0,0,0,0,0,0,0,0,0,0,0,0,0,0,0,0,-4983.0,-4663.0,-13402.0,-2308.0,1141.0,2145.0,-5828.0,3173.0,8419.0,2118.0,-2907.0,-3671.0,-3788.0,-5102.0,-1195.0,119.0,100.0,55.9,48.2,2.7,8.0,3.5,2.6,6.5,4.2,7.4,6.1,22.2,98.5,98.6,1.5,1.4,100.0,55.9,48.2,2.7,8.0,3.5,2.6,6.5,4.2,7.4,6.1,22.2,98.5,98.6,1.5,1.4,100.0,0.0,0.0,0.0,0.0,0.0,0.0,0.0,0.0,0.0,0.0,0.0,0.0,0.0,0.0,0.0,136,45.0,39.0,7.0,9.0,15.0,6.0,15.0,19.0,18,26.0,37,122,118,136,45.0,39.0,7.0,9.0,15.0,6.0,15.0,19.0,18,26.0,37,122,118,0,0,0,0,0,0,0,0,0,0,0,0,0,0,38.6,32.1,48.7,44.4,28.6,23.5,35.0,30.7,38.6,32.1,48.7,44.4,28.6,23.5,35.0,30.7,0.0,0.0,0.0,0.0,0.0,0.0,0.0,0.0,"(CONTRACTS OF 1,000 BARRELS)",N10,CRUDE OIL,PETROLEUM AND PRODUCTS,NATURAL RESOURCES,FutOnly
250218067411F,"CRUDE OIL, LIGHT SWEET-WTI - ICE FUTURES EUROPE",2025-02-18T00:00:00.000,2025 Report Week 07,"CRUDE OIL, LIGHT SWEET-WTI",67411,ICEU,NYC,67,CRUDE OIL,739889,415965,349508,23949,67449,22488,20114,54267,24804,55018,42865,166412,728750,727793,11139,12096,739889,415965,349508,23949,67449,22488,20114,54267,24804,55018,42865,166412,728750,727793,11139,12096,0,0,0,0,0,0,0,0,0,0,0,0,0,0,0,0,-16381.0,-6550.0,-14772.0,3671.0,7259.0,-4076.0,391.0,5334.0,-6793.0,-1314.0,-3099.0,-1514.0,-16185.0,-17661.0,-196.0,1280.0,100.0,56.2,47.2,3.2,9.1,3.0,2.7,7.3,3.4,7.4,5.8,22.5,98.5,98.4,1.5,1.6,100.0,56.2,47.2,3.2,9.1,3.0,2.7,7.3,3.4,7.4,5.8,22.5,98.5,98.4,1.5,1.6,100.0,0.0,0.0,0.0,0.0,0.0,0.0,0.0,0.0,0.0,0.0,0.0,0.0,0.0,0.0,0.0,131,47.0,41.0,6.0,8.0,13.0,6.0,14.0,16.0,15,27.0,37,119,113,131,47.0,41.0,6.0,8.0,13.0,6.0,14.0,16.0,15,27.0,37,119,113,0,0,0,0,0,0,0,0,0,0,0,0,0,0,38.8,32.8,49.6,45.9,28.9,24.4,35.4,32.4,38.8,32.8,49.6,45.9,28.9,24.4,35.4,32.4,0.0,0.0,0.0,0.0,0.0,0.0,0.0,0.0,"(CONTRACTS OF 1,000 BARRELS)",N10,CRUDE OIL,PETROLEUM AND PRODUCTS,NATURAL RESOURCES,FutOnly
250225067411F,"CRUDE OIL, LIGHT SWEET-WTI - ICE FUTURES EUROPE",2025-02-25T00:00:00.000,2025 Report Week 08,"CRUDE OIL, LIGHT SWEET-WTI",67411,ICEU,NYC,67,CRUDE OIL,734037,414706,341431,24224,69339,21832,22086,53300,23642,56832,55558,157091,720413,722193,13624,11844,734037,414706,341431,24224,69339,21832,22086,53300,23642,56832,55558,157091,720413,722193,13624,11844,0,0,0,0,0,0,0,0,0,0,0,0,0,0,0,0,-5852.0,-1259.0,-8077.0,275.0,1890.0,-656.0,1972.0,-967.0,-1162.0,1814.0,12693.0,-9321.0,-8337.0,-5600.0,2485.0,-252.0,100.0,56.5,46.5,3.3,9.4,3.0,3.0,7.3,3.2,7.7,7.6,21.4,98.1,98.4,1.9,1.6,100.0,56.5,46.5,3.3,9.4,3.0,3.0,7.3,3.2,7.7,7.6,21.4,98.1,98.4,1.9,1.6,100.0,0.0,0.0,0.0,0.0,0.0,0.0,0.0,0.0,0.0,0.0,0.0,0.0,0.0,0.0,0.0,133,44.0,42.0,7.0,8.0,14.0,6.0,14.0,16.0,11,31.0,34,113,118,133,44.0,42.0,7.0,8.0,14.0,6.0,14.0,16.0,11,31.0,34,113,118,0,0,0,0,0,0,0,0,0,0,0,0,0,0,39.4,32.8,50.0,45.6,30.5,25.3,37.2,33.9,39.4,32.8,50.0,45.6,30.5,25.3,37.2,33.9,0.0,0.0,0.0,0.0,0.0,0.0,0.0,0.0,"(CONTRACTS OF 1,000 BARRELS)",N10,CRUDE OIL,PETROLEUM AND PRODUCTS,NATURAL RESOURCES,FutOnly
250304067411F,"CRUDE OIL, LIGHT SWEET-WTI - ICE FUTURES EUROPE",2025-03-04T00:00:00.000,2025 Report Week 09,"CRUDE OIL, LIGHT SWEET-WTI",67411,ICEU,NYC,67,CRUDE OIL,736377,407872,361560,23524,71707,23251,21851,53341,23447,73186,42804,150892,724023,727002,12354,9375,736377,407872,361560,23524,71707,23251,21851,53341,23447,73186,42804,150892,724023,727002,12354,9375,0,0,0,0,0,0,0,0,0,0,0,0,0,0,0,0,2340.0,-6834.0,20129.0,-700.0,2368.0,1419.0,-235.0,41.0,-195.0,16354.0,-12754.0,-6199.0,3610.0,4809.0,-1270.0,-2469.0,100.0,55.4,49.1,3.2,9.7,3.2,3.0,7.2,3.2,9.9,5.8,20.5,98.3,98.7,1.7,1.3,100.0,55.4,49.1,3.2,9.7,3.2,3.0,7.2,3.2,9.9,5.8,20.5,98.3,98.7,1.7,1.3,100.0,0.0,0.0,0.0,0.0,0.0,0.0,0.0,0.0,0.0,0.0,0.0,0.0,0.0,0.0,0.0,138,50.0,44.0,6.0,8.0,14.0,7.0,13.0,16.0,14,29.0,35,121,120,138,50.0,44.0,6.0,8.0,14.0,7.0,13.0,16.0,14,29.0,35,121,120,0,0,0,0,0,0,0,0,0,0,0,0,0,0,39.7,32.0,50.8,45.9,29.8,26.0,36.9,35.1,39.7,32.0,50.8,45.9,29.8,26.0,36.9,35.1,0.0,0.0,0.0,0.0,0.0,0.0,0.0,0.0,"(CONTRACTS OF 1,000 BARRELS)",N10,CRUDE OIL,PETROLEUM AND PRODUCTS,NATURAL RESOURCES,FutOnly
250311067411F,"CRUDE OIL, LIGHT SWEET-WTI - ICE FUTURES EUROPE",2025-03-11T00:00:00.000,2025 Report Week 10,"CRUDE OIL, LIGHT SWEET-WTI",67411,ICEU,NYC,67,CRUDE OIL,751292,422707,361837,24204,74116,25148,15838,54777,22492,71701,42367,158620,740710,739357,10582,11935,751292,422707,361837,24204,74116,25148,15838,54777,22492,71701,42367,158620,740710,739357,10582,11935,0,0,0,0,0,0,0,0,0,0,0,0,0,0,0,0,14915.0,14835.0,277.0,680.0,2409.0,1897.0,-6013.0,1436.0,-955.0,-1485.0,-437.0,7728.0,16687.0,12355.0,-1772.0,2560.0,100.0,56.3,48.2,3.2,9.9,3.3,2.1,7.3,3.0,9.5,5.6,21.1,98.6,98.4,1.4,1.6,100.0,56.3,48.2,3.2,9.9,3.3,2.1,7.3,3.0,9.5,5.6,21.1,98.6,98.4,1.4,1.6,100.0,0.0,0.0,0.0,0.0,0.0,0.0,0.0,0.0,0.0,0.0,0.0,0.0,0.0,0.0,0.0,138,47.0,40.0,6.0,8.0,14.0,7.0,12.0,17.0,15,29.0,41,124,120,138,47.0,40.0,6.0,8.0,14.0,7.0,12.0,17.0,15,29.0,41,124,120,0,0,0,0,0,0,0,0,0,0,0,0,0,0,39.4,31.5,50.1,45.8,29.4,24.5,35.7,33.1,39.4,31.5,50.1,45.8,29.4,24.5,35.7,33.1,0.0,0.0,0.0,0.0,0.0,0.0,0.0,0.0,"(CONTRACTS OF 1,000 BARRELS)",N10,CRUDE OIL,PETROLEUM AND PRODUCTS,NATURAL RESOURCES,FutOnly
250318067411F,"CRUDE OIL, LIGHT SWEET-WTI - ICE FUTURES EUROPE",2025-03-18T00:00:00.000,2025 Report Week 11,"CRUDE OIL, LIGHT SWEET-WTI",67411,ICEU,NYC,67,CRUDE OIL,770978,435622,387740,25452,70208,24435,17491,59626,22180,80793,41506,153839,759812,759534,11166,11444,770978,435622,387740,25452,70208,24435,17491,59626,22180,80793,41506,153839,759812,759534,11166,11444,0,0,0,0,0,0,0,0,0,0,0,0,0,0,0,0,19686.0,12915.0,25903.0,1248.0,-3908.0,-713.0,1653.0,4849.0,-312.0,9092.0,-861.0,-4781.0,19102.0,20177.0,584.0,-491.0,100.0,56.5,50.3,3.3,9.1,3.2,2.3,7.7,2.9,10.5,5.4,20.0,98.6,98.5,1.4,1.5,100.0,56.5,50.3,3.3,9.1,3.2,2.3,7.7,2.9,10.5,5.4,20.0,98.6,98.5,1.4,1.5,100.0,0.0,0.0,0.0,0.0,0.0,0.0,0.0,0.0,0.0,0.0,0.0,0.0,0.0,0.0,0.0,139,46.0,42.0,7.0,7.0,14.0,8.0,12.0,18.0,13,32.0,41,125,123,139,46.0,42.0,7.0,7.0,14.0,8.0,12.0,18.0,13,32.0,41,125,123,0,0,0,0,0,0,0,0,0,0,0,0,0,0,37.9,32.3,48.4,46.2,28.5,26.4,36.0,34.8,37.9,32.3,48.4,46.2,28.5,26.4,36.0,34.8,0.0,0.0,0.0,0.0,0.0,0.0,0.0,0.0,"(CONTRACTS OF 1,000 BARRELS)",N10,CRUDE OIL,PETROLEUM AND PRODUCTS,NATURAL RESOURCES,FutOnly
250325067411F,"CRUDE OIL, LIGHT SWEET-WTI - ICE FUTURES EUROPE",2025-03-25T00:00:00.000,2025 Report Week 12,"CRUDE OIL, LIGHT SWEET-WTI",67411,ICEU,NYC,67,CRUDE OIL,774245,438906,398697,25852,63310,20208,24331,51984,23309,74895,49095,158284,765785,764887,8460,9358,774245,438906,398697,25852,63310,20208,24331,51984,23309,74895,49095,158284,765785,764887,8460,9358,0,0,0,0,0,0,0,0,0,0,0,0,0,0,0,0,3267.0,3284.0,10957.0,400.0,-6898.0,-4227.0,6840.0,-7642.0,1129.0,-5898.0,7589.0,4445.0,5973.0,5353.0,-2706.0,-2086.0,100.0,56.7,51.5,3.3,8.2,2.6,3.1,6.7,3.0,9.7,6.3,20.4,98.9,98.8,1.1,1.2,100.0,56.7,51.5,3.3,8.2,2.6,3.1,6.7,3.0,9.7,6.3,20.4,98.9,98.8,1.1,1.2,100.0,0.0,0.0,0.0,0.0,0.0,0.0,0.0,0.0,0.0,0.0,0.0,0.0,0.0,0.0,0.0,143,50.0,42.0,7.0,7.0,13.0,9.0,11.0,17.0,13,33.0,43,131,122,143,50.0,42.0,7.0,7.0,13.0,9.0,11.0,17.0,13,33.0,43,131,122,0,0,0,0,0,0,0,0,0,0,0,0,0,0,37.0,32.0,49.2,46.0,28.6,27.6,36.3,35.7,37.0,32.0,49.2,46.0,28.6,27.6,36.3,35.7,0.0,0.0,0.0,0.0,0.0,0.0,0.0,0.0,"(CONTRACTS OF 1,000 BARRELS)",N10,CRUDE OIL,PETROLEUM AND PRODUCTS,NATURAL RESOURCES,FutOnly
250401067411F,"CRUDE OIL, LIGHT SWEET-WTI - ICE FUTURES EUROPE",2025-04-01T00:00:00.000,2025 Report Week 13,"CRUDE OIL, LIGHT SWEET-WTI",67411,ICEU,NYC,67,CRUDE OIL,789199,428855,412097,26420,65001,22970,22791,53806,31127,95360,42045,150334,777857,777380,11342,11819,789199,428855,412097,26420,65001,22970,22791,53806,31127,95360,42045,150334,777857,777380,11342,11819,0,0,0,0,0,0,0,0,0,0,0,0,0,0,0,0,14954.0,-10051.0,13400.0,568.0,1691.0,2762.0,-1540.0,1822.0,7818.0,20465.0,-7050.0,-7950.0,12072.0,12493.0,2882.0,2461.0,100.0,54.3,52.2,3.3,8.2,2.9,2.9,6.8,3.9,12.1,5.3,19.0,98.6,98.5,1.4,1.5,100.0,54.3,52.2,3.3,8.2,2.9,2.9,6.8,3.9,12.1,5.3,19.0,98.6,98.5,1.4,1.5,100.0,0.0,0.0,0.0,0.0,0.0,0.0,0.0,0.0,0.0,0.0,0.0,0.0,0.0,0.0,0.0,138,49.0,43.0,7.0,7.0,12.0,6.0,14.0,17.0,13,32.0,40,123,122,138,49.0,43.0,7.0,7.0,12.0,6.0,14.0,17.0,13,32.0,40,123,122,0,0,0,0,0,0,0,0,0,0,0,0,0,0,37.0,31.6,49.0,44.7,28.8,27.2,37.6,36.1,37.0,31.6,49.0,44.7,28.8,27.2,37.6,36.1,0.0,0.0,0.0,0.0,0.0,0.0,0.0,0.0,"(CONTRACTS OF 1,000 BARRELS)",N10,CRUDE OIL,PETROLEUM AND PRODUCTS,NATURAL RESOURCES,FutOnly
250408067411F,"CRUDE OIL, LIGHT SWEET-WTI - ICE FUTURES EUROPE",2025-04-08T00:00:00.000,2025 Report Week 14,"CRUDE OIL, LIGHT SWEET-WTI",67411,ICEU,NYC,67,CRUDE OIL,790075,410385,376403,24891,76235,26552,17519,51378,23376,99951,48249,175802,778476,777995,11599,12080,790075,410385,376403,24891,76235,26552,17519,51378,23376,99951,48249,175802,778476,777995,11599,12080,0,0,0,0,0,0,0,0,0,0,0,0,0,0,0,0,876.0,-18470.0,-35694.0,-1529.0,11234.0,3582.0,-5272.0,-2428.0,-7751.0,4591.0,6204.0,25468.0,619.0,615.0,257.0,261.0,100.0,51.9,47.6,3.2,9.6,3.4,2.2,6.5,3.0,12.7,6.1,22.3,98.5,98.5,1.5,1.5,100.0,51.9,47.6,3.2,9.6,3.4,2.2,6.5,3.0,12.7,6.1,22.3,98.5,98.5,1.5,1.5,100.0,0.0,0.0,0.0,0.0,0.0,0.0,0.0,0.0,0.0,0.0,0.0,0.0,0.0,0.0,0.0,133,45.0,38.0,7.0,7.0,12.0,6.0,12.0,17.0,15,31.0,41,122,114,133,45.0,38.0,7.0,7.0,12.0,6.0,12.0,17.0,15,31.0,41,122,114,0,0,0,0,0,0,0,0,0,0,0,0,0,0,40.2,33.7,53.5,48.0,29.5,28.5,40.5,37.4,40.2,33.7,53.5,48.0,29.5,28.5,40.5,37.4,0.0,0.0,0.0,0.0,0.0,0.0,0.0,0.0,"(CONTRACTS OF 1,000 BARRELS)",N10,CRUDE OIL,PETROLEUM AND PRODUCTS,NATURAL RESOURCES,FutOnly
250415067411F,"CRUDE OIL, LIGHT SWEET-WTI - ICE FUTURES EUROPE",2025-04-15T00:00:00.000,2025 Report Week 15,"CRUDE OIL, LIGHT SWEET-WTI",67411,ICEU,NYC,67,CRUDE OIL,795370,422482,385223,18723,76775,25021,17518,52000,24211,98026,42136,178699,784680,784065,10690,11305,795370,422482,385223,18723,76775,25021,17518,52000,24211,98026,42136,178699,784680,784065,10690,11305,0,0,0,0,0,0,0,0,0,0,0,0,0,0,0,0,5295.0,12097.0,8820.0,-6168.0,540.0,-1531.0,-1.0,622.0,835.0,-1925.0,-6113.0,2897.0,6204.0,6070.0,-909.0,-775.0,100.0,53.1,48.4,2.4,9.7,3.1,2.2,6.5,3.0,12.3,5.3,22.5,98.7,98.6,1.3,1.4,100.0,53.1,48.4,2.4,9.7,3.1,2.2,6.5,3.0,12.3,5.3,22.5,98.7,98.6,1.3,1.4,100.0,0.0,0.0,0.0,0.0,0.0,0.0,0.0,0.0,0.0,0.0,0.0,0.0,0.0,0.0,0.0,132,48.0,40.0,6.0,8.0,12.0,7.0,13.0,16.0,13,30.0,38,120,114,132,48.0,40.0,6.0,8.0,12.0,7.0,13.0,16.0,13,30.0,38,120,114,0,0,0,0,0,0,0,0,0,0,0,0,0,0,39.5,33.1,52.6,47.5,29.5,27.5,40.2,36.9,39.5,33.1,52.6,47.5,29.5,27.5,40.2,36.9,0.0,0.0,0.0,0.0,0.0,0.0,0.0,0.0,"(CONTRACTS OF 1,000 BARRELS)",N10,CRUDE OIL,PETROLEUM AND PRODUCTS,NATURAL RESOURCES,FutOnly
250422067411F,"CRUDE OIL, LIGHT SWEET-WTI - ICE FUTURES EUROPE",2025-04-22T00:00:00.000,2025 Report Week 16,"CRUDE OIL, LIGHT SWEET-WTI",67411,ICEU,NYC,67,CRUDE OIL,752684,386042,369894,16246,75192,20498,15396,51670,23242,108957,29285,173792,744173,743573,8511,9111,752684,386042,369894,16246,75192,20498,15396,51670,23242,108957,29285,173792,744173,743573,8511,9111,0,0,0,0,0,0,0,0,0,0,0,0,0,0,0,0,-42686.0,-36440.0,-15329.0,-2477.0,-1583.0,-4523.0,-2122.0,-330.0,-969.0,10931.0,-12851.0,-4907.0,-40507.0,-40492.0,-2179.0,-2194.0,100.0,51.3,49.1,2.2,10.0,2.7,2.0,6.9,3.1,14.5,3.9,23.1,98.9,98.8,1.1,1.2,100.0,51.3,49.1,2.2,10.0,2.7,2.0,6.9,3.1,14.5,3.9,23.1,98.9,98.8,1.1,1.2,100.0,0.0,0.0,0.0,0.0,0.0,0.0,0.0,0.0,0.0,0.0,0.0,0.0,0.0,0.0,0.0,134,49.0,40.0,5.0,9.0,12.0,6.0,14.0,15.0,20,24.0,39,121,115,134,49.0,40.0,5.0,9.0,12.0,6.0,14.0,15.0,20,24.0,39,121,115,0,0,0,0,0,0,0,0,0,0,0,0,0,0,40.7,33.2,53.0,47.4,30.5,27.7,41.4,37.6,40.7,33.2,53.0,47.4,30.5,27.7,41.4,37.6,0.0,0.0,0.0,0.0,0.0,0.0,0.0,0.0,"(CONTRACTS OF 1,000 BARRELS)",N10,CRUDE OIL,PETROLEUM AND PRODUCTS,NATURAL RESOURCES,FutOnly
250429067411F,"CRUDE OIL, LIGHT SWEET-WTI - ICE FUTURES EUROPE",2025-04-29T00:00:00.000,2025 Report Week 17,"CRUDE OIL, LIGHT SWEET-WTI",67411,ICEU,NYC,67,CRUDE OIL,766631,412458,387442,15177,73152,24567,10229,50137,20701,109820,35508,164245,757197,755752,9434,10879,766631,412458,387442,15177,73152,24567,10229,50137,20701,109820,35508,164245,757197,755752,9434,10879,0,0,0,0,0,0,0,0,0,0,0,0,0,0,0,0,13947.0,26416.0,17548.0,-1069.0,-2040.0,4069.0,-5167.0,-1533.0,-2541.0,863.0,6223.0,-9547.0,13024.0,12179.0,923.0,1768.0,100.0,53.8,50.5,2.0,9.5,3.2,1.3,6.5,2.7,14.3,4.6,21.4,98.8,98.6,1.2,1.4,100.0,53.8,50.5,2.0,9.5,3.2,1.3,6.5,2.7,14.3,4.6,21.4,98.8,98.6,1.2,1.4,100.0,0.0,0.0,0.0,0.0,0.0,0.0,0.0,0.0,0.0,0.0,0.0,0.0,0.0,0.0,0.0,131,46.0,42.0,5.0,8.0,13.0,7.0,12.0,16.0,19,25.0,39,120,115,131,46.0,42.0,5.0,8.0,13.0,7.0,12.0,16.0,19,25.0,39,120,115,0,0,0,0,0,0,0,0,0,0,0,0,0,0,38.9,31.7,52.3,45.6,29.5,25.9,41.2,35.3,38.9,31.7,52.3,45.6,29.5,25.9,41.2,35.3,0.0,0.0,0.0,0.0,0.0,0.0,0.0,0.0,"(CONTRACTS OF 1,000 BARRELS)",N10,CRUDE OIL,PETROLEUM AND PRODUCTS,NATURAL RESOURCES,FutOnly
250506067411F,"CRUDE OIL, LIGHT SWEET-WTI - ICE FUTURES EUROPE",2025-05-06T00:00:00.000,2025 Report Week 18,"CRUDE OIL, LIGHT SWEET-WTI",67411,ICEU,NYC,67,CRUDE OIL,791551,428686,386428,15018,73483,26685,7195,60878,22148,104769,36810,174703,779204,781135,12347,10416,791551,428686,386428,15018,73483,26685,7195,60878,22148,104769,36810,174703,779204,781135,12347,10416,0,0,0,0,0,0,0,0,0,0,0,0,0,0,0,0,24920.0,16228.0,-1014.0,-159.0,331.0,2118.0,-3034.0,10741.0,1447.0,-5051.0,1302.0,10458.0,22007.0,25383.0,2913.0,-463.0,100.0,54.2,48.8,1.9,9.3,3.4,0.9,7.7,2.8,13.2,4.7,22.1,98.4,98.7,1.6,1.3,100.0,54.2,48.8,1.9,9.3,3.4,0.9,7.7,2.8,13.2,4.7,22.1,98.4,98.7,1.6,1.3,100.0,0.0,0.0,0.0,0.0,0.0,0.0,0.0,0.0,0.0,0.0,0.0,0.0,0.0,0.0,0.0,131,45.0,43.0,5.0,8.0,13.0,4.0,15.0,16.0,18,27.0,38,119,116,131,45.0,43.0,5.0,8.0,13.0,4.0,15.0,16.0,18,27.0,38,119,116,0,0,0,0,0,0,0,0,0,0,0,0,0,0,37.6,31.3,51.5,45.2,27.8,25.1,38.8,33.9,37.6,31.3,51.5,45.2,27.8,25.1,38.8,33.9,0.0,0.0,0.0,0.0,0.0,0.0,0.0,0.0,"(CONTRACTS OF 1,000 BARRELS)",N10,CRUDE OIL,PETROLEUM AND PRODUCTS,NATURAL RESOURCES,FutOnly
250513067411F,"CRUDE OIL, LIGHT SWEET-WTI - ICE FUTURES EUROPE",2025-05-13T00:00:00.000,2025 Report Week 19,"CRUDE OIL, LIGHT SWEET-WTI",67411,ICEU,NYC,67,CRUDE OIL,782720,430076,382619,14581,74423,24913,7487,56699,24997,101581,41287,168032,771667,772970,11053,9750,782720,430076,382619,14581,74423,24913,7487,56699,24997,101581,41287,168032,771667,772970,11053,9750,0,0,0,0,0,0,0,0,0,0,0,0,0,0,0,0,-8831.0,1390.0,-3809.0,-437.0,940.0,-1772.0,292.0,-4179.0,2849.0,-3188.0,4477.0,-6671.0,-7537.0,-8165.0,-1294.0,-666.0,100.0,54.9,48.9,1.9,9.5,3.2,1.0,7.2,3.2,13.0,5.3,21.5,98.6,98.8,1.4,1.2,100.0,54.9,48.9,1.9,9.5,3.2,1.0,7.2,3.2,13.0,5.3,21.5,98.6,98.8,1.4,1.2,100.0,0.0,0.0,0.0,0.0,0.0,0.0,0.0,0.0,0.0,0.0,0.0,0.0,0.0,0.0,0.0,133,48.0,46.0,5.0,8.0,12.0,6.0,13.0,13.0,18,27.0,39,120,117,133,48.0,46.0,5.0,8.0,12.0,6.0,13.0,13.0,18,27.0,39,120,117,0,0,0,0,0,0,0,0,0,0,0,0,0,0,36.0,29.2,50.3,41.7,26.5,22.1,37.3,31.5,36.0,29.2,50.3,41.7,26.5,22.1,37.3,31.5,0.0,0.0,0.0,0.0,0.0,0.0,0.0,0.0,"(CONTRACTS OF 1,000 BARRELS)",N10,CRUDE OIL,PETROLEUM AND PRODUCTS,NATURAL RESOURCES,FutOnly
250520067411F,"CRUDE OIL, LIGHT SWEET-WTI - ICE FUTURES EUROPE",2025-05-20T00:00:00.000,2025 Report Week 20,"CRUDE OIL, LIGHT SWEET-WTI",67411,ICEU,NYC,67,CRUDE OIL,738260,411950,363409,14188,75618,20564,8391,60281,18567,97422,33577,156520,727602,728536,10658,9724,738260,411950,363409,14188,75618,20564,8391,60281,18567,97422,33577,156520,727602,728536,10658,9724,0,0,0,0,0,0,0,0,0,0,0,0,0,0,0,0,-44460.0,-18126.0,-19210.0,-393.0,1195.0,-4349.0,904.0,3582.0,-6430.0,-4159.0,-7710.0,-11512.0,-44065.0,-44434.0,-395.0,-26.0,100.0,55.8,49.2,1.9,10.2,2.8,1.1,8.2,2.5,13.2,4.5,21.2,98.6,98.7,1.4,1.3,100.0,55.8,49.2,1.9,10.2,2.8,1.1,8.2,2.5,13.2,4.5,21.2,98.6,98.7,1.4,1.3,100.0,0.0,0.0,0.0,0.0,0.0,0.0,0.0,0.0,0.0,0.0,0.0,0.0,0.0,0.0,0.0,133,47.0,46.0,5.0,8.0,12.0,8.0,11.0,12.0,21,22.0,39,118,117,133,47.0,46.0,5.0,8.0,12.0,8.0,11.0,12.0,21,22.0,39,118,117,0,0,0,0,0,0,0,0,0,0,0,0,0,0,35.4,28.4,50.9,40.9,25.4,22.0,37.8,31.6,35.4,28.4,50.9,40.9,25.4,22.0,37.8,31.6,0.0,0.0,0.0,0.0,0.0,0.0,0.0,0.0,"(CONTRACTS OF 1,000 BARRELS)",N10,CRUDE OIL,PETROLEUM AND PRODUCTS,NATURAL RESOURCES,FutOnly
250527067411F,"CRUDE OIL, LIGHT SWEET-WTI - ICE FUTURES EUROPE",2025-05-27T00:00:00.000,2025 Report Week 21,"CRUDE OIL, LIGHT SWEET-WTI",67411,ICEU,NYC,67,CRUDE OIL,756331,414815,369785,13437,77132,21721,7348,65209,17384,108582,32752,160845,744132,744828,12199,11503,756331,414815,369785,13437,77132,21721,7348,65209,17384,108582,32752,160845,744132,744828,12199,11503,0,0,0,0,0,0,0,0,0,0,0,0,0,0,0,0,18071.0,2865.0,6376.0,-751.0,1514.0,1157.0,-1043.0,4928.0,-1183.0,11160.0,-825.0,4325.0,16530.0,16292.0,1541.0,1779.0,100.0,54.8,48.9,1.8,10.2,2.9,1.0,8.6,2.3,14.4,4.3,21.3,98.4,98.5,1.6,1.5,100.0,54.8,48.9,1.8,10.2,2.9,1.0,8.6,2.3,14.4,4.3,21.3,98.4,98.5,1.6,1.5,100.0,0.0,0.0,0.0,0.0,0.0,0.0,0.0,0.0,0.0,0.0,0.0,0.0,0.0,0.0,0.0,130,45.0,43.0,5.0,8.0,13.0,7.0,13.0,12.0,22,19.0,36,115,112,130,45.0,43.0,5.0,8.0,13.0,7.0,13.0,12.0,22,19.0,36,115,112,0,0,0,0,0,0,0,0,0,0,0,0,0,0,35.4,28.0,50.7,40.2,25.4,22.1,37.0,31.2,35.4,28.0,50.7,40.2,25.4,22.1,37.0,31.2,0.0,0.0,0.0,0.0,0.0,0.0,0.0,0.0,"(CONTRACTS OF 1,000 BARRELS)",N10,CRUDE OIL,PETROLEUM AND PRODUCTS,NATURAL RESOURCES,FutOnly
250603067411F,"CRUDE OIL, LIGHT SWEET-WTI - ICE FUTURES EUROPE",2025-06-03T00:00:00.000,2025 Report Week 22,"CRUDE OIL, LIGHT SWEET-WTI",67411,ICEU,NYC,67,CRUDE OIL,785105,415823,384964,12279,79021,23624,7824,68946,17336,124938,30773,170482,772306,775146,12799,9959,785105,415823,384964,12279,79021,23624,7824,68946,17336,124938,30773,170482,772306,775146,12799,9959,0,0,0,0,0,0,0,0,0,0,0,0,0,0,0,0,28774.0,1008.0,15179.0,-1158.0,1889.0,1903.0,476.0,3737.0,-48.0,16356.0,-1979.0,9637.0,28174.0,30318.0,600.0,-1544.0,100.0,53.0,49.0,1.6,10.1,3.0,1.0,8.8,2.2,15.9,3.9,21.7,98.4,98.7,1.6,1.3,100.0,53.0,49.0,1.6,10.1,3.0,1.0,8.8,2.2,15.9,3.9,21.7,98.4,98.7,1.6,1.3,100.0,0.0,0.0,0.0,0.0,0.0,0.0,0.0,0.0,0.0,0.0,0.0,0.0,0.0,0.0,0.0,136,51.0,45.0,5.0,9.0,12.0,8.0,11.0,13.0,22,22.0,36,121,116,136,51.0,45.0,5.0,9.0,12.0,8.0,11.0,13.0,22,22.0,36,121,116,0,0,0,0,0,0,0,0,0,0,0,0,0,0,36.5,29.8,53.3,41.8,26.7,21.8,37.2,31.2,36.5,29.8,53.3,41.8,26.7,21.8,37.2,31.2,0.0,0.0,0.0,0.0,0.0,0.0,0.0,0.0,"(CONTRACTS OF 1,000 BARRELS)",N10,CRUDE OIL,PETROLEUM AND PRODUCTS,NATURAL RESOURCES,FutOnly
250610067411F,"CRUDE OIL, LIGHT SWEET-WTI - ICE FUTURES EUROPE",2025-06-10T00:00:00.000,2025 Report Week 23,"CRUDE OIL, LIGHT SWEET-WTI",67411,ICEU,NYC,67,CRUDE OIL,773321,407806,378346,15413,77926,24312,6229,68487,18695,125399,32491,163084,760938,763341,12383,9980,773321,407806,378346,15413,77926,24312,6229,68487,18695,125399,32491,163084,760938,763341,12383,9980,0,0,0,0,0,0,0,0,0,0,0,0,0,0,0,0,-11784.0,-8017.0,-6618.0,3134.0,-1095.0,688.0,-1595.0,-459.0,1359.0,461.0,1718.0,-7398.0,-11368.0,-11805.0,-416.0,21.0,100.0,52.7,48.9,2.0,10.1,3.1,0.8,8.9,2.4,16.2,4.2,21.1,98.4,98.7,1.6,1.3,100.0,52.7,48.9,2.0,10.1,3.1,0.8,8.9,2.4,16.2,4.2,21.1,98.4,98.7,1.6,1.3,100.0,0.0,0.0,0.0,0.0,0.0,0.0,0.0,0.0,0.0,0.0,0.0,0.0,0.0,0.0,0.0,138,50.0,47.0,5.0,9.0,14.0,6.0,12.0,11.0,22,25.0,39,124,119,138,50.0,47.0,5.0,9.0,14.0,6.0,12.0,11.0,22,25.0,39,124,119,0,0,0,0,0,0,0,0,0,0,0,0,0,0,36.8,30.3,53.5,42.2,27.5,21.6,39.4,31.0,36.8,30.3,53.5,42.2,27.5,21.6,39.4,31.0,0.0,0.0,0.0,0.0,0.0,0.0,0.0,0.0,"(CONTRACTS OF 1,000 BARRELS)",N10,CRUDE OIL,PETROLEUM AND PRODUCTS,NATURAL RESOURCES,FutOnly
250617067411F,"CRUDE OIL, LIGHT SWEET-WTI - ICE FUTURES EUROPE",2025-06-17T00:00:00.000,2025 Report Week 24,"CRUDE OIL, LIGHT SWEET-WTI",67411,ICEU,NYC,67,CRUDE OIL,809036,438879,383531,21359,81308,30672,9809,69515,21709,113188,52602,160954,796570,800291,12466,8745,809036,438879,383531,21359,81308,30672,9809,69515,21709,113188,52602,160954,796570,800291,12466,8745,0,0,0,0,0,0,0,0,0,0,0,0,0,0,0,0,35715.0,31073.0,5185.0,5946.0,3382.0,6360.0,3580.0,1028.0,3014.0,-12211.0,20111.0,-2130.0,35632.0,36950.0,83.0,-1235.0,100.0,54.2,47.4,2.6,10.0,3.8,1.2,8.6,2.7,14.0,6.5,19.9,98.5,98.9,1.5,1.1,100.0,54.2,47.4,2.6,10.0,3.8,1.2,8.6,2.7,14.0,6.5,19.9,98.5,98.9,1.5,1.1,100.0,0.0,0.0,0.0,0.0,0.0,0.0,0.0,0.0,0.0,0.0,0.0,0.0,0.0,0.0,0.0,130,44.0,42.0,7.0,8.0,14.0,6.0,12.0,11.0,15,27.0,39,116,114,130,44.0,42.0,7.0,8.0,14.0,6.0,12.0,11.0,15,27.0,39,116,114,0,0,0,0,0,0,0,0,0,0,0,0,0,0,36.9,29.3,54.6,41.9,28.9,21.7,39.4,30.6,36.9,29.3,54.6,41.9,28.9,21.7,39.4,30.6,0.0,0.0,0.0,0.0,0.0,0.0,0.0,0.0,"(CONTRACTS OF 1,000 BARRELS)",N10,CRUDE OIL,PETROLEUM AND PRODUCTS,NATURAL RESOURCES,FutOnly
250624067411F,"CRUDE OIL, LIGHT SWEET-WTI - ICE FUTURES EUROPE",2025-06-24T00:00:00.000,2025 Report Week 25,"CRUDE OIL, LIGHT SWEET-WTI",67411,ICEU,NYC,67,CRUDE OIL,782607,422623,366725,22149,81534,25220,7700,69149,19222,102941,41105,170695,770550,773650,12057,8957,782607,422623,366725,22149,81534,25220,7700,69149,19222,102941,41105,170695,770550,773650,12057,8957,0,0,0,0,0,0,0,0,0,0,0,0,0,0,0,0,-26429.0,-16256.0,-16806.0,790.0,226.0,-5452.0,-2109.0,-366.0,-2487.0,-10247.0,-11497.0,9741.0,-26020.0,-26641.0,-409.0,212.0,100.0,54.0,46.9,2.8,10.4,3.2,1.0,8.8,2.5,13.2,5.3,21.8,98.5,98.9,1.5,1.1,100.0,54.0,46.9,2.8,10.4,3.2,1.0,8.8,2.5,13.2,5.3,21.8,98.5,98.9,1.5,1.1,100.0,0.0,0.0,0.0,0.0,0.0,0.0,0.0,0.0,0.0,0.0,0.0,0.0,0.0,0.0,0.0,129,44.0,43.0,7.0,8.0,14.0,4.0,13.0,13.0,16,28.0,37,116,113,129,44.0,43.0,7.0,8.0,14.0,4.0,13.0,13.0,16,28.0,37,116,113,0,0,0,0,0,0,0,0,0,0,0,0,0,0,37.9,30.4,55.3,43.1,28.7,22.1,39.0,31.5,37.9,30.4,55.3,43.1,28.7,22.1,39.0,31.5,0.0,0.0,0.0,0.0,0.0,0.0,0.0,0.0,"(CONTRACTS OF 1,000 BARRELS)",N10,CRUDE OIL,PETROLEUM AND PRODUCTS,NATURAL RESOURCES,FutOnly
250701067411F,"CRUDE OIL, LIGHT SWEET-WTI - ICE FUTURES EUROPE",2025-07-01T00:00:00.000,2025 Report Week 26,"CRUDE OIL, LIGHT SWEET-WTI",67411,ICEU,NYC,67,CRUDE OIL,784078,414289,359252,23123,80006,29425,6007,72114,19263,101788,38613,172976,766871,771649,17207,12429,784078,414289,359252,23123,80006,29425,6007,72114,19263,101788,38613,172976,766871,771649,17207,12429,0,0,0,0,0,0,0,0,0,0,0,0,0,0,0,0,1471.0,-8334.0,-7473.0,974.0,-1528.0,4205.0,-1693.0,2965.0,41.0,-1153.0,-2492.0,2281.0,-3679.0,-2001.0,5150.0,3472.0,100.0,52.8,45.8,2.9,10.2,3.8,0.8,9.2,2.5,13.0,4.9,22.1,97.8,98.4,2.2,1.6,100.0,52.8,45.8,2.9,10.2,3.8,0.8,9.2,2.5,13.0,4.9,22.1,97.8,98.4,2.2,1.6,100.0,0.0,0.0,0.0,0.0,0.0,0.0,0.0,0.0,0.0,0.0,0.0,0.0,0.0,0.0,0.0,132,45.0,40.0,7.0,8.0,14.0,5.0,17.0,14.0,20,23.0,38,119,114,132,45.0,40.0,7.0,8.0,14.0,5.0,17.0,14.0,20,23.0,38,119,114,0,0,0,0,0,0,0,0,0,0,0,0,0,0,36.0,30.0,52.3,42.8,27.5,21.7,37.0,31.2,36.0,30.0,52.3,42.8,27.5,21.7,37.0,31.2,0.0,0.0,0.0,0.0,0.0,0.0,0.0,0.0,"(CONTRACTS OF 1,000 BARRELS)",N10,CRUDE OIL,PETROLEUM AND PRODUCTS,NATURAL RESOURCES,FutOnly
250708067411F,"CRUDE OIL, LIGHT SWEET-WTI - ICE FUTURES EUROPE",2025-07-08T00:00:00.000,2025 Report Week 27,"CRUDE OIL, LIGHT SWEET-WTI",67411,ICEU,NYC,67,CRUDE OIL,783947,430293,361589,23015,80804,28219,4209,69369,19486,98772,47669,166230,770224,773366,13723,10581,783947,430293,361589,23015,80804,28219,4209,69369,19486,98772,47669,166230,770224,773366,13723,10581,0,0,0,0,0,0,0,0,0,0,0,0,0,0,0,0,-131.0,16004.0,2337.0,-108.0,798.0,-1206.0,-1798.0,-2745.0,223.0,-3016.0,9056.0,-6746.0,3353.0,1717.0,-3484.0,-1848.0,100.0,54.9,46.1,2.9,10.3,3.6,0.5,8.8,2.5,12.6,6.1,21.2,98.2,98.7,1.8,1.3,100.0,54.9,46.1,2.9,10.3,3.6,0.5,8.8,2.5,12.6,6.1,21.2,98.2,98.7,1.8,1.3,100.0,0.0,0.0,0.0,0.0,0.0,0.0,0.0,0.0,0.0,0.0,0.0,0.0,0.0,0.0,0.0,134,47.0,43.0,6.0,9.0,14.0,5.0,17.0,14.0,20,23.0,39,122,118,134,47.0,43.0,6.0,9.0,14.0,5.0,17.0,14.0,20,23.0,39,122,118,0,0,0,0,0,0,0,0,0,0,0,0,0,0,35.5,29.2,51.5,43.0,27.6,21.2,37.0,31.1,35.5,29.2,51.5,43.0,27.6,21.2,37.0,31.1,0.0,0.0,0.0,0.0,0.0,0.0,0.0,0.0,"(CONTRACTS OF 1,000 BARRELS)",N10,CRUDE OIL,PETROLEUM AND PRODUCTS,NATURAL RESOURCES,FutOnly
250715067411F,"CRUDE OIL, LIGHT SWEET-WTI - ICE FUTURES EUROPE",2025-07-15T00:00:00.000,2025 Report Week 28,"CRUDE OIL, LIGHT SWEET-WTI",67411,ICEU,NYC,67,CRUDE OIL,809617,441756,371428,27198,79291,41479,4289,65431,20842,88269,47691,172227,796060,798389,13557,11228,809617,441756,371428,27198,79291,41479,4289,65431,20842,88269,47691,172227,796060,798389,13557,11228,0,0,0,0,0,0,0,0,0,0,0,0,0,0,0,0,25670.0,11463.0,9839.0,4183.0,-1513.0,13260.0,80.0,-3938.0,1356.0,-10503.0,22.0,5997.0,25836.0,25023.0,-166.0,647.0,100.0,54.6,45.9,3.4,9.8,5.1,0.5,8.1,2.6,10.9,5.9,21.3,98.3,98.6,1.7,1.4,100.0,54.6,45.9,3.4,9.8,5.1,0.5,8.1,2.6,10.9,5.9,21.3,98.3,98.6,1.7,1.4,100.0,0.0,0.0,0.0,0.0,0.0,0.0,0.0,0.0,0.0,0.0,0.0,0.0,0.0,0.0,0.0,134,47.0,42.0,7.0,9.0,15.0,4.0,18.0,14.0,22,21.0,38,121,118,134,47.0,42.0,7.0,9.0,15.0,4.0,18.0,14.0,22,21.0,38,121,118,0,0,0,0,0,0,0,0,0,0,0,0,0,0,34.4,29.8,48.6,43.1,26.6,20.9,35.0,29.9,34.4,29.8,48.6,43.1,26.6,20.9,35.0,29.9,0.0,0.0,0.0,0.0,0.0,0.0,0.0,0.0,"(CONTRACTS OF 1,000 BARRELS)",N10,CRUDE OIL,PETROLEUM AND PRODUCTS,NATURAL RESOURCES,FutOnly
250722067411F,"CRUDE OIL, LIGHT SWEET-WTI - ICE FUTURES EUROPE",2025-07-22T00:00:00.000,2025 Report Week 29,"CRUDE OIL, LIGHT SWEET-WTI",67411,ICEU,NYC,67,CRUDE OIL,781337,410823,341957,25218,80633,44438,3337,64969,21750,92434,46583,171447,769447,771777,11890,9560,781337,410823,341957,25218,80633,44438,3337,64969,21750,92434,46583,171447,769447,771777,11890,9560,0,0,0,0,0,0,0,0,0,0,0,0,0,0,0,0,-28280.0,-30933.0,-29471.0,-1980.0,1342.0,2959.0,-952.0,-462.0,908.0,4165.0,-1108.0,-780.0,-26613.0,-26612.0,-1667.0,-1668.0,100.0,52.6,43.8,3.2,10.3,5.7,0.4,8.3,2.8,11.8,6.0,21.9,98.5,98.8,1.5,1.2,100.0,52.6,43.8,3.2,10.3,5.7,0.4,8.3,2.8,11.8,6.0,21.9,98.5,98.8,1.5,1.2,100.0,0.0,0.0,0.0,0.0,0.0,0.0,0.0,0.0,0.0,0.0,0.0,0.0,0.0,0.0,0.0,134,47.0,43.0,7.0,9.0,13.0,,18.0,14.0,20,23.0,37,119,117,134,47.0,43.0,7.0,9.0,13.0,,18.0,14.0,20,23.0,37,119,117,0,0,0,0,0,0,0,0,0,0,0,0,0,0,35.7,28.0,50.2,41.4,27.0,19.2,35.3,29.2,35.7,28.0,50.2,41.4,27.0,19.2,35.3,29.2,0.0,0.0,0.0,0.0,0.0,0.0,0.0,0.0,"(CONTRACTS OF 1,000 BARRELS)",N10,CRUDE OIL,PETROLEUM AND PRODUCTS,NATURAL RESOURCES,FutOnly
250729067411F,"CRUDE OIL, LIGHT SWEET-WTI - ICE FUTURES EUROPE",2025-07-29T00:00:00.000,2025 Report Week 30,"CRUDE OIL, LIGHT SWEET-WTI",67411,ICEU,NYC,67,CRUDE OIL,793386,417291,341778,26150,82354,45149,3932,62552,22127,87592,51586,179211,781452,784757,11934,8629,793386,417291,341778,26150,82354,45149,3932,62552,22127,87592,51586,179211,781452,784757,11934,8629,0,0,0,0,0,0,0,0,0,0,0,0,0,0,0,0,12049.0,6468.0,-179.0,932.0,1721.0,711.0,595.0,-2417.0,377.0,-4842.0,5003.0,7764.0,12005.0,12980.0,44.0,-931.0,100.0,52.6,43.1,3.3,10.4,5.7,0.5,7.9,2.8,11.0,6.5,22.6,98.5,98.9,1.5,1.1,100.0,52.6,43.1,3.3,10.4,5.7,0.5,7.9,2.8,11.0,6.5,22.6,98.5,98.9,1.5,1.1,100.0,0.0,0.0,0.0,0.0,0.0,0.0,0.0,0.0,0.0,0.0,0.0,0.0,0.0,0.0,0.0,130,44.0,39.0,7.0,10.0,13.0,,16.0,14.0,16,26.0,36,114,112,130,44.0,39.0,7.0,10.0,13.0,,16.0,14.0,16,26.0,36,114,112,0,0,0,0,0,0,0,0,0,0,0,0,0,0,35.0,28.8,49.1,42.5,25.4,19.3,33.2,29.8,35.0,28.8,49.1,42.5,25.4,19.3,33.2,29.8,0.0,0.0,0.0,0.0,0.0,0.0,0.0,0.0,"(CONTRACTS OF 1,000 BARRELS)",N10,CRUDE OIL,PETROLEUM AND PRODUCTS,NATURAL RESOURCES,FutOnly
250805067411F,"CRUDE OIL, LIGHT SWEET-WTI - ICE FUTURES EUROPE",2025-08-05T00:00:00.000,2025 Report Week 31,"CRUDE OIL, LIGHT SWEET-WTI",67411,ICEU,NYC,67,CRUDE OIL,783604,411322,354914,22623,79956,34438,6073,65526,22077,100751,43629,175026,772310,775566,11294,8038,783604,411322,354914,22623,79956,34438,6073,65526,22077,100751,43629,175026,772310,775566,11294,8038,0,0,0,0,0,0,0,0,0,0,0,0,0,0,0,0,-9782.0,-5969.0,13136.0,-3527.0,-2398.0,-10711.0,2141.0,2974.0,-50.0,13159.0,-7957.0,-4185.0,-9142.0,-9191.0,-640.0,-591.0,100.0,52.5,45.3,2.9,10.2,4.4,0.8,8.4,2.8,12.9,5.6,22.3,98.6,99.0,1.4,1.0,100.0,52.5,45.3,2.9,10.2,4.4,0.8,8.4,2.8,12.9,5.6,22.3,98.6,99.0,1.4,1.0,100.0,0.0,0.0,0.0,0.0,0.0,0.0,0.0,0.0,0.0,0.0,0.0,0.0,0.0,0.0,0.0,137,46.0,39.0,6.0,9.0,13.0,5.0,16.0,14.0,19,25.0,41,123,116,137,46.0,39.0,6.0,9.0,13.0,5.0,16.0,14.0,19,25.0,41,123,116,0,0,0,0,0,0,0,0,0,0,0,0,0,0,35.0,28.5,48.6,42.9,24.6,20.1,31.8,30.0,35.0,28.5,48.6,42.9,24.6,20.1,31.8,30.0,0.0,0.0,0.0,0.0,0.0,0.0,0.0,0.0,"(CONTRACTS OF 1,000 BARRELS)",N10,CRUDE OIL,PETROLEUM AND PRODUCTS,NATURAL RESOURCES,FutOnly
250812067411F,"CRUDE OIL, LIGHT SWEET-WTI - ICE FUTURES EUROPE",2025-08-12T00:00:00.000,2025 Report Week 32,"CRUDE OIL, LIGHT SWEET-WTI",67411,ICEU,NYC,67,CRUDE OIL,780239,410920,347573,22041,82667,31630,3965,61501,19368,97632,44972,182165,767721,769876,12518,10363,780239,410920,347573,22041,82667,31630,3965,61501,19368,97632,44972,182165,767721,769876,12518,10363,0,0,0,0,0,0,0,0,0,0,0,0,0,0,0,0,-3365.0,-402.0,-7341.0,-582.0,2711.0,-2808.0,-2108.0,-4025.0,-2709.0,-3119.0,1343.0,7139.0,-4589.0,-5690.0,1224.0,2325.0,100.0,52.7,44.5,2.8,10.6,4.1,0.5,7.9,2.5,12.5,5.8,23.3,98.4,98.7,1.6,1.3,100.0,52.7,44.5,2.8,10.6,4.1,0.5,7.9,2.5,12.5,5.8,23.3,98.4,98.7,1.6,1.3,100.0,0.0,0.0,0.0,0.0,0.0,0.0,0.0,0.0,0.0,0.0,0.0,0.0,0.0,0.0,0.0,130,45.0,41.0,6.0,9.0,12.0,5.0,16.0,15.0,19,23.0,37,117,113,130,45.0,41.0,6.0,9.0,12.0,5.0,16.0,15.0,19,23.0,37,117,113,0,0,0,0,0,0,0,0,0,0,0,0,0,0,35.3,27.5,48.1,42.5,23.6,19.3,31.2,29.7,35.3,27.5,48.1,42.5,23.6,19.3,31.2,29.7,0.0,0.0,0.0,0.0,0.0,0.0,0.0,0.0,"(CONTRACTS OF 1,000 BARRELS)",N10,CRUDE OIL,PETROLEUM AND PRODUCTS,NATURAL RESOURCES,FutOnly
250819067411F,"CRUDE OIL, LIGHT SWEET-WTI - ICE FUTURES EUROPE",2025-08-19T00:00:00.000,2025 Report Week 33,"CRUDE OIL, LIGHT SWEET-WTI",67411,ICEU,NYC,67,CRUDE OIL,758730,420942,361916,18406,82763,26501,2545,47002,16867,93345,46333,167473,746079,748855,12651,9875,758730,420942,361916,18406,82763,26501,2545,47002,16867,93345,46333,167473,746079,748855,12651,9875,0,0,0,0,0,0,0,0,0,0,0,0,0,0,0,0,-21509.0,10022.0,14343.0,-3635.0,96.0,-5129.0,-1420.0,-14499.0,-2501.0,-4287.0,1361.0,-14692.0,-21642.0,-21021.0,133.0,-488.0,100.0,55.5,47.7,2.4,10.9,3.5,0.3,6.2,2.2,12.3,6.1,22.1,98.3,98.7,1.7,1.3,100.0,55.5,47.7,2.4,10.9,3.5,0.3,6.2,2.2,12.3,6.1,22.1,98.3,98.7,1.7,1.3,100.0,0.0,0.0,0.0,0.0,0.0,0.0,0.0,0.0,0.0,0.0,0.0,0.0,0.0,0.0,0.0,130,45.0,45.0,7.0,9.0,13.0,,16.0,14.0,19,24.0,38,116,118,130,45.0,45.0,7.0,9.0,13.0,,16.0,14.0,19,24.0,38,116,118,0,0,0,0,0,0,0,0,0,0,0,0,0,0,37.2,29.8,51.0,44.6,24.5,20.6,32.8,31.6,37.2,29.8,51.0,44.6,24.5,20.6,32.8,31.6,0.0,0.0,0.0,0.0,0.0,0.0,0.0,0.0,"(CONTRACTS OF 1,000 BARRELS)",N10,CRUDE OIL,PETROLEUM AND PRODUCTS,NATURAL RESOURCES,FutOnly
250826067411F,"CRUDE OIL, LIGHT SWEET-WTI - ICE FUTURES EUROPE",2025-08-26T00:00:00.000,2025 Report Week 34,"CRUDE OIL, LIGHT SWEET-WTI",67411,ICEU,NYC,67,CRUDE OIL,800590,459621,417418,17405,78415,23364,4451,45313,15975,97679,39934,170503,788998,790922,11592,9668,800590,459621,417418,17405,78415,23364,4451,45313,15975,97679,39934,170503,788998,790922,11592,9668,0,0,0,0,0,0,0,0,0,0,0,0,0,0,0,0,41860.0,38679.0,55502.0,-1001.0,-4348.0,-3137.0,1906.0,-1689.0,-892.0,4334.0,-6399.0,3030.0,42919.0,42067.0,-1059.0,-207.0,100.0,57.4,52.1,2.2,9.8,2.9,0.6,5.7,2.0,12.2,5.0,21.3,98.6,98.8,1.4,1.2,100.0,57.4,52.1,2.2,9.8,2.9,0.6,5.7,2.0,12.2,5.0,21.3,98.6,98.8,1.4,1.2,100.0,0.0,0.0,0.0,0.0,0.0,0.0,0.0,0.0,0.0,0.0,0.0,0.0,0.0,0.0,0.0,127,39.0,40.0,7.0,8.0,11.0,4.0,15.0,17.0,19,23.0,39,114,112,127,39.0,40.0,7.0,8.0,11.0,4.0,15.0,17.0,19,23.0,39,114,112,0,0,0,0,0,0,0,0,0,0,0,0,0,0,35.1,31.9,52.4,46.6,26.3,25.5,35.0,34.8,35.1,31.9,52.4,46.6,26.3,25.5,35.0,34.8,0.0,0.0,0.0,0.0,0.0,0.0,0.0,0.0,"(CONTRACTS OF 1,000 BARRELS)",N10,CRUDE OIL,PETROLEUM AND PRODUCTS,NATURAL RESOURCES,FutOnly
250902067411F,"CRUDE OIL, LIGHT SWEET-WTI - ICE FUTURES EUROPE",2025-09-02T00:00:00.000,2025 Report Week 35,"CRUDE OIL, LIGHT SWEET-WTI",67411,ICEU,NYC,67,CRUDE OIL,799084,458652,422984,15348,77397,25665,3017,43796,14357,103183,38951,168007,788229,791157,10855,7927,799084,458652,422984,15348,77397,25665,3017,43796,14357,103183,38951,168007,788229,791157,10855,7927,0,0,0,0,0,0,0,0,0,0,0,0,0,0,0,0,-1506.0,-969.0,5566.0,-2057.0,-1018.0,2301.0,-1434.0,-1517.0,-1618.0,5504.0,-983.0,-2496.0,-769.0,235.0,-737.0,-1741.0,100.0,57.4,52.9,1.9,9.7,3.2,0.4,5.5,1.8,12.9,4.9,21.0,98.6,99.0,1.4,1.0,100.0,57.4,52.9,1.9,9.7,3.2,0.4,5.5,1.8,12.9,4.9,21.0,98.6,99.0,1.4,1.0,100.0,0.0,0.0,0.0,0.0,0.0,0.0,0.0,0.0,0.0,0.0,0.0,0.0,0.0,0.0,0.0,129,42.0,42.0,7.0,8.0,11.0,,15.0,16.0,18,25.0,40,115,115,129,42.0,42.0,7.0,8.0,11.0,,15.0,16.0,18,25.0,40,115,115,0,0,0,0,0,0,0,0,0,0,0,0,0,0,35.2,32.5,52.4,47.2,25.9,25.8,35.0,35.4,35.2,32.5,52.4,47.2,25.9,25.8,35.0,35.4,0.0,0.0,0.0,0.0,0.0,0.0,0.0,0.0,"(CONTRACTS OF 1,000 BARRELS)",N10,CRUDE OIL,PETROLEUM AND PRODUCTS,NATURAL RESOURCES,FutOnly
250909067411F,"CRUDE OIL, LIGHT SWEET-WTI - ICE FUTURES EUROPE",2025-09-09T00:00:00.000,2025 Report Week 36,"CRUDE OIL, LIGHT SWEET-WTI",67411,ICEU,NYC,67,CRUDE OIL,802403,446622,417834,15967,76081,27117,2951,43537,17486,104237,34913,176740,791120,793708,11283,8695,802403,446622,417834,15967,76081,27117,2951,43537,17486,104237,34913,176740,791120,793708,11283,8695,0,0,0,0,0,0,0,0,0,0,0,0,0,0,0,0,3319.0,-12030.0,-5150.0,619.0,-1316.0,1452.0,-66.0,-259.0,3129.0,1054.0,-4038.0,8733.0,2891.0,2551.0,428.0,768.0,100.0,55.7,52.1,2.0,9.5,3.4,0.4,5.4,2.2,13.0,4.4,22.0,98.6,98.9,1.4,1.1,100.0,55.7,52.1,2.0,9.5,3.4,0.4,5.4,2.2,13.0,4.4,22.0,98.6,98.9,1.4,1.1,100.0,0.0,0.0,0.0,0.0,0.0,0.0,0.0,0.0,0.0,0.0,0.0,0.0,0.0,0.0,0.0,125,41.0,41.0,7.0,8.0,13.0,,15.0,14.0,19,22.0,38,111,112,125,41.0,41.0,7.0,8.0,13.0,,15.0,14.0,19,22.0,38,111,112,0,0,0,0,0,0,0,0,0,0,0,0,0,0,35.4,32.6,52.0,47.3,25.0,25.3,34.1,34.6,35.4,32.6,52.0,47.3,25.0,25.3,34.1,34.6,0.0,0.0,0.0,0.0,0.0,0.0,0.0,0.0,"(CONTRACTS OF 1,000 BARRELS)",N10,CRUDE OIL,PETROLEUM AND PRODUCTS,NATURAL RESOURCES,FutOnly
250916067411F,"CRUDE OIL, LIGHT SWEET-WTI - ICE FUTURES EUROPE",2025-09-16T00:00:00.000,2025 Report Week 37,"CRUDE OIL, LIGHT SWEET-WTI",67411,ICEU,NYC,67,CRUDE OIL,811785,432260,416900,16234,74741,29933,3113,39000,36992,108930,32469,172450,799912,802485,11873,9300,811785,432260,416900,16234,74741,29933,3113,39000,36992,108930,32469,172450,799912,802485,11873,9300,0,0,0,0,0,0,0,0,0,0,0,0,0,0,0,0,9382.0,-14362.0,-934.0,267.0,-1340.0,2816.0,162.0,-4537.0,19506.0,4693.0,-2444.0,-4290.0,8792.0,8777.0,590.0,605.0,100.0,53.2,51.4,2.0,9.2,3.7,0.4,4.8,4.6,13.4,4.0,21.2,98.5,98.9,1.5,1.1,100.0,53.2,51.4,2.0,9.2,3.7,0.4,4.8,4.6,13.4,4.0,21.2,98.5,98.9,1.5,1.1,100.0,0.0,0.0,0.0,0.0,0.0,0.0,0.0,0.0,0.0,0.0,0.0,0.0,0.0,0.0,0.0,127,42.0,43.0,7.0,9.0,14.0,5.0,13.0,14.0,17,25.0,38,113,116,127,42.0,43.0,7.0,9.0,14.0,5.0,13.0,14.0,17,25.0,38,113,116,0,0,0,0,0,0,0,0,0,0,0,0,0,0,34.8,31.6,51.9,46.8,23.9,24.4,33.8,33.1,34.8,31.6,51.9,46.8,23.9,24.4,33.8,33.1,0.0,0.0,0.0,0.0,0.0,0.0,0.0,0.0,"(CONTRACTS OF 1,000 BARRELS)",N10,CRUDE OIL,PETROLEUM AND PRODUCTS,NATURAL RESOURCES,FutOnly
250923067411F,"CRUDE OIL, LIGHT SWEET-WTI - ICE FUTURES EUROPE",2025-09-23T00:00:00.000,2025 Report Week 38,"CRUDE OIL, LIGHT SWEET-WTI",67411,ICEU,NYC,67,CRUDE OIL,807783,429286,411260,16584,78238,30090,2741,36935,40492,110713,32804,168072,797978,797891,9805,9892,807783,429286,411260,16584,78238,30090,2741,36935,40492,110713,32804,168072,797978,797891,9805,9892,0,0,0,0,0,0,0,0,0,0,0,0,0,0,0,0,-4002.0,-2974.0,-5640.0,350.0,3497.0,157.0,-372.0,-2065.0,3500.0,1783.0,335.0,-4378.0,-1934.0,-4594.0,-2068.0,592.0,100.0,53.1,50.9,2.1,9.7,3.7,0.3,4.6,5.0,13.7,4.1,20.8,98.8,98.8,1.2,1.2,100.0,53.1,50.9,2.1,9.7,3.7,0.3,4.6,5.0,13.7,4.1,20.8,98.8,98.8,1.2,1.2,100.0,0.0,0.0,0.0,0.0,0.0,0.0,0.0,0.0,0.0,0.0,0.0,0.0,0.0,0.0,0.0,126,42.0,42.0,7.0,10.0,13.0,6.0,11.0,14.0,18,23.0,39,115,113,126,42.0,42.0,7.0,10.0,13.0,6.0,11.0,14.0,18,23.0,39,115,113,0,0,0,0,0,0,0,0,0,0,0,0,0,0,34.6,30.8,52.6,46.4,23.7,23.2,33.2,31.9,34.6,30.8,52.6,46.4,23.7,23.2,33.2,31.9,0.0,0.0,0.0,0.0,0.0,0.0,0.0,0.0,"(CONTRACTS OF 1,000 BARRELS)",N10,CRUDE OIL,PETROLEUM AND PRODUCTS,NATURAL RESOURCES,FutOnly
250930067411F,"CRUDE OIL, LIGHT SWEET-WTI - ICE FUTURES EUROPE",2025-09-30T00:00:00.000,2025 Report Week 39,"CRUDE OIL, LIGHT SWEET-WTI",67411,ICEU,NYC,67,CRUDE OIL,827704,423282,410971,16258,79310,33699,5559,36458,50643,114432,33043,174177,818050,818301,9654,9403,827704,423282,410971,16258,79310,33699,5559,36458,50643,114432,33043,174177,818050,818301,9654,9403,0,0,0,0,0,0,0,0,0,0,0,0,0,0,0,0,19921.0,-6004.0,-289.0,-326.0,1072.0,3609.0,2818.0,-477.0,10151.0,3719.0,239.0,6105.0,20072.0,20410.0,-151.0,-489.0,100.0,51.1,49.7,2.0,9.6,4.1,0.7,4.4,6.1,13.8,4.0,21.0,98.8,98.9,1.2,1.1,100.0,51.1,49.7,2.0,9.6,4.1,0.7,4.4,6.1,13.8,4.0,21.0,98.8,98.9,1.2,1.1,100.0,0.0,0.0,0.0,0.0,0.0,0.0,0.0,0.0,0.0,0.0,0.0,0.0,0.0,0.0,0.0,129,42.0,42.0,7.0,10.0,13.0,6.0,11.0,14.0,22,21.0,41,119,114,129,42.0,42.0,7.0,10.0,13.0,6.0,11.0,14.0,22,21.0,41,119,114,0,0,0,0,0,0,0,0,0,0,0,0,0,0,34.0,30.4,52.3,46.6,22.9,23.3,32.8,31.7,34.0,30.4,52.3,46.6,22.9,23.3,32.8,31.7,0.0,0.0,0.0,0.0,0.0,0.0,0.0,0.0,"(CONTRACTS OF 1,000 BARRELS)",N10,CRUDE OIL,PETROLEUM AND PRODUCTS,NATURAL RESOURCES,FutOnly
251007067411F,"CRUDE OIL, LIGHT SWEET-WTI - ICE FUTURES EUROPE",2025-10-07T00:00:00.000,2025 Report Week 40,"CRUDE OIL, LIGHT SWEET-WTI",67411,ICEU,NYC,67,CRUDE OIL,839161,431913,409687,16656,79351,34674,6720,36259,59476,114403,44075,166522,830364,830044,8797,9117,839161,431913,409687,16656,79351,34674,6720,36259,59476,114403,44075,166522,830364,830044,8797,9117,0,0,0,0,0,0,0,0,0,0,0,0,0,0,0,0,11457.0,8631.0,-1284.0,398.0,41.0,975.0,1161.0,-199.0,8833.0,-29.0,11032.0,-7655.0,12314.0,11743.0,-857.0,-286.0,100.0,51.5,48.8,2.0,9.5,4.1,0.8,4.3,7.1,13.6,5.3,19.8,99.0,98.9,1.0,1.1,100.0,51.5,48.8,2.0,9.5,4.1,0.8,4.3,7.1,13.6,5.3,19.8,99.0,98.9,1.0,1.1,100.0,0.0,0.0,0.0,0.0,0.0,0.0,0.0,0.0,0.0,0.0,0.0,0.0,0.0,0.0,0.0,138,45.0,44.0,8.0,9.0,13.0,6.0,14.0,15.0,22,23.0,42,125,121,138,45.0,44.0,8.0,9.0,13.0,6.0,14.0,15.0,22,23.0,42,125,121,0,0,0,0,0,0,0,0,0,0,0,0,0,0,33.8,30.1,52.1,46.1,23.5,23.4,32.8,31.4,33.8,30.1,52.1,46.1,23.5,23.4,32.8,31.4,0.0,0.0,0.0,0.0,0.0,0.0,0.0,0.0,"(CONTRACTS OF 1,000 BARRELS)",N10,CRUDE OIL,PETROLEUM AND PRODUCTS,NATURAL RESOURCES,FutOnly
251014067411F,"CRUDE OIL, LIGHT SWEET-WTI - ICE FUTURES EUROPE",2025-10-14T00:00:00.000,2025 Report Week 41,"CRUDE OIL, LIGHT SWEET-WTI",67411,ICEU,NYC,67,CRUDE OIL,831782,428673,410564,17145,75209,36943,7550,35753,41080,111761,42140,180072,823224,821761,8558,10021,831782,428673,410564,17145,75209,36943,7550,35753,41080,111761,42140,180072,823224,821761,8558,10021,0,0,0,0,0,0,0,0,0,0,0,0,0,0,0,0,-7379.0,-3240.0,877.0,489.0,-4142.0,2269.0,830.0,-506.0,-18396.0,-2642.0,-1935.0,13550.0,-7140.0,-8283.0,-239.0,904.0,100.0,51.5,49.4,2.1,9.0,4.4,0.9,4.3,4.9,13.4,5.1,21.6,99.0,98.8,1.0,1.2,100.0,51.5,49.4,2.1,9.0,4.4,0.9,4.3,4.9,13.4,5.1,21.6,99.0,98.8,1.0,1.2,100.0,0.0,0.0,0.0,0.0,0.0,0.0,0.0,0.0,0.0,0.0,0.0,0.0,0.0,0.0,0.0,141,46.0,47.0,8.0,9.0,13.0,8.0,15.0,16.0,16,26.0,43,125,127,141,46.0,47.0,8.0,9.0,13.0,8.0,15.0,16.0,16,26.0,43,125,127,0,0,0,0,0,0,0,0,0,0,0,0,0,0,35.1,30.9,50.5,44.4,23.9,23.1,33.4,30.2,35.1,30.9,50.5,44.4,23.9,23.1,33.4,30.2,0.0,0.0,0.0,0.0,0.0,0.0,0.0,0.0,"(CONTRACTS OF 1,000 BARRELS)",N10,CRUDE OIL,PETROLEUM AND PRODUCTS,NATURAL RESOURCES,FutOnly
251021067411F,"CRUDE OIL, LIGHT SWEET-WTI - ICE FUTURES EUROPE",2025-10-21T00:00:00.000,2025 Report Week 42,"CRUDE OIL, LIGHT SWEET-WTI",67411,ICEU,NYC,67,CRUDE OIL,808887,412139,390461,16691,81252,35567,8008,38801,38905,113529,38911,175229,800068,799126,8819,9761,808887,412139,390461,16691,81252,35567,8008,38801,38905,113529,38911,175229,800068,799126,8819,9761,0,0,0,0,0,0,0,0,0,0,0,0,0,0,0,0,-22895.0,-16534.0,-20103.0,-454.0,6043.0,-1376.0,458.0,3048.0,-2175.0,1768.0,-3229.0,-4843.0,-23156.0,-22635.0,261.0,-260.0,100.0,51.0,48.3,2.1,10.0,4.4,1.0,4.8,4.8,14.0,4.8,21.7,98.9,98.8,1.1,1.2,100.0,51.0,48.3,2.1,10.0,4.4,1.0,4.8,4.8,14.0,4.8,21.7,98.9,98.8,1.1,1.2,100.0,0.0,0.0,0.0,0.0,0.0,0.0,0.0,0.0,0.0,0.0,0.0,0.0,0.0,0.0,0.0,137,43.0,47.0,8.0,10.0,14.0,6.0,13.0,13.0,19,24.0,42,117,125,137,43.0,47.0,8.0,10.0,14.0,6.0,13.0,13.0,19,24.0,42,117,125,0,0,0,0,0,0,0,0,0,0,0,0,0,0,35.6,29.4,52.2,42.9,24.6,22.5,35.3,30.0,35.6,29.4,52.2,42.9,24.6,22.5,35.3,30.0,0.0,0.0,0.0,0.0,0.0,0.0,0.0,0.0,"(CONTRACTS OF 1,000 BARRELS)",N10,CRUDE OIL,PETROLEUM AND PRODUCTS,NATURAL RESOURCES,FutOnly
251028067411F,"CRUDE OIL, LIGHT SWEET-WTI - ICE FUTURES EUROPE",2025-10-28T00:00:00.000,2025 Report Week 43,"CRUDE OIL, LIGHT SWEET-WTI",67411,ICEU,NYC,67,CRUDE OIL,788199,417413,393563,15885,81941,30468,10593,41680,17449,105216,32927,182659,779683,780687,8516,7512,788199,417413,393563,15885,81941,30468,10593,41680,17449,105216,32927,182659,779683,780687,8516,7512,0,0,0,0,0,0,0,0,0,0,0,0,0,0,0,0,-20688.0,5274.0,3102.0,-806.0,689.0,-5099.0,2585.0,2879.0,-21456.0,-8313.0,-5984.0,7430.0,-20385.0,-18439.0,-303.0,-2249.0,100.0,53.0,49.9,2.0,10.4,3.9,1.3,5.3,2.2,13.3,4.2,23.2,98.9,99.0,1.1,1.0,100.0,53.0,49.9,2.0,10.4,3.9,1.3,5.3,2.2,13.3,4.2,23.2,98.9,99.0,1.1,1.0,100.0,0.0,0.0,0.0,0.0,0.0,0.0,0.0,0.0,0.0,0.0,0.0,0.0,0.0,0.0,0.0,131,40.0,43.0,8.0,9.0,14.0,7.0,14.0,18.0,18,25.0,39,116,121,131,40.0,43.0,8.0,9.0,14.0,7.0,14.0,18.0,18,25.0,39,116,121,0,0,0,0,0,0,0,0,0,0,0,0,0,0,36.1,32.9,52.6,45.9,25.8,24.2,36.5,32.5,36.1,32.9,52.6,45.9,25.8,24.2,36.5,32.5,0.0,0.0,0.0,0.0,0.0,0.0,0.0,0.0,"(CONTRACTS OF 1,000 BARRELS)",N10,CRUDE OIL,PETROLEUM AND PRODUCTS,NATURAL RESOURCES,FutOnly
251104067411F,"CRUDE OIL, LIGHT SWEET-WTI - ICE FUTURES EUROPE",2025-11-04T00:00:00.000,2025 Report Week 44,"CRUDE OIL, LIGHT SWEET-WTI",67411,ICEU,NYC,67,CRUDE OIL,793140,406260,407241,16337,80936,28735,14525,44220,18488,123521,31476,174790,782656,785886,10484,7254,793140,406260,407241,16337,80936,28735,14525,44220,18488,123521,31476,174790,782656,785886,10484,7254,0,0,0,0,0,0,0,0,0,0,0,0,0,0,0,0,4941.0,-11153.0,13678.0,452.0,-1005.0,-1733.0,3932.0,2540.0,1039.0,18305.0,-1451.0,-7869.0,2973.0,5199.0,1968.0,-258.0,100.0,51.2,51.3,2.1,10.2,3.6,1.8,5.6,2.3,15.6,4.0,22.0,98.7,99.1,1.3,0.9,100.0,51.2,51.3,2.1,10.2,3.6,1.8,5.6,2.3,15.6,4.0,22.0,98.7,99.1,1.3,0.9,100.0,0.0,0.0,0.0,0.0,0.0,0.0,0.0,0.0,0.0,0.0,0.0,0.0,0.0,0.0,0.0,134,41.0,41.0,7.0,9.0,14.0,8.0,16.0,14.0,19,23.0,38,113,120,134,41.0,41.0,7.0,9.0,14.0,8.0,16.0,14.0,19,23.0,38,113,120,0,0,0,0,0,0,0,0,0,0,0,0,0,0,37.2,33.8,52.1,45.9,25.4,24.7,36.6,32.6,37.2,33.8,52.1,45.9,25.4,24.7,36.6,32.6,0.0,0.0,0.0,0.0,0.0,0.0,0.0,0.0,"(CONTRACTS OF 1,000 BARRELS)",N10,CRUDE OIL,PETROLEUM AND PRODUCTS,NATURAL RESOURCES,FutOnly
251110067411F,"CRUDE OIL, LIGHT SWEET-WTI - ICE FUTURES EUROPE",2025-11-10T00:00:00.000,2025 Report Week 45,"CRUDE OIL, LIGHT SWEET-WTI",67411,ICEU,NYC,67,CRUDE OIL,801648,427907,410863,16548,86505,25670,16213,42196,19816,109127,32690,176009,791290,793749,10358,7899,801648,427907,410863,16548,86505,25670,16213,42196,19816,109127,32690,176009,791290,793749,10358,7899,0,0,0,0,0,0,0,0,0,0,0,0,0,0,0,0,8508.0,21647.0,3622.0,211.0,5569.0,-3065.0,1688.0,-2024.0,1328.0,-14394.0,1214.0,1219.0,8634.0,7863.0,-126.0,645.0,100.0,53.4,51.3,2.1,10.8,3.2,2.0,5.3,2.5,13.6,4.1,22.0,98.7,99.0,1.3,1.0,100.0,53.4,51.3,2.1,10.8,3.2,2.0,5.3,2.5,13.6,4.1,22.0,98.7,99.0,1.3,1.0,100.0,0.0,0.0,0.0,0.0,0.0,0.0,0.0,0.0,0.0,0.0,0.0,0.0,0.0,0.0,0.0,135,44.0,44.0,6.0,10.0,13.0,7.0,16.0,15.0,19,22.0,39,116,123,135,44.0,44.0,6.0,10.0,13.0,7.0,16.0,15.0,19,22.0,39,116,123,0,0,0,0,0,0,0,0,0,0,0,0,0,0,37.0,33.8,52.0,46.5,25.0,24.9,36.5,33.2,37.0,33.8,52.0,46.5,25.0,24.9,36.5,33.2,0.0,0.0,0.0,0.0,0.0,0.0,0.0,0.0,"(CONTRACTS OF 1,000 BARRELS)",N10,CRUDE OIL,PETROLEUM AND PRODUCTS,NATURAL RESOURCES,FutOnly
251118067411F,"CRUDE OIL, LIGHT SWEET-WTI - ICE FUTURES EUROPE",2025-11-18T00:00:00.000,2025 Report Week 46,"CRUDE OIL, LIGHT SWEET-WTI",67411,ICEU,NYC,67,CRUDE OIL,793994,430756,403044,8031,80627,25468,13986,42985,21746,106697,34715,175474,782158,784059,11836,9935,793994,430756,403044,8031,80627,25468,13986,42985,21746,106697,34715,175474,782158,784059,11836,9935,0,0,0,0,0,0,0,0,0,0,0,0,0,0,0,0,-7654.0,2849.0,-7819.0,-8517.0,-5878.0,-202.0,-2227.0,789.0,1930.0,-2430.0,2025.0,-535.0,-9132.0,-9690.0,1478.0,2036.0,100.0,54.3,50.8,1.0,10.2,3.2,1.8,5.4,2.7,13.4,4.4,22.1,98.5,98.7,1.5,1.3,100.0,54.3,50.8,1.0,10.2,3.2,1.8,5.4,2.7,13.4,4.4,22.1,98.5,98.7,1.5,1.3,100.0,0.0,0.0,0.0,0.0,0.0,0.0,0.0,0.0,0.0,0.0,0.0,0.0,0.0,0.0,0.0,132,45.0,48.0,4.0,11.0,14.0,6.0,15.0,15.0,19,21.0,37,115,123,132,45.0,48.0,4.0,11.0,14.0,6.0,15.0,15.0,19,21.0,37,115,123,0,0,0,0,0,0,0,0,0,0,0,0,0,0,36.5,34.0,53.3,45.7,26.1,23.9,37.8,31.8,36.5,34.0,53.3,45.7,26.1,23.9,37.8,31.8,0.0,0.0,0.0,0.0,0.0,0.0,0.0,0.0,"(CONTRACTS OF 1,000 BARRELS)",N10,CRUDE OIL,PETROLEUM AND PRODUCTS,NATURAL RESOURCES,FutOnly
251125067411F,"CRUDE OIL, LIGHT SWEET-WTI - ICE FUTURES EUROPE",2025-11-25T00:00:00.000,2025 Report Week 47,"CRUDE OIL, LIGHT SWEET-WTI",67411,ICEU,NYC,67,CRUDE OIL,772795,416747,377339,7402,77113,24487,13312,40446,23173,94135,40323,181064,760320,763945,12475,8850,772795,416747,377339,7402,77113,24487,13312,40446,23173,94135,40323,181064,760320,763945,12475,8850,0,0,0,0,0,0,0,0,0,0,0,0,0,0,0,0,-21199.0,-14009.0,-25705.0,-629.0,-3514.0,-981.0,-674.0,-2539.0,1427.0,-12562.0,5608.0,5590.0,-21838.0,-20114.0,639.0,-1085.0,100.0,53.9,48.8,1.0,10.0,3.2,1.7,5.2,3.0,12.2,5.2,23.4,98.4,98.9,1.6,1.1,100.0,53.9,48.8,1.0,10.0,3.2,1.7,5.2,3.0,12.2,5.2,23.4,98.4,98.9,1.6,1.1,100.0,0.0,0.0,0.0,0.0,0.0,0.0,0.0,0.0,0.0,0.0,0.0,0.0,0.0,0.0,0.0,134,45.0,47.0,5.0,10.0,15.0,4.0,16.0,14.0,21,21.0,39,117,124,134,45.0,47.0,5.0,10.0,15.0,4.0,16.0,14.0,21,21.0,39,117,124,0,0,0,0,0,0,0,0,0,0,0,0,0,0,37.1,34.7,53.1,45.0,27.1,24.2,39.0,32.0,37.1,34.7,53.1,45.0,27.1,24.2,39.0,32.0,0.0,0.0,0.0,0.0,0.0,0.0,0.0,0.0,"(CONTRACTS OF 1,000 BARRELS)",N10,CRUDE OIL,PETROLEUM AND PRODUCTS,NATURAL RESOURCES,FutOnly
251202067411F,"CRUDE OIL, LIGHT SWEET-WTI - ICE FUTURES EUROPE",2025-12-02T00:00:00.000,2025 Report Week 48,"CRUDE OIL, LIGHT SWEET-WTI",67411,ICEU,NYC,67,CRUDE OIL,766596,410564,374876,6769,81262,19651,13343,37061,24277,96301,35797,183822,754727,756746,11869,9850,766596,410564,374876,6769,81262,19651,13343,37061,24277,96301,35797,183822,754727,756746,11869,9850,0,0,0,0,0,0,0,0,0,0,0,0,0,0,0,0,-6199.0,-6183.0,-2463.0,-633.0,4149.0,-4836.0,31.0,-3385.0,1104.0,2166.0,-4526.0,2758.0,-5593.0,-7199.0,-606.0,1000.0,100.0,53.6,48.9,0.9,10.6,2.6,1.7,4.8,3.2,12.6,4.7,24.0,98.5,98.7,1.5,1.3,100.0,53.6,48.9,0.9,10.6,2.6,1.7,4.8,3.2,12.6,4.7,24.0,98.5,98.7,1.5,1.3,100.0,0.0,0.0,0.0,0.0,0.0,0.0,0.0,0.0,0.0,0.0,0.0,0.0,0.0,0.0,0.0,135,45.0,46.0,5.0,11.0,13.0,7.0,13.0,14.0,22,22.0,38,115,123,135,45.0,46.0,5.0,11.0,13.0,7.0,13.0,14.0,22,22.0,38,115,123,0,0,0,0,0,0,0,0,0,0,0,0,0,0,37.6,35.1,53.9,45.4,27.1,24.6,39.3,32.7,37.6,35.1,53.9,45.4,27.1,24.6,39.3,32.7,0.0,0.0,0.0,0.0,0.0,0.0,0.0,0.0,"(CONTRACTS OF 1,000 BARRELS)",N10,CRUDE OIL,PETROLEUM AND PRODUCTS,NATURAL RESOURCES,FutOnly
251209067411F,"CRUDE OIL, LIGHT SWEET-WTI - ICE FUTURES EUROPE",2025-12-09T00:00:00.000,2025 Report Week 49,"CRUDE OIL, LIGHT SWEET-WTI",67411,ICEU,NYC,67,CRUDE OIL,781559,391192,393639,6922,82014,20344,12975,37784,24912,128661,29317,184208,769214,772218,12345,9341,781559,391192,393639,6922,82014,20344,12975,37784,24912,128661,29317,184208,769214,772218,12345,9341,0,0,0,0,0,0,0,0,0,0,0,0,0,0,0,0,14963.0,-19372.0,18763.0,153.0,752.0,693.0,-368.0,723.0,635.0,32360.0,-6480.0,386.0,14487.0,15472.0,476.0,-509.0,100.0,50.1,50.4,0.9,10.5,2.6,1.7,4.8,3.2,16.5,3.8,23.6,98.4,98.8,1.6,1.2,100.0,50.1,50.4,0.9,10.5,2.6,1.7,4.8,3.2,16.5,3.8,23.6,98.4,98.8,1.6,1.2,100.0,0.0,0.0,0.0,0.0,0.0,0.0,0.0,0.0,0.0,0.0,0.0,0.0,0.0,0.0,0.0,138,47.0,47.0,6.0,10.0,14.0,7.0,14.0,15.0,24,19.0,39,120,126,138,47.0,47.0,6.0,10.0,14.0,7.0,14.0,15.0,24,19.0,39,120,126,0,0,0,0,0,0,0,0,0,0,0,0,0,0,38.2,34.5,54.3,45.2,27.8,25.3,38.9,33.3,38.2,34.5,54.3,45.2,27.8,25.3,38.9,33.3,0.0,0.0,0.0,0.0,0.0,0.0,0.0,0.0,"(CONTRACTS OF 1,000 BARRELS)",N10,CRUDE OIL,PETROLEUM AND PRODUCTS,NATURAL RESOURCES,FutOnly
251216067411F,"CRUDE OIL, LIGHT SWEET-WTI - ICE FUTURES EUROPE",2025-12-16T00:00:00.000,2025 Report Week 50,"CRUDE OIL, LIGHT SWEET-WTI",67411,ICEU,NYC,67,CRUDE OIL,802736,410465,395812,5299,83233,21118,3584,38192,25664,132714,34315,192871,791715,791205,11021,11531,802736,410465,395812,5299,83233,21118,3584,38192,25664,132714,34315,192871,791715,791205,11021,11531,0,0,0,0,0,0,0,0,0,0,0,0,0,0,0,0,21177.0,19273.0,2173.0,-1623.0,1219.0,774.0,-9391.0,408.0,752.0,4053.0,4998.0,8663.0,22501.0,18987.0,-1324.0,2190.0,100.0,51.1,49.3,0.7,10.4,2.6,0.4,4.8,3.2,16.5,4.3,24.0,98.6,98.6,1.4,1.4,100.0,51.1,49.3,0.7,10.4,2.6,0.4,4.8,3.2,16.5,4.3,24.0,98.6,98.6,1.4,1.4,100.0,0.0,0.0,0.0,0.0,0.0,0.0,0.0,0.0,0.0,0.0,0.0,0.0,0.0,0.0,0.0,136,51.0,48.0,6.0,10.0,12.0,8.0,13.0,14.0,23,19.0,38,122,122,136,51.0,48.0,6.0,10.0,12.0,8.0,13.0,14.0,23,19.0,38,122,122,0,0,0,0,0,0,0,0,0,0,0,0,0,0,37.4,34.4,55.0,45.6,28.1,24.5,38.5,32.2,37.4,34.4,55.0,45.6,28.1,24.5,38.5,32.2,0.0,0.0,0.0,0.0,0.0,0.0,0.0,0.0,"(CONTRACTS OF 1,000 BARRELS)",N10,CRUDE OIL,PETROLEUM AND PRODUCTS,NATURAL RESOURCES,FutOnly
251223067411F,"CRUDE OIL, LIGHT SWEET-WTI - ICE FUTURES EUROPE",2025-12-23T00:00:00.000,2025 Report Week 51,"CRUDE OIL, LIGHT SWEET-WTI",67411,ICEU,NYC,67,CRUDE OIL,773263,402921,377803,5740,82967,20353,4255,37992,19447,118107,31993,194109,764932,764664,8331,8599,773263,402921,377803,5740,82967,20353,4255,37992,19447,118107,31993,194109,764932,764664,8331,8599,0,0,0,0,0,0,0,0,0,0,0,0,0,0,0,0,-29473.0,-7544.0,-18009.0,441.0,-266.0,-765.0,671.0,-200.0,-6217.0,-14607.0,-2322.0,1238.0,-26783.0,-26541.0,-2690.0,-2932.0,100.0,52.1,48.9,0.7,10.7,2.6,0.6,4.9,2.5,15.3,4.1,25.1,98.9,98.9,1.1,1.1,100.0,52.1,48.9,0.7,10.7,2.6,0.6,4.9,2.5,15.3,4.1,25.1,98.9,98.9,1.1,1.1,100.0,0.0,0.0,0.0,0.0,0.0,0.0,0.0,0.0,0.0,0.0,0.0,0.0,0.0,0.0,0.0,135,45.0,44.0,4.0,11.0,11.0,6.0,14.0,14.0,24,20.0,40,115,121,135,45.0,44.0,4.0,11.0,11.0,6.0,14.0,14.0,24,20.0,40,115,121,0,0,0,0,0,0,0,0,0,0,0,0,0,0,38.4,35.1,57.0,46.1,28.8,24.3,39.4,31.7,38.4,35.1,57.0,46.1,28.8,24.3,39.4,31.7,0.0,0.0,0.0,0.0,0.0,0.0,0.0,0.0,"(CONTRACTS OF 1,000 BARRELS)",N10,CRUDE OIL,PETROLEUM AND PRODUCTS,NATURAL RESOURCES,FutOnly
251230067411F,"CRUDE OIL, LIGHT SWEET-WTI - ICE FUTURES EUROPE",2025-12-30T00:00:00.000,2025 Report Week 52,"CRUDE OIL, LIGHT SWEET-WTI",67411,ICEU,NYC,67,CRUDE OIL,782141,400001,384632,5902,84453,20308,3903,40425,17527,126348,27288,198400,772389,773033,9752,9108,782141,400001,384632,5902,84453,20308,3903,40425,17527,126348,27288,198400,772389,773033,9752,9108,0,0,0,0,0,0,0,0,0,0,0,0,0,0,0,0,8878.0,-2920.0,6829.0,162.0,1486.0,-45.0,-352.0,2433.0,-1920.0,8241.0,-4705.0,4291.0,7457.0,8369.0,1421.0,509.0,100.0,51.1,49.2,0.8,10.8,2.6,0.5,5.2,2.2,16.2,3.5,25.4,98.8,98.8,1.2,1.2,100.0,51.1,49.2,0.8,10.8,2.6,0.5,5.2,2.2,16.2,3.5,25.4,98.8,98.8,1.2,1.2,100.0,0.0,0.0,0.0,0.0,0.0,0.0,0.0,0.0,0.0,0.0,0.0,0.0,0.0,0.0,0.0,133,47.0,43.0,4.0,11.0,11.0,5.0,14.0,13.0,23,20.0,40,116,118,133,47.0,43.0,4.0,11.0,11.0,5.0,14.0,13.0,23,20.0,40,116,118,0,0,0,0,0,0,0,0,0,0,0,0,0,0,38.3,36.0,57.0,47.0,28.7,25.0,39.1,32.5,38.3,36.0,57.0,47.0,28.7,25.0,39.1,32.5,0.0,0.0,0.0,0.0,0.0,0.0,0.0,0.0,"(CONTRACTS OF 1,000 BARRELS)",N10,CRUDE OIL,PETROLEUM AND PRODUCTS,NATURAL RESOURCES,FutOnly
260106067411F,"CRUDE OIL, LIGHT SWEET-WTI - ICE FUTURES EUROPE",2026-01-06T00:00:00.000,2026 Report Week 01,"CRUDE OIL, LIGHT SWEET-WTI",67411,ICEU,NYC,67,CRUDE OIL,794768,400704,384305,5064,90679,20573,4898,42973,17798,136353,28905,199565,784955,784798,9813,9970,794768,400704,384305,5064,90679,20573,4898,42973,17798,136353,28905,199565,784955,784798,9813,9970,0,0,0,0,0,0,0,0,0,0,0,0,0,0,0,0,12627.0,703.0,-327.0,-838.0,6226.0,265.0,995.0,2548.0,271.0,10005.0,1617.0,1165.0,12566.0,11765.0,61.0,862.0,100.0,50.4,48.4,0.6,11.4,2.6,0.6,5.4,2.2,17.2,3.6,25.1,98.8,98.7,1.2,1.3,100.0,50.4,48.4,0.6,11.4,2.6,0.6,5.4,2.2,17.2,3.6,25.1,98.8,98.7,1.2,1.3,100.0,0.0,0.0,0.0,0.0,0.0,0.0,0.0,0.0,0.0,0.0,0.0,0.0,0.0,0.0,0.0,137,46.0,46.0,4.0,10.0,10.0,6.0,15.0,15.0,25,19.0,42,120,122,137,46.0,46.0,4.0,10.0,10.0,6.0,15.0,15.0,25,19.0,42,120,122,0,0,0,0,0,0,0,0,0,0,0,0,0,0,37.4,35.1,56.0,46.4,28.8,24.8,38.8,33.9,37.4,35.1,56.0,46.4,28.8,24.8,38.8,33.9,0.0,0.0,0.0,0.0,0.0,0.0,0.0,0.0,"(CONTRACTS OF 1,000 BARRELS)",N10,CRUDE OIL,PETROLEUM AND PRODUCTS,NATURAL RESOURCES,FutOnly
260113067411F,"CRUDE OIL, LIGHT SWEET-WTI - ICE FUTURES EUROPE",2026-01-13T00:00:00.000,2026 Report Week 02,"CRUDE OIL, LIGHT SWEET-WTI",67411,ICEU,NYC,67,CRUDE OIL,825340,422260,405085,4614,94320,22378,9692,47067,12612,136839,28158,205029,813424,814649,11916,10691,825340,422260,405085,4614,94320,22378,9692,47067,12612,136839,28158,205029,813424,814649,11916,10691,0,0,0,0,0,0,0,0,0,0,0,0,0,0,0,0,30572.0,21556.0,20780.0,-450.0,3641.0,1805.0,4794.0,4094.0,-5186.0,486.0,-747.0,5464.0,28469.0,29851.0,2103.0,721.0,100.0,51.2,49.1,0.6,11.4,2.7,1.2,5.7,1.5,16.6,3.4,24.8,98.6,98.7,1.4,1.3,100.0,51.2,49.1,0.6,11.4,2.7,1.2,5.7,1.5,16.6,3.4,24.8,98.6,98.7,1.4,1.3,100.0,0.0,0.0,0.0,0.0,0.0,0.0,0.0,0.0,0.0,0.0,0.0,0.0,0.0,0.0,0.0,132,45.0,44.0,,10.0,11.0,5.0,14.0,14.0,24,18.0,40,117,116,132,45.0,44.0,,10.0,11.0,5.0,14.0,14.0,24,18.0,40,117,116,0,0,0,0,0,0,0,0,0,0,0,0,0,0,36.6,36.4,55.8,48.6,29.3,27.3,40.2,36.9,36.6,36.4,55.8,48.6,29.3,27.3,40.2,36.9,0.0,0.0,0.0,0.0,0.0,0.0,0.0,0.0,"(CONTRACTS OF 1,000 BARRELS)",N10,CRUDE OIL,PETROLEUM AND PRODUCTS,NATURAL RESOURCES,FutOnly
260120067411F,"CRUDE OIL, LIGHT SWEET-WTI - ICE FUTURES EUROPE",2026-01-20T00:00:00.000,2026 Report Week 03,"CRUDE OIL, LIGHT SWEET-WTI",67411,ICEU,NYC,67,CRUDE OIL,787465,410805,386035,3992,94579,20522,6900,45222,11414,135197,31764,186286,775116,775822,12349,11643,787465,410805,386035,3992,94579,20522,6900,45222,11414,135197,31764,186286,775116,775822,12349,11643,0,0,0,0,0,0,0,0,0,0,0,0,0,0,0,0,-37875.0,-11455.0,-19050.0,-622.0,259.0,-1856.0,-2792.0,-1845.0,-1198.0,-1642.0,3606.0,-18743.0,-38308.0,-38827.0,433.0,952.0,100.0,52.2,49.0,0.5,12.0,2.6,0.9,5.7,1.4,17.2,4.0,23.7,98.4,98.5,1.6,1.5,100.0,52.2,49.0,0.5,12.0,2.6,0.9,5.7,1.4,17.2,4.0,23.7,98.4,98.5,1.6,1.5,100.0,0.0,0.0,0.0,0.0,0.0,0.0,0.0,0.0,0.0,0.0,0.0,0.0,0.0,0.0,0.0,129,44.0,43.0,,12.0,11.0,4.0,14.0,13.0,23,20.0,39,112,116,129,44.0,43.0,,12.0,11.0,4.0,14.0,13.0,23,20.0,39,112,116,0,0,0,0,0,0,0,0,0,0,0,0,0,0,40.2,36.2,60.2,49.3,33.7,26.7,45.0,37.9,40.2,36.2,60.2,49.3,33.7,26.7,45.0,37.9,0.0,0.0,0.0,0.0,0.0,0.0,0.0,0.0,"(CONTRACTS OF 1,000 BARRELS)",N10,CRUDE OIL,PETROLEUM AND PRODUCTS,NATURAL RESOURCES,FutOnly
260127067411F,"CRUDE OIL, LIGHT SWEET-WTI - ICE FUTURES EUROPE",2026-01-27T00:00:00.000,2026 Report Week 04,"CRUDE OIL, LIGHT SWEET-WTI",67411,ICEU,NYC,67,CRUDE OIL,807684,418545,396631,3163,95985,22506,6784,45502,12485,138926,30764,192642,795051,796515,12633,11169,807684,418545,396631,3163,95985,22506,6784,45502,12485,138926,30764,192642,795051,796515,12633,11169,0,0,0,0,0,0,0,0,0,0,0,0,0,0,0,0,20219.0,7740.0,10596.0,-829.0,1406.0,1984.0,-116.0,280.0,1071.0,3729.0,-1000.0,6356.0,19935.0,20693.0,284.0,-474.0,100.0,51.8,49.1,0.4,11.9,2.8,0.8,5.6,1.5,17.2,3.8,23.9,98.4,98.6,1.6,1.4,100.0,51.8,49.1,0.4,11.9,2.8,0.8,5.6,1.5,17.2,3.8,23.9,98.4,98.6,1.6,1.4,100.0,0.0,0.0,0.0,0.0,0.0,0.0,0.0,0.0,0.0,0.0,0.0,0.0,0.0,0.0,0.0,130,45.0,44.0,,11.0,12.0,,15.0,14.0,22,20.0,40,115,118,130,45.0,44.0,,11.0,12.0,,15.0,14.0,22,20.0,40,115,118,0,0,0,0,0,0,0,0,0,0,0,0,0,0,39.6,34.8,59.1,48.2,33.6,26.0,45.2,37.0,39.6,34.8,59.1,48.2,33.6,26.0,45.2,37.0,0.0,0.0,0.0,0.0,0.0,0.0,0.0,0.0,"(CONTRACTS OF 1,000 BARRELS)",N10,CRUDE OIL,PETROLEUM AND PRODUCTS,NATURAL RESOURCES,FutOnly
260203067411F,"CRUDE OIL, LIGHT SWEET-WTI - ICE FUTURES EUROPE",2026-02-03T00:00:00.000,2026 Report Week 05,"CRUDE OIL, LIGHT SWEET-WTI",67411,ICEU,NYC,67,CRUDE OIL,823911,427595,412550,4366,96822,23765,19371,41173,10312,131732,32068,195796,812937,812486,10974,11425,823911,427595,412550,4366,96822,23765,19371,41173,10312,131732,32068,195796,812937,812486,10974,11425,0,0,0,0,0,0,0,0,0,0,0,0,0,0,0,0,16227.0,9050.0,15919.0,1203.0,837.0,1259.0,12587.0,-4329.0,-2173.0,-7194.0,1304.0,3154.0,17886.0,15971.0,-1659.0,256.0,100.0,51.9,50.1,0.5,11.8,2.9,2.4,5.0,1.3,16.0,3.9,23.8,98.7,98.6,1.3,1.4,100.0,51.9,50.1,0.5,11.8,2.9,2.4,5.0,1.3,16.0,3.9,23.8,98.7,98.6,1.3,1.4,100.0,0.0,0.0,0.0,0.0,0.0,0.0,0.0,0.0,0.0,0.0,0.0,0.0,0.0,0.0,0.0,134,44.0,46.0,5.0,9.0,13.0,6.0,15.0,14.0,21,20.0,40,116,122,134,44.0,46.0,5.0,9.0,13.0,6.0,15.0,14.0,21,20.0,40,116,122,0,0,0,0,0,0,0,0,0,0,0,0,0,0,37.7,34.5,56.7,48.5,32.6,26.4,44.1,36.9,37.7,34.5,56.7,48.5,32.6,26.4,44.1,36.9,0.0,0.0,0.0,0.0,0.0,0.0,0.0,0.0,"(CONTRACTS OF 1,000 BARRELS)",N10,CRUDE OIL,PETROLEUM AND PRODUCTS,NATURAL RESOURCES,FutOnly
260210067411F,"CRUDE OIL, LIGHT SWEET-WTI - ICE FUTURES EUROPE",2026-02-10T00:00:00.000,2026 Report Week 06,"CRUDE OIL, LIGHT SWEET-WTI",67411,ICEU,NYC,67,CRUDE OIL,852624,439188,436912,4510,97385,24737,18177,38694,12838,139681,28396,199777,838908,838739,13716,13885,852624,439188,436912,4510,97385,24737,18177,38694,12838,139681,28396,199777,838908,838739,13716,13885,0,0,0,0,0,0,0,0,0,0,0,0,0,0,0,0,28713.0,11593.0,24362.0,144.0,563.0,972.0,-1194.0,-2479.0,2526.0,7949.0,-3672.0,3981.0,25971.0,26253.0,2742.0,2460.0,100.0,51.5,51.2,0.5,11.4,2.9,2.1,4.5,1.5,16.4,3.3,23.4,98.4,98.4,1.6,1.6,100.0,51.5,51.2,0.5,11.4,2.9,2.1,4.5,1.5,16.4,3.3,23.4,98.4,98.4,1.6,1.6,100.0,0.0,0.0,0.0,0.0,0.0,0.0,0.0,0.0,0.0,0.0,0.0,0.0,0.0,0.0,0.0,130,43.0,45.0,5.0,9.0,13.0,6.0,13.0,14.0,22,20.0,38,113,118,130,43.0,45.0,5.0,9.0,13.0,6.0,13.0,14.0,22,20.0,38,113,118,0,0,0,0,0,0,0,0,0,0,0,0,0,0,37.6,33.8,55.2,48.7,32.9,25.8,41.3,36.1,37.6,33.8,55.2,48.7,32.9,25.8,41.3,36.1,0.0,0.0,0.0,0.0,0.0,0.0,0.0,0.0,"(CONTRACTS OF 1,000 BARRELS)",N10,CRUDE OIL,PETROLEUM AND PRODUCTS,NATURAL RESOURCES,FutOnly
260217067411F,"CRUDE OIL, LIGHT SWEET-WTI - ICE FUTURES EUROPE",2026-02-17T00:00:00.000,2026 Report Week 07,"CRUDE OIL, LIGHT SWEET-WTI",67411,ICEU,NYC,67,CRUDE OIL,870334,445345,440133,6841,81869,31549,26757,46236,22533,120969,32160,204679,858673,859159,11661,11175,870334,445345,440133,6841,81869,31549,26757,46236,22533,120969,32160,204679,858673,859159,11661,11175,0,0,0,0,0,0,0,0,0,0,0,0,0,0,0,0,17710.0,6157.0,3221.0,2331.0,-15516.0,6812.0,8580.0,7542.0,9695.0,-18712.0,3764.0,4902.0,19765.0,20420.0,-2055.0,-2710.0,100.0,51.2,50.6,0.8,9.4,3.6,3.1,5.3,2.6,13.9,3.7,23.5,98.7,98.7,1.3,1.3,100.0,51.2,50.6,0.8,9.4,3.6,3.1,5.3,2.6,13.9,3.7,23.5,98.7,98.7,1.3,1.3,100.0,0.0,0.0,0.0,0.0,0.0,0.0,0.0,0.0,0.0,0.0,0.0,0.0,0.0,0.0,0.0,131,43.0,43.0,5.0,9.0,13.0,5.0,16.0,15.0,22,20.0,39,115,119,131,43.0,43.0,5.0,9.0,13.0,5.0,16.0,15.0,22,20.0,39,115,119,0,0,0,0,0,0,0,0,0,0,0,0,0,0,37.3,34.2,54.8,48.1,31.6,25.9,41.4,34.3,37.3,34.2,54.8,48.1,31.6,25.9,41.4,34.3,0.0,0.0,0.0,0.0,0.0,0.0,0.0,0.0,"(CONTRACTS OF 1,000 BARRELS)",N10,CRUDE OIL,PETROLEUM AND PRODUCTS,NATURAL RESOURCES,FutOnly
260224067411F,"CRUDE OIL, LIGHT SWEET-WTI - ICE FUTURES EUROPE",2026-02-24T00:00:00.000,2026 Report Week 08,"CRUDE OIL, LIGHT SWEET-WTI",67411,ICEU,NYC,67,CRUDE OIL,827970,462112,401196,7005,91600,27678,12583,35967,19575,102977,57818,184504,816434,818338,11536,9632,827970,462112,401196,7005,91600,27678,12583,35967,19575,102977,57818,184504,816434,818338,11536,9632,0,0,0,0,0,0,0,0,0,0,0,0,0,0,0,0,-42364.0,16767.0,-38937.0,164.0,9731.0,-3871.0,-14174.0,-10269.0,-2958.0,-17992.0,25658.0,-20175.0,-42239.0,-40821.0,-125.0,-1543.0,100.0,55.8,48.5,0.8,11.1,3.3,1.5,4.3,2.4,12.4,7.0,22.3,98.6,98.8,1.4,1.2,100.0,55.8,48.5,0.8,11.1,3.3,1.5,4.3,2.4,12.4,7.0,22.3,98.6,98.8,1.4,1.2,100.0,0.0,0.0,0.0,0.0,0.0,0.0,0.0,0.0,0.0,0.0,0.0,0.0,0.0,0.0,0.0,129,43.0,46.0,5.0,9.0,12.0,4.0,14.0,14.0,23,20.0,38,111,120,129,43.0,46.0,5.0,9.0,12.0,4.0,14.0,14.0,23,20.0,38,111,120,0,0,0,0,0,0,0,0,0,0,0,0,0,0,38.4,34.3,56.8,48.6,34.5,24.3,43.6,33.4,38.4,34.3,56.8,48.6,34.5,24.3,43.6,33.4,0.0,0.0,0.0,0.0,0.0,0.0,0.0,0.0,"(CONTRACTS OF 1,000 BARRELS)",N10,CRUDE OIL,PETROLEUM AND PRODUCTS,NATURAL RESOURCES,FutOnly
260303067411F,"CRUDE OIL, LIGHT SWEET-WTI - ICE FUTURES EUROPE",2026-03-03T00:00:00.000,2026 Report Week 09,"CRUDE OIL, LIGHT SWEET-WTI",67411,ICEU,NYC,67,CRUDE OIL,859757,490603,430162,9678,91914,35145,18682,35771,16839,101338,64279,173495,845780,847605,13977,12152,859757,490603,430162,9678,91914,35145,18682,35771,16839,101338,64279,173495,845780,847605,13977,12152,0,0,0,0,0,0,0,0,0,0,0,0,0,0,0,0,31787.0,28491.0,28966.0,2673.0,314.0,7467.0,6099.0,-196.0,-2736.0,-1639.0,6461.0,-11009.0,29346.0,29267.0,2441.0,2520.0,100.0,57.1,50.0,1.1,10.7,4.1,2.2,4.2,2.0,11.8,7.5,20.2,98.4,98.6,1.6,1.4,100.0,57.1,50.0,1.1,10.7,4.1,2.2,4.2,2.0,11.8,7.5,20.2,98.4,98.6,1.6,1.4,100.0,0.0,0.0,0.0,0.0,0.0,0.0,0.0,0.0,0.0,0.0,0.0,0.0,0.0,0.0,0.0,124,44.0,42.0,8.0,8.0,14.0,7.0,11.0,14.0,17,21.0,35,111,112,124,44.0,42.0,8.0,8.0,14.0,7.0,11.0,14.0,17,21.0,35,111,112,0,0,0,0,0,0,0,0,0,0,0,0,0,0,37.3,38.0,57.6,51.3,31.8,29.4,43.6,38.0,37.3,38.0,57.6,51.3,31.8,29.4,43.6,38.0,0.0,0.0,0.0,0.0,0.0,0.0,0.0,0.0,"(CONTRACTS OF 1,000 BARRELS)",N10,CRUDE OIL,PETROLEUM AND PRODUCTS,NATURAL RESOURCES,FutOnly
260310067411F,"CRUDE OIL, LIGHT SWEET-WTI - ICE FUTURES EUROPE",2026-03-10T00:00:00.000,2026 Report Week 10,"CRUDE OIL, LIGHT SWEET-WTI",67411,ICEU,NYC,67,CRUDE OIL,846189,506179,391482,7797,95280,36579,7879,36024,20917,86752,84703,167730,833833,832715,12356,13474,846189,506179,391482,7797,95280,36579,7879,36024,20917,86752,84703,167730,833833,832715,12356,13474,0,0,0,0,0,0,0,0,0,0,0,0,0,0,0,0,-13568.0,15576.0,-38680.0,-1881.0,3366.0,1434.0,-10803.0,253.0,4078.0,-14586.0,20424.0,-5765.0,-11947.0,-14890.0,-1621.0,1322.0,100.0,59.8,46.3,0.9,11.3,4.3,0.9,4.3,2.5,10.3,10.0,19.8,98.5,98.4,1.5,1.6,100.0,59.8,46.3,0.9,11.3,4.3,0.9,4.3,2.5,10.3,10.0,19.8,98.5,98.4,1.5,1.6,100.0,0.0,0.0,0.0,0.0,0.0,0.0,0.0,0.0,0.0,0.0,0.0,0.0,0.0,0.0,0.0,119,45.0,41.0,6.0,9.0,14.0,5.0,12.0,16.0,13,23.0,30,107,107,119,45.0,41.0,6.0,9.0,14.0,5.0,12.0,16.0,13,23.0,30,107,107,0,0,0,0,0,0,0,0,0,0,0,0,0,0,35.2,35.1,57.0,49.9,29.9,27.7,40.5,36.4,35.2,35.1,57.0,49.9,29.9,27.7,40.5,36.4,0.0,0.0,0.0,0.0,0.0,0.0,0.0,0.0,"(CONTRACTS OF 1,000 BARRELS)",N10,CRUDE OIL,PETROLEUM AND PRODUCTS,NATURAL RESOURCES,FutOnly
260317067411F,"CRUDE OIL, LIGHT SWEET-WTI - ICE FUTURES EUROPE",2026-03-17T00:00:00.000,2026 Report Week 11,"CRUDE OIL, LIGHT SWEET-WTI",67411,ICEU,NYC,67,CRUDE OIL,849074,506855,382342,8404,99891,38497,7867,39154,18477,75254,76798,181667,837021,836826,12053,12248,849074,506855,382342,8404,99891,38497,7867,39154,18477,75254,76798,181667,837021,836826,12053,12248,0,0,0,0,0,0,0,0,0,0,0,0,0,0,0,0,2885.0,676.0,-9140.0,607.0,4611.0,1918.0,-12.0,3130.0,-2440.0,-11498.0,-7905.0,13937.0,3188.0,4111.0,-303.0,-1226.0,100.0,59.7,45.0,1.0,11.8,4.5,0.9,4.6,2.2,8.9,9.0,21.4,98.6,98.6,1.4,1.4,100.0,59.7,45.0,1.0,11.8,4.5,0.9,4.6,2.2,8.9,9.0,21.4,98.6,98.6,1.4,1.4,100.0,0.0,0.0,0.0,0.0,0.0,0.0,0.0,0.0,0.0,0.0,0.0,0.0,0.0,0.0,0.0,127,46.0,39.0,5.0,10.0,14.0,4.0,17.0,14.0,16,23.0,36,112,113,127,46.0,39.0,5.0,10.0,14.0,4.0,17.0,14.0,16,23.0,36,112,113,0,0,0,0,0,0,0,0,0,0,0,0,0,0,34.9,34.4,57.0,50.1,29.1,26.9,40.6,35.6,34.9,34.4,57.0,50.1,29.1,26.9,40.6,35.6,0.0,0.0,0.0,0.0,0.0,0.0,0.0,0.0,"(CONTRACTS OF 1,000 BARRELS)",N10,CRUDE OIL,PETROLEUM AND PRODUCTS,NATURAL RESOURCES,FutOnly
260324067411F,"CRUDE OIL, LIGHT SWEET-WTI - ICE FUTURES EUROPE",2026-03-24T00:00:00.000,2026 Report Week 12,"CRUDE OIL, LIGHT SWEET-WTI",67411,ICEU,NYC,67,CRUDE OIL,846034,502573,369429,10052,105973,37475,7849,37129,19706,70974,77976,185685,834314,833373,11720,12661,846034,502573,369429,10052,105973,37475,7849,37129,19706,70974,77976,185685,834314,833373,11720,12661,0,0,0,0,0,0,0,0,0,0,0,0,0,0,0,0,-3040.0,-4282.0,-12913.0,1648.0,6082.0,-1022.0,-18.0,-2025.0,1229.0,-4280.0,1178.0,4018.0,-2707.0,-3453.0,-333.0,413.0,100.0,59.4,43.7,1.2,12.5,4.4,0.9,4.4,2.3,8.4,9.2,21.9,98.6,98.5,1.4,1.5,100.0,59.4,43.7,1.2,12.5,4.4,0.9,4.4,2.3,8.4,9.2,21.9,98.6,98.5,1.4,1.5,100.0,0.0,0.0,0.0,0.0,0.0,0.0,0.0,0.0,0.0,0.0,0.0,0.0,0.0,0.0,0.0,122,44.0,39.0,7.0,9.0,15.0,4.0,15.0,16.0,11,27.0,31,108,110,122,44.0,39.0,7.0,9.0,15.0,4.0,15.0,16.0,11,27.0,31,108,110,0,0,0,0,0,0,0,0,0,0,0,0,0,0,33.7,35.8,55.9,51.6,28.6,27.8,41.1,35.1,33.7,35.8,55.9,51.6,28.6,27.8,41.1,35.1,0.0,0.0,0.0,0.0,0.0,0.0,0.0,0.0,"(CONTRACTS OF 1,000 BARRELS)",N10,CRUDE OIL,PETROLEUM AND PRODUCTS,NATURAL RESOURCES,FutOnly
260331067411F,"CRUDE OIL, LIGHT SWEET-WTI - ICE FUTURES EUROPE",2026-03-31T00:00:00.000,2026 Report Week 13,"CRUDE OIL, LIGHT SWEET-WTI",67411,ICEU,NYC,67,CRUDE OIL,855613,516968,365634,9888,112618,36264,7191,41005,21842,73570,84758,179895,845618,842016,9995,13597,855613,516968,365634,9888,112618,36264,7191,41005,21842,73570,84758,179895,845618,842016,9995,13597,0,0,0,0,0,0,0,0,0,0,0,0,0,0,0,0,9579.0,14395.0,-3795.0,-164.0,6645.0,-1211.0,-658.0,3876.0,2136.0,2596.0,6782.0,-5790.0,11304.0,8643.0,-1725.0,936.0,100.0,60.4,42.7,1.2,13.2,4.2,0.8,4.8,2.6,8.6,9.9,21.0,98.8,98.4,1.2,1.6,100.0,60.4,42.7,1.2,13.2,4.2,0.8,4.8,2.6,8.6,9.9,21.0,98.8,98.4,1.2,1.6,100.0,0.0,0.0,0.0,0.0,0.0,0.0,0.0,0.0,0.0,0.0,0.0,0.0,0.0,0.0,0.0,122,44.0,40.0,6.0,9.0,14.0,,16.0,15.0,12,26.0,33,109,110,122,44.0,40.0,6.0,9.0,14.0,,16.0,15.0,12,26.0,33,109,110,0,0,0,0,0,0,0,0,0,0,0,0,0,0,32.8,34.3,54.9,50.9,28.0,27.6,41.8,36.0,32.8,34.3,54.9,50.9,28.0,27.6,41.8,36.0,0.0,0.0,0.0,0.0,0.0,0.0,0.0,0.0,"(CONTRACTS OF 1,000 BARRELS)",N10,CRUDE OIL,PETROLEUM AND PRODUCTS,NATURAL RESOURCES,FutOnly
260407067411F,"CRUDE OIL, LIGHT SWEET-WTI - ICE FUTURES EUROPE",2026-04-07T00:00:00.000,2026 Report Week 14,"CRUDE OIL, LIGHT SWEET-WTI",67411,ICEU,NYC,67,CRUDE OIL,858838,509503,372302,11332,112009,35683,7883,43573,17696,81841,80048,184462,848400,845773,10438,13065,858838,509503,372302,11332,112009,35683,7883,43573,17696,81841,80048,184462,848400,845773,10438,13065,0,0,0,0,0,0,0,0,0,0,0,0,0,0,0,0,3225.0,-7465.0,6668.0,1444.0,-609.0,-581.0,692.0,2568.0,-4146.0,8271.0,-4710.0,4567.0,2782.0,3757.0,443.0,-532.0,100.0,59.3,43.3,1.3,13.0,4.2,0.9,5.1,2.1,9.5,9.3,21.5,98.8,98.5,1.2,1.5,100.0,59.3,43.3,1.3,13.0,4.2,0.9,5.1,2.1,9.5,9.3,21.5,98.8,98.5,1.2,1.5,100.0,0.0,0.0,0.0,0.0,0.0,0.0,0.0,0.0,0.0,0.0,0.0,0.0,0.0,0.0,0.0,123,40.0,37.0,5.0,10.0,14.0,,16.0,15.0,13,26.0,37,109,110,123,40.0,37.0,5.0,10.0,14.0,,16.0,15.0,13,26.0,37,109,110,0,0,0,0,0,0,0,0,0,0,0,0,0,0,33.8,34.1,55.4,50.4,28.3,27.5,42.1,35.9,33.8,34.1,55.4,50.4,28.3,27.5,42.1,35.9,0.0,0.0,0.0,0.0,0.0,0.0,0.0,0.0,"(CONTRACTS OF 1,000 BARRELS)",N10,CRUDE OIL,PETROLEUM AND PRODUCTS,NATURAL RESOURCES,FutOnly
260414067411F,"CRUDE OIL, LIGHT SWEET-WTI - ICE FUTURES EUROPE",2026-04-14T00:00:00.000,2026 Report Week 15,"CRUDE OIL, LIGHT SWEET-WTI",67411,ICEU,NYC,67,CRUDE OIL,872032,492592,366917,9137,105741,43498,8233,53467,21088,86891,70672,197204,858643,858587,13389,13445,872032,492592,366917,9137,105741,43498,8233,53467,21088,86891,70672,197204,858643,858587,13389,13445,0,0,0,0,0,0,0,0,0,0,0,0,0,0,0,0,13194.0,-16911.0,-5385.0,-2195.0,-6268.0,7815.0,350.0,9894.0,3392.0,5050.0,-9376.0,12742.0,10243.0,12814.0,2951.0,380.0,100.0,56.5,42.1,1.0,12.1,5.0,0.9,6.1,2.4,10.0,8.1,22.6,98.5,98.5,1.5,1.5,100.0,56.5,42.1,1.0,12.1,5.0,0.9,6.1,2.4,10.0,8.1,22.6,98.5,98.5,1.5,1.5,100.0,0.0,0.0,0.0,0.0,0.0,0.0,0.0,0.0,0.0,0.0,0.0,0.0,0.0,0.0,0.0,122,39.0,37.0,4.0,11.0,14.0,4.0,16.0,16.0,16,23.0,39,110,112,122,39.0,37.0,4.0,11.0,14.0,4.0,16.0,16.0,16,23.0,39,110,112,0,0,0,0,0,0,0,0,0,0,0,0,0,0,34.1,32.4,56.1,49.2,28.0,25.2,42.7,32.8,34.1,32.4,56.1,49.2,28.0,25.2,42.7,32.8,0.0,0.0,0.0,0.0,0.0,0.0,0.0,0.0,"(CONTRACTS OF 1,000 BARRELS)",N10,CRUDE OIL,PETROLEUM AND PRODUCTS,NATURAL RESOURCES,FutOnly
260421067411F,"CRUDE OIL, LIGHT SWEET-WTI - ICE FUTURES EUROPE",2026-04-21T00:00:00.000,2026 Report Week 16,"CRUDE OIL, LIGHT SWEET-WTI",67411,ICEU,NYC,67,CRUDE OIL,842828,490623,362691,9527,94635,40914,8184,49155,18912,84559,84563,179580,832299,830450,10529,12378,842828,490623,362691,9527,94635,40914,8184,49155,18912,84559,84563,179580,832299,830450,10529,12378,0,0,0,0,0,0,0,0,0,0,0,0,0,0,0,0,-29204.0,-1969.0,-4226.0,390.0,-11106.0,-2584.0,-49.0,-4312.0,-2176.0,-2332.0,13891.0,-17624.0,-26344.0,-28137.0,-2860.0,-1067.0,100.0,58.2,43.0,1.1,11.2,4.9,1.0,5.8,2.2,10.0,10.0,21.3,98.8,98.5,1.2,1.5,100.0,58.2,43.0,1.1,11.2,4.9,1.0,5.8,2.2,10.0,10.0,21.3,98.8,98.5,1.2,1.5,100.0,0.0,0.0,0.0,0.0,0.0,0.0,0.0,0.0,0.0,0.0,0.0,0.0,0.0,0.0,0.0,128,41.0,38.0,5.0,9.0,13.0,,18.0,15.0,14,27.0,36,108,114,128,41.0,38.0,5.0,9.0,13.0,,18.0,15.0,14,27.0,36,108,114,0,0,0,0,0,0,0,0,0,0,0,0,0,0,35.0,33.5,57.3,50.5,28.4,26.0,43.6,34.7,35.0,33.5,57.3,50.5,28.4,26.0,43.6,34.7,0.0,0.0,0.0,0.0,0.0,0.0,0.0,0.0,"(CONTRACTS OF 1,000 BARRELS)",N10,CRUDE OIL,PETROLEUM AND PRODUCTS,NATURAL RESOURCES,FutOnly
260428067411F,"CRUDE OIL, LIGHT SWEET-WTI - ICE FUTURES EUROPE",2026-04-28T00:00:00.000,2026 Report Week 17,"CRUDE OIL, LIGHT SWEET-WTI",67411,ICEU,NYC,67,CRUDE OIL,855542,496393,368644,8653,96191,46989,10674,48507,19358,84112,86011,177332,843511,843032,12031,12510,855542,496393,368644,8653,96191,46989,10674,48507,19358,84112,86011,177332,843511,843032,12031,12510,0,0,0,0,0,0,0,0,0,0,0,0,0,0,0,0,12714.0,5770.0,5953.0,-874.0,1556.0,6075.0,2490.0,-648.0,446.0,-447.0,1448.0,-2248.0,11212.0,12582.0,1502.0,132.0,100.0,58.0,43.1,1.0,11.2,5.5,1.2,5.7,2.3,9.8,10.1,20.7,98.6,98.5,1.4,1.5,100.0,58.0,43.1,1.0,11.2,5.5,1.2,5.7,2.3,9.8,10.1,20.7,98.6,98.5,1.4,1.5,100.0,0.0,0.0,0.0,0.0,0.0,0.0,0.0,0.0,0.0,0.0,0.0,0.0,0.0,0.0,0.0,124,41.0,37.0,4.0,10.0,13.0,4.0,16.0,13.0,15,25.0,38,108,110,124,41.0,37.0,4.0,10.0,13.0,4.0,16.0,13.0,15,25.0,38,108,110,0,0,0,0,0,0,0,0,0,0,0,0,0,0,35.6,32.7,58.3,49.0,28.8,24.8,43.8,34.1,35.6,32.7,58.3,49.0,28.8,24.8,43.8,34.1,0.0,0.0,0.0,0.0,0.0,0.0,0.0,0.0,"(CONTRACTS OF 1,000 BARRELS)",N10,CRUDE OIL,PETROLEUM AND PRODUCTS,NATURAL RESOURCES,FutOnly
260505067411F,"CRUDE OIL, LIGHT SWEET-WTI - ICE FUTURES EUROPE",2026-05-05T00:00:00.000,2026 Report Week 18,"CRUDE OIL, LIGHT SWEET-WTI",67411,ICEU,NYC,67,CRUDE OIL,866504,495854,369824,8526,101242,47378,9415,46736,21918,91592,88332,178884,853567,854314,12937,12190,866504,495854,369824,8526,101242,47378,9415,46736,21918,91592,88332,178884,853567,854314,12937,12190,0,0,0,0,0,0,0,0,0,0,0,0,0,0,0,0,10962.0,-539.0,1180.0,-127.0,5051.0,389.0,-1259.0,-1771.0,2560.0,7480.0,2321.0,1552.0,10056.0,11282.0,906.0,-320.0,100.0,57.2,42.7,1.0,11.7,5.5,1.1,5.4,2.5,10.6,10.2,20.6,98.5,98.6,1.5,1.4,100.0,57.2,42.7,1.0,11.7,5.5,1.1,5.4,2.5,10.6,10.2,20.6,98.5,98.6,1.5,1.4,100.0,0.0,0.0,0.0,0.0,0.0,0.0,0.0,0.0,0.0,0.0,0.0,0.0,0.0,0.0,0.0,123,42.0,39.0,4.0,10.0,13.0,,18.0,14.0,13,24.0,36,108,110,123,42.0,39.0,4.0,10.0,13.0,,18.0,14.0,13,24.0,36,108,110,0,0,0,0,0,0,0,0,0,0,0,0,0,0,35.1,32.5,57.1,48.5,28.3,24.7,43.1,33.3,35.1,32.5,57.1,48.5,28.3,24.7,43.1,33.3,0.0,0.0,0.0,0.0,0.0,0.0,0.0,0.0,"(CONTRACTS OF 1,000 BARRELS)",N10,CRUDE OIL,PETROLEUM AND PRODUCTS,NATURAL RESOURCES,FutOnly
260512067411F,"CRUDE OIL, LIGHT SWEET-WTI - ICE FUTURES EUROPE",2026-05-12T00:00:00.000,2026 Report Week 19,"CRUDE OIL, LIGHT SWEET-WTI",67411,ICEU,NYC,67,CRUDE OIL,875230,501267,367125,8603,102650,44439,4410,48201,21799,85133,82841,193864,859515,860919,15715,14311,875230,501267,367125,8603,102650,44439,4410,48201,21799,85133,82841,193864,859515,860919,15715,14311,0,0,0,0,0,0,0,0,0,0,0,0,0,0,0,0,8726.0,5413.0,-2699.0,77.0,1408.0,-2939.0,-5005.0,1465.0,-119.0,-6459.0,-5491.0,14980.0,5948.0,6605.0,2778.0,2121.0,100.0,57.3,41.9,1.0,11.7,5.1,0.5,5.5,2.5,9.7,9.5,22.1,98.2,98.4,1.8,1.6,100.0,57.3,41.9,1.0,11.7,5.1,0.5,5.5,2.5,9.7,9.5,22.1,98.2,98.4,1.8,1.6,100.0,0.0,0.0,0.0,0.0,0.0,0.0,0.0,0.0,0.0,0.0,0.0,0.0,0.0,0.0,0.0,119,41.0,37.0,4.0,10.0,13.0,,16.0,12.0,14,23.0,38,106,107,119,41.0,37.0,4.0,10.0,13.0,,16.0,12.0,14,23.0,38,106,107,0,0,0,0,0,0,0,0,0,0,0,0,0,0,35.3,32.7,57.2,48.1,28.8,23.7,42.9,32.0,35.3,32.7,57.2,48.1,28.8,23.7,42.9,32.0,0.0,0.0,0.0,0.0,0.0,0.0,0.0,0.0,"(CONTRACTS OF 1,000 BARRELS)",N10,CRUDE OIL,PETROLEUM AND PRODUCTS,NATURAL RESOURCES,FutOnly
260519067411F,"CRUDE OIL, LIGHT SWEET-WTI - ICE FUTURES EUROPE",2026-05-19T00:00:00.000,2026 Report Week 20,"CRUDE OIL, LIGHT SWEET-WTI",67411,ICEU,NYC,67,CRUDE OIL,836880,469521,357982,6384,90873,48797,4519,39396,23544,83388,76767,185372,821525,822731,15355,14149,836880,469521,357982,6384,90873,48797,4519,39396,23544,83388,76767,185372,821525,822731,15355,14149,0,0,0,0,0,0,0,0,0,0,0,0,0,0,0,0,-38350.0,-31746.0,-9143.0,-2219.0,-11777.0,4358.0,109.0,-8805.0,1745.0,-1745.0,-6074.0,-8492.0,-37990.0,-38188.0,-360.0,-162.0,100.0,56.1,42.8,0.8,10.9,5.8,0.5,4.7,2.8,10.0,9.2,22.2,98.2,98.3,1.8,1.7,100.0,56.1,42.8,0.8,10.9,5.8,0.5,4.7,2.8,10.0,9.2,22.2,98.2,98.3,1.8,1.7,100.0,0.0,0.0,0.0,0.0,0.0,0.0,0.0,0.0,0.0,0.0,0.0,0.0,0.0,0.0,0.0,117,41.0,35.0,,11.0,12.0,,15.0,12.0,11,25.0,35,102,104,117,41.0,35.0,,11.0,12.0,,15.0,12.0,11,25.0,35,102,104,0,0,0,0,0,0,0,0,0,0,0,0,0,0,37.3,33.7,58.5,49.1,30.1,23.3,43.3,32.1,37.3,33.7,58.5,49.1,30.1,23.3,43.3,32.1,0.0,0.0,0.0,0.0,0.0,0.0,0.0,0.0,"(CONTRACTS OF 1,000 BARRELS)",N10,CRUDE OIL,PETROLEUM AND PRODUCTS,NATURAL RESOURCES,FutOnly
260526067411F,"CRUDE OIL, LIGHT SWEET-WTI - ICE FUTURES EUROPE",2026-05-26T00:00:00.000,2026 Report Week 21,"CRUDE OIL, LIGHT SWEET-WTI",67411,ICEU,NYC,67,CRUDE OIL,830992,459242,352238,6610,89652,50705,5081,35939,24786,81066,77440,187964,815454,818724,15538,12268,830992,459242,352238,6610,89652,50705,5081,35939,24786,81066,77440,187964,815454,818724,15538,12268,0,0,0,0,0,0,0,0,0,0,0,0,0,0,0,0,-5888.0,-10279.0,-5744.0,226.0,-1221.0,1908.0,562.0,-3457.0,1242.0,-2322.0,673.0,2592.0,-6071.0,-4007.0,183.0,-1881.0,100.0,55.3,42.4,0.8,10.8,6.1,0.6,4.3,3.0,9.8,9.3,22.6,98.1,98.5,1.9,1.5,100.0,55.3,42.4,0.8,10.8,6.1,0.6,4.3,3.0,9.8,9.3,22.6,98.1,98.5,1.9,1.5,100.0,0.0,0.0,0.0,0.0,0.0,0.0,0.0,0.0,0.0,0.0,0.0,0.0,0.0,0.0,0.0,115,38.0,34.0,,11.0,12.0,4.0,14.0,12.0,11,24.0,34,99,100,115,38.0,34.0,,11.0,12.0,4.0,14.0,12.0,11,24.0,34,99,100,0,0,0,0,0,0,0,0,0,0,0,0,0,0,36.3,34.6,57.4,49.6,29.8,23.7,42.0,31.7,36.3,34.6,57.4,49.6,29.8,23.7,42.0,31.7,0.0,0.0,0.0,0.0,0.0,0.0,0.0,0.0,"(CONTRACTS OF 1,000 BARRELS)",N10,CRUDE OIL,PETROLEUM AND PRODUCTS,NATURAL RESOURCES,FutOnly
260602067411F,"CRUDE OIL, LIGHT SWEET-WTI - ICE FUTURES EUROPE",2026-06-02T00:00:00.000,2026 Report Week 22,"CRUDE OIL, LIGHT SWEET-WTI",67411,ICEU,NYC,67,CRUDE OIL,816733,447131,346539,6950,100545,46433,6038,32732,25328,86421,67578,182660,800961,801815,15772,14918,816733,447131,346539,6950,100545,46433,6038,32732,25328,86421,67578,182660,800961,801815,15772,14918,0,0,0,0,0,0,0,0,0,0,0,0,0,0,0,0,-14259.0,-12111.0,-5699.0,340.0,10893.0,-4272.0,957.0,-3207.0,542.0,5355.0,-9862.0,-5304.0,-14493.0,-16909.0,234.0,2650.0,100.0,54.7,42.4,0.9,12.3,5.7,0.7,4.0,3.1,10.6,8.3,22.4,98.1,98.2,1.9,1.8,100.0,54.7,42.4,0.9,12.3,5.7,0.7,4.0,3.1,10.6,8.3,22.4,98.1,98.2,1.9,1.8,100.0,0.0,0.0,0.0,0.0,0.0,0.0,0.0,0.0,0.0,0.0,0.0,0.0,0.0,0.0,0.0,115,42.0,36.0,,11.0,12.0,4.0,13.0,9.0,11,23.0,33,100,98,115,42.0,36.0,,11.0,12.0,4.0,13.0,9.0,11,23.0,33,100,98,0,0,0,0,0,0,0,0,0,0,0,0,0,0,36.2,34.6,57.8,49.3,30.3,23.7,42.6,31.7,36.2,34.6,57.8,49.3,30.3,23.7,42.6,31.7,0.0,0.0,0.0,0.0,0.0,0.0,0.0,0.0,"(CONTRACTS OF 1,000 BARRELS)",N10,CRUDE OIL,PETROLEUM AND PRODUCTS,NATURAL RESOURCES,FutOnly
260609067411F,"CRUDE OIL, LIGHT SWEET-WTI - ICE FUTURES EUROPE",2026-06-09T00:00:00.000,2026 Report Week 23,"CRUDE OIL, LIGHT SWEET-WTI",67411,ICEU,NYC,67,CRUDE OIL,818492,442262,353299,7092,100701,47344,5871,33439,25629,94081,63134,179547,801826,803093,16666,15399,818492,442262,353299,7092,100701,47344,5871,33439,25629,94081,63134,179547,801826,803093,16666,15399,0,0,0,0,0,0,0,0,0,0,0,0,0,0,0,0,1759.0,-4869.0,6760.0,142.0,156.0,911.0,-167.0,707.0,301.0,7660.0,-4444.0,-3113.0,865.0,1278.0,894.0,481.0,100.0,54.0,43.2,0.9,12.3,5.8,0.7,4.1,3.1,11.5,7.7,21.9,98.0,98.1,2.0,1.9,100.0,54.0,43.2,0.9,12.3,5.8,0.7,4.1,3.1,11.5,7.7,21.9,98.0,98.1,2.0,1.9,100.0,0.0,0.0,0.0,0.0,0.0,0.0,0.0,0.0,0.0,0.0,0.0,0.0,0.0,0.0,0.0,118,41.0,37.0,,12.0,12.0,4.0,14.0,10.0,11,24.0,33,101,102,118,41.0,37.0,,12.0,12.0,4.0,14.0,10.0,11,24.0,33,101,102,0,0,0,0,0,0,0,0,0,0,0,0,0,0,35.4,34.3,57.0,48.6,29.4,24.2,42.2,31.7,35.4,34.3,57.0,48.6,29.4,24.2,42.2,31.7,0.0,0.0,0.0,0.0,0.0,0.0,0.0,0.0,"(CONTRACTS OF 1,000 BARRELS)",N10,CRUDE OIL,PETROLEUM AND PRODUCTS,NATURAL RESOURCES,FutOnly
260616067411F,"CRUDE OIL, LIGHT SWEET-WTI - ICE FUTURES EUROPE",2026-06-16T00:00:00.000,2026 Report Week 24,"CRUDE OIL, LIGHT SWEET-WTI",67411,ICEU,NYC,67,CRUDE OIL,822990,440635,369612,5746,102871,46590,3458,27124,26780,98157,52560,183572,804938,809109,18052,13881,822990,440635,369612,5746,102871,46590,3458,27124,26780,98157,52560,183572,804938,809109,18052,13881,0,0,0,0,0,0,0,0,0,0,0,0,0,0,0,0,4498.0,-1627.0,16313.0,-1346.0,2170.0,-754.0,-2413.0,-6315.0,1151.0,4076.0,-10574.0,4025.0,3112.0,6016.0,1386.0,-1518.0,100.0,53.5,44.9,0.7,12.5,5.7,0.4,3.3,3.3,11.9,6.4,22.3,97.8,98.3,2.2,1.7,100.0,53.5,44.9,0.7,12.5,5.7,0.4,3.3,3.3,11.9,6.4,22.3,97.8,98.3,2.2,1.7,100.0,0.0,0.0,0.0,0.0,0.0,0.0,0.0,0.0,0.0,0.0,0.0,0.0,0.0,0.0,0.0,119,39.0,39.0,4.0,11.0,13.0,5.0,15.0,13.0,13,22.0,34,104,106,119,39.0,39.0,4.0,11.0,13.0,5.0,15.0,13.0,13,22.0,34,104,106,0,0,0,0,0,0,0,0,0,0,0,0,0,0,35.9,34.8,57.1,48.4,30.4,24.7,42.1,32.0,35.9,34.8,57.1,48.4,30.4,24.7,42.1,32.0,0.0,0.0,0.0,0.0,0.0,0.0,0.0,0.0,"(CONTRACTS OF 1,000 BARRELS)",N10,CRUDE OIL,PETROLEUM AND PRODUCTS,NATURAL RESOURCES,FutOnly
260623067411F,"CRUDE OIL, LIGHT SWEET-WTI - ICE FUTURES EUROPE",2026-06-23T00:00:00.000,2026 Report Week 25,"CRUDE OIL, LIGHT SWEET-WTI",67411,ICEU,NYC,67,CRUDE OIL,803067,428139,361620,6955,89721,46758,3786,22173,29147,86470,50659,186632,787887,786710,15180,16357,803067,428139,361620,6955,89721,46758,3786,22173,29147,86470,50659,186632,787887,786710,15180,16357,0,0,0,0,0,0,0,0,0,0,0,0,0,0,0,0,-19923.0,-12496.0,-7992.0,1209.0,-13150.0,168.0,328.0,-4951.0,2367.0,-11687.0,-1901.0,3060.0,-17051.0,-22399.0,-2872.0,2476.0,100.0,53.3,45.0,0.9,11.2,5.8,0.5,2.8,3.6,10.8,6.3,23.2,98.1,98.0,1.9,2.0,100.0,53.3,45.0,0.9,11.2,5.8,0.5,2.8,3.6,10.8,6.3,23.2,98.1,98.0,1.9,2.0,100.0,0.0,0.0,0.0,0.0,0.0,0.0,0.0,0.0,0.0,0.0,0.0,0.0,0.0,0.0,0.0,116,39.0,34.0,,11.0,12.0,5.0,14.0,14.0,12,25.0,35,102,103,116,39.0,34.0,,11.0,12.0,5.0,14.0,14.0,12,25.0,35,102,103,0,0,0,0,0,0,0,0,0,0,0,0,0,0,35.5,35.2,57.3,48.5,30.5,24.9,42.8,33.1,35.5,35.2,57.3,48.5,30.5,24.9,42.8,33.1,0.0,0.0,0.0,0.0,0.0,0.0,0.0,0.0,"(CONTRACTS OF 1,000 BARRELS)",N10,CRUDE OIL,PETROLEUM AND PRODUCTS,NATURAL RESOURCES,FutOnly
260630067411F,"CRUDE OIL, LIGHT SWEET-WTI - ICE FUTURES EUROPE",2026-06-30T00:00:00.000,2026 Report Week 26,"CRUDE OIL, LIGHT SWEET-WTI",67411,ICEU,NYC,67,CRUDE OIL,806905,439734,366637,9930,87683,51732,3826,18483,31012,78662,57200,178642,793538,791389,13367,15516,806905,439734,366637,9930,87683,51732,3826,18483,31012,78662,57200,178642,793538,791389,13367,15516,0,0,0,0,0,0,0,0,0,0,0,0,0,0,0,0,3838.0,11595.0,5017.0,2975.0,-2038.0,4974.0,40.0,-3690.0,1865.0,-7808.0,6541.0,-7990.0,5651.0,4679.0,-1813.0,-841.0,100.0,54.5,45.4,1.2,10.9,6.4,0.5,2.3,3.8,9.7,7.1,22.1,98.3,98.1,1.7,1.9,100.0,54.5,45.4,1.2,10.9,6.4,0.5,2.3,3.8,9.7,7.1,22.1,98.3,98.1,1.7,1.9,100.0,0.0,0.0,0.0,0.0,0.0,0.0,0.0,0.0,0.0,0.0,0.0,0.0,0.0,0.0,0.0,119,44.0,39.0,4.0,10.0,13.0,5.0,12.0,14.0,12,24.0,33,105,106,119,44.0,39.0,4.0,10.0,13.0,5.0,12.0,14.0,12,24.0,33,105,106,0,0,0,0,0,0,0,0,0,0,0,0,0,0,34.2,35.3,55.9,48.2,30.1,24.3,42.4,32.0,34.2,35.3,55.9,48.2,30.1,24.3,42.4,32.0,0.0,0.0,0.0,0.0,0.0,0.0,0.0,0.0,"(CONTRACTS OF 1,000 BARRELS)",N10,CRUDE OIL,PETROLEUM AND PRODUCTS,NATURAL RESOURCES,FutOnly
260707067411F,"CRUDE OIL, LIGHT SWEET-WTI - ICE FUTURES EUROPE",2026-07-07T00:00:00.000,2026 Report Week 27,"CRUDE OIL, LIGHT SWEET-WTI",67411,ICEU,NYC,67,CRUDE OIL,801410,440335,370054,10023,88628,56885,5080,20497,29185,75646,51026,170596,787750,786871,13660,14539,801410,440335,370054,10023,88628,56885,5080,20497,29185,75646,51026,170596,787750,786871,13660,14539,0,0,0,0,0,0,0,0,0,0,0,0,0,0,0,0,-5495.0,601.0,3417.0,93.0,945.0,5153.0,1254.0,2014.0,-1827.0,-3016.0,-6174.0,-8046.0,-5788.0,-4518.0,293.0,-977.0,100.0,54.9,46.2,1.3,11.1,7.1,0.6,2.6,3.6,9.4,6.4,21.3,98.3,98.2,1.7,1.8,100.0,54.9,46.2,1.3,11.1,7.1,0.6,2.6,3.6,9.4,6.4,21.3,98.3,98.2,1.7,1.8,100.0,0.0,0.0,0.0,0.0,0.0,0.0,0.0,0.0,0.0,0.0,0.0,0.0,0.0,0.0,0.0,116,42.0,37.0,4.0,10.0,13.0,5.0,12.0,13.0,11,23.0,33,103,102,116,42.0,37.0,4.0,10.0,13.0,5.0,12.0,13.0,11,23.0,33,103,102,0,0,0,0,0,0,0,0,0,0,0,0,0,0,34.7,35.1,55.9,47.9,30.5,24.0,42.0,31.5,34.7,35.1,55.9,47.9,30.5,24.0,42.0,31.5,0.0,0.0,0.0,0.0,0.0,0.0,0.0,0.0,"(CONTRACTS OF 1,000 BARRELS)",N10,CRUDE OIL,PETROLEUM AND PRODUCTS,NATURAL RESOURCES,FutOnly
260714067411F,"CRUDE OIL, LIGHT SWEET-WTI - ICE FUTURES EUROPE",2026-07-14T00:00:00.000,2026 Report Week 28,"CRUDE OIL, LIGHT SWEET-WTI",67411,ICEU,NYC,67,CRUDE OIL,791680,418271,358264,8822,87531,54807,4808,29028,34239,87363,46289,166782,775092,776940,16588,14740,791680,418271,358264,8822,87531,54807,4808,29028,34239,87363,46289,166782,775092,776940,16588,14740,0,0,0,0,0,0,0,0,0,0,0,0,0,0,0,0,-9730.0,-22064.0,-11790.0,-1201.0,-1097.0,-2078.0,-272.0,8531.0,5054.0,11717.0,-4737.0,-3814.0,-12658.0,-9931.0,2928.0,201.0,100.0,52.8,45.3,1.1,11.1,6.9,0.6,3.7,4.3,11.0,5.8,21.1,97.9,98.1,2.1,1.9,100.0,52.8,45.3,1.1,11.1,6.9,0.6,3.7,4.3,11.0,5.8,21.1,97.9,98.1,2.1,1.9,100.0,0.0,0.0,0.0,0.0,0.0,0.0,0.0,0.0,0.0,0.0,0.0,0.0,0.0,0.0,0.0,116,41.0,36.0,4.0,10.0,12.0,6.0,13.0,13.0,13,22.0,35,102,105,116,41.0,36.0,4.0,10.0,12.0,6.0,13.0,13.0,13,22.0,35,102,105,0,0,0,0,0,0,0,0,0,0,0,0,0,0,35.9,34.4,55.7,47.3,30.7,25.0,42.7,32.6,35.9,34.4,55.7,47.3,30.7,25.0,42.7,32.6,0.0,0.0,0.0,0.0,0.0,0.0,0.0,0.0,"(CONTRACTS OF 1,000 BARRELS)",N10,CRUDE OIL,PETROLEUM AND PRODUCTS,NATURAL RESOURCES,FutOnly
260721067411F,"CRUDE OIL, LIGHT SWEET-WTI - ICE FUTURES EUROPE",2026-07-21T00:00:00.000,2026 Report Week 29,"CRUDE OIL, LIGHT SWEET-WTI",67411,ICEU,NYC,67,CRUDE OIL,770415,403188,344300,7566,82310,53159,9126,26334,28649,81775,52053,170171,753634,756976,16781,13439,770415,403188,344300,7566,82310,53159,9126,26334,28649,81775,52053,170171,753634,756976,16781,13439,0,0,0,0,0,0,0,0,0,0,0,0,0,0,0,0,-21265.0,-15083.0,-13964.0,-1256.0,-5221.0,-1648.0,4318.0,-2694.0,-5590.0,-5588.0,5764.0,3389.0,-21458.0,-19964.0,193.0,-1301.0,100.0,52.3,44.7,1.0,10.7,6.9,1.2,3.4,3.7,10.6,6.8,22.1,97.8,98.3,2.2,1.7,100.0,52.3,44.7,1.0,10.7,6.9,1.2,3.4,3.7,10.6,6.8,22.1,97.8,98.3,2.2,1.7,100.0,0.0,0.0,0.0,0.0,0.0,0.0,0.0,0.0,0.0,0.0,0.0,0.0,0.0,0.0,0.0,115,40.0,36.0,,11.0,12.0,5.0,14.0,14.0,13,22.0,34,101,106,115,40.0,36.0,,11.0,12.0,5.0,14.0,14.0,13,22.0,34,101,106,0,0,0,0,0,0,0,0,0,0,0,0,0,0,36.7,33.6,55.6,45.8,29.8,22.6,41.7,31.0,36.7,33.6,55.6,45.8,29.8,22.6,41.7,31.0,0.0,0.0,0.0,0.0,0.0,0.0,0.0,0.0,"(CONTRACTS OF 1,000 BARRELS)",N10,CRUDE OIL,PETROLEUM AND PRODUCTS,NATURAL RESOURCES,FutOnly
260728067411F,"CRUDE OIL, LIGHT SWEET-WTI - ICE FUTURES EUROPE",2026-07-28T00:00:00.000,2026 Report Week 30,"CRUDE OIL, LIGHT SWEET-WTI",67411,ICEU,NYC,67,CRUDE OIL,781193,404261,340237,7883,80404,58644,11360,21319,28599,75825,61893,176606,763178,767702,18015,13491,781193,404261,340237,7883,80404,58644,11360,21319,28599,75825,61893,176606,763178,767702,18015,13491,0,0,0,0,0,0,0,0,0,0,0,0,0,0,0,0,10778.0,1073.0,-4063.0,317.0,-1906.0,5485.0,2234.0,-5015.0,-50.0,-5950.0,9840.0,6435.0,9544.0,10726.0,1234.0,52.0,100.0,51.7,43.6,1.0,10.3,7.5,1.5,2.7,3.7,9.7,7.9,22.6,97.7,98.3,2.3,1.7,100.0,51.7,43.6,1.0,10.3,7.5,1.5,2.7,3.7,9.7,7.9,22.6,97.7,98.3,2.3,1.7,100.0,0.0,0.0,0.0,0.0,0.0,0.0,0.0,0.0,0.0,0.0,0.0,0.0,0.0,0.0,0.0,114,39.0,35.0,,11.0,13.0,5.0,11.0,12.0,11,26.0,34,100,102,114,39.0,35.0,,11.0,13.0,5.0,11.0,12.0,11,26.0,34,100,102,0,0,0,0,0,0,0,0,0,0,0,0,0,0,37.3,34.5,55.5,46.9,30.1,21.5,40.7,30.7,37.3,34.5,55.5,46.9,30.1,21.5,40.7,30.7,0.0,0.0,0.0,0.0,0.0,0.0,0.0,0.0,"(CONTRACTS OF 1,000 BARRELS)",N10,CRUDE OIL,PETROLEUM AND PRODUCTS,NATURAL RESOURCES,FutOnly
260804067411F,"CRUDE OIL, LIGHT SWEET-WTI - ICE FUTURES EUROPE",2026-08-04T00:00:00.000,2026 Report Week 31,"CRUDE OIL, LIGHT SWEET-WTI",67411,ICEU,NYC,67,CRUDE OIL,782189,406351,336820,7825,83111,61528,15256,22346,29168,65610,56036,179284,765022,768293,17167,13896,782189,406351,336820,7825,83111,61528,15256,22346,29168,65610,56036,179284,765022,768293,17167,13896,0,0,0,0,0,0,0,0,0,0,0,0,0,0,0,0,996.0,2090.0,-3417.0,-58.0,2707.0,2884.0,3896.0,1027.0,569.0,-10215.0,-5857.0,2678.0,1844.0,591.0,-848.0,405.0,100.0,52.0,43.1,1.0,10.6,7.9,2.0,2.9,3.7,8.4,7.2,22.9,97.8,98.2,2.2,1.8,100.0,52.0,43.1,1.0,10.6,7.9,2.0,2.9,3.7,8.4,7.2,22.9,97.8,98.2,2.2,1.8,100.0,0.0,0.0,0.0,0.0,0.0,0.0,0.0,0.0,0.0,0.0,0.0,0.0,0.0,0.0,0.0,113,39.0,35.0,,12.0,13.0,5.0,12.0,13.0,13,23.0,33,99,103,113,39.0,35.0,,12.0,13.0,5.0,12.0,13.0,13,23.0,33,99,103,0,0,0,0,0,0,0,0,0,0,0,0,0,0,36.6,34.5,55.0,46.8,29.1,21.5,39.6,30.3,36.6,34.5,55.0,46.8,29.1,21.5,39.6,30.3,0.0,0.0,0.0,0.0,0.0,0.0,0.0,0.0,"(CONTRACTS OF 1,000 BARRELS)",N10,CRUDE OIL,PETROLEUM AND PRODUCTS,NATURAL RESOURCES,FutOnly
260811067411F,"CRUDE OIL, LIGHT SWEET-WTI - ICE FUTURES EUROPE",2026-08-11T00:00:00.000,2026 Report Week 32,"CRUDE OIL, LIGHT SWEET-WTI",67411,ICEU,NYC,67,CRUDE OIL,797158,423784,341853,7859,85527,59027,15527,23963,29032,60595,58492,183630,779454,781524,17704,15634,797158,423784,341853,7859,85527,59027,15527,23963,29032,60595,58492,183630,779454,781524,17704,15634,0,0,0,0,0,0,0,0,0,0,0,0,0,0,0,0,14969.0,17433.0,5033.0,34.0,2416.0,-2501.0,271.0,1617.0,-136.0,-5015.0,2456.0,4346.0,14432.0,13231.0,537.0,1738.0,100.0,53.2,42.9,1.0,10.7,7.4,1.9,3.0,3.6,7.6,7.3,23.0,97.8,98.0,2.2,2.0,100.0,53.2,42.9,1.0,10.7,7.4,1.9,3.0,3.6,7.6,7.3,23.0,97.8,98.0,2.2,2.0,100.0,0.0,0.0,0.0,0.0,0.0,0.0,0.0,0.0,0.0,0.0,0.0,0.0,0.0,0.0,0.0,114,37.0,32.0,4.0,11.0,13.0,6.0,13.0,14.0,12,23.0,32,97,102,114,37.0,32.0,4.0,11.0,13.0,6.0,13.0,14.0,12,23.0,32,97,102,0,0,0,0,0,0,0,0,0,0,0,0,0,0,36.8,34.1,55.6,46.1,29.4,21.4,40.2,29.4,36.8,34.1,55.6,46.1,29.4,21.4,40.2,29.4,0.0,0.0,0.0,0.0,0.0,0.0,0.0,0.0,"(CONTRACTS OF 1,000 BARRELS)",N10,CRUDE OIL,PETROLEUM AND PRODUCTS,NATURAL RESOURCES,FutOnly
260818067411F,"CRUDE OIL, LIGHT SWEET-WTI - ICE FUTURES EUROPE",2026-08-18T00:00:00.000,2026 Report Week 33,"CRUDE OIL, LIGHT SWEET-WTI",67411,ICEU,NYC,67,CRUDE OIL,815351,441861,346393,7199,87980,59819,12816,23512,33800,59414,66169,185312,800221,802985,15130,12366,815351,441861,346393,7199,87980,59819,12816,23512,33800,59414,66169,185312,800221,802985,15130,12366,0,0,0,0,0,0,0,0,0,0,0,0,0,0,0,0,18193.0,18077.0,4540.0,-660.0,2453.0,792.0,-2711.0,-451.0,4768.0,-1181.0,7677.0,1682.0,20767.0,21461.0,-2574.0,-3268.0,100.0,54.2,42.5,0.9,10.8,7.3,1.6,2.9,4.1,7.3,8.1,22.7,98.1,98.5,1.9,1.5,100.0,54.2,42.5,0.9,10.8,7.3,1.6,2.9,4.1,7.3,8.1,22.7,98.1,98.5,1.9,1.5,100.0,0.0,0.0,0.0,0.0,0.0,0.0,0.0,0.0,0.0,0.0,0.0,0.0,0.0,0.0,0.0,117,39.0,35.0,4.0,12.0,14.0,5.0,12.0,13.0,13,24.0,35,104,104,117,39.0,35.0,4.0,12.0,14.0,5.0,12.0,13.0,13,24.0,35,104,104,0,0,0,0,0,0,0,0,0,0,0,0,0,0,36.0,33.3,54.3,45.9,28.8,20.6,39.1,27.9,36.0,33.3,54.3,45.9,28.8,20.6,39.1,27.9,0.0,0.0,0.0,0.0,0.0,0.0,0.0,0.0,"(CONTRACTS OF 1,000 BARRELS)",N10,CRUDE OIL,PETROLEUM AND PRODUCTS,NATURAL RESOURCES,FutOnly
260825067411F,"CRUDE OIL, LIGHT SWEET-WTI - ICE FUTURES EUROPE",2026-08-25T00:00:00.000,2026 Report Week 34,"CRUDE OIL, LIGHT SWEET-WTI",67411,ICEU,NYC,67,CRUDE OIL,778174,413872,325090,8003,84445,57716,14224,24583,30301,55913,60696,183388,763417,766219,14757,11955,778174,413872,325090,8003,84445,57716,14224,24583,30301,55913,60696,183388,763417,766219,14757,11955,0,0,0,0,0,0,0,0,0,0,0,0,0,0,0,0,-37177.0,-27989.0,-21303.0,804.0,-3535.0,-2103.0,1408.0,1071.0,-3499.0,-3501.0,-5473.0,-1924.0,-36804.0,-36766.0,-373.0,-411.0,100.0,53.2,41.8,1.0,10.9,7.4,1.8,3.2,3.9,7.2,7.8,23.6,98.1,98.5,1.9,1.5,100.0,53.2,41.8,1.0,10.9,7.4,1.8,3.2,3.9,7.2,7.8,23.6,98.1,98.5,1.9,1.5,100.0,0.0,0.0,0.0,0.0,0.0,0.0,0.0,0.0,0.0,0.0,0.0,0.0,0.0,0.0,0.0,112,39.0,36.0,,12.0,13.0,4.0,11.0,10.0,10,23.0,34,99,100,112,39.0,36.0,,12.0,13.0,4.0,11.0,10.0,10,23.0,34,99,100,0,0,0,0,0,0,0,0,0,0,0,0,0,0,36.1,33.5,53.9,46.6,28.1,20.9,38.3,28.1,36.1,33.5,53.9,46.6,28.1,20.9,38.3,28.1,0.0,0.0,0.0,0.0,0.0,0.0,0.0,0.0,"(CONTRACTS OF 1,000 BARRELS)",N10,CRUDE OIL,PETROLEUM AND PRODUCTS,NATURAL RESOURCES,FutOnly
260901067411F,"CRUDE OIL, LIGHT SWEET-WTI - ICE FUTURES EUROPE",2026-09-01T00:00:00.000,2026 Report Week 35,"CRUDE OIL, LIGHT SWEET-WTI",67411,ICEU,NYC,67,CRUDE OIL,767357,413369,319322,8813,82795,61610,13651,24398,30620,54287,68191,168675,751025,755611,16332,11746,767357,413369,319322,8813,82795,61610,13651,24398,30620,54287,68191,168675,751025,755611,16332,11746,0,0,0,0,0,0,0,0,0,0,0,0,0,0,0,0,-10817.0,-503.0,-5768.0,810.0,-1650.0,3894.0,-573.0,-185.0,319.0,-1626.0,7495.0,-14713.0,-12392.0,-10608.0,1575.0,-209.0,100.0,53.9,41.6,1.1,10.8,8.0,1.8,3.2,4.0,7.1,8.9,22.0,97.9,98.5,2.1,1.5,100.0,53.9,41.6,1.1,10.8,8.0,1.8,3.2,4.0,7.1,8.9,22.0,97.9,98.5,2.1,1.5,100.0,0.0,0.0,0.0,0.0,0.0,0.0,0.0,0.0,0.0,0.0,0.0,0.0,0.0,0.0,0.0,113,39.0,39.0,4.0,11.0,13.0,4.0,10.0,10.0,13,23.0,32,98,102,113,39.0,39.0,4.0,11.0,13.0,4.0,10.0,10.0,13,23.0,32,98,102,0,0,0,0,0,0,0,0,0,0,0,0,0,0,34.8,32.4,52.2,45.8,27.4,19.8,36.7,27.1,34.8,32.4,52.2,45.8,27.4,19.8,36.7,27.1,0.0,0.0,0.0,0.0,0.0,0.0,0.0,0.0,"(CONTRACTS OF 1,000 BARRELS)",N10,CRUDE OIL,PETROLEUM AND PRODUCTS,NATURAL RESOURCES,FutOnly
260908067411F,"CRUDE OIL, LIGHT SWEET-WTI - ICE FUTURES EUROPE",2026-09-08T00:00:00.000,2026 Report Week 36,"CRUDE OIL, LIGHT SWEET-WTI",67411,ICEU,NYC,67,CRUDE OIL,753433,405540,309804,8364,82587,62407,14482,24169,27314,48041,63138,170475,736623,739894,16810,13539,753433,405540,309804,8364,82587,62407,14482,24169,27314,48041,63138,170475,736623,739894,16810,13539,0,0,0,0,0,0,0,0,0,0,0,0,0,0,0,0,-13924.0,-7829.0,-9518.0,-449.0,-208.0,797.0,831.0,-229.0,-3306.0,-6246.0,-5053.0,1800.0,-14402.0,-15717.0,478.0,1793.0,100.0,53.8,41.1,1.1,11.0,8.3,1.9,3.2,3.6,6.4,8.4,22.6,97.8,98.2,2.2,1.8,100.0,53.8,41.1,1.1,11.0,8.3,1.9,3.2,3.6,6.4,8.4,22.6,97.8,98.2,2.2,1.8,100.0,0.0,0.0,0.0,0.0,0.0,0.0,0.0,0.0,0.0,0.0,0.0,0.0,0.0,0.0,0.0,115,45.0,40.0,4.0,11.0,14.0,4.0,9.0,9.0,12,23.0,32,104,102,115,45.0,40.0,4.0,11.0,14.0,4.0,9.0,9.0,12,23.0,32,104,102,0,0,0,0,0,0,0,0,0,0,0,0,0,0,34.8,32.3,52.3,45.3,27.1,19.5,36.7,26.9,34.8,32.3,52.3,45.3,27.1,19.5,36.7,26.9,0.0,0.0,0.0,0.0,0.0,0.0,0.0,0.0,"(CONTRACTS OF 1,000 BARRELS)",N10,CRUDE OIL,PETROLEUM AND PRODUCTS,NATURAL RESOURCES,FutOnly
