period,value,series,units,retrieved_at,source_url
2007-01-05,140965,WDISTUS1,MBBL,2026-09-15T20:19:42+00:00,https://api.eia.gov/v2/petroleum/stoc/wstk/data/
2007-01-12,141875,WDISTUS1,MBBL,2026-09-15T20:19:42+00:00,https://api.eia.gov/v2/petroleum/stoc/wstk/data/
2007-01-19,142625,WDISTUS1,MBBL,2026-09-15T20:19:42+00:00,https://api.eia.gov/v2/petroleum/stoc/wstk/data/
2007-01-26,139977,WDISTUS1,MBBL,2026-09-15T20:19:42+00:00,https://api.eia.gov/v2/petroleum/stoc/wstk/data/
2007-02-02,136345,WDISTUS1,MBBL,2026-09-15T20:19:42+00:00,https://api.eia.gov/v2/petroleum/stoc/wstk/data/
2007-02-09,133327,WDISTUS1,MBBL,2026-09-15T20:19:42+00:00,https://api.eia.gov/v2/petroleum/stoc/wstk/data/
2007-02-16,128290,WDISTUS1,MBBL,2026-09-15T20:19:42+00:00,https://api.eia.gov/v2/petroleum/stoc/wstk/data/
2007-02-23,124503,WDISTUS1,MBBL,2026-09-15T20:19:42+00:00,https://api.eia.gov/v2/petroleum/stoc/wstk/data/
2007-03-02,123172,WDISTUS1,MBBL,2026-09-15T20:19:42+00:00,https://api.eia.gov/v2/petroleum/stoc/wstk/data/
2007-03-09,120439,WDISTUS1,MBBL,2026-09-15T20:19:42+00:00,https://api.eia.gov/v2/petroleum/stoc/wstk/data/
2007-03-16,118729,WDISTUS1,MBBL,2026-09-15T20:19:42+00:00,https://api.eia.gov/v2/petroleum/stoc/wstk/data/
2007-03-23,118029,WDISTUS1,MBBL,2026-09-15T20:19:42+00:00,https://api.eia.gov/v2/petroleum/stoc/wstk/data/
2007-03-30,117952,WDISTUS1,MBBL,2026-09-15T20:19:42+00:00,https://api.eia.gov/v2/petroleum/stoc/wstk/data/
2007-04-06,118122,WDISTUS1,MBBL,2026-09-15T20:19:42+00:00,https://api.eia.gov/v2/petroleum/stoc/wstk/data/
2007-04-13,117327,WDISTUS1,MBBL,2026-09-15T20:19:42+00:00,https://api.eia.gov/v2/petroleum/stoc/wstk/data/
2007-04-20,117332,WDISTUS1,MBBL,2026-09-15T20:19:42+00:00,https://api.eia.gov/v2/petroleum/stoc/wstk/data/
2007-04-27,117134,WDISTUS1,MBBL,2026-09-15T20:19:42+00:00,https://api.eia.gov/v2/petroleum/stoc/wstk/data/
2007-05-04,118764,WDISTUS1,MBBL,2026-09-15T20:19:42+00:00,https://api.eia.gov/v2/petroleum/stoc/wstk/data/
2007-05-11,119756,WDISTUS1,MBBL,2026-09-15T20:19:42+00:00,https://api.eia.gov/v2/petroleum/stoc/wstk/data/
2007-05-18,120268,WDISTUS1,MBBL,2026-09-15T20:19:42+00:00,https://api.eia.gov/v2/petroleum/stoc/wstk/data/
2007-05-25,120415,WDISTUS1,MBBL,2026-09-15T20:19:42+00:00,https://api.eia.gov/v2/petroleum/stoc/wstk/data/
2007-06-01,122279,WDISTUS1,MBBL,2026-09-15T20:19:42+00:00,https://api.eia.gov/v2/petroleum/stoc/wstk/data/
2007-06-08,122566,WDISTUS1,MBBL,2026-09-15T20:19:42+00:00,https://api.eia.gov/v2/petroleum/stoc/wstk/data/
2007-06-15,122723,WDISTUS1,MBBL,2026-09-15T20:19:42+00:00,https://api.eia.gov/v2/petroleum/stoc/wstk/data/
2007-06-22,120448,WDISTUS1,MBBL,2026-09-15T20:19:42+00:00,https://api.eia.gov/v2/petroleum/stoc/wstk/data/
2007-06-29,121610,WDISTUS1,MBBL,2026-09-15T20:19:42+00:00,https://api.eia.gov/v2/petroleum/stoc/wstk/data/
2007-07-06,122370,WDISTUS1,MBBL,2026-09-15T20:19:42+00:00,https://api.eia.gov/v2/petroleum/stoc/wstk/data/
2007-07-13,122225,WDISTUS1,MBBL,2026-09-15T20:19:42+00:00,https://api.eia.gov/v2/petroleum/stoc/wstk/data/
2007-07-20,123653,WDISTUS1,MBBL,2026-09-15T20:19:42+00:00,https://api.eia.gov/v2/petroleum/stoc/wstk/data/
2007-07-27,126542,WDISTUS1,MBBL,2026-09-15T20:19:42+00:00,https://api.eia.gov/v2/petroleum/stoc/wstk/data/
2007-08-03,127516,WDISTUS1,MBBL,2026-09-15T20:19:42+00:00,https://api.eia.gov/v2/petroleum/stoc/wstk/data/
2007-08-10,127669,WDISTUS1,MBBL,2026-09-15T20:19:42+00:00,https://api.eia.gov/v2/petroleum/stoc/wstk/data/
2007-08-17,129025,WDISTUS1,MBBL,2026-09-15T20:19:42+00:00,https://api.eia.gov/v2/petroleum/stoc/wstk/data/
2007-08-24,129914,WDISTUS1,MBBL,2026-09-15T20:19:42+00:00,https://api.eia.gov/v2/petroleum/stoc/wstk/data/
2007-08-31,132170,WDISTUS1,MBBL,2026-09-15T20:19:42+00:00,https://api.eia.gov/v2/petroleum/stoc/wstk/data/
2007-09-07,133963,WDISTUS1,MBBL,2026-09-15T20:19:42+00:00,https://api.eia.gov/v2/petroleum/stoc/wstk/data/
2007-09-14,135527,WDISTUS1,MBBL,2026-09-15T20:19:42+00:00,https://api.eia.gov/v2/petroleum/stoc/wstk/data/
2007-09-21,137060,WDISTUS1,MBBL,2026-09-15T20:19:42+00:00,https://api.eia.gov/v2/petroleum/stoc/wstk/data/
2007-09-28,135887,WDISTUS1,MBBL,2026-09-15T20:19:42+00:00,https://api.eia.gov/v2/petroleum/stoc/wstk/data/
2007-10-05,135324,WDISTUS1,MBBL,2026-09-15T20:19:42+00:00,https://api.eia.gov/v2/petroleum/stoc/wstk/data/
2007-10-12,136318,WDISTUS1,MBBL,2026-09-15T20:19:42+00:00,https://api.eia.gov/v2/petroleum/stoc/wstk/data/
2007-10-19,134471,WDISTUS1,MBBL,2026-09-15T20:19:42+00:00,https://api.eia.gov/v2/petroleum/stoc/wstk/data/
2007-10-26,135279,WDISTUS1,MBBL,2026-09-15T20:19:42+00:00,https://api.eia.gov/v2/petroleum/stoc/wstk/data/
2007-11-02,135377,WDISTUS1,MBBL,2026-09-15T20:19:42+00:00,https://api.eia.gov/v2/petroleum/stoc/wstk/data/
2007-11-09,133412,WDISTUS1,MBBL,2026-09-15T20:19:42+00:00,https://api.eia.gov/v2/petroleum/stoc/wstk/data/
2007-11-16,131005,WDISTUS1,MBBL,2026-09-15T20:19:42+00:00,https://api.eia.gov/v2/petroleum/stoc/wstk/data/
2007-11-23,130916,WDISTUS1,MBBL,2026-09-15T20:19:42+00:00,https://api.eia.gov/v2/petroleum/stoc/wstk/data/
2007-11-30,132344,WDISTUS1,MBBL,2026-09-15T20:19:42+00:00,https://api.eia.gov/v2/petroleum/stoc/wstk/data/
2007-12-07,131534,WDISTUS1,MBBL,2026-09-15T20:19:42+00:00,https://api.eia.gov/v2/petroleum/stoc/wstk/data/
2007-12-14,129376,WDISTUS1,MBBL,2026-09-15T20:19:42+00:00,https://api.eia.gov/v2/petroleum/stoc/wstk/data/
2007-12-21,126608,WDISTUS1,MBBL,2026-09-15T20:19:42+00:00,https://api.eia.gov/v2/petroleum/stoc/wstk/data/
2007-12-28,127177,WDISTUS1,MBBL,2026-09-15T20:19:42+00:00,https://api.eia.gov/v2/petroleum/stoc/wstk/data/
2008-01-04,128693,WDISTUS1,MBBL,2026-09-15T20:19:42+00:00,https://api.eia.gov/v2/petroleum/stoc/wstk/data/
2008-01-11,129845,WDISTUS1,MBBL,2026-09-15T20:19:42+00:00,https://api.eia.gov/v2/petroleum/stoc/wstk/data/
2008-01-18,128543,WDISTUS1,MBBL,2026-09-15T20:19:42+00:00,https://api.eia.gov/v2/petroleum/stoc/wstk/data/
2008-01-25,127004,WDISTUS1,MBBL,2026-09-15T20:19:42+00:00,https://api.eia.gov/v2/petroleum/stoc/wstk/data/
2008-02-01,127139,WDISTUS1,MBBL,2026-09-15T20:19:42+00:00,https://api.eia.gov/v2/petroleum/stoc/wstk/data/
2008-02-08,126973,WDISTUS1,MBBL,2026-09-15T20:19:42+00:00,https://api.eia.gov/v2/petroleum/stoc/wstk/data/
2008-02-15,122527,WDISTUS1,MBBL,2026-09-15T20:19:42+00:00,https://api.eia.gov/v2/petroleum/stoc/wstk/data/
2008-02-22,119952,WDISTUS1,MBBL,2026-09-15T20:19:42+00:00,https://api.eia.gov/v2/petroleum/stoc/wstk/data/
2008-02-29,117625,WDISTUS1,MBBL,2026-09-15T20:19:42+00:00,https://api.eia.gov/v2/petroleum/stoc/wstk/data/
2008-03-07,116400,WDISTUS1,MBBL,2026-09-15T20:19:42+00:00,https://api.eia.gov/v2/petroleum/stoc/wstk/data/
2008-03-14,113490,WDISTUS1,MBBL,2026-09-15T20:19:42+00:00,https://api.eia.gov/v2/petroleum/stoc/wstk/data/
2008-03-21,111349,WDISTUS1,MBBL,2026-09-15T20:19:42+00:00,https://api.eia.gov/v2/petroleum/stoc/wstk/data/
2008-03-28,109720,WDISTUS1,MBBL,2026-09-15T20:19:42+00:00,https://api.eia.gov/v2/petroleum/stoc/wstk/data/
2008-04-04,106027,WDISTUS1,MBBL,2026-09-15T20:19:42+00:00,https://api.eia.gov/v2/petroleum/stoc/wstk/data/
2008-04-11,106079,WDISTUS1,MBBL,2026-09-15T20:19:42+00:00,https://api.eia.gov/v2/petroleum/stoc/wstk/data/
2008-04-18,104702,WDISTUS1,MBBL,2026-09-15T20:19:42+00:00,https://api.eia.gov/v2/petroleum/stoc/wstk/data/
2008-04-25,105831,WDISTUS1,MBBL,2026-09-15T20:19:42+00:00,https://api.eia.gov/v2/petroleum/stoc/wstk/data/
2008-05-02,105724,WDISTUS1,MBBL,2026-09-15T20:19:42+00:00,https://api.eia.gov/v2/petroleum/stoc/wstk/data/
2008-05-09,107062,WDISTUS1,MBBL,2026-09-15T20:19:42+00:00,https://api.eia.gov/v2/petroleum/stoc/wstk/data/
2008-05-16,107790,WDISTUS1,MBBL,2026-09-15T20:19:42+00:00,https://api.eia.gov/v2/petroleum/stoc/wstk/data/
2008-05-23,109431,WDISTUS1,MBBL,2026-09-15T20:19:42+00:00,https://api.eia.gov/v2/petroleum/stoc/wstk/data/
2008-05-30,111704,WDISTUS1,MBBL,2026-09-15T20:19:42+00:00,https://api.eia.gov/v2/petroleum/stoc/wstk/data/
2008-06-06,113981,WDISTUS1,MBBL,2026-09-15T20:19:42+00:00,https://api.eia.gov/v2/petroleum/stoc/wstk/data/
2008-06-13,116598,WDISTUS1,MBBL,2026-09-15T20:19:42+00:00,https://api.eia.gov/v2/petroleum/stoc/wstk/data/
2008-06-20,119421,WDISTUS1,MBBL,2026-09-15T20:19:42+00:00,https://api.eia.gov/v2/petroleum/stoc/wstk/data/
2008-06-27,120685,WDISTUS1,MBBL,2026-09-15T20:19:42+00:00,https://api.eia.gov/v2/petroleum/stoc/wstk/data/
2008-07-04,122501,WDISTUS1,MBBL,2026-09-15T20:19:42+00:00,https://api.eia.gov/v2/petroleum/stoc/wstk/data/
2008-07-11,125690,WDISTUS1,MBBL,2026-09-15T20:19:42+00:00,https://api.eia.gov/v2/petroleum/stoc/wstk/data/
2008-07-18,128109,WDISTUS1,MBBL,2026-09-15T20:19:42+00:00,https://api.eia.gov/v2/petroleum/stoc/wstk/data/
2008-07-25,130505,WDISTUS1,MBBL,2026-09-15T20:19:42+00:00,https://api.eia.gov/v2/petroleum/stoc/wstk/data/
2008-08-01,133346,WDISTUS1,MBBL,2026-09-15T20:19:42+00:00,https://api.eia.gov/v2/petroleum/stoc/wstk/data/
2008-08-08,131587,WDISTUS1,MBBL,2026-09-15T20:19:42+00:00,https://api.eia.gov/v2/petroleum/stoc/wstk/data/
2008-08-15,132068,WDISTUS1,MBBL,2026-09-15T20:19:42+00:00,https://api.eia.gov/v2/petroleum/stoc/wstk/data/
2008-08-22,132125,WDISTUS1,MBBL,2026-09-15T20:19:42+00:00,https://api.eia.gov/v2/petroleum/stoc/wstk/data/
2008-08-29,131712,WDISTUS1,MBBL,2026-09-15T20:19:42+00:00,https://api.eia.gov/v2/petroleum/stoc/wstk/data/
2008-09-05,130460,WDISTUS1,MBBL,2026-09-15T20:19:42+00:00,https://api.eia.gov/v2/petroleum/stoc/wstk/data/
2008-09-12,129625,WDISTUS1,MBBL,2026-09-15T20:19:42+00:00,https://api.eia.gov/v2/petroleum/stoc/wstk/data/
2008-09-19,125449,WDISTUS1,MBBL,2026-09-15T20:19:42+00:00,https://api.eia.gov/v2/petroleum/stoc/wstk/data/
2008-09-26,123090,WDISTUS1,MBBL,2026-09-15T20:19:42+00:00,https://api.eia.gov/v2/petroleum/stoc/wstk/data/
2008-10-03,122601,WDISTUS1,MBBL,2026-09-15T20:19:42+00:00,https://api.eia.gov/v2/petroleum/stoc/wstk/data/
2008-10-10,122148,WDISTUS1,MBBL,2026-09-15T20:19:42+00:00,https://api.eia.gov/v2/petroleum/stoc/wstk/data/
2008-10-17,124304,WDISTUS1,MBBL,2026-09-15T20:19:42+00:00,https://api.eia.gov/v2/petroleum/stoc/wstk/data/
2008-10-24,126629,WDISTUS1,MBBL,2026-09-15T20:19:42+00:00,https://api.eia.gov/v2/petroleum/stoc/wstk/data/
2008-10-31,127835,WDISTUS1,MBBL,2026-09-15T20:19:42+00:00,https://api.eia.gov/v2/petroleum/stoc/wstk/data/
2008-11-07,128351,WDISTUS1,MBBL,2026-09-15T20:19:42+00:00,https://api.eia.gov/v2/petroleum/stoc/wstk/data/
2008-11-14,126880,WDISTUS1,MBBL,2026-09-15T20:19:42+00:00,https://api.eia.gov/v2/petroleum/stoc/wstk/data/
2008-11-21,126694,WDISTUS1,MBBL,2026-09-15T20:19:42+00:00,https://api.eia.gov/v2/petroleum/stoc/wstk/data/
2008-11-28,124973,WDISTUS1,MBBL,2026-09-15T20:19:42+00:00,https://api.eia.gov/v2/petroleum/stoc/wstk/data/
2008-12-05,130587,WDISTUS1,MBBL,2026-09-15T20:19:42+00:00,https://api.eia.gov/v2/petroleum/stoc/wstk/data/
2008-12-12,133523,WDISTUS1,MBBL,2026-09-15T20:19:42+00:00,https://api.eia.gov/v2/petroleum/stoc/wstk/data/
2008-12-19,135337,WDISTUS1,MBBL,2026-09-15T20:19:42+00:00,https://api.eia.gov/v2/petroleum/stoc/wstk/data/
2008-12-26,136031,WDISTUS1,MBBL,2026-09-15T20:19:42+00:00,https://api.eia.gov/v2/petroleum/stoc/wstk/data/
2009-01-02,137821,WDISTUS1,MBBL,2026-09-15T20:19:42+00:00,https://api.eia.gov/v2/petroleum/stoc/wstk/data/
2009-01-09,144167,WDISTUS1,MBBL,2026-09-15T20:19:42+00:00,https://api.eia.gov/v2/petroleum/stoc/wstk/data/
2009-01-16,144957,WDISTUS1,MBBL,2026-09-15T20:19:42+00:00,https://api.eia.gov/v2/petroleum/stoc/wstk/data/
2009-01-23,143952,WDISTUS1,MBBL,2026-09-15T20:19:42+00:00,https://api.eia.gov/v2/petroleum/stoc/wstk/data/
2009-01-30,142591,WDISTUS1,MBBL,2026-09-15T20:19:42+00:00,https://api.eia.gov/v2/petroleum/stoc/wstk/data/
2009-02-06,141565,WDISTUS1,MBBL,2026-09-15T20:19:42+00:00,https://api.eia.gov/v2/petroleum/stoc/wstk/data/
2009-02-13,140752,WDISTUS1,MBBL,2026-09-15T20:19:42+00:00,https://api.eia.gov/v2/petroleum/stoc/wstk/data/
2009-02-20,141634,WDISTUS1,MBBL,2026-09-15T20:19:42+00:00,https://api.eia.gov/v2/petroleum/stoc/wstk/data/
2009-02-27,143296,WDISTUS1,MBBL,2026-09-15T20:19:42+00:00,https://api.eia.gov/v2/petroleum/stoc/wstk/data/
2009-03-06,145404,WDISTUS1,MBBL,2026-09-15T20:19:42+00:00,https://api.eia.gov/v2/petroleum/stoc/wstk/data/
2009-03-13,145516,WDISTUS1,MBBL,2026-09-15T20:19:42+00:00,https://api.eia.gov/v2/petroleum/stoc/wstk/data/
2009-03-20,143932,WDISTUS1,MBBL,2026-09-15T20:19:42+00:00,https://api.eia.gov/v2/petroleum/stoc/wstk/data/
2009-03-27,144153,WDISTUS1,MBBL,2026-09-15T20:19:42+00:00,https://api.eia.gov/v2/petroleum/stoc/wstk/data/
2009-04-03,140799,WDISTUS1,MBBL,2026-09-15T20:19:42+00:00,https://api.eia.gov/v2/petroleum/stoc/wstk/data/
2009-04-10,139629,WDISTUS1,MBBL,2026-09-15T20:19:42+00:00,https://api.eia.gov/v2/petroleum/stoc/wstk/data/
2009-04-17,142311,WDISTUS1,MBBL,2026-09-15T20:19:42+00:00,https://api.eia.gov/v2/petroleum/stoc/wstk/data/
2009-04-24,144105,WDISTUS1,MBBL,2026-09-15T20:19:42+00:00,https://api.eia.gov/v2/petroleum/stoc/wstk/data/
2009-05-01,146533,WDISTUS1,MBBL,2026-09-15T20:19:42+00:00,https://api.eia.gov/v2/petroleum/stoc/wstk/data/
2009-05-08,147455,WDISTUS1,MBBL,2026-09-15T20:19:42+00:00,https://api.eia.gov/v2/petroleum/stoc/wstk/data/
2009-05-15,148127,WDISTUS1,MBBL,2026-09-15T20:19:42+00:00,https://api.eia.gov/v2/petroleum/stoc/wstk/data/
2009-05-22,148375,WDISTUS1,MBBL,2026-09-15T20:19:42+00:00,https://api.eia.gov/v2/petroleum/stoc/wstk/data/
2009-05-29,150036,WDISTUS1,MBBL,2026-09-15T20:19:42+00:00,https://api.eia.gov/v2/petroleum/stoc/wstk/data/
2009-06-05,149718,WDISTUS1,MBBL,2026-09-15T20:19:42+00:00,https://api.eia.gov/v2/petroleum/stoc/wstk/data/
2009-06-12,150026,WDISTUS1,MBBL,2026-09-15T20:19:42+00:00,https://api.eia.gov/v2/petroleum/stoc/wstk/data/
2009-06-19,152103,WDISTUS1,MBBL,2026-09-15T20:19:42+00:00,https://api.eia.gov/v2/petroleum/stoc/wstk/data/
2009-06-26,154999,WDISTUS1,MBBL,2026-09-15T20:19:42+00:00,https://api.eia.gov/v2/petroleum/stoc/wstk/data/
2009-07-03,158738,WDISTUS1,MBBL,2026-09-15T20:19:42+00:00,https://api.eia.gov/v2/petroleum/stoc/wstk/data/
2009-07-10,159291,WDISTUS1,MBBL,2026-09-15T20:19:42+00:00,https://api.eia.gov/v2/petroleum/stoc/wstk/data/
2009-07-17,160509,WDISTUS1,MBBL,2026-09-15T20:19:42+00:00,https://api.eia.gov/v2/petroleum/stoc/wstk/data/
2009-07-24,162617,WDISTUS1,MBBL,2026-09-15T20:19:42+00:00,https://api.eia.gov/v2/petroleum/stoc/wstk/data/
2009-07-31,161481,WDISTUS1,MBBL,2026-09-15T20:19:42+00:00,https://api.eia.gov/v2/petroleum/stoc/wstk/data/
2009-08-07,162267,WDISTUS1,MBBL,2026-09-15T20:19:42+00:00,https://api.eia.gov/v2/petroleum/stoc/wstk/data/
2009-08-14,161617,WDISTUS1,MBBL,2026-09-15T20:19:42+00:00,https://api.eia.gov/v2/petroleum/stoc/wstk/data/
2009-08-21,162384,WDISTUS1,MBBL,2026-09-15T20:19:42+00:00,https://api.eia.gov/v2/petroleum/stoc/wstk/data/
2009-08-28,163563,WDISTUS1,MBBL,2026-09-15T20:19:42+00:00,https://api.eia.gov/v2/petroleum/stoc/wstk/data/
2009-09-04,165556,WDISTUS1,MBBL,2026-09-15T20:19:42+00:00,https://api.eia.gov/v2/petroleum/stoc/wstk/data/
2009-09-11,167793,WDISTUS1,MBBL,2026-09-15T20:19:42+00:00,https://api.eia.gov/v2/petroleum/stoc/wstk/data/
2009-09-18,170754,WDISTUS1,MBBL,2026-09-15T20:19:42+00:00,https://api.eia.gov/v2/petroleum/stoc/wstk/data/
2009-09-25,171077,WDISTUS1,MBBL,2026-09-15T20:19:42+00:00,https://api.eia.gov/v2/petroleum/stoc/wstk/data/
2009-10-02,171756,WDISTUS1,MBBL,2026-09-15T20:19:42+00:00,https://api.eia.gov/v2/petroleum/stoc/wstk/data/
2009-10-09,170672,WDISTUS1,MBBL,2026-09-15T20:19:42+00:00,https://api.eia.gov/v2/petroleum/stoc/wstk/data/
2009-10-16,169888,WDISTUS1,MBBL,2026-09-15T20:19:42+00:00,https://api.eia.gov/v2/petroleum/stoc/wstk/data/
2009-10-23,167754,WDISTUS1,MBBL,2026-09-15T20:19:42+00:00,https://api.eia.gov/v2/petroleum/stoc/wstk/data/
2009-10-30,167376,WDISTUS1,MBBL,2026-09-15T20:19:42+00:00,https://api.eia.gov/v2/petroleum/stoc/wstk/data/
2009-11-06,167725,WDISTUS1,MBBL,2026-09-15T20:19:42+00:00,https://api.eia.gov/v2/petroleum/stoc/wstk/data/
2009-11-13,167397,WDISTUS1,MBBL,2026-09-15T20:19:42+00:00,https://api.eia.gov/v2/petroleum/stoc/wstk/data/
2009-11-20,166868,WDISTUS1,MBBL,2026-09-15T20:19:42+00:00,https://api.eia.gov/v2/petroleum/stoc/wstk/data/
2009-11-27,165698,WDISTUS1,MBBL,2026-09-15T20:19:42+00:00,https://api.eia.gov/v2/petroleum/stoc/wstk/data/
2009-12-04,167317,WDISTUS1,MBBL,2026-09-15T20:19:42+00:00,https://api.eia.gov/v2/petroleum/stoc/wstk/data/
2009-12-11,164363,WDISTUS1,MBBL,2026-09-15T20:19:42+00:00,https://api.eia.gov/v2/petroleum/stoc/wstk/data/
2009-12-18,161336,WDISTUS1,MBBL,2026-09-15T20:19:42+00:00,https://api.eia.gov/v2/petroleum/stoc/wstk/data/
2009-12-25,159281,WDISTUS1,MBBL,2026-09-15T20:19:42+00:00,https://api.eia.gov/v2/petroleum/stoc/wstk/data/
2010-01-01,159048,WDISTUS1,MBBL,2026-09-15T20:19:42+00:00,https://api.eia.gov/v2/petroleum/stoc/wstk/data/
2010-01-08,160401,WDISTUS1,MBBL,2026-09-15T20:19:42+00:00,https://api.eia.gov/v2/petroleum/stoc/wstk/data/
2010-01-15,157138,WDISTUS1,MBBL,2026-09-15T20:19:42+00:00,https://api.eia.gov/v2/petroleum/stoc/wstk/data/
2010-01-22,157496,WDISTUS1,MBBL,2026-09-15T20:19:42+00:00,https://api.eia.gov/v2/petroleum/stoc/wstk/data/
2010-01-29,156548,WDISTUS1,MBBL,2026-09-15T20:19:42+00:00,https://api.eia.gov/v2/petroleum/stoc/wstk/data/
2010-02-05,156192,WDISTUS1,MBBL,2026-09-15T20:19:42+00:00,https://api.eia.gov/v2/petroleum/stoc/wstk/data/
2010-02-12,153255,WDISTUS1,MBBL,2026-09-15T20:19:42+00:00,https://api.eia.gov/v2/petroleum/stoc/wstk/data/
2010-02-19,152664,WDISTUS1,MBBL,2026-09-15T20:19:42+00:00,https://api.eia.gov/v2/petroleum/stoc/wstk/data/
2010-02-26,151821,WDISTUS1,MBBL,2026-09-15T20:19:42+00:00,https://api.eia.gov/v2/petroleum/stoc/wstk/data/
2010-03-05,149604,WDISTUS1,MBBL,2026-09-15T20:19:42+00:00,https://api.eia.gov/v2/petroleum/stoc/wstk/data/
2010-03-12,148113,WDISTUS1,MBBL,2026-09-15T20:19:42+00:00,https://api.eia.gov/v2/petroleum/stoc/wstk/data/
2010-03-19,145691,WDISTUS1,MBBL,2026-09-15T20:19:42+00:00,https://api.eia.gov/v2/petroleum/stoc/wstk/data/
2010-03-26,144606,WDISTUS1,MBBL,2026-09-15T20:19:42+00:00,https://api.eia.gov/v2/petroleum/stoc/wstk/data/
2010-04-02,145680,WDISTUS1,MBBL,2026-09-15T20:19:42+00:00,https://api.eia.gov/v2/petroleum/stoc/wstk/data/
2010-04-09,146787,WDISTUS1,MBBL,2026-09-15T20:19:42+00:00,https://api.eia.gov/v2/petroleum/stoc/wstk/data/
2010-04-16,148883,WDISTUS1,MBBL,2026-09-15T20:19:42+00:00,https://api.eia.gov/v2/petroleum/stoc/wstk/data/
2010-04-23,151820,WDISTUS1,MBBL,2026-09-15T20:19:42+00:00,https://api.eia.gov/v2/petroleum/stoc/wstk/data/
2010-04-30,152393,WDISTUS1,MBBL,2026-09-15T20:19:42+00:00,https://api.eia.gov/v2/petroleum/stoc/wstk/data/
2010-05-07,153789,WDISTUS1,MBBL,2026-09-15T20:19:42+00:00,https://api.eia.gov/v2/petroleum/stoc/wstk/data/
2010-05-14,152810,WDISTUS1,MBBL,2026-09-15T20:19:42+00:00,https://api.eia.gov/v2/petroleum/stoc/wstk/data/
2010-05-21,152543,WDISTUS1,MBBL,2026-09-15T20:19:42+00:00,https://api.eia.gov/v2/petroleum/stoc/wstk/data/
2010-05-28,152988,WDISTUS1,MBBL,2026-09-15T20:19:42+00:00,https://api.eia.gov/v2/petroleum/stoc/wstk/data/
2010-06-04,154824,WDISTUS1,MBBL,2026-09-15T20:19:42+00:00,https://api.eia.gov/v2/petroleum/stoc/wstk/data/
2010-06-11,156622,WDISTUS1,MBBL,2026-09-15T20:19:42+00:00,https://api.eia.gov/v2/petroleum/stoc/wstk/data/
2010-06-18,156919,WDISTUS1,MBBL,2026-09-15T20:19:42+00:00,https://api.eia.gov/v2/petroleum/stoc/wstk/data/
2010-06-25,159376,WDISTUS1,MBBL,2026-09-15T20:19:42+00:00,https://api.eia.gov/v2/petroleum/stoc/wstk/data/
2010-07-02,159697,WDISTUS1,MBBL,2026-09-15T20:19:42+00:00,https://api.eia.gov/v2/petroleum/stoc/wstk/data/
2010-07-09,162640,WDISTUS1,MBBL,2026-09-15T20:19:42+00:00,https://api.eia.gov/v2/petroleum/stoc/wstk/data/
2010-07-16,166575,WDISTUS1,MBBL,2026-09-15T20:19:42+00:00,https://api.eia.gov/v2/petroleum/stoc/wstk/data/
2010-07-23,167513,WDISTUS1,MBBL,2026-09-15T20:19:42+00:00,https://api.eia.gov/v2/petroleum/stoc/wstk/data/
2010-07-30,169686,WDISTUS1,MBBL,2026-09-15T20:19:42+00:00,https://api.eia.gov/v2/petroleum/stoc/wstk/data/
2010-08-06,173142,WDISTUS1,MBBL,2026-09-15T20:19:42+00:00,https://api.eia.gov/v2/petroleum/stoc/wstk/data/
2010-08-13,174211,WDISTUS1,MBBL,2026-09-15T20:19:42+00:00,https://api.eia.gov/v2/petroleum/stoc/wstk/data/
2010-08-20,175974,WDISTUS1,MBBL,2026-09-15T20:19:42+00:00,https://api.eia.gov/v2/petroleum/stoc/wstk/data/
2010-08-27,175235,WDISTUS1,MBBL,2026-09-15T20:19:42+00:00,https://api.eia.gov/v2/petroleum/stoc/wstk/data/
2010-09-03,174847,WDISTUS1,MBBL,2026-09-15T20:19:42+00:00,https://api.eia.gov/v2/petroleum/stoc/wstk/data/
2010-09-10,174507,WDISTUS1,MBBL,2026-09-15T20:19:42+00:00,https://api.eia.gov/v2/petroleum/stoc/wstk/data/
2010-09-17,174854,WDISTUS1,MBBL,2026-09-15T20:19:42+00:00,https://api.eia.gov/v2/petroleum/stoc/wstk/data/
2010-09-24,173589,WDISTUS1,MBBL,2026-09-15T20:19:42+00:00,https://api.eia.gov/v2/petroleum/stoc/wstk/data/
2010-10-01,172465,WDISTUS1,MBBL,2026-09-15T20:19:42+00:00,https://api.eia.gov/v2/petroleum/stoc/wstk/data/
2010-10-08,172210,WDISTUS1,MBBL,2026-09-15T20:19:42+00:00,https://api.eia.gov/v2/petroleum/stoc/wstk/data/
2010-10-15,170055,WDISTUS1,MBBL,2026-09-15T20:19:42+00:00,https://api.eia.gov/v2/petroleum/stoc/wstk/data/
2010-10-22,168442,WDISTUS1,MBBL,2026-09-15T20:19:42+00:00,https://api.eia.gov/v2/petroleum/stoc/wstk/data/
2010-10-29,164874,WDISTUS1,MBBL,2026-09-15T20:19:42+00:00,https://api.eia.gov/v2/petroleum/stoc/wstk/data/
2010-11-05,159902,WDISTUS1,MBBL,2026-09-15T20:19:42+00:00,https://api.eia.gov/v2/petroleum/stoc/wstk/data/
2010-11-12,158792,WDISTUS1,MBBL,2026-09-15T20:19:42+00:00,https://api.eia.gov/v2/petroleum/stoc/wstk/data/
2010-11-19,158251,WDISTUS1,MBBL,2026-09-15T20:19:42+00:00,https://api.eia.gov/v2/petroleum/stoc/wstk/data/
2010-11-26,158057,WDISTUS1,MBBL,2026-09-15T20:19:42+00:00,https://api.eia.gov/v2/petroleum/stoc/wstk/data/
2010-12-03,160211,WDISTUS1,MBBL,2026-09-15T20:19:42+00:00,https://api.eia.gov/v2/petroleum/stoc/wstk/data/
2010-12-10,161305,WDISTUS1,MBBL,2026-09-15T20:19:42+00:00,https://api.eia.gov/v2/petroleum/stoc/wstk/data/
2010-12-17,160716,WDISTUS1,MBBL,2026-09-15T20:19:42+00:00,https://api.eia.gov/v2/petroleum/stoc/wstk/data/
2010-12-24,160959,WDISTUS1,MBBL,2026-09-15T20:19:42+00:00,https://api.eia.gov/v2/petroleum/stoc/wstk/data/
2010-12-31,162107,WDISTUS1,MBBL,2026-09-15T20:19:42+00:00,https://api.eia.gov/v2/petroleum/stoc/wstk/data/
2011-01-07,164759,WDISTUS1,MBBL,2026-09-15T20:19:42+00:00,https://api.eia.gov/v2/petroleum/stoc/wstk/data/
2011-01-14,165797,WDISTUS1,MBBL,2026-09-15T20:19:42+00:00,https://api.eia.gov/v2/petroleum/stoc/wstk/data/
2011-01-21,165657,WDISTUS1,MBBL,2026-09-15T20:19:42+00:00,https://api.eia.gov/v2/petroleum/stoc/wstk/data/
2011-01-28,164078,WDISTUS1,MBBL,2026-09-15T20:19:42+00:00,https://api.eia.gov/v2/petroleum/stoc/wstk/data/
2011-02-04,164366,WDISTUS1,MBBL,2026-09-15T20:19:42+00:00,https://api.eia.gov/v2/petroleum/stoc/wstk/data/
2011-02-11,161270,WDISTUS1,MBBL,2026-09-15T20:19:42+00:00,https://api.eia.gov/v2/petroleum/stoc/wstk/data/
2011-02-18,159937,WDISTUS1,MBBL,2026-09-15T20:19:42+00:00,https://api.eia.gov/v2/petroleum/stoc/wstk/data/
2011-02-25,159186,WDISTUS1,MBBL,2026-09-15T20:19:42+00:00,https://api.eia.gov/v2/petroleum/stoc/wstk/data/
2011-03-04,155209,WDISTUS1,MBBL,2026-09-15T20:19:42+00:00,https://api.eia.gov/v2/petroleum/stoc/wstk/data/
2011-03-11,152608,WDISTUS1,MBBL,2026-09-15T20:19:42+00:00,https://api.eia.gov/v2/petroleum/stoc/wstk/data/
2011-03-18,152615,WDISTUS1,MBBL,2026-09-15T20:19:42+00:00,https://api.eia.gov/v2/petroleum/stoc/wstk/data/
2011-03-25,153325,WDISTUS1,MBBL,2026-09-15T20:19:42+00:00,https://api.eia.gov/v2/petroleum/stoc/wstk/data/
2011-04-01,153520,WDISTUS1,MBBL,2026-09-15T20:19:42+00:00,https://api.eia.gov/v2/petroleum/stoc/wstk/data/
2011-04-08,150839,WDISTUS1,MBBL,2026-09-15T20:19:42+00:00,https://api.eia.gov/v2/petroleum/stoc/wstk/data/
2011-04-15,148335,WDISTUS1,MBBL,2026-09-15T20:19:42+00:00,https://api.eia.gov/v2/petroleum/stoc/wstk/data/
2011-04-22,146530,WDISTUS1,MBBL,2026-09-15T20:19:42+00:00,https://api.eia.gov/v2/petroleum/stoc/wstk/data/
2011-04-29,145132,WDISTUS1,MBBL,2026-09-15T20:19:42+00:00,https://api.eia.gov/v2/petroleum/stoc/wstk/data/
2011-05-06,144289,WDISTUS1,MBBL,2026-09-15T20:19:42+00:00,https://api.eia.gov/v2/petroleum/stoc/wstk/data/
2011-05-13,143132,WDISTUS1,MBBL,2026-09-15T20:19:42+00:00,https://api.eia.gov/v2/petroleum/stoc/wstk/data/
2011-05-20,141092,WDISTUS1,MBBL,2026-09-15T20:19:42+00:00,https://api.eia.gov/v2/petroleum/stoc/wstk/data/
2011-05-27,140116,WDISTUS1,MBBL,2026-09-15T20:19:42+00:00,https://api.eia.gov/v2/petroleum/stoc/wstk/data/
2011-06-03,140926,WDISTUS1,MBBL,2026-09-15T20:19:42+00:00,https://api.eia.gov/v2/petroleum/stoc/wstk/data/
2011-06-10,140821,WDISTUS1,MBBL,2026-09-15T20:19:42+00:00,https://api.eia.gov/v2/petroleum/stoc/wstk/data/
2011-06-17,141994,WDISTUS1,MBBL,2026-09-15T20:19:42+00:00,https://api.eia.gov/v2/petroleum/stoc/wstk/data/
2011-06-24,142252,WDISTUS1,MBBL,2026-09-15T20:19:42+00:00,https://api.eia.gov/v2/petroleum/stoc/wstk/data/
2011-07-01,142061,WDISTUS1,MBBL,2026-09-15T20:19:42+00:00,https://api.eia.gov/v2/petroleum/stoc/wstk/data/
2011-07-08,145028,WDISTUS1,MBBL,2026-09-15T20:19:42+00:00,https://api.eia.gov/v2/petroleum/stoc/wstk/data/
2011-07-15,148460,WDISTUS1,MBBL,2026-09-15T20:19:42+00:00,https://api.eia.gov/v2/petroleum/stoc/wstk/data/
2011-07-22,151845,WDISTUS1,MBBL,2026-09-15T20:19:42+00:00,https://api.eia.gov/v2/petroleum/stoc/wstk/data/
2011-07-29,152254,WDISTUS1,MBBL,2026-09-15T20:19:42+00:00,https://api.eia.gov/v2/petroleum/stoc/wstk/data/
2011-08-05,151517,WDISTUS1,MBBL,2026-09-15T20:19:42+00:00,https://api.eia.gov/v2/petroleum/stoc/wstk/data/
2011-08-12,153966,WDISTUS1,MBBL,2026-09-15T20:19:42+00:00,https://api.eia.gov/v2/petroleum/stoc/wstk/data/
2011-08-19,155697,WDISTUS1,MBBL,2026-09-15T20:19:42+00:00,https://api.eia.gov/v2/petroleum/stoc/wstk/data/
2011-08-26,156060,WDISTUS1,MBBL,2026-09-15T20:19:42+00:00,https://api.eia.gov/v2/petroleum/stoc/wstk/data/
2011-09-02,156769,WDISTUS1,MBBL,2026-09-15T20:19:42+00:00,https://api.eia.gov/v2/petroleum/stoc/wstk/data/
2011-09-09,158480,WDISTUS1,MBBL,2026-09-15T20:19:42+00:00,https://api.eia.gov/v2/petroleum/stoc/wstk/data/
2011-09-16,157606,WDISTUS1,MBBL,2026-09-15T20:19:42+00:00,https://api.eia.gov/v2/petroleum/stoc/wstk/data/
2011-09-23,157678,WDISTUS1,MBBL,2026-09-15T20:19:42+00:00,https://api.eia.gov/v2/petroleum/stoc/wstk/data/
2011-09-30,156934,WDISTUS1,MBBL,2026-09-15T20:19:42+00:00,https://api.eia.gov/v2/petroleum/stoc/wstk/data/
2011-10-07,154005,WDISTUS1,MBBL,2026-09-15T20:19:42+00:00,https://api.eia.gov/v2/petroleum/stoc/wstk/data/
2011-10-14,149739,WDISTUS1,MBBL,2026-09-15T20:19:42+00:00,https://api.eia.gov/v2/petroleum/stoc/wstk/data/
2011-10-21,145464,WDISTUS1,MBBL,2026-09-15T20:19:42+00:00,https://api.eia.gov/v2/petroleum/stoc/wstk/data/
2011-10-28,141889,WDISTUS1,MBBL,2026-09-15T20:19:42+00:00,https://api.eia.gov/v2/petroleum/stoc/wstk/data/
2011-11-04,135869,WDISTUS1,MBBL,2026-09-15T20:19:42+00:00,https://api.eia.gov/v2/petroleum/stoc/wstk/data/
2011-11-11,133733,WDISTUS1,MBBL,2026-09-15T20:19:42+00:00,https://api.eia.gov/v2/petroleum/stoc/wstk/data/
2011-11-18,132963,WDISTUS1,MBBL,2026-09-15T20:19:42+00:00,https://api.eia.gov/v2/petroleum/stoc/wstk/data/
2011-11-25,138489,WDISTUS1,MBBL,2026-09-15T20:19:42+00:00,https://api.eia.gov/v2/petroleum/stoc/wstk/data/
2011-12-02,141022,WDISTUS1,MBBL,2026-09-15T20:19:42+00:00,https://api.eia.gov/v2/petroleum/stoc/wstk/data/
2011-12-09,141502,WDISTUS1,MBBL,2026-09-15T20:19:42+00:00,https://api.eia.gov/v2/petroleum/stoc/wstk/data/
2011-12-16,139149,WDISTUS1,MBBL,2026-09-15T20:19:42+00:00,https://api.eia.gov/v2/petroleum/stoc/wstk/data/
2011-12-23,140354,WDISTUS1,MBBL,2026-09-15T20:19:42+00:00,https://api.eia.gov/v2/petroleum/stoc/wstk/data/
2011-12-30,143578,WDISTUS1,MBBL,2026-09-15T20:19:42+00:00,https://api.eia.gov/v2/petroleum/stoc/wstk/data/
2012-01-06,147563,WDISTUS1,MBBL,2026-09-15T20:19:42+00:00,https://api.eia.gov/v2/petroleum/stoc/wstk/data/
2012-01-13,148001,WDISTUS1,MBBL,2026-09-15T20:19:42+00:00,https://api.eia.gov/v2/petroleum/stoc/wstk/data/
2012-01-20,145545,WDISTUS1,MBBL,2026-09-15T20:19:42+00:00,https://api.eia.gov/v2/petroleum/stoc/wstk/data/
2012-01-27,145410,WDISTUS1,MBBL,2026-09-15T20:19:42+00:00,https://api.eia.gov/v2/petroleum/stoc/wstk/data/
2012-02-03,146584,WDISTUS1,MBBL,2026-09-15T20:19:42+00:00,https://api.eia.gov/v2/petroleum/stoc/wstk/data/
2012-02-10,143717,WDISTUS1,MBBL,2026-09-15T20:19:42+00:00,https://api.eia.gov/v2/petroleum/stoc/wstk/data/
2012-02-17,143509,WDISTUS1,MBBL,2026-09-15T20:19:42+00:00,https://api.eia.gov/v2/petroleum/stoc/wstk/data/
2012-02-24,141440,WDISTUS1,MBBL,2026-09-15T20:19:42+00:00,https://api.eia.gov/v2/petroleum/stoc/wstk/data/
2012-03-02,139496,WDISTUS1,MBBL,2026-09-15T20:19:42+00:00,https://api.eia.gov/v2/petroleum/stoc/wstk/data/
2012-03-09,134814,WDISTUS1,MBBL,2026-09-15T20:19:42+00:00,https://api.eia.gov/v2/petroleum/stoc/wstk/data/
2012-03-16,136577,WDISTUS1,MBBL,2026-09-15T20:19:42+00:00,https://api.eia.gov/v2/petroleum/stoc/wstk/data/
2012-03-23,135866,WDISTUS1,MBBL,2026-09-15T20:19:42+00:00,https://api.eia.gov/v2/petroleum/stoc/wstk/data/
2012-03-30,135885,WDISTUS1,MBBL,2026-09-15T20:19:42+00:00,https://api.eia.gov/v2/petroleum/stoc/wstk/data/
2012-04-06,131885,WDISTUS1,MBBL,2026-09-15T20:19:42+00:00,https://api.eia.gov/v2/petroleum/stoc/wstk/data/
2012-04-13,128977,WDISTUS1,MBBL,2026-09-15T20:19:42+00:00,https://api.eia.gov/v2/petroleum/stoc/wstk/data/
2012-04-20,125925,WDISTUS1,MBBL,2026-09-15T20:19:42+00:00,https://api.eia.gov/v2/petroleum/stoc/wstk/data/
2012-04-27,124022,WDISTUS1,MBBL,2026-09-15T20:19:42+00:00,https://api.eia.gov/v2/petroleum/stoc/wstk/data/
2012-05-04,120771,WDISTUS1,MBBL,2026-09-15T20:19:42+00:00,https://api.eia.gov/v2/petroleum/stoc/wstk/data/
2012-05-11,119802,WDISTUS1,MBBL,2026-09-15T20:19:42+00:00,https://api.eia.gov/v2/petroleum/stoc/wstk/data/
2012-05-18,119493,WDISTUS1,MBBL,2026-09-15T20:19:42+00:00,https://api.eia.gov/v2/petroleum/stoc/wstk/data/
2012-05-25,117784,WDISTUS1,MBBL,2026-09-15T20:19:42+00:00,https://api.eia.gov/v2/petroleum/stoc/wstk/data/
2012-06-01,120037,WDISTUS1,MBBL,2026-09-15T20:19:42+00:00,https://api.eia.gov/v2/petroleum/stoc/wstk/data/
2012-06-08,119974,WDISTUS1,MBBL,2026-09-15T20:19:42+00:00,https://api.eia.gov/v2/petroleum/stoc/wstk/data/
2012-06-15,121130,WDISTUS1,MBBL,2026-09-15T20:19:42+00:00,https://api.eia.gov/v2/petroleum/stoc/wstk/data/
2012-06-22,118851,WDISTUS1,MBBL,2026-09-15T20:19:42+00:00,https://api.eia.gov/v2/petroleum/stoc/wstk/data/
2012-06-29,117800,WDISTUS1,MBBL,2026-09-15T20:19:42+00:00,https://api.eia.gov/v2/petroleum/stoc/wstk/data/
2012-07-06,120912,WDISTUS1,MBBL,2026-09-15T20:19:42+00:00,https://api.eia.gov/v2/petroleum/stoc/wstk/data/
2012-07-13,123531,WDISTUS1,MBBL,2026-09-15T20:19:42+00:00,https://api.eia.gov/v2/petroleum/stoc/wstk/data/
2012-07-20,125239,WDISTUS1,MBBL,2026-09-15T20:19:42+00:00,https://api.eia.gov/v2/petroleum/stoc/wstk/data/
2012-07-27,124265,WDISTUS1,MBBL,2026-09-15T20:19:42+00:00,https://api.eia.gov/v2/petroleum/stoc/wstk/data/
2012-08-03,123541,WDISTUS1,MBBL,2026-09-15T20:19:42+00:00,https://api.eia.gov/v2/petroleum/stoc/wstk/data/
2012-08-10,124218,WDISTUS1,MBBL,2026-09-15T20:19:42+00:00,https://api.eia.gov/v2/petroleum/stoc/wstk/data/
2012-08-17,125210,WDISTUS1,MBBL,2026-09-15T20:19:42+00:00,https://api.eia.gov/v2/petroleum/stoc/wstk/data/
2012-08-24,126083,WDISTUS1,MBBL,2026-09-15T20:19:42+00:00,https://api.eia.gov/v2/petroleum/stoc/wstk/data/
2012-08-31,127076,WDISTUS1,MBBL,2026-09-15T20:19:42+00:00,https://api.eia.gov/v2/petroleum/stoc/wstk/data/
2012-09-07,128552,WDISTUS1,MBBL,2026-09-15T20:19:42+00:00,https://api.eia.gov/v2/petroleum/stoc/wstk/data/
2012-09-14,128230,WDISTUS1,MBBL,2026-09-15T20:19:42+00:00,https://api.eia.gov/v2/petroleum/stoc/wstk/data/
2012-09-21,127748,WDISTUS1,MBBL,2026-09-15T20:19:42+00:00,https://api.eia.gov/v2/petroleum/stoc/wstk/data/
2012-09-28,124059,WDISTUS1,MBBL,2026-09-15T20:19:42+00:00,https://api.eia.gov/v2/petroleum/stoc/wstk/data/
2012-10-05,120882,WDISTUS1,MBBL,2026-09-15T20:19:42+00:00,https://api.eia.gov/v2/petroleum/stoc/wstk/data/
2012-10-12,118664,WDISTUS1,MBBL,2026-09-15T20:19:42+00:00,https://api.eia.gov/v2/petroleum/stoc/wstk/data/
2012-10-19,118018,WDISTUS1,MBBL,2026-09-15T20:19:42+00:00,https://api.eia.gov/v2/petroleum/stoc/wstk/data/
2012-10-26,117925,WDISTUS1,MBBL,2026-09-15T20:19:42+00:00,https://api.eia.gov/v2/petroleum/stoc/wstk/data/
2012-11-02,118056,WDISTUS1,MBBL,2026-09-15T20:19:42+00:00,https://api.eia.gov/v2/petroleum/stoc/wstk/data/
2012-11-09,115517,WDISTUS1,MBBL,2026-09-15T20:19:42+00:00,https://api.eia.gov/v2/petroleum/stoc/wstk/data/
2012-11-16,112842,WDISTUS1,MBBL,2026-09-15T20:19:42+00:00,https://api.eia.gov/v2/petroleum/stoc/wstk/data/
2012-11-23,112042,WDISTUS1,MBBL,2026-09-15T20:19:42+00:00,https://api.eia.gov/v2/petroleum/stoc/wstk/data/
2012-11-30,115069,WDISTUS1,MBBL,2026-09-15T20:19:42+00:00,https://api.eia.gov/v2/petroleum/stoc/wstk/data/
2012-12-07,118055,WDISTUS1,MBBL,2026-09-15T20:19:42+00:00,https://api.eia.gov/v2/petroleum/stoc/wstk/data/
2012-12-14,116970,WDISTUS1,MBBL,2026-09-15T20:19:42+00:00,https://api.eia.gov/v2/petroleum/stoc/wstk/data/
2012-12-21,119393,WDISTUS1,MBBL,2026-09-15T20:19:42+00:00,https://api.eia.gov/v2/petroleum/stoc/wstk/data/
2012-12-28,123967,WDISTUS1,MBBL,2026-09-15T20:19:42+00:00,https://api.eia.gov/v2/petroleum/stoc/wstk/data/
2013-01-04,130744,WDISTUS1,MBBL,2026-09-15T20:19:42+00:00,https://api.eia.gov/v2/petroleum/stoc/wstk/data/
2013-01-11,132430,WDISTUS1,MBBL,2026-09-15T20:19:42+00:00,https://api.eia.gov/v2/petroleum/stoc/wstk/data/
2013-01-18,132938,WDISTUS1,MBBL,2026-09-15T20:19:42+00:00,https://api.eia.gov/v2/petroleum/stoc/wstk/data/
2013-01-25,130623,WDISTUS1,MBBL,2026-09-15T20:19:42+00:00,https://api.eia.gov/v2/petroleum/stoc/wstk/data/
2013-02-01,129581,WDISTUS1,MBBL,2026-09-15T20:19:42+00:00,https://api.eia.gov/v2/petroleum/stoc/wstk/data/
2013-02-08,125904,WDISTUS1,MBBL,2026-09-15T20:19:42+00:00,https://api.eia.gov/v2/petroleum/stoc/wstk/data/
2013-02-15,123627,WDISTUS1,MBBL,2026-09-15T20:19:42+00:00,https://api.eia.gov/v2/petroleum/stoc/wstk/data/
2013-02-22,124184,WDISTUS1,MBBL,2026-09-15T20:19:42+00:00,https://api.eia.gov/v2/petroleum/stoc/wstk/data/
2013-03-01,120354,WDISTUS1,MBBL,2026-09-15T20:19:42+00:00,https://api.eia.gov/v2/petroleum/stoc/wstk/data/
2013-03-08,120437,WDISTUS1,MBBL,2026-09-15T20:19:42+00:00,https://api.eia.gov/v2/petroleum/stoc/wstk/data/
2013-03-15,119765,WDISTUS1,MBBL,2026-09-15T20:19:42+00:00,https://api.eia.gov/v2/petroleum/stoc/wstk/data/
2013-03-22,115252,WDISTUS1,MBBL,2026-09-15T20:19:42+00:00,https://api.eia.gov/v2/petroleum/stoc/wstk/data/
2013-03-29,112986,WDISTUS1,MBBL,2026-09-15T20:19:42+00:00,https://api.eia.gov/v2/petroleum/stoc/wstk/data/
2013-04-05,112817,WDISTUS1,MBBL,2026-09-15T20:19:42+00:00,https://api.eia.gov/v2/petroleum/stoc/wstk/data/
2013-04-12,115181,WDISTUS1,MBBL,2026-09-15T20:19:42+00:00,https://api.eia.gov/v2/petroleum/stoc/wstk/data/
2013-04-19,115278,WDISTUS1,MBBL,2026-09-15T20:19:42+00:00,https://api.eia.gov/v2/petroleum/stoc/wstk/data/
2013-04-26,115752,WDISTUS1,MBBL,2026-09-15T20:19:42+00:00,https://api.eia.gov/v2/petroleum/stoc/wstk/data/
2013-05-03,117564,WDISTUS1,MBBL,2026-09-15T20:19:42+00:00,https://api.eia.gov/v2/petroleum/stoc/wstk/data/
2013-05-10,119864,WDISTUS1,MBBL,2026-09-15T20:19:42+00:00,https://api.eia.gov/v2/petroleum/stoc/wstk/data/
2013-05-17,118812,WDISTUS1,MBBL,2026-09-15T20:19:42+00:00,https://api.eia.gov/v2/petroleum/stoc/wstk/data/
2013-05-24,120663,WDISTUS1,MBBL,2026-09-15T20:19:42+00:00,https://api.eia.gov/v2/petroleum/stoc/wstk/data/
2013-05-31,123274,WDISTUS1,MBBL,2026-09-15T20:19:42+00:00,https://api.eia.gov/v2/petroleum/stoc/wstk/data/
2013-06-07,122111,WDISTUS1,MBBL,2026-09-15T20:19:42+00:00,https://api.eia.gov/v2/petroleum/stoc/wstk/data/
2013-06-14,121622,WDISTUS1,MBBL,2026-09-15T20:19:42+00:00,https://api.eia.gov/v2/petroleum/stoc/wstk/data/
2013-06-21,123189,WDISTUS1,MBBL,2026-09-15T20:19:42+00:00,https://api.eia.gov/v2/petroleum/stoc/wstk/data/
2013-06-28,120771,WDISTUS1,MBBL,2026-09-15T20:19:42+00:00,https://api.eia.gov/v2/petroleum/stoc/wstk/data/
2013-07-05,123809,WDISTUS1,MBBL,2026-09-15T20:19:42+00:00,https://api.eia.gov/v2/petroleum/stoc/wstk/data/
2013-07-12,127679,WDISTUS1,MBBL,2026-09-15T20:19:42+00:00,https://api.eia.gov/v2/petroleum/stoc/wstk/data/
2013-07-19,126452,WDISTUS1,MBBL,2026-09-15T20:19:42+00:00,https://api.eia.gov/v2/petroleum/stoc/wstk/data/
2013-07-26,125986,WDISTUS1,MBBL,2026-09-15T20:19:42+00:00,https://api.eia.gov/v2/petroleum/stoc/wstk/data/
2013-08-02,126455,WDISTUS1,MBBL,2026-09-15T20:19:42+00:00,https://api.eia.gov/v2/petroleum/stoc/wstk/data/
2013-08-09,128482,WDISTUS1,MBBL,2026-09-15T20:19:42+00:00,https://api.eia.gov/v2/petroleum/stoc/wstk/data/
2013-08-16,129353,WDISTUS1,MBBL,2026-09-15T20:19:42+00:00,https://api.eia.gov/v2/petroleum/stoc/wstk/data/
2013-08-23,129037,WDISTUS1,MBBL,2026-09-15T20:19:42+00:00,https://api.eia.gov/v2/petroleum/stoc/wstk/data/
2013-08-30,129586,WDISTUS1,MBBL,2026-09-15T20:19:42+00:00,https://api.eia.gov/v2/petroleum/stoc/wstk/data/
2013-09-06,132172,WDISTUS1,MBBL,2026-09-15T20:19:42+00:00,https://api.eia.gov/v2/petroleum/stoc/wstk/data/
2013-09-13,131093,WDISTUS1,MBBL,2026-09-15T20:19:42+00:00,https://api.eia.gov/v2/petroleum/stoc/wstk/data/
2013-09-20,130859,WDISTUS1,MBBL,2026-09-15T20:19:42+00:00,https://api.eia.gov/v2/petroleum/stoc/wstk/data/
2013-09-27,129179,WDISTUS1,MBBL,2026-09-15T20:19:42+00:00,https://api.eia.gov/v2/petroleum/stoc/wstk/data/
2013-10-04,126038,WDISTUS1,MBBL,2026-09-15T20:19:42+00:00,https://api.eia.gov/v2/petroleum/stoc/wstk/data/
2013-10-11,124237,WDISTUS1,MBBL,2026-09-15T20:19:42+00:00,https://api.eia.gov/v2/petroleum/stoc/wstk/data/
2013-10-18,125774,WDISTUS1,MBBL,2026-09-15T20:19:42+00:00,https://api.eia.gov/v2/petroleum/stoc/wstk/data/
2013-10-25,122716,WDISTUS1,MBBL,2026-09-15T20:19:42+00:00,https://api.eia.gov/v2/petroleum/stoc/wstk/data/
2013-11-01,117817,WDISTUS1,MBBL,2026-09-15T20:19:42+00:00,https://api.eia.gov/v2/petroleum/stoc/wstk/data/
2013-11-08,117336,WDISTUS1,MBBL,2026-09-15T20:19:42+00:00,https://api.eia.gov/v2/petroleum/stoc/wstk/data/
2013-11-15,112541,WDISTUS1,MBBL,2026-09-15T20:19:42+00:00,https://api.eia.gov/v2/petroleum/stoc/wstk/data/
2013-11-22,110875,WDISTUS1,MBBL,2026-09-15T20:19:42+00:00,https://api.eia.gov/v2/petroleum/stoc/wstk/data/
2013-11-29,113524,WDISTUS1,MBBL,2026-09-15T20:19:42+00:00,https://api.eia.gov/v2/petroleum/stoc/wstk/data/
2013-12-06,118065,WDISTUS1,MBBL,2026-09-15T20:19:42+00:00,https://api.eia.gov/v2/petroleum/stoc/wstk/data/
2013-12-13,115955,WDISTUS1,MBBL,2026-09-15T20:19:42+00:00,https://api.eia.gov/v2/petroleum/stoc/wstk/data/
2013-12-20,114105,WDISTUS1,MBBL,2026-09-15T20:19:42+00:00,https://api.eia.gov/v2/petroleum/stoc/wstk/data/
2013-12-27,119147,WDISTUS1,MBBL,2026-09-15T20:19:42+00:00,https://api.eia.gov/v2/petroleum/stoc/wstk/data/
2014-01-03,124973,WDISTUS1,MBBL,2026-09-15T20:19:42+00:00,https://api.eia.gov/v2/petroleum/stoc/wstk/data/
2014-01-10,123950,WDISTUS1,MBBL,2026-09-15T20:19:42+00:00,https://api.eia.gov/v2/petroleum/stoc/wstk/data/
2014-01-17,120738,WDISTUS1,MBBL,2026-09-15T20:19:42+00:00,https://api.eia.gov/v2/petroleum/stoc/wstk/data/
2014-01-24,116154,WDISTUS1,MBBL,2026-09-15T20:19:42+00:00,https://api.eia.gov/v2/petroleum/stoc/wstk/data/
2014-01-31,113794,WDISTUS1,MBBL,2026-09-15T20:19:42+00:00,https://api.eia.gov/v2/petroleum/stoc/wstk/data/
2014-02-07,113063,WDISTUS1,MBBL,2026-09-15T20:19:42+00:00,https://api.eia.gov/v2/petroleum/stoc/wstk/data/
2014-02-14,112724,WDISTUS1,MBBL,2026-09-15T20:19:42+00:00,https://api.eia.gov/v2/petroleum/stoc/wstk/data/
2014-02-21,113062,WDISTUS1,MBBL,2026-09-15T20:19:42+00:00,https://api.eia.gov/v2/petroleum/stoc/wstk/data/
2014-02-28,114476,WDISTUS1,MBBL,2026-09-15T20:19:42+00:00,https://api.eia.gov/v2/petroleum/stoc/wstk/data/
2014-03-07,113943,WDISTUS1,MBBL,2026-09-15T20:19:42+00:00,https://api.eia.gov/v2/petroleum/stoc/wstk/data/
2014-03-14,110846,WDISTUS1,MBBL,2026-09-15T20:19:42+00:00,https://api.eia.gov/v2/petroleum/stoc/wstk/data/
2014-03-21,112401,WDISTUS1,MBBL,2026-09-15T20:19:42+00:00,https://api.eia.gov/v2/petroleum/stoc/wstk/data/
2014-03-28,112955,WDISTUS1,MBBL,2026-09-15T20:19:42+00:00,https://api.eia.gov/v2/petroleum/stoc/wstk/data/
2014-04-04,113194,WDISTUS1,MBBL,2026-09-15T20:19:42+00:00,https://api.eia.gov/v2/petroleum/stoc/wstk/data/
2014-04-11,111916,WDISTUS1,MBBL,2026-09-15T20:19:42+00:00,https://api.eia.gov/v2/petroleum/stoc/wstk/data/
2014-04-18,112513,WDISTUS1,MBBL,2026-09-15T20:19:42+00:00,https://api.eia.gov/v2/petroleum/stoc/wstk/data/
2014-04-25,114449,WDISTUS1,MBBL,2026-09-15T20:19:42+00:00,https://api.eia.gov/v2/petroleum/stoc/wstk/data/
2014-05-02,114002,WDISTUS1,MBBL,2026-09-15T20:19:42+00:00,https://api.eia.gov/v2/petroleum/stoc/wstk/data/
2014-05-09,112878,WDISTUS1,MBBL,2026-09-15T20:19:42+00:00,https://api.eia.gov/v2/petroleum/stoc/wstk/data/
2014-05-16,116277,WDISTUS1,MBBL,2026-09-15T20:19:42+00:00,https://api.eia.gov/v2/petroleum/stoc/wstk/data/
2014-05-23,116081,WDISTUS1,MBBL,2026-09-15T20:19:42+00:00,https://api.eia.gov/v2/petroleum/stoc/wstk/data/
2014-05-30,118093,WDISTUS1,MBBL,2026-09-15T20:19:42+00:00,https://api.eia.gov/v2/petroleum/stoc/wstk/data/
2014-06-06,118953,WDISTUS1,MBBL,2026-09-15T20:19:42+00:00,https://api.eia.gov/v2/petroleum/stoc/wstk/data/
2014-06-13,119389,WDISTUS1,MBBL,2026-09-15T20:19:42+00:00,https://api.eia.gov/v2/petroleum/stoc/wstk/data/
2014-06-20,120566,WDISTUS1,MBBL,2026-09-15T20:19:42+00:00,https://api.eia.gov/v2/petroleum/stoc/wstk/data/
2014-06-27,121541,WDISTUS1,MBBL,2026-09-15T20:19:42+00:00,https://api.eia.gov/v2/petroleum/stoc/wstk/data/
2014-07-04,121768,WDISTUS1,MBBL,2026-09-15T20:19:42+00:00,https://api.eia.gov/v2/petroleum/stoc/wstk/data/
2014-07-11,124296,WDISTUS1,MBBL,2026-09-15T20:19:42+00:00,https://api.eia.gov/v2/petroleum/stoc/wstk/data/
2014-07-18,125932,WDISTUS1,MBBL,2026-09-15T20:19:42+00:00,https://api.eia.gov/v2/petroleum/stoc/wstk/data/
2014-07-25,126721,WDISTUS1,MBBL,2026-09-15T20:19:42+00:00,https://api.eia.gov/v2/petroleum/stoc/wstk/data/
2014-08-01,124923,WDISTUS1,MBBL,2026-09-15T20:19:42+00:00,https://api.eia.gov/v2/petroleum/stoc/wstk/data/
2014-08-08,122502,WDISTUS1,MBBL,2026-09-15T20:19:42+00:00,https://api.eia.gov/v2/petroleum/stoc/wstk/data/
2014-08-15,121542,WDISTUS1,MBBL,2026-09-15T20:19:42+00:00,https://api.eia.gov/v2/petroleum/stoc/wstk/data/
2014-08-22,122794,WDISTUS1,MBBL,2026-09-15T20:19:42+00:00,https://api.eia.gov/v2/petroleum/stoc/wstk/data/
2014-08-29,123399,WDISTUS1,MBBL,2026-09-15T20:19:42+00:00,https://api.eia.gov/v2/petroleum/stoc/wstk/data/
2014-09-05,127493,WDISTUS1,MBBL,2026-09-15T20:19:42+00:00,https://api.eia.gov/v2/petroleum/stoc/wstk/data/
2014-09-12,127772,WDISTUS1,MBBL,2026-09-15T20:19:42+00:00,https://api.eia.gov/v2/petroleum/stoc/wstk/data/
2014-09-19,128595,WDISTUS1,MBBL,2026-09-15T20:19:42+00:00,https://api.eia.gov/v2/petroleum/stoc/wstk/data/
2014-09-26,125701,WDISTUS1,MBBL,2026-09-15T20:19:42+00:00,https://api.eia.gov/v2/petroleum/stoc/wstk/data/
2014-10-03,126140,WDISTUS1,MBBL,2026-09-15T20:19:42+00:00,https://api.eia.gov/v2/petroleum/stoc/wstk/data/
2014-10-10,124622,WDISTUS1,MBBL,2026-09-15T20:19:42+00:00,https://api.eia.gov/v2/petroleum/stoc/wstk/data/
2014-10-17,125671,WDISTUS1,MBBL,2026-09-15T20:19:42+00:00,https://api.eia.gov/v2/petroleum/stoc/wstk/data/
2014-10-24,120377,WDISTUS1,MBBL,2026-09-15T20:19:42+00:00,https://api.eia.gov/v2/petroleum/stoc/wstk/data/
2014-10-31,119653,WDISTUS1,MBBL,2026-09-15T20:19:42+00:00,https://api.eia.gov/v2/petroleum/stoc/wstk/data/
2014-11-07,116850,WDISTUS1,MBBL,2026-09-15T20:19:42+00:00,https://api.eia.gov/v2/petroleum/stoc/wstk/data/
2014-11-14,114794,WDISTUS1,MBBL,2026-09-15T20:19:42+00:00,https://api.eia.gov/v2/petroleum/stoc/wstk/data/
2014-11-21,113146,WDISTUS1,MBBL,2026-09-15T20:19:42+00:00,https://api.eia.gov/v2/petroleum/stoc/wstk/data/
2014-11-28,116174,WDISTUS1,MBBL,2026-09-15T20:19:42+00:00,https://api.eia.gov/v2/petroleum/stoc/wstk/data/
2014-12-05,121751,WDISTUS1,MBBL,2026-09-15T20:19:42+00:00,https://api.eia.gov/v2/petroleum/stoc/wstk/data/
2014-12-12,121544,WDISTUS1,MBBL,2026-09-15T20:19:42+00:00,https://api.eia.gov/v2/petroleum/stoc/wstk/data/
2014-12-19,123847,WDISTUS1,MBBL,2026-09-15T20:19:42+00:00,https://api.eia.gov/v2/petroleum/stoc/wstk/data/
2014-12-26,125721,WDISTUS1,MBBL,2026-09-15T20:19:42+00:00,https://api.eia.gov/v2/petroleum/stoc/wstk/data/
2015-01-02,136926,WDISTUS1,MBBL,2026-09-15T20:19:42+00:00,https://api.eia.gov/v2/petroleum/stoc/wstk/data/
2015-01-09,139851,WDISTUS1,MBBL,2026-09-15T20:19:42+00:00,https://api.eia.gov/v2/petroleum/stoc/wstk/data/
2015-01-16,136579,WDISTUS1,MBBL,2026-09-15T20:19:42+00:00,https://api.eia.gov/v2/petroleum/stoc/wstk/data/
2015-01-23,132687,WDISTUS1,MBBL,2026-09-15T20:19:42+00:00,https://api.eia.gov/v2/petroleum/stoc/wstk/data/
2015-01-30,134475,WDISTUS1,MBBL,2026-09-15T20:19:42+00:00,https://api.eia.gov/v2/petroleum/stoc/wstk/data/
2015-02-06,131223,WDISTUS1,MBBL,2026-09-15T20:19:42+00:00,https://api.eia.gov/v2/petroleum/stoc/wstk/data/
2015-02-13,127409,WDISTUS1,MBBL,2026-09-15T20:19:42+00:00,https://api.eia.gov/v2/petroleum/stoc/wstk/data/
2015-02-20,124698,WDISTUS1,MBBL,2026-09-15T20:19:42+00:00,https://api.eia.gov/v2/petroleum/stoc/wstk/data/
2015-02-27,122976,WDISTUS1,MBBL,2026-09-15T20:19:42+00:00,https://api.eia.gov/v2/petroleum/stoc/wstk/data/
2015-03-06,125503,WDISTUS1,MBBL,2026-09-15T20:19:42+00:00,https://api.eia.gov/v2/petroleum/stoc/wstk/data/
2015-03-13,125883,WDISTUS1,MBBL,2026-09-15T20:19:42+00:00,https://api.eia.gov/v2/petroleum/stoc/wstk/data/
2015-03-20,125849,WDISTUS1,MBBL,2026-09-15T20:19:42+00:00,https://api.eia.gov/v2/petroleum/stoc/wstk/data/
2015-03-27,127174,WDISTUS1,MBBL,2026-09-15T20:19:42+00:00,https://api.eia.gov/v2/petroleum/stoc/wstk/data/
2015-04-03,126924,WDISTUS1,MBBL,2026-09-15T20:19:42+00:00,https://api.eia.gov/v2/petroleum/stoc/wstk/data/
2015-04-10,128941,WDISTUS1,MBBL,2026-09-15T20:19:42+00:00,https://api.eia.gov/v2/petroleum/stoc/wstk/data/
2015-04-17,129336,WDISTUS1,MBBL,2026-09-15T20:19:42+00:00,https://api.eia.gov/v2/petroleum/stoc/wstk/data/
2015-04-24,129270,WDISTUS1,MBBL,2026-09-15T20:19:42+00:00,https://api.eia.gov/v2/petroleum/stoc/wstk/data/
2015-05-01,130773,WDISTUS1,MBBL,2026-09-15T20:19:42+00:00,https://api.eia.gov/v2/petroleum/stoc/wstk/data/
2015-05-08,128270,WDISTUS1,MBBL,2026-09-15T20:19:42+00:00,https://api.eia.gov/v2/petroleum/stoc/wstk/data/
2015-05-15,127724,WDISTUS1,MBBL,2026-09-15T20:19:42+00:00,https://api.eia.gov/v2/petroleum/stoc/wstk/data/
2015-05-22,128839,WDISTUS1,MBBL,2026-09-15T20:19:42+00:00,https://api.eia.gov/v2/petroleum/stoc/wstk/data/
2015-05-29,132612,WDISTUS1,MBBL,2026-09-15T20:19:42+00:00,https://api.eia.gov/v2/petroleum/stoc/wstk/data/
2015-06-05,133477,WDISTUS1,MBBL,2026-09-15T20:19:42+00:00,https://api.eia.gov/v2/petroleum/stoc/wstk/data/
2015-06-12,133591,WDISTUS1,MBBL,2026-09-15T20:19:42+00:00,https://api.eia.gov/v2/petroleum/stoc/wstk/data/
2015-06-19,135428,WDISTUS1,MBBL,2026-09-15T20:19:42+00:00,https://api.eia.gov/v2/petroleum/stoc/wstk/data/
2015-06-26,135820,WDISTUS1,MBBL,2026-09-15T20:19:42+00:00,https://api.eia.gov/v2/petroleum/stoc/wstk/data/
2015-07-03,137461,WDISTUS1,MBBL,2026-09-15T20:19:42+00:00,https://api.eia.gov/v2/petroleum/stoc/wstk/data/
2015-07-10,141280,WDISTUS1,MBBL,2026-09-15T20:19:42+00:00,https://api.eia.gov/v2/petroleum/stoc/wstk/data/
2015-07-17,141515,WDISTUS1,MBBL,2026-09-15T20:19:42+00:00,https://api.eia.gov/v2/petroleum/stoc/wstk/data/
2015-07-24,144103,WDISTUS1,MBBL,2026-09-15T20:19:42+00:00,https://api.eia.gov/v2/petroleum/stoc/wstk/data/
2015-07-31,144812,WDISTUS1,MBBL,2026-09-15T20:19:42+00:00,https://api.eia.gov/v2/petroleum/stoc/wstk/data/
2015-08-07,147806,WDISTUS1,MBBL,2026-09-15T20:19:42+00:00,https://api.eia.gov/v2/petroleum/stoc/wstk/data/
2015-08-14,148400,WDISTUS1,MBBL,2026-09-15T20:19:42+00:00,https://api.eia.gov/v2/petroleum/stoc/wstk/data/
2015-08-21,149836,WDISTUS1,MBBL,2026-09-15T20:19:42+00:00,https://api.eia.gov/v2/petroleum/stoc/wstk/data/
2015-08-28,149951,WDISTUS1,MBBL,2026-09-15T20:19:42+00:00,https://api.eia.gov/v2/petroleum/stoc/wstk/data/
2015-09-04,150903,WDISTUS1,MBBL,2026-09-15T20:19:42+00:00,https://api.eia.gov/v2/petroleum/stoc/wstk/data/
2015-09-11,153963,WDISTUS1,MBBL,2026-09-15T20:19:42+00:00,https://api.eia.gov/v2/petroleum/stoc/wstk/data/
2015-09-18,151875,WDISTUS1,MBBL,2026-09-15T20:19:42+00:00,https://api.eia.gov/v2/petroleum/stoc/wstk/data/
2015-09-25,151608,WDISTUS1,MBBL,2026-09-15T20:19:42+00:00,https://api.eia.gov/v2/petroleum/stoc/wstk/data/
2015-10-02,149150,WDISTUS1,MBBL,2026-09-15T20:19:42+00:00,https://api.eia.gov/v2/petroleum/stoc/wstk/data/
2015-10-09,147630,WDISTUS1,MBBL,2026-09-15T20:19:42+00:00,https://api.eia.gov/v2/petroleum/stoc/wstk/data/
2015-10-16,145008,WDISTUS1,MBBL,2026-09-15T20:19:42+00:00,https://api.eia.gov/v2/petroleum/stoc/wstk/data/
2015-10-23,142057,WDISTUS1,MBBL,2026-09-15T20:19:42+00:00,https://api.eia.gov/v2/petroleum/stoc/wstk/data/
2015-10-30,140757,WDISTUS1,MBBL,2026-09-15T20:19:42+00:00,https://api.eia.gov/v2/petroleum/stoc/wstk/data/
2015-11-06,141109,WDISTUS1,MBBL,2026-09-15T20:19:42+00:00,https://api.eia.gov/v2/petroleum/stoc/wstk/data/
2015-11-13,140318,WDISTUS1,MBBL,2026-09-15T20:19:42+00:00,https://api.eia.gov/v2/petroleum/stoc/wstk/data/
2015-11-20,141364,WDISTUS1,MBBL,2026-09-15T20:19:42+00:00,https://api.eia.gov/v2/petroleum/stoc/wstk/data/
2015-11-27,144415,WDISTUS1,MBBL,2026-09-15T20:19:42+00:00,https://api.eia.gov/v2/petroleum/stoc/wstk/data/
2015-12-04,149413,WDISTUS1,MBBL,2026-09-15T20:19:42+00:00,https://api.eia.gov/v2/petroleum/stoc/wstk/data/
2015-12-11,151976,WDISTUS1,MBBL,2026-09-15T20:19:42+00:00,https://api.eia.gov/v2/petroleum/stoc/wstk/data/
2015-12-18,151315,WDISTUS1,MBBL,2026-09-15T20:19:42+00:00,https://api.eia.gov/v2/petroleum/stoc/wstk/data/
2015-12-25,153110,WDISTUS1,MBBL,2026-09-15T20:19:42+00:00,https://api.eia.gov/v2/petroleum/stoc/wstk/data/
2016-01-01,159418,WDISTUS1,MBBL,2026-09-15T20:19:42+00:00,https://api.eia.gov/v2/petroleum/stoc/wstk/data/
2016-01-08,165554,WDISTUS1,MBBL,2026-09-15T20:19:42+00:00,https://api.eia.gov/v2/petroleum/stoc/wstk/data/
2016-01-15,164529,WDISTUS1,MBBL,2026-09-15T20:19:42+00:00,https://api.eia.gov/v2/petroleum/stoc/wstk/data/
2016-01-22,160472,WDISTUS1,MBBL,2026-09-15T20:19:42+00:00,https://api.eia.gov/v2/petroleum/stoc/wstk/data/
2016-01-29,159695,WDISTUS1,MBBL,2026-09-15T20:19:42+00:00,https://api.eia.gov/v2/petroleum/stoc/wstk/data/
2016-02-05,160976,WDISTUS1,MBBL,2026-09-15T20:19:42+00:00,https://api.eia.gov/v2/petroleum/stoc/wstk/data/
2016-02-12,162375,WDISTUS1,MBBL,2026-09-15T20:19:42+00:00,https://api.eia.gov/v2/petroleum/stoc/wstk/data/
2016-02-19,160715,WDISTUS1,MBBL,2026-09-15T20:19:42+00:00,https://api.eia.gov/v2/petroleum/stoc/wstk/data/
2016-02-26,163597,WDISTUS1,MBBL,2026-09-15T20:19:42+00:00,https://api.eia.gov/v2/petroleum/stoc/wstk/data/
2016-03-04,162478,WDISTUS1,MBBL,2026-09-15T20:19:42+00:00,https://api.eia.gov/v2/petroleum/stoc/wstk/data/
2016-03-11,161343,WDISTUS1,MBBL,2026-09-15T20:19:42+00:00,https://api.eia.gov/v2/petroleum/stoc/wstk/data/
2016-03-18,162260,WDISTUS1,MBBL,2026-09-15T20:19:42+00:00,https://api.eia.gov/v2/petroleum/stoc/wstk/data/
2016-03-25,161185,WDISTUS1,MBBL,2026-09-15T20:19:42+00:00,https://api.eia.gov/v2/petroleum/stoc/wstk/data/
2016-04-01,162984,WDISTUS1,MBBL,2026-09-15T20:19:42+00:00,https://api.eia.gov/v2/petroleum/stoc/wstk/data/
2016-04-08,163489,WDISTUS1,MBBL,2026-09-15T20:19:42+00:00,https://api.eia.gov/v2/petroleum/stoc/wstk/data/
2016-04-15,159935,WDISTUS1,MBBL,2026-09-15T20:19:42+00:00,https://api.eia.gov/v2/petroleum/stoc/wstk/data/
2016-04-22,158240,WDISTUS1,MBBL,2026-09-15T20:19:42+00:00,https://api.eia.gov/v2/petroleum/stoc/wstk/data/
2016-04-29,156979,WDISTUS1,MBBL,2026-09-15T20:19:42+00:00,https://api.eia.gov/v2/petroleum/stoc/wstk/data/
2016-05-06,155332,WDISTUS1,MBBL,2026-09-15T20:19:42+00:00,https://api.eia.gov/v2/petroleum/stoc/wstk/data/
2016-05-13,152162,WDISTUS1,MBBL,2026-09-15T20:19:42+00:00,https://api.eia.gov/v2/petroleum/stoc/wstk/data/
2016-05-20,150878,WDISTUS1,MBBL,2026-09-15T20:19:42+00:00,https://api.eia.gov/v2/petroleum/stoc/wstk/data/
2016-05-27,149623,WDISTUS1,MBBL,2026-09-15T20:19:42+00:00,https://api.eia.gov/v2/petroleum/stoc/wstk/data/
2016-06-03,151377,WDISTUS1,MBBL,2026-09-15T20:19:42+00:00,https://api.eia.gov/v2/petroleum/stoc/wstk/data/
2016-06-10,152163,WDISTUS1,MBBL,2026-09-15T20:19:42+00:00,https://api.eia.gov/v2/petroleum/stoc/wstk/data/
2016-06-17,152314,WDISTUS1,MBBL,2026-09-15T20:19:42+00:00,https://api.eia.gov/v2/petroleum/stoc/wstk/data/
2016-06-24,150513,WDISTUS1,MBBL,2026-09-15T20:19:42+00:00,https://api.eia.gov/v2/petroleum/stoc/wstk/data/
2016-07-01,148939,WDISTUS1,MBBL,2026-09-15T20:19:42+00:00,https://api.eia.gov/v2/petroleum/stoc/wstk/data/
2016-07-08,152997,WDISTUS1,MBBL,2026-09-15T20:19:42+00:00,https://api.eia.gov/v2/petroleum/stoc/wstk/data/
2016-07-15,152783,WDISTUS1,MBBL,2026-09-15T20:19:42+00:00,https://api.eia.gov/v2/petroleum/stoc/wstk/data/
2016-07-22,152003,WDISTUS1,MBBL,2026-09-15T20:19:42+00:00,https://api.eia.gov/v2/petroleum/stoc/wstk/data/
2016-07-29,153155,WDISTUS1,MBBL,2026-09-15T20:19:42+00:00,https://api.eia.gov/v2/petroleum/stoc/wstk/data/
2016-08-05,151196,WDISTUS1,MBBL,2026-09-15T20:19:42+00:00,https://api.eia.gov/v2/petroleum/stoc/wstk/data/
2016-08-12,153135,WDISTUS1,MBBL,2026-09-15T20:19:42+00:00,https://api.eia.gov/v2/petroleum/stoc/wstk/data/
2016-08-19,153257,WDISTUS1,MBBL,2026-09-15T20:19:42+00:00,https://api.eia.gov/v2/petroleum/stoc/wstk/data/
2016-08-26,154753,WDISTUS1,MBBL,2026-09-15T20:19:42+00:00,https://api.eia.gov/v2/petroleum/stoc/wstk/data/
2016-09-02,158135,WDISTUS1,MBBL,2026-09-15T20:19:42+00:00,https://api.eia.gov/v2/petroleum/stoc/wstk/data/
2016-09-09,162754,WDISTUS1,MBBL,2026-09-15T20:19:42+00:00,https://api.eia.gov/v2/petroleum/stoc/wstk/data/
2016-09-16,164992,WDISTUS1,MBBL,2026-09-15T20:19:42+00:00,https://api.eia.gov/v2/petroleum/stoc/wstk/data/
2016-09-23,163077,WDISTUS1,MBBL,2026-09-15T20:19:42+00:00,https://api.eia.gov/v2/petroleum/stoc/wstk/data/
2016-09-30,160718,WDISTUS1,MBBL,2026-09-15T20:19:42+00:00,https://api.eia.gov/v2/petroleum/stoc/wstk/data/
2016-10-07,156972,WDISTUS1,MBBL,2026-09-15T20:19:42+00:00,https://api.eia.gov/v2/petroleum/stoc/wstk/data/
2016-10-14,155732,WDISTUS1,MBBL,2026-09-15T20:19:42+00:00,https://api.eia.gov/v2/petroleum/stoc/wstk/data/
2016-10-21,152378,WDISTUS1,MBBL,2026-09-15T20:19:42+00:00,https://api.eia.gov/v2/petroleum/stoc/wstk/data/
2016-10-28,150550,WDISTUS1,MBBL,2026-09-15T20:19:42+00:00,https://api.eia.gov/v2/petroleum/stoc/wstk/data/
2016-11-04,148602,WDISTUS1,MBBL,2026-09-15T20:19:42+00:00,https://api.eia.gov/v2/petroleum/stoc/wstk/data/
2016-11-11,148912,WDISTUS1,MBBL,2026-09-15T20:19:42+00:00,https://api.eia.gov/v2/petroleum/stoc/wstk/data/
2016-11-18,149239,WDISTUS1,MBBL,2026-09-15T20:19:42+00:00,https://api.eia.gov/v2/petroleum/stoc/wstk/data/
2016-11-25,154196,WDISTUS1,MBBL,2026-09-15T20:19:42+00:00,https://api.eia.gov/v2/petroleum/stoc/wstk/data/
2016-12-02,156697,WDISTUS1,MBBL,2026-09-15T20:19:42+00:00,https://api.eia.gov/v2/petroleum/stoc/wstk/data/
2016-12-09,155935,WDISTUS1,MBBL,2026-09-15T20:19:42+00:00,https://api.eia.gov/v2/petroleum/stoc/wstk/data/
2016-12-16,153515,WDISTUS1,MBBL,2026-09-15T20:19:42+00:00,https://api.eia.gov/v2/petroleum/stoc/wstk/data/
2016-12-23,151634,WDISTUS1,MBBL,2026-09-15T20:19:42+00:00,https://api.eia.gov/v2/petroleum/stoc/wstk/data/
2016-12-30,161685,WDISTUS1,MBBL,2026-09-15T20:19:42+00:00,https://api.eia.gov/v2/petroleum/stoc/wstk/data/
2017-01-06,170041,WDISTUS1,MBBL,2026-09-15T20:19:42+00:00,https://api.eia.gov/v2/petroleum/stoc/wstk/data/
2017-01-13,169073,WDISTUS1,MBBL,2026-09-15T20:19:42+00:00,https://api.eia.gov/v2/petroleum/stoc/wstk/data/
2017-01-20,169149,WDISTUS1,MBBL,2026-09-15T20:19:42+00:00,https://api.eia.gov/v2/petroleum/stoc/wstk/data/
2017-01-27,170717,WDISTUS1,MBBL,2026-09-15T20:19:42+00:00,https://api.eia.gov/v2/petroleum/stoc/wstk/data/
2017-02-03,170746,WDISTUS1,MBBL,2026-09-15T20:19:42+00:00,https://api.eia.gov/v2/petroleum/stoc/wstk/data/
2017-02-10,170057,WDISTUS1,MBBL,2026-09-15T20:19:42+00:00,https://api.eia.gov/v2/petroleum/stoc/wstk/data/
2017-02-17,165133,WDISTUS1,MBBL,2026-09-15T20:19:42+00:00,https://api.eia.gov/v2/petroleum/stoc/wstk/data/
2017-02-24,164208,WDISTUS1,MBBL,2026-09-15T20:19:42+00:00,https://api.eia.gov/v2/petroleum/stoc/wstk/data/
2017-03-03,161532,WDISTUS1,MBBL,2026-09-15T20:19:42+00:00,https://api.eia.gov/v2/petroleum/stoc/wstk/data/
2017-03-10,157303,WDISTUS1,MBBL,2026-09-15T20:19:42+00:00,https://api.eia.gov/v2/petroleum/stoc/wstk/data/
2017-03-17,155393,WDISTUS1,MBBL,2026-09-15T20:19:42+00:00,https://api.eia.gov/v2/petroleum/stoc/wstk/data/
2017-03-24,152910,WDISTUS1,MBBL,2026-09-15T20:19:42+00:00,https://api.eia.gov/v2/petroleum/stoc/wstk/data/
2017-03-31,152374,WDISTUS1,MBBL,2026-09-15T20:19:42+00:00,https://api.eia.gov/v2/petroleum/stoc/wstk/data/
2017-04-07,150221,WDISTUS1,MBBL,2026-09-15T20:19:42+00:00,https://api.eia.gov/v2/petroleum/stoc/wstk/data/
2017-04-14,148266,WDISTUS1,MBBL,2026-09-15T20:19:42+00:00,https://api.eia.gov/v2/petroleum/stoc/wstk/data/
2017-04-21,150917,WDISTUS1,MBBL,2026-09-15T20:19:42+00:00,https://api.eia.gov/v2/petroleum/stoc/wstk/data/
2017-04-28,150355,WDISTUS1,MBBL,2026-09-15T20:19:42+00:00,https://api.eia.gov/v2/petroleum/stoc/wstk/data/
2017-05-05,148768,WDISTUS1,MBBL,2026-09-15T20:19:42+00:00,https://api.eia.gov/v2/petroleum/stoc/wstk/data/
2017-05-12,146824,WDISTUS1,MBBL,2026-09-15T20:19:42+00:00,https://api.eia.gov/v2/petroleum/stoc/wstk/data/
2017-05-19,146339,WDISTUS1,MBBL,2026-09-15T20:19:42+00:00,https://api.eia.gov/v2/petroleum/stoc/wstk/data/
2017-05-26,146733,WDISTUS1,MBBL,2026-09-15T20:19:42+00:00,https://api.eia.gov/v2/petroleum/stoc/wstk/data/
2017-06-02,151088,WDISTUS1,MBBL,2026-09-15T20:19:42+00:00,https://api.eia.gov/v2/petroleum/stoc/wstk/data/
2017-06-09,151416,WDISTUS1,MBBL,2026-09-15T20:19:42+00:00,https://api.eia.gov/v2/petroleum/stoc/wstk/data/
2017-06-16,152495,WDISTUS1,MBBL,2026-09-15T20:19:42+00:00,https://api.eia.gov/v2/petroleum/stoc/wstk/data/
2017-06-23,152272,WDISTUS1,MBBL,2026-09-15T20:19:42+00:00,https://api.eia.gov/v2/petroleum/stoc/wstk/data/
2017-06-30,150422,WDISTUS1,MBBL,2026-09-15T20:19:42+00:00,https://api.eia.gov/v2/petroleum/stoc/wstk/data/
2017-07-07,153553,WDISTUS1,MBBL,2026-09-15T20:19:42+00:00,https://api.eia.gov/v2/petroleum/stoc/wstk/data/
2017-07-14,151416,WDISTUS1,MBBL,2026-09-15T20:19:42+00:00,https://api.eia.gov/v2/petroleum/stoc/wstk/data/
2017-07-21,149564,WDISTUS1,MBBL,2026-09-15T20:19:42+00:00,https://api.eia.gov/v2/petroleum/stoc/wstk/data/
2017-07-28,149414,WDISTUS1,MBBL,2026-09-15T20:19:42+00:00,https://api.eia.gov/v2/petroleum/stoc/wstk/data/
2017-08-04,147685,WDISTUS1,MBBL,2026-09-15T20:19:42+00:00,https://api.eia.gov/v2/petroleum/stoc/wstk/data/
2017-08-11,148387,WDISTUS1,MBBL,2026-09-15T20:19:42+00:00,https://api.eia.gov/v2/petroleum/stoc/wstk/data/
2017-08-18,148415,WDISTUS1,MBBL,2026-09-15T20:19:42+00:00,https://api.eia.gov/v2/petroleum/stoc/wstk/data/
2017-08-25,149163,WDISTUS1,MBBL,2026-09-15T20:19:42+00:00,https://api.eia.gov/v2/petroleum/stoc/wstk/data/
2017-09-01,147767,WDISTUS1,MBBL,2026-09-15T20:19:42+00:00,https://api.eia.gov/v2/petroleum/stoc/wstk/data/
2017-09-08,144552,WDISTUS1,MBBL,2026-09-15T20:19:42+00:00,https://api.eia.gov/v2/petroleum/stoc/wstk/data/
2017-09-15,138859,WDISTUS1,MBBL,2026-09-15T20:19:42+00:00,https://api.eia.gov/v2/petroleum/stoc/wstk/data/
2017-09-22,138045,WDISTUS1,MBBL,2026-09-15T20:19:42+00:00,https://api.eia.gov/v2/petroleum/stoc/wstk/data/
2017-09-29,135439,WDISTUS1,MBBL,2026-09-15T20:19:42+00:00,https://api.eia.gov/v2/petroleum/stoc/wstk/data/
2017-10-06,133959,WDISTUS1,MBBL,2026-09-15T20:19:42+00:00,https://api.eia.gov/v2/petroleum/stoc/wstk/data/
2017-10-13,134487,WDISTUS1,MBBL,2026-09-15T20:19:42+00:00,https://api.eia.gov/v2/petroleum/stoc/wstk/data/
2017-10-20,129241,WDISTUS1,MBBL,2026-09-15T20:19:42+00:00,https://api.eia.gov/v2/petroleum/stoc/wstk/data/
2017-10-27,128921,WDISTUS1,MBBL,2026-09-15T20:19:42+00:00,https://api.eia.gov/v2/petroleum/stoc/wstk/data/
2017-11-03,125562,WDISTUS1,MBBL,2026-09-15T20:19:42+00:00,https://api.eia.gov/v2/petroleum/stoc/wstk/data/
2017-11-10,124763,WDISTUS1,MBBL,2026-09-15T20:19:42+00:00,https://api.eia.gov/v2/petroleum/stoc/wstk/data/
2017-11-17,125032,WDISTUS1,MBBL,2026-09-15T20:19:42+00:00,https://api.eia.gov/v2/petroleum/stoc/wstk/data/
2017-11-24,127779,WDISTUS1,MBBL,2026-09-15T20:19:42+00:00,https://api.eia.gov/v2/petroleum/stoc/wstk/data/
2017-12-01,129446,WDISTUS1,MBBL,2026-09-15T20:19:42+00:00,https://api.eia.gov/v2/petroleum/stoc/wstk/data/
2017-12-08,128076,WDISTUS1,MBBL,2026-09-15T20:19:42+00:00,https://api.eia.gov/v2/petroleum/stoc/wstk/data/
2017-12-15,128845,WDISTUS1,MBBL,2026-09-15T20:19:42+00:00,https://api.eia.gov/v2/petroleum/stoc/wstk/data/
2017-12-22,129935,WDISTUS1,MBBL,2026-09-15T20:19:42+00:00,https://api.eia.gov/v2/petroleum/stoc/wstk/data/
2017-12-29,138834,WDISTUS1,MBBL,2026-09-15T20:19:42+00:00,https://api.eia.gov/v2/petroleum/stoc/wstk/data/
2018-01-05,143088,WDISTUS1,MBBL,2026-09-15T20:19:42+00:00,https://api.eia.gov/v2/petroleum/stoc/wstk/data/
2018-01-12,139201,WDISTUS1,MBBL,2026-09-15T20:19:42+00:00,https://api.eia.gov/v2/petroleum/stoc/wstk/data/
2018-01-19,139840,WDISTUS1,MBBL,2026-09-15T20:19:42+00:00,https://api.eia.gov/v2/petroleum/stoc/wstk/data/
2018-01-26,137900,WDISTUS1,MBBL,2026-09-15T20:19:42+00:00,https://api.eia.gov/v2/petroleum/stoc/wstk/data/
2018-02-02,141826,WDISTUS1,MBBL,2026-09-15T20:19:42+00:00,https://api.eia.gov/v2/petroleum/stoc/wstk/data/
2018-02-09,141367,WDISTUS1,MBBL,2026-09-15T20:19:42+00:00,https://api.eia.gov/v2/petroleum/stoc/wstk/data/
2018-02-16,138945,WDISTUS1,MBBL,2026-09-15T20:19:42+00:00,https://api.eia.gov/v2/petroleum/stoc/wstk/data/
2018-02-23,137985,WDISTUS1,MBBL,2026-09-15T20:19:42+00:00,https://api.eia.gov/v2/petroleum/stoc/wstk/data/
2018-03-02,137426,WDISTUS1,MBBL,2026-09-15T20:19:42+00:00,https://api.eia.gov/v2/petroleum/stoc/wstk/data/
2018-03-09,133066,WDISTUS1,MBBL,2026-09-15T20:19:42+00:00,https://api.eia.gov/v2/petroleum/stoc/wstk/data/
2018-03-16,131044,WDISTUS1,MBBL,2026-09-15T20:19:42+00:00,https://api.eia.gov/v2/petroleum/stoc/wstk/data/
2018-03-23,128954,WDISTUS1,MBBL,2026-09-15T20:19:42+00:00,https://api.eia.gov/v2/petroleum/stoc/wstk/data/
2018-03-30,129491,WDISTUS1,MBBL,2026-09-15T20:19:42+00:00,https://api.eia.gov/v2/petroleum/stoc/wstk/data/
2018-04-06,128447,WDISTUS1,MBBL,2026-09-15T20:19:42+00:00,https://api.eia.gov/v2/petroleum/stoc/wstk/data/
2018-04-13,125340,WDISTUS1,MBBL,2026-09-15T20:19:42+00:00,https://api.eia.gov/v2/petroleum/stoc/wstk/data/
2018-04-20,122729,WDISTUS1,MBBL,2026-09-15T20:19:42+00:00,https://api.eia.gov/v2/petroleum/stoc/wstk/data/
2018-04-27,118829,WDISTUS1,MBBL,2026-09-15T20:19:42+00:00,https://api.eia.gov/v2/petroleum/stoc/wstk/data/
2018-05-04,115038,WDISTUS1,MBBL,2026-09-15T20:19:42+00:00,https://api.eia.gov/v2/petroleum/stoc/wstk/data/
2018-05-11,114946,WDISTUS1,MBBL,2026-09-15T20:19:42+00:00,https://api.eia.gov/v2/petroleum/stoc/wstk/data/
2018-05-18,113995,WDISTUS1,MBBL,2026-09-15T20:19:42+00:00,https://api.eia.gov/v2/petroleum/stoc/wstk/data/
2018-05-25,114629,WDISTUS1,MBBL,2026-09-15T20:19:42+00:00,https://api.eia.gov/v2/petroleum/stoc/wstk/data/
2018-06-01,116794,WDISTUS1,MBBL,2026-09-15T20:19:42+00:00,https://api.eia.gov/v2/petroleum/stoc/wstk/data/
2018-06-08,114693,WDISTUS1,MBBL,2026-09-15T20:19:42+00:00,https://api.eia.gov/v2/petroleum/stoc/wstk/data/
2018-06-15,117408,WDISTUS1,MBBL,2026-09-15T20:19:42+00:00,https://api.eia.gov/v2/petroleum/stoc/wstk/data/
2018-06-22,117423,WDISTUS1,MBBL,2026-09-15T20:19:42+00:00,https://api.eia.gov/v2/petroleum/stoc/wstk/data/
2018-06-29,117557,WDISTUS1,MBBL,2026-09-15T20:19:42+00:00,https://api.eia.gov/v2/petroleum/stoc/wstk/data/
2018-07-06,121682,WDISTUS1,MBBL,2026-09-15T20:19:42+00:00,https://api.eia.gov/v2/petroleum/stoc/wstk/data/
2018-07-13,121311,WDISTUS1,MBBL,2026-09-15T20:19:42+00:00,https://api.eia.gov/v2/petroleum/stoc/wstk/data/
2018-07-20,121210,WDISTUS1,MBBL,2026-09-15T20:19:42+00:00,https://api.eia.gov/v2/petroleum/stoc/wstk/data/
2018-07-27,124193,WDISTUS1,MBBL,2026-09-15T20:19:42+00:00,https://api.eia.gov/v2/petroleum/stoc/wstk/data/
2018-08-03,125423,WDISTUS1,MBBL,2026-09-15T20:19:42+00:00,https://api.eia.gov/v2/petroleum/stoc/wstk/data/
2018-08-10,128989,WDISTUS1,MBBL,2026-09-15T20:19:42+00:00,https://api.eia.gov/v2/petroleum/stoc/wstk/data/
2018-08-17,130838,WDISTUS1,MBBL,2026-09-15T20:19:42+00:00,https://api.eia.gov/v2/petroleum/stoc/wstk/data/
2018-08-24,130001,WDISTUS1,MBBL,2026-09-15T20:19:42+00:00,https://api.eia.gov/v2/petroleum/stoc/wstk/data/
2018-08-31,133120,WDISTUS1,MBBL,2026-09-15T20:19:42+00:00,https://api.eia.gov/v2/petroleum/stoc/wstk/data/
2018-09-07,139283,WDISTUS1,MBBL,2026-09-15T20:19:42+00:00,https://api.eia.gov/v2/petroleum/stoc/wstk/data/
2018-09-14,140122,WDISTUS1,MBBL,2026-09-15T20:19:42+00:00,https://api.eia.gov/v2/petroleum/stoc/wstk/data/
2018-09-21,137881,WDISTUS1,MBBL,2026-09-15T20:19:42+00:00,https://api.eia.gov/v2/petroleum/stoc/wstk/data/
2018-09-28,136131,WDISTUS1,MBBL,2026-09-15T20:19:42+00:00,https://api.eia.gov/v2/petroleum/stoc/wstk/data/
2018-10-05,133465,WDISTUS1,MBBL,2026-09-15T20:19:42+00:00,https://api.eia.gov/v2/petroleum/stoc/wstk/data/
2018-10-12,132638,WDISTUS1,MBBL,2026-09-15T20:19:42+00:00,https://api.eia.gov/v2/petroleum/stoc/wstk/data/
2018-10-19,130376,WDISTUS1,MBBL,2026-09-15T20:19:42+00:00,https://api.eia.gov/v2/petroleum/stoc/wstk/data/
2018-10-26,126322,WDISTUS1,MBBL,2026-09-15T20:19:42+00:00,https://api.eia.gov/v2/petroleum/stoc/wstk/data/
2018-11-02,122857,WDISTUS1,MBBL,2026-09-15T20:19:42+00:00,https://api.eia.gov/v2/petroleum/stoc/wstk/data/
2018-11-09,119268,WDISTUS1,MBBL,2026-09-15T20:19:42+00:00,https://api.eia.gov/v2/petroleum/stoc/wstk/data/
2018-11-16,119191,WDISTUS1,MBBL,2026-09-15T20:19:42+00:00,https://api.eia.gov/v2/petroleum/stoc/wstk/data/
2018-11-23,121801,WDISTUS1,MBBL,2026-09-15T20:19:42+00:00,https://api.eia.gov/v2/petroleum/stoc/wstk/data/
2018-11-30,125612,WDISTUS1,MBBL,2026-09-15T20:19:42+00:00,https://api.eia.gov/v2/petroleum/stoc/wstk/data/
2018-12-07,124137,WDISTUS1,MBBL,2026-09-15T20:19:42+00:00,https://api.eia.gov/v2/petroleum/stoc/wstk/data/
2018-12-14,119900,WDISTUS1,MBBL,2026-09-15T20:19:42+00:00,https://api.eia.gov/v2/petroleum/stoc/wstk/data/
2018-12-21,119902,WDISTUS1,MBBL,2026-09-15T20:19:42+00:00,https://api.eia.gov/v2/petroleum/stoc/wstk/data/
2018-12-28,129431,WDISTUS1,MBBL,2026-09-15T20:19:42+00:00,https://api.eia.gov/v2/petroleum/stoc/wstk/data/
2019-01-04,140042,WDISTUS1,MBBL,2026-09-15T20:19:42+00:00,https://api.eia.gov/v2/petroleum/stoc/wstk/data/
2019-01-11,143009,WDISTUS1,MBBL,2026-09-15T20:19:42+00:00,https://api.eia.gov/v2/petroleum/stoc/wstk/data/
2019-01-18,142392,WDISTUS1,MBBL,2026-09-15T20:19:42+00:00,https://api.eia.gov/v2/petroleum/stoc/wstk/data/
2019-01-25,141270,WDISTUS1,MBBL,2026-09-15T20:19:42+00:00,https://api.eia.gov/v2/petroleum/stoc/wstk/data/
2019-02-01,139013,WDISTUS1,MBBL,2026-09-15T20:19:42+00:00,https://api.eia.gov/v2/petroleum/stoc/wstk/data/
2019-02-08,140200,WDISTUS1,MBBL,2026-09-15T20:19:42+00:00,https://api.eia.gov/v2/petroleum/stoc/wstk/data/
2019-02-15,138683,WDISTUS1,MBBL,2026-09-15T20:19:42+00:00,https://api.eia.gov/v2/petroleum/stoc/wstk/data/
2019-02-22,138379,WDISTUS1,MBBL,2026-09-15T20:19:42+00:00,https://api.eia.gov/v2/petroleum/stoc/wstk/data/
2019-03-01,135986,WDISTUS1,MBBL,2026-09-15T20:19:42+00:00,https://api.eia.gov/v2/petroleum/stoc/wstk/data/
2019-03-08,136369,WDISTUS1,MBBL,2026-09-15T20:19:42+00:00,https://api.eia.gov/v2/petroleum/stoc/wstk/data/
2019-03-15,132242,WDISTUS1,MBBL,2026-09-15T20:19:42+00:00,https://api.eia.gov/v2/petroleum/stoc/wstk/data/
2019-03-22,130167,WDISTUS1,MBBL,2026-09-15T20:19:42+00:00,https://api.eia.gov/v2/petroleum/stoc/wstk/data/
2019-03-29,128169,WDISTUS1,MBBL,2026-09-15T20:19:42+00:00,https://api.eia.gov/v2/petroleum/stoc/wstk/data/
2019-04-05,128053,WDISTUS1,MBBL,2026-09-15T20:19:42+00:00,https://api.eia.gov/v2/petroleum/stoc/wstk/data/
2019-04-12,127691,WDISTUS1,MBBL,2026-09-15T20:19:42+00:00,https://api.eia.gov/v2/petroleum/stoc/wstk/data/
2019-04-19,127029,WDISTUS1,MBBL,2026-09-15T20:19:42+00:00,https://api.eia.gov/v2/petroleum/stoc/wstk/data/
2019-04-26,125722,WDISTUS1,MBBL,2026-09-15T20:19:42+00:00,https://api.eia.gov/v2/petroleum/stoc/wstk/data/
2019-05-03,125563,WDISTUS1,MBBL,2026-09-15T20:19:42+00:00,https://api.eia.gov/v2/petroleum/stoc/wstk/data/
2019-05-10,125647,WDISTUS1,MBBL,2026-09-15T20:19:42+00:00,https://api.eia.gov/v2/petroleum/stoc/wstk/data/
2019-05-17,126415,WDISTUS1,MBBL,2026-09-15T20:19:42+00:00,https://api.eia.gov/v2/petroleum/stoc/wstk/data/
2019-05-24,124800,WDISTUS1,MBBL,2026-09-15T20:19:42+00:00,https://api.eia.gov/v2/petroleum/stoc/wstk/data/
2019-05-31,129372,WDISTUS1,MBBL,2026-09-15T20:19:42+00:00,https://api.eia.gov/v2/petroleum/stoc/wstk/data/
2019-06-07,128372,WDISTUS1,MBBL,2026-09-15T20:19:42+00:00,https://api.eia.gov/v2/petroleum/stoc/wstk/data/
2019-06-14,127821,WDISTUS1,MBBL,2026-09-15T20:19:42+00:00,https://api.eia.gov/v2/petroleum/stoc/wstk/data/
2019-06-21,125380,WDISTUS1,MBBL,2026-09-15T20:19:42+00:00,https://api.eia.gov/v2/petroleum/stoc/wstk/data/
2019-06-28,126788,WDISTUS1,MBBL,2026-09-15T20:19:42+00:00,https://api.eia.gov/v2/petroleum/stoc/wstk/data/
2019-07-05,130517,WDISTUS1,MBBL,2026-09-15T20:19:42+00:00,https://api.eia.gov/v2/petroleum/stoc/wstk/data/
2019-07-12,136203,WDISTUS1,MBBL,2026-09-15T20:19:42+00:00,https://api.eia.gov/v2/petroleum/stoc/wstk/data/
2019-07-19,136816,WDISTUS1,MBBL,2026-09-15T20:19:42+00:00,https://api.eia.gov/v2/petroleum/stoc/wstk/data/
2019-07-26,135922,WDISTUS1,MBBL,2026-09-15T20:19:42+00:00,https://api.eia.gov/v2/petroleum/stoc/wstk/data/
2019-08-02,137451,WDISTUS1,MBBL,2026-09-15T20:19:42+00:00,https://api.eia.gov/v2/petroleum/stoc/wstk/data/
2019-08-09,135513,WDISTUS1,MBBL,2026-09-15T20:19:42+00:00,https://api.eia.gov/v2/petroleum/stoc/wstk/data/
2019-08-16,138123,WDISTUS1,MBBL,2026-09-15T20:19:42+00:00,https://api.eia.gov/v2/petroleum/stoc/wstk/data/
2019-08-23,136060,WDISTUS1,MBBL,2026-09-15T20:19:42+00:00,https://api.eia.gov/v2/petroleum/stoc/wstk/data/
2019-08-30,133522,WDISTUS1,MBBL,2026-09-15T20:19:42+00:00,https://api.eia.gov/v2/petroleum/stoc/wstk/data/
2019-09-06,136226,WDISTUS1,MBBL,2026-09-15T20:19:42+00:00,https://api.eia.gov/v2/petroleum/stoc/wstk/data/
2019-09-13,136663,WDISTUS1,MBBL,2026-09-15T20:19:42+00:00,https://api.eia.gov/v2/petroleum/stoc/wstk/data/
2019-09-20,133685,WDISTUS1,MBBL,2026-09-15T20:19:42+00:00,https://api.eia.gov/v2/petroleum/stoc/wstk/data/
2019-09-27,131267,WDISTUS1,MBBL,2026-09-15T20:19:42+00:00,https://api.eia.gov/v2/petroleum/stoc/wstk/data/
2019-10-04,127324,WDISTUS1,MBBL,2026-09-15T20:19:42+00:00,https://api.eia.gov/v2/petroleum/stoc/wstk/data/
2019-10-11,123501,WDISTUS1,MBBL,2026-09-15T20:19:42+00:00,https://api.eia.gov/v2/petroleum/stoc/wstk/data/
2019-10-18,120786,WDISTUS1,MBBL,2026-09-15T20:19:42+00:00,https://api.eia.gov/v2/petroleum/stoc/wstk/data/
2019-10-25,119754,WDISTUS1,MBBL,2026-09-15T20:19:42+00:00,https://api.eia.gov/v2/petroleum/stoc/wstk/data/
2019-11-01,119132,WDISTUS1,MBBL,2026-09-15T20:19:42+00:00,https://api.eia.gov/v2/petroleum/stoc/wstk/data/
2019-11-08,116655,WDISTUS1,MBBL,2026-09-15T20:19:42+00:00,https://api.eia.gov/v2/petroleum/stoc/wstk/data/
2019-11-15,115681,WDISTUS1,MBBL,2026-09-15T20:19:42+00:00,https://api.eia.gov/v2/petroleum/stoc/wstk/data/
2019-11-22,116406,WDISTUS1,MBBL,2026-09-15T20:19:42+00:00,https://api.eia.gov/v2/petroleum/stoc/wstk/data/
2019-11-29,119469,WDISTUS1,MBBL,2026-09-15T20:19:42+00:00,https://api.eia.gov/v2/petroleum/stoc/wstk/data/
2019-12-06,123587,WDISTUS1,MBBL,2026-09-15T20:19:42+00:00,https://api.eia.gov/v2/petroleum/stoc/wstk/data/
2019-12-13,125096,WDISTUS1,MBBL,2026-09-15T20:19:42+00:00,https://api.eia.gov/v2/petroleum/stoc/wstk/data/
2019-12-20,124944,WDISTUS1,MBBL,2026-09-15T20:19:42+00:00,https://api.eia.gov/v2/petroleum/stoc/wstk/data/
2019-12-27,133720,WDISTUS1,MBBL,2026-09-15T20:19:42+00:00,https://api.eia.gov/v2/petroleum/stoc/wstk/data/
2020-01-03,139050,WDISTUS1,MBBL,2026-09-15T20:19:42+00:00,https://api.eia.gov/v2/petroleum/stoc/wstk/data/
2020-01-10,147221,WDISTUS1,MBBL,2026-09-15T20:19:42+00:00,https://api.eia.gov/v2/petroleum/stoc/wstk/data/
2020-01-17,146036,WDISTUS1,MBBL,2026-09-15T20:19:42+00:00,https://api.eia.gov/v2/petroleum/stoc/wstk/data/
2020-01-24,144747,WDISTUS1,MBBL,2026-09-15T20:19:42+00:00,https://api.eia.gov/v2/petroleum/stoc/wstk/data/
2020-01-31,143235,WDISTUS1,MBBL,2026-09-15T20:19:42+00:00,https://api.eia.gov/v2/petroleum/stoc/wstk/data/
2020-02-07,141222,WDISTUS1,MBBL,2026-09-15T20:19:42+00:00,https://api.eia.gov/v2/petroleum/stoc/wstk/data/
2020-02-14,140587,WDISTUS1,MBBL,2026-09-15T20:19:42+00:00,https://api.eia.gov/v2/petroleum/stoc/wstk/data/
2020-02-21,138472,WDISTUS1,MBBL,2026-09-15T20:19:42+00:00,https://api.eia.gov/v2/petroleum/stoc/wstk/data/
2020-02-28,134464,WDISTUS1,MBBL,2026-09-15T20:19:42+00:00,https://api.eia.gov/v2/petroleum/stoc/wstk/data/
2020-03-06,128060,WDISTUS1,MBBL,2026-09-15T20:19:42+00:00,https://api.eia.gov/v2/petroleum/stoc/wstk/data/
2020-03-13,125120,WDISTUS1,MBBL,2026-09-15T20:19:42+00:00,https://api.eia.gov/v2/petroleum/stoc/wstk/data/
2020-03-20,124442,WDISTUS1,MBBL,2026-09-15T20:19:42+00:00,https://api.eia.gov/v2/petroleum/stoc/wstk/data/
2020-03-27,122248,WDISTUS1,MBBL,2026-09-15T20:19:42+00:00,https://api.eia.gov/v2/petroleum/stoc/wstk/data/
2020-04-03,122724,WDISTUS1,MBBL,2026-09-15T20:19:42+00:00,https://api.eia.gov/v2/petroleum/stoc/wstk/data/
2020-04-10,129004,WDISTUS1,MBBL,2026-09-15T20:19:42+00:00,https://api.eia.gov/v2/petroleum/stoc/wstk/data/
2020-04-17,136880,WDISTUS1,MBBL,2026-09-15T20:19:42+00:00,https://api.eia.gov/v2/petroleum/stoc/wstk/data/
2020-04-24,141972,WDISTUS1,MBBL,2026-09-15T20:19:42+00:00,https://api.eia.gov/v2/petroleum/stoc/wstk/data/
2020-05-01,151490,WDISTUS1,MBBL,2026-09-15T20:19:42+00:00,https://api.eia.gov/v2/petroleum/stoc/wstk/data/
2020-05-08,155001,WDISTUS1,MBBL,2026-09-15T20:19:42+00:00,https://api.eia.gov/v2/petroleum/stoc/wstk/data/
2020-05-15,158832,WDISTUS1,MBBL,2026-09-15T20:19:42+00:00,https://api.eia.gov/v2/petroleum/stoc/wstk/data/
2020-05-22,164327,WDISTUS1,MBBL,2026-09-15T20:19:42+00:00,https://api.eia.gov/v2/petroleum/stoc/wstk/data/
2020-05-29,174261,WDISTUS1,MBBL,2026-09-15T20:19:42+00:00,https://api.eia.gov/v2/petroleum/stoc/wstk/data/
2020-06-05,175829,WDISTUS1,MBBL,2026-09-15T20:19:42+00:00,https://api.eia.gov/v2/petroleum/stoc/wstk/data/
2020-06-12,174471,WDISTUS1,MBBL,2026-09-15T20:19:42+00:00,https://api.eia.gov/v2/petroleum/stoc/wstk/data/
2020-06-19,174720,WDISTUS1,MBBL,2026-09-15T20:19:42+00:00,https://api.eia.gov/v2/petroleum/stoc/wstk/data/
2020-06-26,174127,WDISTUS1,MBBL,2026-09-15T20:19:42+00:00,https://api.eia.gov/v2/petroleum/stoc/wstk/data/
2020-07-03,177262,WDISTUS1,MBBL,2026-09-15T20:19:42+00:00,https://api.eia.gov/v2/petroleum/stoc/wstk/data/
2020-07-10,176809,WDISTUS1,MBBL,2026-09-15T20:19:42+00:00,https://api.eia.gov/v2/petroleum/stoc/wstk/data/
2020-07-17,177883,WDISTUS1,MBBL,2026-09-15T20:19:42+00:00,https://api.eia.gov/v2/petroleum/stoc/wstk/data/
2020-07-24,178386,WDISTUS1,MBBL,2026-09-15T20:19:42+00:00,https://api.eia.gov/v2/petroleum/stoc/wstk/data/
2020-07-31,179977,WDISTUS1,MBBL,2026-09-15T20:19:42+00:00,https://api.eia.gov/v2/petroleum/stoc/wstk/data/
2020-08-07,177655,WDISTUS1,MBBL,2026-09-15T20:19:42+00:00,https://api.eia.gov/v2/petroleum/stoc/wstk/data/
2020-08-14,177807,WDISTUS1,MBBL,2026-09-15T20:19:42+00:00,https://api.eia.gov/v2/petroleum/stoc/wstk/data/
2020-08-21,179195,WDISTUS1,MBBL,2026-09-15T20:19:42+00:00,https://api.eia.gov/v2/petroleum/stoc/wstk/data/
2020-08-28,177520,WDISTUS1,MBBL,2026-09-15T20:19:42+00:00,https://api.eia.gov/v2/petroleum/stoc/wstk/data/
2020-09-04,175845,WDISTUS1,MBBL,2026-09-15T20:19:42+00:00,https://api.eia.gov/v2/petroleum/stoc/wstk/data/
2020-09-11,179306,WDISTUS1,MBBL,2026-09-15T20:19:42+00:00,https://api.eia.gov/v2/petroleum/stoc/wstk/data/
2020-09-18,175942,WDISTUS1,MBBL,2026-09-15T20:19:42+00:00,https://api.eia.gov/v2/petroleum/stoc/wstk/data/
2020-09-25,172758,WDISTUS1,MBBL,2026-09-15T20:19:42+00:00,https://api.eia.gov/v2/petroleum/stoc/wstk/data/
2020-10-02,171796,WDISTUS1,MBBL,2026-09-15T20:19:42+00:00,https://api.eia.gov/v2/petroleum/stoc/wstk/data/
2020-10-09,164551,WDISTUS1,MBBL,2026-09-15T20:19:42+00:00,https://api.eia.gov/v2/petroleum/stoc/wstk/data/
2020-10-16,160719,WDISTUS1,MBBL,2026-09-15T20:19:42+00:00,https://api.eia.gov/v2/petroleum/stoc/wstk/data/
2020-10-23,156228,WDISTUS1,MBBL,2026-09-15T20:19:42+00:00,https://api.eia.gov/v2/petroleum/stoc/wstk/data/
2020-10-30,154644,WDISTUS1,MBBL,2026-09-15T20:19:42+00:00,https://api.eia.gov/v2/petroleum/stoc/wstk/data/
2020-11-06,149289,WDISTUS1,MBBL,2026-09-15T20:19:42+00:00,https://api.eia.gov/v2/petroleum/stoc/wstk/data/
2020-11-13,144073,WDISTUS1,MBBL,2026-09-15T20:19:42+00:00,https://api.eia.gov/v2/petroleum/stoc/wstk/data/
2020-11-20,142632,WDISTUS1,MBBL,2026-09-15T20:19:42+00:00,https://api.eia.gov/v2/petroleum/stoc/wstk/data/
2020-11-27,145870,WDISTUS1,MBBL,2026-09-15T20:19:42+00:00,https://api.eia.gov/v2/petroleum/stoc/wstk/data/
2020-12-04,151092,WDISTUS1,MBBL,2026-09-15T20:19:42+00:00,https://api.eia.gov/v2/petroleum/stoc/wstk/data/
2020-12-11,151259,WDISTUS1,MBBL,2026-09-15T20:19:42+00:00,https://api.eia.gov/v2/petroleum/stoc/wstk/data/
2020-12-18,148934,WDISTUS1,MBBL,2026-09-15T20:19:42+00:00,https://api.eia.gov/v2/petroleum/stoc/wstk/data/
2020-12-25,152029,WDISTUS1,MBBL,2026-09-15T20:19:42+00:00,https://api.eia.gov/v2/petroleum/stoc/wstk/data/
2021-01-01,158419,WDISTUS1,MBBL,2026-09-15T20:19:42+00:00,https://api.eia.gov/v2/petroleum/stoc/wstk/data/
2021-01-08,163205,WDISTUS1,MBBL,2026-09-15T20:19:42+00:00,https://api.eia.gov/v2/petroleum/stoc/wstk/data/
2021-01-15,163662,WDISTUS1,MBBL,2026-09-15T20:19:42+00:00,https://api.eia.gov/v2/petroleum/stoc/wstk/data/
2021-01-22,162847,WDISTUS1,MBBL,2026-09-15T20:19:42+00:00,https://api.eia.gov/v2/petroleum/stoc/wstk/data/
2021-01-29,162838,WDISTUS1,MBBL,2026-09-15T20:19:42+00:00,https://api.eia.gov/v2/petroleum/stoc/wstk/data/
2021-02-05,161106,WDISTUS1,MBBL,2026-09-15T20:19:42+00:00,https://api.eia.gov/v2/petroleum/stoc/wstk/data/
2021-02-12,157684,WDISTUS1,MBBL,2026-09-15T20:19:42+00:00,https://api.eia.gov/v2/petroleum/stoc/wstk/data/
2021-02-19,152715,WDISTUS1,MBBL,2026-09-15T20:19:42+00:00,https://api.eia.gov/v2/petroleum/stoc/wstk/data/
2021-02-26,142996,WDISTUS1,MBBL,2026-09-15T20:19:42+00:00,https://api.eia.gov/v2/petroleum/stoc/wstk/data/
2021-03-05,137492,WDISTUS1,MBBL,2026-09-15T20:19:42+00:00,https://api.eia.gov/v2/petroleum/stoc/wstk/data/
2021-03-12,137747,WDISTUS1,MBBL,2026-09-15T20:19:42+00:00,https://api.eia.gov/v2/petroleum/stoc/wstk/data/
2021-03-19,141553,WDISTUS1,MBBL,2026-09-15T20:19:42+00:00,https://api.eia.gov/v2/petroleum/stoc/wstk/data/
2021-03-26,144095,WDISTUS1,MBBL,2026-09-15T20:19:42+00:00,https://api.eia.gov/v2/petroleum/stoc/wstk/data/
2021-04-02,145547,WDISTUS1,MBBL,2026-09-15T20:19:42+00:00,https://api.eia.gov/v2/petroleum/stoc/wstk/data/
2021-04-09,143464,WDISTUS1,MBBL,2026-09-15T20:19:42+00:00,https://api.eia.gov/v2/petroleum/stoc/wstk/data/
2021-04-16,142391,WDISTUS1,MBBL,2026-09-15T20:19:42+00:00,https://api.eia.gov/v2/petroleum/stoc/wstk/data/
2021-04-23,139049,WDISTUS1,MBBL,2026-09-15T20:19:42+00:00,https://api.eia.gov/v2/petroleum/stoc/wstk/data/
2021-04-30,136153,WDISTUS1,MBBL,2026-09-15T20:19:42+00:00,https://api.eia.gov/v2/petroleum/stoc/wstk/data/
2021-05-07,134419,WDISTUS1,MBBL,2026-09-15T20:19:42+00:00,https://api.eia.gov/v2/petroleum/stoc/wstk/data/
2021-05-14,132095,WDISTUS1,MBBL,2026-09-15T20:19:42+00:00,https://api.eia.gov/v2/petroleum/stoc/wstk/data/
2021-05-21,129082,WDISTUS1,MBBL,2026-09-15T20:19:42+00:00,https://api.eia.gov/v2/petroleum/stoc/wstk/data/
2021-05-28,132802,WDISTUS1,MBBL,2026-09-15T20:19:42+00:00,https://api.eia.gov/v2/petroleum/stoc/wstk/data/
2021-06-04,137214,WDISTUS1,MBBL,2026-09-15T20:19:42+00:00,https://api.eia.gov/v2/petroleum/stoc/wstk/data/
2021-06-11,136191,WDISTUS1,MBBL,2026-09-15T20:19:42+00:00,https://api.eia.gov/v2/petroleum/stoc/wstk/data/
2021-06-18,137945,WDISTUS1,MBBL,2026-09-15T20:19:42+00:00,https://api.eia.gov/v2/petroleum/stoc/wstk/data/
2021-06-25,137076,WDISTUS1,MBBL,2026-09-15T20:19:42+00:00,https://api.eia.gov/v2/petroleum/stoc/wstk/data/
2021-07-02,138692,WDISTUS1,MBBL,2026-09-15T20:19:42+00:00,https://api.eia.gov/v2/petroleum/stoc/wstk/data/
2021-07-09,142349,WDISTUS1,MBBL,2026-09-15T20:19:42+00:00,https://api.eia.gov/v2/petroleum/stoc/wstk/data/
2021-07-16,141000,WDISTUS1,MBBL,2026-09-15T20:19:42+00:00,https://api.eia.gov/v2/petroleum/stoc/wstk/data/
2021-07-23,137912,WDISTUS1,MBBL,2026-09-15T20:19:42+00:00,https://api.eia.gov/v2/petroleum/stoc/wstk/data/
2021-07-30,138744,WDISTUS1,MBBL,2026-09-15T20:19:42+00:00,https://api.eia.gov/v2/petroleum/stoc/wstk/data/
2021-08-06,140511,WDISTUS1,MBBL,2026-09-15T20:19:42+00:00,https://api.eia.gov/v2/petroleum/stoc/wstk/data/
2021-08-13,137814,WDISTUS1,MBBL,2026-09-15T20:19:42+00:00,https://api.eia.gov/v2/petroleum/stoc/wstk/data/
2021-08-20,138459,WDISTUS1,MBBL,2026-09-15T20:19:42+00:00,https://api.eia.gov/v2/petroleum/stoc/wstk/data/
2021-08-27,136727,WDISTUS1,MBBL,2026-09-15T20:19:42+00:00,https://api.eia.gov/v2/petroleum/stoc/wstk/data/
2021-09-03,133586,WDISTUS1,MBBL,2026-09-15T20:19:42+00:00,https://api.eia.gov/v2/petroleum/stoc/wstk/data/
2021-09-10,131897,WDISTUS1,MBBL,2026-09-15T20:19:42+00:00,https://api.eia.gov/v2/petroleum/stoc/wstk/data/
2021-09-17,129343,WDISTUS1,MBBL,2026-09-15T20:19:42+00:00,https://api.eia.gov/v2/petroleum/stoc/wstk/data/
2021-09-24,129727,WDISTUS1,MBBL,2026-09-15T20:19:42+00:00,https://api.eia.gov/v2/petroleum/stoc/wstk/data/
2021-10-01,129331,WDISTUS1,MBBL,2026-09-15T20:19:42+00:00,https://api.eia.gov/v2/petroleum/stoc/wstk/data/
2021-10-08,129307,WDISTUS1,MBBL,2026-09-15T20:19:42+00:00,https://api.eia.gov/v2/petroleum/stoc/wstk/data/
2021-10-15,125394,WDISTUS1,MBBL,2026-09-15T20:19:42+00:00,https://api.eia.gov/v2/petroleum/stoc/wstk/data/
2021-10-22,124962,WDISTUS1,MBBL,2026-09-15T20:19:42+00:00,https://api.eia.gov/v2/petroleum/stoc/wstk/data/
2021-10-29,127122,WDISTUS1,MBBL,2026-09-15T20:19:42+00:00,https://api.eia.gov/v2/petroleum/stoc/wstk/data/
2021-11-05,124509,WDISTUS1,MBBL,2026-09-15T20:19:42+00:00,https://api.eia.gov/v2/petroleum/stoc/wstk/data/
2021-11-12,123685,WDISTUS1,MBBL,2026-09-15T20:19:42+00:00,https://api.eia.gov/v2/petroleum/stoc/wstk/data/
2021-11-19,121717,WDISTUS1,MBBL,2026-09-15T20:19:42+00:00,https://api.eia.gov/v2/petroleum/stoc/wstk/data/
2021-11-26,123877,WDISTUS1,MBBL,2026-09-15T20:19:42+00:00,https://api.eia.gov/v2/petroleum/stoc/wstk/data/
2021-12-03,126610,WDISTUS1,MBBL,2026-09-15T20:19:42+00:00,https://api.eia.gov/v2/petroleum/stoc/wstk/data/
2021-12-10,123758,WDISTUS1,MBBL,2026-09-15T20:19:42+00:00,https://api.eia.gov/v2/petroleum/stoc/wstk/data/
2021-12-17,124154,WDISTUS1,MBBL,2026-09-15T20:19:42+00:00,https://api.eia.gov/v2/petroleum/stoc/wstk/data/
2021-12-24,122428,WDISTUS1,MBBL,2026-09-15T20:19:42+00:00,https://api.eia.gov/v2/petroleum/stoc/wstk/data/
2021-12-31,126846,WDISTUS1,MBBL,2026-09-15T20:19:42+00:00,https://api.eia.gov/v2/petroleum/stoc/wstk/data/
2022-01-07,129383,WDISTUS1,MBBL,2026-09-15T20:19:42+00:00,https://api.eia.gov/v2/petroleum/stoc/wstk/data/
2022-01-14,127952,WDISTUS1,MBBL,2026-09-15T20:19:42+00:00,https://api.eia.gov/v2/petroleum/stoc/wstk/data/
2022-01-21,125154,WDISTUS1,MBBL,2026-09-15T20:19:42+00:00,https://api.eia.gov/v2/petroleum/stoc/wstk/data/
2022-01-28,122744,WDISTUS1,MBBL,2026-09-15T20:19:42+00:00,https://api.eia.gov/v2/petroleum/stoc/wstk/data/
2022-02-04,121814,WDISTUS1,MBBL,2026-09-15T20:19:42+00:00,https://api.eia.gov/v2/petroleum/stoc/wstk/data/
2022-02-11,120262,WDISTUS1,MBBL,2026-09-15T20:19:42+00:00,https://api.eia.gov/v2/petroleum/stoc/wstk/data/
2022-02-18,119678,WDISTUS1,MBBL,2026-09-15T20:19:42+00:00,https://api.eia.gov/v2/petroleum/stoc/wstk/data/
2022-02-25,119104,WDISTUS1,MBBL,2026-09-15T20:19:42+00:00,https://api.eia.gov/v2/petroleum/stoc/wstk/data/
2022-03-04,113874,WDISTUS1,MBBL,2026-09-15T20:19:42+00:00,https://api.eia.gov/v2/petroleum/stoc/wstk/data/
2022-03-11,114206,WDISTUS1,MBBL,2026-09-15T20:19:42+00:00,https://api.eia.gov/v2/petroleum/stoc/wstk/data/
2022-03-18,112135,WDISTUS1,MBBL,2026-09-15T20:19:42+00:00,https://api.eia.gov/v2/petroleum/stoc/wstk/data/
2022-03-25,113530,WDISTUS1,MBBL,2026-09-15T20:19:42+00:00,https://api.eia.gov/v2/petroleum/stoc/wstk/data/
2022-04-01,114301,WDISTUS1,MBBL,2026-09-15T20:19:42+00:00,https://api.eia.gov/v2/petroleum/stoc/wstk/data/
2022-04-08,111399,WDISTUS1,MBBL,2026-09-15T20:19:42+00:00,https://api.eia.gov/v2/petroleum/stoc/wstk/data/
2022-04-15,108735,WDISTUS1,MBBL,2026-09-15T20:19:42+00:00,https://api.eia.gov/v2/petroleum/stoc/wstk/data/
2022-04-22,107286,WDISTUS1,MBBL,2026-09-15T20:19:42+00:00,https://api.eia.gov/v2/petroleum/stoc/wstk/data/
2022-04-29,104942,WDISTUS1,MBBL,2026-09-15T20:19:42+00:00,https://api.eia.gov/v2/petroleum/stoc/wstk/data/
2022-05-06,104029,WDISTUS1,MBBL,2026-09-15T20:19:42+00:00,https://api.eia.gov/v2/petroleum/stoc/wstk/data/
2022-05-13,105264,WDISTUS1,MBBL,2026-09-15T20:19:42+00:00,https://api.eia.gov/v2/petroleum/stoc/wstk/data/
2022-05-20,106921,WDISTUS1,MBBL,2026-09-15T20:19:42+00:00,https://api.eia.gov/v2/petroleum/stoc/wstk/data/
2022-05-27,106392,WDISTUS1,MBBL,2026-09-15T20:19:42+00:00,https://api.eia.gov/v2/petroleum/stoc/wstk/data/
2022-06-03,108984,WDISTUS1,MBBL,2026-09-15T20:19:42+00:00,https://api.eia.gov/v2/petroleum/stoc/wstk/data/
2022-06-10,109709,WDISTUS1,MBBL,2026-09-15T20:19:42+00:00,https://api.eia.gov/v2/petroleum/stoc/wstk/data/
2022-06-17,109842,WDISTUS1,MBBL,2026-09-15T20:19:42+00:00,https://api.eia.gov/v2/petroleum/stoc/wstk/data/
2022-06-24,112401,WDISTUS1,MBBL,2026-09-15T20:19:42+00:00,https://api.eia.gov/v2/petroleum/stoc/wstk/data/
2022-07-01,111135,WDISTUS1,MBBL,2026-09-15T20:19:42+00:00,https://api.eia.gov/v2/petroleum/stoc/wstk/data/
2022-07-08,113803,WDISTUS1,MBBL,2026-09-15T20:19:42+00:00,https://api.eia.gov/v2/petroleum/stoc/wstk/data/
2022-07-15,112508,WDISTUS1,MBBL,2026-09-15T20:19:42+00:00,https://api.eia.gov/v2/petroleum/stoc/wstk/data/
2022-07-22,111724,WDISTUS1,MBBL,2026-09-15T20:19:42+00:00,https://api.eia.gov/v2/petroleum/stoc/wstk/data/
2022-07-29,109324,WDISTUS1,MBBL,2026-09-15T20:19:42+00:00,https://api.eia.gov/v2/petroleum/stoc/wstk/data/
2022-08-05,111490,WDISTUS1,MBBL,2026-09-15T20:19:42+00:00,https://api.eia.gov/v2/petroleum/stoc/wstk/data/
2022-08-12,112256,WDISTUS1,MBBL,2026-09-15T20:19:42+00:00,https://api.eia.gov/v2/petroleum/stoc/wstk/data/
2022-08-19,111594,WDISTUS1,MBBL,2026-09-15T20:19:42+00:00,https://api.eia.gov/v2/petroleum/stoc/wstk/data/
2022-08-26,111706,WDISTUS1,MBBL,2026-09-15T20:19:42+00:00,https://api.eia.gov/v2/petroleum/stoc/wstk/data/
2022-09-02,111801,WDISTUS1,MBBL,2026-09-15T20:19:42+00:00,https://api.eia.gov/v2/petroleum/stoc/wstk/data/
2022-09-09,116020,WDISTUS1,MBBL,2026-09-15T20:19:42+00:00,https://api.eia.gov/v2/petroleum/stoc/wstk/data/
2022-09-16,117250,WDISTUS1,MBBL,2026-09-15T20:19:42+00:00,https://api.eia.gov/v2/petroleum/stoc/wstk/data/
2022-09-23,114359,WDISTUS1,MBBL,2026-09-15T20:19:42+00:00,https://api.eia.gov/v2/petroleum/stoc/wstk/data/
2022-09-30,110916,WDISTUS1,MBBL,2026-09-15T20:19:42+00:00,https://api.eia.gov/v2/petroleum/stoc/wstk/data/
2022-10-07,106063,WDISTUS1,MBBL,2026-09-15T20:19:42+00:00,https://api.eia.gov/v2/petroleum/stoc/wstk/data/
2022-10-14,106187,WDISTUS1,MBBL,2026-09-15T20:19:42+00:00,https://api.eia.gov/v2/petroleum/stoc/wstk/data/
2022-10-21,106357,WDISTUS1,MBBL,2026-09-15T20:19:42+00:00,https://api.eia.gov/v2/petroleum/stoc/wstk/data/
2022-10-28,106784,WDISTUS1,MBBL,2026-09-15T20:19:42+00:00,https://api.eia.gov/v2/petroleum/stoc/wstk/data/
2022-11-04,106263,WDISTUS1,MBBL,2026-09-15T20:19:42+00:00,https://api.eia.gov/v2/petroleum/stoc/wstk/data/
2022-11-11,107383,WDISTUS1,MBBL,2026-09-15T20:19:42+00:00,https://api.eia.gov/v2/petroleum/stoc/wstk/data/
2022-11-18,109101,WDISTUS1,MBBL,2026-09-15T20:19:42+00:00,https://api.eia.gov/v2/petroleum/stoc/wstk/data/
2022-11-25,112648,WDISTUS1,MBBL,2026-09-15T20:19:42+00:00,https://api.eia.gov/v2/petroleum/stoc/wstk/data/
2022-12-02,118807,WDISTUS1,MBBL,2026-09-15T20:19:42+00:00,https://api.eia.gov/v2/petroleum/stoc/wstk/data/
2022-12-09,120171,WDISTUS1,MBBL,2026-09-15T20:19:42+00:00,https://api.eia.gov/v2/petroleum/stoc/wstk/data/
2022-12-16,119929,WDISTUS1,MBBL,2026-09-15T20:19:42+00:00,https://api.eia.gov/v2/petroleum/stoc/wstk/data/
2022-12-23,120212,WDISTUS1,MBBL,2026-09-15T20:19:42+00:00,https://api.eia.gov/v2/petroleum/stoc/wstk/data/
2022-12-30,118785,WDISTUS1,MBBL,2026-09-15T20:19:42+00:00,https://api.eia.gov/v2/petroleum/stoc/wstk/data/
2023-01-06,117716,WDISTUS1,MBBL,2026-09-15T20:19:42+00:00,https://api.eia.gov/v2/petroleum/stoc/wstk/data/
2023-01-13,115777,WDISTUS1,MBBL,2026-09-15T20:19:42+00:00,https://api.eia.gov/v2/petroleum/stoc/wstk/data/
2023-01-20,115270,WDISTUS1,MBBL,2026-09-15T20:19:42+00:00,https://api.eia.gov/v2/petroleum/stoc/wstk/data/
2023-01-27,117590,WDISTUS1,MBBL,2026-09-15T20:19:42+00:00,https://api.eia.gov/v2/petroleum/stoc/wstk/data/
2023-02-03,120522,WDISTUS1,MBBL,2026-09-15T20:19:42+00:00,https://api.eia.gov/v2/petroleum/stoc/wstk/data/
2023-02-10,119237,WDISTUS1,MBBL,2026-09-15T20:19:42+00:00,https://api.eia.gov/v2/petroleum/stoc/wstk/data/
2023-02-17,121935,WDISTUS1,MBBL,2026-09-15T20:19:42+00:00,https://api.eia.gov/v2/petroleum/stoc/wstk/data/
2023-02-24,122114,WDISTUS1,MBBL,2026-09-15T20:19:42+00:00,https://api.eia.gov/v2/petroleum/stoc/wstk/data/
2023-03-03,122252,WDISTUS1,MBBL,2026-09-15T20:19:42+00:00,https://api.eia.gov/v2/petroleum/stoc/wstk/data/
2023-03-10,119715,WDISTUS1,MBBL,2026-09-15T20:19:42+00:00,https://api.eia.gov/v2/petroleum/stoc/wstk/data/
2023-03-17,116402,WDISTUS1,MBBL,2026-09-15T20:19:42+00:00,https://api.eia.gov/v2/petroleum/stoc/wstk/data/
2023-03-24,116683,WDISTUS1,MBBL,2026-09-15T20:19:42+00:00,https://api.eia.gov/v2/petroleum/stoc/wstk/data/
2023-03-31,113051,WDISTUS1,MBBL,2026-09-15T20:19:42+00:00,https://api.eia.gov/v2/petroleum/stoc/wstk/data/
2023-04-07,112445,WDISTUS1,MBBL,2026-09-15T20:19:42+00:00,https://api.eia.gov/v2/petroleum/stoc/wstk/data/
2023-04-14,112090,WDISTUS1,MBBL,2026-09-15T20:19:42+00:00,https://api.eia.gov/v2/petroleum/stoc/wstk/data/
2023-04-21,111513,WDISTUS1,MBBL,2026-09-15T20:19:42+00:00,https://api.eia.gov/v2/petroleum/stoc/wstk/data/
2023-04-28,110323,WDISTUS1,MBBL,2026-09-15T20:19:42+00:00,https://api.eia.gov/v2/petroleum/stoc/wstk/data/
2023-05-05,106153,WDISTUS1,MBBL,2026-09-15T20:19:42+00:00,https://api.eia.gov/v2/petroleum/stoc/wstk/data/
2023-05-12,106233,WDISTUS1,MBBL,2026-09-15T20:19:42+00:00,https://api.eia.gov/v2/petroleum/stoc/wstk/data/
2023-05-19,105672,WDISTUS1,MBBL,2026-09-15T20:19:42+00:00,https://api.eia.gov/v2/petroleum/stoc/wstk/data/
2023-05-26,106657,WDISTUS1,MBBL,2026-09-15T20:19:42+00:00,https://api.eia.gov/v2/petroleum/stoc/wstk/data/
2023-06-02,111731,WDISTUS1,MBBL,2026-09-15T20:19:42+00:00,https://api.eia.gov/v2/petroleum/stoc/wstk/data/
2023-06-09,113854,WDISTUS1,MBBL,2026-09-15T20:19:42+00:00,https://api.eia.gov/v2/petroleum/stoc/wstk/data/
2023-06-16,114288,WDISTUS1,MBBL,2026-09-15T20:19:42+00:00,https://api.eia.gov/v2/petroleum/stoc/wstk/data/
2023-06-23,114411,WDISTUS1,MBBL,2026-09-15T20:19:42+00:00,https://api.eia.gov/v2/petroleum/stoc/wstk/data/
2023-06-30,113366,WDISTUS1,MBBL,2026-09-15T20:19:42+00:00,https://api.eia.gov/v2/petroleum/stoc/wstk/data/
2023-07-07,118181,WDISTUS1,MBBL,2026-09-15T20:19:42+00:00,https://api.eia.gov/v2/petroleum/stoc/wstk/data/
2023-07-14,118194,WDISTUS1,MBBL,2026-09-15T20:19:42+00:00,https://api.eia.gov/v2/petroleum/stoc/wstk/data/
2023-07-21,117949,WDISTUS1,MBBL,2026-09-15T20:19:42+00:00,https://api.eia.gov/v2/petroleum/stoc/wstk/data/
2023-07-28,117153,WDISTUS1,MBBL,2026-09-15T20:19:42+00:00,https://api.eia.gov/v2/petroleum/stoc/wstk/data/
2023-08-04,115447,WDISTUS1,MBBL,2026-09-15T20:19:42+00:00,https://api.eia.gov/v2/petroleum/stoc/wstk/data/
2023-08-11,115743,WDISTUS1,MBBL,2026-09-15T20:19:42+00:00,https://api.eia.gov/v2/petroleum/stoc/wstk/data/
2023-08-18,116688,WDISTUS1,MBBL,2026-09-15T20:19:42+00:00,https://api.eia.gov/v2/petroleum/stoc/wstk/data/
2023-08-25,117923,WDISTUS1,MBBL,2026-09-15T20:19:42+00:00,https://api.eia.gov/v2/petroleum/stoc/wstk/data/
2023-09-01,118602,WDISTUS1,MBBL,2026-09-15T20:19:42+00:00,https://api.eia.gov/v2/petroleum/stoc/wstk/data/
2023-09-08,122533,WDISTUS1,MBBL,2026-09-15T20:19:42+00:00,https://api.eia.gov/v2/petroleum/stoc/wstk/data/
2023-09-15,119666,WDISTUS1,MBBL,2026-09-15T20:19:42+00:00,https://api.eia.gov/v2/petroleum/stoc/wstk/data/
2023-09-22,120064,WDISTUS1,MBBL,2026-09-15T20:19:42+00:00,https://api.eia.gov/v2/petroleum/stoc/wstk/data/
2023-09-29,118795,WDISTUS1,MBBL,2026-09-15T20:19:42+00:00,https://api.eia.gov/v2/petroleum/stoc/wstk/data/
2023-10-06,116958,WDISTUS1,MBBL,2026-09-15T20:19:42+00:00,https://api.eia.gov/v2/petroleum/stoc/wstk/data/
2023-10-13,113773,WDISTUS1,MBBL,2026-09-15T20:19:42+00:00,https://api.eia.gov/v2/petroleum/stoc/wstk/data/
2023-10-20,112087,WDISTUS1,MBBL,2026-09-15T20:19:42+00:00,https://api.eia.gov/v2/petroleum/stoc/wstk/data/
2023-10-27,111295,WDISTUS1,MBBL,2026-09-15T20:19:42+00:00,https://api.eia.gov/v2/petroleum/stoc/wstk/data/
2023-11-03,108001,WDISTUS1,MBBL,2026-09-15T20:19:42+00:00,https://api.eia.gov/v2/petroleum/stoc/wstk/data/
2023-11-10,106579,WDISTUS1,MBBL,2026-09-15T20:19:42+00:00,https://api.eia.gov/v2/petroleum/stoc/wstk/data/
2023-11-17,105561,WDISTUS1,MBBL,2026-09-15T20:19:42+00:00,https://api.eia.gov/v2/petroleum/stoc/wstk/data/
2023-11-24,110778,WDISTUS1,MBBL,2026-09-15T20:19:42+00:00,https://api.eia.gov/v2/petroleum/stoc/wstk/data/
2023-12-01,112045,WDISTUS1,MBBL,2026-09-15T20:19:42+00:00,https://api.eia.gov/v2/petroleum/stoc/wstk/data/
2023-12-08,113539,WDISTUS1,MBBL,2026-09-15T20:19:42+00:00,https://api.eia.gov/v2/petroleum/stoc/wstk/data/
2023-12-15,115024,WDISTUS1,MBBL,2026-09-15T20:19:42+00:00,https://api.eia.gov/v2/petroleum/stoc/wstk/data/
2023-12-22,115765,WDISTUS1,MBBL,2026-09-15T20:19:42+00:00,https://api.eia.gov/v2/petroleum/stoc/wstk/data/
2023-12-29,125855,WDISTUS1,MBBL,2026-09-15T20:19:42+00:00,https://api.eia.gov/v2/petroleum/stoc/wstk/data/
2024-01-05,132383,WDISTUS1,MBBL,2026-09-15T20:19:42+00:00,https://api.eia.gov/v2/petroleum/stoc/wstk/data/
2024-01-12,134753,WDISTUS1,MBBL,2026-09-15T20:19:42+00:00,https://api.eia.gov/v2/petroleum/stoc/wstk/data/
2024-01-19,133336,WDISTUS1,MBBL,2026-09-15T20:19:42+00:00,https://api.eia.gov/v2/petroleum/stoc/wstk/data/
2024-01-26,130795,WDISTUS1,MBBL,2026-09-15T20:19:42+00:00,https://api.eia.gov/v2/petroleum/stoc/wstk/data/
2024-02-02,127574,WDISTUS1,MBBL,2026-09-15T20:19:42+00:00,https://api.eia.gov/v2/petroleum/stoc/wstk/data/
2024-02-09,125659,WDISTUS1,MBBL,2026-09-15T20:19:42+00:00,https://api.eia.gov/v2/petroleum/stoc/wstk/data/
2024-02-16,121651,WDISTUS1,MBBL,2026-09-15T20:19:42+00:00,https://api.eia.gov/v2/petroleum/stoc/wstk/data/
2024-02-23,121141,WDISTUS1,MBBL,2026-09-15T20:19:42+00:00,https://api.eia.gov/v2/petroleum/stoc/wstk/data/
2024-03-01,117010,WDISTUS1,MBBL,2026-09-15T20:19:42+00:00,https://api.eia.gov/v2/petroleum/stoc/wstk/data/
2024-03-08,117898,WDISTUS1,MBBL,2026-09-15T20:19:42+00:00,https://api.eia.gov/v2/petroleum/stoc/wstk/data/
2024-03-15,118522,WDISTUS1,MBBL,2026-09-15T20:19:42+00:00,https://api.eia.gov/v2/petroleum/stoc/wstk/data/
2024-03-22,117337,WDISTUS1,MBBL,2026-09-15T20:19:42+00:00,https://api.eia.gov/v2/petroleum/stoc/wstk/data/
2024-03-29,116069,WDISTUS1,MBBL,2026-09-15T20:19:42+00:00,https://api.eia.gov/v2/petroleum/stoc/wstk/data/
2024-04-05,117728,WDISTUS1,MBBL,2026-09-15T20:19:42+00:00,https://api.eia.gov/v2/petroleum/stoc/wstk/data/
2024-04-12,114968,WDISTUS1,MBBL,2026-09-15T20:19:42+00:00,https://api.eia.gov/v2/petroleum/stoc/wstk/data/
2024-04-19,116582,WDISTUS1,MBBL,2026-09-15T20:19:42+00:00,https://api.eia.gov/v2/petroleum/stoc/wstk/data/
2024-04-26,115850,WDISTUS1,MBBL,2026-09-15T20:19:42+00:00,https://api.eia.gov/v2/petroleum/stoc/wstk/data/
2024-05-03,116410,WDISTUS1,MBBL,2026-09-15T20:19:42+00:00,https://api.eia.gov/v2/petroleum/stoc/wstk/data/
2024-05-10,116365,WDISTUS1,MBBL,2026-09-15T20:19:42+00:00,https://api.eia.gov/v2/petroleum/stoc/wstk/data/
2024-05-17,116744,WDISTUS1,MBBL,2026-09-15T20:19:42+00:00,https://api.eia.gov/v2/petroleum/stoc/wstk/data/
2024-05-24,119288,WDISTUS1,MBBL,2026-09-15T20:19:42+00:00,https://api.eia.gov/v2/petroleum/stoc/wstk/data/
2024-05-31,122485,WDISTUS1,MBBL,2026-09-15T20:19:42+00:00,https://api.eia.gov/v2/petroleum/stoc/wstk/data/
2024-06-07,123366,WDISTUS1,MBBL,2026-09-15T20:19:42+00:00,https://api.eia.gov/v2/petroleum/stoc/wstk/data/
2024-06-14,121640,WDISTUS1,MBBL,2026-09-15T20:19:42+00:00,https://api.eia.gov/v2/petroleum/stoc/wstk/data/
2024-06-21,121263,WDISTUS1,MBBL,2026-09-15T20:19:42+00:00,https://api.eia.gov/v2/petroleum/stoc/wstk/data/
2024-06-28,119728,WDISTUS1,MBBL,2026-09-15T20:19:42+00:00,https://api.eia.gov/v2/petroleum/stoc/wstk/data/
2024-07-05,124612,WDISTUS1,MBBL,2026-09-15T20:19:42+00:00,https://api.eia.gov/v2/petroleum/stoc/wstk/data/
2024-07-12,128066,WDISTUS1,MBBL,2026-09-15T20:19:42+00:00,https://api.eia.gov/v2/petroleum/stoc/wstk/data/
2024-07-19,125313,WDISTUS1,MBBL,2026-09-15T20:19:42+00:00,https://api.eia.gov/v2/petroleum/stoc/wstk/data/
2024-07-26,126847,WDISTUS1,MBBL,2026-09-15T20:19:42+00:00,https://api.eia.gov/v2/petroleum/stoc/wstk/data/
2024-08-02,127796,WDISTUS1,MBBL,2026-09-15T20:19:42+00:00,https://api.eia.gov/v2/petroleum/stoc/wstk/data/
2024-08-09,126123,WDISTUS1,MBBL,2026-09-15T20:19:42+00:00,https://api.eia.gov/v2/petroleum/stoc/wstk/data/
2024-08-16,122811,WDISTUS1,MBBL,2026-09-15T20:19:42+00:00,https://api.eia.gov/v2/petroleum/stoc/wstk/data/
2024-08-23,123086,WDISTUS1,MBBL,2026-09-15T20:19:42+00:00,https://api.eia.gov/v2/petroleum/stoc/wstk/data/
2024-08-30,122715,WDISTUS1,MBBL,2026-09-15T20:19:42+00:00,https://api.eia.gov/v2/petroleum/stoc/wstk/data/
2024-09-06,125023,WDISTUS1,MBBL,2026-09-15T20:19:42+00:00,https://api.eia.gov/v2/petroleum/stoc/wstk/data/
2024-09-13,125148,WDISTUS1,MBBL,2026-09-15T20:19:42+00:00,https://api.eia.gov/v2/petroleum/stoc/wstk/data/
2024-09-20,122921,WDISTUS1,MBBL,2026-09-15T20:19:42+00:00,https://api.eia.gov/v2/petroleum/stoc/wstk/data/
2024-09-27,121637,WDISTUS1,MBBL,2026-09-15T20:19:42+00:00,https://api.eia.gov/v2/petroleum/stoc/wstk/data/
2024-10-04,118513,WDISTUS1,MBBL,2026-09-15T20:19:42+00:00,https://api.eia.gov/v2/petroleum/stoc/wstk/data/
2024-10-11,114979,WDISTUS1,MBBL,2026-09-15T20:19:42+00:00,https://api.eia.gov/v2/petroleum/stoc/wstk/data/
2024-10-18,113839,WDISTUS1,MBBL,2026-09-15T20:19:42+00:00,https://api.eia.gov/v2/petroleum/stoc/wstk/data/
2024-10-25,112862,WDISTUS1,MBBL,2026-09-15T20:19:42+00:00,https://api.eia.gov/v2/petroleum/stoc/wstk/data/
2024-11-01,115809,WDISTUS1,MBBL,2026-09-15T20:19:42+00:00,https://api.eia.gov/v2/petroleum/stoc/wstk/data/
2024-11-08,114415,WDISTUS1,MBBL,2026-09-15T20:19:42+00:00,https://api.eia.gov/v2/petroleum/stoc/wstk/data/
2024-11-15,114301,WDISTUS1,MBBL,2026-09-15T20:19:42+00:00,https://api.eia.gov/v2/petroleum/stoc/wstk/data/
2024-11-22,114717,WDISTUS1,MBBL,2026-09-15T20:19:42+00:00,https://api.eia.gov/v2/petroleum/stoc/wstk/data/
2024-11-29,118100,WDISTUS1,MBBL,2026-09-15T20:19:42+00:00,https://api.eia.gov/v2/petroleum/stoc/wstk/data/
2024-12-06,121335,WDISTUS1,MBBL,2026-09-15T20:19:42+00:00,https://api.eia.gov/v2/petroleum/stoc/wstk/data/
2024-12-13,118155,WDISTUS1,MBBL,2026-09-15T20:19:42+00:00,https://api.eia.gov/v2/petroleum/stoc/wstk/data/
2024-12-20,116461,WDISTUS1,MBBL,2026-09-15T20:19:42+00:00,https://api.eia.gov/v2/petroleum/stoc/wstk/data/
2024-12-27,122867,WDISTUS1,MBBL,2026-09-15T20:19:42+00:00,https://api.eia.gov/v2/petroleum/stoc/wstk/data/
2025-01-03,128938,WDISTUS1,MBBL,2026-09-15T20:19:42+00:00,https://api.eia.gov/v2/petroleum/stoc/wstk/data/
2025-01-10,132015,WDISTUS1,MBBL,2026-09-15T20:19:42+00:00,https://api.eia.gov/v2/petroleum/stoc/wstk/data/
2025-01-17,128945,WDISTUS1,MBBL,2026-09-15T20:19:42+00:00,https://api.eia.gov/v2/petroleum/stoc/wstk/data/
2025-01-24,123951,WDISTUS1,MBBL,2026-09-15T20:19:42+00:00,https://api.eia.gov/v2/petroleum/stoc/wstk/data/
2025-01-31,118480,WDISTUS1,MBBL,2026-09-15T20:19:42+00:00,https://api.eia.gov/v2/petroleum/stoc/wstk/data/
2025-02-07,118615,WDISTUS1,MBBL,2026-09-15T20:19:42+00:00,https://api.eia.gov/v2/petroleum/stoc/wstk/data/
2025-02-14,116564,WDISTUS1,MBBL,2026-09-15T20:19:42+00:00,https://api.eia.gov/v2/petroleum/stoc/wstk/data/
2025-02-21,120472,WDISTUS1,MBBL,2026-09-15T20:19:42+00:00,https://api.eia.gov/v2/petroleum/stoc/wstk/data/
2025-02-28,119154,WDISTUS1,MBBL,2026-09-15T20:19:42+00:00,https://api.eia.gov/v2/petroleum/stoc/wstk/data/
2025-03-07,117595,WDISTUS1,MBBL,2026-09-15T20:19:42+00:00,https://api.eia.gov/v2/petroleum/stoc/wstk/data/
2025-03-14,114783,WDISTUS1,MBBL,2026-09-15T20:19:42+00:00,https://api.eia.gov/v2/petroleum/stoc/wstk/data/
2025-03-21,114362,WDISTUS1,MBBL,2026-09-15T20:19:42+00:00,https://api.eia.gov/v2/petroleum/stoc/wstk/data/
2025-03-28,114626,WDISTUS1,MBBL,2026-09-15T20:19:42+00:00,https://api.eia.gov/v2/petroleum/stoc/wstk/data/
2025-04-04,111082,WDISTUS1,MBBL,2026-09-15T20:19:42+00:00,https://api.eia.gov/v2/petroleum/stoc/wstk/data/
2025-04-11,109231,WDISTUS1,MBBL,2026-09-15T20:19:42+00:00,https://api.eia.gov/v2/petroleum/stoc/wstk/data/
2025-04-18,106878,WDISTUS1,MBBL,2026-09-15T20:19:42+00:00,https://api.eia.gov/v2/petroleum/stoc/wstk/data/
2025-04-25,107815,WDISTUS1,MBBL,2026-09-15T20:19:42+00:00,https://api.eia.gov/v2/petroleum/stoc/wstk/data/
2025-05-02,106708,WDISTUS1,MBBL,2026-09-15T20:19:42+00:00,https://api.eia.gov/v2/petroleum/stoc/wstk/data/
2025-05-09,103553,WDISTUS1,MBBL,2026-09-15T20:19:42+00:00,https://api.eia.gov/v2/petroleum/stoc/wstk/data/
2025-05-16,104132,WDISTUS1,MBBL,2026-09-15T20:19:42+00:00,https://api.eia.gov/v2/petroleum/stoc/wstk/data/
2025-05-23,103408,WDISTUS1,MBBL,2026-09-15T20:19:42+00:00,https://api.eia.gov/v2/petroleum/stoc/wstk/data/
2025-05-30,107638,WDISTUS1,MBBL,2026-09-15T20:19:42+00:00,https://api.eia.gov/v2/petroleum/stoc/wstk/data/
2025-06-06,108884,WDISTUS1,MBBL,2026-09-15T20:19:42+00:00,https://api.eia.gov/v2/petroleum/stoc/wstk/data/
2025-06-13,109398,WDISTUS1,MBBL,2026-09-15T20:19:42+00:00,https://api.eia.gov/v2/petroleum/stoc/wstk/data/
2025-06-20,105332,WDISTUS1,MBBL,2026-09-15T20:19:42+00:00,https://api.eia.gov/v2/petroleum/stoc/wstk/data/
2025-06-27,103622,WDISTUS1,MBBL,2026-09-15T20:19:42+00:00,https://api.eia.gov/v2/petroleum/stoc/wstk/data/
2025-07-04,102797,WDISTUS1,MBBL,2026-09-15T20:19:42+00:00,https://api.eia.gov/v2/petroleum/stoc/wstk/data/
2025-07-11,106970,WDISTUS1,MBBL,2026-09-15T20:19:42+00:00,https://api.eia.gov/v2/petroleum/stoc/wstk/data/
2025-07-18,109901,WDISTUS1,MBBL,2026-09-15T20:19:42+00:00,https://api.eia.gov/v2/petroleum/stoc/wstk/data/
2025-07-25,113536,WDISTUS1,MBBL,2026-09-15T20:19:42+00:00,https://api.eia.gov/v2/petroleum/stoc/wstk/data/
2025-08-01,112971,WDISTUS1,MBBL,2026-09-15T20:19:42+00:00,https://api.eia.gov/v2/petroleum/stoc/wstk/data/
2025-08-08,113685,WDISTUS1,MBBL,2026-09-15T20:19:42+00:00,https://api.eia.gov/v2/petroleum/stoc/wstk/data/
2025-08-15,116028,WDISTUS1,MBBL,2026-09-15T20:19:42+00:00,https://api.eia.gov/v2/petroleum/stoc/wstk/data/
2025-08-22,114242,WDISTUS1,MBBL,2026-09-15T20:19:42+00:00,https://api.eia.gov/v2/petroleum/stoc/wstk/data/
2025-08-29,115923,WDISTUS1,MBBL,2026-09-15T20:19:42+00:00,https://api.eia.gov/v2/petroleum/stoc/wstk/data/
2025-09-05,120638,WDISTUS1,MBBL,2026-09-15T20:19:42+00:00,https://api.eia.gov/v2/petroleum/stoc/wstk/data/
2025-09-12,124684,WDISTUS1,MBBL,2026-09-15T20:19:42+00:00,https://api.eia.gov/v2/petroleum/stoc/wstk/data/
2025-09-19,122999,WDISTUS1,MBBL,2026-09-15T20:19:42+00:00,https://api.eia.gov/v2/petroleum/stoc/wstk/data/
2025-09-26,123577,WDISTUS1,MBBL,2026-09-15T20:19:42+00:00,https://api.eia.gov/v2/petroleum/stoc/wstk/data/
2025-10-03,121559,WDISTUS1,MBBL,2026-09-15T20:19:42+00:00,https://api.eia.gov/v2/petroleum/stoc/wstk/data/
2025-10-10,117030,WDISTUS1,MBBL,2026-09-15T20:19:42+00:00,https://api.eia.gov/v2/petroleum/stoc/wstk/data/
2025-10-17,115551,WDISTUS1,MBBL,2026-09-15T20:19:42+00:00,https://api.eia.gov/v2/petroleum/stoc/wstk/data/
2025-10-24,112189,WDISTUS1,MBBL,2026-09-15T20:19:42+00:00,https://api.eia.gov/v2/petroleum/stoc/wstk/data/
2025-10-31,111546,WDISTUS1,MBBL,2026-09-15T20:19:42+00:00,https://api.eia.gov/v2/petroleum/stoc/wstk/data/
2025-11-07,110909,WDISTUS1,MBBL,2026-09-15T20:19:42+00:00,https://api.eia.gov/v2/petroleum/stoc/wstk/data/
2025-11-14,111080,WDISTUS1,MBBL,2026-09-15T20:19:42+00:00,https://api.eia.gov/v2/petroleum/stoc/wstk/data/
2025-11-21,112227,WDISTUS1,MBBL,2026-09-15T20:19:42+00:00,https://api.eia.gov/v2/petroleum/stoc/wstk/data/
2025-11-28,114286,WDISTUS1,MBBL,2026-09-15T20:19:42+00:00,https://api.eia.gov/v2/petroleum/stoc/wstk/data/
2025-12-05,116788,WDISTUS1,MBBL,2026-09-15T20:19:42+00:00,https://api.eia.gov/v2/petroleum/stoc/wstk/data/
2025-12-12,118500,WDISTUS1,MBBL,2026-09-15T20:19:42+00:00,https://api.eia.gov/v2/petroleum/stoc/wstk/data/
2025-12-19,118702,WDISTUS1,MBBL,2026-09-15T20:19:42+00:00,https://api.eia.gov/v2/petroleum/stoc/wstk/data/
2025-12-26,123679,WDISTUS1,MBBL,2026-09-15T20:19:42+00:00,https://api.eia.gov/v2/petroleum/stoc/wstk/data/
2026-01-02,129273,WDISTUS1,MBBL,2026-09-15T20:19:42+00:00,https://api.eia.gov/v2/petroleum/stoc/wstk/data/
2026-01-09,129244,WDISTUS1,MBBL,2026-09-15T20:19:42+00:00,https://api.eia.gov/v2/petroleum/stoc/wstk/data/
2026-01-16,132592,WDISTUS1,MBBL,2026-09-15T20:19:42+00:00,https://api.eia.gov/v2/petroleum/stoc/wstk/data/
2026-01-23,132921,WDISTUS1,MBBL,2026-09-15T20:19:42+00:00,https://api.eia.gov/v2/petroleum/stoc/wstk/data/
2026-01-30,127368,WDISTUS1,MBBL,2026-09-15T20:19:42+00:00,https://api.eia.gov/v2/petroleum/stoc/wstk/data/
2026-02-06,124665,WDISTUS1,MBBL,2026-09-15T20:19:42+00:00,https://api.eia.gov/v2/petroleum/stoc/wstk/data/
2026-02-13,120099,WDISTUS1,MBBL,2026-09-15T20:19:42+00:00,https://api.eia.gov/v2/petroleum/stoc/wstk/data/
2026-02-20,120351,WDISTUS1,MBBL,2026-09-15T20:19:42+00:00,https://api.eia.gov/v2/petroleum/stoc/wstk/data/
2026-02-27,120780,WDISTUS1,MBBL,2026-09-15T20:19:42+00:00,https://api.eia.gov/v2/petroleum/stoc/wstk/data/
2026-03-06,119431,WDISTUS1,MBBL,2026-09-15T20:19:42+00:00,https://api.eia.gov/v2/petroleum/stoc/wstk/data/
2026-03-13,116904,WDISTUS1,MBBL,2026-09-15T20:19:42+00:00,https://api.eia.gov/v2/petroleum/stoc/wstk/data/
2026-03-20,119936,WDISTUS1,MBBL,2026-09-15T20:19:42+00:00,https://api.eia.gov/v2/petroleum/stoc/wstk/data/
2026-03-27,117825,WDISTUS1,MBBL,2026-09-15T20:19:42+00:00,https://api.eia.gov/v2/petroleum/stoc/wstk/data/
2026-04-03,114681,WDISTUS1,MBBL,2026-09-15T20:19:42+00:00,https://api.eia.gov/v2/petroleum/stoc/wstk/data/
2026-04-10,111559,WDISTUS1,MBBL,2026-09-15T20:19:42+00:00,https://api.eia.gov/v2/petroleum/stoc/wstk/data/
2026-04-17,108132,WDISTUS1,MBBL,2026-09-15T20:19:42+00:00,https://api.eia.gov/v2/petroleum/stoc/wstk/data/
2026-04-24,103638,WDISTUS1,MBBL,2026-09-15T20:19:42+00:00,https://api.eia.gov/v2/petroleum/stoc/wstk/data/
2026-05-01,102344,WDISTUS1,MBBL,2026-09-15T20:19:42+00:00,https://api.eia.gov/v2/petroleum/stoc/wstk/data/
2026-05-08,102534,WDISTUS1,MBBL,2026-09-15T20:19:42+00:00,https://api.eia.gov/v2/petroleum/stoc/wstk/data/
2026-05-15,102906,WDISTUS1,MBBL,2026-09-15T20:19:42+00:00,https://api.eia.gov/v2/petroleum/stoc/wstk/data/
2026-05-22,100799,WDISTUS1,MBBL,2026-09-15T20:19:42+00:00,https://api.eia.gov/v2/petroleum/stoc/wstk/data/
2026-05-29,102301,WDISTUS1,MBBL,2026-09-15T20:19:42+00:00,https://api.eia.gov/v2/petroleum/stoc/wstk/data/
2026-06-05,102101,WDISTUS1,MBBL,2026-09-15T20:19:42+00:00,https://api.eia.gov/v2/petroleum/stoc/wstk/data/
2026-06-12,103052,WDISTUS1,MBBL,2026-09-15T20:19:42+00:00,https://api.eia.gov/v2/petroleum/stoc/wstk/data/
2026-06-19,106116,WDISTUS1,MBBL,2026-09-15T20:19:42+00:00,https://api.eia.gov/v2/petroleum/stoc/wstk/data/
2026-06-26,108599,WDISTUS1,MBBL,2026-09-15T20:19:42+00:00,https://api.eia.gov/v2/petroleum/stoc/wstk/data/
2026-07-03,103619,WDISTUS1,MBBL,2026-09-15T20:19:42+00:00,https://api.eia.gov/v2/petroleum/stoc/wstk/data/
2026-07-10,108175,WDISTUS1,MBBL,2026-09-15T20:19:42+00:00,https://api.eia.gov/v2/petroleum/stoc/wstk/data/
2026-07-17,109570,WDISTUS1,MBBL,2026-09-15T20:19:42+00:00,https://api.eia.gov/v2/petroleum/stoc/wstk/data/
2026-07-24,110632,WDISTUS1,MBBL,2026-09-15T20:19:42+00:00,https://api.eia.gov/v2/petroleum/stoc/wstk/data/
2026-07-31,107159,WDISTUS1,MBBL,2026-09-15T20:19:42+00:00,https://api.eia.gov/v2/petroleum/stoc/wstk/data/
2026-08-07,107149,WDISTUS1,MBBL,2026-09-15T20:19:42+00:00,https://api.eia.gov/v2/petroleum/stoc/wstk/data/
2026-08-14,105619,WDISTUS1,MBBL,2026-09-15T20:19:42+00:00,https://api.eia.gov/v2/petroleum/stoc/wstk/data/
2026-08-21,103391,WDISTUS1,MBBL,2026-09-15T20:19:42+00:00,https://api.eia.gov/v2/petroleum/stoc/wstk/data/
2026-08-28,104187,WDISTUS1,MBBL,2026-09-15T20:19:42+00:00,https://api.eia.gov/v2/petroleum/stoc/wstk/data/
2026-09-04,106274,WDISTUS1,MBBL,2026-09-15T20:19:42+00:00,https://api.eia.gov/v2/petroleum/stoc/wstk/data/
