period,value,series,units,retrieved_at,source_url
2007-01-05,213295,WGTSTUS1,MBBL,2026-09-15T20:19:42+00:00,https://api.eia.gov/v2/petroleum/stoc/wstk/data/
2007-01-12,216786,WGTSTUS1,MBBL,2026-09-15T20:19:42+00:00,https://api.eia.gov/v2/petroleum/stoc/wstk/data/
2007-01-19,220795,WGTSTUS1,MBBL,2026-09-15T20:19:42+00:00,https://api.eia.gov/v2/petroleum/stoc/wstk/data/
2007-01-26,224614,WGTSTUS1,MBBL,2026-09-15T20:19:42+00:00,https://api.eia.gov/v2/petroleum/stoc/wstk/data/
2007-02-02,227214,WGTSTUS1,MBBL,2026-09-15T20:19:42+00:00,https://api.eia.gov/v2/petroleum/stoc/wstk/data/
2007-02-09,225156,WGTSTUS1,MBBL,2026-09-15T20:19:42+00:00,https://api.eia.gov/v2/petroleum/stoc/wstk/data/
2007-02-16,222115,WGTSTUS1,MBBL,2026-09-15T20:19:42+00:00,https://api.eia.gov/v2/petroleum/stoc/wstk/data/
2007-02-23,220175,WGTSTUS1,MBBL,2026-09-15T20:19:42+00:00,https://api.eia.gov/v2/petroleum/stoc/wstk/data/
2007-03-02,216425,WGTSTUS1,MBBL,2026-09-15T20:19:42+00:00,https://api.eia.gov/v2/petroleum/stoc/wstk/data/
2007-03-09,213939,WGTSTUS1,MBBL,2026-09-15T20:19:42+00:00,https://api.eia.gov/v2/petroleum/stoc/wstk/data/
2007-03-16,210489,WGTSTUS1,MBBL,2026-09-15T20:19:42+00:00,https://api.eia.gov/v2/petroleum/stoc/wstk/data/
2007-03-23,210231,WGTSTUS1,MBBL,2026-09-15T20:19:42+00:00,https://api.eia.gov/v2/petroleum/stoc/wstk/data/
2007-03-30,205201,WGTSTUS1,MBBL,2026-09-15T20:19:42+00:00,https://api.eia.gov/v2/petroleum/stoc/wstk/data/
2007-04-06,199725,WGTSTUS1,MBBL,2026-09-15T20:19:42+00:00,https://api.eia.gov/v2/petroleum/stoc/wstk/data/
2007-04-13,197007,WGTSTUS1,MBBL,2026-09-15T20:19:42+00:00,https://api.eia.gov/v2/petroleum/stoc/wstk/data/
2007-04-20,194214,WGTSTUS1,MBBL,2026-09-15T20:19:42+00:00,https://api.eia.gov/v2/petroleum/stoc/wstk/data/
2007-04-27,193099,WGTSTUS1,MBBL,2026-09-15T20:19:42+00:00,https://api.eia.gov/v2/petroleum/stoc/wstk/data/
2007-05-04,193471,WGTSTUS1,MBBL,2026-09-15T20:19:42+00:00,https://api.eia.gov/v2/petroleum/stoc/wstk/data/
2007-05-11,195235,WGTSTUS1,MBBL,2026-09-15T20:19:42+00:00,https://api.eia.gov/v2/petroleum/stoc/wstk/data/
2007-05-18,196666,WGTSTUS1,MBBL,2026-09-15T20:19:42+00:00,https://api.eia.gov/v2/petroleum/stoc/wstk/data/
2007-05-25,198027,WGTSTUS1,MBBL,2026-09-15T20:19:42+00:00,https://api.eia.gov/v2/petroleum/stoc/wstk/data/
2007-06-01,201537,WGTSTUS1,MBBL,2026-09-15T20:19:42+00:00,https://api.eia.gov/v2/petroleum/stoc/wstk/data/
2007-06-08,201540,WGTSTUS1,MBBL,2026-09-15T20:19:42+00:00,https://api.eia.gov/v2/petroleum/stoc/wstk/data/
2007-06-15,203331,WGTSTUS1,MBBL,2026-09-15T20:19:42+00:00,https://api.eia.gov/v2/petroleum/stoc/wstk/data/
2007-06-22,202582,WGTSTUS1,MBBL,2026-09-15T20:19:42+00:00,https://api.eia.gov/v2/petroleum/stoc/wstk/data/
2007-06-29,204433,WGTSTUS1,MBBL,2026-09-15T20:19:42+00:00,https://api.eia.gov/v2/petroleum/stoc/wstk/data/
2007-07-06,205576,WGTSTUS1,MBBL,2026-09-15T20:19:42+00:00,https://api.eia.gov/v2/petroleum/stoc/wstk/data/
2007-07-13,203341,WGTSTUS1,MBBL,2026-09-15T20:19:42+00:00,https://api.eia.gov/v2/petroleum/stoc/wstk/data/
2007-07-20,204134,WGTSTUS1,MBBL,2026-09-15T20:19:42+00:00,https://api.eia.gov/v2/petroleum/stoc/wstk/data/
2007-07-27,204720,WGTSTUS1,MBBL,2026-09-15T20:19:42+00:00,https://api.eia.gov/v2/petroleum/stoc/wstk/data/
2007-08-03,202997,WGTSTUS1,MBBL,2026-09-15T20:19:42+00:00,https://api.eia.gov/v2/petroleum/stoc/wstk/data/
2007-08-10,201940,WGTSTUS1,MBBL,2026-09-15T20:19:42+00:00,https://api.eia.gov/v2/petroleum/stoc/wstk/data/
2007-08-17,196231,WGTSTUS1,MBBL,2026-09-15T20:19:42+00:00,https://api.eia.gov/v2/petroleum/stoc/wstk/data/
2007-08-24,192564,WGTSTUS1,MBBL,2026-09-15T20:19:42+00:00,https://api.eia.gov/v2/petroleum/stoc/wstk/data/
2007-08-31,191083,WGTSTUS1,MBBL,2026-09-15T20:19:42+00:00,https://api.eia.gov/v2/petroleum/stoc/wstk/data/
2007-09-07,190417,WGTSTUS1,MBBL,2026-09-15T20:19:42+00:00,https://api.eia.gov/v2/petroleum/stoc/wstk/data/
2007-09-14,190834,WGTSTUS1,MBBL,2026-09-15T20:19:42+00:00,https://api.eia.gov/v2/petroleum/stoc/wstk/data/
2007-09-21,191366,WGTSTUS1,MBBL,2026-09-15T20:19:42+00:00,https://api.eia.gov/v2/petroleum/stoc/wstk/data/
2007-09-28,191325,WGTSTUS1,MBBL,2026-09-15T20:19:42+00:00,https://api.eia.gov/v2/petroleum/stoc/wstk/data/
2007-10-05,193000,WGTSTUS1,MBBL,2026-09-15T20:19:42+00:00,https://api.eia.gov/v2/petroleum/stoc/wstk/data/
2007-10-12,195768,WGTSTUS1,MBBL,2026-09-15T20:19:42+00:00,https://api.eia.gov/v2/petroleum/stoc/wstk/data/
2007-10-19,193837,WGTSTUS1,MBBL,2026-09-15T20:19:42+00:00,https://api.eia.gov/v2/petroleum/stoc/wstk/data/
2007-10-26,195132,WGTSTUS1,MBBL,2026-09-15T20:19:42+00:00,https://api.eia.gov/v2/petroleum/stoc/wstk/data/
2007-11-02,194313,WGTSTUS1,MBBL,2026-09-15T20:19:42+00:00,https://api.eia.gov/v2/petroleum/stoc/wstk/data/
2007-11-09,195027,WGTSTUS1,MBBL,2026-09-15T20:19:42+00:00,https://api.eia.gov/v2/petroleum/stoc/wstk/data/
2007-11-16,195190,WGTSTUS1,MBBL,2026-09-15T20:19:42+00:00,https://api.eia.gov/v2/petroleum/stoc/wstk/data/
2007-11-23,196628,WGTSTUS1,MBBL,2026-09-15T20:19:42+00:00,https://api.eia.gov/v2/petroleum/stoc/wstk/data/
2007-11-30,200623,WGTSTUS1,MBBL,2026-09-15T20:19:42+00:00,https://api.eia.gov/v2/petroleum/stoc/wstk/data/
2007-12-07,202241,WGTSTUS1,MBBL,2026-09-15T20:19:42+00:00,https://api.eia.gov/v2/petroleum/stoc/wstk/data/
2007-12-14,205221,WGTSTUS1,MBBL,2026-09-15T20:19:42+00:00,https://api.eia.gov/v2/petroleum/stoc/wstk/data/
2007-12-21,205857,WGTSTUS1,MBBL,2026-09-15T20:19:42+00:00,https://api.eia.gov/v2/petroleum/stoc/wstk/data/
2007-12-28,207842,WGTSTUS1,MBBL,2026-09-15T20:19:42+00:00,https://api.eia.gov/v2/petroleum/stoc/wstk/data/
2008-01-04,213063,WGTSTUS1,MBBL,2026-09-15T20:19:42+00:00,https://api.eia.gov/v2/petroleum/stoc/wstk/data/
2008-01-11,215256,WGTSTUS1,MBBL,2026-09-15T20:19:42+00:00,https://api.eia.gov/v2/petroleum/stoc/wstk/data/
2008-01-18,220341,WGTSTUS1,MBBL,2026-09-15T20:19:42+00:00,https://api.eia.gov/v2/petroleum/stoc/wstk/data/
2008-01-25,223899,WGTSTUS1,MBBL,2026-09-15T20:19:42+00:00,https://api.eia.gov/v2/petroleum/stoc/wstk/data/
2008-02-01,227487,WGTSTUS1,MBBL,2026-09-15T20:19:42+00:00,https://api.eia.gov/v2/petroleum/stoc/wstk/data/
2008-02-08,229236,WGTSTUS1,MBBL,2026-09-15T20:19:42+00:00,https://api.eia.gov/v2/petroleum/stoc/wstk/data/
2008-02-15,230264,WGTSTUS1,MBBL,2026-09-15T20:19:42+00:00,https://api.eia.gov/v2/petroleum/stoc/wstk/data/
2008-02-22,232619,WGTSTUS1,MBBL,2026-09-15T20:19:42+00:00,https://api.eia.gov/v2/petroleum/stoc/wstk/data/
2008-02-29,234276,WGTSTUS1,MBBL,2026-09-15T20:19:42+00:00,https://api.eia.gov/v2/petroleum/stoc/wstk/data/
2008-03-07,235967,WGTSTUS1,MBBL,2026-09-15T20:19:42+00:00,https://api.eia.gov/v2/petroleum/stoc/wstk/data/
2008-03-14,232520,WGTSTUS1,MBBL,2026-09-15T20:19:42+00:00,https://api.eia.gov/v2/petroleum/stoc/wstk/data/
2008-03-21,229235,WGTSTUS1,MBBL,2026-09-15T20:19:42+00:00,https://api.eia.gov/v2/petroleum/stoc/wstk/data/
2008-03-28,224710,WGTSTUS1,MBBL,2026-09-15T20:19:42+00:00,https://api.eia.gov/v2/petroleum/stoc/wstk/data/
2008-04-04,221268,WGTSTUS1,MBBL,2026-09-15T20:19:42+00:00,https://api.eia.gov/v2/petroleum/stoc/wstk/data/
2008-04-11,215751,WGTSTUS1,MBBL,2026-09-15T20:19:42+00:00,https://api.eia.gov/v2/petroleum/stoc/wstk/data/
2008-04-18,212572,WGTSTUS1,MBBL,2026-09-15T20:19:42+00:00,https://api.eia.gov/v2/petroleum/stoc/wstk/data/
2008-04-25,211089,WGTSTUS1,MBBL,2026-09-15T20:19:42+00:00,https://api.eia.gov/v2/petroleum/stoc/wstk/data/
2008-05-02,211883,WGTSTUS1,MBBL,2026-09-15T20:19:42+00:00,https://api.eia.gov/v2/petroleum/stoc/wstk/data/
2008-05-09,210168,WGTSTUS1,MBBL,2026-09-15T20:19:42+00:00,https://api.eia.gov/v2/petroleum/stoc/wstk/data/
2008-05-16,209413,WGTSTUS1,MBBL,2026-09-15T20:19:42+00:00,https://api.eia.gov/v2/petroleum/stoc/wstk/data/
2008-05-23,206155,WGTSTUS1,MBBL,2026-09-15T20:19:42+00:00,https://api.eia.gov/v2/petroleum/stoc/wstk/data/
2008-05-30,209090,WGTSTUS1,MBBL,2026-09-15T20:19:42+00:00,https://api.eia.gov/v2/petroleum/stoc/wstk/data/
2008-06-06,210088,WGTSTUS1,MBBL,2026-09-15T20:19:42+00:00,https://api.eia.gov/v2/petroleum/stoc/wstk/data/
2008-06-13,208910,WGTSTUS1,MBBL,2026-09-15T20:19:42+00:00,https://api.eia.gov/v2/petroleum/stoc/wstk/data/
2008-06-20,208757,WGTSTUS1,MBBL,2026-09-15T20:19:42+00:00,https://api.eia.gov/v2/petroleum/stoc/wstk/data/
2008-06-27,210857,WGTSTUS1,MBBL,2026-09-15T20:19:42+00:00,https://api.eia.gov/v2/petroleum/stoc/wstk/data/
2008-07-04,211766,WGTSTUS1,MBBL,2026-09-15T20:19:42+00:00,https://api.eia.gov/v2/petroleum/stoc/wstk/data/
2008-07-11,214238,WGTSTUS1,MBBL,2026-09-15T20:19:42+00:00,https://api.eia.gov/v2/petroleum/stoc/wstk/data/
2008-07-18,217085,WGTSTUS1,MBBL,2026-09-15T20:19:42+00:00,https://api.eia.gov/v2/petroleum/stoc/wstk/data/
2008-07-25,213560,WGTSTUS1,MBBL,2026-09-15T20:19:42+00:00,https://api.eia.gov/v2/petroleum/stoc/wstk/data/
2008-08-01,209216,WGTSTUS1,MBBL,2026-09-15T20:19:42+00:00,https://api.eia.gov/v2/petroleum/stoc/wstk/data/
2008-08-08,202822,WGTSTUS1,MBBL,2026-09-15T20:19:42+00:00,https://api.eia.gov/v2/petroleum/stoc/wstk/data/
2008-08-15,196620,WGTSTUS1,MBBL,2026-09-15T20:19:42+00:00,https://api.eia.gov/v2/petroleum/stoc/wstk/data/
2008-08-22,195441,WGTSTUS1,MBBL,2026-09-15T20:19:42+00:00,https://api.eia.gov/v2/petroleum/stoc/wstk/data/
2008-08-29,194404,WGTSTUS1,MBBL,2026-09-15T20:19:42+00:00,https://api.eia.gov/v2/petroleum/stoc/wstk/data/
2008-09-05,187942,WGTSTUS1,MBBL,2026-09-15T20:19:42+00:00,https://api.eia.gov/v2/petroleum/stoc/wstk/data/
2008-09-12,184634,WGTSTUS1,MBBL,2026-09-15T20:19:42+00:00,https://api.eia.gov/v2/petroleum/stoc/wstk/data/
2008-09-19,178739,WGTSTUS1,MBBL,2026-09-15T20:19:42+00:00,https://api.eia.gov/v2/petroleum/stoc/wstk/data/
2008-09-26,179640,WGTSTUS1,MBBL,2026-09-15T20:19:42+00:00,https://api.eia.gov/v2/petroleum/stoc/wstk/data/
2008-10-03,186815,WGTSTUS1,MBBL,2026-09-15T20:19:42+00:00,https://api.eia.gov/v2/petroleum/stoc/wstk/data/
2008-10-10,193788,WGTSTUS1,MBBL,2026-09-15T20:19:42+00:00,https://api.eia.gov/v2/petroleum/stoc/wstk/data/
2008-10-17,196497,WGTSTUS1,MBBL,2026-09-15T20:19:42+00:00,https://api.eia.gov/v2/petroleum/stoc/wstk/data/
2008-10-24,194990,WGTSTUS1,MBBL,2026-09-15T20:19:42+00:00,https://api.eia.gov/v2/petroleum/stoc/wstk/data/
2008-10-31,196113,WGTSTUS1,MBBL,2026-09-15T20:19:42+00:00,https://api.eia.gov/v2/petroleum/stoc/wstk/data/
2008-11-07,198095,WGTSTUS1,MBBL,2026-09-15T20:19:42+00:00,https://api.eia.gov/v2/petroleum/stoc/wstk/data/
2008-11-14,198634,WGTSTUS1,MBBL,2026-09-15T20:19:42+00:00,https://api.eia.gov/v2/petroleum/stoc/wstk/data/
2008-11-21,200476,WGTSTUS1,MBBL,2026-09-15T20:19:42+00:00,https://api.eia.gov/v2/petroleum/stoc/wstk/data/
2008-11-28,198942,WGTSTUS1,MBBL,2026-09-15T20:19:42+00:00,https://api.eia.gov/v2/petroleum/stoc/wstk/data/
2008-12-05,202664,WGTSTUS1,MBBL,2026-09-15T20:19:42+00:00,https://api.eia.gov/v2/petroleum/stoc/wstk/data/
2008-12-12,203959,WGTSTUS1,MBBL,2026-09-15T20:19:42+00:00,https://api.eia.gov/v2/petroleum/stoc/wstk/data/
2008-12-19,207295,WGTSTUS1,MBBL,2026-09-15T20:19:42+00:00,https://api.eia.gov/v2/petroleum/stoc/wstk/data/
2008-12-26,208103,WGTSTUS1,MBBL,2026-09-15T20:19:42+00:00,https://api.eia.gov/v2/petroleum/stoc/wstk/data/
2009-01-02,211437,WGTSTUS1,MBBL,2026-09-15T20:19:42+00:00,https://api.eia.gov/v2/petroleum/stoc/wstk/data/
2009-01-09,213505,WGTSTUS1,MBBL,2026-09-15T20:19:42+00:00,https://api.eia.gov/v2/petroleum/stoc/wstk/data/
2009-01-16,219980,WGTSTUS1,MBBL,2026-09-15T20:19:42+00:00,https://api.eia.gov/v2/petroleum/stoc/wstk/data/
2009-01-23,219859,WGTSTUS1,MBBL,2026-09-15T20:19:42+00:00,https://api.eia.gov/v2/petroleum/stoc/wstk/data/
2009-01-30,220221,WGTSTUS1,MBBL,2026-09-15T20:19:42+00:00,https://api.eia.gov/v2/petroleum/stoc/wstk/data/
2009-02-06,217559,WGTSTUS1,MBBL,2026-09-15T20:19:42+00:00,https://api.eia.gov/v2/petroleum/stoc/wstk/data/
2009-02-13,218664,WGTSTUS1,MBBL,2026-09-15T20:19:42+00:00,https://api.eia.gov/v2/petroleum/stoc/wstk/data/
2009-02-20,215342,WGTSTUS1,MBBL,2026-09-15T20:19:42+00:00,https://api.eia.gov/v2/petroleum/stoc/wstk/data/
2009-02-27,215510,WGTSTUS1,MBBL,2026-09-15T20:19:42+00:00,https://api.eia.gov/v2/petroleum/stoc/wstk/data/
2009-03-06,212517,WGTSTUS1,MBBL,2026-09-15T20:19:42+00:00,https://api.eia.gov/v2/petroleum/stoc/wstk/data/
2009-03-13,215712,WGTSTUS1,MBBL,2026-09-15T20:19:42+00:00,https://api.eia.gov/v2/petroleum/stoc/wstk/data/
2009-03-20,214568,WGTSTUS1,MBBL,2026-09-15T20:19:42+00:00,https://api.eia.gov/v2/petroleum/stoc/wstk/data/
2009-03-27,216793,WGTSTUS1,MBBL,2026-09-15T20:19:42+00:00,https://api.eia.gov/v2/petroleum/stoc/wstk/data/
2009-04-03,217449,WGTSTUS1,MBBL,2026-09-15T20:19:42+00:00,https://api.eia.gov/v2/petroleum/stoc/wstk/data/
2009-04-10,216505,WGTSTUS1,MBBL,2026-09-15T20:19:42+00:00,https://api.eia.gov/v2/petroleum/stoc/wstk/data/
2009-04-17,217307,WGTSTUS1,MBBL,2026-09-15T20:19:42+00:00,https://api.eia.gov/v2/petroleum/stoc/wstk/data/
2009-04-24,212612,WGTSTUS1,MBBL,2026-09-15T20:19:42+00:00,https://api.eia.gov/v2/petroleum/stoc/wstk/data/
2009-05-01,212445,WGTSTUS1,MBBL,2026-09-15T20:19:42+00:00,https://api.eia.gov/v2/petroleum/stoc/wstk/data/
2009-05-08,208291,WGTSTUS1,MBBL,2026-09-15T20:19:42+00:00,https://api.eia.gov/v2/petroleum/stoc/wstk/data/
2009-05-15,203954,WGTSTUS1,MBBL,2026-09-15T20:19:42+00:00,https://api.eia.gov/v2/petroleum/stoc/wstk/data/
2009-05-22,203417,WGTSTUS1,MBBL,2026-09-15T20:19:42+00:00,https://api.eia.gov/v2/petroleum/stoc/wstk/data/
2009-05-29,203202,WGTSTUS1,MBBL,2026-09-15T20:19:42+00:00,https://api.eia.gov/v2/petroleum/stoc/wstk/data/
2009-06-05,201649,WGTSTUS1,MBBL,2026-09-15T20:19:42+00:00,https://api.eia.gov/v2/petroleum/stoc/wstk/data/
2009-06-12,205034,WGTSTUS1,MBBL,2026-09-15T20:19:42+00:00,https://api.eia.gov/v2/petroleum/stoc/wstk/data/
2009-06-19,208905,WGTSTUS1,MBBL,2026-09-15T20:19:42+00:00,https://api.eia.gov/v2/petroleum/stoc/wstk/data/
2009-06-26,211238,WGTSTUS1,MBBL,2026-09-15T20:19:42+00:00,https://api.eia.gov/v2/petroleum/stoc/wstk/data/
2009-07-03,213140,WGTSTUS1,MBBL,2026-09-15T20:19:42+00:00,https://api.eia.gov/v2/petroleum/stoc/wstk/data/
2009-07-10,214578,WGTSTUS1,MBBL,2026-09-15T20:19:42+00:00,https://api.eia.gov/v2/petroleum/stoc/wstk/data/
2009-07-17,215391,WGTSTUS1,MBBL,2026-09-15T20:19:42+00:00,https://api.eia.gov/v2/petroleum/stoc/wstk/data/
2009-07-24,213076,WGTSTUS1,MBBL,2026-09-15T20:19:42+00:00,https://api.eia.gov/v2/petroleum/stoc/wstk/data/
2009-07-31,212858,WGTSTUS1,MBBL,2026-09-15T20:19:42+00:00,https://api.eia.gov/v2/petroleum/stoc/wstk/data/
2009-08-07,211931,WGTSTUS1,MBBL,2026-09-15T20:19:42+00:00,https://api.eia.gov/v2/petroleum/stoc/wstk/data/
2009-08-14,209754,WGTSTUS1,MBBL,2026-09-15T20:19:42+00:00,https://api.eia.gov/v2/petroleum/stoc/wstk/data/
2009-08-21,208054,WGTSTUS1,MBBL,2026-09-15T20:19:42+00:00,https://api.eia.gov/v2/petroleum/stoc/wstk/data/
2009-08-28,205085,WGTSTUS1,MBBL,2026-09-15T20:19:42+00:00,https://api.eia.gov/v2/petroleum/stoc/wstk/data/
2009-09-04,207153,WGTSTUS1,MBBL,2026-09-15T20:19:42+00:00,https://api.eia.gov/v2/petroleum/stoc/wstk/data/
2009-09-11,207700,WGTSTUS1,MBBL,2026-09-15T20:19:42+00:00,https://api.eia.gov/v2/petroleum/stoc/wstk/data/
2009-09-18,213109,WGTSTUS1,MBBL,2026-09-15T20:19:42+00:00,https://api.eia.gov/v2/petroleum/stoc/wstk/data/
2009-09-25,211452,WGTSTUS1,MBBL,2026-09-15T20:19:42+00:00,https://api.eia.gov/v2/petroleum/stoc/wstk/data/
2009-10-02,214389,WGTSTUS1,MBBL,2026-09-15T20:19:42+00:00,https://api.eia.gov/v2/petroleum/stoc/wstk/data/
2009-10-09,209159,WGTSTUS1,MBBL,2026-09-15T20:19:42+00:00,https://api.eia.gov/v2/petroleum/stoc/wstk/data/
2009-10-16,206945,WGTSTUS1,MBBL,2026-09-15T20:19:42+00:00,https://api.eia.gov/v2/petroleum/stoc/wstk/data/
2009-10-23,208564,WGTSTUS1,MBBL,2026-09-15T20:19:42+00:00,https://api.eia.gov/v2/petroleum/stoc/wstk/data/
2009-10-30,208277,WGTSTUS1,MBBL,2026-09-15T20:19:42+00:00,https://api.eia.gov/v2/petroleum/stoc/wstk/data/
2009-11-06,210837,WGTSTUS1,MBBL,2026-09-15T20:19:42+00:00,https://api.eia.gov/v2/petroleum/stoc/wstk/data/
2009-11-13,209082,WGTSTUS1,MBBL,2026-09-15T20:19:42+00:00,https://api.eia.gov/v2/petroleum/stoc/wstk/data/
2009-11-20,210085,WGTSTUS1,MBBL,2026-09-15T20:19:42+00:00,https://api.eia.gov/v2/petroleum/stoc/wstk/data/
2009-11-27,214081,WGTSTUS1,MBBL,2026-09-15T20:19:42+00:00,https://api.eia.gov/v2/petroleum/stoc/wstk/data/
2009-12-04,216334,WGTSTUS1,MBBL,2026-09-15T20:19:42+00:00,https://api.eia.gov/v2/petroleum/stoc/wstk/data/
2009-12-11,217213,WGTSTUS1,MBBL,2026-09-15T20:19:42+00:00,https://api.eia.gov/v2/petroleum/stoc/wstk/data/
2009-12-18,216330,WGTSTUS1,MBBL,2026-09-15T20:19:42+00:00,https://api.eia.gov/v2/petroleum/stoc/wstk/data/
2009-12-25,215964,WGTSTUS1,MBBL,2026-09-15T20:19:42+00:00,https://api.eia.gov/v2/petroleum/stoc/wstk/data/
2010-01-01,219701,WGTSTUS1,MBBL,2026-09-15T20:19:42+00:00,https://api.eia.gov/v2/petroleum/stoc/wstk/data/
2010-01-08,223492,WGTSTUS1,MBBL,2026-09-15T20:19:42+00:00,https://api.eia.gov/v2/petroleum/stoc/wstk/data/
2010-01-15,227442,WGTSTUS1,MBBL,2026-09-15T20:19:42+00:00,https://api.eia.gov/v2/petroleum/stoc/wstk/data/
2010-01-22,229427,WGTSTUS1,MBBL,2026-09-15T20:19:42+00:00,https://api.eia.gov/v2/petroleum/stoc/wstk/data/
2010-01-29,228121,WGTSTUS1,MBBL,2026-09-15T20:19:42+00:00,https://api.eia.gov/v2/petroleum/stoc/wstk/data/
2010-02-05,230445,WGTSTUS1,MBBL,2026-09-15T20:19:42+00:00,https://api.eia.gov/v2/petroleum/stoc/wstk/data/
2010-02-12,232065,WGTSTUS1,MBBL,2026-09-15T20:19:42+00:00,https://api.eia.gov/v2/petroleum/stoc/wstk/data/
2010-02-19,231170,WGTSTUS1,MBBL,2026-09-15T20:19:42+00:00,https://api.eia.gov/v2/petroleum/stoc/wstk/data/
2010-02-26,231943,WGTSTUS1,MBBL,2026-09-15T20:19:42+00:00,https://api.eia.gov/v2/petroleum/stoc/wstk/data/
2010-03-05,228984,WGTSTUS1,MBBL,2026-09-15T20:19:42+00:00,https://api.eia.gov/v2/petroleum/stoc/wstk/data/
2010-03-12,227274,WGTSTUS1,MBBL,2026-09-15T20:19:42+00:00,https://api.eia.gov/v2/petroleum/stoc/wstk/data/
2010-03-19,224559,WGTSTUS1,MBBL,2026-09-15T20:19:42+00:00,https://api.eia.gov/v2/petroleum/stoc/wstk/data/
2010-03-26,224872,WGTSTUS1,MBBL,2026-09-15T20:19:42+00:00,https://api.eia.gov/v2/petroleum/stoc/wstk/data/
2010-04-02,222374,WGTSTUS1,MBBL,2026-09-15T20:19:42+00:00,https://api.eia.gov/v2/petroleum/stoc/wstk/data/
2010-04-09,221338,WGTSTUS1,MBBL,2026-09-15T20:19:42+00:00,https://api.eia.gov/v2/petroleum/stoc/wstk/data/
2010-04-16,224925,WGTSTUS1,MBBL,2026-09-15T20:19:42+00:00,https://api.eia.gov/v2/petroleum/stoc/wstk/data/
2010-04-23,223685,WGTSTUS1,MBBL,2026-09-15T20:19:42+00:00,https://api.eia.gov/v2/petroleum/stoc/wstk/data/
2010-04-30,224942,WGTSTUS1,MBBL,2026-09-15T20:19:42+00:00,https://api.eia.gov/v2/petroleum/stoc/wstk/data/
2010-05-07,222128,WGTSTUS1,MBBL,2026-09-15T20:19:42+00:00,https://api.eia.gov/v2/petroleum/stoc/wstk/data/
2010-05-14,221834,WGTSTUS1,MBBL,2026-09-15T20:19:42+00:00,https://api.eia.gov/v2/petroleum/stoc/wstk/data/
2010-05-21,221631,WGTSTUS1,MBBL,2026-09-15T20:19:42+00:00,https://api.eia.gov/v2/petroleum/stoc/wstk/data/
2010-05-28,218984,WGTSTUS1,MBBL,2026-09-15T20:19:42+00:00,https://api.eia.gov/v2/petroleum/stoc/wstk/data/
2010-06-04,218976,WGTSTUS1,MBBL,2026-09-15T20:19:42+00:00,https://api.eia.gov/v2/petroleum/stoc/wstk/data/
2010-06-11,218340,WGTSTUS1,MBBL,2026-09-15T20:19:42+00:00,https://api.eia.gov/v2/petroleum/stoc/wstk/data/
2010-06-18,217578,WGTSTUS1,MBBL,2026-09-15T20:19:42+00:00,https://api.eia.gov/v2/petroleum/stoc/wstk/data/
2010-06-25,218115,WGTSTUS1,MBBL,2026-09-15T20:19:42+00:00,https://api.eia.gov/v2/petroleum/stoc/wstk/data/
2010-07-02,219435,WGTSTUS1,MBBL,2026-09-15T20:19:42+00:00,https://api.eia.gov/v2/petroleum/stoc/wstk/data/
2010-07-09,221036,WGTSTUS1,MBBL,2026-09-15T20:19:42+00:00,https://api.eia.gov/v2/petroleum/stoc/wstk/data/
2010-07-16,222154,WGTSTUS1,MBBL,2026-09-15T20:19:42+00:00,https://api.eia.gov/v2/petroleum/stoc/wstk/data/
2010-07-23,222245,WGTSTUS1,MBBL,2026-09-15T20:19:42+00:00,https://api.eia.gov/v2/petroleum/stoc/wstk/data/
2010-07-30,222974,WGTSTUS1,MBBL,2026-09-15T20:19:42+00:00,https://api.eia.gov/v2/petroleum/stoc/wstk/data/
2010-08-06,223383,WGTSTUS1,MBBL,2026-09-15T20:19:42+00:00,https://api.eia.gov/v2/petroleum/stoc/wstk/data/
2010-08-13,223344,WGTSTUS1,MBBL,2026-09-15T20:19:42+00:00,https://api.eia.gov/v2/petroleum/stoc/wstk/data/
2010-08-20,225617,WGTSTUS1,MBBL,2026-09-15T20:19:42+00:00,https://api.eia.gov/v2/petroleum/stoc/wstk/data/
2010-08-27,225405,WGTSTUS1,MBBL,2026-09-15T20:19:42+00:00,https://api.eia.gov/v2/petroleum/stoc/wstk/data/
2010-09-03,225162,WGTSTUS1,MBBL,2026-09-15T20:19:42+00:00,https://api.eia.gov/v2/petroleum/stoc/wstk/data/
2010-09-10,224468,WGTSTUS1,MBBL,2026-09-15T20:19:42+00:00,https://api.eia.gov/v2/petroleum/stoc/wstk/data/
2010-09-17,226058,WGTSTUS1,MBBL,2026-09-15T20:19:42+00:00,https://api.eia.gov/v2/petroleum/stoc/wstk/data/
2010-09-24,222589,WGTSTUS1,MBBL,2026-09-15T20:19:42+00:00,https://api.eia.gov/v2/petroleum/stoc/wstk/data/
2010-10-01,219943,WGTSTUS1,MBBL,2026-09-15T20:19:42+00:00,https://api.eia.gov/v2/petroleum/stoc/wstk/data/
2010-10-08,218174,WGTSTUS1,MBBL,2026-09-15T20:19:42+00:00,https://api.eia.gov/v2/petroleum/stoc/wstk/data/
2010-10-15,219329,WGTSTUS1,MBBL,2026-09-15T20:19:42+00:00,https://api.eia.gov/v2/petroleum/stoc/wstk/data/
2010-10-22,214942,WGTSTUS1,MBBL,2026-09-15T20:19:42+00:00,https://api.eia.gov/v2/petroleum/stoc/wstk/data/
2010-10-29,212253,WGTSTUS1,MBBL,2026-09-15T20:19:42+00:00,https://api.eia.gov/v2/petroleum/stoc/wstk/data/
2010-11-05,210336,WGTSTUS1,MBBL,2026-09-15T20:19:42+00:00,https://api.eia.gov/v2/petroleum/stoc/wstk/data/
2010-11-12,207679,WGTSTUS1,MBBL,2026-09-15T20:19:42+00:00,https://api.eia.gov/v2/petroleum/stoc/wstk/data/
2010-11-19,209592,WGTSTUS1,MBBL,2026-09-15T20:19:42+00:00,https://api.eia.gov/v2/petroleum/stoc/wstk/data/
2010-11-26,210153,WGTSTUS1,MBBL,2026-09-15T20:19:42+00:00,https://api.eia.gov/v2/petroleum/stoc/wstk/data/
2010-12-03,213964,WGTSTUS1,MBBL,2026-09-15T20:19:42+00:00,https://api.eia.gov/v2/petroleum/stoc/wstk/data/
2010-12-10,214773,WGTSTUS1,MBBL,2026-09-15T20:19:42+00:00,https://api.eia.gov/v2/petroleum/stoc/wstk/data/
2010-12-17,217173,WGTSTUS1,MBBL,2026-09-15T20:19:42+00:00,https://api.eia.gov/v2/petroleum/stoc/wstk/data/
2010-12-24,214857,WGTSTUS1,MBBL,2026-09-15T20:19:42+00:00,https://api.eia.gov/v2/petroleum/stoc/wstk/data/
2010-12-31,218146,WGTSTUS1,MBBL,2026-09-15T20:19:42+00:00,https://api.eia.gov/v2/petroleum/stoc/wstk/data/
2011-01-07,223227,WGTSTUS1,MBBL,2026-09-15T20:19:42+00:00,https://api.eia.gov/v2/petroleum/stoc/wstk/data/
2011-01-14,227670,WGTSTUS1,MBBL,2026-09-15T20:19:42+00:00,https://api.eia.gov/v2/petroleum/stoc/wstk/data/
2011-01-21,230074,WGTSTUS1,MBBL,2026-09-15T20:19:42+00:00,https://api.eia.gov/v2/petroleum/stoc/wstk/data/
2011-01-28,236228,WGTSTUS1,MBBL,2026-09-15T20:19:42+00:00,https://api.eia.gov/v2/petroleum/stoc/wstk/data/
2011-02-04,240891,WGTSTUS1,MBBL,2026-09-15T20:19:42+00:00,https://api.eia.gov/v2/petroleum/stoc/wstk/data/
2011-02-11,241096,WGTSTUS1,MBBL,2026-09-15T20:19:42+00:00,https://api.eia.gov/v2/petroleum/stoc/wstk/data/
2011-02-18,238298,WGTSTUS1,MBBL,2026-09-15T20:19:42+00:00,https://api.eia.gov/v2/petroleum/stoc/wstk/data/
2011-02-25,234708,WGTSTUS1,MBBL,2026-09-15T20:19:42+00:00,https://api.eia.gov/v2/petroleum/stoc/wstk/data/
2011-03-04,229214,WGTSTUS1,MBBL,2026-09-15T20:19:42+00:00,https://api.eia.gov/v2/petroleum/stoc/wstk/data/
2011-03-11,225040,WGTSTUS1,MBBL,2026-09-15T20:19:42+00:00,https://api.eia.gov/v2/petroleum/stoc/wstk/data/
2011-03-18,219720,WGTSTUS1,MBBL,2026-09-15T20:19:42+00:00,https://api.eia.gov/v2/petroleum/stoc/wstk/data/
2011-03-25,217036,WGTSTUS1,MBBL,2026-09-15T20:19:42+00:00,https://api.eia.gov/v2/petroleum/stoc/wstk/data/
2011-04-01,216679,WGTSTUS1,MBBL,2026-09-15T20:19:42+00:00,https://api.eia.gov/v2/petroleum/stoc/wstk/data/
2011-04-08,209679,WGTSTUS1,MBBL,2026-09-15T20:19:42+00:00,https://api.eia.gov/v2/petroleum/stoc/wstk/data/
2011-04-15,208096,WGTSTUS1,MBBL,2026-09-15T20:19:42+00:00,https://api.eia.gov/v2/petroleum/stoc/wstk/data/
2011-04-22,205588,WGTSTUS1,MBBL,2026-09-15T20:19:42+00:00,https://api.eia.gov/v2/petroleum/stoc/wstk/data/
2011-04-29,204542,WGTSTUS1,MBBL,2026-09-15T20:19:42+00:00,https://api.eia.gov/v2/petroleum/stoc/wstk/data/
2011-05-06,205817,WGTSTUS1,MBBL,2026-09-15T20:19:42+00:00,https://api.eia.gov/v2/petroleum/stoc/wstk/data/
2011-05-13,205936,WGTSTUS1,MBBL,2026-09-15T20:19:42+00:00,https://api.eia.gov/v2/petroleum/stoc/wstk/data/
2011-05-20,209730,WGTSTUS1,MBBL,2026-09-15T20:19:42+00:00,https://api.eia.gov/v2/petroleum/stoc/wstk/data/
2011-05-27,212283,WGTSTUS1,MBBL,2026-09-15T20:19:42+00:00,https://api.eia.gov/v2/petroleum/stoc/wstk/data/
2011-06-03,214492,WGTSTUS1,MBBL,2026-09-15T20:19:42+00:00,https://api.eia.gov/v2/petroleum/stoc/wstk/data/
2011-06-10,215065,WGTSTUS1,MBBL,2026-09-15T20:19:42+00:00,https://api.eia.gov/v2/petroleum/stoc/wstk/data/
2011-06-17,214601,WGTSTUS1,MBBL,2026-09-15T20:19:42+00:00,https://api.eia.gov/v2/petroleum/stoc/wstk/data/
2011-06-24,213173,WGTSTUS1,MBBL,2026-09-15T20:19:42+00:00,https://api.eia.gov/v2/petroleum/stoc/wstk/data/
2011-07-01,212539,WGTSTUS1,MBBL,2026-09-15T20:19:42+00:00,https://api.eia.gov/v2/petroleum/stoc/wstk/data/
2011-07-08,211699,WGTSTUS1,MBBL,2026-09-15T20:19:42+00:00,https://api.eia.gov/v2/petroleum/stoc/wstk/data/
2011-07-15,212456,WGTSTUS1,MBBL,2026-09-15T20:19:42+00:00,https://api.eia.gov/v2/petroleum/stoc/wstk/data/
2011-07-22,213478,WGTSTUS1,MBBL,2026-09-15T20:19:42+00:00,https://api.eia.gov/v2/petroleum/stoc/wstk/data/
2011-07-29,215179,WGTSTUS1,MBBL,2026-09-15T20:19:42+00:00,https://api.eia.gov/v2/petroleum/stoc/wstk/data/
2011-08-05,213591,WGTSTUS1,MBBL,2026-09-15T20:19:42+00:00,https://api.eia.gov/v2/petroleum/stoc/wstk/data/
2011-08-12,210081,WGTSTUS1,MBBL,2026-09-15T20:19:42+00:00,https://api.eia.gov/v2/petroleum/stoc/wstk/data/
2011-08-19,211436,WGTSTUS1,MBBL,2026-09-15T20:19:42+00:00,https://api.eia.gov/v2/petroleum/stoc/wstk/data/
2011-08-26,208641,WGTSTUS1,MBBL,2026-09-15T20:19:42+00:00,https://api.eia.gov/v2/petroleum/stoc/wstk/data/
2011-09-02,208840,WGTSTUS1,MBBL,2026-09-15T20:19:42+00:00,https://api.eia.gov/v2/petroleum/stoc/wstk/data/
2011-09-09,210780,WGTSTUS1,MBBL,2026-09-15T20:19:42+00:00,https://api.eia.gov/v2/petroleum/stoc/wstk/data/
2011-09-16,214075,WGTSTUS1,MBBL,2026-09-15T20:19:42+00:00,https://api.eia.gov/v2/petroleum/stoc/wstk/data/
2011-09-23,214866,WGTSTUS1,MBBL,2026-09-15T20:19:42+00:00,https://api.eia.gov/v2/petroleum/stoc/wstk/data/
2011-09-30,213729,WGTSTUS1,MBBL,2026-09-15T20:19:42+00:00,https://api.eia.gov/v2/petroleum/stoc/wstk/data/
2011-10-07,209595,WGTSTUS1,MBBL,2026-09-15T20:19:42+00:00,https://api.eia.gov/v2/petroleum/stoc/wstk/data/
2011-10-14,206271,WGTSTUS1,MBBL,2026-09-15T20:19:42+00:00,https://api.eia.gov/v2/petroleum/stoc/wstk/data/
2011-10-21,204918,WGTSTUS1,MBBL,2026-09-15T20:19:42+00:00,https://api.eia.gov/v2/petroleum/stoc/wstk/data/
2011-10-28,206274,WGTSTUS1,MBBL,2026-09-15T20:19:42+00:00,https://api.eia.gov/v2/petroleum/stoc/wstk/data/
2011-11-04,204167,WGTSTUS1,MBBL,2026-09-15T20:19:42+00:00,https://api.eia.gov/v2/petroleum/stoc/wstk/data/
2011-11-11,205159,WGTSTUS1,MBBL,2026-09-15T20:19:42+00:00,https://api.eia.gov/v2/petroleum/stoc/wstk/data/
2011-11-18,209634,WGTSTUS1,MBBL,2026-09-15T20:19:42+00:00,https://api.eia.gov/v2/petroleum/stoc/wstk/data/
2011-11-25,209847,WGTSTUS1,MBBL,2026-09-15T20:19:42+00:00,https://api.eia.gov/v2/petroleum/stoc/wstk/data/
2011-12-02,214994,WGTSTUS1,MBBL,2026-09-15T20:19:42+00:00,https://api.eia.gov/v2/petroleum/stoc/wstk/data/
2011-12-09,218818,WGTSTUS1,MBBL,2026-09-15T20:19:42+00:00,https://api.eia.gov/v2/petroleum/stoc/wstk/data/
2011-12-16,218406,WGTSTUS1,MBBL,2026-09-15T20:19:42+00:00,https://api.eia.gov/v2/petroleum/stoc/wstk/data/
2011-12-23,217714,WGTSTUS1,MBBL,2026-09-15T20:19:42+00:00,https://api.eia.gov/v2/petroleum/stoc/wstk/data/
2011-12-30,220193,WGTSTUS1,MBBL,2026-09-15T20:19:42+00:00,https://api.eia.gov/v2/petroleum/stoc/wstk/data/
2012-01-06,223803,WGTSTUS1,MBBL,2026-09-15T20:19:42+00:00,https://api.eia.gov/v2/petroleum/stoc/wstk/data/
2012-01-13,227520,WGTSTUS1,MBBL,2026-09-15T20:19:42+00:00,https://api.eia.gov/v2/petroleum/stoc/wstk/data/
2012-01-20,227130,WGTSTUS1,MBBL,2026-09-15T20:19:42+00:00,https://api.eia.gov/v2/petroleum/stoc/wstk/data/
2012-01-27,230147,WGTSTUS1,MBBL,2026-09-15T20:19:42+00:00,https://api.eia.gov/v2/petroleum/stoc/wstk/data/
2012-02-03,231776,WGTSTUS1,MBBL,2026-09-15T20:19:42+00:00,https://api.eia.gov/v2/petroleum/stoc/wstk/data/
2012-02-10,232176,WGTSTUS1,MBBL,2026-09-15T20:19:42+00:00,https://api.eia.gov/v2/petroleum/stoc/wstk/data/
2012-02-17,231527,WGTSTUS1,MBBL,2026-09-15T20:19:42+00:00,https://api.eia.gov/v2/petroleum/stoc/wstk/data/
2012-02-24,229927,WGTSTUS1,MBBL,2026-09-15T20:19:42+00:00,https://api.eia.gov/v2/petroleum/stoc/wstk/data/
2012-03-02,229531,WGTSTUS1,MBBL,2026-09-15T20:19:42+00:00,https://api.eia.gov/v2/petroleum/stoc/wstk/data/
2012-03-09,228121,WGTSTUS1,MBBL,2026-09-15T20:19:42+00:00,https://api.eia.gov/v2/petroleum/stoc/wstk/data/
2012-03-16,226907,WGTSTUS1,MBBL,2026-09-15T20:19:42+00:00,https://api.eia.gov/v2/petroleum/stoc/wstk/data/
2012-03-23,223370,WGTSTUS1,MBBL,2026-09-15T20:19:42+00:00,https://api.eia.gov/v2/petroleum/stoc/wstk/data/
2012-03-30,221913,WGTSTUS1,MBBL,2026-09-15T20:19:42+00:00,https://api.eia.gov/v2/petroleum/stoc/wstk/data/
2012-04-06,217636,WGTSTUS1,MBBL,2026-09-15T20:19:42+00:00,https://api.eia.gov/v2/petroleum/stoc/wstk/data/
2012-04-13,213965,WGTSTUS1,MBBL,2026-09-15T20:19:42+00:00,https://api.eia.gov/v2/petroleum/stoc/wstk/data/
2012-04-20,211730,WGTSTUS1,MBBL,2026-09-15T20:19:42+00:00,https://api.eia.gov/v2/petroleum/stoc/wstk/data/
2012-04-27,209721,WGTSTUS1,MBBL,2026-09-15T20:19:42+00:00,https://api.eia.gov/v2/petroleum/stoc/wstk/data/
2012-05-04,207108,WGTSTUS1,MBBL,2026-09-15T20:19:42+00:00,https://api.eia.gov/v2/petroleum/stoc/wstk/data/
2012-05-11,204311,WGTSTUS1,MBBL,2026-09-15T20:19:42+00:00,https://api.eia.gov/v2/petroleum/stoc/wstk/data/
2012-05-18,201012,WGTSTUS1,MBBL,2026-09-15T20:19:42+00:00,https://api.eia.gov/v2/petroleum/stoc/wstk/data/
2012-05-25,200179,WGTSTUS1,MBBL,2026-09-15T20:19:42+00:00,https://api.eia.gov/v2/petroleum/stoc/wstk/data/
2012-06-01,203525,WGTSTUS1,MBBL,2026-09-15T20:19:42+00:00,https://api.eia.gov/v2/petroleum/stoc/wstk/data/
2012-06-08,201801,WGTSTUS1,MBBL,2026-09-15T20:19:42+00:00,https://api.eia.gov/v2/petroleum/stoc/wstk/data/
2012-06-15,202744,WGTSTUS1,MBBL,2026-09-15T20:19:42+00:00,https://api.eia.gov/v2/petroleum/stoc/wstk/data/
2012-06-22,204822,WGTSTUS1,MBBL,2026-09-15T20:19:42+00:00,https://api.eia.gov/v2/petroleum/stoc/wstk/data/
2012-06-29,204973,WGTSTUS1,MBBL,2026-09-15T20:19:42+00:00,https://api.eia.gov/v2/petroleum/stoc/wstk/data/
2012-07-06,207725,WGTSTUS1,MBBL,2026-09-15T20:19:42+00:00,https://api.eia.gov/v2/petroleum/stoc/wstk/data/
2012-07-13,205910,WGTSTUS1,MBBL,2026-09-15T20:19:42+00:00,https://api.eia.gov/v2/petroleum/stoc/wstk/data/
2012-07-20,210044,WGTSTUS1,MBBL,2026-09-15T20:19:42+00:00,https://api.eia.gov/v2/petroleum/stoc/wstk/data/
2012-07-27,207870,WGTSTUS1,MBBL,2026-09-15T20:19:42+00:00,https://api.eia.gov/v2/petroleum/stoc/wstk/data/
2012-08-03,206069,WGTSTUS1,MBBL,2026-09-15T20:19:42+00:00,https://api.eia.gov/v2/petroleum/stoc/wstk/data/
2012-08-10,203698,WGTSTUS1,MBBL,2026-09-15T20:19:42+00:00,https://api.eia.gov/v2/petroleum/stoc/wstk/data/
2012-08-17,202736,WGTSTUS1,MBBL,2026-09-15T20:19:42+00:00,https://api.eia.gov/v2/petroleum/stoc/wstk/data/
2012-08-24,201227,WGTSTUS1,MBBL,2026-09-15T20:19:42+00:00,https://api.eia.gov/v2/petroleum/stoc/wstk/data/
2012-08-31,198893,WGTSTUS1,MBBL,2026-09-15T20:19:42+00:00,https://api.eia.gov/v2/petroleum/stoc/wstk/data/
2012-09-07,197716,WGTSTUS1,MBBL,2026-09-15T20:19:42+00:00,https://api.eia.gov/v2/petroleum/stoc/wstk/data/
2012-09-14,196309,WGTSTUS1,MBBL,2026-09-15T20:19:42+00:00,https://api.eia.gov/v2/petroleum/stoc/wstk/data/
2012-09-21,195828,WGTSTUS1,MBBL,2026-09-15T20:19:42+00:00,https://api.eia.gov/v2/petroleum/stoc/wstk/data/
2012-09-28,195942,WGTSTUS1,MBBL,2026-09-15T20:19:42+00:00,https://api.eia.gov/v2/petroleum/stoc/wstk/data/
2012-10-05,195408,WGTSTUS1,MBBL,2026-09-15T20:19:42+00:00,https://api.eia.gov/v2/petroleum/stoc/wstk/data/
2012-10-12,197128,WGTSTUS1,MBBL,2026-09-15T20:19:42+00:00,https://api.eia.gov/v2/petroleum/stoc/wstk/data/
2012-10-19,198567,WGTSTUS1,MBBL,2026-09-15T20:19:42+00:00,https://api.eia.gov/v2/petroleum/stoc/wstk/data/
2012-10-26,199502,WGTSTUS1,MBBL,2026-09-15T20:19:42+00:00,https://api.eia.gov/v2/petroleum/stoc/wstk/data/
2012-11-02,202377,WGTSTUS1,MBBL,2026-09-15T20:19:42+00:00,https://api.eia.gov/v2/petroleum/stoc/wstk/data/
2012-11-09,201937,WGTSTUS1,MBBL,2026-09-15T20:19:42+00:00,https://api.eia.gov/v2/petroleum/stoc/wstk/data/
2012-11-16,200390,WGTSTUS1,MBBL,2026-09-15T20:19:42+00:00,https://api.eia.gov/v2/petroleum/stoc/wstk/data/
2012-11-23,204255,WGTSTUS1,MBBL,2026-09-15T20:19:42+00:00,https://api.eia.gov/v2/petroleum/stoc/wstk/data/
2012-11-30,212115,WGTSTUS1,MBBL,2026-09-15T20:19:42+00:00,https://api.eia.gov/v2/petroleum/stoc/wstk/data/
2012-12-07,217115,WGTSTUS1,MBBL,2026-09-15T20:19:42+00:00,https://api.eia.gov/v2/petroleum/stoc/wstk/data/
2012-12-14,219322,WGTSTUS1,MBBL,2026-09-15T20:19:42+00:00,https://api.eia.gov/v2/petroleum/stoc/wstk/data/
2012-12-21,223104,WGTSTUS1,MBBL,2026-09-15T20:19:42+00:00,https://api.eia.gov/v2/petroleum/stoc/wstk/data/
2012-12-28,225673,WGTSTUS1,MBBL,2026-09-15T20:19:42+00:00,https://api.eia.gov/v2/petroleum/stoc/wstk/data/
2013-01-04,233085,WGTSTUS1,MBBL,2026-09-15T20:19:42+00:00,https://api.eia.gov/v2/petroleum/stoc/wstk/data/
2013-01-11,234995,WGTSTUS1,MBBL,2026-09-15T20:19:42+00:00,https://api.eia.gov/v2/petroleum/stoc/wstk/data/
2013-01-18,233257,WGTSTUS1,MBBL,2026-09-15T20:19:42+00:00,https://api.eia.gov/v2/petroleum/stoc/wstk/data/
2013-01-25,232301,WGTSTUS1,MBBL,2026-09-15T20:19:42+00:00,https://api.eia.gov/v2/petroleum/stoc/wstk/data/
2013-02-01,234039,WGTSTUS1,MBBL,2026-09-15T20:19:42+00:00,https://api.eia.gov/v2/petroleum/stoc/wstk/data/
2013-02-08,233236,WGTSTUS1,MBBL,2026-09-15T20:19:42+00:00,https://api.eia.gov/v2/petroleum/stoc/wstk/data/
2013-02-15,230352,WGTSTUS1,MBBL,2026-09-15T20:19:42+00:00,https://api.eia.gov/v2/petroleum/stoc/wstk/data/
2013-02-22,228495,WGTSTUS1,MBBL,2026-09-15T20:19:42+00:00,https://api.eia.gov/v2/petroleum/stoc/wstk/data/
2013-03-01,227879,WGTSTUS1,MBBL,2026-09-15T20:19:42+00:00,https://api.eia.gov/v2/petroleum/stoc/wstk/data/
2013-03-08,224308,WGTSTUS1,MBBL,2026-09-15T20:19:42+00:00,https://api.eia.gov/v2/petroleum/stoc/wstk/data/
2013-03-15,222832,WGTSTUS1,MBBL,2026-09-15T20:19:42+00:00,https://api.eia.gov/v2/petroleum/stoc/wstk/data/
2013-03-22,221236,WGTSTUS1,MBBL,2026-09-15T20:19:42+00:00,https://api.eia.gov/v2/petroleum/stoc/wstk/data/
2013-03-29,220664,WGTSTUS1,MBBL,2026-09-15T20:19:42+00:00,https://api.eia.gov/v2/petroleum/stoc/wstk/data/
2013-04-05,222363,WGTSTUS1,MBBL,2026-09-15T20:19:42+00:00,https://api.eia.gov/v2/petroleum/stoc/wstk/data/
2013-04-12,221730,WGTSTUS1,MBBL,2026-09-15T20:19:42+00:00,https://api.eia.gov/v2/petroleum/stoc/wstk/data/
2013-04-19,217802,WGTSTUS1,MBBL,2026-09-15T20:19:42+00:00,https://api.eia.gov/v2/petroleum/stoc/wstk/data/
2013-04-26,215984,WGTSTUS1,MBBL,2026-09-15T20:19:42+00:00,https://api.eia.gov/v2/petroleum/stoc/wstk/data/
2013-05-03,215074,WGTSTUS1,MBBL,2026-09-15T20:19:42+00:00,https://api.eia.gov/v2/petroleum/stoc/wstk/data/
2013-05-10,217662,WGTSTUS1,MBBL,2026-09-15T20:19:42+00:00,https://api.eia.gov/v2/petroleum/stoc/wstk/data/
2013-05-17,220677,WGTSTUS1,MBBL,2026-09-15T20:19:42+00:00,https://api.eia.gov/v2/petroleum/stoc/wstk/data/
2013-05-24,219163,WGTSTUS1,MBBL,2026-09-15T20:19:42+00:00,https://api.eia.gov/v2/petroleum/stoc/wstk/data/
2013-05-31,218797,WGTSTUS1,MBBL,2026-09-15T20:19:42+00:00,https://api.eia.gov/v2/petroleum/stoc/wstk/data/
2013-06-07,221545,WGTSTUS1,MBBL,2026-09-15T20:19:42+00:00,https://api.eia.gov/v2/petroleum/stoc/wstk/data/
2013-06-14,221728,WGTSTUS1,MBBL,2026-09-15T20:19:42+00:00,https://api.eia.gov/v2/petroleum/stoc/wstk/data/
2013-06-21,225381,WGTSTUS1,MBBL,2026-09-15T20:19:42+00:00,https://api.eia.gov/v2/petroleum/stoc/wstk/data/
2013-06-28,223662,WGTSTUS1,MBBL,2026-09-15T20:19:42+00:00,https://api.eia.gov/v2/petroleum/stoc/wstk/data/
2013-07-05,221028,WGTSTUS1,MBBL,2026-09-15T20:19:42+00:00,https://api.eia.gov/v2/petroleum/stoc/wstk/data/
2013-07-12,224083,WGTSTUS1,MBBL,2026-09-15T20:19:42+00:00,https://api.eia.gov/v2/petroleum/stoc/wstk/data/
2013-07-19,222694,WGTSTUS1,MBBL,2026-09-15T20:19:42+00:00,https://api.eia.gov/v2/petroleum/stoc/wstk/data/
2013-07-26,223464,WGTSTUS1,MBBL,2026-09-15T20:19:42+00:00,https://api.eia.gov/v2/petroleum/stoc/wstk/data/
2013-08-02,223599,WGTSTUS1,MBBL,2026-09-15T20:19:42+00:00,https://api.eia.gov/v2/petroleum/stoc/wstk/data/
2013-08-09,222430,WGTSTUS1,MBBL,2026-09-15T20:19:42+00:00,https://api.eia.gov/v2/petroleum/stoc/wstk/data/
2013-08-16,218401,WGTSTUS1,MBBL,2026-09-15T20:19:42+00:00,https://api.eia.gov/v2/petroleum/stoc/wstk/data/
2013-08-23,217814,WGTSTUS1,MBBL,2026-09-15T20:19:42+00:00,https://api.eia.gov/v2/petroleum/stoc/wstk/data/
2013-08-30,215987,WGTSTUS1,MBBL,2026-09-15T20:19:42+00:00,https://api.eia.gov/v2/petroleum/stoc/wstk/data/
2013-09-06,217645,WGTSTUS1,MBBL,2026-09-15T20:19:42+00:00,https://api.eia.gov/v2/petroleum/stoc/wstk/data/
2013-09-13,216018,WGTSTUS1,MBBL,2026-09-15T20:19:42+00:00,https://api.eia.gov/v2/petroleum/stoc/wstk/data/
2013-09-20,216235,WGTSTUS1,MBBL,2026-09-15T20:19:42+00:00,https://api.eia.gov/v2/petroleum/stoc/wstk/data/
2013-09-27,219730,WGTSTUS1,MBBL,2026-09-15T20:19:42+00:00,https://api.eia.gov/v2/petroleum/stoc/wstk/data/
2013-10-04,219879,WGTSTUS1,MBBL,2026-09-15T20:19:42+00:00,https://api.eia.gov/v2/petroleum/stoc/wstk/data/
2013-10-11,217309,WGTSTUS1,MBBL,2026-09-15T20:19:42+00:00,https://api.eia.gov/v2/petroleum/stoc/wstk/data/
2013-10-18,215504,WGTSTUS1,MBBL,2026-09-15T20:19:42+00:00,https://api.eia.gov/v2/petroleum/stoc/wstk/data/
2013-10-25,213791,WGTSTUS1,MBBL,2026-09-15T20:19:42+00:00,https://api.eia.gov/v2/petroleum/stoc/wstk/data/
2013-11-01,210036,WGTSTUS1,MBBL,2026-09-15T20:19:42+00:00,https://api.eia.gov/v2/petroleum/stoc/wstk/data/
2013-11-08,209198,WGTSTUS1,MBBL,2026-09-15T20:19:42+00:00,https://api.eia.gov/v2/petroleum/stoc/wstk/data/
2013-11-15,208853,WGTSTUS1,MBBL,2026-09-15T20:19:42+00:00,https://api.eia.gov/v2/petroleum/stoc/wstk/data/
2013-11-22,210604,WGTSTUS1,MBBL,2026-09-15T20:19:42+00:00,https://api.eia.gov/v2/petroleum/stoc/wstk/data/
2013-11-29,212432,WGTSTUS1,MBBL,2026-09-15T20:19:42+00:00,https://api.eia.gov/v2/petroleum/stoc/wstk/data/
2013-12-06,219149,WGTSTUS1,MBBL,2026-09-15T20:19:42+00:00,https://api.eia.gov/v2/petroleum/stoc/wstk/data/
2013-12-13,220486,WGTSTUS1,MBBL,2026-09-15T20:19:42+00:00,https://api.eia.gov/v2/petroleum/stoc/wstk/data/
2013-12-20,219872,WGTSTUS1,MBBL,2026-09-15T20:19:42+00:00,https://api.eia.gov/v2/petroleum/stoc/wstk/data/
2013-12-27,220716,WGTSTUS1,MBBL,2026-09-15T20:19:42+00:00,https://api.eia.gov/v2/petroleum/stoc/wstk/data/
2014-01-03,226959,WGTSTUS1,MBBL,2026-09-15T20:19:42+00:00,https://api.eia.gov/v2/petroleum/stoc/wstk/data/
2014-01-10,233142,WGTSTUS1,MBBL,2026-09-15T20:19:42+00:00,https://api.eia.gov/v2/petroleum/stoc/wstk/data/
2014-01-17,235265,WGTSTUS1,MBBL,2026-09-15T20:19:42+00:00,https://api.eia.gov/v2/petroleum/stoc/wstk/data/
2014-01-24,234446,WGTSTUS1,MBBL,2026-09-15T20:19:42+00:00,https://api.eia.gov/v2/petroleum/stoc/wstk/data/
2014-01-31,234951,WGTSTUS1,MBBL,2026-09-15T20:19:42+00:00,https://api.eia.gov/v2/petroleum/stoc/wstk/data/
2014-02-07,233098,WGTSTUS1,MBBL,2026-09-15T20:19:42+00:00,https://api.eia.gov/v2/petroleum/stoc/wstk/data/
2014-02-14,233407,WGTSTUS1,MBBL,2026-09-15T20:19:42+00:00,https://api.eia.gov/v2/petroleum/stoc/wstk/data/
2014-02-21,230600,WGTSTUS1,MBBL,2026-09-15T20:19:42+00:00,https://api.eia.gov/v2/petroleum/stoc/wstk/data/
2014-02-28,228996,WGTSTUS1,MBBL,2026-09-15T20:19:42+00:00,https://api.eia.gov/v2/petroleum/stoc/wstk/data/
2014-03-07,223766,WGTSTUS1,MBBL,2026-09-15T20:19:42+00:00,https://api.eia.gov/v2/petroleum/stoc/wstk/data/
2014-03-14,222299,WGTSTUS1,MBBL,2026-09-15T20:19:42+00:00,https://api.eia.gov/v2/petroleum/stoc/wstk/data/
2014-03-21,217198,WGTSTUS1,MBBL,2026-09-15T20:19:42+00:00,https://api.eia.gov/v2/petroleum/stoc/wstk/data/
2014-03-28,215624,WGTSTUS1,MBBL,2026-09-15T20:19:42+00:00,https://api.eia.gov/v2/petroleum/stoc/wstk/data/
2014-04-04,210436,WGTSTUS1,MBBL,2026-09-15T20:19:42+00:00,https://api.eia.gov/v2/petroleum/stoc/wstk/data/
2014-04-11,210282,WGTSTUS1,MBBL,2026-09-15T20:19:42+00:00,https://api.eia.gov/v2/petroleum/stoc/wstk/data/
2014-04-18,210008,WGTSTUS1,MBBL,2026-09-15T20:19:42+00:00,https://api.eia.gov/v2/petroleum/stoc/wstk/data/
2014-04-25,211572,WGTSTUS1,MBBL,2026-09-15T20:19:42+00:00,https://api.eia.gov/v2/petroleum/stoc/wstk/data/
2014-05-02,213180,WGTSTUS1,MBBL,2026-09-15T20:19:42+00:00,https://api.eia.gov/v2/petroleum/stoc/wstk/data/
2014-05-09,212408,WGTSTUS1,MBBL,2026-09-15T20:19:42+00:00,https://api.eia.gov/v2/petroleum/stoc/wstk/data/
2014-05-16,213378,WGTSTUS1,MBBL,2026-09-15T20:19:42+00:00,https://api.eia.gov/v2/petroleum/stoc/wstk/data/
2014-05-23,211575,WGTSTUS1,MBBL,2026-09-15T20:19:42+00:00,https://api.eia.gov/v2/petroleum/stoc/wstk/data/
2014-05-30,211785,WGTSTUS1,MBBL,2026-09-15T20:19:42+00:00,https://api.eia.gov/v2/petroleum/stoc/wstk/data/
2014-06-06,213482,WGTSTUS1,MBBL,2026-09-15T20:19:42+00:00,https://api.eia.gov/v2/petroleum/stoc/wstk/data/
2014-06-13,214267,WGTSTUS1,MBBL,2026-09-15T20:19:42+00:00,https://api.eia.gov/v2/petroleum/stoc/wstk/data/
2014-06-20,214977,WGTSTUS1,MBBL,2026-09-15T20:19:42+00:00,https://api.eia.gov/v2/petroleum/stoc/wstk/data/
2014-06-27,213742,WGTSTUS1,MBBL,2026-09-15T20:19:42+00:00,https://api.eia.gov/v2/petroleum/stoc/wstk/data/
2014-07-04,214321,WGTSTUS1,MBBL,2026-09-15T20:19:42+00:00,https://api.eia.gov/v2/petroleum/stoc/wstk/data/
2014-07-11,214492,WGTSTUS1,MBBL,2026-09-15T20:19:42+00:00,https://api.eia.gov/v2/petroleum/stoc/wstk/data/
2014-07-18,217871,WGTSTUS1,MBBL,2026-09-15T20:19:42+00:00,https://api.eia.gov/v2/petroleum/stoc/wstk/data/
2014-07-25,218236,WGTSTUS1,MBBL,2026-09-15T20:19:42+00:00,https://api.eia.gov/v2/petroleum/stoc/wstk/data/
2014-08-01,213849,WGTSTUS1,MBBL,2026-09-15T20:19:42+00:00,https://api.eia.gov/v2/petroleum/stoc/wstk/data/
2014-08-08,212689,WGTSTUS1,MBBL,2026-09-15T20:19:42+00:00,https://api.eia.gov/v2/petroleum/stoc/wstk/data/
2014-08-15,213274,WGTSTUS1,MBBL,2026-09-15T20:19:42+00:00,https://api.eia.gov/v2/petroleum/stoc/wstk/data/
2014-08-22,212314,WGTSTUS1,MBBL,2026-09-15T20:19:42+00:00,https://api.eia.gov/v2/petroleum/stoc/wstk/data/
2014-08-29,209992,WGTSTUS1,MBBL,2026-09-15T20:19:42+00:00,https://api.eia.gov/v2/petroleum/stoc/wstk/data/
2014-09-05,212373,WGTSTUS1,MBBL,2026-09-15T20:19:42+00:00,https://api.eia.gov/v2/petroleum/stoc/wstk/data/
2014-09-12,210738,WGTSTUS1,MBBL,2026-09-15T20:19:42+00:00,https://api.eia.gov/v2/petroleum/stoc/wstk/data/
2014-09-19,210324,WGTSTUS1,MBBL,2026-09-15T20:19:42+00:00,https://api.eia.gov/v2/petroleum/stoc/wstk/data/
2014-09-26,208488,WGTSTUS1,MBBL,2026-09-15T20:19:42+00:00,https://api.eia.gov/v2/petroleum/stoc/wstk/data/
2014-10-03,209668,WGTSTUS1,MBBL,2026-09-15T20:19:42+00:00,https://api.eia.gov/v2/petroleum/stoc/wstk/data/
2014-10-10,205673,WGTSTUS1,MBBL,2026-09-15T20:19:42+00:00,https://api.eia.gov/v2/petroleum/stoc/wstk/data/
2014-10-17,204374,WGTSTUS1,MBBL,2026-09-15T20:19:42+00:00,https://api.eia.gov/v2/petroleum/stoc/wstk/data/
2014-10-24,203138,WGTSTUS1,MBBL,2026-09-15T20:19:42+00:00,https://api.eia.gov/v2/petroleum/stoc/wstk/data/
2014-10-31,201760,WGTSTUS1,MBBL,2026-09-15T20:19:42+00:00,https://api.eia.gov/v2/petroleum/stoc/wstk/data/
2014-11-07,203565,WGTSTUS1,MBBL,2026-09-15T20:19:42+00:00,https://api.eia.gov/v2/petroleum/stoc/wstk/data/
2014-11-14,204599,WGTSTUS1,MBBL,2026-09-15T20:19:42+00:00,https://api.eia.gov/v2/petroleum/stoc/wstk/data/
2014-11-21,206424,WGTSTUS1,MBBL,2026-09-15T20:19:42+00:00,https://api.eia.gov/v2/petroleum/stoc/wstk/data/
2014-11-28,208567,WGTSTUS1,MBBL,2026-09-15T20:19:42+00:00,https://api.eia.gov/v2/petroleum/stoc/wstk/data/
2014-12-05,216764,WGTSTUS1,MBBL,2026-09-15T20:19:42+00:00,https://api.eia.gov/v2/petroleum/stoc/wstk/data/
2014-12-12,222014,WGTSTUS1,MBBL,2026-09-15T20:19:42+00:00,https://api.eia.gov/v2/petroleum/stoc/wstk/data/
2014-12-19,226097,WGTSTUS1,MBBL,2026-09-15T20:19:42+00:00,https://api.eia.gov/v2/petroleum/stoc/wstk/data/
2014-12-26,229048,WGTSTUS1,MBBL,2026-09-15T20:19:42+00:00,https://api.eia.gov/v2/petroleum/stoc/wstk/data/
2015-01-02,237163,WGTSTUS1,MBBL,2026-09-15T20:19:42+00:00,https://api.eia.gov/v2/petroleum/stoc/wstk/data/
2015-01-09,240334,WGTSTUS1,MBBL,2026-09-15T20:19:42+00:00,https://api.eia.gov/v2/petroleum/stoc/wstk/data/
2015-01-16,240922,WGTSTUS1,MBBL,2026-09-15T20:19:42+00:00,https://api.eia.gov/v2/petroleum/stoc/wstk/data/
2015-01-23,238335,WGTSTUS1,MBBL,2026-09-15T20:19:42+00:00,https://api.eia.gov/v2/petroleum/stoc/wstk/data/
2015-01-30,240670,WGTSTUS1,MBBL,2026-09-15T20:19:42+00:00,https://api.eia.gov/v2/petroleum/stoc/wstk/data/
2015-02-06,242647,WGTSTUS1,MBBL,2026-09-15T20:19:42+00:00,https://api.eia.gov/v2/petroleum/stoc/wstk/data/
2015-02-13,243132,WGTSTUS1,MBBL,2026-09-15T20:19:42+00:00,https://api.eia.gov/v2/petroleum/stoc/wstk/data/
2015-02-20,240014,WGTSTUS1,MBBL,2026-09-15T20:19:42+00:00,https://api.eia.gov/v2/petroleum/stoc/wstk/data/
2015-02-27,240060,WGTSTUS1,MBBL,2026-09-15T20:19:42+00:00,https://api.eia.gov/v2/petroleum/stoc/wstk/data/
2015-03-06,239873,WGTSTUS1,MBBL,2026-09-15T20:19:42+00:00,https://api.eia.gov/v2/petroleum/stoc/wstk/data/
2015-03-13,235400,WGTSTUS1,MBBL,2026-09-15T20:19:42+00:00,https://api.eia.gov/v2/petroleum/stoc/wstk/data/
2015-03-20,233386,WGTSTUS1,MBBL,2026-09-15T20:19:42+00:00,https://api.eia.gov/v2/petroleum/stoc/wstk/data/
2015-03-27,229128,WGTSTUS1,MBBL,2026-09-15T20:19:42+00:00,https://api.eia.gov/v2/petroleum/stoc/wstk/data/
2015-04-03,229945,WGTSTUS1,MBBL,2026-09-15T20:19:42+00:00,https://api.eia.gov/v2/petroleum/stoc/wstk/data/
2015-04-10,227873,WGTSTUS1,MBBL,2026-09-15T20:19:42+00:00,https://api.eia.gov/v2/petroleum/stoc/wstk/data/
2015-04-17,225738,WGTSTUS1,MBBL,2026-09-15T20:19:42+00:00,https://api.eia.gov/v2/petroleum/stoc/wstk/data/
2015-04-24,227451,WGTSTUS1,MBBL,2026-09-15T20:19:42+00:00,https://api.eia.gov/v2/petroleum/stoc/wstk/data/
2015-05-01,227852,WGTSTUS1,MBBL,2026-09-15T20:19:42+00:00,https://api.eia.gov/v2/petroleum/stoc/wstk/data/
2015-05-08,226710,WGTSTUS1,MBBL,2026-09-15T20:19:42+00:00,https://api.eia.gov/v2/petroleum/stoc/wstk/data/
2015-05-15,223936,WGTSTUS1,MBBL,2026-09-15T20:19:42+00:00,https://api.eia.gov/v2/petroleum/stoc/wstk/data/
2015-05-22,220627,WGTSTUS1,MBBL,2026-09-15T20:19:42+00:00,https://api.eia.gov/v2/petroleum/stoc/wstk/data/
2015-05-29,220293,WGTSTUS1,MBBL,2026-09-15T20:19:42+00:00,https://api.eia.gov/v2/petroleum/stoc/wstk/data/
2015-06-05,217354,WGTSTUS1,MBBL,2026-09-15T20:19:42+00:00,https://api.eia.gov/v2/petroleum/stoc/wstk/data/
2015-06-12,217814,WGTSTUS1,MBBL,2026-09-15T20:19:42+00:00,https://api.eia.gov/v2/petroleum/stoc/wstk/data/
2015-06-19,218494,WGTSTUS1,MBBL,2026-09-15T20:19:42+00:00,https://api.eia.gov/v2/petroleum/stoc/wstk/data/
2015-06-26,216737,WGTSTUS1,MBBL,2026-09-15T20:19:42+00:00,https://api.eia.gov/v2/petroleum/stoc/wstk/data/
2015-07-03,217952,WGTSTUS1,MBBL,2026-09-15T20:19:42+00:00,https://api.eia.gov/v2/petroleum/stoc/wstk/data/
2015-07-10,218010,WGTSTUS1,MBBL,2026-09-15T20:19:42+00:00,https://api.eia.gov/v2/petroleum/stoc/wstk/data/
2015-07-17,216285,WGTSTUS1,MBBL,2026-09-15T20:19:42+00:00,https://api.eia.gov/v2/petroleum/stoc/wstk/data/
2015-07-24,215922,WGTSTUS1,MBBL,2026-09-15T20:19:42+00:00,https://api.eia.gov/v2/petroleum/stoc/wstk/data/
2015-07-31,216733,WGTSTUS1,MBBL,2026-09-15T20:19:42+00:00,https://api.eia.gov/v2/petroleum/stoc/wstk/data/
2015-08-07,215482,WGTSTUS1,MBBL,2026-09-15T20:19:42+00:00,https://api.eia.gov/v2/petroleum/stoc/wstk/data/
2015-08-14,212774,WGTSTUS1,MBBL,2026-09-15T20:19:42+00:00,https://api.eia.gov/v2/petroleum/stoc/wstk/data/
2015-08-21,214434,WGTSTUS1,MBBL,2026-09-15T20:19:42+00:00,https://api.eia.gov/v2/petroleum/stoc/wstk/data/
2015-08-28,214163,WGTSTUS1,MBBL,2026-09-15T20:19:42+00:00,https://api.eia.gov/v2/petroleum/stoc/wstk/data/
2015-09-04,214547,WGTSTUS1,MBBL,2026-09-15T20:19:42+00:00,https://api.eia.gov/v2/petroleum/stoc/wstk/data/
2015-09-11,217387,WGTSTUS1,MBBL,2026-09-15T20:19:42+00:00,https://api.eia.gov/v2/petroleum/stoc/wstk/data/
2015-09-18,218756,WGTSTUS1,MBBL,2026-09-15T20:19:42+00:00,https://api.eia.gov/v2/petroleum/stoc/wstk/data/
2015-09-25,222010,WGTSTUS1,MBBL,2026-09-15T20:19:42+00:00,https://api.eia.gov/v2/petroleum/stoc/wstk/data/
2015-10-02,223920,WGTSTUS1,MBBL,2026-09-15T20:19:42+00:00,https://api.eia.gov/v2/petroleum/stoc/wstk/data/
2015-10-09,221302,WGTSTUS1,MBBL,2026-09-15T20:19:42+00:00,https://api.eia.gov/v2/petroleum/stoc/wstk/data/
2015-10-16,219784,WGTSTUS1,MBBL,2026-09-15T20:19:42+00:00,https://api.eia.gov/v2/petroleum/stoc/wstk/data/
2015-10-23,218647,WGTSTUS1,MBBL,2026-09-15T20:19:42+00:00,https://api.eia.gov/v2/petroleum/stoc/wstk/data/
2015-10-30,215347,WGTSTUS1,MBBL,2026-09-15T20:19:42+00:00,https://api.eia.gov/v2/petroleum/stoc/wstk/data/
2015-11-06,213245,WGTSTUS1,MBBL,2026-09-15T20:19:42+00:00,https://api.eia.gov/v2/petroleum/stoc/wstk/data/
2015-11-13,214254,WGTSTUS1,MBBL,2026-09-15T20:19:42+00:00,https://api.eia.gov/v2/petroleum/stoc/wstk/data/
2015-11-20,216732,WGTSTUS1,MBBL,2026-09-15T20:19:42+00:00,https://api.eia.gov/v2/petroleum/stoc/wstk/data/
2015-11-27,216867,WGTSTUS1,MBBL,2026-09-15T20:19:42+00:00,https://api.eia.gov/v2/petroleum/stoc/wstk/data/
2015-12-04,217653,WGTSTUS1,MBBL,2026-09-15T20:19:42+00:00,https://api.eia.gov/v2/petroleum/stoc/wstk/data/
2015-12-11,219384,WGTSTUS1,MBBL,2026-09-15T20:19:42+00:00,https://api.eia.gov/v2/petroleum/stoc/wstk/data/
2015-12-18,220495,WGTSTUS1,MBBL,2026-09-15T20:19:42+00:00,https://api.eia.gov/v2/petroleum/stoc/wstk/data/
2015-12-25,221420,WGTSTUS1,MBBL,2026-09-15T20:19:42+00:00,https://api.eia.gov/v2/petroleum/stoc/wstk/data/
2016-01-01,231996,WGTSTUS1,MBBL,2026-09-15T20:19:42+00:00,https://api.eia.gov/v2/petroleum/stoc/wstk/data/
2016-01-08,240434,WGTSTUS1,MBBL,2026-09-15T20:19:42+00:00,https://api.eia.gov/v2/petroleum/stoc/wstk/data/
2016-01-15,244997,WGTSTUS1,MBBL,2026-09-15T20:19:42+00:00,https://api.eia.gov/v2/petroleum/stoc/wstk/data/
2016-01-22,248461,WGTSTUS1,MBBL,2026-09-15T20:19:42+00:00,https://api.eia.gov/v2/petroleum/stoc/wstk/data/
2016-01-29,254399,WGTSTUS1,MBBL,2026-09-15T20:19:42+00:00,https://api.eia.gov/v2/petroleum/stoc/wstk/data/
2016-02-05,255657,WGTSTUS1,MBBL,2026-09-15T20:19:42+00:00,https://api.eia.gov/v2/petroleum/stoc/wstk/data/
2016-02-12,258693,WGTSTUS1,MBBL,2026-09-15T20:19:42+00:00,https://api.eia.gov/v2/petroleum/stoc/wstk/data/
2016-02-19,256457,WGTSTUS1,MBBL,2026-09-15T20:19:42+00:00,https://api.eia.gov/v2/petroleum/stoc/wstk/data/
2016-02-26,254989,WGTSTUS1,MBBL,2026-09-15T20:19:42+00:00,https://api.eia.gov/v2/petroleum/stoc/wstk/data/
2016-03-04,250463,WGTSTUS1,MBBL,2026-09-15T20:19:42+00:00,https://api.eia.gov/v2/petroleum/stoc/wstk/data/
2016-03-11,249716,WGTSTUS1,MBBL,2026-09-15T20:19:42+00:00,https://api.eia.gov/v2/petroleum/stoc/wstk/data/
2016-03-18,245074,WGTSTUS1,MBBL,2026-09-15T20:19:42+00:00,https://api.eia.gov/v2/petroleum/stoc/wstk/data/
2016-03-25,242560,WGTSTUS1,MBBL,2026-09-15T20:19:42+00:00,https://api.eia.gov/v2/petroleum/stoc/wstk/data/
2016-04-01,243998,WGTSTUS1,MBBL,2026-09-15T20:19:42+00:00,https://api.eia.gov/v2/petroleum/stoc/wstk/data/
2016-04-08,239761,WGTSTUS1,MBBL,2026-09-15T20:19:42+00:00,https://api.eia.gov/v2/petroleum/stoc/wstk/data/
2016-04-15,239651,WGTSTUS1,MBBL,2026-09-15T20:19:42+00:00,https://api.eia.gov/v2/petroleum/stoc/wstk/data/
2016-04-22,241259,WGTSTUS1,MBBL,2026-09-15T20:19:42+00:00,https://api.eia.gov/v2/petroleum/stoc/wstk/data/
2016-04-29,241795,WGTSTUS1,MBBL,2026-09-15T20:19:42+00:00,https://api.eia.gov/v2/petroleum/stoc/wstk/data/
2016-05-06,240564,WGTSTUS1,MBBL,2026-09-15T20:19:42+00:00,https://api.eia.gov/v2/petroleum/stoc/wstk/data/
2016-05-13,238068,WGTSTUS1,MBBL,2026-09-15T20:19:42+00:00,https://api.eia.gov/v2/petroleum/stoc/wstk/data/
2016-05-20,240111,WGTSTUS1,MBBL,2026-09-15T20:19:42+00:00,https://api.eia.gov/v2/petroleum/stoc/wstk/data/
2016-05-27,238619,WGTSTUS1,MBBL,2026-09-15T20:19:42+00:00,https://api.eia.gov/v2/petroleum/stoc/wstk/data/
2016-06-03,239629,WGTSTUS1,MBBL,2026-09-15T20:19:42+00:00,https://api.eia.gov/v2/petroleum/stoc/wstk/data/
2016-06-10,237004,WGTSTUS1,MBBL,2026-09-15T20:19:42+00:00,https://api.eia.gov/v2/petroleum/stoc/wstk/data/
2016-06-17,237631,WGTSTUS1,MBBL,2026-09-15T20:19:42+00:00,https://api.eia.gov/v2/petroleum/stoc/wstk/data/
2016-06-24,238998,WGTSTUS1,MBBL,2026-09-15T20:19:42+00:00,https://api.eia.gov/v2/petroleum/stoc/wstk/data/
2016-07-01,238876,WGTSTUS1,MBBL,2026-09-15T20:19:42+00:00,https://api.eia.gov/v2/petroleum/stoc/wstk/data/
2016-07-08,240089,WGTSTUS1,MBBL,2026-09-15T20:19:42+00:00,https://api.eia.gov/v2/petroleum/stoc/wstk/data/
2016-07-15,241000,WGTSTUS1,MBBL,2026-09-15T20:19:42+00:00,https://api.eia.gov/v2/petroleum/stoc/wstk/data/
2016-07-22,241452,WGTSTUS1,MBBL,2026-09-15T20:19:42+00:00,https://api.eia.gov/v2/petroleum/stoc/wstk/data/
2016-07-29,238190,WGTSTUS1,MBBL,2026-09-15T20:19:42+00:00,https://api.eia.gov/v2/petroleum/stoc/wstk/data/
2016-08-05,235383,WGTSTUS1,MBBL,2026-09-15T20:19:42+00:00,https://api.eia.gov/v2/petroleum/stoc/wstk/data/
2016-08-12,232659,WGTSTUS1,MBBL,2026-09-15T20:19:42+00:00,https://api.eia.gov/v2/petroleum/stoc/wstk/data/
2016-08-19,232695,WGTSTUS1,MBBL,2026-09-15T20:19:42+00:00,https://api.eia.gov/v2/petroleum/stoc/wstk/data/
2016-08-26,232004,WGTSTUS1,MBBL,2026-09-15T20:19:42+00:00,https://api.eia.gov/v2/petroleum/stoc/wstk/data/
2016-09-02,227793,WGTSTUS1,MBBL,2026-09-15T20:19:42+00:00,https://api.eia.gov/v2/petroleum/stoc/wstk/data/
2016-09-09,228360,WGTSTUS1,MBBL,2026-09-15T20:19:42+00:00,https://api.eia.gov/v2/petroleum/stoc/wstk/data/
2016-09-16,225156,WGTSTUS1,MBBL,2026-09-15T20:19:42+00:00,https://api.eia.gov/v2/petroleum/stoc/wstk/data/
2016-09-23,227183,WGTSTUS1,MBBL,2026-09-15T20:19:42+00:00,https://api.eia.gov/v2/petroleum/stoc/wstk/data/
2016-09-30,227405,WGTSTUS1,MBBL,2026-09-15T20:19:42+00:00,https://api.eia.gov/v2/petroleum/stoc/wstk/data/
2016-10-07,225498,WGTSTUS1,MBBL,2026-09-15T20:19:42+00:00,https://api.eia.gov/v2/petroleum/stoc/wstk/data/
2016-10-14,227967,WGTSTUS1,MBBL,2026-09-15T20:19:42+00:00,https://api.eia.gov/v2/petroleum/stoc/wstk/data/
2016-10-21,226011,WGTSTUS1,MBBL,2026-09-15T20:19:42+00:00,https://api.eia.gov/v2/petroleum/stoc/wstk/data/
2016-10-28,223804,WGTSTUS1,MBBL,2026-09-15T20:19:42+00:00,https://api.eia.gov/v2/petroleum/stoc/wstk/data/
2016-11-04,220963,WGTSTUS1,MBBL,2026-09-15T20:19:42+00:00,https://api.eia.gov/v2/petroleum/stoc/wstk/data/
2016-11-11,221709,WGTSTUS1,MBBL,2026-09-15T20:19:42+00:00,https://api.eia.gov/v2/petroleum/stoc/wstk/data/
2016-11-18,224026,WGTSTUS1,MBBL,2026-09-15T20:19:42+00:00,https://api.eia.gov/v2/petroleum/stoc/wstk/data/
2016-11-25,226123,WGTSTUS1,MBBL,2026-09-15T20:19:42+00:00,https://api.eia.gov/v2/petroleum/stoc/wstk/data/
2016-12-02,229548,WGTSTUS1,MBBL,2026-09-15T20:19:42+00:00,https://api.eia.gov/v2/petroleum/stoc/wstk/data/
2016-12-09,230045,WGTSTUS1,MBBL,2026-09-15T20:19:42+00:00,https://api.eia.gov/v2/petroleum/stoc/wstk/data/
2016-12-16,228736,WGTSTUS1,MBBL,2026-09-15T20:19:42+00:00,https://api.eia.gov/v2/petroleum/stoc/wstk/data/
2016-12-23,227143,WGTSTUS1,MBBL,2026-09-15T20:19:42+00:00,https://api.eia.gov/v2/petroleum/stoc/wstk/data/
2016-12-30,235450,WGTSTUS1,MBBL,2026-09-15T20:19:42+00:00,https://api.eia.gov/v2/petroleum/stoc/wstk/data/
2017-01-06,240473,WGTSTUS1,MBBL,2026-09-15T20:19:42+00:00,https://api.eia.gov/v2/petroleum/stoc/wstk/data/
2017-01-13,246424,WGTSTUS1,MBBL,2026-09-15T20:19:42+00:00,https://api.eia.gov/v2/petroleum/stoc/wstk/data/
2017-01-20,253220,WGTSTUS1,MBBL,2026-09-15T20:19:42+00:00,https://api.eia.gov/v2/petroleum/stoc/wstk/data/
2017-01-27,257086,WGTSTUS1,MBBL,2026-09-15T20:19:42+00:00,https://api.eia.gov/v2/petroleum/stoc/wstk/data/
2017-02-03,256217,WGTSTUS1,MBBL,2026-09-15T20:19:42+00:00,https://api.eia.gov/v2/petroleum/stoc/wstk/data/
2017-02-10,259063,WGTSTUS1,MBBL,2026-09-15T20:19:42+00:00,https://api.eia.gov/v2/petroleum/stoc/wstk/data/
2017-02-17,256435,WGTSTUS1,MBBL,2026-09-15T20:19:42+00:00,https://api.eia.gov/v2/petroleum/stoc/wstk/data/
2017-02-24,255889,WGTSTUS1,MBBL,2026-09-15T20:19:42+00:00,https://api.eia.gov/v2/petroleum/stoc/wstk/data/
2017-03-03,249334,WGTSTUS1,MBBL,2026-09-15T20:19:42+00:00,https://api.eia.gov/v2/petroleum/stoc/wstk/data/
2017-03-10,246279,WGTSTUS1,MBBL,2026-09-15T20:19:42+00:00,https://api.eia.gov/v2/petroleum/stoc/wstk/data/
2017-03-17,243468,WGTSTUS1,MBBL,2026-09-15T20:19:42+00:00,https://api.eia.gov/v2/petroleum/stoc/wstk/data/
2017-03-24,239721,WGTSTUS1,MBBL,2026-09-15T20:19:42+00:00,https://api.eia.gov/v2/petroleum/stoc/wstk/data/
2017-03-31,239103,WGTSTUS1,MBBL,2026-09-15T20:19:42+00:00,https://api.eia.gov/v2/petroleum/stoc/wstk/data/
2017-04-07,236130,WGTSTUS1,MBBL,2026-09-15T20:19:42+00:00,https://api.eia.gov/v2/petroleum/stoc/wstk/data/
2017-04-14,237672,WGTSTUS1,MBBL,2026-09-15T20:19:42+00:00,https://api.eia.gov/v2/petroleum/stoc/wstk/data/
2017-04-21,241041,WGTSTUS1,MBBL,2026-09-15T20:19:42+00:00,https://api.eia.gov/v2/petroleum/stoc/wstk/data/
2017-04-28,241232,WGTSTUS1,MBBL,2026-09-15T20:19:42+00:00,https://api.eia.gov/v2/petroleum/stoc/wstk/data/
2017-05-05,241082,WGTSTUS1,MBBL,2026-09-15T20:19:42+00:00,https://api.eia.gov/v2/petroleum/stoc/wstk/data/
2017-05-12,240669,WGTSTUS1,MBBL,2026-09-15T20:19:42+00:00,https://api.eia.gov/v2/petroleum/stoc/wstk/data/
2017-05-19,239882,WGTSTUS1,MBBL,2026-09-15T20:19:42+00:00,https://api.eia.gov/v2/petroleum/stoc/wstk/data/
2017-05-26,237024,WGTSTUS1,MBBL,2026-09-15T20:19:42+00:00,https://api.eia.gov/v2/petroleum/stoc/wstk/data/
2017-06-02,240348,WGTSTUS1,MBBL,2026-09-15T20:19:42+00:00,https://api.eia.gov/v2/petroleum/stoc/wstk/data/
2017-06-09,242444,WGTSTUS1,MBBL,2026-09-15T20:19:42+00:00,https://api.eia.gov/v2/petroleum/stoc/wstk/data/
2017-06-16,241866,WGTSTUS1,MBBL,2026-09-15T20:19:42+00:00,https://api.eia.gov/v2/petroleum/stoc/wstk/data/
2017-06-23,240972,WGTSTUS1,MBBL,2026-09-15T20:19:42+00:00,https://api.eia.gov/v2/petroleum/stoc/wstk/data/
2017-06-30,237303,WGTSTUS1,MBBL,2026-09-15T20:19:42+00:00,https://api.eia.gov/v2/petroleum/stoc/wstk/data/
2017-07-07,235656,WGTSTUS1,MBBL,2026-09-15T20:19:42+00:00,https://api.eia.gov/v2/petroleum/stoc/wstk/data/
2017-07-14,231211,WGTSTUS1,MBBL,2026-09-15T20:19:42+00:00,https://api.eia.gov/v2/petroleum/stoc/wstk/data/
2017-07-21,230196,WGTSTUS1,MBBL,2026-09-15T20:19:42+00:00,https://api.eia.gov/v2/petroleum/stoc/wstk/data/
2017-07-28,227679,WGTSTUS1,MBBL,2026-09-15T20:19:42+00:00,https://api.eia.gov/v2/petroleum/stoc/wstk/data/
2017-08-04,231103,WGTSTUS1,MBBL,2026-09-15T20:19:42+00:00,https://api.eia.gov/v2/petroleum/stoc/wstk/data/
2017-08-11,231125,WGTSTUS1,MBBL,2026-09-15T20:19:42+00:00,https://api.eia.gov/v2/petroleum/stoc/wstk/data/
2017-08-18,229902,WGTSTUS1,MBBL,2026-09-15T20:19:42+00:00,https://api.eia.gov/v2/petroleum/stoc/wstk/data/
2017-08-25,229937,WGTSTUS1,MBBL,2026-09-15T20:19:42+00:00,https://api.eia.gov/v2/petroleum/stoc/wstk/data/
2017-09-01,226738,WGTSTUS1,MBBL,2026-09-15T20:19:42+00:00,https://api.eia.gov/v2/petroleum/stoc/wstk/data/
2017-09-08,218310,WGTSTUS1,MBBL,2026-09-15T20:19:42+00:00,https://api.eia.gov/v2/petroleum/stoc/wstk/data/
2017-09-15,216185,WGTSTUS1,MBBL,2026-09-15T20:19:42+00:00,https://api.eia.gov/v2/petroleum/stoc/wstk/data/
2017-09-22,217292,WGTSTUS1,MBBL,2026-09-15T20:19:42+00:00,https://api.eia.gov/v2/petroleum/stoc/wstk/data/
2017-09-29,218936,WGTSTUS1,MBBL,2026-09-15T20:19:42+00:00,https://api.eia.gov/v2/petroleum/stoc/wstk/data/
2017-10-06,221426,WGTSTUS1,MBBL,2026-09-15T20:19:42+00:00,https://api.eia.gov/v2/petroleum/stoc/wstk/data/
2017-10-13,222334,WGTSTUS1,MBBL,2026-09-15T20:19:42+00:00,https://api.eia.gov/v2/petroleum/stoc/wstk/data/
2017-10-20,216869,WGTSTUS1,MBBL,2026-09-15T20:19:42+00:00,https://api.eia.gov/v2/petroleum/stoc/wstk/data/
2017-10-27,212849,WGTSTUS1,MBBL,2026-09-15T20:19:42+00:00,https://api.eia.gov/v2/petroleum/stoc/wstk/data/
2017-11-03,209537,WGTSTUS1,MBBL,2026-09-15T20:19:42+00:00,https://api.eia.gov/v2/petroleum/stoc/wstk/data/
2017-11-10,210431,WGTSTUS1,MBBL,2026-09-15T20:19:42+00:00,https://api.eia.gov/v2/petroleum/stoc/wstk/data/
2017-11-17,210475,WGTSTUS1,MBBL,2026-09-15T20:19:42+00:00,https://api.eia.gov/v2/petroleum/stoc/wstk/data/
2017-11-24,214102,WGTSTUS1,MBBL,2026-09-15T20:19:42+00:00,https://api.eia.gov/v2/petroleum/stoc/wstk/data/
2017-12-01,220882,WGTSTUS1,MBBL,2026-09-15T20:19:42+00:00,https://api.eia.gov/v2/petroleum/stoc/wstk/data/
2017-12-08,226546,WGTSTUS1,MBBL,2026-09-15T20:19:42+00:00,https://api.eia.gov/v2/petroleum/stoc/wstk/data/
2017-12-15,227783,WGTSTUS1,MBBL,2026-09-15T20:19:42+00:00,https://api.eia.gov/v2/petroleum/stoc/wstk/data/
2017-12-22,228374,WGTSTUS1,MBBL,2026-09-15T20:19:42+00:00,https://api.eia.gov/v2/petroleum/stoc/wstk/data/
2017-12-29,233187,WGTSTUS1,MBBL,2026-09-15T20:19:42+00:00,https://api.eia.gov/v2/petroleum/stoc/wstk/data/
2018-01-05,237322,WGTSTUS1,MBBL,2026-09-15T20:19:42+00:00,https://api.eia.gov/v2/petroleum/stoc/wstk/data/
2018-01-12,240942,WGTSTUS1,MBBL,2026-09-15T20:19:42+00:00,https://api.eia.gov/v2/petroleum/stoc/wstk/data/
2018-01-19,244040,WGTSTUS1,MBBL,2026-09-15T20:19:42+00:00,https://api.eia.gov/v2/petroleum/stoc/wstk/data/
2018-01-26,242060,WGTSTUS1,MBBL,2026-09-15T20:19:42+00:00,https://api.eia.gov/v2/petroleum/stoc/wstk/data/
2018-02-02,245474,WGTSTUS1,MBBL,2026-09-15T20:19:42+00:00,https://api.eia.gov/v2/petroleum/stoc/wstk/data/
2018-02-09,249073,WGTSTUS1,MBBL,2026-09-15T20:19:42+00:00,https://api.eia.gov/v2/petroleum/stoc/wstk/data/
2018-02-16,249334,WGTSTUS1,MBBL,2026-09-15T20:19:42+00:00,https://api.eia.gov/v2/petroleum/stoc/wstk/data/
2018-02-23,251817,WGTSTUS1,MBBL,2026-09-15T20:19:42+00:00,https://api.eia.gov/v2/petroleum/stoc/wstk/data/
2018-03-02,251029,WGTSTUS1,MBBL,2026-09-15T20:19:42+00:00,https://api.eia.gov/v2/petroleum/stoc/wstk/data/
2018-03-09,244758,WGTSTUS1,MBBL,2026-09-15T20:19:42+00:00,https://api.eia.gov/v2/petroleum/stoc/wstk/data/
2018-03-16,243065,WGTSTUS1,MBBL,2026-09-15T20:19:42+00:00,https://api.eia.gov/v2/petroleum/stoc/wstk/data/
2018-03-23,239593,WGTSTUS1,MBBL,2026-09-15T20:19:42+00:00,https://api.eia.gov/v2/petroleum/stoc/wstk/data/
2018-03-30,238477,WGTSTUS1,MBBL,2026-09-15T20:19:42+00:00,https://api.eia.gov/v2/petroleum/stoc/wstk/data/
2018-04-06,238935,WGTSTUS1,MBBL,2026-09-15T20:19:42+00:00,https://api.eia.gov/v2/petroleum/stoc/wstk/data/
2018-04-13,235967,WGTSTUS1,MBBL,2026-09-15T20:19:42+00:00,https://api.eia.gov/v2/petroleum/stoc/wstk/data/
2018-04-20,236807,WGTSTUS1,MBBL,2026-09-15T20:19:42+00:00,https://api.eia.gov/v2/petroleum/stoc/wstk/data/
2018-04-27,237978,WGTSTUS1,MBBL,2026-09-15T20:19:42+00:00,https://api.eia.gov/v2/petroleum/stoc/wstk/data/
2018-05-04,235804,WGTSTUS1,MBBL,2026-09-15T20:19:42+00:00,https://api.eia.gov/v2/petroleum/stoc/wstk/data/
2018-05-11,232014,WGTSTUS1,MBBL,2026-09-15T20:19:42+00:00,https://api.eia.gov/v2/petroleum/stoc/wstk/data/
2018-05-18,233897,WGTSTUS1,MBBL,2026-09-15T20:19:42+00:00,https://api.eia.gov/v2/petroleum/stoc/wstk/data/
2018-05-25,234431,WGTSTUS1,MBBL,2026-09-15T20:19:42+00:00,https://api.eia.gov/v2/petroleum/stoc/wstk/data/
2018-06-01,239034,WGTSTUS1,MBBL,2026-09-15T20:19:42+00:00,https://api.eia.gov/v2/petroleum/stoc/wstk/data/
2018-06-08,236763,WGTSTUS1,MBBL,2026-09-15T20:19:42+00:00,https://api.eia.gov/v2/petroleum/stoc/wstk/data/
2018-06-15,240040,WGTSTUS1,MBBL,2026-09-15T20:19:42+00:00,https://api.eia.gov/v2/petroleum/stoc/wstk/data/
2018-06-22,241196,WGTSTUS1,MBBL,2026-09-15T20:19:42+00:00,https://api.eia.gov/v2/petroleum/stoc/wstk/data/
2018-06-29,239691,WGTSTUS1,MBBL,2026-09-15T20:19:42+00:00,https://api.eia.gov/v2/petroleum/stoc/wstk/data/
2018-07-06,238997,WGTSTUS1,MBBL,2026-09-15T20:19:42+00:00,https://api.eia.gov/v2/petroleum/stoc/wstk/data/
2018-07-13,235832,WGTSTUS1,MBBL,2026-09-15T20:19:42+00:00,https://api.eia.gov/v2/petroleum/stoc/wstk/data/
2018-07-20,233504,WGTSTUS1,MBBL,2026-09-15T20:19:42+00:00,https://api.eia.gov/v2/petroleum/stoc/wstk/data/
2018-07-27,230968,WGTSTUS1,MBBL,2026-09-15T20:19:42+00:00,https://api.eia.gov/v2/petroleum/stoc/wstk/data/
2018-08-03,233868,WGTSTUS1,MBBL,2026-09-15T20:19:42+00:00,https://api.eia.gov/v2/petroleum/stoc/wstk/data/
2018-08-10,233128,WGTSTUS1,MBBL,2026-09-15T20:19:42+00:00,https://api.eia.gov/v2/petroleum/stoc/wstk/data/
2018-08-17,234328,WGTSTUS1,MBBL,2026-09-15T20:19:42+00:00,https://api.eia.gov/v2/petroleum/stoc/wstk/data/
2018-08-24,232774,WGTSTUS1,MBBL,2026-09-15T20:19:42+00:00,https://api.eia.gov/v2/petroleum/stoc/wstk/data/
2018-08-31,234619,WGTSTUS1,MBBL,2026-09-15T20:19:42+00:00,https://api.eia.gov/v2/petroleum/stoc/wstk/data/
2018-09-07,235869,WGTSTUS1,MBBL,2026-09-15T20:19:42+00:00,https://api.eia.gov/v2/petroleum/stoc/wstk/data/
2018-09-14,234150,WGTSTUS1,MBBL,2026-09-15T20:19:42+00:00,https://api.eia.gov/v2/petroleum/stoc/wstk/data/
2018-09-21,235680,WGTSTUS1,MBBL,2026-09-15T20:19:42+00:00,https://api.eia.gov/v2/petroleum/stoc/wstk/data/
2018-09-28,235221,WGTSTUS1,MBBL,2026-09-15T20:19:42+00:00,https://api.eia.gov/v2/petroleum/stoc/wstk/data/
2018-10-05,236172,WGTSTUS1,MBBL,2026-09-15T20:19:42+00:00,https://api.eia.gov/v2/petroleum/stoc/wstk/data/
2018-10-12,234156,WGTSTUS1,MBBL,2026-09-15T20:19:42+00:00,https://api.eia.gov/v2/petroleum/stoc/wstk/data/
2018-10-19,229330,WGTSTUS1,MBBL,2026-09-15T20:19:42+00:00,https://api.eia.gov/v2/petroleum/stoc/wstk/data/
2018-10-26,226169,WGTSTUS1,MBBL,2026-09-15T20:19:42+00:00,https://api.eia.gov/v2/petroleum/stoc/wstk/data/
2018-11-02,228021,WGTSTUS1,MBBL,2026-09-15T20:19:42+00:00,https://api.eia.gov/v2/petroleum/stoc/wstk/data/
2018-11-09,226610,WGTSTUS1,MBBL,2026-09-15T20:19:42+00:00,https://api.eia.gov/v2/petroleum/stoc/wstk/data/
2018-11-16,225315,WGTSTUS1,MBBL,2026-09-15T20:19:42+00:00,https://api.eia.gov/v2/petroleum/stoc/wstk/data/
2018-11-23,224551,WGTSTUS1,MBBL,2026-09-15T20:19:42+00:00,https://api.eia.gov/v2/petroleum/stoc/wstk/data/
2018-11-30,226250,WGTSTUS1,MBBL,2026-09-15T20:19:42+00:00,https://api.eia.gov/v2/petroleum/stoc/wstk/data/
2018-12-07,228337,WGTSTUS1,MBBL,2026-09-15T20:19:42+00:00,https://api.eia.gov/v2/petroleum/stoc/wstk/data/
2018-12-14,230103,WGTSTUS1,MBBL,2026-09-15T20:19:42+00:00,https://api.eia.gov/v2/petroleum/stoc/wstk/data/
2018-12-21,233106,WGTSTUS1,MBBL,2026-09-15T20:19:42+00:00,https://api.eia.gov/v2/petroleum/stoc/wstk/data/
2018-12-28,239996,WGTSTUS1,MBBL,2026-09-15T20:19:42+00:00,https://api.eia.gov/v2/petroleum/stoc/wstk/data/
2019-01-04,248062,WGTSTUS1,MBBL,2026-09-15T20:19:42+00:00,https://api.eia.gov/v2/petroleum/stoc/wstk/data/
2019-01-11,255565,WGTSTUS1,MBBL,2026-09-15T20:19:42+00:00,https://api.eia.gov/v2/petroleum/stoc/wstk/data/
2019-01-18,259615,WGTSTUS1,MBBL,2026-09-15T20:19:42+00:00,https://api.eia.gov/v2/petroleum/stoc/wstk/data/
2019-01-25,257380,WGTSTUS1,MBBL,2026-09-15T20:19:42+00:00,https://api.eia.gov/v2/petroleum/stoc/wstk/data/
2019-02-01,257893,WGTSTUS1,MBBL,2026-09-15T20:19:42+00:00,https://api.eia.gov/v2/petroleum/stoc/wstk/data/
2019-02-08,258301,WGTSTUS1,MBBL,2026-09-15T20:19:42+00:00,https://api.eia.gov/v2/petroleum/stoc/wstk/data/
2019-02-15,256847,WGTSTUS1,MBBL,2026-09-15T20:19:42+00:00,https://api.eia.gov/v2/petroleum/stoc/wstk/data/
2019-02-22,254941,WGTSTUS1,MBBL,2026-09-15T20:19:42+00:00,https://api.eia.gov/v2/petroleum/stoc/wstk/data/
2019-03-01,250714,WGTSTUS1,MBBL,2026-09-15T20:19:42+00:00,https://api.eia.gov/v2/petroleum/stoc/wstk/data/
2019-03-08,246090,WGTSTUS1,MBBL,2026-09-15T20:19:42+00:00,https://api.eia.gov/v2/petroleum/stoc/wstk/data/
2019-03-15,241503,WGTSTUS1,MBBL,2026-09-15T20:19:42+00:00,https://api.eia.gov/v2/petroleum/stoc/wstk/data/
2019-03-22,238620,WGTSTUS1,MBBL,2026-09-15T20:19:42+00:00,https://api.eia.gov/v2/petroleum/stoc/wstk/data/
2019-03-29,236839,WGTSTUS1,MBBL,2026-09-15T20:19:42+00:00,https://api.eia.gov/v2/petroleum/stoc/wstk/data/
2019-04-05,229129,WGTSTUS1,MBBL,2026-09-15T20:19:42+00:00,https://api.eia.gov/v2/petroleum/stoc/wstk/data/
2019-04-12,227955,WGTSTUS1,MBBL,2026-09-15T20:19:42+00:00,https://api.eia.gov/v2/petroleum/stoc/wstk/data/
2019-04-19,225826,WGTSTUS1,MBBL,2026-09-15T20:19:42+00:00,https://api.eia.gov/v2/petroleum/stoc/wstk/data/
2019-04-26,226743,WGTSTUS1,MBBL,2026-09-15T20:19:42+00:00,https://api.eia.gov/v2/petroleum/stoc/wstk/data/
2019-05-03,226147,WGTSTUS1,MBBL,2026-09-15T20:19:42+00:00,https://api.eia.gov/v2/petroleum/stoc/wstk/data/
2019-05-10,225024,WGTSTUS1,MBBL,2026-09-15T20:19:42+00:00,https://api.eia.gov/v2/petroleum/stoc/wstk/data/
2019-05-17,228740,WGTSTUS1,MBBL,2026-09-15T20:19:42+00:00,https://api.eia.gov/v2/petroleum/stoc/wstk/data/
2019-05-24,230944,WGTSTUS1,MBBL,2026-09-15T20:19:42+00:00,https://api.eia.gov/v2/petroleum/stoc/wstk/data/
2019-05-31,234149,WGTSTUS1,MBBL,2026-09-15T20:19:42+00:00,https://api.eia.gov/v2/petroleum/stoc/wstk/data/
2019-06-07,234913,WGTSTUS1,MBBL,2026-09-15T20:19:42+00:00,https://api.eia.gov/v2/petroleum/stoc/wstk/data/
2019-06-14,233221,WGTSTUS1,MBBL,2026-09-15T20:19:42+00:00,https://api.eia.gov/v2/petroleum/stoc/wstk/data/
2019-06-21,232225,WGTSTUS1,MBBL,2026-09-15T20:19:42+00:00,https://api.eia.gov/v2/petroleum/stoc/wstk/data/
2019-06-28,230642,WGTSTUS1,MBBL,2026-09-15T20:19:42+00:00,https://api.eia.gov/v2/petroleum/stoc/wstk/data/
2019-07-05,229187,WGTSTUS1,MBBL,2026-09-15T20:19:42+00:00,https://api.eia.gov/v2/petroleum/stoc/wstk/data/
2019-07-12,232752,WGTSTUS1,MBBL,2026-09-15T20:19:42+00:00,https://api.eia.gov/v2/petroleum/stoc/wstk/data/
2019-07-19,232526,WGTSTUS1,MBBL,2026-09-15T20:19:42+00:00,https://api.eia.gov/v2/petroleum/stoc/wstk/data/
2019-07-26,230735,WGTSTUS1,MBBL,2026-09-15T20:19:42+00:00,https://api.eia.gov/v2/petroleum/stoc/wstk/data/
2019-08-02,235172,WGTSTUS1,MBBL,2026-09-15T20:19:42+00:00,https://api.eia.gov/v2/petroleum/stoc/wstk/data/
2019-08-09,233760,WGTSTUS1,MBBL,2026-09-15T20:19:42+00:00,https://api.eia.gov/v2/petroleum/stoc/wstk/data/
2019-08-16,234072,WGTSTUS1,MBBL,2026-09-15T20:19:42+00:00,https://api.eia.gov/v2/petroleum/stoc/wstk/data/
2019-08-23,231982,WGTSTUS1,MBBL,2026-09-15T20:19:42+00:00,https://api.eia.gov/v2/petroleum/stoc/wstk/data/
2019-08-30,229586,WGTSTUS1,MBBL,2026-09-15T20:19:42+00:00,https://api.eia.gov/v2/petroleum/stoc/wstk/data/
2019-09-06,228904,WGTSTUS1,MBBL,2026-09-15T20:19:42+00:00,https://api.eia.gov/v2/petroleum/stoc/wstk/data/
2019-09-13,229685,WGTSTUS1,MBBL,2026-09-15T20:19:42+00:00,https://api.eia.gov/v2/petroleum/stoc/wstk/data/
2019-09-20,230204,WGTSTUS1,MBBL,2026-09-15T20:19:42+00:00,https://api.eia.gov/v2/petroleum/stoc/wstk/data/
2019-09-27,229976,WGTSTUS1,MBBL,2026-09-15T20:19:42+00:00,https://api.eia.gov/v2/petroleum/stoc/wstk/data/
2019-10-04,228763,WGTSTUS1,MBBL,2026-09-15T20:19:42+00:00,https://api.eia.gov/v2/petroleum/stoc/wstk/data/
2019-10-11,226201,WGTSTUS1,MBBL,2026-09-15T20:19:42+00:00,https://api.eia.gov/v2/petroleum/stoc/wstk/data/
2019-10-18,223094,WGTSTUS1,MBBL,2026-09-15T20:19:42+00:00,https://api.eia.gov/v2/petroleum/stoc/wstk/data/
2019-10-25,220057,WGTSTUS1,MBBL,2026-09-15T20:19:42+00:00,https://api.eia.gov/v2/petroleum/stoc/wstk/data/
2019-11-01,217229,WGTSTUS1,MBBL,2026-09-15T20:19:42+00:00,https://api.eia.gov/v2/petroleum/stoc/wstk/data/
2019-11-08,219090,WGTSTUS1,MBBL,2026-09-15T20:19:42+00:00,https://api.eia.gov/v2/petroleum/stoc/wstk/data/
2019-11-15,220846,WGTSTUS1,MBBL,2026-09-15T20:19:42+00:00,https://api.eia.gov/v2/petroleum/stoc/wstk/data/
2019-11-22,225978,WGTSTUS1,MBBL,2026-09-15T20:19:42+00:00,https://api.eia.gov/v2/petroleum/stoc/wstk/data/
2019-11-29,229363,WGTSTUS1,MBBL,2026-09-15T20:19:42+00:00,https://api.eia.gov/v2/petroleum/stoc/wstk/data/
2019-12-06,234768,WGTSTUS1,MBBL,2026-09-15T20:19:42+00:00,https://api.eia.gov/v2/petroleum/stoc/wstk/data/
2019-12-13,237297,WGTSTUS1,MBBL,2026-09-15T20:19:42+00:00,https://api.eia.gov/v2/petroleum/stoc/wstk/data/
2019-12-20,239260,WGTSTUS1,MBBL,2026-09-15T20:19:42+00:00,https://api.eia.gov/v2/petroleum/stoc/wstk/data/
2019-12-27,242472,WGTSTUS1,MBBL,2026-09-15T20:19:42+00:00,https://api.eia.gov/v2/petroleum/stoc/wstk/data/
2020-01-03,251609,WGTSTUS1,MBBL,2026-09-15T20:19:42+00:00,https://api.eia.gov/v2/petroleum/stoc/wstk/data/
2020-01-10,258287,WGTSTUS1,MBBL,2026-09-15T20:19:42+00:00,https://api.eia.gov/v2/petroleum/stoc/wstk/data/
2020-01-17,260032,WGTSTUS1,MBBL,2026-09-15T20:19:42+00:00,https://api.eia.gov/v2/petroleum/stoc/wstk/data/
2020-01-24,261235,WGTSTUS1,MBBL,2026-09-15T20:19:42+00:00,https://api.eia.gov/v2/petroleum/stoc/wstk/data/
2020-01-31,261144,WGTSTUS1,MBBL,2026-09-15T20:19:42+00:00,https://api.eia.gov/v2/petroleum/stoc/wstk/data/
2020-02-07,261049,WGTSTUS1,MBBL,2026-09-15T20:19:42+00:00,https://api.eia.gov/v2/petroleum/stoc/wstk/data/
2020-02-14,259078,WGTSTUS1,MBBL,2026-09-15T20:19:42+00:00,https://api.eia.gov/v2/petroleum/stoc/wstk/data/
2020-02-21,256387,WGTSTUS1,MBBL,2026-09-15T20:19:42+00:00,https://api.eia.gov/v2/petroleum/stoc/wstk/data/
2020-02-28,252048,WGTSTUS1,MBBL,2026-09-15T20:19:42+00:00,https://api.eia.gov/v2/petroleum/stoc/wstk/data/
2020-03-06,246999,WGTSTUS1,MBBL,2026-09-15T20:19:42+00:00,https://api.eia.gov/v2/petroleum/stoc/wstk/data/
2020-03-13,240819,WGTSTUS1,MBBL,2026-09-15T20:19:42+00:00,https://api.eia.gov/v2/petroleum/stoc/wstk/data/
2020-03-20,239282,WGTSTUS1,MBBL,2026-09-15T20:19:42+00:00,https://api.eia.gov/v2/petroleum/stoc/wstk/data/
2020-03-27,246806,WGTSTUS1,MBBL,2026-09-15T20:19:42+00:00,https://api.eia.gov/v2/petroleum/stoc/wstk/data/
2020-04-03,257303,WGTSTUS1,MBBL,2026-09-15T20:19:42+00:00,https://api.eia.gov/v2/petroleum/stoc/wstk/data/
2020-04-10,262217,WGTSTUS1,MBBL,2026-09-15T20:19:42+00:00,https://api.eia.gov/v2/petroleum/stoc/wstk/data/
2020-04-17,263234,WGTSTUS1,MBBL,2026-09-15T20:19:42+00:00,https://api.eia.gov/v2/petroleum/stoc/wstk/data/
2020-04-24,259565,WGTSTUS1,MBBL,2026-09-15T20:19:42+00:00,https://api.eia.gov/v2/petroleum/stoc/wstk/data/
2020-05-01,256407,WGTSTUS1,MBBL,2026-09-15T20:19:42+00:00,https://api.eia.gov/v2/petroleum/stoc/wstk/data/
2020-05-08,252894,WGTSTUS1,MBBL,2026-09-15T20:19:42+00:00,https://api.eia.gov/v2/petroleum/stoc/wstk/data/
2020-05-15,255724,WGTSTUS1,MBBL,2026-09-15T20:19:42+00:00,https://api.eia.gov/v2/petroleum/stoc/wstk/data/
2020-05-22,255000,WGTSTUS1,MBBL,2026-09-15T20:19:42+00:00,https://api.eia.gov/v2/petroleum/stoc/wstk/data/
2020-05-29,257795,WGTSTUS1,MBBL,2026-09-15T20:19:42+00:00,https://api.eia.gov/v2/petroleum/stoc/wstk/data/
2020-06-05,258661,WGTSTUS1,MBBL,2026-09-15T20:19:42+00:00,https://api.eia.gov/v2/petroleum/stoc/wstk/data/
2020-06-12,256995,WGTSTUS1,MBBL,2026-09-15T20:19:42+00:00,https://api.eia.gov/v2/petroleum/stoc/wstk/data/
2020-06-19,255322,WGTSTUS1,MBBL,2026-09-15T20:19:42+00:00,https://api.eia.gov/v2/petroleum/stoc/wstk/data/
2020-06-26,256521,WGTSTUS1,MBBL,2026-09-15T20:19:42+00:00,https://api.eia.gov/v2/petroleum/stoc/wstk/data/
2020-07-03,251682,WGTSTUS1,MBBL,2026-09-15T20:19:42+00:00,https://api.eia.gov/v2/petroleum/stoc/wstk/data/
2020-07-10,248535,WGTSTUS1,MBBL,2026-09-15T20:19:42+00:00,https://api.eia.gov/v2/petroleum/stoc/wstk/data/
2020-07-17,246733,WGTSTUS1,MBBL,2026-09-15T20:19:42+00:00,https://api.eia.gov/v2/petroleum/stoc/wstk/data/
2020-07-24,247387,WGTSTUS1,MBBL,2026-09-15T20:19:42+00:00,https://api.eia.gov/v2/petroleum/stoc/wstk/data/
2020-07-31,247806,WGTSTUS1,MBBL,2026-09-15T20:19:42+00:00,https://api.eia.gov/v2/petroleum/stoc/wstk/data/
2020-08-07,247084,WGTSTUS1,MBBL,2026-09-15T20:19:42+00:00,https://api.eia.gov/v2/petroleum/stoc/wstk/data/
2020-08-14,243762,WGTSTUS1,MBBL,2026-09-15T20:19:42+00:00,https://api.eia.gov/v2/petroleum/stoc/wstk/data/
2020-08-21,239179,WGTSTUS1,MBBL,2026-09-15T20:19:42+00:00,https://api.eia.gov/v2/petroleum/stoc/wstk/data/
2020-08-28,234859,WGTSTUS1,MBBL,2026-09-15T20:19:42+00:00,https://api.eia.gov/v2/petroleum/stoc/wstk/data/
2020-09-04,231905,WGTSTUS1,MBBL,2026-09-15T20:19:42+00:00,https://api.eia.gov/v2/petroleum/stoc/wstk/data/
2020-09-11,231524,WGTSTUS1,MBBL,2026-09-15T20:19:42+00:00,https://api.eia.gov/v2/petroleum/stoc/wstk/data/
2020-09-18,227499,WGTSTUS1,MBBL,2026-09-15T20:19:42+00:00,https://api.eia.gov/v2/petroleum/stoc/wstk/data/
2020-09-25,228182,WGTSTUS1,MBBL,2026-09-15T20:19:42+00:00,https://api.eia.gov/v2/petroleum/stoc/wstk/data/
2020-10-02,226747,WGTSTUS1,MBBL,2026-09-15T20:19:42+00:00,https://api.eia.gov/v2/petroleum/stoc/wstk/data/
2020-10-09,225121,WGTSTUS1,MBBL,2026-09-15T20:19:42+00:00,https://api.eia.gov/v2/petroleum/stoc/wstk/data/
2020-10-16,227016,WGTSTUS1,MBBL,2026-09-15T20:19:42+00:00,https://api.eia.gov/v2/petroleum/stoc/wstk/data/
2020-10-23,226124,WGTSTUS1,MBBL,2026-09-15T20:19:42+00:00,https://api.eia.gov/v2/petroleum/stoc/wstk/data/
2020-10-30,227665,WGTSTUS1,MBBL,2026-09-15T20:19:42+00:00,https://api.eia.gov/v2/petroleum/stoc/wstk/data/
2020-11-06,225356,WGTSTUS1,MBBL,2026-09-15T20:19:42+00:00,https://api.eia.gov/v2/petroleum/stoc/wstk/data/
2020-11-13,227967,WGTSTUS1,MBBL,2026-09-15T20:19:42+00:00,https://api.eia.gov/v2/petroleum/stoc/wstk/data/
2020-11-20,230147,WGTSTUS1,MBBL,2026-09-15T20:19:42+00:00,https://api.eia.gov/v2/petroleum/stoc/wstk/data/
2020-11-27,233638,WGTSTUS1,MBBL,2026-09-15T20:19:42+00:00,https://api.eia.gov/v2/petroleum/stoc/wstk/data/
2020-12-04,237859,WGTSTUS1,MBBL,2026-09-15T20:19:42+00:00,https://api.eia.gov/v2/petroleum/stoc/wstk/data/
2020-12-11,238879,WGTSTUS1,MBBL,2026-09-15T20:19:42+00:00,https://api.eia.gov/v2/petroleum/stoc/wstk/data/
2020-12-18,237754,WGTSTUS1,MBBL,2026-09-15T20:19:42+00:00,https://api.eia.gov/v2/petroleum/stoc/wstk/data/
2020-12-25,236562,WGTSTUS1,MBBL,2026-09-15T20:19:42+00:00,https://api.eia.gov/v2/petroleum/stoc/wstk/data/
2021-01-01,241081,WGTSTUS1,MBBL,2026-09-15T20:19:42+00:00,https://api.eia.gov/v2/petroleum/stoc/wstk/data/
2021-01-08,245476,WGTSTUS1,MBBL,2026-09-15T20:19:42+00:00,https://api.eia.gov/v2/petroleum/stoc/wstk/data/
2021-01-15,245217,WGTSTUS1,MBBL,2026-09-15T20:19:42+00:00,https://api.eia.gov/v2/petroleum/stoc/wstk/data/
2021-01-22,247686,WGTSTUS1,MBBL,2026-09-15T20:19:42+00:00,https://api.eia.gov/v2/petroleum/stoc/wstk/data/
2021-01-29,252153,WGTSTUS1,MBBL,2026-09-15T20:19:42+00:00,https://api.eia.gov/v2/petroleum/stoc/wstk/data/
2021-02-05,256412,WGTSTUS1,MBBL,2026-09-15T20:19:42+00:00,https://api.eia.gov/v2/petroleum/stoc/wstk/data/
2021-02-12,257084,WGTSTUS1,MBBL,2026-09-15T20:19:42+00:00,https://api.eia.gov/v2/petroleum/stoc/wstk/data/
2021-02-19,257096,WGTSTUS1,MBBL,2026-09-15T20:19:42+00:00,https://api.eia.gov/v2/petroleum/stoc/wstk/data/
2021-02-26,243472,WGTSTUS1,MBBL,2026-09-15T20:19:42+00:00,https://api.eia.gov/v2/petroleum/stoc/wstk/data/
2021-03-05,231603,WGTSTUS1,MBBL,2026-09-15T20:19:42+00:00,https://api.eia.gov/v2/petroleum/stoc/wstk/data/
2021-03-12,232075,WGTSTUS1,MBBL,2026-09-15T20:19:42+00:00,https://api.eia.gov/v2/petroleum/stoc/wstk/data/
2021-03-19,232279,WGTSTUS1,MBBL,2026-09-15T20:19:42+00:00,https://api.eia.gov/v2/petroleum/stoc/wstk/data/
2021-03-26,230544,WGTSTUS1,MBBL,2026-09-15T20:19:42+00:00,https://api.eia.gov/v2/petroleum/stoc/wstk/data/
2021-04-02,234588,WGTSTUS1,MBBL,2026-09-15T20:19:42+00:00,https://api.eia.gov/v2/petroleum/stoc/wstk/data/
2021-04-09,234897,WGTSTUS1,MBBL,2026-09-15T20:19:42+00:00,https://api.eia.gov/v2/petroleum/stoc/wstk/data/
2021-04-16,234982,WGTSTUS1,MBBL,2026-09-15T20:19:42+00:00,https://api.eia.gov/v2/petroleum/stoc/wstk/data/
2021-04-23,235074,WGTSTUS1,MBBL,2026-09-15T20:19:42+00:00,https://api.eia.gov/v2/petroleum/stoc/wstk/data/
2021-04-30,235811,WGTSTUS1,MBBL,2026-09-15T20:19:42+00:00,https://api.eia.gov/v2/petroleum/stoc/wstk/data/
2021-05-07,236189,WGTSTUS1,MBBL,2026-09-15T20:19:42+00:00,https://api.eia.gov/v2/petroleum/stoc/wstk/data/
2021-05-14,234226,WGTSTUS1,MBBL,2026-09-15T20:19:42+00:00,https://api.eia.gov/v2/petroleum/stoc/wstk/data/
2021-05-21,232481,WGTSTUS1,MBBL,2026-09-15T20:19:42+00:00,https://api.eia.gov/v2/petroleum/stoc/wstk/data/
2021-05-28,233980,WGTSTUS1,MBBL,2026-09-15T20:19:42+00:00,https://api.eia.gov/v2/petroleum/stoc/wstk/data/
2021-06-04,241026,WGTSTUS1,MBBL,2026-09-15T20:19:42+00:00,https://api.eia.gov/v2/petroleum/stoc/wstk/data/
2021-06-11,242980,WGTSTUS1,MBBL,2026-09-15T20:19:42+00:00,https://api.eia.gov/v2/petroleum/stoc/wstk/data/
2021-06-18,240050,WGTSTUS1,MBBL,2026-09-15T20:19:42+00:00,https://api.eia.gov/v2/petroleum/stoc/wstk/data/
2021-06-25,241572,WGTSTUS1,MBBL,2026-09-15T20:19:42+00:00,https://api.eia.gov/v2/petroleum/stoc/wstk/data/
2021-07-02,235497,WGTSTUS1,MBBL,2026-09-15T20:19:42+00:00,https://api.eia.gov/v2/petroleum/stoc/wstk/data/
2021-07-09,236535,WGTSTUS1,MBBL,2026-09-15T20:19:42+00:00,https://api.eia.gov/v2/petroleum/stoc/wstk/data/
2021-07-16,236414,WGTSTUS1,MBBL,2026-09-15T20:19:42+00:00,https://api.eia.gov/v2/petroleum/stoc/wstk/data/
2021-07-23,234161,WGTSTUS1,MBBL,2026-09-15T20:19:42+00:00,https://api.eia.gov/v2/petroleum/stoc/wstk/data/
2021-07-30,228870,WGTSTUS1,MBBL,2026-09-15T20:19:42+00:00,https://api.eia.gov/v2/petroleum/stoc/wstk/data/
2021-08-06,227469,WGTSTUS1,MBBL,2026-09-15T20:19:42+00:00,https://api.eia.gov/v2/petroleum/stoc/wstk/data/
2021-08-13,228165,WGTSTUS1,MBBL,2026-09-15T20:19:42+00:00,https://api.eia.gov/v2/petroleum/stoc/wstk/data/
2021-08-20,225924,WGTSTUS1,MBBL,2026-09-15T20:19:42+00:00,https://api.eia.gov/v2/petroleum/stoc/wstk/data/
2021-08-27,227214,WGTSTUS1,MBBL,2026-09-15T20:19:42+00:00,https://api.eia.gov/v2/petroleum/stoc/wstk/data/
2021-09-03,219999,WGTSTUS1,MBBL,2026-09-15T20:19:42+00:00,https://api.eia.gov/v2/petroleum/stoc/wstk/data/
2021-09-10,218142,WGTSTUS1,MBBL,2026-09-15T20:19:42+00:00,https://api.eia.gov/v2/petroleum/stoc/wstk/data/
2021-09-17,221616,WGTSTUS1,MBBL,2026-09-15T20:19:42+00:00,https://api.eia.gov/v2/petroleum/stoc/wstk/data/
2021-09-24,221809,WGTSTUS1,MBBL,2026-09-15T20:19:42+00:00,https://api.eia.gov/v2/petroleum/stoc/wstk/data/
2021-10-01,225065,WGTSTUS1,MBBL,2026-09-15T20:19:42+00:00,https://api.eia.gov/v2/petroleum/stoc/wstk/data/
2021-10-08,223107,WGTSTUS1,MBBL,2026-09-15T20:19:42+00:00,https://api.eia.gov/v2/petroleum/stoc/wstk/data/
2021-10-15,217739,WGTSTUS1,MBBL,2026-09-15T20:19:42+00:00,https://api.eia.gov/v2/petroleum/stoc/wstk/data/
2021-10-22,215746,WGTSTUS1,MBBL,2026-09-15T20:19:42+00:00,https://api.eia.gov/v2/petroleum/stoc/wstk/data/
2021-10-29,214258,WGTSTUS1,MBBL,2026-09-15T20:19:42+00:00,https://api.eia.gov/v2/petroleum/stoc/wstk/data/
2021-11-05,212703,WGTSTUS1,MBBL,2026-09-15T20:19:42+00:00,https://api.eia.gov/v2/petroleum/stoc/wstk/data/
2021-11-12,211996,WGTSTUS1,MBBL,2026-09-15T20:19:42+00:00,https://api.eia.gov/v2/petroleum/stoc/wstk/data/
2021-11-19,211393,WGTSTUS1,MBBL,2026-09-15T20:19:42+00:00,https://api.eia.gov/v2/petroleum/stoc/wstk/data/
2021-11-26,215422,WGTSTUS1,MBBL,2026-09-15T20:19:42+00:00,https://api.eia.gov/v2/petroleum/stoc/wstk/data/
2021-12-03,219304,WGTSTUS1,MBBL,2026-09-15T20:19:42+00:00,https://api.eia.gov/v2/petroleum/stoc/wstk/data/
2021-12-10,218585,WGTSTUS1,MBBL,2026-09-15T20:19:42+00:00,https://api.eia.gov/v2/petroleum/stoc/wstk/data/
2021-12-17,224118,WGTSTUS1,MBBL,2026-09-15T20:19:42+00:00,https://api.eia.gov/v2/petroleum/stoc/wstk/data/
2021-12-24,222659,WGTSTUS1,MBBL,2026-09-15T20:19:42+00:00,https://api.eia.gov/v2/petroleum/stoc/wstk/data/
2021-12-31,232787,WGTSTUS1,MBBL,2026-09-15T20:19:42+00:00,https://api.eia.gov/v2/petroleum/stoc/wstk/data/
2022-01-07,240748,WGTSTUS1,MBBL,2026-09-15T20:19:42+00:00,https://api.eia.gov/v2/petroleum/stoc/wstk/data/
2022-01-14,246621,WGTSTUS1,MBBL,2026-09-15T20:19:42+00:00,https://api.eia.gov/v2/petroleum/stoc/wstk/data/
2022-01-21,247918,WGTSTUS1,MBBL,2026-09-15T20:19:42+00:00,https://api.eia.gov/v2/petroleum/stoc/wstk/data/
2022-01-28,250037,WGTSTUS1,MBBL,2026-09-15T20:19:42+00:00,https://api.eia.gov/v2/petroleum/stoc/wstk/data/
2022-02-04,248393,WGTSTUS1,MBBL,2026-09-15T20:19:42+00:00,https://api.eia.gov/v2/petroleum/stoc/wstk/data/
2022-02-11,247061,WGTSTUS1,MBBL,2026-09-15T20:19:42+00:00,https://api.eia.gov/v2/petroleum/stoc/wstk/data/
2022-02-18,246479,WGTSTUS1,MBBL,2026-09-15T20:19:42+00:00,https://api.eia.gov/v2/petroleum/stoc/wstk/data/
2022-02-25,246011,WGTSTUS1,MBBL,2026-09-15T20:19:42+00:00,https://api.eia.gov/v2/petroleum/stoc/wstk/data/
2022-03-04,244606,WGTSTUS1,MBBL,2026-09-15T20:19:42+00:00,https://api.eia.gov/v2/petroleum/stoc/wstk/data/
2022-03-11,240991,WGTSTUS1,MBBL,2026-09-15T20:19:42+00:00,https://api.eia.gov/v2/petroleum/stoc/wstk/data/
2022-03-18,238043,WGTSTUS1,MBBL,2026-09-15T20:19:42+00:00,https://api.eia.gov/v2/petroleum/stoc/wstk/data/
2022-03-25,238828,WGTSTUS1,MBBL,2026-09-15T20:19:42+00:00,https://api.eia.gov/v2/petroleum/stoc/wstk/data/
2022-04-01,236787,WGTSTUS1,MBBL,2026-09-15T20:19:42+00:00,https://api.eia.gov/v2/petroleum/stoc/wstk/data/
2022-04-08,233139,WGTSTUS1,MBBL,2026-09-15T20:19:42+00:00,https://api.eia.gov/v2/petroleum/stoc/wstk/data/
2022-04-15,232378,WGTSTUS1,MBBL,2026-09-15T20:19:42+00:00,https://api.eia.gov/v2/petroleum/stoc/wstk/data/
2022-04-22,230805,WGTSTUS1,MBBL,2026-09-15T20:19:42+00:00,https://api.eia.gov/v2/petroleum/stoc/wstk/data/
2022-04-29,228575,WGTSTUS1,MBBL,2026-09-15T20:19:42+00:00,https://api.eia.gov/v2/petroleum/stoc/wstk/data/
2022-05-06,224968,WGTSTUS1,MBBL,2026-09-15T20:19:42+00:00,https://api.eia.gov/v2/petroleum/stoc/wstk/data/
2022-05-13,220189,WGTSTUS1,MBBL,2026-09-15T20:19:42+00:00,https://api.eia.gov/v2/petroleum/stoc/wstk/data/
2022-05-20,219707,WGTSTUS1,MBBL,2026-09-15T20:19:42+00:00,https://api.eia.gov/v2/petroleum/stoc/wstk/data/
2022-05-27,218996,WGTSTUS1,MBBL,2026-09-15T20:19:42+00:00,https://api.eia.gov/v2/petroleum/stoc/wstk/data/
2022-06-03,218184,WGTSTUS1,MBBL,2026-09-15T20:19:42+00:00,https://api.eia.gov/v2/petroleum/stoc/wstk/data/
2022-06-10,217474,WGTSTUS1,MBBL,2026-09-15T20:19:42+00:00,https://api.eia.gov/v2/petroleum/stoc/wstk/data/
2022-06-17,218963,WGTSTUS1,MBBL,2026-09-15T20:19:42+00:00,https://api.eia.gov/v2/petroleum/stoc/wstk/data/
2022-06-24,221608,WGTSTUS1,MBBL,2026-09-15T20:19:42+00:00,https://api.eia.gov/v2/petroleum/stoc/wstk/data/
2022-07-01,219112,WGTSTUS1,MBBL,2026-09-15T20:19:42+00:00,https://api.eia.gov/v2/petroleum/stoc/wstk/data/
2022-07-08,224937,WGTSTUS1,MBBL,2026-09-15T20:19:42+00:00,https://api.eia.gov/v2/petroleum/stoc/wstk/data/
2022-07-15,228435,WGTSTUS1,MBBL,2026-09-15T20:19:42+00:00,https://api.eia.gov/v2/petroleum/stoc/wstk/data/
2022-07-22,225131,WGTSTUS1,MBBL,2026-09-15T20:19:42+00:00,https://api.eia.gov/v2/petroleum/stoc/wstk/data/
2022-07-29,225294,WGTSTUS1,MBBL,2026-09-15T20:19:42+00:00,https://api.eia.gov/v2/petroleum/stoc/wstk/data/
2022-08-05,220316,WGTSTUS1,MBBL,2026-09-15T20:19:42+00:00,https://api.eia.gov/v2/petroleum/stoc/wstk/data/
2022-08-12,215674,WGTSTUS1,MBBL,2026-09-15T20:19:42+00:00,https://api.eia.gov/v2/petroleum/stoc/wstk/data/
2022-08-19,215647,WGTSTUS1,MBBL,2026-09-15T20:19:42+00:00,https://api.eia.gov/v2/petroleum/stoc/wstk/data/
2022-08-26,214475,WGTSTUS1,MBBL,2026-09-15T20:19:42+00:00,https://api.eia.gov/v2/petroleum/stoc/wstk/data/
2022-09-02,214808,WGTSTUS1,MBBL,2026-09-15T20:19:42+00:00,https://api.eia.gov/v2/petroleum/stoc/wstk/data/
2022-09-09,213040,WGTSTUS1,MBBL,2026-09-15T20:19:42+00:00,https://api.eia.gov/v2/petroleum/stoc/wstk/data/
2022-09-16,214610,WGTSTUS1,MBBL,2026-09-15T20:19:42+00:00,https://api.eia.gov/v2/petroleum/stoc/wstk/data/
2022-09-23,212188,WGTSTUS1,MBBL,2026-09-15T20:19:42+00:00,https://api.eia.gov/v2/petroleum/stoc/wstk/data/
2022-09-30,207460,WGTSTUS1,MBBL,2026-09-15T20:19:42+00:00,https://api.eia.gov/v2/petroleum/stoc/wstk/data/
2022-10-07,209482,WGTSTUS1,MBBL,2026-09-15T20:19:42+00:00,https://api.eia.gov/v2/petroleum/stoc/wstk/data/
2022-10-14,209368,WGTSTUS1,MBBL,2026-09-15T20:19:42+00:00,https://api.eia.gov/v2/petroleum/stoc/wstk/data/
2022-10-21,207890,WGTSTUS1,MBBL,2026-09-15T20:19:42+00:00,https://api.eia.gov/v2/petroleum/stoc/wstk/data/
2022-10-28,206633,WGTSTUS1,MBBL,2026-09-15T20:19:42+00:00,https://api.eia.gov/v2/petroleum/stoc/wstk/data/
2022-11-04,205733,WGTSTUS1,MBBL,2026-09-15T20:19:42+00:00,https://api.eia.gov/v2/petroleum/stoc/wstk/data/
2022-11-11,207940,WGTSTUS1,MBBL,2026-09-15T20:19:42+00:00,https://api.eia.gov/v2/petroleum/stoc/wstk/data/
2022-11-18,210998,WGTSTUS1,MBBL,2026-09-15T20:19:42+00:00,https://api.eia.gov/v2/petroleum/stoc/wstk/data/
2022-11-25,213768,WGTSTUS1,MBBL,2026-09-15T20:19:42+00:00,https://api.eia.gov/v2/petroleum/stoc/wstk/data/
2022-12-02,219087,WGTSTUS1,MBBL,2026-09-15T20:19:42+00:00,https://api.eia.gov/v2/petroleum/stoc/wstk/data/
2022-12-09,223583,WGTSTUS1,MBBL,2026-09-15T20:19:42+00:00,https://api.eia.gov/v2/petroleum/stoc/wstk/data/
2022-12-16,226113,WGTSTUS1,MBBL,2026-09-15T20:19:42+00:00,https://api.eia.gov/v2/petroleum/stoc/wstk/data/
2022-12-23,223008,WGTSTUS1,MBBL,2026-09-15T20:19:42+00:00,https://api.eia.gov/v2/petroleum/stoc/wstk/data/
2022-12-30,222662,WGTSTUS1,MBBL,2026-09-15T20:19:42+00:00,https://api.eia.gov/v2/petroleum/stoc/wstk/data/
2023-01-06,226776,WGTSTUS1,MBBL,2026-09-15T20:19:42+00:00,https://api.eia.gov/v2/petroleum/stoc/wstk/data/
2023-01-13,230259,WGTSTUS1,MBBL,2026-09-15T20:19:42+00:00,https://api.eia.gov/v2/petroleum/stoc/wstk/data/
2023-01-20,232022,WGTSTUS1,MBBL,2026-09-15T20:19:42+00:00,https://api.eia.gov/v2/petroleum/stoc/wstk/data/
2023-01-27,234598,WGTSTUS1,MBBL,2026-09-15T20:19:42+00:00,https://api.eia.gov/v2/petroleum/stoc/wstk/data/
2023-02-03,239606,WGTSTUS1,MBBL,2026-09-15T20:19:42+00:00,https://api.eia.gov/v2/petroleum/stoc/wstk/data/
2023-02-10,241922,WGTSTUS1,MBBL,2026-09-15T20:19:42+00:00,https://api.eia.gov/v2/petroleum/stoc/wstk/data/
2023-02-17,240066,WGTSTUS1,MBBL,2026-09-15T20:19:42+00:00,https://api.eia.gov/v2/petroleum/stoc/wstk/data/
2023-02-24,239192,WGTSTUS1,MBBL,2026-09-15T20:19:42+00:00,https://api.eia.gov/v2/petroleum/stoc/wstk/data/
2023-03-03,238058,WGTSTUS1,MBBL,2026-09-15T20:19:42+00:00,https://api.eia.gov/v2/petroleum/stoc/wstk/data/
2023-03-10,235997,WGTSTUS1,MBBL,2026-09-15T20:19:42+00:00,https://api.eia.gov/v2/petroleum/stoc/wstk/data/
2023-03-17,229598,WGTSTUS1,MBBL,2026-09-15T20:19:42+00:00,https://api.eia.gov/v2/petroleum/stoc/wstk/data/
2023-03-24,226694,WGTSTUS1,MBBL,2026-09-15T20:19:42+00:00,https://api.eia.gov/v2/petroleum/stoc/wstk/data/
2023-03-31,222575,WGTSTUS1,MBBL,2026-09-15T20:19:42+00:00,https://api.eia.gov/v2/petroleum/stoc/wstk/data/
2023-04-07,222245,WGTSTUS1,MBBL,2026-09-15T20:19:42+00:00,https://api.eia.gov/v2/petroleum/stoc/wstk/data/
2023-04-14,223544,WGTSTUS1,MBBL,2026-09-15T20:19:42+00:00,https://api.eia.gov/v2/petroleum/stoc/wstk/data/
2023-04-21,221136,WGTSTUS1,MBBL,2026-09-15T20:19:42+00:00,https://api.eia.gov/v2/petroleum/stoc/wstk/data/
2023-04-28,222878,WGTSTUS1,MBBL,2026-09-15T20:19:42+00:00,https://api.eia.gov/v2/petroleum/stoc/wstk/data/
2023-05-05,219711,WGTSTUS1,MBBL,2026-09-15T20:19:42+00:00,https://api.eia.gov/v2/petroleum/stoc/wstk/data/
2023-05-12,218330,WGTSTUS1,MBBL,2026-09-15T20:19:42+00:00,https://api.eia.gov/v2/petroleum/stoc/wstk/data/
2023-05-19,216277,WGTSTUS1,MBBL,2026-09-15T20:19:42+00:00,https://api.eia.gov/v2/petroleum/stoc/wstk/data/
2023-05-26,216070,WGTSTUS1,MBBL,2026-09-15T20:19:42+00:00,https://api.eia.gov/v2/petroleum/stoc/wstk/data/
2023-06-02,218815,WGTSTUS1,MBBL,2026-09-15T20:19:42+00:00,https://api.eia.gov/v2/petroleum/stoc/wstk/data/
2023-06-09,220923,WGTSTUS1,MBBL,2026-09-15T20:19:42+00:00,https://api.eia.gov/v2/petroleum/stoc/wstk/data/
2023-06-16,221402,WGTSTUS1,MBBL,2026-09-15T20:19:42+00:00,https://api.eia.gov/v2/petroleum/stoc/wstk/data/
2023-06-23,222005,WGTSTUS1,MBBL,2026-09-15T20:19:42+00:00,https://api.eia.gov/v2/petroleum/stoc/wstk/data/
2023-06-30,219456,WGTSTUS1,MBBL,2026-09-15T20:19:42+00:00,https://api.eia.gov/v2/petroleum/stoc/wstk/data/
2023-07-07,219452,WGTSTUS1,MBBL,2026-09-15T20:19:42+00:00,https://api.eia.gov/v2/petroleum/stoc/wstk/data/
2023-07-14,218386,WGTSTUS1,MBBL,2026-09-15T20:19:42+00:00,https://api.eia.gov/v2/petroleum/stoc/wstk/data/
2023-07-21,217600,WGTSTUS1,MBBL,2026-09-15T20:19:42+00:00,https://api.eia.gov/v2/petroleum/stoc/wstk/data/
2023-07-28,219081,WGTSTUS1,MBBL,2026-09-15T20:19:42+00:00,https://api.eia.gov/v2/petroleum/stoc/wstk/data/
2023-08-04,216420,WGTSTUS1,MBBL,2026-09-15T20:19:42+00:00,https://api.eia.gov/v2/petroleum/stoc/wstk/data/
2023-08-11,216158,WGTSTUS1,MBBL,2026-09-15T20:19:42+00:00,https://api.eia.gov/v2/petroleum/stoc/wstk/data/
2023-08-18,217626,WGTSTUS1,MBBL,2026-09-15T20:19:42+00:00,https://api.eia.gov/v2/petroleum/stoc/wstk/data/
2023-08-25,217412,WGTSTUS1,MBBL,2026-09-15T20:19:42+00:00,https://api.eia.gov/v2/petroleum/stoc/wstk/data/
2023-09-01,214746,WGTSTUS1,MBBL,2026-09-15T20:19:42+00:00,https://api.eia.gov/v2/petroleum/stoc/wstk/data/
2023-09-08,220307,WGTSTUS1,MBBL,2026-09-15T20:19:42+00:00,https://api.eia.gov/v2/petroleum/stoc/wstk/data/
2023-09-15,219476,WGTSTUS1,MBBL,2026-09-15T20:19:42+00:00,https://api.eia.gov/v2/petroleum/stoc/wstk/data/
2023-09-22,220503,WGTSTUS1,MBBL,2026-09-15T20:19:42+00:00,https://api.eia.gov/v2/petroleum/stoc/wstk/data/
2023-09-29,226984,WGTSTUS1,MBBL,2026-09-15T20:19:42+00:00,https://api.eia.gov/v2/petroleum/stoc/wstk/data/
2023-10-06,225671,WGTSTUS1,MBBL,2026-09-15T20:19:42+00:00,https://api.eia.gov/v2/petroleum/stoc/wstk/data/
2023-10-13,223301,WGTSTUS1,MBBL,2026-09-15T20:19:42+00:00,https://api.eia.gov/v2/petroleum/stoc/wstk/data/
2023-10-20,223457,WGTSTUS1,MBBL,2026-09-15T20:19:42+00:00,https://api.eia.gov/v2/petroleum/stoc/wstk/data/
2023-10-27,223522,WGTSTUS1,MBBL,2026-09-15T20:19:42+00:00,https://api.eia.gov/v2/petroleum/stoc/wstk/data/
2023-11-03,217210,WGTSTUS1,MBBL,2026-09-15T20:19:42+00:00,https://api.eia.gov/v2/petroleum/stoc/wstk/data/
2023-11-10,215670,WGTSTUS1,MBBL,2026-09-15T20:19:42+00:00,https://api.eia.gov/v2/petroleum/stoc/wstk/data/
2023-11-17,216420,WGTSTUS1,MBBL,2026-09-15T20:19:42+00:00,https://api.eia.gov/v2/petroleum/stoc/wstk/data/
2023-11-24,218184,WGTSTUS1,MBBL,2026-09-15T20:19:42+00:00,https://api.eia.gov/v2/petroleum/stoc/wstk/data/
2023-12-01,223604,WGTSTUS1,MBBL,2026-09-15T20:19:42+00:00,https://api.eia.gov/v2/petroleum/stoc/wstk/data/
2023-12-08,224013,WGTSTUS1,MBBL,2026-09-15T20:19:42+00:00,https://api.eia.gov/v2/petroleum/stoc/wstk/data/
2023-12-15,226723,WGTSTUS1,MBBL,2026-09-15T20:19:42+00:00,https://api.eia.gov/v2/petroleum/stoc/wstk/data/
2023-12-22,226054,WGTSTUS1,MBBL,2026-09-15T20:19:42+00:00,https://api.eia.gov/v2/petroleum/stoc/wstk/data/
2023-12-29,236954,WGTSTUS1,MBBL,2026-09-15T20:19:42+00:00,https://api.eia.gov/v2/petroleum/stoc/wstk/data/
2024-01-05,244982,WGTSTUS1,MBBL,2026-09-15T20:19:42+00:00,https://api.eia.gov/v2/petroleum/stoc/wstk/data/
2024-01-12,248065,WGTSTUS1,MBBL,2026-09-15T20:19:42+00:00,https://api.eia.gov/v2/petroleum/stoc/wstk/data/
2024-01-19,252977,WGTSTUS1,MBBL,2026-09-15T20:19:42+00:00,https://api.eia.gov/v2/petroleum/stoc/wstk/data/
2024-01-26,254134,WGTSTUS1,MBBL,2026-09-15T20:19:42+00:00,https://api.eia.gov/v2/petroleum/stoc/wstk/data/
2024-02-02,250988,WGTSTUS1,MBBL,2026-09-15T20:19:42+00:00,https://api.eia.gov/v2/petroleum/stoc/wstk/data/
2024-02-09,247330,WGTSTUS1,MBBL,2026-09-15T20:19:42+00:00,https://api.eia.gov/v2/petroleum/stoc/wstk/data/
2024-02-16,247037,WGTSTUS1,MBBL,2026-09-15T20:19:42+00:00,https://api.eia.gov/v2/petroleum/stoc/wstk/data/
2024-02-23,244205,WGTSTUS1,MBBL,2026-09-15T20:19:42+00:00,https://api.eia.gov/v2/petroleum/stoc/wstk/data/
2024-03-01,239745,WGTSTUS1,MBBL,2026-09-15T20:19:42+00:00,https://api.eia.gov/v2/petroleum/stoc/wstk/data/
2024-03-08,234083,WGTSTUS1,MBBL,2026-09-15T20:19:42+00:00,https://api.eia.gov/v2/petroleum/stoc/wstk/data/
2024-03-15,230773,WGTSTUS1,MBBL,2026-09-15T20:19:42+00:00,https://api.eia.gov/v2/petroleum/stoc/wstk/data/
2024-03-22,232072,WGTSTUS1,MBBL,2026-09-15T20:19:42+00:00,https://api.eia.gov/v2/petroleum/stoc/wstk/data/
2024-03-29,227816,WGTSTUS1,MBBL,2026-09-15T20:19:42+00:00,https://api.eia.gov/v2/petroleum/stoc/wstk/data/
2024-04-05,228531,WGTSTUS1,MBBL,2026-09-15T20:19:42+00:00,https://api.eia.gov/v2/petroleum/stoc/wstk/data/
2024-04-12,227377,WGTSTUS1,MBBL,2026-09-15T20:19:42+00:00,https://api.eia.gov/v2/petroleum/stoc/wstk/data/
2024-04-19,226743,WGTSTUS1,MBBL,2026-09-15T20:19:42+00:00,https://api.eia.gov/v2/petroleum/stoc/wstk/data/
2024-04-26,227087,WGTSTUS1,MBBL,2026-09-15T20:19:42+00:00,https://api.eia.gov/v2/petroleum/stoc/wstk/data/
2024-05-03,228002,WGTSTUS1,MBBL,2026-09-15T20:19:42+00:00,https://api.eia.gov/v2/petroleum/stoc/wstk/data/
2024-05-10,227767,WGTSTUS1,MBBL,2026-09-15T20:19:42+00:00,https://api.eia.gov/v2/petroleum/stoc/wstk/data/
2024-05-17,226822,WGTSTUS1,MBBL,2026-09-15T20:19:42+00:00,https://api.eia.gov/v2/petroleum/stoc/wstk/data/
2024-05-24,228844,WGTSTUS1,MBBL,2026-09-15T20:19:42+00:00,https://api.eia.gov/v2/petroleum/stoc/wstk/data/
2024-05-31,230946,WGTSTUS1,MBBL,2026-09-15T20:19:42+00:00,https://api.eia.gov/v2/petroleum/stoc/wstk/data/
2024-06-07,233512,WGTSTUS1,MBBL,2026-09-15T20:19:42+00:00,https://api.eia.gov/v2/petroleum/stoc/wstk/data/
2024-06-14,231232,WGTSTUS1,MBBL,2026-09-15T20:19:42+00:00,https://api.eia.gov/v2/petroleum/stoc/wstk/data/
2024-06-21,233886,WGTSTUS1,MBBL,2026-09-15T20:19:42+00:00,https://api.eia.gov/v2/petroleum/stoc/wstk/data/
2024-06-28,231672,WGTSTUS1,MBBL,2026-09-15T20:19:42+00:00,https://api.eia.gov/v2/petroleum/stoc/wstk/data/
2024-07-05,229666,WGTSTUS1,MBBL,2026-09-15T20:19:42+00:00,https://api.eia.gov/v2/petroleum/stoc/wstk/data/
2024-07-12,232994,WGTSTUS1,MBBL,2026-09-15T20:19:42+00:00,https://api.eia.gov/v2/petroleum/stoc/wstk/data/
2024-07-19,227422,WGTSTUS1,MBBL,2026-09-15T20:19:42+00:00,https://api.eia.gov/v2/petroleum/stoc/wstk/data/
2024-07-26,223757,WGTSTUS1,MBBL,2026-09-15T20:19:42+00:00,https://api.eia.gov/v2/petroleum/stoc/wstk/data/
2024-08-02,225097,WGTSTUS1,MBBL,2026-09-15T20:19:42+00:00,https://api.eia.gov/v2/petroleum/stoc/wstk/data/
2024-08-09,222203,WGTSTUS1,MBBL,2026-09-15T20:19:42+00:00,https://api.eia.gov/v2/petroleum/stoc/wstk/data/
2024-08-16,220597,WGTSTUS1,MBBL,2026-09-15T20:19:42+00:00,https://api.eia.gov/v2/petroleum/stoc/wstk/data/
2024-08-23,218394,WGTSTUS1,MBBL,2026-09-15T20:19:42+00:00,https://api.eia.gov/v2/petroleum/stoc/wstk/data/
2024-08-30,219242,WGTSTUS1,MBBL,2026-09-15T20:19:42+00:00,https://api.eia.gov/v2/petroleum/stoc/wstk/data/
2024-09-06,221552,WGTSTUS1,MBBL,2026-09-15T20:19:42+00:00,https://api.eia.gov/v2/petroleum/stoc/wstk/data/
2024-09-13,221621,WGTSTUS1,MBBL,2026-09-15T20:19:42+00:00,https://api.eia.gov/v2/petroleum/stoc/wstk/data/
2024-09-20,220083,WGTSTUS1,MBBL,2026-09-15T20:19:42+00:00,https://api.eia.gov/v2/petroleum/stoc/wstk/data/
2024-09-27,221202,WGTSTUS1,MBBL,2026-09-15T20:19:42+00:00,https://api.eia.gov/v2/petroleum/stoc/wstk/data/
2024-10-04,214898,WGTSTUS1,MBBL,2026-09-15T20:19:42+00:00,https://api.eia.gov/v2/petroleum/stoc/wstk/data/
2024-10-11,212697,WGTSTUS1,MBBL,2026-09-15T20:19:42+00:00,https://api.eia.gov/v2/petroleum/stoc/wstk/data/
2024-10-18,213575,WGTSTUS1,MBBL,2026-09-15T20:19:42+00:00,https://api.eia.gov/v2/petroleum/stoc/wstk/data/
2024-10-25,210868,WGTSTUS1,MBBL,2026-09-15T20:19:42+00:00,https://api.eia.gov/v2/petroleum/stoc/wstk/data/
2024-11-01,211280,WGTSTUS1,MBBL,2026-09-15T20:19:42+00:00,https://api.eia.gov/v2/petroleum/stoc/wstk/data/
2024-11-08,206873,WGTSTUS1,MBBL,2026-09-15T20:19:42+00:00,https://api.eia.gov/v2/petroleum/stoc/wstk/data/
2024-11-15,208927,WGTSTUS1,MBBL,2026-09-15T20:19:42+00:00,https://api.eia.gov/v2/petroleum/stoc/wstk/data/
2024-11-22,212241,WGTSTUS1,MBBL,2026-09-15T20:19:42+00:00,https://api.eia.gov/v2/petroleum/stoc/wstk/data/
2024-11-29,214603,WGTSTUS1,MBBL,2026-09-15T20:19:42+00:00,https://api.eia.gov/v2/petroleum/stoc/wstk/data/
2024-12-06,219689,WGTSTUS1,MBBL,2026-09-15T20:19:42+00:00,https://api.eia.gov/v2/petroleum/stoc/wstk/data/
2024-12-13,222037,WGTSTUS1,MBBL,2026-09-15T20:19:42+00:00,https://api.eia.gov/v2/petroleum/stoc/wstk/data/
2024-12-20,223667,WGTSTUS1,MBBL,2026-09-15T20:19:42+00:00,https://api.eia.gov/v2/petroleum/stoc/wstk/data/
2024-12-27,231384,WGTSTUS1,MBBL,2026-09-15T20:19:42+00:00,https://api.eia.gov/v2/petroleum/stoc/wstk/data/
2025-01-03,237714,WGTSTUS1,MBBL,2026-09-15T20:19:42+00:00,https://api.eia.gov/v2/petroleum/stoc/wstk/data/
2025-01-10,243566,WGTSTUS1,MBBL,2026-09-15T20:19:42+00:00,https://api.eia.gov/v2/petroleum/stoc/wstk/data/
2025-01-17,245898,WGTSTUS1,MBBL,2026-09-15T20:19:42+00:00,https://api.eia.gov/v2/petroleum/stoc/wstk/data/
2025-01-24,248855,WGTSTUS1,MBBL,2026-09-15T20:19:42+00:00,https://api.eia.gov/v2/petroleum/stoc/wstk/data/
2025-01-31,251088,WGTSTUS1,MBBL,2026-09-15T20:19:42+00:00,https://api.eia.gov/v2/petroleum/stoc/wstk/data/
2025-02-07,248053,WGTSTUS1,MBBL,2026-09-15T20:19:42+00:00,https://api.eia.gov/v2/petroleum/stoc/wstk/data/
2025-02-14,247902,WGTSTUS1,MBBL,2026-09-15T20:19:42+00:00,https://api.eia.gov/v2/petroleum/stoc/wstk/data/
2025-02-21,248271,WGTSTUS1,MBBL,2026-09-15T20:19:42+00:00,https://api.eia.gov/v2/petroleum/stoc/wstk/data/
2025-02-28,246838,WGTSTUS1,MBBL,2026-09-15T20:19:42+00:00,https://api.eia.gov/v2/petroleum/stoc/wstk/data/
2025-03-07,241101,WGTSTUS1,MBBL,2026-09-15T20:19:42+00:00,https://api.eia.gov/v2/petroleum/stoc/wstk/data/
2025-03-14,240574,WGTSTUS1,MBBL,2026-09-15T20:19:42+00:00,https://api.eia.gov/v2/petroleum/stoc/wstk/data/
2025-03-21,239128,WGTSTUS1,MBBL,2026-09-15T20:19:42+00:00,https://api.eia.gov/v2/petroleum/stoc/wstk/data/
2025-03-28,237577,WGTSTUS1,MBBL,2026-09-15T20:19:42+00:00,https://api.eia.gov/v2/petroleum/stoc/wstk/data/
2025-04-04,235977,WGTSTUS1,MBBL,2026-09-15T20:19:42+00:00,https://api.eia.gov/v2/petroleum/stoc/wstk/data/
2025-04-11,234019,WGTSTUS1,MBBL,2026-09-15T20:19:42+00:00,https://api.eia.gov/v2/petroleum/stoc/wstk/data/
2025-04-18,229543,WGTSTUS1,MBBL,2026-09-15T20:19:42+00:00,https://api.eia.gov/v2/petroleum/stoc/wstk/data/
2025-04-25,225540,WGTSTUS1,MBBL,2026-09-15T20:19:42+00:00,https://api.eia.gov/v2/petroleum/stoc/wstk/data/
2025-05-02,225728,WGTSTUS1,MBBL,2026-09-15T20:19:42+00:00,https://api.eia.gov/v2/petroleum/stoc/wstk/data/
2025-05-09,224706,WGTSTUS1,MBBL,2026-09-15T20:19:42+00:00,https://api.eia.gov/v2/petroleum/stoc/wstk/data/
2025-05-16,225522,WGTSTUS1,MBBL,2026-09-15T20:19:42+00:00,https://api.eia.gov/v2/petroleum/stoc/wstk/data/
2025-05-23,223081,WGTSTUS1,MBBL,2026-09-15T20:19:42+00:00,https://api.eia.gov/v2/petroleum/stoc/wstk/data/
2025-05-30,228300,WGTSTUS1,MBBL,2026-09-15T20:19:42+00:00,https://api.eia.gov/v2/petroleum/stoc/wstk/data/
2025-06-06,229804,WGTSTUS1,MBBL,2026-09-15T20:19:42+00:00,https://api.eia.gov/v2/petroleum/stoc/wstk/data/
2025-06-13,230013,WGTSTUS1,MBBL,2026-09-15T20:19:42+00:00,https://api.eia.gov/v2/petroleum/stoc/wstk/data/
2025-06-20,227938,WGTSTUS1,MBBL,2026-09-15T20:19:42+00:00,https://api.eia.gov/v2/petroleum/stoc/wstk/data/
2025-06-27,232126,WGTSTUS1,MBBL,2026-09-15T20:19:42+00:00,https://api.eia.gov/v2/petroleum/stoc/wstk/data/
2025-07-04,229468,WGTSTUS1,MBBL,2026-09-15T20:19:42+00:00,https://api.eia.gov/v2/petroleum/stoc/wstk/data/
2025-07-11,232867,WGTSTUS1,MBBL,2026-09-15T20:19:42+00:00,https://api.eia.gov/v2/petroleum/stoc/wstk/data/
2025-07-18,231129,WGTSTUS1,MBBL,2026-09-15T20:19:42+00:00,https://api.eia.gov/v2/petroleum/stoc/wstk/data/
2025-07-25,228405,WGTSTUS1,MBBL,2026-09-15T20:19:42+00:00,https://api.eia.gov/v2/petroleum/stoc/wstk/data/
2025-08-01,227082,WGTSTUS1,MBBL,2026-09-15T20:19:42+00:00,https://api.eia.gov/v2/petroleum/stoc/wstk/data/
2025-08-08,226290,WGTSTUS1,MBBL,2026-09-15T20:19:42+00:00,https://api.eia.gov/v2/petroleum/stoc/wstk/data/
2025-08-15,223570,WGTSTUS1,MBBL,2026-09-15T20:19:42+00:00,https://api.eia.gov/v2/petroleum/stoc/wstk/data/
2025-08-22,222334,WGTSTUS1,MBBL,2026-09-15T20:19:42+00:00,https://api.eia.gov/v2/petroleum/stoc/wstk/data/
2025-08-29,218539,WGTSTUS1,MBBL,2026-09-15T20:19:42+00:00,https://api.eia.gov/v2/petroleum/stoc/wstk/data/
2025-09-05,219997,WGTSTUS1,MBBL,2026-09-15T20:19:42+00:00,https://api.eia.gov/v2/petroleum/stoc/wstk/data/
2025-09-12,217650,WGTSTUS1,MBBL,2026-09-15T20:19:42+00:00,https://api.eia.gov/v2/petroleum/stoc/wstk/data/
2025-09-19,216569,WGTSTUS1,MBBL,2026-09-15T20:19:42+00:00,https://api.eia.gov/v2/petroleum/stoc/wstk/data/
2025-09-26,220694,WGTSTUS1,MBBL,2026-09-15T20:19:42+00:00,https://api.eia.gov/v2/petroleum/stoc/wstk/data/
2025-10-03,219093,WGTSTUS1,MBBL,2026-09-15T20:19:42+00:00,https://api.eia.gov/v2/petroleum/stoc/wstk/data/
2025-10-10,218826,WGTSTUS1,MBBL,2026-09-15T20:19:42+00:00,https://api.eia.gov/v2/petroleum/stoc/wstk/data/
2025-10-17,216679,WGTSTUS1,MBBL,2026-09-15T20:19:42+00:00,https://api.eia.gov/v2/petroleum/stoc/wstk/data/
2025-10-24,210738,WGTSTUS1,MBBL,2026-09-15T20:19:42+00:00,https://api.eia.gov/v2/petroleum/stoc/wstk/data/
2025-10-31,206009,WGTSTUS1,MBBL,2026-09-15T20:19:42+00:00,https://api.eia.gov/v2/petroleum/stoc/wstk/data/
2025-11-07,205064,WGTSTUS1,MBBL,2026-09-15T20:19:42+00:00,https://api.eia.gov/v2/petroleum/stoc/wstk/data/
2025-11-14,207391,WGTSTUS1,MBBL,2026-09-15T20:19:42+00:00,https://api.eia.gov/v2/petroleum/stoc/wstk/data/
2025-11-21,209904,WGTSTUS1,MBBL,2026-09-15T20:19:42+00:00,https://api.eia.gov/v2/petroleum/stoc/wstk/data/
2025-11-28,214422,WGTSTUS1,MBBL,2026-09-15T20:19:42+00:00,https://api.eia.gov/v2/petroleum/stoc/wstk/data/
2025-12-05,220819,WGTSTUS1,MBBL,2026-09-15T20:19:42+00:00,https://api.eia.gov/v2/petroleum/stoc/wstk/data/
2025-12-12,225627,WGTSTUS1,MBBL,2026-09-15T20:19:42+00:00,https://api.eia.gov/v2/petroleum/stoc/wstk/data/
2025-12-19,228489,WGTSTUS1,MBBL,2026-09-15T20:19:42+00:00,https://api.eia.gov/v2/petroleum/stoc/wstk/data/
2025-12-26,234334,WGTSTUS1,MBBL,2026-09-15T20:19:42+00:00,https://api.eia.gov/v2/petroleum/stoc/wstk/data/
2026-01-02,242036,WGTSTUS1,MBBL,2026-09-15T20:19:42+00:00,https://api.eia.gov/v2/petroleum/stoc/wstk/data/
2026-01-09,251013,WGTSTUS1,MBBL,2026-09-15T20:19:42+00:00,https://api.eia.gov/v2/petroleum/stoc/wstk/data/
2026-01-16,256990,WGTSTUS1,MBBL,2026-09-15T20:19:42+00:00,https://api.eia.gov/v2/petroleum/stoc/wstk/data/
2026-01-23,257213,WGTSTUS1,MBBL,2026-09-15T20:19:42+00:00,https://api.eia.gov/v2/petroleum/stoc/wstk/data/
2026-01-30,257898,WGTSTUS1,MBBL,2026-09-15T20:19:42+00:00,https://api.eia.gov/v2/petroleum/stoc/wstk/data/
2026-02-06,259058,WGTSTUS1,MBBL,2026-09-15T20:19:42+00:00,https://api.eia.gov/v2/petroleum/stoc/wstk/data/
2026-02-13,255845,WGTSTUS1,MBBL,2026-09-15T20:19:42+00:00,https://api.eia.gov/v2/petroleum/stoc/wstk/data/
2026-02-20,254834,WGTSTUS1,MBBL,2026-09-15T20:19:42+00:00,https://api.eia.gov/v2/petroleum/stoc/wstk/data/
2026-02-27,253130,WGTSTUS1,MBBL,2026-09-15T20:19:42+00:00,https://api.eia.gov/v2/petroleum/stoc/wstk/data/
2026-03-06,249476,WGTSTUS1,MBBL,2026-09-15T20:19:42+00:00,https://api.eia.gov/v2/petroleum/stoc/wstk/data/
2026-03-13,244040,WGTSTUS1,MBBL,2026-09-15T20:19:42+00:00,https://api.eia.gov/v2/petroleum/stoc/wstk/data/
2026-03-20,241447,WGTSTUS1,MBBL,2026-09-15T20:19:42+00:00,https://api.eia.gov/v2/petroleum/stoc/wstk/data/
2026-03-27,240861,WGTSTUS1,MBBL,2026-09-15T20:19:42+00:00,https://api.eia.gov/v2/petroleum/stoc/wstk/data/
2026-04-03,239272,WGTSTUS1,MBBL,2026-09-15T20:19:42+00:00,https://api.eia.gov/v2/petroleum/stoc/wstk/data/
2026-04-10,232944,WGTSTUS1,MBBL,2026-09-15T20:19:42+00:00,https://api.eia.gov/v2/petroleum/stoc/wstk/data/
2026-04-17,228374,WGTSTUS1,MBBL,2026-09-15T20:19:42+00:00,https://api.eia.gov/v2/petroleum/stoc/wstk/data/
2026-04-24,222299,WGTSTUS1,MBBL,2026-09-15T20:19:42+00:00,https://api.eia.gov/v2/petroleum/stoc/wstk/data/
2026-05-01,219795,WGTSTUS1,MBBL,2026-09-15T20:19:42+00:00,https://api.eia.gov/v2/petroleum/stoc/wstk/data/
2026-05-08,215711,WGTSTUS1,MBBL,2026-09-15T20:19:42+00:00,https://api.eia.gov/v2/petroleum/stoc/wstk/data/
2026-05-15,214163,WGTSTUS1,MBBL,2026-09-15T20:19:42+00:00,https://api.eia.gov/v2/petroleum/stoc/wstk/data/
2026-05-22,211591,WGTSTUS1,MBBL,2026-09-15T20:19:42+00:00,https://api.eia.gov/v2/petroleum/stoc/wstk/data/
2026-05-29,214955,WGTSTUS1,MBBL,2026-09-15T20:19:42+00:00,https://api.eia.gov/v2/petroleum/stoc/wstk/data/
2026-06-05,215141,WGTSTUS1,MBBL,2026-09-15T20:19:42+00:00,https://api.eia.gov/v2/petroleum/stoc/wstk/data/
2026-06-12,214235,WGTSTUS1,MBBL,2026-09-15T20:19:42+00:00,https://api.eia.gov/v2/petroleum/stoc/wstk/data/
2026-06-19,216299,WGTSTUS1,MBBL,2026-09-15T20:19:42+00:00,https://api.eia.gov/v2/petroleum/stoc/wstk/data/
2026-06-26,213966,WGTSTUS1,MBBL,2026-09-15T20:19:42+00:00,https://api.eia.gov/v2/petroleum/stoc/wstk/data/
2026-07-03,212062,WGTSTUS1,MBBL,2026-09-15T20:19:42+00:00,https://api.eia.gov/v2/petroleum/stoc/wstk/data/
2026-07-10,210529,WGTSTUS1,MBBL,2026-09-15T20:19:42+00:00,https://api.eia.gov/v2/petroleum/stoc/wstk/data/
2026-07-17,211294,WGTSTUS1,MBBL,2026-09-15T20:19:42+00:00,https://api.eia.gov/v2/petroleum/stoc/wstk/data/
2026-07-24,211301,WGTSTUS1,MBBL,2026-09-15T20:19:42+00:00,https://api.eia.gov/v2/petroleum/stoc/wstk/data/
2026-07-31,209658,WGTSTUS1,MBBL,2026-09-15T20:19:42+00:00,https://api.eia.gov/v2/petroleum/stoc/wstk/data/
2026-08-07,208690,WGTSTUS1,MBBL,2026-09-15T20:19:42+00:00,https://api.eia.gov/v2/petroleum/stoc/wstk/data/
2026-08-14,209378,WGTSTUS1,MBBL,2026-09-15T20:19:42+00:00,https://api.eia.gov/v2/petroleum/stoc/wstk/data/
2026-08-21,206842,WGTSTUS1,MBBL,2026-09-15T20:19:42+00:00,https://api.eia.gov/v2/petroleum/stoc/wstk/data/
2026-08-28,205669,WGTSTUS1,MBBL,2026-09-15T20:19:42+00:00,https://api.eia.gov/v2/petroleum/stoc/wstk/data/
2026-09-04,206938,WGTSTUS1,MBBL,2026-09-15T20:19:42+00:00,https://api.eia.gov/v2/petroleum/stoc/wstk/data/
