period,value
2000-01-04,24.13
2000-01-05,23.61
2000-01-06,23.54
2000-01-07,23.25
2000-01-10,23.62
2000-01-11,24.44
2000-01-12,24.93
2000-01-13,25.16
2000-01-14,26.33
2000-01-18,26.95
2000-01-19,26.92
2000-01-20,26.98
2000-01-21,26.25
2000-01-24,26.09
2000-01-25,26.44
2000-01-26,26.02
2000-01-27,25.58
2000-01-28,25.55
2000-01-31,25.97
2000-02-01,26.49
2000-02-02,25.96
2000-02-03,26.39
2000-02-04,27.04
2000-02-07,26.68
2000-02-08,26.32
2000-02-09,26.87
2000-02-10,27.29
2000-02-11,27.38
2000-02-14,28.11
2000-02-15,28.05
2000-02-16,28.32
2000-02-17,27.64
2000-02-18,27.48
2000-02-22,27.83
2000-02-23,27.04
2000-02-24,27.14
2000-02-25,27.45
2000-02-28,27.31
2000-02-29,27.68
2000-03-01,28.69
2000-03-02,28.71
2000-03-03,28.68
2000-03-06,29.16
2000-03-07,30.66
2000-03-08,28.09
2000-03-09,28.65
2000-03-10,28.39
2000-03-13,28.45
2000-03-14,28.32
2000-03-15,27.78
2000-03-16,28
2000-03-17,27.83
2000-03-20,26.7
2000-03-21,27.06
2000-03-22,26.17
2000-03-23,26.19
2000-03-24,26.71
2000-03-27,26.45
2000-03-28,25.88
2000-03-29,25.58
2000-03-30,25.74
2000-03-31,26.04
2000-04-03,25.62
2000-04-04,24.93
2000-04-05,25.11
2000-04-06,24.89
2000-04-07,24.27
2000-04-10,23.05
2000-04-11,23.27
2000-04-12,24.57
2000-04-13,24.41
2000-04-14,24.12
2000-04-17,24.28
2000-04-18,24.4
2000-04-19,25.25
2000-04-20,24.98
2000-04-24,25.18
2000-04-25,24.7
2000-04-26,24.34
2000-04-27,24.94
2000-04-28,25.15
2000-05-01,25.25
2000-05-02,26
2000-05-03,25.91
2000-05-04,26.02
2000-05-05,26.31
2000-05-08,27.01
2000-05-09,27.67
2000-05-10,27.45
2000-05-11,28.27
2000-05-12,28.71
2000-05-15,29.07
2000-05-16,29.08
2000-05-17,28.96
2000-05-18,29.66
2000-05-19,29.41
2000-05-22,28.32
2000-05-23,27.81
2000-05-24,28.6
2000-05-25,28.98
2000-05-26,28.4
2000-05-30,28.77
2000-05-31,27.89
2000-06-01,28.71
2000-06-02,28.74
2000-06-05,28.25
2000-06-06,28.3
2000-06-07,28.66
2000-06-08,28.39
2000-06-09,28.46
2000-06-12,29.53
2000-06-13,30.16
2000-06-14,30.09
2000-06-15,29.87
2000-06-16,29.02
2000-06-19,28.67
2000-06-20,29.49
2000-06-21,29.05
2000-06-22,29.75
2000-06-23,29.92
2000-06-26,29.52
2000-06-27,30.01
2000-06-28,29.78
2000-06-29,30.33
2000-06-30,30.2
2000-07-05,28.9
2000-07-06,28.48
2000-07-07,28.62
2000-07-10,28.29
2000-07-11,28.56
2000-07-12,29.04
2000-07-13,29.69
2000-07-14,29.71
2000-07-17,29.12
2000-07-18,29.93
2000-07-19,29.76
2000-07-20,29.31
2000-07-21,28.08
2000-07-24,27.57
2000-07-25,27.5
2000-07-26,27.44
2000-07-27,27.65
2000-07-28,27.76
2000-07-31,27.19
2000-08-01,27.44
2000-08-02,27.72
2000-08-03,27.98
2000-08-04,28.94
2000-08-07,28.3
2000-08-08,28.51
2000-08-09,29.43
2000-08-10,30.25
2000-08-11,29.98
2000-08-14,30.41
2000-08-15,30.32
2000-08-16,30.36
2000-08-17,30.68
2000-08-18,31.03
2000-08-21,31.36
2000-08-22,30.83
2000-08-23,30.97
2000-08-24,30.53
2000-08-25,30.66
2000-08-28,31.32
2000-08-29,31.21
2000-08-30,31.82
2000-08-31,31.58
2000-09-01,31.79
2000-09-05,32.31
2000-09-06,33.22
2000-09-07,33.76
2000-09-08,32.14
2000-09-11,33.54
2000-09-12,32.88
2000-09-13,32.2
2000-09-14,32.56
2000-09-15,34.06
2000-09-18,34.78
2000-09-19,34.22
2000-09-20,34.35
2000-09-21,32.83
2000-09-22,31.85
2000-09-25,31.21
2000-09-26,31.16
2000-09-27,31.18
2000-09-28,30.23
2000-09-29,30.54
2000-10-02,31.57
2000-10-03,31.58
2000-10-04,31.06
2000-10-05,30.49
2000-10-06,30.75
2000-10-09,31.56
2000-10-10,32.7
2000-10-11,32.94
2000-10-12,35.14
2000-10-13,33.55
2000-10-16,31.96
2000-10-17,31.98
2000-10-18,31.91
2000-10-19,31.36
2000-10-20,32.28
2000-10-23,32.39
2000-10-24,31.89
2000-10-25,31.6
2000-10-26,32.14
2000-10-27,31.03
2000-10-30,30.91
2000-10-31,30.85
2000-11-01,31.17
2000-11-02,30.48
2000-11-03,30.73
2000-11-06,30.84
2000-11-07,31.34
2000-11-08,31.38
2000-11-09,32.07
2000-11-10,32.16
2000-11-13,32.58
2000-11-14,32.95
2000-11-15,33.92
2000-11-16,33.53
2000-11-17,34.12
2000-11-20,32.99
2000-11-21,33.13
2000-11-22,33.32
2000-11-27,33.25
2000-11-28,32.28
2000-11-29,32.5
2000-11-30,31.9
2000-12-01,30.36
2000-12-04,29.75
2000-12-05,28.48
2000-12-06,28.81
2000-12-07,28.52
2000-12-08,27.75
2000-12-11,28.57
2000-12-12,28.57
2000-12-13,27.62
2000-12-14,26.78
2000-12-15,27.4
2000-12-18,28.03
2000-12-19,27.37
2000-12-20,25.18
2000-12-21,25.44
2000-12-22,25.49
2000-12-26,25.71
2000-12-27,25.5
2000-12-28,24.96
2000-12-29,25.59
2001-01-02,26.04
2001-01-03,26.73
2001-01-04,27.04
2001-01-05,26.68
2001-01-08,25.98
2001-01-09,26.18
2001-01-10,27.44
2001-01-11,27.44
2001-01-12,27.94
2001-01-16,27.66
2001-01-17,27.03
2001-01-18,27.78
2001-01-19,29.29
2001-01-22,28.9
2001-01-23,28.14
2001-01-24,27.72
2001-01-25,27.82
2001-01-26,28.12
2001-01-29,27.65
2001-01-30,27.67
2001-01-31,27.41
2001-02-01,28.42
2001-02-02,29.61
2001-02-05,29.13
2001-02-06,29.06
2001-02-07,30.26
2001-02-08,30.65
2001-02-09,30.23
2001-02-12,29.73
2001-02-13,29.86
2001-02-14,29.23
2001-02-15,28.45
2001-02-16,28.67
2001-02-20,28.48
2001-02-21,27.76
2001-02-22,28.07
2001-02-23,28.37
2001-02-26,27.95
2001-02-27,27.91
2001-02-28,27.36
2001-03-01,27.55
2001-03-02,27.74
2001-03-05,28.34
2001-03-06,28.22
2001-03-07,29.03
2001-03-08,28.54
2001-03-09,28.3
2001-03-12,28.29
2001-03-13,27.88
2001-03-14,26.77
2001-03-15,26.97
2001-03-16,26.99
2001-03-19,26.6
2001-03-20,26.24
2001-03-21,26.83
2001-03-22,26.64
2001-03-23,27.25
2001-03-26,27.36
2001-03-27,27.66
2001-03-28,26.42
2001-03-29,26.48
2001-03-30,26.6
2001-04-02,25.92
2001-04-03,26.4
2001-04-04,27.26
2001-04-05,27.52
2001-04-06,27.45
2001-04-09,27.69
2001-04-10,28.77
2001-04-11,28.64
2001-04-12,28.73
2001-04-16,29.35
2001-04-17,29.01
2001-04-18,28.79
2001-04-19,28.45
2001-04-20,27.84
2001-04-23,27.98
2001-04-24,27.56
2001-04-25,27.97
2001-04-26,28.69
2001-04-27,28.71
2001-04-30,28.89
2001-05-01,29.36
2001-05-02,28.55
2001-05-03,29.12
2001-05-04,29.15
2001-05-07,28.74
2001-05-08,28.62
2001-05-09,29.06
2001-05-10,29.13
2001-05-11,29.1
2001-05-14,29.2
2001-05-15,29.36
2001-05-16,29.15
2001-05-17,29.24
2001-05-18,30.34
2001-05-21,30.3
2001-05-22,30.06
2001-05-23,29.49
2001-05-24,28.54
2001-05-25,28.52
2001-05-29,28.7
2001-05-30,28.61
2001-05-31,28.43
2001-06-01,28.17
2001-06-04,28.44
2001-06-05,28.67
2001-06-06,28.24
2001-06-07,28.21
2001-06-08,28.63
2001-06-11,29.09
2001-06-12,29.27
2001-06-13,29.02
2001-06-14,29.06
2001-06-15,28.56
2001-06-18,27.69
2001-06-19,27.66
2001-06-20,26.58
2001-06-21,26.51
2001-06-22,26.68
2001-06-25,27
2001-06-26,26.8
2001-06-27,25.72
2001-06-28,25.65
2001-06-29,26.07
2001-07-02,25.81
2001-07-03,26.02
2001-07-05,26.44
2001-07-06,27.35
2001-07-09,26.87
2001-07-10,26.78
2001-07-11,26.39
2001-07-12,26.3
2001-07-13,26.03
2001-07-16,25.91
2001-07-17,25.59
2001-07-18,24.97
2001-07-19,24.71
2001-07-20,25.7
2001-07-23,25.76
2001-07-24,25.79
2001-07-25,26.26
2001-07-26,26.19
2001-07-27,26.23
2001-07-30,25.93
2001-07-31,25.69
2001-08-01,26.05
2001-08-02,26.91
2001-08-03,26.9
2001-08-06,27.04
2001-08-07,27.24
2001-08-08,26.91
2001-08-09,27.01
2001-08-10,27.22
2001-08-13,27.12
2001-08-14,27.2
2001-08-15,26.71
2001-08-16,26.48
2001-08-17,25.62
2001-08-20,26.11
2001-08-21,26.58
2001-08-22,26.19
2001-08-23,26.48
2001-08-24,26.79
2001-08-27,26.74
2001-08-28,27.19
2001-08-29,27.1
2001-08-30,26.73
2001-08-31,27.34
2001-09-04,27.07
2001-09-05,27.1
2001-09-06,27.62
2001-09-07,28.19
2001-09-10,27.89
2001-09-14,28.19
2001-09-17,29.13
2001-09-18,28.15
2001-09-19,27.28
2001-09-20,26.97
2001-09-21,26.2
2001-09-24,23.2
2001-09-25,22.33
2001-09-26,22.81
2001-09-27,23.14
2001-09-28,23.76
2001-10-01,23.69
2001-10-02,23.25
2001-10-03,22.61
2001-10-04,23.1
2001-10-05,22.95
2001-10-08,23.01
2001-10-09,23.04
2001-10-10,23.1
2001-10-11,23.78
2001-10-12,22.93
2001-10-15,22.71
2001-10-16,22.39
2001-10-17,22.25
2001-10-18,21.77
2001-10-19,22.41
2001-10-22,22.44
2001-10-23,22.15
2001-10-24,22.58
2001-10-25,22.29
2001-10-26,22.31
2001-10-29,22.38
2001-10-30,22.07
2001-10-31,21.46
2001-11-01,20.75
2001-11-02,20.59
2001-11-05,20.4
2001-11-06,20.25
2001-11-07,20.4
2001-11-08,21.43
2001-11-09,22.51
2001-11-12,21.64
2001-11-13,21.97
2001-11-14,20.15
2001-11-15,18.06
2001-11-16,18.59
2001-11-19,18.66
2001-11-20,19.51
2001-11-21,19.33
2001-11-26,19.03
2001-11-27,19.74
2001-11-28,19.64
2001-11-29,19.16
2001-11-30,19.84
2001-12-03,20.53
2001-12-04,20.19
2001-12-05,20.04
2001-12-06,19.17
2001-12-07,19.73
2001-12-10,19.08
2001-12-11,18.76
2001-12-12,18.98
2001-12-13,18.77
2001-12-14,19.68
2001-12-17,19.7
2001-12-18,19.79
2001-12-19,20.16
2001-12-20,19.71
2001-12-21,19.99
2001-12-26,21.55
2001-12-27,21.24
2001-12-28,20.8
2001-12-31,20.27
2002-01-02,21.34
2002-01-03,20.77
2002-01-04,22.02
2002-01-07,21.94
2002-01-08,21.73
2002-01-09,20.88
2002-01-10,21.16
2002-01-11,20.61
2002-01-14,19.74
2002-01-15,19.74
2002-01-16,19.84
2002-01-17,19.03
2002-01-18,19.06
2002-01-22,19.34
2002-01-23,19.91
2002-01-24,20.05
2002-01-25,20.36
2002-01-28,20.48
2002-01-29,20.08
2002-01-30,19.69
2002-01-31,20.07
2002-02-01,20.84
2002-02-04,20.56
2002-02-05,20.53
2002-02-06,20.29
2002-02-07,20.2
2002-02-08,20.79
2002-02-11,21.94
2002-02-12,21.26
2002-02-13,21.62
2002-02-14,21.63
2002-02-15,21.82
2002-02-19,21.27
2002-02-20,20.62
2002-02-21,21.19
2002-02-22,21.26
2002-02-25,20.76
2002-02-26,21.62
2002-02-27,21.59
2002-02-28,22.04
2002-03-01,22.71
2002-03-04,22.75
2002-03-05,23.49
2002-03-06,23.51
2002-03-07,24.04
2002-03-08,24.22
2002-03-11,24.73
2002-03-12,24.63
2002-03-13,24.62
2002-03-14,24.93
2002-03-15,24.92
2002-03-18,25.51
2002-03-19,25.4
2002-03-20,25.1
2002-03-21,25.63
2002-03-22,25.46
2002-03-25,25.2
2002-03-26,25.51
2002-03-27,25.95
2002-03-28,26.32
2002-04-01,26.91
2002-04-02,27.72
2002-04-03,27.56
2002-04-04,26.74
2002-04-05,26.3
2002-04-08,26.55
2002-04-09,25.87
2002-04-10,26.07
2002-04-11,25.01
2002-04-12,23.58
2002-04-15,24.66
2002-04-16,24.88
2002-04-17,25.79
2002-04-18,25.94
2002-04-19,26.16
2002-04-22,26.19
2002-04-23,26.01
2002-04-24,25.83
2002-04-25,26.11
2002-04-26,26.43
2002-04-29,26.77
2002-04-30,26.65
2002-05-01,26.18
2002-05-02,25.66
2002-05-03,26.01
2002-05-06,25.55
2002-05-07,25.91
2002-05-08,26.65
2002-05-09,26.64
2002-05-10,26.91
2002-05-13,27.29
2002-05-14,28.02
2002-05-15,26.93
2002-05-16,26.93
2002-05-17,27
2002-05-20,27.1
2002-05-21,26.41
2002-05-22,26.23
2002-05-23,26.13
2002-05-24,25.95
2002-05-28,25.38
2002-05-29,25.78
2002-05-30,24.79
2002-05-31,25.24
2002-06-03,25.11
2002-06-04,25.34
2002-06-05,25.05
2002-06-06,25.03
2002-06-07,25.06
2002-06-10,24.62
2002-06-11,24.5
2002-06-12,24.9
2002-06-13,25.85
2002-06-14,26.1
2002-06-17,26.14
2002-06-18,25.56
2002-06-19,25.51
2002-06-20,25.9
2002-06-21,25.62
2002-06-24,26.14
2002-06-25,25.9
2002-06-26,26.16
2002-06-27,26.34
2002-06-28,26.45
2002-07-01,26.48
2002-07-02,26.42
2002-07-03,26.42
2002-07-08,25.87
2002-07-09,25.87
2002-07-10,26.47
2002-07-11,26.52
2002-07-12,27.07
2002-07-15,26.7
2002-07-16,27.39
2002-07-17,27.54
2002-07-18,27.26
2002-07-19,27.44
2002-07-22,26.39
2002-07-23,25.85
2002-07-24,26.18
2002-07-25,26.2
2002-07-26,25.96
2002-07-29,25.94
2002-07-30,26.59
2002-07-31,26.23
2002-08-01,25.84
2002-08-02,26.12
2002-08-05,25.81
2002-08-06,26.34
2002-08-07,25.82
2002-08-08,25.96
2002-08-09,26.07
2002-08-12,26.79
2002-08-13,26.79
2002-08-14,27.06
2002-08-15,27.86
2002-08-16,27.97
2002-08-19,28.22
2002-08-20,28.2
2002-08-21,28.08
2002-08-22,27.94
2002-08-23,27.91
2002-08-26,28.54
2002-08-27,28.37
2002-08-28,28.12
2002-08-29,28.56
2002-08-30,28.58
2002-09-03,27.65
2002-09-04,28.12
2002-09-05,28.83
2002-09-06,29.36
2002-09-09,29.56
2002-09-10,29.66
2002-09-11,29.7
2002-09-12,28.87
2002-09-13,29.76
2002-09-16,29.76
2002-09-17,29.18
2002-09-18,29.49
2002-09-19,29.63
2002-09-20,29.68
2002-09-23,29.97
2002-09-24,29.92
2002-09-25,29.79
2002-09-26,29.76
2002-09-27,29.78
2002-09-30,29.75
2002-10-01,29.97
2002-10-02,29.8
2002-10-03,29.28
2002-10-04,29.21
2002-10-07,29.3
2002-10-08,29.15
2002-10-09,29.1
2002-10-10,28.71
2002-10-11,28.98
2002-10-14,29.44
2002-10-15,29.28
2002-10-16,29.1
2002-10-17,29.24
2002-10-18,29.18
2002-10-21,27.96
2002-10-22,27.7
2002-10-23,27.42
2002-10-24,27.39
2002-10-25,26.3
2002-10-28,26.49
2002-10-29,26.17
2002-10-30,26.25
2002-10-31,26.53
2002-11-01,26.35
2002-11-04,26.07
2002-11-05,25.33
2002-11-06,25
2002-11-07,24.63
2002-11-08,24.77
2002-11-11,24.96
2002-11-12,24.94
2002-11-13,24.21
2002-11-14,24.26
2002-11-15,24.5
2002-11-18,25.56
2002-11-19,25.34
2002-11-20,25.89
2002-11-21,25.92
2002-11-22,26.33
2002-11-25,25.84
2002-11-26,26.07
2002-11-27,26.44
2002-12-02,26.71
2002-12-03,26.82
2002-12-04,26.28
2002-12-05,26.8
2002-12-06,26.6
2002-12-09,26.86
2002-12-10,27.4
2002-12-11,27.04
2002-12-12,27.56
2002-12-13,27.93
2002-12-16,29.42
2002-12-17,29.24
2002-12-18,29.63
2002-12-19,29.6
2002-12-20,28.86
2002-12-23,29.87
2002-12-24,29.95
2002-12-26,30.37
2002-12-27,30.49
2002-12-30,29.46
2002-12-31,29.46
2003-01-02,29.91
2003-01-03,30.84
2003-01-06,30.17
2003-01-07,29.63
2003-01-08,29.29
2003-01-09,30.32
2003-01-10,30
2003-01-13,30.64
2003-01-14,30.96
2003-01-15,31.52
2003-01-16,31.83
2003-01-17,31.96
2003-01-21,32.01
2003-01-22,30.77
2003-01-23,30.46
2003-01-24,31.12
2003-01-27,30.49
2003-01-28,30.94
2003-01-29,31.72
2003-01-30,31.95
2003-01-31,31.8
2003-02-03,31.34
2003-02-04,32.04
2003-02-05,32.37
2003-02-06,32.4
2003-02-07,33.13
2003-02-10,32.6
2003-02-11,33.27
2003-02-12,33.35
2003-02-13,33.92
2003-02-14,34.04
2003-02-18,34.12
2003-02-19,34.21
2003-02-20,33.46
2003-02-21,32.92
2003-02-24,33.54
2003-02-25,32.97
2003-02-26,33.56
2003-02-27,33.51
2003-02-28,33.28
2003-03-03,32.85
2003-03-04,33.29
2003-03-05,33.36
2003-03-06,33.76
2003-03-07,34.43
2003-03-10,34.32
2003-03-11,34.06
2003-03-12,34.67
2003-03-13,33.17
2003-03-14,31.96
2003-03-17,31.09
2003-03-18,28.97
2003-03-19,28.54
2003-03-20,27.27
2003-03-21,25.91
2003-03-24,27.06
2003-03-25,26.06
2003-03-26,26.23
2003-03-27,27.49
2003-03-28,27.44
2003-03-31,28.22
2003-04-01,27.42
2003-04-02,26.64
2003-04-03,26.62
2003-04-04,26.26
2003-04-07,25.91
2003-04-08,26.11
2003-04-09,27.07
2003-04-10,26.34
2003-04-11,26.73
2003-04-14,26.61
2003-04-15,27
2003-04-16,27.08
2003-04-17,27.99
2003-04-21,28.17
2003-04-22,27.48
2003-04-23,26.01
2003-04-24,26.09
2003-04-25,25.9
2003-04-28,25.29
2003-04-29,25.01
2003-04-30,25.29
2003-05-01,25.65
2003-05-02,25.31
2003-05-05,26.09
2003-05-06,25.47
2003-05-07,25.91
2003-05-08,26.39
2003-05-09,26.85
2003-05-12,26.64
2003-05-13,27.52
2003-05-14,28.18
2003-05-15,27.86
2003-05-16,28.1
2003-05-19,27.64
2003-05-20,27.66
2003-05-21,27.51
2003-05-22,27.35
2003-05-23,27.56
2003-05-27,27.7
2003-05-28,27.04
2003-05-29,27.38
2003-05-30,27.75
2003-06-02,28.67
2003-06-03,28.65
2003-06-04,28.14
2003-06-05,28.83
2003-06-06,29.45
2003-06-09,29.66
2003-06-10,29.84
2003-06-11,30.18
2003-06-12,29.55
2003-06-13,28.68
2003-06-16,28.98
2003-06-17,28.85
2003-06-18,28.26
2003-06-19,28.09
2003-06-20,28.98
2003-06-23,28.33
2003-06-24,27.97
2003-06-25,28.87
2003-06-26,28.15
2003-06-27,28.52
2003-06-30,29.27
2003-07-01,29.45
2003-07-02,29.21
2003-07-03,29.4
2003-07-07,29.2
2003-07-08,29.41
2003-07-09,30.09
2003-07-10,30.18
2003-07-11,30.45
2003-07-14,30.45
2003-07-15,30.5
2003-07-16,29.85
2003-07-17,30.16
2003-07-18,30.49
2003-07-21,30.4
2003-07-22,29.13
2003-07-23,28.95
2003-07-24,29.4
2003-07-25,29.38
2003-07-28,29.3
2003-07-29,29.39
2003-07-30,29.82
2003-07-31,29.78
2003-08-01,31.36
2003-08-04,30.99
2003-08-05,31.36
2003-08-06,30.97
2003-08-07,31.68
2003-08-08,31.55
2003-08-11,31.42
2003-08-12,31.35
2003-08-13,30.45
2003-08-14,30.63
2003-08-15,30.64
2003-08-18,30.54
2003-08-19,30.43
2003-08-20,30.75
2003-08-21,31.01
2003-08-22,31.05
2003-08-25,30.9
2003-08-26,31.04
2003-08-27,30.46
2003-08-28,30.77
2003-08-29,30.83
2003-09-02,29
2003-09-03,29.13
2003-09-04,28.67
2003-09-05,28.58
2003-09-08,28.64
2003-09-09,28.94
2003-09-10,29.13
2003-09-11,28.69
2003-09-12,28.16
2003-09-15,28.02
2003-09-16,27.47
2003-09-17,26.97
2003-09-18,26.98
2003-09-19,26.82
2003-09-22,27
2003-09-23,26.65
2003-09-24,27.6
2003-09-25,27.72
2003-09-26,27.56
2003-09-29,27.79
2003-09-30,28.48
2003-10-01,28.73
2003-10-02,29.1
2003-10-03,29.63
2003-10-06,29.84
2003-10-07,29.99
2003-10-08,29.59
2003-10-09,30.72
2003-10-10,31.55
2003-10-13,31.6
2003-10-14,31.46
2003-10-15,31.48
2003-10-16,31.31
2003-10-17,30.42
2003-10-20,30.09
2003-10-21,29.95
2003-10-22,29.24
2003-10-23,29.57
2003-10-24,29.51
2003-10-27,29.37
2003-10-28,29.07
2003-10-29,28.48
2003-10-30,28.02
2003-10-31,28.57
2003-11-03,28.47
2003-11-04,28.34
2003-11-05,29.76
2003-11-06,29.58
2003-11-07,30.13
2003-11-10,30.19
2003-11-11,30.51
2003-11-12,30.5
2003-11-13,31
2003-11-14,31.33
2003-11-17,30.91
2003-11-18,32.27
2003-11-19,31.64
2003-11-20,31.42
2003-11-21,30.67
2003-11-24,29.08
2003-11-25,29.18
2003-11-26,29.84
2003-12-01,29.47
2003-12-02,30.22
2003-12-03,30.49
2003-12-04,30.7
2003-12-05,30.25
2003-12-08,31.56
2003-12-09,31.12
2003-12-10,31.32
2003-12-11,31.29
2003-12-12,32.36
2003-12-15,32.62
2003-12-16,32.36
2003-12-17,32.85
2003-12-18,33.24
2003-12-19,32.55
2003-12-22,31.01
2003-12-23,31.07
2003-12-24,31.88
2003-12-29,31.53
2003-12-30,31.89
2003-12-31,31.83
2004-01-05,33.01
2004-01-06,33.04
2004-01-07,32.97
2004-01-08,33.28
2004-01-09,33.55
2004-01-12,33.89
2004-01-13,33.52
2004-01-14,33.31
2004-01-15,32.11
2004-01-16,33.51
2004-01-20,34.31
2004-01-21,33.42
2004-01-22,33.68
2004-01-23,33.37
2004-01-26,32.99
2004-01-27,32.61
2004-01-28,32.16
2004-01-29,31.52
2004-01-30,31.49
2004-02-02,32.75
2004-02-03,32.04
2004-02-04,31.32
2004-02-05,31.6
2004-02-06,31.21
2004-02-09,31.49
2004-02-10,32.41
2004-02-11,32.64
2004-02-12,32.89
2004-02-13,33.53
2004-02-17,34.34
2004-02-18,33.93
2004-02-19,34.06
2004-02-20,33.6
2004-02-23,32.88
2004-02-24,32.85
2004-02-25,33.59
2004-02-26,33.78
2004-02-27,34.42
2004-03-01,35.35
2004-03-02,35.23
2004-03-03,34.32
2004-03-04,34.98
2004-03-05,35.52
2004-03-08,34.94
2004-03-09,34.6
2004-03-10,34.53
2004-03-11,35.28
2004-03-12,34.79
2004-03-15,35.84
2004-03-16,35.8
2004-03-17,36.72
2004-03-18,36.54
2004-03-19,36.73
2004-03-22,36.27
2004-03-23,35.95
2004-03-24,35.64
2004-03-25,34.26
2004-03-26,34.31
2004-03-29,34.1
2004-03-30,34.91
2004-03-31,34.55
2004-04-01,33.29
2004-04-02,33.44
2004-04-05,33.44
2004-04-06,33.91
2004-04-07,35.07
2004-04-08,36.05
2004-04-12,36.72
2004-04-13,36.26
2004-04-14,36.09
2004-04-15,36.74
2004-04-16,36.63
2004-04-19,36.4
2004-04-20,36.06
2004-04-21,34.95
2004-04-22,35.86
2004-04-23,35.65
2004-04-26,36.2
2004-04-27,36.82
2004-04-28,36.72
2004-04-29,36.66
2004-04-30,36.71
2004-05-03,37.58
2004-05-04,38.24
2004-05-05,38.79
2004-05-06,38.62
2004-05-07,39.13
2004-05-10,38.2
2004-05-11,39.38
2004-05-12,40.04
2004-05-13,40.42
2004-05-14,40.76
2004-05-17,40.97
2004-05-18,39.92
2004-05-19,41
2004-05-20,40.4
2004-05-21,39.01
2004-05-24,40.64
2004-05-25,40.12
2004-05-26,39.89
2004-05-27,38.91
2004-05-28,39.35
2004-06-01,41.77
2004-06-02,39.64
2004-06-03,39.02
2004-06-04,38.38
2004-06-07,38.59
2004-06-08,37.32
2004-06-09,37.65
2004-06-10,38.55
2004-06-14,37.83
2004-06-15,37.44
2004-06-16,37.63
2004-06-17,38.82
2004-06-18,39.01
2004-06-21,37.8
2004-06-22,38.25
2004-06-23,37.41
2004-06-24,37.79
2004-06-25,37.39
2004-06-28,36.2
2004-06-29,35.65
2004-06-30,36.99
2004-07-01,38.6
2004-07-02,38.24
2004-07-06,39.46
2004-07-07,38.89
2004-07-08,40.07
2004-07-09,39.61
2004-07-12,39.2
2004-07-13,39.1
2004-07-14,40.57
2004-07-15,40.41
2004-07-16,40.82
2004-07-19,40.88
2004-07-20,39.88
2004-07-21,39.68
2004-07-22,40.46
2004-07-23,40.87
2004-07-26,40.58
2004-07-27,40.84
2004-07-28,41.81
2004-07-29,41.64
2004-07-30,42.49
2004-08-02,42.63
2004-08-03,43.14
2004-08-04,41.84
2004-08-05,43.22
2004-08-06,43
2004-08-09,43.96
2004-08-10,43.6
2004-08-11,43.89
2004-08-12,44.5
2004-08-13,45.61
2004-08-16,45.29
2004-08-17,45.81
2004-08-18,45.93
2004-08-19,47.23
2004-08-20,46.34
2004-08-23,45.22
2004-08-24,44.46
2004-08-25,42.78
2004-08-26,42.38
2004-08-27,42.68
2004-08-30,41.82
2004-08-31,41.75
2004-09-01,43.65
2004-09-02,43.68
2004-09-03,43.63
2004-09-07,43.01
2004-09-08,42.52
2004-09-09,44.2
2004-09-10,42.44
2004-09-13,43.36
2004-09-14,43.87
2004-09-15,43.1
2004-09-16,43.52
2004-09-17,45.02
2004-09-20,45.59
2004-09-21,46.16
2004-09-22,46.89
2004-09-23,47.07
2004-09-24,47.42
2004-09-27,48.26
2004-09-28,48.49
2004-09-29,48.27
2004-09-30,48.58
2004-10-01,49.06
2004-10-04,48.92
2004-10-05,50.03
2004-10-06,50.89
2004-10-07,51.61
2004-10-08,52.36
2004-10-11,52.79
2004-10-12,51.67
2004-10-13,52.62
2004-10-14,53.47
2004-10-15,53.4
2004-10-18,52.31
2004-10-19,52.14
2004-10-20,53.93
2004-10-21,53.45
2004-10-22,54.04
2004-10-25,53.6
2004-10-26,54.25
2004-10-27,51.81
2004-10-28,50.45
2004-10-29,51.31
2004-11-01,49.73
2004-11-02,49.32
2004-11-03,50.51
2004-11-04,48.67
2004-11-05,49.48
2004-11-08,49.07
2004-11-09,47.56
2004-11-10,48.84
2004-11-11,47.58
2004-11-12,47.43
2004-11-15,47.02
2004-11-16,46.29
2004-11-17,47.23
2004-11-18,46.47
2004-11-19,48.85
2004-11-22,48.6
2004-11-23,49.06
2004-11-24,49.37
2004-11-29,49.77
2004-11-30,49.18
2004-12-01,45.76
2004-12-02,43.58
2004-12-03,42.83
2004-12-06,43.29
2004-12-07,41.95
2004-12-08,42.47
2004-12-09,43.16
2004-12-10,41.64
2004-12-13,42.14
2004-12-14,42.68
2004-12-15,44.83
2004-12-16,44.68
2004-12-17,46.63
2004-12-20,45.81
2004-12-21,45.49
2004-12-22,44.1
2004-12-23,44.08
2004-12-27,41.55
2004-12-28,42.01
2004-12-29,43.74
2004-12-30,43.57
2005-01-03,42.37
2005-01-04,44.05
2005-01-05,43.55
2005-01-06,45.63
2005-01-07,45.47
2005-01-10,45.34
2005-01-11,45.64
2005-01-12,46.25
2005-01-13,47.82
2005-01-14,48.18
2005-01-18,48.28
2005-01-19,47.71
2005-01-20,47.26
2005-01-21,48.37
2005-01-24,48.76
2005-01-25,49.7
2005-01-26,48.95
2005-01-27,49.06
2005-01-28,47.52
2005-01-31,48.5
2005-02-01,47.79
2005-02-02,47.34
2005-02-03,47.1
2005-02-04,47.15
2005-02-07,46.26
2005-02-08,46.36
2005-02-09,46.36
2005-02-10,47.92
2005-02-11,48.05
2005-02-14,48.25
2005-02-15,48.04
2005-02-16,49.11
2005-02-17,48.56
2005-02-18,49.39
2005-02-22,51.72
2005-02-23,51.59
2005-02-24,51.91
2005-02-25,52.04
2005-02-28,52.5
2005-03-01,52.53
2005-03-02,53.74
2005-03-03,54.06
2005-03-04,54.18
2005-03-07,54.54
2005-03-08,55.3
2005-03-09,55.45
2005-03-10,54.49
2005-03-11,55.35
2005-03-14,55.95
2005-03-15,56
2005-03-16,57.42
2005-03-17,57.42
2005-03-18,57.83
2005-03-21,58.06
2005-03-22,57.2
2005-03-23,55.32
2005-03-24,56.11
2005-03-28,55.15
2005-03-29,55.21
2005-03-30,55.26
2005-03-31,56.91
2005-04-01,58.87
2005-04-04,58.8
2005-04-05,57.79
2005-04-06,57.54
2005-04-07,55.99
2005-04-08,55.36
2005-04-11,55.82
2005-04-12,54.37
2005-04-13,53.12
2005-04-14,53.66
2005-04-15,53
2005-04-18,52.3
2005-04-19,54.46
2005-04-20,55.13
2005-04-21,56.13
2005-04-22,57.08
2005-04-25,56.52
2005-04-26,56.3
2005-04-27,54.02
2005-04-28,54.12
2005-04-29,52.4
2005-05-02,53.56
2005-05-03,52.14
2005-05-04,52.75
2005-05-05,53.17
2005-05-06,53.23
2005-05-09,53.73
2005-05-10,53.92
2005-05-11,52.58
2005-05-12,51.01
2005-05-13,51.07
2005-05-16,50.82
2005-05-17,51.21
2005-05-18,49.96
2005-05-19,49.65
2005-05-20,49.7
2005-05-23,50.72
2005-05-24,51.01
2005-05-25,52.06
2005-05-26,52.14
2005-05-27,52.66
2005-05-31,53.03
2005-06-01,55.79
2005-06-02,55.1
2005-06-03,56.54
2005-06-06,56.44
2005-06-07,55.78
2005-06-08,54.74
2005-06-09,56.37
2005-06-10,55.5
2005-06-13,57.66
2005-06-14,56.79
2005-06-15,57.08
2005-06-16,58.04
2005-06-17,59.73
2005-06-20,60.5
2005-06-21,59.63
2005-06-22,59.09
2005-06-23,60.42
2005-06-24,60.85
2005-06-27,61.76
2005-06-28,59.67
2005-06-29,58.89
2005-06-30,58.36
2005-07-01,60.43
2005-07-05,61.5
2005-07-06,62.76
2005-07-07,62.33
2005-07-08,61.29
2005-07-11,60.86
2005-07-12,62.13
2005-07-13,61.49
2005-07-14,59.33
2005-07-15,59.77
2005-07-18,59.13
2005-07-19,59.34
2005-07-20,58.7
2005-07-21,58.45
2005-07-22,59.83
2005-07-25,60.3
2005-07-26,60.6
2005-07-27,60.79
2005-07-28,61.68
2005-07-29,62.35
2005-08-01,63.43
2005-08-02,63.63
2005-08-03,62.63
2005-08-04,63.04
2005-08-05,63.96
2005-08-08,65.5
2005-08-09,64.91
2005-08-10,66.77
2005-08-11,67.28
2005-08-12,67.55
2005-08-15,67.53
2005-08-16,67.23
2005-08-17,64.48
2005-08-18,64.39
2005-08-19,66.31
2005-08-22,66.28
2005-08-23,66.89
2005-08-24,68.51
2005-08-25,68.72
2005-08-26,67.42
2005-08-29,68.12
2005-08-30,69.91
2005-08-31,69.58
2005-09-01,70.23
2005-09-02,68.57
2005-09-06,67.37
2005-09-07,65.72
2005-09-08,65.92
2005-09-09,65.41
2005-09-12,64.63
2005-09-13,64.38
2005-09-14,66.28
2005-09-15,65.78
2005-09-16,63.91
2005-09-19,67.71
2005-09-20,66.39
2005-09-21,67
2005-09-22,66.98
2005-09-23,65.02
2005-09-26,66.46
2005-09-27,65.83
2005-09-28,66.77
2005-09-29,66.43
2005-09-30,66.53
2005-10-03,65.69
2005-10-04,64.26
2005-10-05,63.21
2005-10-06,61.45
2005-10-07,62.04
2005-10-10,62.03
2005-10-11,63.47
2005-10-12,63.88
2005-10-13,62.93
2005-10-14,62.05
2005-10-17,63.42
2005-10-18,62.18
2005-10-19,61.33
2005-10-20,60.07
2005-10-21,61.02
2005-10-24,60.78
2005-10-25,63.1
2005-10-26,61.59
2005-10-27,61.85
2005-10-28,61.82
2005-10-31,60.77
2005-11-01,60.96
2005-11-02,60.92
2005-11-03,62.96
2005-11-04,61.91
2005-11-07,61.04
2005-11-08,61.28
2005-11-09,60.29
2005-11-10,59.29
2005-11-11,58.95
2005-11-14,58.94
2005-11-15,58.08
2005-11-16,58.93
2005-11-17,57.71
2005-11-18,57.88
2005-11-21,58.86
2005-11-22,59.78
2005-11-23,59.6
2005-11-28,58.4
2005-11-29,57.74
2005-11-30,58.68
2005-12-01,59.84
2005-12-02,60.76
2005-12-05,61.49
2005-12-06,61.44
2005-12-07,60.8
2005-12-08,62.29
2005-12-09,61.04
2005-12-12,62.86
2005-12-13,62.89
2005-12-14,62.52
2005-12-15,61.78
2005-12-16,59.76
2005-12-19,58.71
2005-12-20,58.69
2005-12-21,59.57
2005-12-22,59.3
2005-12-23,59.43
2005-12-27,59.1
2005-12-28,60.78
2005-12-29,61.37
2005-12-30,62.35
2006-01-03,64.48
2006-01-04,64.67
2006-01-05,64.09
2006-01-06,65.48
2006-01-09,64.91
2006-01-10,64.7
2006-01-11,64.95
2006-01-12,64.99
2006-01-13,65.14
2006-01-17,67.43
2006-01-18,66.73
2006-01-19,67.69
2006-01-20,68.96
2006-01-23,69.06
2006-01-24,68.07
2006-01-25,66.93
2006-01-26,67.48
2006-01-27,69.02
2006-01-30,69.62
2006-01-31,69.28
2006-02-01,68.02
2006-02-02,66.17
2006-02-03,66.91
2006-02-06,66.77
2006-02-07,64.96
2006-02-08,64.33
2006-02-09,64.39
2006-02-10,63.75
2006-02-13,63.2
2006-02-14,61.93
2006-02-15,60.33
2006-02-16,61.2
2006-02-17,62.35
2006-02-21,63.73
2006-02-22,63.11
2006-02-23,63.09
2006-02-24,65.03
2006-02-27,63.36
2006-02-28,64.06
2006-03-01,64.66
2006-03-02,66.05
2006-03-03,66.26
2006-03-06,64.92
2006-03-07,64.08
2006-03-08,62.69
2006-03-09,63.42
2006-03-10,62.81
2006-03-13,64.55
2006-03-14,65.99
2006-03-15,64.67
2006-03-16,65.96
2006-03-17,65.06
2006-03-20,63.06
2006-03-21,63.61
2006-03-22,63.78
2006-03-23,65.53
2006-03-24,65.79
2006-03-27,65.82
2006-03-28,67.49
2006-03-29,68.07
2006-03-30,69.02
2006-03-31,68.67
2006-04-03,68.79
2006-04-04,68.49
2006-04-05,69.14
2006-04-06,69.66
2006-04-07,69.38
2006-04-10,70.91
2006-04-11,71.24
2006-04-12,71.07
2006-04-13,71.82
2006-04-17,72.94
2006-04-18,73.97
2006-04-19,75.08
2006-04-20,74.6
2006-04-21,76.63
2006-04-24,75.26
2006-04-25,75.32
2006-04-26,74.3
2006-04-27,73.27
2006-04-28,74.25
2006-05-01,75.94
2006-05-02,76.72
2006-05-03,74.73
2006-05-04,72.55
2006-05-05,72.87
2006-05-08,72.29
2006-05-09,73.21
2006-05-10,74.54
2006-05-11,75.53
2006-05-12,74.11
2006-05-15,71.35
2006-05-16,71.18
2006-05-17,70.33
2006-05-18,71.04
2006-05-19,70.14
2006-05-22,70.76
2006-05-23,73.09
2006-05-24,71.2
2006-05-25,72.66
2006-05-26,72.76
2006-05-30,73.43
2006-05-31,72.89
2006-06-01,71.86
2006-06-02,73.61
2006-06-05,74
2006-06-06,73.82
2006-06-07,72.35
2006-06-08,72.04
2006-06-09,73.19
2006-06-12,71.96
2006-06-13,70.11
2006-06-14,70.33
2006-06-15,70.56
2006-06-16,70.89
2006-06-19,70.27
2006-06-20,70.01
2006-06-21,71.53
2006-06-22,72.3
2006-06-23,72.38
2006-06-26,73.36
2006-06-27,73.4
2006-06-28,73.75
2006-06-29,75.07
2006-06-30,75.4
2006-07-05,76.79
2006-07-06,76.83
2006-07-07,75.93
2006-07-10,75.4
2006-07-11,75.9
2006-07-12,76.69
2006-07-13,78.85
2006-07-14,79.32
2006-07-17,77.68
2006-07-18,76.14
2006-07-19,75.74
2006-07-20,75.17
2006-07-21,75.98
2006-07-24,76.65
2006-07-25,75.4
2006-07-26,75.73
2006-07-27,76.49
2006-07-28,75.18
2006-07-31,76.47
2006-08-01,76.95
2006-08-02,77.57
2006-08-03,77.47
2006-08-04,76.97
2006-08-07,79.15
2006-08-08,78.42
2006-08-09,78.24
2006-08-10,76.36
2006-08-11,76.86
2006-08-14,75.82
2006-08-15,75.19
2006-08-16,74.19
2006-08-17,72.56
2006-08-18,73.1
2006-08-21,74.22
2006-08-22,74.04
2006-08-23,73.65
2006-08-24,74.04
2006-08-25,74.13
2006-08-28,72.56
2006-08-29,71.74
2006-08-30,71.93
2006-08-31,72.3
2006-09-01,71.21
2006-09-05,70.65
2006-09-06,69.6
2006-09-07,69.43
2006-09-08,68.33
2006-09-11,67.51
2006-09-12,65.88
2006-09-13,65.99
2006-09-14,65.2
2006-09-15,65.02
2006-09-18,65.44
2006-09-19,63.25
2006-09-20,61.72
2006-09-21,63.32
2006-09-22,62.38
2006-09-25,63.1
2006-09-26,62.69
2006-09-27,64.63
2006-09-28,64.6
2006-09-29,65.05
2006-10-02,63.36
2006-10-03,61.16
2006-10-04,61.79
2006-10-05,62.37
2006-10-06,62.23
2006-10-09,62.58
2006-10-10,61.52
2006-10-11,60.78
2006-10-12,61.08
2006-10-13,61.69
2006-10-16,62.93
2006-10-17,62.13
2006-10-18,60.77
2006-10-19,61.88
2006-10-20,60.91
2006-10-23,61.66
2006-10-24,62.23
2006-10-25,64.2
2006-10-26,63.12
2006-10-27,63.72
2006-10-30,61.52
2006-10-31,61.9
2006-11-01,61.84
2006-11-02,60.89
2006-11-03,62.1
2006-11-06,62.99
2006-11-07,61.84
2006-11-08,62.77
2006-11-09,64.33
2006-11-10,62.88
2006-11-13,62.04
2006-11-14,61.62
2006-11-15,62.14
2006-11-16,60.09
2006-11-17,60.54
2006-11-20,61.47
2006-11-21,62.64
2006-11-22,61.89
2006-11-27,62.72
2006-11-28,63.34
2006-11-29,64.73
2006-11-30,65.56
2006-12-01,66.07
2006-12-04,65.15
2006-12-05,64.98
2006-12-06,64.52
2006-12-07,64.22
2006-12-08,63.91
2006-12-11,63.29
2006-12-12,62.92
2006-12-13,63.05
2006-12-14,64.22
2006-12-15,64.89
2006-12-18,63.61
2006-12-19,64.29
2006-12-20,65.52
2006-12-21,64.65
2006-12-22,64.4
2006-12-26,63.13
2006-12-27,62.44
2006-12-28,62.63
2006-12-29,63.26
2007-01-03,60.34
2007-01-04,57.6
2007-01-05,58.35
2007-01-08,58.38
2007-01-09,57.79
2007-01-10,55.88
2007-01-11,53.62
2007-01-12,54.66
2007-01-16,52.67
2007-01-17,53.77
2007-01-18,52.66
2007-01-19,54.3
2007-01-22,53.53
2007-01-23,56.61
2007-01-24,56.85
2007-01-25,55.86
2007-01-26,56.97
2007-01-29,55.49
2007-01-30,58.33
2007-01-31,59.54
2007-02-01,58.75
2007-02-02,60.48
2007-02-05,60.19
2007-02-06,60.1
2007-02-07,59.03
2007-02-08,61.13
2007-02-09,61.33
2007-02-12,59.37
2007-02-13,60.61
2007-02-14,59.25
2007-02-15,59.16
2007-02-16,60.5
2007-02-20,59.64
2007-02-21,61.53
2007-02-22,62.84
2007-02-23,63.32
2007-02-26,63.45
2007-02-27,63.52
2007-02-28,63.97
2007-03-01,64.06
2007-03-02,63.6
2007-03-05,62.18
2007-03-06,62.99
2007-03-07,64.21
2007-03-08,64.21
2007-03-09,62.82
2007-03-12,61.95
2007-03-13,61.52
2007-03-14,61.74
2007-03-15,61.23
2007-03-16,60.94
2007-03-19,61.05
2007-03-20,60.63
2007-03-21,62.12
2007-03-22,63.93
2007-03-23,64.38
2007-03-26,65.56
2007-03-27,65.79
2007-03-28,66.75
2007-03-29,68.05
2007-03-30,68.25
2007-04-02,68.45
2007-04-03,67.31
2007-04-04,67.48
2007-04-05,67.69
2007-04-09,66.12
2007-04-10,66.67
2007-04-11,66.5
2007-04-12,67.88
2007-04-13,67.89
2007-04-16,66.85
2007-04-17,65.68
2007-04-18,65.7
2007-04-19,64.86
2007-04-20,65.5
2007-04-23,67.9
2007-04-24,66.73
2007-04-25,68.09
2007-04-26,67.29
2007-04-27,68.69
2007-04-30,68.1
2007-05-01,67.17
2007-05-02,66.47
2007-05-03,66.15
2007-05-04,65.15
2007-05-07,64.55
2007-05-08,65.09
2007-05-09,64.37
2007-05-10,64.66
2007-05-11,65.27
2007-05-14,65.02
2007-05-15,65.76
2007-05-16,65.2
2007-05-17,67.05
2007-05-18,67.05
2007-05-21,67.96
2007-05-22,66.6
2007-05-23,67.95
2007-05-24,66.74
2007-05-25,67.53
2007-05-29,65.36
2007-05-30,65.56
2007-05-31,65.83
2007-06-01,66.99
2007-06-04,68.16
2007-06-05,67.68
2007-06-06,67.88
2007-06-07,68.57
2007-06-08,66.3
2007-06-11,67.51
2007-06-12,66.98
2007-06-13,67.83
2007-06-14,68.91
2007-06-15,69.36
2007-06-18,70.32
2007-06-19,70.23
2007-06-20,69.51
2007-06-21,69.67
2007-06-22,70.35
2007-06-25,70.3
2007-06-26,68.72
2007-06-27,69.54
2007-06-28,69.99
2007-06-29,71.06
2007-07-02,71.73
2007-07-03,72.04
2007-07-05,72.25
2007-07-06,73.08
2007-07-09,72.72
2007-07-10,73.28
2007-07-11,73.02
2007-07-12,72.93
2007-07-13,74
2007-07-16,73.97
2007-07-17,73.8
2007-07-18,75.04
2007-07-19,75.74
2007-07-20,75.55
2007-07-23,74.6
2007-07-24,73.25
2007-07-25,75.1
2007-07-26,74.04
2007-07-27,75.64
2007-07-30,75.45
2007-07-31,76.82
2007-08-01,75.8
2007-08-02,76.14
2007-08-03,75.06
2007-08-06,71.72
2007-08-07,72.17
2007-08-08,71.69
2007-08-09,71.2
2007-08-10,71.05
2007-08-13,70.98
2007-08-14,71.59
2007-08-15,72.83
2007-08-16,70.6
2007-08-17,71.46
2007-08-20,70.67
2007-08-21,69.34
2007-08-22,68.72
2007-08-23,69.23
2007-08-24,70.23
2007-08-27,70.85
2007-08-28,70.55
2007-08-29,72
2007-08-30,71.75
2007-08-31,72.46
2007-09-04,73.36
2007-09-05,73.55
2007-09-06,74.17
2007-09-07,74.54
2007-09-10,75.08
2007-09-11,75.77
2007-09-12,77.29
2007-09-13,77.63
2007-09-14,77.17
2007-09-17,78.16
2007-09-18,78.95
2007-09-19,79.7
2007-09-20,80.64
2007-09-21,79.99
2007-09-24,79.64
2007-09-25,78.02
2007-09-26,77.96
2007-09-27,80.42
2007-09-28,79.58
2007-10-01,78.5
2007-10-02,78.17
2007-10-03,78.1
2007-10-04,79.83
2007-10-05,79.94
2007-10-08,77.83
2007-10-09,78.83
2007-10-10,79.94
2007-10-11,81.49
2007-10-12,81.93
2007-10-15,84.25
2007-10-16,85.58
2007-10-17,85.12
2007-10-18,86.89
2007-10-19,85.92
2007-10-22,85.21
2007-10-23,83.67
2007-10-24,85.23
2007-10-25,88.13
2007-10-26,89.62
2007-10-29,91.66
2007-10-30,88.77
2007-10-31,92.14
2007-11-01,91.4
2007-11-02,93.72
2007-11-05,92.22
2007-11-06,94.87
2007-11-07,94.81
2007-11-08,93.9
2007-11-09,94.45
2007-11-12,92.67
2007-11-13,89.42
2007-11-14,91.76
2007-11-15,91.01
2007-11-16,92.72
2007-11-19,92.6
2007-11-20,95.84
2007-11-21,95.12
2007-11-23,96.05
2007-11-26,95.74
2007-11-27,92.81
2007-11-28,89.45
2007-11-29,89.78
2007-11-30,87.84
2007-12-03,88.69
2007-12-04,87.87
2007-12-05,87.05
2007-12-06,89.6
2007-12-07,87.94
2007-12-10,87.61
2007-12-11,89.75
2007-12-12,94.04
2007-12-13,92.36
2007-12-14,91.57
2007-12-17,91.15
2007-12-18,90.09
2007-12-19,90.91
2007-12-20,90.71
2007-12-21,92.53
2007-12-24,93.14
2007-12-26,94.72
2007-12-27,95.62
2007-12-28,95.15
2007-12-31,95.24
2008-01-02,98.74
2008-01-03,98.42
2008-01-04,97.28
2008-01-07,94.53
2008-01-08,95.62
2008-01-09,94.66
2008-01-10,92.68
2008-01-11,91.7
2008-01-14,93.41
2008-01-15,91.42
2008-01-16,89.98
2008-01-17,89.22
2008-01-18,89.49
2008-01-22,88.76
2008-01-23,86.27
2008-01-24,88.58
2008-01-25,90.19
2008-01-28,90.55
2008-01-29,91.14
2008-01-30,91.9
2008-01-31,91.52
2008-02-01,88.92
2008-02-04,89.96
2008-02-05,88.34
2008-02-06,87.19
2008-02-07,88.2
2008-02-08,91.62
2008-02-11,93.42
2008-02-12,92.72
2008-02-13,93.28
2008-02-14,95.39
2008-02-15,95.16
2008-02-19,99.31
2008-02-20,99.26
2008-02-21,97.37
2008-02-22,97.94
2008-02-25,98.47
2008-02-26,100.19
2008-02-27,99.06
2008-02-28,101.85
2008-02-29,100.97
2008-03-03,101.57
2008-03-04,98.47
2008-03-05,102.89
2008-03-06,103.78
2008-03-07,103.34
2008-03-10,105.51
2008-03-11,106.22
2008-03-12,107.2
2008-03-13,107.94
2008-03-14,107.53
2008-03-17,103
2008-03-18,107.35
2008-03-19,101.63
2008-03-20,100.32
2008-03-24,99.65
2008-03-25,100.45
2008-03-26,104.37
2008-03-27,105.63
2008-03-28,104.19
2008-03-31,100.56
2008-04-01,100
2008-04-02,103.72
2008-04-03,102.63
2008-04-04,105.19
2008-04-07,107.89
2008-04-08,107.14
2008-04-09,109.4
2008-04-10,108.93
2008-04-11,109.19
2008-04-14,110.45
2008-04-15,112.48
2008-04-16,113.8
2008-04-17,113.82
2008-04-18,115.41
2008-04-21,115.8
2008-04-22,117.26
2008-04-23,116.89
2008-04-24,114.45
2008-04-25,116.57
2008-04-28,116.93
2008-04-29,114.03
2008-04-30,111.97
2008-05-01,111.08
2008-05-02,115.16
2008-05-05,118.84
2008-05-06,120.75
2008-05-07,122.74
2008-05-08,123.28
2008-05-09,125.76
2008-05-12,123.86
2008-05-13,125.31
2008-05-14,124.01
2008-05-15,123.67
2008-05-16,125.9
2008-05-19,126.64
2008-05-20,129.25
2008-05-21,133.83
2008-05-22,130.81
2008-05-23,132.03
2008-05-27,128.91
2008-05-28,130.7
2008-05-29,126.75
2008-05-30,127.42
2008-06-02,128.11
2008-06-03,124.88
2008-06-04,122.85
2008-06-05,128.34
2008-06-06,138.62
2008-06-09,134.85
2008-06-10,132.12
2008-06-11,137.32
2008-06-12,137.68
2008-06-13,135.8
2008-06-16,135.88
2008-06-17,135.02
2008-06-18,137.51
2008-06-19,133.02
2008-06-20,135.66
2008-06-23,137.26
2008-06-24,137.71
2008-06-25,135.33
2008-06-26,140.41
2008-06-27,141.06
2008-06-30,140.95
2008-07-01,141.98
2008-07-02,144.5
2008-07-03,146.12
2008-07-07,142.42
2008-07-08,137.21
2008-07-09,137.19
2008-07-10,142.76
2008-07-11,145.96
2008-07-14,146.13
2008-07-15,139.83
2008-07-16,135.83
2008-07-17,130.68
2008-07-18,129.97
2008-07-21,132.26
2008-07-22,128.97
2008-07-23,125.49
2008-07-24,126.33
2008-07-25,124.28
2008-07-28,125.75
2008-07-29,123.21
2008-07-30,127.57
2008-07-31,124.95
2008-08-01,125.94
2008-08-04,122.08
2008-08-05,119.42
2008-08-06,118.59
2008-08-07,119.78
2008-08-08,115.77
2008-08-11,115.04
2008-08-12,113.52
2008-08-13,116.27
2008-08-14,115.37
2008-08-15,114.41
2008-08-18,113.32
2008-08-19,114.93
2008-08-20,116.03
2008-08-21,122.27
2008-08-22,115.7
2008-08-25,116.31
2008-08-26,117.14
2008-08-27,118.79
2008-08-28,116.47
2008-08-29,116.31
2008-09-02,110.97
2008-09-03,110.45
2008-09-04,109
2008-09-05,107.18
2008-09-08,107.03
2008-09-09,103.74
2008-09-10,102.92
2008-09-11,101.25
2008-09-12,101.62
2008-09-15,96.04
2008-09-16,91.17
2008-09-17,96.95
2008-09-18,97.6
2008-09-19,102.54
2008-09-22,108.87
2008-09-23,105.1
2008-09-24,104.91
2008-09-25,107.11
2008-09-26,106.16
2008-09-29,96.37
2008-09-30,100.51
2008-10-01,98
2008-10-02,93.24
2008-10-03,92.81
2008-10-06,86.52
2008-10-07,88.4
2008-10-08,88.48
2008-10-09,86.91
2008-10-10,78.34
2008-10-13,82.04
2008-10-14,79.33
2008-10-15,75.24
2008-10-16,70.69
2008-10-17,72.49
2008-10-20,74.69
2008-10-21,72.64
2008-10-22,67.64
2008-10-23,68.71
2008-10-24,65.06
2008-10-27,64.23
2008-10-28,63.72
2008-10-29,68.54
2008-10-30,67.27
2008-10-31,69.22
2008-11-03,65.3
2008-11-04,71.96
2008-11-05,66.84
2008-11-06,62.36
2008-11-07,62.81
2008-11-10,64.19
2008-11-11,61.12
2008-11-12,57.95
2008-11-13,60
2008-11-14,58.4
2008-11-17,56.28
2008-11-18,55.58
2008-11-19,54.95
2008-11-20,50.41
2008-11-21,52.05
2008-11-24,56.68
2008-11-25,53.21
2008-11-26,56.92
2008-11-28,57.09
2008-12-01,52
2008-12-02,49.84
2008-12-03,49.87
2008-12-04,46.86
2008-12-05,44.76
2008-12-08,48.62
2008-12-09,46.86
2008-12-10,48.04
2008-12-11,52.97
2008-12-12,51.54
2008-12-15,50
2008-12-16,49.17
2008-12-17,47.27
2008-12-18,44.39
2008-12-19,45.16
2008-12-22,44.76
2008-12-23,43.86
2008-12-24,40.06
2008-12-26,42.28
2008-12-29,44.81
2008-12-30,44.8
2008-12-31,50.57
2009-01-02,52.23
2009-01-05,54.7
2009-01-06,55.34
2009-01-07,50.06
2009-01-08,49.45
2009-01-09,49.11
2009-01-12,46.97
2009-01-13,48.37
2009-01-14,48.28
2009-01-15,48.11
2009-01-16,47.02
2009-01-20,44.25
2009-01-21,47.12
2009-01-22,47.41
2009-01-23,50.76
2009-01-26,50.03
2009-01-27,47.18
2009-01-28,48.56
2009-01-29,48.66
2009-01-30,48.52
2009-02-02,46.17
2009-02-03,46.13
2009-02-04,46.68
2009-02-05,48.38
2009-02-06,48.85
2009-02-09,48.69
2009-02-10,46.76
2009-02-11,45.95
2009-02-12,45.92
2009-02-13,44.94
2009-02-17,41.23
2009-02-18,39.72
2009-02-19,42.51
2009-02-20,42.17
2009-02-23,42.86
2009-02-24,44.23
2009-02-25,45.89
2009-02-26,48.74
2009-02-27,48.05
2009-03-02,43.68
2009-03-03,45.03
2009-03-04,48.09
2009-03-05,46.77
2009-03-06,48.77
2009-03-09,48.75
2009-03-10,48.07
2009-03-11,45.29
2009-03-12,49.01
2009-03-13,48.11
2009-03-16,49.11
2009-03-17,51.21
2009-03-18,50.35
2009-03-19,53.53
2009-03-20,53.8
2009-03-23,57.2
2009-03-24,57
2009-03-25,55.47
2009-03-26,57.04
2009-03-27,55.48
2009-03-30,51.79
2009-03-31,52.85
2009-04-01,51.77
2009-04-02,56.1
2009-04-03,56.52
2009-04-06,55.4
2009-04-07,54.29
2009-04-08,54.48
2009-04-09,56.9
2009-04-13,55.33
2009-04-14,54.93
2009-04-15,54.09
2009-04-16,54.36
2009-04-17,54.56
2009-04-20,50.77
2009-04-21,50.61
2009-04-22,52.19
2009-04-23,52.33
2009-04-24,54.1
2009-04-27,52.69
2009-04-28,52.18
2009-04-29,53.31
2009-04-30,53.4
2009-05-01,55.73
2009-05-04,57.64
2009-05-05,56.84
2009-05-06,58.76
2009-05-07,59.03
2009-05-08,60.62
2009-05-11,60.23
2009-05-12,60.59
2009-05-13,59.88
2009-05-14,60.27
2009-05-15,57.78
2009-05-18,60.29
2009-05-19,60.81
2009-05-20,63.21
2009-05-21,62.54
2009-05-22,63.07
2009-05-26,63.7
2009-05-27,64.74
2009-05-28,66.55
2009-05-29,67.72
2009-06-01,70.07
2009-06-02,70.25
2009-06-03,68.02
2009-06-04,70.52
2009-06-05,70.24
2009-06-08,70.02
2009-06-09,71.65
2009-06-10,72.89
2009-06-11,74.31
2009-06-12,73.56
2009-06-15,72.15
2009-06-16,71.96
2009-06-17,72.61
2009-06-18,72.69
2009-06-19,70.88
2009-06-22,68.32
2009-06-23,70.71
2009-06-24,70.21
2009-06-25,71.81
2009-06-26,70.76
2009-06-29,73.09
2009-06-30,71.6
2009-07-01,71.08
2009-07-02,68.65
2009-07-06,65.9
2009-07-07,64.82
2009-07-08,62.23
2009-07-09,62.59
2009-07-10,61.94
2009-07-13,61.62
2009-07-14,61.5
2009-07-15,63.76
2009-07-16,64.33
2009-07-17,65.85
2009-07-20,66.77
2009-07-21,66.97
2009-07-22,68.53
2009-07-23,70.41
2009-07-24,71.36
2009-07-27,71.48
2009-07-28,70.46
2009-07-29,66.9
2009-07-30,70.48
2009-07-31,72.4
2009-08-03,74.27
2009-08-04,74.69
2009-08-05,75.37
2009-08-06,75.21
2009-08-07,74.08
2009-08-10,74.08
2009-08-11,72.77
2009-08-12,73.36
2009-08-13,73.87
2009-08-14,71.06
2009-08-17,70.24
2009-08-18,72.3
2009-08-19,74.79
2009-08-20,73.77
2009-08-21,75.48
2009-08-24,75.75
2009-08-25,73.51
2009-08-26,72.98
2009-08-27,73.87
2009-08-28,74.16
2009-08-31,71.38
2009-09-01,69.45
2009-09-02,69.33
2009-09-03,69.15
2009-09-04,69.08
2009-09-08,72
2009-09-09,72.21
2009-09-10,72.61
2009-09-11,70.2
2009-09-14,69.86
2009-09-15,71.69
2009-09-16,73.25
2009-09-17,73.43
2009-09-18,73.04
2009-09-21,70.41
2009-09-22,72.22
2009-09-23,70.06
2009-09-24,66.93
2009-09-25,66.9
2009-09-28,67.64
2009-09-29,67.53
2009-09-30,71.31
2009-10-01,71.63
2009-10-02,70.78
2009-10-05,70.98
2009-10-06,71.52
2009-10-07,70.34
2009-10-08,72.72
2009-10-09,72.84
2009-10-12,74.28
2009-10-13,75.29
2009-10-14,76.12
2009-10-15,78.59
2009-10-16,79.5
2009-10-19,80.43
2009-10-20,79.68
2009-10-21,82.58
2009-10-22,82.48
2009-10-23,81.87
2009-10-26,80.04
2009-10-27,80.75
2009-10-28,78.65
2009-10-29,80.95
2009-10-30,78.27
2009-11-02,79.51
2009-11-03,80.92
2009-11-04,81.74
2009-11-05,80.93
2009-11-06,78.75
2009-11-09,80.72
2009-11-10,80.27
2009-11-11,80.59
2009-11-12,78.39
2009-11-13,77.75
2009-11-16,80.22
2009-11-17,80.44
2009-11-18,80.82
2009-11-19,78.84
2009-11-20,78.3
2009-11-23,79.33
2009-11-24,78.18
2009-11-25,80.23
2009-11-27,78.5
2009-11-30,79.84
2009-12-01,80.94
2009-12-02,79.45
2009-12-03,79.65
2009-12-04,78.72
2009-12-07,77.55
2009-12-08,76.14
2009-12-09,73.92
2009-12-10,73.68
2009-12-11,73.54
2009-12-14,73.46
2009-12-15,73.93
2009-12-16,75.32
2009-12-17,74.89
2009-12-18,75.23
2009-12-21,74.55
2009-12-22,75.74
2009-12-23,77.86
2009-12-24,79.32
2009-12-28,80.17
2009-12-29,80.31
2009-12-30,80.73
2009-12-31,80.63
2010-01-04,82.65
2010-01-05,82.99
2010-01-06,84.31
2010-01-07,83.75
2010-01-08,83.87
2010-01-11,83.55
2010-01-12,81.7
2010-01-13,80.6
2010-01-14,80.47
2010-01-15,78.97
2010-01-19,79.81
2010-01-20,78.23
2010-01-21,77.13
2010-01-22,75.46
2010-01-25,76.27
2010-01-26,75.73
2010-01-27,74.75
2010-01-28,74.64
2010-01-29,73.95
2010-02-01,75.52
2010-02-02,78.34
2010-02-03,78.05
2010-02-04,74.14
2010-02-05,71.95
2010-02-08,72.76
2010-02-09,74.71
2010-02-10,75.34
2010-02-11,76.23
2010-02-12,75.03
2010-02-16,77.92
2010-02-17,78.22
2010-02-18,79.85
2010-02-19,80.45
2010-02-22,80.72
2010-02-23,79.74
2010-02-24,80.78
2010-02-25,78.9
2010-02-26,80.37
2010-03-01,79.48
2010-03-02,80.44
2010-03-03,81.64
2010-03-04,81.1
2010-03-05,82.37
2010-03-08,82.78
2010-03-09,82.3
2010-03-10,82.79
2010-03-11,82.78
2010-03-12,81.88
2010-03-15,80.43
2010-03-16,82.31
2010-03-17,83.56
2010-03-18,82.94
2010-03-19,81.36
2010-03-22,81.97
2010-03-23,82.63
2010-03-24,81.44
2010-03-25,81.46
2010-03-26,80.96
2010-03-29,83.02
2010-03-30,83.17
2010-03-31,84.57
2010-04-01,85.78
2010-04-05,87.62
2010-04-06,87.65
2010-04-07,87.17
2010-04-08,86.75
2010-04-09,86.52
2010-04-12,86.41
2010-04-13,86.16
2010-04-14,87.71
2010-04-15,88.07
2010-04-16,86.22
2010-04-19,84.62
2010-04-20,85.25
2010-04-21,86.75
2010-04-22,86.85
2010-04-23,88.3
2010-04-26,87.95
2010-04-27,86.77
2010-04-28,87.29
2010-04-29,88.51
2010-04-30,89.68
2010-05-03,90.77
2010-05-04,87.26
2010-05-05,84.56
2010-05-06,81.8
2010-05-07,80.22
2010-05-10,82.17
2010-05-11,82.18
2010-05-12,82.55
2010-05-13,81.43
2010-05-14,77.67
2010-05-17,75.06
2010-05-18,74.39
2010-05-19,73.78
2010-05-20,71.96
2010-05-21,72.75
2010-05-24,72.59
2010-05-25,71.04
2010-05-26,73.36
2010-05-27,76.5
2010-05-28,76.12
2010-06-01,74.9
2010-06-02,75.76
2010-06-03,77.11
2010-06-04,73.77
2010-06-07,73.85
2010-06-08,73.98
2010-06-09,76.33
2010-06-10,77.6
2010-06-11,76.51
2010-06-14,77.16
2010-06-15,78.71
2010-06-16,79.6
2010-06-17,79.12
2010-06-18,79.18
2010-06-21,79.48
2010-06-22,78.66
2010-06-23,77.65
2010-06-24,77.66
2010-06-25,79.9
2010-06-28,79.48
2010-06-29,77.1
2010-06-30,76.6
2010-07-01,73.93
2010-07-02,73.06
2010-07-06,73.06
2010-07-07,75.19
2010-07-08,76.58
2010-07-09,77.07
2010-07-12,75.87
2010-07-13,77.98
2010-07-14,77.79
2010-07-15,77.38
2010-07-16,76.8
2010-07-19,77.29
2010-07-20,77.92
2010-07-21,77.56
2010-07-22,80.12
2010-07-23,79.83
2010-07-26,79.86
2010-07-27,78.41
2010-07-28,78.03
2010-07-29,79.43
2010-07-30,79.95
2010-08-02,82.3
2010-08-03,83.53
2010-08-04,83.46
2010-08-05,83
2010-08-06,81.77
2010-08-09,82.56
2010-08-10,81.31
2010-08-11,79.13
2010-08-12,76.73
2010-08-13,76.36
2010-08-16,76.25
2010-08-17,76.95
2010-08-18,76.51
2010-08-19,75.42
2010-08-20,74.46
2010-08-23,74.5
2010-08-24,73.22
2010-08-25,74.11
2010-08-26,75.19
2010-08-27,77.3
2010-08-30,77.17
2010-08-31,75.1
2010-09-01,76.86
2010-09-02,77.49
2010-09-03,77.29
2010-09-07,77.47
2010-09-08,77.91
2010-09-09,77.23
2010-09-10,78.26
2010-09-13,78.87
2010-09-14,78.83
2010-09-15,78.4
2010-09-16,77.19
2010-09-17,76.67
2010-09-20,77.8
2010-09-21,76.65
2010-09-22,77.63
2010-09-23,77.7
2010-09-24,78.62
2010-09-27,78.35
2010-09-28,78.4
2010-09-29,80.15
2010-09-30,81.81
2010-10-01,83.28
2010-10-04,82.88
2010-10-05,84.39
2010-10-06,84.77
2010-10-07,83.16
2010-10-08,84.04
2010-10-11,83.88
2010-10-12,83.32
2010-10-13,84.49
2010-10-14,84.04
2010-10-15,82.61
2010-10-18,84.49
2010-10-19,80.88
2010-10-20,83.26
2010-10-21,81.94
2010-10-22,83.06
2010-10-25,83.76
2010-10-26,83.74
2010-10-27,83.28
2010-10-28,83.57
2010-10-29,82.73
2010-11-01,84.24
2010-11-02,85.09
2010-11-03,85.89
2010-11-04,87.66
2010-11-05,87.97
2010-11-08,88.22
2010-11-09,87.85
2010-11-10,88.68
2010-11-11,88.69
2010-11-12,85.8
2010-11-15,85.84
2010-11-16,83.44
2010-11-17,81.71
2010-11-18,83.08
2010-11-19,82.58
2010-11-22,82.83
2010-11-23,82.35
2010-11-24,84.94
2010-11-26,84.87
2010-11-29,86.73
2010-11-30,85.08
2010-12-01,87.63
2010-12-02,88.75
2010-12-03,89.87
2010-12-06,89.98
2010-12-07,89.67
2010-12-08,89.29
2010-12-09,89.34
2010-12-10,88.79
2010-12-13,89.63
2010-12-14,89.43
2010-12-15,89.89
2010-12-16,89.18
2010-12-17,89.37
2010-12-20,90.16
2010-12-21,91.27
2010-12-22,91.81
2010-12-23,92.69
2010-12-27,92.36
2010-12-28,92.83
2010-12-29,92.53
2010-12-30,91.37
2010-12-31,92.91
2011-01-03,93.14
2011-01-04,91.32
2011-01-05,92.39
2011-01-06,90.9
2011-01-07,90.17
2011-01-10,91.67
2011-01-11,93.38
2011-01-12,93.74
2011-01-13,93.21
2011-01-14,93.56
2011-01-18,93.33
2011-01-19,92.98
2011-01-20,90.96
2011-01-21,92.04
2011-01-24,91.02
2011-01-25,89.43
2011-01-26,91.11
2011-01-27,90.45
2011-01-28,93.43
2011-01-31,95.82
2011-02-01,95.42
2011-02-02,95.78
2011-02-03,95.37
2011-02-04,94
2011-02-07,93.16
2011-02-08,93.12
2011-02-09,93.19
2011-02-10,92.92
2011-02-11,92.35
2011-02-14,92.26
2011-02-15,90.86
2011-02-16,90.96
2011-02-17,91.18
2011-02-18,92.31
2011-02-22,96.8
2011-02-23,100.64
2011-02-24,99.44
2011-02-25,100.08
2011-02-28,99.44
2011-03-01,102.17
2011-03-02,104.03
2011-03-03,103.77
2011-03-04,106.17
2011-03-07,107.28
2011-03-08,106.48
2011-03-09,106.3
2011-03-10,104.52
2011-03-11,102.95
2011-03-14,102.79
2011-03-15,98.58
2011-03-16,99.58
2011-03-17,103.06
2011-03-18,102.44
2011-03-21,103.72
2011-03-22,105.52
2011-03-23,106.58
2011-03-24,106.52
2011-03-25,106.38
2011-03-28,105.06
2011-03-29,105.79
2011-03-30,105.37
2011-03-31,107.71
2011-04-01,108.94
2011-04-04,109.53
2011-04-05,109.56
2011-04-06,110.05
2011-04-07,111.37
2011-04-08,113.86
2011-04-11,111.17
2011-04-12,107.64
2011-04-13,108.24
2011-04-14,109.19
2011-04-15,110.68
2011-04-18,108.15
2011-04-19,108.73
2011-04-20,112.17
2011-04-21,113.02
2011-04-25,113.01
2011-04-26,112.98
2011-04-27,113.57
2011-04-28,113.62
2011-04-29,114.71
2011-05-02,114.32
2011-05-03,111.85
2011-05-04,110
2011-05-05,100.64
2011-05-06,98.14
2011-05-09,103.47
2011-05-10,104.87
2011-05-11,99.12
2011-05-12,99.85
2011-05-13,100.48
2011-05-16,98.25
2011-05-17,97.84
2011-05-18,100.89
2011-05-19,99.32
2011-05-20,100.48
2011-05-23,98.53
2011-05-24,100.48
2011-05-25,102.24
2011-05-26,101.32
2011-05-27,101.63
2011-05-31,103.73
2011-06-01,101.33
2011-06-02,101.49
2011-06-03,101.3
2011-06-06,100.11
2011-06-07,100.23
2011-06-08,101.78
2011-06-09,102.91
2011-06-10,100.4
2011-06-13,98.36
2011-06-14,100.31
2011-06-15,95.71
2011-06-16,95.77
2011-06-17,93.84
2011-06-20,94.07
2011-06-21,94.6
2011-06-22,96.35
2011-06-23,92.04
2011-06-24,92.23
2011-06-27,91.7
2011-06-28,94.01
2011-06-29,95.84
2011-06-30,96.5
2011-07-01,96.06
2011-07-05,97.87
2011-07-06,97.57
2011-07-07,99.59
2011-07-08,97.19
2011-07-11,96.11
2011-07-12,98.27
2011-07-13,98.9
2011-07-14,96.55
2011-07-15,97.99
2011-07-18,96.65
2011-07-19,98.24
2011-07-20,98.78
2011-07-21,99.85
2011-07-22,100.58
2011-07-25,100.05
2011-07-26,100.46
2011-07-27,98.33
2011-07-28,98.35
2011-07-29,96.6
2011-08-01,95.8
2011-08-02,94.64
2011-08-03,92.78
2011-08-04,87.49
2011-08-05,87.8
2011-08-08,82.2
2011-08-09,80.14
2011-08-10,83.71
2011-08-11,86.43
2011-08-12,86.05
2011-08-15,88.47
2011-08-16,87.18
2011-08-17,88.05
2011-08-18,82.83
2011-08-19,82.77
2011-08-22,84.69
2011-08-23,86.11
2011-08-24,85.94
2011-08-25,86.02
2011-08-26,86.06
2011-08-29,87.87
2011-08-30,89.5
2011-08-31,89.57
2011-09-01,89.62
2011-09-02,87.13
2011-09-06,86.7
2011-09-07,89.86
2011-09-08,89.49
2011-09-09,87.68
2011-09-12,88.46
2011-09-13,90.39
2011-09-14,89.16
2011-09-15,89.81
2011-09-16,88.44
2011-09-19,86.03
2011-09-20,87.17
2011-09-21,86.46
2011-09-22,80.99
2011-09-23,80.4
2011-09-26,80.73
2011-09-27,84.94
2011-09-28,81.73
2011-09-29,82.55
2011-09-30,79.46
2011-10-03,78.04
2011-10-04,76.07
2011-10-05,79.96
2011-10-06,82.93
2011-10-07,83.25
2011-10-10,85.67
2011-10-11,86.16
2011-10-12,85.95
2011-10-13,84.63
2011-10-14,87.1
2011-10-17,86.8
2011-10-18,88.68
2011-10-19,86.43
2011-10-20,86.21
2011-10-21,87.57
2011-10-24,91.03
2011-10-25,92.67
2011-10-26,90.15
2011-10-27,93.68
2011-10-28,93.17
2011-10-31,92.99
2011-11-01,91.91
2011-11-02,92.19
2011-11-03,93.74
2011-11-04,94.13
2011-11-07,95.41
2011-11-08,96.64
2011-11-09,95.54
2011-11-10,97.56
2011-11-11,98.74
2011-11-14,98.15
2011-11-15,99.35
2011-11-16,102.48
2011-11-17,98.9
2011-11-18,97.63
2011-11-21,97.06
2011-11-22,98.36
2011-11-23,96.56
2011-11-25,97.03
2011-11-28,98.43
2011-11-29,99.95
2011-11-30,100.55
2011-12-01,100.45
2011-12-02,101.22
2011-12-05,101.27
2011-12-06,101.62
2011-12-07,100.86
2011-12-08,98.74
2011-12-09,99.75
2011-12-12,98.18
2011-12-13,100.48
2011-12-14,95.37
2011-12-15,94.31
2011-12-16,93.98
2011-12-19,94.25
2011-12-20,97.42
2011-12-21,99.02
2011-12-22,99.86
2011-12-23,99.98
2011-12-27,101.6
2011-12-28,99.7
2011-12-29,100.01
2011-12-30,99.21
2012-01-03,103.32
2012-01-04,103.6
2012-01-05,102.21
2012-01-06,102.04
2012-01-09,101.78
2012-01-10,102.64
2012-01-11,101.33
2012-01-12,99.56
2012-01-13,99.12
2012-01-17,101.14
2012-01-18,100.98
2012-01-19,100.8
2012-01-20,98.65
2012-01-23,100.18
2012-01-24,99.66
2012-01-25,100.08
2012-01-26,100.42
2012-01-27,100.3
2012-01-30,99.51
2012-01-31,99.27
2012-02-01,98.41
2012-02-02,97.17
2012-02-03,98.71
2012-02-06,98.06
2012-02-07,99.38
2012-02-08,99.72
2012-02-09,100.87
2012-02-10,99.63
2012-02-13,101.84
2012-02-14,101.6
2012-02-15,102.62
2012-02-16,103.18
2012-02-17,104.06
2012-02-21,106.75
2012-02-22,107.27
2012-02-23,108.68
2012-02-24,110.56
2012-02-27,109.48
2012-02-28,107.45
2012-02-29,107.95
2012-03-01,109.68
2012-03-02,107.64
2012-03-05,107.63
2012-03-06,105.75
2012-03-07,107.18
2012-03-08,107.56
2012-03-09,108.33
2012-03-12,107.34
2012-03-13,107.78
2012-03-14,106.48
2012-03-15,106.22
2012-03-16,108.07
2012-03-19,109
2012-03-20,106.59
2012-03-21,108.18
2012-03-22,106.29
2012-03-23,107.79
2012-03-26,108.02
2012-03-27,108.33
2012-03-28,106.45
2012-03-29,103.8
2012-03-30,104.03
2012-04-02,106.27
2012-04-03,105.08
2012-04-04,102.61
2012-04-05,104.35
2012-04-09,103.52
2012-04-10,102.11
2012-04-11,103.66
2012-04-12,104.57
2012-04-13,103.8
2012-04-16,103.81
2012-04-17,105.08
2012-04-18,103.58
2012-04-19,103.15
2012-04-20,104.29
2012-04-23,103.95
2012-04-24,104.33
2012-04-25,104.83
2012-04-26,105.27
2012-04-27,105.64
2012-04-30,105.55
2012-05-01,106.74
2012-05-02,105.83
2012-05-03,103.2
2012-05-04,99.16
2012-05-07,98.59
2012-05-08,97.65
2012-05-09,97.42
2012-05-10,97.65
2012-05-11,96.75
2012-05-14,95.39
2012-05-15,94.63
2012-05-16,93.48
2012-05-17,93.19
2012-05-18,92.08
2012-05-21,93.14
2012-05-22,92.15
2012-05-23,90.5
2012-05-24,91.22
2012-05-25,91.44
2012-05-29,91.42
2012-05-30,88.45
2012-05-31,87.17
2012-06-01,83.89
2012-06-04,84.56
2012-06-05,84.83
2012-06-06,85.64
2012-06-07,85.44
2012-06-08,84.69
2012-06-11,83.29
2012-06-12,83.89
2012-06-13,83.19
2012-06-14,84.5
2012-06-15,84.63
2012-06-18,83.93
2012-06-19,84.68
2012-06-20,81.84
2012-06-21,78.95
2012-06-22,80.51
2012-06-25,80.01
2012-06-26,80.18
2012-06-27,81.01
2012-06-28,78.53
2012-06-29,85.76
2012-07-02,84.54
2012-07-03,88.39
2012-07-05,87.94
2012-07-06,85.21
2012-07-09,86.74
2012-07-10,84.69
2012-07-11,86.56
2012-07-12,86.8
2012-07-13,87.85
2012-07-16,89.16
2012-07-17,89.87
2012-07-18,90.47
2012-07-19,93.23
2012-07-20,92.1
2012-07-23,88.73
2012-07-24,89.08
2012-07-25,89.57
2012-07-26,90
2012-07-27,90.79
2012-07-30,90.45
2012-07-31,88.72
2012-08-01,89.52
2012-08-02,87.77
2012-08-03,91.93
2012-08-06,92.76
2012-08-07,94.25
2012-08-08,93.97
2012-08-09,93.94
2012-08-10,93.43
2012-08-13,93.34
2012-08-14,94.07
2012-08-15,94.91
2012-08-16,96.17
2012-08-17,96.58
2012-08-20,96.56
2012-08-21,97.17
2012-08-22,97.89
2012-08-23,96.98
2012-08-24,96.79
2012-08-27,96.16
2012-08-28,96.96
2012-08-29,96.14
2012-08-30,95.31
2012-08-31,97.07
2012-09-04,95.98
2012-09-05,96.03
2012-09-06,96.16
2012-09-07,97.06
2012-09-10,97.21
2012-09-11,97.82
2012-09-12,97.66
2012-09-13,98.92
2012-09-14,99.63
2012-09-17,97.25
2012-09-18,95.92
2012-09-19,92.59
2012-09-20,92.74
2012-09-21,93.58
2012-09-24,92.62
2012-09-25,92.09
2012-09-26,90.77
2012-09-27,92.64
2012-09-28,93
2012-10-01,93.28
2012-10-02,92.71
2012-10-03,88.97
2012-10-04,92.48
2012-10-05,90.71
2012-10-08,90.18
2012-10-09,93.25
2012-10-10,92.11
2012-10-11,92.99
2012-10-12,92.76
2012-10-15,92.83
2012-10-16,93.04
2012-10-17,93.08
2012-10-18,93.02
2012-10-19,90.97
2012-10-22,89.18
2012-10-23,87.77
2012-10-24,86.84
2012-10-25,87.15
2012-10-26,87.34
2012-10-29,86.59
2012-10-30,86.73
2012-10-31,87.28
2012-11-01,88.1
2012-11-02,86
2012-11-05,86.73
2012-11-06,89.73
2012-11-07,85.51
2012-11-08,86.14
2012-11-09,87.16
2012-11-12,86.7
2012-11-13,86.48
2012-11-14,87.31
2012-11-15,86.44
2012-11-16,87.47
2012-11-19,90.33
2012-11-20,87.98
2012-11-21,88.61
2012-11-23,89.56
2012-11-26,89.02
2012-11-27,88.47
2012-11-28,87.8
2012-11-29,89.29
2012-11-30,90.13
2012-12-03,90.34
2012-12-04,89.72
2012-12-05,89.14
2012-12-06,87.51
2012-12-07,87.15
2012-12-10,86.73
2012-12-11,86.94
2012-12-12,87.89
2012-12-13,87.02
2012-12-14,87.82
2012-12-17,88.17
2012-12-18,88.92
2012-12-19,90.46
2012-12-20,91.23
2012-12-21,89.81
2012-12-24,89.74
2012-12-26,92.01
2012-12-27,91.91
2012-12-28,91.81
2012-12-31,92.73
2013-01-02,93.97
2013-01-03,93.76
2013-01-04,93.91
2013-01-07,94.02
2013-01-08,94.02
2013-01-09,93.99
2013-01-10,94.65
2013-01-11,94.35
2013-01-14,94.97
2013-01-15,94.09
2013-01-16,95.05
2013-01-17,96.31
2013-01-18,96.43
2013-01-22,97.07
2013-01-23,96.21
2013-01-24,96.9
2013-01-25,96.75
2013-01-28,97.26
2013-01-29,98.35
2013-01-30,98.77
2013-01-31,98.41
2013-02-01,98.66
2013-02-04,97.1
2013-02-05,97.54
2013-02-06,97.55
2013-02-07,96.88
2013-02-08,96.83
2013-02-11,98.11
2013-02-12,98.59
2013-02-13,98.14
2013-02-14,98.41
2013-02-15,96.92
2013-02-19,97.54
2013-02-20,95.65
2013-02-21,93.65
2013-02-22,93.96
2013-02-25,93.93
2013-02-26,93.43
2013-02-27,93.52
2013-02-28,92.84
2013-03-01,91.55
2013-03-04,90.99
2013-03-05,91.69
2013-03-06,91.3
2013-03-07,92.4
2013-03-08,92.79
2013-03-11,92.87
2013-03-12,93.2
2013-03-13,93.13
2013-03-14,93.62
2013-03-15,94.09
2013-03-18,94.36
2013-03-19,92.8
2013-03-20,93.77
2013-03-21,92.99
2013-03-22,94.1
2013-03-25,95.25
2013-03-26,96.75
2013-03-27,96.98
2013-03-28,97.64
2013-04-01,97.6
2013-04-02,97.71
2013-04-03,95
2013-04-04,93.79
2013-04-05,93.24
2013-04-08,93.91
2013-04-09,94.74
2013-04-10,95.22
2013-04-11,94.11
2013-04-12,91.88
2013-04-15,89.29
2013-04-16,89.29
2013-04-17,87.19
2013-04-18,88.2
2013-04-19,88.48
2013-04-22,89.45
2013-04-23,89.58
2013-04-24,91.76
2013-04-25,93.99
2013-04-26,93.29
2013-04-29,94.71
2013-04-30,93.67
2013-05-01,91.21
2013-05-02,94.15
2013-05-03,95.74
2013-05-06,96.38
2013-05-07,95.83
2013-05-08,96.77
2013-05-09,96.65
2013-05-10,96.28
2013-05-13,95.43
2013-05-14,94.55
2013-05-15,94.64
2013-05-16,95.56
2013-05-17,96.41
2013-05-20,97.04
2013-05-21,96.32
2013-05-22,94.37
2013-05-23,94.32
2013-05-24,94.28
2013-05-28,95.17
2013-05-29,93.38
2013-05-30,93.81
2013-05-31,92.3
2013-06-03,93.73
2013-06-04,93.65
2013-06-05,94.04
2013-06-06,95.03
2013-06-07,96.32
2013-06-10,96.07
2013-06-11,95.66
2013-06-12,96.13
2013-06-13,96.95
2013-06-14,98.11
2013-06-17,98.11
2013-06-18,98.72
2013-06-19,98.55
2013-06-20,95.15
2013-06-21,93.28
2013-06-24,94.56
2013-06-25,94.67
2013-06-26,94.88
2013-06-27,96.31
2013-06-28,95.81
2013-07-01,97.02
2013-07-02,98.38
2013-07-03,100.06
2013-07-05,101.8
2013-07-08,101.94
2013-07-09,102.19
2013-07-10,103.98
2013-07-11,103.01
2013-07-12,104.14
2013-07-15,104.49
2013-07-16,104.39
2013-07-17,105.05
2013-07-18,106.29
2013-07-19,106.12
2013-07-22,105.51
2013-07-23,104.19
2013-07-24,102.68
2013-07-25,103.16
2013-07-26,102.78
2013-07-29,102.72
2013-07-30,101.52
2013-07-31,102.94
2013-08-01,105.32
2013-08-02,104.76
2013-08-05,104.51
2013-08-06,103.47
2013-08-07,102.75
2013-08-08,101.75
2013-08-09,103.82
2013-08-12,104.34
2013-08-13,105.21
2013-08-14,105.41
2013-08-15,106.09
2013-08-16,106.49
2013-08-19,106.03
2013-08-20,104.57
2013-08-21,102.42
2013-08-22,103.26
2013-08-23,104.53
2013-08-26,104.16
2013-08-27,106.9
2013-08-28,107.84
2013-08-29,106.6
2013-08-30,105.71
2013-09-03,106.42
2013-09-04,105.39
2013-09-05,106.33
2013-09-06,107.95
2013-09-09,106.82
2013-09-10,104.92
2013-09-11,105.09
2013-09-12,106.14
2013-09-13,105.96
2013-09-16,104.82
2013-09-17,103.46
2013-09-18,105.88
2013-09-19,104.52
2013-09-20,103.71
2013-09-23,101.62
2013-09-24,101.51
2013-09-25,101.18
2013-09-26,101.74
2013-09-27,101.5
2013-09-30,101.15
2013-10-01,100.97
2013-10-02,102.77
2013-10-03,102.25
2013-10-04,102.82
2013-10-07,102.33
2013-10-08,102.8
2013-10-09,100.97
2013-10-10,102.49
2013-10-11,101.85
2013-10-14,102.23
2013-10-15,101.24
2013-10-16,102.33
2013-10-17,100.62
2013-10-18,100.99
2013-10-21,99.76
2013-10-22,98.47
2013-10-23,96.75
2013-10-24,96.97
2013-10-25,97.64
2013-10-28,98.64
2013-10-29,98.2
2013-10-30,97.03
2013-10-31,96.66
2013-11-01,95.05
2013-11-04,95.13
2013-11-05,93.9
2013-11-06,95.27
2013-11-07,94.66
2013-11-08,95.1
2013-11-11,95.62
2013-11-12,93.78
2013-11-13,94.75
2013-11-14,94.77
2013-11-15,94.83
2013-11-18,94.01
2013-11-19,94.15
2013-11-20,94.12
2013-11-21,95.77
2013-11-22,95.29
2013-11-25,94.57
2013-11-26,94.21
2013-11-27,92.88
2013-11-28,92.88
2013-11-29,93.24
2013-12-02,94.28
2013-12-03,96.31
2013-12-04,97.45
2013-12-05,97.64
2013-12-06,97.94
2013-12-09,97.58
2013-12-10,98.58
2013-12-11,97.72
2013-12-12,97.77
2013-12-13,96.91
2013-12-16,97.7
2013-12-17,97.36
2013-12-18,97.92
2013-12-19,98.94
2013-12-20,98.73
2013-12-23,98.43
2013-12-24,98.98
2013-12-26,99.21
2013-12-27,99.97
2013-12-30,99.24
2013-12-31,98.44
2014-01-02,95.55
2014-01-03,94.06
2014-01-06,93.52
2014-01-07,93.71
2014-01-08,92.47
2014-01-09,91.89
2014-01-10,92.92
2014-01-13,91.97
2014-01-14,92.66
2014-01-15,94.2
2014-01-16,93.92
2014-01-17,94.44
2014-01-20,94.44
2014-01-21,94.8
2014-01-22,95.82
2014-01-23,95.95
2014-01-24,95.56
2014-01-27,94.74
2014-01-28,96.28
2014-01-29,96.19
2014-01-30,96.85
2014-01-31,95.8
2014-02-03,94.9
2014-02-04,95.64
2014-02-05,96.02
2014-02-06,96.66
2014-02-07,98.62
2014-02-10,98.65
2014-02-11,98.7
2014-02-12,99.17
2014-02-13,99.31
2014-02-14,99.47
2014-02-17,99.47
2014-02-18,101.21
2014-02-19,101.81
2014-02-20,101.85
2014-02-21,100.48
2014-02-24,101.17
2014-02-25,100.24
2014-02-26,100.77
2014-02-27,100.63
2014-02-28,100.95
2014-03-03,103.16
2014-03-04,101.71
2014-03-05,99.99
2014-03-06,100.14
2014-03-07,101.07
2014-03-10,99.75
2014-03-11,98.85
2014-03-12,97.09
2014-03-13,97.36
2014-03-14,97.99
2014-03-17,96.95
2014-03-18,98.01
2014-03-19,98.15
2014-03-20,98.05
2014-03-21,97.75
2014-03-24,97.93
2014-03-25,97.68
2014-03-26,98.63
2014-03-27,99.61
2014-03-28,99.96
2014-03-31,99.9
2014-04-01,98.18
2014-04-02,98.04
2014-04-03,98.84
2014-04-04,99.62
2014-04-07,99.03
2014-04-08,100.96
2014-04-09,101.68
2014-04-10,101.39
2014-04-11,101.56
2014-04-14,102.3
2014-04-15,102.11
2014-04-16,102.2
2014-04-17,102.4
2014-04-21,102.74
2014-04-22,101.12
2014-04-23,100.09
2014-04-24,100.58
2014-04-25,99.27
2014-04-28,99.21
2014-04-29,99.71
2014-04-30,98.28
2014-05-01,97.91
2014-05-02,98.16
2014-05-05,97.82
2014-05-06,97.7
2014-05-07,99.02
2014-05-08,98.65
2014-05-09,98.43
2014-05-12,99.09
2014-05-13,100.16
2014-05-14,100.85
2014-05-15,100.38
2014-05-16,100.76
2014-05-19,101.19
2014-05-20,101.5
2014-05-21,102.08
2014-05-22,101.85
2014-05-23,102.35
2014-05-27,102.1
2014-05-28,101.02
2014-05-29,101.75
2014-05-30,101.03
2014-06-02,100.89
2014-06-03,101.07
2014-06-04,101.01
2014-06-05,100.95
2014-06-06,101.05
2014-06-09,102.6
2014-06-10,102.49
2014-06-11,102.69
2014-06-12,104.82
2014-06-13,105.07
2014-06-16,105.33
2014-06-17,105.02
2014-06-18,104.84
2014-06-19,105.3
2014-06-20,105.97
2014-06-23,104.38
2014-06-24,104.35
2014-06-25,104.73
2014-06-26,104.17
2014-06-27,104.14
2014-06-30,103.85
2014-07-01,103.86
2014-07-02,103.09
2014-07-03,102.74
2014-07-07,102.29
2014-07-08,102.01
2014-07-09,101.04
2014-07-10,101.7
2014-07-11,99.64
2014-07-14,99.93
2014-07-15,98.98
2014-07-16,99.9
2014-07-17,101.23
2014-07-18,100.94
2014-07-21,101.73
2014-07-22,101.23
2014-07-23,100.73
2014-07-24,99.86
2014-07-25,100.07
2014-07-28,99.43
2014-07-29,98.94
2014-07-30,98.24
2014-07-31,96.73
2014-08-01,96.31
2014-08-04,96.78
2014-08-05,96.14
2014-08-06,95.84
2014-08-07,96.32
2014-08-08,96.42
2014-08-11,96.73
2014-08-12,96.01
2014-08-13,96.28
2014-08-14,93.59
2014-08-15,94.74
2014-08-18,93.12
2014-08-19,92.34
2014-08-20,92.88
2014-08-21,93.04
2014-08-22,92.92
2014-08-25,92.68
2014-08-26,93.13
2014-08-27,93.06
2014-08-28,93.36
2014-08-29,94.37
2014-09-02,91.74
2014-09-03,94.16
2014-09-04,93.25
2014-09-05,92.4
2014-09-08,91.72
2014-09-09,91.45
2014-09-10,90.42
2014-09-11,91.36
2014-09-12,90.77
2014-09-15,91.37
2014-09-16,93.1
2014-09-17,92.5
2014-09-18,91.39
2014-09-19,91.14
2014-09-22,90.34
2014-09-23,90.56
2014-09-24,91.53
2014-09-25,91.3
2014-09-26,92.02
2014-09-29,92.78
2014-09-30,89.76
2014-10-03,87.87
2014-10-06,88.65
2014-10-07,87.44
2014-10-08,86.19
2014-10-09,84.69
2014-10-10,84.73
2014-10-13,84.53
2014-10-14,80.74
2014-10-15,80.36
2014-10-16,81.5
2014-10-17,81.62
2014-10-20,81.38
2014-10-21,81.96
2014-10-22,79.81
2014-10-23,81.46
2014-10-24,80.64
2014-10-27,80.48
2014-10-28,80.94
2014-10-29,81.81
2014-10-30,80.75
2014-10-31,80.36
2014-11-03,78.84
2014-11-04,77.19
2014-11-05,78.54
2014-11-06,77.81
2014-11-07,78.54
2014-11-10,77.36
2014-11-11,77.83
2014-11-12,77.12
2014-11-13,74.08
2014-11-14,75.79
2014-11-17,75.71
2014-11-18,74.73
2014-11-19,74.43
2014-11-20,75.85
2014-11-21,76.67
2014-11-24,75.97
2014-11-25,74.25
2014-11-26,73.82
2014-11-28,66.41
2014-12-01,69.21
2014-12-02,67.15
2014-12-03,67.56
2014-12-04,67.03
2014-12-05,66.08
2014-12-08,63.38
2014-12-09,64.15
2014-12-10,61.42
2014-12-11,60.52
2014-12-12,58.41
2014-12-15,56.64
2014-12-16,56.55
2014-12-17,57.13
2014-12-18,54.7
2014-12-19,57.48
2014-12-22,56.05
2014-12-23,57.87
2014-12-24,56.66
2014-12-26,55.59
2014-12-29,54.54
2014-12-30,55.05
2014-12-31,54.26
2015-01-02,53.69
2015-01-05,51.17
2015-01-06,49.16
2015-01-07,49.72
2015-01-08,49.98
2015-01-09,49.73
2015-01-12,47.53
2015-01-13,47.24
2015-01-14,49.62
2015-01-15,47.47
2015-01-16,49.84
2015-01-20,47.17
2015-01-21,49.22
2015-01-22,47.86
2015-01-23,47.31
2015-01-26,46.93
2015-01-27,47.95
2015-01-28,46.36
2015-01-29,46.44
2015-01-30,50.07
2015-02-02,51.55
2015-02-03,54.95
2015-02-04,50.58
2015-02-05,52.53
2015-02-06,53.66
2015-02-09,54.71
2015-02-10,52.16
2015-02-11,51.08
2015-02-12,53.5
2015-02-13,54.96
2015-02-17,55.52
2015-02-18,53.97
2015-02-19,53
2015-02-20,52.09
2015-02-23,52.56
2015-02-24,52.34
2015-02-25,54.31
2015-02-26,52.1
2015-02-27,53.84
2015-03-02,52.98
2015-03-03,54.07
2015-03-04,54.55
2015-03-05,53.99
2015-03-06,52.95
2015-03-09,52.95
2015-03-10,51.44
2015-03-11,51.59
2015-03-12,50.87
2015-03-13,48.84
2015-03-16,47.98
2015-03-17,47.06
2015-03-18,48.69
2015-03-19,47.4
2015-03-20,48.43
2015-03-23,50.59
2015-03-24,50.46
2015-03-25,52.01
2015-03-26,54.31
2015-03-27,51.87
2015-03-30,51.81
2015-03-31,50.78
2015-04-01,53.06
2015-04-02,51.79
2015-04-06,54.71
2015-04-07,56.09
2015-04-08,52.93
2015-04-09,53.66
2015-04-10,54.79
2015-04-13,54.99
2015-04-14,56.04
2015-04-15,58.73
2015-04-16,59.23
2015-04-17,58.47
2015-04-20,59.05
2015-04-21,57.88
2015-04-22,58.49
2015-04-23,60.13
2015-04-24,59.85
2015-04-27,59.52
2015-04-28,59.32
2015-04-29,60.52
2015-04-30,61.31
2015-05-01,61.06
2015-05-04,60.87
2015-05-05,62.11
2015-05-06,62.56
2015-05-07,60.41
2015-05-08,60.82
2015-05-11,60.83
2015-05-12,62.25
2015-05-13,61.99
2015-05-14,61.36
2015-05-15,61.01
2015-05-18,60.64
2015-05-19,58.47
2015-05-20,59.75
2015-05-21,61.39
2015-05-22,60.43
2015-05-26,58.75
2015-05-27,58.04
2015-05-28,58.2
2015-05-29,60.79
2015-06-01,60.62
2015-06-02,61.68
2015-06-03,60.14
2015-06-04,58.62
2015-06-05,59.89
2015-06-08,58.97
2015-06-09,60.98
2015-06-10,62.17
2015-06-11,61.6
2015-06-12,60.77
2015-06-15,60.39
2015-06-16,60.84
2015-06-17,60.72
2015-06-18,61.17
2015-06-19,60.29
2015-06-22,60.74
2015-06-23,61.62
2015-06-24,60.84
2015-06-25,60.24
2015-06-26,60.24
2015-06-29,58.96
2015-06-30,60.1
2015-07-01,57.7
2015-07-02,57.61
2015-07-06,53.13
2015-07-07,53.03
2015-07-08,52.45
2015-07-09,53.6
2015-07-10,53.61
2015-07-13,53.13
2015-07-14,53.88
2015-07-15,52.19
2015-07-16,51.62
2015-07-17,51.58
2015-07-20,50.87
2015-07-21,51.3
2015-07-22,50.34
2015-07-23,49.57
2015-07-24,49.25
2015-07-27,48.51
2015-07-28,49.03
2015-07-29,49.72
2015-07-30,49.53
2015-07-31,48.21
2015-08-03,46.19
2015-08-04,46.72
2015-08-05,46.18
2015-08-06,45.8
2015-08-07,45.11
2015-08-10,46.53
2015-08-11,44.83
2015-08-12,45.04
2015-08-13,44.18
2015-08-14,44.31
2015-08-17,43.56
2015-08-18,44.09
2015-08-19,42.18
2015-08-20,42.09
2015-08-21,41.91
2015-08-24,39.65
2015-08-25,40.64
2015-08-26,40.2
2015-08-27,44.28
2015-08-28,46.86
2015-08-31,50.77
2015-09-01,46.69
2015-09-02,47.52
2015-09-03,47.92
2015-09-04,47.23
2015-09-08,47.24
2015-09-09,45.48
2015-09-10,47.04
2015-09-11,45.8
2015-09-14,44.9
2015-09-15,45.53
2015-09-16,47.97
2015-09-17,47.66
2015-09-18,45.56
2015-09-21,47.43
2015-09-22,46.92
2015-09-23,45.82
2015-09-24,46.18
2015-09-25,46.8
2015-09-28,45.45
2015-09-29,46.2
2015-09-30,46.16
2015-10-01,45.82
2015-10-02,46.64
2015-10-05,47.47
2015-10-06,49.71
2015-10-07,49.13
2015-10-08,50.69
2015-10-09,50.82
2015-10-13,47.9
2015-10-14,47.96
2015-10-15,47.69
2015-10-16,48.5
2015-10-19,46.99
2015-10-20,47
2015-10-21,46.65
2015-10-22,46.86
2015-10-23,46.25
2015-10-26,45.7
2015-10-27,44.91
2015-10-28,47.6
2015-10-29,47.64
2015-10-30,48.26
2015-11-02,47.87
2015-11-03,49.62
2015-11-04,47.99
2015-11-05,47.09
2015-11-06,46.33
2015-11-09,46.05
2015-11-10,46.36
2015-11-12,44
2015-11-13,43.02
2015-11-16,43.77
2015-11-17,42.74
2015-11-18,43.09
2015-11-19,42.89
2015-11-20,43.19
2015-11-23,44.29
2015-11-24,45.47
2015-11-25,45.46
2015-11-27,44.1
2015-11-30,43.93
2015-12-01,44.08
2015-12-02,42.49
2015-12-03,43.6
2015-12-04,42.54
2015-12-07,40.54
2015-12-08,40.21
2015-12-09,39.95
2015-12-10,39.78
2015-12-11,38.57
2015-12-14,38.75
2015-12-15,39.56
2015-12-16,37.9
2015-12-17,37.46
2015-12-18,37.21
2015-12-21,36.87
2015-12-22,37.83
2015-12-23,39.15
2015-12-24,39.93
2015-12-28,38.66
2015-12-29,39.69
2015-12-30,38.51
2015-12-31,39.13
2016-01-04,38.93
2016-01-05,38.23
2016-01-06,36.31
2016-01-07,35.64
2016-01-08,35.48
2016-01-11,33.69
2016-01-12,32.64
2016-01-13,32.35
2016-01-14,33.12
2016-01-15,31.38
2016-01-19,30.67
2016-01-20,29.69
2016-01-21,31.93
2016-01-22,34.67
2016-01-25,33.11
2016-01-26,34.22
2016-01-27,35.07
2016-01-28,36.03
2016-01-29,36.78
2016-02-01,34.93
2016-02-02,33.24
2016-02-03,35.39
2016-02-04,34.95
2016-02-05,34.47
2016-02-08,33.43
2016-02-09,31.41
2016-02-10,31.52
2016-02-11,30.76
2016-02-12,33.85
2016-02-16,32.64
2016-02-17,34.69
2016-02-18,34.55
2016-02-19,33.39
2016-02-22,35.04
2016-02-23,34.86
2016-02-24,35.44
2016-02-25,36.12
2016-02-26,35.83
2016-02-29,36.87
2016-03-01,37.3
2016-03-02,37.39
2016-03-03,37.51
2016-03-04,38.98
2016-03-07,41.03
2016-03-08,39.58
2016-03-09,41.09
2016-03-10,40.32
2016-03-11,40.98
2016-03-14,39.8
2016-03-15,39.04
2016-03-16,40.8
2016-03-17,42.39
2016-03-18,42.05
2016-03-21,42.42
2016-03-22,43.13
2016-03-23,41.63
2016-03-24,41.41
2016-03-28,41.29
2016-03-29,40.33
2016-03-30,40.55
2016-03-31,40.69
2016-04-01,39.17
2016-04-04,37.97
2016-04-05,37.99
2016-04-06,39.87
2016-04-07,39.36
2016-04-08,41.86
2016-04-11,42.66
2016-04-12,44.35
2016-04-13,43.84
2016-04-14,43.45
2016-04-15,42.54
2016-04-18,42.06
2016-04-19,43.32
2016-04-20,45.02
2016-04-21,44.44
2016-04-22,45.01
2016-04-25,44.15
2016-04-26,45.4
2016-04-27,46.7
2016-04-28,47.35
2016-04-29,47.14
2016-05-02,45.91
2016-05-03,44.9
2016-05-04,44.86
2016-05-05,45.3
2016-05-06,45.74
2016-05-09,44.45
2016-05-10,45.83
2016-05-11,47.48
2016-05-12,47.9
2016-05-13,47.39
2016-05-16,48.85
2016-05-17,49.42
2016-05-18,49.22
2016-05-19,49.08
2016-05-20,48.87
2016-05-23,48.95
2016-05-24,49.41
2016-05-25,50.31
2016-05-26,50.23
2016-05-27,50.13
2016-05-31,49.93
2016-06-01,49.91
2016-06-03,49.54
2016-06-06,50.59
2016-06-07,51.39
2016-06-08,52.31
2016-06-09,51.73
2016-06-10,50.24
2016-06-13,50.04
2016-06-14,49.56
2016-06-15,48.95
2016-06-16,47.25
2016-06-17,49.09
2016-06-20,50.5
2016-06-21,50.45
2016-06-22,50.28
2016-06-23,51.25
2016-06-24,48.82
2016-06-27,47.55
2016-06-28,49.17
2016-06-29,51.15
2016-06-30,49.59
2016-07-01,50.25
2016-07-05,47.91
2016-07-06,48.75
2016-07-07,46.46
2016-07-08,46.75
2016-07-11,46.22
2016-07-12,48.24
2016-07-13,46.07
2016-07-14,47.06
2016-07-15,47.23
2016-07-18,46.54
2016-07-19,46.14
2016-07-20,46.45
2016-07-21,46.18
2016-07-22,45.59
2016-07-25,44.61
2016-07-26,44.42
2016-07-27,43.32
2016-07-28,42.59
2016-07-29,43.09
2016-08-01,41.62
2016-08-02,41.12
2016-08-03,42.35
2016-08-04,43.47
2016-08-05,43.38
2016-08-08,44.51
2016-08-09,44.25
2016-08-10,43.25
2016-08-11,44.99
2016-08-12,45.89
2016-08-15,47.1
2016-08-16,47.92
2016-08-17,48.27
2016-08-18,49.56
2016-08-19,49.73
2016-08-22,48.03
2016-08-23,49.39
2016-08-24,48.16
2016-08-25,48.69
2016-08-26,48.98
2016-08-29,48.29
2016-08-30,47.62
2016-08-31,45.91
2016-09-01,44.34
2016-09-02,45.64
2016-09-06,46.1
2016-09-07,46.81
2016-09-08,48.91
2016-09-09,47.07
2016-09-12,47.44
2016-09-13,46.12
2016-09-14,44.78
2016-09-15,45.23
2016-09-16,44.36
2016-09-19,44.56
2016-09-20,44.7
2016-09-21,46.48
2016-09-22,47.48
2016-09-23,45.69
2016-09-26,47.08
2016-09-27,45.82
2016-09-28,48.22
2016-09-29,48.97
2016-09-30,49.4
2016-10-03,50.01
2016-10-04,49.94
2016-10-05,50.98
2016-10-06,51.57
2016-10-07,51
2016-10-11,51.75
2016-10-12,51.17
2016-10-13,51.38
2016-10-14,51.26
2016-10-17,50.91
2016-10-18,51.14
2016-10-19,52.28
2016-10-20,51.14
2016-10-21,52
2016-10-24,51.77
2016-10-25,51.21
2016-10-26,50.45
2016-10-27,50.94
2016-10-28,49.93
2016-10-31,48.05
2016-11-01,47.8
2016-11-02,46.53
2016-11-03,45.89
2016-11-04,45.28
2016-11-07,46.1
2016-11-08,46.3
2016-11-09,46.67
2016-11-10,46.12
2016-11-14,44.65
2016-11-15,47.06
2016-11-16,46.77
2016-11-17,46.71
2016-11-18,47.11
2016-11-21,49.03
2016-11-22,49.78
2016-11-23,49.72
2016-11-28,48.86
2016-11-29,47
2016-11-30,51.21
2016-12-01,52.81
2016-12-02,53.52
2016-12-05,53.76
2016-12-06,52.91
2016-12-07,51.97
2016-12-08,52.82
2016-12-09,53.3
2016-12-12,54.59
2016-12-13,54.81
2016-12-14,53.05
2016-12-15,52.91
2016-12-16,53.87
2016-12-19,53.9
2016-12-20,54.19
2016-12-21,54.1
2016-12-22,54.61
2016-12-23,54.65
2016-12-27,55.51
2016-12-28,55.67
2016-12-29,55.49
2016-12-30,55.43
2017-01-03,54.12
2017-01-04,55.05
2017-01-05,55.49
2017-01-06,55.68
2017-01-09,53.72
2017-01-10,52.53
2017-01-11,53.87
2017-01-12,54.65
2017-01-13,53.95
2017-01-17,54.03
2017-01-18,52.66
2017-01-19,52.84
2017-01-20,53.96
2017-01-23,54.17
2017-01-24,54.46
2017-01-25,53.95
2017-01-26,54.9
2017-01-27,54.25
2017-01-30,53.78
2017-01-31,53.94
2017-02-01,54.99
2017-02-02,54.67
2017-02-03,54.99
2017-02-06,54.16
2017-02-07,53.3
2017-02-08,53.37
2017-02-09,53.88
2017-02-10,54.78
2017-02-13,53.86
2017-02-14,54.12
2017-02-15,53.99
2017-02-16,54.07
2017-02-17,54.12
2017-02-21,54.61
2017-02-22,54.17
2017-02-23,54.96
2017-02-24,54.56
2017-02-27,54.69
2017-02-28,54.75
2017-03-01,54.61
2017-03-02,53.41
2017-03-03,54.12
2017-03-06,54.11
2017-03-07,54.02
2017-03-08,51.24
2017-03-09,50.25
2017-03-10,49.45
2017-03-13,49.37
2017-03-14,48.83
2017-03-15,49.78
2017-03-16,49.63
2017-03-17,49.73
2017-03-20,49.44
2017-03-21,48.82
2017-03-22,48.96
2017-03-23,48.63
2017-03-24,48.87
2017-03-27,48.69
2017-03-28,49.27
2017-03-29,50.35
2017-03-30,51.1
2017-03-31,51.42
2017-04-03,51.08
2017-04-04,51.88
2017-04-05,51.95
2017-04-06,52.47
2017-04-07,52.95
2017-04-10,53.8
2017-04-11,54.11
2017-04-12,53.85
2017-04-13,53.93
2017-04-17,53.47
2017-04-18,53.2
2017-04-19,51.2
2017-04-20,51.07
2017-04-21,50.28
2017-04-24,49.89
2017-04-25,50.17
2017-04-26,50.21
2017-04-27,49.56
2017-04-28,49.85
2017-05-01,49.4
2017-05-02,48.24
2017-05-03,48.45
2017-05-04,46.19
2017-05-05,46.91
2017-05-08,47.19
2017-05-09,46.62
2017-05-10,48.02
2017-05-11,48.51
2017-05-12,48.44
2017-05-15,49.4
2017-05-16,49.29
2017-05-17,49.7
2017-05-18,49.91
2017-05-19,50.92
2017-05-22,51.4
2017-05-23,51.92
2017-05-24,51.76
2017-05-25,49.33
2017-05-26,50.23
2017-05-30,50.1
2017-05-31,48.74
2017-06-01,48.79
2017-06-02,48.05
2017-06-05,47.75
2017-06-06,48.49
2017-06-07,46.22
2017-06-08,46.13
2017-06-09,46.32
2017-06-12,46.56
2017-06-13,46.89
2017-06-14,45.14
2017-06-15,44.91
2017-06-16,45.2
2017-06-19,44.69
2017-06-20,43.77
2017-06-21,42.96
2017-06-22,43.19
2017-06-23,43.51
2017-06-26,43.84
2017-06-27,44.73
2017-06-28,45.23
2017-06-29,45.44
2017-06-30,46.51
2017-07-03,47.49
2017-07-05,45.55
2017-07-06,45.89
2017-07-07,44.56
2017-07-10,44.79
2017-07-11,45.4
2017-07-12,45.81
2017-07-13,46.4
2017-07-14,46.92
2017-07-17,46.41
2017-07-18,46.76
2017-07-19,47.5
2017-07-20,47.1
2017-07-21,46.19
2017-07-24,46.72
2017-07-25,48.19
2017-07-26,48.99
2017-07-27,49.32
2017-07-28,49.93
2017-07-31,50.37
2017-08-01,49.43
2017-08-02,49.87
2017-08-03,49.34
2017-08-04,49.88
2017-08-07,49.75
2017-08-08,49.52
2017-08-09,49.87
2017-08-10,48.88
2017-08-11,49.11
2017-08-14,47.88
2017-08-15,47.84
2017-08-16,47.1
2017-08-17,47.4
2017-08-18,48.82
2017-08-21,47.68
2017-08-22,48.02
2017-08-23,48.8
2017-08-24,47.92
2017-08-25,48.34
2017-08-28,47.27
2017-08-29,47.45
2017-08-30,46.94
2017-08-31,48.56
2017-09-01,48.54
2017-09-05,49.53
2017-09-06,50
2017-09-07,49.91
2017-09-08,48.56
2017-09-11,49.07
2017-09-12,49.17
2017-09-13,50.1
2017-09-14,50.66
2017-09-15,50.81
2017-09-18,50.66
2017-09-19,50.24
2017-09-20,51.04
2017-09-21,51.21
2017-09-22,51.31
2017-09-25,52.74
2017-09-26,52.42
2017-09-27,52.63
2017-09-28,52.09
2017-09-29,52.14
2017-10-02,51.14
2017-10-03,50.99
2017-10-04,50.6
2017-10-05,51.44
2017-10-06,49.92
2017-10-10,51.43
2017-10-11,51.8
2017-10-12,51.15
2017-10-13,51.94
2017-10-16,52.34
2017-10-17,52.28
2017-10-18,52.45
2017-10-19,51.73
2017-10-20,52.04
2017-10-23,52.19
2017-10-24,52.79
2017-10-25,52.59
2017-10-26,53
2017-10-27,54.18
2017-10-30,54.48
2017-10-31,54.69
2017-11-01,54.62
2017-11-02,54.89
2017-11-03,55.98
2017-11-06,57.7
2017-11-07,57.59
2017-11-08,57.22
2017-11-09,57.56
2017-11-13,57.13
2017-11-14,56.03
2017-11-15,55.66
2017-11-16,55.49
2017-11-17,56.81
2017-11-20,56.53
2017-11-21,56.96
2017-11-22,57.94
2017-11-27,58.08
2017-11-28,58
2017-11-29,57.31
2017-11-30,57.4
2017-12-01,58.31
2017-12-04,57.42
2017-12-05,57.65
2017-12-06,56.05
2017-12-07,56.76
2017-12-08,57.46
2017-12-11,58.04
2017-12-12,57.13
2017-12-13,56.5
2017-12-14,57.01
2017-12-15,57.24
2017-12-18,57.23
2017-12-19,57.58
2017-12-20,58.11
2017-12-21,58.39
2017-12-22,58.54
2017-12-26,59.98
2017-12-27,59.68
2017-12-28,59.84
2017-12-29,60.4
2018-01-01,60.4
2018-01-02,60.33
2018-01-03,61.41
2018-01-04,61.73
2018-01-05,61.3
2018-01-08,61.62
2018-01-09,62.7
2018-01-10,63.21
2018-01-11,63.46
2018-01-12,64.03
2018-01-15,64.03
2018-01-16,63.49
2018-01-17,63.74
2018-01-18,63.71
2018-01-19,63.16
2018-01-22,63.43
2018-01-23,64.09
2018-01-24,65.03
2018-01-25,65.1
2018-01-26,65.67
2018-01-29,65.1
2018-01-30,64.11
2018-01-31,64.31
2018-02-01,65.21
2018-02-02,64.61
2018-02-05,63.41
2018-02-06,62.7
2018-02-07,61.19
2018-02-08,60.62
2018-02-09,58.67
2018-02-12,58.73
2018-02-13,58.75
2018-02-14,60.27
2018-02-15,60.78
2018-02-16,61.2
2018-02-19,61.2
2018-02-20,61.56
2018-02-21,61.2
2018-02-22,62.25
2018-02-23,63.1
2018-02-26,63.45
2018-02-27,62.63
2018-02-28,61.14
2018-03-01,60.44
2018-03-02,60.78
2018-03-05,62.05
2018-03-06,62.16
2018-03-07,60.75
2018-03-08,59.91
2018-03-09,61.69
2018-03-12,61.16
2018-03-13,60.65
2018-03-14,60.91
2018-03-15,61.13
2018-03-16,62.25
2018-03-19,61.96
2018-03-20,63.31
2018-03-21,64.54
2018-03-22,63.83
2018-03-23,65.29
2018-03-26,65.03
2018-03-27,64.86
2018-03-28,64.06
2018-03-29,64.54
2018-03-30,64.54
2018-04-02,62.72
2018-04-03,63.21
2018-04-04,63.1
2018-04-05,63.34
2018-04-06,61.96
2018-04-09,63.26
2018-04-10,65.17
2018-04-11,66.44
2018-04-12,66.58
2018-04-13,67
2018-04-16,65.94
2018-04-17,66.24
2018-04-18,68.15
2018-04-19,68.08
2018-04-20,68.18
2018-04-23,68.02
2018-04-24,67.17
2018-04-25,67.53
2018-04-26,67.74
2018-04-27,67.63
2018-04-30,68.17
2018-05-01,66.82
2018-05-02,67.35
2018-05-03,67.8
2018-05-04,69.16
2018-05-07,70.26
2018-05-08,68.66
2018-05-09,70.75
2018-05-10,71.07
2018-05-11,70.47
2018-05-14,70.81
2018-05-15,71.15
2018-05-16,71.35
2018-05-17,71.33
2018-05-18,71.11
2018-05-21,72.08
2018-05-22,72.02
2018-05-23,71.32
2018-05-24,70.19
2018-05-25,67.45
2018-05-28,67.45
2018-05-29,66.27
2018-05-30,67.66
2018-05-31,66.54
2018-06-01,65.53
2018-06-04,64.48
2018-06-05,65.23
2018-06-06,64.52
2018-06-07,65.63
2018-06-08,65.4
2018-06-11,65.74
2018-06-12,65.98
2018-06-13,66.22
2018-06-14,66.27
2018-06-15,64.4
2018-06-18,65.28
2018-06-19,64.56
2018-06-20,65.24
2018-06-21,64.19
2018-06-22,66.79
2018-06-25,66.18
2018-06-26,68.16
2018-06-27,69.96
2018-06-28,70.34
2018-06-29,70.92
2018-07-02,69.3
2018-07-03,68.84
2018-07-04,68.84
2018-07-05,68.46
2018-07-06,69.14
2018-07-09,69.85
2018-07-10,70.62
2018-07-11,67.1
2018-07-12,68.07
2018-07-13,68.55
2018-07-16,65.66
2018-07-17,65.84
2018-07-18,66.38
2018-07-19,66.53
2018-07-20,66.64
2018-07-23,66.43
2018-07-24,66.77
2018-07-25,67.59
2018-07-26,68
2018-07-27,67.36
2018-07-30,68.51
2018-07-31,67.27
2018-08-01,66.11
2018-08-02,67.18
2018-08-03,66.93
2018-08-06,67.48
2018-08-07,67.96
2018-08-08,65.87
2018-08-09,65.78
2018-08-10,66.54
2018-08-13,66.21
2018-08-14,66
2018-08-15,64.24
2018-08-16,64.66
2018-08-17,64.94
2018-08-20,65.1
2018-08-21,65.49
2018-08-22,67.2
2018-08-23,67.24
2018-08-24,68.05
2018-08-27,68.25
2018-08-28,67.93
2018-08-29,68.87
2018-08-30,69.46
2018-08-31,69.05
2018-09-03,69.05
2018-09-04,69.29
2018-09-05,68.17
2018-09-06,67.3
2018-09-07,67.39
2018-09-10,67.31
2018-09-11,68.89
2018-09-12,70.04
2018-09-13,68.35
2018-09-14,68.67
2018-09-17,68.59
2018-09-18,69.45
2018-09-19,70.52
2018-09-20,70.06
2018-09-21,70.06
2018-09-24,71.51
2018-09-25,71.91
2018-09-26,71.25
2018-09-27,71.82
2018-09-28,72.89
2018-10-01,75
2018-10-02,74.9
2018-10-03,76.1
2018-10-04,74.13
2018-10-05,74.15
2018-10-08,74.03
2018-10-09,74.65
2018-10-10,72.91
2018-10-11,70.69
2018-10-12,71.08
2018-10-15,71.53
2018-10-16,71.7
2018-10-17,69.72
2018-10-18,68.75
2018-10-19,69.35
2018-10-22,69.49
2018-10-23,66.76
2018-10-24,67.06
2018-10-25,67.51
2018-10-26,67.84
2018-10-29,67.34
2018-10-30,66.42
2018-10-31,65.58
2018-11-01,63.92
2018-11-02,63.41
2018-11-05,63.31
2018-11-06,62.46
2018-11-07,62
2018-11-08,61.07
2018-11-09,60.56
2018-11-12,60.28
2018-11-13,56.05
2018-11-14,56.67
2018-11-15,56.9
2018-11-16,56.88
2018-11-19,57.32
2018-11-20,53.71
2018-11-21,54.97
2018-11-22,54.97
2018-11-23,50.76
2018-11-26,51.95
2018-11-27,51.89
2018-11-28,50.67
2018-11-29,51.78
2018-11-30,51.23
2018-12-03,53.33
2018-12-04,53.67
2018-12-05,53.36
2018-12-06,51.95
2018-12-07,53.05
2018-12-10,51.4
2018-12-11,52.01
2018-12-12,51.59
2018-12-13,53.07
2018-12-14,51.76
2018-12-17,50.55
2018-12-18,46.94
2018-12-19,48.49
2018-12-20,46.52
2018-12-21,46.23
2018-12-24,43.16
2018-12-25,43.16
2018-12-26,46.88
2018-12-27,45.23
2018-12-28,45.9
2018-12-31,46.08
2019-01-01,46.08
2019-01-02,47.24
2019-01-03,47.77
2019-01-04,48.65
2019-01-07,49.17
2019-01-08,50.49
2019-01-09,53.07
2019-01-10,53.28
2019-01-11,52.27
2019-01-14,51.14
2019-01-15,52.7
2019-01-16,52.93
2019-01-17,52.69
2019-01-18,54.3
2019-01-21,54.3
2019-01-22,53.3
2019-01-23,53.32
2019-01-24,53.78
2019-01-25,54.31
2019-01-28,52.64
2019-01-29,53.93
2019-01-30,54.72
2019-01-31,54.31
2019-02-01,55.88
2019-02-04,55.29
2019-02-05,54.44
2019-02-06,54.8
2019-02-07,53.45
2019-02-08,53.55
2019-02-11,53.28
2019-02-12,54
2019-02-13,54.88
2019-02-14,55.35
2019-02-15,56.54
2019-02-18,56.54
2019-02-19,56.95
2019-02-20,57.64
2019-02-21,57.98
2019-02-22,58.25
2019-02-25,56.42
2019-02-26,56.51
2019-02-27,57.87
2019-02-28,58.06
2019-03-01,56.65
2019-03-04,57.42
2019-03-05,57.4
2019-03-06,57.1
2019-03-07,57.48
2019-03-08,56.87
2019-03-11,57.54
2019-03-12,57.62
2019-03-13,58.94
2019-03-14,59.21
2019-03-15,59.12
2019-03-18,59.65
2019-03-19,59.58
2019-03-20,60.48
2019-03-21,60.43
2019-03-22,59.53
2019-03-25,59.33
2019-03-26,60.23
2019-03-27,59.77
2019-03-28,59.63
2019-03-29,60.4
2019-04-01,61.8
2019-04-02,62.6
2019-04-03,62.55
2019-04-04,62.26
2019-04-05,63.18
2019-04-08,64.22
2019-04-09,63.91
2019-04-10,64.67
2019-04-11,63.73
2019-04-12,64.1
2019-04-15,63.67
2019-04-16,64.26
2019-04-17,63.94
2019-04-18,64.12
2019-04-19,64.12
2019-04-22,65.51
2019-04-23,66.06
2019-04-24,65.77
2019-04-25,65.23
2019-04-26,63.36
2019-04-29,63.54
2019-04-30,63.97
2019-05-01,63.71
2019-05-02,61.94
2019-05-03,62.07
2019-05-06,62.42
2019-05-07,61.54
2019-05-08,62.25
2019-05-09,61.86
2019-05-10,61.86
2019-05-13,61.3
2019-05-14,62.08
2019-05-15,62.39
2019-05-16,63.17
2019-05-17,62.99
2019-05-20,63.26
2019-05-21,63.21
2019-05-22,61.48
2019-05-23,57.99
2019-05-24,58.73
2019-05-27,58.73
2019-05-28,59.45
2019-05-29,58.99
2019-05-30,56.81
2019-05-31,53.73
2019-06-03,53.45
2019-06-04,53.71
2019-06-05,51.91
2019-06-06,52.83
2019-06-07,54.27
2019-06-10,53.62
2019-06-11,53.68
2019-06-12,51.54
2019-06-13,52.72
2019-06-14,52.95
2019-06-17,52.31
2019-06-18,54.19
2019-06-19,54.03
2019-06-20,57.13
2019-06-21,57.42
2019-06-24,57.82
2019-06-25,57.8
2019-06-26,59.31
2019-06-27,59.38
2019-06-28,58.4
2019-07-01,59.01
2019-07-02,56.28
2019-07-03,57.43
2019-07-04,57.43
2019-07-05,57.56
2019-07-08,57.73
2019-07-09,57.91
2019-07-10,60.46
2019-07-11,60.23
2019-07-12,60.27
2019-07-15,59.64
2019-07-16,57.71
2019-07-17,56.95
2019-07-18,55.44
2019-07-19,55.82
2019-07-22,56.29
2019-07-23,56.89
2019-07-24,56.07
2019-07-25,56.26
2019-07-26,56.42
2019-07-29,57.01
2019-07-30,58.11
2019-07-31,58.61
2019-08-01,54.03
2019-08-02,55.66
2019-08-05,54.45
2019-08-06,53.53
2019-08-07,50.95
2019-08-08,52.29
2019-08-09,54.09
2019-08-12,54.54
2019-08-13,56.87
2019-08-14,54.99
2019-08-15,54.09
2019-08-16,54.42
2019-08-19,55.71
2019-08-20,55.8
2019-08-21,55.18
2019-08-22,54.87
2019-08-23,53.74
2019-08-26,53.24
2019-08-27,54.46
2019-08-28,55.26
2019-08-29,56.05
2019-08-30,54.56
2019-09-02,54.56
2019-09-03,53.48
2019-09-04,55.8
2019-09-05,55.88
2019-09-06,56.17
2019-09-09,57.43
2019-09-10,57
2019-09-11,55.44
2019-09-12,54.86
2019-09-13,54.59
2019-09-16,62.02
2019-09-17,58.57
2019-09-18,57.62
2019-09-19,57.91
2019-09-20,57.84
2019-09-23,57.96
2019-09-24,56.63
2019-09-25,55.93
2019-09-26,55.9
2019-09-27,55.43
2019-09-30,53.7
2019-10-01,53.24
2019-10-02,52.25
2019-10-03,52.16
2019-10-04,52.56
2019-10-07,52.57
2019-10-08,52.49
2019-10-09,52.48
2019-10-10,53.41
2019-10-11,54.72
2019-10-14,53.66
2019-10-15,52.91
2019-10-16,53.47
2019-10-17,54.01
2019-10-18,53.82
2019-10-21,53.54
2019-10-22,54.5
2019-10-23,55.82
2019-10-24,56.13
2019-10-25,56.59
2019-10-28,55.83
2019-10-29,55.64
2019-10-30,54.94
2019-10-31,54.16
2019-11-01,56.15
2019-11-04,56.47
2019-11-05,57.15
2019-11-06,56.2
2019-11-07,56.93
2019-11-08,57.1
2019-11-11,56.77
2019-11-12,56.74
2019-11-13,57.09
2019-11-14,56.77
2019-11-15,57.69
2019-11-18,57
2019-11-19,55.26
2019-11-20,56.88
2019-11-21,58.02
2019-11-22,57.35
2019-11-25,57.63
2019-11-26,58.06
2019-11-27,57.85
2019-11-28,57.85
2019-12-02,55.74
2019-12-03,55.82
2019-12-04,58.04
2019-12-05,58.06
2019-12-06,58.78
2019-12-09,58.64
2019-12-10,58.88
2019-12-11,58.36
2019-12-12,58.76
2019-12-13,59.67
2019-12-16,59.85
2019-12-17,60.53
2019-12-18,60.56
2019-12-19,60.88
2019-12-20,59.95
2019-12-23,60.07
2019-12-24,60.65
2019-12-25,60.65
2019-12-26,61.16
2019-12-27,61.21
2019-12-30,61.1
2019-12-31,60.41
2020-01-02,60.64
2020-01-03,62.48
2020-01-06,62.69
2020-01-07,62.21
2020-01-08,59.23
2020-01-09,59.25
2020-01-10,58.85
2020-01-13,57.99
2020-01-14,58.19
2020-01-15,57.77
2020-01-16,58.43
2020-01-17,58.51
2020-01-21,58.34
2020-01-22,56.66
2020-01-23,55.54
2020-01-24,54.12
2020-01-27,53.13
2020-01-28,53.48
2020-01-29,53.42
2020-01-30,52.27
2020-01-31,51.77
2020-02-03,50.45
2020-02-04,50.01
2020-02-05,51.13
2020-02-06,51.37
2020-02-07,50.82
2020-02-10,50.03
2020-02-11,50.45
2020-02-12,51.68
2020-02-13,51.93
2020-02-14,52.6
2020-02-18,52.58
2020-02-19,53.74
2020-02-20,54.06
2020-02-21,53.54
2020-02-24,51.67
2020-02-25,50.13
2020-02-26,48.96
2020-02-27,47.44
2020-02-28,45.1
2020-03-02,47.05
2020-03-03,47.45
2020-03-04,47.11
2020-03-05,46.21
2020-03-06,41.77
2020-03-09,31.94
2020-03-10,35.14
2020-03-11,33.86
2020-03-12,32.51
2020-03-13,32.59
2020-03-16,29.55
2020-03-17,28.05
2020-03-18,21.93
2020-03-19,26.79
2020-03-20,24.36
2020-03-23,27.23
2020-03-24,28.05
2020-03-25,29.19
2020-03-26,28.27
2020-03-27,28.13
2020-03-30,27.4
2020-03-31,27.69
2020-04-01,26.42
2020-04-02,29.92
2020-04-03,32.33
2020-04-06,32.04
2020-04-07,31.84
2020-04-08,32.92
2020-04-09,32
2020-04-13,32.96
2020-04-14,31.87
2020-04-15,29.96
2020-04-16,29.55
2020-04-17,29.42
2020-04-20,26.28
2020-04-21,18.69
2020-04-22,23.76
2020-04-23,24.12
2020-04-24,23.86
2020-04-27,21.42
2020-04-28,21.17
2020-04-29,22.19
2020-04-30,24.37
2020-05-01,24.2
2020-05-04,24.63
2020-05-05,28.09
2020-05-06,27.04
2020-05-07,26.49
2020-05-08,28.05
2020-05-11,26.76
2020-05-12,27.43
2020-05-13,26.8
2020-05-14,28.66
2020-05-15,30.12
2020-05-18,32.27
2020-05-19,32.47
2020-05-20,34.38
2020-05-21,34.81
2020-05-22,34.14
2020-05-26,35.24
2020-05-27,33.69
2020-05-28,34.49
2020-05-29,36.2
2020-06-01,36.17
2020-06-02,37.35
2020-06-03,37.87
2020-06-04,38
2020-06-05,40.03
2020-06-08,38.65
2020-06-09,39.38
2020-06-10,39.97
2020-06-11,36.81
2020-06-12,36.78
2020-06-15,37.71
2020-06-16,38.87
2020-06-17,38.4
2020-06-18,39.23
2020-06-19,39.93
2020-06-22,40.85
2020-06-23,40.63
2020-06-24,38.39
2020-06-25,39.08
2020-06-26,38.8
2020-06-29,39.92
2020-06-30,39.48
2020-07-01,40.09
2020-07-02,40.91
2020-07-06,40.88
2020-07-07,40.84
2020-07-08,41.18
2020-07-09,40.02
2020-07-10,40.94
2020-07-13,40.49
2020-07-14,40.73
2020-07-15,41.57
2020-07-16,41.1
2020-07-17,40.94
2020-07-20,41.09
2020-07-21,42.06
2020-07-22,42.17
2020-07-23,41.37
2020-07-24,41.64
2020-07-27,42
2020-07-28,41.52
2020-07-29,41.81
2020-07-30,40.6
2020-07-31,40.91
2020-08-03,41.68
2020-08-04,42.21
2020-08-05,42.76
2020-08-06,42.56
2020-08-07,41.86
2020-08-10,42.5
2020-08-11,42.2
2020-08-12,43.25
2020-08-13,42.84
2020-08-14,42.67
2020-08-17,43.48
2020-08-18,43.44
2020-08-19,43.39
2020-08-20,43.09
2020-08-21,42.93
2020-08-24,43.27
2020-08-25,43.94
2020-08-26,44
2020-08-27,43.61
2020-08-28,43.62
2020-08-31,43.21
2020-09-01,43.41
2020-09-02,42.22
2020-09-03,42.11
2020-09-04,40.59
2020-09-08,37.71
2020-09-09,38.87
2020-09-10,38.11
2020-09-11,38.08
2020-09-14,37.99
2020-09-15,38.93
2020-09-16,40.72
2020-09-17,41.53
2020-09-18,41.61
2020-09-21,39.85
2020-09-22,40.09
2020-09-23,40.53
2020-09-24,40.9
2020-09-25,40.81
2020-09-28,41.18
2020-09-29,39.88
2020-09-30,40.79
2020-10-01,39.38
2020-10-02,37.74
2020-10-05,39.89
2020-10-06,41.27
2020-10-07,40.59
2020-10-08,41.81
2020-10-09,41.27
2020-10-12,40.11
2020-10-13,40.85
2020-10-14,41.66
2020-10-15,41.55
2020-10-16,41.42
2020-10-19,41.34
2020-10-20,41.97
2020-10-21,40.61
2020-10-22,41.23
2020-10-23,40.45
2020-10-26,39.22
2020-10-27,40.18
2020-10-28,38.08
2020-10-29,36.87
2020-10-30,36.57
2020-11-02,37.63
2020-11-03,38.41
2020-11-04,39.86
2020-11-05,39.48
2020-11-06,37.9
2020-11-09,40.97
2020-11-10,41.98
2020-11-11,42.06
2020-11-12,41.74
2020-11-13,40.7
2020-11-16,41.82
2020-11-17,41.9
2020-11-18,42.24
2020-11-19,42.11
2020-11-20,42.64
2020-11-23,43.46
2020-11-24,45.25
2020-11-25,46.03
2020-11-30,45.65
2020-12-01,44.88
2020-12-02,45.57
2020-12-03,45.91
2020-12-04,46.54
2020-12-07,46.09
2020-12-08,45.96
2020-12-09,45.87
2020-12-10,47.07
2020-12-11,46.87
2020-12-14,47.27
2020-12-15,47.88
2020-12-16,48.12
2020-12-17,48.65
2020-12-18,49.34
2020-12-21,48.09
2020-12-22,47.26
2020-12-23,48.33
2020-12-24,48.43
2020-12-28,47.87
2020-12-29,48.25
2020-12-30,48.57
2020-12-31,48.69
2021-01-04,47.87
2021-01-05,50.04
2021-01-06,50.67
2021-01-07,50.83
2021-01-08,52.19
2021-01-11,52.2
2021-01-12,53.16
2021-01-13,52.92
2021-01-14,53.53
2021-01-15,52.36
2021-01-19,52.9
2021-01-20,53.2
2021-01-21,52.87
2021-01-22,52.04
2021-01-25,52.5
2021-01-26,52.36
2021-01-27,52.53
2021-01-28,52.06
2021-01-29,51.88
2021-02-01,53.19
2021-02-02,54.36
2021-02-03,55.28
2021-02-04,55.8
2021-02-05,56.4
2021-02-08,57.55
2021-02-09,57.97
2021-02-10,58.31
2021-02-11,57.88
2021-02-12,59.06
2021-02-16,59.78
2021-02-17,60.76
2021-02-18,60.19
2021-02-19,59.06
2021-02-22,61.4
2021-02-23,60.96
2021-02-24,62.52
2021-02-25,62.7
2021-02-26,60.74
2021-03-01,59.96
2021-03-02,59.17
2021-03-03,60.69
2021-03-04,63.15
2021-03-05,65.45
2021-03-08,64.52
2021-03-09,63.69
2021-03-10,64.09
2021-03-11,65.66
2021-03-12,65.36
2021-03-15,65.2
2021-03-16,64.68
2021-03-17,64.45
2021-03-18,59.94
2021-03-19,61.31
2021-03-22,61.49
2021-03-23,57.64
2021-03-24,60.96
2021-03-25,58.4
2021-03-26,60.76
2021-03-29,61.3
2021-03-30,60.35
2021-03-31,59.03
2021-04-01,61.35
2021-04-05,58.61
2021-04-06,59.32
2021-04-07,59.73
2021-04-08,59.52
2021-04-09,59.27
2021-04-12,59.69
2021-04-13,60.19
2021-04-14,63.12
2021-04-15,63.4
2021-04-16,63.09
2021-04-19,63.31
2021-04-20,62.6
2021-04-21,61.01
2021-04-22,61.07
2021-04-23,61.72
2021-04-26,61.52
2021-04-27,62.48
2021-04-28,63.44
2021-04-29,64.52
2021-04-30,63.14
2021-05-03,64.1
2021-05-04,65.33
2021-05-05,65.35
2021-05-06,64.47
2021-05-07,64.71
2021-05-10,64.78
2021-05-11,65.15
2021-05-12,65.95
2021-05-13,63.69
2021-05-14,65.16
2021-05-17,66.07
2021-05-18,65.33
2021-05-19,63.18
2021-05-20,61.79
2021-05-21,62.99
2021-05-24,65.32
2021-05-25,65.32
2021-05-26,65.51
2021-05-27,66.12
2021-05-28,65.6
2021-06-01,67.06
2021-06-02,68.17
2021-06-03,68.14
2021-06-04,68.89
2021-06-07,68.59
2021-06-08,69.4
2021-06-09,69.33
2021-06-10,69.58
2021-06-11,69.92
2021-06-14,70
2021-06-15,71.14
2021-06-16,71.27
2021-06-17,70.03
2021-06-18,70.45
2021-06-21,72.03
2021-06-22,72.05
2021-06-23,71.44
2021-06-24,71.77
2021-06-25,72.4
2021-06-28,71.31
2021-06-29,71.41
2021-06-30,71.76
2021-07-01,73.06
2021-07-02,73.25
2021-07-06,71.46
2021-07-07,70.42
2021-07-08,71.17
2021-07-09,72.68
2021-07-12,72.36
2021-07-13,73.69
2021-07-14,71.81
2021-07-15,70.64
2021-07-16,70.82
2021-07-19,65.76
2021-07-20,66.62
2021-07-21,68.78
2021-07-22,70.26
2021-07-23,70.52
2021-07-26,70.57
2021-07-27,70.42
2021-07-28,71.02
2021-07-29,72.21
2021-07-30,72.43
2021-08-02,69.91
2021-08-03,69.44
2021-08-04,67.35
2021-08-05,68.32
2021-08-06,67.76
2021-08-09,65.99
2021-08-10,67.69
2021-08-11,68.65
2021-08-12,68.55
2021-08-13,67.84
2021-08-16,66.7
2021-08-17,65.99
2021-08-18,64.87
2021-08-19,63.15
2021-08-20,61.84
2021-08-23,64.96
2021-08-24,66.86
2021-08-25,67.66
2021-08-26,66.69
2021-08-27,68.11
2021-08-30,68.56
2021-08-31,67.94
2021-09-01,68
2021-09-02,69.41
2021-09-03,68.79
2021-09-07,67.85
2021-09-08,68.7
2021-09-09,67.61
2021-09-10,69.13
2021-09-13,69.81
2021-09-14,69.83
2021-09-15,71.84
2021-09-16,71.91
2021-09-17,71.38
2021-09-20,69.73
2021-09-21,70.14
2021-09-22,71.4
2021-09-23,72.42
2021-09-24,73.07
2021-09-27,74.53
2021-09-28,74.33
2021-09-29,73.99
2021-09-30,74.19
2021-10-01,75.12
2021-10-04,76.88
2021-10-05,78.09
2021-10-06,76.59
2021-10-07,77.45
2021-10-08,78.03
2021-10-11,79.25
2021-10-12,79.19
2021-10-13,79.12
2021-10-14,80.05
2021-10-15,80.88
2021-10-18,80.74
2021-10-19,81.5
2021-10-20,82.38
2021-10-21,80.13
2021-10-22,80.98
2021-10-25,81.21
2021-10-26,81.89
2021-10-27,80.09
2021-10-28,79.95
2021-10-29,79.98
2021-11-01,80.71
2021-11-02,80.88
2021-11-03,78.21
2021-11-04,76.57
2021-11-05,79
2021-11-08,79.57
2021-11-09,81.05
2021-11-10,78.74
2021-11-11,79.07
2021-11-12,78.44
2021-11-15,78.48
2021-11-16,78.54
2021-11-17,76.56
2021-11-18,77.55
2021-11-19,75.23
2021-11-22,75.39
2021-11-23,77.27
2021-11-24,77.15
2021-11-29,69.28
2021-11-30,65.49
2021-12-01,65.11
2021-12-02,66.03
2021-12-03,65.93
2021-12-06,69.07
2021-12-07,71.56
2021-12-08,71.9
2021-12-09,70.54
2021-12-10,71.22
2021-12-13,70.8
2021-12-14,70.26
2021-12-15,70.36
2021-12-16,71.75
2021-12-17,70.35
2021-12-20,68.36
2021-12-21,70.44
2021-12-22,71.83
2021-12-23,72.93
2021-12-27,74.67
2021-12-28,75.13
2021-12-29,75.71
2021-12-30,76.13
2021-12-31,74.45
2022-01-03,75.48
2022-01-04,76.38
2022-01-05,77.01
2022-01-06,78.23
2022-01-07,77.82
2022-01-10,77.1
2022-01-11,79.98
2022-01-12,81.18
2022-01-13,80.86
2022-01-14,82.42
2022-01-18,83.86
2022-01-19,84.79
2022-01-20,84.65
2022-01-21,83.2
2022-01-24,81.54
2022-01-25,83.29
2022-01-26,84.78
2022-01-27,84.13
2022-01-28,84.21
2022-01-31,85.11
2022-02-01,85.02
2022-02-02,85.32
2022-02-03,87
2022-02-04,88.78
2022-02-07,88.33
2022-02-08,86.55
2022-02-09,87.33
2022-02-10,87.26
2022-02-11,89.7
2022-02-14,91.52
2022-02-15,88.29
2022-02-16,89.81
2022-02-17,88.19
2022-02-18,88.6
2022-02-22,90.39
2022-02-23,89.08
2022-02-24,88.84
2022-02-25,87.93
2022-02-28,90.98
2022-03-01,96.24
2022-03-02,102.37
2022-03-03,100.74
2022-03-04,108.12
2022-03-07,111.71
2022-03-08,115.21
2022-03-09,100.95
2022-03-10,99.64
2022-03-11,103.2
2022-03-14,98.44
2022-03-15,92.83
2022-03-16,91.59
2022-03-17,99.38
2022-03-18,100.65
2022-03-21,107.06
2022-03-22,106.55
2022-03-23,108.65
2022-03-24,106.19
2022-03-25,107.93
2022-03-28,100.72
2022-03-29,99.65
2022-03-30,103.32
2022-03-31,96.88
2022-04-01,96.76
2022-04-04,100.6
2022-04-05,99.55
2022-04-06,94.63
2022-04-07,94.81
2022-04-08,97.01
2022-04-11,93.46
2022-04-12,99.4
2022-04-13,102.89
2022-04-14,105.44
2022-04-18,106.41
2022-04-19,101.16
2022-04-20,101.36
2022-04-21,101.74
2022-04-22,99.72
2022-04-25,96.53
2022-04-26,98.95
2022-04-27,99.21
2022-04-28,101.52
2022-04-29,100.88
2022-05-02,101.38
2022-05-03,99.22
2022-05-04,104.42
2022-05-05,104.86
2022-05-06,106.48
2022-05-09,100.1
2022-05-10,96.87
2022-05-11,102.2
2022-05-12,102.42
2022-05-13,106.27
2022-05-16,108.91
2022-05-17,106.76
2022-05-18,104.07
2022-05-19,106.82
2022-05-20,107.17
2022-05-23,104.61
2022-05-24,104.45
2022-05-25,105.03
2022-05-26,108.28
2022-05-27,109.23
2022-05-31,108.9
2022-06-01,109.96
2022-06-02,111.58
2022-06-03,113.47
2022-06-06,113.35
2022-06-07,114.54
2022-06-08,117.15
2022-06-09,116.49
2022-06-10,115.34
2022-06-13,115.31
2022-06-14,113.48
2022-06-15,110.75
2022-06-16,112.7
2022-06-17,105.78
2022-06-21,107.34
2022-06-22,101.83
2022-06-23,99.05
2022-06-24,101.47
2022-06-27,103.3
2022-06-28,105.99
2022-06-29,104.13
2022-06-30,100.27
2022-07-01,102.31
2022-07-05,93.44
2022-07-06,91.85
2022-07-07,96.04
2022-07-08,98.37
2022-07-11,98.2
2022-07-12,90.7
2022-07-13,91.36
2022-07-14,90.15
2022-07-15,91.74
2022-07-18,96.36
2022-07-19,97.45
2022-07-20,96.88
2022-07-21,91.72
2022-07-22,90.6
2022-07-25,92.58
2022-07-26,91.32
2022-07-27,93.79
2022-07-28,93.28
2022-07-29,95.3
2022-08-01,91.34
2022-08-02,92.29
2022-08-03,89.07
2022-08-04,86.81
2022-08-05,87.26
2022-08-08,89.16
2022-08-09,88.9
2022-08-10,90.47
2022-08-11,92.69
2022-08-12,90.87
2022-08-15,88.41
2022-08-16,85.86
2022-08-17,87.3
2022-08-18,89.67
2022-08-19,90.11
2022-08-22,89.97
2022-08-23,92.53
2022-08-24,93.65
2022-08-25,91.58
2022-08-26,91.55
2022-08-29,95.03
2022-08-30,90.46
2022-08-31,88.31
2022-09-01,85.66
2022-09-02,85.9
2022-09-06,86.03
2022-09-07,81.25
2022-09-08,82.46
2022-09-09,85.75
2022-09-12,86.86
2022-09-13,86.25
2022-09-14,87.36
2022-09-15,83.9
2022-09-16,84.07
2022-09-19,84.61
2022-09-20,83.28
2022-09-21,81.62
2022-09-22,82.27
2022-09-23,77.53
2022-09-26,75.45
2022-09-27,76.93
2022-09-28,80.2
2022-09-29,79.42
2022-09-30,77.75
2022-10-03,81.38
2022-10-04,84.17
2022-10-05,85.7
2022-10-06,86.51
2022-10-07,89.85
2022-10-10,88.4
2022-10-11,86.56
2022-10-12,84.74
2022-10-13,86.65
2022-10-14,83.55
2022-10-17,83.51
2022-10-18,81.29
2022-10-19,83.42
2022-10-20,83.3
2022-10-21,82.65
2022-10-24,82.39
2022-10-25,83.15
2022-10-26,85.34
2022-10-27,86.43
2022-10-28,85.17
2022-10-31,84.1
2022-11-01,85.82
2022-11-02,87.53
2022-11-03,86.02
2022-11-04,90.12
2022-11-07,89.54
2022-11-08,86.95
2022-11-09,84
2022-11-10,84.69
2022-11-11,87.17
2022-11-14,84.36
2022-11-15,85.52
2022-11-16,84.26
2022-11-17,81.09
2022-11-18,79.83
2022-11-21,79.91
2022-11-22,80.48
2022-11-23,78.12
2022-11-25,76.54
2022-11-28,77.36
2022-11-29,78.32
2022-11-30,80.75
2022-12-01,81.03
2022-12-02,80.08
2022-12-05,77.2
2022-12-06,74.63
2022-12-07,72.52
2022-12-08,71.72
2022-12-09,71.43
2022-12-12,73.46
2022-12-13,75.58
2022-12-14,77.33
2022-12-15,76.12
2022-12-16,74.54
2022-12-19,75.44
2022-12-20,76.23
2022-12-21,78.09
2022-12-22,77.26
2022-12-23,79.62
2022-12-27,79.68
2022-12-28,79.13
2022-12-29,78.54
2022-12-30,80.53
2023-01-03,77.27
2023-01-04,73.33
2023-01-05,74.14
2023-01-06,74.26
2023-01-09,75.17
2023-01-10,75.6
2023-01-11,77.9
2023-01-12,78.88
2023-01-13,80.3
2023-01-17,80.65
2023-01-18,80.03
2023-01-19,80.85
2023-01-20,81.89
2023-01-23,82.13
2023-01-24,80.65
2023-01-25,80.63
2023-01-26,81.44
2023-01-27,80.14
2023-01-30,78.37
2023-01-31,79.38
2023-02-01,76.94
2023-02-02,76.44
2023-02-03,74
2023-02-06,74.74
2023-02-07,77.56
2023-02-08,78.84
2023-02-09,78.39
2023-02-10,80.04
2023-02-13,80.45
2023-02-14,79.4
2023-02-15,79.02
2023-02-16,78.9
2023-02-17,76.7
2023-02-21,76.53
2023-02-22,74.31
2023-02-23,75.68
2023-02-24,76.48
2023-02-27,75.79
2023-02-28,77.14
2023-03-01,77.8
2023-03-02,78.29
2023-03-03,79.77
2023-03-06,80.51
2023-03-07,77.71
2023-03-08,76.85
2023-03-09,75.88
2023-03-10,76.8
2023-03-13,74.95
2023-03-14,71.57
2023-03-15,67.82
2023-03-16,68.63
2023-03-17,67.12
2023-03-20,67.99
2023-03-21,69.77
2023-03-22,70.97
2023-03-23,70.11
2023-03-24,69.4
2023-03-27,72.88
2023-03-28,73.29
2023-03-29,73.06
2023-03-30,74.41
2023-03-31,75.73
2023-04-03,80.16
2023-04-04,80.43
2023-04-05,80.36
2023-04-06,80.35
2023-04-10,79.46
2023-04-11,81.14
2023-04-12,82.65
2023-04-13,81.68
2023-04-14,82.06
2023-04-17,80.56
2023-04-18,80.61
2023-04-19,78.96
2023-04-20,77.11
2023-04-21,77.32
2023-04-24,78.23
2023-04-25,76.46
2023-04-26,73.87
2023-04-27,74.23
2023-04-28,76.24
2023-05-01,75.15
2023-05-02,71.27
2023-05-03,68.37
2023-05-04,68.32
2023-05-05,71.03
2023-05-08,72.81
2023-05-09,73.39
2023-05-10,72.35
2023-05-11,70.71
2023-05-12,69.83
2023-05-15,70.91
2023-05-16,70.66
2023-05-17,72.77
2023-05-18,71.86
2023-05-19,71.59
2023-05-22,71.97
2023-05-23,72.58
2023-05-24,74.01
2023-05-25,71.75
2023-05-26,72.57
2023-05-30,69.48
2023-05-31,68.14
2023-06-01,70.03
2023-06-02,71.64
2023-06-05,72.03
2023-06-06,71.63
2023-06-07,72.44
2023-06-08,71.31
2023-06-09,70.27
2023-06-12,67.3
2023-06-13,69.59
2023-06-14,68.49
2023-06-15,70.85
2023-06-16,71.92
2023-06-20,71.18
2023-06-21,72.34
2023-06-22,69.59
2023-06-23,69.32
2023-06-26,69.55
2023-06-27,67.99
2023-06-28,69.77
2023-06-29,70.04
2023-06-30,70.72
2023-07-03,69.8
2023-07-05,71.72
2023-07-06,71.56
2023-07-07,73.44
2023-07-10,72.7
2023-07-11,74.44
2023-07-12,75.25
2023-07-13,76.47
2023-07-14,75.05
2023-07-17,73.89
2023-07-18,75.42
2023-07-19,75.11
2023-07-20,75.43
2023-07-21,76.45
2023-07-24,78.02
2023-07-25,78.75
2023-07-26,78.01
2023-07-27,79.18
2023-07-28,79.76
2023-07-31,80.84
2023-08-01,80.46
2023-08-02,78.73
2023-08-03,80.61
2023-08-04,81.75
2023-08-07,81.02
2023-08-08,81.85
2023-08-09,83.07
2023-08-10,81.8
2023-08-11,82.02
2023-08-14,81.37
2023-08-15,80.05
2023-08-16,78.73
2023-08-17,79.51
2023-08-18,80.2
2023-08-21,79.76
2023-08-22,79.35
2023-08-23,78.28
2023-08-24,78.26
2023-08-25,79.09
2023-08-28,79.21
2023-08-29,80.17
2023-08-30,80.57
2023-08-31,82.26
2023-09-01,83.9
2023-09-05,85.21
2023-09-06,85.93
2023-09-07,85.32
2023-09-08,86
2023-09-11,85.94
2023-09-12,87.36
2023-09-13,87.11
2023-09-14,88.81
2023-09-15,88.97
2023-09-18,89.26
2023-09-19,89.17
2023-09-20,88.34
2023-09-21,87.06
2023-09-22,86.76
2023-09-25,86.7
2023-09-26,87.22
2023-09-27,89.3
2023-09-28,87.75
2023-09-29,86.98
2023-10-02,85.62
2023-10-03,85.77
2023-10-04,80.98
2023-10-05,79.41
2023-10-06,79.83
2023-10-09,83
2023-10-10,82.57
2023-10-11,80.92
2023-10-12,80.73
2023-10-13,85.08
2023-10-16,84.02
2023-10-17,84.3
2023-10-18,86.09
2023-10-19,87.06
2023-10-20,86.82
2023-10-23,83.4
2023-10-24,82.14
2023-10-25,83.86
2023-10-26,81.84
2023-10-27,83.84
2023-10-30,80.99
2023-10-31,79.96
2023-11-01,79.63
2023-11-02,81.7
2023-11-03,79.86
2023-11-06,80.32
2023-11-07,76.98
2023-11-08,75.12
2023-11-09,75.57
2023-11-10,76.93
2023-11-13,77.99
2023-11-14,77.98
2023-11-15,76.8
2023-11-16,73.19
2023-11-17,76.11
2023-11-20,77.9
2023-11-21,77.88
2023-11-22,77.23
2023-11-24,75.83
2023-11-27,75.22
2023-11-28,76.66
2023-11-29,77.98
2023-11-30,75.99
2023-12-01,74.31
2023-12-04,73.53
2023-12-05,72.7
2023-12-06,69.91
2023-12-07,69.81
2023-12-08,71.58
2023-12-11,71.76
2023-12-12,69.09
2023-12-13,69.98
2023-12-14,72.21
2023-12-15,72.05
2023-12-18,73.1
2023-12-19,74.21
2023-12-20,74.62
2023-12-21,74.18
2023-12-22,73.84
2023-12-26,75.79
2023-12-27,74.51
2023-12-28,72.14
2023-12-29,72.01
2024-01-02,70.82
2024-01-03,73.03
2024-01-04,72.46
2024-01-05,73.87
2024-01-08,71.02
2024-01-09,72.33
2024-01-10,71.5
2024-01-11,72.17
2024-01-12,72.88
2024-01-16,72.58
2024-01-17,72.46
2024-01-18,73.83
2024-01-19,73.12
2024-01-22,74.65
2024-01-23,74.16
2024-01-24,74.85
2024-01-25,77.01
2024-01-26,77.68
2024-01-29,76.55
2024-01-30,77.48
2024-01-31,75.56
2024-02-01,73.7
2024-02-02,72.28
2024-02-05,72.87
2024-02-06,73.35
2024-02-07,73.89
2024-02-08,76.04
2024-02-09,76.61
2024-02-12,76.65
2024-02-13,77.24
2024-02-14,76.11
2024-02-15,77.22
2024-02-16,77.98
2024-02-20,76.62
2024-02-21,76.78
2024-02-22,77.34
2024-02-23,75.62
2024-02-26,76.59
2024-02-27,77.64
2024-02-28,77.21
2024-02-29,76.81
2024-03-01,78.33
2024-03-04,77.61
2024-03-05,76.82
2024-03-06,77.78
2024-03-07,77.78
2024-03-08,77.03
2024-03-11,77.14
2024-03-12,76.9
2024-03-13,78.84
2024-03-14,80.19
2024-03-15,80.14
2024-03-18,81.61
2024-03-19,82.08
2024-03-20,80.78
2024-03-21,80.09
2024-03-22,79.61
2024-03-25,80.77
2024-03-26,80.43
2024-03-27,80.19
2024-03-28,81.67
2024-04-01,81.98
2024-04-02,83.29
2024-04-03,83.77
2024-04-04,84.96
2024-04-05,85.2
