period,value
2000-01-04,.658
2000-01-05,.647
2000-01-06,.643
2000-01-07,.629
2000-01-10,.631
2000-01-11,.651
2000-01-12,.668
2000-01-13,.672
2000-01-14,.713
2000-01-18,.732
2000-01-19,.746
2000-01-20,.771
2000-01-21,.766
2000-01-24,.741
2000-01-25,.752
2000-01-26,.748
2000-01-27,.732
2000-01-28,.733
2000-01-31,.743
2000-02-01,.707
2000-02-02,.696
2000-02-03,.704
2000-02-04,.717
2000-02-07,.708
2000-02-08,.691
2000-02-09,.708
2000-02-10,.718
2000-02-11,.717
2000-02-14,.731
2000-02-15,.728
2000-02-16,.736
2000-02-17,.722
2000-02-18,.719
2000-02-22,.719
2000-02-23,.732
2000-02-24,.743
2000-02-25,.762
2000-02-28,.758
2000-02-29,.765
2000-03-01,.747
2000-03-02,.744
2000-03-03,.736
2000-03-06,.749
2000-03-07,.786
2000-03-08,.72
2000-03-09,.729
2000-03-10,.714
2000-03-13,.719
2000-03-14,.705
2000-03-15,.689
2000-03-16,.695
2000-03-17,.688
2000-03-20,.653
2000-03-21,.664
2000-03-22,.666
2000-03-23,.671
2000-03-24,.685
2000-03-27,.679
2000-03-28,.682
2000-03-29,.669
2000-03-30,.676
2000-03-31,.687
2000-04-03,.648
2000-04-04,.629
2000-04-05,.642
2000-04-06,.64
2000-04-07,.629
2000-04-10,.611
2000-04-11,.612
2000-04-12,.644
2000-04-13,.642
2000-04-14,.629
2000-04-17,.648
2000-04-18,.653
2000-04-19,.688
2000-04-20,.682
2000-04-24,.684
2000-04-25,.672
2000-04-26,.663
2000-04-27,.677
2000-04-28,.672
2000-05-01,.659
2000-05-02,.683
2000-05-03,.669
2000-05-04,.673
2000-05-05,.666
2000-05-08,.689
2000-05-09,.705
2000-05-10,.716
2000-05-11,.744
2000-05-12,.742
2000-05-15,.749
2000-05-16,.746
2000-05-17,.748
2000-05-18,.771
2000-05-19,.758
2000-05-22,.735
2000-05-23,.73
2000-05-24,.759
2000-05-25,.77
2000-05-26,.743
2000-05-30,.749
2000-05-31,.723
2000-06-01,.759
2000-06-02,.756
2000-06-05,.747
2000-06-06,.751
2000-06-07,.752
2000-06-08,.744
2000-06-09,.745
2000-06-12,.778
2000-06-13,.785
2000-06-14,.782
2000-06-15,.772
2000-06-16,.743
2000-06-19,.737
2000-06-20,.761
2000-06-21,.784
2000-06-22,.809
2000-06-23,.806
2000-06-26,.802
2000-06-27,.819
2000-06-28,.817
2000-06-29,.846
2000-06-30,.833
2000-07-05,.798
2000-07-06,.785
2000-07-07,.79
2000-07-10,.782
2000-07-11,.791
2000-07-12,.797
2000-07-13,.82
2000-07-14,.812
2000-07-17,.795
2000-07-18,.809
2000-07-19,.804
2000-07-20,.797
2000-07-21,.769
2000-07-24,.758
2000-07-25,.759
2000-07-26,.762
2000-07-27,.769
2000-07-28,.769
2000-07-31,.757
2000-08-01,.771
2000-08-02,.785
2000-08-03,.796
2000-08-04,.822
2000-08-07,.785
2000-08-08,.799
2000-08-09,.835
2000-08-10,.862
2000-08-11,.857
2000-08-14,.871
2000-08-15,.865
2000-08-16,.865
2000-08-17,.881
2000-08-18,.894
2000-08-21,.918
2000-08-22,.899
2000-08-23,.948
2000-08-24,.945
2000-08-25,.963
2000-08-28,.993
2000-08-29,.982
2000-08-30,.993
2000-08-31,.987
2000-09-01,.969
2000-09-05,.974
2000-09-06,.99
2000-09-07,1.019
2000-09-08,.983
2000-09-11,1.041
2000-09-12,1.037
2000-09-13,1.006
2000-09-14,1.005
2000-09-15,1.029
2000-09-18,1.039
2000-09-19,1.017
2000-09-20,1.017
2000-09-21,1
2000-09-22,.957
2000-09-25,.941
2000-09-26,.933
2000-09-27,.951
2000-09-28,.913
2000-09-29,.926
2000-10-02,.955
2000-10-03,.96
2000-10-04,.961
2000-10-05,.926
2000-10-06,.931
2000-10-09,.957
2000-10-10,.998
2000-10-11,1.015
2000-10-12,1.077
2000-10-13,1.02
2000-10-16,.973
2000-10-17,.961
2000-10-18,.964
2000-10-19,.945
2000-10-20,.968
2000-10-23,.995
2000-10-24,.989
2000-10-25,.972
2000-10-26,.979
2000-10-27,.944
2000-10-30,.945
2000-10-31,.936
2000-11-01,.931
2000-11-02,.923
2000-11-03,.915
2000-11-06,.91
2000-11-07,.939
2000-11-08,.946
2000-11-09,.992
2000-11-10,.985
2000-11-13,.996
2000-11-14,1.024
2000-11-15,1.045
2000-11-16,1.032
2000-11-17,1.049
2000-11-20,1.067
2000-11-21,1.068
2000-11-22,1.06
2000-11-27,1.055
2000-11-28,.999
2000-11-29,1.018
2000-11-30,1.023
2000-12-01,.936
2000-12-04,.946
2000-12-05,.922
2000-12-06,.953
2000-12-07,.942
2000-12-08,.908
2000-12-11,.946
2000-12-12,.926
2000-12-13,.886
2000-12-14,.858
2000-12-15,.878
2000-12-18,.885
2000-12-19,.88
2000-12-20,.83
2000-12-21,.836
2000-12-22,.848
2000-12-26,.884
2000-12-27,.891
2000-12-28,.859
2000-12-29,.891
2001-01-02,.819
2001-01-03,.82
2001-01-04,.82
2001-01-05,.819
2001-01-08,.788
2001-01-09,.776
2001-01-10,.812
2001-01-11,.805
2001-01-12,.808
2001-01-16,.804
2001-01-17,.782
2001-01-18,.803
2001-01-19,.839
2001-01-22,.839
2001-01-23,.827
2001-01-24,.797
2001-01-25,.805
2001-01-26,.816
2001-01-29,.788
2001-01-30,.78
2001-01-31,.76
2001-02-01,.75
2001-02-02,.788
2001-02-05,.777
2001-02-06,.779
2001-02-07,.799
2001-02-08,.813
2001-02-09,.794
2001-02-12,.781
2001-02-13,.776
2001-02-14,.758
2001-02-15,.741
2001-02-16,.744
2001-02-20,.736
2001-02-21,.728
2001-02-22,.725
2001-02-23,.728
2001-02-26,.723
2001-02-27,.723
2001-02-28,.709
2001-03-01,.703
2001-03-02,.712
2001-03-05,.726
2001-03-06,.718
2001-03-07,.732
2001-03-08,.721
2001-03-09,.718
2001-03-12,.718
2001-03-13,.715
2001-03-14,.685
2001-03-15,.689
2001-03-16,.689
2001-03-19,.667
2001-03-20,.666
2001-03-21,.69
2001-03-22,.688
2001-03-23,.72
2001-03-26,.72
2001-03-27,.737
2001-03-28,.697
2001-03-29,.705
2001-03-30,.704
2001-04-02,.67
2001-04-03,.688
2001-04-04,.712
2001-04-05,.718
2001-04-06,.712
2001-04-09,.72
2001-04-10,.762
2001-04-11,.765
2001-04-12,.761
2001-04-16,.792
2001-04-17,.779
2001-04-18,.766
2001-04-19,.766
2001-04-20,.753
2001-04-23,.743
2001-04-24,.735
2001-04-25,.752
2001-04-26,.772
2001-04-27,.759
2001-04-30,.753
2001-05-01,.766
2001-05-02,.747
2001-05-03,.769
2001-05-04,.766
2001-05-07,.752
2001-05-08,.755
2001-05-09,.771
2001-05-10,.772
2001-05-11,.763
2001-05-14,.757
2001-05-15,.767
2001-05-16,.775
2001-05-17,.782
2001-05-18,.803
2001-05-21,.805
2001-05-22,.8
2001-05-23,.81
2001-05-24,.79
2001-05-25,.785
2001-05-29,.779
2001-05-30,.778
2001-05-31,.774
2001-06-01,.765
2001-06-04,.765
2001-06-05,.775
2001-06-06,.771
2001-06-07,.765
2001-06-08,.771
2001-06-11,.787
2001-06-12,.807
2001-06-13,.806
2001-06-14,.827
2001-06-15,.808
2001-06-18,.775
2001-06-19,.778
2001-06-20,.748
2001-06-21,.745
2001-06-22,.739
2001-06-25,.744
2001-06-26,.736
2001-06-27,.706
2001-06-28,.707
2001-06-29,.718
2001-07-02,.718
2001-07-03,.724
2001-07-05,.732
2001-07-06,.746
2001-07-09,.737
2001-07-10,.73
2001-07-11,.713
2001-07-12,.715
2001-07-13,.697
2001-07-16,.696
2001-07-17,.695
2001-07-18,.679
2001-07-19,.673
2001-07-20,.691
2001-07-23,.691
2001-07-24,.693
2001-07-25,.713
2001-07-26,.722
2001-07-27,.716
2001-07-30,.712
2001-07-31,.701
2001-08-01,.712
2001-08-02,.738
2001-08-03,.734
2001-08-06,.733
2001-08-07,.741
2001-08-08,.736
2001-08-09,.742
2001-08-10,.751
2001-08-13,.749
2001-08-14,.756
2001-08-15,.752
2001-08-16,.748
2001-08-17,.714
2001-08-20,.72
2001-08-21,.735
2001-08-22,.732
2001-08-23,.74
2001-08-24,.751
2001-08-27,.757
2001-08-28,.782
2001-08-29,.771
2001-08-30,.761
2001-08-31,.773
2001-09-04,.767
2001-09-05,.772
2001-09-06,.789
2001-09-07,.808
2001-09-10,.802
2001-09-17,.82
2001-09-18,.76
2001-09-19,.735
2001-09-20,.733
2001-09-21,.719
2001-09-24,.625
2001-09-25,.627
2001-09-26,.658
2001-09-27,.659
2001-09-28,.67
2001-10-01,.669
2001-10-02,.655
2001-10-03,.648
2001-10-04,.662
2001-10-05,.651
2001-10-08,.656
2001-10-09,.657
2001-10-10,.656
2001-10-11,.676
2001-10-12,.648
2001-10-15,.64
2001-10-16,.634
2001-10-17,.629
2001-10-18,.616
2001-10-19,.634
2001-10-22,.633
2001-10-23,.628
2001-10-24,.645
2001-10-25,.64
2001-10-26,.63
2001-10-29,.634
2001-10-30,.628
2001-10-31,.61
2001-11-01,.597
2001-11-02,.591
2001-11-05,.584
2001-11-06,.58
2001-11-07,.58
2001-11-08,.615
2001-11-09,.636
2001-11-12,.609
2001-11-13,.618
2001-11-14,.571
2001-11-15,.521
2001-11-16,.532
2001-11-19,.533
2001-11-20,.547
2001-11-21,.544
2001-11-26,.532
2001-11-27,.549
2001-11-28,.541
2001-11-29,.53
2001-11-30,.546
2001-12-03,.566
2001-12-04,.551
2001-12-05,.543
2001-12-06,.521
2001-12-07,.531
2001-12-10,.521
2001-12-11,.515
2001-12-12,.52
2001-12-13,.522
2001-12-14,.553
2001-12-17,.549
2001-12-18,.556
2001-12-19,.568
2001-12-20,.552
2001-12-21,.551
2001-12-26,.597
2001-12-27,.586
2001-12-28,.571
2001-12-31,.553
2002-01-02,.58
2002-01-03,.561
2002-01-04,.589
2002-01-07,.577
2002-01-08,.573
2002-01-09,.544
2002-01-10,.56
2002-01-11,.547
2002-01-14,.525
2002-01-15,.527
2002-01-16,.536
2002-01-17,.518
2002-01-18,.517
2002-01-22,.518
2002-01-23,.529
2002-01-24,.535
2002-01-25,.538
2002-01-28,.532
2002-01-29,.522
2002-01-30,.513
2002-01-31,.532
2002-02-01,.555
2002-02-04,.541
2002-02-05,.539
2002-02-06,.531
2002-02-07,.524
2002-02-08,.538
2002-02-11,.566
2002-02-12,.55
2002-02-13,.558
2002-02-14,.558
2002-02-15,.561
2002-02-19,.547
2002-02-20,.534
2002-02-21,.551
2002-02-22,.548
2002-02-25,.527
2002-02-26,.554
2002-02-27,.555
2002-02-28,.572
2002-03-01,.59
2002-03-04,.585
2002-03-05,.603
2002-03-06,.602
2002-03-07,.621
2002-03-08,.623
2002-03-11,.637
2002-03-12,.637
2002-03-13,.648
2002-03-14,.653
2002-03-15,.647
2002-03-18,.664
2002-03-19,.659
2002-03-20,.656
2002-03-21,.666
2002-03-22,.654
2002-03-25,.644
2002-03-26,.66
2002-03-27,.67
2002-03-28,.673
2002-04-01,.689
2002-04-02,.712
2002-04-03,.71
2002-04-04,.689
2002-04-05,.685
2002-04-08,.695
2002-04-09,.681
2002-04-10,.68
2002-04-11,.65
2002-04-12,.605
2002-04-15,.638
2002-04-16,.642
2002-04-17,.658
2002-04-18,.66
2002-04-19,.664
2002-04-22,.663
2002-04-23,.669
2002-04-24,.664
2002-04-25,.676
2002-04-26,.682
2002-04-29,.694
2002-04-30,.692
2002-05-01,.678
2002-05-02,.664
2002-05-03,.67
2002-05-06,.655
2002-05-07,.665
2002-05-08,.68
2002-05-09,.685
2002-05-10,.697
2002-05-13,.701
2002-05-14,.723
2002-05-15,.683
2002-05-16,.687
2002-05-17,.691
2002-05-20,.696
2002-05-21,.674
2002-05-22,.675
2002-05-23,.671
2002-05-24,.665
2002-05-28,.645
2002-05-29,.659
2002-05-30,.628
2002-05-31,.641
2002-06-03,.644
2002-06-04,.651
2002-06-05,.644
2002-06-06,.643
2002-06-07,.643
2002-06-10,.633
2002-06-11,.628
2002-06-12,.641
2002-06-13,.667
2002-06-14,.671
2002-06-17,.672
2002-06-18,.662
2002-06-19,.658
2002-06-20,.666
2002-06-21,.656
2002-06-24,.673
2002-06-25,.669
2002-06-26,.675
2002-06-27,.678
2002-06-28,.68
2002-07-01,.689
2002-07-02,.694
2002-07-03,.695
2002-07-08,.676
2002-07-09,.678
2002-07-10,.694
2002-07-11,.697
2002-07-12,.712
2002-07-15,.703
2002-07-16,.718
2002-07-17,.716
2002-07-18,.709
2002-07-19,.709
2002-07-22,.68
2002-07-23,.668
2002-07-24,.684
2002-07-25,.684
2002-07-26,.678
2002-07-29,.675
2002-07-30,.698
2002-07-31,.686
2002-08-01,.682
2002-08-02,.687
2002-08-05,.677
2002-08-06,.687
2002-08-07,.677
2002-08-08,.683
2002-08-09,.682
2002-08-12,.705
2002-08-13,.704
2002-08-14,.709
2002-08-15,.736
2002-08-16,.741
2002-08-19,.743
2002-08-20,.747
2002-08-21,.762
2002-08-22,.757
2002-08-23,.749
2002-08-26,.764
2002-08-27,.76
2002-08-28,.754
2002-08-29,.765
2002-08-30,.764
2002-09-03,.737
2002-09-04,.759
2002-09-05,.782
2002-09-06,.793
2002-09-09,.796
2002-09-10,.8
2002-09-11,.799
2002-09-12,.777
2002-09-13,.797
2002-09-16,.793
2002-09-17,.782
2002-09-18,.797
2002-09-19,.796
2002-09-20,.795
2002-09-23,.814
2002-09-24,.816
2002-09-25,.816
2002-09-26,.814
2002-09-27,.813
2002-09-30,.808
2002-10-01,.826
2002-10-02,.819
2002-10-03,.801
2002-10-04,.799
2002-10-07,.8
2002-10-08,.797
2002-10-09,.801
2002-10-10,.791
2002-10-11,.797
2002-10-14,.815
2002-10-15,.806
2002-10-16,.806
2002-10-17,.813
2002-10-18,.809
2002-10-21,.77
2002-10-22,.765
2002-10-23,.765
2002-10-24,.767
2002-10-25,.735
2002-10-28,.739
2002-10-29,.725
2002-10-30,.735
2002-10-31,.749
2002-11-01,.743
2002-11-04,.737
2002-11-05,.721
2002-11-06,.711
2002-11-07,.7
2002-11-08,.694
2002-11-11,.694
2002-11-12,.695
2002-11-13,.678
2002-11-14,.681
2002-11-15,.692
2002-11-18,.726
2002-11-19,.723
2002-11-20,.742
2002-11-21,.746
2002-11-22,.763
2002-11-25,.745
2002-11-26,.752
2002-11-27,.76
2002-12-02,.764
2002-12-03,.766
2002-12-04,.74
2002-12-05,.752
2002-12-06,.748
2002-12-09,.758
2002-12-10,.771
2002-12-11,.767
2002-12-12,.788
2002-12-13,.806
2002-12-16,.849
2002-12-17,.838
2002-12-18,.855
2002-12-19,.859
2002-12-20,.856
2002-12-23,.889
2002-12-24,.899
2002-12-26,.908
2002-12-27,.907
2002-12-30,.869
2002-12-31,.869
2003-01-02,.848
2003-01-03,.882
2003-01-06,.858
2003-01-07,.827
2003-01-08,.818
2003-01-09,.858
2003-01-10,.847
2003-01-13,.866
2003-01-14,.872
2003-01-15,.886
2003-01-16,.885
2003-01-17,.887
2003-01-21,.883
2003-01-22,.887
2003-01-23,.883
2003-01-24,.907
2003-01-27,.889
2003-01-28,.898
2003-01-29,.932
2003-01-30,.942
2003-01-31,.933
2003-02-03,.869
2003-02-04,.901
2003-02-05,.919
2003-02-06,.937
2003-02-07,.979
2003-02-10,.955
2003-02-11,.976
2003-02-12,.964
2003-02-13,.978
2003-02-14,.974
2003-02-18,.973
2003-02-19,.995
2003-02-20,.964
2003-02-21,.999
2003-02-24,1.041
2003-02-25,1.023
2003-02-26,1.066
2003-02-27,1.06
2003-02-28,1.072
2003-03-03,.929
2003-03-04,.947
2003-03-05,.945
2003-03-06,.957
2003-03-07,.997
2003-03-10,.977
2003-03-11,.95
2003-03-12,.961
2003-03-13,.908
2003-03-14,.89
2003-03-17,.856
2003-03-18,.8
2003-03-19,.784
2003-03-20,.759
2003-03-21,.707
2003-03-24,.74
2003-03-25,.708
2003-03-26,.727
2003-03-27,.777
2003-03-28,.757
2003-03-31,.771
2003-04-01,.725
2003-04-02,.704
2003-04-03,.712
2003-04-04,.706
2003-04-07,.699
2003-04-08,.701
2003-04-09,.729
2003-04-10,.7
2003-04-11,.71
2003-04-14,.714
2003-04-15,.729
2003-04-16,.728
2003-04-17,.744
2003-04-21,.757
2003-04-22,.738
2003-04-23,.706
2003-04-24,.713
2003-04-25,.7
2003-04-28,.679
2003-04-29,.671
2003-04-30,.685
2003-05-01,.684
2003-05-02,.674
2003-05-05,.7
2003-05-06,.678
2003-05-07,.692
2003-05-08,.71
2003-05-09,.72
2003-05-12,.71
2003-05-13,.742
2003-05-14,.759
2003-05-15,.745
2003-05-16,.75
2003-05-19,.729
2003-05-20,.731
2003-05-21,.745
2003-05-22,.74
2003-05-23,.742
2003-05-27,.743
2003-05-28,.726
2003-05-29,.746
2003-05-30,.748
2003-06-02,.77
2003-06-03,.77
2003-06-04,.757
2003-06-05,.776
2003-06-06,.786
2003-06-09,.784
2003-06-10,.791
2003-06-11,.795
2003-06-12,.77
2003-06-13,.747
2003-06-16,.749
2003-06-17,.757
2003-06-18,.748
2003-06-19,.739
2003-06-20,.762
2003-06-23,.756
2003-06-24,.749
2003-06-25,.783
2003-06-26,.753
2003-06-27,.762
2003-06-30,.786
2003-07-01,.795
2003-07-02,.788
2003-07-03,.786
2003-07-07,.781
2003-07-08,.786
2003-07-09,.81
2003-07-10,.81
2003-07-11,.813
2003-07-14,.813
2003-07-15,.819
2003-07-16,.795
2003-07-17,.802
2003-07-18,.807
2003-07-21,.802
2003-07-22,.765
2003-07-23,.772
2003-07-24,.783
2003-07-25,.783
2003-07-28,.781
2003-07-29,.786
2003-07-30,.803
2003-07-31,.799
2003-08-01,.856
2003-08-04,.84
2003-08-05,.852
2003-08-06,.84
2003-08-07,.861
2003-08-08,.852
2003-08-11,.846
2003-08-12,.844
2003-08-13,.817
2003-08-14,.823
2003-08-15,.814
2003-08-18,.805
2003-08-19,.802
2003-08-20,.814
2003-08-21,.843
2003-08-22,.841
2003-08-25,.833
2003-08-26,.839
2003-08-27,.819
2003-08-28,.824
2003-08-29,.826
2003-09-02,.783
2003-09-03,.788
2003-09-04,.778
2003-09-05,.773
2003-09-08,.772
2003-09-09,.78
2003-09-10,.785
2003-09-11,.771
2003-09-12,.762
2003-09-15,.759
2003-09-16,.747
2003-09-17,.727
2003-09-18,.722
2003-09-19,.714
2003-09-22,.717
2003-09-23,.72
2003-09-24,.753
2003-09-25,.75
2003-09-26,.754
2003-09-29,.762
2003-09-30,.788
2003-10-01,.805
2003-10-02,.815
2003-10-03,.824
2003-10-06,.822
2003-10-07,.828
2003-10-08,.821
2003-10-09,.863
2003-10-10,.892
2003-10-13,.883
2003-10-14,.882
2003-10-15,.878
2003-10-16,.871
2003-10-17,.84
2003-10-20,.833
2003-10-21,.834
2003-10-22,.824
2003-10-23,.836
2003-10-24,.829
2003-10-27,.816
2003-10-28,.805
2003-10-29,.795
2003-10-30,.778
2003-10-31,.8
2003-11-03,.793
2003-11-04,.787
2003-11-05,.834
2003-11-06,.829
2003-11-07,.843
2003-11-10,.84
2003-11-11,.852
2003-11-12,.854
2003-11-13,.87
2003-11-14,.886
2003-11-17,.867
2003-11-18,.906
2003-11-19,.894
2003-11-20,.881
2003-11-21,.877
2003-11-24,.827
2003-11-25,.826
2003-11-26,.843
2003-12-01,.836
2003-12-02,.862
2003-12-03,.867
2003-12-04,.882
2003-12-05,.865
2003-12-08,.906
2003-12-09,.89
2003-12-10,.891
2003-12-11,.889
2003-12-12,.928
2003-12-15,.926
2003-12-16,.923
2003-12-17,.947
2003-12-18,.971
2003-12-19,.947
2003-12-22,.902
2003-12-23,.901
2003-12-24,.919
2003-12-29,.908
2003-12-30,.933
2003-12-31,.915
2004-01-05,.95
2004-01-06,.955
2004-01-07,.948
2004-01-08,.964
2004-01-09,.984
2004-01-12,.987
2004-01-13,.971
2004-01-14,.952
2004-01-15,.917
2004-01-16,.961
2004-01-20,.995
2004-01-21,1.002
2004-01-22,1.008
2004-01-23,.997
2004-01-26,.973
2004-01-27,.971
2004-01-28,.951
2004-01-29,.924
2004-01-30,.916
2004-02-02,.897
2004-02-03,.875
2004-02-04,.859
2004-02-05,.856
2004-02-06,.837
2004-02-09,.848
2004-02-10,.87
2004-02-11,.881
2004-02-12,.887
2004-02-13,.907
2004-02-17,.91
2004-02-18,.904
2004-02-19,.901
2004-02-20,.875
2004-02-23,.874
2004-02-24,.88
2004-02-25,.919
2004-02-26,.923
2004-02-27,.942
2004-03-01,.924
2004-03-02,.912
2004-03-03,.882
2004-03-04,.906
2004-03-05,.914
2004-03-08,.888
2004-03-09,.886
2004-03-10,.876
2004-03-11,.888
2004-03-12,.877
2004-03-15,.912
2004-03-16,.905
2004-03-17,.944
2004-03-18,.93
2004-03-19,.928
2004-03-22,.909
2004-03-23,.925
2004-03-24,.916
2004-03-25,.882
2004-03-26,.886
2004-03-29,.877
2004-03-30,.902
2004-03-31,.896
2004-04-01,.842
2004-04-02,.852
2004-04-05,.85
2004-04-06,.87
2004-04-07,.9
2004-04-08,.918
2004-04-12,.936
2004-04-13,.924
2004-04-14,.925
2004-04-15,.948
2004-04-16,.947
2004-04-19,.932
2004-04-20,.923
2004-04-21,.904
2004-04-22,.933
2004-04-23,.912
2004-04-26,.93
2004-04-27,.942
2004-04-28,.941
2004-04-29,.943
2004-04-30,.945
2004-05-03,.967
2004-05-04,.986
2004-05-05,.995
2004-05-06,.999
2004-05-07,1.009
2004-05-10,.979
2004-05-11,1.013
2004-05-12,1.034
2004-05-13,1.04
2004-05-14,1.037
2004-05-17,1.04
2004-05-18,1.013
2004-05-19,1.047
2004-05-20,1.026
2004-05-21,.998
2004-05-24,1.049
2004-05-25,1.031
2004-05-26,1.023
2004-05-27,.993
2004-05-28,1.003
2004-06-01,1.069
2004-06-02,1.017
2004-06-03,1.001
2004-06-04,.987
2004-06-07,.996
2004-06-08,.967
2004-06-09,.989
2004-06-10,1.013
2004-06-14,.99
2004-06-15,.985
2004-06-16,.994
2004-06-17,1.038
2004-06-18,1.034
2004-06-21,1.002
2004-06-22,1.025
2004-06-23,1.009
2004-06-24,1.03
2004-06-25,1.02
2004-06-28,.983
2004-06-29,.972
2004-06-30,1.021
2004-07-01,1.089
2004-07-02,1.081
2004-07-06,1.102
2004-07-07,1.087
2004-07-08,1.111
2004-07-09,1.09
2004-07-12,1.07
2004-07-13,1.071
2004-07-14,1.102
2004-07-15,1.108
2004-07-16,1.107
2004-07-19,1.116
2004-07-20,1.087
2004-07-21,1.091
2004-07-22,1.127
2004-07-23,1.141
2004-07-26,1.123
2004-07-27,1.133
2004-07-28,1.155
2004-07-29,1.146
2004-07-30,1.169
2004-08-02,1.175
2004-08-03,1.192
2004-08-04,1.165
2004-08-05,1.204
2004-08-06,1.185
2004-08-09,1.199
2004-08-10,1.183
2004-08-11,1.185
2004-08-12,1.206
2004-08-13,1.227
2004-08-16,1.219
2004-08-17,1.236
2004-08-18,1.239
2004-08-19,1.278
2004-08-20,1.245
2004-08-23,1.229
2004-08-24,1.208
2004-08-25,1.158
2004-08-26,1.152
2004-08-27,1.155
2004-08-30,1.131
2004-08-31,1.123
2004-09-01,1.193
2004-09-02,1.195
2004-09-03,1.188
2004-09-07,1.176
2004-09-08,1.173
2004-09-09,1.238
2004-09-10,1.177
2004-09-13,1.216
2004-09-14,1.237
2004-09-15,1.215
2004-09-16,1.236
2004-09-17,1.271
2004-09-20,1.274
2004-09-21,1.311
2004-09-22,1.348
2004-09-23,1.357
2004-09-24,1.362
2004-09-27,1.372
2004-09-28,1.382
2004-09-29,1.376
2004-09-30,1.386
2004-10-01,1.398
2004-10-04,1.389
2004-10-05,1.409
2004-10-06,1.424
2004-10-07,1.436
2004-10-08,1.46
2004-10-11,1.476
2004-10-12,1.458
2004-10-13,1.504
2004-10-14,1.551
2004-10-15,1.55
2004-10-18,1.512
2004-10-19,1.51
2004-10-20,1.561
2004-10-21,1.582
2004-10-22,1.598
2004-10-25,1.571
2004-10-26,1.577
2004-10-27,1.505
2004-10-28,1.461
2004-10-29,1.464
2004-11-01,1.415
2004-11-02,1.403
2004-11-03,1.433
2004-11-04,1.382
2004-11-05,1.386
2004-11-08,1.38
2004-11-09,1.354
2004-11-10,1.412
2004-11-11,1.375
2004-11-12,1.375
2004-11-15,1.353
2004-11-16,1.337
2004-11-17,1.421
2004-11-18,1.439
2004-11-19,1.492
2004-11-22,1.46
2004-11-23,1.458
2004-11-24,1.467
2004-11-29,1.458
2004-11-30,1.418
2004-12-01,1.332
2004-12-02,1.261
2004-12-03,1.238
2004-12-06,1.256
2004-12-07,1.231
2004-12-08,1.27
2004-12-09,1.311
2004-12-10,1.239
2004-12-13,1.27
2004-12-14,1.309
2004-12-15,1.387
2004-12-16,1.376
2004-12-17,1.44
2004-12-20,1.401
2004-12-21,1.403
2004-12-22,1.362
2004-12-23,1.33
2004-12-27,1.218
2004-12-28,1.231
2004-12-29,1.278
2004-12-30,1.253
2005-01-03,1.182
2005-01-04,1.237
2005-01-05,1.212
2005-01-06,1.273
2005-01-07,1.267
2005-01-10,1.271
2005-01-11,1.289
2005-01-12,1.296
2005-01-13,1.334
2005-01-14,1.344
2005-01-18,1.338
2005-01-19,1.335
2005-01-20,1.329
2005-01-21,1.37
2005-01-24,1.386
2005-01-25,1.409
2005-01-26,1.392
2005-01-27,1.386
2005-01-28,1.327
2005-01-31,1.348
2005-02-01,1.289
2005-02-02,1.275
2005-02-03,1.255
2005-02-04,1.251
2005-02-07,1.22
2005-02-08,1.235
2005-02-09,1.248
2005-02-10,1.297
2005-02-11,1.286
2005-02-14,1.277
2005-02-15,1.277
2005-02-16,1.324
2005-02-17,1.296
2005-02-18,1.324
2005-02-22,1.409
2005-02-23,1.436
2005-02-24,1.43
2005-02-25,1.429
2005-02-28,1.454
2005-03-01,1.42
2005-03-02,1.458
2005-03-03,1.449
2005-03-04,1.449
2005-03-07,1.46
2005-03-08,1.495
2005-03-09,1.499
2005-03-10,1.473
2005-03-11,1.501
2005-03-14,1.498
2005-03-15,1.515
2005-03-16,1.554
2005-03-17,1.559
2005-03-18,1.547
2005-03-21,1.555
2005-03-22,1.529
2005-03-23,1.514
2005-03-24,1.528
2005-03-28,1.504
2005-03-29,1.518
2005-03-30,1.564
2005-03-31,1.616
2005-04-01,1.656
2005-04-04,1.637
2005-04-05,1.615
2005-04-06,1.582
2005-04-07,1.528
2005-04-08,1.5
2005-04-11,1.492
2005-04-12,1.47
2005-04-13,1.45
2005-04-14,1.488
2005-04-15,1.464
2005-04-18,1.448
2005-04-19,1.497
2005-04-20,1.513
2005-04-21,1.538
2005-04-22,1.551
2005-04-25,1.527
2005-04-26,1.516
2005-04-27,1.475
2005-04-28,1.488
2005-04-29,1.426
2005-05-02,1.476
2005-05-03,1.446
2005-05-04,1.465
2005-05-05,1.456
2005-05-06,1.448
2005-05-09,1.454
2005-05-10,1.462
2005-05-11,1.418
2005-05-12,1.394
2005-05-13,1.382
2005-05-16,1.361
2005-05-17,1.383
2005-05-18,1.369
2005-05-19,1.389
2005-05-20,1.376
2005-05-23,1.377
2005-05-24,1.396
2005-05-25,1.436
2005-05-26,1.448
2005-05-27,1.446
2005-05-31,1.45
2005-06-01,1.548
2005-06-02,1.552
2005-06-03,1.609
2005-06-06,1.627
2005-06-07,1.614
2005-06-08,1.563
2005-06-09,1.637
2005-06-10,1.617
2005-06-13,1.676
2005-06-14,1.65
2005-06-15,1.635
2005-06-16,1.639
2005-06-17,1.664
2005-06-20,1.675
2005-06-21,1.643
2005-06-22,1.636
2005-06-23,1.688
2005-06-24,1.666
2005-06-27,1.694
2005-06-28,1.636
2005-06-29,1.622
2005-06-30,1.636
2005-07-01,1.731
2005-07-05,1.754
2005-07-06,1.813
2005-07-07,1.793
2005-07-08,1.743
2005-07-11,1.708
2005-07-12,1.775
2005-07-13,1.745
2005-07-14,1.684
2005-07-15,1.69
2005-07-18,1.664
2005-07-19,1.661
2005-07-20,1.634
2005-07-21,1.613
2005-07-22,1.628
2005-07-25,1.647
2005-07-26,1.646
2005-07-27,1.654
2005-07-28,1.677
2005-07-29,1.676
2005-08-01,1.755
2005-08-02,1.764
2005-08-03,1.728
2005-08-04,1.747
2005-08-05,1.772
2005-08-08,1.829
2005-08-09,1.814
2005-08-10,1.874
2005-08-11,1.931
2005-08-12,1.936
2005-08-15,1.906
2005-08-16,1.901
2005-08-17,1.817
2005-08-18,1.823
2005-08-19,1.856
2005-08-22,1.849
2005-08-23,1.851
2005-08-24,1.903
2005-08-25,1.908
2005-08-26,1.871
2005-08-29,1.934
2005-08-30,2.085
2005-08-31,2.077
2005-09-01,2.213
2005-09-02,2.11
2005-09-06,2.078
2005-09-07,1.989
2005-09-08,1.963
2005-09-09,1.94
2005-09-12,1.855
2005-09-13,1.881
2005-09-14,1.964
2005-09-15,1.953
2005-09-16,1.878
2005-09-19,2.068
2005-09-20,2.042
2005-09-21,2.062
2005-09-22,2.063
2005-09-23,1.983
2005-09-26,2.089
2005-09-27,2.094
2005-09-28,2.169
2005-09-29,2.155
2005-09-30,2.13
2005-10-03,2.11
2005-10-04,2.083
2005-10-05,2.049
2005-10-06,1.986
2005-10-07,2.002
2005-10-10,2.012
2005-10-11,2.054
2005-10-12,2.057
2005-10-13,2.034
2005-10-14,1.99
2005-10-17,2.024
2005-10-18,1.967
2005-10-19,1.945
2005-10-20,1.897
2005-10-21,1.9
2005-10-24,1.847
2005-10-25,1.933
2005-10-26,1.899
2005-10-27,1.901
2005-10-28,1.897
2005-10-31,1.824
2005-11-01,1.856
2005-11-02,1.828
2005-11-03,1.884
2005-11-04,1.847
2005-11-07,1.84
2005-11-08,1.833
2005-11-09,1.844
2005-11-10,1.802
2005-11-11,1.791
2005-11-14,1.8
2005-11-15,1.752
2005-11-16,1.795
2005-11-17,1.766
2005-11-18,1.764
2005-11-21,1.773
2005-11-22,1.796
2005-11-23,1.749
2005-11-28,1.693
2005-11-29,1.672
2005-11-30,1.69
2005-12-01,1.776
2005-12-02,1.806
2005-12-05,1.823
2005-12-06,1.813
2005-12-07,1.786
2005-12-08,1.833
2005-12-09,1.784
2005-12-12,1.823
2005-12-13,1.879
2005-12-14,1.88
2005-12-15,1.822
2005-12-16,1.762
2005-12-19,1.735
2005-12-20,1.749
2005-12-21,1.779
2005-12-22,1.756
2005-12-23,1.725
2005-12-27,1.666
2005-12-28,1.71
2005-12-29,1.733
2005-12-30,1.77
2006-01-03,1.815
2006-01-04,1.838
2006-01-05,1.812
2006-01-06,1.827
2006-01-09,1.799
2006-01-10,1.771
2006-01-11,1.758
2006-01-12,1.742
2006-01-13,1.747
2006-01-17,1.822
2006-01-18,1.79
2006-01-19,1.834
2006-01-20,1.898
2006-01-23,1.872
2006-01-24,1.844
2006-01-25,1.813
2006-01-26,1.805
2006-01-27,1.838
2006-01-30,1.867
2006-01-31,1.848
2006-02-01,1.851
2006-02-02,1.803
2006-02-03,1.815
2006-02-06,1.797
2006-02-07,1.736
2006-02-08,1.709
2006-02-09,1.705
2006-02-10,1.68
2006-02-13,1.677
2006-02-14,1.647
2006-02-15,1.637
2006-02-16,1.654
2006-02-17,1.683
2006-02-21,1.694
2006-02-22,1.671
2006-02-23,1.678
2006-02-24,1.743
2006-02-27,1.696
2006-02-28,1.722
2006-03-01,1.765
2006-03-02,1.822
2006-03-03,1.833
2006-03-06,1.782
2006-03-07,1.746
2006-03-08,1.707
2006-03-09,1.731
2006-03-10,1.705
2006-03-13,1.757
2006-03-14,1.829
2006-03-15,1.789
2006-03-16,1.82
2006-03-17,1.791
2006-03-20,1.745
2006-03-21,1.773
2006-03-22,1.745
2006-03-23,1.787
2006-03-24,1.794
2006-03-27,1.785
2006-03-28,1.829
2006-03-29,1.849
2006-03-30,1.879
2006-03-31,1.863
2006-04-03,1.876
2006-04-04,1.867
2006-04-05,1.881
2006-04-06,1.904
2006-04-07,1.898
2006-04-10,1.958
2006-04-11,1.968
2006-04-12,1.985
2006-04-13,1.995
2006-04-17,2.036
2006-04-18,2.069
2006-04-19,2.082
2006-04-20,2.067
2006-04-21,2.091
2006-04-24,2.046
2006-04-25,2.069
2006-04-26,2.032
2006-04-27,1.994
2006-04-28,2.013
2006-05-01,2.084
2006-05-02,2.104
2006-05-03,2.03
2006-05-04,1.963
2006-05-05,1.984
2006-05-08,1.979
2006-05-09,2.017
2006-05-10,2.085
2006-05-11,2.117
2006-05-12,2.066
2006-05-15,1.968
2006-05-16,1.977
2006-05-17,1.946
2006-05-18,1.974
2006-05-19,1.948
2006-05-22,1.959
2006-05-23,2.024
2006-05-24,1.962
2006-05-25,2.014
2006-05-26,1.992
2006-05-30,2.025
2006-05-31,1.995
2006-06-01,2.002
2006-06-02,2.046
2006-06-05,2.073
2006-06-06,2.074
2006-06-07,2.031
2006-06-08,2.021
2006-06-09,2.082
2006-06-12,2.027
2006-06-13,1.973
2006-06-14,1.977
2006-06-15,1.976
2006-06-16,1.97
2006-06-19,1.937
2006-06-20,1.951
2006-06-21,1.983
2006-06-22,2.018
2006-06-23,2.007
2006-06-26,2.026
2006-06-27,2.01
2006-06-28,1.998
2006-06-29,2.05
2006-06-30,2.029
2006-07-05,2.123
2006-07-06,2.127
2006-07-07,2.08
2006-07-10,2.044
2006-07-11,2.084
2006-07-12,2.089
2006-07-13,2.157
2006-07-14,2.154
2006-07-17,2.103
2006-07-18,2.074
2006-07-19,2.048
2006-07-20,2.016
2006-07-21,2.024
2006-07-24,2.041
2006-07-25,2.006
2006-07-26,2.028
2006-07-27,2.052
2006-07-28,2.017
2006-07-31,2.038
2006-08-01,2.148
2006-08-02,2.183
2006-08-03,2.171
2006-08-04,2.146
2006-08-07,2.198
2006-08-08,2.178
2006-08-09,2.173
2006-08-10,2.099
2006-08-11,2.109
2006-08-14,2.085
2006-08-15,2.086
2006-08-16,2.077
2006-08-17,2.023
2006-08-18,2.038
2006-08-21,2.08
2006-08-22,2.083
2006-08-23,2.042
2006-08-24,2.064
2006-08-25,2.065
2006-08-28,1.997
2006-08-29,1.984
2006-08-30,1.995
2006-08-31,2.011
2006-09-01,2.024
2006-09-05,1.996
2006-09-06,1.97
2006-09-07,1.948
2006-09-08,1.908
2006-09-11,1.871
2006-09-12,1.813
2006-09-13,1.809
2006-09-14,1.787
2006-09-15,1.772
2006-09-18,1.787
2006-09-19,1.749
2006-09-20,1.701
2006-09-21,1.724
2006-09-22,1.693
2006-09-25,1.706
2006-09-26,1.7
2006-09-27,1.757
2006-09-28,1.759
2006-09-29,1.754
2006-10-02,1.762
2006-10-03,1.713
2006-10-04,1.735
2006-10-05,1.748
2006-10-06,1.753
2006-10-09,1.78
2006-10-10,1.732
2006-10-11,1.719
2006-10-12,1.733
2006-10-13,1.761
2006-10-16,1.798
2006-10-17,1.772
2006-10-18,1.732
2006-10-19,1.759
2006-10-20,1.722
2006-10-23,1.709
2006-10-24,1.731
2006-10-25,1.777
2006-10-26,1.74
2006-10-27,1.739
2006-10-30,1.66
2006-10-31,1.667
2006-11-01,1.712
2006-11-02,1.699
2006-11-03,1.738
2006-11-06,1.775
2006-11-07,1.736
2006-11-08,1.763
2006-11-09,1.8
2006-11-10,1.753
2006-11-13,1.718
2006-11-14,1.717
2006-11-15,1.744
2006-11-16,1.705
2006-11-17,1.717
2006-11-20,1.719
2006-11-21,1.779
2006-11-22,1.719
2006-11-27,1.758
2006-11-28,1.78
2006-11-29,1.835
2006-11-30,1.85
2006-12-01,1.88
2006-12-04,1.843
2006-12-05,1.833
2006-12-06,1.832
2006-12-07,1.819
2006-12-08,1.797
2006-12-11,1.77
2006-12-12,1.766
2006-12-13,1.77
2006-12-14,1.812
2006-12-15,1.817
2006-12-18,1.755
2006-12-19,1.759
2006-12-20,1.769
2006-12-21,1.74
2006-12-22,1.721
2006-12-26,1.666
2006-12-27,1.653
2006-12-28,1.656
2006-12-29,1.648
2007-01-03,1.627
2007-01-04,1.581
2007-01-05,1.603
2007-01-08,1.595
2007-01-09,1.591
2007-01-10,1.558
2007-01-11,1.51
2007-01-12,1.532
2007-01-16,1.503
2007-01-17,1.523
2007-01-18,1.494
2007-01-19,1.533
2007-01-22,1.525
2007-01-23,1.593
2007-01-24,1.596
2007-01-25,1.559
2007-01-26,1.601
2007-01-29,1.557
2007-01-30,1.646
2007-01-31,1.684
2007-02-01,1.66
2007-02-02,1.687
2007-02-05,1.677
2007-02-06,1.688
2007-02-07,1.662
2007-02-08,1.72
2007-02-09,1.72
2007-02-12,1.648
2007-02-13,1.689
2007-02-14,1.636
2007-02-15,1.623
2007-02-16,1.667
2007-02-20,1.641
2007-02-21,1.681
2007-02-22,1.723
2007-02-23,1.746
2007-02-26,1.75
2007-02-27,1.771
2007-02-28,1.778
2007-03-01,1.774
2007-03-02,1.765
2007-03-05,1.723
2007-03-06,1.745
2007-03-07,1.767
2007-03-08,1.76
2007-03-09,1.711
2007-03-12,1.682
2007-03-13,1.689
2007-03-14,1.707
2007-03-15,1.688
2007-03-16,1.686
2007-03-19,1.685
2007-03-20,1.665
2007-03-21,1.666
2007-03-22,1.721
2007-03-23,1.717
2007-03-26,1.775
2007-03-27,1.785
2007-03-28,1.827
2007-03-29,1.878
2007-03-30,1.877
2007-04-02,1.871
2007-04-03,1.849
2007-04-04,1.874
2007-04-05,1.873
2007-04-09,1.83
2007-04-10,1.868
2007-04-11,1.886
2007-04-12,1.915
2007-04-13,1.906
2007-04-16,1.866
2007-04-17,1.807
2007-04-18,1.813
2007-04-19,1.807
2007-04-20,1.834
2007-04-23,1.895
2007-04-24,1.848
2007-04-25,1.901
2007-04-26,1.889
2007-04-27,1.913
2007-04-30,1.895
2007-05-01,1.898
2007-05-02,1.87
2007-05-03,1.862
2007-05-04,1.846
2007-05-07,1.816
2007-05-08,1.84
2007-05-09,1.827
2007-05-10,1.866
2007-05-11,1.887
2007-05-14,1.87
2007-05-15,1.894
2007-05-16,1.874
2007-05-17,1.941
2007-05-18,1.921
2007-05-21,1.952
2007-05-22,1.91
2007-05-23,1.935
2007-05-24,1.93
2007-05-25,1.942
2007-05-29,1.873
2007-05-30,1.874
2007-05-31,1.883
2007-06-01,1.934
2007-06-04,1.971
2007-06-05,1.971
2007-06-06,1.979
2007-06-07,1.986
2007-06-08,1.911
2007-06-11,1.943
2007-06-12,1.927
2007-06-13,1.97
2007-06-14,2.026
2007-06-15,2.021
2007-06-18,2.045
2007-06-19,2.038
2007-06-20,2.042
2007-06-21,2.033
2007-06-22,2.045
2007-06-25,2.046
2007-06-26,1.999
2007-06-27,2.032
2007-06-28,2.027
2007-06-29,2.042
2007-07-02,2.076
2007-07-03,2.081
2007-07-05,2.103
2007-07-06,2.112
2007-07-09,2.111
2007-07-10,2.141
2007-07-11,2.12
2007-07-12,2.117
2007-07-13,2.129
2007-07-16,2.077
2007-07-17,2.056
2007-07-18,2.126
2007-07-19,2.135
2007-07-20,2.114
2007-07-23,2.078
2007-07-24,2.049
2007-07-25,2.085
2007-07-26,2.053
2007-07-27,2.093
2007-07-30,2.083
2007-07-31,2.123
2007-08-01,2.091
2007-08-02,2.097
2007-08-03,2.059
2007-08-06,1.964
2007-08-07,1.99
2007-08-08,1.99
2007-08-09,2.01
2007-08-10,1.991
2007-08-13,1.986
2007-08-14,1.999
2007-08-15,2.044
2007-08-16,1.999
2007-08-17,2.035
2007-08-20,1.998
2007-08-21,1.97
2007-08-22,1.964
2007-08-23,1.978
2007-08-24,2.016
2007-08-27,2.028
2007-08-28,2.016
2007-08-29,2.061
2007-08-30,2.048
2007-08-31,2.057
2007-09-04,2.097
2007-09-05,2.115
2007-09-06,2.149
2007-09-07,2.157
2007-09-10,2.185
2007-09-11,2.195
2007-09-12,2.232
2007-09-13,2.233
2007-09-14,2.219
2007-09-17,2.242
2007-09-18,2.258
2007-09-19,2.262
2007-09-20,2.278
2007-09-21,2.275
2007-09-24,2.252
2007-09-25,2.207
2007-09-26,2.203
2007-09-27,2.269
2007-09-28,2.226
2007-10-01,2.2
2007-10-02,2.182
2007-10-03,2.196
2007-10-04,2.246
2007-10-05,2.241
2007-10-08,2.178
2007-10-09,2.203
2007-10-10,2.235
2007-10-11,2.266
2007-10-12,2.267
2007-10-15,2.327
2007-10-16,2.358
2007-10-17,2.337
2007-10-18,2.367
2007-10-19,2.349
2007-10-22,2.329
2007-10-23,2.32
2007-10-24,2.363
2007-10-25,2.427
2007-10-26,2.451
2007-10-29,2.484
2007-10-30,2.442
2007-10-31,2.529
2007-11-01,2.527
2007-11-02,2.587
2007-11-05,2.558
2007-11-06,2.621
2007-11-07,2.632
2007-11-08,2.619
2007-11-09,2.632
2007-11-12,2.594
2007-11-13,2.514
2007-11-14,2.584
2007-11-15,2.57
2007-11-16,2.598
2007-11-19,2.617
2007-11-20,2.703
2007-11-21,2.698
2007-11-23,2.715
2007-11-26,2.714
2007-11-27,2.658
2007-11-28,2.578
2007-11-29,2.579
2007-11-30,2.515
2007-12-03,2.5
2007-12-04,2.501
2007-12-05,2.484
2007-12-06,2.539
2007-12-07,2.502
2007-12-10,2.478
2007-12-11,2.523
2007-12-12,2.639
2007-12-13,2.611
2007-12-14,2.601
2007-12-17,2.594
2007-12-18,2.554
2007-12-19,2.595
2007-12-20,2.586
2007-12-21,2.606
2007-12-24,2.59
2007-12-26,2.639
2007-12-27,2.676
2007-12-28,2.629
2007-12-31,2.649
2008-01-02,2.725
2008-01-03,2.707
2008-01-04,2.675
2008-01-07,2.59
2008-01-08,2.63
2008-01-09,2.606
2008-01-10,2.55
2008-01-11,2.525
2008-01-14,2.577
2008-01-15,2.534
2008-01-16,2.504
2008-01-17,2.488
2008-01-18,2.497
2008-01-22,2.463
2008-01-23,2.41
2008-01-24,2.464
2008-01-25,2.506
2008-01-28,2.515
2008-01-29,2.533
2008-01-30,2.542
2008-01-31,2.529
2008-02-01,2.432
2008-02-04,2.465
2008-02-05,2.429
2008-02-06,2.403
2008-02-07,2.441
2008-02-08,2.534
2008-02-11,2.578
2008-02-12,2.565
2008-02-13,2.588
2008-02-14,2.637
2008-02-15,2.625
2008-02-19,2.744
2008-02-20,2.737
2008-02-21,2.717
2008-02-22,2.743
2008-02-25,2.76
2008-02-26,2.79
2008-02-27,2.748
2008-02-28,2.823
2008-02-29,2.807
2008-03-03,2.806
2008-03-04,2.751
2008-03-05,2.889
2008-03-06,2.916
2008-03-07,2.885
2008-03-10,2.907
2008-03-11,2.932
2008-03-12,2.962
2008-03-13,3.036
2008-03-14,3.04
2008-03-17,2.977
2008-03-18,3.065
2008-03-19,2.947
2008-03-20,2.906
2008-03-24,2.874
2008-03-25,2.84
2008-03-26,2.946
2008-03-27,3.038
2008-03-28,2.988
2008-03-31,2.906
2008-04-01,2.837
2008-04-02,2.914
2008-04-03,2.885
2008-04-04,2.954
2008-04-07,3.044
2008-04-08,3.062
2008-04-09,3.169
2008-04-10,3.145
2008-04-11,3.157
2008-04-14,3.162
2008-04-15,3.233
2008-04-16,3.242
2008-04-17,3.226
2008-04-18,3.258
2008-04-21,3.283
2008-04-22,3.297
2008-04-23,3.307
2008-04-24,3.248
2008-04-25,3.291
2008-04-28,3.288
2008-04-29,3.233
2008-04-30,3.158
2008-05-01,3.131
2008-05-02,3.23
2008-05-05,3.319
2008-05-06,3.366
2008-05-07,3.459
2008-05-08,3.521
2008-05-09,3.648
2008-05-12,3.573
2008-05-13,3.709
2008-05-14,3.622
2008-05-15,3.629
2008-05-16,3.709
2008-05-19,3.686
2008-05-20,3.792
2008-05-21,3.926
2008-05-22,3.974
2008-05-23,3.889
2008-05-27,3.824
2008-05-28,3.847
2008-05-29,3.706
2008-05-30,3.667
2008-06-02,3.745
2008-06-03,3.664
2008-06-04,3.57
2008-06-05,3.704
2008-06-06,3.996
2008-06-09,3.903
2008-06-10,3.838
2008-06-11,4
2008-06-12,3.967
2008-06-13,3.863
2008-06-16,3.857
2008-06-17,3.85
2008-06-18,3.888
2008-06-19,3.744
2008-06-20,3.803
2008-06-23,3.827
2008-06-24,3.842
2008-06-25,3.775
2008-06-26,3.91
2008-06-27,3.933
2008-06-30,3.91
2008-07-01,3.982
2008-07-02,4.108
2008-07-03,4.143
2008-07-07,4.008
2008-07-08,3.86
2008-07-09,3.89
2008-07-10,4.072
2008-07-11,4.112
2008-07-14,4.099
2008-07-15,3.951
2008-07-16,3.874
2008-07-17,3.776
2008-07-18,3.723
2008-07-21,3.778
2008-07-22,3.703
2008-07-23,3.578
2008-07-24,3.595
2008-07-25,3.549
2008-07-28,3.588
2008-07-29,3.499
2008-07-30,3.546
2008-07-31,3.459
2008-08-01,3.471
2008-08-04,3.383
2008-08-05,3.311
2008-08-06,3.269
2008-08-07,3.266
2008-08-08,3.16
2008-08-11,3.152
2008-08-12,3.108
2008-08-13,3.161
2008-08-14,3.129
2008-08-15,3.147
2008-08-18,3.113
2008-08-19,3.15
2008-08-20,3.191
2008-08-21,3.327
2008-08-22,3.159
2008-08-25,3.179
2008-08-26,3.234
2008-08-27,3.282
2008-08-28,3.202
2008-08-29,3.192
2008-09-02,3.103
2008-09-03,3.104
2008-09-04,3.049
2008-09-05,3.006
2008-09-08,3.033
2008-09-09,2.944
2008-09-10,2.92
2008-09-11,2.929
2008-09-12,2.951
2008-09-15,2.807
2008-09-16,2.734
2008-09-17,2.838
2008-09-18,2.802
2008-09-19,2.917
2008-09-22,3.063
2008-09-23,3.013
2008-09-24,3.027
2008-09-25,3.048
2008-09-26,3.017
2008-09-29,2.789
2008-09-30,2.895
2008-10-01,2.87
2008-10-02,2.736
2008-10-03,2.689
2008-10-06,2.503
2008-10-07,2.535
2008-10-08,2.525
2008-10-09,2.451
2008-10-10,2.244
2008-10-13,2.37
2008-10-14,2.288
2008-10-15,2.217
2008-10-16,2.111
2008-10-17,2.157
2008-10-20,2.23
2008-10-21,2.198
2008-10-22,2.056
2008-10-23,2.056
2008-10-24,1.97
2008-10-27,1.938
2008-10-28,1.934
2008-10-29,2.025
2008-10-30,2
2008-10-31,2.084
2008-11-03,2.014
2008-11-04,2.192
2008-11-05,2.085
2008-11-06,1.971
2008-11-07,2.006
2008-11-10,2.033
2008-11-11,1.955
2008-11-12,1.861
2008-11-13,1.899
2008-11-14,1.859
2008-11-17,1.809
2008-11-18,1.775
2008-11-19,1.774
2008-11-20,1.687
2008-11-21,1.709
2008-11-24,1.796
2008-11-25,1.707
2008-11-26,1.762
2008-11-28,1.727
2008-12-01,1.642
2008-12-02,1.609
2008-12-03,1.608
2008-12-04,1.535
2008-12-05,1.458
2008-12-08,1.522
2008-12-09,1.468
2008-12-10,1.436
2008-12-11,1.54
2008-12-12,1.519
2008-12-15,1.487
2008-12-16,1.483
2008-12-17,1.465
2008-12-18,1.42
2008-12-19,1.416
2008-12-22,1.362
2008-12-23,1.345
2008-12-24,1.221
2008-12-26,1.268
2008-12-29,1.309
2008-12-30,1.306
2008-12-31,1.442
2009-01-02,1.502
2009-01-05,1.594
2009-01-06,1.638
2009-01-07,1.552
2009-01-08,1.526
2009-01-09,1.494
2009-01-12,1.471
2009-01-13,1.513
2009-01-14,1.462
2009-01-15,1.481
2009-01-16,1.464
2009-01-20,1.37
2009-01-21,1.38
2009-01-22,1.346
2009-01-23,1.445
2009-01-26,1.423
2009-01-27,1.365
2009-01-28,1.412
2009-01-29,1.418
2009-01-30,1.434
2009-02-02,1.343
2009-02-03,1.327
2009-02-04,1.328
2009-02-05,1.37
2009-02-06,1.365
2009-02-09,1.359
2009-02-10,1.306
2009-02-11,1.317
2009-02-12,1.322
2009-02-13,1.298
2009-02-17,1.183
2009-02-18,1.141
2009-02-19,1.201
2009-02-20,1.194
2009-02-23,1.169
2009-02-24,1.202
2009-02-25,1.234
2009-02-26,1.294
2009-02-27,1.268
2009-03-02,1.16
2009-03-03,1.19
2009-03-04,1.228
2009-03-05,1.176
2009-03-06,1.244
2009-03-09,1.228
2009-03-10,1.212
2009-03-11,1.147
2009-03-12,1.238
2009-03-13,1.208
2009-03-16,1.226
2009-03-17,1.288
2009-03-18,1.279
2009-03-19,1.371
2009-03-20,1.4
2009-03-23,1.485
2009-03-24,1.514
2009-03-25,1.475
2009-03-26,1.489
2009-03-27,1.441
2009-03-30,1.35
2009-03-31,1.368
2009-04-01,1.368
2009-04-02,1.464
2009-04-03,1.47
2009-04-06,1.442
2009-04-07,1.416
2009-04-08,1.423
2009-04-09,1.454
2009-04-13,1.423
2009-04-14,1.426
2009-04-15,1.424
2009-04-16,1.444
2009-04-17,1.444
2009-04-20,1.353
2009-04-21,1.366
2009-04-22,1.346
2009-04-23,1.335
2009-04-24,1.386
2009-04-27,1.341
2009-04-28,1.333
2009-04-29,1.348
2009-04-30,1.337
2009-05-01,1.422
2009-05-04,1.468
2009-05-05,1.459
2009-05-06,1.504
2009-05-07,1.515
2009-05-08,1.546
2009-05-11,1.527
2009-05-12,1.535
2009-05-13,1.517
2009-05-14,1.521
2009-05-15,1.446
2009-05-18,1.504
2009-05-19,1.512
2009-05-20,1.565
2009-05-21,1.556
2009-05-22,1.564
2009-05-26,1.571
2009-05-27,1.588
2009-05-28,1.631
2009-05-29,1.678
2009-06-01,1.808
2009-06-02,1.828
2009-06-03,1.773
2009-06-04,1.817
2009-06-05,1.803
2009-06-08,1.802
2009-06-09,1.84
2009-06-10,1.864
2009-06-11,1.889
2009-06-12,1.875
2009-06-15,1.85
2009-06-16,1.854
2009-06-17,1.897
2009-06-18,1.875
2009-06-19,1.826
2009-06-22,1.768
2009-06-23,1.814
2009-06-24,1.783
2009-06-25,1.824
2009-06-26,1.781
2009-06-29,1.834
2009-06-30,1.788
2009-07-01,1.813
2009-07-02,1.749
2009-07-06,1.675
2009-07-07,1.647
2009-07-08,1.58
2009-07-09,1.578
2009-07-10,1.57
2009-07-13,1.545
2009-07-14,1.55
2009-07-15,1.617
2009-07-16,1.635
2009-07-17,1.676
2009-07-20,1.72
2009-07-21,1.727
2009-07-22,1.74
2009-07-23,1.794
2009-07-24,1.808
2009-07-27,1.821
2009-07-28,1.788
2009-07-29,1.696
2009-07-30,1.79
2009-07-31,1.833
2009-08-03,1.902
2009-08-04,1.93
2009-08-05,1.983
2009-08-06,1.965
2009-08-07,1.942
2009-08-10,1.957
2009-08-11,1.938
2009-08-12,1.923
2009-08-13,1.934
2009-08-14,1.868
2009-08-17,1.852
2009-08-18,1.892
2009-08-19,1.945
2009-08-20,1.911
2009-08-21,1.929
2009-08-24,1.946
2009-08-25,1.88
2009-08-26,1.875
2009-08-27,1.885
2009-08-28,1.887
2009-08-31,1.809
2009-09-01,1.789
2009-09-02,1.781
2009-09-03,1.768
2009-09-04,1.755
2009-09-08,1.818
2009-09-09,1.831
2009-09-10,1.827
2009-09-11,1.77
2009-09-14,1.778
2009-09-15,1.814
2009-09-16,1.858
2009-09-17,1.872
2009-09-18,1.859
2009-09-21,1.785
2009-09-22,1.844
2009-09-23,1.79
2009-09-24,1.711
2009-09-25,1.707
2009-09-28,1.72
2009-09-29,1.727
2009-09-30,1.832
2009-10-01,1.856
2009-10-02,1.826
2009-10-05,1.822
2009-10-06,1.843
2009-10-07,1.81
2009-10-08,1.875
2009-10-09,1.879
2009-10-12,1.92
2009-10-13,1.951
2009-10-14,1.974
2009-10-15,2.048
2009-10-16,2.063
2009-10-19,2.084
2009-10-20,2.077
2009-10-21,2.135
2009-10-22,2.124
2009-10-23,2.105
2009-10-26,2.063
2009-10-27,2.079
2009-10-28,2.021
2009-10-29,2.079
2009-10-30,2.005
2009-11-02,2.078
2009-11-03,2.107
2009-11-04,2.126
2009-11-05,2.096
2009-11-06,2.043
2009-11-09,2.101
2009-11-10,2.087
2009-11-11,2.09
2009-11-12,2.027
2009-11-13,2.003
2009-11-16,2.07
2009-11-17,2.094
2009-11-18,2.085
2009-11-19,2.034
2009-11-20,2.013
2009-11-23,2.018
2009-11-24,1.99
2009-11-25,2.036
2009-11-27,2.01
2009-11-30,2.048
2009-12-01,2.108
2009-12-02,2.068
2009-12-03,2.082
2009-12-04,2.059
2009-12-07,2.041
2009-12-08,2.017
2009-12-09,1.937
2009-12-10,1.929
2009-12-11,1.931
2009-12-14,1.931
2009-12-15,1.927
2009-12-16,1.987
2009-12-17,1.976
2009-12-18,1.975
2009-12-21,1.965
2009-12-22,1.97
2009-12-23,2.033
2009-12-24,2.056
2009-12-28,2.093
2009-12-29,2.117
2009-12-30,2.12
2009-12-31,2.116
2010-01-04,2.193
2010-01-05,2.201
2010-01-06,2.214
2010-01-07,2.195
2010-01-08,2.207
2010-01-11,2.19
2010-01-12,2.142
2010-01-13,2.105
2010-01-14,2.092
2010-01-15,2.058
2010-01-19,2.059
2010-01-20,2.034
2010-01-21,1.998
2010-01-22,1.953
2010-01-25,1.975
2010-01-26,1.962
2010-01-27,1.927
2010-01-28,1.929
2010-01-29,1.913
2010-02-01,1.961
2010-02-02,2.038
2010-02-03,2.027
2010-02-04,1.943
2010-02-08,1.893
2010-02-09,1.944
2010-02-10,1.954
2010-02-11,1.971
2010-02-12,1.929
2010-02-16,2.006
2010-02-17,2.017
2010-02-18,2.062
2010-02-19,2.079
2010-02-22,2.088
2010-02-23,2.043
2010-02-24,2.054
2010-02-25,1.999
2010-02-26,2.035
2010-03-01,2.035
2010-03-02,2.067
2010-03-03,2.104
2010-03-04,2.081
2010-03-05,2.11
2010-03-08,2.119
2010-03-09,2.103
2010-03-10,2.128
2010-03-11,2.126
2010-03-12,2.105
2010-03-15,2.069
2010-03-16,2.125
2010-03-17,2.151
2010-03-18,2.133
2010-03-19,2.089
2010-03-22,2.098
2010-03-23,2.114
2010-03-24,2.084
2010-03-25,2.082
2010-03-26,2.081
2010-03-29,2.129
2010-03-30,2.132
2010-03-31,2.179
2010-04-01,2.231
2010-04-05,2.283
2010-04-06,2.285
2010-04-07,2.261
2010-04-08,2.245
2010-04-09,2.244
2010-04-12,2.237
2010-04-13,2.233
2010-04-14,2.262
2010-04-15,2.274
2010-04-16,2.239
2010-04-19,2.184
2010-04-20,2.205
2010-04-21,2.23
2010-04-22,2.24
2010-04-23,2.275
2010-04-26,2.264
2010-04-27,2.255
2010-04-28,2.254
2010-04-29,2.278
2010-04-30,2.316
2010-05-03,2.371
2010-05-04,2.285
2010-05-05,2.21
2010-05-06,2.138
2010-05-07,2.1
2010-05-10,2.141
2010-05-11,2.16
2010-05-12,2.177
2010-05-13,2.149
2010-05-14,2.075
2010-05-17,2.002
2010-05-18,1.979
2010-05-19,1.961
2010-05-20,1.916
2010-05-21,1.911
2010-05-24,1.914
2010-05-25,1.884
2010-05-26,1.932
2010-05-27,2.01
2010-05-28,2.005
2010-06-01,1.991
2010-06-02,2.025
2010-06-03,2.058
2010-06-04,1.977
2010-06-07,1.988
2010-06-08,1.985
2010-06-09,2.029
2010-06-10,2.053
2010-06-11,2.026
2010-06-14,2.045
2010-06-15,2.087
2010-06-16,2.127
2010-06-17,2.162
2010-06-18,2.144
2010-06-21,2.161
2010-06-22,2.131
2010-06-23,2.087
2010-06-24,2.078
2010-06-25,2.133
2010-06-28,2.117
2010-06-29,2.05
2010-06-30,2.014
2010-07-01,1.968
2010-07-02,1.942
2010-07-06,1.942
2010-07-07,2.001
2010-07-08,2.029
2010-07-09,2.049
2010-07-12,2.016
2010-07-13,2.071
2010-07-14,2.059
2010-07-15,2.042
2010-07-16,2.034
2010-07-19,2.041
2010-07-20,2.051
2010-07-21,2.016
2010-07-22,2.09
2010-07-23,2.079
2010-07-26,2.071
2010-07-27,2.029
2010-07-28,2.026
2010-07-29,2.07
2010-07-30,2.088
2010-08-02,2.182
2010-08-03,2.229
2010-08-04,2.231
2010-08-05,2.215
2010-08-06,2.178
2010-08-09,2.188
2010-08-10,2.158
2010-08-11,2.107
2010-08-12,2.033
2010-08-13,2.024
2010-08-16,2.016
2010-08-17,2.051
2010-08-18,2.048
2010-08-19,2.024
2010-08-20,1.993
2010-08-23,1.977
2010-08-24,1.954
2010-08-25,1.986
2010-08-26,2.024
2010-08-27,2.058
2010-08-30,2.038
2010-08-31,1.992
2010-09-01,2.063
2010-09-02,2.084
2010-09-03,2.081
2010-09-07,2.097
2010-09-08,2.106
2010-09-09,2.09
2010-09-10,2.122
2010-09-13,2.139
2010-09-14,2.145
2010-09-15,2.15
2010-09-16,2.119
2010-09-17,2.117
2010-09-20,2.155
2010-09-21,2.136
2010-09-22,2.125
2010-09-23,2.134
2010-09-24,2.15
2010-09-27,2.139
2010-09-28,2.141
2010-09-29,2.211
2010-09-30,2.268
2010-10-01,2.31
2010-10-04,2.301
2010-10-05,2.322
2010-10-06,2.327
2010-10-07,2.272
2010-10-08,2.301
2010-10-11,2.297
2010-10-12,2.283
2010-10-13,2.319
2010-10-14,2.303
2010-10-15,2.25
2010-10-18,2.295
2010-10-19,2.21
2010-10-20,2.273
2010-10-21,2.233
2010-10-22,2.269
2010-10-25,2.274
2010-10-26,2.268
2010-10-27,2.256
2010-10-28,2.259
2010-10-29,2.238
2010-11-01,2.302
2010-11-02,2.318
2010-11-03,2.351
2010-11-04,2.396
2010-11-05,2.407
2010-11-08,2.42
2010-11-09,2.426
2010-11-10,2.458
2010-11-11,2.443
2010-11-12,2.381
2010-11-15,2.389
2010-11-16,2.328
2010-11-17,2.272
2010-11-18,2.313
2010-11-19,2.292
2010-11-22,2.286
2010-11-23,2.267
2010-11-24,2.342
2010-11-26,2.333
2010-11-29,2.38
2010-11-30,2.324
2010-12-01,2.418
2010-12-02,2.465
2010-12-03,2.501
2010-12-06,2.491
2010-12-07,2.489
2010-12-08,2.48
2010-12-09,2.483
2010-12-10,2.472
2010-12-13,2.481
2010-12-14,2.48
2010-12-15,2.493
2010-12-16,2.485
2010-12-17,2.486
2010-12-20,2.504
2010-12-21,2.529
2010-12-22,2.54
2010-12-23,2.552
2010-12-27,2.527
2010-12-28,2.536
2010-12-29,2.534
2010-12-30,2.5
2010-12-31,2.542
2011-01-03,2.559
2011-01-04,2.517
2011-01-05,2.551
2011-01-06,2.518
2011-01-07,2.491
2011-01-10,2.558
2011-01-11,2.611
2011-01-12,2.622
2011-01-13,2.613
2011-01-14,2.649
2011-01-18,2.649
2011-01-19,2.659
2011-01-20,2.627
2011-01-21,2.654
2011-01-24,2.623
2011-01-25,2.597
2011-01-26,2.671
2011-01-27,2.655
2011-01-28,2.694
2011-01-31,2.74
2011-02-01,2.752
2011-02-02,2.778
2011-02-03,2.767
2011-02-04,2.718
2011-02-07,2.708
2011-02-08,2.731
2011-02-09,2.771
2011-02-10,2.716
2011-02-11,2.703
2011-02-14,2.755
2011-02-15,2.732
2011-02-16,2.781
2011-02-17,2.741
2011-02-18,2.726
2011-02-22,2.804
2011-02-23,2.917
2011-02-24,2.893
2011-02-25,2.946
2011-02-28,2.939
2011-03-01,3.037
2011-03-02,3.069
2011-03-03,3.059
2011-03-04,3.096
2011-03-07,3.074
2011-03-08,3.023
2011-03-09,3.08
2011-03-10,3.056
2011-03-11,3.038
2011-03-14,3.071
2011-03-15,2.961
2011-03-16,3.005
2011-03-17,3.075
2011-03-18,3.036
2011-03-21,3.067
2011-03-22,3.092
2011-03-23,3.072
2011-03-24,3.079
2011-03-25,3.072
2011-03-28,3.041
2011-03-29,3.057
2011-03-30,3.053
2011-03-31,3.113
2011-04-01,3.145
2011-04-04,3.181
2011-04-05,3.197
2011-04-06,3.205
2011-04-07,3.218
2011-04-08,3.329
2011-04-11,3.265
2011-04-12,3.186
2011-04-13,3.216
2011-04-14,3.202
2011-04-15,3.237
2011-04-18,3.195
2011-04-19,3.173
2011-04-20,3.236
2011-04-21,3.216
2011-04-25,3.199
2011-04-26,3.227
2011-04-27,3.248
2011-04-28,3.246
2011-04-29,3.276
2011-05-02,3.267
2011-05-03,3.206
2011-05-04,3.158
2011-05-05,2.902
2011-05-06,2.859
2011-05-09,2.974
2011-05-10,3.015
2011-05-11,2.912
2011-05-12,2.926
2011-05-13,2.954
2011-05-16,2.889
2011-05-17,2.859
2011-05-18,2.919
2011-05-19,2.909
2011-05-20,2.932
2011-05-23,2.86
2011-05-24,2.921
2011-05-25,2.992
2011-05-26,2.993
2011-05-27,3.001
2011-05-31,3.053
2011-06-01,3.023
2011-06-02,3.058
2011-06-03,3.07
2011-06-06,3.032
2011-06-07,3.091
2011-06-08,3.108
2011-06-09,3.151
2011-06-10,3.12
2011-06-13,3.12
2011-06-14,3.139
2011-06-15,2.998
2011-06-16,3.018
2011-06-17,2.998
2011-06-20,2.947
2011-06-21,2.906
2011-06-22,2.971
2011-06-23,2.799
2011-06-24,2.769
2011-06-27,2.781
2011-06-28,2.842
2011-06-29,2.935
2011-06-30,2.946
2011-07-01,2.94
2011-07-05,2.973
2011-07-06,2.979
2011-07-07,3.116
2011-07-08,3.108
2011-07-11,3.098
2011-07-12,3.1
2011-07-13,3.114
2011-07-14,3.096
2011-07-15,3.129
2011-07-18,3.091
2011-07-19,3.111
2011-07-20,3.132
2011-07-21,3.113
2011-07-22,3.142
2011-07-25,3.121
2011-07-26,3.125
2011-07-27,3.094
2011-07-28,3.114
2011-07-29,3.099
2011-08-01,3.11
2011-08-02,3.105
2011-08-03,3.032
2011-08-04,2.905
2011-08-05,2.951
2011-08-08,2.811
2011-08-09,2.776
2011-08-10,2.875
2011-08-11,2.906
2011-08-12,2.911
2011-08-15,2.954
2011-08-16,2.942
2011-08-17,2.971
2011-08-18,2.884
2011-08-19,2.913
2011-08-22,2.919
2011-08-23,2.949
2011-08-24,2.969
2011-08-25,2.993
2011-08-26,3.016
2011-08-29,3.017
2011-08-30,3.077
2011-08-31,3.084
2011-09-01,3.061
2011-09-02,3.006
2011-09-06,3.02
2011-09-07,3.086
2011-09-08,3.053
2011-09-09,2.994
2011-09-12,2.957
2011-09-13,2.947
2011-09-14,2.954
2011-09-15,3.031
2011-09-16,3.017
2011-09-19,2.954
2011-09-20,2.971
2011-09-21,2.945
2011-09-22,2.858
2011-09-23,2.806
2011-09-26,2.803
2011-09-27,2.886
2011-09-28,2.827
2011-09-29,2.827
2011-09-30,2.779
2011-10-03,2.749
2011-10-04,2.717
2011-10-05,2.774
2011-10-06,2.853
2011-10-07,2.851
2011-10-10,2.898
2011-10-11,2.904
2011-10-12,2.93
2011-10-13,2.963
2011-10-14,3.047
2011-10-17,3.01
2011-10-18,3.027
2011-10-19,2.98
2011-10-20,3.027
2011-10-21,3.016
2011-10-24,3.054
2011-10-25,3.051
2011-10-26,3.021
2011-10-27,3.104
2011-10-28,3.066
2011-10-31,3.058
2011-11-01,3.033
2011-11-02,3
2011-11-03,3.037
2011-11-04,3.07
2011-11-07,3.119
2011-11-08,3.12
2011-11-09,3.099
2011-11-10,3.146
2011-11-11,3.168
2011-11-14,3.162
2011-11-15,3.174
2011-11-16,3.141
2011-11-17,3.09
2011-11-18,3.041
2011-11-21,3.004
2011-11-22,3.047
2011-11-23,2.971
2011-11-25,2.941
2011-11-28,2.983
2011-11-29,3.034
2011-11-30,3.025
2011-12-01,2.981
2011-12-02,3
2011-12-05,3.002
2011-12-07,2.993
2011-12-08,2.94
2011-12-09,2.925
2011-12-12,2.906
2011-12-13,2.94
2011-12-14,2.839
2011-12-15,2.832
2011-12-16,2.811
2011-12-19,2.79
2011-12-20,2.859
2011-12-21,2.918
2011-12-22,2.915
2011-12-23,2.9
2011-12-27,2.916
2011-12-28,2.901
2011-12-29,2.92
2011-12-30,2.914
2012-01-03,3.029
2012-01-04,3.083
2012-01-05,3.036
2012-01-06,3.064
2012-01-09,3.068
2012-01-10,3.094
2012-01-11,3.059
2012-01-12,3.046
2012-01-13,3.02
2012-01-17,3.034
2012-01-18,3.011
2012-01-19,3.034
2012-01-20,2.985
2012-01-23,3.004
2012-01-24,3.015
2012-01-25,3.01
2012-01-26,3.045
2012-01-27,3.059
2012-01-30,3.038
2012-01-31,3.051
2012-02-01,3.027
2012-02-02,3.033
2012-02-03,3.095
2012-02-06,3.144
2012-02-07,3.16
2012-02-08,3.161
2012-02-09,3.182
2012-02-10,3.158
2012-02-13,3.14
2012-02-14,3.145
2012-02-15,3.172
2012-02-16,3.194
2012-02-17,3.177
2012-02-21,3.235
2012-02-22,3.265
2012-02-23,3.29
2012-02-24,3.313
2012-02-27,3.283
2012-02-28,3.22
2012-02-29,3.206
2012-03-01,3.273
2012-03-02,3.207
2012-03-05,3.222
2012-03-06,3.195
2012-03-07,3.228
2012-03-08,3.276
2012-03-09,3.273
2012-03-12,3.253
2012-03-13,3.281
2012-03-14,3.27
2012-03-15,3.229
2012-03-16,3.291
2012-03-19,3.276
2012-03-20,3.25
2012-03-21,3.231
2012-03-22,3.193
2012-03-23,3.225
2012-03-26,3.247
2012-03-27,3.236
2012-03-28,3.222
2012-03-29,3.17
2012-03-30,3.17
2012-04-02,3.256
2012-04-03,3.235
2012-04-04,3.169
2012-04-05,3.179
2012-04-09,3.157
2012-04-10,3.104
2012-04-11,3.122
2012-04-12,3.172
2012-04-13,3.179
2012-04-16,3.122
2012-04-17,3.131
2012-04-18,3.122
2012-04-19,3.128
2012-04-20,3.141
2012-04-23,3.143
2012-04-24,3.135
2012-04-25,3.167
2012-04-26,3.198
2012-04-27,3.184
2012-04-30,3.184
2012-05-01,3.18
2012-05-02,3.145
2012-05-03,3.09
2012-05-04,3.013
2012-05-07,2.985
2012-05-08,2.993
2012-05-09,3.002
2012-05-10,2.988
2012-05-11,2.968
2012-05-14,2.936
2012-05-15,2.939
2012-05-16,2.904
2012-05-17,2.856
2012-05-18,2.835
2012-05-21,2.865
2012-05-22,2.866
2012-05-23,2.816
2012-05-24,2.826
2012-05-25,2.833
2012-05-29,2.813
2012-05-30,2.744
2012-05-31,2.703
2012-06-01,2.636
2012-06-04,2.636
2012-06-05,2.64
2012-06-06,2.679
2012-06-07,2.673
2012-06-08,2.675
2012-06-11,2.639
2012-06-12,2.624
2012-06-13,2.615
2012-06-14,2.632
2012-06-15,2.65
2012-06-18,2.62
2012-06-19,2.634
2012-06-20,2.585
2012-06-21,2.523
2012-06-22,2.532
2012-06-25,2.535
2012-06-26,2.573
2012-06-27,2.59
2012-06-28,2.547
2012-06-29,2.71
2012-07-02,2.677
2012-07-03,2.76
2012-07-05,2.769
2012-07-06,2.71
2012-07-09,2.748
2012-07-10,2.717
2012-07-11,2.76
2012-07-12,2.771
2012-07-13,2.789
2012-07-16,2.828
2012-07-17,2.842
2012-07-18,2.877
2012-07-19,2.947
2012-07-20,2.924
2012-07-23,2.821
2012-07-24,2.826
2012-07-25,2.847
2012-07-26,2.869
2012-07-27,2.891
2012-07-30,2.881
2012-07-31,2.848
2012-08-01,2.866
2012-08-02,2.85
2012-08-03,2.932
2012-08-06,2.949
2012-08-07,3.006
2012-08-08,3.024
2012-08-09,3.053
2012-08-10,3.03
2012-08-13,3.031
2012-08-14,3.045
2012-08-15,3.094
2012-08-16,3.131
2012-08-17,3.101
2012-08-20,3.102
2012-08-21,3.132
2012-08-22,3.137
2012-08-23,3.141
2012-08-24,3.119
2012-08-27,3.12
2012-08-28,3.129
2012-08-29,3.122
2012-08-30,3.133
2012-08-31,3.18
2012-09-04,3.148
2012-09-05,3.12
2012-09-06,3.143
2012-09-07,3.151
2012-09-10,3.167
2012-09-11,3.184
2012-09-12,3.213
2012-09-13,3.211
2012-09-14,3.239
2012-09-17,3.164
2012-09-18,3.126
2012-09-19,3.042
2012-09-20,3.093
2012-09-21,3.118
2012-09-24,3.096
2012-09-25,3.107
2012-09-26,3.103
2012-09-27,3.151
2012-09-28,3.159
2012-10-01,3.124
2012-10-02,3.11
2012-10-03,3.046
2012-10-04,3.16
2012-10-05,3.136
2012-10-08,3.126
2012-10-09,3.181
2012-10-10,3.19
2012-10-11,3.232
2012-10-12,3.203
2012-10-15,3.193
2012-10-16,3.185
2012-10-17,3.177
2012-10-18,3.167
2012-10-19,3.118
2012-10-22,3.067
2012-10-23,3.031
2012-10-24,3.026
2012-10-25,3.045
2012-10-26,3.076
2012-10-29,3.087
2012-10-30,3.07
2012-10-31,3.062
2012-11-01,3.032
2012-11-02,2.952
2012-11-05,2.988
2012-11-06,3.059
2012-11-07,2.971
2012-11-08,2.964
2012-11-09,3.011
2012-11-12,3.006
2012-11-13,2.972
2012-11-14,2.998
2012-11-15,2.982
2012-11-16,2.995
2012-11-19,3.083
2012-11-20,3.048
2012-11-21,3.081
2012-11-23,3.086
2012-11-26,3.059
2012-11-27,3.025
2012-11-28,3.021
2012-11-29,3.057
2012-11-30,3.061
2012-12-03,3.065
2012-12-04,3.014
2012-12-05,2.997
2012-12-06,2.95
2012-12-07,2.924
2012-12-10,2.906
2012-12-11,2.932
2012-12-12,2.969
2012-12-13,2.943
2012-12-14,2.977
2012-12-17,2.954
2012-12-18,2.994
2012-12-19,3.031
2012-12-20,3.049
2012-12-21,3.01
2012-12-24,2.989
2012-12-26,3.036
2012-12-27,3.049
2012-12-28,3.021
2012-12-31,3.032
2013-01-02,3.035
2013-01-03,3.015
2013-01-04,2.999
2013-01-07,3.013
2013-01-08,3.043
2013-01-09,3.054
2013-01-10,3.046
2013-01-11,3.002
2013-01-14,3.052
2013-01-15,3.003
2013-01-16,2.992
2013-01-17,3.015
2013-01-18,3.042
2013-01-22,3.056
2013-01-23,3.065
2013-01-24,3.076
2013-01-25,3.049
2013-01-28,3.054
2013-01-29,3.099
2013-01-30,3.109
2013-01-31,3.119
2013-02-01,3.145
2013-02-04,3.128
2013-02-05,3.163
2013-02-06,3.162
2013-02-07,3.176
2013-02-08,3.216
2013-02-11,3.211
2013-02-12,3.218
2013-02-13,3.206
2013-02-14,3.211
2013-02-15,3.202
2013-02-19,3.182
2013-02-20,3.152
2013-02-21,3.095
2013-02-22,3.102
2013-02-25,3.098
2013-02-26,3.027
2013-02-27,2.985
2013-02-28,2.96
2013-03-01,3.011
2013-03-04,3.007
2013-03-05,3.054
2013-03-06,3.051
2013-03-07,3.064
2013-03-08,3.067
2013-03-11,3.075
2013-03-12,3.043
2013-03-13,3.012
2013-03-14,3.013
2013-03-15,3.031
2013-03-18,3.031
2013-03-19,2.968
2013-03-20,2.995
2013-03-21,2.98
2013-03-22,2.973
2013-03-25,2.983
2013-03-26,2.999
2013-03-27,3.037
2013-03-28,3.047
2013-04-01,3.058
2013-04-02,3.074
2013-04-03,2.991
2013-04-04,2.957
2013-04-05,2.904
2013-04-08,2.944
2013-04-09,2.955
2013-04-10,2.944
2013-04-11,2.899
2013-04-12,2.866
2013-04-15,2.822
2013-04-16,2.803
2013-04-17,2.73
2013-04-18,2.768
2013-04-19,2.776
2013-04-22,2.795
2013-04-23,2.798
2013-04-24,2.828
2013-04-25,2.88
2013-04-26,2.866
2013-04-29,2.867
2013-04-30,2.84
2013-05-01,2.787
2013-05-02,2.853
2013-05-03,2.882
2013-05-06,2.916
2013-05-07,2.92
2013-05-08,2.908
2013-05-09,2.925
2013-05-10,2.898
2013-05-13,2.883
2013-05-14,2.866
2013-05-15,2.874
2013-05-16,2.901
2013-05-17,2.929
2013-05-20,2.941
2013-05-21,2.919
2013-05-22,2.869
2013-05-23,2.857
2013-05-24,2.854
2013-05-28,2.904
2013-05-29,2.865
2013-05-30,2.844
2013-05-31,2.781
2013-06-03,2.841
2013-06-04,2.868
2013-06-05,2.859
2013-06-06,2.873
2013-06-07,2.896
2013-06-10,2.886
2013-06-11,2.861
2013-06-12,2.898
2013-06-13,2.94
2013-06-14,2.964
2013-06-17,2.952
2013-06-18,2.963
2013-06-19,2.974
2013-06-20,2.873
2013-06-21,2.843
2013-06-24,2.853
2013-06-25,2.859
2013-06-26,2.855
2013-06-27,2.888
2013-06-28,2.859
2013-07-01,2.879
2013-07-02,2.906
2013-07-03,2.955
2013-07-05,2.995
2013-07-08,2.984
2013-07-09,2.992
2013-07-10,3.007
2013-07-11,2.999
2013-07-12,3.031
2013-07-15,3.028
2013-07-16,3.046
2013-07-17,3.071
2013-07-18,3.1
2013-07-19,3.091
2013-07-22,3.069
2013-07-23,3.073
2013-07-24,3.051
2013-07-25,3.04
2013-07-26,3.013
2013-07-29,3.019
2013-07-30,3.009
2013-07-31,3.055
2013-08-01,3.098
2013-08-02,3.075
2013-08-05,3.057
2013-08-06,3.015
2013-08-07,2.971
2013-08-08,2.964
2013-08-09,3
2013-08-12,3.028
2013-08-13,3.053
2013-08-14,3.054
2013-08-15,3.08
2013-08-16,3.09
2013-08-19,3.079
2013-08-20,3.085
2013-08-21,3.082
2013-08-22,3.074
2013-08-23,3.099
2013-08-26,3.084
2013-08-27,3.166
2013-08-28,3.211
2013-08-29,3.188
2013-08-30,3.137
2013-09-03,3.148
2013-09-04,3.139
2013-09-05,3.141
2013-09-06,3.164
2013-09-09,3.12
2013-09-10,3.068
2013-09-11,3.071
2013-09-12,3.116
2013-09-13,3.112
2013-09-16,3.063
2013-09-17,3
2013-09-18,3.042
2013-09-19,3.006
2013-09-20,3.005
2013-09-23,2.957
2013-09-24,2.96
2013-09-25,2.971
2013-09-26,2.999
2013-09-27,2.985
2013-09-30,2.972
2013-10-01,2.952
2013-10-02,2.989
2013-10-03,2.996
2013-10-04,2.993
2013-10-07,3.005
2013-10-08,3.029
2013-10-09,3.013
2013-10-10,3.065
2013-10-11,3.032
2013-10-14,3.028
2013-10-15,3.012
2013-10-16,3.036
2013-10-17,2.989
2013-10-18,3.032
2013-10-21,3.007
2013-10-22,2.995
2013-10-23,2.922
2013-10-24,2.899
2013-10-25,2.909
2013-10-28,2.964
2013-10-29,2.964
2013-10-30,2.977
2013-10-31,2.954
2013-11-01,2.886
2013-11-04,2.881
2013-11-05,2.87
2013-11-06,2.875
2013-11-07,2.845
2013-11-08,2.876
2013-11-11,2.895
2013-11-12,2.858
2013-11-13,2.901
2013-11-14,2.933
2013-11-15,2.941
2013-11-18,2.924
2013-11-19,2.906
2013-11-20,2.953
2013-11-21,3.006
2013-11-22,3.039
2013-11-25,3.03
2013-11-26,3.043
2013-11-27,3.043
2013-11-28,3.043
2013-11-29,3.031
2013-12-02,3.048
2013-12-03,3.065
2013-12-04,3.06
2013-12-05,3.05
2013-12-06,3.057
2013-12-09,3.015
2013-12-10,3.017
2013-12-11,3.022
2013-12-12,2.981
2013-12-13,2.975
2013-12-16,2.989
2013-12-17,2.962
2013-12-18,3.007
2013-12-19,3.025
2013-12-20,3.07
2013-12-23,3.053
2013-12-24,3.069
2013-12-26,3.076
2013-12-27,3.092
2013-12-30,3.056
2013-12-31,3.065
2014-01-02,2.973
2014-01-03,2.926
2014-01-06,2.925
2014-01-07,2.941
2014-01-08,2.932
2014-01-09,2.905
2014-01-10,2.923
2014-01-13,2.913
2014-01-14,2.91
2014-01-15,2.941
2014-01-16,2.935
2014-01-17,2.954
2014-01-20,2.954
2014-01-21,2.951
2014-01-22,2.981
2014-01-23,2.991
2014-01-24,3.016
2014-01-27,2.967
2014-01-28,2.994
2014-01-29,3.02
2014-01-30,3.028
2014-01-31,2.997
2014-02-03,2.935
2014-02-04,2.913
2014-02-05,2.932
2014-02-06,2.94
2014-02-07,3.002
2014-02-10,2.97
2014-02-11,2.989
2014-02-12,2.98
2014-02-13,2.99
2014-02-14,3.017
2014-02-17,3.017
2014-02-18,3.045
2014-02-19,3.073
2014-02-20,3.083
2014-02-21,3.039
2014-02-24,3.05
2014-02-25,3.035
2014-02-26,3.038
2014-02-27,3.008
2014-02-28,3.016
2014-03-03,3.046
2014-03-04,2.999
2014-03-05,2.954
2014-03-06,2.95
2014-03-07,2.975
2014-03-10,2.944
2014-03-11,2.943
2014-03-12,2.914
2014-03-13,2.904
2014-03-14,2.928
2014-03-17,2.878
2014-03-18,2.904
2014-03-19,2.891
2014-03-20,2.913
2014-03-21,2.913
2014-03-24,2.91
2014-03-25,2.921
2014-03-26,2.918
2014-03-27,2.943
2014-03-28,2.948
2014-03-31,2.93
2014-04-01,2.881
2014-04-02,2.861
2014-04-03,2.9
2014-04-04,2.902
2014-04-07,2.887
2014-04-08,2.93
2014-04-09,2.948
2014-04-10,2.934
2014-04-11,2.927
2014-04-14,2.971
2014-04-15,2.979
2014-04-16,3.002
2014-04-17,3.001
2014-04-21,3.004
2014-04-22,2.996
2014-04-23,2.976
2014-04-24,3.01
2014-04-25,2.981
2014-04-28,2.945
2014-04-29,2.964
2014-04-30,2.928
2014-05-01,2.91
2014-05-02,2.919
2014-05-05,2.902
2014-05-06,2.884
2014-05-07,2.922
2014-05-08,2.914
2014-05-09,2.902
2014-05-12,2.913
2014-05-13,2.938
2014-05-14,2.956
2014-05-15,2.945
2014-05-16,2.949
2014-05-19,2.937
2014-05-20,2.946
2014-05-21,2.953
2014-05-22,2.95
2014-05-23,2.955
2014-05-27,2.939
2014-05-28,2.93
2014-05-29,2.92
2014-05-30,2.888
2014-06-02,2.884
2014-06-03,2.874
2014-06-04,2.857
2014-06-05,2.886
2014-06-06,2.878
2014-06-09,2.898
2014-06-10,2.891
2014-06-11,2.911
2014-06-12,2.995
2014-06-13,2.994
2014-06-16,3.005
2014-06-17,3.026
2014-06-18,3.047
2014-06-19,3.06
2014-06-20,3.059
2014-06-23,3.041
2014-06-24,3.049
2014-06-25,3.036
2014-06-26,3.019
2014-06-27,3.004
2014-06-30,2.975
2014-07-01,2.99
2014-07-02,2.96
2014-07-03,2.944
2014-07-07,2.928
2014-07-08,2.888
2014-07-09,2.885
2014-07-10,2.906
2014-07-11,2.873
2014-07-14,2.886
2014-07-15,2.869
2014-07-16,2.87
2014-07-17,2.872
2014-07-18,2.857
2014-07-21,2.871
2014-07-22,2.864
2014-07-23,2.886
2014-07-24,2.879
2014-07-25,2.924
2014-07-28,2.896
2014-07-29,2.913
2014-07-30,2.897
2014-07-31,2.89
2014-08-01,2.875
2014-08-04,2.88
2014-08-05,2.856
2014-08-06,2.882
2014-08-07,2.902
2014-08-08,2.884
2014-08-11,2.885
2014-08-12,2.852
2014-08-13,2.907
2014-08-14,2.826
2014-08-15,2.854
2014-08-18,2.812
2014-08-19,2.823
2014-08-20,2.831
2014-08-21,2.841
2014-08-22,2.834
2014-08-25,2.842
2014-08-26,2.849
2014-08-27,2.865
2014-08-28,2.852
2014-08-29,2.86
2014-09-02,2.805
2014-09-03,2.872
2014-09-04,2.842
2014-09-05,2.826
2014-09-08,2.816
2014-09-09,2.798
2014-09-10,2.762
2014-09-11,2.764
2014-09-12,2.748
2014-09-15,2.746
2014-09-16,2.763
2014-09-17,2.752
2014-09-18,2.72
2014-09-19,2.723
2014-09-22,2.693
2014-09-23,2.689
2014-09-24,2.693
2014-09-25,2.699
2014-09-26,2.702
2014-09-29,2.708
2014-09-30,2.651
2014-10-03,2.62
2014-10-06,2.625
2014-10-07,2.612
2014-10-08,2.58
2014-10-09,2.54
2014-10-10,2.561
2014-10-13,2.556
2014-10-14,2.469
2014-10-15,2.453
2014-10-16,2.464
2014-10-17,2.49
2014-10-20,2.473
2014-10-21,2.497
2014-10-22,2.459
2014-10-23,2.486
2014-10-24,2.468
2014-10-27,2.463
2014-10-28,2.481
2014-10-29,2.524
2014-10-30,2.505
2014-10-31,2.511
2014-11-03,2.485
2014-11-04,2.439
2014-11-05,2.436
2014-11-06,2.45
2014-11-07,2.489
2014-11-10,2.457
2014-11-11,2.456
2014-11-12,2.431
2014-11-13,2.342
2014-11-14,2.385
2014-11-17,2.379
2014-11-18,2.363
2014-11-19,2.341
2014-11-20,2.363
2014-11-21,2.381
2014-11-24,2.367
2014-11-25,2.348
2014-11-26,2.329
2014-11-28,2.161
2014-12-01,2.199
2014-12-02,2.148
2014-12-03,2.128
2014-12-04,2.112
2014-12-05,2.099
2014-12-08,2.041
2014-12-09,2.063
2014-12-10,2.01
2014-12-11,2.009
2014-12-12,1.963
2014-12-15,1.932
2014-12-16,1.903
2014-12-17,1.941
2014-12-18,1.887
2014-12-19,1.927
2014-12-22,1.913
2014-12-23,1.952
2014-12-24,1.889
2014-12-26,1.884
2014-12-29,1.822
2014-12-30,1.842
2014-12-31,1.834
2015-01-02,1.783
2015-01-05,1.729
2015-01-06,1.694
2015-01-07,1.676
2015-01-08,1.68
2015-01-09,1.669
2015-01-12,1.614
2015-01-13,1.601
2015-01-14,1.632
2015-01-15,1.594
2015-01-16,1.637
2015-01-20,1.591
2015-01-21,1.617
2015-01-22,1.61
2015-01-23,1.621
2015-01-26,1.614
2015-01-27,1.64
2015-01-28,1.609
2015-01-29,1.605
2015-01-30,1.701
2015-02-02,1.735
2015-02-03,1.82
2015-02-04,1.738
2015-02-05,1.78
2015-02-06,1.814
2015-02-09,1.847
2015-02-10,1.808
2015-02-11,1.785
2015-02-12,1.875
2015-02-13,1.922
2015-02-17,1.921
2015-02-18,1.886
2015-02-19,1.885
2015-02-20,1.91
2015-02-23,1.892
2015-02-24,1.874
2015-02-25,1.941
2015-02-26,1.893
2015-02-27,1.974
2015-03-02,1.857
2015-03-03,1.906
2015-03-04,1.879
2015-03-05,1.859
2015-03-06,1.846
2015-03-09,1.819
2015-03-10,1.779
2015-03-11,1.791
2015-03-12,1.76
2015-03-13,1.697
2015-03-16,1.681
2015-03-17,1.675
2015-03-18,1.748
2015-03-19,1.703
2015-03-20,1.716
2015-03-23,1.718
2015-03-24,1.701
2015-03-25,1.723
2015-03-26,1.786
2015-03-27,1.722
2015-03-30,1.728
2015-03-31,1.708
2015-04-01,1.756
2015-04-02,1.692
2015-04-06,1.773
2015-04-07,1.793
2015-04-08,1.707
2015-04-09,1.734
2015-04-10,1.771
2015-04-13,1.785
2015-04-14,1.805
2015-04-15,1.892
2015-04-16,1.911
2015-04-17,1.886
2015-04-20,1.882
2015-04-21,1.857
2015-04-22,1.873
2015-04-23,1.927
2015-04-24,1.932
2015-04-27,1.925
2015-04-28,1.92
2015-04-29,1.952
2015-04-30,1.981
2015-05-01,1.988
2015-05-04,1.986
2015-05-05,2.02
2015-05-06,2.022
2015-05-07,1.968
2015-05-08,1.96
2015-05-11,1.951
2015-05-12,2.002
2015-05-13,2.009
2015-05-14,2.008
2015-05-15,2.008
2015-05-18,1.99
2015-05-19,1.931
2015-05-20,1.95
2015-05-21,1.99
2015-05-22,1.957
2015-05-26,1.904
2015-05-27,1.86
2015-05-28,1.873
2015-05-29,1.95
2015-06-01,1.935
2015-06-02,1.954
2015-06-03,1.901
2015-06-04,1.852
2015-06-05,1.879
2015-06-08,1.864
2015-06-09,1.926
2015-06-10,1.954
2015-06-11,1.929
2015-06-12,1.898
2015-06-15,1.879
2015-06-16,1.892
2015-06-17,1.915
2015-06-18,1.921
2015-06-19,1.873
2015-06-22,1.876
2015-06-23,1.919
2015-06-24,1.883
2015-06-25,1.869
2015-06-26,1.87
2015-06-29,1.844
2015-06-30,1.89
2015-07-01,1.855
2015-07-02,1.856
2015-07-06,1.726
2015-07-07,1.729
2015-07-08,1.73
2015-07-09,1.753
2015-07-10,1.755
2015-07-13,1.734
2015-07-14,1.742
2015-07-15,1.686
2015-07-16,1.68
2015-07-17,1.678
2015-07-20,1.671
2015-07-21,1.69
2015-07-22,1.679
2015-07-23,1.663
2015-07-24,1.638
2015-07-27,1.604
2015-07-28,1.612
2015-07-29,1.606
2015-07-30,1.608
2015-07-31,1.589
2015-08-03,1.548
2015-08-04,1.565
2015-08-05,1.555
2015-08-06,1.563
2015-08-07,1.556
2015-08-10,1.603
2015-08-11,1.573
2015-08-12,1.596
2015-08-13,1.58
2015-08-14,1.569
2015-08-17,1.566
2015-08-18,1.568
2015-08-19,1.529
2015-08-20,1.507
2015-08-21,1.474
2015-08-24,1.406
2015-08-25,1.411
2015-08-26,1.398
2015-08-27,1.513
2015-08-28,1.591
2015-08-31,1.701
2015-09-01,1.596
2015-09-02,1.625
2015-09-03,1.635
2015-09-04,1.614
2015-09-08,1.61
2015-09-09,1.557
2015-09-10,1.593
2015-09-11,1.569
2015-09-14,1.523
2015-09-15,1.523
2015-09-16,1.564
2015-09-17,1.551
2015-09-18,1.513
2015-09-21,1.539
2015-09-22,1.556
2015-09-23,1.528
2015-09-24,1.544
2015-09-25,1.546
2015-09-28,1.502
2015-09-29,1.525
2015-09-30,1.537
2015-10-01,1.541
2015-10-02,1.543
2015-10-05,1.571
2015-10-06,1.634
2015-10-07,1.606
2015-10-08,1.631
2015-10-09,1.62
2015-10-13,1.507
2015-10-14,1.516
2015-10-15,1.515
2015-10-16,1.528
2015-10-19,1.48
2015-10-20,1.478
2015-10-21,1.474
2015-10-22,1.487
2015-10-23,1.478
2015-10-26,1.449
2015-10-27,1.446
2015-10-28,1.504
2015-10-29,1.498
2015-10-30,1.517
2015-11-02,1.534
2015-11-03,1.588
2015-11-04,1.528
2015-11-05,1.511
2015-11-06,1.51
2015-11-09,1.499
2015-11-10,1.506
2015-11-12,1.429
2015-11-13,1.405
2015-11-16,1.408
2015-11-17,1.389
2015-11-18,1.401
2015-11-19,1.396
2015-11-20,1.397
2015-11-23,1.401
2015-11-24,1.427
2015-11-25,1.426
2015-11-27,1.378
2015-11-30,1.354
2015-12-01,1.396
2015-12-02,1.336
2015-12-03,1.386
2015-12-04,1.37
2015-12-07,1.305
2015-12-08,1.286
2015-12-09,1.267
2015-12-10,1.254
2015-12-11,1.181
2015-12-14,1.168
2015-12-15,1.186
2015-12-16,1.149
2015-12-17,1.14
2015-12-18,1.138
2015-12-21,1.129
2015-12-22,1.12
2015-12-23,1.15
2015-12-24,1.133
2015-12-28,1.121
2015-12-29,1.159
2015-12-30,1.111
2015-12-31,1.124
2016-01-04,1.149
2016-01-05,1.144
2016-01-06,1.098
2016-01-07,1.085
2016-01-08,1.074
2016-01-11,1.033
2016-01-12,1.009
2016-01-13,.989
2016-01-14,.998
2016-01-15,.949
2016-01-19,.922
2016-01-20,.878
2016-01-21,.911
2016-01-22,1.008
2016-01-25,.95
2016-01-26,.981
2016-01-27,1.037
2016-01-28,1.045
2016-01-29,1.079
2016-02-01,1.051
2016-02-02,1.023
2016-02-03,1.09
2016-02-04,1.092
2016-02-05,1.071
2016-02-08,1.056
2016-02-09,.986
2016-02-10,.987
2016-02-11,.989
2016-02-12,1.078
2016-02-16,1.04
2016-02-17,1.101
2016-02-18,1.094
2016-02-19,1.041
2016-02-22,1.072
2016-02-23,1.039
2016-02-24,1.074
2016-02-25,1.085
2016-02-26,1.067
2016-02-29,1.094
2016-03-01,1.119
2016-03-02,1.124
2016-03-03,1.135
2016-03-04,1.177
2016-03-07,1.238
2016-03-08,1.212
2016-03-09,1.243
2016-03-10,1.225
2016-03-11,1.228
2016-03-14,1.207
2016-03-15,1.188
2016-03-16,1.24
2016-03-17,1.263
2016-03-18,1.249
2016-03-21,1.249
2016-03-22,1.263
2016-03-23,1.216
2016-03-24,1.21
2016-03-28,1.192
2016-03-29,1.167
2016-03-30,1.172
2016-03-31,1.186
2016-04-01,1.149
2016-04-04,1.107
2016-04-05,1.093
2016-04-06,1.155
2016-04-07,1.14
2016-04-08,1.211
2016-04-11,1.226
2016-04-12,1.285
2016-04-13,1.275
2016-04-14,1.264
2016-04-15,1.243
2016-04-18,1.244
2016-04-19,1.271
2016-04-20,1.338
2016-04-21,1.307
2016-04-22,1.317
2016-04-25,1.299
2016-04-26,1.339
2016-04-27,1.383
2016-04-28,1.408
2016-04-29,1.386
2016-05-02,1.365
2016-05-03,1.344
2016-05-04,1.338
2016-05-05,1.339
2016-05-06,1.347
2016-05-09,1.297
2016-05-10,1.348
2016-05-11,1.407
2016-05-12,1.406
2016-05-13,1.412
2016-05-16,1.447
2016-05-17,1.473
2016-05-18,1.489
2016-05-19,1.484
2016-05-20,1.492
2016-05-23,1.482
2016-05-24,1.493
2016-05-25,1.517
2016-05-26,1.506
2016-05-27,1.502
2016-05-31,1.497
2016-06-01,1.507
2016-06-03,1.496
2016-06-06,1.512
2016-06-07,1.548
2016-06-08,1.576
2016-06-09,1.559
2016-06-10,1.523
2016-06-13,1.522
2016-06-14,1.509
2016-06-15,1.485
2016-06-16,1.431
2016-06-17,1.489
2016-06-20,1.535
2016-06-21,1.526
2016-06-22,1.515
2016-06-23,1.532
2016-06-24,1.469
2016-06-27,1.442
2016-06-28,1.484
2016-06-29,1.546
2016-06-30,1.489
2016-07-01,1.531
2016-07-05,1.467
2016-07-06,1.493
2016-07-07,1.434
2016-07-08,1.437
2016-07-11,1.439
2016-07-12,1.485
2016-07-13,1.406
2016-07-14,1.43
2016-07-15,1.423
2016-07-18,1.404
2016-07-19,1.41
2016-07-20,1.431
2016-07-21,1.398
2016-07-22,1.383
2016-07-25,1.35
2016-07-26,1.353
2016-07-27,1.323
2016-07-28,1.299
2016-07-29,1.308
2016-08-01,1.284
2016-08-02,1.283
2016-08-03,1.31
2016-08-04,1.347
2016-08-05,1.34
2016-08-08,1.367
2016-08-09,1.356
2016-08-10,1.342
2016-08-11,1.404
2016-08-12,1.427
2016-08-15,1.469
2016-08-16,1.481
2016-08-17,1.507
2016-08-18,1.542
2016-08-19,1.539
2016-08-22,1.505
2016-08-23,1.518
2016-08-24,1.51
2016-08-25,1.523
2016-08-26,1.511
2016-08-29,1.501
2016-08-30,1.485
2016-08-31,1.426
2016-09-01,1.4
2016-09-02,1.427
2016-09-06,1.428
2016-09-07,1.446
2016-09-08,1.502
2016-09-09,1.451
2016-09-12,1.462
2016-09-13,1.441
2016-09-14,1.4
2016-09-15,1.431
2016-09-16,1.416
2016-09-19,1.407
2016-09-20,1.417
2016-09-21,1.441
2016-09-22,1.467
2016-09-23,1.418
2016-09-26,1.458
2016-09-27,1.416
2016-09-28,1.496
2016-09-29,1.519
2016-09-30,1.538
2016-10-03,1.564
2016-10-04,1.565
2016-10-05,1.593
2016-10-06,1.608
2016-10-07,1.593
2016-10-11,1.605
2016-10-12,1.586
2016-10-13,1.598
2016-10-14,1.588
2016-10-17,1.577
2016-10-18,1.589
2016-10-19,1.608
2016-10-20,1.579
2016-10-21,1.593
2016-10-24,1.599
2016-10-25,1.581
2016-10-26,1.567
2016-10-27,1.587
2016-10-28,1.558
2016-10-31,1.504
2016-11-01,1.531
2016-11-02,1.486
2016-11-03,1.476
2016-11-04,1.449
2016-11-07,1.46
2016-11-08,1.461
2016-11-09,1.461
2016-11-10,1.453
2016-11-14,1.401
2016-11-15,1.458
2016-11-16,1.448
2016-11-17,1.458
2016-11-18,1.469
2016-11-21,1.536
2016-11-22,1.541
2016-11-23,1.533
2016-11-28,1.529
2016-11-29,1.478
2016-11-30,1.576
2016-12-01,1.66
2016-12-02,1.672
2016-12-05,1.675
2016-12-06,1.654
2016-12-07,1.635
2016-12-08,1.641
2016-12-09,1.65
2016-12-12,1.686
2016-12-13,1.692
2016-12-14,1.661
2016-12-15,1.66
2016-12-16,1.69
2016-12-19,1.687
2016-12-20,1.689
2016-12-21,1.661
2016-12-22,1.678
2016-12-23,1.681
2016-12-27,1.717
2016-12-28,1.717
2016-12-29,1.72
2016-12-30,1.728
2017-01-03,1.691
2017-01-04,1.707
2017-01-05,1.707
2017-01-06,1.717
2017-01-09,1.651
2017-01-10,1.624
2017-01-11,1.662
2017-01-12,1.684
2017-01-13,1.662
2017-01-17,1.662
2017-01-18,1.623
2017-01-19,1.633
2017-01-20,1.663
2017-01-23,1.646
2017-01-24,1.659
2017-01-25,1.629
2017-01-26,1.658
2017-01-27,1.634
2017-01-30,1.624
2017-01-31,1.631
2017-02-01,1.68
2017-02-02,1.66
2017-02-03,1.674
2017-02-06,1.645
2017-02-07,1.631
2017-02-08,1.644
2017-02-09,1.65
2017-02-10,1.675
2017-02-13,1.638
2017-02-14,1.65
2017-02-15,1.643
2017-02-16,1.641
2017-02-17,1.647
2017-02-21,1.653
2017-02-22,1.639
2017-02-23,1.666
2017-02-24,1.648
2017-02-27,1.648
2017-02-28,1.64
2017-03-01,1.635
2017-03-02,1.591
2017-03-03,1.605
2017-03-06,1.615
2017-03-07,1.623
2017-03-08,1.565
2017-03-09,1.538
2017-03-10,1.512
2017-03-13,1.508
2017-03-14,1.499
2017-03-15,1.519
2017-03-16,1.511
2017-03-17,1.515
2017-03-20,1.521
2017-03-21,1.51
2017-03-22,1.504
2017-03-23,1.497
2017-03-24,1.504
2017-03-27,1.509
2017-03-28,1.52
2017-03-29,1.546
2017-03-30,1.561
2017-03-31,1.575
2017-04-03,1.571
2017-04-04,1.599
2017-04-05,1.611
2017-04-06,1.62
2017-04-07,1.634
2017-04-10,1.654
2017-04-11,1.659
2017-04-12,1.66
2017-04-13,1.658
2017-04-17,1.642
2017-04-18,1.631
2017-04-19,1.589
2017-04-20,1.586
2017-04-21,1.559
2017-04-24,1.548
2017-04-25,1.55
2017-04-26,1.542
2017-04-27,1.512
2017-04-28,1.507
2017-05-01,1.495
2017-05-02,1.475
2017-05-03,1.481
2017-05-04,1.42
2017-05-05,1.444
2017-05-08,1.461
2017-05-09,1.447
2017-05-10,1.481
2017-05-11,1.496
2017-05-12,1.499
2017-05-15,1.516
2017-05-16,1.523
2017-05-17,1.54
2017-05-18,1.551
2017-05-19,1.588
2017-05-22,1.608
2017-05-23,1.612
2017-05-24,1.611
2017-05-25,1.555
2017-05-26,1.567
2017-05-30,1.554
2017-05-31,1.518
2017-06-01,1.511
2017-06-02,1.494
2017-06-05,1.469
2017-06-06,1.475
2017-06-07,1.425
2017-06-08,1.43
2017-06-09,1.439
2017-06-12,1.434
2017-06-13,1.455
2017-06-14,1.418
2017-06-15,1.422
2017-06-16,1.434
2017-06-19,1.419
2017-06-20,1.402
2017-06-21,1.372
2017-06-22,1.379
2017-06-23,1.379
2017-06-26,1.386
2017-06-27,1.419
2017-06-28,1.439
2017-06-29,1.451
2017-06-30,1.483
2017-07-03,1.52
2017-07-05,1.485
2017-07-06,1.488
2017-07-07,1.454
2017-07-10,1.459
2017-07-11,1.481
2017-07-12,1.479
2017-07-13,1.497
2017-07-14,1.519
2017-07-17,1.504
2017-07-18,1.515
2017-07-19,1.555
2017-07-20,1.548
2017-07-21,1.52
2017-07-24,1.522
2017-07-25,1.573
2017-07-26,1.6
2017-07-27,1.607
2017-07-28,1.641
2017-07-31,1.667
2017-08-01,1.645
2017-08-02,1.662
2017-08-03,1.643
2017-08-04,1.653
2017-08-07,1.643
2017-08-08,1.633
2017-08-09,1.656
2017-08-10,1.634
2017-08-11,1.638
2017-08-14,1.61
2017-08-15,1.604
2017-08-16,1.58
2017-08-17,1.587
2017-08-18,1.626
2017-08-21,1.578
2017-08-22,1.596
2017-08-23,1.629
2017-08-24,1.623
2017-08-25,1.624
2017-08-28,1.631
2017-08-29,1.654
2017-08-30,1.655
2017-08-31,1.742
2017-09-01,1.73
2017-09-05,1.732
2017-09-06,1.746
2017-09-07,1.769
2017-09-08,1.751
2017-09-11,1.733
2017-09-12,1.734
2017-09-13,1.764
2017-09-14,1.772
2017-09-15,1.791
2017-09-18,1.772
2017-09-19,1.766
2017-09-20,1.799
2017-09-21,1.807
2017-09-22,1.809
2017-09-25,1.85
2017-09-26,1.838
2017-09-27,1.839
2017-09-28,1.824
2017-09-29,1.81
2017-10-02,1.765
2017-10-03,1.75
2017-10-04,1.771
2017-10-05,1.783
2017-10-06,1.742
2017-10-10,1.764
2017-10-11,1.785
2017-10-12,1.765
2017-10-13,1.796
2017-10-16,1.812
2017-10-17,1.809
2017-10-18,1.804
2017-10-19,1.778
2017-10-20,1.805
2017-10-23,1.79
2017-10-24,1.823
2017-10-25,1.818
2017-10-26,1.841
2017-10-27,1.866
2017-10-30,1.876
2017-10-31,1.881
2017-11-01,1.863
2017-11-02,1.856
2017-11-03,1.889
2017-11-06,1.945
2017-11-07,1.927
2017-11-08,1.925
2017-11-09,1.949
2017-11-13,1.935
2017-11-14,1.911
2017-11-15,1.912
2017-11-16,1.905
2017-11-17,1.949
2017-11-20,1.934
2017-11-21,1.938
2017-11-22,1.936
2017-11-27,1.951
2017-11-28,1.953
2017-11-29,1.924
2017-11-30,1.898
2017-12-01,1.942
2017-12-04,1.896
2017-12-05,1.915
2017-12-06,1.864
2017-12-07,1.897
2017-12-08,1.928
2017-12-11,1.951
2017-12-12,1.934
2017-12-13,1.905
2017-12-14,1.912
2017-12-15,1.906
2017-12-18,1.926
2017-12-19,1.941
2017-12-20,1.947
2017-12-21,1.953
2017-12-22,1.972
2017-12-26,2.038
2017-12-27,2.038
2017-12-28,2.05
2018-01-02,2.033
2018-01-03,2.066
2018-01-04,2.06
2018-01-05,2.043
2018-01-08,2.035
2018-01-09,2.057
2018-01-10,2.07
2018-01-11,2.068
2018-01-12,2.078
2018-01-16,2.059
2018-01-17,2.063
2018-01-18,2.059
2018-01-19,2.054
2018-01-22,2.055
2018-01-23,2.082
2018-01-24,2.102
2018-01-25,2.11
2018-01-26,2.128
2018-01-29,2.098
2018-01-30,2.067
2018-01-31,2.066
2018-02-01,2.078
2018-02-02,2.044
2018-02-05,2.011
2018-02-06,1.977
2018-02-07,1.928
2018-02-08,1.916
2018-02-09,1.851
2018-02-12,1.836
2018-02-13,1.836
2018-02-14,1.882
2018-02-15,1.889
2018-02-16,1.908
2018-02-19,1.908
2018-02-20,1.926
2018-02-21,1.932
2018-02-22,1.954
2018-02-23,1.973
2018-02-26,1.988
2018-02-27,1.969
2018-02-28,1.904
2018-03-01,1.886
2018-03-02,1.882
2018-03-05,1.902
2018-03-06,1.91
2018-03-07,1.879
2018-03-08,1.862
2018-03-09,1.89
2018-03-12,1.869
2018-03-13,1.877
2018-03-14,1.892
2018-03-15,1.898
2018-03-16,1.917
2018-03-19,1.912
2018-03-20,1.953
2018-03-21,2.007
2018-03-22,1.995
2018-03-23,2.021
2018-03-26,2.018
2018-03-27,2.024
2018-03-28,2.014
2018-03-29,2.021
2018-04-02,1.978
2018-04-03,1.991
2018-04-04,1.974
2018-04-05,1.974
2018-04-06,1.954
2018-04-09,1.99
2018-04-10,2.055
2018-04-11,2.083
2018-04-12,2.076
2018-04-13,2.091
2018-04-16,2.061
2018-04-17,2.053
2018-04-18,2.088
2018-04-19,2.104
2018-04-20,2.115
2018-04-23,2.132
2018-04-24,2.118
2018-04-25,2.124
2018-04-26,2.142
2018-04-27,2.134
2018-04-30,2.149
2018-05-01,2.097
2018-05-02,2.114
2018-05-03,2.107
2018-05-04,2.148
2018-05-07,2.181
2018-05-08,2.15
2018-05-09,2.211
2018-05-10,2.218
2018-05-11,2.215
2018-05-14,2.241
2018-05-15,2.243
2018-05-16,2.263
2018-05-17,2.275
2018-05-18,2.259
2018-05-21,2.27
2018-05-22,2.277
2018-05-23,2.286
2018-05-24,2.263
2018-05-25,2.205
2018-05-28,2.205
2018-05-29,2.181
2018-05-30,2.226
2018-05-31,2.205
2018-06-01,2.18
2018-06-04,2.156
2018-06-05,2.146
2018-06-06,2.132
2018-06-07,2.184
2018-06-08,2.168
2018-06-11,2.165
2018-06-12,2.164
2018-06-13,2.188
2018-06-14,2.162
2018-06-15,2.09
2018-06-18,2.134
2018-06-19,2.124
2018-06-20,2.111
2018-06-21,2.074
2018-06-22,2.129
2018-06-25,2.104
2018-06-26,2.133
2018-06-27,2.18
2018-06-28,2.179
2018-06-29,2.21
2018-07-02,2.163
2018-07-03,2.171
2018-07-04,2.171
2018-07-05,2.184
2018-07-06,2.175
2018-07-09,2.201
2018-07-10,2.227
2018-07-11,2.106
2018-07-12,2.128
2018-07-13,2.139
2018-07-16,2.061
2018-07-17,2.075
2018-07-18,2.095
2018-07-19,2.095
2018-07-20,2.109
2018-07-23,2.123
2018-07-24,2.138
2018-07-25,2.156
2018-07-26,2.181
2018-07-27,2.159
2018-07-30,2.177
2018-07-31,2.137
2018-08-01,2.104
2018-08-02,2.137
2018-08-03,2.132
2018-08-06,2.145
2018-08-07,2.174
2018-08-08,2.121
2018-08-09,2.117
2018-08-10,2.144
2018-08-13,2.141
2018-08-14,2.133
2018-08-15,2.095
2018-08-16,2.101
2018-08-17,2.103
2018-08-20,2.118
2018-08-21,2.128
2018-08-22,2.174
2018-08-23,2.181
2018-08-24,2.208
2018-08-27,2.221
2018-08-28,2.217
2018-08-29,2.249
2018-08-30,2.254
2018-08-31,2.243
2018-09-04,2.257
2018-09-05,2.237
2018-09-06,2.212
2018-09-07,2.22
2018-09-10,2.221
2018-09-11,2.255
2018-09-12,2.261
2018-09-13,2.226
2018-09-14,2.213
2018-09-17,2.21
2018-09-18,2.239
2018-09-19,2.25
2018-09-20,2.232
2018-09-21,2.231
2018-09-24,2.29
2018-09-25,2.31
2018-09-26,2.304
2018-09-27,2.326
2018-09-28,2.349
2018-10-01,2.411
2018-10-02,2.412
2018-10-03,2.442
2018-10-04,2.403
2018-10-05,2.396
2018-10-08,2.397
2018-10-09,2.426
2018-10-10,2.397
2018-10-11,2.334
2018-10-12,2.323
2018-10-15,2.328
2018-10-16,2.342
2018-10-17,2.313
2018-10-18,2.296
2018-10-19,2.303
2018-10-22,2.319
2018-10-23,2.25
2018-10-24,2.253
2018-10-25,2.278
2018-10-26,2.303
2018-10-29,2.284
2018-10-30,2.259
2018-10-31,2.251
2018-11-01,2.196
2018-11-02,2.168
2018-11-05,2.187
2018-11-06,2.18
2018-11-07,2.224
2018-11-08,2.16
2018-11-09,2.164
2018-11-12,2.149
2018-11-13,2.056
2018-11-14,2.087
2018-11-15,2.067
2018-11-16,2.067
2018-11-19,2.078
2018-11-20,1.982
2018-11-21,1.964
2018-11-23,1.87
2018-11-26,1.887
2018-11-27,1.882
2018-11-28,1.835
2018-11-29,1.839
2018-11-30,1.829
2018-12-03,1.88
2018-12-04,1.893
2018-12-05,1.881
2018-12-06,1.85
2018-12-07,1.878
2018-12-10,1.835
2018-12-11,1.839
2018-12-12,1.844
2018-12-13,1.87
2018-12-14,1.839
2018-12-17,1.822
2018-12-18,1.747
2018-12-19,1.797
2018-12-20,1.737
2018-12-21,1.725
2018-12-24,1.654
2018-12-26,1.728
2018-12-27,1.674
2018-12-28,1.66
2018-12-31,1.679
2019-01-02,1.693
2019-01-03,1.733
2019-01-04,1.761
2019-01-07,1.771
2019-01-08,1.819
2019-01-09,1.875
2019-01-10,1.901
2019-01-11,1.872
2019-01-14,1.842
2019-01-15,1.865
2019-01-16,1.889
2019-01-17,1.878
2019-01-18,1.909
2019-01-22,1.893
2019-01-23,1.883
2019-01-24,1.88
2019-01-25,1.887
2019-01-28,1.835
2019-01-29,1.895
2019-01-30,1.897
2019-01-31,1.877
2019-02-01,1.907
2019-02-04,1.9
2019-02-05,1.891
2019-02-06,1.906
2019-02-07,1.894
2019-02-08,1.901
2019-02-11,1.886
2019-02-12,1.903
2019-02-13,1.936
2019-02-14,1.967
2019-02-15,2.017
2019-02-18,2.017
2019-02-19,1.996
2019-02-20,2.018
2019-02-21,2.035
2019-02-22,2.03
2019-02-25,1.975
2019-02-26,1.998
2019-02-27,2.022
2019-02-28,2.027
2019-03-01,1.995
2019-03-04,2.009
2019-03-05,2.012
2019-03-06,2.011
2019-03-07,2.008
2019-03-08,1.994
2019-03-11,1.992
2019-03-12,1.986
2019-03-13,1.994
2019-03-14,1.987
2019-03-15,1.971
2019-03-18,1.973
2019-03-19,1.991
2019-03-20,2.01
2019-03-21,1.99
2019-03-22,1.967
2019-03-25,1.981
2019-03-26,1.991
2019-03-27,1.981
2019-03-28,1.971
2019-03-29,1.971
2019-04-01,1.992
2019-04-02,2.013
2019-04-03,2.011
2019-04-04,2.017
2019-04-05,2.045
2019-04-08,2.06
2019-04-09,2.048
2019-04-10,2.089
2019-04-11,2.068
2019-04-12,2.073
2019-04-15,2.063
2019-04-16,2.084
2019-04-17,2.071
2019-04-18,2.074
2019-04-22,2.107
2019-04-23,2.12
2019-04-24,2.101
2019-04-25,2.101
2019-04-26,2.052
2019-04-29,2.054
2019-04-30,2.078
2019-05-01,2.097
2019-05-02,2.079
2019-05-03,2.072
2019-05-06,2.07
2019-05-07,2.04
2019-05-08,2.057
2019-05-09,2.045
2019-05-10,2.052
2019-05-13,2.041
2019-05-14,2.062
2019-05-15,2.088
2019-05-16,2.124
2019-05-17,2.096
2019-05-20,2.075
2019-05-21,2.083
2019-05-22,2.051
2019-05-23,1.963
2019-05-24,1.972
2019-05-27,1.972
2019-05-28,1.994
2019-05-29,1.969
2019-05-30,1.918
2019-05-31,1.84
2019-06-03,1.811
2019-06-04,1.827
2019-06-05,1.785
2019-06-06,1.795
2019-06-07,1.832
2019-06-10,1.813
2019-06-11,1.829
2019-06-12,1.787
2019-06-13,1.815
2019-06-14,1.836
2019-06-17,1.807
2019-06-18,1.835
2019-06-19,1.836
2019-06-20,1.891
2019-06-21,1.922
2019-06-24,1.916
2019-06-25,1.931
2019-06-26,1.978
2019-06-27,1.961
2019-06-28,1.939
2019-07-01,1.961
2019-07-02,1.894
2019-07-03,1.906
2019-07-04,1.906
2019-07-05,1.911
2019-07-08,1.902
2019-07-09,1.917
2019-07-10,1.998
2019-07-11,1.986
2019-07-12,1.987
2019-07-15,1.96
2019-07-16,1.913
2019-07-17,1.901
2019-07-18,1.87
2019-07-19,1.897
2019-07-22,1.907
2019-07-23,1.93
2019-07-24,1.917
2019-07-25,1.923
2019-07-26,1.913
2019-07-29,1.92
2019-07-30,1.953
2019-07-31,1.971
2019-08-01,1.86
2019-08-02,1.896
2019-08-05,1.841
2019-08-06,1.829
2019-08-07,1.759
2019-08-08,1.783
2019-08-09,1.815
2019-08-12,1.813
2019-08-13,1.885
2019-08-14,1.851
2019-08-15,1.819
2019-08-16,1.82
2019-08-19,1.84
2019-08-20,1.861
2019-08-21,1.864
2019-08-22,1.848
2019-08-23,1.824
2019-08-26,1.801
2019-08-27,1.823
2019-08-28,1.858
2019-08-29,1.87
2019-08-30,1.837
2019-09-02,1.84
2019-09-03,1.806
2019-09-04,1.881
2019-09-05,1.889
2019-09-06,1.901
2019-09-09,1.929
2019-09-10,1.932
2019-09-11,1.903
2019-09-12,1.885
2019-09-13,1.877
2019-09-16,2.08
2019-09-17,1.989
2019-09-18,1.971
2019-09-19,1.999
2019-09-20,1.982
2019-09-23,1.993
2019-09-24,1.963
2019-09-25,1.95
2019-09-26,1.951
2019-09-27,1.936
2019-09-30,1.897
2019-10-01,1.889
2019-10-02,1.863
2019-10-03,1.864
2019-10-04,1.88
2019-10-07,1.886
2019-10-08,1.891
2019-10-09,1.898
2019-10-10,1.903
2019-10-11,1.941
2019-10-14,1.905
2019-10-15,1.901
2019-10-16,1.93
2019-10-17,1.933
2019-10-18,1.93
2019-10-21,1.923
2019-10-22,1.929
2019-10-23,1.952
2019-10-24,1.975
2019-10-25,1.971
2019-10-28,1.954
2019-10-29,1.946
2019-10-30,1.902
2019-10-31,1.876
2019-11-01,1.925
2019-11-04,1.934
2019-11-05,1.95
2019-11-06,1.921
2019-11-07,1.915
2019-11-08,1.913
2019-11-11,1.909
2019-11-12,1.895
2019-11-13,1.91
2019-11-14,1.915
2019-11-15,1.943
2019-11-18,1.9
2019-11-19,1.856
2019-11-20,1.89
2019-11-21,1.943
2019-11-22,1.928
2019-11-25,1.942
2019-11-26,1.958
2019-11-27,1.945
2019-12-02,1.884
2019-12-03,1.877
2019-12-04,1.922
2019-12-05,1.933
2019-12-06,1.951
2019-12-09,1.943
2019-12-10,1.964
2019-12-11,1.928
2019-12-12,1.95
2019-12-13,1.986
2019-12-16,2.003
2019-12-17,2.032
2019-12-18,2.02
2019-12-19,2.029
2019-12-20,2.021
2019-12-23,2.022
2019-12-24,2.037
2019-12-26,2.054
2019-12-27,2.052
2019-12-30,2.044
2019-12-31,2.023
2020-01-02,2.02
2020-01-03,2.059
2020-01-06,2.035
2020-01-07,2.032
2020-01-08,1.959
2020-01-09,1.951
2020-01-10,1.93
2020-01-13,1.9
2020-01-14,1.912
2020-01-15,1.882
2020-01-16,1.865
2020-01-17,1.864
2020-01-21,1.835
2020-01-22,1.805
2020-01-23,1.794
2020-01-24,1.737
2020-01-27,1.683
2020-01-28,1.716
2020-01-29,1.704
2020-01-30,1.642
2020-01-31,1.628
2020-02-03,1.582
2020-02-04,1.588
2020-02-05,1.646
2020-02-06,1.664
2020-02-07,1.639
2020-02-10,1.609
2020-02-11,1.624
2020-02-12,1.673
2020-02-13,1.678
2020-02-14,1.694
2020-02-18,1.669
2020-02-19,1.702
2020-02-20,1.693
2020-02-21,1.682
2020-02-24,1.609
2020-02-25,1.566
2020-02-26,1.497
2020-02-27,1.487
2020-02-28,1.477
2020-03-02,1.522
2020-03-03,1.526
2020-03-04,1.527
2020-03-05,1.485
2020-03-06,1.382
2020-03-09,1.164
2020-03-10,1.252
2020-03-11,1.242
2020-03-12,1.172
2020-03-13,1.146
2020-03-16,1.051
2020-03-17,1.04
2020-03-18,.963
2020-03-19,1.048
2020-03-20,1.014
2020-03-23,1.024
2020-03-24,1.084
2020-03-25,1.1
2020-03-26,1.051
2020-03-27,1.069
2020-03-30,1.015
2020-03-31,1.002
2020-04-01,.953
2020-04-02,1.02
2020-04-03,1.095
2020-04-06,1.074
2020-04-07,1.056
2020-04-08,1.045
2020-04-09,1.013
2020-04-13,1.036
2020-04-14,.987
2020-04-15,.951
2020-04-16,.973
2020-04-17,.98
2020-04-20,.915
2020-04-21,.767
2020-04-22,.783
2020-04-23,.791
2020-04-24,.733
2020-04-27,.704
2020-04-28,.711
2020-04-29,.777
2020-04-30,.833
2020-05-01,.848
2020-05-04,.853
2020-05-05,.935
2020-05-06,.874
2020-05-07,.88
2020-05-08,.94
2020-05-11,.903
2020-05-12,.878
2020-05-13,.873
2020-05-14,.93
2020-05-15,.955
2020-05-18,1.038
2020-05-19,1.013
2020-05-20,1.037
2020-05-21,1.032
2020-05-22,1.02
2020-05-26,1.028
2020-05-27,1.01
2020-05-28,.975
2020-05-29,1.037
2020-06-01,1.061
2020-06-02,1.118
2020-06-03,1.097
2020-06-04,1.107
2020-06-05,1.179
2020-06-08,1.152
2020-06-09,1.181
2020-06-10,1.197
2020-06-11,1.113
2020-06-12,1.124
2020-06-15,1.155
2020-06-16,1.199
2020-06-17,1.197
2020-06-18,1.211
2020-06-19,1.221
2020-06-22,1.231
2020-06-23,1.216
2020-06-24,1.166
2020-06-25,1.17
2020-06-26,1.151
2020-06-29,1.178
2020-06-30,1.187
2020-07-01,1.213
2020-07-02,1.244
2020-07-06,1.254
2020-07-07,1.255
2020-07-08,1.249
2020-07-09,1.236
2020-07-10,1.252
2020-07-13,1.236
2020-07-14,1.236
2020-07-15,1.258
2020-07-16,1.241
2020-07-17,1.231
2020-07-20,1.247
2020-07-21,1.29
2020-07-22,1.281
2020-07-23,1.262
2020-07-24,1.264
2020-07-27,1.262
2020-07-28,1.249
2020-07-29,1.262
2020-07-30,1.22
2020-07-31,1.224
2020-08-03,1.256
2020-08-04,1.274
2020-08-05,1.281
2020-08-06,1.269
2020-08-07,1.243
2020-08-10,1.26
2020-08-11,1.26
2020-08-12,1.278
2020-08-13,1.259
2020-08-14,1.259
2020-08-17,1.264
2020-08-18,1.283
2020-08-19,1.272
2020-08-20,1.265
2020-08-21,1.228
2020-08-24,1.264
2020-08-25,1.275
2020-08-26,1.26
2020-08-27,1.229
2020-08-28,1.24
2020-08-31,1.217
2020-09-01,1.252
2020-09-02,1.212
2020-09-03,1.189
2020-09-04,1.169
2020-09-08,1.095
2020-09-09,1.123
2020-09-10,1.1
2020-09-11,1.107
2020-09-14,1.11
2020-09-15,1.116
2020-09-16,1.134
2020-09-17,1.174
2020-09-18,1.17
2020-09-21,1.119
2020-09-22,1.109
2020-09-23,1.118
2020-09-24,1.126
2020-09-25,1.133
2020-09-28,1.146
2020-09-29,1.116
2020-09-30,1.152
2020-10-01,1.138
2020-10-02,1.098
2020-10-05,1.146
2020-10-06,1.199
2020-10-07,1.172
2020-10-08,1.203
2020-10-09,1.202
2020-10-12,1.166
2020-10-13,1.177
2020-10-14,1.199
2020-10-15,1.194
2020-10-16,1.185
2020-10-19,1.167
2020-10-20,1.18
2020-10-21,1.148
2020-10-22,1.169
2020-10-23,1.158
2020-10-26,1.128
2020-10-27,1.159
2020-10-28,1.113
2020-10-29,1.087
2020-10-30,1.086
2020-11-02,1.122
2020-11-03,1.138
2020-11-04,1.182
2020-11-05,1.179
2020-11-06,1.151
2020-11-09,1.227
2020-11-10,1.263
2020-11-11,1.258
2020-11-12,1.246
2020-11-13,1.216
2020-11-16,1.24
2020-11-17,1.249
2020-11-18,1.271
2020-11-19,1.277
2020-11-20,1.291
2020-11-23,1.316
2020-11-24,1.364
2020-11-25,1.389
2020-11-30,1.371
2020-12-01,1.356
2020-12-02,1.375
2020-12-03,1.4
2020-12-04,1.41
2020-12-07,1.407
2020-12-08,1.414
2020-12-09,1.405
2020-12-10,1.441
2020-12-11,1.442
2020-12-14,1.458
2020-12-15,1.468
2020-12-16,1.481
2020-12-17,1.497
2020-12-18,1.513
2020-12-21,1.478
2020-12-22,1.463
2020-12-23,1.498
2020-12-24,1.49
2020-12-28,1.48
2020-12-29,1.488
2020-12-30,1.492
2020-12-31,1.484
2021-01-04,1.464
2021-01-05,1.521
2021-01-06,1.53
2021-01-07,1.539
2021-01-08,1.58
2021-01-11,1.575
2021-01-12,1.599
2021-01-13,1.6
2021-01-14,1.621
2021-01-15,1.594
2021-01-19,1.6
2021-01-20,1.603
2021-01-21,1.602
2021-01-22,1.578
2021-01-25,1.596
2021-01-26,1.598
2021-01-27,1.608
2021-01-28,1.601
2021-01-29,1.598
2021-02-01,1.638
2021-02-02,1.666
2021-02-03,1.683
2021-02-04,1.693
2021-02-05,1.705
2021-02-08,1.739
2021-02-09,1.748
2021-02-10,1.753
2021-02-11,1.738
2021-02-12,1.765
2021-02-16,1.802
2021-02-17,1.824
2021-02-18,1.823
2021-02-19,1.81
2021-02-22,1.851
2021-02-23,1.861
2021-02-24,1.9
2021-02-25,1.898
2021-02-26,1.843
2021-03-01,1.811
2021-03-02,1.802
2021-03-03,1.831
2021-03-04,1.892
2021-03-05,1.942
2021-03-08,1.909
2021-03-09,1.906
2021-03-10,1.917
2021-03-11,1.958
2021-03-12,1.964
2021-03-15,1.947
2021-03-16,1.933
2021-03-17,1.907
2021-03-18,1.786
2021-03-19,1.822
2021-03-22,1.83
2021-03-23,1.75
2021-03-24,1.827
2021-03-25,1.75
2021-03-26,1.811
2021-03-29,1.812
2021-03-30,1.791
2021-03-31,1.77
2021-04-01,1.834
2021-04-05,1.775
2021-04-06,1.796
2021-04-07,1.809
2021-04-08,1.812
2021-04-09,1.81
2021-04-12,1.81
2021-04-13,1.817
2021-04-14,1.892
2021-04-15,1.9
2021-04-16,1.898
2021-04-19,1.895
2021-04-20,1.882
2021-04-21,1.856
2021-04-22,1.863
2021-04-23,1.876
2021-04-26,1.881
2021-04-27,1.907
2021-04-28,1.94
2021-04-29,1.963
2021-04-30,1.922
2021-05-03,1.954
2021-05-04,2
2021-05-05,2.004
2021-05-06,1.991
2021-05-07,2.012
2021-05-10,2.016
2021-05-11,2.04
2021-05-12,2.065
2021-05-13,1.999
2021-05-14,2.035
2021-05-17,2.059
2021-05-18,2.054
2021-05-19,2.005
2021-05-20,1.964
2021-05-21,1.988
2021-05-24,2.041
2021-05-25,2.034
2021-05-26,2.044
2021-05-27,2.055
2021-05-28,2.038
2021-06-01,2.073
2021-06-02,2.109
2021-06-03,2.104
2021-06-04,2.122
2021-06-07,2.118
2021-06-08,2.138
2021-06-09,2.133
2021-06-10,2.146
2021-06-11,2.124
2021-06-14,2.115
2021-06-15,2.115
2021-06-16,2.106
2021-06-17,2.069
2021-06-18,2.097
2021-06-21,2.13
2021-06-22,2.154
2021-06-23,2.162
2021-06-24,2.165
2021-06-25,2.152
2021-06-28,2.121
2021-06-29,2.125
2021-06-30,2.128
2021-07-01,2.158
2021-07-02,2.181
2021-07-06,2.107
2021-07-07,2.091
2021-07-08,2.122
2021-07-09,2.157
2021-07-12,2.152
2021-07-13,2.187
2021-07-14,2.145
2021-07-15,2.114
2021-07-16,2.115
2021-07-19,1.987
2021-07-20,2.014
2021-07-21,2.089
2021-07-22,2.134
2021-07-23,2.135
2021-07-26,2.153
2021-07-27,2.146
2021-07-28,2.158
2021-07-29,2.192
2021-07-30,2.196
2021-08-02,2.136
2021-08-03,2.128
2021-08-04,2.077
2021-08-05,2.109
2021-08-06,2.088
2021-08-09,2.045
2021-08-10,2.083
2021-08-11,2.109
2021-08-12,2.107
2021-08-13,2.08
2021-08-16,2.051
2021-08-17,2.039
2021-08-18,2.025
2021-08-19,1.971
2021-08-20,1.91
2021-08-23,2.008
2021-08-24,2.069
2021-08-25,2.118
2021-08-26,2.081
2021-08-27,2.107
2021-08-30,2.138
2021-08-31,2.13
2021-09-01,2.124
2021-09-02,2.163
2021-09-03,2.154
2021-09-07,2.117
2021-09-08,2.134
2021-09-09,2.111
2021-09-10,2.144
2021-09-13,2.157
2021-09-14,2.159
2021-09-15,2.204
2021-09-16,2.209
2021-09-17,2.206
2021-09-20,2.156
2021-09-21,2.171
2021-09-22,2.209
2021-09-23,2.246
2021-09-24,2.265
2021-09-27,2.293
2021-09-28,2.286
2021-09-29,2.305
2021-09-30,2.339
2021-10-01,2.376
2021-10-04,2.43
2021-10-05,2.486
2021-10-06,2.435
2021-10-07,2.452
2021-10-08,2.465
2021-10-11,2.506
2021-10-12,2.501
2021-10-13,2.511
2021-10-14,2.55
2021-10-15,2.564
2021-10-18,2.541
2021-10-19,2.552
2021-10-20,2.584
2021-10-21,2.541
2021-10-22,2.531
2021-10-25,2.557
2021-10-26,2.569
2021-10-27,2.506
2021-10-28,2.485
2021-10-29,2.479
2021-11-01,2.488
2021-11-02,2.494
2021-11-03,2.421
2021-11-04,2.393
2021-11-05,2.442
2021-11-08,2.454
2021-11-09,2.494
2021-11-10,2.438
2021-11-11,2.435
2021-11-12,2.395
2021-11-15,2.389
2021-11-16,2.422
2021-11-17,2.356
2021-11-18,2.377
2021-11-19,2.287
2021-11-22,2.324
2021-11-23,2.382
2021-11-24,2.379
2021-11-29,2.148
2021-11-30,2.06
2021-12-01,2.067
2021-12-02,2.092
2021-12-03,2.089
2021-12-06,2.163
2021-12-07,2.218
2021-12-08,2.255
2021-12-09,2.243
2021-12-10,2.246
2021-12-13,2.229
2021-12-14,2.215
2021-12-15,2.217
2021-12-16,2.263
2021-12-17,2.216
2021-12-20,2.169
2021-12-21,2.251
2021-12-22,2.299
2021-12-23,2.323
2021-12-27,2.345
2021-12-28,2.361
2021-12-29,2.367
2021-12-30,2.386
2021-12-31,2.325
2022-01-03,2.34
2022-01-04,2.387
2022-01-05,2.419
2022-01-06,2.449
2022-01-07,2.451
2022-01-10,2.448
2022-01-11,2.522
2022-01-12,2.544
2022-01-13,2.557
2022-01-14,2.586
2022-01-18,2.62
2022-01-19,2.636
2022-01-20,2.628
2022-01-21,2.637
2022-01-24,2.585
2022-01-25,2.629
2022-01-26,2.692
2022-01-27,2.718
2022-01-28,2.712
2022-01-31,2.716
2022-02-01,2.653
2022-02-02,2.673
2022-02-03,2.72
2022-02-04,2.76
2022-02-07,2.751
2022-02-08,2.698
2022-02-09,2.726
2022-02-10,2.728
2022-02-11,2.803
2022-02-14,2.851
2022-02-15,2.764
2022-02-16,2.79
2022-02-17,2.74
2022-02-18,2.749
2022-02-22,2.791
2022-02-23,2.793
2022-02-24,2.855
2022-02-25,2.806
2022-02-28,2.931
2022-03-01,3.038
2022-03-02,3.324
2022-03-03,3.329
2022-03-04,3.574
2022-03-07,3.708
2022-03-08,4.136
2022-03-09,3.334
2022-03-10,3.196
2022-03-11,3.293
2022-03-14,3.152
2022-03-15,2.946
2022-03-16,2.971
2022-03-17,3.294
2022-03-18,3.382
2022-03-21,3.535
2022-03-22,3.596
2022-03-23,3.817
2022-03-24,3.803
2022-03-25,3.751
2022-03-28,3.453
2022-03-29,3.389
2022-03-30,3.457
2022-03-31,3.361
2022-04-01,3.225
2022-04-04,3.327
2022-04-05,3.278
2022-04-06,3.167
2022-04-07,3.143
2022-04-08,3.199
2022-04-11,3.142
2022-04-12,3.328
2022-04-13,3.528
2022-04-14,3.644
2022-04-18,3.644
2022-04-19,3.577
2022-04-20,3.667
2022-04-21,3.627
2022-04-22,3.636
2022-04-25,3.654
2022-04-26,3.817
2022-04-27,3.939
2022-04-28,4.008
2022-04-29,4.017
2022-05-02,3.831
2022-05-03,3.741
2022-05-04,3.882
2022-05-05,3.82
2022-05-06,3.789
2022-05-09,3.654
2022-05-10,3.679
2022-05-11,3.755
2022-05-12,3.736
2022-05-13,3.761
2022-05-16,3.774
2022-05-17,3.693
2022-05-18,3.569
2022-05-19,3.667
2022-05-20,3.622
2022-05-23,3.643
2022-05-24,3.654
2022-05-25,3.749
2022-05-26,3.851
2022-05-27,3.905
2022-05-31,3.935
2022-06-01,4.032
2022-06-02,4.102
2022-06-03,4.155
2022-06-06,4.229
2022-06-07,4.208
2022-06-08,4.22
2022-06-09,4.306
2022-06-10,4.258
2022-06-13,4.179
2022-06-14,4.265
2022-06-15,4.401
2022-06-16,4.418
2022-06-17,4.209
2022-06-21,4.231
2022-06-22,4.281
2022-06-23,4.217
2022-06-24,4.245
2022-06-27,4.119
2022-06-28,4.115
2022-06-29,3.956
2022-06-30,3.831
2022-07-01,3.861
2022-07-05,3.541
2022-07-06,3.347
2022-07-07,3.594
2022-07-08,3.594
2022-07-11,3.684
2022-07-12,3.567
2022-07-13,3.581
2022-07-14,3.564
2022-07-15,3.617
2022-07-18,3.588
2022-07-19,3.569
2022-07-20,3.557
2022-07-21,3.524
2022-07-22,3.394
2022-07-25,3.46
2022-07-26,3.526
2022-07-27,3.644
2022-07-28,3.614
2022-07-29,3.549
2022-08-01,3.391
2022-08-02,3.34
2022-08-03,3.369
2022-08-04,3.299
2022-08-05,3.186
2022-08-08,3.161
2022-08-09,3.302
2022-08-10,3.376
2022-08-11,3.453
2022-08-12,3.486
2022-08-15,3.415
2022-08-16,3.445
2022-08-17,3.568
2022-08-18,3.603
2022-08-19,3.661
2022-08-22,3.738
2022-08-23,3.805
2022-08-24,3.965
2022-08-25,3.882
2022-08-26,3.935
2022-08-29,3.852
2022-08-30,3.778
2022-08-31,3.667
2022-09-01,3.498
2022-09-02,3.511
2022-09-06,3.51
2022-09-07,3.512
2022-09-08,3.471
2022-09-09,3.518
2022-09-12,3.546
2022-09-13,3.492
2022-09-14,3.338
2022-09-15,3.172
2022-09-16,3.136
2022-09-19,3.259
2022-09-20,3.304
2022-09-21,3.262
2022-09-22,3.321
2022-09-23,3.158
2022-09-26,3.046
2022-09-27,3.163
2022-09-28,3.337
2022-09-29,3.295
2022-09-30,3.222
2022-10-03,3.252
2022-10-04,3.39
2022-10-05,3.554
2022-10-06,3.671
2022-10-07,3.786
2022-10-10,3.69
2022-10-11,3.623
2022-10-12,3.622
2022-10-13,3.708
2022-10-14,3.603
2022-10-17,3.687
2022-10-18,3.629
2022-10-19,3.561
2022-10-20,3.484
2022-10-21,3.553
2022-10-24,3.567
2022-10-25,3.582
2022-10-26,3.677
2022-10-27,3.707
2022-10-28,3.746
2022-10-31,3.674
2022-11-01,3.469
2022-11-02,3.54
2022-11-03,3.649
2022-11-04,3.697
2022-11-07,3.615
2022-11-08,3.594
2022-11-09,3.491
2022-11-10,3.433
2022-11-11,3.451
2022-11-14,3.429
2022-11-15,3.51
2022-11-16,3.484
2022-11-17,3.397
2022-11-18,3.397
2022-11-21,3.379
2022-11-22,3.366
2022-11-23,3.277
2022-11-25,3.168
2022-11-28,3.151
2022-11-29,3.244
2022-11-30,3.364
2022-12-01,3.213
2022-12-02,3.129
2022-12-05,2.97
2022-12-06,2.887
2022-12-07,2.767
2022-12-08,2.845
2022-12-09,2.778
2022-12-12,2.94
2022-12-13,3.059
2022-12-14,3.23
2022-12-15,3.215
2022-12-16,3.075
2022-12-19,3.018
2022-12-20,3.029
2022-12-21,3.109
2022-12-22,3.095
2022-12-23,3.215
2022-12-27,3.313
2022-12-28,3.3
2022-12-29,3.263
2022-12-30,3.295
2023-01-03,2.998
2023-01-04,2.892
2023-01-05,2.893
2023-01-06,2.921
2023-01-09,2.953
2023-01-10,3.013
2023-01-11,3.096
2023-01-12,3.12
2023-01-13,3.165
2023-01-17,3.169
2023-01-18,3.183
2023-01-19,3.281
2023-01-20,3.358
2023-01-23,3.437
2023-01-24,3.326
2023-01-25,3.26
2023-01-26,3.296
2023-01-27,3.185
2023-01-30,3.06
2023-01-31,3.145
2023-02-01,2.878
2023-02-02,2.828
2023-02-03,2.724
2023-02-06,2.722
2023-02-07,2.85
2023-02-08,2.858
2023-02-09,2.785
2023-02-10,2.837
2023-02-13,2.874
2023-02-14,2.909
2023-02-15,2.819
2023-02-16,2.791
2023-02-17,2.702
2023-02-21,2.774
2023-02-22,2.702
2023-02-23,2.691
2023-02-24,2.767
2023-02-27,2.8
2023-02-28,2.806
2023-03-01,2.812
2023-03-02,2.81
2023-03-03,2.855
2023-03-06,2.839
2023-03-07,2.752
2023-03-08,2.707
2023-03-09,2.634
2023-03-10,2.719
2023-03-13,2.685
2023-03-14,2.624
2023-03-15,2.507
2023-03-16,2.536
2023-03-17,2.547
2023-03-20,2.558
2023-03-21,2.573
2023-03-22,2.606
2023-03-23,2.573
2023-03-24,2.573
2023-03-27,2.652
2023-03-28,2.646
2023-03-29,2.567
2023-03-30,2.564
2023-03-31,2.621
2023-04-03,2.618
2023-04-04,2.624
2023-04-05,2.672
2023-04-06,2.612
2023-04-10,2.629
2023-04-11,2.623
2023-04-12,2.66
2023-04-13,2.636
2023-04-14,2.616
2023-04-17,2.588
2023-04-18,2.582
2023-04-19,2.54
2023-04-20,2.481
2023-04-21,2.479
2023-04-24,2.523
2023-04-25,2.448
2023-04-26,2.369
2023-04-27,2.353
2023-04-28,2.377
2023-05-01,2.384
2023-05-02,2.292
2023-05-03,2.235
2023-05-04,2.243
2023-05-05,2.319
2023-05-08,2.379
2023-05-09,2.392
2023-05-10,2.389
2023-05-11,2.343
2023-05-12,2.298
2023-05-15,2.36
2023-05-16,2.347
2023-05-17,2.408
2023-05-18,2.385
2023-05-19,2.352
2023-05-22,2.356
2023-05-23,2.353
2023-05-24,2.402
2023-05-25,2.337
2023-05-26,2.355
2023-05-30,2.269
2023-05-31,2.251
2023-06-01,2.311
2023-06-02,2.354
2023-06-05,2.375
2023-06-06,2.366
2023-06-07,2.397
2023-06-08,2.382
2023-06-09,2.354
2023-06-12,2.298
2023-06-13,2.379
2023-06-14,2.342
2023-06-15,2.454
2023-06-16,2.505
2023-06-20,2.437
2023-06-21,2.495
2023-06-22,2.414
2023-06-23,2.373
2023-06-26,2.413
2023-06-27,2.372
2023-06-28,2.395
2023-06-29,2.407
2023-06-30,2.448
2023-07-03,2.375
2023-07-05,2.483
2023-07-06,2.469
2023-07-07,2.542
2023-07-10,2.54
2023-07-11,2.575
2023-07-12,2.592
2023-07-13,2.605
2023-07-14,2.589
2023-07-17,2.558
2023-07-18,2.594
2023-07-19,2.636
2023-07-20,2.657
2023-07-21,2.738
2023-07-24,2.764
2023-07-25,2.773
2023-07-26,2.837
2023-07-27,2.909
2023-07-28,2.95
2023-07-31,2.986
2023-08-01,2.99
2023-08-02,2.976
2023-08-03,3.043
2023-08-04,3.037
2023-08-07,2.994
2023-08-08,3.059
2023-08-09,3.171
2023-08-10,3.121
2023-08-11,3.096
2023-08-14,3.068
2023-08-15,3.011
2023-08-16,2.997
2023-08-17,3.068
2023-08-18,3.128
2023-08-21,3.091
2023-08-22,3.113
2023-08-23,3.102
2023-08-24,3.127
2023-08-25,3.267
2023-08-28,3.171
2023-08-29,3.173
2023-08-30,3.066
2023-08-31,3.113
2023-09-01,3.038
2023-09-05,3.145
2023-09-06,3.129
2023-09-07,3.145
2023-09-08,3.215
2023-09-11,3.276
2023-09-12,3.255
2023-09-13,3.344
2023-09-14,3.396
2023-09-15,3.308
2023-09-18,3.225
2023-09-19,3.293
2023-09-20,3.246
2023-09-21,3.292
2023-09-22,3.237
2023-09-25,3.2
2023-09-26,3.171
2023-09-27,3.262
2023-09-28,3.27
2023-09-29,3.301
2023-10-02,3.104
2023-10-03,3.087
2023-10-04,2.925
2023-10-05,2.799
2023-10-06,2.824
2023-10-09,2.878
2023-10-10,2.925
2023-10-11,2.912
2023-10-12,2.943
2023-10-13,3.08
2023-10-16,3.042
2023-10-17,3.053
2023-10-18,3.045
2023-10-19,3.077
2023-10-20,3.072
2023-10-23,3.016
2023-10-24,2.963
2023-10-25,2.959
2023-10-26,2.966
2023-10-27,2.969
2023-10-30,2.884
2023-10-31,2.91
2023-11-01,2.891
2023-11-02,2.951
2023-11-03,2.86
2023-11-06,2.889
2023-11-07,2.779
2023-11-08,2.698
2023-11-09,2.674
2023-11-10,2.698
2023-11-13,2.777
2023-11-14,2.779
2023-11-15,2.791
2023-11-16,2.672
2023-11-17,2.714
2023-11-20,2.788
2023-11-21,2.852
2023-11-22,2.804
2023-11-24,2.762
2023-11-27,2.753
2023-11-28,2.817
2023-11-29,2.809
2023-11-30,2.754
2023-12-01,2.63
2023-12-04,2.626
2023-12-05,2.605
2023-12-06,2.538
2023-12-07,2.518
2023-12-08,2.551
2023-12-11,2.579
2023-12-12,2.48
2023-12-13,2.523
2023-12-14,2.567
2023-12-15,2.597
2023-12-18,2.651
2023-12-19,2.689
2023-12-20,2.684
2023-12-21,2.67
2023-12-22,2.636
2023-12-26,2.647
2023-12-27,2.603
2023-12-28,2.54
2023-12-29,2.529
2024-01-02,2.493
2024-01-03,2.57
2024-01-04,2.554
2024-01-05,2.576
2024-01-08,2.537
2024-01-09,2.6
2024-01-10,2.554
2024-01-11,2.614
2024-01-12,2.616
2024-01-16,2.613
2024-01-17,2.61
2024-01-18,2.65
2024-01-19,2.628
2024-01-22,2.664
2024-01-23,2.663
2024-01-24,2.655
2024-01-25,2.766
2024-01-26,2.806
2024-01-29,2.797
2024-01-30,2.777
2024-01-31,2.785
2024-02-01,2.656
2024-02-02,2.604
2024-02-05,2.66
2024-02-06,2.679
2024-02-07,2.743
2024-02-08,2.815
2024-02-09,2.871
2024-02-12,2.838
2024-02-13,2.829
2024-02-14,2.755
2024-02-15,2.765
2024-02-16,2.752
2024-02-20,2.679
2024-02-21,2.662
2024-02-22,2.703
2024-02-23,2.641
2024-02-26,2.707
2024-02-27,2.698
2024-02-28,2.626
2024-02-29,2.65
2024-03-01,2.641
2024-03-04,2.597
2024-03-05,2.562
2024-03-06,2.612
2024-03-07,2.633
2024-03-08,2.59
2024-03-11,2.606
2024-03-12,2.585
2024-03-13,2.656
2024-03-14,2.686
2024-03-15,2.696
2024-03-18,2.762
2024-03-19,2.739
2024-03-20,2.675
2024-03-21,2.652
2024-03-22,2.639
2024-03-25,2.664
2024-03-26,2.616
2024-03-27,2.603
2024-03-28,2.623
2024-04-01,2.626
2024-04-02,2.705
2024-04-03,2.723
2024-04-04,2.734
2024-04-05,2.763
