period,value
2000-01-04,.678
2000-01-05,.666
2000-01-06,.663
2000-01-07,.648
2000-01-10,.647
2000-01-11,.668
2000-01-12,.685
2000-01-13,.693
2000-01-14,.738
2000-01-18,.77
2000-01-19,.8
2000-01-20,.865
2000-01-21,.935
2000-01-24,.864
2000-01-25,.904
2000-01-26,.921
2000-01-27,.912
2000-01-28,.925
2000-01-31,.952
2000-02-01,.772
2000-02-02,.755
2000-02-03,.779
2000-02-04,.788
2000-02-07,.758
2000-02-08,.728
2000-02-09,.746
2000-02-10,.745
2000-02-11,.742
2000-02-14,.757
2000-02-15,.752
2000-02-16,.762
2000-02-17,.751
2000-02-18,.755
2000-02-22,.749
2000-02-23,.761
2000-02-24,.78
2000-02-25,.829
2000-02-28,.817
2000-02-29,.825
2000-03-01,.797
2000-03-02,.795
2000-03-03,.789
2000-03-06,.795
2000-03-07,.824
2000-03-08,.753
2000-03-09,.765
2000-03-10,.745
2000-03-13,.755
2000-03-14,.737
2000-03-15,.717
2000-03-16,.72
2000-03-17,.717
2000-03-20,.681
2000-03-21,.688
2000-03-22,.697
2000-03-23,.712
2000-03-24,.749
2000-03-27,.737
2000-03-28,.742
2000-03-29,.725
2000-03-30,.735
2000-03-31,.783
2000-04-03,.673
2000-04-04,.644
2000-04-05,.662
2000-04-06,.66
2000-04-07,.648
2000-04-10,.632
2000-04-11,.636
2000-04-12,.673
2000-04-13,.677
2000-04-14,.664
2000-04-17,.695
2000-04-18,.708
2000-04-19,.769
2000-04-20,.757
2000-04-24,.753
2000-04-25,.751
2000-04-26,.759
2000-04-27,.751
2000-04-28,.732
2000-05-01,.674
2000-05-02,.695
2000-05-03,.677
2000-05-04,.682
2000-05-05,.673
2000-05-08,.696
2000-05-09,.714
2000-05-10,.733
2000-05-11,.773
2000-05-12,.768
2000-05-15,.773
2000-05-16,.768
2000-05-17,.774
2000-05-18,.799
2000-05-19,.789
2000-05-22,.761
2000-05-23,.754
2000-05-24,.785
2000-05-25,.791
2000-05-26,.764
2000-05-30,.765
2000-05-31,.74
2000-06-01,.762
2000-06-02,.756
2000-06-05,.747
2000-06-06,.753
2000-06-07,.749
2000-06-08,.742
2000-06-09,.742
2000-06-12,.779
2000-06-13,.785
2000-06-14,.786
2000-06-15,.774
2000-06-16,.742
2000-06-19,.736
2000-06-20,.761
2000-06-21,.786
2000-06-22,.814
2000-06-23,.806
2000-06-26,.801
2000-06-27,.819
2000-06-28,.816
2000-06-29,.845
2000-06-30,.841
2000-07-05,.796
2000-07-06,.784
2000-07-07,.789
2000-07-10,.779
2000-07-11,.79
2000-07-12,.795
2000-07-13,.816
2000-07-14,.809
2000-07-17,.793
2000-07-18,.806
2000-07-19,.801
2000-07-20,.793
2000-07-21,.764
2000-07-24,.754
2000-07-25,.756
2000-07-26,.759
2000-07-27,.766
2000-07-28,.768
2000-07-31,.779
2000-08-01,.768
2000-08-02,.783
2000-08-03,.795
2000-08-04,.819
2000-08-07,.782
2000-08-08,.798
2000-08-09,.835
2000-08-10,.863
2000-08-11,.858
2000-08-14,.873
2000-08-15,.865
2000-08-16,.869
2000-08-17,.887
2000-08-18,.899
2000-08-21,.923
2000-08-22,.904
2000-08-23,.956
2000-08-24,.953
2000-08-25,.969
2000-08-28,.999
2000-08-29,.986
2000-08-30,.993
2000-08-31,.984
2000-09-01,.976
2000-09-05,.98
2000-09-06,.997
2000-09-07,1.029
2000-09-08,.995
2000-09-11,1.05
2000-09-12,1.047
2000-09-13,1.011
2000-09-14,1.007
2000-09-15,1.033
2000-09-18,1.042
2000-09-19,1.019
2000-09-20,1.018
2000-09-21,.999
2000-09-22,.955
2000-09-25,.941
2000-09-26,.93
2000-09-27,.948
2000-09-28,.911
2000-09-29,.924
2000-10-02,.961
2000-10-03,.964
2000-10-04,.963
2000-10-05,.927
2000-10-06,.929
2000-10-09,.955
2000-10-10,.997
2000-10-11,1.018
2000-10-12,1.077
2000-10-13,1.016
2000-10-16,.972
2000-10-17,.96
2000-10-18,.966
2000-10-19,.952
2000-10-20,.971
2000-10-23,.999
2000-10-24,.994
2000-10-25,.977
2000-10-26,.987
2000-10-27,.974
2000-10-30,.963
2000-10-31,.941
2000-11-01,.941
2000-11-02,.932
2000-11-03,.922
2000-11-06,.917
2000-11-07,.949
2000-11-08,.959
2000-11-09,1.016
2000-11-10,1.008
2000-11-13,1.016
2000-11-14,1.054
2000-11-15,1.077
2000-11-16,1.054
2000-11-17,1.079
2000-11-20,1.096
2000-11-21,1.094
2000-11-22,1.094
2000-11-27,1.085
2000-11-28,1.024
2000-11-29,1.032
2000-11-30,1.053
2000-12-01,.971
2000-12-04,1.008
2000-12-05,.977
2000-12-06,1.012
2000-12-07,.993
2000-12-08,.944
2000-12-11,.983
2000-12-12,.961
2000-12-13,.91
2000-12-14,.889
2000-12-15,.917
2000-12-18,.922
2000-12-19,.916
2000-12-20,.857
2000-12-21,.862
2000-12-22,.878
2000-12-26,.935
2000-12-27,.937
2000-12-28,.895
2000-12-29,.907
2001-01-02,.866
2001-01-03,.86
2001-01-04,.861
2001-01-05,.861
2001-01-08,.826
2001-01-09,.806
2001-01-10,.85
2001-01-11,.84
2001-01-12,.842
2001-01-16,.841
2001-01-17,.815
2001-01-18,.842
2001-01-19,.879
2001-01-22,.879
2001-01-23,.862
2001-01-24,.822
2001-01-25,.83
2001-01-26,.846
2001-01-29,.812
2001-01-30,.8
2001-01-31,.786
2001-02-01,.778
2001-02-02,.821
2001-02-05,.811
2001-02-06,.809
2001-02-07,.827
2001-02-08,.842
2001-02-09,.822
2001-02-12,.801
2001-02-13,.788
2001-02-14,.771
2001-02-15,.757
2001-02-16,.76
2001-02-20,.749
2001-02-21,.741
2001-02-22,.736
2001-02-23,.742
2001-02-26,.747
2001-02-27,.747
2001-02-28,.733
2001-03-01,.716
2001-03-02,.725
2001-03-05,.741
2001-03-06,.731
2001-03-07,.741
2001-03-08,.733
2001-03-09,.729
2001-03-12,.732
2001-03-13,.729
2001-03-14,.704
2001-03-15,.707
2001-03-16,.704
2001-03-19,.678
2001-03-20,.685
2001-03-21,.716
2001-03-22,.726
2001-03-23,.766
2001-03-26,.761
2001-03-27,.779
2001-03-28,.751
2001-03-29,.778
2001-03-30,.757
2001-04-02,.674
2001-04-03,.696
2001-04-04,.727
2001-04-05,.737
2001-04-06,.728
2001-04-09,.736
2001-04-10,.791
2001-04-11,.796
2001-04-12,.781
2001-04-16,.819
2001-04-17,.801
2001-04-18,.782
2001-04-19,.785
2001-04-20,.77
2001-04-23,.752
2001-04-24,.737
2001-04-25,.753
2001-04-26,.776
2001-04-27,.757
2001-04-30,.743
2001-05-01,.765
2001-05-02,.744
2001-05-03,.766
2001-05-04,.766
2001-05-07,.747
2001-05-08,.749
2001-05-09,.768
2001-05-10,.768
2001-05-11,.761
2001-05-14,.753
2001-05-15,.766
2001-05-16,.775
2001-05-17,.784
2001-05-18,.804
2001-05-21,.812
2001-05-22,.809
2001-05-23,.815
2001-05-24,.794
2001-05-25,.782
2001-05-29,.775
2001-05-30,.776
2001-05-31,.78
2001-06-01,.759
2001-06-04,.759
2001-06-05,.77
2001-06-06,.766
2001-06-07,.759
2001-06-08,.767
2001-06-11,.783
2001-06-12,.802
2001-06-13,.801
2001-06-14,.833
2001-06-15,.805
2001-06-18,.771
2001-06-19,.774
2001-06-20,.742
2001-06-21,.742
2001-06-22,.734
2001-06-25,.739
2001-06-26,.732
2001-06-27,.699
2001-06-28,.699
2001-06-29,.709
2001-07-02,.711
2001-07-03,.716
2001-07-05,.724
2001-07-06,.738
2001-07-09,.728
2001-07-10,.723
2001-07-11,.706
2001-07-12,.707
2001-07-13,.687
2001-07-16,.688
2001-07-17,.687
2001-07-18,.673
2001-07-19,.668
2001-07-20,.681
2001-07-23,.684
2001-07-24,.688
2001-07-25,.709
2001-07-26,.719
2001-07-27,.713
2001-07-30,.706
2001-07-31,.697
2001-08-01,.704
2001-08-02,.733
2001-08-03,.726
2001-08-06,.726
2001-08-07,.734
2001-08-08,.731
2001-08-09,.736
2001-08-10,.744
2001-08-13,.742
2001-08-14,.75
2001-08-15,.745
2001-08-16,.742
2001-08-17,.705
2001-08-20,.714
2001-08-21,.73
2001-08-22,.728
2001-08-23,.737
2001-08-24,.746
2001-08-27,.75
2001-08-28,.775
2001-08-29,.766
2001-08-30,.753
2001-08-31,.766
2001-09-04,.761
2001-09-05,.767
2001-09-06,.783
2001-09-07,.803
2001-09-10,.796
2001-09-14,.803
2001-09-17,.807
2001-09-18,.744
2001-09-19,.719
2001-09-20,.721
2001-09-21,.709
2001-09-24,.611
2001-09-25,.618
2001-09-26,.648
2001-09-27,.649
2001-09-28,.664
2001-10-01,.66
2001-10-02,.647
2001-10-03,.64
2001-10-04,.653
2001-10-05,.64
2001-10-08,.645
2001-10-09,.647
2001-10-10,.646
2001-10-11,.668
2001-10-12,.638
2001-10-15,.631
2001-10-16,.627
2001-10-17,.621
2001-10-18,.611
2001-10-19,.626
2001-10-22,.626
2001-10-23,.621
2001-10-24,.639
2001-10-25,.632
2001-10-26,.624
2001-10-29,.624
2001-10-30,.62
2001-10-31,.598
2001-11-01,.589
2001-11-02,.583
2001-11-05,.576
2001-11-06,.571
2001-11-07,.572
2001-11-08,.607
2001-11-09,.627
2001-11-12,.601
2001-11-13,.609
2001-11-14,.561
2001-11-15,.511
2001-11-16,.522
2001-11-19,.524
2001-11-20,.538
2001-11-21,.534
2001-11-26,.522
2001-11-27,.539
2001-11-28,.531
2001-11-29,.519
2001-11-30,.532
2001-12-03,.558
2001-12-04,.542
2001-12-05,.531
2001-12-06,.507
2001-12-07,.517
2001-12-10,.507
2001-12-11,.5
2001-12-12,.506
2001-12-13,.51
2001-12-14,.543
2001-12-17,.538
2001-12-18,.547
2001-12-19,.561
2001-12-20,.545
2001-12-21,.548
2001-12-26,.595
2001-12-27,.582
2001-12-28,.567
2001-12-31,.551
2002-01-02,.579
2002-01-03,.56
2002-01-04,.586
2002-01-07,.572
2002-01-08,.568
2002-01-09,.538
2002-01-10,.553
2002-01-11,.539
2002-01-14,.517
2002-01-15,.521
2002-01-16,.532
2002-01-17,.515
2002-01-18,.514
2002-01-22,.514
2002-01-23,.525
2002-01-24,.534
2002-01-25,.537
2002-01-28,.531
2002-01-29,.521
2002-01-30,.509
2002-01-31,.523
2002-02-01,.553
2002-02-04,.538
2002-02-05,.537
2002-02-06,.528
2002-02-07,.519
2002-02-08,.533
2002-02-11,.562
2002-02-12,.546
2002-02-13,.554
2002-02-14,.556
2002-02-15,.559
2002-02-19,.544
2002-02-20,.531
2002-02-21,.549
2002-02-22,.546
2002-02-25,.525
2002-02-26,.552
2002-02-27,.554
2002-02-28,.563
2002-03-01,.589
2002-03-04,.585
2002-03-05,.601
2002-03-06,.599
2002-03-07,.619
2002-03-08,.619
2002-03-11,.635
2002-03-12,.635
2002-03-13,.648
2002-03-14,.657
2002-03-15,.648
2002-03-18,.665
2002-03-19,.661
2002-03-20,.666
2002-03-21,.671
2002-03-22,.653
2002-03-25,.642
2002-03-26,.657
2002-03-27,.667
2002-03-28,.669
2002-04-01,.687
2002-04-02,.71
2002-04-03,.708
2002-04-04,.687
2002-04-05,.682
2002-04-08,.693
2002-04-09,.678
2002-04-10,.678
2002-04-11,.647
2002-04-12,.601
2002-04-15,.633
2002-04-16,.638
2002-04-17,.654
2002-04-18,.656
2002-04-19,.659
2002-04-22,.658
2002-04-23,.665
2002-04-24,.661
2002-04-25,.672
2002-04-26,.679
2002-04-29,.692
2002-04-30,.689
2002-05-01,.674
2002-05-02,.661
2002-05-03,.665
2002-05-06,.65
2002-05-07,.659
2002-05-08,.674
2002-05-09,.678
2002-05-10,.689
2002-05-13,.695
2002-05-14,.717
2002-05-15,.678
2002-05-16,.682
2002-05-17,.686
2002-05-20,.69
2002-05-21,.668
2002-05-22,.67
2002-05-23,.665
2002-05-24,.66
2002-05-28,.64
2002-05-29,.653
2002-05-30,.622
2002-05-31,.63
2002-06-03,.635
2002-06-04,.643
2002-06-05,.636
2002-06-06,.635
2002-06-07,.632
2002-06-10,.623
2002-06-11,.619
2002-06-12,.631
2002-06-13,.66
2002-06-14,.664
2002-06-17,.665
2002-06-18,.655
2002-06-19,.652
2002-06-20,.66
2002-06-21,.649
2002-06-24,.666
2002-06-25,.659
2002-06-26,.666
2002-06-27,.673
2002-06-28,.68
2002-07-01,.68
2002-07-02,.687
2002-07-03,.688
2002-07-08,.668
2002-07-09,.671
2002-07-10,.687
2002-07-11,.69
2002-07-12,.705
2002-07-15,.696
2002-07-16,.711
2002-07-17,.71
2002-07-18,.702
2002-07-19,.701
2002-07-22,.671
2002-07-23,.659
2002-07-24,.676
2002-07-25,.674
2002-07-26,.668
2002-07-29,.666
2002-07-30,.689
2002-07-31,.676
2002-08-01,.672
2002-08-02,.677
2002-08-05,.666
2002-08-06,.678
2002-08-07,.666
2002-08-08,.672
2002-08-09,.672
2002-08-12,.695
2002-08-13,.694
2002-08-14,.701
2002-08-15,.728
2002-08-16,.735
2002-08-19,.734
2002-08-20,.738
2002-08-21,.754
2002-08-22,.748
2002-08-23,.739
2002-08-26,.751
2002-08-27,.75
2002-08-28,.745
2002-08-29,.754
2002-08-30,.748
2002-09-03,.728
2002-09-04,.75
2002-09-05,.773
2002-09-06,.784
2002-09-09,.786
2002-09-10,.793
2002-09-11,.79
2002-09-12,.766
2002-09-13,.787
2002-09-16,.784
2002-09-17,.772
2002-09-18,.789
2002-09-19,.788
2002-09-20,.787
2002-09-23,.806
2002-09-24,.807
2002-09-25,.806
2002-09-26,.804
2002-09-27,.804
2002-09-30,.802
2002-10-01,.82
2002-10-02,.814
2002-10-03,.794
2002-10-04,.792
2002-10-07,.792
2002-10-08,.791
2002-10-09,.794
2002-10-10,.783
2002-10-11,.79
2002-10-14,.809
2002-10-15,.8
2002-10-16,.8
2002-10-17,.808
2002-10-18,.804
2002-10-21,.763
2002-10-22,.758
2002-10-23,.757
2002-10-24,.76
2002-10-25,.728
2002-10-28,.731
2002-10-29,.716
2002-10-30,.728
2002-10-31,.744
2002-11-01,.742
2002-11-04,.733
2002-11-05,.718
2002-11-06,.708
2002-11-07,.696
2002-11-08,.689
2002-11-11,.689
2002-11-12,.69
2002-11-13,.673
2002-11-14,.677
2002-11-15,.689
2002-11-18,.723
2002-11-19,.722
2002-11-20,.745
2002-11-21,.749
2002-11-22,.766
2002-11-25,.75
2002-11-26,.758
2002-11-27,.757
2002-12-02,.774
2002-12-03,.775
2002-12-04,.745
2002-12-05,.756
2002-12-06,.747
2002-12-09,.758
2002-12-10,.772
2002-12-11,.769
2002-12-12,.793
2002-12-13,.816
2002-12-16,.856
2002-12-17,.84
2002-12-18,.855
2002-12-19,.861
2002-12-20,.86
2002-12-23,.896
2002-12-24,.905
2002-12-26,.909
2002-12-27,.908
2002-12-30,.867
2002-12-31,.866
2003-01-02,.881
2003-01-03,.918
2003-01-06,.888
2003-01-07,.849
2003-01-08,.832
2003-01-09,.875
2003-01-10,.865
2003-01-13,.884
2003-01-14,.892
2003-01-15,.909
2003-01-16,.897
2003-01-17,.899
2003-01-21,.895
2003-01-22,.912
2003-01-23,.915
2003-01-24,.95
2003-01-27,.934
2003-01-28,.93
2003-01-29,.971
2003-01-30,.981
2003-01-31,.959
2003-02-03,.918
2003-02-04,.962
2003-02-05,.994
2003-02-06,1.027
2003-02-07,1.096
2003-02-10,1.044
2003-02-11,1.058
2003-02-12,1.031
2003-02-13,1.053
2003-02-14,1.061
2003-02-18,1.065
2003-02-19,1.099
2003-02-20,1.059
2003-02-21,1.109
2003-02-24,1.147
2003-02-25,1.123
2003-02-26,1.155
2003-02-27,1.154
2003-02-28,1.256
2003-03-03,1.036
2003-03-04,1.049
2003-03-05,1.044
2003-03-06,1.056
2003-03-07,1.109
2003-03-10,1.086
2003-03-11,1.03
2003-03-12,1.035
2003-03-13,.967
2003-03-14,.941
2003-03-17,.916
2003-03-18,.858
2003-03-19,.836
2003-03-20,.824
2003-03-21,.756
2003-03-24,.784
2003-03-25,.735
2003-03-26,.744
2003-03-27,.812
2003-03-28,.833
2003-03-31,.792
2003-04-01,.741
2003-04-02,.719
2003-04-03,.732
2003-04-04,.726
2003-04-07,.716
2003-04-08,.718
2003-04-09,.743
2003-04-10,.716
2003-04-11,.725
2003-04-14,.748
2003-04-15,.773
2003-04-16,.765
2003-04-17,.774
2003-04-21,.801
2003-04-22,.779
2003-04-23,.751
2003-04-24,.773
2003-04-25,.766
2003-04-28,.731
2003-04-29,.73
2003-04-30,.761
2003-05-01,.691
2003-05-02,.679
2003-05-05,.705
2003-05-06,.678
2003-05-07,.689
2003-05-08,.71
2003-05-09,.719
2003-05-12,.708
2003-05-13,.742
2003-05-14,.764
2003-05-15,.75
2003-05-16,.756
2003-05-19,.729
2003-05-20,.733
2003-05-21,.748
2003-05-22,.744
2003-05-23,.744
2003-05-27,.746
2003-05-28,.73
2003-05-29,.747
2003-05-30,.754
2003-06-02,.766
2003-06-03,.765
2003-06-04,.752
2003-06-05,.772
2003-06-06,.782
2003-06-09,.779
2003-06-10,.787
2003-06-11,.791
2003-06-12,.764
2003-06-13,.742
2003-06-16,.744
2003-06-17,.752
2003-06-18,.745
2003-06-19,.734
2003-06-20,.757
2003-06-23,.75
2003-06-24,.745
2003-06-25,.779
2003-06-26,.749
2003-06-27,.76
2003-06-30,.781
2003-07-01,.79
2003-07-02,.783
2003-07-03,.781
2003-07-07,.775
2003-07-08,.779
2003-07-09,.805
2003-07-10,.805
2003-07-11,.807
2003-07-14,.806
2003-07-15,.813
2003-07-16,.789
2003-07-17,.797
2003-07-18,.801
2003-07-21,.796
2003-07-22,.756
2003-07-23,.765
2003-07-24,.777
2003-07-25,.777
2003-07-28,.774
2003-07-29,.778
2003-07-30,.797
2003-07-31,.793
2003-08-01,.851
2003-08-04,.835
2003-08-05,.846
2003-08-06,.834
2003-08-07,.855
2003-08-08,.843
2003-08-11,.835
2003-08-12,.834
2003-08-13,.807
2003-08-14,.814
2003-08-15,.805
2003-08-18,.795
2003-08-19,.792
2003-08-20,.802
2003-08-21,.833
2003-08-22,.83
2003-08-25,.824
2003-08-26,.828
2003-08-27,.807
2003-08-28,.809
2003-08-29,.819
2003-09-02,.771
2003-09-03,.775
2003-09-04,.765
2003-09-05,.76
2003-09-08,.759
2003-09-09,.768
2003-09-10,.772
2003-09-11,.756
2003-09-12,.748
2003-09-15,.747
2003-09-16,.735
2003-09-17,.712
2003-09-18,.707
2003-09-19,.699
2003-09-22,.702
2003-09-23,.708
2003-09-24,.745
2003-09-25,.741
2003-09-26,.749
2003-09-29,.756
2003-09-30,.778
2003-10-01,.799
2003-10-02,.808
2003-10-03,.818
2003-10-06,.812
2003-10-07,.819
2003-10-08,.812
2003-10-09,.854
2003-10-10,.882
2003-10-13,.872
2003-10-14,.873
2003-10-15,.869
2003-10-16,.863
2003-10-17,.831
2003-10-20,.823
2003-10-21,.826
2003-10-22,.816
2003-10-23,.829
2003-10-24,.821
2003-10-27,.809
2003-10-28,.8
2003-10-29,.788
2003-10-30,.773
2003-10-31,.786
2003-11-03,.786
2003-11-04,.779
2003-11-05,.826
2003-11-06,.822
2003-11-07,.836
2003-11-10,.832
2003-11-11,.844
2003-11-12,.847
2003-11-13,.865
2003-11-14,.88
2003-11-17,.859
2003-11-18,.899
2003-11-19,.888
2003-11-20,.874
2003-11-21,.869
2003-11-24,.82
2003-11-25,.819
2003-11-26,.835
2003-12-01,.834
2003-12-02,.863
2003-12-03,.866
2003-12-04,.882
2003-12-05,.864
2003-12-08,.905
2003-12-09,.887
2003-12-10,.888
2003-12-11,.885
2003-12-12,.926
2003-12-15,.921
2003-12-16,.918
2003-12-17,.942
2003-12-18,.964
2003-12-19,.938
2003-12-22,.894
2003-12-23,.892
2003-12-24,.911
2003-12-29,.901
2003-12-30,.929
2003-12-31,.913
2004-01-05,.968
2004-01-06,.977
2004-01-07,.966
2004-01-08,.984
2004-01-09,1.01
2004-01-12,1.008
2004-01-13,.989
2004-01-14,.967
2004-01-15,.93
2004-01-16,.981
2004-01-20,1.019
2004-01-21,1.029
2004-01-22,1.038
2004-01-23,1.025
2004-01-26,.993
2004-01-27,.992
2004-01-28,.972
2004-01-29,.944
2004-01-30,.931
2004-02-02,.945
2004-02-03,.914
2004-02-04,.89
2004-02-05,.882
2004-02-06,.865
2004-02-09,.88
2004-02-10,.898
2004-02-11,.911
2004-02-12,.919
2004-02-13,.943
2004-02-17,.94
2004-02-18,.933
2004-02-19,.924
2004-02-20,.887
2004-02-23,.885
2004-02-24,.89
2004-02-25,.934
2004-02-26,.943
2004-02-27,.961
2004-03-01,.948
2004-03-02,.935
2004-03-03,.899
2004-03-04,.923
2004-03-05,.925
2004-03-08,.899
2004-03-09,.892
2004-03-10,.879
2004-03-11,.89
2004-03-12,.879
2004-03-15,.917
2004-03-16,.915
2004-03-17,.959
2004-03-18,.946
2004-03-19,.939
2004-03-22,.914
2004-03-23,.933
2004-03-24,.921
2004-03-25,.889
2004-03-26,.892
2004-03-29,.885
2004-03-30,.907
2004-03-31,.886
2004-04-01,.847
2004-04-02,.855
2004-04-05,.854
2004-04-06,.876
2004-04-07,.906
2004-04-08,.925
2004-04-12,.942
2004-04-13,.93
2004-04-14,.937
2004-04-15,.966
2004-04-16,.96
2004-04-19,.943
2004-04-20,.931
2004-04-21,.909
2004-04-22,.941
2004-04-23,.917
2004-04-26,.933
2004-04-27,.942
2004-04-28,.943
2004-04-29,.95
2004-04-30,.954
2004-05-03,.968
2004-05-04,.988
2004-05-05,.998
2004-05-06,1.005
2004-05-07,1.016
2004-05-10,.98
2004-05-11,1.016
2004-05-12,1.039
2004-05-13,1.049
2004-05-14,1.041
2004-05-17,1.043
2004-05-18,1.014
2004-05-19,1.049
2004-05-20,1.027
2004-05-21,.996
2004-05-24,1.049
2004-05-25,1.027
2004-05-26,1.02
2004-05-27,.988
2004-05-28,.999
2004-06-01,1.064
2004-06-02,1.012
2004-06-03,.995
2004-06-04,.982
2004-06-07,.989
2004-06-08,.961
2004-06-09,.981
2004-06-10,1.004
2004-06-14,.982
2004-06-15,.978
2004-06-16,.986
2004-06-17,1.031
2004-06-18,1.025
2004-06-21,.993
2004-06-22,1.017
2004-06-23,1
2004-06-24,1.023
2004-06-25,1.011
2004-06-28,.975
2004-06-29,.963
2004-06-30,1.006
2004-07-01,1.08
2004-07-02,1.073
2004-07-06,1.093
2004-07-07,1.079
2004-07-08,1.102
2004-07-09,1.081
2004-07-12,1.061
2004-07-13,1.062
2004-07-14,1.092
2004-07-15,1.099
2004-07-16,1.096
2004-07-19,1.106
2004-07-20,1.077
2004-07-21,1.083
2004-07-22,1.118
2004-07-23,1.132
2004-07-26,1.113
2004-07-27,1.122
2004-07-28,1.144
2004-07-29,1.133
2004-07-30,1.157
2004-08-02,1.164
2004-08-03,1.182
2004-08-04,1.156
2004-08-05,1.193
2004-08-06,1.175
2004-08-09,1.186
2004-08-10,1.17
2004-08-11,1.171
2004-08-12,1.191
2004-08-13,1.215
2004-08-16,1.203
2004-08-17,1.222
2004-08-18,1.225
2004-08-19,1.266
2004-08-20,1.23
2004-08-23,1.215
2004-08-24,1.193
2004-08-25,1.143
2004-08-26,1.14
2004-08-27,1.146
2004-08-30,1.12
2004-08-31,1.111
2004-09-01,1.183
2004-09-02,1.184
2004-09-03,1.177
2004-09-07,1.164
2004-09-08,1.161
2004-09-09,1.228
2004-09-10,1.164
2004-09-13,1.205
2004-09-14,1.228
2004-09-15,1.206
2004-09-16,1.233
2004-09-17,1.264
2004-09-20,1.266
2004-09-21,1.303
2004-09-22,1.344
2004-09-23,1.353
2004-09-24,1.358
2004-09-27,1.368
2004-09-28,1.378
2004-09-29,1.374
2004-09-30,1.392
2004-10-01,1.396
2004-10-04,1.386
2004-10-05,1.407
2004-10-06,1.421
2004-10-07,1.431
2004-10-08,1.454
2004-10-11,1.471
2004-10-12,1.455
2004-10-13,1.499
2004-10-14,1.549
2004-10-15,1.549
2004-10-18,1.51
2004-10-19,1.509
2004-10-20,1.56
2004-10-21,1.58
2004-10-22,1.594
2004-10-25,1.565
2004-10-26,1.568
2004-10-27,1.496
2004-10-28,1.453
2004-10-29,1.446
2004-11-01,1.408
2004-11-02,1.392
2004-11-03,1.424
2004-11-04,1.372
2004-11-05,1.374
2004-11-08,1.366
2004-11-09,1.342
2004-11-10,1.403
2004-11-11,1.364
2004-11-12,1.364
2004-11-15,1.343
2004-11-16,1.327
2004-11-17,1.411
2004-11-18,1.43
2004-11-19,1.483
2004-11-22,1.445
2004-11-23,1.446
2004-11-24,1.452
2004-11-29,1.444
2004-11-30,1.393
2004-12-01,1.329
2004-12-02,1.257
2004-12-03,1.236
2004-12-06,1.25
2004-12-07,1.224
2004-12-08,1.26
2004-12-09,1.3
2004-12-10,1.226
2004-12-13,1.257
2004-12-14,1.305
2004-12-15,1.388
2004-12-16,1.381
2004-12-17,1.44
2004-12-20,1.399
2004-12-21,1.399
2004-12-22,1.359
2004-12-23,1.326
2004-12-27,1.211
2004-12-28,1.222
2004-12-29,1.277
2004-12-30,1.23
2005-01-03,1.192
2005-01-04,1.247
2005-01-05,1.218
2005-01-06,1.281
2005-01-07,1.273
2005-01-10,1.276
2005-01-11,1.294
2005-01-12,1.3
2005-01-13,1.341
2005-01-14,1.351
2005-01-18,1.344
2005-01-19,1.343
2005-01-20,1.34
2005-01-21,1.384
2005-01-24,1.403
2005-01-25,1.425
2005-01-26,1.403
2005-01-27,1.397
2005-01-28,1.338
2005-01-31,1.331
2005-02-01,1.314
2005-02-02,1.297
2005-02-03,1.277
2005-02-04,1.274
2005-02-07,1.231
2005-02-08,1.246
2005-02-09,1.264
2005-02-10,1.321
2005-02-11,1.306
2005-02-14,1.294
2005-02-15,1.291
2005-02-16,1.342
2005-02-17,1.313
2005-02-18,1.349
2005-02-22,1.44
2005-02-23,1.483
2005-02-24,1.465
2005-02-25,1.454
2005-02-28,1.491
2005-03-01,1.465
2005-03-02,1.509
2005-03-03,1.491
2005-03-04,1.483
2005-03-07,1.485
2005-03-08,1.524
2005-03-09,1.533
2005-03-10,1.509
2005-03-11,1.543
2005-03-14,1.536
2005-03-15,1.552
2005-03-16,1.591
2005-03-17,1.591
2005-03-18,1.572
2005-03-21,1.574
2005-03-22,1.547
2005-03-23,1.534
2005-03-24,1.548
2005-03-28,1.548
2005-03-29,1.556
2005-03-30,1.607
2005-03-31,1.658
2005-04-01,1.664
2005-04-04,1.642
2005-04-05,1.621
2005-04-06,1.587
2005-04-07,1.528
2005-04-08,1.497
2005-04-11,1.487
2005-04-12,1.465
2005-04-13,1.442
2005-04-14,1.482
2005-04-15,1.46
2005-04-18,1.442
2005-04-19,1.493
2005-04-20,1.509
2005-04-21,1.534
2005-04-22,1.545
2005-04-25,1.518
2005-04-26,1.508
2005-04-27,1.474
2005-04-28,1.489
2005-04-29,1.436
2005-05-02,1.463
2005-05-03,1.436
2005-05-04,1.455
2005-05-05,1.444
2005-05-06,1.431
2005-05-09,1.44
2005-05-10,1.45
2005-05-11,1.403
2005-05-12,1.38
2005-05-13,1.37
2005-05-16,1.35
2005-05-17,1.374
2005-05-18,1.358
2005-05-19,1.381
2005-05-20,1.367
2005-05-23,1.367
2005-05-24,1.387
2005-05-25,1.428
2005-05-26,1.448
2005-05-27,1.446
2005-05-31,1.452
2005-06-01,1.54
2005-06-02,1.542
2005-06-03,1.6
2005-06-06,1.617
2005-06-07,1.601
2005-06-08,1.553
2005-06-09,1.626
2005-06-10,1.607
2005-06-13,1.663
2005-06-14,1.639
2005-06-15,1.621
2005-06-16,1.626
2005-06-17,1.652
2005-06-20,1.662
2005-06-21,1.63
2005-06-22,1.623
2005-06-23,1.676
2005-06-24,1.65
2005-06-27,1.676
2005-06-28,1.62
2005-06-29,1.602
2005-06-30,1.619
2005-07-01,1.711
2005-07-05,1.732
2005-07-06,1.795
2005-07-07,1.775
2005-07-08,1.718
2005-07-11,1.682
2005-07-12,1.752
2005-07-13,1.718
2005-07-14,1.657
2005-07-15,1.662
2005-07-18,1.632
2005-07-19,1.63
2005-07-20,1.598
2005-07-21,1.569
2005-07-22,1.582
2005-07-25,1.607
2005-07-26,1.604
2005-07-27,1.617
2005-07-28,1.646
2005-07-29,1.636
2005-08-01,1.717
2005-08-02,1.725
2005-08-03,1.689
2005-08-04,1.708
2005-08-05,1.731
2005-08-08,1.789
2005-08-09,1.777
2005-08-10,1.839
2005-08-11,1.899
2005-08-12,1.906
2005-08-15,1.869
2005-08-16,1.864
2005-08-17,1.784
2005-08-18,1.791
2005-08-19,1.823
2005-08-22,1.812
2005-08-23,1.819
2005-08-24,1.865
2005-08-25,1.87
2005-08-26,1.837
2005-08-29,1.909
2005-08-30,2.076
2005-08-31,2.053
2005-09-01,2.199
2005-09-02,2.091
2005-09-06,2.054
2005-09-07,1.962
2005-09-08,1.93
2005-09-09,1.897
2005-09-12,1.814
2005-09-13,1.84
2005-09-14,1.925
2005-09-15,1.912
2005-09-16,1.837
2005-09-19,2.038
2005-09-20,2.011
2005-09-21,2.039
2005-09-22,2.046
2005-09-23,1.949
2005-09-26,2.059
2005-09-27,2.069
2005-09-28,2.141
2005-09-29,2.125
2005-09-30,2.067
2005-10-03,2.081
2005-10-04,2.05
2005-10-05,2.015
2005-10-06,1.951
2005-10-07,1.96
2005-10-10,1.972
2005-10-11,2.018
2005-10-12,2.016
2005-10-13,1.997
2005-10-14,1.95
2005-10-17,1.983
2005-10-18,1.934
2005-10-19,1.913
2005-10-20,1.87
2005-10-21,1.867
2005-10-24,1.797
2005-10-25,1.89
2005-10-26,1.856
2005-10-27,1.854
2005-10-28,1.844
2005-10-31,1.77
2005-11-01,1.805
2005-11-02,1.783
2005-11-03,1.834
2005-11-04,1.796
2005-11-07,1.786
2005-11-08,1.779
2005-11-09,1.79
2005-11-10,1.744
2005-11-11,1.724
2005-11-14,1.73
2005-11-15,1.681
2005-11-16,1.729
2005-11-17,1.697
2005-11-18,1.696
2005-11-21,1.71
2005-11-22,1.736
2005-11-23,1.689
2005-11-28,1.636
2005-11-29,1.61
2005-11-30,1.616
2005-12-01,1.739
2005-12-02,1.772
2005-12-05,1.79
2005-12-06,1.772
2005-12-07,1.737
2005-12-08,1.783
2005-12-09,1.732
2005-12-12,1.773
2005-12-13,1.837
2005-12-14,1.845
2005-12-15,1.787
2005-12-16,1.732
2005-12-19,1.703
2005-12-20,1.72
2005-12-21,1.756
2005-12-22,1.74
2005-12-23,1.705
2005-12-27,1.637
2005-12-28,1.683
2005-12-29,1.703
2005-12-30,1.728
2006-01-03,1.796
2006-01-04,1.818
2006-01-05,1.788
2006-01-06,1.801
2006-01-09,1.768
2006-01-10,1.738
2006-01-11,1.727
2006-01-12,1.711
2006-01-13,1.715
2006-01-17,1.792
2006-01-18,1.756
2006-01-19,1.797
2006-01-20,1.867
2006-01-23,1.841
2006-01-24,1.817
2006-01-25,1.791
2006-01-26,1.778
2006-01-27,1.807
2006-01-30,1.834
2006-01-31,1.802
2006-02-01,1.824
2006-02-02,1.771
2006-02-03,1.782
2006-02-06,1.763
2006-02-07,1.692
2006-02-08,1.666
2006-02-09,1.665
2006-02-10,1.643
2006-02-13,1.639
2006-02-14,1.61
2006-02-15,1.608
2006-02-16,1.625
2006-02-17,1.657
2006-02-21,1.666
2006-02-22,1.652
2006-02-23,1.663
2006-02-24,1.727
2006-02-27,1.683
2006-02-28,1.712
2006-03-01,1.747
2006-03-02,1.805
2006-03-03,1.813
2006-03-06,1.758
2006-03-07,1.722
2006-03-08,1.694
2006-03-09,1.72
2006-03-10,1.685
2006-03-13,1.738
2006-03-14,1.821
2006-03-15,1.782
2006-03-16,1.813
2006-03-17,1.781
2006-03-20,1.742
2006-03-21,1.772
2006-03-22,1.745
2006-03-23,1.786
2006-03-24,1.792
2006-03-27,1.781
2006-03-28,1.828
2006-03-29,1.852
2006-03-30,1.884
2006-03-31,1.862
2006-04-03,1.862
2006-04-04,1.856
2006-04-05,1.869
2006-04-06,1.891
2006-04-07,1.883
2006-04-10,1.945
2006-04-11,1.956
2006-04-12,1.975
2006-04-13,1.983
2006-04-17,2.023
2006-04-18,2.051
2006-04-19,2.062
2006-04-20,2.054
2006-04-21,2.076
2006-04-24,2.032
2006-04-25,2.058
2006-04-26,2.023
2006-04-27,1.986
2006-04-28,2.013
2006-05-01,2.059
2006-05-02,2.079
2006-05-03,2.003
2006-05-04,1.938
2006-05-05,1.956
2006-05-08,1.955
2006-05-09,1.995
2006-05-10,2.065
2006-05-11,2.096
2006-05-12,2.047
2006-05-15,1.945
2006-05-16,1.952
2006-05-17,1.921
2006-05-18,1.951
2006-05-19,1.92
2006-05-22,1.933
2006-05-23,1.999
2006-05-24,1.94
2006-05-25,1.994
2006-05-26,1.981
2006-05-30,2.004
2006-05-31,1.961
2006-06-01,1.971
2006-06-02,2.015
2006-06-05,2.043
2006-06-06,2.043
2006-06-07,1.995
2006-06-08,1.986
2006-06-09,2.046
2006-06-12,1.991
2006-06-13,1.932
2006-06-14,1.936
2006-06-15,1.937
2006-06-16,1.932
2006-06-19,1.895
2006-06-20,1.907
2006-06-21,1.937
2006-06-22,1.972
2006-06-23,1.963
2006-06-26,1.979
2006-06-27,1.959
2006-06-28,1.937
2006-06-29,1.988
2006-06-30,1.964
2006-07-05,2.063
2006-07-06,2.062
2006-07-07,2.01
2006-07-10,1.965
2006-07-11,2.011
2006-07-12,2.018
2006-07-13,2.08
2006-07-14,2.076
2006-07-17,2.019
2006-07-18,1.983
2006-07-19,1.965
2006-07-20,1.934
2006-07-21,1.958
2006-07-24,1.97
2006-07-25,1.944
2006-07-26,1.96
2006-07-27,1.98
2006-07-28,1.941
2006-07-31,1.968
2006-08-01,2.08
2006-08-02,2.129
2006-08-03,2.114
2006-08-04,2.09
2006-08-07,2.144
2006-08-08,2.116
2006-08-09,2.106
2006-08-10,2.025
2006-08-11,2.041
2006-08-14,2.015
2006-08-15,2.024
2006-08-16,2.017
2006-08-17,1.965
2006-08-18,1.99
2006-08-21,2.033
2006-08-22,2.037
2006-08-23,2.003
2006-08-24,2.029
2006-08-25,2.03
2006-08-28,1.966
2006-08-29,1.943
2006-08-30,1.95
2006-08-31,1.954
2006-09-01,1.967
2006-09-05,1.936
2006-09-06,1.911
2006-09-07,1.888
2006-09-08,1.843
2006-09-11,1.805
2006-09-12,1.76
2006-09-13,1.743
2006-09-14,1.711
2006-09-15,1.702
2006-09-18,1.726
2006-09-19,1.692
2006-09-20,1.648
2006-09-21,1.679
2006-09-22,1.647
2006-09-25,1.656
2006-09-26,1.658
2006-09-27,1.714
2006-09-28,1.714
2006-09-29,1.685
2006-10-02,1.702
2006-10-03,1.654
2006-10-04,1.677
2006-10-05,1.692
2006-10-06,1.694
2006-10-09,1.73
2006-10-10,1.681
2006-10-11,1.672
2006-10-12,1.688
2006-10-13,1.718
2006-10-16,1.757
2006-10-17,1.734
2006-10-18,1.696
2006-10-19,1.72
2006-10-20,1.68
2006-10-23,1.669
2006-10-24,1.695
2006-10-25,1.739
2006-10-26,1.7
2006-10-27,1.694
2006-10-30,1.602
2006-10-31,1.587
2006-11-01,1.652
2006-11-02,1.64
2006-11-03,1.678
2006-11-06,1.718
2006-11-07,1.68
2006-11-08,1.711
2006-11-09,1.746
2006-11-10,1.697
2006-11-13,1.66
2006-11-14,1.663
2006-11-15,1.692
2006-11-16,1.661
2006-11-17,1.669
2006-11-20,1.671
2006-11-21,1.733
2006-11-22,1.667
2006-11-27,1.705
2006-11-28,1.728
2006-11-29,1.795
2006-11-30,1.813
2006-12-01,1.848
2006-12-04,1.809
2006-12-05,1.798
2006-12-06,1.794
2006-12-07,1.779
2006-12-08,1.757
2006-12-11,1.724
2006-12-12,1.722
2006-12-13,1.732
2006-12-14,1.777
2006-12-15,1.782
2006-12-18,1.721
2006-12-19,1.719
2006-12-20,1.73
2006-12-21,1.702
2006-12-22,1.682
2006-12-26,1.623
2006-12-27,1.609
2006-12-28,1.623
2006-12-29,1.598
2007-01-03,1.588
2007-01-04,1.543
2007-01-05,1.566
2007-01-08,1.557
2007-01-09,1.557
2007-01-10,1.526
2007-01-11,1.48
2007-01-12,1.504
2007-01-16,1.48
2007-01-17,1.5
2007-01-18,1.471
2007-01-19,1.514
2007-01-22,1.508
2007-01-23,1.576
2007-01-24,1.584
2007-01-25,1.549
2007-01-26,1.591
2007-01-29,1.549
2007-01-30,1.638
2007-01-31,1.655
2007-02-01,1.659
2007-02-02,1.684
2007-02-05,1.676
2007-02-06,1.691
2007-02-07,1.666
2007-02-08,1.725
2007-02-09,1.725
2007-02-12,1.645
2007-02-13,1.693
2007-02-14,1.638
2007-02-15,1.627
2007-02-16,1.673
2007-02-20,1.645
2007-02-21,1.682
2007-02-22,1.725
2007-02-23,1.751
2007-02-26,1.756
2007-02-27,1.779
2007-02-28,1.78
2007-03-01,1.776
2007-03-02,1.768
2007-03-05,1.725
2007-03-06,1.747
2007-03-07,1.767
2007-03-08,1.761
2007-03-09,1.712
2007-03-12,1.682
2007-03-13,1.69
2007-03-14,1.709
2007-03-15,1.689
2007-03-16,1.689
2007-03-19,1.688
2007-03-20,1.669
2007-03-21,1.665
2007-03-22,1.718
2007-03-23,1.711
2007-03-26,1.776
2007-03-27,1.786
2007-03-28,1.827
2007-03-29,1.877
2007-03-30,1.879
2007-04-02,1.863
2007-04-03,1.839
2007-04-04,1.864
2007-04-05,1.861
2007-04-09,1.816
2007-04-10,1.856
2007-04-11,1.875
2007-04-12,1.906
2007-04-13,1.901
2007-04-16,1.859
2007-04-17,1.798
2007-04-18,1.807
2007-04-19,1.806
2007-04-20,1.833
2007-04-23,1.894
2007-04-24,1.846
2007-04-25,1.902
2007-04-26,1.889
2007-04-27,1.914
2007-04-30,1.914
2007-05-01,1.883
2007-05-02,1.853
2007-05-03,1.845
2007-05-04,1.831
2007-05-07,1.803
2007-05-08,1.83
2007-05-09,1.816
2007-05-10,1.863
2007-05-11,1.882
2007-05-14,1.867
2007-05-15,1.89
2007-05-16,1.867
2007-05-17,1.937
2007-05-18,1.915
2007-05-21,1.951
2007-05-22,1.907
2007-05-23,1.932
2007-05-24,1.929
2007-05-25,1.939
2007-05-29,1.869
2007-05-30,1.876
2007-05-31,1.883
2007-06-01,1.923
2007-06-04,1.965
2007-06-05,1.964
2007-06-06,1.974
2007-06-07,1.976
2007-06-08,1.899
2007-06-11,1.929
2007-06-12,1.914
2007-06-13,1.962
2007-06-14,2.016
2007-06-15,2.011
2007-06-18,2.034
2007-06-19,2.027
2007-06-20,2.034
2007-06-21,2.025
2007-06-22,2.038
2007-06-25,2.042
2007-06-26,1.993
2007-06-27,2.025
2007-06-28,2.018
2007-06-29,2.032
2007-07-02,2.062
2007-07-03,2.066
2007-07-05,2.087
2007-07-06,2.095
2007-07-09,2.093
2007-07-10,2.124
2007-07-11,2.101
2007-07-12,2.096
2007-07-13,2.111
2007-07-16,2.056
2007-07-17,2.033
2007-07-18,2.105
2007-07-19,2.114
2007-07-20,2.092
2007-07-23,2.056
2007-07-24,2.031
2007-07-25,2.066
2007-07-26,2.033
2007-07-27,2.073
2007-07-30,2.065
2007-07-31,2.1
2007-08-01,2.069
2007-08-02,2.075
2007-08-03,2.034
2007-08-06,1.939
2007-08-07,1.964
2007-08-08,1.967
2007-08-09,1.989
2007-08-10,1.971
2007-08-13,1.967
2007-08-14,1.983
2007-08-15,2.027
2007-08-16,1.983
2007-08-17,2.017
2007-08-20,1.981
2007-08-21,1.952
2007-08-22,1.948
2007-08-23,1.961
2007-08-24,1.997
2007-08-27,2.01
2007-08-28,1.996
2007-08-29,2.042
2007-08-30,2.028
2007-08-31,2.042
2007-09-04,2.08
2007-09-05,2.1
2007-09-06,2.137
2007-09-07,2.143
2007-09-10,2.172
2007-09-11,2.183
2007-09-12,2.219
2007-09-13,2.219
2007-09-14,2.208
2007-09-17,2.229
2007-09-18,2.242
2007-09-19,2.245
2007-09-20,2.261
2007-09-21,2.256
2007-09-24,2.231
2007-09-25,2.181
2007-09-26,2.183
2007-09-27,2.252
2007-09-28,2.238
2007-10-01,2.181
2007-10-02,2.162
2007-10-03,2.179
2007-10-04,2.231
2007-10-05,2.224
2007-10-08,2.16
2007-10-09,2.185
2007-10-10,2.217
2007-10-11,2.247
2007-10-12,2.246
2007-10-15,2.307
2007-10-16,2.339
2007-10-17,2.319
2007-10-18,2.349
2007-10-19,2.331
2007-10-22,2.311
2007-10-23,2.3
2007-10-24,2.342
2007-10-25,2.408
2007-10-26,2.433
2007-10-29,2.465
2007-10-30,2.425
2007-10-31,2.508
2007-11-01,2.512
2007-11-02,2.574
2007-11-05,2.544
2007-11-06,2.608
2007-11-07,2.618
2007-11-08,2.606
2007-11-09,2.619
2007-11-12,2.582
2007-11-13,2.502
2007-11-14,2.573
2007-11-15,2.559
2007-11-16,2.587
2007-11-19,2.604
2007-11-20,2.69
2007-11-21,2.687
2007-11-23,2.704
2007-11-26,2.707
2007-11-27,2.653
2007-11-28,2.574
2007-11-29,2.577
2007-11-30,2.53
2007-12-03,2.511
2007-12-04,2.512
2007-12-05,2.489
2007-12-06,2.545
2007-12-07,2.505
2007-12-10,2.477
2007-12-11,2.523
2007-12-12,2.643
2007-12-13,2.615
2007-12-14,2.608
2007-12-17,2.598
2007-12-18,2.555
2007-12-19,2.598
2007-12-20,2.59
2007-12-21,2.609
2007-12-24,2.595
2007-12-26,2.641
2007-12-27,2.68
2007-12-28,2.637
2007-12-31,2.644
2008-01-02,2.74
2008-01-03,2.719
2008-01-04,2.684
2008-01-07,2.594
2008-01-08,2.636
2008-01-09,2.613
2008-01-10,2.557
2008-01-11,2.536
2008-01-14,2.589
2008-01-15,2.547
2008-01-16,2.518
2008-01-17,2.504
2008-01-18,2.507
2008-01-22,2.473
2008-01-23,2.423
2008-01-24,2.476
2008-01-25,2.519
2008-01-28,2.527
2008-01-29,2.542
2008-01-30,2.549
2008-01-31,2.535
2008-02-01,2.449
2008-02-04,2.483
2008-02-05,2.447
2008-02-06,2.419
2008-02-07,2.459
2008-02-08,2.554
2008-02-11,2.604
2008-02-12,2.591
2008-02-13,2.616
2008-02-14,2.667
2008-02-15,2.647
2008-02-19,2.761
2008-02-20,2.755
2008-02-21,2.738
2008-02-22,2.763
2008-02-25,2.785
2008-02-26,2.815
2008-02-27,2.771
2008-02-28,2.846
2008-02-29,2.84
2008-03-03,2.841
2008-03-04,2.792
2008-03-05,2.943
2008-03-06,2.973
2008-03-07,2.947
2008-03-10,2.973
2008-03-11,2.996
2008-03-12,3.024
2008-03-13,3.125
2008-03-14,3.147
2008-03-17,3.068
2008-03-18,3.138
2008-03-19,3.017
2008-03-20,2.977
2008-03-24,2.963
2008-03-25,2.925
2008-03-26,3.044
2008-03-27,3.148
2008-03-28,3.105
2008-03-31,3.049
2008-04-01,2.88
2008-04-02,2.951
2008-04-03,2.923
2008-04-04,2.992
2008-04-07,3.084
2008-04-08,3.11
2008-04-09,3.235
2008-04-10,3.194
2008-04-11,3.198
2008-04-14,3.203
2008-04-15,3.274
2008-04-16,3.283
2008-04-17,3.267
2008-04-18,3.292
2008-04-21,3.311
2008-04-22,3.317
2008-04-23,3.325
2008-04-24,3.258
2008-04-25,3.303
2008-04-28,3.299
2008-04-29,3.247
2008-04-30,3.177
2008-05-01,3.118
2008-05-02,3.219
2008-05-05,3.307
2008-05-06,3.354
2008-05-07,3.447
2008-05-08,3.51
2008-05-09,3.636
2008-05-12,3.56
2008-05-13,3.699
2008-05-14,3.618
2008-05-15,3.622
2008-05-16,3.703
2008-05-19,3.675
2008-05-20,3.775
2008-05-21,3.908
2008-05-22,3.954
2008-05-23,3.866
2008-05-27,3.799
2008-05-28,3.824
2008-05-29,3.689
2008-05-30,3.66
2008-06-02,3.722
2008-06-03,3.64
2008-06-04,3.546
2008-06-05,3.681
2008-06-06,3.974
2008-06-09,3.877
2008-06-10,3.812
2008-06-11,3.975
2008-06-12,3.943
2008-06-13,3.837
2008-06-16,3.827
2008-06-17,3.822
2008-06-18,3.86
2008-06-19,3.714
2008-06-20,3.772
2008-06-23,3.796
2008-06-24,3.814
2008-06-25,3.749
2008-06-26,3.883
2008-06-27,3.907
2008-06-30,3.903
2008-07-01,3.944
2008-07-02,4.072
2008-07-03,4.106
2008-07-07,3.97
2008-07-08,3.82
2008-07-09,3.852
2008-07-10,4.037
2008-07-11,4.077
2008-07-14,4.065
2008-07-15,3.919
2008-07-16,3.841
2008-07-17,3.744
2008-07-18,3.692
2008-07-21,3.748
2008-07-22,3.678
2008-07-23,3.55
2008-07-24,3.567
2008-07-25,3.523
2008-07-28,3.562
2008-07-29,3.472
2008-07-30,3.52
2008-07-31,3.439
2008-08-01,3.437
2008-08-04,3.35
2008-08-05,3.282
2008-08-06,3.238
2008-08-07,3.234
2008-08-08,3.128
2008-08-11,3.12
2008-08-12,3.078
2008-08-13,3.132
2008-08-14,3.099
2008-08-15,3.119
2008-08-18,3.085
2008-08-19,3.124
2008-08-20,3.164
2008-08-21,3.301
2008-08-22,3.131
2008-08-25,3.151
2008-08-26,3.21
2008-08-27,3.262
2008-08-28,3.183
2008-08-29,3.182
2008-09-02,3.074
2008-09-03,3.079
2008-09-04,3.024
2008-09-05,2.983
2008-09-08,3.013
2008-09-09,2.925
2008-09-10,2.902
2008-09-11,2.916
2008-09-12,2.939
2008-09-15,2.791
2008-09-16,2.72
2008-09-17,2.825
2008-09-18,2.782
2008-09-19,2.898
2008-09-22,3.043
2008-09-23,2.996
2008-09-24,3.013
2008-09-25,3.026
2008-09-26,2.995
2008-09-29,2.76
2008-09-30,2.864
2008-10-01,2.847
2008-10-02,2.71
2008-10-03,2.662
2008-10-06,2.474
2008-10-07,2.506
2008-10-08,2.495
2008-10-09,2.419
2008-10-10,2.21
2008-10-13,2.341
2008-10-14,2.26
2008-10-15,2.191
2008-10-16,2.087
2008-10-17,2.133
2008-10-20,2.21
2008-10-21,2.177
2008-10-22,2.037
2008-10-23,2.03
2008-10-24,1.947
2008-10-27,1.914
2008-10-28,1.912
2008-10-29,2.001
2008-10-30,1.984
2008-10-31,2.006
2008-11-03,1.983
2008-11-04,2.162
2008-11-05,2.055
2008-11-06,1.942
2008-11-07,1.978
2008-11-10,2.006
2008-11-11,1.929
2008-11-12,1.835
2008-11-13,1.875
2008-11-14,1.832
2008-11-17,1.791
2008-11-18,1.758
2008-11-19,1.76
2008-11-20,1.676
2008-11-21,1.7
2008-11-24,1.784
2008-11-25,1.699
2008-11-26,1.737
2008-11-28,1.674
2008-12-01,1.615
2008-12-02,1.583
2008-12-03,1.584
2008-12-04,1.509
2008-12-05,1.427
2008-12-08,1.49
2008-12-09,1.437
2008-12-10,1.403
2008-12-11,1.507
2008-12-12,1.493
2008-12-15,1.46
2008-12-16,1.46
2008-12-17,1.443
2008-12-18,1.373
2008-12-19,1.392
2008-12-22,1.342
2008-12-23,1.327
2008-12-24,1.198
2008-12-26,1.245
2008-12-29,1.285
2008-12-30,1.288
2008-12-31,1.406
2009-01-02,1.48
2009-01-05,1.576
2009-01-06,1.626
2009-01-07,1.543
2009-01-08,1.52
2009-01-09,1.488
2009-01-12,1.472
2009-01-13,1.514
2009-01-14,1.463
2009-01-15,1.487
2009-01-16,1.473
2009-01-20,1.376
2009-01-21,1.386
2009-01-22,1.349
2009-01-23,1.451
2009-01-26,1.427
2009-01-27,1.375
2009-01-28,1.422
2009-01-29,1.428
2009-01-30,1.454
2009-02-02,1.342
2009-02-03,1.325
2009-02-04,1.327
2009-02-05,1.367
2009-02-06,1.36
2009-02-09,1.352
2009-02-10,1.301
2009-02-11,1.316
2009-02-12,1.322
2009-02-13,1.3
2009-02-17,1.186
2009-02-18,1.147
2009-02-19,1.205
2009-02-20,1.197
2009-02-23,1.175
2009-02-24,1.208
2009-02-25,1.238
2009-02-26,1.294
2009-02-27,1.266
2009-03-02,1.151
2009-03-03,1.18
2009-03-04,1.215
2009-03-05,1.16
2009-03-06,1.229
2009-03-09,1.215
2009-03-10,1.199
2009-03-11,1.133
2009-03-12,1.226
2009-03-13,1.197
2009-03-16,1.213
2009-03-17,1.275
2009-03-18,1.264
2009-03-19,1.356
2009-03-20,1.383
2009-03-23,1.471
2009-03-24,1.5
2009-03-25,1.465
2009-03-26,1.481
2009-03-27,1.433
2009-03-30,1.343
2009-03-31,1.344
2009-04-01,1.346
2009-04-02,1.439
2009-04-03,1.446
2009-04-06,1.419
2009-04-07,1.39
2009-04-08,1.398
2009-04-09,1.429
2009-04-13,1.398
2009-04-14,1.402
2009-04-15,1.401
2009-04-16,1.422
2009-04-17,1.423
2009-04-20,1.332
2009-04-21,1.348
2009-04-22,1.33
2009-04-23,1.318
2009-04-24,1.368
2009-04-27,1.323
2009-04-28,1.317
2009-04-29,1.329
2009-04-30,1.315
2009-05-01,1.388
2009-05-04,1.435
2009-05-05,1.426
2009-05-06,1.471
2009-05-07,1.485
2009-05-08,1.518
2009-05-11,1.501
2009-05-12,1.507
2009-05-13,1.49
2009-05-14,1.495
2009-05-15,1.419
2009-05-18,1.476
2009-05-19,1.487
2009-05-20,1.541
2009-05-21,1.529
2009-05-22,1.538
2009-05-26,1.545
2009-05-27,1.562
2009-05-28,1.601
2009-05-29,1.642
2009-06-01,1.777
2009-06-02,1.798
2009-06-03,1.738
2009-06-04,1.784
2009-06-05,1.77
2009-06-08,1.768
2009-06-09,1.808
2009-06-10,1.833
2009-06-11,1.853
2009-06-12,1.838
2009-06-15,1.814
2009-06-16,1.821
2009-06-17,1.863
2009-06-18,1.837
2009-06-19,1.787
2009-06-22,1.728
2009-06-23,1.769
2009-06-24,1.738
2009-06-25,1.776
2009-06-26,1.73
2009-06-29,1.784
2009-06-30,1.718
2009-07-01,1.766
2009-07-02,1.702
2009-07-06,1.627
2009-07-07,1.601
2009-07-08,1.538
2009-07-09,1.534
2009-07-10,1.534
2009-07-13,1.504
2009-07-14,1.512
2009-07-15,1.582
2009-07-16,1.599
2009-07-17,1.641
2009-07-20,1.689
2009-07-21,1.698
2009-07-22,1.711
2009-07-23,1.764
2009-07-24,1.781
2009-07-27,1.797
2009-07-28,1.765
2009-07-29,1.671
2009-07-30,1.769
2009-07-31,1.794
2009-08-03,1.871
2009-08-04,1.901
2009-08-05,1.957
2009-08-06,1.937
2009-08-07,1.912
2009-08-10,1.928
2009-08-11,1.912
2009-08-12,1.892
2009-08-13,1.903
2009-08-14,1.841
2009-08-17,1.827
2009-08-18,1.865
2009-08-19,1.919
2009-08-20,1.885
2009-08-21,1.905
2009-08-24,1.923
2009-08-25,1.856
2009-08-26,1.852
2009-08-27,1.859
2009-08-28,1.86
2009-08-31,1.779
2009-09-01,1.759
2009-09-02,1.751
2009-09-03,1.735
2009-09-04,1.721
2009-09-08,1.783
2009-09-09,1.794
2009-09-10,1.789
2009-09-11,1.731
2009-09-14,1.742
2009-09-15,1.78
2009-09-16,1.826
2009-09-17,1.841
2009-09-18,1.828
2009-09-21,1.752
2009-09-22,1.812
2009-09-23,1.759
2009-09-24,1.681
2009-09-25,1.677
2009-09-28,1.691
2009-09-29,1.701
2009-09-30,1.796
2009-10-01,1.827
2009-10-02,1.797
2009-10-05,1.792
2009-10-06,1.814
2009-10-07,1.781
2009-10-08,1.847
2009-10-09,1.853
2009-10-12,1.894
2009-10-13,1.923
2009-10-14,1.943
2009-10-15,2.018
2009-10-16,2.03
2009-10-19,2.052
2009-10-20,2.047
2009-10-21,2.105
2009-10-22,2.095
2009-10-23,2.076
2009-10-26,2.034
2009-10-27,2.055
2009-10-28,1.997
2009-10-29,2.054
2009-10-30,1.981
2009-11-02,2.046
2009-11-03,2.073
2009-11-04,2.09
2009-11-05,2.058
2009-11-06,2.004
2009-11-09,2.063
2009-11-10,2.052
2009-11-11,2.056
2009-11-12,1.991
2009-11-13,1.966
2009-11-16,2.032
2009-11-17,2.059
2009-11-18,2.049
2009-11-19,1.996
2009-11-20,1.976
2009-11-23,1.98
2009-11-24,1.95
2009-11-25,1.99
2009-11-27,1.962
2009-11-30,2.018
2009-12-01,2.078
2009-12-02,2.036
2009-12-03,2.05
2009-12-04,2.027
2009-12-07,2.01
2009-12-08,1.991
2009-12-09,1.909
2009-12-10,1.903
2009-12-11,1.909
2009-12-14,1.908
2009-12-15,1.903
2009-12-16,1.966
2009-12-17,1.957
2009-12-18,1.957
2009-12-21,1.945
2009-12-22,1.949
2009-12-23,2.012
2009-12-24,2.036
2009-12-28,2.074
2009-12-29,2.103
2009-12-30,2.109
2009-12-31,2.119
2010-01-04,2.191
2010-01-05,2.194
2010-01-06,2.203
2010-01-07,2.184
2010-01-08,2.2
2010-01-11,2.18
2010-01-12,2.132
2010-01-13,2.095
2010-01-14,2.083
2010-01-15,2.046
2010-01-19,2.045
2010-01-20,2.021
2010-01-21,1.986
2010-01-22,1.942
2010-01-25,1.966
2010-01-26,1.951
2010-01-27,1.917
2010-01-28,1.919
2010-01-29,1.903
2010-02-01,1.955
2010-02-02,2.032
2010-02-03,2.019
2010-02-04,1.935
2010-02-08,1.886
2010-02-09,1.937
2010-02-10,1.947
2010-02-11,1.963
2010-02-12,1.919
2010-02-16,1.996
2010-02-17,2.007
2010-02-18,2.052
2010-02-19,2.07
2010-02-22,2.079
2010-02-23,2.032
2010-02-24,2.042
2010-02-25,1.986
2010-02-26,2.025
2010-03-01,2.024
2010-03-02,2.056
2010-03-03,2.094
2010-03-04,2.069
2010-03-05,2.097
2010-03-08,2.106
2010-03-09,2.09
2010-03-10,2.116
2010-03-11,2.115
2010-03-12,2.094
2010-03-15,2.058
2010-03-16,2.114
2010-03-17,2.14
2010-03-18,2.119
2010-03-19,2.077
2010-03-22,2.084
2010-03-23,2.102
2010-03-24,2.071
2010-03-25,2.069
2010-03-26,2.07
2010-03-29,2.119
2010-03-30,2.125
2010-03-31,2.165
2010-04-01,2.217
2010-04-05,2.268
2010-04-06,2.268
2010-04-07,2.244
2010-04-08,2.228
2010-04-09,2.226
2010-04-12,2.219
2010-04-13,2.214
2010-04-14,2.242
2010-04-15,2.252
2010-04-16,2.217
2010-04-19,2.157
2010-04-20,2.18
2010-04-21,2.206
2010-04-22,2.215
2010-04-23,2.251
2010-04-26,2.237
2010-04-27,2.23
2010-04-28,2.229
2010-04-29,2.251
2010-04-30,2.289
2010-05-03,2.345
2010-05-04,2.26
2010-05-05,2.185
2010-05-06,2.114
2010-05-07,2.08
2010-05-10,2.12
2010-05-11,2.14
2010-05-12,2.159
2010-05-13,2.132
2010-05-14,2.061
2010-05-17,1.985
2010-05-18,1.962
2010-05-19,1.945
2010-05-20,1.902
2010-05-21,1.897
2010-05-24,1.899
2010-05-25,1.872
2010-05-26,1.921
2010-05-27,1.999
2010-05-28,1.98
2010-06-01,1.97
2010-06-02,2.006
2010-06-03,2.039
2010-06-04,1.958
2010-06-07,1.968
2010-06-08,1.965
2010-06-09,2.01
2010-06-10,2.033
2010-06-11,2.005
2010-06-14,2.026
2010-06-15,2.069
2010-06-16,2.11
2010-06-17,2.147
2010-06-18,2.129
2010-06-21,2.146
2010-06-22,2.113
2010-06-23,2.068
2010-06-24,2.057
2010-06-25,2.112
2010-06-28,2.093
2010-06-29,2.021
2010-06-30,1.982
2010-07-01,1.939
2010-07-02,1.916
2010-07-06,1.917
2010-07-07,1.979
2010-07-08,2.005
2010-07-09,2.026
2010-07-12,1.991
2010-07-13,2.047
2010-07-14,2.036
2010-07-15,2.018
2010-07-16,2.011
2010-07-19,2.017
2010-07-20,2.025
2010-07-21,1.989
2010-07-22,2.062
2010-07-23,2.051
2010-07-26,2.043
2010-07-27,1.999
2010-07-28,1.996
2010-07-29,2.037
2010-07-30,2.043
2010-08-02,2.154
2010-08-03,2.2
2010-08-04,2.202
2010-08-05,2.187
2010-08-06,2.147
2010-08-09,2.154
2010-08-10,2.125
2010-08-11,2.075
2010-08-12,2.002
2010-08-13,1.996
2010-08-16,1.989
2010-08-17,2.026
2010-08-18,2.025
2010-08-19,2.001
2010-08-20,1.971
2010-08-23,1.955
2010-08-24,1.936
2010-08-25,1.971
2010-08-26,2.009
2010-08-27,2.044
2010-08-30,2.025
2010-08-31,1.994
2010-09-01,2.041
2010-09-02,2.062
2010-09-03,2.057
2010-09-07,2.074
2010-09-08,2.082
2010-09-09,2.068
2010-09-10,2.104
2010-09-13,2.123
2010-09-14,2.129
2010-09-15,2.133
2010-09-16,2.099
2010-09-17,2.099
2010-09-20,2.139
2010-09-21,2.12
2010-09-22,2.107
2010-09-23,2.115
2010-09-24,2.131
2010-09-27,2.123
2010-09-28,2.125
2010-09-29,2.191
2010-09-30,2.244
2010-10-01,2.294
2010-10-04,2.285
2010-10-05,2.303
2010-10-06,2.308
2010-10-07,2.252
2010-10-08,2.282
2010-10-11,2.279
2010-10-12,2.263
2010-10-13,2.301
2010-10-14,2.284
2010-10-15,2.231
2010-10-18,2.276
2010-10-19,2.189
2010-10-20,2.255
2010-10-21,2.215
2010-10-22,2.252
2010-10-25,2.255
2010-10-26,2.25
2010-10-27,2.238
2010-10-28,2.244
2010-10-29,2.22
2010-11-01,2.278
2010-11-02,2.294
2010-11-03,2.328
2010-11-04,2.373
2010-11-05,2.385
2010-11-08,2.398
2010-11-09,2.407
2010-11-10,2.442
2010-11-11,2.427
2010-11-12,2.363
2010-11-15,2.371
2010-11-16,2.309
2010-11-17,2.252
2010-11-18,2.295
2010-11-19,2.274
2010-11-22,2.269
2010-11-23,2.25
2010-11-24,2.326
2010-11-26,2.316
2010-11-29,2.358
2010-11-30,2.317
2010-12-01,2.406
2010-12-02,2.455
2010-12-03,2.487
2010-12-06,2.476
2010-12-07,2.47
2010-12-08,2.461
2010-12-09,2.467
2010-12-10,2.458
2010-12-13,2.465
2010-12-14,2.468
2010-12-15,2.484
2010-12-16,2.476
2010-12-17,2.474
2010-12-20,2.49
2010-12-21,2.516
2010-12-22,2.529
2010-12-23,2.541
2010-12-27,2.517
2010-12-28,2.524
2010-12-29,2.522
2010-12-30,2.485
2010-12-31,2.544
2011-01-03,2.553
2011-01-04,2.507
2011-01-05,2.542
2011-01-06,2.511
2011-01-07,2.486
2011-01-10,2.556
2011-01-11,2.609
2011-01-12,2.619
2011-01-13,2.609
2011-01-14,2.645
2011-01-18,2.646
2011-01-19,2.656
2011-01-20,2.623
2011-01-21,2.651
2011-01-24,2.619
2011-01-25,2.593
2011-01-26,2.67
2011-01-27,2.655
2011-01-28,2.69
2011-01-31,2.747
2011-02-01,2.757
2011-02-02,2.781
2011-02-03,2.767
2011-02-04,2.717
2011-02-07,2.706
2011-02-08,2.732
2011-02-09,2.769
2011-02-10,2.711
2011-02-11,2.696
2011-02-14,2.75
2011-02-15,2.729
2011-02-16,2.775
2011-02-17,2.732
2011-02-18,2.713
2011-02-22,2.792
2011-02-23,2.905
2011-02-24,2.877
2011-02-25,2.931
2011-02-28,2.926
2011-03-01,3.024
2011-03-02,3.058
2011-03-03,3.049
2011-03-04,3.089
2011-03-07,3.066
2011-03-08,3.011
2011-03-09,3.071
2011-03-10,3.045
2011-03-11,3.029
2011-03-14,3.064
2011-03-15,2.954
2011-03-16,2.997
2011-03-17,3.065
2011-03-18,3.024
2011-03-21,3.053
2011-03-22,3.076
2011-03-23,3.055
2011-03-24,3.062
2011-03-25,3.055
2011-03-28,3.025
2011-03-29,3.042
2011-03-30,3.04
2011-03-31,3.09
2011-04-01,3.135
2011-04-04,3.171
2011-04-05,3.185
2011-04-06,3.191
2011-04-07,3.206
2011-04-08,3.32
2011-04-11,3.253
2011-04-12,3.173
2011-04-13,3.203
2011-04-14,3.189
2011-04-15,3.224
2011-04-18,3.183
2011-04-19,3.159
2011-04-20,3.221
2011-04-21,3.199
2011-04-25,3.182
2011-04-26,3.211
2011-04-27,3.233
2011-04-28,3.232
2011-04-29,3.256
2011-05-02,3.252
2011-05-03,3.191
2011-05-04,3.143
2011-05-05,2.887
2011-05-06,2.846
2011-05-09,2.962
2011-05-10,3.001
2011-05-11,2.898
2011-05-12,2.914
2011-05-13,2.942
2011-05-16,2.874
2011-05-17,2.845
2011-05-18,2.906
2011-05-19,2.895
2011-05-20,2.918
2011-05-23,2.847
2011-05-24,2.91
2011-05-25,2.98
2011-05-26,2.983
2011-05-27,2.991
2011-05-31,3.056
2011-06-01,3.009
2011-06-02,3.044
2011-06-03,3.057
2011-06-06,3.017
2011-06-07,3.077
2011-06-08,3.094
2011-06-09,3.138
2011-06-10,3.105
2011-06-13,3.106
2011-06-14,3.126
2011-06-15,2.985
2011-06-16,3.004
2011-06-17,2.983
2011-06-20,2.932
2011-06-21,2.89
2011-06-22,2.955
2011-06-23,2.782
2011-06-24,2.75
2011-06-27,2.765
2011-06-28,2.826
2011-06-29,2.92
2011-06-30,2.933
2011-07-01,2.925
2011-07-05,2.957
2011-07-06,2.963
2011-07-07,3.102
2011-07-08,3.096
2011-07-11,3.088
2011-07-12,3.088
2011-07-13,3.1
2011-07-14,3.085
2011-07-15,3.118
2011-07-18,3.078
2011-07-19,3.098
2011-07-20,3.118
2011-07-21,3.099
2011-07-22,3.128
2011-07-25,3.108
2011-07-26,3.113
2011-07-27,3.083
2011-07-28,3.105
2011-07-29,3.096
2011-08-01,3.097
2011-08-02,3.092
2011-08-03,3.019
2011-08-04,2.894
2011-08-05,2.942
2011-08-08,2.802
2011-08-09,2.765
2011-08-10,2.865
2011-08-11,2.899
2011-08-12,2.904
2011-08-15,2.944
2011-08-16,2.933
2011-08-17,2.962
2011-08-18,2.875
2011-08-19,2.905
2011-08-22,2.911
2011-08-23,2.943
2011-08-24,2.961
2011-08-25,2.986
2011-08-26,3.01
2011-08-29,3.01
2011-08-30,3.069
2011-08-31,3.078
2011-09-01,3.052
2011-09-02,2.997
2011-09-06,3.01
2011-09-07,3.076
2011-09-08,3.044
2011-09-09,2.986
2011-09-12,2.948
2011-09-13,2.936
2011-09-14,2.945
2011-09-15,3.025
2011-09-16,3.009
2011-09-19,2.945
2011-09-20,2.962
2011-09-21,2.934
2011-09-22,2.849
2011-09-23,2.796
2011-09-26,2.792
2011-09-27,2.877
2011-09-28,2.818
2011-09-29,2.818
2011-09-30,2.795
2011-10-03,2.753
2011-10-04,2.723
2011-10-05,2.777
2011-10-06,2.861
2011-10-07,2.859
2011-10-10,2.904
2011-10-11,2.904
2011-10-12,2.935
2011-10-13,2.971
2011-10-14,3.056
2011-10-17,3.014
2011-10-18,3.028
2011-10-19,2.981
2011-10-20,3.03
2011-10-21,3.018
2011-10-24,3.055
2011-10-25,3.05
2011-10-26,3.016
2011-10-27,3.098
2011-10-28,3.059
2011-10-31,3.043
2011-11-01,3.038
2011-11-02,3.001
2011-11-03,3.038
2011-11-04,3.071
2011-11-07,3.12
2011-11-08,3.116
2011-11-09,3.099
2011-11-10,3.151
2011-11-11,3.172
2011-11-14,3.162
2011-11-15,3.171
2011-11-16,3.135
2011-11-17,3.083
2011-11-18,3.033
2011-11-21,2.994
2011-11-22,3.035
2011-11-23,2.959
2011-11-25,2.927
2011-11-28,2.97
2011-11-29,3.021
2011-11-30,3.021
2011-12-01,2.97
2011-12-02,2.99
2011-12-05,2.992
2011-12-07,2.982
2011-12-08,2.93
2011-12-09,2.913
2011-12-12,2.896
2011-12-13,2.929
2011-12-14,2.83
2011-12-15,2.823
2011-12-16,2.801
2011-12-19,2.78
2011-12-20,2.849
2011-12-21,2.909
2011-12-22,2.908
2011-12-23,2.891
2011-12-27,2.909
2011-12-28,2.893
2011-12-29,2.918
2012-01-03,3.038
2012-01-04,3.09
2012-01-05,3.039
2012-01-06,3.07
2012-01-09,3.073
2012-01-10,3.101
2012-01-11,3.065
2012-01-12,3.054
2012-01-13,3.027
2012-01-17,3.037
2012-01-18,3.013
2012-01-19,3.036
2012-01-20,2.988
2012-01-23,3.01
2012-01-24,3.024
2012-01-25,3.019
2012-01-26,3.054
2012-01-27,3.07
2012-01-30,3.052
2012-01-31,3.063
2012-02-01,3.046
2012-02-02,3.053
2012-02-03,3.114
2012-02-06,3.171
2012-02-07,3.191
2012-02-08,3.19
2012-02-09,3.209
2012-02-10,3.182
2012-02-13,3.16
2012-02-14,3.165
2012-02-15,3.192
2012-02-17,3.189
2012-02-21,3.239
2012-02-22,3.272
2012-02-23,3.295
2012-02-24,3.316
2012-02-27,3.286
2012-02-28,3.224
2012-02-29,3.188
2012-03-01,3.275
2012-03-02,3.202
2012-03-05,3.217
2012-03-06,3.188
2012-03-07,3.219
2012-03-08,3.27
2012-03-09,3.264
2012-03-12,3.243
2012-03-13,3.271
2012-03-14,3.262
2012-03-15,3.223
2012-03-16,3.282
2012-03-19,3.261
2012-03-20,3.237
2012-03-21,3.216
2012-03-22,3.179
2012-03-23,3.21
2012-03-26,3.229
2012-03-27,3.219
2012-03-28,3.208
2012-03-29,3.159
2012-03-30,3.168
2012-04-02,3.25
2012-04-03,3.228
2012-04-04,3.161
2012-04-05,3.169
2012-04-09,3.146
2012-04-10,3.096
2012-04-11,3.115
2012-04-12,3.166
2012-04-13,3.175
2012-04-16,3.117
2012-04-17,3.127
2012-04-18,3.118
2012-04-19,3.125
2012-04-20,3.138
2012-04-23,3.14
2012-04-24,3.13
2012-04-25,3.161
2012-04-26,3.194
2012-04-27,3.181
2012-04-30,3.183
2012-05-01,3.177
2012-05-02,3.143
2012-05-03,3.087
2012-05-04,3.009
2012-05-07,2.981
2012-05-08,2.99
2012-05-09,2.999
2012-05-10,2.983
2012-05-11,2.964
2012-05-14,2.93
2012-05-15,2.933
2012-05-16,2.898
2012-05-17,2.849
2012-05-18,2.83
2012-05-21,2.86
2012-05-22,2.861
2012-05-23,2.812
2012-05-24,2.822
2012-05-25,2.829
2012-05-29,2.809
2012-05-30,2.74
2012-05-31,2.706
2012-06-01,2.628
2012-06-04,2.627
2012-06-05,2.634
2012-06-06,2.672
2012-06-07,2.667
2012-06-08,2.672
2012-06-11,2.636
2012-06-12,2.622
2012-06-13,2.611
2012-06-14,2.628
2012-06-15,2.647
2012-06-18,2.618
2012-06-19,2.635
2012-06-20,2.587
2012-06-21,2.525
2012-06-22,2.534
2012-06-25,2.539
2012-06-26,2.577
2012-06-27,2.594
2012-06-28,2.552
2012-06-29,2.696
2012-07-02,2.676
2012-07-03,2.759
2012-07-05,2.768
2012-07-06,2.71
2012-07-09,2.749
2012-07-10,2.72
2012-07-11,2.762
2012-07-12,2.773
2012-07-13,2.788
2012-07-16,2.828
2012-07-17,2.842
2012-07-18,2.878
2012-07-19,2.947
2012-07-20,2.924
2012-07-23,2.819
2012-07-24,2.824
2012-07-25,2.844
2012-07-26,2.869
2012-07-27,2.89
2012-07-30,2.879
2012-07-31,2.842
2012-08-01,2.859
2012-08-02,2.842
2012-08-03,2.926
2012-08-06,2.941
2012-08-07,2.998
2012-08-08,3.016
2012-08-09,3.045
2012-08-10,3.021
2012-08-13,3.018
2012-08-14,3.035
2012-08-15,3.085
2012-08-16,3.123
2012-08-17,3.093
2012-08-20,3.093
2012-08-21,3.124
2012-08-22,3.129
2012-08-23,3.133
2012-08-24,3.11
2012-08-27,3.112
2012-08-28,3.12
2012-08-29,3.116
2012-08-30,3.125
2012-08-31,3.17
2012-09-04,3.147
2012-09-05,3.118
2012-09-06,3.143
2012-09-07,3.149
2012-09-10,3.167
2012-09-11,3.186
2012-09-12,3.215
2012-09-13,3.211
2012-09-14,3.24
2012-09-17,3.163
2012-09-18,3.127
2012-09-19,3.044
2012-09-20,3.098
2012-09-21,3.121
2012-09-24,3.099
2012-09-25,3.109
2012-09-26,3.107
2012-09-27,3.157
2012-09-28,3.169
2012-10-01,3.136
2012-10-02,3.126
2012-10-03,3.066
2012-10-04,3.188
2012-10-05,3.156
2012-10-08,3.144
2012-10-09,3.203
2012-10-10,3.213
2012-10-11,3.257
2012-10-12,3.224
2012-10-15,3.209
2012-10-16,3.199
2012-10-17,3.189
2012-10-18,3.187
2012-10-19,3.135
2012-10-22,3.077
2012-10-23,3.043
2012-10-24,3.039
2012-10-25,3.062
2012-10-26,3.098
2012-10-29,3.115
2012-10-30,3.087
2012-10-31,3.068
2012-11-01,3.033
2012-11-02,2.947
2012-11-05,2.983
2012-11-06,3.053
2012-11-07,2.962
2012-11-08,2.955
2012-11-09,3.006
2012-11-12,2.999
2012-11-13,2.961
2012-11-14,2.988
2012-11-15,2.974
2012-11-16,2.987
2012-11-19,3.075
2012-11-20,3.039
2012-11-21,3.072
2012-11-23,3.077
2012-11-26,3.047
2012-11-27,3.009
2012-11-28,3.008
2012-11-29,3.041
2012-11-30,3.041
2012-12-03,3.056
2012-12-04,3.004
2012-12-05,2.991
2012-12-06,2.943
2012-12-07,2.915
2012-12-10,2.896
2012-12-11,2.927
2012-12-12,2.967
2012-12-13,2.944
2012-12-14,2.981
2012-12-17,2.956
2012-12-18,2.997
2012-12-19,3.036
2012-12-20,3.058
2012-12-21,3.022
2012-12-24,3.002
2012-12-26,3.051
2012-12-27,3.072
2012-12-28,3.045
2012-12-31,3.045
2013-01-02,3.046
2013-01-03,3.025
2013-01-04,3.018
2013-01-07,3.032
2013-01-08,3.059
2013-01-09,3.07
2013-01-10,3.054
2013-01-11,3.009
2013-01-14,3.063
2013-01-15,3.011
2013-01-16,2.999
2013-01-17,3.021
2013-01-18,3.053
2013-01-22,3.068
2013-01-23,3.078
2013-01-24,3.086
2013-01-25,3.057
2013-01-28,3.062
2013-01-29,3.109
2013-01-30,3.117
2013-01-31,3.13
2013-02-01,3.161
2013-02-04,3.154
2013-02-05,3.191
2013-02-06,3.186
2013-02-07,3.2
2013-02-08,3.238
2013-02-11,3.232
2013-02-12,3.236
2013-02-13,3.219
2013-02-14,3.224
2013-02-15,3.21
2013-02-19,3.181
2013-02-20,3.156
2013-02-21,3.096
2013-02-22,3.104
2013-02-25,3.099
2013-02-26,3.032
2013-02-27,2.988
2013-02-28,2.972
2013-03-01,2.93
2013-03-04,2.919
2013-03-05,2.973
2013-03-06,2.976
2013-03-07,2.98
2013-03-08,2.975
2013-03-11,2.969
2013-03-12,2.948
2013-03-13,2.924
2013-03-14,2.93
2013-03-15,2.939
2013-03-18,2.927
2013-03-19,2.864
2013-03-20,2.892
2013-03-21,2.896
2013-03-22,2.884
2013-03-25,2.877
2013-03-26,2.881
2013-03-27,2.915
2013-03-28,2.915
2013-04-01,3.069
2013-04-02,3.087
2013-04-03,3.002
2013-04-04,2.964
2013-04-05,2.91
2013-04-08,2.954
2013-04-09,2.961
2013-04-10,2.948
2013-04-11,2.899
2013-04-12,2.872
2013-04-15,2.829
2013-04-16,2.807
2013-04-17,2.735
2013-04-18,2.779
2013-04-19,2.788
2013-04-22,2.809
2013-04-23,2.812
2013-04-24,2.841
2013-04-25,2.902
2013-04-26,2.901
2013-04-29,2.901
2013-04-30,2.874
2013-05-01,2.789
2013-05-02,2.856
2013-05-03,2.884
2013-05-06,2.92
2013-05-07,2.928
2013-05-08,2.915
2013-05-09,2.937
2013-05-10,2.906
2013-05-13,2.891
2013-05-14,2.873
2013-05-15,2.88
2013-05-16,2.909
2013-05-17,2.937
2013-05-20,2.951
2013-05-21,2.929
2013-05-22,2.874
2013-05-23,2.86
2013-05-24,2.857
2013-05-28,2.907
2013-05-29,2.87
2013-05-30,2.843
2013-05-31,2.792
2013-06-03,2.833
2013-06-04,2.865
2013-06-05,2.855
2013-06-06,2.871
2013-06-07,2.893
2013-06-10,2.884
2013-06-11,2.858
2013-06-12,2.895
2013-06-13,2.94
2013-06-14,2.962
2013-06-17,2.95
2013-06-18,2.962
2013-06-19,2.973
2013-06-20,2.872
2013-06-21,2.844
2013-06-24,2.855
2013-06-25,2.858
2013-06-26,2.854
2013-06-27,2.889
2013-06-28,2.88
2013-07-01,2.874
2013-07-02,2.901
2013-07-03,2.951
2013-07-05,2.99
2013-07-08,2.98
2013-07-09,2.986
2013-07-10,3.002
2013-07-11,2.995
2013-07-12,3.029
2013-07-15,3.026
2013-07-16,3.047
2013-07-17,3.071
2013-07-18,3.101
2013-07-19,3.089
2013-07-22,3.066
2013-07-23,3.069
2013-07-24,3.047
2013-07-25,3.035
2013-07-26,3.01
2013-07-29,3.016
2013-07-30,3.007
2013-07-31,3.043
2013-08-01,3.097
2013-08-02,3.071
2013-08-05,3.052
2013-08-06,3.008
2013-08-07,2.964
2013-08-08,2.957
2013-08-09,2.994
2013-08-12,3.021
2013-08-13,3.047
2013-08-14,3.048
2013-08-15,3.073
2013-08-16,3.083
2013-08-19,3.071
2013-08-20,3.078
2013-08-21,3.077
2013-08-22,3.07
2013-08-23,3.095
2013-08-26,3.079
2013-08-27,3.161
2013-08-28,3.208
2013-08-29,3.185
2013-08-30,3.14
2013-09-03,3.148
2013-09-04,3.137
2013-09-05,3.14
2013-09-06,3.164
2013-09-09,3.118
2013-09-10,3.067
2013-09-11,3.072
2013-09-12,3.116
2013-09-13,3.114
2013-09-16,3.064
2013-09-17,2.998
2013-09-18,3.041
2013-09-19,3.004
2013-09-20,3.004
2013-09-23,2.956
2013-09-24,2.961
2013-09-25,2.973
2013-09-26,3.004
2013-09-27,2.99
2013-09-30,2.971
2013-10-01,2.955
2013-10-02,2.993
2013-10-03,3.003
2013-10-04,2.999
2013-10-07,3.009
2013-10-08,3.033
2013-10-09,3.017
2013-10-10,3.07
2013-10-11,3.035
2013-10-14,3.032
2013-10-15,3.017
2013-10-16,3.039
2013-10-17,2.99
2013-10-18,3.035
2013-10-21,3.011
2013-10-22,2.997
2013-10-23,2.923
2013-10-24,2.9
2013-10-25,2.91
2013-10-28,2.964
2013-10-29,2.964
2013-10-30,2.979
2013-10-31,2.968
2013-11-01,2.882
2013-11-04,2.874
2013-11-05,2.864
2013-11-06,2.87
2013-11-07,2.839
2013-11-08,2.872
2013-11-11,2.891
2013-11-12,2.853
2013-11-13,2.898
2013-11-14,2.931
2013-11-15,2.939
2013-11-18,2.922
2013-11-19,2.906
2013-11-20,2.955
2013-11-21,3.007
2013-11-22,3.041
2013-11-25,3.032
2013-11-26,3.044
2013-11-27,3.047
2013-11-28,3.047
2013-11-29,3.048
2013-12-02,3.05
2013-12-03,3.065
2013-12-04,3.059
2013-12-05,3.05
2013-12-06,3.057
2013-12-09,3.014
2013-12-10,3.017
2013-12-11,3.021
2013-12-12,2.98
2013-12-13,2.976
2013-12-16,2.99
2013-12-17,2.963
2013-12-18,3.01
2013-12-19,3.031
2013-12-20,3.078
2013-12-23,3.06
2013-12-24,3.078
2013-12-26,3.095
2013-12-27,3.124
2013-12-30,3.077
2013-12-31,3.077
2014-01-02,2.987
2014-01-03,2.939
2014-01-06,2.939
2014-01-07,2.959
2014-01-08,2.949
2014-01-09,2.921
2014-01-10,2.941
2014-01-13,2.933
2014-01-14,2.936
2014-01-15,2.98
2014-01-16,2.985
2014-01-17,3.024
2014-01-20,3.024
2014-01-21,3.015
2014-01-22,3.038
2014-01-23,3.077
2014-01-24,3.137
2014-01-27,3.092
2014-01-28,3.122
2014-01-29,3.182
2014-01-30,3.217
2014-01-31,3.279
2014-02-03,3.008
2014-02-04,2.983
2014-02-05,2.997
2014-02-06,2.995
2014-02-07,3.05
2014-02-10,2.998
2014-02-11,3.028
2014-02-12,3.013
2014-02-13,3.031
2014-02-14,3.078
2014-02-17,3.078
2014-02-18,3.102
2014-02-19,3.147
2014-02-20,3.178
2014-02-21,3.099
2014-02-24,3.087
2014-02-25,3.104
2014-02-26,3.128
2014-02-27,3.087
2014-02-28,3.089
2014-03-03,3.081
2014-03-04,3.041
2014-03-05,2.992
2014-03-06,2.983
2014-03-07,3.012
2014-03-10,2.967
2014-03-11,2.961
2014-03-12,2.926
2014-03-13,2.92
2014-03-14,2.943
2014-03-17,2.891
2014-03-18,2.916
2014-03-19,2.901
2014-03-20,2.921
2014-03-21,2.92
2014-03-24,2.912
2014-03-25,2.922
2014-03-26,2.919
2014-03-27,2.948
2014-03-28,2.958
2014-03-31,2.932
2014-04-01,2.888
2014-04-02,2.867
2014-04-03,2.906
2014-04-04,2.908
2014-04-07,2.891
2014-04-08,2.934
2014-04-09,2.954
2014-04-10,2.939
2014-04-11,2.933
2014-04-14,2.979
2014-04-15,2.987
2014-04-16,3.011
2014-04-17,3.008
2014-04-21,3.012
2014-04-22,3.003
2014-04-23,2.981
2014-04-24,3.015
2014-04-25,2.987
2014-04-28,2.952
2014-04-29,2.97
2014-04-30,2.935
2014-05-01,2.914
2014-05-02,2.922
2014-05-05,2.906
2014-05-06,2.888
2014-05-07,2.928
2014-05-08,2.92
2014-05-09,2.907
2014-05-12,2.919
2014-05-13,2.944
2014-05-14,2.963
2014-05-15,2.951
2014-05-16,2.954
2014-05-19,2.941
2014-05-20,2.949
2014-05-21,2.953
2014-05-22,2.951
2014-05-23,2.955
2014-05-27,2.94
2014-05-28,2.931
2014-05-29,2.919
2014-05-30,2.885
2014-06-02,2.877
2014-06-03,2.866
2014-06-04,2.848
2014-06-05,2.88
2014-06-06,2.871
2014-06-09,2.891
2014-06-10,2.884
2014-06-11,2.904
2014-06-12,2.989
2014-06-13,2.988
2014-06-16,2.998
2014-06-17,3.018
2014-06-18,3.04
2014-06-19,3.052
2014-06-20,3.051
2014-06-23,3.033
2014-06-24,3.042
2014-06-25,3.03
2014-06-26,3.014
2014-06-27,2.998
2014-06-30,2.971
2014-07-01,2.978
2014-07-02,2.946
2014-07-03,2.928
2014-07-07,2.915
2014-07-08,2.874
2014-07-09,2.871
2014-07-10,2.893
2014-07-11,2.861
2014-07-14,2.873
2014-07-15,2.856
2014-07-16,2.858
2014-07-17,2.859
2014-07-18,2.845
2014-07-21,2.859
2014-07-22,2.854
2014-07-23,2.875
2014-07-24,2.871
2014-07-25,2.916
2014-07-28,2.888
2014-07-29,2.907
2014-07-30,2.891
2014-07-31,2.887
2014-08-01,2.866
2014-08-04,2.871
2014-08-05,2.847
2014-08-06,2.876
2014-08-07,2.896
2014-08-08,2.877
2014-08-11,2.879
2014-08-12,2.845
2014-08-13,2.902
2014-08-14,2.82
2014-08-15,2.848
2014-08-18,2.806
2014-08-19,2.817
2014-08-20,2.826
2014-08-21,2.838
2014-08-22,2.828
2014-08-25,2.837
2014-08-26,2.844
2014-08-27,2.861
2014-08-28,2.849
2014-08-29,2.857
2014-09-02,2.797
2014-09-03,2.866
2014-09-04,2.836
2014-09-05,2.819
2014-09-08,2.809
2014-09-09,2.792
2014-09-10,2.753
2014-09-11,2.756
2014-09-12,2.741
2014-09-15,2.74
2014-09-16,2.756
2014-09-17,2.745
2014-09-18,2.712
2014-09-19,2.717
2014-09-22,2.687
2014-09-23,2.683
2014-09-24,2.689
2014-09-25,2.696
2014-09-26,2.701
2014-09-29,2.704
2014-09-30,2.647
2014-10-03,2.616
2014-10-06,2.621
2014-10-07,2.607
2014-10-08,2.576
2014-10-09,2.537
2014-10-10,2.56
2014-10-13,2.557
2014-10-14,2.472
2014-10-15,2.459
2014-10-16,2.47
2014-10-17,2.498
2014-10-20,2.486
2014-10-21,2.513
2014-10-22,2.473
2014-10-23,2.499
2014-10-24,2.482
2014-10-27,2.475
2014-10-28,2.493
2014-10-29,2.535
2014-10-30,2.513
2014-10-31,2.515
2014-11-03,2.49
2014-11-04,2.443
2014-11-05,2.439
2014-11-06,2.459
2014-11-07,2.5
2014-11-10,2.469
2014-11-11,2.469
2014-11-12,2.447
2014-11-13,2.362
2014-11-14,2.416
2014-11-17,2.404
2014-11-18,2.381
2014-11-19,2.359
2014-11-20,2.38
2014-11-21,2.405
2014-11-24,2.396
2014-11-25,2.395
2014-11-26,2.397
2014-11-28,2.231
2014-12-01,2.212
2014-12-02,2.154
2014-12-03,2.133
2014-12-04,2.118
2014-12-05,2.108
2014-12-08,2.055
2014-12-09,2.084
2014-12-10,2.046
2014-12-11,2.061
2014-12-12,2.016
2014-12-15,2.002
2014-12-16,1.96
2014-12-17,2.009
2014-12-18,1.939
2014-12-19,1.962
2014-12-22,1.951
2014-12-23,1.991
2014-12-24,1.924
2014-12-26,1.908
2014-12-29,1.849
2014-12-30,1.869
2014-12-31,1.847
2015-01-02,1.796
2015-01-05,1.749
2015-01-06,1.726
2015-01-07,1.7
2015-01-08,1.711
2015-01-09,1.703
2015-01-12,1.654
2015-01-13,1.633
2015-01-14,1.655
2015-01-15,1.623
2015-01-16,1.666
2015-01-20,1.627
2015-01-21,1.646
2015-01-22,1.638
2015-01-23,1.647
2015-01-26,1.64
2015-01-27,1.663
2015-01-28,1.632
2015-01-29,1.618
2015-01-30,1.686
2015-02-02,1.758
2015-02-03,1.847
2015-02-04,1.767
2015-02-05,1.806
2015-02-06,1.839
2015-02-09,1.873
2015-02-10,1.833
2015-02-11,1.814
2015-02-12,1.914
2015-02-13,1.971
2015-02-17,1.977
2015-02-18,1.959
2015-02-19,1.994
2015-02-20,2.112
2015-02-23,2.218
2015-02-24,2.029
2015-02-25,2.104
2015-02-26,2.136
2015-02-27,2.299
2015-03-02,1.887
2015-03-03,1.94
2015-03-04,1.901
2015-03-05,1.877
2015-03-06,1.869
2015-03-09,1.84
2015-03-10,1.814
2015-03-11,1.82
2015-03-12,1.779
2015-03-13,1.713
2015-03-16,1.699
2015-03-17,1.694
2015-03-18,1.773
2015-03-19,1.722
2015-03-20,1.734
2015-03-23,1.731
2015-03-24,1.707
2015-03-25,1.728
2015-03-26,1.788
2015-03-27,1.728
2015-03-30,1.731
2015-03-31,1.718
2015-04-01,1.747
2015-04-02,1.683
2015-04-06,1.764
2015-04-07,1.784
2015-04-08,1.698
2015-04-09,1.727
2015-04-10,1.766
2015-04-13,1.783
2015-04-14,1.802
2015-04-15,1.889
2015-04-16,1.908
2015-04-17,1.882
2015-04-20,1.877
2015-04-21,1.853
2015-04-22,1.871
2015-04-23,1.924
2015-04-24,1.928
2015-04-27,1.921
2015-04-28,1.917
2015-04-29,1.948
2015-04-30,1.976
2015-05-01,1.982
2015-05-04,1.979
2015-05-05,2.015
2015-05-06,2.016
2015-05-07,1.962
2015-05-08,1.954
2015-05-11,1.945
2015-05-12,1.999
2015-05-13,2.005
2015-05-14,2.006
2015-05-15,2.005
2015-05-18,1.987
2015-05-19,1.929
2015-05-20,1.946
2015-05-21,1.986
2015-05-22,1.953
2015-05-26,1.9
2015-05-27,1.857
2015-05-28,1.87
2015-05-29,1.955
2015-06-01,1.926
2015-06-02,1.946
2015-06-03,1.892
2015-06-04,1.844
2015-06-05,1.87
2015-06-08,1.855
2015-06-09,1.918
2015-06-10,1.946
2015-06-11,1.921
2015-06-12,1.889
2015-06-15,1.87
2015-06-16,1.885
2015-06-17,1.91
2015-06-18,1.915
2015-06-19,1.867
2015-06-22,1.869
2015-06-23,1.911
2015-06-24,1.876
2015-06-25,1.862
2015-06-26,1.863
2015-06-29,1.837
2015-06-30,1.887
2015-07-01,1.839
2015-07-02,1.84
2015-07-06,1.709
2015-07-07,1.711
2015-07-08,1.715
2015-07-09,1.736
2015-07-10,1.74
2015-07-13,1.719
2015-07-14,1.725
2015-07-15,1.669
2015-07-16,1.666
2015-07-17,1.664
2015-07-20,1.658
2015-07-21,1.678
2015-07-22,1.672
2015-07-23,1.655
2015-07-24,1.63
2015-07-27,1.596
2015-07-28,1.604
2015-07-29,1.598
2015-07-30,1.598
2015-07-31,1.584
2015-08-03,1.531
2015-08-04,1.548
2015-08-05,1.539
2015-08-06,1.55
2015-08-07,1.544
2015-08-10,1.592
2015-08-11,1.563
2015-08-12,1.587
2015-08-13,1.569
2015-08-14,1.558
2015-08-17,1.555
2015-08-18,1.559
2015-08-19,1.518
2015-08-20,1.496
2015-08-21,1.462
2015-08-24,1.393
2015-08-25,1.395
2015-08-26,1.381
2015-08-27,1.496
2015-08-28,1.576
2015-08-31,1.674
2015-09-01,1.578
2015-09-02,1.609
2015-09-03,1.619
2015-09-04,1.596
2015-09-08,1.594
2015-09-09,1.539
2015-09-10,1.575
2015-09-11,1.55
2015-09-14,1.504
2015-09-15,1.5
2015-09-16,1.541
2015-09-17,1.53
2015-09-18,1.491
2015-09-21,1.514
2015-09-22,1.532
2015-09-23,1.506
2015-09-24,1.524
2015-09-25,1.523
2015-09-28,1.477
2015-09-29,1.498
2015-09-30,1.513
2015-10-01,1.52
2015-10-02,1.52
2015-10-05,1.548
2015-10-06,1.612
2015-10-07,1.58
2015-10-08,1.602
2015-10-09,1.591
2015-10-13,1.471
2015-10-14,1.483
2015-10-15,1.486
2015-10-16,1.497
2015-10-19,1.449
2015-10-20,1.449
2015-10-21,1.45
2015-10-22,1.465
2015-10-23,1.454
2015-10-26,1.426
2015-10-27,1.424
2015-10-28,1.484
2015-10-29,1.475
2015-10-30,1.499
2015-11-02,1.507
2015-11-03,1.566
2015-11-04,1.504
2015-11-05,1.487
2015-11-06,1.49
2015-11-09,1.477
2015-11-10,1.487
2015-11-12,1.407
2015-11-13,1.381
2015-11-16,1.385
2015-11-17,1.368
2015-11-18,1.38
2015-11-19,1.372
2015-11-20,1.371
2015-11-23,1.374
2015-11-24,1.4
2015-11-25,1.403
2015-11-27,1.352
2015-11-30,1.337
2015-12-01,1.369
2015-12-02,1.305
2015-12-03,1.359
2015-12-04,1.342
2015-12-07,1.28
2015-12-08,1.259
2015-12-09,1.239
2015-12-10,1.225
2015-12-11,1.146
2015-12-14,1.128
2015-12-15,1.147
2015-12-16,1.112
2015-12-17,1.105
2015-12-18,1.107
2015-12-21,1.1
2015-12-22,1.088
2015-12-23,1.119
2015-12-24,1.101
2015-12-28,1.09
2015-12-29,1.13
2015-12-30,1.079
2015-12-31,1.101
2016-01-04,1.126
2016-01-05,1.125
2016-01-06,1.081
2016-01-07,1.066
2016-01-08,1.052
2016-01-11,1.015
2016-01-12,.99
2016-01-13,.969
2016-01-14,.981
2016-01-15,.934
2016-01-19,.909
2016-01-20,.866
2016-01-21,.898
2016-01-22,.996
2016-01-25,.935
2016-01-26,.968
2016-01-27,1.025
2016-01-28,1.031
2016-01-29,1.055
2016-02-01,1.037
2016-02-02,1.011
2016-02-03,1.079
2016-02-04,1.081
2016-02-05,1.059
2016-02-08,1.046
2016-02-09,.975
2016-02-10,.975
2016-02-11,.979
2016-02-12,1.069
2016-02-16,1.027
2016-02-17,1.088
2016-02-18,1.079
2016-02-19,1.026
2016-02-22,1.055
2016-02-23,1.022
2016-02-24,1.059
2016-02-25,1.07
2016-02-26,1.051
2016-02-29,1.076
2016-03-01,1.1
2016-03-02,1.107
2016-03-03,1.12
2016-03-04,1.161
2016-03-07,1.223
2016-03-08,1.2
2016-03-09,1.233
2016-03-10,1.216
2016-03-11,1.218
2016-03-14,1.197
2016-03-15,1.178
2016-03-16,1.231
2016-03-17,1.255
2016-03-18,1.239
2016-03-21,1.237
2016-03-22,1.252
2016-03-23,1.204
2016-03-24,1.198
2016-03-28,1.18
2016-03-29,1.156
2016-03-30,1.16
2016-03-31,1.185
2016-04-01,1.132
2016-04-04,1.089
2016-04-05,1.075
2016-04-06,1.14
2016-04-07,1.126
2016-04-08,1.2
2016-04-11,1.215
2016-04-12,1.276
2016-04-13,1.266
2016-04-14,1.254
2016-04-15,1.232
2016-04-18,1.236
2016-04-19,1.263
2016-04-20,1.332
2016-04-21,1.3
2016-04-22,1.309
2016-04-25,1.29
2016-04-26,1.333
2016-04-27,1.38
2016-04-28,1.405
2016-04-29,1.378
2016-05-02,1.356
2016-05-03,1.333
2016-05-04,1.328
2016-05-05,1.329
2016-05-06,1.337
2016-05-09,1.286
2016-05-10,1.338
2016-05-11,1.397
2016-05-12,1.394
2016-05-13,1.403
2016-05-16,1.44
2016-05-17,1.467
2016-05-18,1.483
2016-05-19,1.479
2016-05-20,1.49
2016-05-23,1.478
2016-05-24,1.489
2016-05-25,1.513
2016-05-26,1.501
2016-05-27,1.494
2016-05-31,1.498
2016-06-01,1.499
2016-06-03,1.488
2016-06-06,1.503
2016-06-07,1.542
2016-06-08,1.571
2016-06-09,1.551
2016-06-10,1.516
2016-06-13,1.515
2016-06-14,1.502
2016-06-15,1.478
2016-06-16,1.423
2016-06-17,1.482
2016-06-20,1.527
2016-06-21,1.517
2016-06-22,1.505
2016-06-23,1.521
2016-06-24,1.455
2016-06-27,1.429
2016-06-28,1.471
2016-06-29,1.534
2016-06-30,1.485
2016-07-01,1.512
2016-07-05,1.446
2016-07-06,1.471
2016-07-07,1.411
2016-07-08,1.412
2016-07-11,1.416
2016-07-12,1.463
2016-07-13,1.381
2016-07-14,1.406
2016-07-15,1.397
2016-07-18,1.378
2016-07-19,1.384
2016-07-20,1.405
2016-07-21,1.371
2016-07-22,1.357
2016-07-25,1.323
2016-07-26,1.326
2016-07-27,1.295
2016-07-28,1.27
2016-07-29,1.276
2016-08-01,1.258
2016-08-02,1.259
2016-08-03,1.288
2016-08-04,1.326
2016-08-05,1.317
2016-08-08,1.344
2016-08-09,1.331
2016-08-10,1.318
2016-08-11,1.385
2016-08-12,1.409
2016-08-15,1.45
2016-08-16,1.461
2016-08-17,1.489
2016-08-18,1.526
2016-08-19,1.52
2016-08-22,1.486
2016-08-23,1.502
2016-08-24,1.496
2016-08-25,1.509
2016-08-26,1.497
2016-08-29,1.486
2016-08-30,1.471
2016-08-31,1.41
2016-09-01,1.382
2016-09-02,1.41
2016-09-06,1.409
2016-09-07,1.427
2016-09-08,1.482
2016-09-09,1.43
2016-09-12,1.442
2016-09-13,1.423
2016-09-14,1.382
2016-09-15,1.416
2016-09-16,1.405
2016-09-19,1.394
2016-09-20,1.405
2016-09-21,1.429
2016-09-22,1.454
2016-09-23,1.407
2016-09-26,1.449
2016-09-27,1.41
2016-09-28,1.491
2016-09-29,1.51
2016-09-30,1.528
2016-10-03,1.553
2016-10-04,1.554
2016-10-05,1.582
2016-10-06,1.596
2016-10-07,1.579
2016-10-11,1.587
2016-10-12,1.567
2016-10-13,1.58
2016-10-14,1.567
2016-10-17,1.556
2016-10-18,1.569
2016-10-19,1.588
2016-10-20,1.56
2016-10-21,1.574
2016-10-24,1.58
2016-10-25,1.563
2016-10-26,1.551
2016-10-27,1.57
2016-10-28,1.542
2016-10-31,1.496
2016-11-01,1.517
2016-11-02,1.467
2016-11-03,1.458
2016-11-04,1.43
2016-11-07,1.441
2016-11-08,1.441
2016-11-09,1.441
2016-11-10,1.437
2016-11-14,1.386
2016-11-15,1.444
2016-11-16,1.435
2016-11-17,1.447
2016-11-18,1.458
2016-11-21,1.525
2016-11-22,1.526
2016-11-23,1.517
2016-11-28,1.513
2016-11-29,1.463
2016-11-30,1.571
2016-12-01,1.648
2016-12-02,1.658
2016-12-05,1.657
2016-12-06,1.638
2016-12-07,1.618
2016-12-08,1.626
2016-12-09,1.637
2016-12-12,1.672
2016-12-13,1.675
2016-12-14,1.644
2016-12-15,1.642
2016-12-16,1.672
2016-12-19,1.669
2016-12-20,1.669
2016-12-21,1.64
2016-12-22,1.661
2016-12-23,1.663
2016-12-27,1.699
2016-12-28,1.699
2016-12-29,1.704
2016-12-30,1.704
2017-01-03,1.677
2017-01-04,1.693
2017-01-05,1.694
2017-01-06,1.703
2017-01-09,1.638
2017-01-10,1.611
2017-01-11,1.652
2017-01-12,1.676
2017-01-13,1.651
2017-01-17,1.649
2017-01-18,1.609
2017-01-19,1.618
2017-01-20,1.646
2017-01-23,1.627
2017-01-24,1.642
2017-01-25,1.611
2017-01-26,1.641
2017-01-27,1.619
2017-01-30,1.607
2017-01-31,1.612
2017-02-01,1.674
2017-02-02,1.652
2017-02-03,1.665
2017-02-06,1.635
2017-02-07,1.622
2017-02-08,1.636
2017-02-09,1.642
2017-02-10,1.666
2017-02-13,1.627
2017-02-14,1.638
2017-02-15,1.631
2017-02-16,1.629
2017-02-17,1.636
2017-02-21,1.643
2017-02-22,1.63
2017-02-23,1.657
2017-02-24,1.64
2017-02-27,1.64
2017-02-28,1.621
2017-03-01,1.624
2017-03-02,1.579
2017-03-03,1.594
2017-03-06,1.605
2017-03-07,1.614
2017-03-08,1.557
2017-03-09,1.53
2017-03-10,1.504
2017-03-13,1.501
2017-03-14,1.492
2017-03-15,1.512
2017-03-16,1.504
2017-03-17,1.509
2017-03-20,1.514
2017-03-21,1.503
2017-03-22,1.497
2017-03-23,1.49
2017-03-24,1.498
2017-03-27,1.503
2017-03-28,1.517
2017-03-29,1.543
2017-03-30,1.558
2017-03-31,1.574
2017-04-03,1.563
2017-04-04,1.592
2017-04-05,1.604
2017-04-06,1.613
2017-04-07,1.628
2017-04-10,1.647
2017-04-11,1.651
2017-04-12,1.652
2017-04-13,1.65
2017-04-17,1.633
2017-04-18,1.622
2017-04-19,1.581
2017-04-20,1.579
2017-04-21,1.553
2017-04-24,1.543
2017-04-25,1.545
2017-04-26,1.537
2017-04-27,1.507
2017-04-28,1.504
2017-05-01,1.488
2017-05-02,1.468
2017-05-03,1.474
2017-05-04,1.412
2017-05-05,1.437
2017-05-08,1.456
2017-05-09,1.442
2017-05-10,1.475
2017-05-11,1.49
2017-05-12,1.493
2017-05-15,1.51
2017-05-16,1.516
2017-05-17,1.534
2017-05-18,1.545
2017-05-19,1.583
2017-05-22,1.602
2017-05-23,1.607
2017-05-24,1.606
2017-05-25,1.551
2017-05-26,1.563
2017-05-30,1.549
2017-05-31,1.515
2017-06-01,1.502
2017-06-02,1.485
2017-06-05,1.459
2017-06-06,1.466
2017-06-07,1.416
2017-06-08,1.422
2017-06-09,1.431
2017-06-12,1.425
2017-06-13,1.448
2017-06-14,1.41
2017-06-15,1.415
2017-06-16,1.427
2017-06-19,1.411
2017-06-20,1.395
2017-06-21,1.365
2017-06-22,1.372
2017-06-23,1.372
2017-06-26,1.38
2017-06-27,1.414
2017-06-28,1.433
2017-06-29,1.446
2017-06-30,1.476
2017-07-03,1.513
2017-07-05,1.479
2017-07-06,1.482
2017-07-07,1.448
2017-07-10,1.454
2017-07-11,1.476
2017-07-12,1.474
2017-07-13,1.492
2017-07-14,1.515
2017-07-17,1.5
2017-07-18,1.51
2017-07-19,1.551
2017-07-20,1.544
2017-07-21,1.515
2017-07-24,1.517
2017-07-25,1.569
2017-07-26,1.595
2017-07-27,1.603
2017-07-28,1.64
2017-07-31,1.652
2017-08-01,1.641
2017-08-02,1.659
2017-08-03,1.639
2017-08-04,1.649
2017-08-07,1.64
2017-08-08,1.629
2017-08-09,1.653
2017-08-10,1.631
2017-08-11,1.635
2017-08-14,1.606
2017-08-15,1.6
2017-08-16,1.574
2017-08-17,1.582
2017-08-18,1.62
2017-08-21,1.571
2017-08-22,1.591
2017-08-23,1.624
2017-08-24,1.621
2017-08-25,1.622
2017-08-28,1.635
2017-08-29,1.666
2017-08-30,1.674
2017-08-31,1.758
2017-09-01,1.747
2017-09-05,1.748
2017-09-06,1.76
2017-09-07,1.786
2017-09-08,1.766
2017-09-11,1.743
2017-09-12,1.741
2017-09-13,1.769
2017-09-14,1.778
2017-09-15,1.799
2017-09-18,1.78
2017-09-19,1.773
2017-09-20,1.807
2017-09-21,1.815
2017-09-22,1.816
2017-09-25,1.856
2017-09-26,1.845
2017-09-27,1.846
2017-09-28,1.832
2017-09-29,1.812
2017-10-02,1.767
2017-10-03,1.751
2017-10-04,1.774
2017-10-05,1.786
2017-10-06,1.744
2017-10-10,1.765
2017-10-11,1.786
2017-10-12,1.766
2017-10-13,1.797
2017-10-16,1.813
2017-10-17,1.81
2017-10-18,1.803
2017-10-19,1.777
2017-10-20,1.805
2017-10-23,1.788
2017-10-24,1.822
2017-10-25,1.818
2017-10-26,1.842
2017-10-27,1.867
2017-10-30,1.878
2017-10-31,1.885
2017-11-01,1.863
2017-11-02,1.854
2017-11-03,1.887
2017-11-06,1.942
2017-11-07,1.922
2017-11-08,1.922
2017-11-09,1.947
2017-11-13,1.932
2017-11-14,1.907
2017-11-15,1.909
2017-11-16,1.902
2017-11-17,1.947
2017-11-20,1.932
2017-11-21,1.936
2017-11-22,1.933
2017-11-27,1.948
2017-11-28,1.951
2017-11-29,1.922
2017-11-30,1.893
2017-12-01,1.941
2017-12-04,1.895
2017-12-05,1.914
2017-12-06,1.861
2017-12-07,1.897
2017-12-08,1.929
2017-12-11,1.951
2017-12-12,1.934
2017-12-13,1.904
2017-12-14,1.91
2017-12-15,1.904
2017-12-18,1.925
2017-12-19,1.94
2017-12-20,1.944
2017-12-21,1.95
2017-12-22,1.969
2017-12-26,2.039
2017-12-27,2.04
2017-12-28,2.052
2018-01-02,2.058
2018-01-03,2.088
2018-01-04,2.077
2018-01-05,2.059
2018-01-08,2.045
2018-01-09,2.066
2018-01-10,2.081
2018-01-11,2.077
2018-01-12,2.085
2018-01-16,2.063
2018-01-17,2.069
2018-01-18,2.062
2018-01-19,2.058
2018-01-22,2.057
2018-01-23,2.086
2018-01-24,2.106
2018-01-25,2.115
2018-01-26,2.136
2018-01-29,2.105
2018-01-30,2.072
2018-01-31,2.069
2018-02-01,2.09
2018-02-02,2.054
2018-02-05,2.02
2018-02-06,1.985
2018-02-07,1.931
2018-02-08,1.921
2018-02-09,1.855
2018-02-12,1.839
2018-02-13,1.837
2018-02-14,1.884
2018-02-15,1.892
2018-02-16,1.91
2018-02-19,1.91
2018-02-20,1.928
2018-02-21,1.932
2018-02-22,1.953
2018-02-23,1.969
2018-02-26,1.986
2018-02-27,1.963
2018-02-28,1.914
2018-03-01,1.886
2018-03-02,1.88
2018-03-05,1.897
2018-03-06,1.903
2018-03-07,1.875
2018-03-08,1.859
2018-03-09,1.887
2018-03-12,1.865
2018-03-13,1.874
2018-03-14,1.887
2018-03-15,1.893
2018-03-16,1.912
2018-03-19,1.907
2018-03-20,1.95
2018-03-21,2.004
2018-03-22,1.992
2018-03-23,2.018
2018-03-26,2.015
2018-03-27,2.022
2018-03-28,2.015
2018-03-29,2.028
2018-04-02,1.98
2018-04-03,1.995
2018-04-04,1.977
2018-04-05,1.977
2018-04-06,1.958
2018-04-09,1.997
2018-04-10,2.065
2018-04-11,2.093
2018-04-12,2.084
2018-04-13,2.1
2018-04-16,2.07
2018-04-17,2.057
2018-04-18,2.091
2018-04-19,2.109
2018-04-20,2.123
2018-04-23,2.141
2018-04-24,2.128
2018-04-25,2.136
2018-04-26,2.16
2018-04-27,2.151
2018-04-30,2.167
2018-05-01,2.1
2018-05-02,2.122
2018-05-03,2.113
2018-05-04,2.154
2018-05-07,2.185
2018-05-08,2.158
2018-05-09,2.218
2018-05-10,2.223
2018-05-11,2.222
2018-05-14,2.25
2018-05-15,2.249
2018-05-16,2.269
2018-05-17,2.281
2018-05-18,2.266
2018-05-21,2.274
2018-05-22,2.28
2018-05-23,2.29
2018-05-24,2.267
2018-05-25,2.21
2018-05-28,2.21
2018-05-29,2.186
2018-05-30,2.232
2018-05-31,2.191
2018-06-01,2.176
2018-06-04,2.153
2018-06-05,2.142
2018-06-06,2.127
2018-06-07,2.18
2018-06-08,2.164
2018-06-11,2.161
2018-06-12,2.162
2018-06-13,2.185
2018-06-14,2.159
2018-06-15,2.087
2018-06-18,2.132
2018-06-19,2.122
2018-06-20,2.107
2018-06-21,2.07
2018-06-22,2.125
2018-06-25,2.1
2018-06-26,2.129
2018-06-27,2.177
2018-06-28,2.178
2018-06-29,2.209
2018-07-02,2.156
2018-07-03,2.164
2018-07-04,2.164
2018-07-05,2.179
2018-07-06,2.168
2018-07-09,2.196
2018-07-10,2.222
2018-07-11,2.101
2018-07-12,2.123
2018-07-13,2.133
2018-07-16,2.054
2018-07-17,2.07
2018-07-18,2.09
2018-07-19,2.09
2018-07-20,2.104
2018-07-23,2.118
2018-07-24,2.133
2018-07-25,2.151
2018-07-26,2.177
2018-07-27,2.155
2018-07-30,2.171
2018-07-31,2.132
2018-08-01,2.097
2018-08-02,2.132
2018-08-03,2.127
2018-08-06,2.139
2018-08-07,2.169
2018-08-08,2.116
2018-08-09,2.112
2018-08-10,2.14
2018-08-13,2.137
2018-08-14,2.129
2018-08-15,2.09
2018-08-16,2.096
2018-08-17,2.098
2018-08-20,2.114
2018-08-21,2.124
2018-08-22,2.168
2018-08-23,2.175
2018-08-24,2.202
2018-08-27,2.215
2018-08-28,2.211
2018-08-29,2.242
2018-08-30,2.248
2018-08-31,2.241
2018-09-04,2.255
2018-09-05,2.235
2018-09-06,2.209
2018-09-07,2.218
2018-09-10,2.218
2018-09-11,2.252
2018-09-12,2.258
2018-09-13,2.224
2018-09-14,2.209
2018-09-17,2.206
2018-09-18,2.236
2018-09-19,2.247
2018-09-20,2.228
2018-09-21,2.226
2018-09-24,2.286
2018-09-25,2.305
2018-09-26,2.3
2018-09-27,2.323
2018-09-28,2.352
2018-10-01,2.408
2018-10-02,2.408
2018-10-03,2.437
2018-10-04,2.4
2018-10-05,2.392
2018-10-08,2.394
2018-10-09,2.424
2018-10-10,2.395
2018-10-11,2.332
2018-10-12,2.321
2018-10-15,2.326
2018-10-16,2.34
2018-10-17,2.311
2018-10-18,2.295
2018-10-19,2.302
2018-10-22,2.318
2018-10-23,2.248
2018-10-24,2.252
2018-10-25,2.278
2018-10-26,2.303
2018-10-29,2.284
2018-10-30,2.26
2018-10-31,2.262
2018-11-01,2.201
2018-11-02,2.173
2018-11-05,2.196
2018-11-06,2.188
2018-11-07,2.237
2018-11-08,2.168
2018-11-09,2.173
2018-11-12,2.156
2018-11-13,2.063
2018-11-14,2.096
2018-11-15,2.074
2018-11-16,2.074
2018-11-19,2.086
2018-11-20,1.99
2018-11-21,1.97
2018-11-23,1.876
2018-11-26,1.893
2018-11-27,1.886
2018-11-28,1.838
2018-11-29,1.844
2018-11-30,1.846
2018-12-03,1.888
2018-12-04,1.901
2018-12-05,1.889
2018-12-06,1.858
2018-12-07,1.886
2018-12-10,1.844
2018-12-11,1.847
2018-12-12,1.851
2018-12-13,1.877
2018-12-14,1.845
2018-12-17,1.827
2018-12-18,1.754
2018-12-19,1.805
2018-12-20,1.75
2018-12-21,1.733
2018-12-24,1.662
2018-12-26,1.734
2018-12-27,1.678
2018-12-28,1.665
2018-12-31,1.681
2019-01-02,1.701
2019-01-03,1.742
2019-01-04,1.769
2019-01-07,1.778
2019-01-08,1.827
2019-01-09,1.881
2019-01-10,1.906
2019-01-11,1.88
2019-01-14,1.853
2019-01-15,1.872
2019-01-16,1.895
2019-01-17,1.884
2019-01-18,1.916
2019-01-22,1.901
2019-01-23,1.889
2019-01-24,1.886
2019-01-25,1.892
2019-01-28,1.838
2019-01-29,1.898
2019-01-30,1.898
2019-01-31,1.879
2019-02-01,1.913
2019-02-04,1.907
2019-02-05,1.898
2019-02-06,1.912
2019-02-07,1.901
2019-02-08,1.909
2019-02-11,1.892
2019-02-12,1.907
2019-02-13,1.939
2019-02-14,1.972
2019-02-15,2.02
2019-02-18,2.02
2019-02-19,1.995
2019-02-20,2.018
2019-02-21,2.036
2019-02-22,2.031
2019-02-25,1.975
2019-02-26,1.999
2019-02-27,2.022
2019-02-28,2.024
2019-03-01,2.001
2019-03-04,2.014
2019-03-05,2.016
2019-03-06,2.016
2019-03-07,2.013
2019-03-08,2
2019-03-11,1.994
2019-03-12,1.986
2019-03-13,1.992
2019-03-14,1.985
2019-03-15,1.968
2019-03-18,1.969
2019-03-19,1.99
2019-03-20,2.008
2019-03-21,1.987
2019-03-22,1.966
2019-03-25,1.98
2019-03-26,1.99
2019-03-27,1.981
2019-03-28,1.972
2019-03-29,1.973
2019-04-01,1.988
2019-04-02,2.009
2019-04-03,2.007
2019-04-04,2.013
2019-04-05,2.042
2019-04-08,2.057
2019-04-09,2.045
2019-04-10,2.088
2019-04-11,2.067
2019-04-12,2.071
2019-04-15,2.061
2019-04-16,2.082
2019-04-17,2.069
2019-04-18,2.071
2019-04-22,2.104
2019-04-23,2.118
2019-04-24,2.099
2019-04-25,2.098
2019-04-26,2.051
2019-04-29,2.055
2019-04-30,2.081
2019-05-01,2.094
2019-05-02,2.078
2019-05-03,2.07
2019-05-06,2.068
2019-05-07,2.038
2019-05-08,2.056
2019-05-09,2.044
2019-05-10,2.05
2019-05-13,2.038
2019-05-14,2.059
2019-05-15,2.086
2019-05-16,2.123
2019-05-17,2.096
2019-05-20,2.074
2019-05-21,2.079
2019-05-22,2.049
2019-05-23,1.962
2019-05-24,1.971
2019-05-27,1.971
2019-05-28,1.993
2019-05-29,1.968
2019-05-30,1.915
2019-05-31,1.842
2019-06-03,1.807
2019-06-04,1.822
2019-06-05,1.78
2019-06-06,1.788
2019-06-07,1.825
2019-06-10,1.806
2019-06-11,1.822
2019-06-12,1.78
2019-06-13,1.807
2019-06-14,1.829
2019-06-17,1.8
2019-06-18,1.828
2019-06-19,1.829
2019-06-20,1.884
2019-06-21,1.916
2019-06-24,1.909
2019-06-25,1.923
2019-06-26,1.971
2019-06-27,1.953
2019-06-28,1.945
2019-07-01,1.954
2019-07-02,1.886
2019-07-03,1.899
2019-07-04,1.899
2019-07-05,1.905
2019-07-08,1.895
2019-07-09,1.911
2019-07-10,1.991
2019-07-11,1.979
2019-07-12,1.98
2019-07-15,1.952
2019-07-16,1.905
2019-07-17,1.893
2019-07-18,1.863
2019-07-19,1.89
2019-07-22,1.9
2019-07-23,1.922
2019-07-24,1.909
2019-07-25,1.914
2019-07-26,1.904
2019-07-29,1.911
2019-07-30,1.944
2019-07-31,1.955
2019-08-01,1.853
2019-08-02,1.89
2019-08-05,1.836
2019-08-06,1.824
2019-08-07,1.753
2019-08-08,1.777
2019-08-09,1.808
2019-08-12,1.806
2019-08-13,1.877
2019-08-14,1.844
2019-08-15,1.811
2019-08-16,1.813
2019-08-19,1.833
2019-08-20,1.854
2019-08-21,1.857
2019-08-22,1.841
2019-08-23,1.816
2019-08-26,1.792
2019-08-27,1.816
2019-08-28,1.851
2019-08-29,1.864
2019-08-30,1.828
2019-09-02,1.837
2019-09-03,1.803
2019-09-04,1.88
2019-09-05,1.889
2019-09-06,1.9
2019-09-09,1.928
2019-09-10,1.931
2019-09-11,1.903
2019-09-12,1.885
2019-09-13,1.878
2019-09-16,2.084
2019-09-17,1.99
2019-09-18,1.973
2019-09-19,2.005
2019-09-20,1.986
2019-09-23,1.997
2019-09-24,1.968
2019-09-25,1.954
2019-09-26,1.955
2019-09-27,1.942
2019-09-30,1.906
2019-10-01,1.899
2019-10-02,1.873
2019-10-03,1.876
2019-10-04,1.895
2019-10-07,1.903
2019-10-08,1.91
2019-10-09,1.919
2019-10-10,1.921
2019-10-11,1.958
2019-10-14,1.915
2019-10-15,1.91
2019-10-16,1.943
2019-10-17,1.948
2019-10-18,1.947
2019-10-21,1.941
2019-10-22,1.944
2019-10-23,1.964
2019-10-24,1.986
2019-10-25,1.98
2019-10-28,1.962
2019-10-29,1.956
2019-10-30,1.914
2019-10-31,1.878
2019-11-01,1.933
2019-11-04,1.941
2019-11-05,1.957
2019-11-06,1.928
2019-11-07,1.92
2019-11-08,1.918
2019-11-11,1.914
2019-11-12,1.898
2019-11-13,1.913
2019-11-14,1.918
2019-11-15,1.948
2019-11-18,1.905
2019-11-19,1.857
2019-11-20,1.892
2019-11-21,1.945
2019-11-22,1.929
2019-11-25,1.944
2019-11-26,1.961
2019-11-27,1.947
2019-12-02,1.886
2019-12-03,1.88
2019-12-04,1.923
2019-12-05,1.933
2019-12-06,1.952
2019-12-09,1.944
2019-12-10,1.966
2019-12-11,1.929
2019-12-12,1.951
2019-12-13,1.986
2019-12-16,2.005
2019-12-17,2.033
2019-12-18,2.02
2019-12-19,2.03
2019-12-20,2.022
2019-12-23,2.022
2019-12-24,2.036
2019-12-26,2.052
2019-12-27,2.05
2019-12-30,2.041
2019-12-31,2.028
2020-01-02,2.024
2020-01-03,2.061
2020-01-06,2.034
2020-01-07,2.032
2020-01-08,1.958
2020-01-09,1.95
2020-01-10,1.928
2020-01-13,1.898
2020-01-14,1.91
2020-01-15,1.878
2020-01-16,1.86
2020-01-17,1.859
2020-01-21,1.829
2020-01-22,1.8
2020-01-23,1.792
2020-01-24,1.734
2020-01-27,1.68
2020-01-28,1.716
2020-01-29,1.704
2020-01-30,1.64
2020-01-31,1.625
2020-02-03,1.578
2020-02-04,1.584
2020-02-05,1.645
2020-02-06,1.665
2020-02-07,1.643
2020-02-10,1.613
2020-02-11,1.627
2020-02-12,1.676
2020-02-13,1.681
2020-02-14,1.698
2020-02-18,1.672
2020-02-19,1.707
2020-02-20,1.698
2020-02-21,1.687
2020-02-24,1.613
2020-02-25,1.569
2020-02-26,1.499
2020-02-27,1.489
2020-02-28,1.491
2020-03-02,1.529
2020-03-03,1.533
2020-03-04,1.533
2020-03-05,1.489
2020-03-06,1.385
2020-03-09,1.163
2020-03-10,1.25
2020-03-11,1.238
2020-03-12,1.16
2020-03-13,1.137
2020-03-16,1.047
2020-03-17,1.036
2020-03-18,.954
2020-03-19,1.042
2020-03-20,1.006
2020-03-23,1.016
2020-03-24,1.08
2020-03-25,1.098
2020-03-26,1.05
2020-03-27,1.069
2020-03-30,1.019
2020-03-31,1.012
2020-04-01,.932
2020-04-02,.995
2020-04-03,1.071
2020-04-06,1.046
2020-04-07,1.028
2020-04-08,1.011
2020-04-09,.973
2020-04-13,.995
2020-04-14,.944
2020-04-15,.914
2020-04-16,.946
2020-04-17,.956
2020-04-20,.888
2020-04-21,.727
2020-04-22,.731
2020-04-23,.735
2020-04-24,.647
2020-04-27,.61
2020-04-28,.631
2020-04-29,.695
2020-04-30,.732
2020-05-01,.796
2020-05-04,.803
2020-05-05,.896
2020-05-06,.824
2020-05-07,.837
2020-05-08,.899
2020-05-11,.869
2020-05-12,.838
2020-05-13,.831
2020-05-14,.895
2020-05-15,.92
2020-05-18,1.006
2020-05-19,.974
2020-05-20,.991
2020-05-21,.989
2020-05-22,.982
2020-05-26,.991
2020-05-27,.972
2020-05-28,.926
2020-05-29,.965
2020-06-01,1.029
2020-06-02,1.092
2020-06-03,1.065
2020-06-04,1.074
2020-06-05,1.151
2020-06-08,1.121
2020-06-09,1.155
2020-06-10,1.173
2020-06-11,1.088
2020-06-12,1.101
2020-06-15,1.137
2020-06-16,1.182
2020-06-17,1.182
2020-06-18,1.199
2020-06-19,1.211
2020-06-22,1.219
2020-06-23,1.203
2020-06-24,1.151
2020-06-25,1.156
2020-06-26,1.136
2020-06-29,1.165
2020-06-30,1.178
2020-07-01,1.2
2020-07-02,1.231
2020-07-06,1.242
2020-07-07,1.243
2020-07-08,1.234
2020-07-09,1.224
2020-07-10,1.241
2020-07-13,1.224
2020-07-14,1.221
2020-07-15,1.245
2020-07-16,1.228
2020-07-17,1.219
2020-07-20,1.236
2020-07-21,1.28
2020-07-22,1.271
2020-07-23,1.254
2020-07-24,1.256
2020-07-27,1.254
2020-07-28,1.242
2020-07-29,1.253
2020-07-30,1.212
2020-07-31,1.217
2020-08-03,1.241
2020-08-04,1.258
2020-08-05,1.263
2020-08-06,1.25
2020-08-07,1.22
2020-08-10,1.237
2020-08-11,1.238
2020-08-12,1.257
2020-08-13,1.238
2020-08-14,1.237
2020-08-17,1.239
2020-08-18,1.26
2020-08-19,1.251
2020-08-20,1.247
2020-08-21,1.208
2020-08-24,1.248
2020-08-25,1.26
2020-08-26,1.245
2020-08-27,1.211
2020-08-28,1.216
2020-08-31,1.196
2020-09-01,1.231
2020-09-02,1.189
2020-09-03,1.168
2020-09-04,1.152
2020-09-08,1.077
2020-09-09,1.106
2020-09-10,1.082
2020-09-11,1.09
2020-09-14,1.093
2020-09-15,1.099
2020-09-16,1.116
2020-09-17,1.16
2020-09-18,1.159
2020-09-21,1.107
2020-09-22,1.096
2020-09-23,1.108
2020-09-24,1.117
2020-09-25,1.126
2020-09-28,1.14
2020-09-29,1.109
2020-09-30,1.145
2020-10-01,1.125
2020-10-02,1.085
2020-10-05,1.133
2020-10-06,1.189
2020-10-07,1.161
2020-10-08,1.192
2020-10-09,1.193
2020-10-12,1.157
2020-10-13,1.169
2020-10-14,1.193
2020-10-15,1.189
2020-10-16,1.179
2020-10-19,1.158
2020-10-20,1.174
2020-10-21,1.14
2020-10-22,1.161
2020-10-23,1.151
2020-10-26,1.122
2020-10-27,1.158
2020-10-28,1.114
2020-10-29,1.088
2020-10-30,1.081
2020-11-02,1.112
2020-11-03,1.127
2020-11-04,1.174
2020-11-05,1.17
2020-11-06,1.143
2020-11-09,1.217
2020-11-10,1.253
2020-11-11,1.246
2020-11-12,1.233
2020-11-13,1.204
2020-11-16,1.229
2020-11-17,1.239
2020-11-18,1.264
2020-11-19,1.271
2020-11-20,1.286
2020-11-23,1.311
2020-11-24,1.36
2020-11-25,1.387
2020-11-30,1.356
2020-12-01,1.347
2020-12-02,1.366
2020-12-03,1.393
2020-12-04,1.403
2020-12-07,1.399
2020-12-08,1.407
2020-12-09,1.399
2020-12-10,1.436
2020-12-11,1.437
2020-12-14,1.454
2020-12-15,1.464
2020-12-16,1.478
2020-12-17,1.495
2020-12-18,1.513
2020-12-21,1.477
2020-12-22,1.462
2020-12-23,1.498
2020-12-24,1.49
2020-12-28,1.479
2020-12-29,1.487
2020-12-30,1.49
2020-12-31,1.476
2021-01-04,1.462
2021-01-05,1.519
2021-01-06,1.529
2021-01-07,1.538
2021-01-08,1.58
2021-01-11,1.574
2021-01-12,1.597
2021-01-13,1.599
2021-01-14,1.619
2021-01-15,1.593
2021-01-19,1.599
2021-01-20,1.6
2021-01-21,1.601
2021-01-22,1.576
2021-01-25,1.594
2021-01-26,1.598
2021-01-27,1.609
2021-01-28,1.602
2021-01-29,1.6
2021-02-01,1.647
2021-02-02,1.675
2021-02-03,1.691
2021-02-04,1.701
2021-02-05,1.714
2021-02-08,1.748
2021-02-09,1.757
2021-02-10,1.761
2021-02-11,1.745
2021-02-12,1.771
2021-02-16,1.814
2021-02-17,1.838
2021-02-18,1.836
2021-02-19,1.823
2021-02-22,1.859
2021-02-23,1.868
2021-02-24,1.908
2021-02-25,1.907
2021-02-26,1.857
2021-03-01,1.819
2021-03-02,1.808
2021-03-03,1.836
2021-03-04,1.896
2021-03-05,1.944
2021-03-08,1.909
2021-03-09,1.907
2021-03-10,1.917
2021-03-11,1.959
2021-03-12,1.968
2021-03-15,1.949
2021-03-16,1.933
2021-03-17,1.906
2021-03-18,1.784
2021-03-19,1.822
2021-03-22,1.829
2021-03-23,1.749
2021-03-24,1.826
2021-03-25,1.748
2021-03-26,1.81
2021-03-29,1.81
2021-03-30,1.789
2021-03-31,1.771
2021-04-01,1.832
2021-04-05,1.772
2021-04-06,1.794
2021-04-07,1.808
2021-04-08,1.81
2021-04-09,1.808
2021-04-12,1.808
2021-04-13,1.815
2021-04-14,1.89
2021-04-15,1.899
2021-04-16,1.896
2021-04-19,1.893
2021-04-20,1.88
2021-04-21,1.854
2021-04-22,1.861
2021-04-23,1.874
2021-04-26,1.879
2021-04-27,1.906
2021-04-28,1.939
2021-04-29,1.961
2021-04-30,1.921
2021-05-03,1.952
2021-05-04,1.999
2021-05-05,2.003
2021-05-06,1.99
2021-05-07,2.011
2021-05-10,2.017
2021-05-11,2.042
2021-05-12,2.07
2021-05-13,2.001
2021-05-14,2.036
2021-05-17,2.06
2021-05-18,2.056
2021-05-19,2.007
2021-05-20,1.964
2021-05-21,1.988
2021-05-24,2.042
2021-05-25,2.035
2021-05-26,2.045
2021-05-27,2.056
2021-05-28,2.045
2021-06-01,2.072
2021-06-02,2.107
2021-06-03,2.102
2021-06-04,2.12
2021-06-07,2.116
2021-06-08,2.135
2021-06-09,2.13
2021-06-10,2.143
2021-06-11,2.121
2021-06-14,2.112
2021-06-15,2.112
2021-06-16,2.103
2021-06-17,2.067
2021-06-18,2.093
2021-06-21,2.127
2021-06-22,2.151
2021-06-23,2.159
2021-06-24,2.162
2021-06-25,2.149
2021-06-28,2.118
2021-06-29,2.122
2021-06-30,2.129
2021-07-01,2.156
2021-07-02,2.179
2021-07-06,2.105
2021-07-07,2.089
2021-07-08,2.12
2021-07-09,2.155
2021-07-12,2.15
2021-07-13,2.184
2021-07-14,2.144
2021-07-15,2.113
2021-07-16,2.113
2021-07-19,1.985
2021-07-20,2.013
2021-07-21,2.087
2021-07-22,2.133
2021-07-23,2.134
2021-07-26,2.151
2021-07-27,2.144
2021-07-28,2.156
2021-07-29,2.189
2021-07-30,2.199
2021-08-02,2.136
2021-08-03,2.126
2021-08-04,2.074
2021-08-05,2.106
2021-08-06,2.085
2021-08-09,2.042
2021-08-10,2.08
2021-08-11,2.106
2021-08-12,2.104
2021-08-13,2.078
2021-08-16,2.048
2021-08-17,2.036
2021-08-18,2.021
2021-08-19,1.969
2021-08-20,1.908
2021-08-23,2.005
2021-08-24,2.067
2021-08-25,2.118
2021-08-26,2.083
2021-08-27,2.109
2021-08-30,2.14
2021-08-31,2.131
2021-09-01,2.129
2021-09-02,2.168
2021-09-03,2.159
2021-09-07,2.122
2021-09-08,2.136
2021-09-09,2.114
2021-09-10,2.146
2021-09-13,2.158
2021-09-14,2.161
2021-09-15,2.205
2021-09-16,2.211
2021-09-17,2.209
2021-09-20,2.159
2021-09-21,2.174
2021-09-22,2.212
2021-09-23,2.249
2021-09-24,2.267
2021-09-27,2.296
2021-09-28,2.289
2021-09-29,2.308
2021-09-30,2.342
2021-10-01,2.383
2021-10-04,2.437
2021-10-05,2.494
2021-10-06,2.442
2021-10-07,2.46
2021-10-08,2.474
2021-10-11,2.515
2021-10-12,2.51
2021-10-13,2.521
2021-10-14,2.561
2021-10-15,2.574
2021-10-18,2.549
2021-10-19,2.561
2021-10-20,2.592
2021-10-21,2.549
2021-10-22,2.539
2021-10-25,2.565
2021-10-26,2.577
2021-10-27,2.515
2021-10-28,2.517
2021-10-29,2.496
2021-11-01,2.503
2021-11-02,2.508
2021-11-03,2.435
2021-11-04,2.407
2021-11-05,2.456
2021-11-08,2.467
2021-11-09,2.508
2021-11-10,2.452
2021-11-11,2.447
2021-11-12,2.404
2021-11-15,2.398
2021-11-16,2.431
2021-11-17,2.364
2021-11-18,2.384
2021-11-19,2.293
2021-11-22,2.325
2021-11-23,2.384
2021-11-24,2.383
2021-11-29,2.152
2021-11-30,2.064
2021-12-01,2.077
2021-12-02,2.103
2021-12-03,2.098
2021-12-06,2.171
2021-12-07,2.225
2021-12-08,2.261
2021-12-09,2.25
2021-12-10,2.252
2021-12-13,2.233
2021-12-14,2.218
2021-12-15,2.22
2021-12-16,2.266
2021-12-17,2.22
2021-12-20,2.173
2021-12-21,2.258
2021-12-22,2.308
2021-12-23,2.331
2021-12-27,2.354
2021-12-28,2.371
2021-12-29,2.378
2021-12-30,2.396
2021-12-31,2.33
2022-01-03,2.357
2022-01-04,2.41
2022-01-05,2.446
2022-01-06,2.478
2022-01-07,2.482
2022-01-10,2.488
2022-01-11,2.564
2022-01-12,2.594
2022-01-13,2.609
2022-01-14,2.634
2022-01-18,2.674
2022-01-19,2.692
2022-01-20,2.672
2022-01-21,2.691
2022-01-24,2.627
2022-01-25,2.669
2022-01-26,2.744
2022-01-27,2.795
2022-01-28,2.786
2022-01-31,2.759
2022-02-01,2.741
2022-02-02,2.769
2022-02-03,2.84
2022-02-04,2.875
2022-02-07,2.855
2022-02-08,2.793
2022-02-09,2.825
2022-02-10,2.827
2022-02-11,2.911
2022-02-14,2.962
2022-02-15,2.86
2022-02-16,2.858
2022-02-17,2.786
2022-02-18,2.782
2022-02-22,2.819
2022-02-23,2.829
2022-02-24,2.897
2022-02-25,2.85
2022-02-28,3.013
2022-03-01,3.151
2022-03-02,3.495
2022-03-03,3.503
2022-03-04,3.776
2022-03-07,3.922
2022-03-08,4.437
2022-03-09,3.464
2022-03-10,3.296
2022-03-11,3.418
2022-03-14,3.276
2022-03-15,3.03
2022-03-16,3.1
2022-03-17,3.487
2022-03-18,3.598
2022-03-21,3.801
2022-03-22,3.864
2022-03-23,4.115
2022-03-24,4.153
2022-03-25,4.115
2022-03-28,3.783
2022-03-29,3.716
2022-03-30,3.809
2022-03-31,3.691
2022-04-01,3.424
2022-04-04,3.546
2022-04-05,3.468
2022-04-06,3.345
2022-04-07,3.268
2022-04-08,3.318
2022-04-11,3.268
2022-04-12,3.464
2022-04-13,3.718
2022-04-14,3.855
2022-04-18,3.891
2022-04-19,3.862
2022-04-20,3.973
2022-04-21,3.901
2022-04-22,3.939
2022-04-25,4.091
2022-04-26,4.468
2022-04-27,4.674
2022-04-28,5.135
2022-04-29,4.782
2022-05-02,4.205
2022-05-03,4.083
2022-05-04,4.197
2022-05-05,4.041
2022-05-06,3.954
2022-05-09,3.835
2022-05-10,3.932
2022-05-11,3.951
2022-05-12,3.916
2022-05-13,3.921
2022-05-16,3.908
2022-05-17,3.799
2022-05-18,3.668
2022-05-19,3.792
2022-05-20,3.739
2022-05-23,3.769
2022-05-24,3.782
2022-05-25,3.866
2022-05-26,3.968
2022-05-27,4.003
2022-05-31,4.091
2022-06-01,4.143
2022-06-02,4.208
2022-06-03,4.28
2022-06-06,4.36
2022-06-07,4.321
2022-06-08,4.314
2022-06-09,4.404
2022-06-10,4.367
2022-06-13,4.283
2022-06-14,4.394
2022-06-15,4.547
2022-06-16,4.571
2022-06-17,4.34
2022-06-21,4.358
2022-06-22,4.405
2022-06-23,4.338
2022-06-24,4.363
2022-06-27,4.23
2022-06-28,4.199
2022-06-29,4.037
2022-06-30,3.898
2022-07-01,3.939
2022-07-05,3.602
2022-07-06,3.411
2022-07-07,3.674
2022-07-08,3.673
2022-07-11,3.768
2022-07-12,3.663
2022-07-13,3.666
2022-07-14,3.649
2022-07-15,3.699
2022-07-18,3.656
2022-07-19,3.627
2022-07-20,3.604
2022-07-21,3.59
2022-07-22,3.456
2022-07-25,3.517
2022-07-26,3.584
2022-07-27,3.717
2022-07-28,3.686
2022-07-29,3.625
2022-08-01,3.44
2022-08-02,3.38
2022-08-03,3.415
2022-08-04,3.337
2022-08-05,3.216
2022-08-08,3.179
2022-08-09,3.334
2022-08-10,3.41
2022-08-11,3.484
2022-08-12,3.518
2022-08-15,3.44
2022-08-16,3.48
2022-08-17,3.617
2022-08-18,3.65
2022-08-19,3.701
2022-08-22,3.776
2022-08-23,3.842
2022-08-24,4.013
2022-08-25,3.949
2022-08-26,4.008
2022-08-29,3.91
2022-08-30,3.817
2022-08-31,3.715
2022-09-01,3.561
2022-09-02,3.578
2022-09-06,3.574
2022-09-07,3.586
2022-09-08,3.54
2022-09-09,3.579
2022-09-12,3.603
2022-09-13,3.541
2022-09-14,3.379
2022-09-15,3.205
2022-09-16,3.173
2022-09-19,3.311
2022-09-20,3.372
2022-09-21,3.334
2022-09-22,3.412
2022-09-23,3.237
2022-09-26,3.129
2022-09-27,3.26
2022-09-28,3.449
2022-09-29,3.415
2022-09-30,3.369
2022-10-03,3.369
2022-10-04,3.536
2022-10-05,3.687
2022-10-06,3.865
2022-10-07,4.019
2022-10-10,3.915
2022-10-11,3.931
2022-10-12,3.933
2022-10-13,4.095
2022-10-14,3.98
2022-10-17,4.085
2022-10-18,3.994
2022-10-19,3.904
2022-10-20,3.757
2022-10-21,3.832
2022-10-24,3.92
2022-10-25,3.967
2022-10-26,4.12
2022-10-27,4.334
2022-10-28,4.55
2022-10-31,4.191
2022-11-01,3.621
2022-11-02,3.677
2022-11-03,3.865
2022-11-04,3.915
2022-11-07,3.781
2022-11-08,3.771
2022-11-09,3.656
2022-11-10,3.569
2022-11-11,3.555
2022-11-14,3.544
2022-11-15,3.641
2022-11-16,3.614
2022-11-17,3.525
2022-11-18,3.518
2022-11-21,3.497
2022-11-22,3.471
2022-11-23,3.359
2022-11-25,3.239
2022-11-28,3.215
2022-11-29,3.296
2022-11-30,3.363
2022-12-01,3.262
2022-12-02,3.169
2022-12-05,3
2022-12-06,2.916
2022-12-07,2.781
2022-12-08,2.88
2022-12-09,2.794
2022-12-12,2.969
2022-12-13,3.092
2022-12-14,3.277
2022-12-15,3.283
2022-12-16,3.12
2022-12-19,3.054
2022-12-20,3.059
2022-12-21,3.14
2022-12-22,3.131
2022-12-23,3.266
2022-12-27,3.354
2022-12-28,3.378
2022-12-29,3.313
2022-12-30,3.362
2023-01-03,3.087
2023-01-04,2.972
2023-01-05,2.972
2023-01-06,3.005
2023-01-09,3.036
2023-01-10,3.136
2023-01-11,3.218
2023-01-12,3.219
2023-01-13,3.256
2023-01-17,3.251
2023-01-18,3.263
2023-01-19,3.376
2023-01-20,3.467
2023-01-23,3.551
2023-01-24,3.427
2023-01-25,3.361
2023-01-26,3.397
2023-01-27,3.266
2023-01-30,3.111
2023-01-31,3.182
2023-02-01,2.951
2023-02-02,2.897
2023-02-03,2.775
2023-02-06,2.769
2023-02-07,2.904
2023-02-08,2.893
2023-02-09,2.815
2023-02-10,2.865
2023-02-13,2.906
2023-02-14,2.94
2023-02-15,2.844
2023-02-16,2.811
2023-02-17,2.712
2023-02-21,2.792
2023-02-22,2.715
2023-02-23,2.708
2023-02-24,2.796
2023-02-27,2.82
2023-02-28,2.821
2023-03-01,2.874
2023-03-02,2.866
2023-03-03,2.913
2023-03-06,2.887
2023-03-07,2.798
2023-03-08,2.742
2023-03-09,2.669
2023-03-10,2.773
2023-03-13,2.762
2023-03-14,2.714
2023-03-15,2.605
2023-03-16,2.644
2023-03-17,2.679
2023-03-20,2.687
2023-03-21,2.69
2023-03-22,2.74
2023-03-23,2.685
2023-03-24,2.695
2023-03-27,2.77
2023-03-28,2.77
2023-03-29,2.658
2023-03-30,2.624
2023-03-31,2.676
2023-04-03,2.663
2023-04-04,2.667
2023-04-05,2.731
2023-04-06,2.661
2023-04-10,2.681
2023-04-11,2.668
2023-04-12,2.703
2023-04-13,2.673
2023-04-14,2.639
2023-04-17,2.615
2023-04-18,2.6
2023-04-19,2.558
2023-04-20,2.495
2023-04-21,2.489
2023-04-24,2.531
2023-04-25,2.451
2023-04-26,2.373
2023-04-27,2.354
2023-04-28,2.379
2023-05-01,2.382
2023-05-02,2.289
2023-05-03,2.232
2023-05-04,2.239
2023-05-05,2.315
2023-05-08,2.378
2023-05-09,2.39
2023-05-10,2.393
2023-05-11,2.35
2023-05-12,2.306
2023-05-15,2.378
2023-05-16,2.364
2023-05-17,2.423
2023-05-18,2.403
2023-05-19,2.362
2023-05-22,2.366
2023-05-23,2.362
2023-05-24,2.414
2023-05-25,2.346
2023-05-26,2.369
2023-05-30,2.281
2023-05-31,2.26
2023-06-01,2.315
2023-06-02,2.357
2023-06-05,2.378
2023-06-06,2.368
2023-06-07,2.402
2023-06-08,2.39
2023-06-09,2.361
2023-06-12,2.309
2023-06-13,2.396
2023-06-14,2.358
2023-06-15,2.48
2023-06-16,2.551
2023-06-20,2.475
2023-06-21,2.564
2023-06-22,2.466
2023-06-23,2.407
2023-06-26,2.439
2023-06-27,2.399
2023-06-28,2.407
2023-06-29,2.416
2023-06-30,2.448
2023-07-03,2.377
2023-07-05,2.493
2023-07-06,2.479
2023-07-07,2.559
2023-07-10,2.553
2023-07-11,2.584
2023-07-12,2.6
2023-07-13,2.61
2023-07-14,2.598
2023-07-17,2.564
2023-07-18,2.599
2023-07-19,2.642
2023-07-20,2.664
2023-07-21,2.746
2023-07-24,2.771
2023-07-25,2.778
2023-07-26,2.843
2023-07-27,2.917
2023-07-28,2.959
2023-07-31,2.991
2023-08-01,3.023
2023-08-02,3.004
2023-08-03,3.075
2023-08-04,3.062
2023-08-07,3.016
2023-08-08,3.086
2023-08-09,3.207
2023-08-10,3.153
2023-08-11,3.122
2023-08-14,3.088
2023-08-15,3.028
2023-08-16,3.021
2023-08-17,3.094
2023-08-18,3.16
2023-08-21,3.116
2023-08-22,3.139
2023-08-23,3.129
2023-08-24,3.156
2023-08-25,3.308
2023-08-28,3.204
2023-08-29,3.21
2023-08-30,3.096
2023-08-31,3.143
2023-09-01,3.105
2023-09-05,3.22
2023-09-06,3.193
2023-09-07,3.212
2023-09-08,3.299
2023-09-11,3.362
2023-09-12,3.328
2023-09-13,3.435
2023-09-14,3.482
2023-09-15,3.383
2023-09-18,3.288
2023-09-19,3.374
2023-09-20,3.327
2023-09-21,3.368
2023-09-22,3.306
2023-09-25,3.262
2023-09-26,3.224
2023-09-27,3.315
2023-09-28,3.318
2023-09-29,3.362
2023-10-02,3.223
2023-10-03,3.195
2023-10-04,3.018
2023-10-05,2.869
2023-10-06,2.901
2023-10-09,2.967
2023-10-10,3.02
2023-10-11,2.999
2023-10-12,3.045
2023-10-13,3.212
2023-10-16,3.149
2023-10-17,3.177
2023-10-18,3.139
2023-10-19,3.173
2023-10-20,3.157
2023-10-23,3.096
2023-10-24,3.045
2023-10-25,3.031
2023-10-26,3.044
2023-10-27,3.052
2023-10-30,2.966
2023-10-31,2.991
2023-11-01,2.962
2023-11-02,3.026
2023-11-03,2.924
2023-11-06,2.952
2023-11-07,2.838
2023-11-08,2.749
2023-11-09,2.719
2023-11-10,2.743
2023-11-13,2.839
2023-11-14,2.837
2023-11-15,2.869
2023-11-16,2.75
2023-11-17,2.773
2023-11-20,2.85
2023-11-21,2.925
2023-11-22,2.889
2023-11-24,2.836
2023-11-27,2.838
2023-11-28,2.907
2023-11-29,2.889
2023-11-30,2.831
2023-12-01,2.662
2023-12-04,2.66
2023-12-05,2.641
2023-12-06,2.576
2023-12-07,2.549
2023-12-08,2.581
2023-12-11,2.609
2023-12-12,2.507
2023-12-13,2.548
2023-12-14,2.591
2023-12-15,2.621
2023-12-18,2.673
2023-12-19,2.717
2023-12-20,2.709
2023-12-21,2.697
2023-12-22,2.661
2023-12-26,2.669
2023-12-27,2.624
2023-12-28,2.556
2023-12-29,2.553
2024-01-02,2.526
2024-01-03,2.604
2024-01-04,2.588
2024-01-05,2.609
2024-01-08,2.577
2024-01-09,2.65
2024-01-10,2.601
2024-01-11,2.674
2024-01-12,2.669
2024-01-16,2.661
2024-01-17,2.654
2024-01-18,2.694
2024-01-19,2.662
2024-01-22,2.694
2024-01-23,2.691
2024-01-24,2.682
2024-01-25,2.795
2024-01-26,2.843
2024-01-29,2.834
2024-01-30,2.807
2024-01-31,2.808
2024-02-01,2.713
2024-02-02,2.66
2024-02-05,2.725
2024-02-06,2.743
2024-02-07,2.815
2024-02-08,2.891
2024-02-09,2.964
2024-02-12,2.92
2024-02-13,2.896
2024-02-14,2.81
2024-02-15,2.824
2024-02-16,2.807
2024-02-20,2.732
2024-02-21,2.705
2024-02-22,2.752
2024-02-23,2.69
2024-02-26,2.763
2024-02-27,2.746
2024-02-28,2.658
2024-02-29,2.684
2024-03-01,2.704
2024-03-04,2.647
2024-03-05,2.607
2024-03-06,2.663
2024-03-07,2.695
2024-03-08,2.641
2024-03-11,2.652
2024-03-12,2.617
2024-03-13,2.685
2024-03-14,2.709
2024-03-15,2.727
2024-03-18,2.788
2024-03-19,2.761
2024-03-20,2.696
2024-03-21,2.669
2024-03-22,2.653
2024-03-25,2.679
2024-03-26,2.622
2024-03-27,2.599
2024-03-28,2.616
2024-04-01,2.627
2024-04-02,2.712
2024-04-03,2.732
2024-04-04,2.741
2024-04-05,2.773
