period,value
2000-01-04,23.43
2000-01-05,22.99
2000-01-06,22.92
2000-01-07,22.75
2000-01-10,23.13
2000-01-11,23.84
2000-01-12,24.28
2000-01-13,24.5
2000-01-14,25.58
2000-01-18,26.15
2000-01-19,26.1
2000-01-20,26.14
2000-01-21,25.43
2000-01-24,25.35
2000-01-25,25.66
2000-01-26,25.28
2000-01-27,24.9
2000-01-28,24.91
2000-01-31,25.32
2000-02-01,25.82
2000-02-02,25.33
2000-02-03,25.75
2000-02-04,26.37
2000-02-07,25.98
2000-02-08,25.66
2000-02-09,26.16
2000-02-10,26.54
2000-02-11,26.59
2000-02-14,27.24
2000-02-15,27.14
2000-02-16,27.45
2000-02-17,26.84
2000-02-18,26.67
2000-02-22,26.95
2000-02-23,26.25
2000-02-24,26.28
2000-02-25,26.56
2000-02-28,26.4
2000-02-29,26.74
2000-03-01,27.66
2000-03-02,27.68
2000-03-03,27.68
2000-03-06,28.12
2000-03-07,29.46
2000-03-08,27.07
2000-03-09,27.68
2000-03-10,27.38
2000-03-13,27.39
2000-03-14,27.32
2000-03-15,26.88
2000-03-16,27.1
2000-03-17,27
2000-03-20,26.13
2000-03-21,26.47
2000-03-22,25.69
2000-03-23,25.72
2000-03-24,26.21
2000-03-27,25.97
2000-03-28,25.48
2000-03-29,25.31
2000-03-30,25.47
2000-03-31,25.76
2000-04-03,25.34
2000-04-04,24.72
2000-04-05,24.92
2000-04-06,24.7
2000-04-07,24.09
2000-04-10,22.92
2000-04-11,23.17
2000-04-12,24.43
2000-04-13,24.21
2000-04-14,23.92
2000-04-17,24.07
2000-04-18,24.15
2000-04-19,24.91
2000-04-20,24.69
2000-04-24,24.88
2000-04-25,24.42
2000-04-26,24.15
2000-04-27,24.7
2000-04-28,24.86
2000-05-01,24.95
2000-05-02,25.6
2000-05-03,25.46
2000-05-04,25.52
2000-05-05,25.78
2000-05-08,26.42
2000-05-09,27
2000-05-10,26.86
2000-05-11,27.66
2000-05-12,28.06
2000-05-15,28.41
2000-05-16,28.41
2000-05-17,28.38
2000-05-18,29.01
2000-05-19,28.84
2000-05-22,27.83
2000-05-23,27.35
2000-05-24,28.09
2000-05-25,28.43
2000-05-26,27.85
2000-05-30,28.24
2000-05-31,27.4
2000-06-01,28.2
2000-06-02,28.18
2000-06-05,27.72
2000-06-06,27.76
2000-06-07,28.13
2000-06-08,27.83
2000-06-09,27.89
2000-06-12,28.85
2000-06-13,29.41
2000-06-14,29.33
2000-06-15,29.11
2000-06-16,28.31
2000-06-19,28.02
2000-06-20,28.74
2000-06-21,28.45
2000-06-22,29.11
2000-06-23,29.28
2000-06-26,28.9
2000-06-27,29.38
2000-06-28,29.14
2000-06-29,29.65
2000-06-30,29.51
2000-07-05,28.35
2000-07-06,27.98
2000-07-07,28.12
2000-07-10,27.82
2000-07-11,28.13
2000-07-12,28.6
2000-07-13,29.21
2000-07-14,29.21
2000-07-17,28.68
2000-07-18,29.41
2000-07-19,29.32
2000-07-20,28.91
2000-07-21,27.78
2000-07-24,27.31
2000-07-25,27.24
2000-07-26,27.2
2000-07-27,27.43
2000-07-28,27.54
2000-07-31,27
2000-08-01,27.25
2000-08-02,27.46
2000-08-03,27.66
2000-08-04,28.53
2000-08-07,27.94
2000-08-08,28.15
2000-08-09,28.98
2000-08-10,29.7
2000-08-11,29.42
2000-08-14,29.83
2000-08-15,29.74
2000-08-16,29.79
2000-08-17,30.08
2000-08-18,30.46
2000-08-21,30.7
2000-08-22,30.31
2000-08-23,30.37
2000-08-24,29.99
2000-08-25,30.11
2000-08-28,30.75
2000-08-29,30.63
2000-08-30,31.25
2000-08-31,30.99
2000-09-01,31.2
2000-09-05,31.69
2000-09-06,32.52
2000-09-07,33.03
2000-09-08,31.53
2000-09-11,32.87
2000-09-12,32.29
2000-09-13,31.72
2000-09-14,32.08
2000-09-15,33.43
2000-09-18,34.07
2000-09-19,33.53
2000-09-20,33.6
2000-09-21,32.25
2000-09-22,31.43
2000-09-25,30.93
2000-09-26,30.89
2000-09-27,30.91
2000-09-28,30.03
2000-09-29,30.34
2000-10-02,31.31
2000-10-03,31.32
2000-10-04,30.86
2000-10-05,30.42
2000-10-06,30.62
2000-10-09,31.37
2000-10-10,32.38
2000-10-11,32.64
2000-10-12,34.56
2000-10-13,33.02
2000-10-16,31.53
2000-10-17,31.58
2000-10-18,31.48
2000-10-19,30.91
2000-10-20,31.76
2000-10-23,31.88
2000-10-24,31.37
2000-10-25,31.1
2000-10-26,31.59
2000-10-27,30.48
2000-10-30,30.32
2000-10-31,30.27
2000-11-01,30.53
2000-11-02,29.87
2000-11-03,30.11
2000-11-06,30.21
2000-11-07,30.66
2000-11-08,30.68
2000-11-09,31.32
2000-11-10,31.36
2000-11-13,31.68
2000-11-14,31.92
2000-11-15,32.79
2000-11-16,32.45
2000-11-17,33.05
2000-11-20,31.91
2000-11-21,32.07
2000-11-22,32.24
2000-11-27,32.21
2000-11-28,31.36
2000-11-29,31.57
2000-11-30,31
2000-12-01,29.61
2000-12-04,29.12
2000-12-05,28
2000-12-06,28.34
2000-12-07,28.06
2000-12-08,27.44
2000-12-11,28.16
2000-12-12,28.14
2000-12-13,27.21
2000-12-14,26.48
2000-12-15,27.05
2000-12-18,27.63
2000-12-19,26.97
2000-12-20,24.89
2000-12-21,25.24
2000-12-22,25.24
2000-12-26,25.46
2000-12-27,25.25
2000-12-28,24.72
2000-12-29,25.34
2001-01-02,25.74
2001-01-03,26.35
2001-01-04,26.65
2001-01-05,26.28
2001-01-08,25.58
2001-01-09,25.81
2001-01-10,26.97
2001-01-11,26.96
2001-01-12,27.41
2001-01-16,27.11
2001-01-17,26.54
2001-01-18,27.17
2001-01-19,28.56
2001-01-22,28.14
2001-01-23,27.57
2001-01-24,27.19
2001-01-25,27.33
2001-01-26,27.6
2001-01-29,27.16
2001-01-30,27.22
2001-01-31,26.99
2001-02-01,27.92
2001-02-02,29.03
2001-02-05,28.56
2001-02-06,28.49
2001-02-07,29.62
2001-02-08,29.97
2001-02-09,29.63
2001-02-12,29.19
2001-02-13,29.41
2001-02-14,28.77
2001-02-15,28.1
2001-02-16,28.29
2001-02-20,28.15
2001-02-21,27.39
2001-02-22,27.67
2001-02-23,27.95
2001-02-26,27.58
2001-02-27,27.62
2001-02-28,27.11
2001-03-01,27.3
2001-03-02,27.47
2001-03-05,28.02
2001-03-06,27.93
2001-03-07,28.76
2001-03-08,28.3
2001-03-09,28.11
2001-03-12,28.17
2001-03-13,27.79
2001-03-14,26.75
2001-03-15,27.01
2001-03-16,26.98
2001-03-19,26.65
2001-03-20,26.27
2001-03-21,26.72
2001-03-22,26.5
2001-03-23,27.08
2001-03-26,27.16
2001-03-27,27.4
2001-03-28,26.21
2001-03-29,26.34
2001-03-30,26.49
2001-04-02,25.83
2001-04-03,26.27
2001-04-04,27.01
2001-04-05,27.22
2001-04-06,27.2
2001-04-09,27.5
2001-04-10,28.56
2001-04-11,28.49
2001-04-12,28.59
2001-04-16,29.22
2001-04-17,28.93
2001-04-18,28.8
2001-04-19,28.5
2001-04-20,27.88
2001-04-23,27.92
2001-04-24,27.56
2001-04-25,27.94
2001-04-26,28.54
2001-04-27,28.54
2001-04-30,28.65
2001-05-01,29.07
2001-05-02,28.36
2001-05-03,28.91
2001-05-04,28.96
2001-05-07,28.63
2001-05-08,28.59
2001-05-09,28.98
2001-05-10,28.9
2001-05-11,28.82
2001-05-14,28.88
2001-05-15,28.99
2001-05-16,28.78
2001-05-17,28.88
2001-05-18,29.92
2001-05-21,29.95
2001-05-22,29.73
2001-05-23,29.06
2001-05-24,28.23
2001-05-25,28.25
2001-05-29,28.42
2001-05-30,28.37
2001-05-31,28.23
2001-06-01,28.03
2001-06-04,28.29
2001-06-05,28.54
2001-06-06,28.21
2001-06-07,28.12
2001-06-08,28.5
2001-06-11,28.84
2001-06-12,28.99
2001-06-13,28.75
2001-06-14,28.75
2001-06-15,28.39
2001-06-18,27.63
2001-06-19,27.58
2001-06-20,26.55
2001-06-21,26.45
2001-06-22,26.59
2001-06-25,26.91
2001-06-26,26.69
2001-06-27,25.72
2001-06-28,25.68
2001-06-29,26.06
2001-07-02,25.8
2001-07-03,26
2001-07-05,26.33
2001-07-06,27.17
2001-07-09,26.69
2001-07-10,26.62
2001-07-11,26.25
2001-07-12,26.26
2001-07-13,26
2001-07-16,25.91
2001-07-17,25.59
2001-07-18,25
2001-07-19,24.73
2001-07-20,25.66
2001-07-23,25.69
2001-07-24,25.69
2001-07-25,26.09
2001-07-26,26.02
2001-07-27,26.06
2001-07-30,25.8
2001-07-31,25.59
2001-08-01,25.97
2001-08-02,26.74
2001-08-03,26.73
2001-08-06,26.87
2001-08-07,27.03
2001-08-08,26.73
2001-08-09,26.84
2001-08-10,26.98
2001-08-13,26.9
2001-08-14,26.99
2001-08-15,26.58
2001-08-16,26.38
2001-08-17,25.55
2001-08-20,26.02
2001-08-21,26.42
2001-08-22,25.97
2001-08-23,26.26
2001-08-24,26.53
2001-08-27,26.48
2001-08-28,26.89
2001-08-29,26.79
2001-08-30,26.45
2001-08-31,27.04
2001-09-04,26.8
2001-09-05,26.83
2001-09-06,27.32
2001-09-07,27.83
2001-09-10,27.56
2001-09-17,28.73
2001-09-18,27.9
2001-09-19,27.13
2001-09-20,26.82
2001-09-21,26.01
2001-09-24,23.01
2001-09-25,22.41
2001-09-26,22.88
2001-09-27,23.23
2001-09-28,23.84
2001-10-01,23.81
2001-10-02,23.38
2001-10-03,22.77
2001-10-04,23.23
2001-10-05,23.09
2001-10-08,23.16
2001-10-09,23.19
2001-10-10,23.22
2001-10-11,23.82
2001-10-12,22.98
2001-10-15,22.78
2001-10-16,22.46
2001-10-17,22.33
2001-10-18,21.89
2001-10-19,22.48
2001-10-22,22.51
2001-10-23,22.19
2001-10-24,22.6
2001-10-25,22.31
2001-10-26,22.32
2001-10-29,22.39
2001-10-30,22.09
2001-10-31,21.53
2001-11-01,20.85
2001-11-02,20.75
2001-11-05,20.54
2001-11-06,20.37
2001-11-07,20.49
2001-11-08,21.45
2001-11-09,22.48
2001-11-12,21.5
2001-11-13,21.97
2001-11-14,20.22
2001-11-15,18.27
2001-11-16,18.79
2001-11-19,18.88
2001-11-20,19.65
2001-11-21,19.46
2001-11-26,19.17
2001-11-27,19.84
2001-11-28,19.76
2001-11-29,19.35
2001-11-30,19.99
2001-12-03,20.63
2001-12-04,20.31
2001-12-05,20.17
2001-12-06,19.38
2001-12-07,19.96
2001-12-10,19.32
2001-12-11,18.99
2001-12-12,19.18
2001-12-13,18.98
2001-12-14,19.84
2001-12-17,19.85
2001-12-18,19.92
2001-12-19,20.26
2001-12-20,19.83
2001-12-21,20.13
2001-12-26,21.65
2001-12-27,21.34
2001-12-28,20.93
2001-12-31,20.41
2002-01-02,21.42
2002-01-03,20.85
2002-01-04,22.02
2002-01-07,21.9
2002-01-08,21.69
2002-01-09,20.93
2002-01-10,21.25
2002-01-11,20.73
2002-01-14,19.91
2002-01-15,19.91
2002-01-16,20.05
2002-01-17,19.27
2002-01-18,19.3
2002-01-22,19.59
2002-01-23,20.01
2002-01-24,20.14
2002-01-25,20.46
2002-01-28,20.56
2002-01-29,20.19
2002-01-30,19.86
2002-01-31,20.23
2002-02-01,20.96
2002-02-04,20.67
2002-02-05,20.63
2002-02-06,20.38
2002-02-07,20.31
2002-02-08,20.85
2002-02-11,21.95
2002-02-12,21.27
2002-02-13,21.62
2002-02-14,21.62
2002-02-15,21.8
2002-02-19,21.29
2002-02-20,20.7
2002-02-21,21.16
2002-02-22,21.22
2002-02-25,20.74
2002-02-26,21.57
2002-02-27,21.54
2002-02-28,21.99
2002-03-01,22.64
2002-03-04,22.68
2002-03-05,23.39
2002-03-06,23.43
2002-03-07,23.95
2002-03-08,24.16
2002-03-11,24.69
2002-03-12,24.62
2002-03-13,24.6
2002-03-14,24.82
2002-03-15,24.81
2002-03-18,25.38
2002-03-19,25.3
2002-03-20,25.05
2002-03-21,25.48
2002-03-22,25.31
2002-03-25,25.11
2002-03-26,25.41
2002-03-27,25.8
2002-03-28,26.13
2002-04-01,26.64
2002-04-02,27.37
2002-04-03,27.22
2002-04-04,26.46
2002-04-05,26.03
2002-04-08,26.21
2002-04-09,25.56
2002-04-10,25.73
2002-04-11,24.75
2002-04-12,23.4
2002-04-15,24.45
2002-04-16,24.66
2002-04-17,25.47
2002-04-18,25.54
2002-04-19,25.76
2002-04-22,25.84
2002-04-23,25.74
2002-04-24,25.57
2002-04-25,25.83
2002-04-26,26.14
2002-04-29,26.46
2002-04-30,26.38
2002-05-01,25.94
2002-05-02,25.45
2002-05-03,25.77
2002-05-06,25.35
2002-05-07,25.7
2002-05-08,26.38
2002-05-09,26.4
2002-05-10,26.65
2002-05-13,27.02
2002-05-14,27.69
2002-05-15,26.6
2002-05-16,26.66
2002-05-17,26.73
2002-05-20,26.85
2002-05-21,26.26
2002-05-22,26.04
2002-05-23,25.94
2002-05-24,25.79
2002-05-28,25.22
2002-05-29,25.61
2002-05-30,24.65
2002-05-31,25.07
2002-06-03,24.93
2002-06-04,25.16
2002-06-05,24.95
2002-06-06,25.03
2002-06-07,25.05
2002-06-10,24.64
2002-06-11,24.52
2002-06-12,24.88
2002-06-13,25.73
2002-06-14,25.97
2002-06-17,25.99
2002-06-18,25.45
2002-06-19,25.42
2002-06-20,25.81
2002-06-21,25.52
2002-06-24,26.02
2002-06-25,25.75
2002-06-26,26.01
2002-06-27,26.14
2002-06-28,26.23
2002-07-01,26.25
2002-07-02,26.19
2002-07-03,26.2
2002-07-08,25.69
2002-07-09,25.68
2002-07-10,26.25
2002-07-11,26.29
2002-07-12,26.78
2002-07-15,26.44
2002-07-16,27.11
2002-07-17,27.22
2002-07-18,27
2002-07-19,27.18
2002-07-22,26.21
2002-07-23,25.66
2002-07-24,25.99
2002-07-25,26.02
2002-07-26,25.79
2002-07-29,25.79
2002-07-30,26.4
2002-07-31,26.03
2002-08-01,25.66
2002-08-02,25.96
2002-08-05,25.67
2002-08-06,26.17
2002-08-07,25.67
2002-08-08,25.82
2002-08-09,25.91
2002-08-12,26.6
2002-08-13,26.55
2002-08-14,26.78
2002-08-15,27.49
2002-08-16,27.55
2002-08-19,27.78
2002-08-20,27.8
2002-08-21,27.64
2002-08-22,27.54
2002-08-23,27.55
2002-08-26,28.11
2002-08-27,27.96
2002-08-28,27.84
2002-08-29,28.26
2002-08-30,28.27
2002-09-03,27.38
2002-09-04,27.82
2002-09-05,28.46
2002-09-06,28.92
2002-09-09,29.09
2002-09-10,29.2
2002-09-11,29.27
2002-09-12,28.5
2002-09-13,29.3
2002-09-16,29.33
2002-09-17,28.8
2002-09-18,29.04
2002-09-19,29.27
2002-09-20,29.3
2002-09-23,29.22
2002-09-24,29.18
2002-09-25,29.08
2002-09-26,29.13
2002-09-27,29.13
2002-09-30,29.16
2002-10-01,29.34
2002-10-02,29.19
2002-10-03,28.79
2002-10-04,28.78
2002-10-07,28.86
2002-10-08,28.72
2002-10-09,28.67
2002-10-10,28.3
2002-10-11,28.51
2002-10-14,28.9
2002-10-15,28.74
2002-10-16,28.58
2002-10-17,28.72
2002-10-18,28.66
2002-10-21,27.55
2002-10-22,27.35
2002-10-23,27.07
2002-10-24,27.03
2002-10-25,25.97
2002-10-28,26.19
2002-10-29,25.86
2002-10-30,25.95
2002-10-31,26.21
2002-11-01,26.02
2002-11-04,25.75
2002-11-05,25.11
2002-11-06,24.82
2002-11-07,24.46
2002-11-08,24.56
2002-11-11,24.72
2002-11-12,24.7
2002-11-13,24.05
2002-11-14,24.13
2002-11-15,24.37
2002-11-18,25.36
2002-11-19,25.12
2002-11-20,25.64
2002-11-21,25.62
2002-11-22,25.97
2002-11-25,25.52
2002-11-26,25.82
2002-11-27,26.13
2002-12-02,26.36
2002-12-03,26.47
2002-12-04,25.95
2002-12-05,26.47
2002-12-06,26.29
2002-12-09,26.52
2002-12-10,27.03
2002-12-11,26.65
2002-12-12,27.13
2002-12-13,27.41
2002-12-16,28.8
2002-12-17,28.59
2002-12-18,28.93
2002-12-19,28.87
2002-12-20,28.13
2002-12-23,28.99
2002-12-24,29.01
2002-12-26,29.39
2002-12-27,29.44
2002-12-30,28.45
2002-12-31,28.5
2003-01-02,28.84
2003-01-03,29.62
2003-01-06,28.99
2003-01-07,28.73
2003-01-08,28.52
2003-01-09,29.38
2003-01-10,29.04
2003-01-13,29.64
2003-01-14,29.97
2003-01-15,30.48
2003-01-16,30.82
2003-01-17,30.95
2003-01-21,30.96
2003-01-22,29.78
2003-01-23,29.55
2003-01-24,30.13
2003-01-27,29.6
2003-01-28,30.07
2003-01-29,30.75
2003-01-30,30.96
2003-01-31,30.86
2003-02-03,30.52
2003-02-04,31.15
2003-02-05,31.45
2003-02-06,31.45
2003-02-07,32.03
2003-02-10,31.54
2003-02-11,32.07
2003-02-12,32.15
2003-02-13,32.64
2003-02-14,32.72
2003-02-18,32.74
2003-02-19,32.76
2003-02-20,32.11
2003-02-21,31.75
2003-02-24,32.28
2003-02-25,31.72
2003-02-26,32.26
2003-02-27,32.19
2003-02-28,31.98
2003-03-03,31.68
2003-03-04,32.01
2003-03-05,32.11
2003-03-06,32.46
2003-03-07,33.08
2003-03-10,32.96
2003-03-11,32.81
2003-03-12,33.37
2003-03-13,32.07
2003-03-14,31.09
2003-03-17,30.29
2003-03-18,28.44
2003-03-19,28.05
2003-03-20,26.87
2003-03-21,25.66
2003-03-24,26.68
2003-03-25,25.73
2003-03-26,25.91
2003-03-27,26.98
2003-03-28,26.93
2003-03-31,27.64
2003-04-01,26.98
2003-04-02,26.3
2003-04-03,26.26
2003-04-04,25.99
2003-04-07,25.66
2003-04-08,25.85
2003-04-09,26.72
2003-04-10,26.1
2003-04-11,26.51
2003-04-14,26.29
2003-04-15,26.62
2003-04-16,26.69
2003-04-17,27.5
2003-04-21,27.63
2003-04-22,27.01
2003-04-23,25.72
2003-04-24,25.84
2003-04-25,25.66
2003-04-28,25.1
2003-04-29,24.87
2003-04-30,25.14
2003-05-01,25.47
2003-05-02,25.15
2003-05-05,25.88
2003-05-06,25.32
2003-05-07,25.72
2003-05-08,26.11
2003-05-09,26.49
2003-05-12,26.28
2003-05-13,27.04
2003-05-14,27.59
2003-05-15,27.31
2003-05-16,27.49
2003-05-19,27.07
2003-05-20,27.08
2003-05-21,27.03
2003-05-22,26.88
2003-05-23,27.07
2003-05-27,27.21
2003-05-28,26.63
2003-05-29,26.93
2003-05-30,27.28
2003-06-02,28.07
2003-06-03,28.05
2003-06-04,27.54
2003-06-05,28.18
2003-06-06,28.79
2003-06-09,28.96
2003-06-10,29.12
2003-06-11,29.41
2003-06-12,28.87
2003-06-13,28.08
2003-06-16,28.38
2003-06-17,28.32
2003-06-18,27.79
2003-06-19,27.64
2003-06-20,28.44
2003-06-23,27.9
2003-06-24,27.59
2003-06-25,28.42
2003-06-26,27.76
2003-06-27,28.13
2003-06-30,28.83
2003-07-01,28.98
2003-07-02,28.76
2003-07-03,28.94
2003-07-07,28.81
2003-07-08,29.01
2003-07-09,29.65
2003-07-10,29.69
2003-07-11,29.92
2003-07-14,29.91
2003-07-15,29.97
2003-07-16,29.39
2003-07-17,29.65
2003-07-18,29.94
2003-07-21,29.93
2003-07-22,28.73
2003-07-23,28.56
2003-07-24,28.98
2003-07-25,28.94
2003-07-28,28.88
2003-07-29,28.96
2003-07-30,29.35
2003-07-31,29.32
2003-08-01,30.79
2003-08-04,30.42
2003-08-05,30.76
2003-08-06,30.39
2003-08-07,31.04
2003-08-08,30.94
2003-08-11,30.83
2003-08-12,30.76
2003-08-13,29.95
2003-08-14,30.08
2003-08-15,30.09
2003-08-18,29.99
2003-08-19,29.9
2003-08-20,30.18
2003-08-21,30.41
2003-08-22,30.45
2003-08-25,30.31
2003-08-26,30.46
2003-08-27,29.95
2003-08-28,30.26
2003-08-29,30.28
2003-09-02,28.63
2003-09-03,28.78
2003-09-04,28.33
2003-09-05,28.25
2003-09-08,28.29
2003-09-09,28.56
2003-09-10,28.73
2003-09-11,28.34
2003-09-12,27.86
2003-09-15,27.75
2003-09-16,27.26
2003-09-17,26.79
2003-09-18,26.81
2003-09-19,26.67
2003-09-22,26.82
2003-09-23,26.48
2003-09-24,27.32
2003-09-25,27.41
2003-09-26,27.25
2003-09-29,27.46
2003-09-30,28.08
2003-10-01,28.32
2003-10-02,28.65
2003-10-03,29.16
2003-10-06,29.34
2003-10-07,29.51
2003-10-08,29.19
2003-10-09,30.25
2003-10-10,30.98
2003-10-13,31.04
2003-10-14,30.92
2003-10-15,30.98
2003-10-16,30.83
2003-10-17,30.02
2003-10-20,29.69
2003-10-21,29.55
2003-10-22,28.86
2003-10-23,29.17
2003-10-24,29.11
2003-10-27,28.98
2003-10-28,28.71
2003-10-29,28.19
2003-10-30,27.77
2003-10-31,28.29
2003-11-03,28.19
2003-11-04,28.05
2003-11-05,29.4
2003-11-06,29.19
2003-11-07,29.68
2003-11-10,29.74
2003-11-11,30.05
2003-11-12,30.05
2003-11-13,30.51
2003-11-14,30.77
2003-11-17,30.42
2003-11-18,31.71
2003-11-19,31.06
2003-11-20,30.84
2003-11-21,30.14
2003-11-24,28.69
2003-11-25,28.81
2003-11-26,29.45
2003-12-01,29.11
2003-12-02,29.81
2003-12-03,30.05
2003-12-04,30.26
2003-12-05,29.87
2003-12-08,31.1
2003-12-09,30.64
2003-12-10,30.84
2003-12-11,30.81
2003-12-12,31.78
2003-12-15,32
2003-12-16,31.75
2003-12-17,32.22
2003-12-18,32.61
2003-12-19,31.96
2003-12-22,30.5
2003-12-23,30.58
2003-12-24,31.33
2003-12-29,31
2003-12-30,31.35
2003-12-31,31.3
2004-01-05,32.41
2004-01-06,32.45
2004-01-07,32.42
2004-01-08,32.73
2004-01-09,32.98
2004-01-12,33.29
2004-01-13,32.94
2004-01-14,32.77
2004-01-15,31.66
2004-01-16,33
2004-01-20,33.75
2004-01-21,32.83
2004-01-22,33.07
2004-01-23,32.75
2004-01-26,32.41
2004-01-27,32.03
2004-01-28,31.58
2004-01-29,31.01
2004-01-30,30.98
2004-02-02,32.18
2004-02-03,31.47
2004-02-04,30.84
2004-02-05,31.14
2004-02-06,30.76
2004-02-09,31.02
2004-02-10,31.89
2004-02-11,32.1
2004-02-12,32.38
2004-02-13,32.96
2004-02-17,33.76
2004-02-18,33.33
2004-02-19,33.45
2004-02-20,33.04
2004-02-23,32.35
2004-02-24,32.35
2004-02-25,33.01
2004-02-26,33.21
2004-02-27,33.8
2004-03-01,34.69
2004-03-02,34.57
2004-03-03,33.73
2004-03-04,34.35
2004-03-05,34.82
2004-03-08,34.27
2004-03-09,33.95
2004-03-10,33.9
2004-03-11,34.6
2004-03-12,34.15
2004-03-15,35.14
2004-03-16,35.09
2004-03-17,35.95
2004-03-18,35.8
2004-03-19,35.97
2004-03-22,35.59
2004-03-23,35.34
2004-03-24,35.05
2004-03-25,33.77
2004-03-26,33.82
2004-03-29,33.63
2004-03-30,34.4
2004-03-31,34.07
2004-04-01,32.85
2004-04-02,33.02
2004-04-05,33.03
2004-04-06,33.48
2004-04-07,34.57
2004-04-08,35.46
2004-04-12,36.09
2004-04-13,35.7
2004-04-14,35.62
2004-04-15,36.24
2004-04-16,36.14
2004-04-19,35.92
2004-04-20,35.6
2004-04-21,34.54
2004-04-22,35.42
2004-04-23,35.24
2004-04-26,35.76
2004-04-27,36.35
2004-04-28,36.22
2004-04-29,36.2
2004-04-30,36.24
2004-05-03,37.07
2004-05-04,37.63
2004-05-05,38.13
2004-05-06,37.96
2004-05-07,38.44
2004-05-10,37.57
2004-05-11,38.68
2004-05-12,39.33
2004-05-13,39.72
2004-05-14,40.08
2004-05-17,40.29
2004-05-18,39.31
2004-05-19,40.34
2004-05-20,39.79
2004-05-21,38.46
2004-05-24,40.02
2004-05-25,39.53
2004-05-26,39.33
2004-05-27,38.4
2004-05-28,38.85
2004-06-01,41.2
2004-06-02,39.17
2004-06-03,38.61
2004-06-04,38.03
2004-06-07,38.27
2004-06-08,37.05
2004-06-09,37.45
2004-06-10,38.28
2004-06-14,37.58
2004-06-15,37.24
2004-06-16,37.41
2004-06-17,38.54
2004-06-18,38.72
2004-06-21,37.57
2004-06-22,38
2004-06-23,37.16
2004-06-24,37.53
2004-06-25,37.16
2004-06-28,36.06
2004-06-29,35.53
2004-06-30,36.84
2004-07-01,38.34
2004-07-02,37.98
2004-07-06,39.18
2004-07-07,38.59
2004-07-08,39.67
2004-07-09,39.2
2004-07-12,38.81
2004-07-13,38.71
2004-07-14,40.09
2004-07-15,39.93
2004-07-16,40.34
2004-07-19,40.38
2004-07-20,35.6
2004-07-21,39.26
2004-07-22,40.03
2004-07-23,40.45
2004-07-26,40.17
2004-07-27,40.41
2004-07-28,41.34
2004-07-29,41.17
2004-07-30,41.99
2004-08-02,42.14
2004-08-03,42.65
2004-08-04,41.37
2004-08-05,42.65
2004-08-06,42.45
2004-08-09,43.38
2004-08-10,43.02
2004-08-11,43.31
2004-08-12,43.92
2004-08-13,45.04
2004-08-16,44.76
2004-08-17,45.25
2004-08-18,45.37
2004-08-19,46.65
2004-08-20,45.81
2004-08-23,44.67
2004-08-24,43.96
2004-08-25,42.32
2004-08-26,41.93
2004-08-27,42.25
2004-08-30,41.4
2004-08-31,41.37
2004-09-01,43.23
2004-09-02,43.28
2004-09-03,43.23
2004-09-07,42.64
2004-09-08,42.15
2004-09-09,43.73
2004-09-10,42
2004-09-13,42.86
2004-09-14,43.34
2004-09-15,42.6
2004-09-16,43.03
2004-09-17,44.42
2004-09-20,44.97
2004-09-21,45.52
2004-09-22,46.25
2004-09-23,46.43
2004-09-24,46.8
2004-09-27,47.62
2004-09-28,47.84
2004-09-29,47.68
2004-09-30,47.96
2004-10-01,48.44
2004-10-04,48.33
2004-10-05,49.4
2004-10-06,50.25
2004-10-07,50.96
2004-10-08,51.71
2004-10-11,52.14
2004-10-12,51.06
2004-10-13,51.99
2004-10-14,52.77
2004-10-15,52.72
2004-10-18,51.7
2004-10-19,51.56
2004-10-20,53.31
2004-10-21,52.74
2004-10-22,53.28
2004-10-25,52.88
2004-10-26,53.58
2004-10-27,51.29
2004-10-28,50
2004-10-29,50.86
2004-11-01,49.3
2004-11-02,48.89
2004-11-03,50.05
2004-11-04,48.28
2004-11-05,49.11
2004-11-08,48.73
2004-11-09,47.32
2004-11-10,48.56
2004-11-11,47.34
2004-11-12,47.23
2004-11-15,46.92
2004-11-16,46.2
2004-11-17,47.12
2004-11-18,46.35
2004-11-19,48.63
2004-11-22,48.17
2004-11-23,48.75
2004-11-24,49.04
2004-11-29,49.43
2004-11-30,48.91
2004-12-01,45.59
2004-12-02,43.46
2004-12-03,42.73
2004-12-06,43.17
2004-12-07,41.87
2004-12-08,42.38
2004-12-09,43.07
2004-12-10,41.64
2004-12-13,42.16
2004-12-14,42.63
2004-12-15,44.67
2004-12-16,44.48
2004-12-17,46.32
2004-12-20,45.51
2004-12-21,45.15
2004-12-22,43.8
2004-12-23,43.78
2004-12-27,41.38
2004-12-28,41.83
2004-12-29,43.51
2004-12-30,43.32
2005-01-03,42.19
2005-01-04,43.81
2005-01-05,43.29
2005-01-06,45.3
2005-01-07,45.11
2005-01-10,44.97
2005-01-11,45.27
2005-01-12,45.86
2005-01-13,47.39
2005-01-14,47.78
2005-01-18,47.93
2005-01-19,47.4
2005-01-20,47
2005-01-21,48.02
2005-01-24,48.44
2005-01-25,49.42
2005-01-26,48.75
2005-01-27,48.85
2005-01-28,47.4
2005-01-31,48.35
2005-02-01,47.72
2005-02-02,47.27
2005-02-03,47.07
2005-02-04,47.12
2005-02-07,46.29
2005-02-08,46.42
2005-02-09,46.37
2005-02-10,47.83
2005-02-11,47.95
2005-02-14,48.17
2005-02-15,47.97
2005-02-16,49.02
2005-02-17,48.59
2005-02-18,49.43
2005-02-22,51.66
2005-02-23,51.3
2005-02-24,51.69
2005-02-25,51.89
2005-02-28,52.38
2005-03-01,52.46
2005-03-02,53.59
2005-03-03,53.86
2005-03-04,53.96
2005-03-07,54.35
2005-03-08,55.1
2005-03-09,55.25
2005-03-10,54.44
2005-03-11,55.31
2005-03-14,55.93
2005-03-15,56.05
2005-03-16,57.53
2005-03-17,57.64
2005-03-18,58.17
2005-03-21,58.42
2005-03-22,57.46
2005-03-23,55.68
2005-03-24,56.35
2005-03-28,55.31
2005-03-29,55.31
2005-03-30,55.44
2005-03-31,57.09
2005-04-01,59.09
2005-04-04,59.12
2005-04-05,58.12
2005-04-06,57.86
2005-04-07,56.3
2005-04-08,55.7
2005-04-11,56.16
2005-04-12,54.72
2005-04-13,53.52
2005-04-14,54.02
2005-04-15,53.38
2005-04-18,52.62
2005-04-19,54.77
2005-04-20,55.58
2005-04-21,56.36
2005-04-22,57.28
2005-04-25,56.74
2005-04-26,56.55
2005-04-27,54.4
2005-04-28,54.59
2005-04-29,52.93
2005-05-02,54.08
2005-05-03,52.67
2005-05-04,53.27
2005-05-05,53.61
2005-05-06,53.55
2005-05-09,53.86
2005-05-10,54.03
2005-05-11,52.75
2005-05-12,51.39
2005-05-13,51.5
2005-05-16,51.22
2005-05-17,51.55
2005-05-18,50.43
2005-05-19,50.21
2005-05-20,50.41
2005-05-23,51.2
2005-05-24,51.43
2005-05-25,52.38
2005-05-26,52.48
2005-05-27,52.91
2005-05-31,53.25
2005-06-01,56.01
2005-06-02,55.37
2005-06-03,56.85
2005-06-06,56.89
2005-06-07,56.32
2005-06-08,55.34
2005-06-09,56.9
2005-06-10,55.97
2005-06-13,58.16
2005-06-14,57.33
2005-06-15,57.53
2005-06-16,58.46
2005-06-17,60.04
2005-06-20,60.75
2005-06-21,59.9
2005-06-22,59.32
2005-06-23,60.64
2005-06-24,61.06
2005-06-27,61.97
2005-06-28,60.02
2005-06-29,59.31
2005-06-30,58.8
2005-07-01,60.75
2005-07-05,61.95
2005-07-06,63.18
2005-07-07,62.74
2005-07-08,61.69
2005-07-11,61.33
2005-07-12,62.53
2005-07-13,61.87
2005-07-14,59.69
2005-07-15,60.11
2005-07-18,59.52
2005-07-19,59.78
2005-07-20,59.19
2005-07-21,58.84
2005-07-22,60.2
2005-07-25,60.67
2005-07-26,60.99
2005-07-27,61.24
2005-07-28,62.19
2005-07-29,62.86
2005-08-01,63.96
2005-08-02,64.16
2005-08-03,63.17
2005-08-04,63.56
2005-08-05,64.44
2005-08-08,65.87
2005-08-09,65.29
2005-08-10,67.12
2005-08-11,67.52
2005-08-12,67.64
2005-08-15,67.78
2005-08-16,67.56
2005-08-17,64.88
2005-08-18,64.79
2005-08-19,66.63
2005-08-22,66.61
2005-08-23,67.22
2005-08-24,68.89
2005-08-25,69.13
2005-08-26,67.83
2005-08-29,68.48
2005-08-30,70
2005-08-31,69.71
2005-09-01,70.41
2005-09-02,68.85
2005-09-06,67.8
2005-09-07,66.23
2005-09-08,66.42
2005-09-09,65.88
2005-09-12,65.09
2005-09-13,64.83
2005-09-14,66.7
2005-09-15,66.23
2005-09-16,64.41
2005-09-19,67.98
2005-09-20,66.66
2005-09-21,67.22
2005-09-22,67.25
2005-09-23,65.39
2005-09-26,66.81
2005-09-27,66.21
2005-09-28,67.08
2005-09-29,66.63
2005-09-30,66.82
2005-10-03,65.97
2005-10-04,64.64
2005-10-05,63.64
2005-10-06,61.84
2005-10-07,62.46
2005-10-10,62.41
2005-10-11,63.81
2005-10-12,64.1
2005-10-13,63.16
2005-10-14,62.21
2005-10-17,63.39
2005-10-18,62.04
2005-10-19,61.23
2005-10-20,60.11
2005-10-21,61.16
2005-10-24,60.93
2005-10-25,63.28
2005-10-26,61.82
2005-10-27,62.06
2005-10-28,62.01
2005-10-31,61
2005-11-01,61.21
2005-11-02,61.2
2005-11-03,63.17
2005-11-04,62.1
2005-11-07,61.27
2005-11-08,61.5
2005-11-09,60.51
2005-11-10,59.55
2005-11-11,59.23
2005-11-14,59.2
2005-11-15,58.39
2005-11-16,59.22
2005-11-17,58.08
2005-11-18,58.35
2005-11-21,59.22
2005-11-22,60.07
2005-11-23,59.86
2005-11-28,58.7
2005-11-29,58.06
2005-11-30,59.01
2005-12-01,60.14
2005-12-02,61.07
2005-12-05,61.84
2005-12-06,61.79
2005-12-07,61.21
2005-12-08,62.72
2005-12-09,61.44
2005-12-12,63.2
2005-12-13,63.21
2005-12-14,62.9
2005-12-15,62.21
2005-12-16,60.22
2005-12-19,59.17
2005-12-20,59.14
2005-12-21,59.95
2005-12-22,59.66
2005-12-23,59.79
2005-12-27,59.46
2005-12-28,61.12
2005-12-29,61.72
2005-12-30,62.7
2006-01-03,64.84
2006-01-04,65
2006-01-05,64.41
2006-01-06,65.79
2006-01-09,65.26
2006-01-10,65.11
2006-01-11,65.33
2006-01-12,65.35
2006-01-13,65.53
2006-01-17,67.77
2006-01-18,67.07
2006-01-19,68.04
2006-01-20,69.29
2006-01-23,69.33
2006-01-24,68.39
2006-01-25,67.28
2006-01-26,67.84
2006-01-27,69.38
2006-01-30,70
2006-01-31,69.7
2006-02-01,68.47
2006-02-02,66.7
2006-02-03,67.48
2006-02-06,67.36
2006-02-07,65.62
2006-02-08,64.94
2006-02-09,64.99
2006-02-10,64.41
2006-02-13,63.88
2006-02-14,62.64
2006-02-15,61.13
2006-02-16,62
2006-02-17,63.15
2006-02-21,64.49
2006-02-22,63.79
2006-02-23,63.86
2006-02-24,65.73
2006-02-27,64.12
2006-02-28,64.83
2006-03-01,65.43
2006-03-02,66.8
2006-03-03,66.97
2006-03-06,65.59
2006-03-07,64.66
2006-03-08,63.34
2006-03-09,64.09
2006-03-10,63.49
2006-03-13,65.22
2006-03-14,66.62
2006-03-15,65.23
2006-03-16,66.51
2006-03-17,65.6
2006-03-20,63.74
2006-03-21,64.4
2006-03-22,64.27
2006-03-23,65.97
2006-03-24,66.17
2006-03-27,66.21
2006-03-28,67.84
2006-03-29,68.42
2006-03-30,69.38
2006-03-31,69.09
2006-04-03,69.2
2006-04-04,68.96
2006-04-05,69.59
2006-04-06,70.05
2006-04-07,69.82
2006-04-10,71.33
2006-04-11,71.69
2006-04-12,71.56
2006-04-13,72.3
2006-04-17,73.4
2006-04-18,74.45
2006-04-19,75.56
2006-04-20,75.11
2006-04-21,76.92
2006-04-24,75.66
2006-04-25,75.83
2006-04-26,74.82
2006-04-27,73.81
2006-04-28,74.75
2006-05-01,76.4
2006-05-02,77.14
2006-05-03,75.24
2006-05-04,73.16
2006-05-05,73.52
2006-05-08,72.98
2006-05-09,73.92
2006-05-10,75.23
2006-05-11,76.13
2006-05-12,74.73
2006-05-15,72.06
2006-05-16,71.91
2006-05-17,71.09
2006-05-18,71.83
2006-05-19,70.87
2006-05-22,71.43
2006-05-23,73.59
2006-05-24,71.68
2006-05-25,73.11
2006-05-26,73.2
2006-05-30,73.83
2006-05-31,73.37
2006-06-01,72.37
2006-06-02,74.11
2006-06-05,74.54
2006-06-06,74.39
2006-06-07,73.01
2006-06-08,72.74
2006-06-09,73.83
2006-06-12,72.57
2006-06-13,70.68
2006-06-14,70.87
2006-06-15,71.06
2006-06-16,71.42
2006-06-19,70.83
2006-06-20,70.53
2006-06-21,71.97
2006-06-22,72.76
2006-06-23,72.87
2006-06-26,73.86
2006-06-27,73.88
2006-06-28,74.23
2006-06-29,75.48
2006-06-30,75.81
2006-07-05,77.23
2006-07-06,77.27
2006-07-07,76.43
2006-07-10,75.89
2006-07-11,76.35
2006-07-12,77.12
2006-07-13,79.27
2006-07-14,79.71
2006-07-17,78.17
2006-07-18,76.74
2006-07-19,76.39
2006-07-20,75.81
2006-07-21,76.44
2006-07-24,77.12
2006-07-25,75.9
2006-07-26,76.27
2006-07-27,77.06
2006-07-28,75.76
2006-07-31,77.04
2006-08-01,77.51
2006-08-02,78.08
2006-08-03,78.02
2006-08-04,77.57
2006-08-07,79.67
2006-08-08,78.87
2006-08-09,78.66
2006-08-10,76.89
2006-08-11,77.43
2006-08-14,76.45
2006-08-15,75.84
2006-08-16,74.96
2006-08-17,73.41
2006-08-18,73.9
2006-08-21,74.95
2006-08-22,74.78
2006-08-23,74.31
2006-08-24,74.66
2006-08-25,74.72
2006-08-28,73.24
2006-08-29,72.5
2006-08-30,72.65
2006-08-31,73.02
2006-09-01,71.94
2006-09-05,71.41
2006-09-06,70.37
2006-09-07,70.22
2006-09-08,69.13
2006-09-11,68.3
2006-09-12,66.69
2006-09-13,66.83
2006-09-14,66.12
2006-09-15,65.93
2006-09-18,66.33
2006-09-19,64.18
2006-09-20,62.62
2006-09-21,64.03
2006-09-22,63.11
2006-09-25,63.77
2006-09-26,63.34
2006-09-27,65.28
2006-09-28,65.33
2006-09-29,65.83
2006-10-02,64.23
2006-10-03,62.1
2006-10-04,62.64
2006-10-05,63.17
2006-10-06,63.04
2006-10-09,63.38
2006-10-10,62.44
2006-10-11,61.77
2006-10-12,62.12
2006-10-13,62.68
2006-10-16,63.91
2006-10-17,63.16
2006-10-18,61.88
2006-10-19,62.86
2006-10-20,62.07
2006-10-23,62.54
2006-10-24,63.09
2006-10-25,65.03
2006-10-26,63.95
2006-10-27,64.61
2006-10-30,62.49
2006-10-31,62.9
2006-11-01,62.84
2006-11-02,61.89
2006-11-03,63.08
2006-11-06,63.98
2006-11-07,62.81
2006-11-08,63.71
2006-11-09,65.25
2006-11-10,63.83
2006-11-13,63.04
2006-11-14,62.62
2006-11-15,63.16
2006-11-16,61.21
2006-11-17,61.7
2006-11-20,62.43
2006-11-21,63.54
2006-11-22,62.82
2006-11-27,63.58
2006-11-28,64.1
2006-11-29,65.46
2006-11-30,66.27
2006-12-01,66.83
2006-12-04,65.99
2006-12-05,65.79
2006-12-06,65.3
2006-12-07,64.93
2006-12-08,64.58
2006-12-11,64
2006-12-12,63.63
2006-12-13,63.72
2006-12-14,64.87
2006-12-15,65.49
2006-12-18,64.21
2006-12-19,64.89
2006-12-20,66.12
2006-12-21,65.36
2006-12-22,65.11
2006-12-26,63.86
2006-12-27,63.13
2006-12-28,63.3
2006-12-29,63.95
2007-01-03,61.05
2007-01-04,58.38
2007-01-05,59.18
2007-01-08,59.26
2007-01-09,58.69
2007-01-10,56.72
2007-01-11,54.26
2007-01-12,55.18
2007-01-16,53.19
2007-01-17,54.27
2007-01-18,53.36
2007-01-19,55.04
2007-01-22,54.33
2007-01-23,57.25
2007-01-24,57.48
2007-01-25,56.51
2007-01-26,57.59
2007-01-29,56.12
2007-01-30,58.92
2007-01-31,60.14
2007-02-01,59.37
2007-02-02,61.11
2007-02-05,60.86
2007-02-06,60.72
2007-02-07,59.58
2007-02-08,61.68
2007-02-09,61.91
2007-02-12,59.99
2007-02-13,61.22
2007-02-14,59.82
2007-02-15,59.73
2007-02-16,61.05
2007-02-20,60.27
2007-02-21,62.08
2007-02-22,63.48
2007-02-23,64.09
2007-02-26,64.2
2007-02-27,64.25
2007-02-28,64.7
2007-03-01,64.78
2007-03-02,64.27
2007-03-05,62.88
2007-03-06,63.71
2007-03-07,64.91
2007-03-08,64.94
2007-03-09,63.62
2007-03-12,62.8
2007-03-13,62.45
2007-03-14,62.68
2007-03-15,62.17
2007-03-16,61.9
2007-03-19,62.02
2007-03-20,61.59
2007-03-21,62.83
2007-03-22,64.61
2007-03-23,65.04
2007-03-26,66.25
2007-03-27,66.53
2007-03-28,67.45
2007-03-29,68.61
2007-03-30,68.73
2007-04-02,68.99
2007-04-03,68.03
2007-04-04,68.33
2007-04-05,68.55
2007-04-09,67.12
2007-04-10,67.67
2007-04-11,67.47
2007-04-12,68.75
2007-04-13,68.71
2007-04-16,67.58
2007-04-17,66.42
2007-04-18,66.46
2007-04-19,65.73
2007-04-20,66.31
2007-04-23,68.54
2007-04-24,67.38
2007-04-25,68.75
2007-04-26,67.97
2007-04-27,69.34
2007-04-30,68.77
2007-05-01,67.95
2007-05-02,67.28
2007-05-03,66.98
2007-05-04,66.08
2007-05-07,65.42
2007-05-08,65.9
2007-05-09,65.24
2007-05-10,65.55
2007-05-11,66.14
2007-05-14,65.87
2007-05-15,66.62
2007-05-16,66.14
2007-05-17,67.89
2007-05-18,67.86
2007-05-21,68.77
2007-05-22,67.43
2007-05-23,68.62
2007-05-24,67.55
2007-05-25,68.26
2007-05-29,66.13
2007-05-30,66.28
2007-05-31,66.51
2007-06-01,67.65
2007-06-04,68.79
2007-06-05,68.36
2007-06-06,68.54
2007-06-07,69.18
2007-06-08,66.96
2007-06-11,68.17
2007-06-12,67.67
2007-06-13,68.51
2007-06-14,69.5
2007-06-15,69.96
2007-06-18,70.84
2007-06-19,70.74
2007-06-20,70
2007-06-21,70.08
2007-06-22,70.8
2007-06-25,70.79
2007-06-26,69.16
2007-06-27,69.79
2007-06-28,70.13
2007-06-29,71.24
2007-07-02,71.95
2007-07-03,72.25
2007-07-05,72.42
2007-07-06,73.09
2007-07-09,72.88
2007-07-10,73.41
2007-07-11,73.1
2007-07-12,72.98
2007-07-13,73.89
2007-07-16,73.75
2007-07-17,73.51
2007-07-18,74.77
2007-07-19,75.41
2007-07-20,75.26
2007-07-23,74.37
2007-07-24,73.1
2007-07-25,74.77
2007-07-26,73.67
2007-07-27,75.06
2007-07-30,74.74
2007-07-31,76.05
2007-08-01,75.29
2007-08-02,75.61
2007-08-03,74.7
2007-08-06,71.46
2007-08-07,71.86
2007-08-08,71.36
2007-08-09,70.9
2007-08-10,70.74
2007-08-13,70.52
2007-08-14,71.04
2007-08-15,72.31
2007-08-16,70.18
2007-08-17,70.98
2007-08-20,70.27
2007-08-21,69.01
2007-08-22,68.5
2007-08-23,69
2007-08-24,69.94
2007-08-27,70.51
2007-08-28,70.17
2007-08-29,71.43
2007-08-30,71.14
2007-08-31,71.83
2007-09-04,72.7
2007-09-05,72.7
2007-09-06,73.34
2007-09-07,73.78
2007-09-10,74.25
2007-09-11,74.95
2007-09-12,76.44
2007-09-13,76.75
2007-09-14,76.49
2007-09-17,77.32
2007-09-18,78.06
2007-09-19,78.88
2007-09-20,79.85
2007-09-21,79.44
2007-09-24,79.2
2007-09-25,77.56
2007-09-26,77.37
2007-09-27,79.59
2007-09-28,78.85
2007-10-01,77.87
2007-10-02,77.47
2007-10-03,77.37
2007-10-04,79.12
2007-10-05,79.32
2007-10-08,77.32
2007-10-09,78.28
2007-10-10,79.37
2007-10-11,80.8
2007-10-12,81.19
2007-10-15,83.41
2007-10-16,84.62
2007-10-17,84.08
2007-10-18,85.78
2007-10-19,84.95
2007-10-22,84.39
2007-10-23,83
2007-10-24,84.53
2007-10-25,87.27
2007-10-26,88.7
2007-10-29,90.8
2007-10-30,87.99
2007-10-31,91.19
2007-11-01,90.47
2007-11-02,92.73
2007-11-05,91.35
2007-11-06,93.97
2007-11-07,94.03
2007-11-08,93.19
2007-11-09,93.7
2007-11-12,91.91
2007-11-13,88.75
2007-11-14,90.88
2007-11-15,90.12
2007-11-16,91.72
2007-11-19,91.72
2007-11-20,94.88
2007-11-21,94.19
2007-11-23,95.08
2007-11-26,94.76
2007-11-27,92
2007-11-28,88.85
2007-11-29,89.24
2007-11-30,87.43
2007-12-03,88.36
2007-12-04,87.63
2007-12-05,86.81
2007-12-06,89.24
2007-12-07,87.68
2007-12-10,87.4
2007-12-11,89.46
2007-12-12,93.6
2007-12-13,92.04
2007-12-14,91.39
2007-12-17,91.03
2007-12-18,89.91
2007-12-19,90.63
2007-12-20,90.41
2007-12-21,92.04
2007-12-24,92.58
2007-12-26,94.03
2007-12-27,94.97
2007-12-28,94.51
2007-12-31,94.65
2008-01-02,98.09
2008-01-03,97.9
2008-01-04,96.86
2008-01-07,94.15
2008-01-08,95.18
2008-01-09,94.13
2008-01-10,92.22
2008-01-11,91.31
2008-01-14,92.95
2008-01-15,91.09
2008-01-16,89.67
2008-01-17,88.89
2008-01-18,89.14
2008-01-22,88.39
2008-01-23,85.96
2008-01-24,88.19
2008-01-25,89.91
2008-01-28,90.33
2008-01-29,90.88
2008-01-30,91.63
2008-01-31,91.31
2008-02-01,88.79
2008-02-04,89.81
2008-02-05,88.18
2008-02-06,87.09
2008-02-07,88.11
2008-02-08,91.38
2008-02-11,93.14
2008-02-12,92.49
2008-02-13,93.04
2008-02-14,95.14
2008-02-15,94.83
2008-02-19,98.9
2008-02-20,98.85
2008-02-21,97.01
2008-02-22,97.53
2008-02-25,98.08
2008-02-26,99.83
2008-02-27,98.76
2008-02-28,101.53
2008-02-29,100.64
2008-03-03,101.23
2008-03-04,98.09
2008-03-05,102.31
2008-03-06,103.09
2008-03-07,102.55
2008-03-10,104.41
2008-03-11,105.08
2008-03-12,106.07
2008-03-13,106.9
2008-03-14,106.52
2008-03-17,102.07
2008-03-18,106.39
2008-03-19,100.79
2008-03-20,99.66
2008-03-24,99.15
2008-03-25,100.07
2008-03-26,103.68
2008-03-27,104.81
2008-03-28,103.49
2008-03-31,100.08
2008-04-01,99.51
2008-04-02,103.18
2008-04-03,102
2008-04-04,104.59
2008-04-07,107.23
2008-04-08,106.44
2008-04-09,108.61
2008-04-10,108.26
2008-04-11,108.56
2008-04-14,109.72
2008-04-15,111.74
2008-04-16,113.09
2008-04-17,113.14
2008-04-18,114.66
2008-04-21,115.02
2008-04-22,116.51
2008-04-23,116.27
2008-04-24,113.81
2008-04-25,115.77
2008-04-28,116.18
2008-04-29,113.37
2008-04-30,111.32
2008-05-01,110.5
2008-05-02,114.58
2008-05-05,118.26
2008-05-06,120.21
2008-05-07,122.25
2008-05-08,122.87
2008-05-09,125.45
2008-05-12,123.61
2008-05-13,125
2008-05-14,123.9
2008-05-15,123.51
2008-05-16,125.79
2008-05-19,126.58
2008-05-20,129.46
2008-05-21,134.03
2008-05-22,130.68
2008-05-23,131.79
2008-05-27,128.84
2008-05-28,130.41
2008-05-29,126.62
2008-05-30,127.27
2008-06-02,128.04
2008-06-03,124.92
2008-06-04,122.91
2008-06-05,128.3
2008-06-06,138.4
2008-06-09,134.76
2008-06-10,132.17
2008-06-11,137.46
2008-06-12,137.88
2008-06-13,135.97
2008-06-16,136.21
2008-06-17,135.33
2008-06-18,137.67
2008-06-19,133.27
2008-06-20,135.72
2008-06-23,137.28
2008-06-24,137.78
2008-06-25,135.52
2008-06-26,140.57
2008-06-27,141.24
2008-06-30,141.24
2008-07-01,142.28
2008-07-02,144.77
2008-07-03,146.31
2008-07-07,142.74
2008-07-08,137.66
2008-07-09,137.63
2008-07-10,143.15
2008-07-11,146.2
2008-07-14,146.43
2008-07-15,140.26
2008-07-16,136.3
2008-07-17,131.13
2008-07-18,130.39
2008-07-21,132.68
2008-07-22,129.47
2008-07-23,125.88
2008-07-24,126.6
2008-07-25,124.62
2008-07-28,126.09
2008-07-29,123.57
2008-07-30,127.85
2008-07-31,125.29
2008-08-01,126.3
2008-08-04,122.39
2008-08-05,119.66
2008-08-06,118.81
2008-08-07,119.82
2008-08-08,116.11
2008-08-11,115.38
2008-08-12,113.88
2008-08-13,116.58
2008-08-14,115.72
2008-08-15,114.86
2008-08-18,113.72
2008-08-19,115.3
2008-08-20,116.51
2008-08-21,122.75
2008-08-22,116.16
2008-08-25,116.81
2008-08-26,117.52
2008-08-27,119.08
2008-08-28,116.86
2008-08-29,116.68
2008-09-02,111.55
2008-09-03,110.97
2008-09-04,109.51
2008-09-05,107.66
2008-09-08,107.47
2008-09-09,104.15
2008-09-10,103.25
2008-09-11,101.58
2008-09-12,102.01
2008-09-15,96.43
2008-09-16,91.4
2008-09-17,97
2008-09-18,97.72
2008-09-19,102.57
2008-09-22,108.78
2008-09-23,105.06
2008-09-24,104.95
2008-09-25,107.2
2008-09-26,106.31
2008-09-29,96.69
2008-09-30,100.8
2008-10-01,98.17
2008-10-02,93.41
2008-10-03,92.88
2008-10-06,86.64
2008-10-07,88.45
2008-10-08,88.59
2008-10-09,87.19
2008-10-10,78.79
2008-10-13,82.42
2008-10-14,79.78
2008-10-15,75.71
2008-10-16,71.14
2008-10-17,72.92
2008-10-20,75.08
2008-10-21,73.13
2008-10-22,68.11
2008-10-23,69.17
2008-10-24,65.54
2008-10-27,64.75
2008-10-28,64.23
2008-10-29,69.07
2008-10-30,67.97
2008-10-31,69.92
2008-11-03,66.02
2008-11-04,72.79
2008-11-05,67.77
2008-11-06,63.33
2008-11-07,63.76
2008-11-10,65.09
2008-11-11,62.05
2008-11-12,58.84
2008-11-13,60.95
2008-11-14,59.3
2008-11-17,57.15
2008-11-18,56.45
2008-11-19,55.88
2008-11-20,51.44
2008-11-21,53.09
2008-11-24,57.68
2008-11-25,54.33
2008-11-26,58.04
2008-11-28,58.24
2008-12-01,53.22
2008-12-02,51.15
2008-12-03,51.34
2008-12-04,48.43
2008-12-05,46.27
2008-12-08,50.29
2008-12-09,48.56
2008-12-10,49.56
2008-12-11,54.46
2008-12-12,53.18
2008-12-15,51.73
2008-12-16,50.91
2008-12-17,49.16
2008-12-18,46.44
2008-12-19,47.15
2008-12-22,46.25
2008-12-23,45.3
2008-12-24,41.5
2008-12-26,43.75
2008-12-29,46.19
2008-12-30,46.33
2008-12-31,51.96
2009-01-02,53.64
2009-01-05,56.07
2009-01-06,56.79
2009-01-07,51.95
2009-01-08,51.43
2009-01-09,51.21
2009-01-12,49.25
2009-01-13,50.83
2009-01-14,50.71
2009-01-15,50.61
2009-01-16,49.51
2009-01-20,46.56
2009-01-21,48.51
2009-01-22,48.79
2009-01-23,51.95
2009-01-26,51.05
2009-01-27,48.7
2009-01-28,50.11
2009-01-29,50.27
2009-01-30,49.98
2009-02-02,47.62
2009-02-03,47.59
2009-02-04,48.24
2009-02-05,49.96
2009-02-06,50.39
2009-02-09,50.25
2009-02-10,48.41
2009-02-11,47.83
2009-02-12,47.81
2009-02-13,46.67
2009-02-17,42.88
2009-02-18,41.15
2009-02-19,43.97
2009-02-20,43.56
2009-02-23,44.16
2009-02-24,45.43
2009-02-25,46.9
2009-02-26,49.69
2009-02-27,48.98
2009-03-02,44.73
2009-03-03,46.01
2009-03-04,48.93
2009-03-05,47.7
2009-03-06,49.58
2009-03-09,49.38
2009-03-10,48.98
2009-03-11,46.42
2009-03-12,49.99
2009-03-13,49.05
2009-03-16,49.96
2009-03-17,52.18
2009-03-18,51.64
2009-03-19,54.79
2009-03-20,55.2
2009-03-23,58.33
2009-03-24,58.08
2009-03-25,56.52
2009-03-26,58.07
2009-03-27,56.65
2009-03-30,53.05
2009-03-31,53.93
2009-04-01,52.84
2009-04-02,57.22
2009-04-03,57.71
2009-04-06,56.76
2009-04-07,55.83
2009-04-08,56.07
2009-04-09,58.33
2009-04-13,56.83
2009-04-14,56.44
2009-04-15,55.62
2009-04-16,55.93
2009-04-17,56.11
2009-04-20,52.43
2009-04-21,52.22
2009-04-22,53.49
2009-04-23,53.5
2009-04-24,55.12
2009-04-27,53.74
2009-04-28,53.19
2009-04-29,54.32
2009-04-30,54.45
2009-05-01,56.78
2009-05-04,58.82
2009-05-05,58.04
2009-05-06,59.82
2009-05-07,59.98
2009-05-08,61.45
2009-05-11,61.08
2009-05-12,61.45
2009-05-13,60.73
2009-05-14,61.12
2009-05-15,58.61
2009-05-18,61.02
2009-05-19,61.59
2009-05-20,63.75
2009-05-21,63.16
2009-05-22,63.68
2009-05-26,64.21
2009-05-27,65.22
2009-05-28,67.06
2009-05-29,68.2
2009-06-01,70.58
2009-06-02,70.93
2009-06-03,68.86
2009-06-04,71.29
2009-06-05,71.07
2009-06-08,70.9
2009-06-09,72.45
2009-06-10,73.6
2009-06-11,74.95
2009-06-12,74.24
2009-06-15,72.86
2009-06-16,72.64
2009-06-17,73.34
2009-06-18,73.37
2009-06-19,71.64
2009-06-22,69.07
2009-06-23,71.33
2009-06-24,70.86
2009-06-25,72.44
2009-06-26,71.38
2009-06-29,73.65
2009-06-30,72.2
2009-07-01,71.78
2009-07-02,69.47
2009-07-06,66.74
2009-07-07,65.69
2009-07-08,63.18
2009-07-09,63.58
2009-07-10,62.88
2009-07-13,62.56
2009-07-14,62.49
2009-07-15,64.86
2009-07-16,65.53
2009-07-17,67.05
2009-07-20,68.06
2009-07-21,68.24
2009-07-22,69.75
2009-07-23,71.59
2009-07-24,72.52
2009-07-27,72.47
2009-07-28,71.46
2009-07-29,68.1
2009-07-30,71.58
2009-07-31,73.2
2009-08-03,75.06
2009-08-04,75.62
2009-08-05,76.33
2009-08-06,76.13
2009-08-07,74.91
2009-08-10,75.04
2009-08-11,73.73
2009-08-12,74.24
2009-08-13,74.75
2009-08-14,72
2009-08-17,71.22
2009-08-18,73.17
2009-08-19,75.56
2009-08-20,74.52
2009-08-21,76.13
2009-08-24,76.38
2009-08-25,74.15
2009-08-26,73.68
2009-08-27,74.53
2009-08-28,74.78
2009-08-31,72
2009-09-01,70.13
2009-09-02,69.96
2009-09-03,69.73
2009-09-04,69.63
2009-09-08,72.45
2009-09-09,72.62
2009-09-10,72.97
2009-09-11,70.68
2009-09-14,70.37
2009-09-15,72.14
2009-09-16,73.65
2009-09-17,73.93
2009-09-18,73.61
2009-09-21,70.94
2009-09-22,72.69
2009-09-23,70.6
2009-09-24,67.49
2009-09-25,67.4
2009-09-28,68.13
2009-09-29,68.01
2009-09-30,71.71
2009-10-01,72.07
2009-10-02,71.23
2009-10-05,71.37
2009-10-06,71.92
2009-10-07,70.8
2009-10-08,73.28
2009-10-09,73.43
2009-10-12,74.84
2009-10-13,75.89
2009-10-14,76.68
2009-10-15,79.13
2009-10-16,80.04
2009-10-19,80.96
2009-10-20,80.26
2009-10-21,83.06
2009-10-22,82.99
2009-10-23,82.43
2009-10-26,80.58
2009-10-27,81.26
2009-10-28,79.14
2009-10-29,81.43
2009-10-30,78.79
2009-11-02,80.12
2009-11-03,81.54
2009-11-04,82.36
2009-11-05,81.55
2009-11-06,79.39
2009-11-09,81.36
2009-11-10,80.89
2009-11-11,81.25
2009-11-12,79.13
2009-11-13,78.48
2009-11-16,80.93
2009-11-17,81.16
2009-11-18,81.57
2009-11-19,79.63
2009-11-20,79.11
2009-11-23,80.07
2009-11-24,78.96
2009-11-25,81.03
2009-11-27,79.38
2009-11-30,80.74
2009-12-01,81.84
2009-12-02,80.44
2009-12-03,80.76
2009-12-04,79.84
2009-12-07,78.75
2009-12-08,77.24
2009-12-09,74.9
2009-12-10,74.64
2009-12-11,74.63
2009-12-14,74.56
2009-12-15,74.84
2009-12-16,76.09
2009-12-17,75.56
2009-12-18,75.99
2009-12-21,75.32
2009-12-22,76.36
2009-12-23,78.43
2009-12-24,79.86
2009-12-28,80.74
2009-12-29,80.88
2009-12-30,81.29
2009-12-31,81.11
2010-01-04,83.12
2010-01-05,83.52
2010-01-06,84.86
2010-01-07,84.29
2010-01-08,84.47
2010-01-11,84.14
2010-01-12,82.28
2010-01-13,81.21
2010-01-14,81.11
2010-01-15,79.64
2010-01-19,80.4
2010-01-20,78.85
2010-01-21,77.74
2010-01-22,76.05
2010-01-25,76.84
2010-01-26,76.29
2010-01-27,75.32
2010-01-28,75.18
2010-01-29,74.53
2010-02-01,76.11
2010-02-02,78.91
2010-02-03,78.64
2010-02-04,74.74
2010-02-05,72.45
2010-02-08,73.26
2010-02-09,75.24
2010-02-10,75.83
2010-02-11,76.73
2010-02-12,75.57
2010-02-16,78.42
2010-02-17,78.71
2010-02-18,80.27
2010-02-19,80.85
2010-02-22,81.13
2010-02-23,80.17
2010-02-24,81.17
2010-02-25,79.27
2010-02-26,80.71
2010-03-01,79.86
2010-03-02,80.81
2010-03-03,82
2010-03-04,81.54
2010-03-05,82.82
2010-03-08,83.25
2010-03-09,82.75
2010-03-10,83.19
2010-03-11,83.18
2010-03-12,82.25
2010-03-15,80.8
2010-03-16,82.65
2010-03-17,83.89
2010-03-18,83.34
2010-03-19,81.77
2010-03-22,82.38
2010-03-23,82.96
2010-03-24,81.81
2010-03-25,81.83
2010-03-26,81.33
2010-03-29,83.32
2010-03-30,83.46
2010-03-31,84.84
2010-04-01,86.11
2010-04-05,87.98
2010-04-06,88.02
2010-04-07,87.69
2010-04-08,87.34
2010-04-09,87.25
2010-04-12,87.27
2010-04-13,86.87
2010-04-14,88.33
2010-04-15,88.9
2010-04-16,87.15
2010-04-19,85.54
2010-04-20,86.14
2010-04-21,87.51
2010-04-22,87.63
2010-04-23,89.07
2010-04-26,88.82
2010-04-27,87.76
2010-04-28,88.19
2010-04-29,89.25
2010-04-30,90.41
2010-05-03,91.67
2010-05-04,88.15
2010-05-05,85.47
2010-05-06,82.7
2010-05-07,81.22
2010-05-10,83.17
2010-05-11,83.27
2010-05-12,83.74
2010-05-13,82.7
2010-05-14,78.98
2010-05-17,76.17
2010-05-18,75.48
2010-05-19,74.7
2010-05-20,72.79
2010-05-21,73.55
2010-05-24,73.33
2010-05-25,71.76
2010-05-26,74.02
2010-05-27,77.18
2010-05-28,76.88
2010-06-01,75.71
2010-06-02,76.67
2010-06-03,77.99
2010-06-04,74.64
2010-06-07,74.78
2010-06-08,74.78
2010-06-09,77.03
2010-06-10,78.32
2010-06-11,77.36
2010-06-14,77.93
2010-06-15,79.42
2010-06-16,80.3
2010-06-17,79.99
2010-06-18,79.92
2010-06-21,80.21
2010-06-22,79.36
2010-06-23,78.28
2010-06-24,78.19
2010-06-25,80.38
2010-06-28,80.04
2010-06-29,77.61
2010-06-30,77.05
2010-07-01,74.45
2010-07-02,73.59
2010-07-06,73.67
2010-07-07,75.8
2010-07-08,77.2
2010-07-09,77.62
2010-07-12,76.42
2010-07-13,78.53
2010-07-14,78.29
2010-07-15,77.91
2010-07-16,77.36
2010-07-19,77.82
2010-07-20,78.39
2010-07-21,78.09
2010-07-22,80.57
2010-07-23,80.31
2010-07-26,80.35
2010-07-27,78.91
2010-07-28,78.59
2010-07-29,79.99
2010-07-30,80.51
2010-08-02,82.82
2010-08-03,84.05
2010-08-04,83.98
2010-08-05,83.53
2010-08-06,82.35
2010-08-09,83.17
2010-08-10,81.96
2010-08-11,79.78
2010-08-12,77.31
2010-08-13,76.94
2010-08-16,76.88
2010-08-17,77.75
2010-08-18,77.3
2010-08-19,76.15
2010-08-20,75.22
2010-08-23,75.19
2010-08-24,73.97
2010-08-25,74.87
2010-08-26,76.04
2010-08-27,78.15
2010-08-30,78.13
2010-08-31,76.19
2010-09-01,77.9
2010-09-02,78.43
2010-09-03,78.25
2010-09-07,78.73
2010-09-08,79.04
2010-09-09,78.27
2010-09-10,79
2010-09-13,79.65
2010-09-14,79.74
2010-09-15,79.43
2010-09-16,78.33
2010-09-17,78.08
2010-09-20,79.09
2010-09-21,77.99
2010-09-22,78.56
2010-09-23,78.57
2010-09-24,79.41
2010-09-27,79.07
2010-09-28,79.17
2010-09-29,80.97
2010-09-30,82.58
2010-10-01,83.95
2010-10-04,83.5
2010-10-05,85.01
2010-10-06,85.38
2010-10-07,83.77
2010-10-08,84.58
2010-10-11,84.5
2010-10-12,83.98
2010-10-13,85.09
2010-10-14,84.59
2010-10-15,83.17
2010-10-18,85.07
2010-10-19,81.53
2010-10-20,83.84
2010-10-21,82.46
2010-10-22,83.56
2010-10-25,84.22
2010-10-26,84.2
2010-10-27,83.79
2010-10-28,84.08
2010-10-29,83.21
2010-11-01,84.71
2010-11-02,85.52
2010-11-03,86.37
2010-11-04,88.1
2010-11-05,88.42
2010-11-08,88.69
2010-11-09,88.32
2010-11-10,89.05
2010-11-11,89.07
2010-11-12,86.22
2010-11-15,86.31
2010-11-16,83.96
2010-11-17,82.29
2010-11-18,83.64
2010-11-19,83.07
2010-11-22,83.19
2010-11-23,82.74
2010-11-24,85.32
2010-11-26,85.22
2010-11-29,87.07
2010-11-30,85.38
2010-12-01,87.91
2010-12-02,88.96
2010-12-03,90.02
2010-12-06,90.11
2010-12-07,89.97
2010-12-08,89.63
2010-12-09,89.68
2010-12-10,89.17
2010-12-13,90.01
2010-12-14,89.87
2010-12-15,90.38
2010-12-16,89.79
2010-12-17,89.95
2010-12-20,90.8
2010-12-21,91.72
2010-12-22,92.25
2010-12-23,93.1
2010-12-27,92.82
2010-12-28,93.27
2010-12-29,92.99
2010-12-30,91.91
2010-12-31,93.41
2011-01-03,93.72
2011-01-04,92.07
2011-01-05,93.23
2011-01-06,91.84
2011-01-07,90.98
2011-01-10,92.58
2011-01-11,94.23
2011-01-12,94.48
2011-01-13,94
2011-01-14,94.43
2011-01-18,94.24
2011-01-19,93.99
2011-01-20,92.18
2011-01-21,93.07
2011-01-24,92.07
2011-01-25,90.57
2011-01-26,92.39
2011-01-27,91.91
2011-01-28,94.64
2011-01-31,96.78
2011-02-01,96.52
2011-02-02,97.01
2011-02-03,96.66
2011-02-04,95.32
2011-02-07,94.7
2011-02-08,94.89
2011-02-09,95.13
2011-02-10,94.68
2011-02-11,94.14
2011-02-14,94.24
2011-02-15,92.68
2011-02-16,92.82
2011-02-17,92.74
2011-02-18,93.82
2011-02-22,97.65
2011-02-23,101.22
2011-02-24,100.05
2011-02-25,100.69
2011-02-28,100.11
2011-03-01,102.75
2011-03-02,104.47
2011-03-03,104.25
2011-03-04,106.52
2011-03-07,107.67
2011-03-08,106.86
2011-03-09,106.82
2011-03-10,104.95
2011-03-11,103.46
2011-03-14,103.32
2011-03-15,99.13
2011-03-16,100.15
2011-03-17,103.6
2011-03-18,102.95
2011-03-21,104.28
2011-03-22,106
2011-03-23,106.76
2011-03-24,106.73
2011-03-25,106.64
2011-03-28,105.37
2011-03-29,106.07
2011-03-30,105.73
2011-03-31,107.99
2011-04-01,109.17
2011-04-04,109.83
2011-04-05,109.91
2011-04-06,110.39
2011-04-07,111.66
2011-04-08,114.14
2011-04-11,111.55
2011-04-12,108.1
2011-04-13,108.64
2011-04-14,109.49
2011-04-15,110.96
2011-04-18,108.42
2011-04-19,108.99
2011-04-20,112.28
2011-04-21,113.13
2011-04-25,113.09
2011-04-26,113.1
2011-04-27,113.69
2011-04-28,113.75
2011-04-29,114.83
2011-05-02,114.44
2011-05-03,111.99
2011-05-04,110.17
2011-05-05,100.85
2011-05-06,98.42
2011-05-09,103.73
2011-05-10,105.18
2011-05-11,99.37
2011-05-12,100.14
2011-05-13,100.79
2011-05-16,98.59
2011-05-17,98.19
2011-05-18,101.16
2011-05-19,99.67
2011-05-20,100.82
2011-05-23,98.83
2011-05-24,100.79
2011-05-25,102.54
2011-05-26,101.7
2011-05-27,102
2011-05-31,104.09
2011-06-01,101.72
2011-06-02,101.95
2011-06-03,101.76
2011-06-06,100.56
2011-06-07,100.71
2011-06-08,102.22
2011-06-09,103.31
2011-06-10,100.88
2011-06-13,98.82
2011-06-14,100.71
2011-06-15,96.11
2011-06-16,96.15
2011-06-17,94.23
2011-06-20,94.46
2011-06-21,94.96
2011-06-22,96.78
2011-06-23,92.57
2011-06-24,92.78
2011-06-27,92.24
2011-06-28,94.57
2011-06-29,96.36
2011-06-30,97.04
2011-07-01,96.61
2011-07-05,98.37
2011-07-06,98.02
2011-07-07,100.07
2011-07-08,97.72
2011-07-11,96.64
2011-07-12,98.74
2011-07-13,99.36
2011-07-14,97.06
2011-07-15,98.46
2011-07-18,97.12
2011-07-19,98.68
2011-07-20,99.22
2011-07-21,100.25
2011-07-22,100.94
2011-07-25,100.48
2011-07-26,100.88
2011-07-27,98.82
2011-07-28,98.82
2011-07-29,97.08
2011-08-01,96.27
2011-08-02,95.08
2011-08-03,93.24
2011-08-04,87.96
2011-08-05,88.29
2011-08-08,82.7
2011-08-09,80.61
2011-08-10,84.14
2011-08-11,86.82
2011-08-12,86.44
2011-08-15,88.85
2011-08-16,87.56
2011-08-17,88.42
2011-08-18,83.19
2011-08-19,83.17
2011-08-22,85.03
2011-08-23,86.51
2011-08-24,86.37
2011-08-25,86.44
2011-08-26,86.45
2011-08-29,88.21
2011-08-30,89.81
2011-08-31,89.88
2011-09-01,89.94
2011-09-02,87.46
2011-09-06,87.05
2011-09-07,90.14
2011-09-08,89.7
2011-09-09,87.93
2011-09-12,88.64
2011-09-13,90.52
2011-09-14,89.36
2011-09-15,90.03
2011-09-16,88.73
2011-09-19,86.27
2011-09-20,87.43
2011-09-21,86.73
2011-09-22,81.23
2011-09-23,80.69
2011-09-26,80.98
2011-09-27,85.17
2011-09-28,82
2011-09-29,82.75
2011-09-30,79.6
2011-10-03,78.25
2011-10-04,76.29
2011-10-05,80.11
2011-10-06,83.09
2011-10-07,83.35
2011-10-10,85.77
2011-10-11,86.37
2011-10-12,86.14
2011-10-13,84.85
2011-10-14,87.22
2011-10-17,87
2011-10-18,88.85
2011-10-19,86.6
2011-10-20,86.37
2011-10-21,87.69
2011-10-24,90.9
2011-10-25,92.41
2011-10-26,90.08
2011-10-27,93.54
2011-10-28,93.09
2011-10-31,92.92
2011-11-01,91.78
2011-11-02,92.05
2011-11-03,93.59
2011-11-04,94.09
2011-11-07,95.39
2011-11-08,96.59
2011-11-09,95.45
2011-11-10,97.45
2011-11-11,98.63
2011-11-14,98.1
2011-11-15,99.27
2011-11-16,102.38
2011-11-17,98.89
2011-11-18,97.62
2011-11-21,97.09
2011-11-22,98.46
2011-11-23,96.7
2011-11-25,97.05
2011-11-28,98.45
2011-11-29,99.91
2011-11-30,100.56
2011-12-01,100.49
2011-12-02,101.25
2011-12-05,101.34
2011-12-06,101.72
2011-12-07,101.03
2011-12-08,98.93
2011-12-09,99.89
2011-12-12,98.37
2011-12-13,100.65
2011-12-14,95.59
2011-12-15,94.55
2011-12-16,94.22
2011-12-19,94.45
2011-12-20,97.59
2011-12-21,99.1
2011-12-22,99.93
2011-12-23,100.03
2011-12-27,101.62
2011-12-28,99.82
2011-12-29,100.16
2011-12-30,99.41
2012-01-03,103.42
2012-01-04,103.78
2012-01-05,102.42
2012-01-06,102.3
2012-01-09,102.06
2012-01-10,102.85
2012-01-11,101.57
2012-01-12,99.83
2012-01-13,99.41
2012-01-17,101.43
2012-01-18,101.23
2012-01-19,101.12
2012-01-20,99.02
2012-01-23,100.47
2012-01-24,99.99
2012-01-25,100.38
2012-01-26,100.73
2012-01-27,100.6
2012-01-30,99.85
2012-01-31,99.64
2012-02-01,98.79
2012-02-02,97.57
2012-02-03,99.17
2012-02-06,98.68
2012-02-07,99.96
2012-02-08,100.39
2012-02-09,101.54
2012-02-10,100.28
2012-02-13,102.42
2012-02-14,102.16
2012-02-15,103.14
2012-02-16,103.74
2012-02-17,104.52
2012-02-21,107.21
2012-02-22,107.58
2012-02-23,108.97
2012-02-24,110.76
2012-02-27,109.75
2012-02-28,107.78
2012-02-29,108.25
2012-03-01,109.93
2012-03-02,107.96
2012-03-05,107.94
2012-03-06,106.16
2012-03-07,107.62
2012-03-08,107.96
2012-03-09,108.73
2012-03-12,107.77
2012-03-13,108.26
2012-03-14,106.98
2012-03-15,106.76
2012-03-16,108.53
2012-03-19,109.39
2012-03-20,107.07
2012-03-21,108.47
2012-03-22,106.61
2012-03-23,108.1
2012-03-26,108.36
2012-03-27,108.67
2012-03-28,106.81
2012-03-29,104.17
2012-03-30,104.4
2012-04-02,106.67
2012-04-03,105.51
2012-04-04,103.08
2012-04-05,104.79
2012-04-09,104
2012-04-10,102.58
2012-04-11,104.06
2012-04-12,104.95
2012-04-13,104.2
2012-04-16,104.18
2012-04-17,105.43
2012-04-18,103.98
2012-04-19,103.53
2012-04-20,104.64
2012-04-23,104.25
2012-04-24,104.6
2012-04-25,105.06
2012-04-26,105.51
2012-04-27,105.84
2012-04-30,105.71
2012-05-01,106.86
2012-05-02,105.97
2012-05-03,103.4
2012-05-04,99.38
2012-05-07,98.83
2012-05-08,97.91
2012-05-09,97.68
2012-05-10,97.89
2012-05-11,97.02
2012-05-14,95.67
2012-05-15,94.93
2012-05-16,93.78
2012-05-17,93.44
2012-05-18,92.34
2012-05-21,93.4
2012-05-22,92.43
2012-05-23,90.77
2012-05-24,91.46
2012-05-25,91.68
2012-05-29,91.69
2012-05-30,88.71
2012-05-31,87.45
2012-06-01,84.2
2012-06-04,84.84
2012-06-05,85.08
2012-06-06,85.95
2012-06-07,85.77
2012-06-08,85.03
2012-06-11,83.62
2012-06-12,84.2
2012-06-13,83.48
2012-06-14,84.76
2012-06-15,84.9
2012-06-18,84.23
2012-06-19,85
2012-06-20,82.23
2012-06-21,79.4
2012-06-22,80.94
2012-06-25,80.44
2012-06-26,80.63
2012-06-27,81.46
2012-06-28,79.01
2012-06-29,86.21
2012-07-02,84.98
2012-07-03,88.8
2012-07-05,88.37
2012-07-06,85.66
2012-07-09,87.18
2012-07-10,85.16
2012-07-11,87.02
2012-07-12,87.22
2012-07-13,88.27
2012-07-16,89.58
2012-07-17,90.25
2012-07-18,90.82
2012-07-19,93.5
2012-07-20,92.39
2012-07-23,89.08
2012-07-24,89.43
2012-07-25,89.94
2012-07-26,90.39
2012-07-27,91.23
2012-07-30,90.91
2012-07-31,89.2
2012-08-01,89.99
2012-08-02,88.26
2012-08-03,92.33
2012-08-06,93.15
2012-08-07,94.64
2012-08-08,94.39
2012-08-09,94.35
2012-08-10,93.83
2012-08-13,93.76
2012-08-14,94.46
2012-08-15,95.27
2012-08-16,96.51
2012-08-17,96.91
2012-08-20,96.91
2012-08-21,97.55
2012-08-22,98.3
2012-08-23,97.42
2012-08-24,97.2
2012-08-27,96.59
2012-08-28,97.37
2012-08-29,96.55
2012-08-30,95.76
2012-08-31,97.49
2012-09-04,96.43
2012-09-05,96.49
2012-09-06,96.59
2012-09-07,97.5
2012-09-10,97.67
2012-09-11,98.25
2012-09-12,98.08
2012-09-13,99.27
2012-09-14,99.95
2012-09-17,97.59
2012-09-18,96.25
2012-09-19,92.91
2012-09-20,93.1
2012-09-21,93.93
2012-09-24,93
2012-09-25,92.47
2012-09-26,91.18
2012-09-27,93.05
2012-09-28,93.42
2012-10-01,93.7
2012-10-02,93.14
2012-10-03,89.41
2012-10-04,92.9
2012-10-05,91.16
2012-10-08,90.63
2012-10-09,93.72
2012-10-10,92.58
2012-10-11,93.47
2012-10-12,93.24
2012-10-15,93.31
2012-10-16,93.48
2012-10-17,93.54
2012-10-18,93.48
2012-10-19,91.45
2012-10-22,89.7
2012-10-23,88.27
2012-10-24,87.34
2012-10-25,87.66
2012-10-26,87.87
2012-10-29,87.13
2012-10-30,87.28
2012-10-31,87.83
2012-11-01,88.65
2012-11-02,86.61
2012-11-05,87.34
2012-11-06,90.32
2012-11-07,86.13
2012-11-08,86.75
2012-11-09,87.76
2012-11-12,87.33
2012-11-13,87.17
2012-11-14,87.9
2012-11-15,87.04
2012-11-16,88.04
2012-11-19,90.81
2012-11-20,88.55
2012-11-21,89.19
2012-11-23,90.16
2012-11-26,89.59
2012-11-27,89.05
2012-11-28,88.37
2012-11-29,89.84
2012-11-30,90.68
2012-12-03,90.92
2012-12-04,90.3
2012-12-05,89.75
2012-12-06,88.12
2012-12-07,87.75
2012-12-10,87.34
2012-12-11,87.55
2012-12-12,88.44
2012-12-13,87.55
2012-12-14,88.39
2012-12-17,88.65
2012-12-18,89.43
2012-12-19,90.96
2012-12-20,91.71
2012-12-21,90.33
2012-12-24,90.27
2012-12-26,92.47
2012-12-27,92.39
2012-12-28,92.27
2012-12-31,93.16
2013-01-02,94.33
2013-01-03,94.12
2013-01-04,94.21
2013-01-07,94.33
2013-01-08,94.38
2013-01-09,94.38
2013-01-10,94.97
2013-01-11,94.66
2013-01-14,95.31
2013-01-15,94.39
2013-01-16,95.32
2013-01-17,96.58
2013-01-18,96.74
2013-01-22,97.4
2013-01-23,96.54
2013-01-24,97.25
2013-01-25,97.08
2013-01-28,97.58
2013-01-29,98.64
2013-01-30,99.06
2013-01-31,98.77
2013-02-01,99.02
2013-02-04,97.49
2013-02-05,97.94
2013-02-06,97.97
2013-02-07,97.35
2013-02-08,97.32
2013-02-11,98.55
2013-02-12,99.01
2013-02-13,98.57
2013-02-14,98.82
2013-02-15,97.34
2013-02-19,97.92
2013-02-20,96.03
2013-02-21,93.95
2013-02-22,94.27
2013-02-25,94.24
2013-02-26,93.72
2013-02-27,93.78
2013-02-28,93.11
2013-03-01,91.86
2013-03-04,91.3
2013-03-05,92
2013-03-06,91.57
2013-03-07,92.62
2013-03-08,93.01
2013-03-11,93.08
2013-03-12,93.37
2013-03-13,93.26
2013-03-14,93.75
2013-03-15,94.23
2013-03-18,94.5
2013-03-19,92.99
2013-03-20,93.95
2013-03-21,93.02
2013-03-22,94.07
2013-03-25,95.2
2013-03-26,96.68
2013-03-27,96.91
2013-03-28,97.57
2013-04-01,97.61
2013-04-02,97.73
2013-04-03,95.06
2013-04-04,93.88
2013-04-05,93.32
2013-04-08,93.99
2013-04-09,94.8
2013-04-10,95.29
2013-04-11,94.19
2013-04-12,92.01
2013-04-15,89.42
2013-04-16,89.41
2013-04-17,87.28
2013-04-18,88.25
2013-04-19,88.54
2013-04-22,89.57
2013-04-23,89.52
2013-04-24,91.63
2013-04-25,93.82
2013-04-26,93.09
2013-04-29,94.45
2013-04-30,93.41
2013-05-01,90.98
2013-05-02,93.89
2013-05-03,95.43
2013-05-06,96.11
2013-05-07,95.59
2013-05-08,96.47
2013-05-09,96.41
2013-05-10,96.03
2013-05-13,95.2
2013-05-14,94.37
2013-05-15,94.49
2013-05-16,95.42
2013-05-17,96.25
2013-05-20,96.85
2013-05-21,96.17
2013-05-22,94.06
2013-05-23,94
2013-05-24,93.98
2013-05-28,94.88
2013-05-29,93.15
2013-05-30,93.57
2013-05-31,92.12
2013-06-03,93.55
2013-06-04,93.51
2013-06-05,93.86
2013-06-06,94.8
2013-06-07,96.05
2013-06-10,95.84
2013-06-11,95.4
2013-06-12,95.85
2013-06-13,96.66
2013-06-14,97.82
2013-06-17,97.87
2013-06-18,98.43
2013-06-19,98.31
2013-06-20,94.84
2013-06-21,92.74
2013-06-24,93.91
2013-06-25,94.04
2013-06-26,94.22
2013-06-27,95.61
2013-06-28,95.1
2013-07-01,96.23
2013-07-02,97.41
2013-07-03,98.97
2013-07-05,100.45
2013-07-08,100.55
2013-07-09,100.8
2013-07-10,102.29
2013-07-11,101.59
2013-07-12,102.66
2013-07-15,102.99
2013-07-16,102.95
2013-07-17,103.58
2013-07-18,104.62
2013-07-19,104.35
2013-07-22,103.92
2013-07-23,102.64
2013-07-24,101.26
2013-07-25,101.78
2013-07-26,101.42
2013-07-29,101.41
2013-07-30,100.49
2013-07-31,101.65
2013-08-01,103.71
2013-08-02,103.23
2013-08-05,103.08
2013-08-06,102.11
2013-08-07,101.49
2013-08-08,100.53
2013-08-09,102.38
2013-08-12,102.97
2013-08-13,103.78
2013-08-14,103.97
2013-08-15,104.64
2013-08-16,105.17
2013-08-19,104.73
2013-08-20,103.59
2013-08-21,101.25
2013-08-22,101.96
2013-08-23,103.11
2013-08-26,102.78
2013-08-27,105.37
2013-08-28,106.18
2013-08-29,104.95
2013-08-30,104.17
2013-09-03,104.83
2013-09-04,103.92
2013-09-05,104.79
2013-09-06,106.24
2013-09-09,105.15
2013-09-10,103.35
2013-09-11,103.54
2013-09-12,104.54
2013-09-13,104.37
2013-09-16,103.35
2013-09-17,101.99
2013-09-18,104.43
2013-09-19,103.11
2013-09-20,102.49
2013-09-23,100.52
2013-09-24,100.41
2013-09-25,100.13
2013-09-26,100.75
2013-09-27,100.46
2013-09-30,100.16
2013-10-01,100.03
2013-10-02,101.7
2013-10-03,101.25
2013-10-04,101.85
2013-10-07,101.56
2013-10-08,102.04
2013-10-09,100.32
2013-10-10,101.91
2013-10-11,101.45
2013-10-14,101.78
2013-10-15,100.86
2013-10-16,101.9
2013-10-17,100.12
2013-10-18,100.54
2013-10-21,99.49
2013-10-22,98.31
2013-10-23,96.27
2013-10-24,96.4
2013-10-25,97.04
2013-10-28,98.09
2013-10-29,97.72
2013-10-30,96.8
2013-10-31,96.47
2013-11-01,94.96
2013-11-04,95.11
2013-11-05,93.93
2013-11-06,95.23
2013-11-07,94.62
2013-11-08,95.08
2013-11-11,95.59
2013-11-12,93.86
2013-11-13,94.88
2013-11-14,94.97
2013-11-15,94.99
2013-11-18,94.18
2013-11-19,94.26
2013-11-20,94.24
2013-11-21,95.66
2013-11-22,95.24
2013-11-25,94.55
2013-11-26,94.22
2013-11-27,92.95
2013-11-28,92.95
2013-11-29,93.32
2013-12-02,94.27
2013-12-03,96.07
2013-12-04,97.18
2013-12-05,97.36
2013-12-06,97.66
2013-12-09,97.29
2013-12-10,98.19
2013-12-11,97.39
2013-12-12,97.42
2013-12-13,96.55
2013-12-16,97.28
2013-12-17,96.92
2013-12-18,97.41
2013-12-19,98.4
2013-12-20,97.91
2013-12-23,97.71
2013-12-24,98.31
2013-12-26,98.49
2013-12-27,99.18
2013-12-30,98.66
2013-12-31,97.99
2014-01-02,95.2
2014-01-03,93.75
2014-01-06,93.29
2014-01-07,93.39
2014-01-08,92.2
2014-01-09,91.69
2014-01-10,92.68
2014-01-13,91.74
2014-01-14,92.32
2014-01-15,93.77
2014-01-16,93.48
2014-01-17,94.03
2014-01-20,94.03
2014-01-21,94.4
2014-01-22,95.09
2014-01-23,95.05
2014-01-24,94.76
2014-01-27,93.97
2014-01-28,95.46
2014-01-29,95.38
2014-01-30,95.93
2014-01-31,94.85
2014-02-03,94.02
2014-02-04,94.75
2014-02-05,95.22
2014-02-06,95.94
2014-02-07,97.84
2014-02-10,97.81
2014-02-11,97.91
2014-02-12,98.37
2014-02-13,98.54
2014-02-14,98.73
2014-02-17,98.73
2014-02-18,100.3
2014-02-19,100.8
2014-02-20,100.89
2014-02-21,99.53
2014-02-24,100.21
2014-02-25,99.31
2014-02-26,99.75
2014-02-27,99.61
2014-02-28,99.96
2014-03-03,102.03
2014-03-04,100.65
2014-03-05,99.03
2014-03-06,99.2
2014-03-07,100.1
2014-03-10,98.86
2014-03-11,98.07
2014-03-12,96.44
2014-03-13,96.69
2014-03-14,97.31
2014-03-17,96.2
2014-03-18,97.09
2014-03-19,97.09
2014-03-20,97.15
2014-03-21,96.83
2014-03-24,97.01
2014-03-25,96.79
2014-03-26,97.71
2014-03-27,98.65
2014-03-28,98.98
2014-03-31,98.95
2014-04-01,97.28
2014-04-02,97.14
2014-04-03,97.95
2014-04-04,98.7
2014-04-07,98.18
2014-04-08,100.04
2014-04-09,100.67
2014-04-10,100.37
2014-04-11,100.51
2014-04-14,101.3
2014-04-15,101.12
2014-04-16,101.25
2014-04-17,101.38
2014-04-21,101.75
2014-04-22,100.32
2014-04-23,99.26
2014-04-24,99.73
2014-04-25,98.44
2014-04-28,98.29
2014-04-29,98.78
2014-04-30,97.39
2014-05-01,97.04
2014-05-02,97.27
2014-05-05,96.91
2014-05-06,96.76
2014-05-07,98.03
2014-05-08,97.71
2014-05-09,97.49
2014-05-12,98.18
2014-05-13,99.23
2014-05-14,99.89
2014-05-15,99.48
2014-05-16,99.82
2014-05-19,100.17
2014-05-20,100.5
2014-05-21,100.95
2014-05-22,100.76
2014-05-23,101.23
2014-05-27,100.98
2014-05-28,99.99
2014-05-29,100.65
2014-05-30,100
2014-06-02,99.9
2014-06-03,100.08
2014-06-04,100.02
2014-06-05,99.99
2014-06-06,100.07
2014-06-09,101.51
2014-06-10,101.42
2014-06-11,101.66
2014-06-12,103.7
2014-06-13,103.82
2014-06-16,104.16
2014-06-17,103.91
2014-06-18,103.85
2014-06-19,104.35
2014-06-20,104.9
2014-06-23,103.37
2014-06-24,103.4
2014-06-25,103.77
2014-06-26,103.24
2014-06-27,103.26
2014-06-30,102.98
2014-07-01,103.01
2014-07-02,102.28
2014-07-03,101.94
2014-07-07,101.5
2014-07-08,101.18
2014-07-09,100.28
2014-07-10,100.97
2014-07-11,98.99
2014-07-14,99.39
2014-07-15,98.43
2014-07-16,99.2
2014-07-17,100.29
2014-07-18,99.97
2014-07-21,100.77
2014-07-22,100.3
2014-07-23,99.95
2014-07-24,99.12
2014-07-25,99.37
2014-07-28,98.66
2014-07-29,98.24
2014-07-30,97.56
2014-07-31,96.21
2014-08-01,95.79
2014-08-04,96.28
2014-08-05,95.78
2014-08-06,95.5
2014-08-07,95.99
2014-08-08,96.03
2014-08-11,96.31
2014-08-12,95.59
2014-08-13,95.92
2014-08-14,93.29
2014-08-15,94.39
2014-08-18,92.77
2014-08-19,92.1
2014-08-20,92.57
2014-08-21,92.85
2014-08-22,92.82
2014-08-25,92.62
2014-08-26,93.05
2014-08-27,92.95
2014-08-28,93.15
2014-08-29,94.01
2014-09-02,91.62
2014-09-03,93.91
2014-09-04,93.06
2014-09-05,92.28
2014-09-08,91.62
2014-09-09,91.33
2014-09-10,90.26
2014-09-11,91.11
2014-09-12,90.48
2014-09-15,91.03
2014-09-16,92.66
2014-09-17,92.11
2014-09-18,91.11
2014-09-19,90.92
2014-09-22,90.11
2014-09-23,90.34
2014-09-24,91.1
2014-09-25,90.92
2014-09-26,91.57
2014-09-29,92.21
2014-09-30,89.39
2014-10-03,87.26
2014-10-06,88.11
2014-10-07,87.05
2014-10-08,85.9
2014-10-09,84.43
2014-10-10,84.46
2014-10-13,84.23
2014-10-14,80.4
2014-10-15,79.87
2014-10-16,81.09
2014-10-17,81.21
2014-10-20,80.9
2014-10-21,81.47
2014-10-22,79.54
2014-10-23,81.23
2014-10-24,80.54
2014-10-27,80.34
2014-10-28,80.83
2014-10-29,81.68
2014-10-30,80.64
2014-10-31,80.31
2014-11-03,78.85
2014-11-04,77.24
2014-11-05,78.51
2014-11-06,77.82
2014-11-07,78.54
2014-11-10,77.44
2014-11-11,77.86
2014-11-12,77.13
2014-11-13,74.06
2014-11-14,75.8
2014-11-17,75.8
2014-11-18,74.86
2014-11-19,74.37
2014-11-20,75.82
2014-11-21,76.74
2014-11-24,76.07
2014-11-25,74.37
2014-11-26,73.9
2014-11-28,66.64
2014-12-01,69.41
2014-12-02,67.39
2014-12-03,67.76
2014-12-04,67.23
2014-12-05,66.28
2014-12-08,63.59
2014-12-09,64.34
2014-12-10,61.7
2014-12-11,60.87
2014-12-12,58.76
2014-12-15,57.04
2014-12-16,56.85
2014-12-17,57.46
2014-12-18,55.06
2014-12-19,57.86
2014-12-22,56.49
2014-12-23,58.29
2014-12-24,57.14
2014-12-26,56.11
2014-12-29,55.14
2014-12-30,55.67
2014-12-31,54.96
2015-01-02,54.42
2015-01-05,51.95
2015-01-06,49.97
2015-01-07,50.48
2015-01-08,50.75
2015-01-09,50.54
2015-01-12,48.36
2015-01-13,48.05
2015-01-14,50.36
2015-01-15,48.3
2015-01-16,50.62
2015-01-20,48.01
2015-01-21,50.04
2015-01-22,48.8
2015-01-23,48.34
2015-01-26,48.03
2015-01-27,49
2015-01-28,47.51
2015-01-29,47.61
2015-01-30,51.22
2015-02-02,52.72
2015-02-03,56.11
2015-02-04,51.89
2015-02-05,53.79
2015-02-06,54.86
2015-02-09,55.82
2015-02-10,53.43
2015-02-11,52.43
2015-02-12,54.87
2015-02-13,56.25
2015-02-17,56.76
2015-02-18,55.19
2015-02-19,54.22
2015-02-20,53.45
2015-02-23,54.06
2015-02-24,53.79
2015-02-25,55.77
2015-02-26,53.69
2015-02-27,55.44
2015-03-02,54.4
2015-03-03,55.53
2015-03-04,55.74
2015-03-05,55.25
2015-03-06,54.24
2015-03-09,54.09
2015-03-10,52.59
2015-03-11,52.88
2015-03-12,52.27
2015-03-13,50.29
2015-03-16,49.45
2015-03-17,48.48
2015-03-18,50.36
2015-03-19,48.97
2015-03-20,50.01
2015-03-23,51.79
2015-03-24,51.55
2015-03-25,52.98
2015-03-26,55.23
2015-03-27,52.87
2015-03-30,52.84
2015-03-31,51.83
2015-04-01,53.98
2015-04-02,52.66
2015-04-06,55.49
2015-04-07,56.65
2015-04-08,53.63
2015-04-09,54.42
2015-04-10,55.51
2015-04-13,55.7
2015-04-14,56.68
2015-04-15,59.3
2015-04-16,59.85
2015-04-17,59.14
2015-04-20,59.75
2015-04-21,58.68
2015-04-22,59.1
2015-04-23,60.67
2015-04-24,60.5
2015-04-27,60.18
2015-04-28,59.93
2015-04-29,61.03
2015-04-30,61.78
2015-05-01,61.58
2015-05-04,61.38
2015-05-05,62.54
2015-05-06,62.93
2015-05-07,60.76
2015-05-08,61.15
2015-05-11,61.2
2015-05-12,62.58
2015-05-13,62.32
2015-05-14,61.73
2015-05-15,61.36
2015-05-18,60.91
2015-05-19,58.8
2015-05-20,60.03
2015-05-21,61.62
2015-05-22,60.67
2015-05-26,59.01
2015-05-27,58.23
2015-05-28,58.37
2015-05-29,60.96
2015-06-01,60.72
2015-06-02,61.78
2015-06-03,60.31
2015-06-04,58.84
2015-06-05,60.13
2015-06-08,59.2
2015-06-09,61.2
2015-06-10,62.35
2015-06-11,61.81
2015-06-12,60.96
2015-06-15,60.61
2015-06-16,61.09
2015-06-17,61.03
2015-06-18,61.48
2015-06-19,60.61
2015-06-22,61.07
2015-06-23,61.97
2015-06-24,61.18
2015-06-25,60.56
2015-06-26,60.58
2015-06-29,59.31
2015-06-30,60.44
2015-07-01,58.12
2015-07-02,58.01
2015-07-06,53.54
2015-07-07,53.44
2015-07-08,52.93
2015-07-09,54.08
2015-07-10,54.13
2015-07-13,53.68
2015-07-14,54.41
2015-07-15,52.72
2015-07-16,52.17
2015-07-17,52.13
2015-07-20,51.47
2015-07-21,51.93
2015-07-22,51.03
2015-07-23,50.24
2015-07-24,49.91
2015-07-27,49.21
2015-07-28,49.71
2015-07-29,50.32
2015-07-30,50.18
2015-07-31,48.92
2015-08-03,46.87
2015-08-04,47.36
2015-08-05,46.84
2015-08-06,46.54
2015-08-07,45.85
2015-08-10,47.32
2015-08-11,45.68
2015-08-12,45.94
2015-08-13,45.16
2015-08-14,45.24
2015-08-17,44.47
2015-08-18,44.91
2015-08-19,43.01
2015-08-20,42.9
2015-08-21,42.63
2015-08-24,40.37
2015-08-25,41.34
2015-08-26,41.01
2015-08-27,45.17
2015-08-28,47.72
2015-08-31,51.63
2015-09-01,47.4
2015-09-02,48.22
2015-09-03,48.57
2015-09-04,47.86
2015-09-08,47.92
2015-09-09,46.2
2015-09-10,47.68
2015-09-11,46.47
2015-09-14,45.46
2015-09-15,46.14
2015-09-16,48.5
2015-09-17,48.19
2015-09-18,46.17
2015-09-21,48.01
2015-09-22,47.57
2015-09-23,46.54
2015-09-24,46.89
2015-09-25,47.44
2015-09-28,46.05
2015-09-29,46.76
2015-09-30,46.76
2015-10-01,46.39
2015-10-02,47.22
2015-10-05,48.12
2015-10-06,50.34
2015-10-07,49.79
2015-10-08,51.28
2015-10-09,51.4
2015-10-13,48.58
2015-10-14,48.66
2015-10-15,48.38
2015-10-16,49.19
2015-10-19,47.68
2015-10-20,47.71
2015-10-21,47.35
2015-10-22,47.58
2015-10-23,46.98
2015-10-26,46.42
2015-10-27,45.62
2015-10-28,48.29
2015-10-29,48.31
2015-10-30,48.95
2015-11-02,48.58
2015-11-03,50.34
2015-11-04,48.69
2015-11-05,47.83
2015-11-06,47.09
2015-11-09,46.84
2015-11-10,47.13
2015-11-12,44.79
2015-11-13,43.86
2015-11-16,44.63
2015-11-17,43.63
2015-11-18,44.03
2015-11-19,43.88
2015-11-20,44.23
2015-11-23,45.18
2015-11-24,46.4
2015-11-25,46.35
2015-11-27,45
2015-11-30,44.77
2015-12-01,44.89
2015-12-02,43.42
2015-12-03,44.5
2015-12-04,43.47
2015-12-07,41.47
2015-12-08,41.14
2015-12-09,40.91
2015-12-10,40.82
2015-12-11,39.59
2015-12-14,39.66
2015-12-15,40.4
2015-12-16,38.85
2015-12-17,38.44
2015-12-18,38.16
2015-12-21,37.73
2015-12-22,38.52
2015-12-23,39.8
2015-12-24,40.64
2015-12-28,39.4
2015-12-29,40.4
2015-12-30,39.27
2015-12-31,39.98
2016-01-04,39.8
2016-01-05,39.15
2016-01-06,37.3
2016-01-07,36.68
2016-01-08,36.55
2016-01-11,34.79
2016-01-12,33.7
2016-01-13,33.28
2016-01-14,34.09
2016-01-15,32.31
2016-01-19,31.68
2016-01-20,30.83
2016-01-21,32.86
2016-01-22,35.65
2016-01-25,34.21
2016-01-26,35.27
2016-01-27,36.12
2016-01-28,37.09
2016-01-29,38
2016-02-01,36.23
2016-02-02,34.63
2016-02-03,36.67
2016-02-04,36.3
2016-02-05,35.94
2016-02-08,34.92
2016-02-09,32.74
2016-02-10,32.96
2016-02-11,32.21
2016-02-12,35.24
2016-02-16,33.93
2016-02-17,35.97
2016-02-18,35.76
2016-02-19,34.59
2016-02-22,36.18
2016-02-23,35.78
2016-02-24,36.44
2016-02-25,37.05
2016-02-26,36.72
2016-02-29,37.79
2016-03-01,38.11
2016-03-02,38.18
2016-03-03,38.35
2016-03-04,39.87
2016-03-07,41.92
2016-03-08,40.46
2016-03-09,41.87
2016-03-10,41
2016-03-11,41.65
2016-03-14,40.52
2016-03-15,39.76
2016-03-16,41.46
2016-03-17,42.96
2016-03-18,42.68
2016-03-21,43.04
2016-03-22,43.66
2016-03-23,42.22
2016-03-24,41.98
2016-03-28,41.82
2016-03-29,40.91
2016-03-30,41.2
2016-03-31,41.36
2016-04-01,39.84
2016-04-04,38.63
2016-04-05,38.59
2016-04-06,40.45
2016-04-07,39.91
2016-04-08,42.38
2016-04-11,43.22
2016-04-12,44.83
2016-04-13,44.35
2016-04-14,43.92
2016-04-15,43.03
2016-04-18,42.6
2016-04-19,43.82
2016-04-20,45.49
2016-04-21,44.8
2016-04-22,45.37
2016-04-25,44.59
2016-04-26,45.8
2016-04-27,47.09
2016-04-28,47.72
2016-04-29,47.5
2016-05-02,46.26
2016-05-03,45.32
2016-05-04,45.24
2016-05-05,45.65
2016-05-06,46.12
2016-05-09,44.84
2016-05-10,46.27
2016-05-11,47.9
2016-05-12,48.31
2016-05-13,47.82
2016-05-16,49.18
2016-05-17,49.76
2016-05-18,49.58
2016-05-19,49.42
2016-05-20,49.22
2016-05-23,49.28
2016-05-24,49.72
2016-05-25,50.61
2016-05-26,50.54
2016-05-27,50.47
2016-05-31,50.27
2016-06-01,50.23
2016-06-03,49.88
2016-06-06,50.93
2016-06-07,51.75
2016-06-08,52.67
2016-06-09,52.13
2016-06-10,50.68
2016-06-13,50.48
2016-06-14,49.99
2016-06-15,49.35
2016-06-16,47.68
2016-06-17,49.53
2016-06-20,50.95
2016-06-21,50.93
2016-06-22,50.74
2016-06-23,51.71
2016-06-24,49.29
2016-06-27,48.06
2016-06-28,49.72
2016-06-29,51.7
2016-06-30,50.13
2016-07-01,50.82
2016-07-05,48.51
2016-07-06,49.34
2016-07-07,47.07
2016-07-08,47.37
2016-07-11,46.93
2016-07-12,48.92
2016-07-13,46.76
2016-07-14,47.77
2016-07-15,47.89
2016-07-18,47.22
2016-07-19,46.88
2016-07-20,47.19
2016-07-21,46.89
2016-07-22,46.27
2016-07-25,45.33
2016-07-26,45.15
2016-07-27,44.02
2016-07-28,43.31
2016-07-29,43.84
2016-08-01,42.39
2016-08-02,41.92
2016-08-03,43.11
2016-08-04,44.2
2016-08-05,44.12
2016-08-08,45.22
2016-08-09,44.95
2016-08-10,44
2016-08-11,45.71
2016-08-12,46.57
2016-08-15,47.77
2016-08-16,48.57
2016-08-17,48.96
2016-08-18,50.19
2016-08-19,50.32
2016-08-22,48.64
2016-08-23,50.01
2016-08-24,48.81
2016-08-25,49.35
2016-08-26,49.63
2016-08-29,48.93
2016-08-30,48.24
2016-08-31,46.51
2016-09-01,44.94
2016-09-02,46.24
2016-09-06,46.74
2016-09-07,47.47
2016-09-08,49.57
2016-09-09,47.69
2016-09-12,48.05
2016-09-13,46.76
2016-09-14,45.44
2016-09-15,45.92
2016-09-16,45.06
2016-09-19,45.25
2016-09-20,45.35
2016-09-21,47.06
2016-09-22,48.06
2016-09-23,46.28
2016-09-26,47.66
2016-09-27,46.38
2016-09-28,48.74
2016-09-29,49.49
2016-09-30,49.93
2016-10-03,50.57
2016-10-04,50.53
2016-10-05,51.52
2016-10-06,52.08
2016-10-07,51.53
2016-10-11,52.21
2016-10-12,51.64
2016-10-13,51.86
2016-10-14,51.73
2016-10-17,51.4
2016-10-18,51.63
2016-10-19,52.72
2016-10-20,51.64
2016-10-21,52.54
2016-10-24,52.35
2016-10-25,51.78
2016-10-26,51.02
2016-10-27,51.49
2016-10-28,50.5
2016-10-31,48.62
2016-11-01,48.38
2016-11-02,47.14
2016-11-03,46.53
2016-11-04,45.92
2016-11-07,46.74
2016-11-08,46.98
2016-11-09,47.4
2016-11-10,46.88
2016-11-14,45.35
2016-11-15,47.71
2016-11-16,47.44
2016-11-17,47.45
2016-11-18,47.85
2016-11-21,49.82
2016-11-22,50.5
2016-11-23,50.43
2016-11-28,49.57
2016-11-29,47.72
2016-11-30,51.89
2016-12-01,53.44
2016-12-02,54.17
2016-12-05,54.47
2016-12-06,53.63
2016-12-07,52.72
2016-12-08,53.49
2016-12-09,53.94
2016-12-12,55.2
2016-12-13,55.46
2016-12-14,53.77
2016-12-15,53.62
2016-12-16,54.56
2016-12-19,54.55
2016-12-20,54.9
2016-12-21,54.66
2016-12-22,55.2
2016-12-23,55.24
2016-12-27,56.06
2016-12-28,56.25
2016-12-29,56.11
2016-12-30,56.05
2017-01-03,54.81
2017-01-04,55.75
2017-01-05,56.17
2017-01-06,56.37
2017-01-09,54.47
2017-01-10,53.28
2017-01-11,54.59
2017-01-12,55.39
2017-01-13,54.68
2017-01-17,54.75
2017-01-18,53.37
2017-01-19,53.5
2017-01-20,54.62
2017-01-23,54.71
2017-01-24,54.96
2017-01-25,54.43
2017-01-26,55.34
2017-01-27,54.67
2017-01-30,54.24
2017-01-31,54.38
2017-02-01,55.41
2017-02-02,55.09
2017-02-03,55.41
2017-02-06,54.6
2017-02-07,53.72
2017-02-08,53.76
2017-02-09,54.25
2017-02-10,55.18
2017-02-13,54.25
2017-02-14,54.48
2017-02-15,54.31
2017-02-16,54.33
2017-02-17,54.37
2017-02-21,54.81
2017-02-22,54.37
2017-02-23,55.13
2017-02-24,54.76
2017-02-27,54.9
2017-02-28,55
2017-03-01,54.87
2017-03-02,53.69
2017-03-03,54.39
2017-03-06,54.42
2017-03-07,54.32
2017-03-08,51.57
2017-03-09,50.59
2017-03-10,49.77
2017-03-13,49.7
2017-03-14,49.19
2017-03-15,50.09
2017-03-16,49.94
2017-03-17,50.04
2017-03-20,49.81
2017-03-21,49.22
2017-03-22,49.23
2017-03-23,48.89
2017-03-24,49.13
2017-03-27,48.97
2017-03-28,49.53
2017-03-29,50.59
2017-03-30,51.34
2017-03-31,51.66
2017-04-03,51.35
2017-04-04,52.16
2017-04-05,52.22
2017-04-06,52.72
2017-04-07,53.16
2017-04-10,54.01
2017-04-11,54.31
2017-04-12,54.09
2017-04-13,54.18
2017-04-17,53.74
2017-04-18,53.46
2017-04-19,51.48
2017-04-20,51.36
2017-04-21,50.55
2017-04-24,50.17
2017-04-25,50.42
2017-04-26,50.45
2017-04-27,49.8
2017-04-28,50.08
2017-05-01,49.63
2017-05-02,48.48
2017-05-03,48.69
2017-05-04,46.47
2017-05-05,47.2
2017-05-08,47.5
2017-05-09,46.92
2017-05-10,48.29
2017-05-11,48.77
2017-05-12,48.67
2017-05-15,49.61
2017-05-16,49.55
2017-05-17,49.97
2017-05-18,50.14
2017-05-19,51.13
2017-05-22,51.63
2017-05-23,52.08
2017-05-24,51.89
2017-05-25,49.48
2017-05-26,50.36
2017-05-30,50.23
2017-05-31,48.87
2017-06-01,48.94
2017-06-02,48.2
2017-06-05,47.89
2017-06-06,48.61
2017-06-07,46.43
2017-06-08,46.35
2017-06-09,46.53
2017-06-12,46.75
2017-06-13,47.07
2017-06-14,45.34
2017-06-15,45.14
2017-06-16,45.41
2017-06-19,44.92
2017-06-20,44.02
2017-06-21,43.22
2017-06-22,43.45
2017-06-23,43.79
2017-06-26,44.11
2017-06-27,45.01
2017-06-28,45.51
2017-06-29,45.72
2017-06-30,46.77
2017-07-03,47.74
2017-07-05,45.81
2017-07-06,46.13
2017-07-07,44.8
2017-07-10,45.04
2017-07-11,45.65
2017-07-12,46.01
2017-07-13,46.59
2017-07-14,47.12
2017-07-17,46.64
2017-07-18,46.99
2017-07-19,47.73
2017-07-20,47.34
2017-07-21,46.45
2017-07-24,46.95
2017-07-25,48.37
2017-07-26,49.11
2017-07-27,49.44
2017-07-28,50
2017-07-31,50.46
2017-08-01,49.57
2017-08-02,49.99
2017-08-03,49.48
2017-08-04,50.02
2017-08-07,49.92
2017-08-08,49.68
2017-08-09,50.01
2017-08-10,49
2017-08-11,49.23
2017-08-14,48.03
2017-08-15,47.96
2017-08-16,47.25
2017-08-17,47.53
2017-08-18,48.93
2017-08-21,47.79
2017-08-22,48.18
2017-08-23,48.97
2017-08-24,48.11
2017-08-25,48.53
2017-08-28,47.52
2017-08-29,47.79
2017-08-30,47.25
2017-08-31,49
2017-09-01,48.99
2017-09-05,49.86
2017-09-06,50.31
2017-09-07,50.23
2017-09-08,48.95
2017-09-11,49.42
2017-09-12,49.48
2017-09-13,50.35
2017-09-14,50.89
2017-09-15,51.09
2017-09-18,50.9
2017-09-19,50.5
2017-09-20,51.29
2017-09-21,51.39
2017-09-22,51.47
2017-09-25,52.84
2017-09-26,52.54
2017-09-27,52.72
2017-09-28,52.2
2017-09-29,52.22
2017-10-02,51.27
2017-10-03,51.13
2017-10-04,50.79
2017-10-05,51.64
2017-10-06,50.12
2017-10-10,51.58
2017-10-11,51.95
2017-10-12,51.33
2017-10-13,52.1
2017-10-16,52.49
2017-10-17,52.39
2017-10-18,52.56
2017-10-19,51.87
2017-10-20,52.17
2017-10-23,52.26
2017-10-24,52.87
2017-10-25,52.71
2017-10-26,53.1
2017-10-27,54.21
2017-10-30,54.53
2017-10-31,54.72
2017-11-01,54.66
2017-11-02,54.93
2017-11-03,56.02
2017-11-06,57.72
2017-11-07,57.63
2017-11-08,57.32
2017-11-09,57.65
2017-11-13,57.27
2017-11-14,56.16
2017-11-15,55.79
2017-11-16,55.6
2017-11-17,56.87
2017-11-20,56.6
2017-11-21,56.92
2017-11-22,57.78
2017-11-27,57.92
2017-11-28,57.88
2017-11-29,57.2
2017-11-30,57.28
2017-12-01,58.17
2017-12-04,57.31
2017-12-05,57.58
2017-12-06,56.07
2017-12-07,56.76
2017-12-08,57.46
2017-12-11,58.01
2017-12-12,57.08
2017-12-13,56.4
2017-12-14,56.93
2017-12-15,57.12
2017-12-18,57.2
2017-12-19,57.56
2017-12-20,58.04
2017-12-21,58.3
2017-12-22,58.48
2017-12-26,59.86
2017-12-27,59.6
2017-12-28,59.73
2017-12-29,60.27
2018-01-01,60.27
2018-01-02,60.2
2018-01-03,61.21
2018-01-04,61.52
2018-01-05,61.15
2018-01-08,61.48
2018-01-09,62.49
2018-01-10,62.98
2018-01-11,63.2
2018-01-12,63.77
2018-01-15,63.77
2018-01-16,63.27
2018-01-17,63.52
2018-01-18,63.49
2018-01-19,62.96
2018-01-22,63.23
2018-01-23,63.79
2018-01-24,64.61
2018-01-25,64.72
2018-01-26,65.26
2018-01-29,64.71
2018-01-30,63.77
2018-01-31,63.96
2018-02-01,64.8
2018-02-02,64.11
2018-02-05,62.96
2018-02-06,62.26
2018-02-07,60.81
2018-02-08,60.27
2018-02-09,58.32
2018-02-12,58.35
2018-02-13,58.41
2018-02-14,59.92
2018-02-15,60.28
2018-02-16,60.73
2018-02-19,60.73
2018-02-20,61.2
2018-02-21,60.78
2018-02-22,61.78
2018-02-23,62.67
2018-02-26,63
2018-02-27,62.22
2018-02-28,60.67
2018-03-01,59.98
2018-03-02,60.36
2018-03-05,61.6
2018-03-06,61.73
2018-03-07,60.37
2018-03-08,59.64
2018-03-09,61.33
2018-03-12,60.87
2018-03-13,60.41
2018-03-14,60.66
2018-03-15,60.85
2018-03-16,61.94
2018-03-19,61.61
2018-03-20,62.9
2018-03-21,64
2018-03-22,63.37
2018-03-23,64.74
2018-03-26,64.49
2018-03-27,64.36
2018-03-28,63.59
2018-03-29,64.04
2018-03-30,64.04
2018-04-02,62.26
2018-04-03,62.77
2018-04-04,62.69
2018-04-05,62.98
2018-04-06,61.64
2018-04-09,62.91
2018-04-10,64.7
2018-04-11,65.91
2018-04-12,66.01
2018-04-13,66.45
2018-04-16,65.46
2018-04-17,65.75
2018-04-18,67.55
2018-04-19,67.53
2018-04-20,67.66
2018-04-23,67.43
2018-04-24,66.62
2018-04-25,66.98
2018-04-26,67.21
2018-04-27,67.1
2018-04-30,67.68
2018-05-01,66.35
2018-05-02,66.82
2018-05-03,67.22
2018-05-04,68.62
2018-05-07,69.76
2018-05-08,68.19
2018-05-09,70.27
2018-05-10,70.63
2018-05-11,70.09
2018-05-14,70.45
2018-05-15,70.72
2018-05-16,70.93
2018-05-17,70.86
2018-05-18,70.62
2018-05-21,71.54
2018-05-22,71.57
2018-05-23,70.82
2018-05-24,69.69
2018-05-25,67.06
2018-05-28,67.06
2018-05-29,65.87
2018-05-30,67.18
2018-05-31,66.11
2018-06-01,65.23
2018-06-04,64.26
2018-06-05,64.95
2018-06-06,64.27
2018-06-07,65.3
2018-06-08,65.06
2018-06-11,65.36
2018-06-12,65.58
2018-06-13,65.84
2018-06-14,65.79
2018-06-15,63.94
2018-06-18,64.81
2018-06-19,64.13
2018-06-20,64.72
2018-06-21,63.84
2018-06-22,66.34
2018-06-25,65.79
2018-06-26,67.59
2018-06-27,69.22
2018-06-28,69.51
2018-06-29,70.16
2018-07-02,68.51
2018-07-03,68.06
2018-07-04,68.06
2018-07-05,67.96
2018-07-06,68.5
2018-07-09,69.22
2018-07-10,69.88
2018-07-11,66.33
2018-07-12,67.44
2018-07-13,68.01
2018-07-16,65.11
2018-07-17,65.27
2018-07-18,65.89
2018-07-19,65.99
2018-07-20,66.18
2018-07-23,66.14
2018-07-24,66.47
2018-07-25,67.26
2018-07-26,67.67
2018-07-27,67.04
2018-07-30,68.14
2018-07-31,66.97
2018-08-01,65.78
2018-08-02,66.79
2018-08-03,66.59
2018-08-06,67.1
2018-08-07,67.62
2018-08-08,65.54
2018-08-09,65.48
2018-08-10,66.21
2018-08-13,65.88
2018-08-14,65.71
2018-08-15,64
2018-08-16,64.42
2018-08-17,64.66
2018-08-20,64.8
2018-08-21,65.19
2018-08-22,66.93
2018-08-23,66.98
2018-08-24,67.78
2018-08-27,67.99
2018-08-28,67.69
2018-08-29,68.61
2018-08-30,69.17
2018-08-31,68.79
2018-09-03,68.79
2018-09-04,69.04
2018-09-05,67.94
2018-09-06,67.07
2018-09-07,67.19
2018-09-10,67.17
2018-09-11,68.71
2018-09-12,69.88
2018-09-13,68.25
2018-09-14,68.54
2018-09-17,68.47
2018-09-18,69.3
2018-09-19,70.28
2018-09-20,69.88
2018-09-21,69.79
2018-09-24,71.26
2018-09-25,71.69
2018-09-26,71.06
2018-09-27,71.63
2018-09-28,72.7
2018-10-01,74.83
2018-10-02,74.76
2018-10-03,75.96
2018-10-04,74.03
2018-10-05,74.05
2018-10-08,73.9
2018-10-09,74.51
2018-10-10,72.82
2018-10-11,70.6
2018-10-12,70.99
2018-10-15,71.45
2018-10-16,71.64
2018-10-17,69.73
2018-10-18,68.76
2018-10-19,69.39
2018-10-22,69.57
2018-10-23,66.89
2018-10-24,67.16
2018-10-25,67.58
2018-10-26,67.93
2018-10-29,67.48
2018-10-30,66.55
2018-10-31,65.73
2018-11-01,64.06
2018-11-02,63.56
2018-11-05,63.45
2018-11-06,62.6
2018-11-07,62.2
2018-11-08,61.29
2018-11-09,60.75
2018-11-12,60.49
2018-11-13,56.28
2018-11-14,56.89
2018-11-15,57.1
2018-11-16,57.07
2018-11-19,57.43
2018-11-20,53.82
2018-11-21,55.11
2018-11-22,55.11
2018-11-23,50.91
2018-11-26,52.08
2018-11-27,52.02
2018-11-28,50.83
2018-11-29,51.92
2018-11-30,51.36
2018-12-03,53.52
2018-12-04,53.9
2018-12-05,53.61
2018-12-06,52.24
2018-12-07,53.31
2018-12-10,51.65
2018-12-11,52.21
2018-12-12,51.86
2018-12-13,53.33
2018-12-14,52.06
2018-12-17,50.91
2018-12-18,47.3
2018-12-19,48.83
2018-12-20,46.88
2018-12-21,46.61
2018-12-24,43.55
2018-12-25,43.55
2018-12-26,47.26
2018-12-27,45.63
2018-12-28,46.27
2018-12-31,46.51
2019-01-01,46.51
2019-01-02,47.7
2019-01-03,48.22
2019-01-04,49.1
2019-01-07,49.6
2019-01-08,50.93
2019-01-09,53.51
2019-01-10,53.73
2019-01-11,52.7
2019-01-14,51.55
2019-01-15,53.08
2019-01-16,53.33
2019-01-17,53.11
2019-01-18,54.64
2019-01-21,54.64
2019-01-22,53.7
2019-01-23,53.73
2019-01-24,54.14
2019-01-25,54.66
2019-01-28,53.01
2019-01-29,54.27
2019-01-30,55
2019-01-31,54.6
2019-02-01,56.21
2019-02-04,55.7
2019-02-05,54.91
2019-02-06,55.28
2019-02-07,53.93
2019-02-08,54.02
2019-02-11,53.79
2019-02-12,54.53
2019-02-13,55.42
2019-02-14,55.9
2019-02-15,57.1
2019-02-18,57.1
2019-02-19,57.48
2019-02-20,58.13
2019-02-21,58.45
2019-02-22,58.71
2019-02-25,56.88
2019-02-26,57.01
2019-02-27,58.33
2019-02-28,58.49
2019-03-01,57.11
2019-03-04,57.89
2019-03-05,57.87
2019-03-06,57.6
2019-03-07,57.95
2019-03-08,57.32
2019-03-11,57.97
2019-03-12,58.06
2019-03-13,59.32
2019-03-14,59.54
2019-03-15,59.44
2019-03-18,59.94
2019-03-19,59.88
2019-03-20,60.73
2019-03-21,60.62
2019-03-22,59.75
2019-03-25,59.55
2019-03-26,60.34
2019-03-27,59.91
2019-03-28,59.76
2019-03-29,60.49
2019-04-01,61.83
2019-04-02,62.55
2019-04-03,62.55
2019-04-04,62.29
2019-04-05,63.17
2019-04-08,64.06
2019-04-09,63.77
2019-04-10,64.57
2019-04-11,63.69
2019-04-12,64.08
2019-04-15,63.7
2019-04-16,64.27
2019-04-17,63.97
2019-04-18,64.11
2019-04-19,64.11
2019-04-22,65.37
2019-04-23,65.79
2019-04-24,65.55
2019-04-25,65.07
2019-04-26,63.23
2019-04-29,63.42
2019-04-30,63.84
2019-05-01,63.62
2019-05-02,61.89
2019-05-03,62.01
2019-05-06,62.35
2019-05-07,61.47
2019-05-08,62.19
2019-05-09,61.82
2019-05-10,61.83
2019-05-13,61.3
2019-05-14,62.1
2019-05-15,62.45
2019-05-16,63.19
2019-05-17,62.98
2019-05-20,63.23
2019-05-21,63.19
2019-05-22,61.37
2019-05-23,57.91
2019-05-24,58.66
2019-05-27,58.66
2019-05-28,59.45
2019-05-29,58.94
2019-05-30,56.78
2019-05-31,53.72
2019-06-03,53.44
2019-06-04,53.71
2019-06-05,51.91
2019-06-06,52.8
2019-06-07,54.25
2019-06-10,53.64
2019-06-11,53.74
2019-06-12,51.62
2019-06-13,52.78
2019-06-14,53
2019-06-17,52.35
2019-06-18,54.14
2019-06-19,53.99
2019-06-20,57.05
2019-06-21,57.25
2019-06-24,57.64
2019-06-25,57.66
2019-06-26,59.14
2019-06-27,59.19
2019-06-28,58.22
2019-07-01,58.83
2019-07-02,56.18
2019-07-03,57.37
2019-07-04,57.37
2019-07-05,57.48
2019-07-08,57.65
2019-07-09,57.85
2019-07-10,60.34
2019-07-11,60.11
2019-07-12,60.15
2019-07-15,59.52
2019-07-16,57.61
2019-07-17,56.93
2019-07-18,55.43
2019-07-19,55.86
2019-07-22,56.33
2019-07-23,56.85
2019-07-24,56.05
2019-07-25,56.27
2019-07-26,56.43
2019-07-29,56.97
2019-07-30,58
2019-07-31,58.5
2019-08-01,53.95
2019-08-02,55.56
2019-08-05,54.3
2019-08-06,53.42
2019-08-07,50.86
2019-08-08,52.1
2019-08-09,53.78
2019-08-12,54.19
2019-08-13,56.54
2019-08-14,54.66
2019-08-15,53.71
2019-08-16,53.99
2019-08-19,55.21
2019-08-20,55.34
2019-08-21,54.82
2019-08-22,54.52
2019-08-23,53.41
2019-08-26,52.91
2019-08-27,54.09
2019-08-28,54.86
2019-08-29,55.61
2019-08-30,54.16
2019-09-02,54.16
2019-09-03,53.13
2019-09-04,55.43
2019-09-05,55.53
2019-09-06,55.82
2019-09-09,57.03
2019-09-10,56.6
2019-09-11,55.12
2019-09-12,54.57
2019-09-13,54.27
2019-09-16,61.13
2019-09-17,57.92
2019-09-18,57.08
2019-09-19,57.43
2019-09-20,57.39
2019-09-23,57.45
2019-09-24,56.14
2019-09-25,55.47
2019-09-26,55.45
2019-09-27,54.98
2019-09-30,53.32
2019-10-01,52.91
2019-10-02,51.95
2019-10-03,51.89
2019-10-04,52.33
2019-10-07,52.37
2019-10-08,52.29
2019-10-09,52.29
2019-10-10,53.19
2019-10-11,54.54
2019-10-14,53.58
2019-10-15,52.81
2019-10-16,53.36
2019-10-17,53.86
2019-10-18,53.62
2019-10-21,53.41
2019-10-22,54.34
2019-10-23,55.52
2019-10-24,55.85
2019-10-25,56.32
2019-10-28,55.63
2019-10-29,55.47
2019-10-30,54.66
2019-10-31,53.92
2019-11-01,55.86
2019-11-04,56.18
2019-11-05,56.84
2019-11-06,55.84
2019-11-07,56.54
2019-11-08,56.77
2019-11-11,56.49
2019-11-12,56.48
2019-11-13,56.82
2019-11-14,56.48
2019-11-15,57.37
2019-11-18,56.67
2019-11-19,55
2019-11-20,56.58
2019-11-21,57.58
2019-11-22,56.98
2019-11-25,57.28
2019-11-26,57.71
2019-11-27,57.54
2019-11-28,57.54
2019-12-02,55.47
2019-12-03,55.52
2019-12-04,57.64
2019-12-05,57.68
2019-12-06,58.37
2019-12-09,58.28
2019-12-10,58.53
2019-12-11,57.98
2019-12-12,58.36
2019-12-13,59.26
2019-12-16,59.46
2019-12-17,60.09
2019-12-18,60.15
2019-12-19,60.46
2019-12-20,59.55
2019-12-23,59.68
2019-12-24,60.26
2019-12-25,60.26
2019-12-26,60.73
2019-12-27,60.79
2019-12-30,60.66
2019-12-31,59.97
2020-01-02,60.24
2020-01-03,62.02
2020-01-06,62.23
2020-01-07,61.81
2020-01-08,58.92
2020-01-09,58.99
2020-01-10,58.63
2020-01-13,57.82
2020-01-14,58.02
2020-01-15,57.58
2020-01-16,58.21
2020-01-17,58.3
2020-01-21,58.16
2020-01-22,56.43
2020-01-23,55.34
2020-01-24,53.91
2020-01-27,52.97
2020-01-28,53.33
2020-01-29,53.31
2020-01-30,52.23
2020-01-31,51.8
2020-02-03,50.58
2020-02-04,50.19
2020-02-05,51.31
2020-02-06,51.58
2020-02-07,51.04
2020-02-10,50.25
2020-02-11,50.68
2020-02-12,51.91
2020-02-13,52.15
2020-02-14,52.79
2020-02-18,52.82
2020-02-19,53.9
2020-02-20,54.13
2020-02-21,53.5
2020-02-24,51.72
2020-02-25,50.14
2020-02-26,48.99
2020-02-27,47.55
2020-02-28,45.23
2020-03-02,47.14
2020-03-03,47.52
2020-03-04,47.22
2020-03-05,46.34
2020-03-06,42.04
2020-03-09,32.46
2020-03-10,35.58
2020-03-11,34.39
2020-03-12,33.11
2020-03-13,33.15
2020-03-16,30.22
2020-03-17,28.96
2020-03-18,23.22
2020-03-19,27.96
2020-03-20,25.93
2020-03-23,28.44
2020-03-24,29.3
2020-03-25,30.46
2020-03-26,29.85
2020-03-27,30.05
2020-03-30,29.56
2020-03-31,29.79
2020-04-01,28.31
2020-04-02,30.91
2020-04-03,33
2020-04-06,32.93
2020-04-07,32.92
2020-04-08,33.65
2020-04-09,33.12
2020-04-13,34.42
2020-04-14,33.65
2020-04-15,31.49
2020-04-16,31.09
2020-04-17,31.2
2020-04-20,28.51
2020-04-21,21.61
2020-04-22,25.77
2020-04-23,25.89
2020-04-24,25.71
2020-04-27,23.84
2020-04-28,23.77
2020-04-29,24.5
2020-04-30,26.37
2020-05-01,25.69
2020-05-04,26.08
2020-05-05,29.26
2020-05-06,28.19
2020-05-07,27.81
2020-05-08,29.51
2020-05-11,28.1
2020-05-12,28.49
2020-05-13,27.84
2020-05-14,29.42
2020-05-15,30.69
2020-05-18,32.87
2020-05-19,33.01
2020-05-20,34.65
2020-05-21,35.12
2020-05-22,34.49
2020-05-26,35.56
2020-05-27,34.04
2020-05-28,34.81
2020-05-29,36.43
2020-06-01,36.4
2020-06-02,37.53
2020-06-03,38.05
2020-06-04,38.21
2020-06-05,40.15
2020-06-08,38.8
2020-06-09,39.53
2020-06-10,40.09
2020-06-11,37
2020-06-12,37
2020-06-15,37.96
2020-06-16,39.09
2020-06-17,38.58
2020-06-18,39.38
2020-06-19,40.02
2020-06-22,40.95
2020-06-23,40.73
2020-06-24,38.56
2020-06-25,39.26
2020-06-26,38.94
2020-06-29,40.04
2020-06-30,39.58
2020-07-01,40.23
2020-07-02,41.02
2020-07-06,40.99
2020-07-07,40.94
2020-07-08,41.29
2020-07-09,40.2
2020-07-10,41.1
2020-07-13,40.64
2020-07-14,40.88
2020-07-15,41.69
2020-07-16,41.24
2020-07-17,41.11
2020-07-20,41.24
2020-07-21,42.17
2020-07-22,42.28
2020-07-23,41.51
2020-07-24,41.82
2020-07-27,42.18
2020-07-28,41.74
2020-07-29,42.04
2020-07-30,40.92
2020-07-31,41.22
2020-08-03,41.99
2020-08-04,42.46
2020-08-05,43.04
2020-08-06,42.89
2020-08-07,42.19
2020-08-10,42.8
2020-08-11,42.51
2020-08-12,43.52
2020-08-13,43.15
2020-08-14,43
2020-08-17,43.78
2020-08-18,43.76
2020-08-19,43.69
2020-08-20,43.39
2020-08-21,43.23
2020-08-24,43.6
2020-08-25,44.24
2020-08-26,44.31
2020-08-27,43.91
2020-08-28,43.94
2020-08-31,43.53
2020-09-01,43.75
2020-09-02,42.6
2020-09-03,42.5
2020-09-04,41.02
2020-09-08,38.21
2020-09-09,39.34
2020-09-10,38.6
2020-09-11,38.56
2020-09-14,38.47
2020-09-15,39.38
2020-09-16,41.1
2020-09-17,41.87
2020-09-18,41.93
2020-09-21,40.19
2020-09-22,40.4
2020-09-23,40.86
2020-09-24,41.24
2020-09-25,41.13
2020-09-28,41.5
2020-09-29,40.23
2020-09-30,41.13
2020-10-01,39.76
2020-10-02,38.15
2020-10-05,40.28
2020-10-06,41.61
2020-10-07,40.94
2020-10-08,42.14
2020-10-09,41.6
2020-10-12,40.47
2020-10-13,41.19
2020-10-14,41.97
2020-10-15,41.84
2020-10-16,41.7
2020-10-19,41.63
2020-10-20,42.24
2020-10-21,40.9
2020-10-22,41.5
2020-10-23,40.73
2020-10-26,39.54
2020-10-27,40.46
2020-10-28,38.43
2020-10-29,37.25
2020-10-30,37
2020-11-02,38.08
2020-11-03,38.83
2020-11-04,40.24
2020-11-05,39.87
2020-11-06,38.34
2020-11-09,41.31
2020-11-10,42.27
2020-11-11,42.37
2020-11-12,42.05
2020-11-13,41.01
2020-11-16,42.09
2020-11-17,42.17
2020-11-18,42.49
2020-11-19,42.34
2020-11-20,42.84
2020-11-23,43.59
2020-11-24,45.35
2020-11-25,46.11
2020-11-30,45.74
2020-12-01,44.98
2020-12-02,45.64
2020-12-03,45.96
2020-12-04,46.6
2020-12-07,46.19
2020-12-08,46.09
2020-12-09,45.99
2020-12-10,47.15
2020-12-11,46.96
2020-12-14,47.36
2020-12-15,47.95
2020-12-16,48.19
2020-12-17,48.73
2020-12-18,49.4
2020-12-21,48.17
2020-12-22,47.32
2020-12-23,48.37
2020-12-24,48.45
2020-12-28,47.93
2020-12-29,48.3
2020-12-30,48.59
2020-12-31,48.69
2021-01-04,47.92
2021-01-05,50.01
2021-01-06,50.57
2021-01-07,50.73
2021-01-08,52.04
2021-01-11,52.06
2021-01-12,53
2021-01-13,52.81
2021-01-14,53.37
2021-01-15,52.23
2021-01-19,52.75
2021-01-20,52.98
2021-01-21,52.61
2021-01-22,51.82
2021-01-25,52.26
2021-01-26,52.12
2021-01-27,52.26
2021-01-28,51.81
2021-01-29,51.63
2021-02-01,52.9
2021-02-02,54.01
2021-02-03,54.92
2021-02-04,55.42
2021-02-05,56.01
2021-02-08,57.15
2021-02-09,57.56
2021-02-10,57.91
2021-02-11,57.49
2021-02-12,58.6
2021-02-16,59.32
2021-02-17,60.18
2021-02-18,59.67
2021-02-19,58.66
2021-02-22,60.9
2021-02-23,60.37
2021-02-24,61.93
2021-02-25,62.07
2021-02-26,60.12
2021-03-01,59.38
2021-03-02,58.65
2021-03-03,60.15
2021-03-04,62.52
2021-03-05,64.81
2021-03-08,63.94
2021-03-09,63.2
2021-03-10,63.58
2021-03-11,65.11
2021-03-12,64.84
2021-03-15,64.71
2021-03-16,64.25
2021-03-17,64.05
2021-03-18,59.66
2021-03-19,61.01
2021-03-22,61.23
2021-03-23,57.38
2021-03-24,60.6
2021-03-25,58.07
2021-03-26,60.4
2021-03-29,60.87
2021-03-30,59.94
2021-03-31,58.69
2021-04-01,61.04
2021-04-05,58.39
2021-04-06,59.13
2021-04-07,59.5
2021-04-08,59.25
2021-04-09,59.04
2021-04-12,59.48
2021-04-13,60
2021-04-14,62.85
2021-04-15,63.11
2021-04-16,62.81
2021-04-19,63
2021-04-20,62.31
2021-04-21,60.63
2021-04-22,60.7
2021-04-23,61.34
2021-04-26,61.14
2021-04-27,62.06
2021-04-28,63
2021-04-29,64.02
2021-04-30,62.65
2021-05-03,63.62
2021-05-04,64.87
2021-05-05,64.91
2021-05-06,64.11
2021-05-07,64.38
2021-05-10,64.48
2021-05-11,64.86
2021-05-12,65.65
2021-05-13,63.4
2021-05-14,64.8
2021-05-17,65.68
2021-05-18,64.97
2021-05-19,62.84
2021-05-20,61.49
2021-05-21,62.54
2021-05-24,64.79
2021-05-25,64.78
2021-05-26,64.98
2021-05-27,65.56
2021-05-28,65.02
2021-06-01,66.47
2021-06-02,67.55
2021-06-03,67.53
2021-06-04,68.23
2021-06-07,67.97
2021-06-08,68.75
2021-06-09,68.68
2021-06-10,68.89
2021-06-11,69.16
2021-06-14,69.29
2021-06-15,70.32
2021-06-16,70.47
2021-06-17,69.18
2021-06-18,69.56
2021-06-21,70.97
2021-06-22,71.06
2021-06-23,70.6
2021-06-24,70.96
2021-06-25,71.52
2021-06-28,70.51
2021-06-29,70.62
2021-06-30,70.89
2021-07-01,72.05
2021-07-02,72.27
2021-07-06,70.43
2021-07-07,69.45
2021-07-08,70.19
2021-07-09,71.64
2021-07-12,71.39
2021-07-13,72.74
2021-07-14,70.96
2021-07-15,69.86
2021-07-16,70.07
2021-07-19,65.12
2021-07-20,65.95
2021-07-21,68.05
2021-07-22,69.4
2021-07-23,69.66
2021-07-26,69.74
2021-07-27,69.6
2021-07-28,70.17
2021-07-29,71.38
2021-07-30,71.57
2021-08-02,69.15
2021-08-03,68.79
2021-08-04,66.84
2021-08-05,67.84
2021-08-06,67.37
2021-08-09,65.62
2021-08-10,67.24
2021-08-11,68.18
2021-08-12,68.11
2021-08-13,67.41
2021-08-16,66.29
2021-08-17,65.6
2021-08-18,64.51
2021-08-19,62.78
2021-08-20,61.49
2021-08-23,64.57
2021-08-24,66.44
2021-08-25,67.23
2021-08-26,66.28
2021-08-27,67.7
2021-08-30,68.16
2021-08-31,67.6
2021-09-01,67.67
2021-09-02,69.05
2021-09-03,68.46
2021-09-07,67.53
2021-09-08,68.31
2021-09-09,67.24
2021-09-10,68.72
2021-09-13,69.37
2021-09-14,69.38
2021-09-15,71.26
2021-09-16,71.33
2021-09-17,70.81
2021-09-20,69.21
2021-09-21,69.67
2021-09-22,70.83
2021-09-23,71.83
2021-09-24,72.47
2021-09-27,73.92
2021-09-28,73.7
2021-09-29,73.41
2021-09-30,73.59
2021-10-01,74.55
2021-10-04,76.3
2021-10-05,77.51
2021-10-06,76.04
2021-10-07,76.87
2021-10-08,77.31
2021-10-11,78.56
2021-10-12,78.47
2021-10-13,78.38
2021-10-14,79.27
2021-10-15,79.97
2021-10-18,79.76
2021-10-19,80.45
2021-10-20,81.29
2021-10-21,79.02
2021-10-22,79.62
2021-10-25,79.95
2021-10-26,80.56
2021-10-27,78.84
2021-10-28,78.62
2021-10-29,78.46
2021-11-01,79.13
2021-11-02,79.35
2021-11-03,76.79
2021-11-04,75.47
2021-11-05,77.86
2021-11-08,78.4
2021-11-09,79.66
2021-11-10,77.5
2021-11-11,77.78
2021-11-12,77.17
2021-11-15,77.22
2021-11-16,77.35
2021-11-17,75.53
2021-11-18,76.62
2021-11-19,74.42
2021-11-22,74.7
2021-11-23,76.64
2021-11-24,76.51
2021-11-29,68.92
2021-11-30,65.15
2021-12-01,64.83
2021-12-02,65.77
2021-12-03,65.71
2021-12-06,68.8
2021-12-07,71.26
2021-12-08,71.64
2021-12-09,70.29
2021-12-10,70.95
2021-12-13,70.53
2021-12-14,69.98
2021-12-15,70.05
2021-12-16,71.35
2021-12-17,69.95
2021-12-20,68.03
2021-12-21,70.05
2021-12-22,71.32
2021-12-23,72.4
2021-12-27,74.12
2021-12-28,74.59
2021-12-29,75.18
2021-12-30,75.58
2021-12-31,73.94
2022-01-03,75.04
2022-01-04,75.95
2022-01-05,76.48
2022-01-06,77.6
2022-01-07,77.19
2022-01-10,76.48
2022-01-11,79.28
2022-01-12,80.34
2022-01-13,80.09
2022-01-14,81.56
2022-01-18,82.92
2022-01-19,83.8
2022-01-20,83.77
2022-01-21,82.28
2022-01-24,80.68
2022-01-25,82.27
2022-01-26,83.67
2022-01-27,83.03
2022-01-28,83.06
2022-01-31,83.85
2022-02-01,83.72
2022-02-02,84.07
2022-02-03,85.67
2022-02-04,87.36
2022-02-07,87.02
2022-02-08,85.29
2022-02-09,86.15
2022-02-10,86.01
2022-02-11,88.09
2022-02-14,89.6
2022-02-15,86.39
2022-02-16,87.79
2022-02-17,86.35
2022-02-18,86.92
2022-02-22,88.67
2022-02-23,87.56
2022-02-24,86.99
2022-02-25,86.19
2022-02-28,88.72
2022-03-01,92.64
2022-03-02,97.58
2022-03-03,96.78
2022-03-04,104.18
2022-03-07,107.72
2022-03-08,110.83
2022-03-09,97.26
2022-03-10,96.73
2022-03-11,100.48
2022-03-14,95.84
2022-03-15,90.87
2022-03-16,89.53
2022-03-17,96.98
2022-03-18,98.19
2022-03-21,103.98
2022-03-22,103.57
2022-03-23,105.26
2022-03-24,102.87
2022-03-25,104.54
2022-03-28,97.84
2022-03-29,97.07
2022-03-30,100.74
2022-03-31,95.08
2022-04-01,95.53
2022-04-04,99.28
2022-04-05,98.31
2022-04-06,93.76
2022-04-07,94.12
2022-04-08,96.29
2022-04-11,92.97
2022-04-12,98.52
2022-04-13,101.76
2022-04-14,104.03
2022-04-18,104.74
2022-04-19,99.84
2022-04-20,100.17
2022-04-21,100.23
2022-04-22,98.16
2022-04-25,95.18
2022-04-26,97.39
2022-04-27,97.66
2022-04-28,99.47
2022-04-29,98.69
2022-05-02,99.29
2022-05-03,97.52
2022-05-04,102.49
2022-05-05,102.84
2022-05-06,104.45
2022-05-09,98.35
2022-05-10,95.26
2022-05-11,100.34
2022-05-12,100.42
2022-05-13,103.86
2022-05-16,105.93
2022-05-17,103.86
2022-05-18,101.08
2022-05-19,103.67
2022-05-20,103.94
2022-05-23,101.94
2022-05-24,101.93
2022-05-25,102.54
2022-05-26,105.57
2022-05-27,106.48
2022-05-31,106.05
2022-06-01,107.32
2022-06-02,108.85
2022-06-03,110.7
2022-06-06,110.67
2022-06-07,112.04
2022-06-08,114.57
2022-06-09,114.01
2022-06-10,112.73
2022-06-13,112.62
2022-06-14,110.86
2022-06-15,108.42
2022-06-16,110.25
2022-06-17,103.57
2022-06-21,105.06
2022-06-22,99.9
2022-06-23,96.88
2022-06-24,98.97
2022-06-27,100.68
2022-06-28,103.43
2022-06-29,101.56
2022-06-30,97.75
2022-07-01,99.62
2022-07-05,90.73
2022-07-06,89.24
2022-07-07,93.24
2022-07-08,95.59
2022-07-11,95.58
2022-07-12,88.48
2022-07-13,89.27
2022-07-14,87.96
2022-07-15,89.37
2022-07-18,93.79
2022-07-19,94.71
2022-07-20,94.45
2022-07-21,89.95
2022-07-22,88.93
2022-07-25,90.89
2022-07-26,89.84
2022-07-27,92.34
2022-07-28,91.91
2022-07-29,93.87
2022-08-01,90.29
2022-08-02,91.33
2022-08-03,88.32
2022-08-04,85.99
2022-08-05,86.39
2022-08-08,88.36
2022-08-09,88.08
2022-08-10,89.68
2022-08-11,91.79
2022-08-12,90.16
2022-08-15,87.9
2022-08-16,85.48
2022-08-17,86.84
2022-08-18,89.08
2022-08-19,89.61
2022-08-22,89.45
2022-08-23,91.68
2022-08-24,92.72
2022-08-25,90.71
2022-08-26,90.5
2022-08-29,93.73
2022-08-30,89.53
2022-08-31,87.52
2022-09-01,84.99
2022-09-02,85.19
2022-09-06,85.43
2022-09-07,80.75
2022-09-08,81.8
2022-09-09,85.05
2022-09-12,86.21
2022-09-13,85.5
2022-09-14,86.5
2022-09-15,82.96
2022-09-16,83.16
2022-09-19,83.68
2022-09-20,82.37
2022-09-21,80.68
2022-09-22,81.33
2022-09-23,76.73
2022-09-26,74.61
2022-09-27,75.98
2022-09-28,79.09
2022-09-29,78.3
2022-09-30,76.63
2022-10-03,79.96
2022-10-04,82.71
2022-10-05,84.42
2022-10-06,85.3
2022-10-07,88.3
2022-10-10,86.88
2022-10-11,85.1
2022-10-12,83.35
2022-10-13,85.25
2022-10-14,82.29
2022-10-17,82.31
2022-10-18,80.36
2022-10-19,82.25
2022-10-20,81.99
2022-10-21,81.43
2022-10-24,81.25
2022-10-25,82.05
2022-10-26,84.05
2022-10-27,85.06
2022-10-28,83.83
2022-10-31,82.88
2022-11-01,84.53
2022-11-02,86.27
2022-11-03,84.87
2022-11-04,88.83
2022-11-07,88.38
2022-11-08,85.91
2022-11-09,83.02
2022-11-10,83.7
2022-11-11,86.14
2022-11-14,83.52
2022-11-15,84.77
2022-11-16,83.52
2022-11-17,80.67
2022-11-18,79.49
2022-11-21,79.72
2022-11-22,80.14
2022-11-23,78.05
2022-11-25,76.54
2022-11-28,77.24
2022-11-29,78.24
2022-11-30,80.71
2022-12-01,80.85
2022-12-02,80.02
2022-12-05,77.31
2022-12-06,74.75
2022-12-07,72.72
2022-12-08,71.9
2022-12-09,71.67
2022-12-12,73.63
2022-12-13,75.67
2022-12-14,77.28
2022-12-15,75.99
2022-12-16,74.52
2022-12-19,75.38
2022-12-20,76.16
2022-12-21,77.82
2022-12-22,76.99
2022-12-23,79.42
2022-12-27,79.57
2022-12-28,79.05
2022-12-29,78.46
2022-12-30,80.45
2023-01-03,77.33
2023-01-04,73.51
2023-01-05,74.3
2023-01-06,74.44
2023-01-09,75.39
2023-01-10,75.77
2023-01-11,78.04
2023-01-12,79
2023-01-13,80.38
2023-01-17,80.71
2023-01-18,80.16
2023-01-19,80.99
2023-01-20,82
2023-01-23,82.14
2023-01-24,80.65
2023-01-25,80.61
2023-01-26,81.38
2023-01-27,80.08
2023-01-30,78.34
2023-01-31,79.36
2023-02-01,76.92
2023-02-02,76.45
2023-02-03,74.05
2023-02-06,74.83
2023-02-07,77.56
2023-02-08,78.81
2023-02-09,78.35
2023-02-10,79.95
2023-02-13,80.36
2023-02-14,79.37
2023-02-15,79.01
2023-02-16,78.87
2023-02-17,76.71
2023-02-21,76.56
2023-02-22,74.24
2023-02-23,75.57
2023-02-24,76.33
2023-02-27,75.61
2023-02-28,76.9
2023-03-01,77.57
2023-03-02,78.08
2023-03-03,79.56
2023-03-06,80.28
2023-03-07,77.53
2023-03-08,76.7
2023-03-09,75.74
2023-03-10,76.65
2023-03-13,74.82
2023-03-14,71.49
2023-03-15,67.76
2023-03-16,68.59
2023-03-17,67.16
2023-03-20,68.01
2023-03-21,69.72
2023-03-22,70.74
2023-03-23,69.93
2023-03-24,69.24
2023-03-27,72.67
2023-03-28,73.06
2023-03-29,72.81
2023-03-30,74.13
2023-03-31,75.44
2023-04-03,79.64
2023-04-04,79.89
2023-04-05,79.82
2023-04-06,79.76
2023-04-10,78.92
2023-04-11,80.57
2023-04-12,81.98
2023-04-13,81.1
2023-04-14,81.47
2023-04-17,80.05
2023-04-18,80.09
2023-04-19,78.45
2023-04-20,76.64
2023-04-21,76.8
2023-04-24,77.72
2023-04-25,75.92
2023-04-26,73.42
2023-04-27,73.75
2023-04-28,75.72
2023-05-01,74.64
2023-05-02,70.85
2023-05-03,68.08
2023-05-04,68
2023-05-05,70.65
2023-05-08,72.42
2023-05-09,73.02
2023-05-10,72.02
2023-05-11,70.39
2023-05-12,69.5
2023-05-15,70.58
2023-05-16,70.33
2023-05-17,72.48
2023-05-18,71.61
2023-05-19,71.31
2023-05-22,71.68
2023-05-23,72.19
2023-05-24,73.61
2023-05-25,71.41
2023-05-26,72.24
2023-05-30,69.23
2023-05-31,67.92
2023-06-01,69.76
2023-06-02,71.32
2023-06-05,71.67
2023-06-06,71.27
2023-06-07,72.09
2023-06-08,71
2023-06-09,70.02
2023-06-12,67.16
2023-06-13,69.45
2023-06-14,68.38
2023-06-15,70.72
2023-06-16,71.75
2023-06-20,71
2023-06-21,72.09
2023-06-22,69.47
2023-06-23,69.24
2023-06-26,69.48
2023-06-27,68.01
2023-06-28,69.73
2023-06-29,69.97
2023-06-30,70.58
2023-07-03,69.62
2023-07-05,71.5
2023-07-06,71.28
2023-07-07,73.05
2023-07-10,72.39
2023-07-11,74.11
2023-07-12,74.91
2023-07-13,76.13
2023-07-14,74.75
2023-07-17,73.66
2023-07-18,75.14
2023-07-19,74.86
2023-07-20,75.16
2023-07-21,76.07
2023-07-24,77.58
2023-07-25,78.26
2023-07-26,77.59
2023-07-27,78.7
2023-07-28,79.32
2023-07-31,80.35
2023-08-01,79.98
2023-08-02,78.32
2023-08-03,80.12
2023-08-04,81.21
2023-08-07,80.53
2023-08-08,81.35
2023-08-09,82.49
2023-08-10,81.33
2023-08-11,81.51
2023-08-14,80.86
2023-08-15,79.61
2023-08-16,78.42
2023-08-17,79.11
2023-08-18,79.75
2023-08-21,79.38
2023-08-22,79.03
2023-08-23,77.96
2023-08-24,77.87
2023-08-25,78.69
2023-08-28,78.76
2023-08-29,79.67
2023-08-30,80.02
2023-08-31,81.58
2023-09-01,83.11
2023-09-05,84.38
2023-09-06,85.06
2023-09-07,84.49
2023-09-08,85.15
2023-09-11,85.15
2023-09-12,86.5
2023-09-13,86.27
2023-09-14,87.9
2023-09-15,87.92
2023-09-18,88.01
2023-09-19,87.89
2023-09-20,87.06
2023-09-21,85.83
2023-09-22,85.33
2023-09-25,85.29
2023-09-26,85.71
2023-09-27,87.42
2023-09-28,85.98
2023-09-29,85.27
2023-10-02,84.2
2023-10-03,84.27
2023-10-04,79.62
2023-10-05,78.24
2023-10-06,78.64
2023-10-09,81.62
2023-10-10,81.29
2023-10-11,79.96
2023-10-12,79.79
2023-10-13,83.89
2023-10-16,82.92
2023-10-17,83.26
2023-10-18,84.97
2023-10-19,85.79
2023-10-20,85.57
2023-10-23,82.51
2023-10-24,81.39
2023-10-25,83.08
2023-10-26,81.19
2023-10-27,83.05
2023-10-30,80.34
2023-10-31,79.42
2023-11-01,79.13
2023-11-02,81.2
2023-11-03,79.46
2023-11-06,79.99
2023-11-07,76.73
2023-11-08,74.93
2023-11-09,75.38
2023-11-10,76.68
2023-11-13,77.75
2023-11-14,77.75
2023-11-15,76.72
2023-11-16,73.28
2023-11-17,76.08
2023-11-20,77.83
2023-11-21,77.74
2023-11-22,77.08
2023-11-24,75.75
2023-11-27,75.2
2023-11-28,76.59
2023-11-29,77.86
2023-11-30,75.85
2023-12-01,74.28
2023-12-04,73.68
2023-12-05,72.8
2023-12-06,70.12
2023-12-07,70
2023-12-08,71.69
2023-12-11,71.92
2023-12-12,69.31
2023-12-13,70.24
2023-12-14,72.45
2023-12-15,72.31
2023-12-18,73.35
2023-12-19,74.44
2023-12-20,74.73
2023-12-21,74.24
2023-12-22,73.88
2023-12-26,75.79
2023-12-27,74.6
2023-12-28,72.27
2023-12-29,72.13
2024-01-02,70.99
2024-01-03,73.12
2024-01-04,72.49
2024-01-05,73.81
2024-01-08,71.06
2024-01-09,72.3
2024-01-10,71.54
2024-01-11,72.21
2024-01-12,72.93
2024-01-16,72.59
2024-01-17,72.41
2024-01-18,73.7
2024-01-19,72.99
2024-01-22,74.54
2024-01-23,73.98
2024-01-24,74.64
2024-01-25,76.72
2024-01-26,77.39
2024-01-29,76.33
2024-01-30,77.22
2024-01-31,75.35
2024-02-01,73.54
2024-02-02,72.18
2024-02-05,72.79
2024-02-06,73.23
2024-02-07,73.77
2024-02-08,75.78
2024-02-09,76.35
2024-02-12,76.39
2024-02-13,76.87
2024-02-14,75.79
2024-02-15,76.81
2024-02-16,77.48
2024-02-20,76.2
2024-02-21,76.22
2024-02-22,76.74
2024-02-23,75.13
2024-02-26,76.05
2024-02-27,77
2024-02-28,76.57
2024-02-29,76.18
2024-03-01,77.59
2024-03-04,77.01
2024-03-05,76.22
2024-03-06,77.14
2024-03-07,77.2
2024-03-08,76.51
2024-03-11,76.69
2024-03-12,76.46
2024-03-13,78.31
2024-03-14,79.57
2024-03-15,79.61
2024-03-18,80.96
2024-03-19,81.38
2024-03-20,80.18
2024-03-21,79.45
2024-03-22,78.95
2024-03-25,80.06
2024-03-26,79.73
2024-03-27,79.52
2024-03-28,80.89
2024-04-01,81.12
2024-04-02,82.34
2024-04-03,82.88
2024-04-04,84.03
2024-04-05,84.24
