date,ret,pos
2012-01-03,-7.936507936507936e-06,1.0
2012-01-04,0.09849699042100699,1.0
2012-01-05,-0.043888146131759884,0.6343165664938857
2012-01-06,0.045577714809794695,0.9719084138403672
2012-01-09,0.030647869517786547,0.6632315918382746
2012-01-10,-0.006111213957858821,0.6802311086846609
2012-01-11,0.024506520365631917,0.0
2012-01-12,0.0,0.0
2012-01-13,0.0,0.0
2012-01-17,-0.00028248836738377445,0.556148973286806
2012-01-18,0.04198350572192528,0.0
2012-01-19,0.0,0.0
2012-01-20,0.0,0.0
2012-01-23,-0.0,0.0
2012-01-24,0.0,0.0
2012-01-25,0.0,0.0
2012-01-26,0.0,0.0
2012-01-27,0.0,0.0
2012-01-30,-0.0,0.0
2012-01-31,0.0,0.0
2012-02-01,0.0,0.0
2012-02-02,0.0,0.0
2012-02-03,0.0,0.0
2012-02-06,0.0,0.0
2012-02-07,-0.0,0.0
2012-02-08,0.0,0.0
2012-02-09,0.0,0.0
2012-02-10,-0.0,0.0
2012-02-13,-0.0,0.0
2012-02-14,-0.0,0.0
2012-02-15,-0.0,0.0
2012-02-16,0.0,0.0
2012-02-17,-0.0,0.0
2012-02-21,-0.0,0.0
2012-02-22,0.0,0.0
2012-02-23,-0.0,0.0
2012-02-24,-0.0,0.0
2012-02-27,0.0,0.0
2012-02-28,-0.0001191458168218777,0.23456832686807172
2012-02-29,-0.008399917951852314,0.200700034794211
2012-03-01,0.06083096525966355,0.0
2012-03-02,-0.0,0.0
2012-03-05,-0.0,0.0
2012-03-06,0.0,0.0
2012-03-07,0.0,0.0
2012-03-08,0.0,0.0
2012-03-09,-0.0,0.0
2012-03-12,0.0,0.0
2012-03-13,0.0,0.0
2012-03-14,0.0,0.0
2012-03-15,-0.0,0.0
2012-03-16,0.0,0.0
2012-03-19,-0.0,0.0
2012-03-20,0.0,0.0
2012-03-21,-0.0,0.0
2012-03-22,0.0,0.0
2012-03-23,0.0,0.0
2012-03-26,0.0,0.0
2012-03-27,-0.0,0.0
2012-03-28,0.0,0.0
2012-03-29,0.0,0.0
2012-03-30,-0.0,0.0
2012-04-02,-0.0,0.0
2012-04-03,0.0,0.0
2012-04-04,-0.0,0.0
2012-04-05,-0.0,0.0
2012-04-09,-0.0,0.0
2012-04-10,-0.0,0.0
2012-04-11,-0.0,0.0
2012-04-12,0.0,0.0
2012-04-13,0.0,0.0
2012-04-16,-0.0,0.0
2012-04-17,-9.825045081772706e-05,0.19343057504740016
2012-04-18,0.0030332503030688295,0.22077254235823043
2012-04-19,-0.0056460611257740136,0.23544675696842046
2012-04-20,-0.006476615873763964,0.1802681109368662
2012-04-23,0.006543970471752887,0.1685380797116205
2012-04-24,-0.006902700799270229,0.1720625189328489
2012-04-25,-0.0011984490511523286,0.14739459222058024
2012-04-26,0.003617449008317841,0.15094210609918987
2012-04-27,0.0003169508434269575,0.15579027604184853
2012-04-30,-0.0024813448560401592,0.17224008052278586
2012-05-01,-0.020700892764759043,0.0
2012-05-02,-0.00032617868833555933,0.6421642926606325
2012-05-03,0.024561634176361865,0.6772758817026333
2012-05-04,0.019474552814764647,0.4309704691338913
2012-05-07,0.001670621919383314,0.3636800635613248
2012-05-08,0.019865148038204754,0.3739484917135663
2012-05-09,0.014603268324361898,0.15382898930901012
2012-05-10,-0.0046256981905438786,0.1579044709226094
2012-05-11,0.002228257557003556,0.15126014273244942
2012-05-14,-0.0015731043772683278,0.15290803414520782
2012-05-15,0.0023025034141670587,0.17571227884763918
2012-05-16,0.00014332742537915107,0.19207498818309926
2012-05-17,-0.01098982349649717,0.19791499604629104
2012-05-18,0.007587025326198623,0.8016833018508733
2012-05-21,0.021053577042571173,0.43382290209263535
2012-05-22,0.012832083109221968,0.44571545040272276
2012-05-23,-0.011756560425739705,0.19868730775822352
2012-05-24,-0.0036499891273316532,0.4464554372155269
2012-05-25,0.005515019748531907,0.5551757195522069
2012-05-29,0.00390026014978986,0.5462255111794447
2012-05-30,0.011873750915454595,0.5563522986815638
2012-05-31,-0.002127629122383566,0.559987839836066
2012-06-01,-0.04831871462129251,0.2784113447844977
2012-06-04,-0.0036921084367210087,0.5124723570536083
2012-06-05,0.0030071380161891597,0.6477442424994377
2012-06-06,-0.0008863163896258591,0.6457986395183183
2012-06-07,-0.00032699313952711575,0.7226243700957167
2012-06-08,0.019696596576849735,0.791121395870735
2012-06-11,0.0023607065756616054,0.6518919808339476
2012-06-12,-0.022398115402362133,0.6697168374763832
2012-06-13,0.015933244443858484,1.0
2012-06-14,-0.01621651646483804,0.7548901424545853
2012-06-15,0.022233632802718506,0.7289660833700699
2012-06-18,-0.01988171634969751,0.6341463213461206
2012-06-19,-0.023630791576704963,0.0
2012-06-20,-0.0004821172863442175,0.9491684074901782
2012-06-21,0.053534203920398475,1.0
2012-06-22,-0.031366638839219814,0.7659493379753252
2012-06-25,0.0740045803410984,1.0
2012-06-26,0.01239115162600273,0.23772589920061865
2012-06-27,-0.0108873829001669,0.23541904546231124
2012-06-28,0.01449272759421041,0.4859390831962753
2012-06-29,-0.03588555294683322,0.20442214058361427
2012-07-02,-0.014210374660498317,0.0
2012-07-03,-9.074128920695055e-05,0.1786469131261839
2012-07-05,0.011014377179859048,0.18025580006256725
2012-07-06,0.003695207342247757,0.18971514972679032
2012-07-09,0.0014745263384543725,0.184564796895623
2012-07-10,0.00848759755477955,0.18978993896523
2012-07-11,-0.004590851144819421,0.23384566740565188
2012-07-12,0.007560864672997994,0.25148459589777894
2012-07-13,-0.004636190450390975,0.2348613694351854
2012-07-16,0.0024357503824792887,0.24833681935348223
2012-07-17,-0.007279945879446,0.2548555752820576
2012-07-18,0.007937359689942988,0.1835415990519257
2012-07-19,-0.0016752070552425522,0.255832037614322
2012-07-20,0.008716151051902335,0.2542579327101683
2012-07-23,0.0011942108581853752,0.24701881618688037
2012-07-24,-0.015613878617796555,0.2565602932612234
2012-07-25,-0.009279532572268722,0.19183093086506586
2012-07-26,0.0032246546394942913,0.17203671811216084
2012-07-27,0.009278750220941242,0.17926557104897145
2012-07-30,0.00932347929554784,0.2870232998980171
2012-07-31,0.005421543601457363,0.24752101210777835
2012-08-01,-0.023260096716673978,0.0
2012-08-02,-0.00011657282670002602,0.22950275256567623
2012-08-03,-0.01031914089188829,0.0
2012-08-06,-0.0,0.0
2012-08-07,-0.00010521441815192135,0.20714088573659514
2012-08-08,0.0016590780530751801,0.0
2012-08-09,0.0,0.0
2012-08-10,0.0,0.0
2012-08-13,-0.0,0.0
2012-08-14,-0.0,0.0
2012-08-15,0.0,0.0
2012-08-16,-0.0,0.0
2012-08-17,-0.0,0.0
2012-08-20,0.0,0.0
2012-08-21,0.0,0.0
2012-08-22,0.0,0.0
2012-08-23,0.0,0.0
2012-08-24,-0.0,0.0
2012-08-27,0.0,0.0
2012-08-28,-0.0,0.0
2012-08-29,0.0,0.0
2012-08-30,0.0,0.0
2012-08-31,-0.0,0.0
2012-09-04,-0.0,0.0
2012-09-05,-0.0,0.0
2012-09-06,0.0,0.0
2012-09-07,0.0,0.0
2012-09-10,0.0,0.0
2012-09-11,0.0,0.0
2012-09-12,-0.0,0.0
2012-09-13,-0.0,0.0
2012-09-14,-0.00012232252688552375,0.24082247480587488
2012-09-17,-0.005301694443462821,0.0
2012-09-18,-0.0001298666505911397,0.2556749683513063
2012-09-19,0.0013607067545671023,0.26730721155426285
2012-09-20,0.02433895588291039,0.27442393336378534
2012-09-21,0.0030871095242407786,0.0
2012-09-24,-0.0,0.0
2012-09-25,0.0,0.0
2012-09-26,0.0,0.0
2012-09-27,0.0,0.0
2012-09-28,0.0,0.0
2012-10-01,-0.0,0.0
2012-10-02,-0.0,0.0
2012-10-03,0.0,0.0
2012-10-04,0.0,0.0
2012-10-05,0.0,0.0
2012-10-08,-0.0,0.0
2012-10-09,-0.0,0.0
2012-10-10,0.0,0.0
2012-10-11,-0.0,0.0
2012-10-12,-0.0,0.0
2012-10-15,-0.0,0.0
2012-10-16,-0.0,0.0
2012-10-17,-5.6631878274226614e-05,0.11149401035238365
2012-10-18,-0.0033112195357151166,0.1275602581775656
2012-10-19,-0.00018596424994188725,0.0901943763502329
2012-10-22,-0.0022133006123070433,0.09102059918886032
2012-10-23,0.0010561343378036173,0.08319165753006397
2012-10-24,0.002003823795433108,0.08670617345759553
2012-10-25,0.005253123740037589,0.10266896335209542
2012-10-26,0.0027604189833576836,0.146194107785017
2012-10-31,0.00616064560234501,0.15626976624668867
2012-11-01,-0.023574307091818326,0.0
2012-11-02,-9.00691923588661e-05,0.17732372245651762
2012-11-05,0.005524152984193898,0.20213923976279177
2012-11-06,0.000769774244287026,0.18809547220924652
2012-11-07,-0.0004890481233238478,0.20043599171781112
2012-11-08,-0.0014785475303549258,0.23776561758805714
2012-11-09,0.01752512559278454,0.2402396162697905
2012-11-12,-0.001905057663252311,0.0
2012-11-13,-0.0,0.0
2012-11-14,-0.00012305023298514914,0.24225514618951238
2012-11-15,0.009146866896390436,0.2568316828604305
2012-11-16,-0.005595579806158373,0.0
2012-11-19,-0.00013496389006482855,0.2657101585651312
2012-11-20,0.007435968069714289,0.27856838859498007
2012-11-21,0.007917783356709618,0.2674861760125893
2012-11-23,-0.008739312657994382,0.0
2012-11-26,-0.00013207434628383774,0.26002136924630553
2012-11-27,0.001693340229022049,0.28187057728031684
2012-11-28,0.0065550313448320945,0.3107130962631435
2012-11-29,0.003643649937556598,0.2963237374713879
2012-11-30,-0.014887828664048896,0.3145711076670091
2012-12-03,-0.009811476001931378,0.0
2012-12-04,-0.00019488545703386106,0.383680743535414
2012-12-05,-0.012440976826778598,0.28990610400952566
2012-12-06,-0.0018057434434924002,0.255106830827277
2012-12-07,-0.0003977672758224647,0.2359151611002048
2012-12-10,0.0009360550027029054,0.23868310131310155
2012-12-11,0.004269190646595083,0.27937707809935625
2012-12-12,0.0053820333485889915,0.2723179897940662
2012-12-13,-0.006193858918183437,0.3013406002580524
2012-12-14,0.013406094536600004,0.6226275386065229
2012-12-17,-0.021341638500296856,0.28418165827557756
2012-12-18,0.007905281692840696,0.5955288209804681
2012-12-19,0.00838302507129629,0.24443975456318412
2012-12-20,-1.3392327747009818e-05,0.27037315832723985
2012-12-21,0.003913981596712162,0.2881075656430016
2012-12-24,0.00206329857492954,0.3007256276194877
2012-12-26,0.0014535971260271048,0.30467158918838355
2012-12-27,0.005769757955653716,0.3054628336312093
2012-12-28,-0.009513683314004016,0.3302248179131834
2012-12-31,-0.007664086475819507,0.27508932957911575
2013-01-02,-0.0,0.0
2013-01-03,-0.0005079365079365079,1.0
2013-01-04,-0.041625524368124556,1.0
2013-01-07,0.015662151132217847,0.0
2013-01-08,0.0,0.0
2013-01-09,-0.0005079365079365079,1.0
2013-01-10,-0.018487382344030127,1.0
2013-01-11,-0.06580230361213564,0.0
2013-01-14,0.0,0.0
2013-01-15,-0.0,0.0
2013-01-16,-0.0,0.0
2013-01-17,0.0,0.0
2013-01-18,0.0,0.0
2013-01-22,0.0,0.0
2013-01-23,0.0,0.0
2013-01-24,-0.00045737624879654934,0.9004594898182066
2013-01-25,0.00017829819735833404,0.9006206968654906
2013-01-28,0.03900315649126879,0.9096981005760145
2013-01-29,0.0208571693685961,0.9408413806605039
2013-01-30,0.05495341112224255,0.6623960271677308
2013-01-31,0.006408944293185666,0.4970385760353137
2013-02-01,0.01704265335999134,0.5471599183711929
2013-02-04,0.006456761401491536,0.2733095905588379
2013-02-05,0.007698184437050791,0.28964508412664797
2013-02-06,6.496597990267925e-05,0.270036027904553
2013-02-07,-0.001283624144202448,0.2865026447137678
2013-02-08,0.023247437316101915,0.2882168299573112
2013-02-11,-0.024625860569140852,0.2996096963026323
2013-02-12,0.004092787623904552,0.260343761663907
2013-02-13,-0.0014208243505813287,0.26333993954925483
2013-02-14,0.017940754977573203,0.28104301987532904
2013-02-15,0.016250197785569295,0.2876918881312465
2013-02-19,-0.014725927644293691,0.2097207540432456
2013-02-20,0.0008495447278380329,0.25964737215011396
2013-02-21,0.001027528988689031,0.26452843519373015
2013-02-22,0.008415066065406209,0.2822108912253077
2013-02-25,-0.004919141483849432,0.24212203838105906
2013-02-26,-0.019487111767520732,0.2609983285348904
2013-02-27,-0.03307584430361159,0.0
2013-02-28,0.0,0.0
2013-03-01,-0.0003152889985534518,0.6207252159021082
2013-03-04,-0.008388708434293696,0.0
2013-03-05,0.0,0.0
2013-03-06,-0.0,0.0
2013-03-07,-0.0,0.0
2013-03-08,0.0,0.0
2013-03-11,-0.0,0.0
2013-03-12,-5.9143223507841236e-05,0.11643822128106243
2013-03-13,-0.0017787989428610868,0.15530084091523283
2013-03-14,-0.002020218794243524,0.12705559380262083
2013-03-15,0.0012067286657599446,0.12593458537499225
2013-03-18,-0.005022189435531094,0.13316350332191065
2013-03-19,-0.006080561704158036,0.1475740390423332
2013-03-20,0.006329535059339475,0.5077118630256597
2013-03-21,-0.010177600001203524,0.26522468106395397
2013-03-22,-0.012385025403805703,0.0
2013-03-25,-0.0002204481450894022,0.4340072856447606
2013-03-26,-0.001794652077388742,0.0
2013-03-27,0.0,0.0
2013-03-28,0.0,0.0
2013-04-01,0.0,0.0
2013-04-02,-0.0,0.0
2013-04-03,-0.0003697042507411268,0.7278552436465934
2013-04-04,0.004363427827858172,0.0
2013-04-05,-0.0,0.0
2013-04-08,0.0,0.0
2013-04-09,0.0,0.0
2013-04-10,-0.0,0.0
2013-04-11,-0.0,0.0
2013-04-12,0.0,0.0
2013-04-15,0.0,0.0
2013-04-16,0.0,0.0
2013-04-17,-0.0,0.0
2013-04-18,0.0,0.0
2013-04-19,0.0,0.0
2013-04-22,-0.0,0.0
2013-04-23,-0.0,0.0
2013-04-24,-0.0,0.0
2013-04-25,0.0,0.0
2013-04-26,0.0,0.0
2013-04-29,-0.0,0.0
2013-04-30,-0.0,0.0
2013-05-01,-0.0,0.0
2013-05-02,-0.0,0.0
2013-05-03,0.0,0.0
2013-05-06,0.0,0.0
2013-05-07,-0.0,0.0
2013-05-08,-0.0,0.0
2013-05-09,0.0,0.0
2013-05-10,-0.0,0.0
2013-05-13,-0.0,0.0
2013-05-14,0.0,0.0
2013-05-15,-0.00047750405193549905,0.9400861022480138
2013-05-16,-0.001279807135243126,0.9856792805205215
2013-05-17,0.008795227500001087,1.0
2013-05-20,-0.021017622640979998,1.0
2013-05-21,-0.056609920959139845,0.9376790955466837
2013-05-22,0.013130413968085078,0.0
2013-05-23,-0.0005079365079365079,1.0
2013-05-24,0.014391733096175459,1.0
2013-05-28,0.008864748614806075,1.0
2013-05-29,-0.0012447280312870002,1.0
2013-05-30,-0.023395145536981937,1.0
2013-05-31,-0.00015127357186266058,1.0
2013-06-03,-0.02938650371406004,1.0
2013-06-04,0.059864013715754484,1.0
2013-06-05,-0.017050091456500098,0.9019381199378229
2013-06-06,-0.000542417321264445,0.8888479092638574
2013-06-07,-0.01370674262355145,0.9359851330432253
2013-06-10,-0.01949497141575559,1.0
2013-06-11,-0.026858865804755654,1.0
2013-06-12,-0.01333507469837284,1.0
2013-06-13,0.04950544382753315,1.0
2013-06-14,0.005943830329726235,1.0
2013-06-17,-0.04902657374769292,1.0
2013-06-18,0.0057156145167883724,1.0
2013-06-19,0.02895619231616518,1.0
2013-06-20,-0.06166405985329587,0.0
2013-06-21,-0.0005079365079365079,1.0
2013-06-24,-0.08228821090849159,1.0
2013-06-25,-0.0038662145207598118,1.0
2013-06-26,-0.01775853301657578,1.0
2013-06-27,-0.03077270124030043,0.0
2013-06-28,0.0,0.0
2013-07-01,-0.0005079365079365079,1.0
2013-07-02,0.001675959175932522,0.0
2013-07-03,-0.0005079365079365079,1.0
2013-07-05,0.008857413918010012,1.0
2013-07-08,-0.01892927609863758,1.0
2013-07-09,0.0396894270325059,0.988218686855364
2013-07-10,-0.012575563744427714,1.0
2013-07-11,0.07865524216838557,1.0
2013-07-12,0.09900132239560133,0.6708467202275608
2013-07-15,-0.025992863297579178,0.26705015935079635
2013-07-16,0.01861684373270798,0.25672755389970264
2013-07-17,-0.009808548102411902,0.2405528045198833
2013-07-18,-0.012982420401171743,0.2435028372396401
2013-07-19,0.0023222739439465946,0.44851932725354743
2013-07-22,-0.02326024235957455,0.0
2013-07-23,-0.0003003421730654315,0.5912986532225682
2013-07-24,0.039193181998158536,0.6607961283872266
2013-07-25,-0.041383399912177626,0.25660679731021035
2013-07-26,0.014385517761206588,0.5800160065851204
2013-07-29,-0.01797118439695638,0.23750958182881043
2013-07-30,0.016519095722320732,0.44730123382378584
2013-07-31,-0.014948054713238072,0.2306706306257263
2013-08-01,-0.026982995762733202,0.0
2013-08-02,-0.0003449048751593482,0.6790314729699668
2013-08-05,-0.03507319851128758,0.0
2013-08-06,-0.0,0.0
2013-08-07,-0.0,0.0
2013-08-08,0.0,0.0
2013-08-09,-0.0,0.0
2013-08-12,0.0,0.0
2013-08-13,0.0,0.0
2013-08-14,0.0,0.0
2013-08-15,-0.00040203619074702764,0.7915087505332107
2013-08-16,-0.018056902223668812,0.8418347116879437
2013-08-19,-0.032568672229193824,0.0
2013-08-20,0.0,0.0
2013-08-21,-0.0004148794878351888,0.8167939916755279
2013-08-22,-0.021677209193790674,0.23761030869497426
2013-08-23,0.0016681434504233967,0.4693506710950578
2013-08-26,-0.030509727603169397,0.49910790868478505
2013-08-27,0.009084932211819897,0.8786395398231276
2013-08-28,0.05717570927588477,0.6495125194833441
2013-08-29,0.006041950454201127,0.26433874690528675
2013-08-30,-0.011340539248846778,0.2927266877299404
2013-09-03,-0.07650389695537582,0.0
2013-09-04,0.0,0.0
2013-09-05,-0.0003674694180816607,0.7234554168482694
2013-09-06,-0.050710487782054746,0.0
2013-09-09,-0.0,0.0
2013-09-10,-0.0,0.0
2013-09-11,-0.0,0.0
2013-09-12,0.0,0.0
2013-09-13,0.0,0.0
2013-09-16,-0.0,0.0
2013-09-17,-0.0,0.0
2013-09-18,0.0,0.0
2013-09-19,-0.0,0.0
2013-09-20,0.0,0.0
2013-09-23,-0.0,0.0
2013-09-24,0.0,0.0
2013-09-25,0.0,0.0
2013-09-26,-0.0003414181286133025,0.6721669407074392
2013-09-27,-0.040829081096301414,0.4709923565646281
2013-09-30,-0.031437298778367026,0.0
2013-10-01,-0.0002320287031100268,0.45680650924786526
2013-10-02,-0.03672998789374599,0.8188289655927091
2013-10-03,0.08080887761903398,0.7665965883986675
2013-10-04,-0.09168319598985758,0.0
2013-10-07,-0.00040015923128406924,0.7878134865905113
2013-10-08,-0.0006990324737974322,0.572249470997442
2013-10-09,0.06728728717751345,0.5867783915460093
2013-10-10,0.06731139807540625,0.23768105323891947
2013-10-11,-0.006418900583349316,0.21205155280328528
2013-10-14,-0.007820124599161656,0.21436745255709244
2013-10-15,0.01325849318120915,0.22455348002780084
2013-10-16,0.007126458678979912,0.2213363447250038
2013-10-17,-0.009767986633356802,0.2666075928241716
2013-10-18,0.0236436832030153,0.2133943809301179
2013-10-21,0.01083664739744859,0.23564003510463535
2013-10-22,0.003150261136851824,0.0
2013-10-23,-0.0,0.0
2013-10-24,-0.00014114696186520313,0.27788308117211863
2013-10-25,-0.013060988684061204,0.2859192671597011
2013-10-28,0.022874036794051096,0.2370861567601496
2013-10-29,-0.0018681917224735217,0.25581565371355325
2013-10-30,0.047804641802851544,0.2633487517369502
2013-10-31,-0.004271479839077925,0.0
2013-11-01,-0.0,0.0
2013-11-04,-0.0,0.0
2013-11-05,0.0,0.0
2013-11-06,-0.0,0.0
2013-11-07,-0.0,0.0
2013-11-08,-0.00011970048595987112,0.23566033173349626
2013-11-11,0.013264778981148629,0.0
2013-11-12,0.0,0.0
2013-11-13,0.0,0.0
2013-11-14,0.0,0.0
2013-11-15,-0.0,0.0
2013-11-18,0.0,0.0
2013-11-19,-0.0,0.0
2013-11-20,0.0,0.0
2013-11-21,0.0,0.0
2013-11-22,0.0,0.0
2013-11-25,-0.0,0.0
2013-11-26,0.0,0.0
2013-11-27,0.0,0.0
2013-11-29,-0.0,0.0
2013-12-02,-0.0,0.0
2013-12-03,-0.0,0.0
2013-12-04,-0.0,0.0
2013-12-05,-0.0,0.0
2013-12-06,0.0,0.0
2013-12-09,-0.0,0.0
2013-12-10,-0.0,0.0
2013-12-11,0.0,0.0
2013-12-12,-0.0,0.0
2013-12-13,-0.00011863372734870625,0.23356015071776542
2013-12-16,-0.0029133990337777416,0.2215361602640571
2013-12-17,-0.0002659274871545857,0.25855517557843455
2013-12-18,0.017712343419907704,0.26658414372136513
2013-12-19,0.006233652441429852,0.0
2013-12-20,0.0,0.0
2013-12-23,0.0,0.0
2013-12-24,0.0,0.0
2013-12-26,0.0,0.0
2013-12-27,-0.0,0.0
2013-12-30,-0.0,0.0
2013-12-31,0.0,0.0
2014-01-02,-0.0,0.0
2014-01-03,-0.0,0.0
2014-01-06,-0.00026768712633179454,0.5270090299657205
2014-01-07,0.024440131444454342,0.5286629455275863
2014-01-08,0.014432196790515947,0.0
2014-01-09,-0.0,0.0
2014-01-10,-0.0,0.0
2014-01-13,-0.0,0.0
2014-01-14,-0.0,0.0
2014-01-15,-0.000374461254792104,0.7372205953719547
2014-01-16,-0.020139668509589956,0.7438616926207627
2014-01-17,0.02862409231008901,0.7073997620466166
2014-01-21,-0.023739368328974962,0.6998852902018984
2014-01-22,0.0052654096746506595,0.7304952198677997
2014-01-23,-0.01589240210348371,0.8095618616343804
2014-01-24,0.057847173606077905,0.6240862946801922
2014-01-27,-0.024865534132647263,0.688566267005707
2014-01-28,-0.03494148390246692,0.6853968962972016
2014-01-29,0.05713723085622023,0.4358180717119474
2014-01-30,-0.006643985092605013,0.5895430665022412
2014-01-31,0.01694250625284265,0.6098836938126124
2014-02-03,-0.09370695703834626,0.0
2014-02-04,-0.00047828825194842176,0.9416299960234553
2014-02-05,0.04737850662453045,0.7071684590616722
2014-02-06,0.022895929111796526,0.776210615277421
2014-02-07,0.02142658094358819,0.8895762162474452
2014-02-10,-0.06826134207913706,0.6272173534277425
2014-02-11,0.04038575929332973,0.6939432725107498
2014-02-12,-0.012163882948695498,0.7570631197965701
2014-02-13,0.025123693318825118,0.6801848516183828
2014-02-14,0.050808752536610345,0.7918787370783449
2014-02-18,-0.041304293233385005,0.4351615978247746
2014-02-19,-0.010168501302995625,0.7535597096053814
2014-02-20,0.053995634132310386,0.7646746505859126
2014-02-21,-0.028822683880988093,0.4136277016041026
2014-02-24,-0.016221419448635033,0.7129475216853324
2014-02-25,0.008364850411674098,0.641334614442925
2014-02-26,-0.01281892930661848,0.7627889286166827
2014-02-27,-0.055560772909011645,0.0
2014-02-28,-0.00026070864623800735,0.513270147281077
2014-03-03,0.10478592342327353,0.5347267549223516
2014-03-04,0.0013626591921036774,0.390134546238777
2014-03-05,-0.0011953330471239031,0.4535312267924678
2014-03-06,-0.0021839943128345533,0.607491236846048
2014-03-07,0.005355001216163746,0.6406222195996475
2014-03-10,0.004705010497864537,0.6591752629987614
2014-03-11,0.04758191248218994,0.5351368951573325
2014-03-12,0.03127128703560034,0.3422842452468809
2014-03-13,-0.015056922725393608,0.41254910267652667
2014-03-14,0.007407532717560229,0.3328188978793976
2014-03-17,-0.03253297829688362,0.0
2014-03-18,-0.00032950660928350085,0.6487161370268922
2014-03-19,-0.05377479494591762,0.6632150950322883
2014-03-20,0.05927832500708333,0.6681610351537116
2014-03-21,0.009034487032421004,0.5995656579749247
2014-03-24,-0.0198291577405083,0.6139193297165746
2014-03-25,0.0087121639725728,0.8501913346027021
2014-03-26,-0.014065017067818018,0.6128350278318988
2014-03-27,0.008546735477748363,0.8480443620719741
2014-03-28,-0.01459979070254357,0.6525716798676318
2014-03-31,-0.028956238447772124,0.9141340361590596
2014-04-01,0.002537650280925327,1.0
2014-04-02,-0.01132584318975884,1.0
2014-04-03,0.05041377321752032,1.0
2014-04-04,-0.012580186952995433,0.5802991404285502
2014-04-07,0.007901272615182826,0.728098954861886
2014-04-08,0.0001299958188308775,0.5709441993755286
2014-04-09,0.000648577102769434,0.6287757002477222
2014-04-10,-0.0007123584124128074,0.6848934223333081
2014-04-11,-0.0074461264234712155,0.7337932419792034
2014-04-14,0.03352355594593427,0.9368720265526597
2014-04-15,0.021739788979913188,0.43199415045781747
2014-04-16,0.005374726916678394,0.5250382273192897
2014-04-17,-0.004230238186893598,0.6099792598658098
2014-04-21,0.024193777738202617,0.7507934235785109
2014-04-22,0.07916976317797304,1.0
2014-04-23,0.014599147597153236,0.0
2014-04-24,-0.0,0.0
2014-04-25,0.0,0.0
2014-04-28,-0.0,0.0
2014-04-29,-0.0003229015209520139,0.6357123693742773
2014-04-30,-0.014139663246196933,0.0
2014-05-01,-0.0003258092499076694,0.6414369607557241
2014-05-02,-0.001773567231361234,0.5439891995444451
2014-05-05,-0.021356138991540194,0.0
2014-05-06,-0.0,0.0
2014-05-07,0.0,0.0
2014-05-08,0.0,0.0
2014-05-09,-0.0,0.0
2014-05-12,-0.00034618937757001746,0.6815603370909719
2014-05-13,-0.008967933283486138,0.6892976393807723
2014-05-14,0.019559960333982468,0.9179080231499784
2014-05-15,0.021162519040373275,0.37998428609728724
2014-05-16,-0.0034942312239175676,0.44555420187351574
2014-05-19,-0.019021237670474967,0.3698382198252261
2014-05-20,0.00393965958406659,0.8700569579735445
2014-05-21,-0.026944756044657965,0.8162716427605607
2014-05-22,0.021644799278294317,1.0
2014-05-23,-0.0025489183942758783,0.7570556354576338
2014-05-27,-0.02582696062470252,0.0
2014-05-28,0.0,0.0
2014-05-29,-0.0,0.0
2014-05-30,-0.0,0.0
2014-06-02,-0.0002882334219156859,0.5674595493965067
2014-06-03,-0.010232450177396109,1.0
2014-06-04,-0.027957484854320515,1.0
2014-06-05,0.05533770650639124,1.0
2014-06-06,-0.03655733425352474,0.7949656332068387
2014-06-09,-0.007083534546368684,1.0
2014-06-10,-0.015412766575197526,1.0
2014-06-11,0.04581504325703628,1.0
2014-06-12,0.06534087727077022,0.6916475571138018
2014-06-13,-0.03727437721715501,0.4996123340595991
2014-06-16,0.013026795101372723,0.6285430649647986
2014-06-17,0.0408617826377281,0.3254032872878968
2014-06-18,0.013866809782755835,0.5361433696012178
2014-06-19,0.011907148978335516,0.0
2014-06-20,-0.0,0.0
2014-06-23,0.0,0.0
2014-06-24,0.0,0.0
2014-06-25,-0.0,0.0
2014-06-26,-0.0002755410615584525,0.5424714649432033
2014-06-27,0.006120077770977435,0.5287930616265775
2014-06-30,-0.015110079859453476,0.5234675358333547
2014-07-01,-0.024379842197597063,0.0
2014-07-02,-0.00028174622469043784,0.5546878798592995
2014-07-03,0.0013733221367508003,0.5751670537373279
2014-07-07,-0.013891746027879829,0.6225305785501355
2014-07-08,-0.02543262127049959,0.5077869590187983
2014-07-09,0.0020015660216582748,0.6324154463617735
2014-07-10,0.006548234953663041,0.6429903223677816
2014-07-11,0.007796803593244791,0.36000536645500564
2014-07-14,0.009010952602764286,0.4716907354299588
2014-07-15,-0.000829573306234443,0.5932867621326297
2014-07-16,-0.0447888773497065,0.620373009674816
2014-07-17,-0.056934035977397775,0.0
2014-07-18,-0.0,0.0
2014-07-21,-0.0,0.0
2014-07-22,-0.0,0.0
2014-07-23,0.0,0.0
2014-07-24,-0.0004282326665675777,0.8430830623049186
2014-07-25,0.0594647902559147,0.885125019397662
2014-07-28,-0.018867781638603146,0.9104807882512684
2014-07-29,0.07328586024738741,1.0
2014-07-30,-0.015673785232100283,0.4199217428284991
2014-07-31,0.03699416694907849,0.3691124511183166
2014-08-01,-0.04657748752252469,0.0
2014-08-04,-0.0003395392822416879,0.668467961913323
2014-08-05,0.010692018961180114,0.7844788831376549
2014-08-06,0.06384373532044667,0.9366383396545874
2014-08-07,0.03756365758807823,0.3138331236951027
2014-08-08,-0.01810548837560981,0.3653352849296919
2014-08-11,-0.008381364778534454,0.24327402763104897
2014-08-12,-0.0036335681227585358,0.46189965767035307
2014-08-13,0.027879276685862934,0.5762882524190055
2014-08-14,-0.0494601379348067,0.0
2014-08-15,-0.0004249356764672435,0.8365921130448856
2014-08-18,-0.03729078941494558,0.7359334000700656
2014-08-19,0.1238280106976179,0.5276007659505362
2014-08-20,-0.02729806571248879,0.31258256807177026
2014-08-21,0.05271875778016363,0.4111353684951989
2014-08-22,-0.001874296256804219,0.0
2014-08-25,0.0,0.0
2014-08-26,-0.0,0.0
2014-08-27,-0.0,0.0
2014-08-28,-0.0,0.0
2014-08-29,-0.0,0.0
2014-09-02,-0.0,0.0
2014-09-03,-0.00015331394291305078,0.30183682511006876
2014-09-04,0.0016519567470328522,0.37421678168403255
2014-09-05,0.008444832576358976,0.3993927809471735
2014-09-08,-0.002198088810883341,0.3336398256839523
2014-09-09,-0.011962875718685897,0.3998214390811881
2014-09-10,-0.0013923445571970706,0.3362521198945526
2014-09-11,-0.020026724054918284,0.33990880670893797
2014-09-12,0.003266445880563444,0.4452928783021984
2014-09-15,-0.007491930227731949,0.2541626305100762
2014-09-16,-0.012358324169342943,0.0
2014-09-17,-0.0003695968493204454,0.7276437970996269
2014-09-18,0.02496298069973417,0.7051872447089839
2014-09-19,0.07841200241174473,0.3021663524866884
2014-09-22,-0.00447233960655724,0.0
2014-09-23,-0.0002408799569201533,0.4742324151865518
2014-09-24,-0.004778297153087016,0.0
2014-09-25,0.0,0.0
2014-09-26,-0.0,0.0
2014-09-29,-0.00018954726821688613,0.37317118430199453
2014-09-30,-0.009381849001942158,0.3821828625880513
2014-10-01,-0.07033132222185856,0.0
2014-10-02,-0.00026499372050110186,0.5217063872365443
2014-10-03,0.0031763354662299186,0.6558682354693551
2014-10-06,0.016677126812191235,0.7381486814873562
2014-10-07,0.0015334750980693685,0.8360936112232732
2014-10-08,-0.014699153266850822,0.8676023552535564
2014-10-09,-0.011915959279552683,0.7430942189175654
2014-10-10,-0.009306203157247967,0.7843657997486468
2014-10-13,-0.0014035166948410615,0.7839623639875545
2014-10-14,0.029574583226681096,0.7977798873030024
2014-10-15,-0.050057512558361814,0.938124745525952
2014-10-16,0.05765170649821628,0.7189948227141275
2014-10-17,0.04262996324170975,0.8989307536057787
2014-10-20,-0.05975709022603743,0.5528761309201056
2014-10-21,0.02332535531324143,0.9211335498002787
2014-10-22,0.006758955287623611,0.5442624605715449
2014-10-23,0.008199250479209094,0.5472508366506991
2014-10-24,0.005032204220310651,0.6072896030898217
2014-10-27,-0.017192297135425794,0.3826166317458583
2014-10-28,0.014813068812073575,0.7000226310229055
2014-10-29,0.024611257322273504,0.3680944774843181
2014-10-30,0.0017320754088233398,0.6746169228842264
2014-10-31,-0.006401785020984567,0.7992245933031786
2014-11-03,-0.0022187826111984598,0.994750975247847
2014-11-04,-0.012510547536547357,1.0
2014-11-05,-0.09082858383306162,0.8214079843682464
2014-11-06,0.12944620176397842,0.9614075279911268
2014-11-07,-0.00189989495981381,0.6184835947217475
2014-11-10,-0.005398484713491576,0.628438701605961
2014-11-11,-0.020380551956650016,0.7112725168968069
2014-11-12,0.02627294374501706,0.7659178222614258
2014-11-13,-0.059536732123613816,0.7507055915366416
2014-11-14,0.014420855793764936,0.6291426376710011
2014-11-17,-0.01852489437432722,0.6689164870774537
2014-11-18,0.052301565345441656,0.5921419280033786
2014-11-19,-0.010412344271990868,0.7880943733160277
2014-11-20,-0.059719325724282186,0.7754288886146882
2014-11-21,0.011124267337094007,0.5053915034343899
2014-11-24,-0.0014203591471085458,0.5011704937003264
2014-11-25,0.053535097403444344,0.5174731408528523
2014-11-26,0.017338658201166115,0.5800628452044173
2014-11-28,0.05780360120737617,0.0
2014-12-01,-0.0,0.0
2014-12-02,-0.0001401125334074422,0.2758465501459018
2014-12-03,-0.01656294175642003,0.5029328535605049
2014-12-04,0.00016174764264891245,0.7306472513504658
2014-12-05,0.010969601657942361,0.9059487451142176
2014-12-08,0.010619315240095873,1.0
2014-12-09,0.007391864762811781,0.7355976269980231
2014-12-10,0.0031053935293991488,0.7362025754175561
2014-12-11,0.03532323617123403,0.7565955788679367
2014-12-12,0.03798228625416755,0.3141505146164415
2014-12-15,0.023538831740197413,0.0
2014-12-16,-0.0,0.0
2014-12-17,0.0,0.0
2014-12-18,0.0,0.0
2014-12-19,-0.0,0.0
2014-12-22,-0.0001768319195075823,0.34813784153055266
2014-12-23,-0.007514646631950034,0.41230376182840967
2014-12-24,-0.03548418099327663,0.33842402967251306
2014-12-26,0.017618674138076783,0.9488292941099049
2014-12-29,-0.08315345904322119,0.0
2014-12-30,-0.0004189763354786234,0.8248596604735399
2014-12-31,0.0012996241972892085,1.0
2015-01-02,-0.0,0.0
2015-01-05,0.0,0.0
2015-01-06,-0.0005079365079365079,1.0
2015-01-07,-0.10998592114683686,1.0
2015-01-08,0.007144523843698625,0.0
2015-01-09,-0.0,0.0
2015-01-12,0.0,0.0
2015-01-13,-0.0,0.0
2015-01-14,0.0,0.0
2015-01-15,0.0,0.0
2015-01-16,-0.0,0.0
2015-01-20,-0.0005079365079365079,1.0
2015-01-21,-0.05722338006721583,1.0
2015-01-22,0.11425331139975994,1.0
2015-01-23,0.10114768867987335,0.9329473020225357
2015-01-26,-0.03811042389141021,0.3002166395008467
2015-01-27,0.0038735800678118414,0.6339489037053418
2015-01-28,0.05769240125875661,0.29259601024214343
2015-01-29,-0.0006140990241565674,0.4604623814502134
2015-01-30,-0.03538929161621224,0.46835915599709865
2015-02-02,0.11292728929009384,1.0
2015-02-03,-0.04689118192632042,0.248650476596769
2015-02-04,0.0023157404255978275,0.21436334103536228
2015-02-05,-0.004100125218121609,0.22803036615744973
2015-02-06,0.003359739876974568,0.2509600791514535
2015-02-09,-0.002767505460994085,0.2866031860868078
2015-02-10,0.029536621376315807,0.2491555589624113
2015-02-11,0.010655394056334857,0.0
2015-02-12,0.0,0.0
2015-02-13,0.0,0.0
2015-02-17,-0.0,0.0
2015-02-18,-0.00018767160143587982,0.3694784653268884
2015-02-19,0.05716255386338237,0.0
2015-02-20,0.0,0.0
2015-02-23,0.0,0.0
2015-02-24,-0.0,0.0
2015-02-25,0.0,0.0
2015-02-26,0.0,0.0
2015-02-27,0.0,0.0
2015-03-02,-0.0,0.0
2015-03-03,0.0,0.0
2015-03-04,-0.0,0.0
2015-03-05,-0.0,0.0
2015-03-06,0.0,0.0
2015-03-09,-0.0,0.0
2015-03-10,-0.0,0.0
2015-03-11,0.0,0.0
2015-03-12,0.0,0.0
2015-03-13,-0.0,0.0
2015-03-16,-0.0,0.0
2015-03-17,0.0,0.0
2015-03-18,0.0,0.0
2015-03-19,-0.0,0.0
2015-03-20,-0.0,0.0
2015-03-23,-0.0,0.0
2015-03-24,-0.0,0.0
2015-03-25,-0.0,0.0
2015-03-26,-0.0,0.0
2015-03-27,-0.0,0.0
2015-03-30,0.0,0.0
2015-03-31,0.0,0.0
2015-04-01,-0.0,0.0
2015-04-02,-0.0,0.0
2015-04-06,-0.0002337115562376035,0.46011962634278186
2015-04-07,-0.017751075375905447,0.4069563121963423
2015-04-08,-0.01576569800782673,0.3953575884028214
2015-04-09,0.00868218824019231,0.2732583613736874
2015-04-10,0.010761522812549627,0.36717712033829986
2015-04-13,-0.0014927499835688115,0.4111319502005
2015-04-14,-0.0038534634973957423,0.4091403612188905
2015-04-15,0.014616573719478531,0.4074367500033685
2015-04-16,-0.0010965407957808564,0.39302395551552155
2015-04-17,0.007110909974804549,0.44362701307688057
2015-04-20,-0.011943875165072563,0.385361532578303
2015-04-21,-0.006751031379280912,0.4607317567858278
2015-04-22,0.006852993400432633,0.4217766554584284
2015-04-23,0.019938768956176384,0.5124816889279554
2015-04-24,0.02096094545272622,0.4096396971335435
2015-04-27,0.0013846547177749505,0.0
2015-04-28,-0.0,0.0
2015-04-29,-0.0,0.0
2015-04-30,-0.00019724134824133883,0.38831890435013583
2015-05-01,0.006847914451854387,0.0
2015-05-04,-0.0,0.0
2015-05-05,-0.0,0.0
2015-05-06,-0.0,0.0
2015-05-07,-0.0002947536597473545,0.5802962676276041
2015-05-08,-0.012220684717746648,0.6108729433176082
2015-05-11,-0.003187261824242928,0.5374787094334726
2015-05-12,0.0158611532283527,0.536027401402917
2015-05-13,0.007967938429797653,0.6112115408875435
2015-05-14,0.027152123365785867,0.6472783001019204
2015-05-15,0.004061080456298434,0.4965303553341761
2015-05-18,-0.00883595309584292,0.0
2015-05-19,-0.00031172068334402604,0.6137000953335513
2015-05-20,-0.004753253627425456,0.6366231093399483
2015-05-21,-0.0006421528801402492,0.6480491633826664
2015-05-22,-0.006874145022476416,0.7380753505246813
2015-05-26,-0.017601458396620886,0.8108372604037485
2015-05-27,-0.05168412682434432,0.6317440670388274
2015-05-28,0.029281342489029995,0.7943161301547621
2015-05-29,0.0440781899500923,0.37820055484043297
2015-06-01,-0.023358656667769505,0.0
2015-06-02,-0.00021179573983924927,0.41697286280852197
2015-06-03,0.005434153827723526,0.41655265655932594
2015-06-04,-0.01424805181437588,0.4099954412228785
2015-06-05,0.010172931050107704,0.31215579198945537
2015-06-08,0.0019325006602173929,0.29820239153670114
2015-06-09,0.010033853448806643,0.4178186545168042
2015-06-10,0.017643411727103608,0.4732386356705425
2015-06-11,0.0012757136560210187,0.0
2015-06-12,-0.0,0.0
2015-06-15,-0.00022227450392130026,0.43760292959505986
2015-06-16,0.008192831429810034,0.5006164799868507
2015-06-17,-0.005563928562525968,0.42595390989721954
2015-06-18,-0.0032266462302385237,0.49084743867705655
2015-06-19,-0.025360225054396533,0.4092034267464937
2015-06-22,-0.014061676671773262,0.23670164058495896
2015-06-23,0.005202123298685257,0.7450044436131559
2015-06-24,-0.010480917458753809,0.5187001682150725
2015-06-25,-0.003248548902683166,0.8197818952575517
2015-06-26,0.01344235541993728,0.8910457453476042
2015-06-29,0.01534872007768261,0.9732152633061605
2015-06-30,0.048309495267283,0.7547408233652103
2015-07-01,-0.014809753386055793,0.0
2015-07-02,0.0,0.0
2015-07-06,-0.0,0.0
2015-07-07,0.0,0.0
2015-07-08,0.0,0.0
2015-07-09,0.0,0.0
2015-07-10,-0.0,0.0
2015-07-13,-0.0,0.0
2015-07-14,-0.0,0.0
2015-07-15,-0.0,0.0
2015-07-16,-0.00015784568295350198,0.31075868831470704
2015-07-17,0.010709110118652323,0.0
2015-07-20,0.0,0.0
2015-07-21,-0.0,0.0
2015-07-22,-0.0,0.0
2015-07-23,0.0,0.0
2015-07-24,-0.0,0.0
2015-07-27,0.0,0.0
2015-07-28,-0.0,0.0
2015-07-29,-0.00015243476103217685,0.30010593578209815
2015-07-30,0.004809610253607768,0.37071368351512624
2015-07-31,0.02218762903442112,0.31739038196350006
2015-08-03,-0.04207822214337334,0.0
2015-08-04,-8.170142307757288e-05,0.1608496766839716
2015-08-05,0.0003195216405013446,0.16888947735126728
2015-08-06,7.995342649970818e-05,0.19008975422790925
2015-08-07,5.118478307809641e-05,0.19537741235478956
2015-08-10,0.012240002227760418,0.20421834617364304
2015-08-11,0.01180443714143482,0.0
2015-08-12,0.0,0.0
2015-08-13,-0.0,0.0
2015-08-14,-0.0,0.0
2015-08-17,-0.0,0.0
2015-08-18,-0.0,0.0
2015-08-19,-0.0,0.0
2015-08-20,-0.00010889587160931355,0.21438874723083604
2015-08-21,0.004078639755624723,0.8393718829937672
2015-08-24,-0.028267437524781454,0.3997232911236546
2015-08-25,-0.03163245753830796,0.0
2015-08-26,-0.0,0.0
2015-08-27,0.0,0.0
2015-08-28,0.0,0.0
2015-08-31,0.0,0.0
2015-09-01,-0.0,0.0
2015-09-02,0.0,0.0
2015-09-03,-0.0,0.0
2015-09-04,-0.0,0.0
2015-09-08,-0.0,0.0
2015-09-09,-0.0,0.0
2015-09-10,-0.0,0.0
2015-09-11,0.0,0.0
2015-09-14,-0.00036936493695327826,0.7271872196267666
2015-09-15,0.005805775245754344,0.0
2015-09-16,-0.0,0.0
2015-09-17,-0.0,0.0
2015-09-18,0.0,0.0
2015-09-21,-0.0,0.0
2015-09-22,0.0,0.0
2015-09-23,0.0,0.0
2015-09-24,-0.0,0.0
2015-09-25,0.0,0.0
2015-09-28,-0.0005079365079365079,1.0
2015-09-29,-0.00745048530663568,0.8760843237733982
2015-09-30,0.06432680776925355,0.9146304194478986
2015-10-01,-0.01136450736782794,1.0
2015-10-02,-0.10359623410526728,0.0
2015-10-05,-0.0005079365079365079,1.0
2015-10-06,0.0027674827979548267,1.0
2015-10-07,-0.07113944300016904,1.0
2015-10-08,-0.05747568306594432,0.0
2015-10-09,-0.0005079365079365079,1.0
2015-10-12,-0.05925525879369552,1.0
2015-10-13,-0.055524364422907695,0.0
2015-10-14,-0.000496780367271416,0.9780363480656002
2015-10-15,0.019534385835030144,1.0
2015-10-16,-0.011400802390349879,1.0
2015-10-19,-0.10875613246427179,0.0
2015-10-20,-0.0005079365079365079,1.0
2015-10-21,0.034109065729539235,1.0
2015-10-22,0.059795933558348106,1.0
2015-10-23,0.043640861922193026,1.0
2015-10-26,-0.017694653576530425,1.0
2015-10-27,0.0602975336617078,1.0
2015-10-28,-0.012050697073800552,0.8030843620990431
2015-10-29,-0.017406296590625526,0.8658619861343723
2015-10-30,0.098809156256165,0.8601258080494801
2015-11-02,-0.01997831959665077,0.6051208076570727
2015-11-03,0.052283334892381336,0.6388444700713096
2015-11-04,-0.04268846630527625,0.2570276890665045
2015-11-05,0.00039526305467620966,0.5976829667993444
2015-11-06,0.05843145276736976,0.2796201887770281
2015-11-09,0.006352755931758117,0.29374636481793975
2015-11-10,-0.01084390631458319,0.307196252170342
2015-11-11,-0.004171387091176977,0.3152503277335791
2015-11-12,-0.024169277857251124,0.0
2015-11-13,-0.0001295801189593152,0.2551108592011518
2015-11-16,-0.018899121914351672,0.5758543029569271
2015-11-17,0.035543293301663295,0.8618261810566419
2015-11-18,0.056900650402645116,0.6130090004692575
2015-11-19,0.03177585033222553,0.297736121839044
2015-11-20,0.004603287336344551,0.29898453873354736
2015-11-23,-0.014688814585169917,0.41785349370110214
2015-11-24,0.0418077063391984,0.29607348480292717
2015-11-25,0.0007033696014310446,0.4581731493810299
2015-11-27,0.015204753103213073,0.46152053622378936
2015-11-30,-0.033804521890955716,0.3874963028283874
2015-12-01,0.009918776400467844,0.46546125892617873
2015-12-02,-0.030584614176477346,0.0
2015-12-03,-0.0001968902017901858,0.38762758477442827
2015-12-04,0.004058876538866325,0.4034485980900128
2015-12-07,-0.007260176768065318,0.39930414796816144
2015-12-08,-0.008496324552544713,0.43149850626239467
2015-12-09,0.025417430403091603,0.316569954776462
2015-12-10,0.03421731401048885,0.4989546366425734
2015-12-11,0.0019289483557595286,0.0
2015-12-14,-0.0,0.0
2015-12-15,-0.00021906510897338617,0.431284433291354
2015-12-16,0.029731421845241475,0.26152499354557174
2015-12-17,0.022447249817439743,0.4199406695516588
2015-12-18,0.01690577357905054,0.0
2015-12-21,-0.0,0.0
2015-12-22,-0.00018620618187311717,0.36659342056269945
2015-12-23,0.02312853190533465,0.5743682357663851
2015-12-24,-0.00856366992540835,0.17934868563732242
2015-12-28,0.0031320427886101436,0.17768997348325172
2015-12-29,0.008620649603669924,0.20718782076560283
2015-12-30,-0.010466030438196937,0.2873131497636432
2015-12-31,0.018120719883955617,0.20715715029639759
2016-01-04,-3.879039956613452e-06,0.48875903453329494
2016-01-05,-0.0061785714990438495,0.29063871597542296
2016-01-06,-0.02605656736608553,0.29031242132968926
2016-01-07,0.0007932006321202036,0.5740276363479621
2016-01-08,-0.024076070007623247,0.0
2016-01-11,0.0,0.0
2016-01-12,-0.0,0.0
2016-01-13,-0.0,0.0
2016-01-14,-0.0,0.0
2016-01-15,-0.0,0.0
2016-01-19,0.0,0.0
2016-01-20,0.0,0.0
2016-01-21,-0.0,0.0
2016-01-22,0.0,0.0
2016-01-25,-0.0005079365079365079,1.0
2016-01-26,-0.01322390651696232,1.0
2016-01-27,-0.00710994443269501,0.0
2016-01-28,-0.0005079365079365079,1.0
2016-01-29,0.04730975846068313,1.0
2016-02-01,0.09056788680839072,0.0
2016-02-02,-0.0005079365079365079,1.0
2016-02-03,-0.08608321183455184,0.0
2016-02-04,0.0,0.0
2016-02-05,-0.0005079365079365079,1.0
2016-02-08,-0.000597043879882235,0.0
2016-02-09,-0.0005079365079365079,1.0
2016-02-10,0.1401929088364589,0.0
2016-02-11,-0.0005015334516111187,0.9873939828593897
2016-02-12,0.07099511677870632,1.0
2016-02-16,-0.18102154477235385,0.0
2016-02-17,-0.00043520828739410496,0.8568163158071441
2016-02-18,-0.07719089463137166,0.0
2016-02-19,-0.0004336263523915668,0.8537018812708972
2016-02-22,-0.01956311477933664,0.0
2016-02-23,-0.0,0.0
2016-02-24,0.0,0.0
2016-02-25,0.0,0.0
2016-02-26,-0.0,0.0
2016-02-29,-0.0003881951599359983,0.7642592211239966
2016-03-01,0.436967910420782,0.0
2016-03-02,-0.0001806525785041233,0.35565976392999277
2016-03-03,-0.0015427200059374673,0.2386753393314868
2016-03-04,0.0029704887217210634,0.24997002043357558
2016-03-07,0.0110919614643334,0.2599323195555252
2016-03-08,0.018593156678166755,0.24149982420328062
2016-03-09,0.017442838711449596,0.2412171387993243
2016-03-10,-0.011415309347317222,0.18325344003267463
2016-03-11,-0.006191147287852583,0.23602710072100605
2016-03-14,0.006600620787129295,0.26165415108474666
2016-03-15,0.0030389587619609423,0.25092295832190575
2016-03-16,-0.017905677281602035,0.2795402558613846
2016-03-17,-0.015483658449398507,0.0
2016-03-18,-0.00014994331122391135,0.2952008939720755
2016-03-21,0.0071232563474286584,0.2723457801743403
2016-03-22,-0.004364997891286063,0.27065077068235466
2016-03-23,-0.0034865907053600194,0.2947147243577097
2016-03-24,0.009789275268077314,0.31770663379415237
2016-03-28,-0.002178373670317842,0.3298734139050247
2016-03-29,0.006729944706045339,0.33651108745938396
2016-03-30,-0.00856789469497664,0.3494637348016842
2016-03-31,0.0009125965110351396,0.5684764535857295
2016-04-01,0.00334903691367865,0.5910772178820939
2016-04-04,-0.006325136996844514,0.5869515331198715
2016-04-05,-0.011646295350201577,0.5842138154677687
2016-04-06,-0.015021973621894938,0.0
2016-04-07,-0.00030766552374143053,0.6057164998659413
2016-04-08,0.029643608346898977,0.6766461275084275
2016-04-11,0.029429526049331516,0.6843095426632251
2016-04-12,-0.00792958960778824,0.5026123863383211
2016-04-13,0.0035658860159381973,0.6325211358620255
2016-04-14,-0.01986269773644923,0.5178382805131142
2016-04-15,-0.011883844970909786,0.6805035218212552
2016-04-18,-0.002297927129504885,0.7724468306820128
2016-04-19,0.012666742848574754,0.7916811659984386
2016-04-20,0.007373710875497583,0.7512882852072855
2016-04-21,-0.031070270062477014,0.7621190991540603
2016-04-22,-0.00012029378808767427,0.7524797823985099
2016-04-25,0.013766193113262678,0.818406411545603
2016-04-26,0.03045923223552702,0.7428127794978702
2016-04-27,-0.009339683602493092,0.0
2016-04-28,0.0,0.0
2016-04-29,-0.0,0.0
2016-05-02,-0.00034365496716651434,0.6765707166090751
2016-05-03,-0.025059243649754398,0.0
2016-05-04,-0.00035224082939446796,0.6934741328703589
2016-05-05,-0.01575486928592449,0.0
2016-05-06,-0.0005079365079365079,1.0
2016-05-09,-0.05630032550034529,0.0
2016-05-10,-0.0005079365079365079,1.0
2016-05-11,0.11134217405731366,1.0
2016-05-12,-0.026582718480623803,0.4949094223115554
2016-05-13,0.021537411978968184,0.53380625031585
2016-05-16,-0.015215862068251708,0.0
2016-05-17,-0.00023577290336965827,0.46417790350901467
2016-05-18,0.019996053764145472,0.0
2016-05-19,-0.0,0.0
2016-05-20,0.0,0.0
2016-05-23,-0.0,0.0
2016-05-24,-0.0,0.0
2016-05-25,-0.0,0.0
2016-05-26,-0.00017156532609070334,0.3377692357410722
2016-05-27,0.007627180003196789,0.4225198121791454
2016-05-31,-0.004806058229691164,0.4034011933832622
2016-06-01,0.0028100660514866027,0.40378083054067015
2016-06-02,0.01206924533279628,0.3438554496687433
2016-06-03,-0.01003626500225859,0.0
2016-06-06,-0.0001781289724447749,0.35069141450065056
2016-06-07,-0.003590501483175537,0.39624698757084253
2016-06-08,0.01021183784888276,0.45313267849938327
2016-06-09,0.009473003551454749,0.4318394887197787
2016-06-10,-0.01626675825448718,0.519236702103527
2016-06-13,-0.014795013853115553,0.0
2016-06-14,-0.000422382579926673,0.8315657042306375
2016-06-15,-0.020615136986935137,0.0
2016-06-16,-0.0005079365079365079,1.0
2016-06-17,0.01032506460811253,1.0
2016-06-20,0.08538971997547379,1.0
2016-06-21,0.039606455320411446,0.55731349813683
2016-06-22,-0.019752394233921146,0.40652196062110063
2016-06-23,-0.008309778495146428,0.509696993422354
2016-06-24,-0.02021865443247742,0.5205732430458717
2016-06-27,-0.013425994938586953,0.0
2016-06-28,-0.0005079365079365079,1.0
2016-06-29,-0.04714037970678044,0.0
2016-06-30,-0.0005079365079365079,1.0
2016-07-01,0.0034532293004789203,1.0
2016-07-05,-0.059136960631814915,0.0
2016-07-06,-0.0005079365079365079,1.0
2016-07-07,-0.034057114336010205,0.0
2016-07-08,-0.0,0.0
2016-07-11,0.0,0.0
2016-07-12,-0.0005079365079365079,1.0
2016-07-13,-0.03788902019460958,0.0
2016-07-14,-0.0005079365079365079,1.0
2016-07-15,-0.011828230117471248,1.0
2016-07-18,-0.03769547550254452,0.0
2016-07-19,-0.0005079365079365079,1.0
2016-07-20,-0.02353463343584473,0.0
2016-07-21,-0.0005079365079365079,1.0
2016-07-22,0.03978707371260867,1.0
2016-07-25,-0.014640136088839129,1.0
2016-07-26,0.042819502694631924,1.0
2016-07-27,-0.007473800053062552,1.0
2016-07-28,0.0007407144441466539,1.0
2016-07-29,0.002457523211446397,1.0
2016-08-01,0.06036325020340544,1.0
2016-08-02,0.059720773172396234,1.0
2016-08-03,0.011211894124796073,0.6265660118899224
2016-08-04,-0.0026204471912842945,0.6429036216591927
2016-08-05,0.011324732151067642,0.6827630978289068
2016-08-08,-0.06270402704431118,0.6919680165957816
2016-08-09,-0.019328043754443414,0.0
2016-08-10,-0.0005079365079365079,1.0
2016-08-11,0.06176259848116006,1.0
2016-08-12,-0.030176468264797886,1.0
2016-08-15,0.011930734319974629,1.0
2016-08-16,-0.00492591401503981,1.0
2016-08-17,0.0702626165186099,1.0
2016-08-18,0.013073248681490091,0.6152035417500118
2016-08-19,0.011490094618094355,0.6421661267421246
2016-08-22,0.009227985328809024,0.6239255640284408
2016-08-23,-0.019095171184555906,0.0
2016-08-24,-0.0003231570450317736,0.6362154324063042
2016-08-25,-0.014752122494087387,0.0
2016-08-26,-0.0,0.0
2016-08-29,-0.0,0.0
2016-08-30,-0.0002519621667784986,0.4960505158451691
2016-08-31,-0.0072314964103149726,0.5332655990586704
2016-09-01,-0.10101755040891665,0.0
2016-09-02,-0.00020774337523468282,0.40899476999328177
2016-09-06,0.0002505940850906081,0.4146098964849087
2016-09-07,0.012269494301126465,0.4633314027950351
2016-09-08,0.020142609295556467,0.0
2016-09-09,-0.0,0.0
2016-09-12,0.0,0.0
2016-09-13,0.0,0.0
2016-09-14,0.0,0.0
2016-09-15,0.0,0.0
2016-09-16,0.0,0.0
2016-09-19,-0.0,0.0
2016-09-20,-0.0,0.0
2016-09-21,-0.0,0.0
2016-09-22,-0.0,0.0
2016-09-23,0.0,0.0
2016-09-26,-0.0,0.0
2016-09-27,0.0,0.0
2016-09-28,0.0,0.0
2016-09-29,-0.0,0.0
2016-09-30,0.0,0.0
2016-10-03,-0.0,0.0
2016-10-04,0.0,0.0
2016-10-05,-0.0,0.0
2016-10-06,-0.0,0.0
2016-10-07,-0.0,0.0
2016-10-11,-0.0,0.0
2016-10-12,-0.0,0.0
2016-10-13,0.0,0.0
2016-10-14,0.0,0.0
2016-10-17,0.0,0.0
2016-10-18,0.0,0.0
2016-10-19,-0.0,0.0
2016-10-20,0.0,0.0
2016-10-21,0.0,0.0
2016-10-24,-0.0,0.0
2016-10-25,0.0,0.0
2016-10-26,0.0,0.0
2016-10-27,-0.0,0.0
2016-10-28,0.0,0.0
2016-10-31,0.0,0.0
2016-11-01,0.0,0.0
2016-11-02,-0.0,0.0
2016-11-03,-0.0,0.0
2016-11-04,-0.0,0.0
2016-11-07,-0.0,0.0
2016-11-08,-0.0,0.0
2016-11-09,-0.0,0.0
2016-11-10,0.0,0.0
2016-11-14,-0.0,0.0
2016-11-15,-0.0002555770574316442,0.5031673318185496
2016-11-16,-0.012227483040049955,0.0
2016-11-17,-0.0002731607658276894,0.5377852577232635
2016-11-18,-0.009069435625590075,0.40318920336627373
2016-11-21,0.021865660426858027,0.4940004146081566
2016-11-22,-0.005418192941673528,0.0
2016-11-23,0.0,0.0
2016-11-25,-0.0,0.0
2016-11-28,0.0,0.0
2016-11-29,0.0,0.0
2016-11-30,0.0,0.0
2016-12-01,0.0,0.0
2016-12-02,-0.0,0.0
2016-12-05,-0.0,0.0
2016-12-06,-0.0,0.0
2016-12-07,0.0,0.0
2016-12-08,-0.0,0.0
2016-12-09,-0.0,0.0
2016-12-12,0.0,0.0
2016-12-13,0.0,0.0
2016-12-14,0.0,0.0
2016-12-15,0.0,0.0
2016-12-16,-0.0,0.0
2016-12-19,-0.0,0.0
2016-12-20,0.0,0.0
2016-12-21,-0.0,0.0
2016-12-22,-0.0,0.0
2016-12-23,0.0,0.0
2016-12-27,0.0,0.0
2016-12-28,0.0,0.0
2016-12-29,0.0,0.0
2016-12-30,-0.0,0.0
2017-01-03,-0.0,0.0
2017-01-04,-0.0,0.0
2017-01-05,-0.0,0.0
2017-01-06,-0.0,0.0
2017-01-09,-0.0,0.0
2017-01-10,0.0,0.0
2017-01-11,0.0,0.0
2017-01-12,0.0,0.0
2017-01-13,0.0,0.0
2017-01-17,-0.0,0.0
2017-01-18,-0.0,0.0
2017-01-19,-0.0,0.0
2017-01-20,0.0,0.0
2017-01-23,-0.000405741539591525,0.7988036560708148
2017-01-24,0.0018168526750190549,1.0
2017-01-25,-0.0938525309632304,0.0
2017-01-26,-0.0005079365079365079,1.0
2017-01-27,-0.008888397126913694,1.0
2017-01-30,-0.016247364461656217,0.0
2017-01-31,-0.0005079365079365079,1.0
2017-02-01,0.08923831630715376,0.0
2017-02-02,-0.0005079365079365079,1.0
2017-02-03,0.033326535234028606,0.0
2017-02-06,-0.0,0.0
2017-02-07,0.0,0.0
2017-02-08,0.0,0.0
2017-02-09,-0.0005079365079365079,1.0
2017-02-10,0.0018195451798153563,1.0
2017-02-13,-0.06501569806161175,0.0
2017-02-14,-0.0005079365079365079,1.0
2017-02-15,0.0011857967335812802,1.0
2017-02-16,-0.07042073625993348,0.0
2017-02-17,-0.0005079365079365079,1.0
2017-02-21,-0.09398237542199152,0.0
2017-02-22,0.0,0.0
2017-02-23,-0.0005079365079365079,1.0
2017-02-24,-0.012281089534198408,1.0
2017-02-27,0.03459863430251324,1.0
2017-02-28,-0.0649293186351158,0.0
2017-03-01,0.0,0.0
2017-03-02,-0.0003830888608612981,0.7542061948206806
2017-03-03,-0.014414453243246727,0.8307445425070479
2017-03-06,0.052900868052885915,0.8901242094107292
2017-03-07,0.027396851313315575,0.8121810518960941
2017-03-08,0.07956635854680394,0.8357054303493716
2017-03-09,-0.011018966047338383,0.20962891928990715
2017-03-10,-0.003941947511777582,0.4303146075360963
2017-03-13,-0.015367554192686029,0.4251853776992256
2017-03-14,0.01922906014177314,0.579793982063349
2017-03-15,-0.03493696764017362,0.4177455949583584
2017-03-16,0.008589204562274461,0.5580366330824775
2017-03-17,0.006038090584882549,0.3885783343498277
2017-03-20,0.02575919047654803,0.40913913146588593
2017-03-21,0.014938427792769878,0.1818652551901558
2017-03-22,-0.010338718068346832,0.20586381575461593
2017-03-23,-0.0012828341609775293,0.22018399079568657
2017-03-24,0.003545386042728172,0.2195938565849426
2017-03-27,0.009342639161851643,0.18746530677126885
2017-03-28,6.802283189384494e-05,0.19964960217112332
2017-03-29,0.00300661084727321,0.21072843457301366
2017-03-30,-0.004450108436633505,0.31021073400964644
2017-03-31,0.00875540054208089,0.3106822791326968
2017-04-03,0.0006601264890275608,0.3029072041469661
2017-04-04,0.006743690649503437,0.32859532926499446
2017-04-05,-0.0026302212449105513,0.2681035962985689
2017-04-06,-0.0003234667597340848,0.37553242542083015
2017-04-07,0.002923410048790786,0.38264174614357027
2017-04-10,-0.005105813677070327,0.31638445444216384
2017-04-11,-0.004947152220826661,0.40081725051330147
2017-04-12,-0.003017031169128909,0.42036985173746577
2017-04-13,-0.006712761076573378,0.4668901089453475
2017-04-17,-0.0032782060433101516,0.46683228939883753
2017-04-18,-0.003866536129241548,0.46894722043949383
2017-04-19,-0.0014016425742540588,0.53817670074681
2017-04-20,0.013165957347841227,0.591023984262661
2017-04-21,-0.013798629253577848,0.6450286393041222
2017-04-24,-0.013958349567859976,0.6012129753487686
2017-04-25,-0.008057030743977234,0.5389665917781551
2017-04-26,-0.031823623827821654,0.0
2017-04-27,-0.0005079365079365079,1.0
2017-04-28,-0.025520316017543995,0.0
2017-05-01,-0.0,0.0
2017-05-02,0.0,0.0
2017-05-03,0.0,0.0
2017-05-04,-0.0,0.0
2017-05-05,0.0,0.0
2017-05-08,-0.000423937014565172,0.8346259974251823
2017-05-09,-0.02140054550668586,0.0
2017-05-10,-0.0003972914096503235,0.7821674627490743
2017-05-11,0.01537990032824404,0.41981141564132135
2017-05-12,0.010644844218140144,0.35187880770092195
2017-05-15,-0.005098053776623437,0.3751273154949221
2017-05-16,0.012042197465801964,0.36993948150974504
2017-05-17,-0.004810202176416465,0.3536314396643869
2017-05-18,-0.0003049763784245638,0.3470324403899158
2017-05-19,0.017486069359272386,0.3656297875790967
2017-05-22,0.003365224176272056,0.0
2017-05-23,-0.0,0.0
2017-05-24,-0.00014096512070769487,0.27752508139327425
2017-05-25,0.007889428671248233,0.311011341102799
2017-05-26,0.0036855554509298526,0.0
2017-05-30,-0.0,0.0
2017-05-31,0.0,0.0
2017-06-01,-0.0,0.0
2017-06-02,-0.0,0.0
2017-06-05,-0.0,0.0
2017-06-06,-0.00019632189393110634,0.38650872867686564
2017-06-07,-4.526667706197675e-06,0.365431095647935
2017-06-08,0.0038436394575779216,0.38734138387462275
2017-06-09,0.00466895071442109,0.43395787386022955
2017-06-12,-0.018236456931092136,0.0
2017-06-13,0.0,0.0
2017-06-14,-0.0,0.0
2017-06-15,0.0,0.0
2017-06-16,0.0,0.0
2017-06-19,-0.0001939558581135476,0.38185059566104684
2017-06-20,-5.659032288445223e-05,0.4153161724744755
2017-06-21,-0.0024942178411001127,0.4245864309085712
2017-06-22,0.01428767446586584,0.4647377167614083
2017-06-23,-0.007941601629788754,0.35614946941003983
2017-06-26,-0.0027013001042707468,0.44902705764359374
2017-06-27,0.005489960528991286,0.45429954830432745
2017-06-28,0.01196728041874928,0.4515551950624082
2017-06-29,0.001347394297050414,0.0
2017-06-30,0.0,0.0
2017-07-03,0.0,0.0
2017-07-05,0.0,0.0
2017-07-06,0.0,0.0
2017-07-07,-0.0,0.0
2017-07-10,-0.0,0.0
2017-07-11,0.0,0.0
2017-07-12,-0.0,0.0
2017-07-13,-0.0,0.0
2017-07-14,0.0,0.0
2017-07-17,0.0,0.0
2017-07-18,0.0,0.0
2017-07-19,0.0,0.0
2017-07-20,-0.0,0.0
2017-07-21,-0.0,0.0
2017-07-24,-0.0,0.0
2017-07-25,0.0,0.0
2017-07-26,0.0,0.0
2017-07-27,0.0,0.0
2017-07-28,0.0,0.0
2017-07-31,0.0,0.0
2017-08-01,-0.0,0.0
2017-08-02,-0.0,0.0
2017-08-03,-0.0,0.0
2017-08-04,-0.0,0.0
2017-08-07,-0.0,0.0
2017-08-08,-0.0,0.0
2017-08-09,-0.0,0.0
2017-08-10,0.0,0.0
2017-08-11,0.0,0.0
2017-08-14,-0.0,0.0
2017-08-15,0.0,0.0
2017-08-16,-0.0,0.0
2017-08-17,0.0,0.0
2017-08-18,0.0,0.0
2017-08-21,-0.0,0.0
2017-08-22,0.0,0.0
2017-08-23,0.0,0.0
2017-08-24,0.0,0.0
2017-08-25,-0.0,0.0
2017-08-28,0.0,0.0
2017-08-29,0.0,0.0
2017-08-30,0.0,0.0
2017-08-31,0.0,0.0
2017-09-01,-0.0,0.0
2017-09-05,-0.0,0.0
2017-09-06,-0.0,0.0
2017-09-07,0.0,0.0
2017-09-08,0.0,0.0
2017-09-11,-0.0,0.0
2017-09-12,0.0,0.0
2017-09-13,-0.0,0.0
2017-09-14,-0.0,0.0
2017-09-15,0.0,0.0
2017-09-18,-0.0,0.0
2017-09-19,-0.0,0.0
2017-09-20,-0.0,0.0
2017-09-21,-0.0,0.0
2017-09-22,0.0,0.0
2017-09-25,0.0,0.0
2017-09-26,-0.0,0.0
2017-09-27,-0.0,0.0
2017-09-28,-0.0,0.0
2017-09-29,-0.0,0.0
2017-10-02,-0.0,0.0
2017-10-03,0.0,0.0
2017-10-04,0.0,0.0
2017-10-05,0.0,0.0
2017-10-06,-0.0,0.0
2017-10-09,-0.0,0.0
2017-10-10,-0.0,0.0
2017-10-11,0.0,0.0
2017-10-12,-0.0,0.0
2017-10-13,0.0,0.0
2017-10-16,-0.0,0.0
2017-10-17,0.0,0.0
2017-10-18,0.0,0.0
2017-10-19,0.0,0.0
2017-10-20,0.0,0.0
2017-10-23,-0.0,0.0
2017-10-24,0.0,0.0
2017-10-25,0.0,0.0
2017-10-26,0.0,0.0
2017-10-27,-0.0,0.0
2017-10-30,-0.0,0.0
2017-10-31,0.0,0.0
2017-11-01,-0.0,0.0
2017-11-02,0.0,0.0
2017-11-03,0.0,0.0
2017-11-06,0.0,0.0
2017-11-07,-0.0,0.0
2017-11-08,0.0,0.0
2017-11-09,-0.0,0.0
2017-11-10,0.0,0.0
2017-11-13,-0.0,0.0
2017-11-14,-0.0,0.0
2017-11-15,-0.0,0.0
2017-11-16,-0.00013132911426443945,0.25855419370811517
2017-11-17,0.0009713033974212043,0.311272422966517
2017-11-20,0.0034334296096809017,0.3509238014523535
2017-11-21,0.0022348699825073593,0.3700672804447784
2017-11-22,-0.024765890106892747,0.0
2017-11-24,-0.0001780111236526186,0.3504593996910929
2017-11-27,0.013786012519645504,0.36102878229608065
2017-11-28,-0.005759186088272999,0.37152371675206564
2017-11-29,-0.016027173038466503,0.0
2017-11-30,-0.00016045417371586226,0.3158941545031038
2017-12-01,0.001385838886281271,0.40132554880375587
2017-12-04,-0.02360901976371079,0.0
2017-12-05,0.0,0.0
2017-12-06,-0.0,0.0
2017-12-07,0.0,0.0
2017-12-08,0.0,0.0
2017-12-11,-0.00015952599579203134,0.3140668042155617
2017-12-12,-0.0033877213347765357,0.31433791915080417
2017-12-13,-0.02225786204143677,0.0
2017-12-14,-0.0003849394593850784,0.7578495606643731
2017-12-15,-0.03380967825548829,0.0
2017-12-18,-0.0005079365079365079,1.0
2017-12-19,0.03267429695431259,0.685795106717288
2017-12-20,0.01996440510596886,0.47218383145529363
2017-12-21,0.004175069893157056,0.2501181712386885
2017-12-22,0.008179418063393045,0.27699366526057584
2017-12-26,0.0023255398058200623,0.22832212875031468
2017-12-27,0.006443437327738451,0.24169244545023175
2017-12-28,0.00011584704063389026,0.23804696986625262
2017-12-29,-0.001087538486949784,0.25724267068462525
2018-01-02,-4.077669924839641e-06,0.5137864105297948
2018-01-03,0.0031535549053862805,0.9246068434964867
2018-01-04,-0.014422249006842117,1.0
2018-01-05,-0.015415701129535627,1.0
2018-01-08,-0.017958511694392606,0.0
2018-01-09,0.0,0.0
2018-01-10,-0.0,0.0
2018-01-11,-0.0,0.0
2018-01-12,-0.0,0.0
2018-01-16,-0.0005079365079365079,1.0
2018-01-17,0.022742077598674224,1.0
2018-01-18,0.03509248905001998,1.0
2018-01-19,-0.0013305324391983922,1.0
2018-01-22,0.018113657762889306,1.0
2018-01-23,0.012945416871492314,1.0
2018-01-24,-0.036331882196301714,1.0
2018-01-25,0.011419166354969978,1.0
2018-01-26,0.016012985593815834,1.0
2018-01-29,0.003674331144885088,1.0
2018-01-30,-0.029036519956875093,1.0
2018-01-31,0.004214664657300324,1.0
2018-02-01,-0.0630261468647448,1.0
2018-02-02,-0.04837621686084519,0.0
2018-02-05,0.0,0.0
2018-02-06,-0.0,0.0
2018-02-07,-0.0,0.0
2018-02-08,0.0,0.0
2018-02-09,-0.0005079365079365079,1.0
2018-02-12,-0.055584408060932386,0.0
2018-02-13,0.0,0.0
2018-02-14,0.0,0.0
2018-02-15,-0.0,0.0
2018-02-16,0.0,0.0
2018-02-20,-0.0005079365079365079,1.0
2018-02-21,0.030502928148777107,1.0
2018-02-22,-0.03657703031522286,1.0
2018-02-23,0.042374014111959714,1.0
2018-02-26,0.024974068776848223,1.0
2018-02-27,-0.0048466582691104225,1.0
2018-02-28,-0.040276092718799575,1.0
2018-03-01,0.2803115094207373,1.0
2018-03-02,-0.013766217663247659,0.8358305016697978
2018-03-05,-0.008037206988071349,0.8978819233086625
2018-03-06,0.0006825234598970479,0.9521603199300869
2018-03-07,0.025760911025837382,0.9607638971047963
2018-03-08,-0.023829586700902614,0.9487363461031767
2018-03-09,-0.03126416552382302,0.9909410670659206
2018-03-12,0.005381880172676555,0.9873873063304702
2018-03-13,0.03519712330226661,1.0
2018-03-14,0.06227089147188453,1.0
2018-03-15,-0.008424289436031511,0.6827551030120671
2018-03-16,-0.012131707875323519,0.6760837093408649
2018-03-19,-0.01506868181068869,0.6579063444264467
2018-03-20,0.015524016836281003,0.6560724188705978
2018-03-21,0.010790585518914807,0.6331025583194149
2018-03-22,0.022911740021372883,0.45396681150275225
2018-03-23,-0.013911674571075396,0.24971223235056125
2018-03-26,-0.0051801416663072985,0.4551423240978756
2018-03-27,0.012214365114800004,0.45564592846644253
2018-03-28,0.017277112538441775,0.0
2018-03-29,-0.00012235623059455946,0.24088882898303893
2018-04-02,-0.0025582839440693736,0.36372590060094556
2018-04-03,-0.001325181202209188,0.3639327296066571
2018-04-04,-0.0006212797281173364,0.3672975927893041
2018-04-05,-0.0009044290055800077,0.36630735076199655
2018-04-06,0.008892118166909496,0.3844619449856496
2018-04-09,0.00013125917161821782,0.28334259346663354
2018-04-10,0.006485144503739474,0.0
2018-04-11,-0.0,0.0
2018-04-12,-0.000153519613437697,0.30224173895546597
2018-04-13,0.003259659553678536,0.3169033733762192
2018-04-16,0.0005995648884804529,0.31322869676781107
2018-04-17,-0.00714630830591805,0.32559455378430047
2018-04-18,-0.011863391551248728,0.43158522095721064
2018-04-19,0.014967344088885942,0.7437167087330755
2018-04-20,0.023140573859537474,0.38867563178439646
2018-04-23,0.014955128861106904,0.0
2018-04-24,-0.0,0.0
2018-04-25,-0.0,0.0
2018-04-26,0.0,0.0
2018-04-27,0.0,0.0
2018-04-30,-0.0,0.0
2018-05-01,-0.0,0.0
2018-05-02,-0.00013438726839246873,0.2645749346476728
2018-05-03,-0.005347875706630418,0.24177960541652851
2018-05-04,0.0003544801837905982,0.23200134411810985
2018-05-07,-0.00019175886905724974,0.24387599912835714
2018-05-08,0.007918488458742346,0.24367738632486496
2018-05-09,0.0038608464863634736,0.0
2018-05-10,0.0,0.0
2018-05-11,0.0,0.0
2018-05-14,0.0,0.0
2018-05-15,-0.0,0.0
2018-05-16,0.0,0.0
2018-05-17,-0.0,0.0
2018-05-18,-0.0,0.0
2018-05-21,-0.0,0.0
2018-05-22,0.0,0.0
2018-05-23,0.0,0.0
2018-05-24,0.0,0.0
2018-05-25,0.0,0.0
2018-05-29,-0.0,0.0
2018-05-30,0.0,0.0
2018-05-31,-0.0,0.0
2018-06-01,0.0,0.0
2018-06-04,0.0,0.0
2018-06-05,-0.0,0.0
2018-06-06,-0.0,0.0
2018-06-07,0.0,0.0
2018-06-08,0.0,0.0
2018-06-11,-0.0,0.0
2018-06-12,-0.0,0.0
2018-06-13,0.0,0.0
2018-06-14,-0.0,0.0
2018-06-15,-0.0,0.0
2018-06-18,0.0,0.0
2018-06-19,0.0,0.0
2018-06-20,-0.0,0.0
2018-06-21,-8.464940711651556e-05,0.16665352026063998
2018-06-22,-0.004631093826063335,0.1665162243532582
2018-06-25,-0.0028878496804048623,0.0
2018-06-26,-0.0,0.0
2018-06-27,0.0,0.0
2018-06-28,-0.0,0.0
2018-06-29,0.0,0.0
2018-07-02,-9.529860879228493e-05,0.18761913605981095
2018-07-03,0.002280989533839142,0.6539520430821077
2018-07-05,0.0561234659015681,0.6984115298865874
2018-07-06,-0.055933162982655986,0.4073234033447089
2018-07-09,0.030313580764498506,0.5806846302625439
2018-07-10,0.013124532545993503,0.36110847802617313
2018-07-11,-0.014108781486015081,0.2581217254575548
2018-07-12,0.00891871285600214,0.514875541116281
2018-07-13,0.01240284221160598,0.2626042902380398
2018-07-16,-0.01581787311992794,0.15455672355296046
2018-07-17,0.007331473030809666,0.5581780738400117
2018-07-18,0.0034997295742895326,0.27663297499152556
2018-07-19,-0.011540190497513996,0.2776077026553038
2018-07-20,-0.0014493734209566505,0.41757432587349025
2018-07-23,0.08239855275231563,0.4192162799140975
2018-07-24,-0.007705463291711952,0.0
2018-07-25,-4.85643017603074e-05,0.0956109690906052
2018-07-26,0.006245318051332832,0.0
2018-07-27,0.0,0.0
2018-07-30,-0.0,0.0
2018-07-31,-0.0,0.0
2018-08-01,-0.0,0.0
2018-08-02,-5.6703488102641464e-05,0.11163499220207537
2018-08-03,0.0019479525057995134,0.1633916703828481
2018-08-06,-0.003133383864260445,0.13152284461747127
2018-08-07,0.009371440018539666,0.1895037800485303
2018-08-08,-0.008857138900913887,0.13489337293491455
2018-08-09,-0.0033377626599251794,0.13192293681643744
2018-08-10,0.004586018505904798,0.17910249147545207
2018-08-13,-0.0028250215230990537,0.0
2018-08-14,0.0,0.0
2018-08-15,0.0,0.0
2018-08-16,-0.0,0.0
2018-08-17,-0.0,0.0
2018-08-20,-9.136863674152264e-05,0.1798820035848727
2018-08-21,-0.006419864662873538,0.16119442864787617
2018-08-22,0.012390731567580708,0.21159099666496536
2018-08-23,-0.0012893816246390493,0.14592944990380383
2018-08-24,5.845766638496074e-05,0.15707979393655405
2018-08-27,0.0028466873439710835,0.1642970714509232
2018-08-28,-0.00012359504367951608,0.157956173149854
2018-08-29,0.00171788931569706,0.17724352839519186
2018-08-30,0.0035732911469955695,0.18156404770902554
2018-08-31,0.003190725811373024,0.0
2018-09-04,-0.0,0.0
2018-09-05,-7.303783050457382e-05,0.1437932288058797
2018-09-06,0.0015064535326694375,0.161555713797402
2018-09-07,0.005580229656961715,0.17034313996662354
2018-09-10,-0.0009353920968808172,0.0
2018-09-11,0.0,0.0
2018-09-12,-0.0,0.0
2018-09-13,0.0,0.0
2018-09-14,-0.0,0.0
2018-09-17,0.0,0.0
2018-09-18,0.0,0.0
2018-09-19,-0.0,0.0
2018-09-20,-0.0,0.0
2018-09-21,0.0,0.0
2018-09-24,-0.00010661950295756271,0.2099071464477016
2018-09-25,0.004934469688298603,0.19649393909461396
2018-09-26,0.00401437030640505,0.19939396628460232
2018-09-27,0.004853331153810759,0.1723178056418941
2018-09-28,-0.002003538694057056,0.0
2018-10-01,-0.0,0.0
2018-10-02,0.0,0.0
2018-10-03,-0.0,0.0
2018-10-04,0.0,0.0
2018-10-05,-0.0,0.0
2018-10-08,0.0,0.0
2018-10-09,-0.0,0.0
2018-10-10,-0.0,0.0
2018-10-11,-0.0,0.0
2018-10-12,-0.00011575245518155425,0.22788764613868492
2018-10-15,-0.004118927539407081,0.2554550514012861
2018-10-16,0.014543168034659045,0.2549201906311741
2018-10-17,0.001775135672974716,0.2118960424876725
2018-10-18,0.001225475794996367,0.2259333977607989
2018-10-19,0.0034011820912374906,0.0
2018-10-22,-0.0,0.0
2018-10-23,-0.0,0.0
2018-10-24,-0.0,0.0
2018-10-25,-0.00013206804268564215,0.260008959037358
2018-10-26,0.002276567640730621,0.2553867885261549
2018-10-29,0.008668608097844442,0.25698285639817053
2018-10-30,-0.0002371865380511295,0.2614209290310895
2018-10-31,-0.0025952346522514734,0.26211814189297117
2018-11-01,-0.010832057369914874,0.27182549838712927
2018-11-02,-0.001206412164559183,0.26242392712374385
2018-11-05,-0.0014801089276088978,0.2780773252735698
2018-11-06,0.014573838693178761,0.28570054991377475
2018-11-07,-0.0014694114827207237,0.2845967120336787
2018-11-08,-0.0009032831874174208,0.2896355314508945
2018-11-09,-0.001820633917696564,0.3332896285113086
2018-11-12,0.009411095192125685,0.34230319072396864
2018-11-13,0.006562206348011152,0.3422011488717484
2018-11-14,0.008632186598007224,0.0
2018-11-15,-0.0,0.0
2018-11-16,-0.0001700841308678124,0.33485313264600564
2018-11-19,0.0007380908593447951,0.0
2018-11-20,-0.0,0.0
2018-11-21,-0.0001556216361347429,0.30638009614027506
2018-11-23,-0.008871186803465287,0.6989887014909731
2018-11-26,0.020199636137982667,1.0
2018-11-27,-0.040479306623002274,0.6657222022550366
2018-11-28,-0.001762526340570242,1.0
2018-11-29,0.03205066206014161,1.0
2018-11-30,0.010885624229155347,0.8922068091110865
2018-12-03,-0.09763051601930267,0.37193618725182465
2018-12-04,0.0050146300654187875,1.0
2018-12-06,0.05682782252694558,1.0
2018-12-07,0.04768389706260134,0.7645836489853015
2018-12-10,-0.042492050374839475,0.20767749174987832
2018-12-11,-0.0006767487675608022,0.9307988446562424
2018-12-12,0.0005970981384150257,0.9362373492609136
2018-12-13,0.033538166864703234,0.9753017044404211
2018-12-14,-0.01872500281548403,0.2636231530645363
2018-12-17,0.006606369672204685,0.6834314836035981
2018-12-18,0.042675835316852026,0.27289891243359776
2018-12-19,0.013832075295609063,0.17757909163391275
2018-12-20,-0.014861177911091457,0.0
2018-12-21,-8.614379518150806e-05,0.169595596763594
2018-12-24,0.0014261577358513585,0.18677329802334933
2018-12-26,-0.005039749939893725,0.19073633905122514
2018-12-27,0.0011883505013914684,0.2594633133409038
2018-12-28,-0.004977405801381506,0.2734868480772727
2018-12-31,0.001256922242542363,0.4816738214925733
2019-01-02,-7.936507936507936e-06,1.0
2019-01-03,0.046364370392181976,1.0
2019-01-04,-0.03544995904673403,1.0
2019-01-07,-0.04180601616792952,0.0
2019-01-08,0.0,0.0
2019-01-09,-0.0,0.0
2019-01-10,0.0,0.0
2019-01-11,-0.0,0.0
2019-01-14,-0.0,0.0
2019-01-15,0.0,0.0
2019-01-16,0.0,0.0
2019-01-17,0.0,0.0
2019-01-18,-0.0,0.0
2019-01-22,-0.0005079365079365079,1.0
2019-01-23,-0.04626161604283772,1.0
2019-01-24,-0.03493544714106709,1.0
2019-01-25,-0.029890360671327422,1.0
2019-01-28,-0.046126788644697964,0.0
2019-01-29,0.0,0.0
2019-01-30,-0.0,0.0
2019-01-31,-0.0005079365079365079,1.0
2019-02-01,0.08204091884023242,0.0
2019-02-04,0.0,0.0
2019-02-05,-0.0005079365079365079,1.0
2019-02-06,0.061471525542795356,1.0
2019-02-07,0.021452587588049195,1.0
2019-02-08,0.047708780879260324,1.0
2019-02-11,-0.053218114300046734,1.0
2019-02-12,-0.020055704934732927,1.0
2019-02-13,0.0551029837267625,1.0
2019-02-14,0.09094274639094975,0.9526069102028689
2019-02-15,0.09628036325762072,0.4516714891768965
2019-02-19,-0.0388869747705571,0.14879396250575572
2019-02-20,0.005212648875279972,0.2251975985918832
2019-02-21,0.011337519175772618,0.15277053627586615
2019-02-22,-0.005262620977451274,0.14236066076186427
2019-02-25,-0.008966848508403577,0.1529827842116696
2019-02-26,0.016083840661190903,0.3887289081595038
2019-02-27,0.00589194842711308,0.12119983217457987
2019-02-28,-0.0032948517384407835,0.0
2019-03-01,-0.00039632329019489087,0.7802614775711915
2019-03-04,-0.004503960850794557,0.0
2019-03-05,0.0,0.0
2019-03-06,0.0,0.0
2019-03-07,-0.0,0.0
2019-03-08,0.0,0.0
2019-03-11,-0.0,0.0
2019-03-12,-0.0,0.0
2019-03-13,-0.0,0.0
2019-03-14,-0.0,0.0
2019-03-15,0.0,0.0
2019-03-18,0.0,0.0
2019-03-19,0.0,0.0
2019-03-20,0.0,0.0
2019-03-21,-0.0,0.0
2019-03-22,0.0,0.0
2019-03-25,0.0,0.0
2019-03-26,-0.0,0.0
2019-03-27,-0.0,0.0
2019-03-28,-0.0,0.0
2019-03-29,-0.0,0.0
2019-04-01,-0.0,0.0
2019-04-02,-9.535358207481662e-05,0.1877273647097952
2019-04-03,0.006323950710152253,0.18317658581882074
2019-04-04,0.001069668190720528,0.0
2019-04-05,0.0,0.0
2019-04-08,-0.0,0.0
2019-04-09,-8.474729313034959e-05,0.16684623335037577
2019-04-10,0.01519298960243857,0.0
2019-04-11,-0.0,0.0
2019-04-12,-0.0,0.0
2019-04-15,-0.0,0.0
2019-04-16,0.0,0.0
2019-04-17,0.0,0.0
2019-04-18,0.0,0.0
2019-04-22,0.0,0.0
2019-04-23,-0.0,0.0
2019-04-24,0.0,0.0
2019-04-25,0.0,0.0
2019-04-26,0.0,0.0
2019-04-29,-0.0,0.0
2019-04-30,0.0,0.0
2019-05-01,-0.0,0.0
2019-05-02,0.0,0.0
2019-05-03,-0.0,0.0
2019-05-06,-0.0,0.0
2019-05-07,-0.0,0.0
2019-05-08,0.0,0.0
2019-05-09,0.0,0.0
2019-05-10,0.0,0.0
2019-05-13,-0.0,0.0
2019-05-14,-0.0,0.0
2019-05-15,0.0,0.0
2019-05-16,0.0,0.0
2019-05-17,-0.0,0.0
2019-05-20,-0.0,0.0
2019-05-21,0.0,0.0
2019-05-22,0.0,0.0
2019-05-23,0.0,0.0
2019-05-24,-0.0,0.0
2019-05-28,0.0,0.0
2019-05-29,-0.0,0.0
2019-05-30,-0.0,0.0
2019-05-31,-0.0,0.0
2019-06-03,-0.0,0.0
2019-06-04,-0.0,0.0
2019-06-05,-7.591435978857586e-05,0.14945639583375875
2019-06-06,-0.0025109420136353094,0.14758346348340448
2019-06-07,-8.796823507926803e-05,0.15582930493224054
2019-06-10,0.0015222864590236909,0.0
2019-06-11,0.0,0.0
2019-06-12,-0.0,0.0
2019-06-13,0.0,0.0
2019-06-14,0.0,0.0
2019-06-17,-0.0,0.0
2019-06-18,-9.106554727348305e-05,0.17928529619466976
2019-06-19,0.004442507707630856,0.5217887442514904
2019-06-20,-0.017111451581695244,0.19599625113334176
2019-06-21,0.014669048964897374,0.4978593319963033
2019-06-24,-0.014227423284795931,0.14324572612388042
2019-06-25,0.006070423802396343,0.1553301673156628
2019-06-26,0.01268558393824078,0.0
2019-06-27,-0.0,0.0
2019-06-28,0.0,0.0
2019-07-01,-0.0,0.0
2019-07-02,0.0,0.0
2019-07-03,0.0,0.0
2019-07-05,0.0,0.0
2019-07-08,-0.0,0.0
2019-07-09,0.0,0.0
2019-07-10,0.0,0.0
2019-07-11,-0.0,0.0
2019-07-12,-0.0,0.0
2019-07-15,-0.0,0.0
2019-07-16,0.0,0.0
2019-07-17,0.0,0.0
2019-07-18,-0.0,0.0
2019-07-19,0.0,0.0
2019-07-22,-0.0,0.0
2019-07-23,0.0,0.0
2019-07-24,0.0,0.0
2019-07-25,0.0,0.0
2019-07-26,-0.0,0.0
2019-07-29,-0.0,0.0
2019-07-30,0.0,0.0
2019-07-31,-0.0,0.0
2019-08-01,-0.0,0.0
2019-08-02,-8.367523800507958e-05,0.16473562482250043
2019-08-05,-0.011649105242042341,0.2411697021775382
2019-08-06,6.597087393725388e-05,0.9214943236393623
2019-08-07,-0.013757561371623301,0.9823165018307588
2019-08-08,-0.018598108212236647,1.0
2019-08-09,-0.03436214778044196,0.0
2019-08-12,-0.0,0.0
2019-08-13,0.0,0.0
2019-08-14,-0.0,0.0
2019-08-15,-0.0,0.0
2019-08-16,0.0,0.0
2019-08-19,-0.0005079365079365079,1.0
2019-08-20,0.03165763115058004,0.0
2019-08-21,-0.0005079365079365079,1.0
2019-08-22,-0.03287105583021938,0.9419631812405788
2019-08-23,0.006377891293243438,1.0
2019-08-26,-0.028568971050760526,1.0
2019-08-27,-0.0014154892798342552,1.0
2019-08-28,0.03053657720865169,1.0
2019-08-29,-0.038390893450821036,0.9903822933605462
2019-08-30,-0.05046848643824147,0.0
2019-09-03,-0.00039689246820561743,0.7813820467798094
2019-09-04,0.023043902623147445,0.9685399827288234
2019-09-05,0.02567174327864021,0.9422394429581084
2019-09-06,0.042105435443172454,0.8884227930407843
2019-09-09,-0.035970699829928364,0.7440118754244055
2019-09-10,0.031221291843343508,0.8069226285268928
2019-09-11,0.034143208443039606,0.6812825163800085
2019-09-12,-0.0029035254308163796,0.6570203356695448
2019-09-13,0.005916400538430617,0.6679970551476706
2019-09-16,0.017840461310808544,0.7015902620454306
2019-09-17,0.003388680438041488,0.49798279962509406
2019-09-18,0.016635323825470297,0.5279519255494108
2019-09-19,0.05586721681524298,0.38314275014218596
2019-09-20,-0.02122873903567974,0.12984098748135575
2019-09-23,-0.0021151255278774577,0.137002823957178
2019-09-24,0.0009750021995053738,0.19938403307332767
2019-09-25,-0.0027277974496586867,0.1401316839276016
2019-09-26,0.010114197573151254,0.20296637522734087
2019-09-27,0.0004458931815776559,0.12377427465062227
2019-09-30,0.0002728228198972146,0.12182643469056638
2019-10-01,-0.004195493192695238,0.0
2019-10-02,-0.0,0.0
2019-10-03,0.0,0.0
2019-10-04,0.0,0.0
2019-10-07,0.0,0.0
2019-10-08,0.0,0.0
2019-10-09,0.0,0.0
2019-10-10,0.0,0.0
2019-10-11,-0.0,0.0
2019-10-14,-0.0,0.0
2019-10-15,0.0,0.0
2019-10-16,0.0,0.0
2019-10-17,-0.0,0.0
2019-10-18,0.0,0.0
2019-10-21,-0.0,0.0
2019-10-22,-0.0,0.0
2019-10-23,-0.0,0.0
2019-10-24,0.0,0.0
2019-10-25,-0.0,0.0
2019-10-28,0.0,0.0
2019-10-29,0.0,0.0
2019-10-30,-0.0,0.0
2019-10-31,-0.0,0.0
2019-11-01,-0.0,0.0
2019-11-04,-0.0,0.0
2019-11-05,-0.0,0.0
2019-11-06,-0.0,0.0
2019-11-07,-0.00010886477801473603,0.21432753171651156
2019-11-08,-0.002035746577423245,0.21432537701516655
2019-11-11,-0.004090193319829674,0.2150699577165495
2019-11-12,-0.0006137290182973994,0.31064234152559195
2019-11-13,0.008990196662772914,0.3380422806368581
2019-11-14,-0.003067852818644442,0.2215293382030335
2019-11-15,0.00010881537740830172,0.23286318431148226
2019-11-18,-0.004511261077542914,0.2370183114002838
2019-11-19,0.009798459545446368,0.22902739971238995
2019-11-20,0.0007978101350361059,0.21532736873334535
2019-11-21,0.007976923258767773,0.2226187747227064
2019-11-22,-0.0034534703874539666,0.0
2019-11-25,-0.0001027015144116095,0.2021936064978562
2019-11-26,0.008272568779268043,0.2182171669110369
2019-11-27,-0.008380405687859858,0.0
2019-11-29,-0.0,0.0
2019-12-02,-0.0,0.0
2019-12-03,-0.00011757186625321634,0.23146961168601968
2019-12-04,-0.008513187815658551,0.3192125173541168
2019-12-05,0.012585315948932193,0.5452828339534572
2019-12-06,0.008194070858622813,0.3135257325248198
2019-12-09,0.005521151806329063,0.0
2019-12-10,0.0,0.0
2019-12-11,-0.0,0.0
2019-12-12,-0.0,0.0
2019-12-13,0.0,0.0
2019-12-16,-0.00010732581516589454,0.21129769860785488
2019-12-17,0.0044958620191193985,0.2090785615260026
2019-12-18,-0.0031707427211200415,0.20929512740425957
2019-12-19,0.00677814276424662,0.2212570688802459
2019-12-20,0.009582733525720005,0.19614793861088178
2019-12-23,-0.001342611058597016,0.0
2019-12-24,-9.481168584930854e-05,0.1866605065158262
2019-12-26,0.0049472342255967175,0.0
2019-12-27,-0.0,0.0
2019-12-30,-0.0,0.0
2019-12-31,-0.0001023569931750448,0.20151533031336946
2020-01-02,-5.411474798446242e-06,0.6818458246042266
2020-01-03,-0.0046047619935807305,0.7327370281197797
2020-01-06,-0.02251456570634599,0.0
2020-01-07,-0.0,0.0
2020-01-08,-0.0,0.0
2020-01-09,0.0,0.0
2020-01-10,0.0,0.0
2020-01-13,0.0,0.0
2020-01-14,-0.0,0.0
2020-01-15,-0.0,0.0
2020-01-16,-0.0,0.0
2020-01-17,-0.0,0.0
2020-01-21,-0.0,0.0
2020-01-22,-0.0,0.0
2020-01-23,0.0,0.0
2020-01-24,-0.0,0.0
2020-01-27,-0.0005079365079365079,1.0
2020-01-28,0.05030081852342089,1.0
2020-01-29,0.05391479363340736,1.0
2020-01-30,-0.05388141081012227,1.0
2020-01-31,0.016693784259914867,1.0
2020-02-03,0.02778409175286458,1.0
2020-02-04,-0.01999319270205243,1.0
2020-02-05,0.06901254686562877,1.0
2020-02-06,0.030322260515664244,1.0
2020-02-07,0.07771406916019326,1.0
2020-02-10,0.01802134988687455,0.670298174915217
2020-02-11,-0.01827174959187486,0.6810399795486088
2020-02-12,0.06642189696834426,0.6877535102551295
2020-02-13,-0.01053154879309933,0.25503610282157135
2020-02-14,-0.00547052556792847,0.2624589045881328
2020-02-18,0.00973202749105085,0.46364882219920944
2020-02-19,0.019647924404796263,0.20031139947666746
2020-02-20,-0.006192179918125763,0.1702698553371227
2020-02-21,-0.0034144175051998072,0.194813332643174
2020-02-24,-0.0032271609817958653,0.26143956160738074
2020-02-25,-0.022081708157373318,0.0
2020-02-26,-0.0004377091145417252,0.8617398192540215
2020-02-27,0.014703661712536845,0.9848499083422978
2020-02-28,0.12671849126871593,0.9691203776402936
2020-03-02,0.1654535660921354,0.9765461826326662
2020-03-03,-0.03849206102386061,0.6498270949362716
2020-03-04,0.045143676956413976,0.7039173804584855
2020-03-05,-0.03085375584462981,0.41551723525338485
2020-03-06,-0.0142614023583126,0.6182936505816993
2020-03-09,-0.0008386896969398457,0.6738322752507669
2020-03-10,-0.06048978024444702,0.0
2020-03-11,-0.0003862339940789037,0.7603981758428418
2020-03-12,-0.26181727604312605,0.0
2020-03-13,-0.0,0.0
2020-03-16,-0.0,0.0
2020-03-17,0.0,0.0
2020-03-18,0.0,0.0
2020-03-19,-0.00022058780113705755,0.4342822334885821
2020-03-20,0.0018464957628240857,0.0
2020-03-23,-0.0,0.0
2020-03-24,0.0,0.0
2020-03-25,0.0,0.0
2020-03-26,-0.00017546247312565645,0.34544174396613614
2020-03-27,0.06545332600920657,0.3315492177316115
2020-03-30,0.031364761091545026,0.30298456723580636
2020-03-31,-0.023332618483707518,0.2736276927908554
2020-04-01,-0.04430075672258414,0.0
2020-04-02,-0.00016562536697324663,0.32607494122857933
2020-04-03,-0.03997999679847921,0.0
2020-04-06,0.0,0.0
2020-04-07,0.0,0.0
2020-04-08,-0.0,0.0
2020-04-09,0.0,0.0
2020-04-13,0.0,0.0
2020-04-14,0.0,0.0
2020-04-15,-0.0,0.0
2020-04-16,0.0,0.0
2020-04-17,0.0,0.0
2020-04-20,0.0,0.0
2020-04-21,-0.0,0.0
2020-04-22,-0.0,0.0
2020-04-23,-0.0,0.0
2020-04-24,-0.0,0.0
2020-04-27,0.0,0.0
2020-04-28,0.0,0.0
2020-04-29,-0.0,0.0
2020-04-30,-0.0,0.0
2020-05-01,0.0,0.0
2020-05-04,-1.0930119622918015e-05,0.02151867300761984
2020-05-05,-0.0009064215289149056,0.016336164834206537
2020-05-06,-0.0011997532279879506,0.0
2020-05-07,-1.1034475455865835e-05,0.021724123553735864
2020-05-08,0.00035811117158081703,0.016320456009383828
2020-05-11,-0.0006298814502415236,0.0
2020-05-12,-0.0,0.0
2020-05-13,-0.0,0.0
2020-05-14,0.0,0.0
2020-05-15,0.0,0.0
2020-05-18,-1.941277839434647e-05,0.03821890746386961
2020-05-19,-0.001787408062883998,0.03678893998519329
2020-05-20,-0.002338064735492217,0.0
2020-05-21,-9.893805069689795e-05,0.19478428730951786
2020-05-22,0.00604697318624563,0.2120351613759372
2020-05-26,-0.011945483622883848,0.0
2020-05-27,-0.0,0.0
2020-05-28,-0.0,0.0
2020-05-29,-0.0,0.0
2020-06-01,0.0,0.0
2020-06-02,0.0,0.0
2020-06-03,-0.0,0.0
2020-06-04,0.0,0.0
2020-06-05,0.0,0.0
2020-06-08,0.0,0.0
2020-06-09,0.0,0.0
2020-06-10,-0.0,0.0
2020-06-11,-0.0,0.0
2020-06-12,0.0,0.0
2020-06-15,-8.783956158995196e-05,0.17293413688021791
2020-06-16,0.009568756107538198,0.1634551581444665
2020-06-17,0.010727175478540026,0.1406039251058287
2020-06-18,0.007685610706390367,0.14014492340728002
2020-06-19,-0.004778732797987905,0.11389482892812872
2020-06-22,-0.0006573050025067583,0.1435565250051581
2020-06-23,0.001345719262876612,0.11734707626024588
2020-06-24,-0.013967614276992823,0.0
2020-06-25,-7.251283329818211e-05,0.142759640555796
2020-06-26,-0.015501545691077312,0.15056239966207233
2020-06-29,0.0008055616967808162,0.1637151446182693
2020-06-30,0.0155340618998495,0.19266186492914966
2020-07-01,0.003805175157215079,0.1663467607408185
2020-07-02,0.011731962993042631,0.17567426657667662
2020-07-06,-0.005374811881919174,0.1407813148547294
2020-07-07,0.01217950081108419,0.18304373096688029
2020-07-08,0.000554796485964958,0.0
2020-07-09,0.0,0.0
2020-07-10,0.0,0.0
2020-07-13,-0.0,0.0
2020-07-14,-0.0,0.0
2020-07-15,-7.699182113689293e-05,0.15157764786325795
2020-07-16,-0.008209386414530215,0.1584562637584648
2020-07-17,-0.003060491561130171,0.19851013391115352
2020-07-20,0.0020607629428559308,0.2051399177959377
2020-07-21,0.01604377755411271,0.21006634467231852
2020-07-22,0.0002724929963722802,0.15334782031516425
2020-07-23,-0.0010696556013183676,0.15460086648363894
2020-07-24,0.007310184685681159,0.17534753248747362
2020-07-27,-0.009543682308633216,0.0
2020-07-28,-9.705204445653671e-05,0.19107121252380665
2020-07-29,-0.01215412920506077,0.18922027361777055
2020-07-30,0.002856377493810659,0.24630329881822186
2020-07-31,-0.025413093622416585,0.0
2020-08-03,-0.0001369576535400262,0.2696353804069266
2020-08-04,-0.009540316080273347,0.27043940935681565
2020-08-05,-0.004390598231223238,0.29113564871638564
2020-08-06,0.005211699865705273,0.2856241444330639
2020-08-07,-0.006718850758535703,0.27831137816578594
2020-08-10,0.0031524694836673577,0.27692388939233714
2020-08-11,-0.008700381387726278,0.27497200744489364
2020-08-12,0.007701568145617744,0.2977589268385123
2020-08-13,-0.0024881771646004113,0.2895516126429929
2020-08-14,0.013154037626281062,0.3122897255730269
2020-08-17,-0.00397998845337082,0.3012290510172681
2020-08-18,0.018839514918528286,0.3006619001290178
2020-08-19,0.001079269260910079,0.2708180111644223
2020-08-20,0.01183151029104439,0.2699436821416605
2020-08-21,-0.016775601256983366,0.25620465762585465
2020-08-24,0.06424540211779144,0.25258257154265035
2020-08-25,0.005958746078022001,0.0
2020-08-26,-0.0,0.0
2020-08-27,-0.0,0.0
2020-08-28,-9.098491797606923e-05,0.17912655726538632
2020-08-31,-0.017491584791487786,0.0
2020-09-01,-0.0,0.0
2020-09-02,0.0,0.0
2020-09-03,-0.0,0.0
2020-09-04,0.0,0.0
2020-09-08,-0.0,0.0
2020-09-09,-0.0,0.0
2020-09-10,-0.0,0.0
2020-09-11,-0.0,0.0
2020-09-14,0.0,0.0
2020-09-15,-0.0,0.0
2020-09-16,-0.0,0.0
2020-09-17,0.0,0.0
2020-09-18,0.0,0.0
2020-09-21,-0.0,0.0
2020-09-22,-0.0,0.0
2020-09-23,0.0,0.0
2020-09-24,0.0,0.0
2020-09-25,0.0,0.0
2020-09-28,0.0,0.0
2020-09-29,-0.0,0.0
2020-09-30,-0.0,0.0
2020-10-01,-0.0,0.0
2020-10-02,0.0,0.0
2020-10-05,0.0,0.0
2020-10-06,0.0,0.0
2020-10-07,-0.0,0.0
2020-10-08,0.0,0.0
2020-10-09,-0.0,0.0
2020-10-12,-0.0,0.0
2020-10-13,-0.0,0.0
2020-10-14,-0.0,0.0
2020-10-15,-0.0,0.0
2020-10-16,-0.0,0.0
2020-10-19,-0.0,0.0
2020-10-20,-0.00010048086593392103,0.19782170480740702
2020-10-21,-0.007987817246436952,0.0
2020-10-22,-0.00010651512768708982,0.20970165763395807
2020-10-23,0.002624865621262772,0.0
2020-10-26,0.0,0.0
2020-10-27,0.0,0.0
2020-10-28,-0.0,0.0
2020-10-29,0.0,0.0
2020-10-30,0.0,0.0
2020-11-02,-0.0,0.0
2020-11-03,0.0,0.0
2020-11-04,0.0,0.0
2020-11-05,0.0,0.0
2020-11-06,0.0,0.0
2020-11-09,0.0,0.0
2020-11-10,0.0,0.0
2020-11-11,-0.0,0.0
2020-11-12,-0.0,0.0
2020-11-13,-0.0,0.0
2020-11-16,-0.0,0.0
2020-11-17,0.0,0.0
2020-11-18,0.0,0.0
2020-11-19,0.0,0.0
2020-11-20,0.0,0.0
2020-11-23,0.0,0.0
2020-11-24,0.0,0.0
2020-11-25,0.0,0.0
2020-11-27,-0.0,0.0
2020-11-30,-0.0,0.0
2020-12-01,-0.0,0.0
2020-12-02,0.0,0.0
2020-12-03,0.0,0.0
2020-12-04,-0.0,0.0
2020-12-07,0.0,0.0
2020-12-08,0.0,0.0
2020-12-09,0.0,0.0
2020-12-10,0.0,0.0
2020-12-11,-0.0,0.0
2020-12-14,0.0,0.0
2020-12-15,-0.0,0.0
2020-12-16,0.0,0.0
2020-12-17,0.0,0.0
2020-12-18,-0.0,0.0
2020-12-21,-0.0,0.0
2020-12-22,-0.0,0.0
2020-12-23,0.0,0.0
2020-12-24,-0.0,0.0
2020-12-28,0.0,0.0
2020-12-29,0.0,0.0
2020-12-30,0.0,0.0
2020-12-31,-0.0,0.0
2021-01-04,-0.0,0.0
2021-01-05,0.0,0.0
2021-01-06,0.0,0.0
2021-01-07,0.0,0.0
2021-01-08,0.0,0.0
2021-01-11,-0.0,0.0
2021-01-12,0.0,0.0
2021-01-13,0.0,0.0
2021-01-14,-0.0,0.0
2021-01-15,0.0,0.0
2021-01-19,-0.0,0.0
2021-01-20,-0.0,0.0
2021-01-21,0.0,0.0
2021-01-22,0.0,0.0
2021-01-25,0.0,0.0
2021-01-26,0.0,0.0
2021-01-27,-0.0,0.0
2021-01-28,0.0,0.0
2021-01-29,-0.0,0.0
2021-02-01,-0.0,0.0
2021-02-02,-0.0,0.0
2021-02-03,0.0,0.0
2021-02-04,-0.0,0.0
2021-02-05,-0.0,0.0
2021-02-08,0.0,0.0
2021-02-09,-0.0,0.0
2021-02-10,-0.0,0.0
2021-02-11,0.0,0.0
2021-02-12,0.0,0.0
2021-02-16,0.0,0.0
2021-02-17,0.0,0.0
2021-02-18,0.0,0.0
2021-02-19,0.0,0.0
2021-02-22,-0.0,0.0
2021-02-23,0.0,0.0
2021-02-24,0.0,0.0
2021-02-25,-0.0,0.0
2021-02-26,0.0,0.0
2021-03-01,0.0,0.0
2021-03-02,0.0,0.0
2021-03-03,-0.0,0.0
2021-03-04,-0.0,0.0
2021-03-05,0.0,0.0
2021-03-08,0.0,0.0
2021-03-09,0.0,0.0
2021-03-10,0.0,0.0
2021-03-11,0.0,0.0
2021-03-12,0.0,0.0
2021-03-15,-0.0,0.0
2021-03-16,0.0,0.0
2021-03-17,-0.0,0.0
2021-03-18,0.0,0.0
2021-03-19,-0.0,0.0
2021-03-22,0.0,0.0
2021-03-23,0.0,0.0
2021-03-24,0.0,0.0
2021-03-25,-0.0,0.0
2021-03-26,-0.0,0.0
2021-03-29,0.0,0.0
2021-03-30,0.0,0.0
2021-03-31,0.0,0.0
2021-04-01,0.0,0.0
2021-04-05,0.0,0.0
2021-04-06,-0.0,0.0
2021-04-07,-0.0,0.0
2021-04-08,0.0,0.0
2021-04-09,0.0,0.0
2021-04-12,-0.0,0.0
2021-04-13,-0.0,0.0
2021-04-14,-0.0,0.0
2021-04-15,0.0,0.0
2021-04-16,-0.0,0.0
2021-04-19,-0.0,0.0
2021-04-20,0.0,0.0
2021-04-21,-0.0,0.0
2021-04-22,-0.0,0.0
2021-04-23,0.0,0.0
2021-04-26,-0.0,0.0
2021-04-27,0.0,0.0
2021-04-28,0.0,0.0
2021-04-29,-0.0,0.0
2021-04-30,0.0,0.0
2021-05-03,0.0,0.0
2021-05-04,0.0,0.0
2021-05-05,0.0,0.0
2021-05-06,-0.0,0.0
2021-05-07,0.0,0.0
2021-05-10,0.0,0.0
2021-05-11,0.0,0.0
2021-05-12,0.0,0.0
2021-05-13,-0.0,0.0
2021-05-14,-0.0,0.0
2021-05-17,0.0,0.0
2021-05-18,0.0,0.0
2021-05-19,-0.0,0.0
2021-05-20,-0.0,0.0
2021-05-21,-0.0,0.0
2021-05-24,-0.0,0.0
2021-05-25,-0.0,0.0
2021-05-26,0.0,0.0
2021-05-27,-0.0,0.0
2021-05-28,0.0,0.0
2021-06-01,-0.0,0.0
2021-06-02,0.0,0.0
2021-06-03,0.0,0.0
2021-06-04,-0.0,0.0
2021-06-07,-0.0,0.0
2021-06-08,0.0,0.0
2021-06-09,-0.0,0.0
2021-06-10,0.0,0.0
2021-06-11,-0.0,0.0
2021-06-14,-0.0,0.0
2021-06-15,-0.0,0.0
2021-06-16,-0.0,0.0
2021-06-17,-0.0,0.0
2021-06-18,0.0,0.0
2021-06-21,-0.00032873457898120517,0.6471962023692477
2021-06-22,0.05303132406013907,1.0
2021-06-23,0.062070654774381576,0.0
2021-06-24,0.0,0.0
2021-06-25,-0.0,0.0
2021-06-28,-0.0,0.0
2021-06-29,-0.00023439773934057055,0.46147054932674825
2021-06-30,-0.005840586354745217,0.0
2021-07-01,-0.0,0.0
2021-07-02,-0.00014029027057424923,0.27619647019305316
2021-07-06,-0.017812762504475124,0.0
2021-07-07,-0.00012164925843790476,0.23949697754962498
2021-07-08,0.01325317204711511,0.0
2021-07-09,-0.0,0.0
2021-07-12,-0.0,0.0
2021-07-13,0.0,0.0
2021-07-14,0.0,0.0
2021-07-15,-0.0,0.0
2021-07-16,-0.0,0.0
2021-07-19,-0.0,0.0
2021-07-20,-0.0,0.0
2021-07-21,0.0,0.0
2021-07-22,0.0,0.0
2021-07-23,0.0,0.0
2021-07-26,0.0,0.0
2021-07-27,0.0,0.0
2021-07-28,-0.0,0.0
2021-07-29,0.0,0.0
2021-07-30,0.0,0.0
2021-08-02,-0.0,0.0
2021-08-03,0.0,0.0
2021-08-04,0.0,0.0
2021-08-05,0.0,0.0
2021-08-06,-0.0,0.0
2021-08-09,0.0,0.0
2021-08-10,-0.0,0.0
2021-08-11,0.0,0.0
2021-08-12,-0.0,0.0
2021-08-13,-0.0,0.0
2021-08-16,-0.0,0.0
2021-08-17,-0.0,0.0
2021-08-18,0.0,0.0
2021-08-19,-0.0,0.0
2021-08-20,-0.0,0.0
2021-08-23,0.0,0.0
2021-08-24,0.0,0.0
2021-08-25,0.0,0.0
2021-08-26,-0.0,0.0
2021-08-27,-0.0,0.0
2021-08-30,0.0,0.0
2021-08-31,-0.0,0.0
2021-09-01,-0.0,0.0
2021-09-02,0.0,0.0
2021-09-03,0.0,0.0
2021-09-07,-0.0,0.0
2021-09-08,-0.0,0.0
2021-09-09,-0.0,0.0
2021-09-10,0.0,0.0
2021-09-13,-0.0,0.0
2021-09-14,0.0,0.0
2021-09-15,-0.0,0.0
2021-09-16,-0.0,0.0
2021-09-17,0.0,0.0
2021-09-20,-0.0,0.0
2021-09-21,-0.0,0.0
2021-09-22,-0.0,0.0
2021-09-23,0.0,0.0
2021-09-24,0.0,0.0
2021-09-27,-0.0,0.0
2021-09-28,-0.0,0.0
2021-09-29,0.0,0.0
2021-09-30,0.0,0.0
2021-10-01,-0.0,0.0
2021-10-04,0.0,0.0
2021-10-05,0.0,0.0
2021-10-06,-0.0,0.0
2021-10-07,0.0,0.0
2021-10-08,0.0,0.0
2021-10-11,-0.0,0.0
2021-10-12,-0.0,0.0
2021-10-13,0.0,0.0
2021-10-14,0.0,0.0
2021-10-15,0.0,0.0
2021-10-18,-0.0,0.0
2021-10-19,-0.0,0.0
2021-10-20,0.0,0.0
2021-10-21,-0.0,0.0
2021-10-22,-0.0,0.0
2021-10-25,0.0,0.0
2021-10-26,-0.0,0.0
2021-10-27,-0.0,0.0
2021-10-28,-0.0,0.0
2021-10-29,-0.0,0.0
2021-11-01,-0.0,0.0
2021-11-02,0.0,0.0
2021-11-03,-0.0,0.0
2021-11-04,0.0,0.0
2021-11-05,-0.0,0.0
2021-11-08,-0.0,0.0
2021-11-09,-0.00012680783620507783,0.249652927528747
2021-11-10,-0.0019646965018068722,0.3780136410877228
2021-11-11,0.004711212007146692,0.40032304666274093
2021-11-12,0.00025334822577041644,0.40797406936658037
2021-11-15,0.006491756463806895,0.42730607207792476
2021-11-16,0.025123692065997662,0.2841171165822551
2021-11-17,-0.007019798951021659,0.0
2021-11-18,0.0,0.0
2021-11-19,-0.0,0.0
2021-11-22,-0.00022312755474313,0.4392823734005372
2021-11-23,0.02847035699839072,0.0
2021-11-24,-0.0,0.0
2021-11-26,-0.0,0.0
2021-11-29,-0.0002018108910121297,0.3973151916801304
2021-11-30,-0.0039895401831265605,0.25990793285388014
2021-12-01,-0.00035245135357524915,0.0
2021-12-02,-0.0,0.0
2021-12-03,-0.00018294661690519798,0.3601761520321085
2021-12-06,0.0062115406250977025,0.5553696256740044
2021-12-07,-0.007107740402690668,0.0
2021-12-08,-0.00020274932139553102,0.3991627264974517
2021-12-09,0.015061998529933403,0.0
2021-12-10,-0.0,0.0
2021-12-13,-0.0,0.0
2021-12-14,0.0,0.0
2021-12-15,0.0,0.0
2021-12-16,0.0,0.0
2021-12-17,-0.0,0.0
2021-12-20,0.0,0.0
2021-12-21,0.0,0.0
2021-12-22,-0.0,0.0
2021-12-23,0.0,0.0
2021-12-27,-0.0,0.0
2021-12-28,0.0,0.0
2021-12-29,0.0,0.0
2021-12-30,0.0,0.0
2021-12-31,-0.0,0.0
2022-01-03,-9.761772313991858e-07,0.12299833115629742
2022-01-04,0.0023123041203632778,0.12602607768726667
2022-01-05,0.0005873921581629511,0.14487493883200925
2022-01-06,-0.0059514583644394254,0.14667243202559926
2022-01-07,0.0033889650601545414,0.13262764143416125
2022-01-10,0.000547692649890078,0.0
2022-01-11,0.0,0.0
2022-01-12,-0.0,0.0
2022-01-13,0.0,0.0
2022-01-14,-0.0,0.0
2022-01-18,-8.773439931143294e-05,0.1727270986443836
2022-01-19,-0.004895119612491303,0.0
2022-01-20,-0.00011048622527918733,0.21751975601840004
2022-01-21,0.015708264991801144,0.4745334487802047
2022-01-24,-0.00731142782393481,0.16620148755905098
2022-01-25,0.00012706134556200879,0.1644004255527743
2022-01-26,0.008665559269311906,0.17725400194967986
2022-01-27,0.01200306654027426,0.0
2022-01-28,0.0,0.0
2022-01-31,-0.0,0.0
2022-02-01,-6.258813510464636e-05,0.12322039098727254
2022-02-02,0.00716675959069295,0.14255120717060826
2022-02-03,-0.00022014781214290926,0.0
2022-02-04,-0.0,0.0
2022-02-07,0.0,0.0
2022-02-08,-0.0,0.0
2022-02-09,0.0,0.0
2022-02-10,0.0,0.0
2022-02-11,0.0,0.0
2022-02-14,-0.0,0.0
2022-02-15,-0.0,0.0
2022-02-16,-6.0233012391781466e-05,0.11858374314631977
2022-02-17,0.00038626928703832633,0.42917556065991963
2022-02-18,0.022860587539288695,0.28940341223892463
2022-02-22,0.004941577395772473,0.11354324851521655
2022-02-23,0.003974682606498735,0.1147458073179107
2022-02-24,0.007496535127299874,0.0
2022-02-25,-0.0,0.0
2022-02-28,0.0,0.0
2022-03-01,0.0,0.0
2022-03-02,0.0,0.0
2022-03-03,0.0,0.0
2022-03-04,0.0,0.0
2022-03-07,-0.0,0.0
2022-03-08,0.0,0.0
2022-03-09,-0.0,0.0
2022-03-10,-0.0,0.0
2022-03-11,0.0,0.0
2022-03-14,0.0,0.0
2022-03-15,-0.0,0.0
2022-03-16,0.0,0.0
2022-03-17,0.0,0.0
2022-03-18,0.0,0.0
2022-03-21,-0.0,0.0
2022-03-22,0.0,0.0
2022-03-23,0.0,0.0
2022-03-24,0.0,0.0
2022-03-25,0.0,0.0
2022-03-28,-0.0,0.0
2022-03-29,0.0,0.0
2022-03-30,0.0,0.0
2022-03-31,0.0,0.0
2022-04-01,-0.0,0.0
2022-04-04,-0.0,0.0
2022-04-05,-0.0,0.0
2022-04-06,0.0,0.0
2022-04-07,-0.0,0.0
2022-04-08,0.0,0.0
2022-04-11,-0.0,0.0
2022-04-12,0.0,0.0
2022-04-13,0.0,0.0
2022-04-14,0.0,0.0
2022-04-18,-0.0,0.0
2022-04-19,0.0,0.0
2022-04-20,0.0,0.0
2022-04-21,-0.0,0.0
2022-04-22,0.0,0.0
2022-04-25,0.0,0.0
2022-04-26,0.0,0.0
2022-04-27,0.0,0.0
2022-04-28,0.0,0.0
2022-04-29,-0.0,0.0
2022-05-02,-0.0,0.0
2022-05-03,0.0,0.0
2022-05-04,0.0,0.0
2022-05-05,-0.0,0.0
2022-05-06,0.0,0.0
2022-05-09,0.0,0.0
2022-05-10,0.0,0.0
2022-05-11,-0.0,0.0
2022-05-12,0.0,0.0
2022-05-13,0.0,0.0
2022-05-16,-0.0,0.0
2022-05-17,-0.0,0.0
2022-05-18,-0.0,0.0
2022-05-19,0.0,0.0
2022-05-20,-0.0,0.0
2022-05-23,0.0,0.0
2022-05-24,0.0,0.0
2022-05-25,0.0,0.0
2022-05-26,-0.0,0.0
2022-05-27,0.0,0.0
2022-05-31,0.0,0.0
2022-06-01,-0.0,0.0
2022-06-02,0.0,0.0
2022-06-03,0.0,0.0
2022-06-06,-0.0,0.0
2022-06-07,-0.0,0.0
2022-06-08,-0.0,0.0
2022-06-09,0.0,0.0
2022-06-10,-0.0,0.0
2022-06-13,-0.0,0.0
2022-06-14,0.0,0.0
2022-06-15,0.0,0.0
2022-06-16,-0.0,0.0
2022-06-17,0.0,0.0
2022-06-21,-0.0,0.0
2022-06-22,0.0,0.0
2022-06-23,-0.0,0.0
2022-06-24,0.0,0.0
2022-06-27,-0.0,0.0
2022-06-28,0.0,0.0
2022-06-29,-0.0,0.0
2022-06-30,-0.0,0.0
2022-07-01,-0.0,0.0
2022-07-05,-0.0,0.0
2022-07-06,-0.0,0.0
2022-07-07,0.0,0.0
2022-07-08,-0.0,0.0
2022-07-11,0.0,0.0
2022-07-12,0.0,0.0
2022-07-13,-0.0,0.0
2022-07-14,-0.0,0.0
2022-07-15,-0.0,0.0
2022-07-18,-0.0,0.0
2022-07-19,-0.0,0.0
2022-07-20,0.0,0.0
2022-07-21,0.0,0.0
2022-07-22,0.0,0.0
2022-07-25,0.0,0.0
2022-07-26,0.0,0.0
2022-07-27,0.0,0.0
2022-07-28,0.0,0.0
2022-07-29,-0.0,0.0
2022-08-01,-0.0,0.0
2022-08-02,0.0,0.0
2022-08-03,0.0,0.0
2022-08-04,-0.0,0.0
2022-08-05,-0.0,0.0
2022-08-08,-0.0,0.0
2022-08-09,0.0,0.0
2022-08-10,0.0,0.0
2022-08-11,-0.0,0.0
2022-08-12,0.0,0.0
2022-08-15,-0.0,0.0
2022-08-16,0.0,0.0
2022-08-17,0.0,0.0
2022-08-18,0.0,0.0
2022-08-19,0.0,0.0
2022-08-22,-0.0,0.0
2022-08-23,-0.0,0.0
2022-08-24,-0.0,0.0
2022-08-25,0.0,0.0
2022-08-26,0.0,0.0
2022-08-29,-0.0,0.0
2022-08-30,-0.0,0.0
2022-08-31,-0.0,0.0
2022-09-01,-0.00013191339918061692,0.2597045046368396
2022-09-02,0.013847462680490136,0.0
2022-09-06,-0.0,0.0
2022-09-07,0.0,0.0
2022-09-08,-0.0,0.0
2022-09-09,-0.0,0.0
2022-09-12,-0.0,0.0
2022-09-13,0.0,0.0
2022-09-14,-0.0001569648560341062,0.3090245603171466
2022-09-15,-0.014681580533367697,0.0
2022-09-16,-0.00017970998899798928,0.3538040408397914
2022-09-19,0.026904380890194427,0.35184398553634405
2022-09-20,0.017075288400802417,0.0
2022-09-21,0.0,0.0
2022-09-22,0.0,0.0
2022-09-23,-0.0,0.0
2022-09-26,0.0,0.0
2022-09-27,0.0,0.0
2022-09-28,0.0,0.0
2022-09-29,-0.0,0.0
2022-09-30,0.0,0.0
2022-10-03,-0.0,0.0
2022-10-04,0.0,0.0
2022-10-05,0.0,0.0
2022-10-06,0.0,0.0
2022-10-07,-0.0,0.0
2022-10-10,-0.0,0.0
2022-10-11,0.0,0.0
2022-10-12,0.0,0.0
2022-10-13,0.0,0.0
2022-10-14,-0.0,0.0
2022-10-17,0.0,0.0
2022-10-18,0.0,0.0
2022-10-19,-0.0,0.0
2022-10-20,-0.0,0.0
2022-10-21,0.0,0.0
2022-10-24,0.0,0.0
2022-10-25,0.0,0.0
2022-10-26,-0.0,0.0
2022-10-27,0.0,0.0
2022-10-28,0.0,0.0
2022-10-31,-0.0,0.0
2022-11-01,-0.0,0.0
2022-11-02,0.0,0.0
2022-11-03,0.0,0.0
2022-11-04,-0.0,0.0
2022-11-07,-0.0,0.0
2022-11-08,0.0,0.0
2022-11-09,-0.0,0.0
2022-11-10,-0.0,0.0
2022-11-11,-0.0,0.0
2022-11-14,0.0,0.0
2022-11-15,-0.0,0.0
2022-11-16,0.0,0.0
2022-11-17,0.0,0.0
2022-11-18,0.0,0.0
2022-11-21,0.0,0.0
2022-11-22,0.0,0.0
2022-11-23,-0.0,0.0
2022-11-25,-0.0,0.0
2022-11-28,-4.0295509945119e-05,0.07933178520445303
2022-11-29,0.00042708210506916047,0.1176724243838165
2022-11-30,0.003215444487161925,0.0
2022-12-01,-3.114450750706044e-05,0.06131574915452524
2022-12-02,-0.0031115128811820226,0.0
2022-12-05,-0.0001612454025455413,0.3174518862615344
2022-12-06,0.00016933777315117826,0.3662175693380949
2022-12-07,-0.01803583299831834,0.0
2022-12-08,-0.0002310879175675536,0.4549543377111212
2022-12-09,-0.008085225031347872,0.0
2022-12-12,-0.0002208919499379037,0.4348810264402479
2022-12-13,0.023658176003774962,0.3994267265030344
2022-12-14,0.03804973239265699,0.3622560019588284
2022-12-15,-0.010525539376753462,0.1465153379020597
2022-12-16,-0.00672651437536409,0.2155797538842298
2022-12-19,-0.003949472098874,0.3188755499723448
2022-12-20,0.004589339532542828,0.31841377588367237
2022-12-21,-0.0015586058975848322,0.31927706828840546
2022-12-22,0.005261894073929228,0.3329825040631574
2022-12-23,0.04079699051473713,0.22274738136498565
2022-12-27,0.004510010981745527,0.06992840340241605
2022-12-28,0.0023176598728650304,0.0
2022-12-29,-2.5053151001223917e-05,0.04932339103365959
2022-12-30,0.002190367961265785,0.0
2023-01-03,-6.398957284938936e-07,0.0806268617902306
2023-01-04,-0.0010048556400769368,0.08319093017759127
2023-01-05,-0.0016730630325442995,0.08724619184222755
2023-01-06,-0.0008498351440070741,0.17500225914034642
2023-01-09,0.005334927257965211,0.1857055591848469
2023-01-10,0.011262191035687298,0.09123564180167644
2023-01-11,0.005352794715281412,0.0
2023-01-12,0.0,0.0
2023-01-13,0.0,0.0
2023-01-17,-0.0,0.0
2023-01-18,0.0,0.0
2023-01-19,0.0,0.0
2023-01-20,0.0,0.0
2023-01-23,0.0,0.0
2023-01-24,-0.0,0.0
2023-01-25,-0.0,0.0
2023-01-26,0.0,0.0
2023-01-27,-0.0,0.0
2023-01-30,-4.4608852660095914e-05,0.08782367867456382
2023-01-31,0.003033479624072047,0.0
2023-02-01,-3.205178621227506e-05,0.06310195410541652
2023-02-02,-0.0005199899678578643,0.15833441349880398
2023-02-03,-0.012486650887258166,0.23339305818184172
2023-02-06,0.004115547127270606,0.333775141007737
2023-02-07,0.010957691775674438,0.3124700985405427
2023-02-08,-0.011277688986733668,0.21025026756086615
2023-02-09,-0.006439091629893673,0.31577079970310645
2023-02-10,0.005234785282152417,0.34182903679564425
2023-02-13,0.008600671677543885,0.0
2023-02-14,0.0,0.0
2023-02-15,-0.0,0.0
2023-02-16,-0.0,0.0
2023-02-17,0.0,0.0
2023-02-21,-0.00017998781998953683,0.3543510206044006
2023-02-22,-0.011191305578768731,0.34615489997359983
2023-02-23,-0.0038178770017339237,0.3532067065562807
2023-02-24,-0.003076383648281482,0.38487534467822876
2023-02-27,0.015037492623968543,0.4037862352593827
2023-02-28,0.00635727117922739,0.3817372568244705
2023-03-01,0.08407536837816029,0.44759824564598766
2023-03-02,0.0017906756875857171,0.06223998475823855
2023-03-03,0.001069862174227487,0.07049129657606575
2023-03-06,0.0003121137505891259,0.06978746544698718
2023-03-07,-0.002303737169974501,0.07874731502151666
2023-03-08,-0.00047064604902582026,0.09443214243045872
2023-03-09,-0.007122226906504323,0.0
2023-03-10,-0.00014426579345950822,0.28402328087340684
2023-03-13,0.001605070015999588,0.09193119105022961
2023-03-14,0.004802942477257403,0.09364383320652003
2023-03-15,-0.0028589607347599697,0.08227493795471078
2023-03-16,0.0039441855669508615,0.07196087509641702
2023-03-17,0.0043049837434979655,0.07671208619022152
2023-03-20,0.00039699387607207437,0.061702101577907786
2023-03-21,-0.002731222862786217,0.06125694037835778
2023-03-22,0.0011019104287761739,0.0856092617076511
2023-03-23,0.0012140270121604871,0.09260678241653965
2023-03-24,0.0009015314988616321,0.09202705060262344
2023-03-27,0.0004316508261640314,0.06153653175626486
2023-03-28,0.0006123019950348275,0.06430247653669849
2023-03-29,-0.004299813530466415,0.0
2023-03-30,-5.006001958387822e-05,0.09855566355576025
2023-03-31,0.0013533425098590846,0.09831313838711002
2023-04-03,-0.008525974553838085,0.08059791336617829
2023-04-04,-0.0018389903933905155,0.37957736155684985
2023-04-05,0.033000908361339204,0.40437001814817536
2023-04-06,-0.013582379859721983,0.07631493045171343
2023-04-10,0.002153414707069504,0.1638792465978319
2023-04-11,-0.0016291506711223595,0.0814226051220983
2023-04-12,-0.0021979711972039675,0.08089899426322165
2023-04-13,-0.0010499214270787251,0.17101196513075842
2023-04-14,-0.0032580172493918503,0.25678070086501603
2023-04-17,-0.0027023196287337295,0.39291784564036764
2023-04-18,-0.009502626330398395,0.0
2023-04-19,-0.0002194623299599983,0.43206646210874666
2023-04-20,-0.007911064918412272,0.5119812427316548
2023-04-21,-0.003481642043687044,0.559457750545057
2023-04-24,0.008664766618733728,0.5663478465165863
2023-04-25,-0.010387304121778946,0.5137966074898994
2023-04-26,0.008643227589084755,0.5506672339720492
2023-04-27,-0.01940291117148788,0.499655770962809
2023-04-28,-0.006222339541354552,0.5805914246811636
2023-05-01,0.006994703971084346,0.6279669880322684
2023-05-02,-0.009972784037543942,0.6321853448410262
2023-05-03,-0.01808104967736401,0.735193874992371
2023-05-04,0.005431265201286397,0.7304647507157502
2023-05-05,-0.0054066761779362075,0.8875289427499595
2023-05-08,0.039214046951638395,0.9569717890979816
2023-05-09,0.004194770831558014,0.7972207323705416
2023-05-10,0.04237461556387599,0.81114657417952
2023-05-11,0.0008465270415740733,0.6974366259863413
2023-05-12,-0.012949362723066406,0.682818026069998
2023-05-15,0.025531353061212462,0.7284246652697347
2023-05-16,0.0061251928321768056,0.6551502213757848
2023-05-17,0.0302761658776972,0.4657986167008033
2023-05-18,0.010332727273518038,0.32854265325730997
2023-05-19,-0.00041075134791793535,0.32852218625719415
2023-05-22,0.018059614340507745,0.3337852254758028
2023-05-23,-0.006845129031073417,0.12245288231377902
2023-05-24,0.0037827507335789056,0.1497298572020268
2023-05-25,0.0010955053105417404,0.11951555917633623
2023-05-26,0.001221263415334932,0.12815372350053195
2023-05-30,-0.004220775012005633,0.1434592956998044
2023-05-31,0.0002819084364891618,0.12307825332858965
2023-06-01,-0.018008782480474876,0.0
2023-06-02,-0.00018565635369088073,0.3655109463289214
2023-06-05,0.006076655290016173,0.3548771245999751
2023-06-06,0.01500992884109482,0.23758099248097408
2023-06-07,0.01319027005977639,0.11549313927712915
2023-06-08,0.0009466946696187073,0.10802736442442275
2023-06-09,0.0005460751067853508,0.11589432631028987
2023-06-12,-0.002715796706814742,0.0
2023-06-13,0.0,0.0
2023-06-14,0.0,0.0
2023-06-15,0.0,0.0
2023-06-16,0.0,0.0
2023-06-20,-0.0,0.0
2023-06-21,-3.6208263047349625e-05,0.07128501787446957
2023-06-22,-0.000901151065909905,0.11307804959409619
2023-06-23,-0.004456369136353247,0.11410663775605073
2023-06-26,0.002587881873204919,0.0934127184620401
2023-06-27,0.0014091351522433544,0.10210420325997265
2023-06-28,0.0019459916198798543,0.10757365421653366
2023-06-29,0.0006834696694792201,0.10949448558713643
2023-06-30,0.00040923681513485967,0.1086666561559903
2023-07-03,-0.015086564747366318,0.0
2023-07-05,-4.2301355595105594e-05,0.08328079382786413
2023-07-06,0.0011716871004776792,0.10085543497173412
2023-07-07,0.00092193669755065,0.10527304693724401
2023-07-10,0.0006857530316002763,0.11376454221580805
2023-07-11,0.00022909060101184553,0.12134469809152998
2023-07-12,0.0018359552377369948,0.12202284399836674
2023-07-13,-0.0022590593269578895,0.12355030228251625
2023-07-14,0.0010920211371549362,0.11838882157621042
2023-07-17,0.0015239924611319038,0.12747584879661927
2023-07-18,0.0023127102107724064,0.13777123478076952
2023-07-19,0.006623633885477177,0.0
2023-07-20,0.0,0.0
2023-07-21,0.0,0.0
2023-07-24,0.0,0.0
2023-07-25,-0.0,0.0
2023-07-26,0.0,0.0
2023-07-27,0.0,0.0
2023-07-28,0.0,0.0
2023-07-31,-0.0,0.0
2023-08-01,-0.0,0.0
2023-08-02,-0.0,0.0
2023-08-03,-0.0,0.0
2023-08-04,-0.0,0.0
2023-08-07,0.0,0.0
2023-08-08,0.0,0.0
2023-08-09,0.0,0.0
2023-08-10,0.0,0.0
2023-08-11,0.0,0.0
2023-08-14,-0.0,0.0
2023-08-15,-0.0,0.0
2023-08-16,0.0,0.0
2023-08-17,-0.0,0.0
2023-08-18,0.0,0.0
2023-08-21,-0.0,0.0
2023-08-22,0.0,0.0
2023-08-23,0.0,0.0
2023-08-24,0.0,0.0
2023-08-25,0.0,0.0
2023-08-28,-0.0,0.0
2023-08-29,-0.0,0.0
2023-08-30,-0.0,0.0
2023-08-31,-0.0,0.0
2023-09-01,-0.0,0.0
2023-09-05,-2.4417063098929334e-05,0.048071092976017124
2023-09-06,-0.0007712036348825528,0.048956041174378254
2023-09-07,0.0018709979691957355,0.06059788388423533
2023-09-08,0.002176555329506246,0.05112991245435771
2023-09-11,0.0037944831923521277,0.05478938610117278
2023-09-12,-0.0024901339619668025,0.04151140560646654
2023-09-13,0.00226490814400958,0.05763227535645278
2023-09-14,-0.0013230897753783468,0.03992141981616409
2023-09-15,-0.0031164155424536714,0.06140215809622539
2023-09-18,-0.0038430407411978755,0.0
2023-09-19,0.0,0.0
2023-09-20,-0.0,0.0
2023-09-21,0.0,0.0
2023-09-22,-0.0,0.0
2023-09-25,-0.0001311445948342423,0.25819092107991454
2023-09-26,-0.005697199963365438,0.30093822418700206
2023-09-27,-0.00922215207038938,0.328015117814711
2023-09-28,-0.006166590662125384,0.3598421844765239
2023-09-29,-0.0034029308471887764,0.3790535609616744
2023-10-02,-0.009691378968881038,0.0
2023-10-03,-0.00025093367680046187,0.49402567620090937
2023-10-04,-0.033660490993442295,0.4730525842189142
2023-10-05,-0.007012535176490767,0.43097763939875167
2023-10-06,0.0008817911369603791,0.44789209946504227
2023-10-09,-0.02254841998368916,0.0
2023-10-10,-0.0002534107694865668,0.4989024524266783
2023-10-11,0.015744065935943238,0.5198676229198874
2023-10-12,-0.0006926101072724833,0.5335910495496964
2023-10-13,0.007879527898124824,0.5527629992267259
2023-10-16,0.00849872820347907,0.6214517888370612
2023-10-17,0.01865523617978781,0.6274200552214155
2023-10-18,-0.006863247927064357,0.5726537170838776
2023-10-19,-0.00880665727695293,0.5903291200942361
2023-10-20,0.019206479648594208,0.6202345410157668
2023-10-23,0.03226887884830222,0.7064025700017754
2023-10-24,-0.021646307641104628,0.618988074893832
2023-10-25,-0.03993373172403626,0.6217830012596185
2023-10-26,0.046168115747698905,0.676598682642349
2023-10-27,-0.020483360023914602,0.5726088365970554
2023-10-30,-0.015216946582366983,0.5615694954095233
2023-10-31,0.045969652064579064,0.5682949973327777
2023-11-01,-0.02379150053425188,0.37754557659118626
2023-11-02,0.010080224103665518,0.5962850188315582
2023-11-03,-0.0205573373280571,0.5911112642430993
2023-11-06,0.029425076278946624,0.5671630528775423
2023-11-07,-0.001543598877647552,0.3926584845449393
2023-11-08,-0.00552574910046499,0.437717091509667
2023-11-09,0.001441136724338117,0.4538743224127673
2023-11-10,-0.005962996948430284,0.4526334196232365
2023-11-13,0.03170407614112662,0.45519360255960545
2023-11-14,-0.00818006843354828,0.2860379682089602
2023-11-15,0.018518615989062185,0.29199595099607434
2023-11-16,-0.009281313195791705,0.270254479928085
2023-11-17,-0.0040656451665939215,0.264205094851153
2023-11-20,0.006106472324618733,0.27045879086912405
2023-11-21,0.012979915974029338,0.28115387093504
2023-11-22,0.0014983242142973551,0.13301217915737137
2023-11-23,-6.844575458754801e-06,0.14440912179246096
2023-11-24,-7.220456089623048e-05,0.0
2023-11-27,0.0,0.0
2023-11-28,-7.441150589498991e-05,0.1464976522307614
2023-11-29,-0.0012794525600983658,0.12882917759957746
2023-11-30,-0.006690090017458353,0.13630345685906656
2023-12-01,-0.015048935183529595,0.0
2023-12-04,0.0,0.0
2023-12-05,-0.0,0.0
2023-12-06,-0.0,0.0
2023-12-07,-0.0,0.0
2023-12-08,-0.0,0.0
2023-12-11,-0.0001300503980923649,0.2560367212443434
2023-12-12,-0.005087279700823525,0.28272495760344457
2023-12-13,0.011340455712755739,0.2809929148284584
2023-12-14,0.012984431591241512,0.14154440159682485
2023-12-15,0.006278079122293887,0.13742758561815235
2023-12-18,0.001708582648001442,0.10698555630626191
2023-12-19,0.0035917182663242606,0.12080593268422977
2023-12-20,-0.004473244503197871,0.12326592200878651
2023-12-21,-0.005162882003672089,0.11690292539709415
2023-12-22,-0.004700933399935355,0.0
2023-12-26,-6.39603463734628e-05,0.12592193192275486
2023-12-27,0.00380738273457921,0.2590759586587309
2023-12-28,-0.006166631059436418,0.12665626645522055
2023-12-29,0.003014178231680759,0.1240622677023224
2024-01-02,-8.766752962063759e-07,0.11046108732200337
2024-01-03,0.002570839871910438,0.12582096179661453
2024-01-04,-0.005659200776792483,0.107609560330832
2024-01-05,-0.0067636745547503445,0.0
2024-01-08,0.0,0.0
2024-01-09,0.0,0.0
2024-01-10,-0.0,0.0
2024-01-11,0.0,0.0
2024-01-12,-0.0,0.0
2024-01-16,0.0,0.0
2024-01-17,0.0,0.0
2024-01-18,0.0,0.0
2024-01-19,-0.0,0.0
2024-01-22,-6.345367715905991e-05,0.12492442690689921
2024-01-23,6.594081896953061e-05,0.13532016619139198
2024-01-24,-0.005004230962855644,0.1543411947080088
2024-01-25,0.005593954148284499,0.13668239117963668
2024-01-26,0.004840570715909312,0.0
2024-01-29,-0.0,0.0
2024-01-30,-0.0,0.0
2024-01-31,-7.89293883321662e-05,0.1553922332789522
2024-02-01,0.006526618512353066,0.14196710165742268
2024-02-02,-0.003078401646253847,0.15567328750096673
2024-02-05,0.013632715410921691,0.15306044754266576
2024-02-06,-0.0004031158990623622,0.0
2024-02-07,0.0,0.0
2024-02-08,0.0,0.0
2024-02-09,0.0,0.0
2024-02-12,0.0,0.0
2024-02-13,-0.0,0.0
2024-02-14,-0.0,0.0
2024-02-15,-0.0,0.0
2024-02-16,-6.563395774887405e-05,0.1292168543180958
2024-02-20,-0.00816099704683526,0.08984564817214946
2024-02-21,0.00023948139883893344,0.5639781192245675
2024-02-22,0.02788881749361669,0.3680811872709388
2024-02-23,-0.0053450494342416385,0.08230115352464369
2024-02-26,0.0022131334159021937,0.23737205337817888
2024-02-27,-0.003981565874773311,0.08518424398792344
2024-02-28,-0.009504377029066736,0.0
2024-02-29,-0.0003494341043362485,0.6879483929119893
2024-03-01,0.18864193500590276,0.0
2024-03-04,-0.0,0.0
2024-03-05,-0.0,0.0
2024-03-06,-2.8498194021477203e-05,0.05610581947978324
2024-03-07,0.0013647857887992233,0.06764576535771624
2024-03-08,-0.0015076047911658824,0.07565087670490779
2024-03-11,0.004782807927169497,0.0713887337021005
2024-03-12,7.14048786048092e-05,0.0
2024-03-13,0.0,0.0
2024-03-14,-0.0,0.0
2024-03-15,0.0,0.0
2024-03-18,0.0,0.0
2024-03-19,-0.0,0.0
2024-03-20,0.0,0.0
2024-03-21,0.0,0.0
2024-03-22,0.0,0.0
2024-03-25,-0.0,0.0
2024-03-26,-0.0,0.0
2024-03-27,-3.9006057098621166e-05,0.07679317491291042
2024-03-28,0.0013685833643420984,0.07021269979136675
2024-04-01,-0.004044928670836345,0.09670829133604937
2024-04-02,0.003340148359395636,0.2848884946143353
2024-04-03,0.00047698199310000736,0.09657476925829331
2024-04-04,-0.0003342144146369137,0.12994645668330554
2024-04-05,-0.000147880072413504,0.10871705244262538
2024-04-08,-0.004362764576642568,0.11404085036249442
2024-04-09,0.002259579119948409,0.47326120037191416
2024-04-10,0.0025043940392329407,0.14588928045997043
2024-04-11,0.0014522201205174935,0.1443163025720845
2024-04-12,0.0024070709552514594,0.12212397813093578
2024-04-15,-0.0028306593939407933,0.1434696844220823
2024-04-16,0.005052028115427279,0.1485302134722165
2024-04-17,-0.004962023642524761,0.14643857763605753
2024-04-18,-0.004955706031382604,0.1382312172910636
2024-04-19,-0.0019925498366016006,0.45313887023785326
2024-04-22,-0.002220332151318803,0.6731068793937354
2024-04-23,0.019616511512924633,0.6942558750708185
2024-04-24,0.008963915474584288,0.29073930468021275
2024-04-25,-0.0008981043003410531,0.14266789691854528
2024-04-26,-0.0007331963596101214,0.33369421989882375
2024-04-29,0.006081611377932509,0.3455629563969943
2024-04-30,-0.007248129454655498,0.17087900139179657
2024-05-01,-0.009742005570758395,0.0
2024-05-02,-0.0005079365079365079,1.0
2024-05-03,-0.010843619967515218,0.8658006733438676
2024-05-06,0.023996776440909095,0.933256100552532
2024-05-07,-0.035180948645474566,0.8152547820045052
2024-05-08,-0.02220299524172184,0.9353051433712087
2024-05-09,0.0009641455081005055,1.0
2024-05-10,-0.02731170009666076,1.0
2024-05-13,-0.018905945508410092,0.0
2024-05-14,-0.0005079365079365079,1.0
2024-05-15,0.01698891878496308,1.0
2024-05-16,0.030166892716637316,1.0
2024-05-17,0.028472327523295687,1.0
2024-05-20,-0.025075552697119113,0.9717957512793051
2024-05-21,-0.022859028234881847,0.9753868212387911
2024-05-22,0.002895631732086116,1.0
2024-05-23,0.01718486664546564,1.0
2024-05-24,-0.015311650711410335,0.9405295670381778
2024-05-28,-0.02454860613146992,0.9657276108134976
2024-05-29,-0.03848995357579945,0.0
2024-05-30,-0.0005079365079365079,1.0
2024-05-31,0.055434055549256865,1.0
2024-06-03,-0.027447362824665714,0.8811183884593184
2024-06-04,0.04191660109755902,0.9166392749302141
2024-06-05,-0.017886954422377116,0.7937639017770857
2024-06-06,0.016994866039220596,0.8695527490284248
2024-06-07,-0.016664793294193635,0.8430335123211976
2024-06-10,-0.018525581120892243,0.0
2024-06-11,-0.0,0.0
2024-06-12,-0.0,0.0
2024-06-13,0.0,0.0
2024-06-14,-0.0,0.0
2024-06-17,-0.00041958777182413484,0.8260634257787655
2024-06-18,0.010635636679192222,0.8502493628257256
2024-06-20,-0.001974322636724848,0.8743584638949442
2024-06-21,0.04880630380586547,0.9150660458514064
2024-06-24,-0.02088002230827,0.7006035576742525
2024-06-25,0.02118971717479111,0.7504046752177693
2024-06-26,0.03658748341982939,0.681663131683966
2024-06-27,-0.019389964014182835,0.27930900984583124
2024-06-28,-0.008174479252924688,0.44527494893878206
2024-07-01,0.016758043138652926,0.29930604623006657
2024-07-02,0.007902592110839558,0.11091154170810347
2024-07-03,-0.0010298896394181818,0.11143102123542475
2024-07-05,-0.004177415396702813,0.12048743221788351
2024-07-08,-0.00045833652887474944,0.14443812526866445
2024-07-09,-0.0009008384281794449,0.1497747471473728
2024-07-10,-0.008902460296968374,0.0
2024-07-11,-0.00025553445417736073,0.503083456661679
2024-07-12,0.00454009723216451,0.5032273749551589
2024-07-15,-0.006373330274970292,0.5243835340143236
2024-07-16,0.0027385329242443812,0.561655866504264
2024-07-17,-0.024766981114279905,0.5808573227996623
2024-07-18,0.00826504045354691,0.8957138095367966
2024-07-19,-0.003953443076842784,0.8286442616685669
2024-07-22,0.03850650246073696,0.0
2024-07-23,0.0,0.0
2024-07-24,0.0,0.0
2024-07-25,0.0,0.0
2024-07-26,0.0,0.0
2024-07-29,-8.571030426085938e-05,0.16874216151356689
2024-07-30,-0.001719747516658918,0.1400649750599711
2024-07-31,0.0033496071075440202,0.14951223573025682
2024-08-01,-0.005466223717403683,0.18387879851716868
2024-08-02,-0.005290811895713633,0.1748101996579556
2024-08-05,0.005337174122578075,0.4039937827410914
2024-08-06,-0.008658857473092085,0.13522180872704376
2024-08-07,-0.0018312293508625256,0.16231408239387943
2024-08-08,0.001524412559014853,0.4078314672684575
2024-08-09,-0.019669909454562713,0.17798018048978298
2024-08-12,-0.0061070731338251595,0.0
2024-08-13,-0.00045636869445483805,0.8984758672079624
2024-08-14,-0.016021031115075492,0.965011602773934
2024-08-15,-0.0004708031344034875,1.0
2024-08-16,-0.02176384527118407,1.0
2024-08-19,0.002862629180497421,1.0
2024-08-20,0.004909829020268586,1.0
2024-08-21,0.020727482406036023,1.0
2024-08-22,0.008487030549960958,1.0
2024-08-23,-0.006711972463499612,1.0
2024-08-26,-0.09049803007577704,1.0
2024-08-27,0.004478173044937656,1.0
2024-08-28,-0.03150360074397695,0.0
2024-08-29,-0.0005079365079365079,1.0
2024-08-30,0.04154599779865861,1.0
2024-09-03,-0.18652328709355012,0.0
2024-09-04,-0.0004877083172490176,0.9601757495840033
2024-09-05,-0.03733117301867467,0.9964027854111009
2024-09-06,-0.005411259810018134,0.9856338398089641
2024-09-09,-0.0007745359798775048,0.9955320466670633
2024-09-10,0.02112026997140547,1.0
2024-09-11,-0.017244142163436293,1.0
2024-09-12,-0.023966971090175385,1.0
2024-09-13,-0.004019372780957589,1.0
2024-09-16,-0.011193642328870304,1.0
2024-09-17,0.022771689863259902,1.0
2024-09-18,0.039025927312953436,1.0
2024-09-19,0.039945461092047295,0.9333103425970773
2024-09-20,-0.043212413021409365,0.7731166283442478
2024-09-23,0.001194393399927767,0.8776419169097699
2024-09-24,0.022249875032411787,0.8861583919780814
2024-09-25,0.041454729240204165,0.9198191882492438
2024-09-26,0.034592074054830675,0.5308946681159581
2024-09-27,-0.026585115666161143,0.3440493542039209
2024-09-30,0.0054374975793423045,0.5135113908741854
2024-10-01,-0.03126187103165764,0.15398090679814974
2024-10-02,0.0034850080182114457,0.7302799161421903
2024-10-03,0.04471507404871239,0.45091023205787345
2024-10-04,-0.009625185609670767,0.15797780939762346
2024-10-07,0.00031371203032459034,0.19131224830490826
2024-10-08,-0.0026135940555381755,0.19094580159988633
2024-10-09,-2.5134022997287875e-05,0.19486482730470256
2024-10-10,0.00969163850690636,0.20186770010934796
2024-10-11,0.0026379653694276486,0.1567416179658797
2024-10-14,-0.004371140768092299,0.1886941069851817
2024-10-15,0.0006014601100022074,0.15045422354057839
2024-10-16,0.0007352438983358277,0.15606624056747845
2024-10-17,0.0016852214372007912,0.16668908181636075
2024-10-18,-0.00401084194715614,0.21610360399710749
2024-10-21,-0.007132951965123183,0.18544137217129653
2024-10-22,0.008989428596485848,0.21557607018269143
2024-10-23,0.0033315967980553063,0.1658820023074961
2024-10-24,-0.0007529893461517885,0.21460482235545394
2024-10-25,0.004238355178580415,0.2291871890404258
2024-10-28,-0.0036896239958547463,0.24348810903572504
2024-10-29,-0.002404429388387431,0.24279826836696705
2024-10-30,0.008296922275768073,0.2714228331425224
2024-10-31,0.0002297851071890016,0.2823860135494245
2024-11-01,-0.017454223299478943,0.34775296980988346
2024-11-04,0.003887023355472398,0.27157907331250036
2024-11-05,0.007451285928161084,0.2650463705818045
2024-11-06,-0.006706665029218814,0.27378324100271084
2024-11-07,0.0010770172552091682,0.24021375364721573
2024-11-08,0.002256864342942818,0.28557333125963014
2024-11-11,0.00343141447173324,0.2876097515362675
2024-11-12,0.005123358323707118,0.3164357749990636
2024-11-13,-0.003235477301186358,0.0
2024-11-14,0.0,0.0
2024-11-15,0.0,0.0
2024-11-18,0.0,0.0
2024-11-19,0.0,0.0
2024-11-20,0.0,0.0
2024-11-21,-0.0,0.0
2024-11-22,-0.0,0.0
2024-11-25,0.0,0.0
2024-11-26,-0.0,0.0
2024-11-27,-0.0,0.0
2024-11-29,-0.00013248809597276781,0.2608359389463866
2024-12-02,-0.015514797532752268,0.0
2024-12-03,-0.00011952680908173738,0.23531840537967047
2024-12-04,0.0005683953617087479,0.24104083176331537
2024-12-05,-0.0014938442821432344,0.27445464733197417
2024-12-06,0.000618577556006826,0.2684513479670146
2024-12-09,0.012757331085194404,0.28922582762679155
2024-12-10,-0.0011822169951300038,0.0
2024-12-11,-0.0,0.0
2024-12-12,-0.00014284553105230576,0.281227139259227
2024-12-13,-0.007060715382732106,0.0
2024-12-16,-0.0,0.0
2024-12-17,-0.00012946955294777435,0.2548931823659307
2024-12-18,-0.002263174645193241,0.2285552659423766
2024-12-19,-0.001801406041424345,0.18716058364322966
2024-12-20,0.009954624592334111,0.19789878311406525
2024-12-23,0.0005987922360922931,0.23620012435265797
2024-12-24,-0.00504449615066935,0.2870142826585675
2024-12-26,-0.0020075307688424623,0.25923856503684706
2024-12-27,-0.0012862318581320184,0.2380480853829891
2024-12-30,0.012987784284516562,0.2708488668757968
2024-12-31,0.004416573847304718,0.0
2025-01-02,-2.244337261258186e-06,0.2827864949185315
2025-01-03,-0.015105421504135783,0.2817962487101997
2025-01-06,-0.0002449463590789801,0.0
2025-01-07,-0.0,0.0
2025-01-08,0.0,0.0
2025-01-09,0.0,0.0
2025-01-10,0.0,0.0
2025-01-13,-9.176845016461352e-05,0.18066913626158285
2025-01-14,0.014501167030207382,1.0
2025-01-15,0.012942268923208074,0.15255476827893466
2025-01-16,0.0038764975415496077,0.1915721614247237
2025-01-17,0.006424237210654979,0.21255894409202694
2025-01-21,0.004158954237311911,0.0
2025-01-22,-0.0,0.0
2025-01-23,-7.240785396345629e-05,0.14255296249055457
2025-01-24,0.0009660705292957176,0.0
2025-01-27,0.0,0.0
2025-01-28,-0.0,0.0
2025-01-29,0.0,0.0
2025-01-30,0.0,0.0
2025-01-31,0.0,0.0
2025-02-03,0.0,0.0
2025-02-04,-0.0,0.0
2025-02-05,-0.0,0.0
2025-02-06,0.0,0.0
2025-02-07,0.0,0.0
2025-02-10,-0.0,0.0
2025-02-11,0.0,0.0
2025-02-12,-0.0,0.0
2025-02-13,0.0,0.0
2025-02-14,0.0,0.0
2025-02-18,-0.0,0.0
2025-02-19,-0.0,0.0
2025-02-20,0.0,0.0
2025-02-21,-0.0,0.0
2025-02-24,-0.0,0.0
2025-02-25,-7.745575356458237e-05,0.15249101483027155
2025-02-26,-0.00633146278531762,0.15282140427946234
2025-02-27,0.00236608091232898,0.30722099150101734
2025-02-28,-0.010888268431764032,0.1107521216082951
2025-03-03,0.03323439090254787,0.0
2025-03-04,0.0,0.0
2025-03-05,-0.0,0.0
2025-03-06,-0.0,0.0
2025-03-07,-5.034789430935004e-05,0.0991224169215329
2025-03-10,0.00022332417131122506,0.07690006680448516
2025-03-11,0.0013049378666018909,0.08066803619356665
2025-03-12,-0.00014031540894824757,0.10522149876589562
2025-03-13,0.0001725570141781442,0.11228203597928375
2025-03-14,-0.0006787819373572609,0.11599769239802883
2025-03-17,0.005452152062411725,0.11986768376222033
2025-03-18,0.000981762322540861,0.0
2025-03-19,0.0,0.0
2025-03-20,-0.0,0.0
2025-03-21,0.0,0.0
2025-03-24,-0.0,0.0
2025-03-25,0.0,0.0
2025-03-26,0.0,0.0
2025-03-27,0.0,0.0
2025-03-28,-0.0,0.0
2025-03-31,-0.0,0.0
2025-04-01,0.0,0.0
2025-04-02,0.0,0.0
2025-04-03,-0.0,0.0
2025-04-04,0.0,0.0
2025-04-07,0.0,0.0
2025-04-08,0.0,0.0
2025-04-09,-0.0,0.0
2025-04-10,-0.0,0.0
2025-04-11,-8.796815197195504e-05,0.17318729919478648
2025-04-14,0.0069267907169712995,0.1736918793552135
2025-04-15,0.00044420713046974445,0.0
2025-04-16,-0.0,0.0
2025-04-17,-0.00013306468489993582,0.26197109839674865
2025-04-21,0.0005684581082263972,0.2444845892888319
2025-04-22,0.0028346909717090543,0.26260893928722717
2025-04-23,0.013708798588833396,0.0
2025-04-24,0.0,0.0
2025-04-25,0.0,0.0
2025-04-28,0.0,0.0
2025-04-29,-0.0,0.0
2025-04-30,0.0,0.0
2025-05-01,-0.0,0.0
2025-05-02,-0.0,0.0
2025-05-05,0.0,0.0
2025-05-06,-0.0,0.0
2025-05-07,-0.0,0.0
2025-05-08,0.0,0.0
2025-05-09,-0.0,0.0
2025-05-12,0.0,0.0
2025-05-13,0.0,0.0
2025-05-14,0.0,0.0
2025-05-15,-0.0,0.0
2025-05-16,-0.0,0.0
2025-05-19,-0.0,0.0
2025-05-20,0.0,0.0
2025-05-21,0.0,0.0
2025-05-22,-0.0,0.0
2025-05-23,-0.0,0.0
2025-05-27,-0.0,0.0
2025-05-28,-0.0,0.0
2025-05-29,-8.733258400509295e-05,0.17193602476002673
2025-05-30,-0.0055611245464150545,0.12387920995080895
2025-06-02,-0.004375465642932086,0.12564242603874878
2025-06-03,0.002708457196177222,0.5188361636636832
2025-06-04,-0.021773000212861885,0.15189792029986118
2025-06-05,0.0032786489687903248,0.8058486281022381
2025-06-06,-0.012055031400181444,0.49387029105243957
2025-06-09,0.0016487792393875616,0.0
2025-06-10,0.0,0.0
2025-06-11,-0.0,0.0
2025-06-12,-0.0,0.0
2025-06-13,-0.0,0.0
2025-06-16,-0.00045718591004041405,0.9000847603920652
2025-06-17,-0.002056088265771294,0.32603126799684173
2025-06-18,0.014820669671326718,0.3372499230485444
2025-06-20,0.012424049668066817,0.14069965685870997
2025-06-23,0.004544297925165508,0.0
2025-06-24,-0.0,0.0
2025-06-25,-0.0,0.0
2025-06-26,-8.588158523545263e-05,0.16907937093229736
2025-06-27,-0.00896876919164094,0.0
2025-06-30,-7.100424998783382e-05,0.13978961716354782
2025-07-01,-0.00024519928972212583,0.0
2025-07-02,-0.0,0.0
2025-07-03,-0.0,0.0
2025-07-04,0.0,0.0
2025-07-07,-0.0,0.0
2025-07-08,0.0,0.0
2025-07-09,-0.0,0.0
2025-07-10,0.0,0.0
2025-07-11,-0.0,0.0
2025-07-14,0.0,0.0
2025-07-15,0.0,0.0
2025-07-16,-0.0,0.0
2025-07-17,0.0,0.0
2025-07-18,-0.0,0.0
2025-07-21,0.0,0.0
2025-07-22,-0.0,0.0
2025-07-23,0.0,0.0
2025-07-24,-0.0,0.0
2025-07-25,0.0,0.0
2025-07-28,-0.0,0.0
2025-07-29,0.0,0.0
2025-07-30,-0.0,0.0
2025-07-31,-0.0,0.0
2025-08-01,-0.0,0.0
2025-08-04,-6.883121412542218e-05,0.1355114528094249
2025-08-05,-0.0005729208254904678,0.12955080105122002
2025-08-06,0.00460491486154101,0.13638412592722152
2025-08-07,0.0007698314766142953,0.0
2025-08-08,0.0,0.0
2025-08-11,-0.0,0.0
2025-08-12,0.0,0.0
2025-08-13,0.0,0.0
2025-08-14,-0.0,0.0
2025-08-15,-0.0,0.0
2025-08-18,0.0,0.0
2025-08-19,0.0,0.0
2025-08-20,0.0,0.0
2025-08-21,0.0,0.0
2025-08-22,-0.0,0.0
2025-08-25,-0.0,0.0
2025-08-26,-0.0,0.0
2025-08-27,0.0,0.0
2025-08-28,0.0,0.0
2025-08-29,-0.0,0.0
2025-09-02,-0.0,0.0
2025-09-03,0.0,0.0
2025-09-04,-0.0,0.0
2025-09-05,-0.0,0.0
2025-09-08,-0.0,0.0
2025-09-09,0.0,0.0
2025-09-10,-0.0,0.0
2025-09-11,-0.0,0.0
2025-09-12,-0.0,0.0
2025-09-15,0.0,0.0
2025-09-16,0.0,0.0
2025-09-17,-0.0,0.0
2025-09-18,-0.0,0.0
2025-09-19,-0.0,0.0
2025-09-22,0.0,0.0
2025-09-23,0.0,0.0
2025-09-24,-0.0,0.0
2025-09-25,0.0,0.0
2025-09-26,0.0,0.0
2025-09-29,0.0,0.0
2025-09-30,0.0,0.0
2025-10-01,-0.0,0.0
2025-10-02,-0.0,0.0
2025-10-03,-0.00010939519765944901,0.21537179539204024
2025-10-06,0.003912655693575447,0.21620924890292584
2025-10-07,0.00032987729998485495,0.21004008561105778
2025-10-08,-0.00017336824224036866,0.22638565552533235
2025-10-09,0.0012161359694782242,0.23756698085016695
2025-10-10,-0.0018882866256174026,0.24045667963377515
2025-10-13,0.00689537498836097,0.23566361046646683
2025-10-14,-0.003661920223941949,0.0
2025-10-15,-0.0001216113035746792,0.23942225391264968
2025-10-16,-0.0012480879573568662,0.26318144603949944
2025-10-17,0.011205089662318198,0.24710120101574223
2025-10-20,-0.00033654522611710214,0.0
2025-10-21,-0.0,0.0
2025-10-22,0.0,0.0
2025-10-23,0.0,0.0
2025-10-24,0.0,0.0
2025-10-27,0.0,0.0
2025-10-28,0.0,0.0
2025-10-29,0.0,0.0
2025-10-30,0.0,0.0
2025-10-31,-0.0,0.0
2025-11-03,-0.0,0.0
2025-11-04,0.0,0.0
2025-11-05,0.0,0.0
2025-11-06,0.0,0.0
2025-11-07,-0.0,0.0
2025-11-10,0.0,0.0
2025-11-11,0.0,0.0
2025-11-12,-0.0,0.0
2025-11-13,-0.0,0.0
2025-11-14,0.0,0.0
2025-11-17,-0.0,0.0
2025-11-18,0.0,0.0
2025-11-19,-0.0,0.0
2025-11-20,-0.0,0.0
2025-11-21,-0.0,0.0
2025-11-24,-0.0,0.0
2025-11-25,-0.0,0.0
2025-11-26,-0.0,0.0
2025-11-28,0.0,0.0
2025-12-01,-0.0,0.0
2025-12-02,-0.0,0.0
2025-12-03,-4.846520245752731e-05,0.09541586733825688
2025-12-04,-0.002238908144341631,0.09248519721975185
2025-12-05,0.0019574930839841745,0.07278959833500998
2025-12-08,-0.0018330694509275272,0.10182342866453774
2025-12-09,-0.0005084017400370313,0.08373234067554898
2025-12-10,-0.0007781445737483907,0.08759098497527759
2025-12-11,-0.001175561044648247,0.11663599257948644
2025-12-12,-0.0020981080397202917,0.11653846837989106
2025-12-15,-0.0008506363852272689,0.2619728890570744
2025-12-16,-0.006287247946512994,0.0
2025-12-17,-0.00032167960115445223,0.6333067147728279
2025-12-18,-0.006693239814641941,0.7076225444830064
2025-12-19,-0.013015415726747324,0.7787897247267097
2025-12-22,0.003428626406944877,0.9018622474663187
2025-12-23,0.004231887005899853,0.977593487193654
2025-12-24,-0.013458126927026555,1.0
2025-12-26,-0.021518766586446494,1.0
2025-12-29,-0.023918532830471215,1.0
2025-12-30,0.027334943608309285,1.0
2025-12-31,-0.01466611526638631,1.0
2026-01-02,-7.936507936507936e-06,1.0
2026-01-05,-9.063041444282772e-05,1.0
2026-01-06,-0.008852989041352888,1.0
2026-01-07,0.028219587067603233,1.0
2026-01-08,0.045045612231597976,1.0
2026-01-09,-0.02736141131212914,1.0
2026-01-12,0.012012250526969026,0.0
2026-01-13,0.0,0.0
2026-01-14,-0.0,0.0
2026-01-15,0.0,0.0
2026-01-16,0.0,0.0
2026-01-20,-0.0004492339815870092,0.8844294012494244
2026-01-21,0.08255897968141823,0.24541785532091903
2026-01-22,-0.00885269468080152,0.22723348947661726
2026-01-23,0.0010476774716229487,0.17808350769978706
2026-01-26,0.012700631921694024,0.21372361336028228
2026-01-27,0.005890143935462867,0.2066089283212219
2026-01-28,0.0020396388852055025,0.20488245089682466
2026-01-29,-0.02359416285933139,0.0
2026-01-30,-7.116524212120138e-05,0.1401065704261152
2026-02-02,-0.025687016671720263,0.0
2026-02-03,-0.0002473903113320897,0.4870496754350516
2026-02-04,0.01675314418921657,0.31134140008289163
2026-02-05,-0.0041102108871768515,0.20399219204919564
2026-02-06,0.006594344391027592,0.20702709998678803
2026-02-09,0.0012020270927054232,0.10174672207758526
2026-02-10,-0.002492039955635218,0.1039134972262196
2026-02-11,0.0019311413505305483,0.21015000293550187
2026-02-12,-0.005568986909858249,0.10218394327940052
2026-02-13,-0.0011091310234355224,0.2051108039079773
2026-02-17,0.005743797953598832,0.20750189125995316
2026-02-18,0.0035663747328268606,0.09869550070845261
2026-02-19,0.004680560053277433,0.10433036763351508
2026-02-20,-0.0026148310014481703,0.11789380724794075
2026-02-23,0.005383829145433058,0.09903177621982674
2026-02-24,0.001185954244734157,0.11269127831926105
2026-02-25,0.002626675838020607,0.12542275038594888
2026-02-26,0.0024527171297166217,0.12549562961842373
2026-02-27,0.0014078018420596648,0.12717372892026163
2026-03-02,0.03580887974402218,0.0
2026-03-03,0.0,0.0
2026-03-04,0.0,0.0
2026-03-05,0.0,0.0
2026-03-06,-0.0,0.0
2026-03-09,-0.0,0.0
2026-03-10,0.0,0.0
2026-03-11,0.0,0.0
2026-03-12,-0.0,0.0
2026-03-13,0.0,0.0
2026-03-16,0.0,0.0
2026-03-17,0.0,0.0
2026-03-18,0.0,0.0
2026-03-19,0.0,0.0
2026-03-20,0.0,0.0
2026-03-23,-0.0,0.0
2026-03-24,0.0,0.0
2026-03-25,-0.0,0.0
2026-03-26,0.0,0.0
2026-03-27,0.0,0.0
2026-03-30,-0.0,0.0
2026-03-31,-0.0,0.0
2026-04-01,-0.0,0.0
2026-04-02,-0.0,0.0
2026-04-06,-0.0,0.0
2026-04-07,0.0,0.0
2026-04-08,0.0,0.0
2026-04-09,-0.0,0.0
2026-04-10,-0.0,0.0
2026-04-13,0.0,0.0
2026-04-14,0.0,0.0
2026-04-15,0.0,0.0
2026-04-16,0.0,0.0
2026-04-17,0.0,0.0
2026-04-20,-0.0,0.0
2026-04-21,0.0,0.0
2026-04-22,0.0,0.0
2026-04-23,0.0,0.0
2026-04-24,0.0,0.0
2026-04-27,0.0,0.0
2026-04-28,-0.0,0.0
2026-04-29,0.0,0.0
2026-04-30,0.0,0.0
2026-05-01,-0.0,0.0
2026-05-04,0.0,0.0
2026-05-05,0.0,0.0
2026-05-06,-0.0,0.0
2026-05-07,0.0,0.0
2026-05-08,0.0,0.0
2026-05-11,0.0,0.0
2026-05-12,0.0,0.0
2026-05-13,-0.0,0.0
2026-05-14,-0.0,0.0
2026-05-15,0.0,0.0
2026-05-18,-0.0,0.0
2026-05-19,-0.0,0.0
2026-05-20,0.0,0.0
2026-05-21,-0.0,0.0
2026-05-22,0.0,0.0
2026-05-26,-0.0,0.0
2026-05-27,0.0,0.0
2026-05-28,0.0,0.0
2026-05-29,-0.0,0.0
2026-06-01,-0.0,0.0
2026-06-02,0.0,0.0
2026-06-03,-0.0,0.0
2026-06-04,-0.0,0.0
2026-06-05,0.0,0.0
2026-06-08,0.0,0.0
2026-06-09,0.0,0.0
2026-06-10,0.0,0.0
2026-06-11,0.0,0.0
2026-06-12,-0.0,0.0
2026-06-15,-0.0,0.0
2026-06-16,0.0,0.0
2026-06-17,0.0,0.0
2026-06-18,0.0,0.0
2026-06-22,0.0,0.0
2026-06-23,0.0,0.0
2026-06-24,0.0,0.0
2026-06-25,0.0,0.0
2026-06-26,-0.0,0.0
2026-06-29,0.0,0.0
2026-06-30,-0.0,0.0
2026-07-01,-0.0,0.0
2026-07-02,-0.0,0.0
2026-07-06,0.0,0.0
2026-07-07,-0.0,0.0
2026-07-08,0.0,0.0
2026-07-09,-0.0,0.0
2026-07-10,-0.0,0.0
2026-07-13,0.0,0.0
2026-07-14,0.0,0.0
2026-07-15,0.0,0.0
2026-07-16,0.0,0.0
2026-07-17,-0.0,0.0
2026-07-20,-0.0,0.0
2026-07-21,-0.0,0.0
2026-07-22,-0.0,0.0
2026-07-23,-0.0,0.0
2026-07-24,-0.0,0.0
2026-07-27,0.0,0.0
2026-07-28,0.0,0.0
2026-07-29,-0.0,0.0
2026-07-30,-0.0,0.0
2026-07-31,-0.0,0.0
2026-08-03,-0.0,0.0
2026-08-04,-0.0,0.0
2026-08-05,0.0,0.0
2026-08-06,0.0,0.0
2026-08-07,0.0,0.0
2026-08-10,0.0,0.0
2026-08-11,-0.0,0.0
2026-08-12,0.0,0.0
2026-08-13,0.0,0.0
2026-08-14,0.0,0.0
2026-08-17,0.0,0.0
2026-08-18,0.0,0.0
2026-08-19,-0.0,0.0
2026-08-20,-0.0,0.0
2026-08-21,0.0,0.0
2026-08-24,-0.0,0.0
2026-08-25,0.0,0.0
2026-08-26,0.0,0.0
2026-08-27,0.0,0.0
2026-08-28,0.0,0.0
2026-08-31,-0.0,0.0
2026-09-01,-0.0,0.0
2026-09-02,-0.0,0.0
2026-09-03,-0.0,0.0
2026-09-04,0.0,0.0
2026-09-08,-0.0,0.0
2026-09-09,-0.0,0.0
