date,ret,pos
2012-01-03,-2.330225810995809e-06,0.293608452185472
2012-01-04,0.028919548902439123,0.293608452185472
2012-01-05,-0.01288593065503583,0.1862407052838728
2012-01-06,0.013382002299454682,0.28536052505370735
2012-01-09,0.008998473531899616,0.19473040112014253
2012-01-10,-0.0017943040711411802,0.19972160294931085
2012-01-11,0.007195321513004935,0.0
2012-01-12,0.0,0.0
2012-01-13,0.0,0.0
2012-01-17,-8.2940972307951e-05,0.16329003923127852
2012-01-18,0.012326712132334387,0.0
2012-01-19,0.0,0.0
2012-01-20,0.0,0.0
2012-01-23,-0.0,0.0
2012-01-24,0.0,0.0
2012-01-25,0.0,0.0
2012-01-26,0.0,0.0
2012-01-27,0.0,0.0
2012-01-30,-0.0,0.0
2012-01-31,0.0,0.0
2012-02-01,0.0,0.0
2012-02-02,0.0,0.0
2012-02-03,0.0,0.0
2012-02-06,0.0,0.0
2012-02-07,-0.0,0.0
2012-02-08,0.0,0.0
2012-02-09,0.0,0.0
2012-02-10,-0.0,0.0
2012-02-13,-0.0,0.0
2012-02-14,-0.0,0.0
2012-02-15,-0.0,0.0
2012-02-16,0.0,0.0
2012-02-17,-0.0,0.0
2012-02-21,-0.0,0.0
2012-02-22,0.0,0.0
2012-02-23,-0.0,0.0
2012-02-24,-0.0,0.0
2012-02-27,0.0,0.0
2012-02-28,-3.498221886144529e-05,0.0688712433834704
2012-02-29,-0.0024662869083283178,0.05892722656949866
2012-03-01,0.017860485554838032,0.0
2012-03-02,-0.0,0.0
2012-03-05,-0.0,0.0
2012-03-06,0.0,0.0
2012-03-07,0.0,0.0
2012-03-08,0.0,0.0
2012-03-09,-0.0,0.0
2012-03-12,0.0,0.0
2012-03-13,0.0,0.0
2012-03-14,0.0,0.0
2012-03-15,-0.0,0.0
2012-03-16,0.0,0.0
2012-03-19,-0.0,0.0
2012-03-20,0.0,0.0
2012-03-21,-0.0,0.0
2012-03-22,0.0,0.0
2012-03-23,0.0,0.0
2012-03-26,0.0,0.0
2012-03-27,-0.0,0.0
2012-03-28,0.0,0.0
2012-03-29,0.0,0.0
2012-03-30,-0.0,0.0
2012-04-02,-0.0,0.0
2012-04-03,0.0,0.0
2012-04-04,-0.0,0.0
2012-04-05,-0.0,0.0
2012-04-09,-0.0,0.0
2012-04-10,-0.0,0.0
2012-04-11,-0.0,0.0
2012-04-12,0.0,0.0
2012-04-13,0.0,0.0
2012-04-16,-0.0,0.0
2012-04-17,-2.8847162791117683e-05,0.05679285174501294
2012-04-18,0.000890587926575153,0.06482068444685159
2012-04-19,-0.0016577312680830715,0.06912915788558692
2012-04-20,-0.0019015891620956956,0.05292824103057224
2012-04-23,0.0019213650413587983,0.049484204718440596
2012-04-24,-0.002026691297573153,0.05051900986300724
2012-04-25,-0.0003518747709319828,0.043276298082393375
2012-04-26,0.0010621136041920718,0.04431787814139843
2012-04-27,9.305944655746889e-05,0.045741341814194564
2012-04-30,-0.0007285438225203339,0.05057114344659622
2012-05-01,-0.006077957083518338,0.0
2012-05-02,-9.576881981809105e-05,0.18854486401686674
2012-05-03,0.007211503393667398,0.198853923329261
2012-05-04,0.005717893308947276,0.12653657238004856
2012-05-07,0.0004905087159372571,0.10677954055295465
2012-05-08,0.005832575367932564,0.109794437849112
2012-05-09,0.004287643009565027,0.04516549145227398
2012-05-10,-0.0013581440860027266,0.04636208730075321
2012-05-11,0.0006542352523823951,0.04441125638502805
2012-05-14,-0.0004618767413359446,0.04489509123209777
2012-05-15,0.0006760344635853548,0.05159061022243739
2012-05-16,4.208214352130128e-05,0.0563948399839826
2012-05-17,-0.003226705066598066,0.05810951565344532
2012-05-18,0.002227614762717153,0.23538099339937346
2012-05-21,0.00618150816843691,0.12737407080602822
2012-05-22,0.0037676080600140007,0.13086582350789394
2012-05-23,-0.0034518255096264087,0.05833627289979053
2012-05-24,-0.0010716676581696484,0.13108308989063902
2012-05-25,0.0016192564121387642,0.16300428370867914
2012-05-29,0.0011451493457004778,0.160376426881615
2012-05-30,0.0034862336279224545,0.16334973728572336
2012-05-31,-0.0006246898934477731,0.16441716289695335
2012-06-01,-0.014186783011549227,0.08174392401305215
2012-06-04,-0.001084034243406578,0.15046621554235048
2012-06-05,0.0008829211384413902,0.19018318445231094
2012-06-06,-0.0002602299833046642,0.189611938972457
2012-06-07,-9.600794957182455e-05,0.21216862281530505
2012-06-08,0.005783087234250518,0.23227992853241658
2012-06-11,0.0006931234037440698,0.19140099548477674
2012-06-12,-0.006576275995159126,0.19663452405399018
2012-06-13,0.0046781352394540615,0.293608452185472
2012-06-14,-0.004761306299081318,0.22164212629616126
2012-06-15,0.0065279825136663186,0.21403060343399194
2012-06-18,-0.0058374399642252784,0.1861907198695454
2012-06-19,-0.006938200138753835,0.0
2012-06-20,-0.00014155371021538568,0.2786838669865406
2012-06-21,0.015718094752049626,0.293608452185472
2012-06-22,-0.00920951027984404,0.2248891995754222
2012-06-25,0.021728370288585312,0.293608452185472
2012-06-26,0.0036381468497061567,0.06979833330869317
2012-06-27,-0.0031966276416685794,0.06912102155317047
2012-06-28,0.004255187316881799,0.1426758220736857
2012-06-29,-0.010536301656539505,0.06002006828919594
2012-07-02,-0.004172286109044563,0.0
2012-07-03,-2.6642409473367024e-05,0.05245224365069133
2012-07-05,0.0032339142355653993,0.05292462645382428
2012-07-06,0.0010849441082617555,0.055701971467417975
2012-07-09,0.00043293339594029974,0.054189784344449876
2012-07-10,0.0024920303808320205,0.05572393021995638
2012-07-11,-0.0013479126988443322,0.06865906445725213
2012-07-12,0.002219933773822756,0.07383800295003577
2012-07-13,-0.0013612247021763605,0.0689572831580251
2012-07-16,0.0007151568997099153,0.07291378915103908
2012-07-17,-0.0021374536416581447,0.07482775098940296
2012-07-18,0.002330475893003519,0.0538893648092824
2012-07-19,-0.0004918549505799483,0.07511444858339653
2012-07-20,0.0025591356193638173,0.0746522780789104
2012-07-23,0.0003506304016548921,0.07252681228131756
2012-07-24,-0.0045843667335830835,0.07532827059667858
2012-07-25,-0.0027245491955484916,0.056323182692590276
2012-07-26,0.0009467858575346201,0.0505114345239799
2012-07-27,0.002724319490586164,0.05263388684583327
2012-07-30,0.0027374523249490967,0.08427246682422335
2012-07-31,0.001591811025279946,0.07267426124834628
2012-08-01,-0.006829360994667026,0.0
2012-08-02,-3.422676721427991e-05,0.06738394795311356
2012-08-03,-0.0030297869851511317,0.0
2012-08-06,-0.0,0.0
2012-08-07,-3.089184246118066e-05,0.06081831484544941
2012-08-08,0.00048711933921829,0.0
2012-08-09,0.0,0.0
2012-08-10,0.0,0.0
2012-08-13,-0.0,0.0
2012-08-14,-0.0,0.0
2012-08-15,0.0,0.0
2012-08-16,-0.0,0.0
2012-08-17,-0.0,0.0
2012-08-20,0.0,0.0
2012-08-21,0.0,0.0
2012-08-22,0.0,0.0
2012-08-23,0.0,0.0
2012-08-24,-0.0,0.0
2012-08-27,0.0,0.0
2012-08-28,-0.0,0.0
2012-08-29,0.0,0.0
2012-08-30,0.0,0.0
2012-08-31,-0.0,0.0
2012-09-04,-0.0,0.0
2012-09-05,-0.0,0.0
2012-09-06,0.0,0.0
2012-09-07,0.0,0.0
2012-09-10,0.0,0.0
2012-09-11,0.0,0.0
2012-09-12,-0.0,0.0
2012-09-13,-0.0,0.0
2012-09-14,-3.591492778627441e-05,0.07070751407922775
2012-09-17,-0.0015566222995054364,0.0
2012-09-18,-3.812994627057605e-05,0.07506833172019658
2012-09-19,0.00039951500408676383,0.07848365664246162
2012-09-20,0.007146123164591807,0.08057318631759013
2012-09-21,0.0009064014491393638,0.0
2012-09-24,-0.0,0.0
2012-09-25,0.0,0.0
2012-09-26,0.0,0.0
2012-09-27,0.0,0.0
2012-09-28,0.0,0.0
2012-10-01,-0.0,0.0
2012-10-02,-0.0,0.0
2012-10-03,0.0,0.0
2012-10-04,0.0,0.0
2012-10-05,0.0,0.0
2012-10-08,-0.0,0.0
2012-10-09,-0.0,0.0
2012-10-10,0.0,0.0
2012-10-11,-0.0,0.0
2012-10-12,-0.0,0.0
2012-10-15,-0.0,0.0
2012-10-16,-0.0,0.0
2012-10-17,-1.6627598124451736e-05,0.03273558380751435
2012-10-18,-0.0009722020427276124,0.03745276996389423
2012-10-19,-5.460067558726976e-05,0.026481831236025825
2012-10-22,-0.0006498437670006285,0.026724417244835506
2012-10-23,0.00031008996822244855,0.024425773802145948
2012-10-24,0.0005883396030295325,0.025457665383809676
2012-10-25,0.0015423615304511944,0.030144475417295685
2012-10-26,0.0008104823450870435,0.04292382570539491
2012-10-31,0.001808817619767753,0.04588212419107578
2012-11-01,-0.006921615816573774,0.0
2012-11-02,-2.6445076158082213e-05,0.05206374368622436
2012-11-05,0.0016219380073249265,0.05934978931270131
2012-11-06,0.00022601222439735515,0.05522642045845233
2012-11-07,-0.00014358866253332475,0.05884970129052661
2012-11-08,-0.00043411405187016196,0.06980999496295229
2012-11-09,0.00514552499965347,0.07053638188660492
2012-11-12,-0.0005593410318315831,0.0
2012-11-13,-0.0,0.0
2012-11-14,-3.612858844783135e-05,0.07112815850666797
2012-11-15,0.002685597431795728,0.07540795287684102
2012-11-16,-0.0016429095259664435,0.0
2012-11-19,-3.962653886286451e-05,0.0780147483862645
2012-11-20,0.002183263075449404,0.08179003340317319
2012-11-21,0.0023247281161034024,0.07853620212006707
2012-11-23,-0.002565936062678633,0.0
2012-11-26,-3.8778144385805646e-05,0.07634447175955486
2012-11-27,0.0004971790036665566,0.08275958391189929
2012-11-28,0.001924612607183404,0.09122799126757712
2012-11-29,0.0010698064184716848,0.08700315390478836
2012-11-30,-0.004371192330453901,0.09236073602438
2012-12-03,-0.0028807322825819743,0.0
2012-12-04,-5.7220017393170255e-05,0.11265190924280394
2012-12-05,-0.0036527759497857887,0.08511888247735729
2012-12-06,-0.0005301815374878679,0.07490152174113784
2012-12-07,-0.00011678783418426557,0.0692666852977174
2012-12-10,0.0002748336605040678,0.07007937593936794
2012-12-11,0.0012534704578314765,0.08202747147685172
2012-12-12,0.0015802104810898065,0.07995486348569493
2012-12-13,-0.001818569330023021,0.08847614722240782
2012-12-14,0.003936142666743238,0.18280870789831138
2012-12-17,-0.006266085447174038,0.08343813682579306
2012-12-18,0.0023210575219251043,0.17485229535991428
2012-12-19,0.00246132701581531,0.07176957798989315
2012-12-20,-3.932100620960104e-06,0.07938384452895846
2012-12-21,0.0011491780784930801,0.08459081641136597
2012-12-24,0.0006058019009815525,0.0882955860578624
2012-12-26,0.0004267884022740687,0.08945415372648928
2012-12-27,0.0016940497028443005,0.0896864697826477
2012-12-28,-0.002793297832407471,0.09695679766071912
2012-12-31,-0.0022502405675809745,0.08076855227046335
2013-01-02,-0.0,0.0
2013-01-03,-0.00018051543051124882,0.3553897538190211
2013-01-04,-0.01479328485777545,0.3553897538190211
2013-01-07,0.005566168035155204,0.0
2013-01-08,0.0,0.0
2013-01-09,-0.00018051543051124882,0.3553897538190211
2013-01-10,-0.006570226260002984,0.3553897538190211
2013-01-11,-0.023385464481441364,0.0
2013-01-14,0.0,0.0
2013-01-15,-0.0,0.0
2013-01-16,-0.0,0.0
2013-01-17,0.0,0.0
2013-01-18,0.0,0.0
2013-01-22,0.0,0.0
2013-01-23,0.0,0.0
2013-01-24,-0.00016254683246247304,0.3200140764104938
2013-01-25,6.336535246555358e-05,0.32007136774334194
2013-01-28,0.013861322183596769,0.3232973840133409
2013-01-29,0.007412424287266995,0.33436538665568444
2013-01-30,0.01952987925024924,0.23540876102583747
2013-01-31,0.0022776731345950734,0.17664241717574694
2013-02-01,0.006056784382030236,0.19445502868957393
2013-02-04,0.0022946668449442347,0.09713142810508286
2013-02-05,0.002735855871936901,0.10293689514265908
2013-02-06,2.3088243604224652e-05,0.0959680374792654
2013-02-07,-0.00045618686860425956,0.10182010437332441
2013-02-08,0.008261901024692585,0.10242930824502748
2013-02-11,-0.008751778525248506,0.10647821621078417
2013-02-12,0.0014545347860929752,0.0925235053660538
2013-02-13,-0.0005049464161731689,0.09358831628712558
2013-02-14,0.006375960494807119,0.09987980964604744
2013-02-15,0.005775153790523873,0.10224274929869306
2013-02-19,-0.005233443800262253,0.07453260715016853
2013-02-20,0.00030191949168460573,0.09227601566818476
2013-02-21,0.00036517327433210244,0.09401069546163064
2013-02-22,0.002990628257355511,0.10029485915760863
2013-02-25,-0.0017482124809461836,0.08604769161440416
2013-02-26,-0.006925519853702941,0.09275613172519069
2013-02-27,-0.011754816164416792,0.0
2013-02-28,0.0,0.0
2013-03-01,-0.00011205047957775691,0.22059938166870893
2013-03-04,-0.0029812610253231826,0.0
2013-03-05,0.0,0.0
2013-03-06,-0.0,0.0
2013-03-07,-0.0,0.0
2013-03-08,0.0,0.0
2013-03-11,-0.0,0.0
2013-03-12,-2.101889564251504e-05,0.04138095079620148
2013-03-13,-0.0006321669183969365,0.055192327620751554
2013-03-14,-0.0007179650599467656,0.04515425620284296
2013-03-15,0.0004288590034507825,0.04475586129371899
2013-03-18,-0.0017848346671258842,0.047324944663252225
2013-03-19,-0.002160969327122092,0.052446301405333406
2013-03-20,0.002249451906527519,0.18043559401168577
2013-03-21,-0.0036170147588961894,0.09425813411004699
2013-03-22,-0.004401511129300832,0.0
2013-03-25,-7.834501201318249e-05,0.15424174240095304
2013-03-26,-0.0006378009599739799,0.0
2013-03-27,0.0,0.0
2013-03-28,0.0,0.0
2013-04-01,0.0,0.0
2013-04-02,-0.0,0.0
2013-04-03,-0.0001313891026567347,0.25867229585544643
2013-04-04,0.0015507175415495817,0.0
2013-04-05,-0.0,0.0
2013-04-08,0.0,0.0
2013-04-09,0.0,0.0
2013-04-10,-0.0,0.0
2013-04-11,-0.0,0.0
2013-04-12,0.0,0.0
2013-04-15,0.0,0.0
2013-04-16,0.0,0.0
2013-04-17,-0.0,0.0
2013-04-18,0.0,0.0
2013-04-19,0.0,0.0
2013-04-22,-0.0,0.0
2013-04-23,-0.0,0.0
2013-04-24,-0.0,0.0
2013-04-25,0.0,0.0
2013-04-26,0.0,0.0
2013-04-29,-0.0,0.0
2013-04-30,-0.0,0.0
2013-05-01,-0.0,0.0
2013-05-02,-0.0,0.0
2013-05-03,0.0,0.0
2013-05-06,0.0,0.0
2013-05-07,-0.0,0.0
2013-05-08,-0.0,0.0
2013-05-09,0.0,0.0
2013-05-10,-0.0,0.0
2013-05-13,-0.0,0.0
2013-05-14,0.0,0.0
2013-05-15,-0.00016970004746494208,0.33409696844660475
2013-05-16,-0.0004548303427298813,0.35030031684869795
2013-05-17,0.00312573373600767,0.3553897538190211
2013-05-20,-0.0074694477362389645,0.3553897538190211
2013-05-21,-0.02011858587338295,0.3332415429275783
2013-05-22,0.004666414587659592,0.0
2013-05-23,-0.00018051543051124882,0.3553897538190211
2013-05-24,0.005114674482078855,0.3553897538190211
2013-05-28,0.0031504408278834385,0.3553897538190211
2013-05-29,-0.0004423635886107217,0.3553897538190211
2013-05-30,-0.008314395012948181,0.3553897538190211
2013-05-31,-5.376107746359494e-05,0.3553897538190211
2013-06-03,-0.010443662320541546,0.3553897538190211
2013-06-04,0.021275057097060488,0.3553897538190211
2013-06-05,-0.006059427805317364,0.3205395664046936
2013-06-06,-0.00019276955827134397,0.3158874396558339
2013-06-07,-0.004871235886644632,0.33263952601049557
2013-06-10,-0.006928313092154232,0.3553897538190211
2013-06-11,-0.009545365706210234,0.3553897538190211
2013-06-12,-0.004739148914212981,0.3553897538190211
2013-06-13,0.017593727494568383,0.3553897538190211
2013-06-14,0.0021123763976234377,0.3553897538190211
2013-06-17,-0.017423541974782672,0.3553897538190211
2013-06-18,0.0020312708360458427,0.3553897538190211
2013-06-19,0.010290734058778174,0.3553897538190211
2013-06-20,-0.0219147750507442,0.0
2013-06-21,-0.00018051543051124882,0.3553897538190211
2013-06-24,-0.029244387016976507,0.3553897538190211
2013-06-25,-0.001374013026744354,0.3553897538190211
2013-06-26,-0.006311200676947824,0.3553897538190211
2013-06-27,-0.010936302718136654,0.0
2013-06-28,0.0,0.0
2013-07-01,-0.00018051543051124882,0.3553897538190211
2013-07-02,0.0005956187189453885,0.0
2013-07-03,-0.00018051543051124882,0.3553897538190211
2013-07-05,0.0031478341517947486,0.3553897538190211
2013-07-08,-0.006727270772667088,0.3553897538190211
2013-07-09,0.014105215702300273,0.3512027958408841
2013-07-10,-0.004469226503267572,0.3553897538190211
2013-07-11,0.02795326715079804,0.3553897538190211
2013-07-12,0.03518405559393029,0.23841205075197056
2013-07-15,-0.009237597288378134,0.09490689038900987
2013-07-16,0.006616235511054274,0.0912383421789748
2013-07-17,-0.003485857495438193,0.08549000197879644
2013-07-18,-0.004613819190347463,0.08653841338082886
2013-07-19,0.0008253123652395076,0.15939917329571118
2013-07-22,-0.008266451805939969,0.0
2013-07-23,-0.00010673853094719353,0.21014148280228725
2013-07-24,0.01392885530170965,0.2348401733920987
2013-07-25,-0.014707236306982908,0.0911954265243631
2013-07-26,0.005112465615714365,0.20613174579137766
2013-07-29,-0.00638677479867056,0.0844084718157996
2013-07-30,0.005870717362068409,0.15896627537157965
2013-07-31,-0.005312385484610937,0.08197797863135521
2013-08-01,-0.00958948022141744,0.0
2013-08-02,-0.000122575658673861,0.2413208280141638
2013-08-05,-0.012464655384572153,0.0
2013-08-06,-0.0,0.0
2013-08-07,-0.0,0.0
2013-08-08,0.0,0.0
2013-08-09,-0.0,0.0
2013-08-12,0.0,0.0
2013-08-13,0.0,0.0
2013-08-14,0.0,0.0
2013-08-15,-0.0001428795428559232,0.28129409999759875
2013-08-16,-0.006417238036003794,0.2991794309430849
2013-08-19,-0.011574572405745581,0.0
2013-08-20,0.0,0.0
2013-08-21,-0.00014744391904630933,0.29028021562242146
2013-08-22,-0.007703858038864689,0.08444426911196852
2013-08-23,0.0005928410901807834,0.16680241945526494
2013-08-26,-0.010842844581975767,0.17737783679661223
2013-08-27,0.0032286918222211676,0.3122594897533993
2013-08-28,0.020319661243984613,0.2308300944015578
2013-08-29,0.0021472472845052615,0.09394328218749838
2013-08-30,-0.0040303114518226045,0.104032065488601
2013-09-03,-0.027188701105166767,0.0
2013-09-04,0.0,0.0
2013-09-05,-0.0001305948660280603,0.25710864249274373
2013-09-06,-0.01802198776890691,0.0
2013-09-09,-0.0,0.0
2013-09-10,-0.0,0.0
2013-09-11,-0.0,0.0
2013-09-12,0.0,0.0
2013-09-13,0.0,0.0
2013-09-16,-0.0,0.0
2013-09-17,-0.0,0.0
2013-09-18,0.0,0.0
2013-09-19,-0.0,0.0
2013-09-20,0.0,0.0
2013-09-23,-0.0,0.0
2013-09-24,0.0,0.0
2013-09-25,0.0,0.0
2013-09-26,-0.00012133650467723245,0.23888124358330137
2013-09-27,-0.014510237079471409,0.1673858576501438
2013-09-30,-0.011172493873578871,0.0
2013-10-01,-8.246062367721916e-05,0.16234435286452523
2013-10-02,-0.013053461355334015,0.2910034245018766
2013-10-03,0.028718647123419892,0.2724405728295039
2013-10-04,-0.03258326845217655,0.0
2013-10-07,-0.0001422124906944541,0.2799808410547065
2013-10-08,-0.00024842897877437077,0.20337159862084594
2013-10-09,0.023913212425166287,0.20853502811785743
2013-10-10,0.023921781191232755,0.08446941099802524
2013-10-11,-0.0022812114981052845,0.07536094914770071
2013-10-14,-0.002779192156130132,0.07618399619107577
2013-10-15,0.0047119326276810905,0.07980400598628462
2013-10-16,0.0025326703955240973,0.07866066906302109
2013-10-17,-0.003471442364936163,0.09474960678006417
2013-10-18,0.008402722752894533,0.07583817650511701
2013-10-21,0.00385123345080279,0.08374405406574185
2013-10-22,0.0011195705298913995,0.0
2013-10-23,-0.0,0.0
2013-10-24,-5.0162184029577295e-05,0.0987567998082303
2013-10-25,-0.004641741553061533,0.10161277796800111
2013-10-28,0.008129198305085048,0.08425799088488742
2013-10-29,-0.0006639361963365979,0.09091426219631164
2013-10-30,0.0169892798817219,0.09359144804834124
2013-10-31,-0.0015180401684528153,0.0
2013-11-01,-0.0,0.0
2013-11-04,-0.0,0.0
2013-11-05,0.0,0.0
2013-11-06,-0.0,0.0
2013-11-07,-0.0,0.0
2013-11-08,-4.2540326237295787e-05,0.08375126727967608
2013-11-11,0.004714166536574137,0.0
2013-11-12,0.0,0.0
2013-11-13,0.0,0.0
2013-11-14,0.0,0.0
2013-11-15,-0.0,0.0
2013-11-18,0.0,0.0
2013-11-19,-0.0,0.0
2013-11-20,0.0,0.0
2013-11-21,0.0,0.0
2013-11-22,0.0,0.0
2013-11-25,-0.0,0.0
2013-11-26,0.0,0.0
2013-11-27,0.0,0.0
2013-11-29,-0.0,0.0
2013-12-02,-0.0,0.0
2013-12-03,-0.0,0.0
2013-12-04,-0.0,0.0
2013-12-05,-0.0,0.0
2013-12-06,0.0,0.0
2013-12-09,-0.0,0.0
2013-12-10,-0.0,0.0
2013-12-11,0.0,0.0
2013-12-12,-0.0,0.0
2013-12-13,-4.216121115708959e-05,0.08300488446552012
2013-12-16,-0.0010353921653908453,0.07873168145825446
2013-12-17,-9.450790419357911e-05,0.09188786019745362
2013-12-18,0.006294785367558955,0.0947412732091905
2013-12-19,0.002215376206553095,0.0
2013-12-20,0.0,0.0
2013-12-23,0.0,0.0
2013-12-24,0.0,0.0
2013-12-26,0.0,0.0
2013-12-27,-0.0,0.0
2013-12-30,-0.0,0.0
2013-12-31,0.0,0.0
2014-01-02,-0.0,0.0
2014-01-03,-0.0,0.0
2014-01-06,-7.89560593512437e-05,0.15544474184776103
2014-01-07,0.007208775764915575,0.1559325750022877
2014-01-08,0.004256870332077156,0.0
2014-01-09,-0.0,0.0
2014-01-10,-0.0,0.0
2014-01-13,-0.0,0.0
2014-01-14,-0.0,0.0
2014-01-15,-0.00011044978316013567,0.21744801059651708
2014-01-16,-0.005940326245598341,0.21940684543373795
2014-01-17,0.00844286224100882,0.20865216180765703
2014-01-21,-0.007002081125187655,0.20643571945163047
2014-01-22,0.0015530668376821045,0.21546431733960908
2014-01-23,-0.004687567388508555,0.2387855376970192
2014-01-24,0.017062400180134076,0.18407831261183188
2014-01-27,-0.007334251055256981,0.20309709992396274
2014-01-28,-0.01030621798899719,0.20216227341513512
2014-01-29,0.01685299794752813,0.12854737546766362
2014-01-30,-0.001959686625535687,0.1738895627396349
2014-01-31,0.004997302438818757,0.17988916309086198
2014-02-03,-0.0276394765894475,0.0
2014-02-04,-0.0001410742314183407,0.27773989310485825
2014-02-05,0.013974598749971348,0.2085839374875052
2014-02-06,0.006753303241083644,0.22894837061736623
2014-02-07,0.006319909440020154,0.2623862921238496
2014-02-10,-0.02013412692067791,0.1850018387585372
2014-02-11,0.011912042433287707,0.20468308267780613
2014-02-12,-0.0035878164079073595,0.22330069226118013
2014-02-13,0.007410396786675767,0.20062494693013982
2014-02-14,0.014986372097217943,0.23356978507157836
2014-02-18,-0.012182969994433265,0.12835374422394846
2014-02-19,-0.002999265610544832,0.22226733863383988
2014-02-20,0.01592636355614075,0.22554576278434096
2014-02-21,-0.008501438116783772,0.1220021814448125
2014-02-24,-0.004784613194884605,0.21028850960406897
2014-02-25,0.0024672670464913936,0.1891658167348638
2014-02-26,-0.00378102659258347,0.22498955682194471
2014-02-27,-0.01638801142034542,0.0
2014-02-28,-7.689771124905075e-05,0.15139236902156866
2014-03-03,0.030907289798942333,0.1577211350314102
2014-03-04,0.00040192519349585424,0.11507272243499264
2014-03-05,-0.00035257125849315834,0.133771985791665
2014-03-06,-0.0006441833305543695,0.17918349234443534
2014-03-07,0.0015794924456895246,0.18895569124135156
2014-03-10,0.0013877734548099312,0.19442803208881893
2014-03-11,0.014034594630945646,0.1578421085618868
2014-03-12,0.00922366954663436,0.10095896486710662
2014-03-13,-0.004441137310726414,0.12168404167429428
2014-03-14,0.0021848999647783845,0.09816709908421192
2014-03-17,-0.009595813592087455,0.0
2014-03-18,-9.719011801474534e-05,0.1913430448415299
2014-03-19,-0.015861225601443988,0.19561960682825127
2014-03-20,0.01748452759622184,0.1970784440428985
2014-03-21,0.0026647807241044325,0.17684579129651218
2014-03-24,-0.005848739074228645,0.18107950015458127
2014-03-25,0.002569709440728238,0.2507694650642261
2014-03-26,-0.004148568284178233,0.18075967825976585
2014-03-27,0.00252091522998403,0.2501362015491494
2014-03-28,-0.004306303246712574,0.1924802622846555
2014-03-31,-0.008540830905096494,0.26962978086777684
2014-04-01,0.0007484964590530714,0.29495650550403657
2014-04-02,-0.0033406311291379583,0.29495650550403657
2014-04-03,0.014869870377512785,0.29495650550403657
2014-04-04,-0.003710607982243007,0.17116300660780137
2014-04-07,0.0023305317596090665,0.21475752338720316
2014-04-08,3.8343112452491473e-05,0.16840370588560588
2014-04-09,0.0001913020357828047,0.18546148329092174
2014-04-10,-0.00021011474799168502,0.20201377049413283
2014-04-11,-0.00219628342940834,0.21643709041666373
2014-04-14,0.00988799091388184,0.27633649905645746
2014-04-15,0.006412292187910357,0.12741948501722283
2014-04-16,0.0015853106693819441,0.15486344078613168
2014-04-17,-0.001247736273055867,0.1799173509199579
2014-04-21,0.007136112136601596,0.2214514045741295
2014-04-22,0.02335163668855708,0.29495650550403657
2014-04-23,0.004306113558593971,0.0
2014-04-24,-0.0,0.0
2014-04-25,0.0,0.0
2014-04-28,-0.0,0.0
2014-04-29,-9.524190424194446e-05,0.18750749897632815
2014-04-30,-0.004170585660102109,0.0
2014-05-01,-9.609955781365752e-05,0.18919600444563822
2014-05-02,-0.0005231251928387786,0.16045315332956758
2014-05-05,-0.006299132128003196,0.0
2014-05-06,-0.0,0.0
2014-05-07,0.0,0.0
2014-05-08,0.0,0.0
2014-05-09,-0.0,0.0
2014-05-12,-0.00010211080905066985,0.20103065531850625
2014-05-13,-0.002645150262890412,0.20331282296393416
2014-05-14,0.005769337547909037,0.27074294288243594
2014-05-15,0.006242022663811139,0.11207883717370191
2014-05-16,-0.0010306462312298184,0.13141911039725226
2014-05-19,-0.005610437793645037,0.10908618892148238
2014-05-20,0.0011620282237917675,0.2566289599133491
2014-05-21,-0.007947531084591078,0.2407646312906943
2014-05-22,0.006384274357461985,0.29495650550403657
2014-05-23,-0.0007518200623905731,0.22329848470672145
2014-05-27,-0.007617830053652605,0.0
2014-05-28,0.0,0.0
2014-05-29,-0.0,0.0
2014-05-30,-0.0,0.0
2014-06-02,-8.501632289772131e-05,0.16737588570488884
2014-06-03,-0.003018127747068915,0.29495650550403657
2014-06-04,-0.008246242035312407,0.29495650550403657
2014-06-05,0.016322216533733145,0.29495650550403657
2014-06-06,-0.010782823561962675,0.23448028516649283
2014-06-09,-0.0020893345964140275,0.29495650550403657
2014-06-10,-0.00454609576916968,0.29495650550403657
2014-06-11,0.013513445058611696,0.29495650550403657
2014-06-12,0.01927271682635452,0.20400594648669051
2014-06-13,-0.010994320048811314,0.1473639081609347
2014-06-16,0.0038423379610180003,0.18539286600081364
2014-06-17,0.012052448615489797,0.09597981649796412
2014-06-18,0.004090105756010849,0.1581389747467343
2014-06-19,0.0035120910531658027,0.0
2014-06-20,-0.0,0.0
2014-06-23,0.0,0.0
2014-06-24,0.0,0.0
2014-06-25,-0.0,0.0
2014-06-26,-8.127262864015377e-05,0.16000548763530273
2014-06-27,0.0018051567527404377,0.15597095359215596
2014-06-30,-0.0044568163532313215,0.15440015511421534
2014-07-01,-0.00719099305934308,0.0
2014-07-02,-8.310288187364665e-05,0.16360879868874184
2014-07-03,0.00040507029838735275,0.16964926425141466
2014-07-07,-0.0040974608637330155,0.18361944401855412
2014-07-08,-0.007501517095754191,0.14977506697270618
2014-07-09,0.0005903749192839416,0.1865350500856442
2014-07-10,0.0019314444991518373,0.18965417855851482
2014-07-11,0.0022997179419647993,0.10618592485226858
2014-07-14,0.0026578390909738564,0.1391282510010497
2014-07-15,-0.0002446880434663413,0.17499379012044503
2014-07-16,-0.013210770748518324,0.1829830550427056
2014-07-17,-0.016793064296134343,0.0
2014-07-18,-0.0,0.0
2014-07-21,-0.0,0.0
2014-07-22,-0.0,0.0
2014-07-23,0.0,0.0
2014-07-24,-0.00012631001087344798,0.24867283390710074
2014-07-25,0.017539526734415087,0.26107338265572694
2014-07-28,-0.005565174938735611,0.2685522316311548
2014-07-29,0.021616141241426582,0.29495650550403657
2014-07-30,-0.004623084920081074,0.12385864984985882
2014-07-31,0.01091167020733312,0.10887211871988818
2014-08-01,-0.013738332954801749,0.0
2014-08-04,-0.00010014932017135704,0.19716897408735917
2014-08-05,0.0031536805495725856,0.23138715001199217
2014-08-06,0.01883112506844358,0.27626757158562
2014-08-07,0.011079645176129742,0.09256712147652355
2014-08-08,-0.005340331581713826,0.10775801898018345
2014-08-11,-0.0024721380664311354,0.07175525706994663
2014-08-12,-0.0010717445559997201,0.13624030891995811
2014-08-13,0.00822317402724229,0.169979969096538
2014-08-14,-0.014588589446998217,0.0
2014-08-15,-0.00012533754219477199,0.24675828619595738
2014-08-18,-0.010999160933319263,0.21706834396837066
2014-08-19,0.03652387731888584,0.15561927822602323
2014-08-20,-0.008051742069575252,0.09219826195992699
2014-08-21,0.015549740569350805,0.12126705158045824
2014-08-22,-0.0005528358741862688,0.0
2014-08-25,0.0,0.0
2014-08-26,-0.0,0.0
2014-08-27,-0.0,0.0
2014-08-28,-0.0,0.0
2014-08-29,-0.0,0.0
2014-09-02,-0.0,0.0
2014-09-03,-4.522094484667882e-05,0.08902873516689892
2014-09-04,0.0004872553893486259,0.1103776742264892
2014-09-05,0.002490858306289493,0.11780349899171745
2014-09-08,-0.0006483405944456733,0.09840923708071447
2014-09-09,-0.003528528017762682,0.11792993449698229
2014-09-10,-0.00041068108504841317,0.09917975025242157
2014-09-11,-0.005907012543932325,0.10025831381691537
2014-09-12,0.0009634594623490489,0.13134203130985067
2014-09-15,-0.002209793559451877,0.0749669213249657
2014-09-16,-0.00364516811087547,0.0
2014-09-17,-0.00010901499512086053,0.21462327164419417
2014-09-18,0.007362993554158301,0.20799956542538178
2014-09-19,0.023128130220942313,0.08912593141037456
2014-09-22,-0.0013191456617774214,0.0
2014-09-23,-7.104911033913128e-05,0.1398779359801647
2014-09-24,-0.0014093898305344325,0.0
2014-09-25,0.0,0.0
2014-09-26,-0.0,0.0
2014-09-29,-5.5908199861089064e-05,0.1100692684765191
2014-09-30,-0.002767237396779392,0.112727321612501
2014-10-01,-0.020744681030037796,0.0
2014-10-02,-7.816162177951839e-05,0.15388069287842682
2014-10-03,0.0009368808094277118,0.1934526028051396
2014-10-06,0.0049190270463716,0.21772175563392274
2014-10-07,0.00045230845620400074,0.24661124984066718
2014-10-08,-0.004335610881458562,0.25590495887266074
2014-10-09,-0.0035146897088252573,0.21918047407217664
2014-10-10,-0.002744925162772492,0.2313537953307398
2014-10-13,-0.00041397637972689477,0.23123479932845264
2014-10-14,0.00872321572028015,0.2353103677202977
2014-10-15,-0.014764788978438827,0.27670599666719836
2014-10-16,0.01700474588505823,0.21207220038325336
2014-10-17,0.012573984987540239,0.2651454737736706
2014-10-20,-0.017625742512161417,0.16307441155278657
2014-10-21,0.0068799652928337035,0.27169433295161866
2014-10-22,0.001993597832495491,0.16053375344721138
2014-10-23,0.002418422269099812,0.16141519441265054
2014-10-24,0.0014842813718054944,0.17912401915630718
2014-10-27,-0.00507097988465225,0.11285526464748319
2014-10-28,0.004369211012600052,0.20647622902025778
2014-10-29,0.007259250455838424,0.10857186077410874
2014-10-30,0.0005108869098560079,0.19898265012781752
2014-10-31,-0.0018882481387776933,0.2357364931535904
2014-11-03,-0.0006544443654722192,0.2934082715058373
2014-11-04,-0.003690067383322142,0.29495650550403657
2014-11-05,-0.026790481687280286,0.24227962866237224
2014-11-06,0.03818099932307352,0.283573404821537
2014-11-07,-0.0005603863781714134,0.18242575981070144
2014-11-10,-0.001592318186108435,0.18536208334918824
2014-11-11,-0.0060113763853769445,0.20979445604494298
2014-11-12,0.007749375676334367,0.22591244435749194
2014-11-13,-0.01756074645631105,0.22142549794198846
2014-11-14,0.004253525231306545,0.18556971387103072
2014-11-17,-0.005464038109482943,0.19730126950240176
2014-11-18,0.015426686946682488,0.17465611384629937
2014-11-19,-0.0030711886805713973,0.23245356236068918
2014-11-20,-0.017614603626691587,0.22871779525266722
2014-11-21,0.003281175020041943,0.14906851176443894
2014-11-24,-0.0004189441705918305,0.14782349748358106
2014-11-25,0.015790525251938164,0.15263206931815543
2014-11-26,0.0051141500331448615,0.17109330979422382
2014-11-28,0.017049548217676583,0.0
2014-12-01,-0.0,0.0
2014-12-02,-4.132710323117674e-05,0.08136273448637919
2014-12-03,-0.004885347421340541,0.1483433169893799
2014-12-04,4.77085194492389e-05,0.21550916001446285
2014-12-05,0.0032355553717979646,0.2672154760246568
2014-12-08,0.003132236114064438,0.29495650550403657
2014-12-09,0.0021802785995973873,0.21696930551639865
2014-12-10,0.0009159560236464195,0.21714773898823428
2014-12-11,0.010418818304160974,0.22316278802269032
2014-12-12,0.011203122424583262,0.09266073799356035
2014-12-15,0.006942931553736128,0.0
2014-12-16,-0.0,0.0
2014-12-17,0.0,0.0
2014-12-18,0.0,0.0
2014-12-19,-0.0,0.0
2014-12-22,-5.215772503952756e-05,0.10268552117156987
2014-12-23,-0.00221649391065766,0.1216116767950763
2014-12-24,-0.01046629002644963,0.09982036917079884
2014-12-26,0.0051967425553814724,0.2798633729105193
2014-12-29,-0.024526653699961553,0.0
2014-12-30,-0.00012357979580166167,0.2432977229845214
2014-12-31,0.00038333261170091356,0.29495650550403657
2015-01-02,-0.0,0.0
2015-01-05,0.0,0.0
2015-01-06,-0.00014028134076697266,0.2761788896349774
2015-01-07,-0.030375789577813582,0.2761788896349774
2015-01-08,0.001973166662123307,0.0
2015-01-09,-0.0,0.0
2015-01-12,0.0,0.0
2015-01-13,-0.0,0.0
2015-01-14,0.0,0.0
2015-01-15,0.0,0.0
2015-01-16,-0.0,0.0
2015-01-20,-0.00014028134076697266,0.2761788896349774
2015-01-21,-0.015803889568123966,0.2761788896349774
2015-01-22,0.031554352679505,0.2761788896349774
2015-01-23,0.027934856348751796,0.25766034996053183
2015-01-26,-0.010525294553847988,0.08291349814728813
2015-01-27,0.0010698010420404547,0.17508330431065253
2015-01-28,0.01593342332001897,0.08080884122029965
2015-01-29,-0.00016960118661748394,0.12716998922759734
2015-01-30,-0.009773775263533908,0.12935091165365387
2015-02-02,0.03118813336562599,0.2761788896349774
2015-02-03,-0.012950354558082893,0.0686720125337036
2015-02-04,0.0006395586194244379,0.05920262950559034
2015-02-05,-0.0011323680301051958,0.06297717332842179
2015-02-06,0.0009278892286851915,0.06930987600275447
2015-02-09,-0.0007643265852760827,0.07915374969930138
2015-02-10,0.008157391295279637,0.06881150562062088
2015-02-11,0.002942794899101698,0.0
2015-02-12,0.0,0.0
2015-02-13,0.0,0.0
2015-02-17,-0.0,0.0
2015-02-18,-5.183093450057932e-05,0.10204215229801553
2015-02-19,0.01578709065468853,0.0
2015-02-20,0.0,0.0
2015-02-23,0.0,0.0
2015-02-24,-0.0,0.0
2015-02-25,0.0,0.0
2015-02-26,0.0,0.0
2015-02-27,0.0,0.0
2015-03-02,-0.0,0.0
2015-03-03,0.0,0.0
2015-03-04,-0.0,0.0
2015-03-05,-0.0,0.0
2015-03-06,0.0,0.0
2015-03-09,-0.0,0.0
2015-03-10,-0.0,0.0
2015-03-11,0.0,0.0
2015-03-12,0.0,0.0
2015-03-13,-0.0,0.0
2015-03-16,-0.0,0.0
2015-03-17,0.0,0.0
2015-03-18,0.0,0.0
2015-03-19,-0.0,0.0
2015-03-20,-0.0,0.0
2015-03-23,-0.0,0.0
2015-03-24,-0.0,0.0
2015-03-25,-0.0,0.0
2015-03-26,-0.0,0.0
2015-03-27,-0.0,0.0
2015-03-30,0.0,0.0
2015-03-31,0.0,0.0
2015-04-01,-0.0,0.0
2015-04-02,-0.0,0.0
2015-04-06,-6.454619809656391e-05,0.1270753275026102
2015-04-07,-0.004902472287144357,0.11239274243233102
2015-04-08,-0.004354152970121961,0.10918941977385363
2015-04-09,0.0023978371077781704,0.07546819082765839
2015-04-10,0.002972105421151435,0.10140656939440013
2015-04-13,-0.00041226603296466507,0.1135459654998369
2015-04-14,-0.0010642452699596728,0.11299593066628674
2015-04-15,0.004036789100113373,0.11252542921241418
2015-04-16,-0.00030284141941821146,0.10854491963422348
2015-04-17,0.0019638832211358054,0.12252041588365446
2015-04-20,-0.0032986461810285226,0.10642872017550889
2015-04-21,-0.001864492350220692,0.12724438500868238
2015-04-22,0.0018926521080073128,0.11648580837846319
2015-04-23,0.005506667071005151,0.1415366238063806
2015-04-24,0.005788970640833255,0.11313383670475047
2015-04-27,0.00038241240248291884,0.0
2015-04-28,-0.0,0.0
2015-04-29,-0.0,0.0
2015-04-30,-5.447389654739886e-05,0.1072454838276915
2015-05-01,0.0018912494096284594,0.0
2015-05-04,-0.0,0.0
2015-05-05,-0.0,0.0
2015-05-06,-0.0,0.0
2015-05-07,-8.140473846487028e-05,0.16026557885271336
2015-05-08,-0.003375095135926405,0.16871021119350751
2015-05-11,-0.0008802544315953643,0.14844027317377712
2015-05-12,0.004380515686936686,0.14803945253337994
2015-05-13,0.0022005763882213814,0.16880372469440533
2015-05-14,0.007498843282394665,0.17876460220696405
2015-05-15,0.001121584691138809,0.13713120220625352
2015-05-18,-0.002440303714876638,0.0
2015-05-19,-8.60906722022095e-05,0.16949101089809995
2015-05-20,-0.0013127483089757908,0.1758218634534737
2015-05-21,-0.00017734906941303672,0.17897749837190086
2015-05-22,-0.0018984937394973434,0.2038408307748532
2015-05-26,-0.004861151235935006,0.22393613425297426
2015-05-27,-0.014274064758100762,0.17447437496826806
2015-05-28,0.00808688865564179,0.2193733468452944
2015-05-29,0.01217346555753611,0.10445100929516316
2015-06-01,-0.006451167861869243,0.0
2015-06-02,-5.849351225822241e-05,0.11515910225837536
2015-06-03,0.0015007985702463452,0.11504305016305472
2015-06-04,-0.003935011129555955,0.11323208571233723
2015-06-05,0.0028095488017519307,0.08621084002477475
2015-06-08,0.0005337158865577002,0.0823572053811009
2015-06-09,0.002771138504251507,0.11539269207323122
2015-06-10,0.004872737860164213,0.13069852093186202
2015-06-11,0.00035232518101206234,0.0
2015-06-12,-0.0,0.0
2015-06-15,-6.138752568715013e-05,0.12085669119657681
2015-06-16,0.0022626870872514793,0.1382597035757393
2015-06-17,-0.0015366396124067575,0.1176394778710913
2015-06-18,-0.000891131573112161,0.13556170059400213
2015-06-19,-0.007003958796416369,0.11301334803367444
2015-06-22,-0.003883538249616405,0.06537199627153147
2015-06-23,0.00143671663637514,0.2057545000102055
2015-06-24,-0.002894608146114476,0.1432540365111147
2015-06-25,-0.0008971806288679612,0.22640645357508798
2015-06-26,0.003712494793956999,0.24608802456407214
2015-06-29,0.004238992468372467,0.26878151079570756
2015-06-30,0.013342062761744418,0.20844348255919237
2015-07-01,-0.004090141245928735,0.0
2015-07-02,0.0,0.0
2015-07-06,-0.0,0.0
2015-07-07,0.0,0.0
2015-07-08,0.0,0.0
2015-07-09,0.0,0.0
2015-07-10,-0.0,0.0
2015-07-13,-0.0,0.0
2015-07-14,-0.0,0.0
2015-07-15,-0.0,0.0
2015-07-16,-4.3593645451772854e-05,0.08582498948317781
2015-07-17,0.0029576301415481,0.0
2015-07-20,0.0,0.0
2015-07-21,-0.0,0.0
2015-07-22,-0.0,0.0
2015-07-23,0.0,0.0
2015-07-24,-0.0,0.0
2015-07-27,0.0,0.0
2015-07-28,-0.0,0.0
2015-07-29,-4.209926304363972e-05,0.08288292411716569
2015-07-30,0.0013283128194183952,0.10238329348569998
2015-07-31,0.00612775475035921,0.0876565232715008
2015-08-03,-0.011621116669370764,0.0
2015-08-04,-2.2564208307161592e-05,0.04442328510472439
2015-08-05,8.824513188800776e-05,0.046643708325904656
2015-08-06,2.2081448553201178e-05,0.05249877725364972
2015-08-07,1.4136156556715845e-05,0.05395911680390089
2015-08-10,0.0033804302243925213,0.056400796089328166
2015-08-11,0.0032601363424873547,0.0
2015-08-12,0.0,0.0
2015-08-13,-0.0,0.0
2015-08-14,-0.0,0.0
2015-08-17,-0.0,0.0
2015-08-18,-0.0,0.0
2015-08-19,-0.0,0.0
2015-08-20,-3.0074740906893272e-05,0.059209646160446126
2015-08-21,0.0011264341989295117,0.23181679463603877
2015-08-24,-0.007806869508420237,0.11039513470376974
2015-08-25,-0.008736216999355463,0.0
2015-08-26,-0.0,0.0
2015-08-27,0.0,0.0
2015-08-28,0.0,0.0
2015-08-31,0.0,0.0
2015-09-01,-0.0,0.0
2015-09-02,0.0,0.0
2015-09-03,-0.0,0.0
2015-09-04,-0.0,0.0
2015-09-08,-0.0,0.0
2015-09-09,-0.0,0.0
2015-09-10,-0.0,0.0
2015-09-11,0.0,0.0
2015-09-14,-0.00010201079815784982,0.20083375887326682
2015-09-15,0.0016034325608426728,0.0
2015-09-16,-0.0,0.0
2015-09-17,-0.0,0.0
2015-09-18,0.0,0.0
2015-09-21,-0.0,0.0
2015-09-22,0.0,0.0
2015-09-23,0.0,0.0
2015-09-24,-0.0,0.0
2015-09-25,0.0,0.0
2015-09-28,-0.00014028134076697266,0.2761788896349774
2015-09-29,-0.0020576667592283565,0.24195599576634713
2015-09-30,0.01776570634347508,0.25260161366949424
2015-10-01,-0.00313863702609524,0.2761788896349774
2015-10-02,-0.02861109290555789,0.0
2015-10-05,-0.00014028134076697266,0.2761788896349774
2015-10-06,0.0007643203262230645,0.2761788896349774
2015-10-07,-0.019647212377037447,0.2761788896349774
2015-10-08,-0.015873570330164375,0.0
2015-10-09,-0.00014028134076697266,0.2761788896349774
2015-10-12,-0.016365051578676057,0.2761788896349774
2015-10-13,-0.01533465731400649,0.0
2015-10-14,-0.00013720025022547595,0.27011299263140576
2015-10-15,0.005394984989619857,0.2761788896349774
2015-10-16,-0.003148660945114625,0.2761788896349774
2015-10-19,-0.030036147904977106,0.0
2015-10-20,-0.00014028134076697266,0.2761788896349774
2015-10-21,0.009420203899670606,0.2761788896349774
2015-10-22,0.016514374534831462,0.2761788896349774
2015-10-23,0.012052684788384635,0.2761788896349774
2015-10-26,-0.004886889777241755,0.2761788896349774
2015-10-27,0.016652905894418132,0.2761788896349774
2015-10-28,-0.003328148137169707,0.22179494740772784
2015-10-29,-0.0048072516650560495,0.23913280190772712
2015-10-30,0.027289003060596624,0.23754859061349312
2015-11-02,-0.005517590122975719,0.16712159275375105
2015-11-03,0.014439553376991548,0.17643535639373983
2015-11-04,-0.011789653224411339,0.07098562177183144
2015-11-05,0.00010916331155420495,0.165067418124382
2015-11-06,0.016137533745050805,0.07722519325596239
2015-11-09,0.001754497079354973,0.08112654486972959
2015-11-10,-0.0029948580052673057,0.08484111982443157
2015-11-11,-0.0011520490550789356,0.08706548547052259
2015-11-12,-0.00667504432189486,0.0
2015-11-13,-3.578729337295195e-05,0.07045623382799915
2015-11-16,-0.005219538505381712,0.159038801982168
2015-11-17,0.009816307278023698,0.23801819774257635
2015-11-18,0.01571475844771056,0.16930014508584687
2015-11-19,0.008775819061961277,0.08222843153373152
2015-11-20,0.001271330785222391,0.082573217925457
2015-11-23,-0.004056740502186288,0.1154023139204664
2015-11-24,0.01154640591494502,0.08176924628323078
2015-11-25,0.00019425583552622257,0.12653775165661346
2015-11-27,0.004199231829219364,0.1274622292380255
2015-11-30,-0.009336095320485432,0.10701829865280298
2015-12-01,0.0027393566528188273,0.12855057365833075
2015-12-02,-0.008446824783173702,0.0
2015-12-03,-5.4376917310420144e-05,0.10705455595488966
2015-12-04,0.0011209760156695619,0.111423985845288
2015-12-07,-0.0020051075583579383,0.11027937621248754
2015-12-08,-0.002346505480900195,0.11917077833869949
2015-12-09,0.0070197577061001555,0.08742993860195827
2015-12-10,0.009450099789708167,0.13780073752616953
2015-12-11,0.000532734815056882,0.0
2015-12-14,-0.0,0.0
2015-12-15,-6.050115855403512e-05,0.11911165590325663
2015-12-16,0.0082111910724879,0.07222768232921063
2015-12-17,0.0061994565299394585,0.11597874782934608
2015-12-18,0.004669017775482515,0.0
2015-12-21,-0.0,0.0
2015-12-22,-5.1426216552886156e-05,0.10124536383849463
2015-12-23,0.00638761226050247,0.15862838159556114
2015-12-24,-0.0023651048511997277,0.04953232085680832
2015-12-28,0.0008650040996475875,0.04907421957587303
2015-12-29,0.0023808414354737676,0.0572209022849349
2015-12-30,-0.0028904966653071056,0.07934982667925095
2015-12-31,0.005004560296937319,0.05721243174880521
2016-01-04,-1.1703522547936062e-06,0.1474643841039944
2016-01-05,-0.0018641481310294388,0.08768913967803474
2016-01-06,-0.007861574696359482,0.08759069272243934
2016-01-07,0.00023931801649087838,0.17319093023733664
2016-01-08,-0.007264035208492823,0.0
2016-01-11,0.0,0.0
2016-01-12,-0.0,0.0
2016-01-13,-0.0,0.0
2016-01-14,-0.0,0.0
2016-01-15,-0.0,0.0
2016-01-19,0.0,0.0
2016-01-20,0.0,0.0
2016-01-21,-0.0,0.0
2016-01-22,0.0,0.0
2016-01-25,-0.00015325045475284886,0.3017118327946712
2016-01-26,-0.003989809071938098,0.3017118327946712
2016-01-27,-0.0021451543658566803,0.0
2016-01-28,-0.00015325045475284886,0.3017118327946712
2016-01-29,0.014273913934245907,0.3017118327946712
2016-02-01,0.027325403121299885,0.0
2016-02-02,-0.00015325045475284886,0.3017118327946712
2016-02-03,-0.02597232361545456,0.0
2016-02-04,0.0,0.0
2016-02-05,-0.00015325045475284886,0.3017118327946712
2016-02-08,-0.00018013520325811061,0.0
2016-02-09,-0.00015325045475284886,0.3017118327946712
2016-02-10,0.04229785946986427,0.0
2016-02-11,-0.0001513185768934281,0.2979084482589366
2016-02-12,0.0214200668027752,0.3017118327946712
2016-02-16,-0.05461634204858951,0.0
2016-02-17,-0.0001313074900371054,0.25851162101055125
2016-02-18,-0.023289406294291486,0.0
2016-02-19,-0.0001308302015281276,0.2575719592585012
2016-02-22,-0.005902423215246178,0.0
2016-02-23,-0.0,0.0
2016-02-24,0.0,0.0
2016-02-25,0.0,0.0
2016-02-26,-0.0,0.0
2016-02-29,-0.00011712307318631055,0.23058605033554888
2016-03-01,0.13183838912551182,0.0
2016-03-02,-5.450502055956226e-05,0.1073067592266382
2016-03-03,-0.0004654568804803993,0.07201117407259294
2016-03-04,0.0008962315965263621,0.07541891300873549
2016-03-07,0.0033465760226918948,0.07842465653566766
2016-03-08,0.005609775378808172,0.07286335457996268
2016-03-09,0.005262710836773298,0.07277806504863073
2016-03-10,-0.003444133905097221,0.05528973125818663
2016-03-11,-0.0018679423953197605,0.0712121691477472
2016-03-14,0.0019914853952673847,0.07894415348211271
2016-03-15,0.0009168898178586608,0.07570642564556307
2016-03-16,-0.005402354710062055,0.08434060293582966
2016-03-17,-0.00467160296913472,0.0
2016-03-18,-4.523967124466809e-05,0.0890656027629403
2016-03-21,0.0021491707280489754,0.08216994449029483
2016-03-22,-0.001316971513924793,0.08165854006986348
2016-03-23,-0.0010519456719190368,0.08891891963754091
2016-03-24,0.002953540182863152,0.09585585077305912
2016-03-28,-0.0006572411125832508,0.09952671229952018
2016-03-29,0.002030503951867734,0.10152937695309862
2016-03-30,-0.002585035211613142,0.10543734392228706
2016-03-31,0.00027534116594643435,0.17151607271196528
2016-04-01,0.0010104440653229947,0.17833499073038173
2016-04-04,-0.0019083686759953406,0.17709022281923856
2016-04-05,-0.0035138251153773747,0.17626422100874833
2016-04-06,-0.004532307193655127,0.0
2016-04-07,-9.282632905575942e-05,0.18275183532852635
2016-04-08,0.008943827404990303,0.20415214328398443
2016-04-11,0.00887923624262233,0.20646428631580488
2016-04-12,-0.002392451013875368,0.15164410426743818
2016-04-13,0.0010758700054056016,0.19083911118229893
2016-04-14,-0.005992810938310663,0.15623793670485275
2016-04-15,-0.0035854966468209268,0.2053159647919194
2016-04-18,-0.0006933118058715166,0.23305634902150513
2016-04-19,0.0038217062003822835,0.23885957558241122
2016-04-20,0.0022247358227443746,0.22667256548705575
2016-04-21,-0.009374268125975341,0.22994035021359527
2016-04-22,-3.629405927774599e-05,0.22703205428838977
2016-04-25,0.0041534233548078635,0.2469228983983338
2016-04-26,0.009189910783299386,0.22411540512560635
2016-04-27,-0.002817893057430528,0.0
2016-04-28,0.0,0.0
2016-04-29,-0.0,0.0
2016-05-02,-0.0001036847699928016,0.20412939092332813
2016-05-03,-0.0075606703300156244,0.0
2016-05-04,-0.00010627522622172002,0.2092293516240113
2016-05-05,-0.00475343048769675,0.0
2016-05-06,-0.00015325045475284886,0.3017118327946712
2016-05-09,-0.01698647439364574,0.0
2016-05-10,-0.00015325045475284886,0.3017118327946712
2016-05-11,0.03359325140217539,0.3017118327946712
2016-05-12,-0.008020320713453783,0.1493200288729713
2016-05-13,0.006498092041828397,0.16105566214004613
2016-05-16,-0.004590805632163138,0.0
2016-05-17,-7.11354747989805e-05,0.14004796601049285
2016-05-18,0.006033046029841114,0.0
2016-05-19,-0.0,0.0
2016-05-20,0.0,0.0
2016-05-23,-0.0,0.0
2016-05-24,-0.0,0.0
2016-05-25,-0.0,0.0
2016-05-26,-5.1763288978841526e-05,0.10190897517709425
2016-05-27,0.0023012104578193694,0.12747922692463018
2016-05-31,-0.0014500446369980337,0.12171091340722161
2016-06-01,0.0008478301786681075,0.12182545442978013
2016-06-02,0.0036414341298064957,0.10374525793599236
2016-06-03,-0.003028059908244454,0.0
2016-06-06,-5.3743618750144515e-05,0.10580774941434701
2016-06-07,-0.0010832967831408767,0.11955240485936619
2016-06-08,0.0030810323135884096,0.13671549092920743
2016-06-09,0.002858117263579842,0.13029108361475816
2016-06-10,-0.004907873446589174,0.15665985704591584
2016-06-13,-0.004463830745846043,0.0
2016-06-14,-0.0001274378223302182,0.25089321271261705
2016-06-15,-0.006219830763641414,0.0
2016-06-16,-0.00015325045475284886,0.3017118327946712
2016-06-17,0.0031151941666370244,0.3017118327946712
2016-06-20,0.025763088915623945,0.3017118327946712
2016-06-21,0.011949736225221594,0.16814807696407252
2016-06-22,-0.005959531066399243,0.12265248581027541
2016-06-23,-0.0025071584998883735,0.15378161405539187
2016-06-24,-0.006100207285464865,0.15706310726323577
2016-06-27,-0.004050781540013049,0.0
2016-06-28,-0.00015325045475284886,0.3017118327946712
2016-06-29,-0.01422281035996945,0.0
2016-06-30,-0.00015325045475284886,0.3017118327946712
2016-07-01,0.0010418801413077552,0.3017118327946712
2016-07-05,-0.017842320778131193,0.0
2016-07-06,-0.00015325045475284886,0.3017118327946712
2016-07-07,-0.01027543438601531,0.0
2016-07-08,-0.0,0.0
2016-07-11,0.0,0.0
2016-07-12,-0.00015325045475284886,0.3017118327946712
2016-07-13,-0.011431565725709964,0.0
2016-07-14,-0.00015325045475284886,0.3017118327946712
2016-07-15,-0.0035687169874593794,0.3017118327946712
2016-07-18,-0.011373171001939334,0.0
2016-07-19,-0.00015325045475284886,0.3017118327946712
2016-07-20,-0.007100677388079464,0.0
2016-07-21,-0.00015325045475284886,0.3017118327946712
2016-07-22,0.012004230931367845,0.3017118327946712
2016-07-25,-0.004417102291727062,0.3017118327946712
2016-07-26,0.012919150637353757,0.3017118327946712
2016-07-27,-0.002254933911950413,0.3017118327946712
2016-07-28,0.000223482312520973,0.3017118327946712
2016-07-29,0.0007414638322609387,0.3017118327946712
2016-08-01,0.018212306852312763,0.3017118327946712
2016-08-02,0.018018463929758494,0.3017118327946712
2016-08-03,0.003382761125492029,0.18904237981415623
2016-08-04,-0.0007906199248240327,0.19397163000112688
2016-08-05,0.0034168056932073567,0.20599770561052683
2016-08-08,-0.018918546923145752,0.2087749385224067
2016-08-09,-0.005831499505488719,0.0
2016-08-10,-0.00015325045475284886,0.3017118327946712
2016-08-11,0.018634506785912174,0.3017118327946712
2016-08-12,-0.009104597547442401,0.3017118327946712
2016-08-15,0.00359964371826583,0.3017118327946712
2016-08-16,-0.0014862065456666183,0.3017118327946712
2016-08-17,0.021199062806778933,0.3017118327946712
2016-08-18,0.003944353820272893,0.18561418812316907
2016-08-19,0.0034666975062094345,0.1937491190580215
2016-08-22,0.002784192366557307,0.18824572545046983
2016-08-23,-0.005761239095620355,0.0
2016-08-24,-9.750030433704649e-05,0.19195372416356027
2016-08-25,-0.0044508899153026015,0.0
2016-08-26,-0.0,0.0
2016-08-29,-0.0,0.0
2016-08-30,-7.601996713365743e-05,0.14966431029438806
2016-08-31,-0.002181828035804216,0.16089254125833974
2016-09-01,-0.03047819027830233,0.0
2016-09-02,-6.267863449300726e-05,0.12339856165810803
2016-09-06,7.560720070019115e-05,0.1250927117632707
2016-09-07,0.003701851613056639,0.13979256672861606
2016-09-08,0.006077263567829321,0.0
2016-09-09,-0.0,0.0
2016-09-12,0.0,0.0
2016-09-13,0.0,0.0
2016-09-14,0.0,0.0
2016-09-15,0.0,0.0
2016-09-16,0.0,0.0
2016-09-19,-0.0,0.0
2016-09-20,-0.0,0.0
2016-09-21,-0.0,0.0
2016-09-22,-0.0,0.0
2016-09-23,0.0,0.0
2016-09-26,-0.0,0.0
2016-09-27,0.0,0.0
2016-09-28,0.0,0.0
2016-09-29,-0.0,0.0
2016-09-30,0.0,0.0
2016-10-03,-0.0,0.0
2016-10-04,0.0,0.0
2016-10-05,-0.0,0.0
2016-10-06,-0.0,0.0
2016-10-07,-0.0,0.0
2016-10-11,-0.0,0.0
2016-10-12,-0.0,0.0
2016-10-13,0.0,0.0
2016-10-14,0.0,0.0
2016-10-17,0.0,0.0
2016-10-18,0.0,0.0
2016-10-19,-0.0,0.0
2016-10-20,0.0,0.0
2016-10-21,0.0,0.0
2016-10-24,-0.0,0.0
2016-10-25,0.0,0.0
2016-10-26,0.0,0.0
2016-10-27,-0.0,0.0
2016-10-28,0.0,0.0
2016-10-31,0.0,0.0
2016-11-01,0.0,0.0
2016-11-02,-0.0,0.0
2016-11-03,-0.0,0.0
2016-11-04,-0.0,0.0
2016-11-07,-0.0,0.0
2016-11-08,-0.0,0.0
2016-11-09,-0.0,0.0
2016-11-10,0.0,0.0
2016-11-14,-0.0,0.0
2016-11-15,-7.711062241797031e-05,0.15181153788537904
2016-11-16,-0.0036891763184792297,0.0
2016-11-17,-8.241583530546815e-05,0.16225617575764043
2016-11-18,-0.002736356045010067,0.12164695351066185
2016-11-21,0.006597128482653247,0.1490457704927544
2016-11-22,-0.001634732922867471,0.0
2016-11-23,0.0,0.0
2016-11-25,-0.0,0.0
2016-11-28,0.0,0.0
2016-11-29,0.0,0.0
2016-11-30,0.0,0.0
2016-12-01,0.0,0.0
2016-12-02,-0.0,0.0
2016-12-05,-0.0,0.0
2016-12-06,-0.0,0.0
2016-12-07,0.0,0.0
2016-12-08,-0.0,0.0
2016-12-09,-0.0,0.0
2016-12-12,0.0,0.0
2016-12-13,0.0,0.0
2016-12-14,0.0,0.0
2016-12-15,0.0,0.0
2016-12-16,-0.0,0.0
2016-12-19,-0.0,0.0
2016-12-20,0.0,0.0
2016-12-21,-0.0,0.0
2016-12-22,-0.0,0.0
2016-12-23,0.0,0.0
2016-12-27,0.0,0.0
2016-12-28,0.0,0.0
2016-12-29,0.0,0.0
2016-12-30,-0.0,0.0
2017-01-03,-0.0,0.0
2017-01-04,-0.0,0.0
2017-01-05,-0.0,0.0
2017-01-06,-0.0,0.0
2017-01-09,-0.0,0.0
2017-01-10,0.0,0.0
2017-01-11,0.0,0.0
2017-01-12,0.0,0.0
2017-01-13,0.0,0.0
2017-01-17,-0.0,0.0
2017-01-18,-0.0,0.0
2017-01-19,-0.0,0.0
2017-01-20,0.0,0.0
2017-01-23,-0.00012338134807190413,0.24290702901656128
2017-01-24,0.0005524840579980352,0.3040885293532348
2017-01-25,-0.02853947811668767,0.0
2017-01-26,-0.0001544576657032304,0.3040885293532348
2017-01-27,-0.0027028596106307033,0.3040885293532348
2017-01-30,-0.00494063716501105,0.0
2017-01-31,-0.0001544576657032304,0.3040885293532348
2017-02-01,0.02713634836780118,0.0
2017-02-02,-0.0001544576657032304,0.3040885293532348
2017-02-03,0.010134217087754523,0.0
2017-02-06,-0.0,0.0
2017-02-07,0.0,0.0
2017-02-08,0.0,0.0
2017-02-09,-0.0001544576657032304,0.3040885293532348
2017-02-10,0.0005533028178218189,0.3040885293532348
2017-02-13,-0.019770528008429475,0.0
2017-02-14,-0.0001544576657032304,0.3040885293532348
2017-02-15,0.0003605871848266011,0.3040885293532348
2017-02-16,-0.021414138125255187,0.0
2017-02-17,-0.0001544576657032304,0.3040885293532348
2017-02-21,-0.028578962327197,0.0
2017-02-22,0.0,0.0
2017-02-23,-0.0001544576657032304,0.3040885293532348
2017-02-24,-0.0037345384553097976,0.3040885293532348
2017-02-27,0.010521047822681637,0.3040885293532348
2017-02-28,-0.01974426101565995,0.0
2017-03-01,0.0,0.0
2017-03-02,-0.00011649292831091813,0.22934545261212008
2017-03-03,-0.004383269888169864,0.25261988619919407
2017-03-06,0.016086547167711598,0.27067656178141947
2017-03-07,0.008331068224775374,0.24697494163964656
2017-03-08,0.0241952169564898,0.25412843528745266
2017-03-09,-0.003350741180328356,0.06374574977677583
2017-03-10,-0.0011987010216440884,0.13085373616486595
2017-03-13,-0.004673096954210033,0.1292939962070572
2017-03-14,0.0058473366193567,0.1763086993334996
2017-03-15,-0.010623931109761954,0.1270316436146793
2017-03-16,0.002611878583656136,0.1696925390792813
2017-03-17,0.0018361140860585477,0.11816221423096868
2017-03-20,0.007833074349343341,0.12441451678832105
2017-03-21,0.004542604538352881,0.055303137991225236
2017-03-22,-0.003143885572801305,0.06260082497986645
2017-03-23,-0.00039009515341574774,0.06695542594818653
2017-03-24,0.001078111227722695,0.06677597290392036
2017-03-27,0.0028409894030054055,0.05700604944082816
2017-03-28,2.0684962913041627e-05,0.060711153910175286
2017-03-29,0.0009142758708847937,0.06408009976221708
2017-03-30,-0.0013532269299583054,0.0943315258945809
2017-03-31,0.002662416874739893,0.09447491735757296
2017-04-03,0.00020073689323550528,0.09211060623955099
2017-04-04,0.0020506789720206612,0.09992207042853413
2017-04-05,-0.000799820110238484,0.08152722831274518
2017-04-06,-9.836253126219402e-05,0.11419510297067358
2017-04-07,0.0008889754624332585,0.1163569658539521
2017-04-10,-0.001552619372211948,0.09620888346154313
2017-04-11,-0.0015043722433177688,0.12188392824799694
2017-04-12,-0.0009174445712332805,0.12782964999928334
2017-04-13,-0.0020412736436748362,0.14197592659876232
2017-04-17,-0.000996864854627071,0.14195834433789623
2017-04-18,-0.0011757692852322115,0.1426014706077329
2017-04-19,-0.000426223429083799,0.1636533614622734
2017-04-20,0.004003616607432455,0.17972361418692198
2017-04-21,-0.0041960048768110115,0.1961458103167087
2017-04-24,-0.004244573992288901,0.18282196950188967
2017-04-25,-0.0024500506298898365,0.16389355826434446
2017-04-26,-0.00967719896849285,0.0
2017-04-27,-0.0001544576657032304,0.3040885293532348
2017-04-28,-0.007760435366404755,0.0
2017-05-01,-0.0,0.0
2017-05-02,0.0,0.0
2017-05-03,0.0,0.0
2017-05-04,-0.0,0.0
2017-05-05,0.0,0.0
2017-05-08,-0.00012891438329752406,0.25380019211700044
2017-05-09,-0.00650766041048508,0.0
2017-05-10,-0.00012081176048524042,0.2378481534553171
2017-05-11,0.004676851272415064,0.12765983598806901
2017-05-12,0.003236975023488521,0.10700230914434308
2017-05-15,-0.0015502596754971261,0.1140719136890778
2017-05-16,0.00366189411755697,0.11249435288199658
2017-05-17,-0.0014627273057182125,0.10753526442061062
2017-05-18,-9.273981840260123e-05,0.10552858443603363
2017-05-19,0.0053173131156298015,0.11118382439266317
2017-05-22,0.0010233260707065207,0.0
2017-05-23,-0.0,0.0
2017-05-24,-4.286587624610416e-05,0.08439219385951756
2017-05-25,0.0023990847620771207,0.09457498132812742
2017-05-26,0.001120735136923057,0.0
2017-05-30,-0.0,0.0
2017-05-31,0.0,0.0
2017-06-01,-0.0,0.0
2017-06-02,-0.0,0.0
2017-06-05,-0.0,0.0
2017-06-06,-5.969923600535189e-05,0.11753287088553653
2017-06-07,-1.376507725648431e-06,0.11112340445552185
2017-06-08,0.0011688066700189354,0.11778607178008081
2017-06-09,0.0014197743563710444,0.1319616116634138
2017-06-12,-0.005545497368789415,0.0
2017-06-13,0.0,0.0
2017-06-14,-0.0,0.0
2017-06-15,0.0,0.0
2017-06-16,0.0,0.0
2017-06-19,-5.8979751653193374e-05,0.11611638606722445
2017-06-20,-1.7208468061557783e-05,0.12629288410437767
2017-06-21,-0.0007584630351867338,0.12911186335832625
2017-06-22,0.0043447179162029075,0.14132140882495683
2017-06-23,-0.002414949960311715,0.1083009683828339
2017-06-26,-0.0008214343760494313,0.1365439775986506
2017-06-27,0.001669434023468267,0.1381472815297018
2017-06-28,0.003639112702895233,0.1373127551883408
2017-06-29,0.00040972715024899605,0.0
2017-06-30,0.0,0.0
2017-07-03,0.0,0.0
2017-07-05,0.0,0.0
2017-07-06,0.0,0.0
2017-07-07,-0.0,0.0
2017-07-10,-0.0,0.0
2017-07-11,0.0,0.0
2017-07-12,-0.0,0.0
2017-07-13,-0.0,0.0
2017-07-14,0.0,0.0
2017-07-17,0.0,0.0
2017-07-18,0.0,0.0
2017-07-19,0.0,0.0
2017-07-20,-0.0,0.0
2017-07-21,-0.0,0.0
2017-07-24,-0.0,0.0
2017-07-25,0.0,0.0
2017-07-26,0.0,0.0
2017-07-27,0.0,0.0
2017-07-28,0.0,0.0
2017-07-31,0.0,0.0
2017-08-01,-0.0,0.0
2017-08-02,-0.0,0.0
2017-08-03,-0.0,0.0
2017-08-04,-0.0,0.0
2017-08-07,-0.0,0.0
2017-08-08,-0.0,0.0
2017-08-09,-0.0,0.0
2017-08-10,0.0,0.0
2017-08-11,0.0,0.0
2017-08-14,-0.0,0.0
2017-08-15,0.0,0.0
2017-08-16,-0.0,0.0
2017-08-17,0.0,0.0
2017-08-18,0.0,0.0
2017-08-21,-0.0,0.0
2017-08-22,0.0,0.0
2017-08-23,0.0,0.0
2017-08-24,0.0,0.0
2017-08-25,-0.0,0.0
2017-08-28,0.0,0.0
2017-08-29,0.0,0.0
2017-08-30,0.0,0.0
2017-08-31,0.0,0.0
2017-09-01,-0.0,0.0
2017-09-05,-0.0,0.0
2017-09-06,-0.0,0.0
2017-09-07,0.0,0.0
2017-09-08,0.0,0.0
2017-09-11,-0.0,0.0
2017-09-12,0.0,0.0
2017-09-13,-0.0,0.0
2017-09-14,-0.0,0.0
2017-09-15,0.0,0.0
2017-09-18,-0.0,0.0
2017-09-19,-0.0,0.0
2017-09-20,-0.0,0.0
2017-09-21,-0.0,0.0
2017-09-22,0.0,0.0
2017-09-25,0.0,0.0
2017-09-26,-0.0,0.0
2017-09-27,-0.0,0.0
2017-09-28,-0.0,0.0
2017-09-29,-0.0,0.0
2017-10-02,-0.0,0.0
2017-10-03,0.0,0.0
2017-10-04,0.0,0.0
2017-10-05,0.0,0.0
2017-10-06,-0.0,0.0
2017-10-09,-0.0,0.0
2017-10-10,-0.0,0.0
2017-10-11,0.0,0.0
2017-10-12,-0.0,0.0
2017-10-13,0.0,0.0
2017-10-16,-0.0,0.0
2017-10-17,0.0,0.0
2017-10-18,0.0,0.0
2017-10-19,0.0,0.0
2017-10-20,0.0,0.0
2017-10-23,-0.0,0.0
2017-10-24,0.0,0.0
2017-10-25,0.0,0.0
2017-10-26,0.0,0.0
2017-10-27,-0.0,0.0
2017-10-30,-0.0,0.0
2017-10-31,0.0,0.0
2017-11-01,-0.0,0.0
2017-11-02,0.0,0.0
2017-11-03,0.0,0.0
2017-11-06,0.0,0.0
2017-11-07,-0.0,0.0
2017-11-08,0.0,0.0
2017-11-09,-0.0,0.0
2017-11-10,0.0,0.0
2017-11-13,-0.0,0.0
2017-11-14,-0.0,0.0
2017-11-15,-0.0,0.0
2017-11-16,-3.993567721793633e-05,0.07862336452281214
2017-11-17,0.0002953622216776146,0.09465437332810624
2017-11-20,0.0010440665606457164,0.10671190269869275
2017-11-21,0.0006795983262763525,0.11253321507220378
2017-11-22,-0.007531023100728844,0.0
2017-11-24,-5.413114080004163e-05,0.10657068345008196
2017-11-27,0.004192168272744284,0.10978471146260435
2017-11-28,-0.0017513024278545456,0.11297610064698341
2017-11-29,-0.004873679478957094,0.0
2017-11-30,-4.879227371384502e-05,0.09605978887413238
2017-12-01,0.00042141770884979656,0.122038495927614
2017-12-04,-0.00717923209941827,0.0
2017-12-05,0.0,0.0
2017-12-06,-0.0,0.0
2017-12-07,0.0,0.0
2017-12-08,0.0,0.0
2017-12-11,-4.8510025454009134e-05,0.09550411261258049
2017-12-12,-0.0010301671985507744,0.09558655555452407
2017-12-13,-0.006768360534727697,0.0
2017-12-14,-0.00011705567409443776,0.23045335837342434
2017-12-15,-0.010281135338617478,0.0
2017-12-18,-0.0001544576657032304,0.3040885293532348
2017-12-19,0.009935878908487796,0.20854242543930485
2017-12-20,0.0060709465880862835,0.14358568689161594
2017-12-21,0.0012695908637570964,0.07605806685649334
2017-12-22,0.002487267209862475,0.08423059630925071
2017-12-26,0.0007071699795042299,0.06943014035048313
2017-12-27,0.001959375380971723,0.0734959002927479
2017-12-28,3.5227756216284125e-05,0.07238735298362256
2017-12-29,-0.00033070797911160187,0.07822454541538619
2018-01-02,-1.3136457572461449e-06,0.16551936541301426
2018-01-03,0.0010159365760499532,0.29786762525357563
2018-01-04,-0.004646213785567903,0.3221559815923074
2018-01-05,-0.004966260329319193,0.3221559815923074
2018-01-08,-0.005785441962843981,0.0
2018-01-09,0.0,0.0
2018-01-10,-0.0,0.0
2018-01-11,-0.0,0.0
2018-01-12,-0.0,0.0
2018-01-16,-0.00016363478430085455,0.3221559815923074
2018-01-17,0.00732649633224932,0.3221559815923074
2018-01-18,0.011305255256426484,0.3221559815923074
2018-01-19,-0.0004286389839903651,0.3221559815923074
2018-01-22,0.005835423196830723,0.3221559815923074
2018-01-23,0.004170443479357223,0.3221559815923074
2018-01-24,-0.011704533172045657,0.3221559815923074
2018-01-25,0.0036787527460512043,0.3221559815923074
2018-01-26,0.005158679092199218,0.3221559815923074
2018-01-29,0.0011837077566756423,0.3221559815923074
2018-01-30,-0.009354288588731718,0.3221559815923074
2018-01-31,0.0013577794297549917,0.3221559815923074
2018-02-01,-0.020304250209192784,0.3221559815923074
2018-02-02,-0.015584687628527917,0.0
2018-02-05,0.0,0.0
2018-02-06,-0.0,0.0
2018-02-07,-0.0,0.0
2018-02-08,0.0,0.0
2018-02-09,-0.00016363478430085455,0.3221559815923074
2018-02-12,-0.01790684954009704,0.0
2018-02-13,0.0,0.0
2018-02-14,0.0,0.0
2018-02-15,-0.0,0.0
2018-02-16,0.0,0.0
2018-02-20,-0.00016363478430085455,0.3221559815923074
2018-02-21,0.009826700759208913,0.3221559815923074
2018-02-22,-0.011783509104932205,0.3221559815923074
2018-02-23,0.013651042110244668,0.3221559815923074
2018-02-26,0.008045545641159337,0.3221559815923074
2018-02-27,-0.001561379952127742,0.3221559815923074
2018-02-28,-0.012975184184527661,0.3221559815923074
2018-03-01,0.09030402946905894,0.3221559815923074
2018-03-02,-0.00443486936411691,0.2692677957102244
2018-03-05,-0.002589234306502678,0.28925803235749104
2018-03-06,0.00021987901518291138,0.3067441425003226
2018-03-07,0.008299031578240737,0.30951583635024627
2018-03-08,-0.0076768438945682745,0.305641088851168
2018-03-09,-0.010071937932991583,0.31923759216075015
2018-03-12,0.0017338048898407922,0.318092726882677
2018-03-13,0.011338963806667178,0.3221559815923074
2018-03-14,0.020060940166753003,0.3221559815923074
2018-03-15,-0.002713935232482437,0.21995364039800944
2018-03-16,-0.003908302258965974,0.2178044110212746
2018-03-19,-0.004854465980024563,0.2119484641845086
2018-03-20,0.0050011548821476135,0.21135765409689689
2018-03-21,0.003476251669801738,0.20395777612399213
2018-03-22,0.007381154096573135,0.14624812376999913
2018-03-23,-0.004481729177037535,0.0804462893285014
2018-03-26,-0.0016688136232964387,0.14662682218395523
2018-03-27,0.003934930783085233,0.14678906134364508
2018-03-28,0.005565925148902471,0.0
2018-03-29,-3.941779157112502e-05,0.07760377715565238
2018-04-02,-0.0008241664751935087,0.11717647453864365
2018-04-03,-0.00042691505098537487,0.11724310574000042
2018-04-04,-0.00020014898065504234,0.11832711654152986
2018-04-05,-0.0002913672140731819,0.11800810414920865
2018-04-06,0.0028646490564955174,0.12385671527173964
2018-04-09,4.228592727566009e-05,0.09128051132515344
2018-04-10,0.002089228093370148,0.0
2018-04-11,-0.0,0.0
2018-04-12,-4.9457261760692865e-05,0.09736898409136407
2018-04-13,0.0010501188231720514,0.10209231731992939
2018-04-16,0.00019315341517670264,0.10090849827011338
2018-04-17,-0.0023022259670542884,0.10489223307549064
2018-04-18,-0.003821862550206421,0.13903776049820307
2018-04-19,0.00482181942678487,0.23959278632850411
2018-04-20,0.0074548742863285835,0.12521417967851248
2018-04-23,0.004817884218089341,0.0
2018-04-24,-0.0,0.0
2018-04-25,-0.0,0.0
2018-04-26,0.0,0.0
2018-04-27,0.0,0.0
2018-04-30,-0.0,0.0
2018-05-01,-0.0,0.0
2018-05-02,-4.329366236248463e-05,0.08523439777614161
2018-05-03,-0.0017228501477031765,0.0778907461119625
2018-05-04,0.0001141979115640817,0.07474062074510437
2018-05-07,-6.177626669016904e-05,0.0785661118860006
2018-05-08,0.002550988422153497,0.07850212758333477
2018-05-09,0.0012437947895916359,0.0
2018-05-10,0.0,0.0
2018-05-11,0.0,0.0
2018-05-14,0.0,0.0
2018-05-15,-0.0,0.0
2018-05-16,0.0,0.0
2018-05-17,-0.0,0.0
2018-05-18,-0.0,0.0
2018-05-21,-0.0,0.0
2018-05-22,0.0,0.0
2018-05-23,0.0,0.0
2018-05-24,0.0,0.0
2018-05-25,0.0,0.0
2018-05-29,-0.0,0.0
2018-05-30,0.0,0.0
2018-05-31,-0.0,0.0
2018-06-01,0.0,0.0
2018-06-04,0.0,0.0
2018-06-05,-0.0,0.0
2018-06-06,-0.0,0.0
2018-06-07,0.0,0.0
2018-06-08,0.0,0.0
2018-06-11,-0.0,0.0
2018-06-12,-0.0,0.0
2018-06-13,0.0,0.0
2018-06-14,-0.0,0.0
2018-06-15,-0.0,0.0
2018-06-18,0.0,0.0
2018-06-19,0.0,0.0
2018-06-20,-0.0,0.0
2018-06-21,-2.7270312840827918e-05,0.05368842840537996
2018-06-22,-0.0014919345773815084,0.05364419770756878
2018-06-25,-0.0009303380484818595,0.0
2018-06-26,-0.0,0.0
2018-06-27,0.0,0.0
2018-06-28,-0.0,0.0
2018-06-29,0.0,0.0
2018-07-02,-3.070101685985985e-05,0.060442626942849076
2018-07-03,0.0007348344222757285,0.2106745623534113
2018-07-05,0.018080510247882067,0.2249974519659987
2018-07-06,-0.018019203024240052,0.13122167083003405
2018-07-09,0.009765701366764705,0.18707102705779594
2018-07-10,0.0042281466652947216,0.11633325619982597
2018-07-11,-0.004545228348698562,0.08315545783507865
2018-07-12,0.002873216694665301,0.16587023534618592
2018-07-13,0.003995649807214429,0.08459954289198689
2018-07-16,-0.005095822441652958,0.04979137298789488
2018-07-17,0.0023618778907580173,0.17982040528123241
2018-07-18,0.0011274588163128724,0.08911896759919515
2018-07-19,-0.0037177413974888393,0.0894329819465048
2018-07-20,-0.0004669243171220903,0.1345240668395203
2018-07-23,0.026545186643707766,0.1350530321552016
2018-07-24,-0.0024823610903649566,0.0
2018-07-25,-1.5645280303936854e-05,0.030801645598375678
2018-07-26,0.002011966567183285,0.0
2018-07-27,0.0,0.0
2018-07-30,-0.0,0.0
2018-07-31,-0.0,0.0
2018-08-01,-0.0,0.0
2018-08-02,-1.8267367869414184e-05,0.035963880492909175
2018-08-03,0.0006275445516010372,0.05263760395619317
2018-08-06,-0.0010094383544963208,0.04237087110955398
2018-08-07,0.003019065458106078,0.061049776276986996
2018-08-08,-0.002853380276723324,0.04345670696814459
2018-08-09,-0.001075280206030347,0.04249976320463935
2018-08-10,0.0014774132933702468,0.05769893894690213
2018-08-13,-0.0009100975817933711,0.0
2018-08-14,0.0,0.0
2018-08-15,0.0,0.0
2018-08-16,-0.0,0.0
2018-08-17,-0.0,0.0
2018-08-20,-2.9434952856216188e-05,0.057950063435675624
2018-08-21,-0.0020681978021577924,0.05192974938826771
2018-08-22,0.003991748290800753,0.06816530522669656
2018-08-23,-0.00041538200293267694,0.04701204517698537
2018-08-24,1.8832486895842663e-05,0.050604195203947946
2018-08-27,0.000917077355583403,0.05292928432601363
2018-08-28,-3.9816882616518615e-05,0.05088652600965569
2018-08-29,0.0005534283187653236,0.05710006287103705
2018-08-30,0.0011511571169754598,0.058491944011573656
2018-08-31,0.0010279114057547881,0.0
2018-09-04,-0.0,0.0
2018-09-05,-2.3529573979573548e-05,0.046323848772285424
2018-09-06,0.00048531301654032176,0.05204613956024792
2018-09-07,0.0017977043626490063,0.05487706146346342
2018-09-10,-0.0003013421591443264,0.0
2018-09-11,0.0,0.0
2018-09-12,-0.0,0.0
2018-09-13,0.0,0.0
2018-09-14,-0.0,0.0
2018-09-17,0.0,0.0
2018-09-18,0.0,0.0
2018-09-19,-0.0,0.0
2018-09-20,-0.0,0.0
2018-09-21,0.0,0.0
2018-09-24,-3.4348110632177536e-05,0.06762284280709953
2018-09-25,0.0015896689260713238,0.06330169782596443
2018-09-26,0.0012932534065349308,0.06423595893199952
2018-09-27,0.0015635296618484314,0.055513211822396845
2018-09-28,-0.0006454519746421205,0.0
2018-10-01,-0.0,0.0
2018-10-02,0.0,0.0
2018-10-03,-0.0,0.0
2018-10-04,0.0,0.0
2018-10-05,-0.0,0.0
2018-10-08,0.0,0.0
2018-10-09,-0.0,0.0
2018-10-10,-0.0,0.0
2018-10-11,-0.0,0.0
2018-10-12,-3.7290345820733185e-05,0.07341536833456845
2018-10-15,-0.0013269371445652758,0.08229637283689467
2018-10-16,0.004685168573667453,0.08212406424048402
2018-10-17,0.0005718705751866909,0.0682635775631414
2018-10-18,0.00039479435765466794,0.0727857955301154
2018-10-19,0.0010957111551767908,0.0
2018-10-22,-0.0,0.0
2018-10-23,-0.0,0.0
2018-10-24,-0.0,0.0
2018-10-25,-4.25465099283678e-05,0.08376344142147411
2018-10-26,0.0007334098829608566,0.08227438154335046
2018-10-29,0.002792643950800101,0.08278856435534761
2018-10-30,-7.64110619863428e-05,0.08421831600078357
2018-10-31,-0.0008360703668584442,0.08444292729468184
2018-11-01,-0.0034896120746691138,0.08757021025472381
2018-11-02,-0.00038865289507846384,0.08454143783585784
2018-11-05,-0.0004768259444373818,0.08958427368207024
2018-11-06,0.004695049309768954,0.09204014109893412
2018-11-07,-0.0004733796985789026,0.091684533123153
2018-11-08,-0.00029099808189828735,0.09330781893857254
2018-11-09,-0.0005865281068757848,0.10737124742759611
2018-11-12,0.0030318406094778953,0.11027502040985894
2018-11-13,0.0021140540274548034,0.11024214701679343
2018-11-14,0.0027809105467689783,0.0
2018-11-15,-0.0,0.0
2018-11-16,-5.479362013299457e-05,0.10787493963683306
2018-11-19,0.0002377803852965322,0.0
2018-11-20,-0.0,0.0
2018-11-21,-5.013444094598899e-05,0.09870218061241583
2018-11-23,-0.002857905892559083,0.2251833912507568
2018-11-26,0.006507433607839251,0.3221559815923074
2018-11-27,-0.013040650759309288,0.21446638953526392
2018-11-28,-0.0005678084033287039,0.3221559815923074
2018-11-29,0.010325312496668244,0.3221559815923074
2018-11-30,0.0035068689587885457,0.2874297603725225
2018-12-03,-0.031452254721561934,0.11982146749381183
2018-12-04,0.0016154930710472865,0.3221559815923074
2018-12-06,0.018307422947921592,0.3221559815923074
2018-12-07,0.015361652664348876,0.24631519594828802
2018-12-10,-0.013689068198376187,0.06690454620931037
2018-12-11,-0.0002180186635049345,0.2998624154652174
2018-12-12,0.000192358736888032,0.3016144622545296
2018-12-13,0.010804521067105069,0.31419927794265434
2018-12-14,-0.006032371662340978,0.0849277756459648
2018-12-17,0.0021282815065107505,0.22017154045140408
2018-12-18,0.013748275616772124,0.08791601701051883
2018-12-19,0.004456085794315645,0.057208166575593467
2018-12-20,-0.004787617357565585,0.0
2018-12-21,-2.7751738894785413e-05,0.05463623594910878
2018-12-24,0.00045944524529865715,0.06017013515994467
2018-12-26,-0.001623585588866235,0.06144685253237059
2018-12-27,0.00038283422225147913,0.08358765839653129
2018-12-28,-0.001603501051727305,0.08810542399492004
2018-12-31,0.0004049250188314393,0.1551741027702578
2019-01-02,-2.7326901606692403e-06,0.3443189602443243
2019-01-03,0.01596413180581883,0.3443189602443243
2019-01-04,-0.01220609303967534,0.3443189602443243
2019-01-07,-0.014394604018898903,0.0
2019-01-08,0.0,0.0
2019-01-09,-0.0,0.0
2019-01-10,0.0,0.0
2019-01-11,-0.0,0.0
2019-01-14,-0.0,0.0
2019-01-15,0.0,0.0
2019-01-16,0.0,0.0
2019-01-17,0.0,0.0
2019-01-18,-0.0,0.0
2019-01-22,-0.00017489217028283138,0.3443189602443243
2019-01-23,-0.015928751535092038,0.3443189602443243
2019-01-24,-0.012028936835282774,0.3443189602443243
2019-01-25,-0.010291817907679303,0.3443189602443243
2019-01-28,-0.015882327905552107,0.0
2019-01-29,0.0,0.0
2019-01-30,-0.0,0.0
2019-01-31,-0.00017489217028283138,0.3443189602443243
2019-02-01,0.028248243872557817,0.0
2019-02-04,0.0,0.0
2019-02-05,-0.00017489217028283138,0.3443189602443243
2019-02-06,0.021165811759527718,0.3443189602443243
2019-02-07,0.007386532652867396,0.3443189602443243
2019-02-08,0.016427037826871212,0.3443189602443243
2019-02-11,-0.0183240057819557,0.3443189602443243
2019-02-12,-0.006905559470094204,0.3443189602443243
2019-02-13,0.018973002063158786,0.3443189602443243
2019-02-14,0.031313311879095085,0.3280006208426102
2019-02-15,0.033151154568809814,0.15551905752539458
2019-02-19,-0.013389522720045491,0.05123258246061478
2019-02-20,0.0017948138408551463,0.07753980299667593
2019-02-21,0.003903722814352116,0.052601792206474055
2019-02-22,-0.0018120201831159921,0.04901747469322008
2019-02-25,-0.0030874559550818905,0.05267487319504391
2019-02-26,0.005537971293196637,0.13384673347439177
2019-02-27,0.0020287095562367577,0.04173140019613794
2019-02-28,-0.001134479924739135,0.0
2019-03-01,-0.00013646162320051446,0.2686588206760128
2019-03-04,-0.0015507991171267244,0.0
2019-03-05,0.0,0.0
2019-03-06,0.0,0.0
2019-03-07,-0.0,0.0
2019-03-08,0.0,0.0
2019-03-11,-0.0,0.0
2019-03-12,-0.0,0.0
2019-03-13,-0.0,0.0
2019-03-14,-0.0,0.0
2019-03-15,0.0,0.0
2019-03-18,0.0,0.0
2019-03-19,0.0,0.0
2019-03-20,0.0,0.0
2019-03-21,-0.0,0.0
2019-03-22,0.0,0.0
2019-03-25,0.0,0.0
2019-03-26,-0.0,0.0
2019-03-27,-0.0,0.0
2019-03-28,-0.0,0.0
2019-03-29,-0.0,0.0
2019-04-01,-0.0,0.0
2019-04-02,-3.2832046235572696e-05,0.06463809102628375
2019-04-03,0.0021774561331559805,0.0630711715702416
2019-04-04,0.00036830703923531986,0.0
2019-04-05,0.0,0.0
2019-04-08,-0.0,0.0
2019-04-09,-2.9180099854162938e-05,0.05744832158788329
2019-04-10,0.005231234382914479,0.0
2019-04-11,-0.0,0.0
2019-04-12,-0.0,0.0
2019-04-15,-0.0,0.0
2019-04-16,0.0,0.0
2019-04-17,0.0,0.0
2019-04-18,0.0,0.0
2019-04-22,0.0,0.0
2019-04-23,-0.0,0.0
2019-04-24,0.0,0.0
2019-04-25,0.0,0.0
2019-04-26,0.0,0.0
2019-04-29,-0.0,0.0
2019-04-30,0.0,0.0
2019-05-01,-0.0,0.0
2019-05-02,0.0,0.0
2019-05-03,-0.0,0.0
2019-05-06,-0.0,0.0
2019-05-07,-0.0,0.0
2019-05-08,0.0,0.0
2019-05-09,0.0,0.0
2019-05-10,0.0,0.0
2019-05-13,-0.0,0.0
2019-05-14,-0.0,0.0
2019-05-15,0.0,0.0
2019-05-16,0.0,0.0
2019-05-17,-0.0,0.0
2019-05-20,-0.0,0.0
2019-05-21,0.0,0.0
2019-05-22,0.0,0.0
2019-05-23,0.0,0.0
2019-05-24,-0.0,0.0
2019-05-28,0.0,0.0
2019-05-29,-0.0,0.0
2019-05-30,-0.0,0.0
2019-05-31,-0.0,0.0
2019-06-03,-0.0,0.0
2019-06-04,-0.0,0.0
2019-06-05,-2.6138753430015987e-05,0.05146067081534397
2019-06-06,-0.0008645649433686997,0.05081578469586203
2019-06-07,-3.028913123702186e-05,0.05365498424986482
2019-06-10,0.0005241520907650515,0.0
2019-06-11,0.0,0.0
2019-06-12,-0.0,0.0
2019-06-13,0.0,0.0
2019-06-14,0.0,0.0
2019-06-17,-0.0,0.0
2019-06-18,-3.1355594551286046e-05,0.0617313267728444
2019-06-19,0.0015296396347688527,0.17966175788786481
2019-06-20,-0.005891797216880407,0.0674852254020177
2019-06-21,0.005050831687366545,0.171422407540901
2019-06-24,-0.004898771592376825,0.04932221947841775
2019-06-25,0.002090162011883506,0.053483121704705934
2019-06-26,0.004367887071707166,0.0
2019-06-27,-0.0,0.0
2019-06-28,0.0,0.0
2019-07-01,-0.0,0.0
2019-07-02,0.0,0.0
2019-07-03,0.0,0.0
2019-07-05,0.0,0.0
2019-07-08,-0.0,0.0
2019-07-09,0.0,0.0
2019-07-10,0.0,0.0
2019-07-11,-0.0,0.0
2019-07-12,-0.0,0.0
2019-07-15,-0.0,0.0
2019-07-16,0.0,0.0
2019-07-17,0.0,0.0
2019-07-18,-0.0,0.0
2019-07-19,0.0,0.0
2019-07-22,-0.0,0.0
2019-07-23,0.0,0.0
2019-07-24,0.0,0.0
2019-07-25,0.0,0.0
2019-07-26,-0.0,0.0
2019-07-29,-0.0,0.0
2019-07-30,0.0,0.0
2019-07-31,-0.0,0.0
2019-08-01,-0.0,0.0
2019-08-02,-2.8810970948105368e-05,0.056721599054082444
2019-08-05,-0.004011007804716726,0.0830393010962033
2019-08-06,2.2715022720484624e-05,0.3172879673865521
2019-08-07,-0.004736989226974815,0.3382301965412087
2019-08-08,-0.00640368128214875,0.3443189602443243
2019-08-09,-0.011831538995523591,0.0
2019-08-12,-0.0,0.0
2019-08-13,0.0,0.0
2019-08-14,-0.0,0.0
2019-08-15,-0.0,0.0
2019-08-16,0.0,0.0
2019-08-19,-0.00017489217028283138,0.3443189602443243
2019-08-20,0.01090032264156605,0.0
2019-08-21,-0.00017489217028283138,0.3443189602443243
2019-08-22,-0.011318127765594271,0.32433578315319206
2019-08-23,0.0021960288986409096,0.3443189602443243
2019-08-26,-0.009836838407448065,0.3443189602443243
2019-08-27,-0.0004873797970695181,0.3443189602443243
2019-08-28,0.01051432251390348,0.3443189602443243
2019-08-29,-0.013218712515837337,0.3410074014942926
2019-08-30,-0.017377256775520086,0.0
2019-09-03,-0.00013665760198136177,0.26904465390080595
2019-09-04,0.007934452591173586,0.33348667980824426
2019-09-05,0.008839267953360617,0.32443090530052715
2019-09-06,0.01449769975242766,0.3059008123571614
2019-09-09,-0.012385393964701627,0.25617739535556106
2019-09-10,0.010750082744984641,0.27783876045199685
2019-09-11,0.011756154030512634,0.23457848767260134
2019-09-12,-0.0009997388573816494,0.2262245588371146
2019-09-13,0.002037128881781391,0.2300040514747165
2019-09-16,0.0061428090888166935,0.24157082954502568
2019-09-17,0.0011667869250267262,0.17146491978647008
2019-09-18,0.005727857402913567,0.18178385806416206
2019-09-19,0.0192361420055687,0.1319233133541084
2019-09-20,-0.007309457352063348,0.04470671380667674
2019-09-23,-0.000728277822544994,0.04717266989547173
2019-09-24,0.00033571174356961954,0.06865170295712815
2019-09-25,-0.0009392323816235985,0.04824999570723808
2019-09-26,0.003482509992093108,0.06988517128283739
2019-09-27,0.00015352947666085216,0.04261782955269768
2019-09-30,9.393806967793349e-05,0.041947151322928894
2019-10-01,-0.0014445878538209649,0.0
2019-10-02,-0.0,0.0
2019-10-03,0.0,0.0
2019-10-04,0.0,0.0
2019-10-07,0.0,0.0
2019-10-08,0.0,0.0
2019-10-09,0.0,0.0
2019-10-10,0.0,0.0
2019-10-11,-0.0,0.0
2019-10-14,-0.0,0.0
2019-10-15,0.0,0.0
2019-10-16,0.0,0.0
2019-10-17,-0.0,0.0
2019-10-18,0.0,0.0
2019-10-21,-0.0,0.0
2019-10-22,-0.0,0.0
2019-10-23,-0.0,0.0
2019-10-24,0.0,0.0
2019-10-25,-0.0,0.0
2019-10-28,0.0,0.0
2019-10-29,0.0,0.0
2019-10-30,-0.0,0.0
2019-10-31,-0.0,0.0
2019-11-01,-0.0,0.0
2019-11-04,-0.0,0.0
2019-11-05,-0.0,0.0
2019-11-06,-0.0,0.0
2019-11-07,-3.748420717326308e-05,0.0737970328723617
2019-11-08,-0.0007009461448593135,0.07379629096783495
2019-11-11,-0.0014083311110820347,0.07405266422075311
2019-11-12,-0.0002113185374519305,0.10696004804195411
2019-11-13,0.003095495167317963,0.11639436658750306
2019-11-14,-0.0010563198926982738,0.07627675139368176
2019-11-15,3.746719760782018e-05,0.08017920950131202
2019-11-18,-0.001553312723610266,0.08160989854021118
2019-11-19,0.0033737954026841674,0.07885847613643136
2019-11-20,0.000274701156168016,0.07414129571441169
2019-11-21,0.0027466059224076867,0.07665186504338772
2019-11-22,-0.0011890953330427135,0.0
2019-11-25,-3.536207865772287e-05,0.0696190923573919
2019-11-26,0.0028484022806272327,0.0751363080182704
2019-11-27,-0.002885532572869528,0.0
2019-11-29,-0.0,0.0
2019-12-02,-0.0,0.0
2019-12-03,-4.048222274229221e-05,0.0796993760238878
2019-12-04,-0.002931251977052203,0.10991092207234282
2019-12-05,0.0043333629018826435,0.18775121842593293
2019-12-06,0.0028213739582093255,0.10795285423278608
2019-12-09,0.0019010372493062958,0.0
2019-12-10,0.0,0.0
2019-12-11,-0.0,0.0
2019-12-12,-0.0,0.0
2019-12-13,0.0,0.0
2019-12-16,-3.695431308529534e-05,0.0727538038866752
2019-12-17,0.00154801053582514,0.0719897129140122
2019-12-18,-0.0010917468369383123,0.07206428065203804
2019-12-19,0.0023338430689729866,0.0761830039035531
2019-12-20,0.00329951684387434,0.06753745427656636
2019-12-23,-0.00046228644370865604,0.0
2019-12-24,-3.264546109064543e-05,0.0642707515222082
2019-12-26,0.0017034265446425967,0.0
2019-12-27,-0.0,0.0
2019-12-30,-0.0,0.0
2019-12-31,-3.524345346376682e-05,0.06938554900679093
2020-01-02,-2.011104365784524e-06,0.25339915008885006
2020-01-03,-0.001711300023303777,0.27231220528769234
2020-01-06,-0.00836724609690054,0.0
2020-01-07,-0.0,0.0
2020-01-08,-0.0,0.0
2020-01-09,0.0,0.0
2020-01-10,0.0,0.0
2020-01-13,0.0,0.0
2020-01-14,-0.0,0.0
2020-01-15,-0.0,0.0
2020-01-16,-0.0,0.0
2020-01-17,-0.0,0.0
2020-01-21,-0.0,0.0
2020-01-22,-0.0,0.0
2020-01-23,0.0,0.0
2020-01-24,-0.0,0.0
2020-01-27,-0.00018876800996019726,0.37163701960913836
2020-01-28,0.018693646279944277,0.37163701960913836
2020-01-29,0.020036733218761257,0.37163701960913836
2020-01-30,-0.02002432692580945,0.37163701960913836
2020-01-31,0.006204028228352707,0.37163701960913836
2020-02-03,0.010325597051581434,0.37163701960913836
2020-02-04,-0.007430210548261941,0.37163701960913836
2020-02-05,0.025647617232778266,0.37163701960913836
2020-02-06,0.011268874525853316,0.37163701960913836
2020-02-07,0.02888142504439268,0.37163701960913836
2020-02-10,0.0066974007612915385,0.24910761597493616
2020-02-11,-0.006790458561368864,0.25309966823411356
2020-02-12,0.02468483582610073,0.2555946647769393
2020-02-13,-0.003913913405335652,0.09478085714533854
2020-02-14,-0.002033049817760526,0.09753944507101289
2020-02-18,0.0036167816915283384,0.1723090664274015
2020-02-19,0.007301896067304138,0.07444313149524422
2020-02-20,-0.002301243289655818,0.06327858156676741
2020-02-21,-0.001268923945333726,0.07239984632363285
2020-02-24,-0.001199332489073516,0.09716061948368669
2020-02-25,-0.008206380207485018,0.0
2020-02-26,-0.00016266891078404173,0.32025441810608213
2020-02-27,0.0054644250161881925,0.36600668469866465
2020-02-28,0.0470932824244722,0.36016100878872137
2020-03-02,0.06148867018618479,0.3629207128242854
2020-03-03,-0.014305074837520634,0.24149980482338057
2020-03-04,0.01677706155827943,0.2616017573246635
2020-03-05,-0.011466397865846256,0.15442158690579716
2020-03-06,-0.005300065067890032,0.22978080954543673
2020-03-09,-0.00031168813934761576,0.2504210184906396
2020-03-10,-0.022480241646858024,0.0
2020-03-11,-0.00014353885043121738,0.2825921117864592
2020-03-12,-0.09730099215085042,0.0
2020-03-13,-0.0,0.0
2020-03-16,-0.0,0.0
2020-03-17,0.0,0.0
2020-03-18,0.0,0.0
2020-03-19,-8.197859297670938e-05,0.16139535492289658
2020-03-20,0.0006862261820168457,0.0
2020-03-23,-0.0,0.0
2020-03-24,0.0,0.0
2020-03-25,0.0,0.0
2020-03-26,-6.52083505656675e-05,0.1283789401761579
2020-03-27,0.024324879001566827,0.12321596313151739
2020-03-30,0.01165630633281446,0.11260028155507967
2020-03-31,-0.008671264792962157,0.10169018023131843
2020-04-01,-0.016463801194810675,0.0
2020-04-02,-6.15525177536072e-05,0.12118151932741418
2020-04-03,-0.014858046854169707,0.0
2020-04-06,0.0,0.0
2020-04-07,0.0,0.0
2020-04-08,-0.0,0.0
2020-04-09,0.0,0.0
2020-04-13,0.0,0.0
2020-04-14,0.0,0.0
2020-04-15,-0.0,0.0
2020-04-16,0.0,0.0
2020-04-17,0.0,0.0
2020-04-20,0.0,0.0
2020-04-21,-0.0,0.0
2020-04-22,-0.0,0.0
2020-04-23,-0.0,0.0
2020-04-24,-0.0,0.0
2020-04-27,0.0,0.0
2020-04-28,0.0,0.0
2020-04-29,-0.0,0.0
2020-04-30,-0.0,0.0
2020-05-01,0.0,0.0
2020-05-04,-4.06203708063261e-06,0.00799713550249545
2020-05-05,-0.00033685979551549393,0.0060711236108281314
2020-05-06,-0.000445872713915885,0.0
2020-05-07,-4.100819571368168e-06,0.00807348853113108
2020-05-08,0.00013308736849503163,0.006065285629989457
2020-05-11,-0.00023408726487484166,0.0
2020-05-12,-0.0,0.0
2020-05-13,-0.0,0.0
2020-05-14,0.0,0.0
2020-05-15,0.0,0.0
2020-05-18,-7.214507104807597e-06,0.014203560862589957
2020-05-19,-0.0006642670053155524,0.013672132010676692
2020-05-20,-0.0008689114099515559,0.0
2020-05-21,-3.676904228693299e-05,0.07238905200239933
2020-05-22,0.002247279092592701,0.078800115426096
2020-05-26,-0.0044393839313983255,0.0
2020-05-27,-0.0,0.0
2020-05-28,-0.0,0.0
2020-05-29,-0.0,0.0
2020-06-01,0.0,0.0
2020-06-02,0.0,0.0
2020-06-03,-0.0,0.0
2020-06-04,0.0,0.0
2020-06-05,0.0,0.0
2020-06-08,0.0,0.0
2020-06-09,0.0,0.0
2020-06-10,-0.0,0.0
2020-06-11,-0.0,0.0
2020-06-12,0.0,0.0
2020-06-15,-3.264443287306309e-05,0.06426872721884297
2020-06-16,0.003556104001172237,0.06074598781254991
2020-06-17,0.003986615523668848,0.05225362367167668
2020-06-18,0.002856257456799,0.05208304164843252
2020-06-19,-0.0017759540145526635,0.042327534771742434
2020-06-22,-0.0002442788721057889,0.0533509190983617
2020-06-23,0.0005001190960860707,0.04361051768120405
2020-06-24,-0.005190882540951663,0.0
2020-06-25,-2.6948453250350684e-05,0.05305476733662791
2020-06-26,-0.005760948239966854,0.0559545614756125
2020-06-29,0.000299376548102903,0.060842608410812675
2020-06-30,0.0057730324668839395,0.07160028127460756
2020-07-01,0.0014141439545181465,0.061820614383352214
2020-07-02,0.00436003176089907,0.06528706085257736
2020-07-06,-0.0019974790687562255,0.052319548269267345
2020-07-07,0.004526353381758411,0.06802582663466833
2020-07-08,0.00020618291253364014,0.0
2020-07-09,0.0,0.0
2020-07-10,0.0,0.0
2020-07-13,-0.0,0.0
2020-07-14,-0.0,0.0
2020-07-15,-2.861301094159475e-05,0.05633186529126467
2020-07-16,-0.0030509118999157594,0.058888213601595386
2020-07-17,-0.0011373919623173358,0.07377371452895204
2020-07-20,0.0007658557982039354,0.07623758765254593
2020-07-21,0.0059624616734824405,0.07806843025420646
2020-07-22,0.00010126848503615796,0.05698972690548532
2020-07-23,-0.0003975236196821789,0.05745540524896991
2020-07-24,0.002716735249378912,0.06516563436946125
2020-07-27,-0.003546785649276909,0.0
2020-07-28,-3.60681325488009e-05,0.07100913595545177
2020-07-29,-0.00451692435371317,0.07032125853693393
2020-07-30,0.0010615356186784136,0.09153542389270299
2020-07-31,-0.009444446372882902,0.0
2020-08-03,-5.089853417427629e-05,0.10020648915560645
2020-08-04,-0.003545534634201924,0.1005052960782227
2020-08-05,-0.0016317088409529591,0.10819678479093063
2020-08-06,0.0019368606051880545,0.10614850576551393
2020-08-07,-0.002496973671100807,0.1034308111048445
2020-08-10,0.001171574363318896,0.10291516891233886
2020-08-11,-0.0032333838083974126,0.10218977732276208
2020-08-12,0.0028621878319540564,0.11065824013228019
2020-08-13,-0.0009246987457116133,0.10760809834566158
2020-08-14,0.004888527339257559,0.11605842286651545
2020-08-17,-0.0014791110468895157,0.1119478667397466
2020-08-18,0.007001461175203751,0.11173709247396858
2020-08-19,0.00040109641148037927,0.10064599852562026
2020-08-20,0.004397027222038586,0.10032106549344329
2020-08-21,-0.0062344344532966126,0.09521513537005233
2020-08-24,0.023875969766646635,0.09386903409332253
2020-08-25,0.002214490633043739,0.0
2020-08-26,-0.0,0.0
2020-08-27,-0.0,0.0
2020-08-28,-3.381336374600829e-05,0.06657005987495382
2020-08-31,-0.006500520440149053,0.0
2020-09-01,-0.0,0.0
2020-09-02,0.0,0.0
2020-09-03,-0.0,0.0
2020-09-04,0.0,0.0
2020-09-08,-0.0,0.0
2020-09-09,-0.0,0.0
2020-09-10,-0.0,0.0
2020-09-11,-0.0,0.0
2020-09-14,0.0,0.0
2020-09-15,-0.0,0.0
2020-09-16,-0.0,0.0
2020-09-17,0.0,0.0
2020-09-18,0.0,0.0
2020-09-21,-0.0,0.0
2020-09-22,-0.0,0.0
2020-09-23,0.0,0.0
2020-09-24,0.0,0.0
2020-09-25,0.0,0.0
2020-09-28,0.0,0.0
2020-09-29,-0.0,0.0
2020-09-30,-0.0,0.0
2020-10-01,-0.0,0.0
2020-10-02,0.0,0.0
2020-10-05,0.0,0.0
2020-10-06,0.0,0.0
2020-10-07,-0.0,0.0
2020-10-08,0.0,0.0
2020-10-09,-0.0,0.0
2020-10-12,-0.0,0.0
2020-10-13,-0.0,0.0
2020-10-14,-0.0,0.0
2020-10-15,-0.0,0.0
2020-10-16,-0.0,0.0
2020-10-19,-0.0,0.0
2020-10-20,-3.734240954342781e-05,0.0735178687886235
2020-10-21,-0.0029685685946483032,0.0
2020-10-22,-3.9584964596916874e-05,0.0779328990501801
2020-10-23,0.000975497236360586,0.0
2020-10-26,0.0,0.0
2020-10-27,0.0,0.0
2020-10-28,-0.0,0.0
2020-10-29,0.0,0.0
2020-10-30,0.0,0.0
2020-11-02,-0.0,0.0
2020-11-03,0.0,0.0
2020-11-04,0.0,0.0
2020-11-05,0.0,0.0
2020-11-06,0.0,0.0
2020-11-09,0.0,0.0
2020-11-10,0.0,0.0
2020-11-11,-0.0,0.0
2020-11-12,-0.0,0.0
2020-11-13,-0.0,0.0
2020-11-16,-0.0,0.0
2020-11-17,0.0,0.0
2020-11-18,0.0,0.0
2020-11-19,0.0,0.0
2020-11-20,0.0,0.0
2020-11-23,0.0,0.0
2020-11-24,0.0,0.0
2020-11-25,0.0,0.0
2020-11-27,-0.0,0.0
2020-11-30,-0.0,0.0
2020-12-01,-0.0,0.0
2020-12-02,0.0,0.0
2020-12-03,0.0,0.0
2020-12-04,-0.0,0.0
2020-12-07,0.0,0.0
2020-12-08,0.0,0.0
2020-12-09,0.0,0.0
2020-12-10,0.0,0.0
2020-12-11,-0.0,0.0
2020-12-14,0.0,0.0
2020-12-15,-0.0,0.0
2020-12-16,0.0,0.0
2020-12-17,0.0,0.0
2020-12-18,-0.0,0.0
2020-12-21,-0.0,0.0
2020-12-22,-0.0,0.0
2020-12-23,0.0,0.0
2020-12-24,-0.0,0.0
2020-12-28,0.0,0.0
2020-12-29,0.0,0.0
2020-12-30,0.0,0.0
2020-12-31,-0.0,0.0
2021-01-04,-0.0,0.0
2021-01-05,0.0,0.0
2021-01-06,0.0,0.0
2021-01-07,0.0,0.0
2021-01-08,0.0,0.0
2021-01-11,-0.0,0.0
2021-01-12,0.0,0.0
2021-01-13,0.0,0.0
2021-01-14,-0.0,0.0
2021-01-15,0.0,0.0
2021-01-19,-0.0,0.0
2021-01-20,-0.0,0.0
2021-01-21,0.0,0.0
2021-01-22,0.0,0.0
2021-01-25,0.0,0.0
2021-01-26,0.0,0.0
2021-01-27,-0.0,0.0
2021-01-28,0.0,0.0
2021-01-29,-0.0,0.0
2021-02-01,-0.0,0.0
2021-02-02,-0.0,0.0
2021-02-03,0.0,0.0
2021-02-04,-0.0,0.0
2021-02-05,-0.0,0.0
2021-02-08,0.0,0.0
2021-02-09,-0.0,0.0
2021-02-10,-0.0,0.0
2021-02-11,0.0,0.0
2021-02-12,0.0,0.0
2021-02-16,0.0,0.0
2021-02-17,0.0,0.0
2021-02-18,0.0,0.0
2021-02-19,0.0,0.0
2021-02-22,-0.0,0.0
2021-02-23,0.0,0.0
2021-02-24,0.0,0.0
2021-02-25,-0.0,0.0
2021-02-26,0.0,0.0
2021-03-01,0.0,0.0
2021-03-02,0.0,0.0
2021-03-03,-0.0,0.0
2021-03-04,-0.0,0.0
2021-03-05,0.0,0.0
2021-03-08,0.0,0.0
2021-03-09,0.0,0.0
2021-03-10,0.0,0.0
2021-03-11,0.0,0.0
2021-03-12,0.0,0.0
2021-03-15,-0.0,0.0
2021-03-16,0.0,0.0
2021-03-17,-0.0,0.0
2021-03-18,0.0,0.0
2021-03-19,-0.0,0.0
2021-03-22,0.0,0.0
2021-03-23,0.0,0.0
2021-03-24,0.0,0.0
2021-03-25,-0.0,0.0
2021-03-26,-0.0,0.0
2021-03-29,0.0,0.0
2021-03-30,0.0,0.0
2021-03-31,0.0,0.0
2021-04-01,0.0,0.0
2021-04-05,0.0,0.0
2021-04-06,-0.0,0.0
2021-04-07,-0.0,0.0
2021-04-08,0.0,0.0
2021-04-09,0.0,0.0
2021-04-12,-0.0,0.0
2021-04-13,-0.0,0.0
2021-04-14,-0.0,0.0
2021-04-15,0.0,0.0
2021-04-16,-0.0,0.0
2021-04-19,-0.0,0.0
2021-04-20,0.0,0.0
2021-04-21,-0.0,0.0
2021-04-22,-0.0,0.0
2021-04-23,0.0,0.0
2021-04-26,-0.0,0.0
2021-04-27,0.0,0.0
2021-04-28,0.0,0.0
2021-04-29,-0.0,0.0
2021-04-30,0.0,0.0
2021-05-03,0.0,0.0
2021-05-04,0.0,0.0
2021-05-05,0.0,0.0
2021-05-06,-0.0,0.0
2021-05-07,0.0,0.0
2021-05-10,0.0,0.0
2021-05-11,0.0,0.0
2021-05-12,0.0,0.0
2021-05-13,-0.0,0.0
2021-05-14,-0.0,0.0
2021-05-17,0.0,0.0
2021-05-18,0.0,0.0
2021-05-19,-0.0,0.0
2021-05-20,-0.0,0.0
2021-05-21,-0.0,0.0
2021-05-24,-0.0,0.0
2021-05-25,-0.0,0.0
2021-05-26,0.0,0.0
2021-05-27,-0.0,0.0
2021-05-28,0.0,0.0
2021-06-01,-0.0,0.0
2021-06-02,0.0,0.0
2021-06-03,0.0,0.0
2021-06-04,-0.0,0.0
2021-06-07,-0.0,0.0
2021-06-08,0.0,0.0
2021-06-09,-0.0,0.0
2021-06-10,0.0,0.0
2021-06-11,-0.0,0.0
2021-06-14,-0.0,0.0
2021-06-15,-0.0,0.0
2021-06-16,-0.0,0.0
2021-06-17,-0.0,0.0
2021-06-18,0.0,0.0
2021-06-21,-0.00014557917445267004,0.28660899970369413
2021-06-22,0.02348477121187928,0.4428471592609467
2021-06-23,0.0274878131403018,0.0
2021-06-24,0.0,0.0
2021-06-25,-0.0,0.0
2021-06-28,-0.0,0.0
2021-06-29,-0.00010380237300415952,0.20436092185193905
2021-06-30,-0.002586487075617167,0.0
2021-07-01,-0.0,0.0
2021-07-02,-6.212714779575585e-05,0.12231282222289433
2021-07-06,-0.007888331273696715,0.0
2021-07-07,-5.387202852542687e-05,0.10606055615943415
2021-07-08,0.005869129592261511,0.0
2021-07-09,-0.0,0.0
2021-07-12,-0.0,0.0
2021-07-13,0.0,0.0
2021-07-14,0.0,0.0
2021-07-15,-0.0,0.0
2021-07-16,-0.0,0.0
2021-07-19,-0.0,0.0
2021-07-20,-0.0,0.0
2021-07-21,0.0,0.0
2021-07-22,0.0,0.0
2021-07-23,0.0,0.0
2021-07-26,0.0,0.0
2021-07-27,0.0,0.0
2021-07-28,-0.0,0.0
2021-07-29,0.0,0.0
2021-07-30,0.0,0.0
2021-08-02,-0.0,0.0
2021-08-03,0.0,0.0
2021-08-04,0.0,0.0
2021-08-05,0.0,0.0
2021-08-06,-0.0,0.0
2021-08-09,0.0,0.0
2021-08-10,-0.0,0.0
2021-08-11,0.0,0.0
2021-08-12,-0.0,0.0
2021-08-13,-0.0,0.0
2021-08-16,-0.0,0.0
2021-08-17,-0.0,0.0
2021-08-18,0.0,0.0
2021-08-19,-0.0,0.0
2021-08-20,-0.0,0.0
2021-08-23,0.0,0.0
2021-08-24,0.0,0.0
2021-08-25,0.0,0.0
2021-08-26,-0.0,0.0
2021-08-27,-0.0,0.0
2021-08-30,0.0,0.0
2021-08-31,-0.0,0.0
2021-09-01,-0.0,0.0
2021-09-02,0.0,0.0
2021-09-03,0.0,0.0
2021-09-07,-0.0,0.0
2021-09-08,-0.0,0.0
2021-09-09,-0.0,0.0
2021-09-10,0.0,0.0
2021-09-13,-0.0,0.0
2021-09-14,0.0,0.0
2021-09-15,-0.0,0.0
2021-09-16,-0.0,0.0
2021-09-17,0.0,0.0
2021-09-20,-0.0,0.0
2021-09-21,-0.0,0.0
2021-09-22,-0.0,0.0
2021-09-23,0.0,0.0
2021-09-24,0.0,0.0
2021-09-27,-0.0,0.0
2021-09-28,-0.0,0.0
2021-09-29,0.0,0.0
2021-09-30,0.0,0.0
2021-10-01,-0.0,0.0
2021-10-04,0.0,0.0
2021-10-05,0.0,0.0
2021-10-06,-0.0,0.0
2021-10-07,0.0,0.0
2021-10-08,0.0,0.0
2021-10-11,-0.0,0.0
2021-10-12,-0.0,0.0
2021-10-13,0.0,0.0
2021-10-14,0.0,0.0
2021-10-15,0.0,0.0
2021-10-18,-0.0,0.0
2021-10-19,-0.0,0.0
2021-10-20,0.0,0.0
2021-10-21,-0.0,0.0
2021-10-22,-0.0,0.0
2021-10-25,0.0,0.0
2021-10-26,-0.0,0.0
2021-10-27,-0.0,0.0
2021-10-28,-0.0,0.0
2021-10-29,-0.0,0.0
2021-11-01,-0.0,0.0
2021-11-02,0.0,0.0
2021-11-03,-0.0,0.0
2021-11-04,0.0,0.0
2021-11-05,-0.0,0.0
2021-11-08,-0.0,0.0
2021-11-09,-5.615649003544615e-05,0.11055808975728461
2021-11-10,-0.0008700602646350929,0.16740226711758513
2021-11-11,0.002086346854040976,0.17728192400128223
2021-11-12,0.00011219454208622991,0.18067015767111855
2021-11-15,0.002874855908610772,0.1892312801546623
2021-11-16,0.011125955661573848,0.1258204579758629
2021-11-17,-0.003108698024042915,0.0
2021-11-18,0.0,0.0
2021-11-19,-0.0,0.0
2021-11-22,-9.881140377083651e-05,0.19453495117383438
2021-11-23,0.012608016719882344,0.0
2021-11-24,-0.0,0.0
2021-11-26,-0.0,0.0
2021-11-29,-8.937137979264217e-05,0.17594990396676427
2021-11-30,-0.0017667565368549945,0.1150994897337257
2021-12-01,-0.0001560820807084746,0.0
2021-12-02,-0.0,0.0
2021-12-03,-8.101738959286761e-05,0.15950298576095812
2021-12-06,0.0027507631204584824,0.2459438610695482
2021-12-07,-0.0031476426460958196,0.0
2021-12-08,-8.97869610220956e-05,0.1767680795122507
2021-12-09,0.006670163261773563,0.0
2021-12-10,-0.0,0.0
2021-12-13,-0.0,0.0
2021-12-14,0.0,0.0
2021-12-15,0.0,0.0
2021-12-16,0.0,0.0
2021-12-17,-0.0,0.0
2021-12-20,0.0,0.0
2021-12-21,0.0,0.0
2021-12-22,-0.0,0.0
2021-12-23,0.0,0.0
2021-12-27,-0.0,0.0
2021-12-28,0.0,0.0
2021-12-29,0.0,0.0
2021-12-30,0.0,0.0
2021-12-31,-0.0,0.0
2022-01-03,-2.844731957446744e-07,0.035843622663828976
2022-01-04,0.000673841308212537,0.036725954994337374
2022-01-05,0.00017117519136199277,0.04221880567095787
2022-01-06,-0.0017343473355210125,0.04274262308511425
2022-01-07,0.0009875970161149666,0.038649753128104064
2022-01-10,0.00015960613850497305,0.0
2022-01-11,0.0,0.0
2022-01-12,-0.0,0.0
2022-01-13,0.0,0.0
2022-01-14,-0.0,0.0
2022-01-18,-2.5567165619187277e-05,0.050335357312774956
2022-01-19,-0.0014265138285615158,0.0
2022-01-20,-3.219740082022431e-05,0.06338863286481662
2022-01-21,0.004577632214815035,0.13828641185244428
2022-01-24,-0.0021306635430843554,0.04843369296339174
2022-01-25,3.702764812065374e-05,0.0479088355418296
2022-01-26,0.002525278462726189,0.05165456719461059
2022-01-27,0.0034978798804327846,0.0
2022-01-28,0.0,0.0
2022-01-31,-0.0,0.0
2022-02-01,-1.8239153953015507e-05,0.03590833434499928
2022-02-02,0.0020885049746304893,0.04154163419992865
2022-02-03,-6.415448920758743e-05,0.0
2022-02-04,-0.0,0.0
2022-02-07,0.0,0.0
2022-02-08,-0.0,0.0
2022-02-09,0.0,0.0
2022-02-10,0.0,0.0
2022-02-11,0.0,0.0
2022-02-14,-0.0,0.0
2022-02-15,-0.0,0.0
2022-02-16,-1.7552834642392723e-05,0.03455714320221068
2022-02-17,0.00011256486523897965,0.12506841928841728
2022-02-18,0.006661930010988946,0.08433664593981327
2022-02-22,0.0014400523476460726,0.03308826483696898
2022-02-23,0.001158284199602579,0.03343870913608765
2022-02-24,0.0021846066841966125,0.0
2022-02-25,-0.0,0.0
2022-02-28,0.0,0.0
2022-03-01,0.0,0.0
2022-03-02,0.0,0.0
2022-03-03,0.0,0.0
2022-03-04,0.0,0.0
2022-03-07,-0.0,0.0
2022-03-08,0.0,0.0
2022-03-09,-0.0,0.0
2022-03-10,-0.0,0.0
2022-03-11,0.0,0.0
2022-03-14,0.0,0.0
2022-03-15,-0.0,0.0
2022-03-16,0.0,0.0
2022-03-17,0.0,0.0
2022-03-18,0.0,0.0
2022-03-21,-0.0,0.0
2022-03-22,0.0,0.0
2022-03-23,0.0,0.0
2022-03-24,0.0,0.0
2022-03-25,0.0,0.0
2022-03-28,-0.0,0.0
2022-03-29,0.0,0.0
2022-03-30,0.0,0.0
2022-03-31,0.0,0.0
2022-04-01,-0.0,0.0
2022-04-04,-0.0,0.0
2022-04-05,-0.0,0.0
2022-04-06,0.0,0.0
2022-04-07,-0.0,0.0
2022-04-08,0.0,0.0
2022-04-11,-0.0,0.0
2022-04-12,0.0,0.0
2022-04-13,0.0,0.0
2022-04-14,0.0,0.0
2022-04-18,-0.0,0.0
2022-04-19,0.0,0.0
2022-04-20,0.0,0.0
2022-04-21,-0.0,0.0
2022-04-22,0.0,0.0
2022-04-25,0.0,0.0
2022-04-26,0.0,0.0
2022-04-27,0.0,0.0
2022-04-28,0.0,0.0
2022-04-29,-0.0,0.0
2022-05-02,-0.0,0.0
2022-05-03,0.0,0.0
2022-05-04,0.0,0.0
2022-05-05,-0.0,0.0
2022-05-06,0.0,0.0
2022-05-09,0.0,0.0
2022-05-10,0.0,0.0
2022-05-11,-0.0,0.0
2022-05-12,0.0,0.0
2022-05-13,0.0,0.0
2022-05-16,-0.0,0.0
2022-05-17,-0.0,0.0
2022-05-18,-0.0,0.0
2022-05-19,0.0,0.0
2022-05-20,-0.0,0.0
2022-05-23,0.0,0.0
2022-05-24,0.0,0.0
2022-05-25,0.0,0.0
2022-05-26,-0.0,0.0
2022-05-27,0.0,0.0
2022-05-31,0.0,0.0
2022-06-01,-0.0,0.0
2022-06-02,0.0,0.0
2022-06-03,0.0,0.0
2022-06-06,-0.0,0.0
2022-06-07,-0.0,0.0
2022-06-08,-0.0,0.0
2022-06-09,0.0,0.0
2022-06-10,-0.0,0.0
2022-06-13,-0.0,0.0
2022-06-14,0.0,0.0
2022-06-15,0.0,0.0
2022-06-16,-0.0,0.0
2022-06-17,0.0,0.0
2022-06-21,-0.0,0.0
2022-06-22,0.0,0.0
2022-06-23,-0.0,0.0
2022-06-24,0.0,0.0
2022-06-27,-0.0,0.0
2022-06-28,0.0,0.0
2022-06-29,-0.0,0.0
2022-06-30,-0.0,0.0
2022-07-01,-0.0,0.0
2022-07-05,-0.0,0.0
2022-07-06,-0.0,0.0
2022-07-07,0.0,0.0
2022-07-08,-0.0,0.0
2022-07-11,0.0,0.0
2022-07-12,0.0,0.0
2022-07-13,-0.0,0.0
2022-07-14,-0.0,0.0
2022-07-15,-0.0,0.0
2022-07-18,-0.0,0.0
2022-07-19,-0.0,0.0
2022-07-20,0.0,0.0
2022-07-21,0.0,0.0
2022-07-22,0.0,0.0
2022-07-25,0.0,0.0
2022-07-26,0.0,0.0
2022-07-27,0.0,0.0
2022-07-28,0.0,0.0
2022-07-29,-0.0,0.0
2022-08-01,-0.0,0.0
2022-08-02,0.0,0.0
2022-08-03,0.0,0.0
2022-08-04,-0.0,0.0
2022-08-05,-0.0,0.0
2022-08-08,-0.0,0.0
2022-08-09,0.0,0.0
2022-08-10,0.0,0.0
2022-08-11,-0.0,0.0
2022-08-12,0.0,0.0
2022-08-15,-0.0,0.0
2022-08-16,0.0,0.0
2022-08-17,0.0,0.0
2022-08-18,0.0,0.0
2022-08-19,0.0,0.0
2022-08-22,-0.0,0.0
2022-08-23,-0.0,0.0
2022-08-24,-0.0,0.0
2022-08-25,0.0,0.0
2022-08-26,0.0,0.0
2022-08-29,-0.0,0.0
2022-08-30,-0.0,0.0
2022-08-31,-0.0,0.0
2022-09-01,-3.8441611850202705e-05,0.07568192333008658
2022-09-02,0.004035365541181409,0.0
2022-09-06,-0.0,0.0
2022-09-07,0.0,0.0
2022-09-08,-0.0,0.0
2022-09-09,-0.0,0.0
2022-09-12,-0.0,0.0
2022-09-13,0.0,0.0
2022-09-14,-4.57419951821898e-05,0.09005455301493616
2022-09-15,-0.004278440429227772,0.0
2022-09-16,-5.237027993802164e-05,0.1031039886279801
2022-09-19,0.007840354154127774,0.10253279809200667
2022-09-20,0.004976004052743455,0.0
2022-09-21,0.0,0.0
2022-09-22,0.0,0.0
2022-09-23,-0.0,0.0
2022-09-26,0.0,0.0
2022-09-27,0.0,0.0
2022-09-28,0.0,0.0
2022-09-29,-0.0,0.0
2022-09-30,0.0,0.0
2022-10-03,-0.0,0.0
2022-10-04,0.0,0.0
2022-10-05,0.0,0.0
2022-10-06,0.0,0.0
2022-10-07,-0.0,0.0
2022-10-10,-0.0,0.0
2022-10-11,0.0,0.0
2022-10-12,0.0,0.0
2022-10-13,0.0,0.0
2022-10-14,-0.0,0.0
2022-10-17,0.0,0.0
2022-10-18,0.0,0.0
2022-10-19,-0.0,0.0
2022-10-20,-0.0,0.0
2022-10-21,0.0,0.0
2022-10-24,0.0,0.0
2022-10-25,0.0,0.0
2022-10-26,-0.0,0.0
2022-10-27,0.0,0.0
2022-10-28,0.0,0.0
2022-10-31,-0.0,0.0
2022-11-01,-0.0,0.0
2022-11-02,0.0,0.0
2022-11-03,0.0,0.0
2022-11-04,-0.0,0.0
2022-11-07,-0.0,0.0
2022-11-08,0.0,0.0
2022-11-09,-0.0,0.0
2022-11-10,-0.0,0.0
2022-11-11,-0.0,0.0
2022-11-14,0.0,0.0
2022-11-15,-0.0,0.0
2022-11-16,0.0,0.0
2022-11-17,0.0,0.0
2022-11-18,0.0,0.0
2022-11-21,0.0,0.0
2022-11-22,0.0,0.0
2022-11-23,-0.0,0.0
2022-11-25,-0.0,0.0
2022-11-28,-1.1742736994407295e-05,0.023118513457739364
2022-11-29,0.00012445835383831534,0.034291570770921945
2022-11-30,0.0009370304280621961,0.0
2022-12-01,-9.075992858108856e-06,0.01786836093940181
2022-12-02,-0.0009067431450351155,0.0
2022-12-05,-4.6989412870775186e-05,0.09251040658933865
2022-12-06,4.934765526087497e-05,0.10672148349345494
2022-12-07,-0.005255921656352157,0.0
2022-12-08,-6.734260572150311e-05,0.13258075501420924
2022-12-09,-0.002356160058850849,0.0
2022-12-12,-6.437134251025361e-05,0.1267310805670618
2022-12-13,0.006894359668312836,0.11639914730574918
2022-12-14,0.011088282560590176,0.10556702127461944
2022-12-15,-0.0030673055333914475,0.0426968434193747
2022-12-16,-0.0019602106861677324,0.06282328613360075
2022-12-19,-0.001150937466407343,0.0929252842902859
2022-12-20,0.0013374047674811578,0.09279071615399732
2022-12-21,-0.00045420194850984293,0.09304229295925073
2022-12-22,0.0015333975990559658,0.0970362696558069
2022-12-23,0.011888876215497972,0.06491204402486543
2022-12-27,0.001314287196579861,0.020378222057786718
2022-12-28,0.0006754020576141672,0.0
2022-12-29,-7.300877032930562e-06,0.014373601658582043
2022-12-30,0.0006383072189718199,0.0
2023-01-03,-2.0044666699578279e-07,0.025256280041468633
2023-01-04,-0.0003147699771952112,0.026059471779293467
2023-01-05,-0.0005240852432890744,0.027329778249982575
2023-01-06,-0.0002662099691039346,0.054819274452696166
2023-01-09,0.001671160378021311,0.058172071985546726
2023-01-10,0.0035278695506948433,0.02857946927292495
2023-01-11,0.0016767573403188268,0.0
2023-01-12,0.0,0.0
2023-01-13,0.0,0.0
2023-01-17,-0.0,0.0
2023-01-18,0.0,0.0
2023-01-19,0.0,0.0
2023-01-20,0.0,0.0
2023-01-23,0.0,0.0
2023-01-24,-0.0,0.0
2023-01-25,-0.0,0.0
2023-01-26,0.0,0.0
2023-01-27,-0.0,0.0
2023-01-30,-1.3973676391414625e-05,0.027510675395597546
2023-01-31,0.0009502343162627695,0.0
2023-02-01,-1.0040188473571333e-05,0.019766621057343562
2023-02-02,-0.0001628863130148989,0.04959808925630327
2023-02-03,-0.003911430317220375,0.0731101311187287
2023-02-06,0.0012891908287419266,0.1045547134663937
2023-02-07,0.003432485476298976,0.09788093121939521
2023-02-08,-0.003532724267634149,0.06586067618663491
2023-02-09,-0.0020170387114952374,0.09891487240281621
2023-02-10,0.0016397910089441137,0.10707758788972686
2023-02-13,0.0026941513983010615,0.0
2023-02-14,0.0,0.0
2023-02-15,-0.0,0.0
2023-02-16,-0.0,0.0
2023-02-17,0.0,0.0
2023-02-21,-5.638099616894672e-05,0.11100008620761385
2023-02-22,-0.003505664755530415,0.10843266000115018
2023-02-23,-0.001195945973570787,0.11064163103010867
2023-02-24,-0.000963673956926928,0.1205617987655316
2023-02-27,0.004710478820576979,0.12648561544084547
2023-02-28,0.001991408540988003,0.11957879603084184
2023-03-01,0.026336521119636896,0.14020968182436314
2023-03-02,0.0005609272843432706,0.01949661006180055
2023-03-03,0.0003351332059576448,0.022081324849816453
2023-03-06,9.776930559670135e-05,0.021860850485526297
2023-03-07,-0.0007216432565389324,0.024667513984007763
2023-03-08,-0.00014742938210261816,0.02958076974823426
2023-03-09,-0.0022310301216678613,0.0
2023-03-10,-4.519110875848952e-05,0.08896999536827624
2023-03-13,0.0005027865020434425,0.028797349346811447
2023-03-14,0.001504516702439438,0.029333832709175636
2023-03-15,-0.0008955664569027026,0.02577253817449725
2023-03-16,0.0012355119993830628,0.02254166878270429
2023-03-17,0.0013485316504397167,0.02402998068343858
2023-03-20,0.00012435791603685248,0.019328118718712265
2023-03-21,-0.0008555527022453029,0.01918867243902594
2023-03-22,0.0003451722881412948,0.02681701159915168
2023-03-23,0.00038029269050315364,0.02900897763498069
2023-03-24,0.0002824037981373257,0.028827377251236245
2023-03-27,0.0001352141693681923,0.01927625414543011
2023-03-28,0.00019180295887968375,0.020142683452025478
2023-03-29,-0.001346912086620668,0.0
2023-03-30,-1.56812487230531e-05,0.03087245842351079
2023-03-31,0.00042393312429737457,0.030796487668348936
2023-04-03,-0.002670752602506253,0.025247211977942528
2023-04-04,-0.0005760618153523271,0.11890221109961635
2023-04-05,0.010337499993058365,0.1266684848195536
2023-04-06,-0.004254666270643655,0.023905572064163112
2023-04-10,0.0006745549024178257,0.051335002419271275
2023-04-11,-0.0005103297420488031,0.025505545807052693
2023-04-12,-0.0006885121763029083,0.025341525253717145
2023-04-13,-0.0003288867877907621,0.05356931903193141
2023-04-14,-0.0010205704923088833,0.08043628570295225
2023-04-17,-0.0008464987944393293,0.12308110377162292
2023-04-18,-0.0029766877489836247,0.0
2023-04-19,-6.874634508836261e-05,0.13534436689271387
2023-04-20,-0.002478132803004228,0.16037758825405002
2023-04-21,-0.0010906207249922492,0.17524955461987413
2023-04-24,0.002714229071522968,0.1774078699691964
2023-04-25,-0.0032538121408979145,0.16094624936392835
2023-04-26,0.002707481993036256,0.1724959345068319
2023-04-27,-0.006077941610102653,0.1565166471269218
2023-04-28,-0.0019491413466944092,0.1818696559165778
2023-05-01,0.0021910836956608986,0.19671000153527357
2023-05-02,-0.0031239641585035284,0.1980313973891022
2023-05-03,-0.005663869881024492,0.23029871161163915
2023-05-04,0.001701338137903239,0.22881731838326333
2023-05-05,-0.0016936356520828885,0.2780175120956726
2023-05-08,0.01228375915146785,0.2997704110092558
2023-05-09,0.0013140075711647074,0.24972855974477248
2023-05-10,0.013273803960214464,0.25409081511142456
2023-05-11,0.0002651737094802981,0.21847129289140196
2023-05-12,-0.0040563743153395095,0.21389203177291835
2023-05-15,0.007997669615732483,0.22817826375321773
2023-05-16,0.0019187102417546707,0.20522512091996017
2023-05-17,0.009483977262795193,0.14591092900194783
2023-05-18,0.003236716000320789,0.10291564215685711
2023-05-19,-0.00012866742968883723,0.10290923089049926
2023-05-22,0.005657155284196531,0.10455787241545712
2023-05-23,-0.0021442295023037213,0.03835823717966586
2023-05-24,0.0011849427068475573,0.04690272100509448
2023-05-25,0.00034316589156035813,0.03743812378216626
2023-05-26,0.00038255948622121415,0.04014401971277714
2023-05-30,-0.0013221533534641934,0.04493847417964541
2023-05-31,8.830752257910102e-05,0.03855413399530738
2023-06-01,-0.00564123225726093,0.0
2023-06-02,-5.815665841607875e-05,0.11449592125665503
2023-06-05,0.0019035059074904534,0.11116488773340975
2023-06-06,0.004701844494450382,0.07442199715326876
2023-06-07,0.004131838286339918,0.03617810496011334
2023-06-08,0.0002965511140922619,0.03383945880398384
2023-06-09,0.0001710574554734417,0.03630377637821808
2023-06-12,-0.0008507204750380407,0.0
2023-06-13,0.0,0.0
2023-06-14,0.0,0.0
2023-06-15,0.0,0.0
2023-06-16,0.0,0.0
2023-06-20,-0.0,0.0
2023-06-21,-1.1342200490430463e-05,0.022329957215534973
2023-06-22,-0.00028228462791350114,0.03542158064544216
2023-06-23,-0.0013959529662548888,0.035743784810268166
2023-06-26,0.0008106512873334162,0.029261436257438694
2023-06-27,0.0004414101111107367,0.03198403477062242
2023-06-28,0.000609579837522487,0.0336973345563859
2023-06-29,0.00021409615838860276,0.034299032972164495
2023-06-30,0.00012819300388021695,0.03403971626957482
2023-07-03,-0.004725850611854038,0.0
2023-07-05,-1.3250855351698504e-05,0.026087621473656432
2023-07-06,0.0003670297574973497,0.03159285941176107
2023-07-07,0.0002887957052629245,0.03297667173482708
2023-07-10,0.00021481141918240016,0.03563662374045268
2023-07-11,7.176239091479317e-05,0.0380110996322877
2023-07-12,0.0005751110560215945,0.0382235281276024
2023-07-13,-0.0007076479689905702,0.03870200283590136
2023-07-14,0.00034207447789478466,0.03708517440859312
2023-07-17,0.00047738904286732595,0.039931676171494464
2023-07-18,0.0007244540521743255,0.0431566950520162
2023-07-19,0.0020748463798456137,0.0
2023-07-20,0.0,0.0
2023-07-21,0.0,0.0
2023-07-24,0.0,0.0
2023-07-25,-0.0,0.0
2023-07-26,0.0,0.0
2023-07-27,0.0,0.0
2023-07-28,0.0,0.0
2023-07-31,-0.0,0.0
2023-08-01,-0.0,0.0
2023-08-02,-0.0,0.0
2023-08-03,-0.0,0.0
2023-08-04,-0.0,0.0
2023-08-07,0.0,0.0
2023-08-08,0.0,0.0
2023-08-09,0.0,0.0
2023-08-10,0.0,0.0
2023-08-11,0.0,0.0
2023-08-14,-0.0,0.0
2023-08-15,-0.0,0.0
2023-08-16,0.0,0.0
2023-08-17,-0.0,0.0
2023-08-18,0.0,0.0
2023-08-21,-0.0,0.0
2023-08-22,0.0,0.0
2023-08-23,0.0,0.0
2023-08-24,0.0,0.0
2023-08-25,0.0,0.0
2023-08-28,-0.0,0.0
2023-08-29,-0.0,0.0
2023-08-30,-0.0,0.0
2023-08-31,-0.0,0.0
2023-09-01,-0.0,0.0
2023-09-05,-7.648619451681197e-06,0.015058219545497355
2023-09-06,-0.00024157873119591463,0.015335428642115203
2023-09-07,0.0005860881549621759,0.018982223682257857
2023-09-08,0.0006818036781684784,0.01601639154457955
2023-09-11,0.0011886178872746766,0.01716271783306638
2023-09-12,-0.0007800318564777106,0.013003404344815334
2023-09-13,0.0007094801048084462,0.018053249915848422
2023-09-14,-0.00041445648689514476,0.01250534296067871
2023-09-15,-0.0009762139058639678,0.019234161737108627
2023-09-18,-0.0012038284886120596,0.0
2023-09-19,0.0,0.0
2023-09-20,-0.0,0.0
2023-09-21,0.0,0.0
2023-09-22,-0.0,0.0
2023-09-25,-4.1080907026693926e-05,0.08087803570880367
2023-09-26,-0.0017846419236974102,0.09426858365173454
2023-09-27,-0.002888829480685382,0.10275039223177948
2023-09-28,-0.0019316780686435637,0.11272018754144432
2023-09-29,-0.001065964525097834,0.11873813111158386
2023-10-02,-0.00303581431536899,0.0
2023-10-03,-7.860471153641958e-05,0.15475302583732606
2023-10-04,-0.01054411356199803,0.1481832267322723
2023-10-05,-0.0021966693020856313,0.13500329431877825
2023-10-06,0.0002762201504394267,0.14030173122552433
2023-10-09,-0.007063268952255127,0.0
2023-10-10,-7.938065822688743e-05,0.15628067088418462
2023-10-11,0.004931812170788349,0.16284798859116978
2023-10-12,-0.00021695939095753113,0.1671468376148707
2023-10-13,0.0024682538644176604,0.17315243077864523
2023-10-16,0.002662217711782543,0.19466912220862662
2023-10-17,0.005843733201749745,0.196538675404899
2023-10-18,-0.002149905227502849,0.17938317732231057
2023-10-19,-0.002758676171654139,0.1849199788095976
2023-10-20,0.006016409641215133,0.19428782060303437
2023-10-23,0.010108192514516242,0.2212798654671161
2023-10-24,-0.006780683205429732,0.19389736639535737
2023-10-25,-0.012509199652929409,0.19477287415322153
2023-10-26,0.014462113921096554,0.21194382895570535
2023-10-27,-0.006416391081922218,0.1793691185568023
2023-10-30,-0.004766692585161455,0.1759110564877238
2023-10-31,0.014399945380145806,0.17801781292374982
2023-11-01,-0.007452662633244448,0.1182657565863506
2023-11-02,0.0031576196467290323,0.18678565785338572
2023-11-03,-0.0064395643949924555,0.1851649846453435
2023-11-06,0.00921737433705624,0.17766323250826507
2023-11-07,-0.00048353073231342184,0.12299985918002461
2023-11-08,-0.0017309351203986384,0.13711442063648355
2023-11-09,0.00045143457006457005,0.1421756563006604
2023-11-10,-0.001867902550986133,0.14178694480103426
2023-11-13,0.00993126865782789,0.14258891942540391
2023-11-14,-0.0025623978724805844,0.08960109406681076
2023-11-15,0.005800937070042891,0.0914674259370143
2023-11-16,-0.002907361641277432,0.08465693288774667
2023-11-17,-0.0012735590918060685,0.0827619693459536
2023-11-20,0.001912846062362011,0.08472093307611868
2023-11-21,0.004065945089215154,0.08807115570928375
2023-11-22,0.0004693484914204204,0.04166592586059972
2023-11-23,-2.14405609635449e-06,0.045236006208725754
2023-11-24,-2.2618003104362876e-05,0.0
2023-11-27,0.0,0.0
2023-11-28,-2.3309326314607693e-05,0.04589023618188389
2023-11-29,-0.000400787174895771,0.04035560500211948
2023-11-30,-0.0020956636936107975,0.04269691515476976
2023-12-01,-0.004714063190379403,0.0
2023-12-04,0.0,0.0
2023-12-05,-0.0,0.0
2023-12-06,-0.0,0.0
2023-12-07,-0.0,0.0
2023-12-08,-0.0,0.0
2023-12-11,-4.073815104289763e-05,0.08020323486570471
2023-12-12,-0.0015935850400275171,0.08856329696327277
2023-12-13,0.0035523858788453597,0.0880207363774141
2023-12-14,0.00406735960157913,0.044338635606733616
2023-12-15,0.0019666017120656995,0.0430490473116185
2023-12-18,0.0005352117256428693,0.03351311350171717
2023-12-19,0.001125101986486287,0.03784233193252491
2023-12-20,-0.0014012391572508771,0.038612921012894603
2023-12-21,-0.0016172673822410972,0.036619718986181334
2023-12-22,-0.0014725624657692762,0.0
2023-12-26,-2.0035511536593673e-05,0.039444913337668794
2023-12-27,0.0011926586553718099,0.08115527280375553
2023-12-28,-0.0019316907230589502,0.03967494286113366
2023-12-29,0.0009441881753042772,0.03886237546764056
2024-01-02,-2.866428117960744e-07,0.036116994286305375
2024-01-03,0.0008405766339609423,0.04113914744527935
2024-01-04,-0.0018503649300920361,0.035184642572736215
2024-01-05,-0.0022114900474973593,0.0
2024-01-08,0.0,0.0
2024-01-09,0.0,0.0
2024-01-10,-0.0,0.0
2024-01-11,0.0,0.0
2024-01-12,-0.0,0.0
2024-01-16,0.0,0.0
2024-01-17,0.0,0.0
2024-01-18,0.0,0.0
2024-01-19,-0.0,0.0
2024-01-22,-2.0747180305388187e-05,0.04084601122623299
2024-01-23,2.156039053838313e-05,0.04424506210869841
2024-01-24,-0.001636212221648189,0.05046428731197466
2024-01-25,0.0018290315160712767,0.04469046304861199
2024-01-26,0.0015827009232610458,0.0
2024-01-29,-0.0,0.0
2024-01-30,-0.0,0.0
2024-01-31,-2.58072080994859e-05,0.05080794094586287
2024-02-01,0.0021339808364587384,0.04641838247035894
2024-02-02,-0.0010065319594817726,0.050899836055504966
2024-02-05,0.004457431268694449,0.0500455268310276
2024-02-06,-0.0001318050996611368,0.0
2024-02-07,0.0,0.0
2024-02-08,0.0,0.0
2024-02-09,0.0,0.0
2024-02-12,0.0,0.0
2024-02-13,-0.0,0.0
2024-02-14,-0.0,0.0
2024-02-15,-0.0,0.0
2024-02-16,-2.146005742360187e-05,0.04224948805271617
2024-02-20,-0.00266836666972036,0.029376451385306472
2024-02-21,7.830221957102957e-05,0.18440153907101275
2024-02-22,0.009118688639489114,0.12034994820219275
2024-02-23,-0.001747648195004422,0.026909659896257373
2024-02-26,0.0007236188677372267,0.0776125358117901
2024-02-27,-0.001301835745383717,0.02785233178473546
2024-02-28,-0.003107605937763728,0.0
2024-02-29,-0.00011425299040342303,0.2249355748567391
2024-03-01,0.06167945521760787,0.0
2024-03-04,-0.0,0.0
2024-03-05,-0.0,0.0
2024-03-06,-9.317933904120535e-06,0.018344682373737303
2024-03-07,0.000446238234034417,0.022117849644149975
2024-03-08,-0.0004929351588747086,0.024735247026315375
2024-03-11,0.00156381446866011,0.023341672164689475
2024-03-12,2.334695099520817e-05,0.0
2024-03-13,0.0,0.0
2024-03-14,-0.0,0.0
2024-03-15,0.0,0.0
2024-03-18,0.0,0.0
2024-03-19,-0.0,0.0
2024-03-20,0.0,0.0
2024-03-21,0.0,0.0
2024-03-22,0.0,0.0
2024-03-25,-0.0,0.0
2024-03-26,-0.0,0.0
2024-03-27,-1.275364542859772e-05,0.02510873943755176
2024-03-28,0.00044747991123956723,0.022957149333489614
2024-04-01,-0.0013225532106817175,0.03162030078013452
2024-04-02,0.0010921141746508436,0.09314878552866192
2024-04-03,0.0001559567838513567,0.0315766436313926
2024-04-04,-0.00010927667286720484,0.04248804305062906
2024-04-05,-4.83517214967071e-05,0.035546754581983135
2024-04-08,-0.0014264746718250696,0.037287454259262644
2024-04-09,0.000738805023046115,0.15474021199823587
2024-04-10,0.000818851121227519,0.04770080067604383
2024-04-11,0.00047482626748270506,0.04718649075237223
2024-04-12,0.0007870298042977101,0.039930360340543994
2024-04-15,-0.0009255287236075533,0.04690967559847847
2024-04-16,0.0016518402543625433,0.048564295367488956
2024-04-17,-0.0016224118727272425,0.04788040204926215
2024-04-18,-0.0016203462301461662,0.045196876168137244
2024-04-19,-0.0006514955882512268,0.14816089886545394
2024-04-22,-0.0007259726077936905,0.2200829079861304
2024-04-23,0.006413927758688779,0.22699790560699987
2024-04-24,0.002930893510351998,0.09506180013717791
2024-04-25,-0.00029364936259741866,0.04664751853135074
2024-04-26,-0.00023973011105335896,0.10910658699498636
2024-04-29,0.001988478736842607,0.11298725754316322
2024-04-30,-0.0023698902160638855,0.055871583980757374
2024-05-01,-0.0031853023364740024,0.0
2024-05-02,-0.00016607785057801516,0.32696576832546737
2024-05-03,-0.0035454925341079926,0.28308718237658465
2024-05-06,0.007846124446336318,0.3051427979615883
2024-05-07,-0.011502965904286401,0.2665604061791144
2024-05-08,-0.0072596193983362756,0.3058127648211287
2024-05-09,0.0003152425768336299,0.32696576832546737
2024-05-10,-0.008929991006379426,0.32696576832546737
2024-05-13,-0.006181596999076724,0.0
2024-05-14,-0.00016607785057801516,0.32696576832546737
2024-05-15,0.005554794883544419,0.32696576832546737
2024-05-16,0.009863541255087266,0.32696576832546737
2024-05-17,0.009309476444668728,0.32696576832546737
2024-05-20,-0.008198847353799298,0.3177439444724628
2024-05-21,-0.007474119729991696,0.3189181014208766
2024-05-22,0.0009467724540691409,0.32696576832546737
2024-05-23,0.00561886312630537,0.32696576832546737
2024-05-24,-0.005006385639187468,0.307520972519457
2024-05-28,-0.008026553865095341,0.31575987026275315
2024-05-29,-0.012584897243722836,0.0
2024-05-30,-0.00016607785057801516,0.32696576832546737
2024-05-31,0.018125038564059406,0.32696576832546737
2024-06-03,-0.008974348074474696,0.2880955508682987
2024-06-04,0.013705293683455511,0.2997096648048568
2024-06-05,-0.0058484217957151495,0.2595336240135656
2024-06-06,0.005556739432102155,0.2843139826856012
2024-06-07,-0.0054488169434211186,0.27564310008021775
2024-06-10,-0.006057230864868306,0.0
2024-06-11,-0.0,0.0
2024-06-12,-0.0,0.0
2024-06-13,0.0,0.0
2024-06-14,-0.0,0.0
2024-06-17,-0.00013719083819444913,0.2700944626953217
2024-06-18,0.0034774891184426076,0.27800243618455245
2024-06-20,-0.0006455359178391026,0.28588528693928583
2024-06-21,0.01595799062301098,0.29919527275035246
2024-06-24,-0.006827052536676399,0.22907338052651788
2024-06-25,0.006928312156654927,0.24535664118760075
2024-06-26,0.011962854627459817,0.22288050959019218
2024-06-27,-0.006339854481700453,0.09132448500446774
2024-06-28,-0.0026727748895931133,0.1455896657958521
2024-07-01,0.005479306450460981,0.09786283137007157
2024-07-02,0.0025838771012834326,0.03626427745075217
2024-07-03,-0.0003367386572428044,0.036434129473532126
2024-07-05,-0.001365871834797573,0.03939526584868295
2024-07-08,-0.00014986035531516022,0.047226322603958974
2024-07-09,-0.0002945433288067985,0.04897121527679335
2024-07-10,-0.0029107997709852326,0.0
2024-07-11,-8.355101914372969e-05,0.16449106893921783
2024-07-12,0.0014844563797869969,0.16453812529462158
2024-07-15,-0.0020838608301476237,0.17145546509621715
2024-07-16,0.0008954065216601529,0.1836422419260728
2024-07-17,-0.008097955009132869,0.18992046083666558
2024-07-18,0.0027023853021350347,0.29286775393493003
2024-07-19,-0.0012926405531509008,0.2709383076849526
2024-07-22,0.01259030816260136,0.0
2024-07-23,0.0,0.0
2024-07-24,0.0,0.0
2024-07-25,0.0,0.0
2024-07-26,0.0,0.0
2024-07-29,-2.8024335486061462e-05,0.055172910488183506
2024-07-30,-0.0005622985681101975,0.04579645218597087
2024-07-31,0.001095206861506577,0.04888538302960182
2024-08-01,-0.0017872680375997881,0.06012207263592986
2024-08-02,-0.00172991437654753,0.05715695124229181
2024-08-05,0.0017450732376755429,0.13209213757265287
2024-08-06,-0.002831149986510268,0.04421290258479725
2024-08-07,-0.0005987493116849125,0.053071148659958
2024-08-08,0.0004984307236032834,0.1333469290427339
2024-08-09,-0.006431387057703472,0.058193426460547246
2024-08-12,-0.0019968038594209633,0.0
2024-08-13,-0.00014921694082211659,0.293770852243542
2024-08-14,-0.005238328747906877,0.31552576014397005
2024-08-15,-0.00015393650857027454,0.32696576832546737
2024-08-16,-0.007116032390809289,0.32696576832546737
2024-08-19,0.0009359817494322422,0.32696576832546737
2024-08-20,0.001605346017958795,0.32696576832546737
2024-08-21,0.006777177210342176,0.32696576832546737
2024-08-22,0.0027749684645696983,0.32696576832546737
2024-08-23,-0.0021945852335075304,0.32696576832546737
2024-08-26,-0.029589757935667694,0.32696576832546737
2024-08-27,0.0014642092903324386,0.32696576832546737
2024-08-28,-0.010300599022273189,0.0
2024-08-29,-0.00016607785057801516,0.32696576832546737
2024-08-30,0.013584119091086588,0.32696576832546737
2024-09-03,-0.06098672987513434,0.0
2024-09-04,-0.00015946392466804581,0.3139446016902152
2024-09-05,-0.012206015668541917,0.3257896022935764
2024-09-06,-0.0017692967213913018,0.32226852572071857
2024-09-09,-0.00025324675175636706,0.3255049005311214
2024-09-10,0.006905605298441886,0.32696576832546737
2024-09-11,-0.005638244191581534,0.32696576832546737
2024-09-12,-0.007836379116933457,0.32696576832546737
2024-09-13,-0.0013141973095122685,0.32696576832546737
2024-09-16,-0.003659937864419553,0.32696576832546737
2024-09-17,0.007445563072210031,0.32696576832546737
2024-09-18,0.012760142308493662,0.32696576832546737
2024-09-19,0.013060798377076308,0.30516053325335857
2024-09-20,-0.014128979824742543,0.25278267239177177
2024-09-23,0.0003905257556902495,0.2869588636770389
2024-09-24,0.0072749474851181535,0.2897434594911741
2024-09-25,0.013554277396747574,0.3007493876064217
2024-09-26,0.011310424071309177,0.17358438306042823
2024-09-27,-0.008692422769807796,0.11249236143916587
2024-09-30,0.0017778755737975255,0.16790064646105743
2024-10-01,-0.010221561681157612,0.05034648549870921
2024-10-02,0.0011394783242949199,0.23877653387408915
2024-10-03,0.014620298542067412,0.1474322104706174
2024-10-04,-0.003147106208141234,0.05165333582806819
2024-10-07,0.00010257309502802197,0.06255255625708692
2024-10-08,-0.0008545557884599138,0.06243274072862909
2024-10-09,-8.217965140418199e-06,0.06371412797929159
2024-10-10,0.0031688340307433243,0.06600382766634799
2024-10-11,0.0008625243738308865,0.05124914354679074
2024-10-14,-0.0014292133996980723,0.06169651366889787
2024-10-15,0.0001966568669839919,0.04919338079775683
2024-10-16,0.00024039958612598566,0.05102831825681282
2024-10-17,0.000551009722012905,0.054501623707553085
2024-10-18,-0.0013114080188839211,0.0706584809188168
2024-10-21,-0.002332231119705155,0.06063298073131691
2024-10-22,0.002939235427856923,0.07048599541986858
2024-10-23,0.0010893181068268203,0.054237736335837415
2024-10-24,-0.0002462017401054108,0.07016843062780144
2024-10-25,0.0013857970574007686,0.07493636535495696
2024-10-28,-0.0012063807446367283,0.07961227664898102
2024-10-29,-0.0007861661023584301,0.0793867223646984
2024-10-30,0.002712809566633193,0.08874597517951997
2024-10-31,7.513186412180179e-05,0.09233055988455342
2024-11-01,-0.005706933531638407,0.11370331696135161
2024-11-04,0.0012709235779210688,0.08879706036674011
2024-11-05,0.002436315428513932,0.08666109019915627
2024-11-06,-0.0021928498841800727,0.08951774774908795
2024-11-07,0.0003521477743492517,0.07854167452360643
2024-11-08,0.0007379173838966496,0.09337270366856817
2024-11-11,0.0011219550691933865,0.09403854338895247
2024-11-12,0.0016751627907175763,0.10346366629823354
2024-11-13,-0.0010578903216820071,0.0
2024-11-14,0.0,0.0
2024-11-15,0.0,0.0
2024-11-18,0.0,0.0
2024-11-19,0.0,0.0
2024-11-20,0.0,0.0
2024-11-21,-0.0,0.0
2024-11-22,-0.0,0.0
2024-11-25,0.0,0.0
2024-11-26,-0.0,0.0
2024-11-27,-0.0,0.0
2024-11-29,-4.331907209371428e-05,0.0852844231845
2024-12-02,-0.00507280769571041,0.0
2024-12-03,-3.908117496690172e-05,0.07694106321608775
2024-12-04,0.00018584582615373268,0.07881210075530212
2024-12-05,-0.0004884359434695689,0.08973727463539412
2024-12-06,0.00020225368586866167,0.08777440124604231
2024-12-09,0.004171210560052957,0.09456694494956308
2024-12-10,-0.000386544488140107,0.0
2024-12-11,-0.0,0.0
2024-12-12,-4.670559881237657e-05,0.09195164766186636
2024-12-13,-0.0023086122300424497,0.0
2024-12-16,-0.0,0.0
2024-12-17,-4.233211185432382e-05,0.08334134521320001
2024-12-18,-0.0007399806367203251,0.07472974813368069
2024-12-19,-0.0005889981104004497,0.061195104031151484
2024-12-20,0.003254821478224115,0.06470612767156537
2024-12-23,0.00019578456354124127,0.07722935513753774
2024-12-24,-0.0016493775597184665,0.09384384544984138
2024-12-26,-0.0006563938402715917,0.08476213659686434
2024-12-27,-0.00042055378773882897,0.07783357513565549
2024-12-30,0.004246560867432389,0.08855830785812713
2024-12-31,0.0014440684613501523,0.0
2025-01-02,-6.934932915076974e-07,0.08738015472996988
2025-01-03,-0.0046675286550478855,0.08707417170581688
2025-01-06,-7.568766946607617e-05,0.0
2025-01-07,-0.0,0.0
2025-01-08,0.0,0.0
2025-01-09,0.0,0.0
2025-01-10,0.0,0.0
2025-01-13,-2.835616805895767e-05,0.05582620586607292
2025-01-14,0.004480815886309225,0.3089969156948015
2025-01-15,0.003999121179363975,0.047138952872725945
2025-01-16,0.0011978257840373093,0.059195207013226246
2025-01-17,0.001985069483784163,0.06568005812778006
2025-01-21,0.001285104031845206,0.0
2025-01-22,-0.0,0.0
2025-01-23,-2.2373803546787598e-05,0.04404842573273809
2025-01-24,0.00029851281389602107,0.0
2025-01-27,0.0,0.0
2025-01-28,-0.0,0.0
2025-01-29,0.0,0.0
2025-01-30,0.0,0.0
2025-01-31,0.0,0.0
2025-02-03,0.0,0.0
2025-02-04,-0.0,0.0
2025-02-05,-0.0,0.0
2025-02-06,0.0,0.0
2025-02-07,0.0,0.0
2025-02-10,-0.0,0.0
2025-02-11,0.0,0.0
2025-02-12,-0.0,0.0
2025-02-13,0.0,0.0
2025-02-14,0.0,0.0
2025-02-18,-0.0,0.0
2025-02-19,-0.0,0.0
2025-02-20,0.0,0.0
2025-02-21,-0.0,0.0
2025-02-24,-0.0,0.0
2025-02-25,-2.3933588954272578e-05,0.04711925325372414
2025-02-26,-0.0019564024724995615,0.047221342574502195
2025-02-27,0.0007311117041939967,0.09493033881051317
2025-02-28,-0.003364441362672159,0.03422206398361876
2025-03-03,0.010269324283882662,0.0
2025-03-04,0.0,0.0
2025-03-05,-0.0,0.0
2025-03-06,-0.0,0.0
2025-03-07,-1.5557344053317012e-05,0.030628521104967863
2025-03-10,6.900648013526601e-05,0.023761883459310105
2025-03-11,0.0004032217759533386,0.024926174378968706
2025-03-12,-4.335702858946324e-05,0.032513118583446105
2025-03-13,5.3319585162550673e-05,0.03469480280553141
2025-03-14,-0.00020974152507273556,0.03584292917870523
2025-03-17,0.0016846981711842739,0.03703874457400592
2025-03-18,0.00030336152961049086,0.0
2025-03-19,0.0,0.0
2025-03-20,-0.0,0.0
2025-03-21,0.0,0.0
2025-03-24,-0.0,0.0
2025-03-25,0.0,0.0
2025-03-26,0.0,0.0
2025-03-27,0.0,0.0
2025-03-28,-0.0,0.0
2025-03-31,-0.0,0.0
2025-04-01,0.0,0.0
2025-04-02,0.0,0.0
2025-04-03,-0.0,0.0
2025-04-04,0.0,0.0
2025-04-07,0.0,0.0
2025-04-08,0.0,0.0
2025-04-09,-0.0,0.0
2025-04-10,-0.0,0.0
2025-04-11,-2.7181887638705674e-05,0.0535143412887018
2025-04-14,0.002140356967207514,0.05367025500199453
2025-04-15,0.00013725863324478933,0.0
2025-04-16,-0.0,0.0
2025-04-17,-4.111657722198079e-05,0.08094826140577469
2025-04-21,0.0001756518021436584,0.07554498402515936
2025-04-22,0.0008759107672059973,0.08114535227363658
2025-04-23,0.004235976481830767,0.0
2025-04-24,0.0,0.0
2025-04-25,0.0,0.0
2025-04-28,0.0,0.0
2025-04-29,-0.0,0.0
2025-04-30,0.0,0.0
2025-05-01,-0.0,0.0
2025-05-02,-0.0,0.0
2025-05-05,0.0,0.0
2025-05-06,-0.0,0.0
2025-05-07,-0.0,0.0
2025-05-08,0.0,0.0
2025-05-09,-0.0,0.0
2025-05-12,0.0,0.0
2025-05-13,0.0,0.0
2025-05-14,0.0,0.0
2025-05-15,-0.0,0.0
2025-05-16,-0.0,0.0
2025-05-19,-0.0,0.0
2025-05-20,0.0,0.0
2025-05-21,0.0,0.0
2025-05-22,-0.0,0.0
2025-05-23,-0.0,0.0
2025-05-27,-0.0,0.0
2025-05-28,-0.0,0.0
2025-05-29,-2.698549909723087e-05,0.05312770134767328
2025-05-30,-0.0017183703326369036,0.03827829379350872
2025-06-02,-0.0013520053883945863,0.03882312212638559
2025-06-03,0.0008369049199101515,0.16031877432300135
2025-06-04,-0.00672778991119658,0.04693598887311188
2025-06-05,0.0010130924190021517,0.2490047406004787
2025-06-06,-0.0037249675212600503,0.15260439668849773
2025-06-09,0.0005094676996323773,0.0
2025-06-10,0.0,0.0
2025-06-11,-0.0,0.0
2025-06-12,-0.0,0.0
2025-06-13,-0.0,0.0
2025-06-16,-0.00014126903610160892,0.27812341482504255
2025-06-17,-0.0006353249325196031,0.10074265623108933
2025-06-18,0.004579541216971443,0.10420918604030936
2025-06-20,0.0038389930278716683,0.0434757600086583
2025-06-23,0.0014041740428744273,0.0
2025-06-24,-0.0,0.0
2025-06-25,-0.0,0.0
2025-06-26,-2.653714495273506e-05,0.05224500412569715
2025-06-27,-0.002771322017795609,0.0
2025-06-30,-2.1940094247463295e-05,0.04319456054969336
2025-07-01,-7.57658242546929e-05,0.0
2025-07-02,-0.0,0.0
2025-07-03,-0.0,0.0
2025-07-04,0.0,0.0
2025-07-07,-0.0,0.0
2025-07-08,0.0,0.0
2025-07-09,-0.0,0.0
2025-07-10,0.0,0.0
2025-07-11,-0.0,0.0
2025-07-14,0.0,0.0
2025-07-15,0.0,0.0
2025-07-16,-0.0,0.0
2025-07-17,0.0,0.0
2025-07-18,-0.0,0.0
2025-07-21,0.0,0.0
2025-07-22,-0.0,0.0
2025-07-23,0.0,0.0
2025-07-24,-0.0,0.0
2025-07-25,0.0,0.0
2025-07-28,-0.0,0.0
2025-07-29,0.0,0.0
2025-07-30,-0.0,0.0
2025-07-31,-0.0,0.0
2025-08-01,-0.0,0.0
2025-08-04,-2.1268632868283902e-05,0.041872620959433934
2025-08-05,-0.0001770307680138742,0.040030797950617834
2025-08-06,0.001422904489253326,0.042142274261242854
2025-08-07,0.00023787555187859195,0.0
2025-08-08,0.0,0.0
2025-08-11,-0.0,0.0
2025-08-12,0.0,0.0
2025-08-13,0.0,0.0
2025-08-14,-0.0,0.0
2025-08-15,-0.0,0.0
2025-08-18,0.0,0.0
2025-08-19,0.0,0.0
2025-08-20,0.0,0.0
2025-08-21,0.0,0.0
2025-08-22,-0.0,0.0
2025-08-25,-0.0,0.0
2025-08-26,-0.0,0.0
2025-08-27,0.0,0.0
2025-08-28,0.0,0.0
2025-08-29,-0.0,0.0
2025-09-02,-0.0,0.0
2025-09-03,0.0,0.0
2025-09-04,-0.0,0.0
2025-09-05,-0.0,0.0
2025-09-08,-0.0,0.0
2025-09-09,0.0,0.0
2025-09-10,-0.0,0.0
2025-09-11,-0.0,0.0
2025-09-12,-0.0,0.0
2025-09-15,0.0,0.0
2025-09-16,0.0,0.0
2025-09-17,-0.0,0.0
2025-09-18,-0.0,0.0
2025-09-19,-0.0,0.0
2025-09-22,0.0,0.0
2025-09-23,0.0,0.0
2025-09-24,-0.0,0.0
2025-09-25,0.0,0.0
2025-09-26,0.0,0.0
2025-09-29,0.0,0.0
2025-09-30,0.0,0.0
2025-10-01,-0.0,0.0
2025-10-02,-0.0,0.0
2025-10-03,-3.3802778668592915e-05,0.06654922050379229
2025-10-06,0.0012089985414905173,0.06680799105569372
2025-10-07,0.00010193106825304898,0.0649017386260889
2025-10-08,-5.357025213170311e-05,0.06995246931487349
2025-10-09,0.00037578226363427854,0.07340746435362755
2025-10-10,-0.0005834747432635216,0.07430037236504951
2025-10-13,0.0021306496039626174,0.07281932877563939
2025-10-14,-0.0011315220547184791,0.0
2025-10-15,-3.757751771820006e-05,0.07398073800770637
2025-10-16,-0.0003856553293390965,0.08132225509430316
2025-10-17,0.0034623381457400274,0.0763535089783455
2025-10-20,-0.00010399143686199413,0.0
2025-10-21,-0.0,0.0
2025-10-22,0.0,0.0
2025-10-23,0.0,0.0
2025-10-24,0.0,0.0
2025-10-27,0.0,0.0
2025-10-28,0.0,0.0
2025-10-29,0.0,0.0
2025-10-30,0.0,0.0
2025-10-31,-0.0,0.0
2025-11-03,-0.0,0.0
2025-11-04,0.0,0.0
2025-11-05,0.0,0.0
2025-11-06,0.0,0.0
2025-11-07,-0.0,0.0
2025-11-10,0.0,0.0
2025-11-11,0.0,0.0
2025-11-12,-0.0,0.0
2025-11-13,-0.0,0.0
2025-11-14,0.0,0.0
2025-11-17,-0.0,0.0
2025-11-18,0.0,0.0
2025-11-19,-0.0,0.0
2025-11-20,-0.0,0.0
2025-11-21,-0.0,0.0
2025-11-24,-0.0,0.0
2025-11-25,-0.0,0.0
2025-11-26,-0.0,0.0
2025-11-28,0.0,0.0
2025-12-01,-0.0,0.0
2025-12-02,-0.0,0.0
2025-12-03,-1.497559807790005e-05,0.029483208715865725
2025-12-04,-0.0006918157111255353,0.02857764068832875
2025-12-05,0.0006048593254450149,0.022491761380181538
2025-12-08,-0.000566412806590969,0.0314631254028118
2025-12-09,-0.00015709456960531293,0.025873035012651004
2025-12-10,-0.00024044427325289875,0.027065344200030473
2025-12-11,-0.00036324473700726715,0.036040161966063064
2025-12-12,-0.0006483089130680361,0.036010027289182484
2025-12-15,-0.0002628440194130011,0.0809488147142924
2025-12-16,-0.0019427402236809894,0.0
2025-12-17,-9.939800459865964e-05,0.19568982155361117
2025-12-18,-0.002068190458730004,0.21865318372135645
2025-12-19,-0.004021723316050536,0.24064362291535676
2025-12-22,0.0010594349848157163,0.27867265284867426
2025-12-23,0.0013076400323919627,0.3020733723461645
2025-12-24,-0.004158519711480362,0.3089969156948015
2025-12-26,-0.006649232504768319,0.3089969156948015
2025-12-29,-0.007390752872560455,0.3089969156948015
2025-12-30,0.008446413265658896,0.3089969156948015
2025-12-31,-0.004531784382537811,0.3089969156948015
2026-01-02,-2.590034477940153e-06,0.32634434422045927
2026-01-05,-2.9576723167773056e-05,0.32634434422045927
2026-01-06,-0.002889122903091221,0.32634434422045927
2026-01-07,0.009209302635749131,0.32634434422045927
2026-01-08,0.01470038078372994,0.32634434422045927
2026-01-09,-0.008929241831603039,0.32634434422045927
2026-01-12,0.003920130020835574,0.0
2026-01-13,0.0,0.0
2026-01-14,-0.0,0.0
2026-01-15,0.0,0.0
2026-01-16,0.0,0.0
2026-01-20,-0.00014660496912255837,0.2886285329600368
2026-01-21,0.026942656083642658,0.08009072905469687
2026-01-22,-0.0028890268401901204,0.07415636410817329
2026-01-23,0.00034190361743134,0.058116545536766116
2026-01-26,0.004144779395670667,0.06974749244648831
2026-01-27,0.0019222151599827444,0.06742565522308104
2026-01-28,0.0006656246144389384,0.06686222908020469
2026-01-29,-0.007699821605759218,0.0
2026-01-30,-2.3224374271333672e-05,0.045722986846688164
2026-02-02,-0.008382812610712555,0.0
2026-02-03,-8.073442891816608e-05,0.15894590693263946
2026-02-04,0.005467293854060681,0.1016045050387309
2026-02-05,-0.0013413440765835218,0.06657169814038874
2026-02-06,0.002152026995853763,0.06756212318105179
2026-02-09,0.0003922747433041764,0.03320446729299088
2026-02-10,-0.0008132631450929577,0.03391158210794515
2026-02-11,0.0006302170576359039,0.06858126489591394
2026-02-12,-0.0018174073810700122,0.03334715195937657
2026-02-13,-0.0003619586364976324,0.06693675079388008
2026-02-17,0.001874455976502027,0.06771706862773447
2026-02-18,0.0011638662234287975,0.03220871845620984
2026-02-19,0.001527474301171302,0.03404762540763891
2026-02-20,-0.0008533353084149298,0.038473977213982456
2026-02-23,0.0017569821918613467,0.03231846006744663
2026-02-24,0.00038702946027323847,0.03677616132246451
2026-02-25,0.0008572008038385603,0.04093100522502884
2026-02-26,0.000800430363255658,0.04095478895035814
2026-02-27,0.0004594281689393159,0.04150242716655324
2026-03-02,0.011686025377332206,0.0
2026-03-03,0.0,0.0
2026-03-04,0.0,0.0
2026-03-05,0.0,0.0
2026-03-06,-0.0,0.0
2026-03-09,-0.0,0.0
2026-03-10,0.0,0.0
2026-03-11,0.0,0.0
2026-03-12,-0.0,0.0
2026-03-13,0.0,0.0
2026-03-16,0.0,0.0
2026-03-17,0.0,0.0
2026-03-18,0.0,0.0
2026-03-19,0.0,0.0
2026-03-20,0.0,0.0
2026-03-23,-0.0,0.0
2026-03-24,0.0,0.0
2026-03-25,-0.0,0.0
2026-03-26,0.0,0.0
2026-03-27,0.0,0.0
2026-03-30,-0.0,0.0
2026-03-31,-0.0,0.0
2026-04-01,-0.0,0.0
2026-04-02,-0.0,0.0
2026-04-06,-0.0,0.0
2026-04-07,0.0,0.0
2026-04-08,0.0,0.0
2026-04-09,-0.0,0.0
2026-04-10,-0.0,0.0
2026-04-13,0.0,0.0
2026-04-14,0.0,0.0
2026-04-15,0.0,0.0
2026-04-16,0.0,0.0
2026-04-17,0.0,0.0
2026-04-20,-0.0,0.0
2026-04-21,0.0,0.0
2026-04-22,0.0,0.0
2026-04-23,0.0,0.0
2026-04-24,0.0,0.0
2026-04-27,0.0,0.0
2026-04-28,-0.0,0.0
2026-04-29,0.0,0.0
2026-04-30,0.0,0.0
2026-05-01,-0.0,0.0
2026-05-04,0.0,0.0
2026-05-05,0.0,0.0
2026-05-06,-0.0,0.0
2026-05-07,0.0,0.0
2026-05-08,0.0,0.0
2026-05-11,0.0,0.0
2026-05-12,0.0,0.0
2026-05-13,-0.0,0.0
2026-05-14,-0.0,0.0
2026-05-15,0.0,0.0
2026-05-18,-0.0,0.0
2026-05-19,-0.0,0.0
2026-05-20,0.0,0.0
2026-05-21,-0.0,0.0
2026-05-22,0.0,0.0
2026-05-26,-0.0,0.0
2026-05-27,0.0,0.0
2026-05-28,0.0,0.0
2026-05-29,-0.0,0.0
2026-06-01,-0.0,0.0
2026-06-02,0.0,0.0
2026-06-03,-0.0,0.0
2026-06-04,-0.0,0.0
2026-06-05,0.0,0.0
2026-06-08,0.0,0.0
2026-06-09,0.0,0.0
2026-06-10,0.0,0.0
2026-06-11,0.0,0.0
2026-06-12,-0.0,0.0
2026-06-15,-0.0,0.0
2026-06-16,0.0,0.0
2026-06-17,0.0,0.0
2026-06-18,0.0,0.0
2026-06-22,0.0,0.0
2026-06-23,0.0,0.0
2026-06-24,0.0,0.0
2026-06-25,0.0,0.0
2026-06-26,-0.0,0.0
2026-06-29,0.0,0.0
2026-06-30,-0.0,0.0
2026-07-01,-0.0,0.0
2026-07-02,-0.0,0.0
2026-07-06,0.0,0.0
2026-07-07,-0.0,0.0
2026-07-08,0.0,0.0
2026-07-09,-0.0,0.0
2026-07-10,-0.0,0.0
2026-07-13,0.0,0.0
2026-07-14,0.0,0.0
2026-07-15,0.0,0.0
2026-07-16,0.0,0.0
2026-07-17,-0.0,0.0
2026-07-20,-0.0,0.0
2026-07-21,-0.0,0.0
2026-07-22,-0.0,0.0
2026-07-23,-0.0,0.0
2026-07-24,-0.0,0.0
2026-07-27,0.0,0.0
2026-07-28,0.0,0.0
2026-07-29,-0.0,0.0
2026-07-30,-0.0,0.0
2026-07-31,-0.0,0.0
2026-08-03,-0.0,0.0
2026-08-04,-0.0,0.0
2026-08-05,0.0,0.0
2026-08-06,0.0,0.0
2026-08-07,0.0,0.0
2026-08-10,0.0,0.0
2026-08-11,-0.0,0.0
2026-08-12,0.0,0.0
2026-08-13,0.0,0.0
2026-08-14,0.0,0.0
2026-08-17,0.0,0.0
2026-08-18,0.0,0.0
2026-08-19,-0.0,0.0
2026-08-20,-0.0,0.0
2026-08-21,0.0,0.0
2026-08-24,-0.0,0.0
2026-08-25,0.0,0.0
2026-08-26,0.0,0.0
2026-08-27,0.0,0.0
2026-08-28,0.0,0.0
2026-08-31,-0.0,0.0
2026-09-01,-0.0,0.0
2026-09-02,-0.0,0.0
2026-09-03,-0.0,0.0
2026-09-04,0.0,0.0
2026-09-08,-0.0,0.0
2026-09-09,-0.0,0.0
