date,ret,pos,gear
2012-01-03,-0.0,0.0,0.0
2012-01-04,-0.000228040478026867,0.4489546911153944,0.4489546911153944
2012-01-05,-0.019766406992054227,0.15752366217678446,0.23565533400908334
2012-01-06,0.011325327372291803,0.22809383248734913,0.22809383248734913
2012-01-09,0.007180916505575337,0.13182075961249065,0.1972038023147913
2012-01-10,-0.0012133499456466,0.1309463073977242,0.195895622160152
2012-01-11,0.004717570702186542,0.0,0.19541261717407
2012-01-12,0.0,0.0,0.19541261717407
2012-01-13,0.0,0.0,0.19541261717407
2012-01-17,-5.431007519574479e-05,0.10692296054162256,0.19541261717407
2012-01-18,0.008071579633015745,0.0,0.19093011507170757
2012-01-19,0.0,0.0,0.19093011507170757
2012-01-20,0.0,0.0,0.19093011507170757
2012-01-23,-0.0,0.0,0.19093011507170757
2012-01-24,0.0,0.0,0.19093011507170757
2012-01-25,0.0,0.0,0.19093011507170757
2012-01-26,0.0,0.0,0.19093011507170757
2012-01-27,0.0,0.0,0.19093011507170757
2012-01-30,-0.0,0.0,0.19093011507170757
2012-01-31,0.0,0.0,0.19093011507170757
2012-02-01,0.0,0.0,0.19093011507170757
2012-02-02,0.0,0.0,0.21621054758284683
2012-02-03,0.0,0.0,0.32322264572555226
2012-02-06,0.0,0.0,0.3478798556955256
2012-02-07,-0.0,0.0,0.7920170940210443
2012-02-08,0.0,0.0,1.0
2012-02-09,0.0,0.0,1.0
2012-02-10,-0.0,0.0,1.0
2012-02-13,-0.0,0.0,1.0
2012-02-14,-0.0,0.0,1.0
2012-02-15,-0.0,0.0,0.0
2012-02-16,0.0,0.0,0.0
2012-02-17,-0.0,0.0,0.0
2012-02-21,-0.0,0.0,0.0
2012-02-22,0.0,0.0,0.0
2012-02-23,-0.0,0.0,0.0
2012-02-24,-0.0,0.0,0.0
2012-02-27,0.0,0.0,0.0
2012-02-28,-0.0,0.0,0.0
2012-02-29,-0.00012006599809707184,0.2363799337536102,1.0
2012-03-01,0.07164532658398018,0.0,1.0
2012-03-02,-0.0,0.0,1.0
2012-03-05,-0.0,0.0,1.0
2012-03-06,0.0,0.0,1.0
2012-03-07,0.0,0.0,1.0
2012-03-08,0.0,0.0,1.0
2012-03-09,-0.0,0.0,1.0
2012-03-12,0.0,0.0,1.0
2012-03-13,0.0,0.0,1.0
2012-03-14,0.0,0.0,1.0
2012-03-15,-0.0,0.0,1.0
2012-03-16,0.0,0.0,1.0
2012-03-19,-0.0,0.0,1.0
2012-03-20,0.0,0.0,1.0
2012-03-21,-0.0,0.0,1.0
2012-03-22,0.0,0.0,1.0
2012-03-23,0.0,0.0,1.0
2012-03-26,0.0,0.0,1.0
2012-03-27,-0.0,0.0,1.0
2012-03-28,0.0,0.0,1.0
2012-03-29,0.0,0.0,0.0
2012-03-30,-0.0,0.0,0.0
2012-04-02,-0.0,0.0,0.0
2012-04-03,0.0,0.0,0.0
2012-04-04,-0.0,0.0,0.0
2012-04-05,-0.0,0.0,0.0
2012-04-09,-0.0,0.0,0.0
2012-04-10,-0.0,0.0,0.0
2012-04-11,-0.0,0.0,0.0
2012-04-12,0.0,0.0,0.0
2012-04-13,0.0,0.0,0.0
2012-04-16,-0.0,0.0,0.0
2012-04-17,-0.0,0.0,0.0
2012-04-18,-0.00019085401464211902,0.37574384132667177,1.0
2012-04-19,-0.009596628459147976,0.37574384132667177,1.0
2012-04-20,-0.010343857449426829,0.2714655640034212,1.0
2012-04-23,0.009854599754939483,0.2538852751157658,1.0
2012-04-24,-0.010404441422186265,0.2714655640034212,1.0
2012-04-25,-0.0018889244383096132,0.2363799337536102,1.0
2012-04-26,0.0058042719196748065,0.2363799337536102,1.0
2012-04-27,0.0005002111185987344,0.2363799337536102,1.0
2012-04-30,-0.003752256465224456,0.2363799337536102,1.0
2012-05-01,-0.02840962246140493,0.0,1.0
2012-05-02,-0.000355783406407923,0.7004485813655984,0.7004485813655984
2012-05-03,0.026809399061357986,0.7023345130210046,0.7023345130210046
2012-05-04,0.020135505809310672,0.3258160107677019,0.48742061847699736
2012-05-07,0.0012512215538977944,0.2510088287378412,0.4587442389267304
2012-05-08,0.013714244831787802,0.25078922556975364,0.458342891736208
2012-05-09,0.009790784417650404,0.09722411022371306,0.4113044143800052
2012-05-10,-0.00292556169386296,0.10372654460070958,0.4085567568005379
2012-05-11,0.0014619404293495235,0.09572575355559135,0.4049656501527357
2012-05-14,-0.000995028349011396,0.09570354556262764,0.4048716997373555
2012-05-15,0.0014482973818410714,0.095570911669038,0.40431059502984723
2012-05-16,8.002864387862632e-05,0.10039135609752142,0.42470337690408194
2012-05-17,-0.005742526775653219,0.10049667087251059,0.42514890869401356
2012-05-18,0.0038460513642939384,0.41980452144010594,0.41980452144010594
2012-05-21,0.011012535742728456,0.20227735423803722,0.36968249837521266
2012-05-22,0.005985298183577785,0.20086130669854904,0.3670945270514429
2012-05-23,-0.005298864178325215,0.0879536308922198,0.3720858598086332
2012-05-24,-0.001617950735613438,0.20195902680964947,0.3691007225285242
2012-05-25,0.0024995051616214714,0.2418368520919199,0.3617878315415763
2012-05-29,0.0017007666569409882,0.24207569057308406,0.3621451338114397
2012-05-30,0.005263548183956264,0.24390427055247807,0.364880688710632
2012-05-31,-0.000939634288762824,0.22826920103402068,0.41718524971937704
2012-06-01,-0.019696024494048416,0.11399819065460799,0.4199361015571437
2012-06-04,-0.0015233855324717886,0.23270647005790568,0.4252948114886217
2012-06-05,0.001368857094443593,0.28752020656145516,0.4301301110912469
2012-06-06,-0.0003930383106048173,0.2876104515007104,0.4302651174833593
2012-06-07,-0.00014280634367554073,0.3162692795637942,0.47313871251148604
2012-06-08,0.00863465443808709,0.3185043320502098,0.4764823501144704
2012-06-11,0.0009467973406597291,0.25509456700907784,0.46621134238726175
2012-06-12,-0.008761189865414876,0.2550276504369441,0.46608904552579494
2012-06-13,0.006037541059266941,0.43951920505039344,0.43951920505039344
2012-06-14,-0.007153909889216365,0.27805690157135754,0.4159730107073787
2012-06-15,0.008191507977654399,0.27247506145157063,0.4076225801775358
2012-06-18,-0.007437995319888957,0.2237225887694243,0.40887585202406496
2012-06-19,-0.008336785515035115,0.0,0.46642872221189097
2012-06-20,-0.00018230962868556584,0.3589220814747077,0.4392227161749937
2012-06-21,0.020246839493786115,0.371812287046374,0.45499681143260257
2012-06-22,-0.011682975754824089,0.24318086038725503,0.3637984674001607
2012-06-25,0.023477911850288257,0.3524627632861501,0.3524627632861501
2012-06-26,0.0043544009552300205,0.057332398574994614,0.2258201014172735
2012-06-27,-0.0026254425097199875,0.057323981323588374,0.22578694765755897
2012-06-28,0.003526658811667416,0.12282580592941529,0.22447668930601816
2012-06-29,-0.00906851336225445,0.05554605563952372,0.21878407723408144
2012-07-02,-0.003861275785964387,0.0,0.22056369027565417
2012-07-03,-2.611489531809057e-05,0.05141370015749081,0.21750450362289087
2012-07-05,0.0031700978674735793,0.05137157169646407,0.21732628011483857
2012-07-06,0.001050634290272642,0.05893517143486428,0.21709999075286593
2012-07-09,0.000458809955462846,0.059014274054383364,0.21739138174313566
2012-07-10,0.0027146165632011077,0.059263665964120735,0.2183100688357432
2012-07-11,-0.0014357270632993624,0.07733455846372511,0.2181336555675624
2012-07-12,0.002500496201088315,0.08304941609325966,0.22102668615945853
2012-07-13,-0.0015302931816691405,0.07907701344973495,0.22304850971958468
2012-07-16,0.0008198322561218296,0.08415851209302104,0.22397842050018757
2012-07-17,-0.002466235911524162,0.08468512933189976,0.22537995308956904
2012-07-18,0.0026377220813751123,0.06148161467588394,0.22648034531226624
2012-07-19,-0.0005623374124526872,0.08803401918101611,0.2342926470070319
2012-07-20,0.0029994157247461273,0.08772135464624954,0.2334605254913136
2012-07-23,0.000413182886319249,0.08783936274594745,0.24776402269738546
2012-07-24,-0.0055518671474440884,0.09045523341771913,0.2551424760494297
2012-07-25,-0.0032739258654073053,0.11699205141073711,0.4608067614689014
2012-07-26,0.0019680114587690726,0.10774353738832806,0.455806614704589
2012-07-27,0.005812422740851414,0.10969872137917756,0.4640779766590579
2012-07-30,0.005690067896995241,0.20573622648168707,0.5475438419836134
2012-07-31,0.003883831839226274,0.1727645111591831,0.548232393823169
2012-08-01,-0.016235063054047757,0.0,0.6010640760607788
2012-08-02,-9.619101112000126e-05,0.18937605314250247,0.6009456817866802
2012-08-03,-0.008514922597139566,0.0,0.5511588522756173
2012-08-06,-0.0,0.0,0.5506566221497491
2012-08-07,-8.799605353226415e-05,0.17324223039164505,0.5497483368639633
2012-08-08,0.0013875695340709552,0.0,0.549101538311936
2012-08-09,0.0,0.0,0.5635978651775274
2012-08-10,0.0,0.0,0.5724607727041828
2012-08-13,-0.0,0.0,0.5828040273874175
2012-08-14,-0.0,0.0,0.5817241281361668
2012-08-15,0.0,0.0,0.6084333013962115
2012-08-16,-0.0,0.0,0.6109786564752709
2012-08-17,-0.0,0.0,0.6159009194629947
2012-08-20,0.0,0.0,0.6303517136306844
2012-08-21,0.0,0.0,0.6294163076431464
2012-08-22,0.0,0.0,0.7719755380234842
2012-08-23,0.0,0.0,0.823660481439289
2012-08-24,-0.0,0.0,0.8179125038987185
2012-08-27,0.0,0.0,0.8455147798703774
2012-08-28,-0.0,0.0,0.9860194424092023
2012-08-29,0.0,0.0,0.9929202335005277
2012-08-30,0.0,0.0,0.9929202335005277
2012-08-31,-0.0,0.0,1.0
2012-09-04,-0.0,0.0,1.0
2012-09-05,-0.0,0.0,1.0
2012-09-06,0.0,0.0,0.0
2012-09-07,0.0,0.0,0.0
2012-09-10,0.0,0.0,0.0
2012-09-11,0.0,0.0,0.0
2012-09-12,-0.0,0.0,0.0
2012-09-13,-0.0,0.0,0.0
2012-09-14,0.0,0.0,0.0
2012-09-17,-0.0,0.0,1.0
2012-09-18,-0.00018007787687173178,0.3545283200912219,1.0
2012-09-19,0.001884222784560454,0.37574384132667177,1.0
2012-09-20,0.03421744957448276,0.37574384132667177,1.0
2012-09-21,0.004226899516437949,0.0,0.7733425713339479
2012-09-24,-0.0,0.0,0.7733425713339479
2012-09-25,0.0,0.0,0.7733425713339479
2012-09-26,0.0,0.0,0.7733425713339479
2012-09-27,0.0,0.0,0.7733425713339479
2012-09-28,0.0,0.0,0.7733425713339479
2012-10-01,-0.0,0.0,0.7733425713339479
2012-10-02,-0.0,0.0,0.7733425713339479
2012-10-03,0.0,0.0,0.7733425713339479
2012-10-04,0.0,0.0,0.7733425713339479
2012-10-05,0.0,0.0,0.7733425713339479
2012-10-08,-0.0,0.0,0.7733425713339479
2012-10-09,-0.0,0.0,0.7733425713339479
2012-10-10,0.0,0.0,0.7733425713339479
2012-10-11,-0.0,0.0,0.7733425713339479
2012-10-12,-0.0,0.0,0.7733425713339479
2012-10-15,-0.0,0.0,0.8114254697166169
2012-10-16,-0.0,0.0,0.8114254697166169
2012-10-17,-0.00013195402484356318,0.259784486410765,0.8243722620316977
2012-10-18,-0.007701542631585811,0.27024526396271614,0.7192273944092802
2012-10-19,-0.0003630754929702456,0.2538852751157658,1.0
2012-10-22,-0.006228968034254086,0.2538852751157658,1.0
2012-10-23,0.0029480247665017037,0.2363799337536102,1.0
2012-10-24,0.0056987169622113466,0.2363799337536102,1.0
2012-10-25,0.01433437347799152,0.2538852751157658,1.0
2012-10-26,0.006818884379609947,0.37574384132667177,1.0
2012-10-31,0.015826994334777002,0.33495375142614336,0.9447870097936268
2012-11-01,-0.05052994438611573,0.0,0.84393624131119
2012-11-02,-0.00013508555404072808,0.26594968451768336,0.84393624131119
2012-11-05,0.008290349209781701,0.29285543188261554,0.8260424211167738
2012-11-06,0.00110339833512644,0.24845580762333366,0.7884230462534366
2012-11-07,-0.0006377509549759674,0.24854573142446218,0.7887084008116361
2012-11-08,-0.001825577467170959,0.27936280681563735,0.7879844598698234
2012-11-09,0.020591996760789957,0.27807639231627096,0.7843559359227508
2012-11-12,-0.0022050966047030057,0.0,0.6416782200764082
2012-11-13,-0.0,0.0,0.6416782200764082
2012-11-14,-0.00011555205150619144,0.2274931014028144,0.6416782200764082
2012-11-15,0.008596302752143363,0.22777662126401912,0.6424779301281518
2012-11-16,-0.004962558544432195,0.0,0.6238039106927606
2012-11-19,-0.00012676789524589677,0.24957429376535928,0.7039615162510644
2012-11-20,0.006981367109059292,0.26762600128113084,0.7548790494713351
2012-11-21,0.007611696033859764,0.26699710096441653,0.7531051423359263
2012-11-23,-0.008723333590130312,0.0,0.7848726382124929
2012-11-26,-0.00014004465324727615,0.27571291108057494,0.7776893846156849
2012-11-27,0.0018040594295641826,0.2820852740947435,0.7507382505559114
2012-11-28,0.006568273494405349,0.2947090012293344,0.7843348814149008
2012-11-29,0.003455341940725109,0.279775957955099,0.7891498142746713
2012-11-30,-0.014055390607038974,0.2949403967341881,0.8319233754254058
2012-12-03,-0.009199193931124958,0.0,0.7040726088199384
2012-12-04,-0.00013010145967391407,0.2561372487330183,0.7224733095147741
2012-12-05,-0.008309714134806979,0.18463820453711122,0.6801533196850864
2012-12-06,-0.0011477089364487715,0.1672515657007963,0.6587682788004678
2012-12-07,-0.00026034921502058494,0.15554821565306914,0.6580432322787784
2012-12-10,0.0006178167341737259,0.15611603859981454,0.6604453945001167
2012-12-11,0.0027851725215449364,0.19688308821952533,0.8329094821760367
2012-12-12,0.0037945918960466097,0.195477504631192,0.8269631923788731
2012-12-13,-0.004442121100951435,0.20842617232440522,0.8209462806748745
2012-12-14,0.009266718747533343,0.44203199208664085,0.8078585554567874
2012-12-17,-0.015164150717891253,0.17586732348446613,0.692703912837303
2012-12-18,0.004891887754601498,0.3692109432991849,0.6747706606133039
2012-12-19,0.005196570911802163,0.15019145282662888,0.6353815674691762
2012-12-20,-7.440920037861256e-06,0.16457487420672087,0.648225361363232
2012-12-21,0.002385757941438546,0.16880258757441438,0.6648774234639812
2012-12-24,0.001212401513646931,0.16830899728680984,0.6629332764968935
2012-12-26,0.0008140376324268359,0.16954525775635818,0.6678026430601359
2012-12-27,0.0032109465414590643,0.16966838728768602,0.6682876240472047
2012-12-28,-0.00528466250698174,0.1840454651582727,0.6779698406091508
2012-12-31,-0.0042694824565153765,0.15732476063484224,0.6655588659180739
2013-01-02,-0.0,0.0,0.7318626251759538
2013-01-03,-0.00026057617784578204,0.5130093501338834,0.5515407012988658
2013-01-04,-0.021363515144344834,0.5311847305739211,0.5710812068893701
2013-01-07,0.00831949552937517,0.0,0.45355172046330217
2013-01-08,0.0,0.0,0.4533453926299923
2013-01-09,-0.00021414978391435052,0.42160738708137757,0.4532736759728835
2013-01-10,-0.007794938720099964,0.4205470441227053,0.45213369226909567
2013-01-11,-0.02767296428054846,0.0,0.4426286709222789
2013-01-14,0.0,0.0,0.445628757213216
2013-01-15,-0.0,0.0,0.4453076427152549
2013-01-16,-0.0,0.0,0.5007972939014038
2013-01-17,0.0,0.0,0.5009250955902225
2013-01-18,0.0,0.0,0.5357391658328071
2013-01-22,0.0,0.0,0.5403522284738586
2013-01-23,0.0,0.0,0.5403540824616425
2013-01-24,-0.00025784050564777773,0.5076234954940624,0.5457503233177132
2013-01-25,9.567880386610328e-05,0.49770429168014296,0.5350861032086105
2013-01-28,0.021556052741131565,0.4988102307820555,0.5362751077125313
2013-01-29,0.01140095428689681,0.40892872118818346,0.40892872118818346
2013-01-30,0.023873813503891398,0.2651023657198273,0.3840068296117492
2013-01-31,0.0025571199613720506,0.18296905225576807,0.33402641940659294
2013-02-01,0.00627369155592123,0.20146485867475278,0.3677921733196358
2013-02-04,0.0023793462942512324,0.10461598423794241,0.3603896354067519
2013-02-05,0.002938363067607252,0.12722285791163246,0.438267629102411
2013-02-06,2.9949429346621573e-05,0.12148337067391961,0.43994827136854125
2013-02-07,-0.0005737190458613078,0.1214973029589596,0.4399987267081121
2013-02-08,0.009857910627920453,0.12348497125247225,0.4471970059864519
2013-02-11,-0.010562915293839053,0.15218022450791963,0.47163150161954664
2013-02-12,0.002071763811438155,0.11785043335456637,0.4059807401188317
2013-02-13,-0.000642748655246951,0.11838121905819446,0.4078092338007777
2013-02-14,0.00806892589858678,0.11805342565052117,0.40668002445919726
2013-02-15,0.006821342833002436,0.12995810612506362,0.40276150818930107
2013-02-19,-0.006648381617090617,0.10228228816382036,0.40158886093111
2013-02-20,0.00041545625602417693,0.12441245671467818,0.38557463014826154
2013-02-21,0.0004934069115388694,0.1246706368939521,0.38637477291341443
2013-02-22,0.003970075157627556,0.1249208106215064,0.38715010237014064
2013-02-25,-0.0021749232493315945,0.11233233401877529,0.38712597343681265
2013-02-26,-0.009042259668050518,0.12350978182798,0.3827770924677624
2013-02-27,-0.015652170405256797,0.0,0.3846675371349328
2013-02-28,0.0,0.0,0.27637644803194
2013-03-01,-0.0001540468769998071,0.3032797890933702,0.3032797890933702
2013-03-04,-0.004098634403019953,0.0,0.1261281706117406
2013-03-05,0.0,0.0,0.12620684784322433
2013-03-06,-0.0,0.0,0.12615528621924227
2013-03-07,-0.0,0.0,0.12609224444177422
2013-03-08,0.0,0.0,0.1260909295616047
2013-03-11,-0.0,0.0,0.12611676860439705
2013-03-12,-1.635360907359098e-05,0.03219616786363224,0.12641115691500918
2013-03-13,-0.0004909813949889427,0.04122568996268049,0.1277651818774194
2013-03-14,-0.0005362422316820449,0.03380688583174858,0.1275933797475055
2013-03-15,0.0003212266772612124,0.033795047360897175,0.12754869918998563
2013-03-18,-0.001346773289662448,0.033862202734229255,0.12780215587021018
2013-03-19,-0.001561029608983447,0.0,0.12775190395186026
2013-03-20,-6.488420280119557e-05,0.12774077426485378,0.12774077426485378
2013-03-21,-0.00255965062435994,0.0688503147212953,0.1256924262209283
2013-03-22,-0.003190165663015945,0.08654104959032324,0.12535668625294244
2013-03-25,-0.002950963939884272,0.0,0.12371286569492822
2013-03-26,-0.0,0.0,0.12236291350297959
2013-03-27,0.0,0.0,0.12336347994120002
2013-03-28,0.0,0.0,0.13081346495143328
2013-04-01,0.0,0.0,0.13081346495143328
2013-04-02,-0.0,0.0,0.4231988327747001
2013-04-03,-0.00021495813728238737,0.4231988327747001,0.4231988327747001
2013-04-04,0.002537039582753669,0.0,0.3292408683071711
2013-04-05,-0.0,0.0,0.3292408683071711
2013-04-08,0.0,0.0,0.3292408683071711
2013-04-09,0.0,0.0,0.3292408683071711
2013-04-10,-0.0,0.0,0.3292408683071711
2013-04-11,-0.0,0.0,0.3283962460718022
2013-04-12,0.0,0.0,0.3276484725420362
2013-04-15,0.0,0.0,0.3270441867326129
2013-04-16,0.0,0.0,0.32783552016602885
2013-04-17,-0.0,0.0,0.3278327109648849
2013-04-18,0.0,0.0,0.3290326864558891
2013-04-19,0.0,0.0,0.40779117832714706
2013-04-22,-0.0,0.0,0.4069448464827819
2013-04-23,-0.0,0.0,0.4414437386690346
2013-04-24,-0.0,0.0,0.49156199682478374
2013-04-25,0.0,0.0,0.49156199682478374
2013-04-26,0.0,0.0,0.49156199682478374
2013-04-29,-0.0,0.0,0.49156199682478374
2013-04-30,-0.0,0.0,0.49156199682478374
2013-05-01,-0.0,0.0,0.49156199682478374
2013-05-02,-0.0,0.0,0.0
2013-05-03,0.0,0.0,0.0
2013-05-06,0.0,0.0,0.0
2013-05-07,-0.0,0.0,0.0
2013-05-08,-0.0,0.0,0.0
2013-05-09,0.0,0.0,0.0
2013-05-10,-0.0,0.0,0.0
2013-05-13,-0.0,0.0,0.0
2013-05-14,0.0,0.0,0.0
2013-05-15,0.0,0.0,0.0
2013-05-16,-0.00047441949800093694,0.9340133866893446,0.9340133866893446
2013-05-17,0.008339600625607974,0.9309563625158842,0.9309563625158842
2013-05-20,-0.019579142905835244,0.9052414223484033,0.9052414223484033
2013-05-21,-0.05132967304932515,0.6780600253109464,0.7289880813773213
2013-05-22,0.009494942214054844,0.0,0.4268915374500706
2013-05-23,-0.00020168550556919282,0.39706833908934835,0.4268915374500706
2013-05-24,0.00571403073958828,0.3961115163725501,0.42586284923590084
2013-05-28,0.0035065910053781926,0.3862794301232427,0.4152922899590403
2013-05-29,-0.000493628987555012,0.4115112312849853,0.4115112312849853
2013-05-30,-0.009627366873130368,0.41150772134057617,0.41150772134057617
2013-05-31,-8.598846537104997e-05,0.3632655271976024,0.39054984782632074
2013-06-03,-0.01068897169501371,0.3905680160218991,0.3905680160218991
2013-06-04,0.023368423127784036,0.3650714276988408,0.3650714276988408
2013-06-05,-0.006290588383450557,0.19496568743505427,0.2824122497425566
2013-06-06,-0.00011648339092681299,0.19369518987243786,0.2805719050148698
2013-06-07,-0.002981719317145465,0.19370062787332906,0.2805797820833221
2013-06-10,-0.0040281617788634465,0.1928112721245957,0.2792915299753458
2013-06-11,-0.005221493123247289,0.2770758188539256,0.2770758188539256
2013-06-12,-0.003698623948921206,0.26935891351034374,0.26935891351034374
2013-06-13,0.013334248659901906,0.2683754990982215,0.2683754990982215
2013-06-14,0.0015477386692037782,0.17196566000874616,0.24909618487464022
2013-06-17,-0.008431054017364267,0.17162646623095965,0.24860485494298096
2013-06-18,0.0009454487265406347,0.24152101950564836,0.24152101950564836
2013-06-19,0.006992688899294307,0.24317514338609691,0.24317514338609691
2013-06-20,-0.014995166596594087,0.0,0.26073330879693396
2013-06-21,-0.00012319584236973046,0.24254181466540684,0.24254181466540684
2013-06-24,-0.01996121586515772,0.23668105505011033,0.23668105505011033
2013-06-25,-0.0010315218382767179,0.0,0.1968028051650376
2013-06-26,-9.343953352327735e-05,0.18395908162395228,0.19777596814305826
2013-06-27,-0.005570574155179726,0.18360172118304763,0.19739176690356508
2013-06-28,0.0047157588424107015,0.0,0.19648048546926836
2013-07-01,-9.979486674547217e-05,0.19647114390514833,0.19647114390514833
2013-07-02,0.00032927761643379236,0.0,0.17557784420404607
2013-07-03,-9.280641839955292e-05,0.18271263622411982,0.1964359041271199
2013-07-05,0.0016155266145768425,0.1769515249921358,0.190242084602544
2013-07-08,-0.0033557368297016275,0.18910374668535018,0.18910374668535018
2013-07-09,0.007499873531927131,0.1756053112605365,0.18879475880735008
2013-07-10,-0.002235795961060441,0.17992925399637064,0.17992925399637064
2013-07-11,0.01415171260063413,0.18124131882523875,0.18124131882523875
2013-07-12,0.01793722001109244,0.10957404121569105,0.15872050051584152
2013-07-15,-0.00424522023053113,0.0443795478334082,0.1528822691838497
2013-07-16,0.0030946597290729245,0.044355548675293704,0.15279959493568432
2013-07-17,-0.0016941499926094012,0.04257858851196012,0.15419704202503498
2013-07-18,-0.0022987492569697177,0.04471669325043378,0.15404369508645893
2013-07-19,0.00042490787217734513,0.08542308118254673,0.15594749817143067
2013-07-22,-0.0044300467129801575,0.0,0.1600549902664286
2013-07-23,-5.6147244879560446e-05,0.11053988835663463,0.16011955215190007
2013-07-24,0.007326042089409607,0.12530049692948284,0.18150063068663425
2013-07-25,-0.00784617958633816,0.05061231117451659,0.17435339832764982
2013-07-26,0.0028344022282829535,0.12021165438542034,0.17412932607215914
2013-07-29,-0.003724043361278687,0.050420193129268695,0.17369157448890957
2013-07-30,0.0035068737673431124,0.09478940851626763,0.1730465689907925
2013-07-31,-0.003163853527765463,0.05670457620978123,0.20535386978305722
2013-08-01,-0.0066330912411589164,0.0,0.20367566854629698
2013-08-02,-9.20096345372589e-05,0.18114396799522844,0.19474941561605824
2013-08-05,-0.009356412186361168,0.0,0.19230834867349322
2013-08-06,-0.0,0.0,0.19545865507502297
2013-08-07,-0.0,0.0,0.19966878177281183
2013-08-08,0.0,0.0,0.2014457139124387
2013-08-09,-0.0,0.0,0.23910439930161537
2013-08-12,0.0,0.0,0.294554371104636
2013-08-13,0.0,0.0,0.2966685932101152
2013-08-14,0.0,0.0,0.3042394652511674
2013-08-15,-0.0001446299863528537,0.28474028563218073,0.30612669493183126
2013-08-16,-0.006488774466227131,0.28890139492762995,0.31060033881063065
2013-08-19,-0.01117693854544061,0.0,0.30293052491439426
2013-08-20,0.0,0.0,0.31830426090761704
2013-08-21,-0.00016206575476463008,0.31906695469286545,0.31906695469286545
2013-08-22,-0.008474609156942453,0.07906255134057484,0.2723610952906691
2013-08-23,0.0005574038888234353,0.15155491131216264,0.27667708688964665
2013-08-26,-0.009852985169155682,0.1637061549789138,0.29886027231527906
2013-08-27,0.002984079155125682,0.27983632378189754,0.27983632378189754
2013-08-28,0.018209426168006623,0.20612547588452768,0.2985774581139868
2013-08-29,0.0019145579337630694,0.07803618388540841,0.26882538135885264
2013-08-30,-0.0033442315213185483,0.07924860454476433,0.2869963714739368
2013-09-03,-0.020711562457685215,0.0,0.28845252482460865
2013-09-04,0.0,0.0,0.22448381979212184
2013-09-05,-0.00010605769549173382,0.20880108799935093,0.22448381979212184
2013-09-06,-0.01463587772692223,0.0,0.18174790530530757
2013-09-09,-0.0,0.0,0.18174790530530757
2013-09-10,-0.0,0.0,0.18174790530530757
2013-09-11,-0.0,0.0,0.18174790530530757
2013-09-12,0.0,0.0,0.18174790530530757
2013-09-13,0.0,0.0,0.18174790530530757
2013-09-16,-0.0,0.0,0.18164439298558405
2013-09-17,-0.0,0.0,0.18265796715808594
2013-09-18,0.0,0.0,0.18265796715808594
2013-09-19,-0.0,0.0,0.18265796715808594
2013-09-20,0.0,0.0,0.21146917166389603
2013-09-23,-0.0,0.0,0.21112604578970087
2013-09-24,0.0,0.0,0.21161032731773782
2013-09-25,0.0,0.0,0.2168322322598007
2013-09-26,-0.00011215933063522595,0.22081368218810107,0.22081368218810107
2013-09-27,-0.013419927402341172,0.1401775549204467,0.20305038886230373
2013-09-30,-0.00935642291139888,0.0,0.19691885471507475
2013-10-01,-6.389394266606246e-05,0.12579119962381047,0.1822114247431831
2013-10-02,-0.010101509956263008,0.20016692887166312,0.20016692887166312
2013-10-03,0.019743766985446123,0.16631077544885664,0.17880212456299668
2013-10-04,-0.01989038778864623,0.0,0.1690269428994341
2013-10-07,-7.216688566730173e-05,0.14207855615750029,0.15274986017737752
2013-10-08,-0.00013315433672206082,0.08879989913703572,0.12862868139582895
2013-10-09,0.010442577137867818,0.08880125578109246,0.1286306465257203
2013-10-10,0.01018618678408995,0.034922658112791306,0.12030440774784458
2013-10-11,-0.0009429135140753886,0.03160487836642542,0.11928260021791143
2013-10-14,-0.0011653780941366515,0.03157300779587165,0.11916231484671
2013-10-15,0.0019528823189379175,0.03285376104776805,0.11897887999599013
2013-10-16,0.0010422046340397967,0.03147539711563235,0.11879391425952876
2013-10-17,-0.0013892806392215087,0.03833166314372514,0.11879611760665326
2013-10-18,0.003399729413971159,0.031381998456693226,0.11844141061227663
2013-10-21,0.001593849401958422,0.034258096869361446,0.11806216985064623
2013-10-22,0.00045799497161902914,0.0,0.11799758979506436
2013-10-23,-0.0,0.0,0.11799758979506436
2013-10-24,-1.933917666423346e-05,0.03807400405770962,0.11799758979506436
2013-10-25,-0.0017897364213677288,0.03955294713053187,0.12258107719955745
2013-10-28,0.003164426812110082,0.03304653257159629,0.12472366726503377
2013-10-29,-0.00026171291760396595,0.038241777848158555,0.1317909540893925
2013-10-30,0.007146506077013441,0.03895514784260428,0.13424940967061685
2013-10-31,-0.0006318470375898774,0.0,0.14725852865801967
2013-11-01,-0.0,0.0,0.16124652420678984
2013-11-04,-0.0,0.0,0.19467674678664726
2013-11-05,0.0,0.0,0.26659329910903967
2013-11-06,-0.0,0.0,0.2667360208358742
2013-11-07,-0.0,0.0,0.372681312384402
2013-11-08,-5.177265792165226e-05,0.10192742028325288,0.400195550412774
2013-11-11,0.005737260455463488,0.0,0.3952494465005863
2013-11-12,0.0,0.0,0.4049427409880154
2013-11-13,0.0,0.0,0.40787025133658195
2013-11-14,0.0,0.0,0.40653272314125094
2013-11-15,-0.0,0.0,0.42438724199738587
2013-11-18,0.0,0.0,0.43911791034875486
2013-11-19,-0.0,0.0,0.44321734700643206
2013-11-20,0.0,0.0,0.44321734700643206
2013-11-21,0.0,0.0,0.44321734700643206
2013-11-22,0.0,0.0,0.44444413600248506
2013-11-25,-0.0,0.0,0.4672617685422502
2013-11-26,0.0,0.0,0.4866234563512684
2013-11-27,0.0,0.0,0.4883440080213756
2013-11-29,-0.0,0.0,1.0
2013-12-02,-0.0,0.0,1.0
2013-12-03,-0.0,0.0,1.0
2013-12-04,-0.0,0.0,1.0
2013-12-05,-0.0,0.0,1.0
2013-12-06,0.0,0.0,1.0
2013-12-09,-0.0,0.0,1.0
2013-12-10,-0.0,0.0,0.0
2013-12-11,0.0,0.0,0.0
2013-12-12,-0.0,0.0,0.0
2013-12-13,0.0,0.0,0.0
2013-12-16,-0.00012936839969423036,0.254694036898016,1.0
2013-12-17,-0.00030213140172759517,0.2901699749606451,1.0
2013-12-18,0.019882694701790004,0.2901699749606451,1.0
2013-12-19,0.006785170144003949,0.0,1.0
2013-12-20,0.0,0.0,1.0
2013-12-23,0.0,0.0,1.0
2013-12-24,0.0,0.0,1.0
2013-12-26,0.0,0.0,1.0
2013-12-27,-0.0,0.0,1.0
2013-12-30,-0.0,0.0,1.0
2013-12-31,0.0,0.0,1.0
2014-01-02,-0.0,0.0,1.0
2014-01-03,-0.0,0.0,1.0
2014-01-06,-0.00022806678796826818,0.44900648881252797,1.0
2014-01-07,0.020823466364351836,0.44900648881252797,1.0
2014-01-08,0.012257620969243547,0.0,0.9382777729214842
2014-01-09,-0.0,0.0,0.9382777729214842
2014-01-10,-0.0,0.0,0.9382777729214842
2014-01-13,-0.0,0.0,0.9382777729214842
2014-01-14,-0.0,0.0,0.9382777729214842
2014-01-15,-0.0002493596935565725,0.4909268966895022,0.957553011905516
2014-01-16,-0.01344542653762618,0.4170585925339928,0.7644496331100874
2014-01-17,0.016040972199085683,0.3811552145941527,0.6986403569439656
2014-01-21,-0.012802831438030309,0.3531585333757812,0.6888357912237104
2014-01-22,0.0026601685225084016,0.3438596791806184,0.6302793187735393
2014-01-23,-0.00746271953000445,0.3423731119495817,0.6275545079323219
2014-01-24,0.02446475251685561,0.2649719775792802,0.6062628739962125
2014-01-27,-0.01054748112356922,0.25667815349041256,0.5006507906217692
2014-01-28,-0.013025415174324307,0.2550659851255617,0.46752447315230944
2014-01-29,0.021259605805560702,0.154785296500112,0.42453114422854465
2014-01-30,-0.002359434514129288,0.2088989503452056,0.38290237584652775
2014-01-31,0.006006400824066963,0.2075266192591417,0.38038695471859213
2014-02-03,-0.03188589593806169,0.0,0.3719540219520729
2014-02-04,-0.00016034961683879468,0.31568830815137705,0.31568830815137705
2014-02-05,0.015872388300746495,0.21350754105590058,0.27188878380666665
2014-02-06,0.006918975205834198,0.22202653128175343,0.2559967390072446
2014-02-07,0.006133262609863027,0.24574340213624377,0.24574340213624377
2014-02-10,-0.018857678758469835,0.17196957139132202,0.2375594252221975
2014-02-11,0.011074335610206485,0.18745901010939878,0.21614036398485145
2014-02-12,-0.0032817503119676626,0.19633668273249358,0.19633668273249358
2014-02-13,0.006512043770494255,0.16921984437358484,0.19511059369737246
2014-02-14,0.01264266646167814,0.19266303058954198,0.19266303058954198
2014-02-18,-0.01005260492190683,0.0991149648683211,0.17290075577651232
2014-02-19,-0.0023153105885422355,0.1702037664983918,0.1702037664983918
2014-02-20,0.012196659797444708,0.1693682593415222,0.1693682593415222
2014-02-21,-0.006384976710635148,0.08953625353204153,0.15619120609742926
2014-02-24,-0.003511795060459815,0.15514074283567397,0.15514074283567397
2014-02-25,0.0018167669274228712,0.13251775735368518,0.1527930628256618
2014-02-26,-0.0026468404641253147,0.15385207440474544,0.15385207440474544
2014-02-27,-0.011206429258332934,0.0,0.15487474088535552
2014-02-28,-4.773055611866648e-05,0.09396953235862464,0.14756782211617878
2014-03-03,0.01918375792945637,0.0987952250556559,0.1467498094502919
2014-03-04,0.00024996997763227765,0.06843744890496775,0.11938546974017412
2014-03-05,-0.00020502056770414355,0.07037448265283922,0.12276452152530604
2014-03-06,-0.0003381990317039456,0.09290294528080019,0.12833648478506274
2014-03-07,0.0008211537441406243,0.09360001447613292,0.12929941884394067
2014-03-10,0.000688616835946191,0.09399298142063231,0.12984226488764086
2014-03-11,0.006784033781257575,0.07476904006464974,0.1304305919195676
2014-03-12,0.004369960430545524,0.049354006260297095,0.1353637149245085
2014-03-13,-0.0021716190355047143,0.06058711237754666,0.1386249112555788
2014-03-14,0.0010886617903691875,0.05048099381681301,0.1384547147010841
2014-03-17,-0.004934506684300743,0.0,0.13910820945409716
2014-03-18,-5.323205888861435e-05,0.1048006159369595,0.14477197264313643
2014-03-19,-0.008686512750475784,0.10547184039124148,0.1456992046776425
2014-03-20,0.009425466261642337,0.10947188661853884,0.13940574635695405
2014-03-21,0.0014816663275951743,0.10118157799952691,0.13977261976158825
2014-03-24,-0.0033454558854957624,0.10187993523716023,0.14073733312703834
2014-03-25,0.0014449576078174443,0.14271610515156358,0.14271610515156358
2014-03-26,-0.0023608329955518955,0.1032185244921714,0.1425864654558354
2014-03-27,0.0014393131119612493,0.14321963374775115,0.14321963374775115
2014-03-28,-0.0024651957221991216,0.1111216226416676,0.15350383553868988
2014-03-31,-0.004929352290465764,0.15292029502382937,0.15292029502382937
2014-04-01,0.000399794846037264,0.21594053955760545,0.21594053955760545
2014-04-02,-0.002445745072300124,0.21586659999623817,0.21586659999623817
2014-04-03,0.01088238600181956,0.21533045855876365,0.21533045855876365
2014-04-04,-0.002714077775722096,0.11442827117577892,0.19961399971010257
2014-04-07,0.001557575181246138,0.1444867525289972,0.19959455388130687
2014-04-08,2.6235728486768012e-05,0.11419223413128812,0.1992022457086969
2014-04-09,0.00013258569010195185,0.12011562601297555,0.20953528607717062
2014-04-10,-0.00013168697308055152,0.1221821315023927,0.21314019439158333
2014-04-11,-0.0013244151572976179,0.12314335307359328,0.21481699401866353
2014-04-14,0.005626526381202357,0.15587144738584646,0.2153214150035513
2014-04-15,0.003613737739920747,0.06535956444097483,0.21508109606798334
2014-04-16,0.0008130803669243481,0.0796367158417738,0.21842039821196607
2014-04-17,-0.0006414744560551366,0.09220667504694957,0.25289614807284216
2014-04-21,0.003655483103838109,0.11691040404376192,0.3206513068305801
2014-04-22,0.012318821220173143,0.17375421192951282,0.318483651790539
2014-04-23,0.0025366633855860013,0.0,0.280367768943816
2014-04-24,-0.0,0.0,0.28117179128562153
2014-04-25,0.0,0.0,0.2851632373165092
2014-04-28,-0.0,0.0,0.28599371480259617
2014-04-29,-6.623981302613055e-05,0.1304096318951945,0.2904404171086355
2014-04-30,-0.002900601542287946,0.0,0.34460803358243713
2014-05-01,-7.83631247302629e-05,0.15427740181270508,0.3435972656446842
2014-05-02,-0.00042454657139020987,0.13496289236576142,0.308798657714763
2014-05-05,-0.005298425576237918,0.0,0.3566826304346988
2014-05-06,-0.0,0.0,0.3600856476645379
2014-05-07,0.0,0.0,0.36053669996565574
2014-05-08,0.0,0.0,0.36049592198412056
2014-05-09,-0.0,0.0,0.36034143255834117
2014-05-12,-0.00010496976698932554,0.20665922876023468,0.36050597292050457
2014-05-13,-0.0027189673971733017,0.20852624917933857,0.3637628901977503
2014-05-14,0.0059145162592575,0.28312091769999653,0.39110432114844623
2014-05-15,0.006526489594816426,0.11535499637223544,0.37960288243757745
2014-05-16,-0.001062277378818049,0.13822256014313514,0.37910436548294196
2014-05-19,-0.0059006818132925415,0.1151466911055043,0.3789174047195347
2014-05-20,0.0012260597276100584,0.2719246317275667,0.37563772878146656
2014-05-21,-0.008447532271246911,0.3400073929165737,0.5931247141436128
2014-05-22,0.008943748029063647,0.5585097243096765,0.5585097243096765
2014-05-23,-0.0014942089150595107,0.27931867814228856,0.48725649671025445
2014-05-27,-0.00952895951664645,0.0,0.4871700232172606
2014-05-28,0.0,0.0,0.4871700232172606
2014-05-29,-0.0,0.0,0.4941197767155917
2014-05-30,-0.0,0.0,0.4941197767155917
2014-06-02,-0.00012016945484218188,0.23658361422054558,0.6488801890217016
2014-06-03,-0.004270290880980684,0.4251996449298244,0.5873724196495193
2014-06-04,-0.011959661658376806,0.5672430382702345,0.5672430382702345
2014-06-05,0.031322779668161355,0.43077873536301853,0.49668816987756276
2014-06-06,-0.015811515930656,0.21362190629746952,0.372651991536517
2014-06-09,-0.0019491145225633878,0.35856888780727236,0.35856888780727236
2014-06-10,-0.0055274819389844266,0.3566517163487867,0.3566517163487867
2014-06-11,0.01631442738418493,0.3046534916406977,0.3512656795426812
2014-06-12,0.01989091676655424,0.1793964763662703,0.3129475593174043
2014-06-13,-0.009668335767655249,0.12903223794237484,0.29522916395829624
2014-06-16,0.0033633993978438976,0.16422472790912757,0.28648125548350634
2014-06-17,0.010676832848267011,0.0861011138058777,0.2833360670077033
2014-06-18,0.0036678895527969325,0.14430954681718086,0.28147580043655507
2014-06-19,0.003204954813161889,0.0,0.2765406814284963
2014-06-20,-0.0,0.0,0.28290107946802767
2014-06-23,0.0,0.0,0.29129772636181034
2014-06-24,0.0,0.0,0.29144962562343446
2014-06-25,-0.0,0.0,0.29144962562343446
2014-06-26,-8.076461503757176e-05,0.1590053358552194,0.29144962562343446
2014-06-27,0.0017911212963747166,0.14940344711719927,0.29141145400844326
2014-06-30,-0.004268422902871843,0.14942544753927486,0.2914543658361792
2014-07-01,-0.0069593023099575255,0.0,0.2946722916256915
2014-07-02,-8.29114756498472e-05,0.1632319676856367,0.29919685157656134
2014-07-03,0.0004013951227969527,0.1746572264546771,0.3201388367808798
2014-07-07,-0.004225286783256919,0.20256689422844712,0.37129600191744017
2014-07-08,-0.008274617996339939,0.16720314691565993,0.38256521054181697
2014-07-09,0.0006565859612359929,0.2131348598897989,0.37180236512443726
2014-07-10,0.0022048992323251667,0.22057393950141485,0.38477944168233996
2014-07-11,0.0026807605406680706,0.13592338570043946,0.4472880293460802
2014-07-14,0.003390490898226024,0.20108298622397852,0.5515122699428787
2014-07-15,-0.0003646346340117717,0.2745471510803584,0.6281711235356912
2014-07-16,-0.020726344530515344,0.2871052437329624,0.6569043707757714
2014-07-17,-0.026348761182502498,0.0,0.5527000099192626
2014-07-18,-0.0,0.0,0.2827631022183949
2014-07-21,-0.0,0.0,0.2827631022183949
2014-07-22,-0.0,0.0,0.2827631022183949
2014-07-23,0.0,0.0,0.2827631022183949
2014-07-24,-9.669200714174108e-05,0.19036238906030276,0.2827631022183949
2014-07-25,0.013425257674200004,0.1775449802818918,0.27881298768061835
2014-07-28,-0.0037837116806363883,0.18080258769397325,0.24976138780696916
2014-07-29,0.014527064325075417,0.24974013989035998,0.24974013989035998
2014-07-30,-0.003930159249887704,0.07279022431551324,0.19964245904516462
2014-07-31,0.006411006126541057,0.06062972310123323,0.19951643512998105
2014-08-01,-0.007650731268170114,0.0,0.1958052847958916
2014-08-04,-6.563943736471396e-05,0.1292276423117806,0.17851556052639836
2014-08-05,0.002066655712288927,0.15227699754841684,0.17557547998054296
2014-08-06,0.012396151667062085,0.17532089281715413,0.17532089281715413
2014-08-07,0.007030183041216127,0.056671465406246645,0.15543338158094924
2014-08-08,-0.0032703738995468897,0.06777267706589306,0.1550656727996525
2014-08-11,-0.001554086354622401,0.04660314559042355,0.15335866631816558
2014-08-12,-0.0006957980807848758,0.08794953369346552,0.15342325819309555
2014-08-13,0.005307824911879243,0.11095281479086094,0.15327064372640484
2014-08-14,-0.009522563579555731,0.0,0.15183505424074809
2014-08-15,-8.864119504288468e-05,0.1745123527406792,0.1745123527406792
2014-08-18,-0.007781242045418085,0.14860237588024974,0.1713386387404193
2014-08-19,0.025003275541175728,0.1054553273284551,0.16560487845165472
2014-08-20,-0.005456603971924334,0.06177714088493713,0.14134772787044936
2014-08-21,0.010419632111177355,0.08011309578670577,0.1397530113391058
2014-08-22,-0.00036522198540983456,0.0,0.1277335374400423
2014-08-25,0.0,0.0,0.12923856514673374
2014-08-26,-0.0,0.0,0.1300192740890155
2014-08-27,-0.0,0.0,0.13827709326826296
2014-08-28,-0.0,0.0,0.13845689502030933
2014-08-29,-0.0,0.0,0.13917969610752953
2014-09-02,-0.0,0.0,0.14912866623225723
2014-09-03,-3.397756623247947e-05,0.06689333352019396,0.15305371157222025
2014-09-04,0.0003658093345290362,0.08352235127478697,0.1530927115074333
2014-09-05,0.0018835936823118039,0.09156100938156922,0.16782721008973084
2014-09-08,-0.0005044440762698173,0.0754079055103871,0.16794391036489428
2014-09-09,-0.002702403821810171,0.08761703384402639,0.1708970423444494
2014-09-10,-0.0003049327244182112,0.07406489841395628,0.16946244121700618
2014-09-11,-0.004410908299249371,0.07428474783133886,0.1699654624830526
2014-09-12,0.0007132678752796698,0.09848034904816108,0.17179370241601147
2014-09-15,-0.0016582298781048484,0.053517334182809934,0.17611143821299968
2014-09-16,-0.0026022101013941264,0.0,0.17921205839212115
2014-09-17,-8.045009237695487e-05,0.1583861193671299,0.18261930152187006
2014-09-18,0.005426396302737436,0.1774777459933011,0.2451684387347804
2014-09-19,0.01973391138705866,0.0752324753949728,0.24757024325752983
2014-09-22,-0.001113509749313013,0.0,0.40921475317757117
2014-09-23,-9.332829434643633e-05,0.18374007949454652,0.40921475317757117
2014-09-24,-0.001851338437950099,0.0,0.3839725718209932
2014-09-25,0.0,0.0,0.3839725718209932
2014-09-26,-0.0,0.0,0.3839725718209932
2014-09-29,-8.757139112312908e-05,0.17240617627366037,0.3839725718209932
2014-09-30,-0.004332349298761837,0.17236058836110021,0.38387104118904014
2014-10-01,-0.03171871181319857,0.0,0.3769046086319529
2014-10-02,-0.00011029622050749447,0.21714568412412974,0.37879903351173744
2014-10-03,0.0013396564915838399,0.2383451836662292,0.3035180012504608
2014-10-06,0.006061896398033404,0.2655673506170335,0.30619933281073264
2014-10-07,0.0005536744860158568,0.2969296521941107,0.2969296521941107
2014-10-08,-0.005217794204471553,0.3032923475739545,0.3032923475739545
2014-10-09,-0.004166427231503516,0.25793372453035157,0.2973977568292057
2014-10-10,-0.0032274656283671657,0.26676829502523725,0.30758402251630207
2014-10-13,-0.0004781363163937358,0.26502464248937124,0.3055735899767018
2014-10-14,0.010000084803018072,0.2654346835609987,0.3060463676064278
2014-10-15,-0.016651055513294793,0.3044233215029219,0.3044233215029219
2014-10-16,0.018691952659814666,0.20051606638555994,0.2553449360788282
2014-10-17,0.01189524635663373,0.2380249016612657,0.2380249016612657
2014-10-20,-0.01583301336912603,0.12580532821452153,0.2194606672958145
2014-10-21,0.005307515285157079,0.20979872213234071,0.20979872213234071
2014-10-22,0.001535846456182372,0.11668029375498044,0.20354253266662453
2014-10-23,0.0017580755022246,0.11662964095827459,0.20345417157156415
2014-10-24,0.0010788589881545645,0.11642758062607161,0.20310168812774956
2014-10-27,-0.00330179064816313,0.06168975742894046,0.20300472864942234
2014-10-28,0.0023866903577057716,0.1160927543586334,0.20251760160992846
2014-10-29,0.004081590483983483,0.06109483794615516,0.2010470054680628
2014-10-30,0.00029979373735692744,0.0877332293489808,0.20073594293255997
2014-10-31,-0.000828931954733159,0.0968241889142655,0.22153629821459658
2014-11-03,-0.00026879516421972284,0.12050160134358413,0.22087401287331776
2014-11-04,-0.00151570474738373,0.1215486482051171,0.22279320265498542
2014-11-05,-0.011041482279952627,0.09701477562464535,0.22197236563514408
2014-11-06,0.015284435461145517,0.12178737611128997,0.21245156472239873
2014-11-07,-0.0002398057751950651,0.08010611975382508,0.17840748797568376
2014-11-10,-0.0006987966906636881,0.08057623805938809,0.17945450693259532
2014-11-11,-0.0026134828872359677,0.09190361144261824,0.1792580128229001
2014-11-12,0.003395192591657243,0.0980543364054726,0.1797291863346686
2014-11-13,-0.007623744427788668,0.10335188001154316,0.20158786299652112
2014-11-14,0.001985435768001071,0.08676531119628698,0.19852132066794834
2014-11-17,-0.0025559833113261076,0.09462832781542835,0.2165121100991602
2014-11-18,0.007398348849618774,0.082758297746784,0.22698199138587677
2014-11-19,-0.001460289760465968,0.12008893984202643,0.23423350160217787
2014-11-20,-0.009099314190428922,0.11947979647477965,0.23304536734039116
2014-11-21,0.0017153569110827922,0.08052438463840707,0.22085501608880315
2014-11-24,-0.00022597605024521317,0.08052469245937023,0.22085586035236476
2014-11-25,0.008602883363519906,0.08073192326556158,0.22142423430816718
2014-11-26,0.0027020359260784776,0.09640209481252016,0.21470089456272995
2014-11-28,0.009606525034601797,0.0,0.2140625494054654
2014-12-01,-0.0,0.0,0.2140469367976319
2014-12-02,-3.306985818151981e-05,0.06510628329486712,0.21424761458774183
2014-12-03,-0.003910983855764885,0.12212857640298987,0.21304677038467643
2014-12-04,3.8639212054068695e-05,0.17868197430386243,0.20602043583304058
2014-12-05,0.0026853309535053594,0.2162722851617807,0.2162722851617807
2014-12-08,0.0025021457059535837,0.3035879958910531,0.3035879958910531
2014-12-09,0.0022411817554350085,0.2174257645336068,0.30035278470029925
2014-12-10,0.0009177623158296405,0.21699591067107588,0.2997589829266121
2014-12-11,0.010412872829434388,0.22037001359289798,0.3044199816385566
2014-12-12,0.011061371215664863,0.0883520550041376,0.29074332108363177
2014-12-15,0.006620088333078979,0.0,0.32114031402576426
2014-12-16,-0.0,0.0,0.3214088215069008
2014-12-17,0.0,0.0,0.3272398360778778
2014-12-18,0.0,0.0,0.342962885920855
2014-12-19,-0.0,0.0,0.34644575075734935
2014-12-22,-7.606860246538845e-05,0.14976006110373352,0.41074838203419894
2014-12-23,-0.0032334121572604817,0.1789414573745124,0.40942277449879966
2014-12-24,-0.015400441337450648,0.14653806488734905,0.4019113815479108
2014-12-26,0.007630815130091702,0.40709335762747817,0.40709335762747817
2014-12-29,-0.03567682938372984,0.0,0.3289880374291329
2014-12-30,-0.0001231593949116521,0.24247005873231506,0.2795681398255889
2014-12-31,0.0004071509005162506,0.24038133009082063,0.27715983430549296
2015-01-02,-0.0,0.0,0.2794593732284854
2015-01-05,0.0,0.0,0.29991349230023545
2015-01-06,-0.000127280142723301,0.25058278098649883,0.2998766846883074
2015-01-07,-0.027568870351450014,0.23373056323897115,0.25547180806340175
2015-01-08,0.0016698935820619388,0.0,0.1853381527027007
2015-01-09,-0.0,0.0,0.18551512502772016
2015-01-12,0.0,0.0,0.18558927402425157
2015-01-13,-0.0,0.0,0.19166302077288766
2015-01-14,0.0,0.0,0.19328796765340991
2015-01-15,0.0,0.0,0.19328796765340991
2015-01-16,-0.0,0.0,0.19328796765340991
2015-01-20,-7.738271731664021e-05,0.1523472247171354,0.19328796765340991
2015-01-21,-0.00872825819885507,0.17289124255764216,0.188973310646455
2015-01-22,0.019737865554029836,0.14132738860303942,0.17930673674932188
2015-01-23,0.014281303393002688,0.10414053443159459,0.15360138223735112
2015-01-26,-0.004253763737996239,0.034170737060964705,0.14381604718721297
2015-01-27,0.00044261597565051816,0.06876196647920206,0.14589606914707734
2015-01-28,0.006257420890946738,0.031230734578683313,0.15137986035704956
2015-01-29,-6.644698485867933e-05,0.05092026546779824,0.15769236180696725
2015-01-30,-0.003913207193438755,0.051163221063943144,0.15844475854760362
2015-02-02,0.012329048990315403,0.12311458229123981,0.15619954642269038
2015-02-03,-0.005775339205341786,0.025834804451768344,0.10873220116613551
2015-02-04,0.00024064812595146098,0.022358759786890822,0.10837612307097534
2015-02-05,-0.0004271436746702098,0.022776129404231633,0.1103991736089365
2015-02-06,0.0003353513606874805,0.025511693172319563,0.12365884446834713
2015-02-09,-0.00028147230831347095,0.02940618160764922,0.12376323033759107
2015-02-10,0.003030502911796537,0.025511050284018247,0.12365572829632647
2015-02-11,0.001091006336359516,0.0,0.12392266843765486
2015-02-12,0.0,0.0,0.12392266843765486
2015-02-13,0.0,0.0,0.12392266843765486
2015-02-17,-0.0,0.0,0.12392266843765486
2015-02-18,-2.43961543913135e-05,0.048029928957898455,0.12392266843765486
2015-02-19,0.0074307805697992795,0.0,0.12409328576727824
2015-02-20,0.0,0.0,0.13023124357682697
2015-02-23,0.0,0.0,0.13866215335684812
2015-02-24,-0.0,0.0,0.14442165262264242
2015-02-25,0.0,0.0,0.14501361158947468
2015-02-26,0.0,0.0,0.14482404797752604
2015-02-27,0.0,0.0,0.14478426792694674
2015-03-02,-0.0,0.0,0.14480713580115837
2015-03-03,0.0,0.0,0.14711183625372842
2015-03-04,-0.0,0.0,0.9564670497378869
2015-03-05,-0.0,0.0,1.0
2015-03-06,0.0,0.0,1.0
2015-03-09,-0.0,0.0,1.0
2015-03-10,-0.0,0.0,1.0
2015-03-11,0.0,0.0,1.0
2015-03-12,0.0,0.0,1.0
2015-03-13,-0.0,0.0,1.0
2015-03-16,-0.0,0.0,1.0
2015-03-17,0.0,0.0,1.0
2015-03-18,0.0,0.0,1.0
2015-03-19,-0.0,0.0,0.0
2015-03-20,-0.0,0.0,0.0
2015-03-23,-0.0,0.0,0.0
2015-03-24,-0.0,0.0,0.0
2015-03-25,-0.0,0.0,0.0
2015-03-26,-0.0,0.0,0.0
2015-03-27,-0.0,0.0,0.0
2015-03-30,0.0,0.0,0.0
2015-03-31,0.0,0.0,0.0
2015-04-01,-0.0,0.0,0.0
2015-04-02,-0.0,0.0,0.0
2015-04-06,0.0,0.0,0.0
2015-04-07,-0.00016799325405180215,0.3307367189144855,1.0
2015-04-08,-0.012812124956858748,0.32290888971610576,1.0
2015-04-09,0.0070982836252111575,0.2376003076797323,1.0
2015-04-10,0.009355377576908299,0.32290888971610576,1.0
2015-04-13,-0.0013259927432443907,0.3875798476859153,1.0
2015-04-14,-0.0036317901612053136,0.3875798476859153,1.0
2015-04-15,0.013847116674910571,0.3875798476859153,1.0
2015-04-16,-0.0010363532363157043,0.3875798476859153,1.0
2015-04-17,0.007037757839814772,0.3875798476859153,1.0
2015-04-20,-0.010441902873469137,0.32245213267558076,0.9749511143906379
2015-04-21,-0.005635346767068241,0.35875517824957087,0.9256290810566002
2015-04-22,0.005317926908168449,0.2913304174385903,0.902206246767382
2015-04-23,0.013776512584951018,0.3453866221526501,0.8911366889037597
2015-04-24,0.014116394840580564,0.25531176391834765,0.7719486507464581
2015-04-27,0.0008629989741881304,0.0,0.7308296356498963
2015-04-28,-0.0,0.0,0.7308296356498963
2015-04-29,-0.0,0.0,0.7308296356498963
2015-04-30,-0.00012277444865031904,0.2417121957803156,0.7308296356498963
2015-05-01,0.004262538908435456,0.0,0.7311615934286441
2015-05-04,-0.0,0.0,0.7311615934286441
2015-05-05,-0.0,0.0,0.734874948521241
2015-05-06,-0.0,0.0,0.7975751460142468
2015-05-07,-0.00017397450172372772,0.342512300268589,0.8837206121876391
2015-05-08,-0.007204591960441435,0.341172560424546,0.8802639313203494
2015-05-11,-0.0017870140782057823,0.2861019131735284,0.8860143597318203
2015-05-12,0.008443279215110365,0.28599686136408764,0.885689030164297
2015-05-13,0.00424522396623592,0.3380444230647049,0.8721929818669193
2015-05-14,0.015015044400907429,0.3620358559834497,0.9340936019894258
2015-05-15,0.00227077985719878,0.2763687391599726,0.8356155314929816
2015-05-18,-0.004918090485588248,0.0,0.8435366705501408
2015-05-19,-0.00017687154951437985,0.3482158631064353,0.898436451702774
2015-05-20,-0.0026998489876033645,0.36680203963256724,0.9463908967986749
2015-05-21,-0.00037011638757633987,0.35974566769984173,0.9281846562656434
2015-05-22,-0.003804735574912301,0.3875798476859153,1.0
2015-05-26,-0.009223511145226609,0.3875798476859153,1.0
2015-05-27,-0.024694687898043778,0.32290888971610576,1.0
2015-05-28,0.014968873078264883,0.4019826472977911,0.8529088260415368
2015-05-29,0.022295188794083043,0.16775841446749587,0.7060530186418018
2015-06-01,-0.01036119898959143,0.0,0.6739929778148617
2015-06-02,-0.00011054645035817086,0.2176383241426489,0.6739929778148617
2015-06-03,0.0028361709957182156,0.21705934451338418,0.6721999654584235
2015-06-04,-0.007423023111867772,0.21653455696656432,0.6705747777861942
2015-06-05,0.005366847340897642,0.15292483235818646,0.6436221983530336
2015-06-08,0.0009496479716964405,0.15201858251114403,0.6398080204342743
2015-06-09,0.005115708329598338,0.21178032231900334,0.655851632035265
2015-06-10,0.008938180216424696,0.2492431937919872,0.6430757307948772
2015-06-11,0.0006718871242205371,0.0,0.6187806720904404
2015-06-12,-0.0,0.0,0.6197648596806181
2015-06-15,-0.0001109891851584629,0.2185099582807238,0.6606764407589749
2015-06-16,0.004089652193111077,0.25254578189965654,0.6515967829790601
2015-06-17,-0.002807600805844828,0.21331972902571442,0.6449835075036524
2015-06-18,-0.001617220656624703,0.24838004135795314,0.6408486995413495
2015-06-19,-0.012832898932284172,0.206975944760307,0.6409732012713419
2015-06-22,-0.007111000210686445,0.12262037539323485,0.5943585879221248
2015-06-23,0.00268786266000748,0.39978734349794837,0.5896636587996362
2015-06-24,-0.005628245838542121,0.27035439204359485,0.5736258733632729
2015-06-25,-0.0016951608759735836,0.43115712395797773,0.6359323059257731
2015-06-26,0.007061624554396187,0.48490906706471154,0.7152133736118721
2015-06-29,0.00837139665577281,0.4930283873513371,0.7271889105693153
2015-06-30,0.024447559196947126,0.3296965371366804,0.6995353862399205
2015-07-01,-0.006469405464858667,0.0,0.6154970038796629
2015-07-02,0.0,0.0,0.6150927965128612
2015-07-06,-0.0,0.0,0.6447290615875794
2015-07-07,0.0,0.0,0.645251634827388
2015-07-08,0.0,0.0,0.6443106364423801
2015-07-09,0.0,0.0,0.6572881744347023
2015-07-10,-0.0,0.0,0.7027390275097156
2015-07-13,-0.0,0.0,0.7027390275097156
2015-07-14,-0.0,0.0,0.7027390275097156
2015-07-15,-0.0,0.0,0.7144228984768551
2015-07-16,-0.00011859369923011097,0.23348134535928097,0.7230564186837733
2015-07-17,0.008046041935829926,0.0,0.6605164756096014
2015-07-20,0.0,0.0,0.6646938813988793
2015-07-21,-0.0,0.0,0.7509582429772822
2015-07-22,-0.0,0.0,0.7797686619684775
2015-07-23,0.0,0.0,0.8303170222356909
2015-07-24,-0.0,0.0,0.8629893680757116
2015-07-27,0.0,0.0,0.8814893682359025
2015-07-28,-0.0,0.0,0.9087608708362397
2015-07-29,-0.00015985344295900767,0.3147114658255463,0.9515467978834168
2015-07-30,0.005044281134314704,0.3875798476859153,1.0
2015-07-31,0.02319654962292982,0.3307367189144855,1.0
2015-08-03,-0.04384762084899781,0.0,1.0
2015-08-04,-0.00010479088978396999,0.20630706426219092,1.0
2015-08-05,0.00041505877327222484,0.20630706426219092,1.0
2015-08-06,0.00011082130675021032,0.20630706426219092,1.0
2015-08-07,5.8466490089746305e-05,0.20630706426219092,1.0
2015-08-10,0.012929464798653839,0.20630706426219092,1.0
2015-08-11,0.011925171354811892,0.0,0.9431970666995099
2015-08-12,0.0,0.0,0.9431970666995099
2015-08-13,-0.0,0.0,0.9431970666995099
2015-08-14,-0.0,0.0,1.0
2015-08-17,-0.0,0.0,1.0
2015-08-18,-0.0,0.0,1.0
2015-08-19,-0.0,0.0,1.0
2015-08-20,-0.00012068587056748308,0.2376003076797323,1.0
2015-08-21,0.004485203644236073,0.9992040589712737,0.9992040589712737
2015-08-24,-0.033693045011298065,0.3885397967917874,0.8243863862775294
2015-08-25,-0.03074744178506465,0.0,0.7306777043036079
2015-08-26,-0.0,0.0,0.32620658708772265
2015-08-27,0.0,0.0,0.3261910072846564
2015-08-28,0.0,0.0,0.32778985423334217
2015-08-31,0.0,0.0,0.34046966647489274
2015-09-01,-0.0,0.0,0.34046966647489274
2015-09-02,0.0,0.0,0.34042422424853136
2015-09-03,-0.0,0.0,0.34050558494514327
2015-09-04,-0.0,0.0,0.34052673468399847
2015-09-08,-0.0,0.0,0.34053797100960853
2015-09-09,-0.0,0.0,0.3477575219227806
2015-09-10,-0.0,0.0,0.3477575219227806
2015-09-11,0.0,0.0,0.3477575219227806
2015-09-14,-0.00014760276234692827,0.29059293837051503,0.3477575219227806
2015-09-15,0.0023200590475840285,0.0,0.25647231660565944
2015-09-16,-0.0,0.0,0.25647231660565944
2015-09-17,-0.0,0.0,0.25647231660565944
2015-09-18,0.0,0.0,0.25647231660565944
2015-09-21,-0.0,0.0,0.25605300426244426
2015-09-22,0.0,0.0,0.26482439428347243
2015-09-23,0.0,0.0,0.2647275396940801
2015-09-24,-0.0,0.0,0.3578701640964218
2015-09-25,0.0,0.0,0.3578701640964218
2015-09-28,-0.00016630581897290265,0.3274145811029021,0.3578701640964218
2015-09-29,-0.002454541398736399,0.2560665237432843,0.324880076091377
2015-09-30,0.01880715824925364,0.25673855494733544,0.3257327043284315
2015-10-01,-0.0032169196904755213,0.17737472310507327,0.26161765725143976
2015-10-02,-0.01837535333915013,0.0,0.26149537144553436
2015-10-05,-0.00010937348478267265,0.21532904816588677,0.223173005208039
2015-10-06,0.0005867826881822913,0.19676081730919137,0.19676081730919137
2015-10-07,-0.013997531920357,0.19660438887190768,0.19660438887190768
2015-10-08,-0.011299971544175436,0.0,0.1782666873779233
2015-10-09,-7.951666518591342e-05,0.15654843458476705,0.1711103206985181
2015-10-12,-0.00927646859463512,0.1568449077944706,0.17143437137411538
2015-10-13,-0.008708713818257541,0.0,0.18147713707279406
2015-10-14,-7.046196945619603e-05,0.13872200236688592,0.17600119697678385
2015-10-15,0.0027722118675835004,0.13857083712036034,0.175809408623993
2015-10-16,-0.0015901266881436437,0.1588646276000641,0.17364196230003498
2015-10-19,-0.01727750248315978,0.0,0.17409387729487633
2015-10-20,-6.527381980880156e-05,0.12850783274857805,0.1537875136089235
2015-10-21,0.004382822399278446,0.127573573835141,0.13944026453849406
2015-10-22,0.00762633265558161,0.13160614332658963,0.13640026164703944
2015-10-23,0.005742320259806664,0.12940059619927108,0.12940059619927108
2015-10-26,-0.002291442589589477,0.1258566079233623,0.1258566079233623
2015-10-27,0.007588110694366931,0.12729843860283904,0.12729843860283904
2015-10-28,-0.0015436252894604526,0.08274128287575913,0.12203869979327195
2015-10-29,-0.0017917369863531035,0.08601406534556041,0.12686586832920696
2015-10-30,0.009815872262671551,0.08594517783655599,0.1267642631601945
2015-11-02,-0.0019971375163223113,0.058694281141679065,0.12453490408210585
2015-11-03,0.00507178657716872,0.060954051984714305,0.12932958492171998
2015-11-04,-0.004072215845519414,0.026185672919267836,0.12692572119580484
2015-11-05,3.9032400462060046e-05,0.06332563457959746,0.13436150294221072
2015-11-06,0.00619059435644268,0.028959756420802597,0.1403721027409818
2015-11-09,0.0006564601803863795,0.03334291447385312,0.14033194990133138
2015-11-10,-0.0012310485364265924,0.03519527208268407,0.14812805768805948
2015-11-11,-0.00047839300495939485,0.03706289628301811,0.15598841872282487
2015-11-12,-0.0028414988333201013,0.0,0.15565733595213477
2015-11-13,-1.6100155663229338e-05,0.03169718146198276,0.15364079545865447
2015-11-16,-0.002348744615303865,0.07264003193892805,0.15412437522148562
2015-11-17,0.004474389510206953,0.12672897466291252,0.1869180505361418
2015-11-18,0.008368637301901563,0.09332372057277392,0.19801010190518842
2015-11-19,0.0048383626321321605,0.04704844526934168,0.19801508562337183
2015-11-20,0.0007260413978299365,0.04994861971382387,0.2102211912164311
2015-11-23,-0.002454198899873876,0.07034371288454035,0.2178438411726136
2015-11-24,0.007039153762336216,0.051913034695287914,0.2184889203311254
2015-11-25,0.00011716757770511562,0.09246298657349,0.23856500054259688
2015-11-27,0.0030684554678975964,0.09310833651215356,0.24023007663599202
2015-11-30,-0.0068184794466086655,0.08088042669299955,0.2445462570907097
2015-12-01,0.0020604370322005235,0.1165778941096083,0.3007841991931428
2015-12-02,-0.007660121749067156,0.0,0.303830839427941
2015-12-03,-5.2128560959804364e-05,0.10262810438961484,0.31782371950132177
2015-12-04,0.0010761961601871166,0.10372624677347883,0.3212245003990835
2015-12-07,-0.0018660773650319234,0.10369127789700398,0.321116207076761
2015-12-08,-0.0022033684847774563,0.10623073937343247,0.3289805352427062
2015-12-09,0.006257614150948031,0.07811887590639548,0.32878272199754033
2015-12-10,0.008442076584947068,0.1262988997168125,0.32586549706052276
2015-12-11,0.0004882689468171098,0.0,0.29418923817116593
2015-12-14,-0.0,0.0,0.3019498320635483
2015-12-15,-5.9658521791616104e-05,0.1174527147772442,0.30304133581378784
2015-12-16,0.00809814760651309,0.07390192797757646,0.3110346476368659
2015-12-17,0.006336268896584471,0.13223522169711918,0.341181881582964
2015-12-18,0.005323463239637579,0.0,0.3378275404054471
2015-12-21,-0.0,0.0,0.34007666933613817
2015-12-22,-6.693322590904291e-05,0.13177478850842822,0.3399939116938172
2015-12-23,0.008327108084716825,0.18011584098019678,0.26566065066214717
2015-12-24,-0.0026876595947752427,0.051805997092469386,0.25111111574265016
2015-12-28,0.0009049329196542881,0.05177932887973819,0.2509818510816141
2015-12-29,0.0025122669317089487,0.06000730605852944,0.2525556748832786
2015-12-30,-0.0030313387011249855,0.08338644538798982,0.2582352113665911
2015-12-31,0.005259462249359338,0.060761233647459396,0.25572876668729344
2016-01-04,-1.1617621845608913e-06,0.1463820352546723,0.2618270194294297
2016-01-05,-0.001851824715929788,0.08428382868545022,0.23975926357322766
2016-01-06,-0.0075563705892745334,0.08400330882278144,0.2389612785179671
2016-01-07,0.00022858126223601765,0.16793884385288438,0.2289357541137733
2016-01-08,-0.007043750345062472,0.0,0.22984504726306237
2016-01-11,0.0,0.0,0.22531867368549136
2016-01-12,-0.0,0.0,0.23908558335828678
2016-01-13,-0.0,0.0,0.23908558335828678
2016-01-14,-0.0,0.0,0.23908558335828678
2016-01-15,-0.0,0.0,0.24748442391642828
2016-01-19,0.0,0.0,0.24982964351972456
2016-01-20,0.0,0.0,0.2622489704795981
2016-01-21,-0.0,0.0,0.2622489704795981
2016-01-22,0.0,0.0,0.2622489704795981
2016-01-25,-0.00016741084173772357,0.3295900946711433,0.3394410545738282
2016-01-26,-0.004359002883343963,0.32850429475991166,0.35130267975858204
2016-01-27,-0.002175438879581996,0.3255848170950399,0.34818058868237756
2016-01-28,0.0022921614271305952,0.326092835741867,0.3487238641123932
2016-01-29,0.015425799400449865,0.3291914400604934,0.35203751333405875
2016-02-01,0.0298141730816899,0.0,0.3083512633368043
2016-02-02,-0.00015893679059631586,0.3129068064864968,0.3129068064864968
2016-02-03,-0.026936022907250227,0.0,0.2846044093373202
2016-02-04,0.0,0.0,0.2840280008995122
2016-02-05,-0.00014947011188779137,0.29426928277908926,0.29426928277908926
2016-02-08,-0.00017569167432059,0.0,0.2794480786149431
2016-02-09,-0.0001437944074761482,0.2830952397186668,0.2830952397186668
2016-02-10,0.039687945133914534,0.0,0.23920743166391673
2016-02-11,-0.00011361709636769553,0.22368365847390057,0.23920743166391673
2016-02-12,0.01606129193833535,0.17622827660221788,0.176425567992936
2016-02-16,-0.03190111486310314,0.0,0.15925247499620587
2016-02-17,-6.29866078784373e-05,0.12400488426067344,0.12771120663607075
2016-02-18,-0.0111108132131907,0.1236264688551607,0.12732148095441034
2016-02-19,0.0001377939108277966,0.11201957011691088,0.11979379203013545
2016-02-22,-0.0025669988034542983,0.0,0.11976505612696974
2016-02-23,-0.0,0.0,0.11976505612696974
2016-02-24,0.0,0.0,0.12046357990644355
2016-02-25,0.0,0.0,0.12038798505319591
2016-02-26,-0.0,0.0,0.1203127324200262
2016-02-29,-5.7229835963505346e-05,0.11267123955315116,0.12049068769609711
2016-03-01,0.06442017937271564,0.0,0.12258389672246411
2016-03-02,-3.481097367778089e-05,0.06853410442813113,0.12258389672246411
2016-03-03,-0.00029719507497931664,0.046155153215504174,0.1277275660691102
2016-03-04,0.0005755400184325336,0.046162940843747675,0.12774911717947807
2016-03-07,0.0020493124187548235,0.04612645212234471,0.12764814003501895
2016-03-08,0.0032997208144600167,0.0433850734704204,0.12861156278454594
2016-03-09,0.003132851183430824,0.044867659899632636,0.1276334649667736
2016-03-10,-0.002122398102065906,0.03593472200388331,0.13392616452062933
2016-03-11,-0.0012128778762367427,0.043993722668072464,0.13356853022265053
2016-03-14,0.0012279019874219112,0.05350600415557602,0.15220666114924059
2016-03-15,0.0006216833615809953,0.055154133947775096,0.1674524491298359
2016-03-16,-0.003950111745892378,0.08970264954442332,0.27234456031658866
2016-03-17,-0.004968605266787295,0.0,0.26717189545488923
2016-03-18,-8.805303827226581e-05,0.1733544190985233,0.4797327378677403
2016-03-21,0.004183909467548197,0.16162543522339254,0.4791256104241763
2016-03-22,-0.002590235810746287,0.16102912147763906,0.47735788625969955
2016-03-23,-0.0020678287570869737,0.15963953761268326,0.4732385765940377
2016-03-24,0.005308471831211067,0.15870928256092975,0.47048091027186795
2016-03-28,-0.0010876798607970695,0.16376459838528853,0.4658554330126233
2016-03-29,0.0033392649456224113,0.15671612072184268,0.46457234222063987
2016-03-30,-0.003996239081071689,0.1747507632565217,0.49710739249409414
2016-03-31,0.0005070561608075283,0.16475259697877825,0.4883958300704431
2016-04-01,0.0009704031355616841,0.17168771526516924,0.48839404686005916
2016-04-04,-0.0018367660249672335,0.17192345225111202,0.4890646396300857
2016-04-05,-0.003411132940125205,0.17147330718940978,0.4877841276958493
2016-04-06,-0.004325728507432961,0.1694684394263417,0.5023755659222298
2016-04-07,-0.0008605855491893211,0.18810251838955105,0.5576147951041958
2016-04-08,0.009196905758851303,0.22742030812017802,0.6741692221916072
2016-04-11,0.009889544069075993,0.22130705587063465,0.6295444519627316
2016-04-12,-0.002564519313895529,0.1623946494467585,0.6052333600000077
2016-04-13,0.0011521166800258326,0.20441804749511203,0.6206298648766375
2016-04-14,-0.006419387469580216,0.16701954856496945,0.6224700315437558
2016-04-15,-0.0038408087540566633,0.2350087806404482,0.7135058257377804
2016-04-18,-0.0008001043003582439,0.2796083951656688,0.7953922354904313
2016-04-19,0.004587123608938466,0.28254011080155284,0.8037319845600771
2016-04-20,0.0026317940184573743,0.2685676927733404,0.8153934200948387
2016-04-21,-0.011106288822251247,0.2712705508623609,0.8235995177027792
2016-04-22,-4.189853752826689e-05,0.26970741793014424,0.7672272713725345
2016-04-25,0.004938348551725656,0.2850615280543808,0.8109045721504557
2016-04-26,0.010611034295023285,0.26216607583674534,0.7959575889486382
2016-04-27,-0.0032963194323037777,0.0,0.7632844537647256
2016-04-28,0.0,0.0,0.7896560880317411
2016-04-29,-0.0,0.0,0.7896650620942572
2016-05-02,-0.00013225573125543415,0.26037847090913596,0.7905302745883367
2016-05-03,-0.009516352838648953,0.26119967151843393,0.793023506616675
2016-05-04,-0.012468782452156725,0.2675849793543812,0.7611896444891676
2016-05-05,-0.00595375264352411,0.2549367835040048,0.705499875743366
2016-05-06,-0.0013420623215218749,0.0,0.6918338229948262
2016-05-09,-0.00021786281611918708,0.42891741923464954,0.7671854627802553
2016-05-10,0.016981511125666572,0.6465248572301637,0.6472486558774414
2016-05-11,0.07179348573790315,0.2563364947640519,0.4584976583929351
2016-05-12,-0.0068249645586093526,0.10482618637460045,0.3182608516342333
2016-05-13,0.004562436933478286,0.11183859990189321,0.3181433588121713
2016-05-16,-0.0031878995590754093,0.0,0.31645562968183144
2016-05-17,-5.297029890974742e-05,0.10428527597856523,0.31661860355430416
2016-05-18,0.004492445610857563,0.0,0.31546896383582856
2016-05-19,-0.0,0.0,0.3152862582011303
2016-05-20,0.0,0.0,0.3211259117880862
2016-05-23,-0.0,0.0,0.321133889779042
2016-05-24,-0.0,0.0,0.32108117678571074
2016-05-25,-0.0,0.0,0.32281725339508893
2016-05-26,-4.399618555879367e-05,0.08661749031887503,0.32281725339508893
2016-05-27,0.0019539567378746214,0.11220201984699957,0.31917716683638564
2016-05-31,-0.0012773471217939786,0.10493638160891391,0.31859541335331854
2016-06-01,0.0007309116657148255,0.10469577402202214,0.31786490909515364
2016-06-02,0.003128119089996105,0.08651817084701882,0.3224470967558785
2016-06-03,-0.0025252451021726386,0.0,0.3314415015331238
2016-06-06,-4.561621319847124e-05,0.08980691973449026,0.3347040309968875
2016-06-07,-0.0009228940458770419,0.10820489601709002,0.32076471616869173
2016-06-08,0.00278707679424711,0.12672035687727876,0.350679861894746
2016-06-09,0.0026491606435219877,0.13249391769510693,0.39276756845491145
2016-06-10,-0.005046658707602325,0.26918000025668015,0.7657269447386178
2016-06-13,-0.00754769900075506,0.24845453998489164,0.7365235117132726
2016-06-14,-0.003011761968216228,0.43686152292769775,0.7813947268362608
2016-06-15,-0.010617739767747564,0.4316206648829121,0.7720206377362449
2016-06-16,0.0004500819867225672,0.5706602671910745,0.7779292486174404
2016-06-17,0.005891546206333448,0.5695264263226636,0.7763835864686521
2016-06-20,0.04862215906250522,0.5501325879801514,0.7499457302571787
2016-06-21,0.021703106380124435,0.13244117772801345,0.37675079234174735
2016-06-22,-0.004692496751539632,0.09966464052276701,0.37144305839068537
2016-06-23,-0.0020393901790439384,0.12915249667568596,0.3673955962201291
2016-06-24,-0.00512475849876634,0.12318050455210594,0.365158703853215
2016-06-27,-0.0031769224652666806,0.0,0.3629508642786411
2016-06-28,-0.00013480280416206122,0.265393020694058,0.36178617129430046
2016-06-29,-0.0123803155124671,0.2657433832865917,0.36226378875607856
2016-06-30,0.0035344620231925515,0.3262293239673358,0.3314603464424275
2016-07-01,0.0010845899827040277,0.24096659228312284,0.32848784268688047
2016-07-05,-0.014131569254650464,0.2407466286157275,0.3281879862217681
2016-07-06,-0.005691458624367008,0.0,0.3010232113359304
2016-07-07,-0.00014798586853762125,0.2913471786834418,0.2942297477573778
2016-07-08,-0.0007371671953502984,0.0,0.28379559423537537
2016-07-11,0.0,0.0,0.2857544841301626
2016-07-12,-0.0001411815916301102,0.2779512585217795,0.28625881007405185
2016-07-13,-0.010394687083928508,0.27825819367782983,0.2865749190674349
2016-07-14,0.008067079334054764,0.2702201730964771,0.2728937130210489
2016-07-15,-0.0032052824284384746,0.2518159654759266,0.2593423718178233
2016-07-18,-0.009368520416055516,0.2515979008576762,0.25911778957102366
2016-07-19,0.006226732586550934,0.24861977480520256,0.2510796018653475
2016-07-20,-0.005753677914412341,0.2975222727910822,0.3064147729808861
2016-07-21,-0.011444924155751122,0.2941340582978986,0.3145471293269937
2016-07-22,0.011699813353798365,0.2998830151915969,0.3028500372485677
2016-07-25,-0.0044112726169879,0.2573184596223998,0.2650093273667417
2016-07-26,0.011013531995394902,0.2477333555432457,0.2649261913958643
2016-07-27,-0.0018572348902253396,0.2360980188169695,0.23988380369901724
2016-07-28,0.00017462701864414605,0.2365984635064532,0.24039227291979195
2016-07-29,0.000576271750796245,0.24678569160005534,0.24706197355232687
2016-08-01,0.014894862370069808,0.24287546733872553,0.2501346554295778
2016-08-02,0.014463440714172762,0.15900421785844562,0.21675599097598966
2016-08-03,0.0017693334474532818,0.07238420188266122,0.21457714786142376
2016-08-04,-0.0003024153187960714,0.07365632258738533,0.21834824743088035
2016-08-05,0.001298161104214783,0.0768316028417924,0.22776111049948006
2016-08-08,-0.007057238574272432,0.08009110372396916,0.2278323653199294
2016-08-09,-0.002237103912308161,0.0,0.21868214626315208
2016-08-10,-0.00010945209733996785,0.2154838166380617,0.21572505546012505
2016-08-11,0.013308305816112906,0.2165363696309287,0.22000848734995868
2016-08-12,-0.006584963652611268,0.11358061882617902,0.20315658844659637
2016-08-15,0.0013374858639367362,0.14825881758033577,0.20210776392210802
2016-08-16,-0.0007450369748717024,0.11833018492006982,0.21165192554027032
2016-08-17,0.008313596076395393,0.11949633307129644,0.21373776274097328
2016-08-18,0.0015626346811810166,0.07438722384994738,0.21160673746895237
2016-08-19,0.00138858544799934,0.07909884793015379,0.22500972992104043
2016-08-22,0.0011365329285163272,0.076598701617268,0.23255990562960283
2016-08-23,-0.0023442945829188345,0.0,0.23674437414584548
2016-08-24,-4.115521222780177e-05,0.08102432407348473,0.24599645636792486
2016-08-25,-0.001878735869722415,0.0,0.24050462476878515
2016-08-26,-0.0,0.0,0.24039037909939323
2016-08-29,-0.0,0.0,0.24005231049807393
2016-08-30,-4.485551386846117e-05,0.08830929292853293,0.26811421598622465
2016-08-31,-0.001287604563461235,0.09536541092962211,0.2895371657464424
2016-09-01,-0.01806525720551919,0.0,0.28852695085268354
2016-09-02,-4.829830741820671e-05,0.09508729272959446,0.28869277620736794
2016-09-06,5.8895461156523414e-05,0.09502975950626649,0.2885181006488373
2016-09-07,0.002814096811727548,0.10246794008785941,0.31110102356513425
2016-09-08,0.004454633702916276,0.0,0.3240481862557867
2016-09-09,-0.0,0.0,0.35138616890173424
2016-09-12,0.0,0.0,0.4938488999642997
2016-09-13,0.0,0.0,0.5328936055238556
2016-09-14,0.0,0.0,0.5323179418553495
2016-09-15,0.0,0.0,0.5356109926164002
2016-09-16,0.0,0.0,0.7415833580691429
2016-09-19,-0.0,0.0,0.7410491049840201
2016-09-20,-0.0,0.0,0.7447130782726156
2016-09-21,-0.0,0.0,0.7457268883105267
2016-09-22,-0.0,0.0,0.7457268883105267
2016-09-23,0.0,0.0,1.0
2016-09-26,-0.0,0.0,1.0
2016-09-27,0.0,0.0,1.0
2016-09-28,0.0,0.0,1.0
2016-09-29,-0.0,0.0,1.0
2016-09-30,0.0,0.0,1.0
2016-10-03,-0.0,0.0,1.0
2016-10-04,0.0,0.0,1.0
2016-10-05,-0.0,0.0,1.0
2016-10-06,-0.0,0.0,1.0
2016-10-07,-0.0,0.0,1.0
2016-10-11,-0.0,0.0,1.0
2016-10-12,-0.0,0.0,1.0
2016-10-13,0.0,0.0,1.0
2016-10-14,0.0,0.0,1.0
2016-10-17,0.0,0.0,1.0
2016-10-18,0.0,0.0,1.0
2016-10-19,-0.0,0.0,1.0
2016-10-20,0.0,0.0,1.0
2016-10-21,0.0,0.0,1.0
2016-10-24,-0.0,0.0,1.0
2016-10-25,0.0,0.0,1.0
2016-10-26,0.0,0.0,1.0
2016-10-27,-0.0,0.0,1.0
2016-10-28,0.0,0.0,1.0
2016-10-31,0.0,0.0,1.0
2016-11-01,0.0,0.0,1.0
2016-11-02,-0.0,0.0,1.0
2016-11-03,-0.0,0.0,1.0
2016-11-04,-0.0,0.0,1.0
2016-11-07,-0.0,0.0,1.0
2016-11-08,-0.0,0.0,1.0
2016-11-09,-0.0,0.0,1.0
2016-11-10,0.0,0.0,1.0
2016-11-14,-0.0,0.0,1.0
2016-11-15,-0.00016730002064032962,0.3293719156356489,1.0
2016-11-16,-0.007842004001084524,0.3293719156356489,1.0
2016-11-17,0.02365498968370418,0.35153523342262066,1.0
2016-11-18,-0.005926093152469391,0.2683174130499952,1.0
2016-11-21,0.014551010447416125,0.3293719156356489,1.0
2016-11-22,-0.0036125487665797104,0.0,0.8680804706368098
2016-11-23,0.0,0.0,0.8680804706368098
2016-11-25,-0.0,0.0,0.8680804706368098
2016-11-28,0.0,0.0,0.8680804706368098
2016-11-29,0.0,0.0,0.8680804706368098
2016-11-30,0.0,0.0,0.8680804706368098
2016-12-01,0.0,0.0,0.8680804706368098
2016-12-02,-0.0,0.0,0.8680804706368098
2016-12-05,-0.0,0.0,0.8680804706368098
2016-12-06,-0.0,0.0,0.8680804706368098
2016-12-07,0.0,0.0,0.8680804706368098
2016-12-08,-0.0,0.0,0.8680804706368098
2016-12-09,-0.0,0.0,0.8680804706368098
2016-12-12,0.0,0.0,0.8680804706368098
2016-12-13,0.0,0.0,0.8680804706368098
2016-12-14,0.0,0.0,0.8680804706368098
2016-12-15,0.0,0.0,0.8714884324040346
2016-12-16,-0.0,0.0,0.9132427429682484
2016-12-19,-0.0,0.0,1.0
2016-12-20,0.0,0.0,1.0
2016-12-21,-0.0,0.0,0.0
2016-12-22,-0.0,0.0,0.0
2016-12-23,0.0,0.0,0.0
2016-12-27,0.0,0.0,0.0
2016-12-28,0.0,0.0,0.0
2016-12-29,0.0,0.0,0.0
2016-12-30,-0.0,0.0,0.0
2017-01-03,-0.0,0.0,0.0
2017-01-04,-0.0,0.0,0.0
2017-01-05,-0.0,0.0,0.0
2017-01-06,-0.0,0.0,0.0
2017-01-09,-0.0,0.0,0.0
2017-01-10,0.0,0.0,0.0
2017-01-11,0.0,0.0,0.0
2017-01-12,0.0,0.0,0.0
2017-01-13,0.0,0.0,0.0
2017-01-17,-0.0,0.0,0.0
2017-01-18,-0.0,0.0,0.0
2017-01-19,-0.0,0.0,0.0
2017-01-20,0.0,0.0,0.0
2017-01-23,-0.0,0.0,0.0
2017-01-24,-0.0004165871456518784,0.8201559430021356,1.0
2017-01-25,-0.0765701422379351,0.8201559430021356,1.0
2017-01-26,-0.004916354221802446,0.3638647356418411,0.3638647356418411
2017-01-27,-0.0032345047733338067,0.3645154123789756,0.3645154123789756
2017-01-30,-0.005922414756812129,0.0,0.36483460520344485
2017-01-31,-0.00018415991072518072,0.36256482424019953,0.36256482424019953
2017-02-01,0.03235467446739453,0.0,0.3280357475524248
2017-02-02,-0.00016571034895840716,0.3262422495118641,0.3280357475524248
2017-02-03,0.010872523823185891,0.0,0.23616003461196602
2017-02-06,-0.0,0.0,0.23616003461196602
2017-02-07,0.0,0.0,0.23616003461196602
2017-02-08,0.0,0.0,0.23616003461196602
2017-02-09,-0.00010810699768643217,0.21283565169516333,0.23616003461196602
2017-02-10,0.00038697151264194496,0.21341165182171085,0.23679915784502656
2017-02-13,-0.013772938891310862,0.20763301485923222,0.23651138058803572
2017-02-14,-0.0009140757545146029,0.20995737011965634,0.22056431671493407
2017-02-15,0.00024868037203286793,0.21052120367338123,0.22115663487193615
2017-02-16,-0.014825058161006916,0.0,0.2209506086058155
2017-02-17,-0.00010484321085713102,0.2064100713749767,0.2064100713749767
2017-02-21,-0.019298037858216592,0.20778012428599826,0.20778012428599826
2017-02-22,0.013408631694449603,0.0,0.18032888607442257
2017-02-23,-9.175842421946599e-05,0.18064939768207366,0.18064939768207366
2017-02-24,-0.0022209929167139077,0.18541670509847422,0.19478386895526587
2017-02-27,0.006414946676840159,0.18584608246254408,0.19523493825978686
2017-02-28,-0.011984915539554924,0.16653128522088192,0.18478123269529464
2017-03-01,0.06498184931730572,0.0,0.17763593164106473
2017-03-02,-7.966217600041521e-05,0.15683490900081745,0.18563703640203455
2017-03-03,-0.002993057671723471,0.16411882241496634,0.18694507372135494
2017-03-06,0.010445384836115606,0.1867077006769052,0.21267569650929777
2017-03-07,0.005738518294603691,0.15389964288010474,0.18764680569985703
2017-03-08,0.015077095944709653,0.14954214244256037,0.18233379117533383
2017-03-09,-0.0019729150995397645,0.03513765291001604,0.15670133241701112
2017-03-10,-0.00065679897070906,0.06436435606830705,0.15679491034347356
2017-03-13,-0.0022982277322765024,0.06436748692199033,0.156802537265462
2017-03-14,0.0029094501472651394,0.09087838307996317,0.15695763528336346
2017-03-15,-0.005475870305772275,0.06596389489411048,0.16069146990070104
2017-03-16,0.0013540780742211987,0.09243922404929626,0.1596533908557789
2017-03-17,0.0010006493921152332,0.06525185299413742,0.1589568988945282
2017-03-20,0.00432522868233442,0.06943791472478784,0.16915436242625403
2017-03-21,0.0025359728299861866,0.03221892851156521,0.16713600187377992
2017-03-22,-0.0018349457128642773,0.04307881073764121,0.20614064485169412
2017-03-23,-0.00026834983979500364,0.045889444347137834,0.2046504668791634
2017-03-24,0.0007389421378875679,0.04594212830820314,0.20488541845424674
2017-03-27,0.0019549023113504945,0.039810926829481355,0.2065195662475451
2017-03-28,1.3565397073858751e-05,0.04413136799349005,0.2111773398706312
2017-03-29,0.0006625497216091812,0.050604182616429336,0.24215104034032156
2017-03-30,-0.0010565480957241723,0.050676033016109144,0.24249485873895496
2017-03-31,0.0014292920469051594,0.052702909842071766,0.25219386594886867
2017-04-03,0.00011184197609657224,0.054254801712523164,0.2594597126711156
2017-04-04,0.001207012625075614,0.06057683198618696,0.2896932054962177
2017-04-05,-0.00048439360158393133,0.050420834685124066,0.295619095278159
2017-04-06,-8.020537152318683e-05,0.10876436911098464,0.5201377770748993
2017-04-07,0.0008475677193772938,0.10911271323077482,0.5218036437333073
2017-04-10,-0.001455812023626398,0.09050969895263188,0.5306614911349267
2017-04-11,-0.0014165135866316206,0.11713806668549721,0.5601828440201234
2017-04-12,-0.0008870986974066233,0.13343858029046973,0.6381358812231248
2017-04-13,-0.002141530550180193,0.16925065591081223,0.8093979733757091
2017-04-17,-0.0011908281690963477,0.17410911390193523,0.8331466073398667
2017-04-18,-0.0014417415367028725,0.17393776911682296,0.8323266885934989
2017-04-19,-0.0005246402118848671,0.20897776257871822,1.0
2017-04-20,0.005122856319351505,0.20897776257871822,1.0
2017-04-21,-0.004869367470242811,0.2091068441954807,1.0
2017-04-24,-0.004518123473140217,0.20897776257871822,1.0
2017-04-25,-0.002797900442367227,0.1927707265362058,1.0
2017-04-26,-0.011382269661770038,0.0,1.0
2017-04-27,-0.0002085080834913637,0.4105002893736222,1.0
2017-04-28,-0.010359691774861532,0.578999440937651,1.0
2017-05-01,-0.010419886741136168,0.0,1.0
2017-05-02,0.0,0.0,1.0
2017-05-03,0.0,0.0,1.0
2017-05-04,-0.0,0.0,1.0
2017-05-05,0.0,0.0,1.0
2017-05-08,-0.0002085080834913637,0.4105002893736222,1.0
2017-05-09,-0.010417062057217378,0.22055452491579403,0.9835940952975286
2017-05-10,0.005342238087824181,0.40195014739689666,0.979171410598097
2017-05-11,0.007895800196362596,0.19984927466549737,0.8912561036121398
2017-05-12,0.005067665388683015,0.1679913828448832,0.8714569160132901
2017-05-15,-0.0024334777084064276,0.17830795065598354,0.8532388731495681
2017-05-16,0.0057251105534951875,0.17814882101572196,0.8524774062915735
2017-05-17,-0.002315192359963153,0.17277187047845782,0.8262372814394557
2017-05-18,-0.00014746999072252134,0.1726586700021602,0.8256959291143651
2017-05-19,0.008702804282558612,0.1760458028318868,0.8418940255600279
2017-05-22,0.0016203099745885114,0.0,0.796089496760051
2017-05-23,-0.0,0.0,0.8006795740135141
2017-05-24,-6.947427133923051e-05,0.13677747169911006,0.8019310408213925
2017-05-25,0.0038928102035202966,0.14436851061063047,0.8464375641516586
2017-05-26,0.0017107998355846608,0.0,1.0
2017-05-30,-0.0,0.0,1.0
2017-05-31,0.0,0.0,1.0
2017-06-01,-0.0,0.0,1.0
2017-06-02,-0.0,0.0,1.0
2017-06-05,-0.0,0.0,1.0
2017-06-06,-0.00010614743496061878,0.20897776257871822,1.0
2017-06-07,-4.814685224072089e-06,0.1927707265362058,1.0
2017-06-08,0.00203345181033768,0.1927707265362058,1.0
2017-06-09,0.002327179267380647,0.20897776257871822,1.0
2017-06-12,-0.008781990594898747,0.0,1.0
2017-06-13,0.0,0.0,1.0
2017-06-14,-0.0,0.0,1.0
2017-06-15,0.0,0.0,1.0
2017-06-16,0.0,0.0,1.0
2017-06-19,-0.00010614743496061878,0.20897776257871822,1.0
2017-06-20,-2.1667725586374093e-05,0.20897776257871822,1.0
2017-06-21,-0.0012526650396567328,0.20897776257871822,1.0
2017-06-22,0.007042307480092893,0.20897776257871822,1.0
2017-06-23,-0.003565962637629003,0.1705601413795047,1.0
2017-06-26,-0.001290640546439983,0.2091068441954807,1.0
2017-06-27,0.002557796435461639,0.20897776257871822,1.0
2017-06-28,0.005505503828630816,0.2091068441954807,1.0
2017-06-29,0.0006239533337763068,0.0,1.0
2017-06-30,0.0,0.0,1.0
2017-07-03,0.0,0.0,1.0
2017-07-05,0.0,0.0,1.0
2017-07-06,0.0,0.0,1.0
2017-07-07,-0.0,0.0,1.0
2017-07-10,-0.0,0.0,1.0
2017-07-11,0.0,0.0,1.0
2017-07-12,-0.0,0.0,1.0
2017-07-13,-0.0,0.0,1.0
2017-07-14,0.0,0.0,1.0
2017-07-17,0.0,0.0,1.0
2017-07-18,0.0,0.0,1.0
2017-07-19,0.0,0.0,1.0
2017-07-20,-0.0,0.0,1.0
2017-07-21,-0.0,0.0,1.0
2017-07-24,-0.0,0.0,1.0
2017-07-25,0.0,0.0,1.0
2017-07-26,0.0,0.0,1.0
2017-07-27,0.0,0.0,1.0
2017-07-28,0.0,0.0,0.0
2017-07-31,0.0,0.0,0.0
2017-08-01,-0.0,0.0,0.0
2017-08-02,-0.0,0.0,0.0
2017-08-03,-0.0,0.0,0.0
2017-08-04,-0.0,0.0,0.0
2017-08-07,-0.0,0.0,0.0
2017-08-08,-0.0,0.0,0.0
2017-08-09,-0.0,0.0,0.0
2017-08-10,0.0,0.0,0.0
2017-08-11,0.0,0.0,0.0
2017-08-14,-0.0,0.0,0.0
2017-08-15,0.0,0.0,0.0
2017-08-16,-0.0,0.0,0.0
2017-08-17,0.0,0.0,0.0
2017-08-18,0.0,0.0,0.0
2017-08-21,-0.0,0.0,0.0
2017-08-22,0.0,0.0,0.0
2017-08-23,0.0,0.0,0.0
2017-08-24,0.0,0.0,0.0
2017-08-25,-0.0,0.0,0.0
2017-08-28,0.0,0.0,0.0
2017-08-29,0.0,0.0,0.0
2017-08-30,0.0,0.0,0.0
2017-08-31,0.0,0.0,0.0
2017-09-01,-0.0,0.0,0.0
2017-09-05,-0.0,0.0,0.0
2017-09-06,-0.0,0.0,0.0
2017-09-07,0.0,0.0,0.0
2017-09-08,0.0,0.0,0.0
2017-09-11,-0.0,0.0,0.0
2017-09-12,0.0,0.0,0.0
2017-09-13,-0.0,0.0,0.0
2017-09-14,-0.0,0.0,0.0
2017-09-15,0.0,0.0,0.0
2017-09-18,-0.0,0.0,0.0
2017-09-19,-0.0,0.0,0.0
2017-09-20,-0.0,0.0,0.0
2017-09-21,-0.0,0.0,0.0
2017-09-22,0.0,0.0,0.0
2017-09-25,0.0,0.0,0.0
2017-09-26,-0.0,0.0,0.0
2017-09-27,-0.0,0.0,0.0
2017-09-28,-0.0,0.0,0.0
2017-09-29,-0.0,0.0,0.0
2017-10-02,-0.0,0.0,0.0
2017-10-03,0.0,0.0,0.0
2017-10-04,0.0,0.0,0.0
2017-10-05,0.0,0.0,0.0
2017-10-06,-0.0,0.0,0.0
2017-10-09,-0.0,0.0,0.0
2017-10-10,-0.0,0.0,0.0
2017-10-11,0.0,0.0,0.0
2017-10-12,-0.0,0.0,0.0
2017-10-13,0.0,0.0,0.0
2017-10-16,-0.0,0.0,0.0
2017-10-17,0.0,0.0,0.0
2017-10-18,0.0,0.0,0.0
2017-10-19,0.0,0.0,0.0
2017-10-20,0.0,0.0,0.0
2017-10-23,-0.0,0.0,0.0
2017-10-24,0.0,0.0,0.0
2017-10-25,0.0,0.0,0.0
2017-10-26,0.0,0.0,0.0
2017-10-27,-0.0,0.0,0.0
2017-10-30,-0.0,0.0,0.0
2017-10-31,0.0,0.0,0.0
2017-11-01,-0.0,0.0,0.0
2017-11-02,0.0,0.0,0.0
2017-11-03,0.0,0.0,0.0
2017-11-06,0.0,0.0,0.0
2017-11-07,-0.0,0.0,0.0
2017-11-08,0.0,0.0,0.0
2017-11-09,-0.0,0.0,0.0
2017-11-10,0.0,0.0,0.0
2017-11-13,-0.0,0.0,0.0
2017-11-14,-0.0,0.0,0.0
2017-11-15,-0.0,0.0,0.0
2017-11-16,-0.0,0.0,0.0
2017-11-17,-0.00010621300022627592,0.2091068441954807,1.0
2017-11-20,0.002320042088654492,0.2091068441954807,1.0
2017-11-21,0.0013374980369680177,0.2091068441954807,1.0
2017-11-22,-0.01389109427008453,0.2091068441954807,1.0
2017-11-24,-0.0008506827439057373,0.1927707265362058,1.0
2017-11-27,0.007585970175010413,0.1927707265362058,1.0
2017-11-28,-0.0030804937663514455,0.20897776257871822,1.0
2017-11-29,-0.008912267796725439,0.20897776257871822,1.0
2017-11-30,-0.006178713252694325,0.0,1.0
2017-12-01,-0.00011389626648931493,0.22423327465083878,1.0
2017-12-04,-0.013191105895682509,0.0,1.0
2017-12-05,0.0,0.0,1.0
2017-12-06,-0.0,0.0,1.0
2017-12-07,0.0,0.0,1.0
2017-12-08,0.0,0.0,1.0
2017-12-11,-0.00011389626648931493,0.22423327465083878,1.0
2017-12-12,-0.0024186222782117944,0.22423327465083878,1.0
2017-12-13,-0.01576733153962686,0.22423327465083878,1.0
2017-12-14,0.0036255416070495997,0.578999440937651,1.0
2017-12-15,-0.02554579572636675,0.578999440937651,1.0
2017-12-18,0.0304736758165894,0.6394106811529883,0.7796208594337082
2017-12-19,0.020813833305881223,0.27905137922521844,0.4819544882000462
2017-12-20,0.008121361782041913,0.18767382836082802,0.4571831816420822
2017-12-21,0.0016600536345558838,0.10069924299762796,0.4490825153154908
2017-12-22,0.003296958436386869,0.10390003768071832,0.46335691187003614
2017-12-26,0.0008739667407413025,0.08901524010026962,0.46176741510361513
2017-12-27,0.00251451890810445,0.08943204024700997,0.46392956987799194
2017-12-28,4.343168727011104e-05,0.08962550163920448,0.4649331527127445
2017-12-29,-0.0004066085155583301,0.0912350004716011,0.47328244340286557
2018-01-02,-1.3899507967032432e-06,0.17513380038460866,0.4772882431644014
2018-01-03,0.0010742336557201925,0.316577527662098,0.4312044863404535
2018-01-04,-0.004925085215924708,0.31628986197736747,0.4308126621489575
2018-01-05,-0.004878878484808281,0.31009451866846754,0.4223740978296721
2018-01-08,-0.0055688360398747205,0.0,0.41514693762052635
2018-01-09,0.0,0.0,0.41514693762052635
2018-01-10,-0.0,0.0,0.41514693762052635
2018-01-11,-0.0,0.0,0.41519293748079017
2018-01-12,-0.0,0.0,0.4156335938799993
2018-01-16,-0.00020695656359999773,0.4074457345874955,0.42992003811364643
2018-01-17,0.009264604583426322,0.4105129089035388,0.4331563947297969
2018-01-18,0.014389276067102871,0.3766886285924482,0.45570842576527315
2018-01-19,-0.0005186206270122501,0.41099249712835745,0.529560464693276
2018-01-22,0.007432936569233258,0.4339104537689741,0.5590900640247084
2018-01-23,0.005603689944695501,0.40655267482502244,0.5537579960677979
2018-01-24,-0.014830680564137807,0.2849084627077618,0.5473224477898804
2018-01-25,0.0031969418017738665,0.39609426830038835,0.510364218931198
2018-01-26,0.00633016526608885,0.37071838449740757,0.5049487616657067
2018-01-29,0.0013070864483839693,0.25883108002484445,0.4972265791508091
2018-01-30,-0.007515590972821819,0.25890422345971914,0.49736709110133137
2018-01-31,0.0010446886350029612,0.35046260627302084,0.47735873495352776
2018-02-01,-0.022183824568668107,0.538511454132974,0.538511454132974
2018-02-02,-0.026051146887185836,0.0,0.3374816954491447
2018-02-05,0.0,0.0,0.34032632349733183
2018-02-06,-0.0,0.0,0.34353095240937587
2018-02-07,-0.0,0.0,0.34353095240937587
2018-02-08,0.0,0.0,0.34353095240937587
2018-02-09,-0.0001710231338044413,0.3367017946774938,0.34353095240937587
2018-02-12,-0.018715369950202086,0.0,0.2998328442991965
2018-02-13,0.0,0.0,0.2998328442991965
2018-02-14,0.0,0.0,0.2997411600413179
2018-02-15,-0.0,0.0,0.3107351906727256
2018-02-16,0.0,0.0,0.334610795542892
2018-02-20,-0.00016985239071978691,0.3343968942295805,0.3343968942295805
2018-02-21,0.010195516333095324,0.32511332648381425,0.3430462558521662
2018-02-22,-0.011913801172794503,0.28015739199593986,0.3204514933742889
2018-02-23,0.011864823385285302,0.2930918761643899,0.309258534020402
2018-02-26,0.0072889606348701865,0.2306283142653389,0.2790083322224909
2018-02-27,-0.0011197518169642966,0.22661421736310508,0.27415217878079684
2018-02-28,-0.009127281576083751,0.22690233638357973,0.2745007379229832
2018-03-01,0.06358673040875215,0.25959538711232855,0.2648606333126262
2018-03-02,-0.003644413025117119,0.07316211133521813,0.09426878093231762
2018-03-05,-0.000701895517126557,0.07540587324572737,0.09715984976761866
2018-03-06,5.958172852151209e-05,0.07529754991083273,0.09702027603825684
2018-03-07,0.0020375343490592946,0.07530412856985505,0.09702875258649862
2018-03-08,-0.0018692725237505919,0.07126617996794558,0.09707036615474667
2018-03-09,-0.0023487417479894916,0.07497396378597558,0.09660333796798806
2018-03-12,0.000407046280095423,0.0744138409974962,0.0958816243449294
2018-03-13,0.002652317234258528,0.07594016204517029,0.09784827650749912
2018-03-14,0.0047268406640921575,0.07183312095685064,0.09784258615315125
2018-03-15,-0.0006043205535310541,0.05071585750127413,0.0974275281455299
2018-03-16,-0.0009009389946337593,0.05066461408181684,0.0973290871462562
2018-03-19,-0.0011286123145584034,0.0505425228297083,0.09709454415542086
2018-03-20,0.001192598144391536,0.050385912344356305,0.09679368810720886
2018-03-21,0.0008295418922588243,0.05045623218997972,0.09692877581105952
2018-03-22,0.0018257045846712787,0.03559601335386614,0.09700902190218468
2018-03-23,-0.0010906223709640438,0.020000080044057955,0.09843459981950697
2018-03-26,-0.0004147306890784469,0.036138745949820236,0.09848811895062484
2018-03-27,0.0009698040432137519,0.0360395494953025,0.09821778106381526
2018-03-28,0.0013665421187033417,0.0,0.09840871213962496
2018-03-29,-1.0296536886953379e-05,0.020271306996189464,0.09976950030163087
2018-04-02,-0.00023895582777027355,0.07721018719662408,0.38000617307263856
2018-04-03,-0.0002818434724007822,0.07831651413060912,0.3854511937313791
2018-04-04,-0.00013368496005244273,0.07901827307866717,0.38890504796944625
2018-04-05,-0.00019448854858082577,0.07897810252937539,0.38870734016350966
2018-04-06,0.0019177149177165597,0.08186875027435074,0.4029342709242366
2018-04-09,2.9720484023011985e-05,0.06393244713218128,0.42203297663902045
2018-04-10,0.0014632856749746122,0.0,0.4707287251258203
2018-04-11,-0.0,0.0,0.4696285617834688
2018-04-12,-3.936716169671733e-05,0.07750409959041224,0.5161672900770715
2018-04-13,0.0008066282068253825,0.1388477512568417,0.9165663507515406
2018-04-16,0.00026281214808299554,0.1401725035532598,0.9253113492624028
2018-04-17,-0.003199378793108367,0.14835449218246996,0.9793225622052285
2018-04-18,-0.005408775628249348,0.20318140248175726,1.0
2018-04-19,0.00703777855342366,0.36693508145827936,1.0
2018-04-20,0.011422718096422155,0.20318140248175726,1.0
2018-04-23,0.00781784039906227,0.0,1.0
2018-04-24,-0.0,0.0,1.0
2018-04-25,-0.0,0.0,1.0
2018-04-26,0.0,0.0,1.0
2018-04-27,0.0,0.0,1.0
2018-04-30,-0.0,0.0,1.0
2018-05-01,-0.0,0.0,1.0
2018-05-02,-7.799104662644354e-05,0.15354487304581071,1.0
2018-05-03,-0.0030987750031056926,0.15015306293205777,1.0
2018-05-04,0.0002231319326054949,0.15015306293205777,1.0
2018-05-07,-0.00012020414282339847,0.15015306293205777,1.0
2018-05-08,0.00487542839228645,0.15015306293205777,1.0
2018-05-09,0.0023790386715043074,0.0,1.0
2018-05-10,0.0,0.0,1.0
2018-05-11,0.0,0.0,1.0
2018-05-14,0.0,0.0,1.0
2018-05-15,-0.0,0.0,1.0
2018-05-16,0.0,0.0,1.0
2018-05-17,-0.0,0.0,1.0
2018-05-18,-0.0,0.0,1.0
2018-05-21,-0.0,0.0,1.0
2018-05-22,0.0,0.0,1.0
2018-05-23,0.0,0.0,1.0
2018-05-24,0.0,0.0,1.0
2018-05-25,0.0,0.0,1.0
2018-05-29,-0.0,0.0,1.0
2018-05-30,0.0,0.0,1.0
2018-05-31,-0.0,0.0,1.0
2018-06-01,0.0,0.0,1.0
2018-06-04,0.0,0.0,1.0
2018-06-05,-0.0,0.0,1.0
2018-06-06,-0.0,0.0,1.0
2018-06-07,0.0,0.0,0.0
2018-06-08,0.0,0.0,0.0
2018-06-11,-0.0,0.0,0.0
2018-06-12,-0.0,0.0,0.0
2018-06-13,0.0,0.0,0.0
2018-06-14,-0.0,0.0,0.0
2018-06-15,-0.0,0.0,0.0
2018-06-18,0.0,0.0,0.0
2018-06-19,0.0,0.0,0.0
2018-06-20,-0.0,0.0,0.0
2018-06-21,-0.0,0.0,0.0
2018-06-22,-7.626822244168014e-05,0.15015306293205777,1.0
2018-06-25,-0.0026040674203628715,0.0,1.0
2018-06-26,-0.0,0.0,1.0
2018-06-27,0.0,0.0,1.0
2018-06-28,-0.0,0.0,1.0
2018-06-29,0.0,0.0,1.0
2018-07-02,-0.00010320325205422591,0.20318140248175726,1.0
2018-07-03,0.0024100462264273572,0.826600096234502,1.0
2018-07-05,0.07096661435830268,0.8217315134016081,0.9941101109773973
2018-07-06,-0.06595194433620576,0.1895553639390548,0.3641446968503778
2018-07-09,0.014119603944629857,0.24537263680257326,0.31616063182682275
2018-07-10,0.005538865192173452,0.13835460780878495,0.2657856558181137
2018-07-11,-0.005406412463584848,0.09728432784301642,0.2651268105965433
2018-07-12,0.0033624888757714778,0.1919140851459309,0.2614026810998969
2018-07-13,0.004621097674111872,0.09397538410227307,0.25610901996286256
2018-07-16,-0.005662176878196729,0.0520496552862137,0.25617332418446614
2018-07-17,0.002470027625297471,0.18595419440759992,0.25328482243997874
2018-07-18,0.0011646398605978912,0.08956307423823485,0.2440842502229327
2018-07-19,-0.003736151300301139,0.08964885784892367,0.24431803438537333
2018-07-20,-0.00046311853835300046,0.12513722837617092,0.24039445333970152
2018-07-23,0.024693108185267435,0.1250259001769794,0.24018058667561426
2018-07-24,-0.002298055992778636,0.0,0.18569703219024553
2018-07-25,-1.2946408458263053e-05,0.025488241652205385,0.18569703219024553
2018-07-26,0.001664894490677148,0.0,0.1858638635956409
2018-07-27,0.0,0.0,0.1858638635956409
2018-07-30,-0.0,0.0,0.1858638635956409
2018-07-31,-0.0,0.0,0.1858638635956409
2018-08-01,-0.0,0.0,0.1913065031821849
2018-08-02,-1.4670118488031017e-05,0.028881795773311063,0.19065546193921942
2018-08-03,0.0005037853645148355,0.0426299413816626,0.20981222130056984
2018-08-06,-0.0008174582781756006,0.03444074407744388,0.22735137465667093
2018-08-07,0.0024536736874523086,0.050300663065469035,0.24756529116873924
2018-08-08,-0.002349919696922959,0.03796392802466841,0.24724972753301713
2018-08-09,-0.0009390099856295826,0.03785647199831524,0.24989939035915026
2018-08-10,0.0013160566129668942,0.05128206478606267,0.25239546611883956
2018-08-13,-0.0008088828668776142,0.0,0.252466809419588
2018-08-14,0.0,0.0,0.2557968841727768
2018-08-15,0.0,0.0,0.26594526305424326
2018-08-16,-0.0,0.0,0.26572425537768635
2018-08-17,-0.0,0.0,0.2707679576597398
2018-08-20,-2.7993071451511917e-05,0.05511135942016409,0.27124214493554494
2018-08-21,-0.002012344300682294,0.15015306293205777,1.0
2018-08-22,0.011538911067795792,0.20318140248175726,1.0
2018-08-23,-0.001231534507592207,0.15354487304581071,1.0
2018-08-24,6.74675466225795e-05,0.15354487304581071,1.0
2018-08-27,0.0027862089635479724,0.15354487304581071,1.0
2018-08-28,-0.00012060520569263032,0.13725712980750726,1.0
2018-08-29,0.0014930118443417528,0.15354487304581071,1.0
2018-08-30,0.0030894045364777594,0.13725712980750726,1.0
2018-08-31,0.0024120957447129037,0.0,1.0
2018-09-04,-0.0,0.0,1.0
2018-09-05,-7.626822244168014e-05,0.15015306293205777,1.0
2018-09-06,0.0015807809358412482,0.15354487304581071,1.0
2018-09-07,0.005307772623158898,0.15354487304581071,1.0
2018-09-10,-0.0008431490742260658,0.0,1.0
2018-09-11,0.0,0.0,1.0
2018-09-12,-0.0,0.0,1.0
2018-09-13,0.0,0.0,1.0
2018-09-14,-0.0,0.0,1.0
2018-09-17,0.0,0.0,1.0
2018-09-18,0.0,0.0,1.0
2018-09-19,-0.0,0.0,1.0
2018-09-20,-0.0,0.0,1.0
2018-09-21,0.0,0.0,1.0
2018-09-24,-7.694570267652663e-05,0.1514868521444118,1.0
2018-09-25,0.0035652399868068446,0.15015306293205777,1.0
2018-09-26,0.0030670292195039105,0.15354487304581071,1.0
2018-09-27,0.0037395903880820063,0.13725712980750726,1.0
2018-09-28,-0.001595888304056343,0.0,1.0
2018-10-01,-0.0,0.0,1.0
2018-10-02,0.0,0.0,1.0
2018-10-03,-0.0,0.0,1.0
2018-10-04,0.0,0.0,1.0
2018-10-05,-0.0,0.0,1.0
2018-10-08,0.0,0.0,1.0
2018-10-09,-0.0,0.0,1.0
2018-10-10,-0.0,0.0,1.0
2018-10-11,-0.0,0.0,1.0
2018-10-12,-7.626822244168014e-05,0.15015306293205777,1.0
2018-10-15,-0.002704697158815571,0.15015306293205777,1.0
2018-10-16,0.00854775689702069,0.1514868521444118,1.0
2018-10-17,0.0010604568099739254,0.13725712980750726,1.0
2018-10-18,0.000798428999975004,0.13725712980750726,1.0
2018-10-19,0.002066257120119108,0.0,1.0
2018-10-22,-0.0,0.0,1.0
2018-10-23,-0.0,0.0,1.0
2018-10-24,-0.0,0.0,1.0
2018-10-25,-7.799104662644354e-05,0.15354487304581071,1.0
2018-10-26,0.001344071227562631,0.15015306293205777,1.0
2018-10-29,0.00509713048987717,0.15015306293205777,1.0
2018-10-30,-0.00013899190803832542,0.15354487304581071,1.0
2018-10-31,-0.00152409602521089,0.15354487304581071,1.0
2018-11-01,-0.006342368272526434,0.15354487304581071,1.0
2018-11-02,-0.0006798602429809815,0.1514868521444118,1.0
2018-11-05,-0.0008498180139238578,0.1514868521444118,1.0
2018-11-06,0.007941429670664964,0.1514868521444118,1.0
2018-11-07,-0.0007798826221594341,0.15354487304581071,1.0
2018-11-08,-0.0004859561396476937,0.15354487304581071,1.0
2018-11-09,-0.0009550892160127425,0.15015306293205777,1.0
2018-11-12,0.004241932829790085,0.15015306293205777,1.0
2018-11-13,0.0028768449157420815,0.15354487304581071,1.0
2018-11-14,0.0038732423887785305,0.0,1.0
2018-11-15,-0.0,0.0,1.0
2018-11-16,-7.799104662644354e-05,0.15354487304581071,1.0
2018-11-19,0.0003384470869328204,0.0,1.0
2018-11-20,-0.0,0.0,1.0
2018-11-21,-7.799104662644354e-05,0.15354487304581071,1.0
2018-11-23,-0.004454314904977876,0.36693508145827936,1.0
2018-11-26,0.010497556878781386,0.7341703013083847,1.0
2018-11-27,-0.02978927078363754,0.3453450588873041,0.9411611926415653
2018-11-28,-0.0009843389690394565,0.6566122883480774,0.8460395529612982
2018-11-29,0.02104449617475452,0.6558758313017606,0.845090634091978
2018-11-30,0.007024514522397664,0.3512572360799295,0.6747815365960954
2018-12-03,-0.03844042467184421,0.13872264422599373,0.6827526659997782
2018-12-04,0.0017749258863893104,0.5607976339483317,0.5917306764916832
2018-12-06,0.03183859426443852,0.4991914558896069,0.5709884946452825
2018-12-07,0.02372009349567082,0.2123855089361932,0.40800247041201676
2018-12-10,-0.011802691925515328,0.05915169136157993,0.3904740941160416
2018-12-11,-0.00020170153615196867,0.282728434642199,0.3850992530457048
2018-12-12,0.00018218418504192677,0.2826830071782652,0.38503737712420155
2018-12-13,0.010132165536095212,0.28232025213465456,0.38454327508416514
2018-12-14,-0.005421080932261505,0.07476487173363766,0.3679710387881118
2018-12-17,0.0018752209924211079,0.1906336386980411,0.366216112963713
2018-12-18,0.011902859874337689,0.07415699866362367,0.3649792636424089
2018-12-19,0.003759502999994596,0.04988653615187879,0.3634531497332115
2018-12-20,-0.004174887270228521,0.0,0.3646609066599698
2018-12-21,-2.7812039144927338e-05,0.05475495206657569,0.3646609066599698
2018-12-24,0.00046241791408099754,0.05641384430285592,0.3724009278975368
2018-12-26,-0.001522108991604209,0.05737524854025726,0.38211174264369674
2018-12-27,0.00035730766558826106,0.07836221660822418,0.3856761280858861
2018-12-28,-0.0015029043579149512,0.08189942596825019,0.4030852478026554
2018-12-31,0.0003748637697763859,0.1472738278173269,0.401362080812848
2019-01-02,-2.689544559554222e-06,0.338882614503832,0.4161030956880494
2019-01-03,0.015711422774349375,0.33754887609833284,0.33754887609833284
2019-01-04,-0.012005901470822465,0.2566494850491589,0.3151316729306312
2019-01-07,-0.010729492521455922,0.0,0.29405716489389155
2019-01-08,0.0,0.0,0.3384527221195234
2019-01-09,-0.0,0.0,0.3534313124892557
2019-01-10,0.0,0.0,0.3560259316113491
2019-01-11,-0.0,0.0,0.3561457643517684
2019-01-14,-0.0,0.0,0.3561150421734013
2019-01-15,0.0,0.0,0.37766379588094895
2019-01-16,0.0,0.0,0.3782092512513296
2019-01-17,0.0,0.0,0.38505832734102413
2019-01-18,-0.0,0.0,0.39219632143723976
2019-01-22,-0.00019069434426785146,0.3754294902773325,0.39490712976909603
2019-01-23,-0.017369736481022302,0.3718495647545499,0.3718495647545499
2019-01-24,-0.013015785131510938,0.32093272576190474,0.32296656620437497
2019-01-25,-0.009604329649833201,0.29749118668473273,0.307039033496349
2019-01-28,-0.013722313091867052,0.0,0.29881938946151787
2019-01-29,0.0,0.0,0.29922901661665846
2019-01-30,-0.0,0.0,0.29837672275772437
2019-01-31,-0.00014713017495052554,0.28966253193384717,0.2989591215666022
2019-02-01,0.023764180273440984,0.0,0.3150943694391819
2019-02-04,0.0,0.0,0.4025691467891064
2019-02-05,-0.00021044981981502221,0.41432308276082497,0.4169487640152604
2019-02-06,0.02541858613716781,0.31172285220472323,0.32789533064295867
2019-02-07,0.006638990762287615,0.21362366661324966,0.2623016501455841
2019-02-08,0.010189868380041659,0.20985114322151274,0.2576694896431764
2019-02-11,-0.011187391025239211,0.17020402532732254,0.2411842319630275
2019-02-12,-0.003422156275173577,0.1871245741965148,0.22976426429098337
2019-02-13,0.010310536007641695,0.18593294101160843,0.2283010961143269
2019-02-14,0.016896005163632093,0.15019940443774585,0.21283708144361155
2019-02-15,0.015180073884258773,0.06991470546105871,0.19108061047674982
2019-02-19,-0.006018819464088023,0.024121898914461808,0.1860996136859725
2019-02-20,0.000844403896755651,0.03778879189858742,0.1851902816606184
2019-02-21,0.001902817373233831,0.026345994957460057,0.189568520901209
2019-02-22,-0.0009067131181045332,0.02641063827859248,0.20375715851704035
2019-02-25,-0.001664226814914895,0.02976744916792132,0.21418706406329593
2019-02-26,0.003126710356684572,0.0813278496739012,0.22227334095122506
2019-02-27,0.0012332541991645195,0.02651773390791888,0.21804883251019722
2019-02-28,-0.0007208921010729073,0.0,0.21835407819620317
2019-03-01,-9.032731038511304e-05,0.1778318923206913,0.21835407819620317
2019-03-04,-0.0010265121424785808,0.0,0.11908750544869423
2019-03-05,0.0,0.0,0.11908750544869423
2019-03-06,0.0,0.0,0.11908750544869423
2019-03-07,-0.0,0.0,0.11895162590338663
2019-03-08,0.0,0.0,0.11999830667600239
2019-03-11,-0.0,0.0,0.11957322560177458
2019-03-12,-0.0,0.0,0.11969954761225692
2019-03-13,-0.0,0.0,0.12296697927743193
2019-03-14,-0.0,0.0,0.12408850812898412
2019-03-15,0.0,0.0,0.12452783400577286
2019-03-18,0.0,0.0,0.1272851087810966
2019-03-19,0.0,0.0,0.12781561332539573
2019-03-20,0.0,0.0,0.12838115354106308
2019-03-21,-0.0,0.0,0.128195820427082
2019-03-22,0.0,0.0,0.1280211314822281
2019-03-25,0.0,0.0,0.1282027093626148
2019-03-26,-0.0,0.0,0.1286221551065439
2019-03-27,-0.0,0.0,0.12944252745267806
2019-03-28,-0.0,0.0,0.12938837409432324
2019-03-29,-0.0,0.0,0.12938837409432324
2019-04-01,-0.0,0.0,0.0
2019-04-02,0.0,0.0,0.0
2019-04-03,-6.583782124386383e-05,0.12961821057385692,1.0
2019-04-04,0.0007569115679779436,0.0,1.0
2019-04-05,0.0,0.0,1.0
2019-04-08,-0.0,0.0,1.0
2019-04-09,-6.177205814182904e-05,0.12161373946672592,1.0
2019-04-10,0.011074126410462829,0.0,1.0
2019-04-11,-0.0,0.0,1.0
2019-04-12,-0.0,0.0,1.0
2019-04-15,-0.0,0.0,1.0
2019-04-16,0.0,0.0,1.0
2019-04-17,0.0,0.0,1.0
2019-04-18,0.0,0.0,1.0
2019-04-22,0.0,0.0,1.0
2019-04-23,-0.0,0.0,1.0
2019-04-24,0.0,0.0,1.0
2019-04-25,0.0,0.0,1.0
2019-04-26,0.0,0.0,1.0
2019-04-29,-0.0,0.0,1.0
2019-04-30,0.0,0.0,1.0
2019-05-01,-0.0,0.0,1.0
2019-05-02,0.0,0.0,1.0
2019-05-03,-0.0,0.0,1.0
2019-05-06,-0.0,0.0,1.0
2019-05-07,-0.0,0.0,1.0
2019-05-08,0.0,0.0,1.0
2019-05-09,0.0,0.0,0.0
2019-05-10,0.0,0.0,0.0
2019-05-13,-0.0,0.0,0.0
2019-05-14,-0.0,0.0,0.0
2019-05-15,0.0,0.0,0.0
2019-05-16,0.0,0.0,0.0
2019-05-17,-0.0,0.0,0.0
2019-05-20,-0.0,0.0,0.0
2019-05-21,0.0,0.0,0.0
2019-05-22,0.0,0.0,0.0
2019-05-23,0.0,0.0,0.0
2019-05-24,-0.0,0.0,0.0
2019-05-28,0.0,0.0,0.0
2019-05-29,-0.0,0.0,0.0
2019-05-30,-0.0,0.0,0.0
2019-05-31,-0.0,0.0,0.0
2019-06-03,-0.0,0.0,0.0
2019-06-04,-0.0,0.0,0.0
2019-06-05,0.0,0.0,0.0
2019-06-06,-6.177205814182904e-05,0.12161373946672592,1.0
2019-06-07,-7.310319578173138e-05,0.12961821057385692,1.0
2019-06-10,0.0012662319637841099,0.0,1.0
2019-06-11,0.0,0.0,1.0
2019-06-12,-0.0,0.0,1.0
2019-06-13,0.0,0.0,1.0
2019-06-14,0.0,0.0,1.0
2019-06-17,-0.0,0.0,1.0
2019-06-18,-7.059237796015195e-05,0.13897874410904915,1.0
2019-06-19,0.0034633535764741273,0.3658911560237335,1.0
2019-06-20,-0.011998214081164657,0.13897874410904915,1.0
2019-06-21,0.010395123703559252,0.3658911560237335,1.0
2019-06-24,-0.01045208374592597,0.11352479323895778,0.933486575914547
2019-06-25,0.004808325936035243,0.12820731947348435,0.9224958844993373
2019-06-26,0.010470501260534858,0.0,0.9129403923506773
2019-06-27,-0.0,0.0,0.9129403923506773
2019-06-28,0.0,0.0,0.9129403923506773
2019-07-01,-0.0,0.0,0.9129403923506773
2019-07-02,0.0,0.0,0.9129403923506773
2019-07-03,0.0,0.0,0.9129403923506773
2019-07-05,0.0,0.0,0.9119723340809021
2019-07-08,-0.0,0.0,0.9171282160690708
2019-07-09,0.0,0.0,0.9172438785622561
2019-07-10,0.0,0.0,0.9172438785622561
2019-07-11,-0.0,0.0,0.9172438785622561
2019-07-12,-0.0,0.0,0.9172438785622561
2019-07-15,-0.0,0.0,0.9172438785622561
2019-07-16,0.0,0.0,0.9172438785622561
2019-07-17,0.0,0.0,0.9172438785622561
2019-07-18,-0.0,0.0,0.9362426977429158
2019-07-19,0.0,0.0,0.9708488666037814
2019-07-22,-0.0,0.0,0.9914904050384876
2019-07-23,0.0,0.0,1.0
2019-07-24,0.0,0.0,1.0
2019-07-25,0.0,0.0,0.0
2019-07-26,-0.0,0.0,0.0
2019-07-29,-0.0,0.0,0.0
2019-07-30,0.0,0.0,0.0
2019-07-31,-0.0,0.0,0.0
2019-08-01,-0.0,0.0,0.0
2019-08-02,-0.0,0.0,0.0
2019-08-05,-0.00010364640532964672,0.204053860492742,1.0
2019-08-06,3.817085919637083e-05,0.8144198349293003,1.0
2019-08-07,-0.012131675743539697,0.8144198349293003,1.0
2019-08-08,-0.015444455470398771,0.8785348022409996,1.0
2019-08-09,-0.029792691927483145,0.9506779239383392,1.0
2019-08-12,-0.03212928367433258,0.0,0.7379527905988126
2019-08-13,0.0,0.0,0.7379527905988126
2019-08-14,-0.0,0.0,0.7379527905988126
2019-08-15,-0.0,0.0,0.7379527905988126
2019-08-16,0.0,0.0,0.7379527905988126
2019-08-19,-0.00036317715484671516,0.7150050236044705,0.7379527905988126
2019-08-20,0.0226353653080821,0.0,0.5324932032739974
2019-08-21,-0.00026876947086389543,0.5291398957632941,0.5324932032739974
2019-08-22,-0.017486194950884985,0.30982070595525374,0.3526561556411328
2019-08-23,0.0021024923716762567,0.3195720226812144,0.336151723558842
2019-08-26,-0.009130997884437138,0.31722675658618127,0.33368478282531
2019-08-27,-0.00045417824778787443,0.30676636956994635,0.32268170096883747
2019-08-28,0.009367451605873918,0.3070485377431083,0.3229785082955428
2019-08-29,-0.011807665283122097,0.263861630371745,0.300342831836231
2019-08-30,-0.013446016960584721,0.0,0.28699864273271236
2019-09-03,-9.470788584762568e-05,0.18645615026251305,0.2642139826561908
2019-09-04,0.005514865989463945,0.17296962606290117,0.17406578295986613
2019-09-05,0.0045848740135913954,0.16869643715779067,0.16869643715779067
2019-09-06,0.007537028665356875,0.15614679060289166,0.16424783480406063
2019-09-09,-0.00632351627336663,0.12791380662799567,0.15706126145503305
2019-09-10,0.005368121672961838,0.13790414676815796,0.15697061336259746
2019-09-11,0.005833297446407788,0.112729041894944,0.15239565735823288
2019-09-12,-0.0004820409092179186,0.10544988382952798,0.1494256624842144
2019-09-13,0.0009504464750015979,0.10547691444146308,0.14946396567573128
2019-09-16,0.0028196347681013296,0.10532825171087805,0.1492533061074354
2019-09-17,0.0005090534581359814,0.07540752091250347,0.14817420664973596
2019-09-18,0.002520473428481035,0.0770837812523177,0.15146802327418896
2019-09-19,0.008156526184013167,0.055160940817672935,0.15075778659732056
2019-09-20,-0.0030556629872789533,0.01997729269963045,0.1541241204548748
2019-09-23,-0.00032573891815720603,0.02168240143505142,0.15601235695466067
2019-09-24,0.00015415407256308875,0.0318545613510721,0.15610859443752173
2019-09-25,-0.00043601342450930706,0.021966917559337155,0.15805954860335258
2019-09-26,0.001585272001732134,0.032251079540594814,0.1580517980042919
2019-09-27,7.135703632988196e-05,0.020694299174006975,0.15965580054212591
2019-09-30,4.5349320753514965e-05,0.019830123443903346,0.16305824926408877
2019-10-01,-0.0006829153962399024,0.0,0.17115564477911166
2019-10-02,-0.0,0.0,0.3312465289086225
2019-10-03,0.0,0.0,0.33775155888568437
2019-10-04,0.0,0.0,0.34387645698766817
2019-10-07,0.0,0.0,0.38168518925728506
2019-10-08,0.0,0.0,0.455194358649912
2019-10-09,0.0,0.0,0.5209423006078141
2019-10-10,0.0,0.0,0.5971963562450107
2019-10-11,-0.0,0.0,0.6022225888656142
2019-10-14,-0.0,0.0,0.6001771416871347
2019-10-15,0.0,0.0,0.6340580429498822
2019-10-16,0.0,0.0,0.6324662061877984
2019-10-17,-0.0,0.0,0.6688947988644411
2019-10-18,0.0,0.0,1.0
2019-10-21,-0.0,0.0,1.0
2019-10-22,-0.0,0.0,1.0
2019-10-23,-0.0,0.0,1.0
2019-10-24,0.0,0.0,1.0
2019-10-25,-0.0,0.0,1.0
2019-10-28,0.0,0.0,1.0
2019-10-29,0.0,0.0,0.0
2019-10-30,-0.0,0.0,0.0
2019-10-31,-0.0,0.0,0.0
2019-11-01,-0.0,0.0,0.0
2019-11-04,-0.0,0.0,0.0
2019-11-05,-0.0,0.0,0.0
2019-11-06,-0.0,0.0,0.0
2019-11-07,-0.0,0.0,0.0
2019-11-08,-7.059237796015195e-05,0.13897874410904915,1.0
2019-11-11,-0.0026520301839507996,0.13897874410904915,1.0
2019-11-12,-0.0003982775443117094,0.204053860492742,1.0
2019-11-13,0.005914596934209454,0.204053860492742,1.0
2019-11-14,-0.0018492743683000354,0.13897874410904915,1.0
2019-11-15,7.187809871753474e-05,0.13897874410904915,1.0
2019-11-18,-0.002691177141015004,0.13897874410904915,1.0
2019-11-19,0.005747758741480856,0.13897874410904915,1.0
2019-11-20,0.00048361310124769326,0.12961821057385692,1.0
2019-11-21,0.004804008775362009,0.12961821057385692,1.0
2019-11-22,-0.0020107587621446487,0.0,1.0
2019-11-25,-6.177205814182904e-05,0.12161373946672592,1.0
2019-11-26,0.0049806116523206405,0.12161373946672592,1.0
2019-11-27,-0.00467045048918793,0.0,1.0
2019-11-29,-0.0,0.0,1.0
2019-12-02,-0.0,0.0,1.0
2019-12-03,-7.059237796015195e-05,0.13897874410904915,1.0
2019-12-04,-0.005117774056281725,0.204053860492742,1.0
2019-12-05,0.008036255760531272,0.3658911560237335,1.0
2019-12-06,0.005495204753444124,0.204053860492742,1.0
2019-12-09,0.0035933648296595064,0.0,1.0
2019-12-10,0.0,0.0,1.0
2019-12-11,-0.0,0.0,1.0
2019-12-12,-0.0,0.0,1.0
2019-12-13,0.0,0.0,1.0
2019-12-16,-7.059237796015195e-05,0.13897874410904915,1.0
2019-12-17,0.0029578221624916873,0.13897874410904915,1.0
2019-12-18,-0.002107583628649744,0.13897874410904915,1.0
2019-12-19,0.004504940952779464,0.13897874410904915,1.0
2019-12-20,0.006022380638620191,0.12961821057385692,1.0
2019-12-23,-0.0008872223901228519,0.0,1.0
2019-12-24,-6.177205814182904e-05,0.12161373946672592,1.0
2019-12-26,0.0032232402312782596,0.0,1.0
2019-12-27,-0.0,0.0,1.0
2019-12-30,-0.0,0.0,1.0
2019-12-31,-6.583782124386383e-05,0.12961821057385692,1.0
2020-01-02,-3.0859281877578648e-06,0.388826951657491,1.0
2020-01-03,-0.0026111541971261427,0.388826951657491,1.0
2020-01-06,-0.011947355757295981,0.0,1.0
2020-01-07,-0.0,0.0,1.0
2020-01-08,-0.0,0.0,1.0
2020-01-09,0.0,0.0,1.0
2020-01-10,0.0,0.0,1.0
2020-01-13,0.0,0.0,1.0
2020-01-14,-0.0,0.0,1.0
2020-01-15,-0.0,0.0,1.0
2020-01-16,-0.0,0.0,1.0
2020-01-17,-0.0,0.0,1.0
2020-01-21,-0.0,0.0,1.0
2020-01-22,-0.0,0.0,1.0
2020-01-23,0.0,0.0,1.0
2020-01-24,-0.0,0.0,1.0
2020-01-27,-0.00048540538154640195,0.9556418449194788,1.0
2020-01-28,0.04794674323003741,0.7060322180614672,0.7186721413774115
2020-01-29,0.03791110215219215,0.3920906523482768,0.4338801015696283
2020-01-30,-0.021185250532325964,0.2724861312064498,0.34755830087832607
2020-01-31,0.004547546707443772,0.27500215577957726,0.30431218537575555
2020-02-03,0.0076302796507789076,0.29548793987629074,0.3007273317958544
2020-02-04,-0.005912792104423051,0.28523564230645326,0.29034214673145925
2020-02-05,0.01968120176453055,0.2778456043338437,0.2828198067039489
2020-02-06,0.008393171443318997,0.2133511743754285,0.23609037515585962
2020-02-07,0.016573969995142743,0.20030829315933976,0.23250954124243578
2020-02-10,0.0035986710203785074,0.11159681877730085,0.20873539830396254
2020-02-11,-0.0030412992648263153,0.11194078012475496,0.20937875812056517
2020-02-12,0.010917358047649685,0.11031928896137631,0.20634585263506364
2020-02-13,-0.0016877011224855495,0.04419088163560396,0.19782814743874289
2020-02-14,-0.0009472941890671209,0.04408343614166076,0.19734714904652487
2020-02-18,0.0016353419762774521,0.07645933103162526,0.19664102682618717
2020-02-19,0.003240299088733922,0.033443626437552644,0.19739711196106827
2020-02-20,-0.0010334434071044669,0.029223928518020987,0.19808890186670466
2020-02-21,-0.0005860286144286485,0.03344003360706996,0.19737590569737637
2020-02-24,-0.0005534913998945068,0.043978457486504294,0.19687719388605837
2020-02-25,-0.003714508460226173,0.0,0.1963434160465801
2020-02-26,-7.852644204562778e-05,0.15459893277732967,0.20563841214136655
2020-02-27,0.0026481002412723073,0.15657372069893435,0.16384142399303064
2020-02-28,0.020145436845937885,0.15292975514540685,0.1692291751871935
2020-03-02,0.026106196491477603,0.1460029561873955,0.1460029561873955
2020-03-03,-0.005759199980518703,0.08847717283529657,0.11285336145734004
2020-03-04,0.006146798383457991,0.09532307089081987,0.11064705875664488
2020-03-05,-0.004176762517319042,0.05909501991847821,0.11053381857667409
2020-03-06,-0.0020278235985752473,0.08707067716294768,0.11105936466231076
2020-03-09,-0.00011787178623504266,0.09442727779635658,0.10960725936463409
2020-03-10,-0.008476716673829968,0.0,0.11213661128254297
2020-03-11,-5.283611309415861e-05,0.10402109765412476,0.10588336210035436
2020-03-12,-0.03581613068525792,0.0,0.10611331308985943
2020-03-13,-0.0,0.0,0.06545200097358232
2020-03-16,-0.0,0.0,0.06543833045547054
2020-03-17,0.0,0.0,0.06542044959011166
2020-03-18,0.0,0.0,0.0655288375215032
2020-03-19,-3.2727306393464535e-05,0.0644318844621333,0.0655743469766931
2020-03-20,0.0002739536469046647,0.0,0.062138021965929616
2020-03-23,-0.0,0.0,0.06211717960707428
2020-03-24,0.0,0.0,0.062095025149432555
2020-03-25,0.0,0.0,0.062029944462614915
2020-03-26,-3.202943371414522e-05,0.0630579476247234,0.0630579476247234
2020-03-27,0.011947886471440135,0.06020625641594888,0.061284114401420335
2020-03-30,0.00569432255427095,0.05252652364629794,0.05812485780587213
2020-03-31,-0.0040446671864745746,0.04817224153980135,0.06144409018156067
2020-04-01,-0.00779916218080841,0.0,0.06114479410923566
2020-04-02,-2.8959348504400904e-05,0.05701371736803928,0.05966013069764979
2020-04-03,-0.006990442838861813,0.0,0.05918110136023679
2020-04-06,0.0,0.0,0.05814509615146469
2020-04-07,0.0,0.0,0.05813621431525121
2020-04-08,-0.0,0.0,0.05832728373177941
2020-04-09,0.0,0.0,0.05829023104097031
2020-04-13,0.0,0.0,0.07920627801501649
2020-04-14,0.0,0.0,0.07920627801501649
2020-04-15,-0.0,0.0,0.07920627801501649
2020-04-16,0.0,0.0,0.07920627801501649
2020-04-17,0.0,0.0,0.07920627801501649
2020-04-20,0.0,0.0,0.08827172827680028
2020-04-21,-0.0,0.0,0.08827172827680028
2020-04-22,-0.0,0.0,0.08827172827680028
2020-04-23,-0.0,0.0,0.08827172827680028
2020-04-24,-0.0,0.0,0.08827172827680028
2020-04-27,0.0,0.0,0.09331093163422428
2020-04-28,0.0,0.0,0.12573532424942468
2020-04-29,-0.0,0.0,0.14224383064639803
2020-04-30,-0.0,0.0,0.14493162192719722
2020-05-01,0.0,0.0,0.2013025311552682
2020-05-04,-2.7391947678312505e-05,0.05392789699167774,0.24141758576130198
2020-05-05,-0.0023238542731020893,0.16942307871327206,1.0
2020-05-06,-0.012442693107275906,0.0,1.0
2020-05-07,-0.00011346293432573666,0.22338015195379404,1.0
2020-05-08,0.0036590214293950834,0.12049085218259799,0.7111832289774057
2020-05-11,-0.004650296086700905,0.0,0.7109443210334198
2020-05-12,-0.0,0.0,0.7109443210334198
2020-05-13,-0.0,0.0,0.7109443210334198
2020-05-14,0.0,0.0,0.7109443210334198
2020-05-15,0.0,0.0,0.7109443210334198
2020-05-18,-0.00014041107969301803,0.2764343131456293,0.7109443210334198
2020-05-19,-0.01298241475370807,0.15587272670503827,0.6977913003536697
2020-05-20,-0.009906252413925079,0.0,0.6681704715973112
2020-05-21,-0.00011257592458404986,0.22163385152484816,0.5700064015111804
2020-05-22,0.006886806238359649,0.21418081548887652,0.5508383988709292
2020-05-26,-0.012066363933018102,0.0,0.5344764038219234
2020-05-27,-0.0,0.0,0.5344764038219234
2020-05-28,-0.0,0.0,0.5344764038219234
2020-05-29,-0.0,0.0,0.5344764038219234
2020-06-01,0.0,0.0,0.5344764038219234
2020-06-02,0.0,0.0,0.5344764038219234
2020-06-03,-0.0,0.0,0.562835363168394
2020-06-04,0.0,0.0,0.5678002312023902
2020-06-05,0.0,0.0,0.6027762928156691
2020-06-08,0.0,0.0,0.8305228078466768
2020-06-09,0.0,0.0,0.8363069304680419
2020-06-10,-0.0,0.0,0.8363069304680419
2020-06-11,-0.0,0.0,0.8363069304680419
2020-06-12,0.0,0.0,0.8363069304680419
2020-06-15,-7.196936884273881e-05,0.14168969490914202,0.8363069304680419
2020-06-16,0.007837510901998876,0.12897645325835477,0.7612685015400513
2020-06-17,0.0084650226017872,0.11217081137452871,0.7603287433780773
2020-06-18,0.006131379838246106,0.11259720250811463,0.7632189554645752
2020-06-19,-0.0038316103012562414,0.11769904684480419,1.0
2020-06-22,-0.0006788421589220647,0.14752935799344258,1.0
2020-06-23,0.001381536377695379,0.11769904684480419,1.0
2020-06-24,-0.014009508711167351,0.0,1.0
2020-06-25,-7.493554691730417e-05,0.14752935799344258,1.0
2020-06-26,-0.016015369405444572,0.14752935799344258,1.0
2020-06-29,0.0007955019290480837,0.1467609467720465,0.8662394042574422
2020-06-30,0.01393851246301875,0.14668785326377073,0.8658079783334718
2020-07-01,0.002891133458902252,0.11439705077461519,0.7754188883523776
2020-07-02,0.008071270855796493,0.11422366198664934,0.7742436050709742
2020-07-06,-0.003496346519437474,0.08821130414308496,0.7494648980411777
2020-07-07,0.0076340349564782235,0.10966024826689467,0.7433113636390181
2020-07-08,0.00033237478315783565,0.0,0.7116813460636651
2020-07-09,0.0,0.0,0.7116813460636651
2020-07-10,0.0,0.0,0.7116813460636651
2020-07-13,-0.0,0.0,0.7116813460636651
2020-07-14,-0.0,0.0,0.7116813460636651
2020-07-15,-4.491727279619923e-05,0.08843088081751724,0.7513304753786204
2020-07-16,-0.004788539366834856,0.09078477998660842,0.7713297806592739
2020-07-17,-0.0017545506350346413,0.11588843087727974,0.7855279278205141
2020-07-20,0.0012033550572936244,0.11916785042236896,0.8077568562839254
2020-07-21,0.009321249785693387,0.11955426968982104,0.810376126595325
2020-07-22,0.00015652927188846658,0.09021363843604567,0.7664772218164156
2020-07-23,-0.0006289136135399118,0.09024478735411068,0.7667418706721203
2020-07-24,0.004269101732293515,0.09852513207725025,0.8370937124678987
2020-07-27,-0.0053624510514773075,0.0,0.878422162450141
2020-07-28,-5.97836428418053e-05,0.11769904684480419,1.0
2020-07-29,-0.007486330389050616,0.11769904684480419,1.0
2020-07-30,0.0017796110626422744,0.14752935799344258,1.0
2020-07-31,-0.015221791201056375,0.0,1.0
2020-08-03,-8.605616696547152e-05,0.16942307871327206,1.0
2020-08-04,-0.005994319173280754,0.16942307871327206,1.0
2020-08-05,-0.0027440069938841592,0.16942307871327206,1.0
2020-08-06,0.003034467670186064,0.16942307871327206,1.0
2020-08-07,-0.0039832722840863,0.16942307871327206,1.0
2020-08-10,0.001919493050005541,0.16942307871327206,1.0
2020-08-11,-0.00532233850085079,0.16942307871327206,1.0
2020-08-12,0.004752426813309273,0.16942307871327206,1.0
2020-08-13,-0.0014134602835961109,0.16942307871327206,1.0
2020-08-14,0.0077034774099073704,0.16942307871327206,1.0
2020-08-17,-0.0021562662732441764,0.16942307871327206,1.0
2020-08-18,0.010596241928859487,0.16942307871327206,1.0
2020-08-19,0.0006056705316009127,0.14752935799344258,1.0
2020-08-20,0.006445504051599803,0.14752935799344258,1.0
2020-08-21,-0.009164490517501452,0.14752935799344258,1.0
2020-08-24,0.03699521295722397,0.14752935799344258,1.0
2020-08-25,0.0034804063398653352,0.0,0.6029390449382723
2020-08-26,-0.0,0.0,0.6026907583184453
2020-08-27,-0.0,0.0,0.6143316498635256
2020-08-28,-5.283920377259962e-05,0.10402718242730549,0.6140083347402678
2020-08-31,-0.010158182626995613,0.0,0.6312776312944586
2020-09-01,-0.0,0.0,0.6302417262909282
2020-09-02,0.0,0.0,0.6425862183728599
2020-09-03,-0.0,0.0,0.6470918456503005
2020-09-04,0.0,0.0,0.6452203247621066
2020-09-08,-0.0,0.0,0.6528075167025268
2020-09-09,-0.0,0.0,0.6511443793757374
2020-09-10,-0.0,0.0,0.6632857565358184
2020-09-11,-0.0,0.0,0.6613836435552568
2020-09-14,0.0,0.0,0.6635823775137383
2020-09-15,-0.0,0.0,0.6656164901350156
2020-09-16,-0.0,0.0,0.6691104836276102
2020-09-17,0.0,0.0,0.6797786151094366
2020-09-18,0.0,0.0,0.6792688195070866
2020-09-21,-0.0,0.0,0.6815631679047764
2020-09-22,-0.0,0.0,0.7102995778294587
2020-09-23,0.0,0.0,1.0
2020-09-24,0.0,0.0,1.0
2020-09-25,0.0,0.0,1.0
2020-09-28,0.0,0.0,1.0
2020-09-29,-0.0,0.0,0.0
2020-09-30,-0.0,0.0,0.0
2020-10-01,-0.0,0.0,0.0
2020-10-02,0.0,0.0,0.0
2020-10-05,0.0,0.0,0.0
2020-10-06,0.0,0.0,0.0
2020-10-07,-0.0,0.0,0.0
2020-10-08,0.0,0.0,0.0
2020-10-09,-0.0,0.0,0.0
2020-10-12,-0.0,0.0,0.0
2020-10-13,-0.0,0.0,0.0
2020-10-14,-0.0,0.0,0.0
2020-10-15,-0.0,0.0,0.0
2020-10-16,-0.0,0.0,0.0
2020-10-19,-0.0,0.0,0.0
2020-10-20,0.0,0.0,0.0
2020-10-21,-0.0,0.0,1.0
2020-10-22,-5.97836428418053e-05,0.11769904684480419,1.0
2020-10-23,0.0014732557920815123,0.0,1.0
2020-10-26,0.0,0.0,1.0
2020-10-27,0.0,0.0,1.0
2020-10-28,-0.0,0.0,1.0
2020-10-29,0.0,0.0,1.0
2020-10-30,0.0,0.0,1.0
2020-11-02,-0.0,0.0,1.0
2020-11-03,0.0,0.0,1.0
2020-11-04,0.0,0.0,1.0
2020-11-05,0.0,0.0,1.0
2020-11-06,0.0,0.0,1.0
2020-11-09,0.0,0.0,1.0
2020-11-10,0.0,0.0,1.0
2020-11-11,-0.0,0.0,1.0
2020-11-12,-0.0,0.0,1.0
2020-11-13,-0.0,0.0,1.0
2020-11-16,-0.0,0.0,1.0
2020-11-17,0.0,0.0,1.0
2020-11-18,0.0,0.0,1.0
2020-11-19,0.0,0.0,1.0
2020-11-20,0.0,0.0,0.0
2020-11-23,0.0,0.0,0.0
2020-11-24,0.0,0.0,0.0
2020-11-25,0.0,0.0,0.0
2020-11-27,-0.0,0.0,0.0
2020-11-30,-0.0,0.0,0.0
2020-12-01,-0.0,0.0,0.0
2020-12-02,0.0,0.0,0.0
2020-12-03,0.0,0.0,0.0
2020-12-04,-0.0,0.0,0.0
2020-12-07,0.0,0.0,0.0
2020-12-08,0.0,0.0,0.0
2020-12-09,0.0,0.0,0.0
2020-12-10,0.0,0.0,0.0
2020-12-11,-0.0,0.0,0.0
2020-12-14,0.0,0.0,0.0
2020-12-15,-0.0,0.0,0.0
2020-12-16,0.0,0.0,0.0
2020-12-17,0.0,0.0,0.0
2020-12-18,-0.0,0.0,0.0
2020-12-21,-0.0,0.0,0.0
2020-12-22,-0.0,0.0,0.0
2020-12-23,0.0,0.0,0.0
2020-12-24,-0.0,0.0,0.0
2020-12-28,0.0,0.0,0.0
2020-12-29,0.0,0.0,0.0
2020-12-30,0.0,0.0,0.0
2020-12-31,-0.0,0.0,0.0
2021-01-04,-0.0,0.0,0.0
2021-01-05,0.0,0.0,0.0
2021-01-06,0.0,0.0,0.0
2021-01-07,0.0,0.0,0.0
2021-01-08,0.0,0.0,0.0
2021-01-11,-0.0,0.0,0.0
2021-01-12,0.0,0.0,0.0
2021-01-13,0.0,0.0,0.0
2021-01-14,-0.0,0.0,0.0
2021-01-15,0.0,0.0,0.0
2021-01-19,-0.0,0.0,0.0
2021-01-20,-0.0,0.0,0.0
2021-01-21,0.0,0.0,0.0
2021-01-22,0.0,0.0,0.0
2021-01-25,0.0,0.0,0.0
2021-01-26,0.0,0.0,0.0
2021-01-27,-0.0,0.0,0.0
2021-01-28,0.0,0.0,0.0
2021-01-29,-0.0,0.0,0.0
2021-02-01,-0.0,0.0,0.0
2021-02-02,-0.0,0.0,0.0
2021-02-03,0.0,0.0,0.0
2021-02-04,-0.0,0.0,0.0
2021-02-05,-0.0,0.0,0.0
2021-02-08,0.0,0.0,0.0
2021-02-09,-0.0,0.0,0.0
2021-02-10,-0.0,0.0,0.0
2021-02-11,0.0,0.0,0.0
2021-02-12,0.0,0.0,0.0
2021-02-16,0.0,0.0,0.0
2021-02-17,0.0,0.0,0.0
2021-02-18,0.0,0.0,0.0
2021-02-19,0.0,0.0,0.0
2021-02-22,-0.0,0.0,0.0
2021-02-23,0.0,0.0,0.0
2021-02-24,0.0,0.0,0.0
2021-02-25,-0.0,0.0,0.0
2021-02-26,0.0,0.0,0.0
2021-03-01,0.0,0.0,0.0
2021-03-02,0.0,0.0,0.0
2021-03-03,-0.0,0.0,0.0
2021-03-04,-0.0,0.0,0.0
2021-03-05,0.0,0.0,0.0
2021-03-08,0.0,0.0,0.0
2021-03-09,0.0,0.0,0.0
2021-03-10,0.0,0.0,0.0
2021-03-11,0.0,0.0,0.0
2021-03-12,0.0,0.0,0.0
2021-03-15,-0.0,0.0,0.0
2021-03-16,0.0,0.0,0.0
2021-03-17,-0.0,0.0,0.0
2021-03-18,0.0,0.0,0.0
2021-03-19,-0.0,0.0,0.0
2021-03-22,0.0,0.0,0.0
2021-03-23,0.0,0.0,0.0
2021-03-24,0.0,0.0,0.0
2021-03-25,-0.0,0.0,0.0
2021-03-26,-0.0,0.0,0.0
2021-03-29,0.0,0.0,0.0
2021-03-30,0.0,0.0,0.0
2021-03-31,0.0,0.0,0.0
2021-04-01,0.0,0.0,0.0
2021-04-05,0.0,0.0,0.0
2021-04-06,-0.0,0.0,0.0
2021-04-07,-0.0,0.0,0.0
2021-04-08,0.0,0.0,0.0
2021-04-09,0.0,0.0,0.0
2021-04-12,-0.0,0.0,0.0
2021-04-13,-0.0,0.0,0.0
2021-04-14,-0.0,0.0,0.0
2021-04-15,0.0,0.0,0.0
2021-04-16,-0.0,0.0,0.0
2021-04-19,-0.0,0.0,0.0
2021-04-20,0.0,0.0,0.0
2021-04-21,-0.0,0.0,0.0
2021-04-22,-0.0,0.0,0.0
2021-04-23,0.0,0.0,0.0
2021-04-26,-0.0,0.0,0.0
2021-04-27,0.0,0.0,0.0
2021-04-28,0.0,0.0,0.0
2021-04-29,-0.0,0.0,0.0
2021-04-30,0.0,0.0,0.0
2021-05-03,0.0,0.0,0.0
2021-05-04,0.0,0.0,0.0
2021-05-05,0.0,0.0,0.0
2021-05-06,-0.0,0.0,0.0
2021-05-07,0.0,0.0,0.0
2021-05-10,0.0,0.0,0.0
2021-05-11,0.0,0.0,0.0
2021-05-12,0.0,0.0,0.0
2021-05-13,-0.0,0.0,0.0
2021-05-14,-0.0,0.0,0.0
2021-05-17,0.0,0.0,0.0
2021-05-18,0.0,0.0,0.0
2021-05-19,-0.0,0.0,0.0
2021-05-20,-0.0,0.0,0.0
2021-05-21,-0.0,0.0,0.0
2021-05-24,-0.0,0.0,0.0
2021-05-25,-0.0,0.0,0.0
2021-05-26,0.0,0.0,0.0
2021-05-27,-0.0,0.0,0.0
2021-05-28,0.0,0.0,0.0
2021-06-01,-0.0,0.0,0.0
2021-06-02,0.0,0.0,0.0
2021-06-03,0.0,0.0,0.0
2021-06-04,-0.0,0.0,0.0
2021-06-07,-0.0,0.0,0.0
2021-06-08,0.0,0.0,0.0
2021-06-09,-0.0,0.0,0.0
2021-06-10,0.0,0.0,0.0
2021-06-11,-0.0,0.0,0.0
2021-06-14,-0.0,0.0,0.0
2021-06-15,-0.0,0.0,0.0
2021-06-16,-0.0,0.0,0.0
2021-06-17,-0.0,0.0,0.0
2021-06-18,0.0,0.0,0.0
2021-06-21,-0.0,0.0,0.0
2021-06-22,-0.00037235758889057777,0.733079003128325,1.0
2021-06-23,0.045502693725526046,0.0,0.44570896128911525
2021-06-24,0.0,0.0,0.44570896128911525
2021-06-25,-0.0,0.0,0.44570896128911525
2021-06-28,-0.0,0.0,0.44570896128911525
2021-06-29,-0.00010216025424785471,0.20112800055046395,0.44570896128911525
2021-06-30,-0.0025455697168238313,0.0,0.4390402201554283
2021-07-01,-0.0,0.0,0.4390402201554283
2021-07-02,-6.60046160369403e-05,0.12994658782272622,0.4390402201554283
2021-07-06,-0.008380656369486653,0.0,0.4258622161460335
2021-07-07,-6.40234556446978e-05,0.12604617830049877,0.4258622161460335
2021-07-08,0.006975084629415496,0.0,0.42662627311187223
2021-07-09,-0.0,0.0,0.42662627311187223
2021-07-12,-0.0,0.0,0.42662627311187223
2021-07-13,0.0,0.0,0.42662627311187223
2021-07-14,0.0,0.0,0.42662627311187223
2021-07-15,-0.0,0.0,0.42662627311187223
2021-07-16,-0.0,0.0,0.42662627311187223
2021-07-19,-0.0,0.0,0.42662627311187223
2021-07-20,-0.0,0.0,0.42662627311187223
2021-07-21,0.0,0.0,0.449140837227766
2021-07-22,0.0,0.0,1.0
2021-07-23,0.0,0.0,1.0
2021-07-26,0.0,0.0,1.0
2021-07-27,0.0,0.0,1.0
2021-07-28,-0.0,0.0,1.0
2021-07-29,0.0,0.0,1.0
2021-07-30,0.0,0.0,1.0
2021-08-02,-0.0,0.0,1.0
2021-08-03,0.0,0.0,1.0
2021-08-04,0.0,0.0,1.0
2021-08-05,0.0,0.0,0.0
2021-08-06,-0.0,0.0,0.0
2021-08-09,0.0,0.0,0.0
2021-08-10,-0.0,0.0,0.0
2021-08-11,0.0,0.0,0.0
2021-08-12,-0.0,0.0,0.0
2021-08-13,-0.0,0.0,0.0
2021-08-16,-0.0,0.0,0.0
2021-08-17,-0.0,0.0,0.0
2021-08-18,0.0,0.0,0.0
2021-08-19,-0.0,0.0,0.0
2021-08-20,-0.0,0.0,0.0
2021-08-23,0.0,0.0,0.0
2021-08-24,0.0,0.0,0.0
2021-08-25,0.0,0.0,0.0
2021-08-26,-0.0,0.0,0.0
2021-08-27,-0.0,0.0,0.0
2021-08-30,0.0,0.0,0.0
2021-08-31,-0.0,0.0,0.0
2021-09-01,-0.0,0.0,0.0
2021-09-02,0.0,0.0,0.0
2021-09-03,0.0,0.0,0.0
2021-09-07,-0.0,0.0,0.0
2021-09-08,-0.0,0.0,0.0
2021-09-09,-0.0,0.0,0.0
2021-09-10,0.0,0.0,0.0
2021-09-13,-0.0,0.0,0.0
2021-09-14,0.0,0.0,0.0
2021-09-15,-0.0,0.0,0.0
2021-09-16,-0.0,0.0,0.0
2021-09-17,0.0,0.0,0.0
2021-09-20,-0.0,0.0,0.0
2021-09-21,-0.0,0.0,0.0
2021-09-22,-0.0,0.0,0.0
2021-09-23,0.0,0.0,0.0
2021-09-24,0.0,0.0,0.0
2021-09-27,-0.0,0.0,0.0
2021-09-28,-0.0,0.0,0.0
2021-09-29,0.0,0.0,0.0
2021-09-30,0.0,0.0,0.0
2021-10-01,-0.0,0.0,0.0
2021-10-04,0.0,0.0,0.0
2021-10-05,0.0,0.0,0.0
2021-10-06,-0.0,0.0,0.0
2021-10-07,0.0,0.0,0.0
2021-10-08,0.0,0.0,0.0
2021-10-11,-0.0,0.0,0.0
2021-10-12,-0.0,0.0,0.0
2021-10-13,0.0,0.0,0.0
2021-10-14,0.0,0.0,0.0
2021-10-15,0.0,0.0,0.0
2021-10-18,-0.0,0.0,0.0
2021-10-19,-0.0,0.0,0.0
2021-10-20,0.0,0.0,0.0
2021-10-21,-0.0,0.0,0.0
2021-10-22,-0.0,0.0,0.0
2021-10-25,0.0,0.0,0.0
2021-10-26,-0.0,0.0,0.0
2021-10-27,-0.0,0.0,0.0
2021-10-28,-0.0,0.0,0.0
2021-10-29,-0.0,0.0,0.0
2021-11-01,-0.0,0.0,0.0
2021-11-02,0.0,0.0,0.0
2021-11-03,-0.0,0.0,0.0
2021-11-04,0.0,0.0,0.0
2021-11-05,-0.0,0.0,0.0
2021-11-08,-0.0,0.0,0.0
2021-11-09,-0.0,0.0,0.0
2021-11-10,-0.00022920843671704204,0.45125410978667646,1.0
2021-11-11,0.005637540693359999,0.45125410978667646,1.0
2021-11-12,0.000289961090191964,0.45125410978667646,1.0
2021-11-15,0.0071912973456922605,0.45125410978667646,1.0
2021-11-16,0.02652973142325837,0.2959787779277323,1.0
2021-11-17,-0.007312869917220375,0.0,1.0
2021-11-18,0.0,0.0,1.0
2021-11-19,-0.0,0.0,1.0
2021-11-22,-0.00022920843671704204,0.45125410978667646,1.0
2021-11-23,0.02924625794375652,0.0,0.8621440279380486
2021-11-24,-0.0,0.0,0.8621440279380486
2021-11-26,-0.0,0.0,0.8621440279380486
2021-11-29,-0.00019761068486861391,0.3890460358350836,0.8621440279380486
2021-11-30,-0.003907529073996249,0.25242256152879244,0.8528400694674981
2021-12-01,-0.00034230072359419457,0.0,0.8424408886939431
2021-12-02,-0.0,0.0,0.8424408886939431
2021-12-03,-0.00012665123794894527,0.249344624711986,0.8424408886939431
2021-12-06,0.0043056697498009885,0.37362240095505916,0.8279645389416697
2021-12-07,-0.0047817001720172935,0.0,0.8216264652033194
2021-12-08,-0.00012352203026486905,0.24318399708396093,0.8216264652033194
2021-12-09,0.009176300198974948,0.0,0.6990851491707203
2021-12-10,-0.0,0.0,0.7090134955249542
2021-12-13,-0.0,0.0,0.7046179158754353
2021-12-14,0.0,0.0,0.7040480373385152
2021-12-15,0.0,0.0,0.7022191678822164
2021-12-16,0.0,0.0,0.7479654462296658
2021-12-17,-0.0,0.0,0.7479654462296658
2021-12-20,0.0,0.0,0.7479654462296658
2021-12-21,0.0,0.0,0.7479654462296658
2021-12-22,-0.0,0.0,1.0
2021-12-23,0.0,0.0,1.0
2021-12-27,-0.0,0.0,1.0
2021-12-28,0.0,0.0,1.0
2021-12-29,0.0,0.0,1.0
2021-12-30,0.0,0.0,1.0
2021-12-31,-0.0,0.0,1.0
2022-01-03,-8.106525282588348e-07,0.10214221856061319,1.0
2022-01-04,0.0019199528636957967,0.10518277061217489,1.0
2022-01-05,0.0004899277587813286,0.12153693721669455,1.0
2022-01-06,-0.004991967987593731,0.12153693721669455,1.0
2022-01-07,0.00280437572791671,0.10214221856061319,1.0
2022-01-10,0.0004218015320500487,0.0,1.0
2022-01-11,0.0,0.0,1.0
2022-01-12,-0.0,0.0,1.0
2022-01-13,0.0,0.0,1.0
2022-01-14,-0.0,0.0,1.0
2022-01-18,-6.173304747514644e-05,0.12153693721669455,1.0
2022-01-19,-0.0033941200120963513,0.10214221856061319,1.0
2022-01-20,-0.0004307026442538279,0.14404550547442685,1.0
2022-01-21,0.010401454718511888,0.3159016315682573,1.0
2022-01-24,-0.004860894866000164,0.12363883868322137,1.0
2022-01-25,9.414713243870565e-05,0.12153693721669455,1.0
2022-01-26,0.0064110480235071154,0.12153693721669455,1.0
2022-01-27,0.008230087492903314,0.0,1.0
2022-01-28,0.0,0.0,1.0
2022-01-31,-0.0,0.0,1.0
2022-02-01,-5.342616919983486e-05,0.10518277061217489,1.0
2022-02-02,0.006117727907595573,0.12153693721669455,1.0
2022-02-03,-0.00018769459307898517,0.0,1.0
2022-02-04,-0.0,0.0,1.0
2022-02-07,0.0,0.0,1.0
2022-02-08,-0.0,0.0,1.0
2022-02-09,0.0,0.0,1.0
2022-02-10,0.0,0.0,1.0
2022-02-11,0.0,0.0,1.0
2022-02-14,-0.0,0.0,1.0
2022-02-15,-0.0,0.0,1.0
2022-02-16,-6.173304747514644e-05,0.12153693721669455,1.0
2022-02-17,0.0003816338763821429,0.46792824494225593,1.0
2022-02-18,0.024924979315798214,0.3159016315682573,1.0
2022-02-22,0.005392853599798687,0.12153693721669455,1.0
2022-02-23,0.004254094997960264,0.12363883868322137,1.0
2022-02-24,0.008077531710761315,0.0,1.0
2022-02-25,-0.0,0.0,1.0
2022-02-28,0.0,0.0,1.0
2022-03-01,0.0,0.0,1.0
2022-03-02,0.0,0.0,1.0
2022-03-03,0.0,0.0,1.0
2022-03-04,0.0,0.0,1.0
2022-03-07,-0.0,0.0,1.0
2022-03-08,0.0,0.0,1.0
2022-03-09,-0.0,0.0,1.0
2022-03-10,-0.0,0.0,1.0
2022-03-11,0.0,0.0,1.0
2022-03-14,0.0,0.0,1.0
2022-03-15,-0.0,0.0,1.0
2022-03-16,0.0,0.0,1.0
2022-03-17,0.0,0.0,1.0
2022-03-18,0.0,0.0,1.0
2022-03-21,-0.0,0.0,1.0
2022-03-22,0.0,0.0,1.0
2022-03-23,0.0,0.0,1.0
2022-03-24,0.0,0.0,0.0
2022-03-25,0.0,0.0,0.0
2022-03-28,-0.0,0.0,0.0
2022-03-29,0.0,0.0,0.0
2022-03-30,0.0,0.0,0.0
2022-03-31,0.0,0.0,0.0
2022-04-01,-0.0,0.0,0.0
2022-04-04,-0.0,0.0,0.0
2022-04-05,-0.0,0.0,0.0
2022-04-06,0.0,0.0,0.0
2022-04-07,-0.0,0.0,0.0
2022-04-08,0.0,0.0,0.0
2022-04-11,-0.0,0.0,0.0
2022-04-12,0.0,0.0,0.0
2022-04-13,0.0,0.0,0.0
2022-04-14,0.0,0.0,0.0
2022-04-18,-0.0,0.0,0.0
2022-04-19,0.0,0.0,0.0
2022-04-20,0.0,0.0,0.0
2022-04-21,-0.0,0.0,0.0
2022-04-22,0.0,0.0,0.0
2022-04-25,0.0,0.0,0.0
2022-04-26,0.0,0.0,0.0
2022-04-27,0.0,0.0,0.0
2022-04-28,0.0,0.0,0.0
2022-04-29,-0.0,0.0,0.0
2022-05-02,-0.0,0.0,0.0
2022-05-03,0.0,0.0,0.0
2022-05-04,0.0,0.0,0.0
2022-05-05,-0.0,0.0,0.0
2022-05-06,0.0,0.0,0.0
2022-05-09,0.0,0.0,0.0
2022-05-10,0.0,0.0,0.0
2022-05-11,-0.0,0.0,0.0
2022-05-12,0.0,0.0,0.0
2022-05-13,0.0,0.0,0.0
2022-05-16,-0.0,0.0,0.0
2022-05-17,-0.0,0.0,0.0
2022-05-18,-0.0,0.0,0.0
2022-05-19,0.0,0.0,0.0
2022-05-20,-0.0,0.0,0.0
2022-05-23,0.0,0.0,0.0
2022-05-24,0.0,0.0,0.0
2022-05-25,0.0,0.0,0.0
2022-05-26,-0.0,0.0,0.0
2022-05-27,0.0,0.0,0.0
2022-05-31,0.0,0.0,0.0
2022-06-01,-0.0,0.0,0.0
2022-06-02,0.0,0.0,0.0
2022-06-03,0.0,0.0,0.0
2022-06-06,-0.0,0.0,0.0
2022-06-07,-0.0,0.0,0.0
2022-06-08,-0.0,0.0,0.0
2022-06-09,0.0,0.0,0.0
2022-06-10,-0.0,0.0,0.0
2022-06-13,-0.0,0.0,0.0
2022-06-14,0.0,0.0,0.0
2022-06-15,0.0,0.0,0.0
2022-06-16,-0.0,0.0,0.0
2022-06-17,0.0,0.0,0.0
2022-06-21,-0.0,0.0,0.0
2022-06-22,0.0,0.0,0.0
2022-06-23,-0.0,0.0,0.0
2022-06-24,0.0,0.0,0.0
2022-06-27,-0.0,0.0,0.0
2022-06-28,0.0,0.0,0.0
2022-06-29,-0.0,0.0,0.0
2022-06-30,-0.0,0.0,0.0
2022-07-01,-0.0,0.0,0.0
2022-07-05,-0.0,0.0,0.0
2022-07-06,-0.0,0.0,0.0
2022-07-07,0.0,0.0,0.0
2022-07-08,-0.0,0.0,0.0
2022-07-11,0.0,0.0,0.0
2022-07-12,0.0,0.0,0.0
2022-07-13,-0.0,0.0,0.0
2022-07-14,-0.0,0.0,0.0
2022-07-15,-0.0,0.0,0.0
2022-07-18,-0.0,0.0,0.0
2022-07-19,-0.0,0.0,0.0
2022-07-20,0.0,0.0,0.0
2022-07-21,0.0,0.0,0.0
2022-07-22,0.0,0.0,0.0
2022-07-25,0.0,0.0,0.0
2022-07-26,0.0,0.0,0.0
2022-07-27,0.0,0.0,0.0
2022-07-28,0.0,0.0,0.0
2022-07-29,-0.0,0.0,0.0
2022-08-01,-0.0,0.0,0.0
2022-08-02,0.0,0.0,0.0
2022-08-03,0.0,0.0,0.0
2022-08-04,-0.0,0.0,0.0
2022-08-05,-0.0,0.0,0.0
2022-08-08,-0.0,0.0,0.0
2022-08-09,0.0,0.0,0.0
2022-08-10,0.0,0.0,0.0
2022-08-11,-0.0,0.0,0.0
2022-08-12,0.0,0.0,0.0
2022-08-15,-0.0,0.0,0.0
2022-08-16,0.0,0.0,0.0
2022-08-17,0.0,0.0,0.0
2022-08-18,0.0,0.0,0.0
2022-08-19,0.0,0.0,0.0
2022-08-22,-0.0,0.0,0.0
2022-08-23,-0.0,0.0,0.0
2022-08-24,-0.0,0.0,0.0
2022-08-25,0.0,0.0,0.0
2022-08-26,0.0,0.0,0.0
2022-08-29,-0.0,0.0,0.0
2022-08-30,-0.0,0.0,0.0
2022-08-31,-0.0,0.0,0.0
2022-09-01,-0.0,0.0,0.0
2022-09-02,0.0,0.0,0.28793978114507623
2022-09-06,-0.0,0.0,0.28793978114507623
2022-09-07,0.0,0.0,0.28793978114507623
2022-09-08,-0.0,0.0,0.28793978114507623
2022-09-09,-0.0,0.0,0.28793978114507623
2022-09-12,-0.0,0.0,0.28793978114507623
2022-09-13,0.0,0.0,0.28793978114507623
2022-09-14,-0.00011966236142186126,0.23558527404928936,0.28793978114507623
2022-09-15,-0.011078447363700436,0.23182899133056767,0.2639778547586877
2022-09-16,-0.005356428477574747,0.2408785206931515,0.25238556833407033
2022-09-19,0.01831758075035896,0.24038624876259354,0.2518697799997213
2022-09-20,0.01166614946949071,0.0,0.20237651887135888
2022-09-21,0.0,0.0,0.20237651887135888
2022-09-22,0.0,0.0,0.20237651887135888
2022-09-23,-0.0,0.0,0.20237651887135888
2022-09-26,0.0,0.0,0.20237651887135888
2022-09-27,0.0,0.0,0.20237651887135888
2022-09-28,0.0,0.0,0.20237651887135888
2022-09-29,-0.0,0.0,0.20237651887135888
2022-09-30,0.0,0.0,0.20237651887135888
2022-10-03,-0.0,0.0,0.2788721031816658
2022-10-04,0.0,0.0,0.2788721031816658
2022-10-05,0.0,0.0,0.2788721031816658
2022-10-06,0.0,0.0,0.2788721031816658
2022-10-07,-0.0,0.0,0.2788721031816658
2022-10-10,-0.0,0.0,0.2788721031816658
2022-10-11,0.0,0.0,0.2788721031816658
2022-10-12,0.0,0.0,0.2788721031816658
2022-10-13,0.0,0.0,0.31804067978796235
2022-10-14,-0.0,0.0,0.3660787070144634
2022-10-17,0.0,0.0,0.388114675682054
2022-10-18,0.0,0.0,0.0
2022-10-19,-0.0,0.0,0.0
2022-10-20,-0.0,0.0,0.0
2022-10-21,0.0,0.0,0.0
2022-10-24,0.0,0.0,0.0
2022-10-25,0.0,0.0,0.0
2022-10-26,-0.0,0.0,0.0
2022-10-27,0.0,0.0,0.0
2022-10-28,0.0,0.0,0.0
2022-10-31,-0.0,0.0,0.0
2022-11-01,-0.0,0.0,0.0
2022-11-02,0.0,0.0,0.0
2022-11-03,0.0,0.0,0.0
2022-11-04,-0.0,0.0,0.0
2022-11-07,-0.0,0.0,0.0
2022-11-08,0.0,0.0,0.0
2022-11-09,-0.0,0.0,0.0
2022-11-10,-0.0,0.0,0.0
2022-11-11,-0.0,0.0,0.0
2022-11-14,0.0,0.0,0.0
2022-11-15,-0.0,0.0,0.0
2022-11-16,0.0,0.0,0.0
2022-11-17,0.0,0.0,0.0
2022-11-18,0.0,0.0,0.0
2022-11-21,0.0,0.0,0.0
2022-11-22,0.0,0.0,0.0
2022-11-23,-0.0,0.0,0.0
2022-11-25,-0.0,0.0,0.0
2022-11-28,-0.0,0.0,0.0
2022-11-29,-0.0002376778387008284,0.46792824494225593,1.0
2022-11-30,0.012786320188996284,0.0,1.0
2022-12-01,-7.316597103462952e-05,0.14404550547442685,1.0
2022-12-02,-0.007519929116978614,0.6974873406490261,1.0
2022-12-05,-0.030042036055963877,0.5319262489059705,0.722646416956322
2022-12-06,0.0002988914715170447,0.47836067790763437,0.5846675665997555
2022-12-07,-0.023558764030076736,0.0,0.5840255292000552
2022-12-08,-0.00021127306922580396,0.41594385503830156,0.47362482976300563
2022-12-09,-0.007229391750076311,0.33036009881859735,0.40377657277929346
2022-12-12,0.010109916967034708,0.32864806744772646,0.40168407383074317
2022-12-13,0.017863853158440395,0.2711846541306908,0.36841689810221273
2022-12-14,0.025821530397928248,0.22206457704037066,0.31837793189728014
2022-12-15,-0.006457374325602896,0.07930615071625391,0.2510469804240885
2022-12-16,-0.003641106682140001,0.11701215953529916,0.25006432246837096
2022-12-19,-0.0021427563351742733,0.17123991085677004,0.24550970444485465
2022-12-20,0.002464201927179001,0.17032690403740983,0.24420071033678864
2022-12-21,-0.0008338999854571993,0.1695136920352591,0.24303479383227683
2022-12-22,0.002797373460282625,0.16947574065136736,0.24298038225850344
2022-12-23,0.020763994487445862,0.11304482175741438,0.2415858050444562
2022-12-27,0.0022867205487551085,0.03117908363553491,0.2164530127673459
2022-12-28,0.0010333785343122149,0.0,0.21758566843519841
2022-12-29,-1.1285429209945008e-05,0.022218188757079236,0.2175220890066582
2022-12-30,0.0009866719986395718,0.0,0.21750227189715335
2023-01-03,-2.5079901883720274e-07,0.03160067637348755,0.2202647150145574
2023-01-04,-0.0003955853304704118,0.036040904077012076,0.22881373714247866
2023-01-05,-0.0007248348342650537,0.03782095763429122,0.240114805114705
2023-01-06,-0.0003692734844780737,0.07758076911005192,0.2396103755202939
2023-01-09,0.0023638662768450743,0.08464113780669948,0.26141652173567415
2023-01-10,0.005133386622116839,0.042171933368123506,0.26773794730190126
2023-01-11,0.0024742271507969316,0.0,0.27384689195126977
2023-01-12,0.0,0.0,0.2773555540778245
2023-01-13,0.0,0.0,0.29500118428553124
2023-01-17,-0.0,0.0,0.40191048916293304
2023-01-18,0.0,0.0,0.4069244105925941
2023-01-19,0.0,0.0,0.4347325206503275
2023-01-20,0.0,0.0,0.4486428065083502
2023-01-23,0.0,0.0,0.45057668036820975
2023-01-24,-0.0,0.0,0.45264265924341407
2023-01-25,-0.0,0.0,0.4565184190332739
2023-01-26,0.0,0.0,1.0
2023-01-27,-0.0,0.0,1.0
2023-01-30,-8.187393120395595e-05,0.16118930205778828,1.0
2023-01-31,0.005567569826157975,0.0,1.0
2023-02-01,-6.554768064954955e-05,0.12904699627880067,1.0
2023-02-02,-0.0010633962282545902,0.3237788386316401,1.0
2023-02-03,-0.025533060635748707,0.4753873190333381,1.0
2023-02-06,0.008484425189727763,0.47970529366987197,0.6497441033651495
2023-02-07,0.01573828694553132,0.42829979397600565,0.6117042933069434
2023-02-08,-0.01547104188389006,0.2621328963883063,0.5514091055717104
2023-02-09,-0.008019782156383257,0.37743298875909137,0.5390555468549718
2023-02-10,0.006271451603281337,0.3746331104135865,0.5074274927307533
2023-02-13,0.00942604645997517,0.0,0.4890194092817662
2023-02-14,0.0,0.0,0.4890194092817662
2023-02-15,-0.0,0.0,0.4890194092817662
2023-02-16,-0.0,0.0,0.4890194092817662
2023-02-17,0.0,0.0,0.4890194092817662
2023-02-21,-0.0001833866384459858,0.36104244444053457,0.4890194092817662
2023-02-22,-0.011432608667727705,0.29178290277989033,0.41672878869986224
2023-02-23,-0.0032215979102324602,0.27871536147774456,0.3980655270548282
2023-02-24,-0.002415209801674606,0.2780465532713791,0.3971103249814516
2023-02-27,0.010862886507948028,0.29306807024270753,0.3969504882217271
2023-02-28,0.004602617442368559,0.2537136549877375,0.3623577088045253
2023-03-01,0.05589411409290891,0.2675907914348132,0.3624424019161144
2023-03-02,0.0010621330944195779,0.02014026182194929,0.1560692027146226
2023-03-03,0.0003474976918128919,0.020249832651588133,0.1569182796617692
2023-03-06,8.974586933854489e-05,0.020276690336525637,0.15712640294795155
2023-03-07,-0.0006684061497854983,0.021023871829440818,0.16291639817806852
2023-03-08,-0.00012583539904245818,0.025571342065079643,0.16234538204582732
2023-03-09,-0.0019286325164702858,0.0,0.1626001804530187
2023-03-10,-3.9431741607048235e-05,0.0776312412888762,0.16330103513642957
2023-03-13,0.0004391803924024332,0.026085212452922807,0.16560780308826298
2023-03-14,0.001363045849249327,0.026040150566865868,0.16532171763021386
2023-03-15,-0.0007945736501641116,0.023765159544669717,0.16564917891358585
2023-03-16,0.0011395489972634704,0.021332412263847127,0.16530731345159974
2023-03-17,0.001275672699335577,0.023757644876359778,0.1655967997728942
2023-03-20,0.00012294174598390095,0.019095248711444617,0.16595756458205385
2023-03-21,-0.0008451794049788201,0.01909998421345577,0.1659987210180197
2023-03-22,0.0003434834410199914,0.026877131273067012,0.1667426493566629
2023-03-23,0.0003811135378039764,0.029136442887763552,0.1698786512978399
2023-03-24,0.00028365476541181926,0.02929328272296075,0.1707930985340969
2023-03-27,0.0001374709277527931,0.019732978059662554,0.171500095663585
2023-03-28,0.00019675707620796926,0.019813508331482745,0.17219998745281317
2023-03-29,-0.0013249006227792285,0.0,0.17193318645108924
2023-03-30,-6.597099126866254e-05,0.12988038906017935,0.9052991949983052
2023-03-31,0.001780255509768356,0.13655014844925123,0.8669191457370261
2023-04-03,-0.011842020957970312,0.11187972452563177,0.8669688388865734
2023-04-04,-0.0025729331983922435,0.5666495838222088,0.8092975717005747
2023-04-05,0.04927596155355398,0.5503338705446691,0.7454080494567116
2023-04-06,-0.018506876599400302,0.059724248939461794,0.3791727468507752
2023-04-10,0.0016870836723933986,0.12467680757293936,0.385067807704329
2023-04-11,-0.0012388762301537319,0.06307604947005611,0.4004524018761496
2023-04-12,-0.0017025667377460112,0.06296795677590913,0.39976615124123993
2023-04-13,-0.0008152373778433813,0.1292254996490284,0.3991165704193749
2023-04-14,-0.002459788411425066,0.18982722860186407,0.39931066943027105
2023-04-17,-0.001990708313455587,0.2766795346551122,0.3951579281595006
2023-04-18,-0.006691429926810958,0.0,0.3945728049551092
2023-04-19,-0.00014377991290017353,0.28306670352221663,0.38340398552938143
2023-04-20,-0.005166854871349423,0.3038255138670346,0.34309676530127187
2023-04-21,-0.0020639978502303815,0.3278331050730352,0.3386532503295958
2023-04-24,0.005079277587124511,0.32819718361417755,0.3390293452981184
2023-04-25,-0.006021418141482759,0.2936774031361221,0.3316369510105637
2023-04-26,0.004939078131573334,0.3172006989314457,0.32766992118145666
2023-04-27,-0.01117895237531281,0.283145103459189,0.319743289071689
2023-04-28,-0.0035085954749331516,0.29459200484002035,0.3043150262020036
2023-05-01,0.0035608906271031885,0.29371587219092865,0.3034099767584196
2023-05-02,-0.004665330790483464,0.2900327111024864,0.2996052527851937
2023-05-03,-0.008271845227322385,0.28868737296736674,0.2982155117090167
2023-05-04,0.0021300887060868054,0.28155202850925076,0.29084466491054006
2023-05-05,-0.002119848362167488,0.41274286109078523,0.4263654563732714
2023-05-08,0.018252656945935825,0.41299819843237956,0.42662922113443597
2023-05-09,0.0017806515934396807,0.28374473269467626,0.3448236443075909
2023-05-10,0.01508360055822415,0.2821593099819615,0.3428969433874557
2023-05-11,0.00028181464193471195,0.21689320409510993,0.29377428658887117
2023-05-12,-0.004030434104652164,0.20551803849200387,0.29352399479469127
2023-05-15,0.0076862428295421704,0.21592470867360317,0.2924624932908526
2023-05-16,0.0018162138662620197,0.19530481700348548,0.2789373162090569
2023-05-17,0.009023136936368942,0.1339849815454567,0.28184382750870257
2023-05-18,0.0029731497926538033,0.09650555955682467,0.29806012018783623
2023-05-19,-0.0001217127169733637,0.09859691086645282,0.304519317207835
2023-05-22,0.005420618525275859,0.0991501296267125,0.3062279488237791
2023-05-23,-0.0020318654315495625,0.03935022878130978,0.3049294436601627
2023-05-24,0.0012150391862213341,0.04919378896381885,0.31231776741664347
2023-05-25,0.00036061739171248323,0.04066668610730217,0.3151308227232464
2023-05-26,0.00041501226308945216,0.044665347751477055,0.3461169111986104
2023-05-30,-0.0014715302358346367,0.05091685378127444,0.35490336203625256
2023-05-31,0.0001009328366741024,0.0454661619360026,0.35232251231772066
2023-06-01,-0.006652598638538866,0.0,0.36544440423712304
2023-06-02,-9.166547803829087e-05,0.18046640988788515,0.3796197388160229
2023-06-05,0.003002711265597869,0.18017383268907766,0.3790042886618151
2023-06-06,0.007622931590769792,0.12524674096937385,0.3868280629416483
2023-06-07,0.006958111648738181,0.07009542341329968,0.4450164666654825
2023-06-08,0.0005759559144712198,0.07175765988608902,0.44517631734867275
2023-06-09,0.0003556017631722493,0.09102261541014495,0.5646938987148927
2023-06-12,-0.0021329682569162017,0.0,0.5646892897150434
2023-06-13,0.0,0.0,0.6034781345772553
2023-06-14,0.0,0.0,0.6966960661627345
2023-06-15,0.0,0.0,0.6949404093244407
2023-06-16,0.0,0.0,0.7911845779291867
2023-06-20,-0.0,0.0,0.7980184160285398
2023-06-21,-4.667446042731866e-05,0.09189034396628361,0.7986226272146811
2023-06-22,-0.0011662073686452118,0.15476822654590078,0.9023688200599792
2023-06-23,-0.006098794414666371,0.15505182747312887,0.9040223418440181
2023-06-26,0.003516491744056083,0.12691864483105222,0.8846550878638763
2023-06-27,0.001912872203770816,0.14207725980895805,0.8814310751095731
2023-06-28,0.002707183692274147,0.15096678593668145,0.8802047005011626
2023-06-29,0.0009594979710844789,0.1530130420761676,0.8921353000779497
2023-06-30,0.0005724271846685637,0.15307199849300687,0.8924790426760626
2023-07-03,-0.021251510794244723,0.0,1.0
2023-07-05,-6.554768064954955e-05,0.12904699627880067,1.0
2023-07-06,0.001813083279035305,0.16118930205778828,1.0
2023-07-07,0.0014770450409494682,0.16118930205778828,1.0
2023-07-10,0.0010565979411066603,0.16118930205778828,1.0
2023-07-11,0.00032480242416631027,0.17151326941417763,1.0
2023-07-12,0.0025954967039346606,0.17151326941417763,1.0
2023-07-13,-0.0031742054962177095,0.17151326941417763,1.0
2023-07-14,0.0015143959664514223,0.16118930205778828,1.0
2023-07-17,0.0020759937215344137,0.17151326941417763,1.0
2023-07-18,0.0031186880112083967,0.17151326941417763,1.0
2023-07-19,0.008245851210584453,0.0,1.0
2023-07-20,0.0,0.0,1.0
2023-07-21,0.0,0.0,1.0
2023-07-24,0.0,0.0,1.0
2023-07-25,-0.0,0.0,1.0
2023-07-26,0.0,0.0,1.0
2023-07-27,0.0,0.0,1.0
2023-07-28,0.0,0.0,1.0
2023-07-31,-0.0,0.0,1.0
2023-08-01,-0.0,0.0,1.0
2023-08-02,-0.0,0.0,1.0
2023-08-03,-0.0,0.0,1.0
2023-08-04,-0.0,0.0,1.0
2023-08-07,0.0,0.0,1.0
2023-08-08,0.0,0.0,1.0
2023-08-09,0.0,0.0,1.0
2023-08-10,0.0,0.0,1.0
2023-08-11,0.0,0.0,1.0
2023-08-14,-0.0,0.0,1.0
2023-08-15,-0.0,0.0,1.0
2023-08-16,0.0,0.0,1.0
2023-08-17,-0.0,0.0,1.0
2023-08-18,0.0,0.0,1.0
2023-08-21,-0.0,0.0,1.0
2023-08-22,0.0,0.0,1.0
2023-08-23,0.0,0.0,1.0
2023-08-24,0.0,0.0,1.0
2023-08-25,0.0,0.0,1.0
2023-08-28,-0.0,0.0,1.0
2023-08-29,-0.0,0.0,1.0
2023-08-30,-0.0,0.0,1.0
2023-08-31,-0.0,0.0,1.0
2023-09-01,-0.0,0.0,1.0
2023-09-05,-6.554768064954955e-05,0.12904699627880067,1.0
2023-09-06,-0.0020690918417147603,0.12904699627880067,1.0
2023-09-07,0.00493303649147386,0.15751197689048704,1.0
2023-09-08,0.005655619724745653,0.12904699627880067,1.0
2023-09-11,0.009574278763788656,0.1434668116107432,1.0
2023-09-12,-0.006517321420025403,0.11506103237616153,1.0
2023-09-13,0.006277123283733385,0.16118930205778828,1.0
2023-09-14,-0.003698818285489239,0.11506103237616153,1.0
2023-09-15,-0.008979322136894232,0.17151326941417763,1.0
2023-09-18,-0.010734679406247961,0.0,1.0
2023-09-19,0.0,0.0,1.0
2023-09-20,-0.0,0.0,1.0
2023-09-21,0.0,0.0,1.0
2023-09-22,-0.0,0.0,1.0
2023-09-25,-0.0004179652731172618,0.8228691314496092,1.0
2023-09-26,-0.01810786571204447,0.8617836567453753,0.9731743106612117
2023-09-27,-0.02643854965476123,0.721842036666935,0.8151444053750321
2023-09-28,-0.013577356618225537,0.6354548553152977,0.6564280692223143
2023-09-29,-0.006001532075130462,0.6162734873232741,0.6204839591418184
2023-10-02,-0.015756453781811668,0.0,0.6185129425661697
2023-10-03,-0.0002800536497053658,0.5513556228574389,0.5695531381023068
2023-10-04,-0.03765898141674207,0.34035393036562356,0.34035393036562356
2023-10-05,-0.005067152680705216,0.26589351106630427,0.2784858171913349
2023-10-06,0.0005467690673534391,0.2709262629914498,0.28375691247671747
2023-10-09,-0.013639354589730672,0.0,0.2851236991859404
2023-10-10,-0.00013436132329311176,0.26452385523331373,0.2770512965729429
2023-10-11,0.008330770399147872,0.21867242922788394,0.22016643167922362
2023-10-12,-0.00029578113368176976,0.20367451477176055,0.21039680059582028
2023-10-13,0.003011293735311889,0.2035105675179087,0.21022744225604195
2023-10-16,0.0031399492174212862,0.19971032910819195,0.20630177681968756
2023-10-17,0.005986343836225219,0.18000850842263905,0.2032756768200278
2023-10-18,-0.0019702000197541624,0.16202860380962134,0.19690689274512377
2023-10-19,-0.002489410301059431,0.1623530402915465,0.19730116744753437
2023-10-20,0.005286203473142307,0.16267543823625893,0.19769296479706489
2023-10-23,0.008472597628006074,0.15783830645574246,0.19181459168080137
2023-10-24,-0.00483867313972785,0.134179222402777,0.18174108082768656
2023-10-25,-0.008656343941403544,0.13389329421717008,0.18135380106439122
2023-10-26,0.009941986344827033,0.14520005727785387,0.1764558320738826
2023-10-27,-0.0043969920905570885,0.1204385479485691,0.16312981611851324
2023-10-30,-0.0031998327596842522,0.1197294610117208,0.16216938257302163
2023-10-31,0.009801503150665997,0.1200993129394522,0.16267033412042542
2023-11-01,-0.005027937193155205,0.07975666292101637,0.16777196136235845
2023-11-02,0.0021276888143500843,0.1294359670894456,0.18486242088032795
2023-11-03,-0.004462297172260647,0.1303328246664521,0.1861433265404658
2023-11-06,0.006489110105970558,0.12757182488426683,0.18220002457222603
2023-11-07,-0.00034522307180833746,0.09234074751732305,0.194243186177306
2023-11-08,-0.00129751382887849,0.09906642030983255,0.2083909611036242
2023-11-09,0.00032738274911456956,0.10032694098934117,0.2110425267408225
2023-11-10,-0.0013180077774655658,0.10042195251508879,0.21124238803695639
2023-11-13,0.007034126322843672,0.10026405800115855,0.21091024936264066
2023-11-14,-0.0017998633810646224,0.06693602693250113,0.20673379154544924
2023-11-15,0.004333920261303019,0.06762017744571586,0.2088468095428764
2023-11-16,-0.0021469464684307567,0.06748763569870966,0.2084374506497309
2023-11-17,-0.0010146049481740006,0.0676452927537292,0.20892437887421222
2023-11-20,0.001563887472659027,0.06840493836617993,0.21127056559741242
2023-11-21,0.00328256418247641,0.07177974388857729,0.22169374685490295
2023-11-22,0.0003833012327029067,0.035529240938983686,0.22556532931896356
2023-11-23,-2.27491518193439e-06,0.039452835813745396,0.250475148573468
2023-11-24,-1.97264179068727e-05,0.0,0.2908398381591285
2023-11-27,0.0,0.0,0.30269774550636935
2023-11-28,-2.513677631221242e-05,0.0494880283646682,0.3141858120355865
2023-11-29,-0.0004309801757006516,0.05285106730424766,0.4095489924466365
2023-11-30,-0.002744701143326765,0.05621063529294239,0.43558267076206597
2023-12-01,-0.00620608036392764,0.0,0.4436878406764645
2023-12-04,0.0,0.0,0.4715258922286497
2023-12-05,-0.0,0.0,0.5683633151386208
2023-12-06,-0.0,0.0,0.5689718310629391
2023-12-07,-0.0,0.0,0.5772248531038237
2023-12-08,-0.0,0.0,0.576833159888098
2023-12-11,-9.619962075405065e-05,0.1893930033595372,0.5849455886615484
2023-12-12,-0.003788595763732115,0.2593032408283011,0.8008653126441897
2023-12-13,0.01040130092272653,0.2583648038790919,0.7979669238761798
2023-12-14,0.01194506291947119,0.14286001079932298,0.9069787175526907
2023-12-15,0.006335626918893322,0.148469907789249,0.9425944027892896
2023-12-18,0.0018489529828287898,0.12185243955883096,0.9442485534151747
2023-12-19,0.0040903182567110005,0.13859914951901992,0.966071162821055
2023-12-20,-0.005133136891564127,0.1434668116107432,1.0
2023-12-21,-0.006005333942892973,0.1434668116107432,1.0
2023-12-22,-0.005769127882747923,0.0,1.0
2023-12-26,-8.000608349992993e-05,0.15751197689048704,1.0
2023-12-27,0.004762689217507973,0.3237788386316401,1.0
2023-12-28,-0.007710627350680778,0.1503376247450221,0.9544520214456261
2023-12-29,0.0035788054880223756,0.14940462636749544,0.9485286726568838
2024-01-02,-1.0291308740019808e-06,0.12967049012424958,0.9637594933156676
2024-01-03,0.003024595920145727,0.13454652433890746,1.0
2024-01-04,-0.006054885168518291,0.10851963641823299,1.0
2024-01-05,-0.006820876335487267,0.0,1.0
2024-01-08,0.0,0.0,1.0
2024-01-09,0.0,0.0,1.0
2024-01-10,-0.0,0.0,1.0
2024-01-11,0.0,0.0,1.0
2024-01-12,-0.0,0.0,1.0
2024-01-16,0.0,0.0,1.0
2024-01-17,0.0,0.0,1.0
2024-01-18,0.0,0.0,1.0
2024-01-19,-0.0,0.0,1.0
2024-01-22,-6.735279190091885e-05,0.132600809054934,1.0
2024-01-23,7.070337007422928e-05,0.14223634241176716,1.0
2024-01-24,-0.005254190642197039,0.150800583546331,1.0
2024-01-25,0.005465162439770304,0.132600809054934,1.0
2024-01-26,0.004696022564996085,0.0,1.0
2024-01-29,-0.0,0.0,1.0
2024-01-30,-0.0,0.0,1.0
2024-01-31,-7.659712180131098e-05,0.150800583546331,1.0
2024-02-01,0.006331220320302103,0.132600809054934,1.0
2024-02-02,-0.0028780455821032546,0.150800583546331,1.0
2024-02-05,0.013203031319027402,0.14223634241176716,1.0
2024-02-06,-0.0003746084110637306,0.0,1.0
2024-02-07,0.0,0.0,1.0
2024-02-08,0.0,0.0,1.0
2024-02-09,0.0,0.0,1.0
2024-02-12,0.0,0.0,1.0
2024-02-13,-0.0,0.0,1.0
2024-02-14,-0.0,0.0,1.0
2024-02-15,-0.0,0.0,1.0
2024-02-16,-7.659712180131098e-05,0.150800583546331,1.0
2024-02-20,-0.009522364468435405,0.10851963641823299,1.0
2024-02-21,0.0002697062149224348,0.7196878230838899,1.0
2024-02-22,0.03559040886663892,0.4731989114177635,1.0
2024-02-23,-0.0068718334777806995,0.10513661051831513,0.9688256797426068
2024-02-26,0.002831259559784452,0.2952301919471135,0.9696378595987248
2024-02-27,-0.004953800650686035,0.10239120875068798,0.9435270162173586
2024-02-28,-0.01142423301387028,0.0,0.9383046825963123
2024-02-29,-0.0004103893924550302,0.8079541163958407,0.8205949529372919
2024-03-01,0.221548635745406,0.0,0.4218358297273681
2024-03-04,-0.0,0.0,0.4212755160744321
2024-03-05,-0.0,0.0,0.42302371024364976
2024-03-06,-2.3507186036097894e-05,0.046279772508567726,0.4264645002145621
2024-03-07,0.001125356350853588,0.056603486759110117,0.42687135291656003
2024-03-08,-0.0012602372255514536,0.060799634267210724,0.42745498960595313
2024-03-11,0.0038434348824972846,0.056467440836979126,0.4258453718301654
2024-03-12,5.6480211218119764e-05,0.0,0.42524623149389884
2024-03-13,0.0,0.0,0.42524623149389884
2024-03-14,-0.0,0.0,0.42524623149389884
2024-03-15,0.0,0.0,0.42524623149389884
2024-03-18,0.0,0.0,0.42524623149389884
2024-03-19,-0.0,0.0,0.4286194710252788
2024-03-20,0.0,0.0,0.4341140759462559
2024-03-21,0.0,0.0,0.4331641418962815
2024-03-22,0.0,0.0,0.4556025947167902
2024-03-25,-0.0,0.0,0.4563238334403929
2024-03-26,-0.0,0.0,0.45787136117210675
2024-03-27,-3.089302208320605e-05,0.06082063722631191,0.4586747068874601
2024-03-28,0.0010821317380717026,0.05196263422630637,0.4788316284625502
2024-04-01,-0.003029442212954229,0.14223634241176716,1.0
2024-04-02,0.00497078917409376,0.30447469539740496,1.0
2024-04-03,0.0005123852510858168,0.10851963641823299,1.0
2024-04-04,-0.00036873624101461505,0.132600809054934,1.0
2024-04-05,-0.00015209061735793364,0.10851963641823299,1.0
2024-04-08,-0.00435214312277974,0.10851963641823299,1.0
2024-04-09,0.002138576534833712,0.4731989114177635,1.0
2024-04-10,0.0024984925119413597,0.13454652433890746,1.0
2024-04-11,0.0013400251811225708,0.13454652433890746,1.0
2024-04-12,0.002241493412567713,0.10851963641823299,1.0
2024-04-15,-0.002517927430403472,0.132600809054934,1.0
2024-04-16,0.004670687524468763,0.13454652433890746,1.0
2024-04-17,-0.004497837116907737,0.14223634241176716,1.0
2024-04-18,-0.004813357174534048,0.13454652433890746,1.0
2024-04-19,-0.0019557609336252717,0.4731989114177635,1.0
2024-04-22,-0.0023271489741971403,0.7196878230838899,1.0
2024-04-23,0.020985516618541214,0.7196878230838899,1.0
2024-04-24,0.0092831438202128,0.2828201441957657,0.9288789790121131
2024-04-25,-0.0008807519943017357,0.124332005405471,0.9240818818351098
2024-04-26,-0.0006348281799187797,0.28266323739110877,0.9283636429036326
2024-04-29,0.005156311041915337,0.28192740026230584,0.9259468997721796
2024-04-30,-0.005918083571122286,0.12985986271113364,0.9651669810810671
2024-05-01,-0.007403457976964267,0.0,1.0
2024-05-02,-0.0003274943183686475,0.6447544392882747,0.7181740047431949
2024-05-03,-0.007009360138794312,0.5218757409873789,0.6733071305849581
2024-05-06,0.014463852201872573,0.5637237615186032,0.6593721344541864
2024-05-07,-0.02128782874220699,0.41697212054059446,0.5793791518576109
2024-05-08,-0.011334328838437399,0.4357162200935221,0.5096452441270648
2024-05-09,0.0004556110773534404,0.45313759496409567,0.4719805772770977
2024-05-10,-0.012376020774556967,0.4532609930157655,0.47210910663398453
2024-05-13,-0.008569327635043908,0.0,0.43818654516843997
2024-05-14,-0.00021680937614875425,0.42684345929285994,0.42684345929285994
2024-05-15,0.007247980201258731,0.4194690805411603,0.4194690805411603
2024-05-16,0.012640638024956402,0.3921540573946302,0.3982894990465714
2024-05-17,0.011131352264876077,0.32267827346730393,0.3594223378367793
2024-05-20,-0.008102922802900021,0.2900301042702041,0.3392402129607655
2024-05-21,-0.00682450939031386,0.2956051732485894,0.3292663658571977
2024-05-22,0.0008682591625296677,0.32138216115674834,0.3347463102489701
2024-05-23,0.005512830610175486,0.3008990899731591,0.33516311218911604
2024-05-24,-0.004609033117011445,0.2794046465063906,0.3268119081002344
2024-05-28,-0.007295058398726972,0.2915445773959331,0.3247433812797438
2024-05-29,-0.011619774689669354,0.0,0.3189061054888188
2024-05-30,-0.00014969198862967628,0.29470610261467517,0.299316923446356
2024-05-31,0.016324252698563354,0.26929929092231114,0.27786373591260477
2024-06-03,-0.00740194698761618,0.2161660605043515,0.24078135163108
2024-06-04,0.010281718131077222,0.22831160148548907,0.2378055642827827
2024-06-05,-0.004458564715783531,0.19084169126489917,0.22322226221792993
2024-06-06,0.004089235689462859,0.20271705404575754,0.22580087807459315
2024-06-07,-0.0038873216604168883,0.1918757653064992,0.22443179010115538
2024-06-10,-0.004216451663388345,0.0,0.2233457750163868
2024-06-11,-0.0,0.0,0.2272636473475419
2024-06-12,-0.0,0.0,0.2292406996450192
2024-06-13,0.0,0.0,0.23205690052306333
2024-06-14,-0.0,0.0,0.23481606654481427
2024-06-17,-0.00010599544083317215,0.20867852414030766,0.2440855136325549
2024-06-18,0.0026864175623096433,0.2154500989159873,0.25200603786489856
2024-06-20,-0.0004974876208043772,0.21604959040092972,0.2527072465188477
2024-06-21,0.012063330688757359,0.21914309844245616,0.2563256375456825
2024-06-24,-0.005000391125481088,0.16783764275564164,0.2332089516763684
2024-06-25,0.005075628770813694,0.18097249216492256,0.23348483143484466
2024-06-26,0.008824176987622346,0.16541156547869684,0.22983793830205707
2024-06-27,-0.004704656728459635,0.06877035752617046,0.2258655926608625
2024-06-28,-0.0020144286418980347,0.11306094477712735,0.23892900437657924
2024-07-01,0.0042575912593351166,0.08110267121648243,0.26636916775834524
2024-07-02,0.0021426563844968182,0.03269269975015057,0.3012606826671757
2024-07-03,-0.00030442807630351167,0.03452706618047179,0.31816422649450293
2024-07-05,-0.0012953520175556647,0.03925017902147294,0.3616873435716588
2024-07-08,-0.00015090536327595538,0.050196333522172794,0.373077890854571
2024-07-09,-0.0003127130536933696,0.051354460977731074,0.3816855264753997
2024-07-10,-0.003052457497902589,0.0,0.39592779647339643
2024-07-11,-9.403403900307391e-05,0.18512951428730176,0.3912297974917788
2024-07-12,0.001670552673975654,0.18475740667970086,0.39044343133872483
2024-07-15,-0.002336073511747783,0.18492003068916305,0.39078710078837536
2024-07-16,0.0009717349162163959,0.18356861828911825,0.3879311931194507
2024-07-17,-0.008091603408664112,0.18373122186018578,0.38827481937712816
2024-07-18,0.002609637494627191,0.2925391221609105,0.3774244737901482
2024-07-19,-0.001290748180130983,0.27153229663102957,0.37729177557500315
2024-07-22,0.01261791040142904,0.0,0.3768509834564913
2024-07-23,0.0,0.0,0.487643877068592
2024-07-24,0.0,0.0,0.5115626707521261
2024-07-25,0.0,0.0,0.5659082959682858
2024-07-26,0.0,0.0,0.8458343920182154
2024-07-29,-5.825053938875405e-05,0.11468074942160955,0.8648570867625665
2024-07-30,-0.0011654217564043025,0.10200956617047939,0.940010209556325
2024-07-31,0.002439712844234149,0.10851963641823299,1.0
2024-08-01,-0.003967080520755336,0.132600809054934,1.0
2024-08-02,-0.003813141933024021,0.13454652433890746,1.0
2024-08-05,0.00411115908300783,0.30447469539740496,1.0
2024-08-06,-0.006524723983784197,0.1042006995007129,0.9602013325876344
2024-08-07,-0.0014131787149783866,0.12911366652610018,0.959620972451711
2024-08-08,0.001224612953182035,0.30076669345992263,0.9878216416880141
2024-08-09,-0.014505855465315387,0.13180114482881242,0.9795953145309072
2024-08-12,-0.0045225217121164,0.0,0.9777445422825825
2024-08-13,-0.0003454088929610007,0.6800237580169701,0.8773445655353409
2024-08-14,-0.01211333673916821,0.7059698411594941,0.8257534501856492
2024-08-15,-0.00036397442376222484,0.7700567639135044,0.9007141559985047
2024-08-16,-0.016802511669056046,0.8549402258032046,1.0
2024-08-19,0.0024143664822189807,0.7878546641251861,0.877569357901557
2024-08-20,0.003863370773187117,0.7779760192610911,0.866565810642054
2024-08-21,0.016098565484857302,0.7232701385585368,0.845989130853019
2024-08-22,0.0060558197866341515,0.555413801888904,0.7165768474494857
2024-08-23,-0.003734448021501966,0.5421515349634559,0.6994663014184886
2024-08-26,-0.04906400779779485,0.5414160992947471,0.6985174662055483
2024-08-27,0.0023310743691542417,0.35143937005037895,0.35693781054456775
2024-08-28,-0.011071605599781908,0.0,0.35456554954725494
2024-08-29,-0.0001728696188142941,0.3403370620406415,0.3403370620406415
2024-08-30,0.014132109186810625,0.32502675421793725,0.33011195644451324
2024-09-03,-0.060625058590077066,0.0,0.28900249024261965
2024-09-04,-0.00014060962982380575,0.27682520871561755,0.2883365301543845
2024-09-05,-0.010757730604394496,0.27641003829824895,0.2879040955573974
2024-09-06,-0.001502966595199225,0.2696829062437212,0.2739022269534881
2024-09-09,-0.00021125407867733602,0.2710729862350326,0.27531405542480986
2024-09-10,0.00575116716789645,0.2705042319200101,0.2747364026709001
2024-09-11,-0.004671895056711907,0.25570608942507433,0.2663392069900501
2024-09-12,-0.006128768650465286,0.2551610426230767,0.2657714953123857
2024-09-13,-0.0010276058639758702,0.25913499303691245,0.2631892864957564
2024-09-16,-0.002900824544229007,0.25945022393095135,0.2635094493310077
2024-09-17,0.005907281788418548,0.26110052052769583,0.26518556562357526
2024-09-18,0.010182596012696277,0.24668383872482808,0.2569417808193561
2024-09-19,0.009841707888510017,0.205455707759341,0.240315874207835
2024-09-20,-0.009514174384255537,0.16705467102553262,0.23212101923539147
2024-09-23,0.0002564172627293674,0.19292174418177716,0.2256552427399586
2024-09-24,0.004891793811708166,0.1927458811069388,0.22544954055221425
2024-09-25,0.009013621828300266,0.20613625359888055,0.2659502991221661
2024-09-26,0.00775243998251861,0.11933528341601947,0.252188414927828
2024-09-27,-0.005974482497107423,0.08009746838462851,0.26306773467688044
2024-09-30,0.0012641820978983068,0.12291863187999598,0.25976101997300943
2024-10-01,-0.007482821984086537,0.037460149798258985,0.2784178185376317
2024-10-02,0.0008697655038202065,0.1344663572249843,0.28416455317301165
2024-10-03,0.008234923866043102,0.08616062145530344,0.2829812222747946
2024-10-04,-0.001837550428560642,0.033529420312998076,0.30897099750478535
2024-10-07,6.601344686376708e-05,0.04172500121096122,0.3101157864610509
2024-10-08,-0.0005699999351404014,0.04175873062955802,0.31036647609248164
2024-10-09,-5.327895283557663e-06,0.04228353541362059,0.31426702117635646
2024-10-10,0.002103099011206265,0.04356782410482388,0.32381233420107874
2024-10-11,0.0005711142128664667,0.037443721988987565,0.3450409826722976
2024-10-14,-0.0010447253243031029,0.046083616924804074,0.34753646869313226
2024-10-15,0.00014770008225994214,0.03838888053579274,0.3537505450888408
2024-10-16,0.00018801392589766329,0.039005598224780995,0.3594335505737784
2024-10-17,0.00042061086530236375,0.04279481034646246,0.39435084523810904
2024-10-18,-0.001031012325904437,0.05802383814045399,0.43758283643967677
2024-10-21,-0.0019112880354845365,0.05830108456520039,0.5372399548088137
2024-10-22,0.002824284599479648,0.07153581499431935,0.5316808839604711
2024-10-23,0.001108645154954844,0.06135109469569651,0.5653455606803762
2024-10-24,-0.0002908639876140886,0.10372954047181696,0.7822692878807684
2024-10-25,0.0020452769251667973,0.11734957050166255,0.8849838197672448
2024-10-28,-0.001893207059071344,0.132600809054934,1.0
2024-10-29,-0.0013092395876838166,0.132600809054934,1.0
2024-10-30,0.00453918620672204,0.132600809054934,1.0
2024-10-31,0.00011008537242156661,0.14223634241176716,1.0
2024-11-01,-0.00877922630393946,0.150800583546331,1.0
2024-11-04,0.0016928783525487136,0.132600809054934,1.0
2024-11-05,0.00363972369600151,0.132600809054934,1.0
2024-11-06,-0.0033579707380764433,0.14223634241176716,1.0
2024-11-07,0.0005633741968367332,0.132600809054934,1.0
2024-11-08,0.0012536395766671814,0.14223634241176716,1.0
2024-11-11,0.0017096098116853435,0.14223634241176716,1.0
2024-11-12,0.0025366289252336492,0.150800583546331,1.0
2024-11-13,-0.0015418985576812695,0.0,1.0
2024-11-14,0.0,0.0,1.0
2024-11-15,0.0,0.0,1.0
2024-11-18,0.0,0.0,1.0
2024-11-19,0.0,0.0,1.0
2024-11-20,0.0,0.0,1.0
2024-11-21,-0.0,0.0,1.0
2024-11-22,-0.0,0.0,1.0
2024-11-25,0.0,0.0,1.0
2024-11-26,-0.0,0.0,1.0
2024-11-27,-0.0,0.0,1.0
2024-11-29,-7.224703106629444e-05,0.14223634241176716,1.0
2024-12-02,-0.008460368088967146,0.0,1.0
2024-12-03,-6.735279190091885e-05,0.132600809054934,1.0
2024-12-04,0.00032192597131028484,0.132600809054934,1.0
2024-12-05,-0.0008173476530332949,0.14223634241176716,1.0
2024-12-06,0.00031736793847110057,0.132600809054934,1.0
2024-12-09,0.0063017667454233085,0.14223634241176716,1.0
2024-12-10,-0.0005813942091689782,0.0,1.0
2024-12-11,-0.0,0.0,1.0
2024-12-12,-7.659712180131098e-05,0.150800583546331,1.0
2024-12-13,-0.00378612107912207,0.0,1.0
2024-12-16,-0.0,0.0,1.0
2024-12-17,-7.659712180131098e-05,0.150800583546331,1.0
2024-12-18,-0.001340233470307154,0.132600809054934,1.0
2024-12-19,-0.0010451530592998283,0.10851963641823299,1.0
2024-12-20,0.005775062898436022,0.10851963641823299,1.0
2024-12-23,0.0003218954780173596,0.14223634241176716,1.0
2024-12-24,-0.0030265310132222387,0.150800583546331,1.0
2024-12-26,-0.0010518127376320794,0.14223634241176716,1.0
2024-12-27,-0.0007047367130456808,0.132600809054934,1.0
2024-12-30,0.007243914293171423,0.132600809054934,1.0
2024-12-31,0.0021622437345179134,0.0,1.0
2025-01-02,-1.071685507181867e-06,0.13503237390491524,1.0
2025-01-03,-0.0072173502255011394,0.14418070892675125,1.0
2025-01-06,-0.00012532650758368888,0.0,1.0
2025-01-07,-0.0,0.0,1.0
2025-01-08,0.0,0.0,1.0
2025-01-09,0.0,0.0,1.0
2025-01-10,0.0,0.0,1.0
2025-01-13,-5.473227363681348e-05,0.10775416372247655,1.0
2025-01-14,0.008582768442277495,0.7263066844623906,1.0
2025-01-15,0.00936930974861396,0.048316354638519445,0.4483943169282941
2025-01-16,0.0012277874034745037,0.06058865875803155,0.4486972790739488
2025-01-17,0.0020326892821888923,0.06547126300284739,0.4540916984678515
2025-01-21,0.0012810187209528407,0.0,0.45508989694175483
2025-01-22,-0.0,0.0,0.45548784830513844
2025-01-23,-2.491683165712817e-05,0.04905501232497109,0.45524934378696913
2025-01-24,0.0003324420685016126,0.0,0.4553639723071376
2025-01-27,0.0,0.0,0.45738810196405505
2025-01-28,-0.0,0.0,0.4578911567719962
2025-01-29,0.0,0.0,0.45821360621707463
2025-01-30,0.0,0.0,0.45842668548781107
2025-01-31,0.0,0.0,0.45842668548781107
2025-02-03,0.0,0.0,0.45784988358675055
2025-02-04,-0.0,0.0,0.46492885756393154
2025-02-05,-0.0,0.0,0.46492885756393154
2025-02-06,0.0,0.0,0.46492885756393154
2025-02-07,0.0,0.0,0.46492885756393154
2025-02-10,-0.0,0.0,0.46492885756393154
2025-02-11,0.0,0.0,0.46492885756393154
2025-02-12,-0.0,0.0,0.47214497476722284
2025-02-13,0.0,0.0,1.0
2025-02-14,0.0,0.0,1.0
2025-02-18,-0.0,0.0,1.0
2025-02-19,-0.0,0.0,1.0
2025-02-20,0.0,0.0,1.0
2025-02-21,-0.0,0.0,1.0
2025-02-24,-0.0,0.0,1.0
2025-02-25,-7.323464580406413e-05,0.14418070892675125,1.0
2025-02-26,-0.005986258259164887,0.14418070892675125,1.0
2025-02-27,0.0022229879547141914,0.30818349048163746,1.0
2025-02-28,-0.010924026433140223,0.10775416372247655,1.0
2025-03-03,0.032334766562717554,0.0,1.0
2025-03-04,0.0,0.0,1.0
2025-03-05,-0.0,0.0,1.0
2025-03-06,-0.0,0.0,1.0
2025-03-07,-7.323464580406413e-05,0.14418070892675125,1.0
2025-03-10,0.0003228224173231322,0.10775416372247655,1.0
2025-03-11,0.0018311911017601947,0.10775416372247655,1.0
2025-03-12,-0.00018462587372204778,0.13503237390491524,1.0
2025-03-13,0.00022604744052568594,0.13503237390491524,1.0
2025-03-14,-0.0008140455113713795,0.13503237390491524,1.0
2025-03-17,0.0063491131170524675,0.13503237390491524,1.0
2025-03-18,0.001105966953412331,0.0,1.0
2025-03-19,0.0,0.0,1.0
2025-03-20,-0.0,0.0,1.0
2025-03-21,0.0,0.0,1.0
2025-03-24,-0.0,0.0,1.0
2025-03-25,0.0,0.0,1.0
2025-03-26,0.0,0.0,1.0
2025-03-27,0.0,0.0,1.0
2025-03-28,-0.0,0.0,1.0
2025-03-31,-0.0,0.0,1.0
2025-04-01,0.0,0.0,1.0
2025-04-02,0.0,0.0,1.0
2025-04-03,-0.0,0.0,1.0
2025-04-04,0.0,0.0,1.0
2025-04-07,0.0,0.0,1.0
2025-04-08,0.0,0.0,1.0
2025-04-09,-0.0,0.0,1.0
2025-04-10,-0.0,0.0,1.0
2025-04-11,-5.473227363681348e-05,0.10775416372247655,1.0
2025-04-14,0.004309889704831993,0.10775416372247655,1.0
2025-04-15,0.0002755751624141296,0.0,1.0
2025-04-16,-0.0,0.0,1.0
2025-04-17,-7.887959202430953e-05,0.15529419679785939,1.0
2025-04-21,0.0003366091553204294,0.14418070892675125,1.0
2025-04-22,0.001671495872489691,0.15529419679785939,1.0
2025-04-23,0.008106718955168698,0.0,1.0
2025-04-24,0.0,0.0,1.0
2025-04-25,0.0,0.0,1.0
2025-04-28,0.0,0.0,1.0
2025-04-29,-0.0,0.0,1.0
2025-04-30,0.0,0.0,1.0
2025-05-01,-0.0,0.0,1.0
2025-05-02,-0.0,0.0,1.0
2025-05-05,0.0,0.0,1.0
2025-05-06,-0.0,0.0,1.0
2025-05-07,-0.0,0.0,1.0
2025-05-08,0.0,0.0,1.0
2025-05-09,-0.0,0.0,1.0
2025-05-12,0.0,0.0,1.0
2025-05-13,0.0,0.0,1.0
2025-05-14,0.0,0.0,1.0
2025-05-15,-0.0,0.0,1.0
2025-05-16,-0.0,0.0,1.0
2025-05-19,-0.0,0.0,1.0
2025-05-20,0.0,0.0,1.0
2025-05-21,0.0,0.0,1.0
2025-05-22,-0.0,0.0,1.0
2025-05-23,-0.0,0.0,1.0
2025-05-27,-0.0,0.0,1.0
2025-05-28,-0.0,0.0,1.0
2025-05-29,-7.323464580406413e-05,0.14418070892675125,1.0
2025-05-30,-0.004661496913708933,0.10775416372247655,1.0
2025-06-02,-0.003805143224697253,0.10775416372247655,1.0
2025-06-03,0.0023065046641226315,0.47713188093637743,1.0
2025-06-04,-0.020024897761871004,0.13558102784695567,1.0
2025-06-05,0.002901699368766463,0.768024110389134,1.0
2025-06-06,-0.011486028217076732,0.47713188093637743,1.0
2025-06-09,0.0015928982852185902,0.0,1.0
2025-06-10,0.0,0.0,1.0
2025-06-11,-0.0,0.0,1.0
2025-06-12,-0.0,0.0,1.0
2025-06-13,-0.0,0.0,1.0
2025-06-16,-0.000416186932459139,0.8193680232789299,1.0
2025-06-17,-0.001938479616996534,0.1610901871578116,0.5227086853551289
2025-06-18,0.007325570933346352,0.16098283963468807,0.5223603619489796
2025-06-20,0.005931482370732323,0.06916927745061463,0.5122421790445679
2025-06-23,0.002234019691460016,0.0,0.5131787859873764
2025-06-24,-0.0,0.0,0.5131787859873764
2025-06-25,-0.0,0.0,0.5131787859873764
2025-06-26,-4.04793332742147e-05,0.0796936873836102,0.5131787859873764
2025-06-27,-0.0042273299470731345,0.0,0.5138091388972874
2025-06-30,-3.781545635846078e-05,0.07444917970571967,0.5163602000565999
2025-07-01,-0.00013058828226763033,0.0,0.5219874713897884
2025-07-02,-0.0,0.0,0.5267221554767033
2025-07-03,-0.0,0.0,0.5290893000665581
2025-07-04,0.0,0.0,0.5371506621547583
2025-07-07,-0.0,0.0,0.5576222389389007
2025-07-08,0.0,0.0,0.5696904208810128
2025-07-09,-0.0,0.0,0.5696904208810128
2025-07-10,0.0,0.0,0.5696904208810128
2025-07-11,-0.0,0.0,0.5696904208810128
2025-07-14,0.0,0.0,0.5696904208810128
2025-07-15,0.0,0.0,0.5696904208810128
2025-07-16,-0.0,0.0,1.0
2025-07-17,0.0,0.0,1.0
2025-07-18,-0.0,0.0,1.0
2025-07-21,0.0,0.0,1.0
2025-07-22,-0.0,0.0,1.0
2025-07-23,0.0,0.0,1.0
2025-07-24,-0.0,0.0,1.0
2025-07-25,0.0,0.0,1.0
2025-07-28,-0.0,0.0,1.0
2025-07-29,0.0,0.0,1.0
2025-07-30,-0.0,0.0,1.0
2025-07-31,-0.0,0.0,1.0
2025-08-01,-0.0,0.0,1.0
2025-08-04,-6.88665538270251e-05,0.13558102784695567,1.0
2025-08-05,-0.000570550425229388,0.13503237390491524,1.0
2025-08-06,0.004803376463515252,0.13503237390491524,1.0
2025-08-07,0.0007622014005458847,0.0,1.0
2025-08-08,0.0,0.0,1.0
2025-08-11,-0.0,0.0,1.0
2025-08-12,0.0,0.0,1.0
2025-08-13,0.0,0.0,1.0
2025-08-14,-0.0,0.0,1.0
2025-08-15,-0.0,0.0,1.0
2025-08-18,0.0,0.0,1.0
2025-08-19,0.0,0.0,1.0
2025-08-20,0.0,0.0,1.0
2025-08-21,0.0,0.0,1.0
2025-08-22,-0.0,0.0,1.0
2025-08-25,-0.0,0.0,1.0
2025-08-26,-0.0,0.0,1.0
2025-08-27,0.0,0.0,1.0
2025-08-28,0.0,0.0,1.0
2025-08-29,-0.0,0.0,1.0
2025-09-02,-0.0,0.0,1.0
2025-09-03,0.0,0.0,1.0
2025-09-04,-0.0,0.0,1.0
2025-09-05,-0.0,0.0,1.0
2025-09-08,-0.0,0.0,1.0
2025-09-09,0.0,0.0,1.0
2025-09-10,-0.0,0.0,1.0
2025-09-11,-0.0,0.0,1.0
2025-09-12,-0.0,0.0,1.0
2025-09-15,0.0,0.0,1.0
2025-09-16,0.0,0.0,1.0
2025-09-17,-0.0,0.0,1.0
2025-09-18,-0.0,0.0,1.0
2025-09-19,-0.0,0.0,1.0
2025-09-22,0.0,0.0,1.0
2025-09-23,0.0,0.0,1.0
2025-09-24,-0.0,0.0,1.0
2025-09-25,0.0,0.0,1.0
2025-09-26,0.0,0.0,1.0
2025-09-29,0.0,0.0,1.0
2025-09-30,0.0,0.0,1.0
2025-10-01,-0.0,0.0,1.0
2025-10-02,-0.0,0.0,1.0
2025-10-03,-7.323464580406413e-05,0.14418070892675125,1.0
2025-10-06,0.0026196132194108834,0.14418070892675125,1.0
2025-10-07,0.00022200540015070768,0.14418070892675125,1.0
2025-10-08,-0.00011330834292523584,0.14418070892675125,1.0
2025-10-09,0.0007781509222467683,0.14418070892675125,1.0
2025-10-10,-0.0011451207457281237,0.14418070892675125,1.0
2025-10-13,0.004135963721365786,0.14418070892675125,1.0
2025-10-14,-0.0022403893960382367,0.0,1.0
2025-10-15,-7.323464580406413e-05,0.14418070892675125,1.0
2025-10-16,-0.0007499793076354176,0.15529419679785939,1.0
2025-10-17,0.0066109331497681825,0.14418070892675125,1.0
2025-10-20,-0.0001963702688939431,0.0,1.0
2025-10-21,-0.0,0.0,1.0
2025-10-22,0.0,0.0,1.0
2025-10-23,0.0,0.0,1.0
2025-10-24,0.0,0.0,1.0
2025-10-27,0.0,0.0,1.0
2025-10-28,0.0,0.0,1.0
2025-10-29,0.0,0.0,1.0
2025-10-30,0.0,0.0,1.0
2025-10-31,-0.0,0.0,1.0
2025-11-03,-0.0,0.0,1.0
2025-11-04,0.0,0.0,1.0
2025-11-05,0.0,0.0,1.0
2025-11-06,0.0,0.0,1.0
2025-11-07,-0.0,0.0,1.0
2025-11-10,0.0,0.0,1.0
2025-11-11,0.0,0.0,1.0
2025-11-12,-0.0,0.0,1.0
2025-11-13,-0.0,0.0,1.0
2025-11-14,0.0,0.0,1.0
2025-11-17,-0.0,0.0,1.0
2025-11-18,0.0,0.0,1.0
2025-11-19,-0.0,0.0,1.0
2025-11-20,-0.0,0.0,1.0
2025-11-21,-0.0,0.0,1.0
2025-11-24,-0.0,0.0,1.0
2025-11-25,-0.0,0.0,1.0
2025-11-26,-0.0,0.0,1.0
2025-11-28,0.0,0.0,1.0
2025-12-01,-0.0,0.0,1.0
2025-12-02,-0.0,0.0,1.0
2025-12-03,-7.323464580406413e-05,0.14418070892675125,1.0
2025-12-04,-0.0033854847562460196,0.13503237390491524,1.0
2025-12-05,0.0028587516421075,0.10775416372247655,1.0
2025-12-08,-0.002705610776284166,0.13503237390491524,1.0
2025-12-09,-0.0006758304817012391,0.10775416372247655,1.0
2025-12-10,-0.000998862861696928,0.10775416372247655,1.0
2025-12-11,-0.0014421567873251647,0.13558102784695567,1.0
2025-12-12,-0.00243884526545014,0.13558102784695567,1.0
2025-12-15,-0.00099136057370258,0.30818349048163746,1.0
2025-12-16,-0.007396284495903481,0.0,1.0
2025-12-17,-0.0003689176809967698,0.7263066844623906,1.0
2025-12-18,-0.007632839320612906,0.7263066844623906,1.0
2025-12-19,-0.013321973255080919,0.7263066844623906,1.0
2025-12-22,0.003234679947925479,0.768024110389134,1.0
2025-12-23,0.003636624756858907,0.768024110389134,1.0
2025-12-24,-0.010564130333897517,0.768024110389134,1.0
2025-12-26,-0.01652693156422699,0.768024110389134,1.0
2025-12-29,-0.018396089346752985,0.8193680232789299,1.0
2025-12-30,0.022378838615843357,0.7816897658242005,0.9540154651093786
2025-12-31,-0.011580999275205495,0.5446328230624382,0.7091350592971484
2026-01-02,-4.693562210348286e-06,0.591388838503884,0.6980269539054809
2026-01-05,-5.4336680946946036e-05,0.5898872733026576,0.696254629310796
2026-01-06,-0.005223576527880999,0.5872230608175212,0.6931100110757589
2026-01-07,0.016568421204186605,0.5926786416127692,0.6995493318683633
2026-01-08,0.026637947700451546,0.4715061332898232,0.5726120656889069
2026-01-09,-0.012964213862772456,0.34318811202546406,0.4438769328618777
2026-01-12,0.004122461579527386,0.0,0.42320916433979794
2026-01-13,0.0,0.0,0.42300465626488076
2026-01-14,-0.0,0.0,0.4228317978740605
2026-01-15,0.0,0.0,0.42266987579712445
2026-01-16,0.0,0.0,0.4273787826348413
2026-01-20,-0.00010683198917318055,0.2103254786846992,0.42737129247385064
2026-01-21,0.01963397465148218,0.05975861188494662,0.36984895132147844
2026-01-22,-0.00215623498970592,0.0652820461279604,0.371534897218672
2026-01-23,0.0003024307742881643,0.05409402704982684,0.3690996861249758
2026-01-26,0.0038579291741247246,0.06486208901543992,0.36914482625902845
2026-01-27,0.0017859451574219866,0.07016305247881274,0.371394460521308
2026-01-28,0.0006915540604848514,0.07288500237696677,0.38580257245880123
2026-01-29,-0.008393401233524396,0.0,0.4099697958786252
2026-01-30,-2.9464831042251675e-05,0.058008886114432986,0.39581193756520705
2026-02-02,-0.010635298688687475,0.0,0.3991856242139648
2026-02-03,-0.00013236123053304448,0.2605861726119313,0.35423090541918995
2026-02-04,0.008962951703202248,0.16559639821239353,0.3364839446729073
2026-02-05,-0.002184503316436355,0.11182712262821021,0.3368662450229406
2026-02-06,0.0036146193598711935,0.11418988935599562,0.34398380592183314
2026-02-09,0.0006653700233056,0.06093324908088039,0.3771188379770743
2026-02-10,-0.0014936744291919523,0.06471507084025155,0.40052471652192906
2026-02-11,0.0012019500598546117,0.13229999499727718,0.3985384000217827
2026-02-12,-0.003505889714900778,0.06446731448949203,0.39899134043400947
2026-02-13,-0.0007009227276796541,0.13172207726804933,0.3967974898489937
2026-02-17,0.003689186382266016,0.13119702340365594,0.39521582594156196
2026-02-18,0.0022555868254469456,0.0637809275101601,0.39474325808237465
2026-02-19,0.0030216952333698118,0.07346132151179831,0.454655686717393
2026-02-20,-0.0018403503562262056,0.08141687551512689,0.4633618624190502
2026-02-23,0.003717948436636275,0.06819345845198672,0.46530431330653627
2026-02-24,0.0008146320336612885,0.08157271399875891,0.46424877449416274
2026-02-25,0.0019034410325122822,0.08666332234117484,0.47142284348998337
2026-02-26,0.001694745975532423,0.08672802301366977,0.47177479601360345
2026-02-27,0.0009722967731240657,0.0890937274803233,0.4716003036409943
2026-03-02,0.025086522195869085,0.0,0.5189597058531148
2026-03-03,0.0,0.0,0.5336988542106252
2026-03-04,0.0,0.0,0.7629678601382299
2026-03-05,0.0,0.0,1.0
2026-03-06,-0.0,0.0,1.0
2026-03-09,-0.0,0.0,1.0
2026-03-10,0.0,0.0,1.0
2026-03-11,0.0,0.0,1.0
2026-03-12,-0.0,0.0,1.0
2026-03-13,0.0,0.0,1.0
2026-03-16,0.0,0.0,1.0
2026-03-17,0.0,0.0,1.0
2026-03-18,0.0,0.0,1.0
2026-03-19,0.0,0.0,1.0
2026-03-20,0.0,0.0,1.0
2026-03-23,-0.0,0.0,1.0
2026-03-24,0.0,0.0,1.0
2026-03-25,-0.0,0.0,1.0
2026-03-26,0.0,0.0,1.0
2026-03-27,0.0,0.0,1.0
2026-03-30,-0.0,0.0,1.0
2026-03-31,-0.0,0.0,1.0
2026-04-01,-0.0,0.0,1.0
2026-04-02,-0.0,0.0,1.0
2026-04-06,-0.0,0.0,1.0
2026-04-07,0.0,0.0,1.0
2026-04-08,0.0,0.0,1.0
2026-04-09,-0.0,0.0,1.0
2026-04-10,-0.0,0.0,1.0
2026-04-13,0.0,0.0,1.0
2026-04-14,0.0,0.0,1.0
2026-04-15,0.0,0.0,1.0
2026-04-16,0.0,0.0,1.0
2026-04-17,0.0,0.0,1.0
2026-04-20,-0.0,0.0,1.0
2026-04-21,0.0,0.0,1.0
2026-04-22,0.0,0.0,1.0
2026-04-23,0.0,0.0,1.0
2026-04-24,0.0,0.0,1.0
2026-04-27,0.0,0.0,1.0
2026-04-28,-0.0,0.0,1.0
2026-04-29,0.0,0.0,1.0
2026-04-30,0.0,0.0,1.0
2026-05-01,-0.0,0.0,1.0
2026-05-04,0.0,0.0,1.0
2026-05-05,0.0,0.0,1.0
2026-05-06,-0.0,0.0,1.0
2026-05-07,0.0,0.0,1.0
2026-05-08,0.0,0.0,1.0
2026-05-11,0.0,0.0,1.0
2026-05-12,0.0,0.0,1.0
2026-05-13,-0.0,0.0,1.0
2026-05-14,-0.0,0.0,1.0
2026-05-15,0.0,0.0,1.0
2026-05-18,-0.0,0.0,1.0
2026-05-19,-0.0,0.0,1.0
2026-05-20,0.0,0.0,1.0
2026-05-21,-0.0,0.0,1.0
2026-05-22,0.0,0.0,1.0
2026-05-26,-0.0,0.0,1.0
2026-05-27,0.0,0.0,1.0
2026-05-28,0.0,0.0,1.0
2026-05-29,-0.0,0.0,1.0
2026-06-01,-0.0,0.0,1.0
2026-06-02,0.0,0.0,1.0
2026-06-03,-0.0,0.0,1.0
2026-06-04,-0.0,0.0,1.0
2026-06-05,0.0,0.0,1.0
2026-06-08,0.0,0.0,1.0
2026-06-09,0.0,0.0,1.0
2026-06-10,0.0,0.0,1.0
2026-06-11,0.0,0.0,1.0
2026-06-12,-0.0,0.0,1.0
2026-06-15,-0.0,0.0,1.0
2026-06-16,0.0,0.0,1.0
2026-06-17,0.0,0.0,1.0
2026-06-18,0.0,0.0,1.0
2026-06-22,0.0,0.0,1.0
2026-06-23,0.0,0.0,1.0
2026-06-24,0.0,0.0,1.0
2026-06-25,0.0,0.0,1.0
2026-06-26,-0.0,0.0,1.0
2026-06-29,0.0,0.0,1.0
2026-06-30,-0.0,0.0,1.0
2026-07-01,-0.0,0.0,1.0
2026-07-02,-0.0,0.0,1.0
2026-07-06,0.0,0.0,1.0
2026-07-07,-0.0,0.0,1.0
2026-07-08,0.0,0.0,1.0
2026-07-09,-0.0,0.0,1.0
2026-07-10,-0.0,0.0,1.0
2026-07-13,0.0,0.0,1.0
2026-07-14,0.0,0.0,1.0
2026-07-15,0.0,0.0,1.0
2026-07-16,0.0,0.0,1.0
2026-07-17,-0.0,0.0,1.0
2026-07-20,-0.0,0.0,1.0
2026-07-21,-0.0,0.0,1.0
2026-07-22,-0.0,0.0,1.0
2026-07-23,-0.0,0.0,1.0
2026-07-24,-0.0,0.0,1.0
2026-07-27,0.0,0.0,1.0
2026-07-28,0.0,0.0,1.0
2026-07-29,-0.0,0.0,1.0
2026-07-30,-0.0,0.0,1.0
2026-07-31,-0.0,0.0,1.0
2026-08-03,-0.0,0.0,1.0
2026-08-04,-0.0,0.0,1.0
2026-08-05,0.0,0.0,1.0
2026-08-06,0.0,0.0,1.0
2026-08-07,0.0,0.0,1.0
2026-08-10,0.0,0.0,1.0
2026-08-11,-0.0,0.0,1.0
2026-08-12,0.0,0.0,1.0
2026-08-13,0.0,0.0,1.0
2026-08-14,0.0,0.0,1.0
2026-08-17,0.0,0.0,1.0
2026-08-18,0.0,0.0,1.0
2026-08-19,-0.0,0.0,1.0
2026-08-20,-0.0,0.0,1.0
2026-08-21,0.0,0.0,1.0
2026-08-24,-0.0,0.0,1.0
2026-08-25,0.0,0.0,1.0
2026-08-26,0.0,0.0,1.0
2026-08-27,0.0,0.0,1.0
2026-08-28,0.0,0.0,1.0
2026-08-31,-0.0,0.0,1.0
2026-09-01,-0.0,0.0,1.0
2026-09-02,-0.0,0.0,1.0
2026-09-03,-0.0,0.0,1.0
2026-09-04,0.0,0.0,1.0
2026-09-08,-0.0,0.0,1.0
2026-09-09,-0.0,0.0,1.0
