date,ret,pos,gear
2012-01-03,-0.0,0.0,0.0
2012-01-04,-6.695461178910356e-05,0.13181689195979762,0.4489546911153944
2012-01-05,-0.005803584162205133,0.046250278634312865,0.23565533400908334
2012-01-06,0.0033252118402723554,0.0669702771096629,0.22809383248734913
2012-01-09,0.0021083777804750824,0.03870368919573656,0.1972038023147913
2012-01-10,-0.00035624979950062477,0.038446942634448825,0.195895622160152
2012-01-11,0.0013851186319445209,0.0,0.19541261717407
2012-01-12,0.0,0.0,0.19541261717407
2012-01-13,0.0,0.0,0.19541261717407
2012-01-17,-1.5945897116299224e-05,0.031393484947714094,0.19541261717407
2012-01-18,0.0023698840027415327,0.0,0.19093011507170757
2012-01-19,0.0,0.0,0.19093011507170757
2012-01-20,0.0,0.0,0.19093011507170757
2012-01-23,-0.0,0.0,0.19093011507170757
2012-01-24,0.0,0.0,0.19093011507170757
2012-01-25,0.0,0.0,0.19093011507170757
2012-01-26,0.0,0.0,0.19093011507170757
2012-01-27,0.0,0.0,0.19093011507170757
2012-01-30,-0.0,0.0,0.19093011507170757
2012-01-31,0.0,0.0,0.19093011507170757
2012-02-01,0.0,0.0,0.19093011507170757
2012-02-02,0.0,0.0,0.21621054758284683
2012-02-03,0.0,0.0,0.32322264572555226
2012-02-06,0.0,0.0,0.3478798556955256
2012-02-07,-0.0,0.0,0.7920170940210443
2012-02-08,0.0,0.0,1.0
2012-02-09,0.0,0.0,1.0
2012-02-10,-0.0,0.0,1.0
2012-02-13,-0.0,0.0,1.0
2012-02-14,-0.0,0.0,1.0
2012-02-15,-0.0,0.0,0.0
2012-02-16,0.0,0.0,0.0
2012-02-17,-0.0,0.0,0.0
2012-02-21,-0.0,0.0,0.0
2012-02-22,0.0,0.0,0.0
2012-02-23,-0.0,0.0,0.0
2012-02-24,-0.0,0.0,0.0
2012-02-27,0.0,0.0,0.0
2012-02-28,-0.0,0.0,0.0
2012-02-29,-3.52523918613851e-05,0.0694031464771019,1.0
2012-03-01,0.02103567344464507,0.0,1.0
2012-03-02,-0.0,0.0,1.0
2012-03-05,-0.0,0.0,1.0
2012-03-06,0.0,0.0,1.0
2012-03-07,0.0,0.0,1.0
2012-03-08,0.0,0.0,1.0
2012-03-09,-0.0,0.0,1.0
2012-03-12,0.0,0.0,1.0
2012-03-13,0.0,0.0,1.0
2012-03-14,0.0,0.0,1.0
2012-03-15,-0.0,0.0,1.0
2012-03-16,0.0,0.0,1.0
2012-03-19,-0.0,0.0,1.0
2012-03-20,0.0,0.0,1.0
2012-03-21,-0.0,0.0,1.0
2012-03-22,0.0,0.0,1.0
2012-03-23,0.0,0.0,1.0
2012-03-26,0.0,0.0,1.0
2012-03-27,-0.0,0.0,1.0
2012-03-28,0.0,0.0,1.0
2012-03-29,0.0,0.0,0.0
2012-03-30,-0.0,0.0,0.0
2012-04-02,-0.0,0.0,0.0
2012-04-03,0.0,0.0,0.0
2012-04-04,-0.0,0.0,0.0
2012-04-05,-0.0,0.0,0.0
2012-04-09,-0.0,0.0,0.0
2012-04-10,-0.0,0.0,0.0
2012-04-11,-0.0,0.0,0.0
2012-04-12,0.0,0.0,0.0
2012-04-13,0.0,0.0,0.0
2012-04-16,-0.0,0.0,0.0
2012-04-17,-0.0,0.0,0.0
2012-04-18,-5.603635183245597e-05,0.11032156767014768,1.0
2012-04-19,-0.002817651228089488,0.11032156767014768,1.0
2012-04-20,-0.003037043975353375,0.07970458406870068,1.0
2012-04-23,0.0028933937809551133,0.07454286265942273,1.0
2012-04-24,-0.00305483194182252,0.07970458406870068,1.0
2012-04-25,-0.0005546041806273976,0.0694031464771019,1.0
2012-04-26,0.001704183294399318,0.0694031464771019,1.0
2012-04-27,0.000146866212297738,0.0694031464771019,1.0
2012-04-30,-0.0011016942129574829,0.0694031464771019,1.0
2012-05-01,-0.008341305278066721,0.0,1.0
2012-05-02,-0.000104461015268705,0.20565762381026298,0.7004485813655984
2012-05-03,0.007871466162427964,0.20621134928453438,0.7023345130210046
2012-05-04,0.005911954694643286,0.09566233461875003,0.48742061847699736
2012-05-07,0.0003673692237810326,0.07369831369060577,0.4587442389267304
2012-05-08,0.004026618197953825,0.07363383634432856,0.458342891736208
2012-05-09,0.002874657058547973,0.028545820517894116,0.4113044143800052
2012-05-10,-0.0008589696407082113,0.030454990210761666,0.4085567568005379
2012-05-11,0.00042923806664867787,0.028105890335745117,0.4049656501527357
2012-05-14,-0.0002921487334339016,0.028099369881304896,0.4048716997373555
2012-05-15,0.0004252323525866284,0.02806042744910071,0.40431059502984723
2012-05-16,2.349708625970582e-05,0.02947575067659381,0.42470337690408194
2012-05-17,-0.001686054398233171,0.029506671984670642,0.42514890869401356
2012-05-18,0.0011292331880961661,0.1232581557604923,0.41980452144010594
2012-05-21,0.00323337357405969,0.05939034089000253,0.36968249837521266
2012-05-22,0.0017573341355487907,0.05897457736371236,0.3670945270514429
2012-05-23,-0.0015557913097391093,0.02582392943035697,0.3720858598086332
2012-05-24,-0.0004750440111958073,0.059296877266465424,0.3691007225285242
2012-05-25,0.0007338758417332782,0.07100534382411552,0.3617878315415763
2012-05-29,0.0004993594656731032,0.07107546882089247,0.3621451338114397
2012-05-30,0.0015454222352950507,0.07161235535833968,0.364880688710632
2012-05-31,-0.0002758845691440496,0.06702176679721315,0.41718524971937704
2012-06-01,-0.0057829192659047,0.03347083231004379,0.4199361015571437
2012-06-04,-0.00044727886827078297,0.06832458648724657,0.4252948114886217
2012-06-05,0.00040190801276268574,0.08441836282055604,0.4301301110912469
2012-06-06,-0.00011539937002627318,0.08444485949748834,0.4302651174833593
2012-06-07,-4.192914952884208e-05,0.09285933364653993,0.47313871251148604
2012-06-08,0.0025352075247231662,0.0935155639476297,0.4764823501144704
2012-06-11,0.00027798770172442406,0.07489792098045851,0.46621134238726175
2012-06-12,-0.0025723593956875047,0.07487827370928876,0.46608904552579494
2012-06-13,0.0017726730854176016,0.1290465535006351,0.43951920505039344
2012-06-14,-0.002100448409647158,0.08163985648985442,0.4159730107073787
2012-06-15,0.002405095978384054,0.08000098105193702,0.4076225801775358
2012-06-18,-0.002183858293235381,0.06568684300751752,0.40887585202406496
2012-06-19,-0.002447750691271723,0.0,0.46642872221189097
2012-06-20,-5.352764789687711e-05,0.1053825567969768,0.4392227161749937
2012-06-21,0.005944643205418226,0.10916723010322628,0.45499681143260257
2012-06-22,-0.0034302204282942966,0.0713999560194333,0.3637984674001607
2012-06-25,0.0068933133589100856,0.10348604638146094,0.3524627632861501
2012-06-26,0.0012784889246600273,0.01683327680568473,0.2258201014172735
2012-06-27,-0.0007708521115808266,0.016830805429527685,0.22578694765755897
2012-06-28,0.001035456835079926,0.03606269476736879,0.22447668930601816
2012-06-29,-0.0026625921719147998,0.01630879142132867,0.21878407723408144
2012-07-02,-0.0011337032069782455,0.0,0.22056369027565417
2012-07-03,-7.667553993330202e-06,0.015095496924368835,0.21750450362289087
2012-07-05,0.0009307675281453833,0.015083127652133817,0.21732628011483857
2012-07-06,0.0003084751077799323,0.017303864464275943,0.21709999075286593
2012-07-09,0.00013471048087073154,0.017327089661956757,0.21739138174313566
2012-07-10,0.0007970343673985227,0.017400313234562325,0.2183100688357432
2012-07-11,-0.0004215416008161189,0.022706080010981223,0.2181336555675624
2012-07-12,0.0007341668192971929,0.024384010514049197,0.22102668615945853
2012-07-13,-0.00044930701245985766,0.023217679522426427,0.22304850971958468
2012-07-16,0.00024070967977165384,0.024709650473864236,0.22397842050018757
2012-07-17,-0.0007241077087068359,0.0248642697462656,0.22537995308956904
2012-07-18,0.0007744574976079882,0.018051521722849885,0.22648034531226624
2012-07-19,-0.0001651070172762169,0.02584753211140429,0.2342926470070319
2012-07-20,0.000880653808403476,0.02575573116129819,0.2334605254913136
2012-07-23,0.00012131398772172053,0.02579037933679584,0.24776402269738546
2012-07-24,-0.0016300751199004302,0.026558421075852098,0.2551424760494297
2012-07-25,-0.000961252305912221,0.03434985513270969,0.4608067614689014
2012-07-26,0.0005778247982924601,0.03163441324557453,0.455806614704589
2012-07-27,0.0017065764443890226,0.03220847179086567,0.4640779766590579
2012-07-30,0.001670652028067016,0.06040589501576785,0.5475438419836134
2012-07-31,0.001140325854863881,0.050725120714027454,0.548232393823169
2012-08-01,-0.004766751734432503,0.0,0.6010640760607788
2012-08-02,-2.8242493889099094e-05,0.05560240984416384,0.6009456817866802
2012-08-03,-0.0025000532442252476,0.0,0.5511588522756173
2012-08-06,-0.0,0.0,0.5506566221497491
2012-08-07,-2.5836385076038017e-05,0.05086538311844984,0.5497483368639633
2012-08-08,0.0004074021431982897,0.0,0.549101538311936
2012-08-09,0.0,0.0,0.5635978651775274
2012-08-10,0.0,0.0,0.5724607727041828
2012-08-13,-0.0,0.0,0.5828040273874175
2012-08-14,-0.0,0.0,0.5817241281361668
2012-08-15,0.0,0.0,0.6084333013962115
2012-08-16,-0.0,0.0,0.6109786564752709
2012-08-17,-0.0,0.0,0.6159009194629947
2012-08-20,0.0,0.0,0.6303517136306844
2012-08-21,0.0,0.0,0.6294163076431464
2012-08-22,0.0,0.0,0.7719755380234842
2012-08-23,0.0,0.0,0.823660481439289
2012-08-24,-0.0,0.0,0.8179125038987185
2012-08-27,0.0,0.0,0.8455147798703774
2012-08-28,-0.0,0.0,0.9860194424092023
2012-08-29,0.0,0.0,0.9929202335005277
2012-08-30,0.0,0.0,0.9929202335005277
2012-08-31,-0.0,0.0,1.0
2012-09-04,-0.0,0.0,1.0
2012-09-05,-0.0,0.0,1.0
2012-09-06,0.0,0.0,0.0
2012-09-07,0.0,0.0,0.0
2012-09-10,0.0,0.0,0.0
2012-09-11,0.0,0.0,0.0
2012-09-12,-0.0,0.0,0.0
2012-09-13,-0.0,0.0,0.0
2012-09-14,0.0,0.0,0.0
2012-09-17,-0.0,0.0,1.0
2012-09-18,-5.287238670115518e-05,0.10409251131789925,1.0
2012-09-19,0.000553223735347395,0.11032156767014768,1.0
2012-09-20,0.01004653240729832,0.11032156767014768,1.0
2012-09-21,0.0012410534245648661,0.0,0.7733425713339479
2012-09-24,-0.0,0.0,0.7733425713339479
2012-09-25,0.0,0.0,0.7733425713339479
2012-09-26,0.0,0.0,0.7733425713339479
2012-09-27,0.0,0.0,0.7733425713339479
2012-09-28,0.0,0.0,0.7733425713339479
2012-10-01,-0.0,0.0,0.7733425713339479
2012-10-02,-0.0,0.0,0.7733425713339479
2012-10-03,0.0,0.0,0.7733425713339479
2012-10-04,0.0,0.0,0.7733425713339479
2012-10-05,0.0,0.0,0.7733425713339479
2012-10-08,-0.0,0.0,0.7733425713339479
2012-10-09,-0.0,0.0,0.7733425713339479
2012-10-10,0.0,0.0,0.7733425713339479
2012-10-11,-0.0,0.0,0.7733425713339479
2012-10-12,-0.0,0.0,0.7733425713339479
2012-10-15,-0.0,0.0,0.8114254697166169
2012-10-16,-0.0,0.0,0.8114254697166169
2012-10-17,-3.8742816993961906e-05,0.0762749209568625,0.8243722620316977
2012-10-18,-0.0022612380115003368,0.0793462936625474,0.7192273944092802
2012-10-19,-0.00010660203351747103,0.07454286265942273,1.0
2012-10-22,-0.0018288776632501243,0.07454286265942273,1.0
2012-10-23,0.0008655649886970028,0.0694031464771019,1.0
2012-10-24,0.0016731914667179682,0.0694031464771019,1.0
2012-10-25,0.004208693209921571,0.07454286265942273,1.0
2012-10-26,0.0020020820883289684,0.11032156767014768,1.0
2012-10-31,0.00464693930938211,0.09834525250994729,0.9447870097936268
2012-11-01,-0.014836018760225419,0.0,0.84393624131119
2012-11-02,-3.96622604345151e-05,0.07808507523045159,0.84393624131119
2012-11-05,0.002434116599561056,0.08598483006916267,0.8260424211167738
2012-11-06,0.00032396707732050084,0.07294872511277839,0.7884230462534366
2012-11-07,-0.00018724907077030044,0.07297512750084237,0.7887084008116361
2012-11-08,-0.0005360049744807396,0.0820232813073283,0.7879844598698234
2012-11-09,0.006045984296343792,0.08164557913730039,0.7843559359227508
2012-11-12,-0.0006474350010262891,0.0,0.6416782200764082
2012-11-13,-0.0,0.0,0.6416782200764082
2012-11-14,-3.392705898958881e-05,0.06679389738575296,0.6416782200764082
2012-11-15,0.0025239471455745267,0.06687714121336512,0.6424779301281518
2012-11-16,-0.0014570491331105258,0.0,0.6238039106927606
2012-11-19,-3.722012550995781e-05,0.07327712209772944,0.7039615162510644
2012-11-20,0.0020497883910294617,0.07857725600073998,0.7548790494713351
2012-11-21,0.0022348582910078616,0.07839260555217054,0.7531051423359263
2012-11-23,-0.002561244473295698,0.0,0.7848726382124929
2012-11-26,-4.111829387678389e-05,0.08095164106991828,0.7776893846156849
2012-11-27,0.0005296870967649454,0.08282262071127225,0.7507382505559114
2012-11-28,0.0019285006142232156,0.08652905369607124,0.7843348814149008
2012-11-29,0.0010145175989878443,0.08214458597390431,0.7891498142746713
2012-11-30,-0.004126781480994935,0.086596993372094,0.8319233754254058
2012-12-03,-0.002700961091471587,0.0,0.7040726088199384
2012-12-04,-3.819888820192851e-05,0.07520406114754676,0.7224733095147741
2012-12-05,-0.002439802305224416,0.054211337448445814,0.6801533196850864
2012-12-06,-0.00033697704439015797,0.04910647333100758,0.6587682788004678
2012-12-07,-7.644073004989657e-05,0.045670270838109636,0.6580432322787784
2012-12-10,0.00018139621505503084,0.04583698845461895,0.6604453945001167
2012-12-11,0.0008177501931203172,0.05780653879363057,0.8329094821760367
2012-12-12,0.0011141242532737806,0.05739384757184272,0.8269631923788731
2012-12-13,-0.0013042443008707755,0.06119568585111108,0.8209462806748745
2012-12-14,0.0027207869483013604,0.12978432901301942,0.8078585554567874
2012-12-17,-0.004452322820987264,0.05163613263827581,0.692703912837303
2012-12-18,0.0014362995918936097,0.10840345359201174,0.6747706606133039
2012-12-19,0.0015257571420862798,0.04409747999591384,0.6353815674691762
2012-12-20,-2.1847170151523063e-06,0.048320574084454074,0.648225361363232
2012-12-21,0.0007004786964749695,0.04956186646262639,0.6648774234639812
2012-12-24,0.00035597133184919885,0.049416944182269044,0.6629332764968935
2012-12-26,0.00023900832927756954,0.04977992070523121,0.6678026430601359
2012-12-27,0.0009427610440880904,0.049816072576342706,0.6682876240472047
2012-12-28,-0.0015516215789975049,0.05403730415687566,0.6779698406091508
2012-12-31,-0.0012535561356905064,0.0461918794604459,0.6655588659180739
2013-01-02,-0.0,0.0,0.7318626251759538
2013-01-03,-9.260610369571394e-05,0.1823182666509368,0.5515407012988658
2013-01-04,-0.00759237438785764,0.1887776106310889,0.5710812068893701
2013-01-07,0.0029566634680830883,0.0,0.45355172046330217
2013-01-08,0.0,0.0,0.4533453926299923
2013-01-09,-7.61066389857176e-05,0.1498349455031315,0.4532736759728835
2013-01-10,-0.0027702413527706813,0.14945811048008525,0.45213369226909567
2013-01-11,-0.009834687963106681,0.0,0.4426286709222789
2013-01-14,0.0,0.0,0.445628757213216
2013-01-15,-0.0,0.0,0.4453076427152549
2013-01-16,-0.0,0.0,0.5007972939014038
2013-01-17,0.0,0.0,0.5009250955902225
2013-01-18,0.0,0.0,0.5357391658328071
2013-01-22,0.0,0.0,0.5403522284738586
2013-01-23,0.0,0.0,0.5403540824616425
2013-01-24,-9.163387382673566e-05,0.1804041890963858,0.5457503233177132
2013-01-25,3.400326655167285e-05,0.17687900569487627,0.5350861032086105
2013-01-28,0.007660800276980581,0.1772720451200438,0.5362751077125313
2013-01-29,0.0040517823373221705,0.14532907755259564,0.40892872118818346
2013-01-30,0.008484508703869187,0.09421466449000952,0.3840068296117492
2013-01-31,0.0009087742335577178,0.06502532643767703,0.33402641940659294
2013-02-01,0.0022296056975953174,0.07159854652760426,0.3677921733196358
2013-02-04,0.0008455952937641456,0.03717944888385694,0.3603896354067519
2013-02-05,0.0010442641272278448,0.04521370015336736,0.438267629102411
2013-02-06,1.064372032251601e-05,0.043173945196909175,0.43994827136854125
2013-02-07,-0.00020389387046993379,0.04317889658825967,0.4399987267081121
2013-02-08,0.0035034004312265612,0.04388529353376501,0.4471970059864519
2013-02-11,-0.003753951865888635,0.05408329252399292,0.47163150161954664
2013-02-12,0.0007362836309181628,0.0418828364973443,0.4059807401188317
2013-02-13,-0.00022842628635572084,0.04207147229788734,0.4078092338007777
2013-02-14,0.0028676135886826805,0.04195497787943083,0.40668002445919726
2013-02-15,0.0024242353501358798,0.04618577934257258,0.40276150818930107
2013-02-19,-0.00236276670619274,0.03635007721058629,0.40158886093111
2013-02-20,0.00014764889655100445,0.0442149123638491,0.38557463014826154
2013-02-21,0.00017535176082440236,0.044306666954202205,0.38637477291341443
2013-02-22,0.0014109240329122689,0.044395576133649715,0.38715010237014064
2013-02-25,-0.0007729454381552208,0.0399217605328486,0.38712597343681265
2013-02-26,-0.0032135264373961366,0.04389411095808682,0.3827770924677624
2013-02-27,-0.0055626209870575805,0.0,0.3846675371349328
2013-02-28,0.0,0.0,0.27637644803194
2013-03-01,-5.474668169355047e-05,0.10778252958417749,0.3032797890933702
2013-03-04,-0.0014566126714834317,0.0,0.1261281706117406
2013-03-05,0.0,0.0,0.12620684784322433
2013-03-06,-0.0,0.0,0.12615528621924227
2013-03-07,-0.0,0.0,0.12609224444177422
2013-03-08,0.0,0.0,0.1260909295616047
2013-03-11,-0.0,0.0,0.12611676860439705
2013-03-12,-5.811905102716008e-06,0.01144218817097214,0.12641115691500918
2013-03-13,-0.00017448975709483992,0.014651187806856307,0.1277651818774194
2013-03-14,-0.0001905749947048444,0.01201462083313288,0.1275933797475055
2013-03-15,0.00011416066975196442,0.012010413561891406,0.12754869918998563
2013-03-18,-0.0004786294278631706,0.012034279893487519,0.12780215587021018
2013-03-19,-0.00055477392844083,0.0,0.12775190395186026
2013-03-20,-2.3059180860260335e-05,0.045397762318637534,0.12774077426485378
2013-03-21,-0.000909673605253983,0.02446869639916326,0.1256924262209283
2013-03-22,-0.001133752189621131,0.030755802309144674,0.12535668625294244
2013-03-25,-0.0010487423481242801,0.0,0.12371286569492822
2013-03-26,-0.0,0.0,0.12236291350297959
2013-03-27,0.0,0.0,0.12336347994120002
2013-03-28,0.0,0.0,0.13081346495143328
2013-04-01,0.0,0.0,0.13081346495143328
2013-04-02,-0.0,0.0,0.4231988327747001
2013-04-03,-7.639391949018298e-05,0.15040052899629774,0.4231988327747001
2013-04-04,0.0009016378727439385,0.0,0.3292408683071711
2013-04-05,-0.0,0.0,0.3292408683071711
2013-04-08,0.0,0.0,0.3292408683071711
2013-04-09,0.0,0.0,0.3292408683071711
2013-04-10,-0.0,0.0,0.3292408683071711
2013-04-11,-0.0,0.0,0.3283962460718022
2013-04-12,0.0,0.0,0.3276484725420362
2013-04-15,0.0,0.0,0.3270441867326129
2013-04-16,0.0,0.0,0.32783552016602885
2013-04-17,-0.0,0.0,0.3278327109648849
2013-04-18,0.0,0.0,0.3290326864558891
2013-04-19,0.0,0.0,0.40779117832714706
2013-04-22,-0.0,0.0,0.4069448464827819
2013-04-23,-0.0,0.0,0.4414437386690346
2013-04-24,-0.0,0.0,0.49156199682478374
2013-04-25,0.0,0.0,0.49156199682478374
2013-04-26,0.0,0.0,0.49156199682478374
2013-04-29,-0.0,0.0,0.49156199682478374
2013-04-30,-0.0,0.0,0.49156199682478374
2013-05-01,-0.0,0.0,0.49156199682478374
2013-05-02,-0.0,0.0,0.0
2013-05-03,0.0,0.0,0.0
2013-05-06,0.0,0.0,0.0
2013-05-07,-0.0,0.0,0.0
2013-05-08,-0.0,0.0,0.0
2013-05-09,0.0,0.0,0.0
2013-05-10,-0.0,0.0,0.0
2013-05-13,-0.0,0.0,0.0
2013-05-14,0.0,0.0,0.0
2013-05-15,0.0,0.0,0.0
2013-05-16,-0.00016860382860149658,0.33193878755919637,0.9340133866893446
2013-05-17,0.0029638086132837724,0.33085235249077144,0.9309563625158842
2013-05-20,-0.006958226777292221,0.32171352623517957,0.9052414223484033
2013-05-21,-0.018242039868610508,0.2409755854697765,0.7289880813773213
2013-05-22,0.003374405175978782,0.0,0.4268915374500706
2013-05-23,-7.167696217310025e-05,0.14111401927829112,0.4268915374500706
2013-05-24,0.0020307079778565983,0.14077397428851973,0.42586284923590084
2013-05-28,0.0012462065141453497,0.137279751576851,0.4152922899590403
2013-05-29,-0.00017543068436510839,0.14624687518013318,0.4115112312849853
2013-05-30,-0.003421467542967201,0.1462456277818537,0.41150772134057617
2013-05-31,-3.055941953949288e-05,0.12910084628169283,0.39054984782632074
2013-06-03,-0.0037987510192694068,0.13880387106360623,0.3905680160218991
2013-06-04,0.008304898142521888,0.1297426448162496,0.3650714276988408
2013-06-05,-0.0022356106569712876,0.06928880766070016,0.2824122497425566
2013-06-06,-4.139700362548488e-05,0.06883728584469424,0.2805719050148698
2013-06-07,-0.0010596724940777464,0.06883921845449223,0.2805797820833221
2013-06-10,-0.0014315674229334705,0.06852315053389235,0.2792915299753458
2013-06-11,-0.0018556651556385655,0.09846990705170032,0.2770758188539256
2013-06-12,-0.0013144530546762433,0.09572739796140006,0.26935891351034374
2013-06-13,0.004738855348604151,0.09537790255557387,0.2683754990982215
2013-06-14,0.0005500504646245103,0.061114833575833784,0.24909618487464022
2013-06-17,-0.0029963102116659555,0.060994287582649284,0.24860485494298096
2013-06-18,0.0003360027901737832,0.08583409566423136,0.24152101950564836
2013-06-19,0.0024851299864532056,0.08642195434289014,0.24317514338609691
2013-06-20,-0.005329128565238782,0.0,0.26073330879693396
2013-06-21,-4.3782540091305435e-05,0.08619687580475757,0.24254181466540684
2013-06-24,-0.00709401159224674,0.08411402188788489,0.23668105505011033
2013-06-25,-0.0003665922921641068,0.0,0.1968028051650376
2013-06-26,-3.320745281580171e-05,0.06537717273110961,0.19777596814305826
2013-06-27,-0.0019797249776399243,0.06525017049199185,0.19739176690356508
2013-06-28,0.0016759323740742108,0.0,0.19648048546926836
2013-07-01,-3.5466073125075374e-05,0.06982383146499213,0.19647114390514833
2013-07-02,0.0001170218910425195,0.0,0.17557784420404607
2013-07-03,-3.298245018784218e-05,0.0649341988073143,0.1964359041271199
2013-07-05,0.0005741416058425405,0.0628867589048555,0.190242084602544
2013-07-08,-0.0011925944857890836,0.06720553398076112,0.18910374668535018
2013-07-09,0.002665378208185375,0.06240832833819464,0.18879475880735008
2013-07-10,-0.0007945789761908317,0.06394501328261028,0.17992925399637064
2013-07-11,0.005029373657256903,0.06441130767913632,0.18124131882523875
2013-07-12,0.006374704203939763,0.03894149153259971,0.15872050051584152
2013-07-15,-0.001508707772635986,0.015772036579114412,0.1528822691838497
2013-07-16,0.0010998103592688652,0.015763507524220236,0.15279959493568432
2013-07-17,-0.0006020835488059514,0.015131994089226908,0.15419704202503498
2013-07-18,-0.0008169519325261257,0.015891854605872342,0.15404369508645893
2013-07-19,0.00015100790408887073,0.030358487791927534,0.15594749817143067
2013-07-22,-0.0015743932107327816,0.0,0.1600549902664286
2013-07-23,-1.9954155535363278e-05,0.039284743710246456,0.16011955215190007
2013-07-24,0.002603600294623067,0.04453051275716991,0.18150063068663425
2013-07-25,-0.002788451831608547,0.017987096808523142,0.17435339832764982
2013-07-26,0.0010073175101335638,0.04272199025821178,0.17412932607215914
2013-07-29,-0.0013234868533761922,0.0179188200237183,0.17369157448890957
2013-07-30,0.0012463070048504517,0.03368718455724697,0.1730465689907925
2013-07-31,-0.0011244011263520093,0.02015222537960607,0.20535386978305722
2013-08-01,-0.002357332663254573,0.0,0.20367566854629698
2013-08-02,-3.269928136717454e-05,0.06437671019162487,0.19474941561605824
2013-08-05,-0.003325173023540185,0.0,0.19230834867349322
2013-08-06,-0.0,0.0,0.19545865507502297
2013-08-07,-0.0,0.0,0.19966878177281183
2013-08-08,0.0,0.0,0.2014457139124387
2013-08-09,-0.0,0.0,0.23910439930161537
2013-08-12,0.0,0.0,0.294554371104636
2013-08-13,0.0,0.0,0.2966685932101152
2013-08-14,0.0,0.0,0.3042394652511674
2013-08-15,-5.140001524478906e-05,0.10119378001317847,0.30612669493183126
2013-08-16,-0.00230604396013961,0.1026725956213022,0.31060033881063065
2013-08-19,-0.003972169438114466,0.0,0.30293052491439426
2013-08-20,0.0,0.0,0.31830426090761704
2013-08-21,-5.759650868829572e-05,0.11339312648008221,0.31906695469286545
2013-08-22,-0.0030117892619982,0.028098020657230608,0.2723610952906691
2013-08-23,0.00019809563082672567,0.05386106262129306,0.27667708688964665
2013-08-26,-0.0035016499736487032,0.05817949011661469,0.29886027231527906
2013-08-27,0.0010605111563165885,0.09945096221846846,0.27983632378189754
2013-08-28,0.006471443483033514,0.07325488213043087,0.2985774581139868
2013-08-29,0.000680414272752311,0.027733260180011154,0.26882538135885264
2013-08-30,-0.0011885056170752091,0.028164142059664752,0.2869963714739368
2013-09-03,-0.007360677083044029,0.0,0.28845252482460865
2013-09-04,0.0,0.0,0.22448381979212184
2013-09-05,-3.7691818291419984e-05,0.07420576726123308,0.22448381979212184
2013-09-06,-0.005201440982296184,0.0,0.18174790530530757
2013-09-09,-0.0,0.0,0.18174790530530757
2013-09-10,-0.0,0.0,0.18174790530530757
2013-09-11,-0.0,0.0,0.18174790530530757
2013-09-12,0.0,0.0,0.18174790530530757
2013-09-13,0.0,0.0,0.18174790530530757
2013-09-16,-0.0,0.0,0.18164439298558405
2013-09-17,-0.0,0.0,0.18265796715808594
2013-09-18,0.0,0.0,0.18265796715808594
2013-09-19,-0.0,0.0,0.18265796715808594
2013-09-20,0.0,0.0,0.21146917166389603
2013-09-23,-0.0,0.0,0.21112604578970087
2013-09-24,0.0,0.0,0.21161032731773782
2013-09-25,0.0,0.0,0.2168322322598007
2013-09-26,-3.9860276902959134e-05,0.0784749201527008,0.22081368218810107
2013-09-27,-0.004769304695787164,0.049817666734129865,0.20305038886230373
2013-09-30,-0.0033251768351086957,0.0,0.19691885471507475
2013-10-01,-2.2707252554618587e-05,0.044704903466905345,0.1822114247431831
2013-10-02,-0.0035899731365567015,0.07113727557440987,0.20016692887166312
2013-10-03,0.007016732488417814,0.05910514554421966,0.17880212456299668
2013-10-04,-0.0070688400195718475,0.0,0.1690269428994341
2013-10-07,-2.5647371731187807e-05,0.050493263095775995,0.15274986017737752
2013-10-08,-4.732168694758823e-05,0.03155857429346503,0.12862868139582895
2013-10-09,0.0037111849182629823,0.031559056430862376,0.1286306465257203
2013-10-10,0.0036200664135522934,0.012411154869410742,0.12030440774784458
2013-10-11,-0.0003351018016398804,0.011232049942124036,0.11928260021791143
2013-10-14,-0.0004141634339813046,0.01122072346790086,0.11916231484671
2013-10-15,0.0006940343665648658,0.011675890050795232,0.11897887999599013
2013-10-16,0.00037038884832044626,0.011186033632280509,0.11879391425952876
2013-10-17,-0.0004937361043584642,0.013622680328122121,0.11879611760665326
2013-10-18,0.001208228999482495,0.011152840705873105,0.11844141061227663
2013-10-21,0.0005664377465865977,0.012174976612710543,0.11806216985064623
2013-10-22,0.00016276672021403634,0.0,0.11799758979506436
2013-10-23,-0.0,0.0,0.11799758979506436
2013-10-24,-6.872945233764487e-06,0.013531110928973834,0.11799758979506436
2013-10-25,-0.0006360539861908131,0.014056712143536479,0.12258107719955745
2013-10-28,0.001124604865734112,0.011744399075191867,0.12472366726503377
2013-10-29,-9.301008935853124e-05,0.013590736015058764,0.1317909540893925
2013-10-30,0.0025397950353759457,0.013844260401766706,0.13424940967061685
2013-10-31,-0.0002245519631403443,0.0,0.14725852865801967
2013-11-01,-0.0,0.0,0.16124652420678984
2013-11-04,-0.0,0.0,0.19467674678664726
2013-11-05,0.0,0.0,0.26659329910903967
2013-11-06,-0.0,0.0,0.2667360208358742
2013-11-07,-0.0,0.0,0.372681312384402
2013-11-08,-1.839947215333239e-05,0.036223960801873144,0.400195550412774
2013-11-11,0.002038963580862774,0.0,0.3952494465005863
2013-11-12,0.0,0.0,0.4049427409880154
2013-11-13,0.0,0.0,0.40787025133658195
2013-11-14,0.0,0.0,0.40653272314125094
2013-11-15,-0.0,0.0,0.42438724199738587
2013-11-18,0.0,0.0,0.43911791034875486
2013-11-19,-0.0,0.0,0.44321734700643206
2013-11-20,0.0,0.0,0.44321734700643206
2013-11-21,0.0,0.0,0.44321734700643206
2013-11-22,0.0,0.0,0.44444413600248506
2013-11-25,-0.0,0.0,0.4672617685422502
2013-11-26,0.0,0.0,0.4866234563512684
2013-11-27,0.0,0.0,0.4883440080213756
2013-11-29,-0.0,0.0,1.0
2013-12-02,-0.0,0.0,1.0
2013-12-03,-0.0,0.0,1.0
2013-12-04,-0.0,0.0,1.0
2013-12-05,-0.0,0.0,1.0
2013-12-06,0.0,0.0,1.0
2013-12-09,-0.0,0.0,1.0
2013-12-10,-0.0,0.0,0.0
2013-12-11,0.0,0.0,0.0
2013-12-12,-0.0,0.0,0.0
2013-12-13,0.0,0.0,0.0
2013-12-16,-4.597620371929325e-05,0.09051565107235858,1.0
2013-12-17,-0.00010737440448096582,0.10312343596693518,1.0
2013-12-18,0.007066105975327904,0.10312343596693518,1.0
2013-12-19,0.0024113799470977353,0.0,1.0
2013-12-20,0.0,0.0,1.0
2013-12-23,0.0,0.0,1.0
2013-12-24,0.0,0.0,1.0
2013-12-26,0.0,0.0,1.0
2013-12-27,-0.0,0.0,1.0
2013-12-30,-0.0,0.0,1.0
2013-12-31,0.0,0.0,1.0
2014-01-02,-0.0,0.0,1.0
2014-01-03,-0.0,0.0,1.0
2014-01-06,-6.726978280065044e-05,0.13243738488878054,1.0
2014-01-07,0.006142016871310062,0.13243738488878054,1.0
2014-01-08,0.003615465046881078,0.0,0.9382777729214842
2014-01-09,-0.0,0.0,0.9382777729214842
2014-01-10,-0.0,0.0,0.9382777729214842
2014-01-13,-0.0,0.0,0.9382777729214842
2014-01-14,-0.0,0.0,0.9382777729214842
2014-01-15,-7.355026382500406e-05,0.14480208190547675,0.957553011905516
2014-01-16,-0.003965816026549456,0.1230141450442584,0.7644496331100874
2014-01-17,0.004731389104729714,0.11242421015133244,0.6986403569439656
2014-01-21,-0.00377627842151864,0.10416640689345108,0.6888357912237104
2014-01-22,0.0007846340114509142,0.10142364935485432,0.6302793187735393
2014-01-23,-0.002201177674126839,0.10098517667919092,0.6275545079323219
2014-01-24,0.007216037910392816,0.07815520856327841,0.6062628739962125
2014-01-27,-0.0031110481740777665,0.07570889119276082,0.5006507906217692
2014-01-28,-0.003841930942557949,0.07523337164558026,0.46752447315230944
2014-01-29,0.006270659036801514,0.04565493015907922,0.42453114422854465
2014-01-30,-0.0006959305592531891,0.06161610439728309,0.38290237584652775
2014-01-31,0.001771626997723357,0.06121132641574313,0.38038695471859213
2014-02-03,-0.009404952440756028,0.0,0.3719540219520729
2014-02-04,-4.72961626416821e-05,0.09311432020081163,0.31568830815137705
2014-02-05,0.00468166418719134,0.06297543820860806,0.27188878380666665
2014-02-06,0.0020407967483819273,0.06548816979604866,0.2559967390072446
2014-02-07,0.0018090457067437655,0.07248361514477966,0.24574340213624377
2014-02-10,-0.005562195028515962,0.050723543830611284,0.2375594252221975
2014-02-11,0.0032664473323654178,0.05529225454711413,0.21614036398485145
2014-02-12,-0.0009679736039547638,0.057910781841031024,0.19633668273249358
2014-02-13,0.0019207696742343156,0.04991249395836949,0.19511059369737246
2014-02-14,0.0037290367197896673,0.056827214242508604,0.19266303058954198
2014-02-18,-0.0029650812189783164,0.029234603680715343,0.17290075577651232
2014-02-19,-0.000682915920352912,0.05020270818999066,0.1702037664983918
2014-02-20,0.0035974841526758613,0.049956269918676785,0.1693682593415222
2014-02-21,-0.0018832904182936017,0.026409300457734423,0.15619120609742926
2014-02-24,-0.0010358267990795637,0.04575977136811079,0.15514074283567397
2014-02-25,0.0005358672242279556,0.03908697462627483,0.1527930628256618
2014-02-26,-0.0007807028139250852,0.04537967023097074,0.15385207440474544
2014-02-27,-0.003305409213216074,0.0,0.15487474088535552
2014-02-28,-1.4078438038526177e-05,0.02771692488834841,0.14756782211617878
2014-03-03,0.005658374201307802,0.0291402943429011,0.1467498094502919
2014-03-04,7.373027108333883e-05,0.02018607077462034,0.11938546974017412
2014-03-05,-6.047215020646792e-05,0.020757411479935896,0.12276452152530604
2014-03-06,-9.975400455624467e-05,0.02740232809105755,0.12833648478506274
2014-03-07,0.00024220463885327425,0.027607933185007403,0.12929941884394067
2014-03-10,0.00020311201556193496,0.02772384134173554,0.12984226488764086
2014-03-11,0.00200099489734107,0.02205361477736039,0.1304305919195676
2014-03-12,0.0012889482577846227,0.014557285219161576,0.1353637149245085
2014-03-13,-0.0006405331619985167,0.017870562945461525,0.1386249112555788
2014-03-14,0.0003211078773630636,0.014889697530578042,0.1384547147010841
2014-03-17,-0.0014554648479876574,0.0,0.13910820945409716
2014-03-18,-1.5701142070570776e-05,0.030911623451436217,0.14477197264313643
2014-03-19,-0.002562143445896594,0.031109605470880083,0.1456992046776425
2014-03-20,0.0027801025912802184,0.03228944512793832,0.13940574635695405
2014-03-21,0.00043702712231047164,0.029844164668124566,0.13977261976158825
2014-03-24,-0.0009867639773037426,0.03005014967853034,0.14073733312703834
2014-03-25,0.00042619964660330556,0.042095043654651824,0.14271610515156358
2014-03-26,-0.0006963430504466138,0.030444975287493688,0.1425864654558354
2014-03-27,0.0004245347658302303,0.04224356268980466,0.14321963374775115
2014-03-28,-0.0007271255156033526,0.0327760455003245,0.15350383553868988
2014-03-31,-0.0014539445259941003,0.045104835840875025,0.15292029502382937
2014-04-01,0.00011792209070567572,0.06369306694456747,0.21594053955760545
2014-04-02,-0.0007213884198793615,0.06367125798992808,0.21586659999623817
2014-04-03,0.0032098305466427414,0.06351311958507469,0.21533045855876365
2014-04-04,-0.0008005348963931577,0.033751362996876026,0.19961399971010257
2014-04-07,0.0004594169325201774,0.042617307617579536,0.19959455388130687
2014-04-08,7.7383987938098e-06,0.03368174233506352,0.1992022457086969
2014-04-09,3.9107011832312857e-05,0.035428885305217026,0.20953528607717062
2014-04-10,-3.8841929400243604e-05,0.03603841454298041,0.21314019439158333
2014-04-11,-0.00039064486663308425,0.036321933098636836,0.21481699401866353
2014-04-14,0.0016595805595257202,0.04597529742878557,0.2153214150035513
2014-04-15,0.0010658954555750784,0.019278228728775826,0.21508109606798334
2014-04-16,0.00023982334372194558,0.02348936741450755,0.21842039821196607
2014-04-17,-0.00018920706392812578,0.02719695865599449,0.25289614807284216
2014-04-21,0.0010782085222371379,0.034483484233813005,0.3206513068305801
2014-04-22,0.0036335164590312425,0.051249935167336884,0.318483651790539
2014-04-23,0.0007482053678524854,0.0,0.280367768943816
2014-04-24,-0.0,0.0,0.28117179128562153
2014-04-25,0.0,0.0,0.2851632373165092
2014-04-28,-0.0,0.0,0.28599371480259617
2014-04-29,-1.9537863775428224e-05,0.03846516930787432,0.2904404171086355
2014-04-30,-0.0008555512947728712,0.0,0.34460803358243713
2014-05-01,-2.311371343081529e-05,0.045505123316917605,0.3435972656446842
2014-05-02,-0.00012522277312097628,0.0398081831049224,0.308798657714763
2014-05-05,-0.0015628050926403474,0.0,0.3566826304346988
2014-05-06,-0.0,0.0,0.3600856476645379
2014-05-07,0.0,0.0,0.36053669996565574
2014-05-08,0.0,0.0,0.36049592198412056
2014-05-09,-0.0,0.0,0.36034143255834117
2014-05-12,-3.096151565474444e-05,0.06095548394527811,0.36050597292050457
2014-05-13,-0.000801977122049643,0.06150617376380168,0.3637628901977503
2014-05-14,0.0017445250475773984,0.08350835651988692,0.39110432114844623
2014-05-15,0.0019250305640955083,0.03402470662238538,0.37960288243757745
2014-05-16,-0.00031332562353215943,0.04076964332164067,0.37910436548294196
2014-05-19,-0.0017404444877399897,0.03396326562883228,0.3789174047195347
2014-05-20,0.0003616342927950937,0.08020593913483515,0.37563772878146656
2014-05-21,-0.0024916545988595664,0.1002873924602105,0.5931247141436128
2014-05-22,0.0026380166647612274,0.16473607657240505,0.5585097243096765
2014-05-23,-0.00044072664007893116,0.08238686122685615,0.48725649671025445
2014-05-27,-0.0028106286001194697,0.0,0.4871700232172606
2014-05-28,0.0,0.0,0.4871700232172606
2014-05-29,-0.0,0.0,0.4941197767155917
2014-05-30,-0.0,0.0,0.4941197767155917
2014-06-02,-3.5444762468575095e-05,0.06978187611000722,0.6488801890217016
2014-06-03,-0.001259550075739816,0.12541540141005816,0.5873724196495193
2014-06-04,-0.003527580009765434,0.16731202433968084,0.5672430382702345
2014-06-05,0.00923885763359376,0.12706099042812408,0.49668816987756276
2014-06-06,-0.004663709485627697,0.06300917098061236,0.372651991536517
2014-06-09,-0.0005749040084024655,0.105762226130102,0.35856888780727236
2014-06-10,-0.0016303667569595227,0.10519674393625499,0.3566517163487867
2014-06-11,0.004812046490538548,0.08985952928394342,0.3512656795426812
2014-06-12,0.005866955300734489,0.05291415776873257,0.3129475593174043
2014-06-13,-0.002851738532067279,0.03805889800084824,0.29522916395829624
2014-06-16,0.0009920565330024168,0.04843915186142749,0.28648125548350634
2014-06-17,0.003149201306775548,0.025396083648187046,0.2833360670077033
2014-06-18,0.0010818678850677466,0.04256503964006683,0.28147580043655507
2014-06-19,0.000945322271988573,0.0,0.2765406814284963
2014-06-20,-0.0,0.0,0.28290107946802767
2014-06-23,0.0,0.0,0.29129772636181034
2014-06-24,0.0,0.0,0.29144962562343446
2014-06-25,-0.0,0.0,0.29144962562343446
2014-06-26,-2.3822048619860928e-05,0.0468996582203512,0.29144962562343446
2014-06-27,0.0005283028785125462,0.04406751867194622,0.29141145400844326
2014-06-30,-0.0012589991034444746,0.04407400783956125,0.2914543658361792
2014-07-01,-0.002052691490091241,0.0,0.2946722916256915
2014-07-02,-2.4455279123861952e-05,0.04814633077510322,0.29919685157656134
2014-07-03,0.00011839410274655281,0.05151628517609873,0.3201388367808798
2014-07-07,-0.0012462758243418524,0.05974842325242856,0.37129600191744017
2014-07-08,-0.002440652408581241,0.04931765592352109,0.38256521054181697
2014-07-09,0.00019366430068917735,0.06286551347418753,0.37180236512443726
2014-07-10,0.000650349372555164,0.0650597184005961,0.38477944168233996
2014-07-11,0.0007907077611685658,0.04009148686247896,0.4472880293460802
2014-07-14,0.0010000473472839902,0.059310734932941034,0.5515122699428787
2014-07-15,-0.00010755135743385552,0.08097946827875128,0.6281711235356912
2014-07-16,-0.006113370154593506,0.0846835594033593,0.6569043707757714
2014-07-17,-0.007771738522751344,0.0,0.5527000099192626
2014-07-18,-0.0,0.0,0.2827631022183949
2014-07-21,-0.0,0.0,0.2827631022183949
2014-07-22,-0.0,0.0,0.2827631022183949
2014-07-23,0.0,0.0,0.2827631022183949
2014-07-24,-2.85199365366993e-05,0.05614862505662674,0.2827631022183949
2014-07-25,0.003959867089073282,0.05236804695372989,0.27881298768061835
2014-07-28,-0.0011160303751553144,0.05332889945230148,0.24976138780696916
2014-07-29,0.004284852128556601,0.07366247894614983,0.24974013989035998
2014-07-30,-0.001159226038421243,0.021469950198958736,0.19964245904516462
2014-07-31,0.001890967963849519,0.01788313125561711,0.19951643512998105
2014-08-01,-0.002256632959409923,0.0,0.1958052847958916
2014-08-04,-1.9360779068347118e-05,0.038116533790808385,0.17851556052639836
2014-08-05,0.0006095735469766976,0.044915091065527775,0.17557547998054296
2014-08-06,0.00365632557741467,0.05171203788719553,0.17532089281715413
2014-08-07,0.002073598222890849,0.016715617398019408,0.15543338158094924
2014-08-08,-0.0009646180571019599,0.019989991996009378,0.1550656727996525
2014-08-11,-0.0004583878804109303,0.013745900968847181,0.15335866631816558
2014-08-12,-0.00020523017044472234,0.025941287118934113,0.15342325819309555
2014-08-13,0.0015655774878351727,0.032726254526548926,0.15327064372640484
2014-08-14,-0.0028087420768657684,0.0,0.15183505424074809
2014-08-15,-2.6145297133550994e-05,0.051473553731678515,0.1745123527406792
2014-08-18,-0.0022951279621976003,0.043831237499235794,0.1713386387404193
2014-08-19,0.007374878779779741,0.031104734835585443,0.16560487845165472
2014-08-20,-0.0016094608394782476,0.0182215695954516,0.14134772787044936
2014-08-21,0.00307333827615052,0.02362987877835689,0.1397530113391058
2014-08-22,-0.00010772460054973103,0.0,0.1277335374400423
2014-08-25,0.0,0.0,0.12923856514673374
2014-08-26,-0.0,0.0,0.1300192740890155
2014-08-27,-0.0,0.0,0.13827709326826296
2014-08-28,-0.0,0.0,0.13845689502030933
2014-08-29,-0.0,0.0,0.13917969610752953
2014-09-02,-0.0,0.0,0.14912866623225723
2014-09-03,-1.0021904201464097e-05,0.01973062389663244,0.15305371157222025
2014-09-04,0.00010789784299344161,0.024635460863491776,0.1530927115074333
2014-09-05,0.00055557821032417,0.027006515367609965,0.16782721008973084
2014-09-08,-0.00014878906195875703,0.022242052296722364,0.16794391036489428
2014-09-09,-0.0007970915877418813,0.02584321412526293,0.1708970423444494
2014-09-10,-8.994189080822096e-05,0.021845923616692003,0.16946244121700618
2014-09-11,-0.0013010260980453475,0.02191076963258027,0.1699654624830526
2014-09-12,0.00021038299998078042,0.029047419616063365,0.17179370241601147
2014-09-15,-0.0004891056901681907,0.015785285874453343,0.17611143821299968
2014-09-16,-0.0007675387980945162,0.0,0.17921205839212115
2014-09-17,-2.372927811498354e-05,0.04671701628887384,0.18261930152187006
2014-09-18,0.001600550890935458,0.05234821576291712,0.2451684387347804
2014-09-19,0.00582064554265314,0.02219030804291959,0.24757024325752983
2014-09-22,-0.00032843694450204205,0.0,0.40921475317757117
2014-09-23,-2.7527787565076993e-05,0.054195331768745324,0.40921475317757117
2014-09-24,-0.0005460643161630628,0.0,0.3839725718209932
2014-09-25,0.0,0.0,0.3839725718209932
2014-09-26,-0.0,0.0,0.3839725718209932
2014-09-29,-2.5829751507805363e-05,0.050852323280991804,0.3839725718209932
2014-09-30,-0.0012778546097856553,0.05083887682960984,0.38387104118904014
2014-10-01,-0.00935564039551065,0.0,0.3769046086319529
2014-10-02,-3.253258777119322e-05,0.06404853217453665,0.37879903351173744
2014-10-03,0.0003951403973333672,0.07030146247790874,0.3035180012504608
2014-10-06,0.0017879957782914386,0.07833081771396545,0.30619933281073264
2014-10-07,0.00016330989158198068,0.08758133259170388,0.2969296521941107
2014-10-08,-0.0015390223449901438,0.08945805098652929,0.3032923475739545
2014-10-09,-0.001228914816641135,0.0760792300391133,0.2973977568292057
2014-10-10,-0.0009519619833775687,0.07868504407991384,0.30758402251630207
2014-10-13,-0.00014102941703806866,0.07817074242112156,0.3055735899767018
2014-10-14,0.0029495900682422324,0.07829168670272192,0.3060463676064278
2014-10-15,-0.0049113371471551535,0.08979163910443368,0.3044233215029219
2014-10-16,0.005513313037585817,0.05914351823850017,0.2553449360788282
2014-10-17,0.003508580297462308,0.07020699321694887,0.2380249016612657
2014-10-20,-0.004670050294956106,0.037107099983943646,0.2194606672958145
2014-10-21,0.0015654861614191925,0.06188149793936759,0.20979872213234071
2014-10-22,0.0004530079037063108,0.034415611707153494,0.20354253266662453
2014-10-23,0.0005185558065484221,0.034400671335243126,0.20345417157156415
2014-10-24,0.00031821647707769117,0.034341072325755555,0.20310168812774956
2014-10-27,-0.0009738846314881048,0.018195795276631958,0.20300472864942234
2014-10-28,0.0007039698476290733,0.03424231313996102,0.20251760160992846
2014-10-29,0.0012038916660542978,0.018020319904933337,0.2010470054680628
2014-10-30,8.842611314279426e-05,0.025877486745359557,0.20073594293255997
2014-10-31,-0.0002444988726687228,0.028558924410414428,0.22153629821459658
2014-11-03,-7.928288233463308e-05,0.03554273123994409,0.22087401287331776
2014-11-04,-0.0004470669756641836,0.03585156452332083,0.22279320265498542
2014-11-05,-0.0032567570288795688,0.028615139200503577,0.22197236563514408
2014-11-06,0.0045082436722214585,0.03592197887229187,0.21245156472239873
2014-11-07,-7.073227345122298e-05,0.02362782115207612,0.17840748797568376
2014-11-10,-0.00020611462993594667,0.023766485604658463,0.17945450693259532
2014-11-11,-0.0007708637796137211,0.027107568074315466,0.1792580128229001
2014-11-12,0.001001434142348414,0.028921764415675434,0.1797291863346686
2014-11-13,-0.0022486730152764165,0.030484309365477257,0.20158786299652112
2014-11-14,0.000585617196032319,0.02559199298942707,0.19852132066794834
2014-11-17,-0.0007539039056353849,0.027911240894129167,0.2165121100991602
2014-11-18,0.0021821911231833624,0.024410098304853994,0.22698199138587677
2014-11-19,-0.00043072196477036853,0.035421014045488586,0.23423350160217787
2014-11-20,-0.0026839019160922063,0.03524134324653451,0.23304536734039116
2014-11-21,0.0005059556801851788,0.02375119110080747,0.22085501608880315
2014-11-24,-6.665310610793266e-05,0.02375128189460309,0.22085586035236476
2014-11-25,0.0025374764141626433,0.023812405969030073,0.22142423430816718
2014-11-26,0.0007969830745024712,0.028434425009169758,0.21470089456272995
2014-11-28,0.00283350705424319,0.0,0.2140625494054654
2014-12-01,-0.0,0.0,0.2140469367976319
2014-12-02,-9.754169806735156e-06,0.01920352180700984,0.21424761458774183
2014-12-03,-0.0011535701311791134,0.03602261811800863,0.21304677038467643
2014-12-04,1.1396886962897545e-05,0.05270341073722932,0.20602043583304058
2014-12-05,0.0007920558341677632,0.06379091746869134,0.2162722851617807
2014-12-08,0.0007380241536899996,0.08954525438099883,0.3035879958910531
2014-12-09,0.0006610511387825123,0.06413114371337615,0.30035278470029925
2014-12-10,0.00027069996556040274,0.06400435552020661,0.2997589829266121
2014-12-11,0.003071344582027896,0.06499956912723823,0.3044199816385566
2014-12-12,0.0032626233998554453,0.026060013398120856,0.29074332108363177
2014-12-15,0.0019526381208530182,0.0,0.32114031402576426
2014-12-16,-0.0,0.0,0.3214088215069008
2014-12-17,0.0,0.0,0.3272398360778778
2014-12-18,0.0,0.0,0.342962885920855
2014-12-19,-0.0,0.0,0.34644575075734935
2014-12-22,-2.243692916176672e-05,0.04417270428722823,0.41074838203419894
2014-12-23,-0.0009537159507598202,0.052779946956985686,0.40942277449879966
2014-12-24,-0.004542460360114354,0.04322235554249624,0.4019113815479108
2014-12-26,0.0022507585649191785,0.12007483417970599,0.40709335762747817
2014-12-29,-0.010523112922488686,0.0,0.3289880374291329
2014-12-30,-3.6326664743132525e-05,0.07151812121304216,0.2795681398255889
2014-12-31,0.00012009180682909491,0.07090203711200077,0.27715983430549296
2015-01-02,-0.0,0.0,0.2794593732284854
2015-01-05,0.0,0.0,0.29991349230023545
2015-01-06,-3.5152088489902714e-05,0.06920567421449597,0.2998766846883074
2015-01-07,-0.007613940002154113,0.06455144742909692,0.25547180806340175
2015-01-08,0.0004611893553024413,0.0,0.1853381527027007
2015-01-09,-0.0,0.0,0.18551512502772016
2015-01-12,0.0,0.0,0.18558927402425157
2015-01-13,-0.0,0.0,0.19166302077288766
2015-01-14,0.0,0.0,0.19328796765340991
2015-01-15,0.0,0.0,0.19328796765340991
2015-01-16,-0.0,0.0,0.19328796765340991
2015-01-20,-2.137147294544703e-05,0.04207508736134884,0.19328796765340991
2015-01-21,-0.0024105606578071806,0.04774891139718116,0.188973310646455
2015-01-22,0.005451181792476428,0.039031641259398384,0.17930673674932188
2015-01-23,0.003944194513619718,0.028761417165310922,0.15360138223735112
2015-01-26,-0.001174799745929332,0.009437236219506004,0.14381604718721297
2015-01-27,0.0001222411886898623,0.01899060355134356,0.14589606914707734
2015-01-28,0.0017281675536403808,0.008625269598425451,0.15137986035704956
2015-01-29,-1.8351254497862208e-05,0.014063102376814799,0.15769236180696725
2015-01-30,-0.0010807452175955212,0.014130201583588704,0.15844475854760362
2015-02-02,0.0034050230604005475,0.03400164863506866,0.15619954642269038
2015-02-03,-0.001595026768996647,0.007135027607426152,0.10873220116613551
2015-02-04,6.646193221801269e-05,0.006175017451558691,0.10837612307097534
2015-02-05,-0.00011796806578502256,0.006290286129043252,0.1103991736089365
2015-02-06,9.261696643224716e-05,0.007045791093039451,0.12365884446834713
2015-02-09,-7.773670957300843e-05,0.008121366584805055,0.12376323033759107
2015-02-10,0.0008369609292155333,0.0070456135408622335,0.12365572829632647
2015-02-11,0.0003013129185604957,0.0,0.12392266843765486
2015-02-12,0.0,0.0,0.12392266843765486
2015-02-13,0.0,0.0,0.12392266843765486
2015-02-17,-0.0,0.0,0.12392266843765486
2015-02-18,-6.737702831156441e-06,0.013264852448839242,0.12392266843765486
2015-02-19,0.0020522247268883295,0.0,0.12409328576727824
2015-02-20,0.0,0.0,0.13023124357682697
2015-02-23,0.0,0.0,0.13866215335684812
2015-02-24,-0.0,0.0,0.14442165262264242
2015-02-25,0.0,0.0,0.14501361158947468
2015-02-26,0.0,0.0,0.14482404797752604
2015-02-27,0.0,0.0,0.14478426792694674
2015-03-02,-0.0,0.0,0.14480713580115837
2015-03-03,0.0,0.0,0.14711183625372842
2015-03-04,-0.0,0.0,0.9564670497378869
2015-03-05,-0.0,0.0,1.0
2015-03-06,0.0,0.0,1.0
2015-03-09,-0.0,0.0,1.0
2015-03-10,-0.0,0.0,1.0
2015-03-11,0.0,0.0,1.0
2015-03-12,0.0,0.0,1.0
2015-03-13,-0.0,0.0,1.0
2015-03-16,-0.0,0.0,1.0
2015-03-17,0.0,0.0,1.0
2015-03-18,0.0,0.0,1.0
2015-03-19,-0.0,0.0,0.0
2015-03-20,-0.0,0.0,0.0
2015-03-23,-0.0,0.0,0.0
2015-03-24,-0.0,0.0,0.0
2015-03-25,-0.0,0.0,0.0
2015-03-26,-0.0,0.0,0.0
2015-03-27,-0.0,0.0,0.0
2015-03-30,0.0,0.0,0.0
2015-03-31,0.0,0.0,0.0
2015-04-01,-0.0,0.0,0.0
2015-04-02,-0.0,0.0,0.0
2015-04-06,0.0,0.0,0.0
2015-04-07,-4.6396190370193385e-05,0.09134249979131823,1.0
2015-04-08,-0.0035384384444498316,0.08918061861505745,1.0
2015-04-09,0.001960396089924959,0.06562018915191746,1.0
2015-04-10,0.0025837577913064994,0.08918061861505745,1.0
2015-04-13,-0.00036621120349327347,0.10704137197878975,1.0
2015-04-14,-0.001003023774108919,0.10704137197878975,1.0
2015-04-15,0.003824281307922782,0.10704137197878975,1.0
2015-04-16,-0.0002862188860752866,0.10704137197878975,1.0
2015-04-17,0.0019436801457199007,0.10704137197878975,1.0
2015-04-20,-0.002883833141270986,0.0890544719627723,0.9749511143906379
2015-04-21,-0.001556363812836966,0.09908060677976488,0.9256290810566002
2015-04-22,0.0014686991486579305,0.08045931120508432,0.902206246767382
2015-04-23,0.003804781948754064,0.09538849380089438,0.8911366889037597
2015-04-24,0.003898650252720464,0.07051171946971674,0.7719486507464581
2015-04-27,0.00023834209844740236,0.0,0.7308296356498963
2015-04-28,-0.0,0.0,0.7308296356498963
2015-04-29,-0.0,0.0,0.7308296356498963
2015-04-30,-3.3907710903791664e-05,0.06675580584183984,0.7308296356498963
2015-05-01,0.0011772232627575928,0.0,0.7311615934286441
2015-05-04,-0.0,0.0,0.7311615934286441
2015-05-05,-0.0,0.0,0.734874948521241
2015-05-06,-0.0,0.0,0.7975751460142468
2015-05-07,-4.804808471085758e-05,0.09459466677450087,0.8837206121876391
2015-05-08,-0.001989756207907801,0.09422465891197335,0.8802639313203494
2015-05-11,-0.0004935355638809455,0.07901530870270779,0.8860143597318203
2015-05-12,0.002331855478507264,0.07898629561062229,0.885689030164297
2015-05-13,0.001172441241246831,0.09336073340930674,0.8721929818669193
2015-05-14,0.004146838290462498,0.09998666071355772,0.9340936019894258
2015-05-15,0.0006271414595666315,0.07632721151101993,0.8356155314929816
2015-05-18,-0.001358272769434109,0.0,0.8435366705501408
2015-05-19,-4.884818815289935e-05,0.0961698704260206,0.898436451702774
2015-05-20,-0.0007456412955784152,0.10130298002156739,0.9463908967986749
2015-05-21,-0.0001022183329565425,0.09935415905633584,0.9281846562656434
2015-05-22,-0.0010507876464339765,0.10704137197878975,1.0
2015-05-26,-0.0025473390666245236,0.10704137197878975,1.0
2015-05-27,-0.006820151483564046,0.08918061861505745,1.0
2015-05-28,0.0041340867458421,0.11101912118323269,0.8529088260415368
2015-05-29,0.006157460485352045,0.04633133263455733,0.7060530186418018
2015-06-01,-0.0028615444322324106,0.0,0.6739929778148617
2015-06-02,-3.0530595913007776e-05,0.06010711070373406,0.6739929778148617
2015-06-03,0.000783290556412385,0.05994720875260247,0.6721999654584235
2015-06-04,-0.002050082280770416,0.05980227351062749,0.6705747777861942
2015-06-05,0.0014822099394495413,0.042234610398299,0.6436221983530336
2015-06-08,0.0002622727223672314,0.04198432332181095,0.6398080204342743
2015-06-09,0.0014128506461648742,0.058489254264599964,0.655851632035265
2015-06-10,0.002468536687529494,0.06883570851054652,0.6430757307948772
2015-06-11,0.00018556103992726605,0.0,0.6187806720904404
2015-06-12,-0.0,0.0,0.6197648596806181
2015-06-15,-3.065286991855519e-05,0.06034783765215553,0.6606764407589749
2015-06-16,0.0011294756016866673,0.06974781362704431,0.6515967829790601
2015-06-17,-0.0007754000730964924,0.058914405899556065,0.6449835075036524
2015-06-18,-0.0004466422052413595,0.06859732402972926,0.6408486995413495
2015-06-19,-0.00354417577791613,0.057162386605052004,0.6409732012713419
2015-06-22,-0.001963908142381473,0.0338651591227277,0.5943585879221248
2015-06-23,0.0007423309249321826,0.11041282461738068,0.5896636587996362
2015-06-24,-0.001554402686281245,0.07466617580253938,0.5736258733632729
2015-06-25,-0.0004681676484790399,0.1190764957529246,0.6359323059257731
2015-06-26,0.0019502716284522312,0.13392164771586482,0.7152133736118721
2015-06-29,0.002312003033085298,0.1361640325772158,0.7271889105693153
2015-06-30,0.006751899753298235,0.09105522354290548,0.6995353862399205
2015-07-01,-0.0017867132178831216,0.0,0.6154970038796629
2015-07-02,0.0,0.0,0.6150927965128612
2015-07-06,-0.0,0.0,0.6447290615875794
2015-07-07,0.0,0.0,0.645251634827388
2015-07-08,0.0,0.0,0.6443106364423801
2015-07-09,0.0,0.0,0.6572881744347023
2015-07-10,-0.0,0.0,0.7027390275097156
2015-07-13,-0.0,0.0,0.7027390275097156
2015-07-14,-0.0,0.0,0.7027390275097156
2015-07-15,-0.0,0.0,0.7144228984768551
2015-07-16,-3.2753076171076516e-05,0.0644826187118069,0.7230564186837733
2015-07-17,0.0022221469277939727,0.0,0.6605164756096014
2015-07-20,0.0,0.0,0.6646938813988793
2015-07-21,-0.0,0.0,0.7509582429772822
2015-07-22,-0.0,0.0,0.7797686619684775
2015-07-23,0.0,0.0,0.8303170222356909
2015-07-24,-0.0,0.0,0.8629893680757116
2015-07-27,0.0,0.0,0.8814893682359025
2015-07-28,-0.0,0.0,0.9087608708362397
2015-07-29,-4.4148146380746925e-05,0.08691666318709551,0.9515467978834168
2015-07-30,0.0013931239626816987,0.10704137197878975,1.0
2015-07-31,0.006406397318223411,0.09134249979131823,1.0
2015-08-03,-0.012109787239211703,0.0,1.0
2015-08-04,-2.8941031584398125e-05,0.05697765593178381,1.0
2015-08-05,0.00011463047113557885,0.05697765593178381,1.0
2015-08-06,3.060650544617031e-05,0.05697765593178381,1.0
2015-08-07,1.614721031384054e-05,0.05697765593178381,1.0
2015-08-10,0.0035708452316667435,0.05697765593178381,1.0
2015-08-11,0.0032934805834787875,0.0,0.9431970666995099
2015-08-12,0.0,0.0,0.9431970666995099
2015-08-13,-0.0,0.0,0.9431970666995099
2015-08-14,-0.0,0.0,1.0
2015-08-17,-0.0,0.0,1.0
2015-08-18,-0.0,0.0,1.0
2015-08-19,-0.0,0.0,1.0
2015-08-20,-3.333088972795808e-05,0.06562018915191746,1.0
2015-08-21,0.0012387185622518726,0.27595906752544885,0.9992040589712737
2015-08-24,-0.009305307759641612,0.10730648965695559,0.8243863862775294
2015-08-25,-0.00849179433131526,0.0,0.7306777043036079
2015-08-26,-0.0,0.0,0.32620658708772265
2015-08-27,0.0,0.0,0.3261910072846564
2015-08-28,0.0,0.0,0.32778985423334217
2015-08-31,0.0,0.0,0.34046966647489274
2015-09-01,-0.0,0.0,0.34046966647489274
2015-09-02,0.0,0.0,0.34042422424853136
2015-09-03,-0.0,0.0,0.34050558494514327
2015-09-04,-0.0,0.0,0.34052673468399847
2015-09-08,-0.0,0.0,0.34053797100960853
2015-09-09,-0.0,0.0,0.3477575219227806
2015-09-10,-0.0,0.0,0.3477575219227806
2015-09-11,0.0,0.0,0.3477575219227806
2015-09-14,-4.07647670120301e-05,0.08025563505493426,0.3477575219227806
2015-09-15,0.0006407513316493402,0.0,0.25647231660565944
2015-09-16,-0.0,0.0,0.25647231660565944
2015-09-17,-0.0,0.0,0.25647231660565944
2015-09-18,0.0,0.0,0.25647231660565944
2015-09-21,-0.0,0.0,0.25605300426244426
2015-09-22,0.0,0.0,0.26482439428347243
2015-09-23,0.0,0.0,0.2647275396940801
2015-09-24,-0.0,0.0,0.3578701640964218
2015-09-25,0.0,0.0,0.3578701640964218
2015-09-28,-4.593015642377182e-05,0.09042499545930076,0.3578701640964218
2015-09-29,-0.000677892518066103,0.07072016820010883,0.324880076091377
2015-09-30,0.005194140082468177,0.07090576903184373,0.3257327043284315
2015-10-01,-0.0008884453081604246,0.0489871540764707,0.26161765725143976
2015-10-02,-0.0050748846818568566,0.0,0.26149537144553436
2015-10-05,-3.0206647582786628e-05,0.05946933742861117,0.223173005208039
2015-10-06,0.00016205699127921238,0.05434118404812311,0.19676081730919137
2015-10-07,-0.003865822823394349,0.054297981816006764,0.19660438887190768
2015-10-08,-0.003120813593977213,0.0,0.1782666873779233
2015-10-09,-2.1960824298521835e-05,0.04323537283771486,0.1711103206985181
2015-10-12,-0.0025619647962000663,0.0433172524795773,0.17143437137411538
2015-10-13,-0.002405162912475152,0.0,0.18147713707279406
2015-10-14,-1.946010848590591e-05,0.03831208858162726,0.17600119697678385
2015-10-15,0.0007656263954221182,0.03827033993169043,0.175809408623993
2015-10-16,-0.0004391594231104555,0.043875056452859884,0.17364196230003498
2015-10-19,-0.004771681451464633,0.0,0.17409387729487633
2015-10-20,-1.8027251077028406e-05,0.03549115055789967,0.1537875136089235
2015-10-21,0.0012104430237000286,0.035233127968555045,0.13944026453849406
2015-10-22,0.0021062320848054972,0.03634683853307921,0.13640026164703944
2015-10-23,0.0015859076332818392,0.03573771297641876,0.12940059619927108
2015-10-26,-0.000632848070055119,0.0347589382294989,0.1258566079233623
2015-10-27,0.0020956759859975566,0.03515714142559843,0.12729843860283904
2015-10-28,-0.0004263167184556584,0.022851395631600727,0.12203869979327195
2015-10-29,-0.0004948399314089208,0.023755269060127263,0.12686586832920696
2015-10-30,0.002710936702303403,0.0237362437843807,0.1267642631601945
2015-11-02,-0.0005515672217062524,0.016210121393632117,0.12453490408210585
2015-11-03,0.0014007203853480395,0.016834222395891087,0.12932958492171998
2015-11-04,-0.0011246600505695123,0.007231930071188088,0.12692572119580484
2015-11-05,1.0779925019399521e-05,0.017489203443623553,0.13436150294221072
2015-11-06,0.0017097114755428968,0.007998073372396669,0.1403721027409818
2015-11-09,0.0001813004437086872,0.00920860909658277,0.14033194990133138
2015-11-10,-0.00033998961787706024,0.009720191164196604,0.14812805768805948
2015-11-11,-0.0001321220489188259,0.010235989542100272,0.15598841872282487
2015-11-12,-0.0007847619926854292,0.0,0.15565733595213477
2015-11-13,-4.446523114020972e-06,0.008754092380728789,0.15364079545865447
2015-11-16,-0.0006486736798907536,0.020061643363942443,0.15412437522148562
2015-11-17,0.0012357319267233466,0.03499986750698236,0.1869180505361418
2015-11-18,0.0023112409577970266,0.0257740415243936,0.19801010190518842
2015-11-19,0.001336253619393627,0.01299378737353879,0.19801508562337183
2015-11-20,0.00020051730708169874,0.013794754331363618,0.2102211912164311
2015-11-23,-0.0006777979271105502,0.019427448517254003,0.2178438411726136
2015-11-24,0.0019440656700518897,0.014337284279726673,0.2184889203311254
2015-11-25,3.235921151181876e-05,0.02553632496420029,0.23856500054259688
2015-11-27,0.0008474426240183331,0.025714556993686393,0.24023007663599202
2015-11-30,-0.0018831200825632963,0.022337466437275803,0.2445462570907097
2015-12-01,0.0005690492117159287,0.03219635335117559,0.3007841991931428
2015-12-02,-0.002115563919126108,0.0,0.303830839427941
2015-12-03,-1.4396808084148e-05,0.028343715915666375,0.31782371950132177
2015-12-04,0.00029722266054990414,0.028646999659903038,0.3212245003990835
2015-12-07,-0.000515371174647481,0.028637341994426434,0.321116207076761
2015-12-08,-0.0006085238615825404,0.029338687645257253,0.3289805352427062
2015-12-09,0.001728220927972949,0.02157478440736089,0.32878272199754033
2015-12-10,0.002331523337444123,0.034881089885908635,0.32586549706052276
2015-12-11,0.00013484957557518924,0.0,0.29418923817116593
2015-12-14,-0.0,0.0,0.3019498320635483
2015-12-15,-1.6476424305672638e-05,0.032437960351793006,0.30304133581378784
2015-12-16,0.002236537414066935,0.020410152410731137,0.3110346476368659
2015-12-17,0.0017499437082873427,0.03652057669894544,0.341181881582964
2015-12-18,0.001470228166535726,0.0,0.3378275404054471
2015-12-21,-0.0,0.0,0.34007666933613817
2015-12-22,-1.848554401124657e-05,0.03639341477214168,0.3399939116938172
2015-12-23,0.0022997714647075354,0.049744192967580904,0.26566065066214717
2015-12-24,-0.0007422748426018197,0.014307722753431062,0.25111111574265016
2015-12-28,0.0002499233689442595,0.014300357556050412,0.2509818510816141
2015-12-29,0.0006938350916660492,0.016572751157230912,0.2525556748832786
2015-12-30,-0.000837191756584233,0.02302957589786271,0.2582352113665911
2015-12-31,0.0014525524441051424,0.016780970041606762,0.25572876668729344
2016-01-04,-3.5051739797540754e-07,0.044165192144901354,0.2618270194294297
2016-01-05,-0.0005587174290576476,0.025429428427639265,0.23975926357322766
2016-01-06,-0.002279846419765769,0.02534479226573816,0.2389612785179671
2016-01-07,6.896567157174823e-05,0.050669136376271844,0.2289357541137733
2016-01-08,-0.0021251828263568963,0.0,0.22984504726306237
2016-01-11,0.0,0.0,0.22531867368549136
2016-01-12,-0.0,0.0,0.23908558335828678
2016-01-13,-0.0,0.0,0.23908558335828678
2016-01-14,-0.0,0.0,0.23908558335828678
2016-01-15,-0.0,0.0,0.24748442391642828
2016-01-19,0.0,0.0,0.24982964351972456
2016-01-20,0.0,0.0,0.2622489704795981
2016-01-21,-0.0,0.0,0.2622489704795981
2016-01-22,0.0,0.0,0.2622489704795981
2016-01-25,-5.050983189038721e-05,0.09944123153419983,0.3394410545738282
2016-01-26,-0.0013151627490909632,0.09911363285293384,0.35130267975858204
2016-01-27,-0.0006563556514914699,0.09823279189586227,0.34818058868237756
2016-01-28,0.0006915722252408209,0.09838606713289035,0.3487238641123932
2016-01-29,0.004654146209432669,0.0993209527209686,0.35203751333405875
2016-02-01,0.00899528880373421,0.0,0.3083512633368043
2016-02-02,-4.7953110389317316e-05,0.09440768607896846,0.3129068064864968
2016-02-03,-0.008126916839545714,0.0,0.2846044093373202
2016-02-04,0.0,0.0,0.2840280008995122
2016-02-05,-4.5096901405690104e-05,0.08878452464245239,0.29426928277908926
2016-02-08,-5.300825706602967e-05,0.0,0.2794480786149431
2016-02-09,-4.338447422525245e-05,0.08541318363096576,0.2830952397186668
2016-02-10,0.011974322666207708,0.0,0.23920743166391673
2016-02-11,-3.42796223819062e-05,0.06748800656437783,0.23920743166391673
2016-02-12,0.004845881827765435,0.05317015632390142,0.176425567992936
2016-02-16,-0.009624943833540175,0.0,0.15925247499620587
2016-02-17,-1.9003804904522595e-05,0.037413740905778856,0.12771120663607075
2016-02-18,-0.0033522638183910145,0.03729956850022387,0.12732148095441034
2016-02-19,4.1574053383800004e-05,0.03379762980884436,0.11979379203013545
2016-02-22,-0.0007744939137719242,0.0,0.11976505612696974
2016-02-23,-0.0,0.0,0.11976505612696974
2016-02-24,0.0,0.0,0.12046357990644355
2016-02-25,0.0,0.0,0.12038798505319591
2016-02-26,-0.0,0.0,0.1203127324200262
2016-02-29,-1.7266918699087586e-05,0.03399424618882868,0.12049068769609711
2016-03-01,0.01943633038750351,0.0,0.12258389672246411
2016-03-02,-1.0502882669690326e-05,0.02067755025595283,0.12258389672246411
2016-03-03,-8.966727076955933e-05,0.013925555869568625,0.1277275660691102
2016-03-04,0.00017364723380795853,0.013927905489159096,0.12774911717947807
2016-03-07,0.0006183018058313984,0.013916896410148273,0.12764814003501895
2016-03-08,0.0009955648146414567,0.013089790032692004,0.12861156278454594
2016-03-09,0.0009452182724258685,0.013537103901526135,0.1276334649667736
2016-03-10,-0.000640352621294236,0.010841930836758632,0.13392616452062933
2016-03-11,-0.000365939606995496,0.013273426697644614,0.13356853022265053
2016-03-14,0.00037047255911728405,0.016143394579298132,0.15220666114924059
2016-03-15,0.00018756922644055438,0.016640654839586017,0.1674524491298359
2016-03-16,-0.0011917954545969478,0.027064350800586036,0.27234456031658866
2016-03-17,-0.0014990870014756506,0.0,0.26717189545488923
2016-03-18,-2.6566643560264642e-05,0.05230307950927102,0.4797327378677403
2016-03-21,0.0012623349937009435,0.04876430628748617,0.4791256104241763
2016-03-22,-0.0007815047938306533,0.04858439137433423,0.47735788625969955
2016-03-23,-0.0006238884042062377,0.04816513747961651,0.4732385765940377
2016-03-24,0.0016016287655335755,0.04788446852298546,0.47048091027186795
2016-03-28,-0.0003281658842949367,0.04940971712570865,0.4658554330126233
2016-03-29,0.0010074957469307355,0.0472831080114581,0.46457234222063987
2016-03-30,-0.001205712617435832,0.05272437306439284,0.49710739249409414
2016-03-31,0.00015298484360706888,0.049707807992148995,0.4883958300704431
2016-04-01,0.0002927821085800114,0.051800215240983855,0.48839404686005916
2016-04-04,-0.0005541740438078467,0.051871339879070145,0.4890646396300857
2016-04-05,-0.001029179171271451,0.051735525787480495,0.4877841276958493
2016-04-06,-0.0013051234761497562,0.05113063346017427,0.5023755659222298
2016-04-07,-0.0002596488433225187,0.05675275557660479,0.5576147951041958
2016-04-08,0.002774815292542893,0.06861539797766775,0.6741692221916072
2016-04-11,0.002983792466584588,0.06677095743712187,0.6295444519627316
2016-04-12,-0.0007737458224327528,0.048996387320629636,0.6052333600000077
2016-04-13,0.00034760723512390564,0.06167534376605839,0.6206298648766375
2016-04-14,-0.0019368051588661936,0.050391774110075525,0.6224700315437558
2016-04-15,-0.0011588174486002532,0.07090492992987046,0.7135058257377804
2016-04-18,-0.00024140093488798388,0.08436116137021062,0.7953922354904313
2016-04-19,0.0013839894713085308,0.08524569466794597,0.8037319845600771
2016-04-20,0.000794043396846827,0.0810300508160807,0.8153934200948387
2016-04-21,-0.0033508987561083935,0.08184553508390298,0.8235995177027792
2016-04-22,-1.2641284549069716e-05,0.08137391938202218,0.7672272713725345
2016-04-25,0.0014899581925200578,0.08600643608853681,0.8109045721504557
2016-04-26,0.003201474604998588,0.07909860723729119,0.7959575889486382
2016-04-27,-0.0009945385773970628,0.0,0.7632844537647256
2016-04-28,0.0,0.0,0.7896560880317411
2016-04-29,-0.0,0.0,0.7896650620942572
2016-05-02,-3.990311907467651e-05,0.07855926567826939,0.7905302745883367
2016-05-03,-0.0028711962564695478,0.07880703161919277,0.793023506616675
2016-05-04,-0.0037619792063582395,0.08073355454933459,0.7611896444891676
2016-05-05,-0.0017963176220837777,0.07691744419777158,0.705499875743366
2016-05-06,-0.00040491608275103623,0.0,0.6918338229948262
2016-05-09,-6.573178954912837e-05,0.12940946067484646,0.7671854627802553
2016-05-10,0.005123522845347961,0.19506419962222582,0.6472486558774414
2016-05-11,0.02166094416470084,0.07733975364742374,0.4584976583929351
2016-05-12,-0.002059172565736702,0.03162730081595649,0.3182608516342333
2016-05-13,0.0013765412092098328,0.03374302895359013,0.3181433588121713
2016-05-16,-0.0009618270187339659,0.0,0.31645562968183144
2016-05-17,-1.5981765967741465e-05,0.03146410174899101,0.31661860355430416
2016-05-18,0.0013554239989822115,0.0,0.31546896383582856
2016-05-19,-0.0,0.0,0.3152862582011303
2016-05-20,0.0,0.0,0.3211259117880862
2016-05-23,-0.0,0.0,0.321133889779042
2016-05-24,-0.0,0.0,0.32108117678571074
2016-05-25,-0.0,0.0,0.32281725339508893
2016-05-26,-1.327416978091808e-05,0.02613352175618247,0.32281725339508893
2016-05-27,0.0005895318685856487,0.03385267705130231,0.31917716683638564
2016-05-31,-0.00038539074123145934,0.03166054802206644,0.31859541335331854
2016-06-01,0.00022052469827382596,0.03158795386604102,0.31786490909515364
2016-06-02,0.0009437905438427236,0.026103555896296537,0.3224470967558785
2016-06-03,-0.0007618963280322736,0.0,0.3314415015331238
2016-06-06,-1.3762951289263228e-05,0.02709581035073698,0.3347040309968875
2016-06-07,-0.0002784480540568517,0.03264669749467305,0.32076471616869173
2016-06-08,0.0008408940477317923,0.03823303112583859,0.350679861894746
2016-06-09,0.0007992831131245294,0.039974982741937025,0.39276756845491145
2016-06-10,-0.0015226366481598838,0.08121479122911303,0.7657269447386178
2016-06-13,-0.0022772300989003175,0.07496167462499857,0.7365235117132726
2016-06-14,-0.0009086842233718043,0.13180629075998695,0.7813947268362608
2016-06-15,-0.0032034977254639845,0.13022506187387797,0.7720206377362449
2016-06-16,0.00013579506112193263,0.17217495511731587,0.7779292486174404
2016-06-17,0.0017775492039073565,0.1718328619108101,0.7763835864686521
2016-06-20,0.014669880725182483,0.16598151139956718,0.7499457302571787
2016-06-21,0.006548084003285065,0.03995907046980372,0.37675079234174735
2016-06-22,-0.001415781795290063,0.03007000135694609,0.37144305839068537
2016-06-23,-0.0006153081487027993,0.03896683648202889,0.3673955962201291
2016-06-24,-0.0015462002792928603,0.03716501579298822,0.365158703853215
2016-06-27,-0.0009585150996421753,0.0,0.3629508642786411
2016-06-28,-4.067160110959661e-05,0.08007221468451833,0.36178617129430046
2016-06-29,-0.0037352876838427475,0.08017792322445437,0.36226378875607856
2016-06-30,0.0010663890149605864,0.09842724724555142,0.3314603464424275
2016-07-01,0.00032723363151237285,0.07270247220002726,0.32848784268688047
2016-07-05,-0.004263661660085417,0.07263610655878917,0.3281879862217681
2016-07-06,-0.001717180412832808,0.0,0.3010232113359304
2016-07-07,-4.464908762419696e-05,0.08790289126013777,0.2942297477573778
2016-07-08,-0.00022241206558524596,0.0,0.28379559423537537
2016-07-11,0.0,0.0,0.2857544841301626
2016-07-12,-4.259615676758936e-05,0.08386118363619155,0.28625881007405185
2016-07-13,-0.0031362000914191665,0.08395378960467262,0.2865749190674349
2016-07-14,0.002433933291177678,0.0815286236830314,0.2728937130210489
2016-07-15,-0.0009670716361087266,0.07597585647070146,0.2593423718178233
2016-07-18,-0.002826593465302405,0.07591006379506146,0.25911778957102366
2016-07-19,0.001878678901010586,0.07501152792547608,0.2510796018653475
2016-07-20,-0.0017359527088675684,0.08976599022103353,0.3064147729808861
2016-07-21,-0.003453069043227676,0.08874372581639366,0.3145471293269937
2016-07-22,0.0035299721303300737,0.09047825413744891,0.3028500372485677
2016-07-25,-0.0013309331462283646,0.07763602406457583,0.2650093273667417
2016-07-26,0.003322912923873348,0.07474408474532657,0.2649261913958643
2016-07-27,-0.0005603497426600971,0.07123356597645863,0.23988380369901724
2016-07-28,5.268703785059453e-05,0.07138455606093512,0.24039227291979195
2016-07-29,0.00017386800612052911,0.07445816332015319,0.24706197355232687
2016-08-01,0.004493956224898143,0.07327840239162918,0.2501346554295778
2016-08-02,0.004363791206390132,0.047973453992154816,0.21675599097598966
2016-08-03,0.0005338288372560437,0.021839170215397205,0.21457714786142376
2016-08-04,-9.124228009914751e-05,0.022222984084755565,0.21834824743088035
2016-08-05,0.00039167056601539644,0.023181003709949452,0.22776111049948006
2016-08-08,-0.0021292523847129875,0.02416443369510685,0.2278323653199294
2016-08-09,-0.0006749607215346246,0.0,0.21868214626315208
2016-08-10,-3.302299289166245e-05,0.06501401725546045,0.21572505546012505
2016-08-11,0.004015273339171407,0.06533158494805187,0.22000848734995868
2016-08-12,-0.001986761452515638,0.034268616675999404,0.20315658844659637
2016-08-15,0.0004035353113453167,0.04473143958013392,0.20210776392210802
2016-08-16,-0.0002247864711883387,0.03570161696716662,0.21165192554027032
2016-08-17,0.0025083103093238414,0.036053457663183325,0.21373776274097328
2016-08-18,0.00047146537364764127,0.0224435056442751,0.21160673746895237
2016-08-19,0.0004189526605078904,0.023865058380953683,0.22500972992104043
2016-08-22,0.0003429054328941561,0.023110734654638074,0.23255990562960283
2016-08-23,-0.0007073014152230607,0.0,0.23674437414584548
2016-08-24,-1.2417014510303734e-05,0.024445997317160476,0.24599645636792486
2016-08-25,-0.0005668368425910404,0.0,0.24050462476878515
2016-08-26,-0.0,0.0,0.24039037909939323
2016-08-29,-0.0,0.0,0.24005231049807393
2016-08-30,-1.3533439300200211e-05,0.026643958622269166,0.26811421598622465
2016-08-31,-0.0003884855327566717,0.028772872916793254,0.2895371657464424
2016-09-01,-0.005450501861384334,0.0,0.28852695085268354
2016-09-02,-1.4572170852027611e-05,0.028688961364929357,0.28869277620736794
2016-09-06,1.776945752882204e-05,0.02867160291067249,0.2885181006488373
2016-09-07,0.0008490463067279592,0.03091579000660262,0.31110102356513425
2016-09-08,0.0013440156989357824,0.0,0.3240481862557867
2016-09-09,-0.0,0.0,0.35138616890173424
2016-09-12,0.0,0.0,0.4938488999642997
2016-09-13,0.0,0.0,0.5328936055238556
2016-09-14,0.0,0.0,0.5323179418553495
2016-09-15,0.0,0.0,0.5356109926164002
2016-09-16,0.0,0.0,0.7415833580691429
2016-09-19,-0.0,0.0,0.7410491049840201
2016-09-20,-0.0,0.0,0.7447130782726156
2016-09-21,-0.0,0.0,0.7457268883105267
2016-09-22,-0.0,0.0,0.7457268883105267
2016-09-23,0.0,0.0,1.0
2016-09-26,-0.0,0.0,1.0
2016-09-27,0.0,0.0,1.0
2016-09-28,0.0,0.0,1.0
2016-09-29,-0.0,0.0,1.0
2016-09-30,0.0,0.0,1.0
2016-10-03,-0.0,0.0,1.0
2016-10-04,0.0,0.0,1.0
2016-10-05,-0.0,0.0,1.0
2016-10-06,-0.0,0.0,1.0
2016-10-07,-0.0,0.0,1.0
2016-10-11,-0.0,0.0,1.0
2016-10-12,-0.0,0.0,1.0
2016-10-13,0.0,0.0,1.0
2016-10-14,0.0,0.0,1.0
2016-10-17,0.0,0.0,1.0
2016-10-18,0.0,0.0,1.0
2016-10-19,-0.0,0.0,1.0
2016-10-20,0.0,0.0,1.0
2016-10-21,0.0,0.0,1.0
2016-10-24,-0.0,0.0,1.0
2016-10-25,0.0,0.0,1.0
2016-10-26,0.0,0.0,1.0
2016-10-27,-0.0,0.0,1.0
2016-10-28,0.0,0.0,1.0
2016-10-31,0.0,0.0,1.0
2016-11-01,0.0,0.0,1.0
2016-11-02,-0.0,0.0,1.0
2016-11-03,-0.0,0.0,1.0
2016-11-04,-0.0,0.0,1.0
2016-11-07,-0.0,0.0,1.0
2016-11-08,-0.0,0.0,1.0
2016-11-09,-0.0,0.0,1.0
2016-11-10,0.0,0.0,1.0
2016-11-14,-0.0,0.0,1.0
2016-11-15,-5.047639585398016e-05,0.09937540433752344,1.0
2016-11-16,-0.002366025399950356,0.09937540433752344,1.0
2016-11-17,0.007136990292209428,0.10606233956784143,1.0
2016-11-18,-0.001787972426343491,0.08095453846203887,1.0
2016-11-21,0.004390212031104328,0.09937540433752344,1.0
2016-11-22,-0.0010899487094248933,0.0,0.8680804706368098
2016-11-23,0.0,0.0,0.8680804706368098
2016-11-25,-0.0,0.0,0.8680804706368098
2016-11-28,0.0,0.0,0.8680804706368098
2016-11-29,0.0,0.0,0.8680804706368098
2016-11-30,0.0,0.0,0.8680804706368098
2016-12-01,0.0,0.0,0.8680804706368098
2016-12-02,-0.0,0.0,0.8680804706368098
2016-12-05,-0.0,0.0,0.8680804706368098
2016-12-06,-0.0,0.0,0.8680804706368098
2016-12-07,0.0,0.0,0.8680804706368098
2016-12-08,-0.0,0.0,0.8680804706368098
2016-12-09,-0.0,0.0,0.8680804706368098
2016-12-12,0.0,0.0,0.8680804706368098
2016-12-13,0.0,0.0,0.8680804706368098
2016-12-14,0.0,0.0,0.8680804706368098
2016-12-15,0.0,0.0,0.8714884324040346
2016-12-16,-0.0,0.0,0.9132427429682484
2016-12-19,-0.0,0.0,1.0
2016-12-20,0.0,0.0,1.0
2016-12-21,-0.0,0.0,0.0
2016-12-22,-0.0,0.0,0.0
2016-12-23,0.0,0.0,0.0
2016-12-27,0.0,0.0,0.0
2016-12-28,0.0,0.0,0.0
2016-12-29,0.0,0.0,0.0
2016-12-30,-0.0,0.0,0.0
2017-01-03,-0.0,0.0,0.0
2017-01-04,-0.0,0.0,0.0
2017-01-05,-0.0,0.0,0.0
2017-01-06,-0.0,0.0,0.0
2017-01-09,-0.0,0.0,0.0
2017-01-10,0.0,0.0,0.0
2017-01-11,0.0,0.0,0.0
2017-01-12,0.0,0.0,0.0
2017-01-13,0.0,0.0,0.0
2017-01-17,-0.0,0.0,0.0
2017-01-18,-0.0,0.0,0.0
2017-01-19,-0.0,0.0,0.0
2017-01-20,0.0,0.0,0.0
2017-01-23,-0.0,0.0,0.0
2017-01-24,-0.00012667937246874152,0.2494000145478349,1.0
2017-01-25,-0.023284101945501696,0.2494000145478349,1.0
2017-01-26,-0.0014950069250874727,0.11064709234483101,0.3638647356418411
2017-01-27,-0.0009835757997090954,0.11084495567691062,0.3645154123789756
2017-01-30,-0.0018009383936188961,0.0,0.36483460520344485
2017-01-31,-5.600091641824323e-05,0.11025180419841635,0.36256482424019953
2017-02-01,0.009838685376492661,0.0,0.3280357475524248
2017-02-02,-5.039061631337339e-05,0.09920652586695385,0.3280357475524248
2017-02-03,0.0033062097797506075,0.0,0.23616003461196602
2017-02-06,-0.0,0.0,0.23616003461196602
2017-02-07,0.0,0.0,0.23616003461196602
2017-02-08,0.0,0.0,0.23616003461196602
2017-02-09,-3.2874097939260716e-05,0.06472088031791953,0.23616003461196602
2017-02-10,0.00011767359818088575,0.06489603534930866,0.23679915784502656
2017-02-13,-0.004188192732330693,0.06313881813372228,0.23651138058803572
2017-02-14,-0.0002779599519077941,0.06384562790655911,0.22056431671493407
2017-02-15,7.562084861049012e-05,0.06401708322271131,0.22115663487193615
2017-02-16,-0.004508130133756765,0.0,0.2209506086058155
2017-02-17,-3.188161780221608e-05,0.0627669350481129,0.2064100713749767
2017-02-21,-0.005868311951708133,0.06318355242296156,0.20778012428599826
2017-02-22,0.0040774110926043525,0.0,0.18032888607442257
2017-02-23,-2.7902684276667658e-05,0.05493340966968945,0.18064939768207366
2017-02-24,-0.0006753784697474838,0.05638309317091746,0.19478386895526587
2017-02-27,0.001950711700839745,0.05651366190209504,0.19523493825978686
2017-02-28,-0.0036444753408459876,0.050640253614122076,0.18478123269529464
2017-03-01,0.019760234993553002,0.0,0.17763593164106473
2017-03-02,-2.4224353945044823e-05,0.04769169682930699,0.18563703640203455
2017-03-03,-0.0009101545056638073,0.049906651347351824,0.18694507372135494
2017-03-06,0.0031763217133429747,0.05677567011776407,0.21267569650929777
2017-03-07,0.0017450175888726698,0.04679911607139909,0.18764680569985703
2017-03-08,0.004584771932744379,0.04547405017169014,0.18233379117533383
2017-03-09,-0.0005999408511578379,0.01068495719833119,0.15670133241701112
2017-03-10,-0.00019972503308363643,0.019572462379579447,0.15679491034347356
2017-03-13,-0.0006988646912267814,0.019573414436271617,0.156802537265462
2017-03-14,0.0008847304165084088,0.0276350738607859,0.15695763528336346
2017-03-15,-0.0016651493482113399,0.02005886378876141,0.16069146990070104
2017-03-16,0.00041175961021938467,0.028109707695704676,0.1596533908557789
2017-03-17,0.0003042860020465297,0.01984234001456072,0.1589568988945282
2017-03-20,0.0013152524291275035,0.021115273370016067,0.16915436242625403
2017-03-21,0.0007711602483502605,0.00979740658841887,0.16713600187377992
2017-03-22,-0.0005579859432679212,0.013099772203495655,0.20614064485169412
2017-03-23,-8.160210813543883e-05,0.01395445364435826,0.2046504668791634
2017-03-24,0.00022470382798736582,0.013970474232599112,0.20488541845424674
2017-03-27,0.0005944633688878115,0.012106046191766225,0.2065195662475451
2017-03-28,4.125081646282382e-06,0.013419842791486808,0.2111773398706312
2017-03-29,0.00020147377046753106,0.015388151470952528,0.24215104034032156
2017-03-30,-0.0003212841566197244,0.015410000353324602,0.24249485873895496
2017-03-31,0.0004346313165596646,0.016026350346511727,0.25219386594886867
2017-04-03,3.400986203116629e-05,0.016498262863112536,0.2594597126711156
2017-04-04,0.0003670386940700308,0.01842071975155759,0.2896932054962177
2017-04-05,-0.00014729853793377443,0.01533239746816195,0.295619095278159
2017-04-06,-2.4389533472715702e-05,0.03307399704899172,0.5201377770748993
2017-04-07,0.0002577356213127165,0.03317992450008756,0.5218036437333073
2017-04-10,-0.0004426957372793082,0.027522961246709846,0.5306614911349267
2017-04-11,-0.0004307455333676856,0.035620342429674,0.5601828440201234
2017-04-12,-0.00026975653828555037,0.04057714163951249,0.6381358812231248
2017-04-13,-0.0006512148755693189,0.05146718304798927,0.8093979733757091
2017-04-17,-0.00036211718665291374,0.05294458439343434,0.8331466073398667
2017-04-18,-0.00043841706360344936,0.0528924804097172,0.8323266885934989
2017-04-19,-0.00015953707047163877,0.06354774049009189,1.0
2017-04-20,0.0015578018442395244,0.06354774049009189,1.0
2017-04-21,-0.0014807187929066178,0.06358699272909973,1.0
2017-04-24,-0.001373909522383538,0.06354774049009189,1.0
2017-04-25,-0.000850809430796215,0.05861936673474942,1.0
2017-04-26,-0.0034612176421495926,0.0,1.0
2017-04-27,-6.340491646715028e-05,0.1248284292947021,1.0
2017-04-28,-0.0031502634363704467,0.17606708849107544,1.0
2017-05-01,-0.0031685680351393676,0.0,1.0
2017-05-02,0.0,0.0,1.0
2017-05-03,0.0,0.0,1.0
2017-05-04,-0.0,0.0,1.0
2017-05-05,0.0,0.0,1.0
2017-05-08,-6.340491646715028e-05,0.1248284292947021,1.0
2017-05-09,-0.0031677090811606154,0.06706810112384519,0.9835940952975286
2017-05-10,0.0016245133235812921,0.12222842919523827,0.979171410598097
2017-05-11,0.0024010222697788846,0.06077187202534179,0.8912561036121398
2017-05-12,0.001541018915298907,0.05108425255331678,0.8714569160132901
2017-05-15,-0.0007399926575631907,0.0542214024869672,0.8532388731495681
2017-05-16,0.0017409404485970359,0.054173012988683544,0.8524774062915735
2017-05-17,-0.0007040234399110401,0.052537944007401804,0.8262372814394557
2017-05-18,-4.484393260254669e-05,0.052503521041042375,0.8256959291143651
2017-05-19,0.002646422955532282,0.053533509281958006,0.8418940255600279
2017-05-22,0.0004927176772689978,0.0,0.796089496760051
2017-05-23,-0.0,0.0,0.8006795740135141
2017-05-24,-2.1126328999434196e-05,0.041592460217636074,0.8019310408213925
2017-05-25,0.0011837589298397538,0.0439008080765035,0.8464375641516586
2017-05-26,0.0005202346060206954,0.0,1.0
2017-05-30,-0.0,0.0,1.0
2017-05-31,0.0,0.0,1.0
2017-06-01,-0.0,0.0,1.0
2017-06-02,-0.0,0.0,1.0
2017-06-05,-0.0,0.0,1.0
2017-06-06,-3.22782173917927e-05,0.06354774049009189,1.0
2017-06-07,-1.4640905490868298e-06,0.05861936673474942,1.0
2017-06-08,0.000618349370516258,0.05861936673474942,1.0
2017-06-09,0.0007076685209591195,0.06354774049009189,1.0
2017-06-12,-0.0026705026047966996,0.0,1.0
2017-06-13,0.0,0.0,1.0
2017-06-14,-0.0,0.0,1.0
2017-06-15,0.0,0.0,1.0
2017-06-16,0.0,0.0,1.0
2017-06-19,-3.22782173917927e-05,0.06354774049009189,1.0
2017-06-20,-6.588906807989955e-06,0.06354774049009189,1.0
2017-06-21,-0.0003809210696814274,0.06354774049009189,1.0
2017-06-22,0.0021414849248747327,0.06354774049009189,1.0
2017-06-23,-0.0010843683342051857,0.0518653825583734,1.0
2017-06-26,-0.00039246898569058984,0.06358699272909973,1.0
2017-06-27,0.000777796556444476,0.06354774049009189,1.0
2017-06-28,0.0016741605625969485,0.06358699272909973,1.0
2017-06-29,0.00018973705165308523,0.0,1.0
2017-06-30,0.0,0.0,1.0
2017-07-03,0.0,0.0,1.0
2017-07-05,0.0,0.0,1.0
2017-07-06,0.0,0.0,1.0
2017-07-07,-0.0,0.0,1.0
2017-07-10,-0.0,0.0,1.0
2017-07-11,0.0,0.0,1.0
2017-07-12,-0.0,0.0,1.0
2017-07-13,-0.0,0.0,1.0
2017-07-14,0.0,0.0,1.0
2017-07-17,0.0,0.0,1.0
2017-07-18,0.0,0.0,1.0
2017-07-19,0.0,0.0,1.0
2017-07-20,-0.0,0.0,1.0
2017-07-21,-0.0,0.0,1.0
2017-07-24,-0.0,0.0,1.0
2017-07-25,0.0,0.0,1.0
2017-07-26,0.0,0.0,1.0
2017-07-27,0.0,0.0,1.0
2017-07-28,0.0,0.0,0.0
2017-07-31,0.0,0.0,0.0
2017-08-01,-0.0,0.0,0.0
2017-08-02,-0.0,0.0,0.0
2017-08-03,-0.0,0.0,0.0
2017-08-04,-0.0,0.0,0.0
2017-08-07,-0.0,0.0,0.0
2017-08-08,-0.0,0.0,0.0
2017-08-09,-0.0,0.0,0.0
2017-08-10,0.0,0.0,0.0
2017-08-11,0.0,0.0,0.0
2017-08-14,-0.0,0.0,0.0
2017-08-15,0.0,0.0,0.0
2017-08-16,-0.0,0.0,0.0
2017-08-17,0.0,0.0,0.0
2017-08-18,0.0,0.0,0.0
2017-08-21,-0.0,0.0,0.0
2017-08-22,0.0,0.0,0.0
2017-08-23,0.0,0.0,0.0
2017-08-24,0.0,0.0,0.0
2017-08-25,-0.0,0.0,0.0
2017-08-28,0.0,0.0,0.0
2017-08-29,0.0,0.0,0.0
2017-08-30,0.0,0.0,0.0
2017-08-31,0.0,0.0,0.0
2017-09-01,-0.0,0.0,0.0
2017-09-05,-0.0,0.0,0.0
2017-09-06,-0.0,0.0,0.0
2017-09-07,0.0,0.0,0.0
2017-09-08,0.0,0.0,0.0
2017-09-11,-0.0,0.0,0.0
2017-09-12,0.0,0.0,0.0
2017-09-13,-0.0,0.0,0.0
2017-09-14,-0.0,0.0,0.0
2017-09-15,0.0,0.0,0.0
2017-09-18,-0.0,0.0,0.0
2017-09-19,-0.0,0.0,0.0
2017-09-20,-0.0,0.0,0.0
2017-09-21,-0.0,0.0,0.0
2017-09-22,0.0,0.0,0.0
2017-09-25,0.0,0.0,0.0
2017-09-26,-0.0,0.0,0.0
2017-09-27,-0.0,0.0,0.0
2017-09-28,-0.0,0.0,0.0
2017-09-29,-0.0,0.0,0.0
2017-10-02,-0.0,0.0,0.0
2017-10-03,0.0,0.0,0.0
2017-10-04,0.0,0.0,0.0
2017-10-05,0.0,0.0,0.0
2017-10-06,-0.0,0.0,0.0
2017-10-09,-0.0,0.0,0.0
2017-10-10,-0.0,0.0,0.0
2017-10-11,0.0,0.0,0.0
2017-10-12,-0.0,0.0,0.0
2017-10-13,0.0,0.0,0.0
2017-10-16,-0.0,0.0,0.0
2017-10-17,0.0,0.0,0.0
2017-10-18,0.0,0.0,0.0
2017-10-19,0.0,0.0,0.0
2017-10-20,0.0,0.0,0.0
2017-10-23,-0.0,0.0,0.0
2017-10-24,0.0,0.0,0.0
2017-10-25,0.0,0.0,0.0
2017-10-26,0.0,0.0,0.0
2017-10-27,-0.0,0.0,0.0
2017-10-30,-0.0,0.0,0.0
2017-10-31,0.0,0.0,0.0
2017-11-01,-0.0,0.0,0.0
2017-11-02,0.0,0.0,0.0
2017-11-03,0.0,0.0,0.0
2017-11-06,0.0,0.0,0.0
2017-11-07,-0.0,0.0,0.0
2017-11-08,0.0,0.0,0.0
2017-11-09,-0.0,0.0,0.0
2017-11-10,0.0,0.0,0.0
2017-11-13,-0.0,0.0,0.0
2017-11-14,-0.0,0.0,0.0
2017-11-15,-0.0,0.0,0.0
2017-11-16,-0.0,0.0,0.0
2017-11-17,-3.2298155037003046e-05,0.06358699272909973,1.0
2017-11-20,0.0007054981867765518,0.06358699272909973,1.0
2017-11-21,0.00040671781107444303,0.06358699272909973,1.0
2017-11-22,-0.004224122427697151,0.06358699272909973,1.0
2017-11-24,-0.0002586828645404701,0.05861936673474942,1.0
2017-11-27,0.0023068065142364184,0.05861936673474942,1.0
2017-11-28,-0.0009367428190916184,0.06354774049009189,1.0
2017-11-29,-0.002710118407508433,0.06354774049009189,1.0
2017-11-30,-0.0018788758263071593,0.0,1.0
2017-12-01,-3.4634548175559904e-05,0.06818676672063356,1.0
2017-12-04,-0.004011263992360879,0.0,1.0
2017-12-05,0.0,0.0,1.0
2017-12-06,-0.0,0.0,1.0
2017-12-07,0.0,0.0,1.0
2017-12-08,0.0,0.0,1.0
2017-12-11,-3.4634548175559904e-05,0.06818676672063356,1.0
2017-12-12,-0.0007354752916423951,0.06818676672063356,1.0
2017-12-13,-0.004794664659710007,0.06818676672063356,1.0
2017-12-14,0.0011024856153966766,0.17606708849107544,1.0
2017-12-15,-0.007768183453589018,0.17606708849107544,1.0
2017-12-18,0.009266695263053909,0.19443745368456236,0.7796208594337082
2017-12-19,0.0063292479601888,0.0848563235225885,0.4819544882000462
2017-12-20,0.002469612960646691,0.05706945846433561,0.4571831816420822
2017-12-21,0.0005048032683795912,0.030621484710132717,0.4490825153154908
2017-12-22,0.0010025672422596234,0.03159480965807532,0.46335691187003614
2017-12-26,0.0002657632608956626,0.027068513452116083,0.46176741510361513
2017-12-27,0.000764636356796384,0.02719525759577257,0.46392956987799194
2017-12-28,1.3207077909297675e-05,0.027254086986011627,0.4649331527127445
2017-12-29,-0.00012364498551863448,0.027743517118950865,0.47328244340286557
2018-01-02,-4.4778096327694304e-07,0.05642040137289483,0.4772882431644014
2018-01-03,0.0003460707978180314,0.10198734417404903,0.4312044863404535
2018-01-04,-0.0015866456621619852,0.10189467095301424,0.4308126621489575
2018-01-05,-0.0015717598873430012,0.09989880404803425,0.4223740978296721
2018-01-08,-0.0017940338407524585,0.0,0.41514693762052635
2018-01-09,0.0,0.0,0.41514693762052635
2018-01-10,-0.0,0.0,0.41514693762052635
2018-01-11,-0.0,0.0,0.41519293748079017
2018-01-12,-0.0,0.0,0.4156335938799993
2018-01-16,-6.667229489352807e-05,0.13126108057163338,0.42992003811364643
2018-01-17,0.0029846477836382975,0.13224918912413303,0.4331563947297969
2018-01-18,0.004635591355800223,0.12135249489886027,0.45570842576527315
2018-01-19,-0.00016707673716914937,0.1324036913394596,0.529560464693276
2018-01-22,0.0023945649765746983,0.13978684815710737,0.5590900640247084
2018-01-23,0.0018052622346723217,0.13097337602723327,0.5537579960677979
2018-01-24,-0.004777792454821769,0.09178496546757432,0.5473224477898804
2018-01-25,0.00102991392424394,0.12760413780739838,0.510364218931198
2018-01-26,0.002039300604938383,0.11942914505207677,0.5049487616657067
2018-01-29,0.00042108571780514044,0.08338398065200084,0.4972265791508091
2018-01-30,-0.0024211925870956975,0.08340754424705993,0.49736709110133137
2018-01-31,0.0003365526926677068,0.11290362493528337,0.47735873495352776
2018-02-01,-0.00714665177939082,0.17348468610490905,0.538511454132974
2018-02-02,-0.008392532797046737,0.0,0.3374816954491447
2018-02-05,0.0,0.0,0.34032632349733183
2018-02-06,-0.0,0.0,0.34353095240937587
2018-02-07,-0.0,0.0,0.34353095240937587
2018-02-08,0.0,0.0,0.34353095240937587
2018-02-09,-5.509612554576231e-05,0.10847049716821955,0.34353095240937587
2018-02-12,-0.006029268377170526,0.0,0.2998328442991965
2018-02-13,0.0,0.0,0.2998328442991965
2018-02-14,0.0,0.0,0.2997411600413179
2018-02-15,-0.0,0.0,0.3107351906727256
2018-02-16,0.0,0.0,0.334610795542892
2018-02-20,-5.471896365813308e-05,0.10772795970194951,0.3343968942295805
2018-02-21,0.0032845465721287265,0.10473720282213349,0.3430462558521662
2018-02-22,-0.003838102311317196,0.09025437961879285,0.3204514933742889
2018-02-23,0.0038223238241059496,0.09442130106247004,0.309258534020402
2018-02-26,0.002348182268114293,0.07429829096512941,0.2790083322224909
2018-02-27,-0.0003607347457339027,0.07300512563738364,0.27415217878079684
2018-02-28,-0.002940408355412644,0.07309794490324005,0.2745007379229832
2018-03-01,0.02048484555107697,0.08363020675200723,0.2648606333126262
2018-03-02,-0.0011740694554343957,0.023569611792562877,0.09426878093231762
2018-03-05,-0.00022611983929514618,0.02429245311330241,0.09715984976761866
2018-03-06,1.9194610236814107e-05,0.024257556103020078,0.09702027603825684
2018-03-07,0.0006564038782492401,0.024259675457374973,0.09702875258649862
2018-03-08,-0.0006021973247524017,0.022958826161907545,0.09707036615474667
2018-03-09,-0.0007566612033303864,0.02415331089733707,0.09660333796798806
2018-03-12,0.0001311323939176383,0.023972863990602278,0.0958816243449294
2018-03-13,0.0008544598620967501,0.02446457744594072,0.09784827650749912
2018-03-14,0.001522779993971043,0.023141469592693167,0.09784258615315125
2018-03-15,-0.00019468548111920328,0.016338416855618553,0.0974275281455299
2018-03-16,-0.0002902428861710253,0.016321908481523144,0.0973290871462562
2018-03-19,-0.00036358920803372836,0.016282576054356283,0.09709454415542086
2018-03-20,0.0003842026258516196,0.016232123049720066,0.09679368810720886
2018-03-21,0.0002672418825725816,0.016254777008612296,0.09692877581105952
2018-03-22,0.0005881616525723516,0.011467468622787629,0.09700902190218468
2018-03-23,-0.00035135052046445116,0.00644314541851821,0.09843459981950697
2018-03-26,-0.00013360797223652113,0.011642313174979362,0.09848811895062484
2018-03-27,0.00031242817349371474,0.011610356443803723,0.09821778106381526
2018-03-28,0.0004402397176381066,0.0,0.09840871213962496
2018-03-29,-3.317090947817867e-06,0.006530522803516425,0.09976950030163087
2018-04-02,-7.698104925253482e-05,0.024873723645254236,0.38000617307263856
2018-04-03,-9.07975605066584e-05,0.025230133484634196,0.3854511937313791
2018-04-04,-4.30674095298231e-05,0.02545620932738702,0.38890504796944625
2018-04-05,-6.26556492765191e-05,0.025443268144648822,0.38870734016350966
2018-04-06,0.0006178033317311893,0.02637450760636895,0.4029342709242366
2018-04-09,9.574631703831915e-06,0.02059622026146616,0.42203297663902045
2018-04-10,0.0004714062329714082,0.0,0.4707287251258203
2018-04-11,-0.0,0.0,0.4696285617834688
2018-04-12,-1.2682366618909056e-05,0.024968409280977204,0.5161672900770715
2018-04-13,0.0002598601017498739,0.04473063359803237,0.9165663507515406
2018-04-16,8.466650554006027e-05,0.04515741047445161,0.9253113492624028
2018-04-17,-0.0010306990155794374,0.047793287052671905,0.9793225622052285
2018-04-18,-0.0017424694217312183,0.0654561041578122,1.0
2018-04-19,0.0022672624581074885,0.11821033134784527,1.0
2018-04-20,0.0036798969608050932,0.0654561041578122,1.0
2018-04-23,0.002518564047691902,0.0,1.0
2018-04-24,-0.0,0.0,1.0
2018-04-25,-0.0,0.0,1.0
2018-04-26,0.0,0.0,1.0
2018-04-27,0.0,0.0,1.0
2018-04-30,-0.0,0.0,1.0
2018-05-01,-0.0,0.0,1.0
2018-05-02,-2.5125282181353334e-05,0.04946539929453937,1.0
2018-05-03,-0.0009982889028592198,0.04837270737796858,1.0
2018-05-04,7.18832867731118e-05,0.04837270737796858,1.0
2018-05-07,-3.872448362273385e-05,0.04837270737796858,1.0
2018-05-08,0.0015706484194000464,0.04837270737796858,1.0
2018-05-09,0.0007664215384645295,0.0,1.0
2018-05-10,0.0,0.0,1.0
2018-05-11,0.0,0.0,1.0
2018-05-14,0.0,0.0,1.0
2018-05-15,-0.0,0.0,1.0
2018-05-16,0.0,0.0,1.0
2018-05-17,-0.0,0.0,1.0
2018-05-18,-0.0,0.0,1.0
2018-05-21,-0.0,0.0,1.0
2018-05-22,0.0,0.0,1.0
2018-05-23,0.0,0.0,1.0
2018-05-24,0.0,0.0,1.0
2018-05-25,0.0,0.0,1.0
2018-05-29,-0.0,0.0,1.0
2018-05-30,0.0,0.0,1.0
2018-05-31,-0.0,0.0,1.0
2018-06-01,0.0,0.0,1.0
2018-06-04,0.0,0.0,1.0
2018-06-05,-0.0,0.0,1.0
2018-06-06,-0.0,0.0,1.0
2018-06-07,0.0,0.0,0.0
2018-06-08,0.0,0.0,0.0
2018-06-11,-0.0,0.0,0.0
2018-06-12,-0.0,0.0,0.0
2018-06-13,0.0,0.0,0.0
2018-06-14,-0.0,0.0,0.0
2018-06-15,-0.0,0.0,0.0
2018-06-18,0.0,0.0,0.0
2018-06-19,0.0,0.0,0.0
2018-06-20,-0.0,0.0,0.0
2018-06-21,-0.0,0.0,0.0
2018-06-22,-2.4570264064999915e-05,0.04837270737796858,1.0
2018-06-25,-0.0008389158959395485,0.0,1.0
2018-06-26,-0.0,0.0,1.0
2018-06-27,0.0,0.0,1.0
2018-06-28,-0.0,0.0,1.0
2018-06-29,0.0,0.0,1.0
2018-07-02,-3.3247544969047464e-05,0.0654561041578122,1.0
2018-07-03,0.0007764108077575418,0.2662941653867218,1.0
2018-07-05,0.02286231930888173,0.26472572230522734,0.9941101109773973
2018-07-06,-0.021246813365551575,0.06106639433587327,0.3641446968503778
2018-07-09,0.0045487148684768474,0.07904826266502572,0.31616063182682275
2018-07-10,0.0017843785528921026,0.04457176448645783,0.2657856558181137
2018-07-11,-0.0017417081140990616,0.031340728129814796,0.2651268105965433
2018-07-12,0.0010832459043673746,0.06182627048157703,0.2614026810998969
2018-07-13,0.0014887142572374385,0.030274732110981903,0.25610901996286256
2018-07-16,-0.0018241041501447339,0.016768107790271405,0.25617332418446614
2018-07-17,0.0007957341741878228,0.059906256030587114,0.25328482243997874
2018-07-18,0.00037519569749244167,0.02885328009564325,0.2440842502229327
2018-07-19,-0.0012036234895258888,0.028880915798949237,0.24431803438537333
2018-07-20,-0.00014919640731670552,0.04031370664126609,0.24039445333970152
2018-07-23,0.007955032505989872,0.04027784159597664,0.24018058667561426
2018-07-24,-0.0007403324841076859,0.0,0.18569703219024553
2018-07-25,-4.170762924966685e-06,0.008211189508528161,0.18569703219024553
2018-07-26,0.0005363557188917213,0.0,0.1858638635956409
2018-07-27,0.0,0.0,0.1858638635956409
2018-07-30,-0.0,0.0,0.1858638635956409
2018-07-31,-0.0,0.0,0.1858638635956409
2018-08-01,-0.0,0.0,0.1913065031821849
2018-08-02,-4.726066421587088e-06,0.00930444326749958,0.19065546193921942
2018-08-03,0.00016229746861711524,0.01373349061103204,0.20981222130056984
2018-08-06,-0.00026334907401641806,0.011095291715038381,0.22735137465667093
2018-08-07,0.0007904656552884152,0.0162046594846001,0.24756529116873924
2018-08-08,-0.0007570406866253134,0.01223030649788676,0.24724972753301713
2018-08-09,-0.00030250768364547664,0.012195688896238946,0.24989939035915026
2018-08-10,0.00042397550998139716,0.01652082391923432,0.25239546611883956
2018-08-13,-0.0002605864539721575,0.0,0.252466809419588
2018-08-14,0.0,0.0,0.2557968841727768
2018-08-15,0.0,0.0,0.26594526305424326
2018-08-16,-0.0,0.0,0.26572425537768635
2018-08-17,-0.0,0.0,0.2707679576597398
2018-08-20,-9.018135411245421e-06,0.01775445409088942,0.27124214493554494
2018-08-21,-0.0006482887534879898,0.04837270737796858,1.0
2018-08-22,0.003717329221552094,0.0654561041578122,1.0
2018-08-23,-0.00039674620815816644,0.04946539929453937,1.0
2018-08-24,2.1735073707821863e-05,0.04946539929453937,1.0
2018-08-27,0.0008975938835730825,0.04946539929453937,1.0
2018-08-28,-3.885368842505146e-05,0.04421820538368026,1.0
2018-08-29,0.00048098269624285864,0.04946539929453937,1.0
2018-08-30,0.00099527015098472,0.04421820538368026,1.0
2018-08-31,0.0007770710723326132,0.0,1.0
2018-09-04,-0.0,0.0,1.0
2018-09-05,-2.4570264064999915e-05,0.04837270737796858,1.0
2018-09-06,0.0005092580340683437,0.04946539929453937,1.0
2018-09-07,0.0017099306994825315,0.04946539929453937,1.0
2018-09-10,-0.0002716255176359434,0.0,1.0
2018-09-11,0.0,0.0,1.0
2018-09-12,-0.0,0.0,1.0
2018-09-13,0.0,0.0,1.0
2018-09-14,-0.0,0.0,1.0
2018-09-17,0.0,0.0,1.0
2018-09-18,0.0,0.0,1.0
2018-09-19,-0.0,0.0,1.0
2018-09-20,-0.0,0.0,1.0
2018-09-21,0.0,0.0,1.0
2018-09-24,-2.4788518375066268e-05,0.04880239555091172,1.0
2018-09-25,0.0011485633875619042,0.04837270737796858,1.0
2018-09-26,0.0009880618087815712,0.04946539929453937,1.0
2018-09-27,0.0012047314122257166,0.04421820538368026,1.0
2018-09-28,-0.0005141249631049539,0.0,1.0
2018-10-01,-0.0,0.0,1.0
2018-10-02,0.0,0.0,1.0
2018-10-03,-0.0,0.0,1.0
2018-10-04,0.0,0.0,1.0
2018-10-05,-0.0,0.0,1.0
2018-10-08,0.0,0.0,1.0
2018-10-09,-0.0,0.0,1.0
2018-10-10,-0.0,0.0,1.0
2018-10-11,-0.0,0.0,1.0
2018-10-12,-2.4570264064999915e-05,0.04837270737796858,1.0
2018-10-15,-0.0008713343681081555,0.04837270737796858,1.0
2018-10-16,0.002753711013572117,0.04880239555091172,1.0
2018-10-17,0.00034163250455339686,0.04421820538368026,1.0
2018-10-18,0.0002572186782187118,0.04421820538368026,1.0
2018-10-19,0.0006656570907540656,0.0,1.0
2018-10-22,-0.0,0.0,1.0
2018-10-23,-0.0,0.0,1.0
2018-10-24,-0.0,0.0,1.0
2018-10-25,-2.5125282181353334e-05,0.04946539929453937,1.0
2018-10-26,0.00043300058564541694,0.04837270737796858,1.0
2018-10-29,0.0016420710762704586,0.04837270737796858,1.0
2018-10-30,-4.477707456747445e-05,0.04946539929453937,1.0
2018-10-31,-0.0004909966510427484,0.04946539929453937,1.0
2018-11-01,-0.00204323187645566,0.04946539929453937,1.0
2018-11-02,-0.00021902104392312267,0.04880239555091172,1.0
2018-11-05,-0.00027377395645046554,0.04880239555091172,1.0
2018-11-06,0.0025583790707993464,0.04880239555091172,1.0
2018-11-07,-0.00025124385166855497,0.04946539929453937,1.0
2018-11-08,-0.00015655367717901117,0.04946539929453937,1.0
2018-11-09,-0.0003076877038928124,0.04837270737796858,1.0
2018-11-12,0.0013665640346296592,0.04837270737796858,1.0
2018-11-13,0.0009267927977197292,0.04946539929453937,1.0
2018-11-14,0.0012477882037018808,0.0,1.0
2018-11-15,-0.0,0.0,1.0
2018-11-16,-2.5125282181353334e-05,0.04946539929453937,1.0
2018-11-19,0.00010903275350789975,0.0,1.0
2018-11-20,-0.0,0.0,1.0
2018-11-21,-2.5125282181353334e-05,0.04946539929453937,1.0
2018-11-23,-0.001434984190534393,0.11821033134784527,1.0
2018-11-26,0.003381850740604896,0.23651735407392274,1.0
2018-11-27,-0.009596791770221798,0.11125497643389266,0.9411611926415653
2018-11-28,-0.00031711068679046603,0.21153157627834607,0.8460395529612982
2018-11-29,0.006779610322293601,0.2112943222356893,0.845090634091978
2018-11-30,0.002262989371172438,0.11315961968073054,0.6747815365960954
2018-12-03,-0.012383812742983126,0.04469032961970545,0.6827526659997782
2018-12-04,0.0005718029911833445,0.1806643122392683,0.5917306764916832
2018-12-06,0.0102569935877794,0.16081751347460932,0.5709884946452825
2018-12-07,0.0076415700035591385,0.06842126210732109,0.40800247041201676
2018-12-10,-0.0038023078026959913,0.019056071193434995,0.3904740941160416
2018-12-11,-6.497935636771374e-05,0.09108265638621414,0.3850992530457048
2018-12-12,5.8691724962776494e-05,0.09106802165697932,0.38503737712420155
2018-12-13,0.0032641377339365,0.09095115794982736,0.38454327508416514
2018-12-14,-0.0017464336490240465,0.024085950641972997,0.3679710387881118
2018-12-17,0.0006041136595159228,0.06141376699928071,0.366216112963713
2018-12-18,0.0038345775065729477,0.023890120696419114,0.3649792636424089
2018-12-19,0.0012111463792624836,0.01607124602224864,0.3634531497332115
2018-12-20,-0.001344964906577698,0.0,0.3646609066599698
2018-12-21,-8.959814770817744e-06,0.017639635330047435,0.3646609066599698
2018-12-24,0.00014897069701663105,0.01817405738678215,0.3724009278975368
2018-12-26,-0.0004903565162807312,0.018483779512589178,0.38211174264369674
2018-12-27,0.00011510880173804216,0.025244856811171473,0.3856761280858861
2018-12-28,-0.0004841696286634476,0.02638438996464815,0.4030852478026554
2018-12-31,0.00012076460571570433,0.04744514456334741,0.401362080812848
2019-01-02,-9.260611862764888e-07,0.1166837094708376,0.4161030956880494
2019-01-03,0.005409740753622974,0.11622447804981821,0.33754887609833284
2019-01-04,-0.004133859511229395,0.08836928383936765,0.3151316729306312
2019-01-07,-0.003694367708936957,0.0,0.29405716489389155
2019-01-08,0.0,0.0,0.3384527221195234
2019-01-09,-0.0,0.0,0.3534313124892557
2019-01-10,0.0,0.0,0.3560259316113491
2019-01-11,-0.0,0.0,0.3561457643517684
2019-01-14,-0.0,0.0,0.3561150421734013
2019-01-15,0.0,0.0,0.37766379588094895
2019-01-16,0.0,0.0,0.3782092512513296
2019-01-17,0.0,0.0,0.38505832734102413
2019-01-18,-0.0,0.0,0.39219632143723976
2019-01-22,-6.565967834277982e-05,0.12926749173734778,0.39490712976909603
2019-01-23,-0.005980729604863508,0.12803485550359114,0.3718495647545499
2019-01-24,-0.004481581603245382,0.1105032224427159,0.32296656620437497
2019-01-25,-0.003306952798874303,0.10243185608113735,0.307039033496349
2019-01-28,-0.004724852575938742,0.0,0.29881938946151787
2019-01-29,0.0,0.0,0.29922901661665846
2019-01-30,-0.0,0.0,0.29837672275772437
2019-01-31,-5.0659708859530485e-05,0.09973630181720064,0.2989591215666022
2019-02-01,0.008182457842809883,0.0,0.3150943694391819
2019-02-04,0.0,0.0,0.4025691467891064
2019-02-05,-7.246186314231384e-05,0.14265929306143038,0.4169487640152604
2019-02-06,0.008752101149630417,0.10733208835552548,0.32789533064295867
2019-02-07,0.0022859303963425454,0.0735546787718543,0.2623016501455841
2019-02-08,0.003508564885642461,0.07225572744011405,0.2576694896431764
2019-02-11,-0.003852030845657051,0.058604473030102334,0.2411842319630275
2019-02-12,-0.0011783132904613558,0.06443053882350588,0.22976426429098337
2019-02-13,0.003550113037712854,0.0640202369242863,0.2283010961143269
2019-02-14,0.005817614930224537,0.0517165027653214,0.21283708144361155
2019-02-15,0.005226787256260003,0.024072958690139916,0.19108061047674982
2019-02-19,-0.002072393659773089,0.008305627153346184,0.1860996136859725
2019-02-20,0.00029074427175716154,0.013011397535410767,0.1851902816606184
2019-02-21,0.0006551760994867091,0.009071425590354858,0.189568520901209
2019-02-22,-0.0003121985180656421,0.009093683511473914,0.20375715851704035
2019-02-25,-0.0005730248465222202,0.010249497146624445,0.21418706406329593
2019-02-26,0.0010765856589987923,0.02800272063862437,0.22227334095122506
2019-02-27,0.00042463280357327426,0.009130558567210291,0.21804883251019722
2019-02-28,-0.0002482168186897698,0.0,0.21835407819620317
2019-03-01,-3.110140559346848e-05,0.06123089226214107,0.21835407819620317
2019-03-04,-0.00035344759357639865,0.0,0.11908750544869423
2019-03-05,0.0,0.0,0.11908750544869423
2019-03-06,0.0,0.0,0.11908750544869423
2019-03-07,-0.0,0.0,0.11895162590338663
2019-03-08,0.0,0.0,0.11999830667600239
2019-03-11,-0.0,0.0,0.11957322560177458
2019-03-12,-0.0,0.0,0.11969954761225692
2019-03-13,-0.0,0.0,0.12296697927743193
2019-03-14,-0.0,0.0,0.12408850812898412
2019-03-15,0.0,0.0,0.12452783400577286
2019-03-18,0.0,0.0,0.1272851087810966
2019-03-19,0.0,0.0,0.12781561332539573
2019-03-20,0.0,0.0,0.12838115354106308
2019-03-21,-0.0,0.0,0.128195820427082
2019-03-22,0.0,0.0,0.1280211314822281
2019-03-25,0.0,0.0,0.1282027093626148
2019-03-26,-0.0,0.0,0.1286221551065439
2019-03-27,-0.0,0.0,0.12944252745267806
2019-03-28,-0.0,0.0,0.12938837409432324
2019-03-29,-0.0,0.0,0.12938837409432324
2019-04-01,-0.0,0.0,0.0
2019-04-02,0.0,0.0,0.0
2019-04-03,-2.266921015543888e-05,0.04463000749352029,1.0
2019-04-04,0.00026061900408306675,0.0,1.0
2019-04-05,0.0,0.0,1.0
2019-04-08,-0.0,0.0,1.0
2019-04-09,-2.126929083154652e-05,0.04187391632460721,1.0
2019-04-10,0.003813031691264772,0.0,1.0
2019-04-11,-0.0,0.0,1.0
2019-04-12,-0.0,0.0,1.0
2019-04-15,-0.0,0.0,1.0
2019-04-16,0.0,0.0,1.0
2019-04-17,0.0,0.0,1.0
2019-04-18,0.0,0.0,1.0
2019-04-22,0.0,0.0,1.0
2019-04-23,-0.0,0.0,1.0
2019-04-24,0.0,0.0,1.0
2019-04-25,0.0,0.0,1.0
2019-04-26,0.0,0.0,1.0
2019-04-29,-0.0,0.0,1.0
2019-04-30,0.0,0.0,1.0
2019-05-01,-0.0,0.0,1.0
2019-05-02,0.0,0.0,1.0
2019-05-03,-0.0,0.0,1.0
2019-05-06,-0.0,0.0,1.0
2019-05-07,-0.0,0.0,1.0
2019-05-08,0.0,0.0,1.0
2019-05-09,0.0,0.0,0.0
2019-05-10,0.0,0.0,0.0
2019-05-13,-0.0,0.0,0.0
2019-05-14,-0.0,0.0,0.0
2019-05-15,0.0,0.0,0.0
2019-05-16,0.0,0.0,0.0
2019-05-17,-0.0,0.0,0.0
2019-05-20,-0.0,0.0,0.0
2019-05-21,0.0,0.0,0.0
2019-05-22,0.0,0.0,0.0
2019-05-23,0.0,0.0,0.0
2019-05-24,-0.0,0.0,0.0
2019-05-28,0.0,0.0,0.0
2019-05-29,-0.0,0.0,0.0
2019-05-30,-0.0,0.0,0.0
2019-05-31,-0.0,0.0,0.0
2019-06-03,-0.0,0.0,0.0
2019-06-04,-0.0,0.0,0.0
2019-06-05,0.0,0.0,0.0
2019-06-06,-2.126929083154652e-05,0.04187391632460721,1.0
2019-06-07,-2.5170816362103027e-05,0.04463000749352029,1.0
2019-06-10,0.00043598767319827353,0.0,1.0
2019-06-11,0.0,0.0,1.0
2019-06-12,-0.0,0.0,1.0
2019-06-13,0.0,0.0,1.0
2019-06-14,0.0,0.0,1.0
2019-06-17,-0.0,0.0,1.0
2019-06-18,-2.4306294180413876e-05,0.04785301666768981,1.0
2019-06-19,0.0011924983024100334,0.12598326240468574,1.0
2019-06-20,-0.004131212597215425,0.04785301666768981,1.0
2019-06-21,0.003579238185220652,0.12598326240468574,1.0
2019-06-24,-0.0035988506077838317,0.03908873876998984,0.933486575914547
2019-06-25,0.0016555977868114725,0.04414421093682204,0.9224958844993373
2019-06-26,0.003605192107264249,0.0,0.9129403923506773
2019-06-27,-0.0,0.0,0.9129403923506773
2019-06-28,0.0,0.0,0.9129403923506773
2019-07-01,-0.0,0.0,0.9129403923506773
2019-07-02,0.0,0.0,0.9129403923506773
2019-07-03,0.0,0.0,0.9129403923506773
2019-07-05,0.0,0.0,0.9119723340809021
2019-07-08,-0.0,0.0,0.9171282160690708
2019-07-09,0.0,0.0,0.9172438785622561
2019-07-10,0.0,0.0,0.9172438785622561
2019-07-11,-0.0,0.0,0.9172438785622561
2019-07-12,-0.0,0.0,0.9172438785622561
2019-07-15,-0.0,0.0,0.9172438785622561
2019-07-16,0.0,0.0,0.9172438785622561
2019-07-17,0.0,0.0,0.9172438785622561
2019-07-18,-0.0,0.0,0.9362426977429158
2019-07-19,0.0,0.0,0.9708488666037814
2019-07-22,-0.0,0.0,0.9914904050384876
2019-07-23,0.0,0.0,1.0
2019-07-24,0.0,0.0,1.0
2019-07-25,0.0,0.0,0.0
2019-07-26,-0.0,0.0,0.0
2019-07-29,-0.0,0.0,0.0
2019-07-30,0.0,0.0,0.0
2019-07-31,-0.0,0.0,0.0
2019-08-01,-0.0,0.0,0.0
2019-08-02,-0.0,0.0,0.0
2019-08-05,-3.568742251616575e-05,0.07025961307870132,1.0
2019-08-06,1.3142950550126916e-05,0.2804201907652109,1.0
2019-08-07,-0.004177165978036878,0.2804201907652109,1.0
2019-08-08,-0.005317818849107472,0.30249618964607405,1.0
2019-08-09,-0.010258188707350471,0.3273364342976818,1.0
2019-08-12,-0.011062721548141136,0.0,0.7379527905988126
2019-08-13,0.0,0.0,0.7379527905988126
2019-08-14,-0.0,0.0,0.7379527905988126
2019-08-15,-0.0,0.0,0.7379527905988126
2019-08-16,0.0,0.0,0.7379527905988126
2019-08-19,-0.00012504878034131294,0.24618978629695984,0.7379527905988126
2019-08-20,0.0077937854476292775,0.0,0.5324932032739974
2019-08-21,-9.254242475327369e-05,0.18219289873300756,0.5324932032739974
2019-08-22,-0.006020828464118272,0.1066771433366755,0.3526561556411328
2019-08-23,0.000723927987337192,0.11003470657277135,0.336151723558842
2019-08-26,-0.003143975697562521,0.10922718698943329,0.33368478282531
2019-08-27,-0.00015638218204391,0.10562547740825005,0.32268170096883747
2019-08-28,0.0032253911970735335,0.10572263326024721,0.3229785082955428
2019-08-29,-0.004065603033197605,0.09085256221797144,0.300342831836231
2019-08-30,-0.0046297185792960795,0.0,0.28699864273271236
2019-09-03,-3.260972078199263e-05,0.064200387789548,0.2642139826561908
2019-09-04,0.0018988729233790122,0.059556721799827704,0.17406578295986613
2019-09-05,0.0015786590532110112,0.05808538183909248,0.16869643715779067
2019-09-06,0.002595141873387347,0.053764300585875884,0.16424783480406063
2019-09-09,-0.0021773065483336623,0.04404314889904503,0.15706126145503305
2019-09-10,0.0018483460728992427,0.04748301242859284,0.15697061336259746
2019-09-11,0.0020085149115430015,0.03881474649460599,0.15239565735823288
2019-09-12,-0.00016597582465714247,0.03630839435806786,0.1494256624842144
2019-09-13,0.00032725674204043333,0.03631770151026412,0.14946396567573128
2019-09-16,0.0009708537116213964,0.036266514113442,0.1492533061074354
2019-09-17,0.00017527675741415882,0.025964239195195332,0.14817420664973596
2019-09-18,0.0008678467902180371,0.02654140741249897,0.15146802327418896
2019-09-19,0.00280844661488502,0.018992957788439853,0.15075778659732056
2019-09-20,-0.0010521227026369549,0.006878560650833287,0.1541241204548748
2019-09-23,-0.00011215808561100023,0.0074656619177169495,0.15601235695466067
2019-09-24,5.307816998235083e-05,0.010968129443440182,0.15610859443752173
2019-09-25,-0.0001501276889796118,0.007563626213803759,0.15805954860335258
2019-09-26,0.000545839207340847,0.011104658174174607,0.1580517980042919
2019-09-27,2.4569580555221428e-05,0.0071254395745790605,0.15965580054212591
2019-09-30,1.561463096963663e-05,0.006827887485721399,0.16305824926408877
2019-10-01,-0.00023514071916816396,0.0,0.17115564477911166
2019-10-02,-0.0,0.0,0.3312465289086225
2019-10-03,0.0,0.0,0.33775155888568437
2019-10-04,0.0,0.0,0.34387645698766817
2019-10-07,0.0,0.0,0.38168518925728506
2019-10-08,0.0,0.0,0.455194358649912
2019-10-09,0.0,0.0,0.5209423006078141
2019-10-10,0.0,0.0,0.5971963562450107
2019-10-11,-0.0,0.0,0.6022225888656142
2019-10-14,-0.0,0.0,0.6001771416871347
2019-10-15,0.0,0.0,0.6340580429498822
2019-10-16,0.0,0.0,0.6324662061877984
2019-10-17,-0.0,0.0,0.6688947988644411
2019-10-18,0.0,0.0,1.0
2019-10-21,-0.0,0.0,1.0
2019-10-22,-0.0,0.0,1.0
2019-10-23,-0.0,0.0,1.0
2019-10-24,0.0,0.0,1.0
2019-10-25,-0.0,0.0,1.0
2019-10-28,0.0,0.0,1.0
2019-10-29,0.0,0.0,0.0
2019-10-30,-0.0,0.0,0.0
2019-10-31,-0.0,0.0,0.0
2019-11-01,-0.0,0.0,0.0
2019-11-04,-0.0,0.0,0.0
2019-11-05,-0.0,0.0,0.0
2019-11-06,-0.0,0.0,0.0
2019-11-07,-0.0,0.0,0.0
2019-11-08,-2.4306294180413876e-05,0.04785301666768981,1.0
2019-11-11,-0.0009131442754745033,0.04785301666768981,1.0
2019-11-12,-0.00013713450994607055,0.07025961307870132,1.0
2019-11-13,0.002036507866651267,0.07025961307870132,1.0
2019-11-14,-0.0006367402276995477,0.04785301666768981,1.0
2019-11-15,2.474899221476046e-05,0.04785301666768981,1.0
2019-11-18,-0.0009266233150275794,0.04785301666768981,1.0
2019-11-19,0.0019790623136019146,0.04785301666768981,1.0
2019-11-20,0.00016651716018213888,0.04463000749352029,1.0
2019-11-21,0.0016541113065372567,0.04463000749352029,1.0
2019-11-22,-0.00069234236628381,0.0,1.0
2019-11-25,-2.126929083154652e-05,0.04187391632460721,1.0
2019-11-26,0.001714919025507809,0.04187391632460721,1.0
2019-11-27,-0.0016081246563097844,0.0,1.0
2019-11-29,-0.0,0.0,1.0
2019-12-02,-0.0,0.0,1.0
2019-12-03,-2.4306294180413876e-05,0.04785301666768981,1.0
2019-12-04,-0.0017621466418243016,0.07025961307870132,1.0
2019-12-05,0.002767035227723589,0.12598326240468574,1.0
2019-12-06,0.001892103187035549,0.07025961307870132,1.0
2019-12-09,0.0012372636419268846,0.0,1.0
2019-12-10,0.0,0.0,1.0
2019-12-11,-0.0,0.0,1.0
2019-12-12,-0.0,0.0,1.0
2019-12-13,0.0,0.0,1.0
2019-12-16,-2.4306294180413876e-05,0.04785301666768981,1.0
2019-12-17,0.0010184342515767565,0.04785301666768981,1.0
2019-12-18,-0.0007256810036446398,0.04785301666768981,1.0
2019-12-19,0.0015511365848231002,0.04785301666768981,1.0
2019-12-20,0.002073619839685254,0.04463000749352029,1.0
2019-12-23,-0.0003054874908725846,0.0,1.0
2019-12-24,-2.126929083154652e-05,0.04187391632460721,1.0
2019-12-26,0.0011098227250514057,0.0,1.0
2019-12-27,-0.0,0.0,1.0
2019-12-30,-0.0,0.0,1.0
2019-12-31,-2.266921015543888e-05,0.04463000749352029,1.0
2020-01-02,-1.1468451544261625e-06,0.14450248945769648,1.0
2020-01-03,-0.0009704015635598524,0.14450248945769648,1.0
2020-01-06,-0.004440079685851558,0.0,1.0
2020-01-07,-0.0,0.0,1.0
2020-01-08,-0.0,0.0,1.0
2020-01-09,0.0,0.0,1.0
2020-01-10,0.0,0.0,1.0
2020-01-13,0.0,0.0,1.0
2020-01-14,-0.0,0.0,1.0
2020-01-15,-0.0,0.0,1.0
2020-01-16,-0.0,0.0,1.0
2020-01-17,-0.0,0.0,1.0
2020-01-21,-0.0,0.0,1.0
2020-01-22,-0.0,0.0,1.0
2020-01-23,0.0,0.0,1.0
2020-01-24,-0.0,0.0,1.0
2020-01-27,-0.00018039460930014146,0.3551518870596535,1.0
2020-01-28,0.017818784753975737,0.26238770926839294,0.7186721413774115
2020-01-29,0.014089169013938283,0.1457154014553164,0.4338801015696283
2020-01-30,-0.007873223367506533,0.10126593368638964,0.34755830087832607
2020-01-31,0.0016900367048877539,0.10220098156001008,0.30431218537575555
2020-02-03,0.00283569438819973,0.10981425730606896,0.3007273317958544
2020-02-04,-0.002197412435256228,0.10600412399306855,0.29034214673145925
2020-02-05,0.007314263166096248,0.10325771230612957,0.2828198067039489
2020-02-06,0.003119213220263602,0.07928919457499382,0.23609037515585962
2020-02-07,0.006159500812086136,0.07444197707273059,0.23250954124243578
2020-02-10,0.0013373993725672455,0.041473509128257216,0.20873539830396254
2020-02-11,-0.0011302593945195154,0.0416013378982858,0.20937875812056517
2020-02-12,0.00405729440683437,0.04099873175500521,0.20634585263506364
2020-02-13,-0.0006272122151515271,0.01642296754495606,0.19782814743874289
2020-02-14,-0.00035204958911796036,0.01638303682181658,0.19734714904652487
2020-02-18,0.0006077536181054705,0.02841511790590172,0.19664102682618717
2020-02-19,0.0012042150959792818,0.01242888965417345,0.19739711196106827
2020-02-20,-0.0003840658277510175,0.010860693695707824,0.19808890186670466
2020-02-21,-0.00021778992767193585,0.012427554425360903,0.19737590569737637
2020-02-24,-0.00020569789423608424,0.016344022867291655,0.19687719388605837
2020-02-25,-0.0013804488534713845,0.0,0.1963434160465801
2020-02-26,-2.9183332882346835e-05,0.05745468661212033,0.20563841214136655
2020-02-27,0.0009841320812926807,0.05818859090966562,0.16384142399303064
2020-02-28,0.0074867901081484755,0.056834358411794295,0.1692291751871935
2020-03-02,0.009702029057423282,0.05426010349160727,0.1460029561873955
2020-03-03,-0.002140331916092979,0.03288139281595224,0.11285336145734004
2020-03-04,0.0022843778313665977,0.035425581965854915,0.11064705875664488
2020-03-05,-0.0015522395735516111,0.02196189707624591,0.11053381857667409
2020-03-06,-0.0007536143184675828,0.03235868695618734,0.11105936466231076
2020-03-09,-4.380551933239672e-05,0.035092672090042125,0.10960725936463409
2020-03-10,-0.003150261720733258,0.0,0.11213661128254297
2020-03-11,-1.9635855598044478e-05,0.03865809070865006,0.10588336210035436
2020-03-12,-0.013310600061800659,0.0,0.10611331308985943
2020-03-13,-0.0,0.0,0.06545200097358232
2020-03-16,-0.0,0.0,0.06543833045547054
2020-03-17,0.0,0.0,0.06542044959011166
2020-03-18,0.0,0.0,0.0655288375215032
2020-03-19,-1.2162678607902257e-05,0.02394527350930757,0.0655743469766931
2020-03-20,0.00010181131684670387,0.0,0.062138021965929616
2020-03-23,-0.0,0.0,0.06211717960707428
2020-03-24,0.0,0.0,0.062095025149432555
2020-03-25,0.0,0.0,0.062029944462614915
2020-03-26,-1.1903323285293383e-05,0.02343466771792135,0.0630579476247234
2020-03-27,0.004440276918874356,0.022374873696246807,0.061284114401420335
2020-03-30,0.0021162210627623515,0.019520800698339096,0.05812485780587213
2020-03-31,-0.00150314805849229,0.017902588273743303,0.06144409018156067
2020-04-01,-0.0028984573883239456,0.0,0.06114479410923566
2020-04-02,-1.0762365967997909e-05,0.021188407999495885,0.05966013069764979
2020-04-03,-0.0025979073423826483,0.0,0.05918110136023679
2020-04-06,0.0,0.0,0.05814509615146469
2020-04-07,0.0,0.0,0.05813621431525121
2020-04-08,-0.0,0.0,0.05832728373177941
2020-04-09,0.0,0.0,0.05829023104097031
2020-04-13,0.0,0.0,0.07920627801501649
2020-04-14,0.0,0.0,0.07920627801501649
2020-04-15,-0.0,0.0,0.07920627801501649
2020-04-16,0.0,0.0,0.07920627801501649
2020-04-17,0.0,0.0,0.07920627801501649
2020-04-20,0.0,0.0,0.08827172827680028
2020-04-21,-0.0,0.0,0.08827172827680028
2020-04-22,-0.0,0.0,0.08827172827680028
2020-04-23,-0.0,0.0,0.08827172827680028
2020-04-24,-0.0,0.0,0.08827172827680028
2020-04-27,0.0,0.0,0.09331093163422428
2020-04-28,0.0,0.0,0.12573532424942468
2020-04-29,-0.0,0.0,0.14224383064639803
2020-04-30,-0.0,0.0,0.14493162192719722
2020-05-01,0.0,0.0,0.2013025311552682
2020-05-04,-1.0179861796457515e-05,0.020041602911775733,0.24141758576130198
2020-05-05,-0.0008636302760616213,0.06296388802600487,1.0
2020-05-06,-0.004624165382299187,0.0,1.0
2020-05-07,-4.216702674892417e-05,0.08301633391194446,1.0
2020-05-08,0.0013598278187063578,0.04477886119530596,0.7111832289774057
2020-05-11,-0.0017282221779615636,0.0,0.7109443210334198
2020-05-12,-0.0,0.0,0.7109443210334198
2020-05-13,-0.0,0.0,0.7109443210334198
2020-05-14,0.0,0.0,0.7109443210334198
2020-05-15,0.0,0.0,0.7109443210334198
2020-05-18,-5.218195517721444e-05,0.10273322425514092,0.7109443210334198
2020-05-19,-0.004824745926397773,0.057928075591010174,0.6977913003536697
2020-05-20,-0.00368153012260695,0.0,0.6681704715973112
2020-05-21,-4.183738109215942e-05,0.08236734402518886,0.5700064015111804
2020-05-22,0.0025593921450496014,0.07959751992574085,0.5508383988709292
2020-05-26,-0.004484307529586048,0.0,0.5344764038219234
2020-05-27,-0.0,0.0,0.5344764038219234
2020-05-28,-0.0,0.0,0.5344764038219234
2020-05-29,-0.0,0.0,0.5344764038219234
2020-06-01,0.0,0.0,0.5344764038219234
2020-06-02,0.0,0.0,0.5344764038219234
2020-06-03,-0.0,0.0,0.562835363168394
2020-06-04,0.0,0.0,0.5678002312023902
2020-06-05,0.0,0.0,0.6027762928156691
2020-06-08,0.0,0.0,0.8305228078466768
2020-06-09,0.0,0.0,0.8363069304680419
2020-06-10,-0.0,0.0,0.8363069304680419
2020-06-11,-0.0,0.0,0.8363069304680419
2020-06-12,0.0,0.0,0.8363069304680419
2020-06-15,-2.6746481739866234e-05,0.05265713592536164,0.8363069304680419
2020-06-16,0.002912709192772991,0.04793242468869231,0.7612685015400513
2020-06-17,0.00314591577065219,0.04168682602636869,0.7603287433780773
2020-06-18,0.002278647729177344,0.04184528875644232,0.7632189554645752
2020-06-19,-0.0014239682326625423,0.04374132298023939,1.0
2020-06-22,-0.0002522828767268292,0.054827370909532616,1.0
2020-06-23,0.0005134300618883156,0.04374132298023939,1.0
2020-06-24,-0.005206452063606495,0.0,1.0
2020-06-25,-2.784882331912768e-05,0.054827370909532616,1.0
2020-06-26,-0.005951904153778799,0.054827370909532616,1.0
2020-06-29,0.0002956379660047501,0.054541800853378765,0.8662394042574422
2020-06-30,0.005180067229541119,0.05451463659981037,0.8658079783334718
2020-07-01,0.0010744522219586921,0.04251417900195326,0.7754188883523776
2020-07-02,0.0029995830453063087,0.042449741309559995,0.7742436050709742
2020-07-06,-0.0012993718000045272,0.032782586167571334,0.7494648980411777
2020-07-07,0.0028370899988175453,0.04075380783550692,0.7433113636390181
2020-07-08,0.00012352277380601169,0.0,0.7116813460636651
2020-07-09,0.0,0.0,0.7116813460636651
2020-07-10,0.0,0.0,0.7116813460636651
2020-07-13,-0.0,0.0,0.7116813460636651
2020-07-14,-0.0,0.0,0.7116813460636651
2020-07-15,-1.669292139095011e-05,0.03286418898843303,0.7513304753786204
2020-07-16,-0.0017795984985715368,0.033738985060094505,0.7713297806592739
2020-07-17,-0.0006520559687575952,0.043068431058411884,0.7855279278205141
2020-07-20,0.0004472112870241866,0.0442871847641968,0.8077568562839254
2020-07-21,0.00346412148938741,0.044430792469072236,0.810376126595325
2020-07-22,5.8172072086218225e-05,0.033526727716468425,0.7664772218164156
2020-07-23,-0.0002337275809275863,0.03353830380754215,0.7667418706721203
2020-07-24,0.0015865562441977714,0.036615586441785995,0.8370937124678987
2020-07-27,-0.0019928853265709164,0.0,0.878422162450141
2020-07-28,-2.2217814847105722e-05,0.04374132298023939,1.0
2020-07-29,-0.002782197513596092,0.04374132298023939,1.0
2020-07-30,0.0006613693513838265,0.054827370909532616,1.0
2020-07-31,-0.0056569811150731985,0.0,1.0
2020-08-03,-3.1981657410034225e-05,0.06296388802600487,1.0
2020-08-04,-0.002227710912143973,0.06296388802600487,1.0
2020-08-05,-0.0010197745809937399,0.06296388802600487,1.0
2020-08-06,0.0011277205210482347,0.06296388802600487,1.0
2020-08-07,-0.0014803314399495172,0.06296388802600487,1.0
2020-08-10,0.000713354676264514,0.06296388802600487,1.0
2020-08-11,-0.001977978017807157,0.06296388802600487,1.0
2020-08-12,0.0017661777368088137,0.06296388802600487,1.0
2020-08-13,-0.0005252941671315462,0.06296388802600487,1.0
2020-08-14,0.0028628973852442997,0.06296388802600487,1.0
2020-08-17,-0.0008013483712721697,0.06296388802600487,1.0
2020-08-18,0.003937955769498728,0.06296388802600487,1.0
2020-08-19,0.00022508959122924564,0.054827370909532616,1.0
2020-08-20,0.0023953879156151767,0.054827370909532616,1.0
2020-08-21,-0.0034058639421604498,0.054827370909532616,1.0
2020-08-24,0.0137487906832281,0.054827370909532616,1.0
2020-08-25,0.0012934478391763032,0.0,0.6029390449382723
2020-08-26,-0.0,0.0,0.6026907583184453
2020-08-27,-0.0,0.0,0.6143316498635256
2020-08-28,-1.9637004208568862e-05,0.038660352035619946,0.6140083347402678
2020-08-31,-0.0037751567161419777,0.0,0.6312776312944586
2020-09-01,-0.0,0.0,0.6302417262909282
2020-09-02,0.0,0.0,0.6425862183728599
2020-09-03,-0.0,0.0,0.6470918456503005
2020-09-04,0.0,0.0,0.6452203247621066
2020-09-08,-0.0,0.0,0.6528075167025268
2020-09-09,-0.0,0.0,0.6511443793757374
2020-09-10,-0.0,0.0,0.6632857565358184
2020-09-11,-0.0,0.0,0.6613836435552568
2020-09-14,0.0,0.0,0.6635823775137383
2020-09-15,-0.0,0.0,0.6656164901350156
2020-09-16,-0.0,0.0,0.6691104836276102
2020-09-17,0.0,0.0,0.6797786151094366
2020-09-18,0.0,0.0,0.6792688195070866
2020-09-21,-0.0,0.0,0.6815631679047764
2020-09-22,-0.0,0.0,0.7102995778294587
2020-09-23,0.0,0.0,1.0
2020-09-24,0.0,0.0,1.0
2020-09-25,0.0,0.0,1.0
2020-09-28,0.0,0.0,1.0
2020-09-29,-0.0,0.0,0.0
2020-09-30,-0.0,0.0,0.0
2020-10-01,-0.0,0.0,0.0
2020-10-02,0.0,0.0,0.0
2020-10-05,0.0,0.0,0.0
2020-10-06,0.0,0.0,0.0
2020-10-07,-0.0,0.0,0.0
2020-10-08,0.0,0.0,0.0
2020-10-09,-0.0,0.0,0.0
2020-10-12,-0.0,0.0,0.0
2020-10-13,-0.0,0.0,0.0
2020-10-14,-0.0,0.0,0.0
2020-10-15,-0.0,0.0,0.0
2020-10-16,-0.0,0.0,0.0
2020-10-19,-0.0,0.0,0.0
2020-10-20,0.0,0.0,0.0
2020-10-21,-0.0,0.0,1.0
2020-10-22,-2.2217814847105722e-05,0.04374132298023939,1.0
2020-10-23,0.0005475163916910737,0.0,1.0
2020-10-26,0.0,0.0,1.0
2020-10-27,0.0,0.0,1.0
2020-10-28,-0.0,0.0,1.0
2020-10-29,0.0,0.0,1.0
2020-10-30,0.0,0.0,1.0
2020-11-02,-0.0,0.0,1.0
2020-11-03,0.0,0.0,1.0
2020-11-04,0.0,0.0,1.0
2020-11-05,0.0,0.0,1.0
2020-11-06,0.0,0.0,1.0
2020-11-09,0.0,0.0,1.0
2020-11-10,0.0,0.0,1.0
2020-11-11,-0.0,0.0,1.0
2020-11-12,-0.0,0.0,1.0
2020-11-13,-0.0,0.0,1.0
2020-11-16,-0.0,0.0,1.0
2020-11-17,0.0,0.0,1.0
2020-11-18,0.0,0.0,1.0
2020-11-19,0.0,0.0,1.0
2020-11-20,0.0,0.0,0.0
2020-11-23,0.0,0.0,0.0
2020-11-24,0.0,0.0,0.0
2020-11-25,0.0,0.0,0.0
2020-11-27,-0.0,0.0,0.0
2020-11-30,-0.0,0.0,0.0
2020-12-01,-0.0,0.0,0.0
2020-12-02,0.0,0.0,0.0
2020-12-03,0.0,0.0,0.0
2020-12-04,-0.0,0.0,0.0
2020-12-07,0.0,0.0,0.0
2020-12-08,0.0,0.0,0.0
2020-12-09,0.0,0.0,0.0
2020-12-10,0.0,0.0,0.0
2020-12-11,-0.0,0.0,0.0
2020-12-14,0.0,0.0,0.0
2020-12-15,-0.0,0.0,0.0
2020-12-16,0.0,0.0,0.0
2020-12-17,0.0,0.0,0.0
2020-12-18,-0.0,0.0,0.0
2020-12-21,-0.0,0.0,0.0
2020-12-22,-0.0,0.0,0.0
2020-12-23,0.0,0.0,0.0
2020-12-24,-0.0,0.0,0.0
2020-12-28,0.0,0.0,0.0
2020-12-29,0.0,0.0,0.0
2020-12-30,0.0,0.0,0.0
2020-12-31,-0.0,0.0,0.0
2021-01-04,-0.0,0.0,0.0
2021-01-05,0.0,0.0,0.0
2021-01-06,0.0,0.0,0.0
2021-01-07,0.0,0.0,0.0
2021-01-08,0.0,0.0,0.0
2021-01-11,-0.0,0.0,0.0
2021-01-12,0.0,0.0,0.0
2021-01-13,0.0,0.0,0.0
2021-01-14,-0.0,0.0,0.0
2021-01-15,0.0,0.0,0.0
2021-01-19,-0.0,0.0,0.0
2021-01-20,-0.0,0.0,0.0
2021-01-21,0.0,0.0,0.0
2021-01-22,0.0,0.0,0.0
2021-01-25,0.0,0.0,0.0
2021-01-26,0.0,0.0,0.0
2021-01-27,-0.0,0.0,0.0
2021-01-28,0.0,0.0,0.0
2021-01-29,-0.0,0.0,0.0
2021-02-01,-0.0,0.0,0.0
2021-02-02,-0.0,0.0,0.0
2021-02-03,0.0,0.0,0.0
2021-02-04,-0.0,0.0,0.0
2021-02-05,-0.0,0.0,0.0
2021-02-08,0.0,0.0,0.0
2021-02-09,-0.0,0.0,0.0
2021-02-10,-0.0,0.0,0.0
2021-02-11,0.0,0.0,0.0
2021-02-12,0.0,0.0,0.0
2021-02-16,0.0,0.0,0.0
2021-02-17,0.0,0.0,0.0
2021-02-18,0.0,0.0,0.0
2021-02-19,0.0,0.0,0.0
2021-02-22,-0.0,0.0,0.0
2021-02-23,0.0,0.0,0.0
2021-02-24,0.0,0.0,0.0
2021-02-25,-0.0,0.0,0.0
2021-02-26,0.0,0.0,0.0
2021-03-01,0.0,0.0,0.0
2021-03-02,0.0,0.0,0.0
2021-03-03,-0.0,0.0,0.0
2021-03-04,-0.0,0.0,0.0
2021-03-05,0.0,0.0,0.0
2021-03-08,0.0,0.0,0.0
2021-03-09,0.0,0.0,0.0
2021-03-10,0.0,0.0,0.0
2021-03-11,0.0,0.0,0.0
2021-03-12,0.0,0.0,0.0
2021-03-15,-0.0,0.0,0.0
2021-03-16,0.0,0.0,0.0
2021-03-17,-0.0,0.0,0.0
2021-03-18,0.0,0.0,0.0
2021-03-19,-0.0,0.0,0.0
2021-03-22,0.0,0.0,0.0
2021-03-23,0.0,0.0,0.0
2021-03-24,0.0,0.0,0.0
2021-03-25,-0.0,0.0,0.0
2021-03-26,-0.0,0.0,0.0
2021-03-29,0.0,0.0,0.0
2021-03-30,0.0,0.0,0.0
2021-03-31,0.0,0.0,0.0
2021-04-01,0.0,0.0,0.0
2021-04-05,0.0,0.0,0.0
2021-04-06,-0.0,0.0,0.0
2021-04-07,-0.0,0.0,0.0
2021-04-08,0.0,0.0,0.0
2021-04-09,0.0,0.0,0.0
2021-04-12,-0.0,0.0,0.0
2021-04-13,-0.0,0.0,0.0
2021-04-14,-0.0,0.0,0.0
2021-04-15,0.0,0.0,0.0
2021-04-16,-0.0,0.0,0.0
2021-04-19,-0.0,0.0,0.0
2021-04-20,0.0,0.0,0.0
2021-04-21,-0.0,0.0,0.0
2021-04-22,-0.0,0.0,0.0
2021-04-23,0.0,0.0,0.0
2021-04-26,-0.0,0.0,0.0
2021-04-27,0.0,0.0,0.0
2021-04-28,0.0,0.0,0.0
2021-04-29,-0.0,0.0,0.0
2021-04-30,0.0,0.0,0.0
2021-05-03,0.0,0.0,0.0
2021-05-04,0.0,0.0,0.0
2021-05-05,0.0,0.0,0.0
2021-05-06,-0.0,0.0,0.0
2021-05-07,0.0,0.0,0.0
2021-05-10,0.0,0.0,0.0
2021-05-11,0.0,0.0,0.0
2021-05-12,0.0,0.0,0.0
2021-05-13,-0.0,0.0,0.0
2021-05-14,-0.0,0.0,0.0
2021-05-17,0.0,0.0,0.0
2021-05-18,0.0,0.0,0.0
2021-05-19,-0.0,0.0,0.0
2021-05-20,-0.0,0.0,0.0
2021-05-21,-0.0,0.0,0.0
2021-05-24,-0.0,0.0,0.0
2021-05-25,-0.0,0.0,0.0
2021-05-26,0.0,0.0,0.0
2021-05-27,-0.0,0.0,0.0
2021-05-28,0.0,0.0,0.0
2021-06-01,-0.0,0.0,0.0
2021-06-02,0.0,0.0,0.0
2021-06-03,0.0,0.0,0.0
2021-06-04,-0.0,0.0,0.0
2021-06-07,-0.0,0.0,0.0
2021-06-08,0.0,0.0,0.0
2021-06-09,-0.0,0.0,0.0
2021-06-10,0.0,0.0,0.0
2021-06-11,-0.0,0.0,0.0
2021-06-14,-0.0,0.0,0.0
2021-06-15,-0.0,0.0,0.0
2021-06-16,-0.0,0.0,0.0
2021-06-17,-0.0,0.0,0.0
2021-06-18,0.0,0.0,0.0
2021-06-21,-0.0,0.0,0.0
2021-06-22,-0.00016489750046944782,0.32464195404922536,1.0
2021-06-23,0.020150738655070118,0.0,0.44570896128911525
2021-06-24,0.0,0.0,0.44570896128911525
2021-06-25,-0.0,0.0,0.44570896128911525
2021-06-28,-0.0,0.0,0.44570896128911525
2021-06-29,-4.524137838303853e-05,0.08906896369160709,0.44570896128911525
2021-06-30,-0.0011272983177961263,0.0,0.4390402201554283
2021-07-01,-0.0,0.0,0.4390402201554283
2021-07-02,-2.922995671006854e-05,0.057546477272947434,0.4390402201554283
2021-07-06,-0.003711349865969323,0.0,0.4258622161460335
2021-07-07,-2.835260545832364e-05,0.055819191996074664,0.4258622161460335
2021-07-08,0.0030888964137413457,0.0,0.42662627311187223
2021-07-09,-0.0,0.0,0.42662627311187223
2021-07-12,-0.0,0.0,0.42662627311187223
2021-07-13,0.0,0.0,0.42662627311187223
2021-07-14,0.0,0.0,0.42662627311187223
2021-07-15,-0.0,0.0,0.42662627311187223
2021-07-16,-0.0,0.0,0.42662627311187223
2021-07-19,-0.0,0.0,0.42662627311187223
2021-07-20,-0.0,0.0,0.42662627311187223
2021-07-21,0.0,0.0,0.449140837227766
2021-07-22,0.0,0.0,1.0
2021-07-23,0.0,0.0,1.0
2021-07-26,0.0,0.0,1.0
2021-07-27,0.0,0.0,1.0
2021-07-28,-0.0,0.0,1.0
2021-07-29,0.0,0.0,1.0
2021-07-30,0.0,0.0,1.0
2021-08-02,-0.0,0.0,1.0
2021-08-03,0.0,0.0,1.0
2021-08-04,0.0,0.0,1.0
2021-08-05,0.0,0.0,0.0
2021-08-06,-0.0,0.0,0.0
2021-08-09,0.0,0.0,0.0
2021-08-10,-0.0,0.0,0.0
2021-08-11,0.0,0.0,0.0
2021-08-12,-0.0,0.0,0.0
2021-08-13,-0.0,0.0,0.0
2021-08-16,-0.0,0.0,0.0
2021-08-17,-0.0,0.0,0.0
2021-08-18,0.0,0.0,0.0
2021-08-19,-0.0,0.0,0.0
2021-08-20,-0.0,0.0,0.0
2021-08-23,0.0,0.0,0.0
2021-08-24,0.0,0.0,0.0
2021-08-25,0.0,0.0,0.0
2021-08-26,-0.0,0.0,0.0
2021-08-27,-0.0,0.0,0.0
2021-08-30,0.0,0.0,0.0
2021-08-31,-0.0,0.0,0.0
2021-09-01,-0.0,0.0,0.0
2021-09-02,0.0,0.0,0.0
2021-09-03,0.0,0.0,0.0
2021-09-07,-0.0,0.0,0.0
2021-09-08,-0.0,0.0,0.0
2021-09-09,-0.0,0.0,0.0
2021-09-10,0.0,0.0,0.0
2021-09-13,-0.0,0.0,0.0
2021-09-14,0.0,0.0,0.0
2021-09-15,-0.0,0.0,0.0
2021-09-16,-0.0,0.0,0.0
2021-09-17,0.0,0.0,0.0
2021-09-20,-0.0,0.0,0.0
2021-09-21,-0.0,0.0,0.0
2021-09-22,-0.0,0.0,0.0
2021-09-23,0.0,0.0,0.0
2021-09-24,0.0,0.0,0.0
2021-09-27,-0.0,0.0,0.0
2021-09-28,-0.0,0.0,0.0
2021-09-29,0.0,0.0,0.0
2021-09-30,0.0,0.0,0.0
2021-10-01,-0.0,0.0,0.0
2021-10-04,0.0,0.0,0.0
2021-10-05,0.0,0.0,0.0
2021-10-06,-0.0,0.0,0.0
2021-10-07,0.0,0.0,0.0
2021-10-08,0.0,0.0,0.0
2021-10-11,-0.0,0.0,0.0
2021-10-12,-0.0,0.0,0.0
2021-10-13,0.0,0.0,0.0
2021-10-14,0.0,0.0,0.0
2021-10-15,0.0,0.0,0.0
2021-10-18,-0.0,0.0,0.0
2021-10-19,-0.0,0.0,0.0
2021-10-20,0.0,0.0,0.0
2021-10-21,-0.0,0.0,0.0
2021-10-22,-0.0,0.0,0.0
2021-10-25,0.0,0.0,0.0
2021-10-26,-0.0,0.0,0.0
2021-10-27,-0.0,0.0,0.0
2021-10-28,-0.0,0.0,0.0
2021-10-29,-0.0,0.0,0.0
2021-11-01,-0.0,0.0,0.0
2021-11-02,0.0,0.0,0.0
2021-11-03,-0.0,0.0,0.0
2021-11-04,0.0,0.0,0.0
2021-11-05,-0.0,0.0,0.0
2021-11-08,-0.0,0.0,0.0
2021-11-09,-0.0,0.0,0.0
2021-11-10,-0.00010150430507878452,0.19983660062385702,1.0
2021-11-11,0.0024965688812724628,0.19983660062385702,1.0
2021-11-12,0.0001284084450877184,0.19983660062385702,1.0
2021-11-15,0.0031846456009406035,0.19983660062385702,1.0
2021-11-16,0.011748616196745842,0.13107336100682285,1.0
2021-11-17,-0.003238483668885878,0.0,1.0
2021-11-18,0.0,0.0,1.0
2021-11-19,-0.0,0.0,1.0
2021-11-22,-0.00010150430507878452,0.19983660062385702,1.0
2021-11-23,0.01295162224940547,0.0,0.8621440279380486
2021-11-24,-0.0,0.0,0.8621440279380486
2021-11-26,-0.0,0.0,0.8621440279380486
2021-11-29,-8.75113304336758e-05,0.17228793179129925,0.8621440279380486
2021-11-30,-0.001730438150148797,0.11178461430639726,0.8528400694674981
2021-12-01,-0.00015158690305665557,0.0,0.8424408886939431
2021-12-02,-0.0,0.0,0.8424408886939431
2021-12-03,-5.608714094257263e-05,0.11042155873068986,0.8424408886939431
2021-12-06,0.0019067536174151585,0.16545761889920238,0.8279645389416697
2021-12-07,-0.0021175623376154386,0.0,0.8216264652033194
2021-12-08,-5.4701380208941943e-05,0.10769334228635445,0.8216264652033194
2021-12-09,0.004063698475641715,0.0,0.6990851491707203
2021-12-10,-0.0,0.0,0.7090134955249542
2021-12-13,-0.0,0.0,0.7046179158754353
2021-12-14,0.0,0.0,0.7040480373385152
2021-12-15,0.0,0.0,0.7022191678822164
2021-12-16,0.0,0.0,0.7479654462296658
2021-12-17,-0.0,0.0,0.7479654462296658
2021-12-20,0.0,0.0,0.7479654462296658
2021-12-21,0.0,0.0,0.7479654462296658
2021-12-22,-0.0,0.0,1.0
2021-12-23,0.0,0.0,1.0
2021-12-27,-0.0,0.0,1.0
2021-12-28,0.0,0.0,1.0
2021-12-29,0.0,0.0,1.0
2021-12-30,0.0,0.0,1.0
2021-12-31,-0.0,0.0,1.0
2022-01-03,-2.362367282647554e-07,0.029765827761359182,1.0
2022-01-04,0.0005595040626299309,0.0306518918193131,1.0
2022-01-05,0.0001427725527103159,0.035417749788628994,1.0
2022-01-06,-0.001454736948177384,0.035417749788628994,1.0
2022-01-07,0.0008172386117281133,0.029765827761359182,1.0
2022-01-10,0.00012291951290473128,0.0,1.0
2022-01-11,0.0,0.0,1.0
2022-01-12,-0.0,0.0,1.0
2022-01-13,0.0,0.0,1.0
2022-01-14,-0.0,0.0,1.0
2022-01-18,-1.7989968146605202e-05,0.035417749788628994,1.0
2022-01-19,-0.0009890992491169543,0.029765827761359182,1.0
2022-01-20,-0.00012551343514840172,0.04197709591754505,1.0
2022-01-21,0.0030311453381549,0.09205863831137685,1.0
2022-01-24,-0.0014165402062573664,0.03603027649801174,1.0
2022-01-25,2.7435935579697682e-05,0.035417749788628994,1.0
2022-01-26,0.0018682788951198733,0.035417749788628994,1.0
2022-01-27,0.002398375228449764,0.0,1.0
2022-01-28,0.0,0.0,1.0
2022-01-31,-0.0,0.0,1.0
2022-02-01,-1.5569214892349513e-05,0.0306518918193131,1.0
2022-02-02,0.001782800860941638,0.035417749788628994,1.0
2022-02-03,-5.469711749027758e-05,0.0,1.0
2022-02-04,-0.0,0.0,1.0
2022-02-07,0.0,0.0,1.0
2022-02-08,-0.0,0.0,1.0
2022-02-09,0.0,0.0,1.0
2022-02-10,0.0,0.0,1.0
2022-02-11,0.0,0.0,1.0
2022-02-14,-0.0,0.0,1.0
2022-02-15,-0.0,0.0,1.0
2022-02-16,-1.7989968146605202e-05,0.035417749788628994,1.0
2022-02-17,0.00011121403463103426,0.13636155293964927,1.0
2022-02-18,0.007263525814540874,0.09205863831137685,1.0
2022-02-22,0.001571561237418945,0.035417749788628994,1.0
2022-02-23,0.0012397093070247158,0.03603027649801174,1.0
2022-02-24,0.0023539181058296653,0.0,1.0
2022-02-25,-0.0,0.0,1.0
2022-02-28,0.0,0.0,1.0
2022-03-01,0.0,0.0,1.0
2022-03-02,0.0,0.0,1.0
2022-03-03,0.0,0.0,1.0
2022-03-04,0.0,0.0,1.0
2022-03-07,-0.0,0.0,1.0
2022-03-08,0.0,0.0,1.0
2022-03-09,-0.0,0.0,1.0
2022-03-10,-0.0,0.0,1.0
2022-03-11,0.0,0.0,1.0
2022-03-14,0.0,0.0,1.0
2022-03-15,-0.0,0.0,1.0
2022-03-16,0.0,0.0,1.0
2022-03-17,0.0,0.0,1.0
2022-03-18,0.0,0.0,1.0
2022-03-21,-0.0,0.0,1.0
2022-03-22,0.0,0.0,1.0
2022-03-23,0.0,0.0,1.0
2022-03-24,0.0,0.0,0.0
2022-03-25,0.0,0.0,0.0
2022-03-28,-0.0,0.0,0.0
2022-03-29,0.0,0.0,0.0
2022-03-30,0.0,0.0,0.0
2022-03-31,0.0,0.0,0.0
2022-04-01,-0.0,0.0,0.0
2022-04-04,-0.0,0.0,0.0
2022-04-05,-0.0,0.0,0.0
2022-04-06,0.0,0.0,0.0
2022-04-07,-0.0,0.0,0.0
2022-04-08,0.0,0.0,0.0
2022-04-11,-0.0,0.0,0.0
2022-04-12,0.0,0.0,0.0
2022-04-13,0.0,0.0,0.0
2022-04-14,0.0,0.0,0.0
2022-04-18,-0.0,0.0,0.0
2022-04-19,0.0,0.0,0.0
2022-04-20,0.0,0.0,0.0
2022-04-21,-0.0,0.0,0.0
2022-04-22,0.0,0.0,0.0
2022-04-25,0.0,0.0,0.0
2022-04-26,0.0,0.0,0.0
2022-04-27,0.0,0.0,0.0
2022-04-28,0.0,0.0,0.0
2022-04-29,-0.0,0.0,0.0
2022-05-02,-0.0,0.0,0.0
2022-05-03,0.0,0.0,0.0
2022-05-04,0.0,0.0,0.0
2022-05-05,-0.0,0.0,0.0
2022-05-06,0.0,0.0,0.0
2022-05-09,0.0,0.0,0.0
2022-05-10,0.0,0.0,0.0
2022-05-11,-0.0,0.0,0.0
2022-05-12,0.0,0.0,0.0
2022-05-13,0.0,0.0,0.0
2022-05-16,-0.0,0.0,0.0
2022-05-17,-0.0,0.0,0.0
2022-05-18,-0.0,0.0,0.0
2022-05-19,0.0,0.0,0.0
2022-05-20,-0.0,0.0,0.0
2022-05-23,0.0,0.0,0.0
2022-05-24,0.0,0.0,0.0
2022-05-25,0.0,0.0,0.0
2022-05-26,-0.0,0.0,0.0
2022-05-27,0.0,0.0,0.0
2022-05-31,0.0,0.0,0.0
2022-06-01,-0.0,0.0,0.0
2022-06-02,0.0,0.0,0.0
2022-06-03,0.0,0.0,0.0
2022-06-06,-0.0,0.0,0.0
2022-06-07,-0.0,0.0,0.0
2022-06-08,-0.0,0.0,0.0
2022-06-09,0.0,0.0,0.0
2022-06-10,-0.0,0.0,0.0
2022-06-13,-0.0,0.0,0.0
2022-06-14,0.0,0.0,0.0
2022-06-15,0.0,0.0,0.0
2022-06-16,-0.0,0.0,0.0
2022-06-17,0.0,0.0,0.0
2022-06-21,-0.0,0.0,0.0
2022-06-22,0.0,0.0,0.0
2022-06-23,-0.0,0.0,0.0
2022-06-24,0.0,0.0,0.0
2022-06-27,-0.0,0.0,0.0
2022-06-28,0.0,0.0,0.0
2022-06-29,-0.0,0.0,0.0
2022-06-30,-0.0,0.0,0.0
2022-07-01,-0.0,0.0,0.0
2022-07-05,-0.0,0.0,0.0
2022-07-06,-0.0,0.0,0.0
2022-07-07,0.0,0.0,0.0
2022-07-08,-0.0,0.0,0.0
2022-07-11,0.0,0.0,0.0
2022-07-12,0.0,0.0,0.0
2022-07-13,-0.0,0.0,0.0
2022-07-14,-0.0,0.0,0.0
2022-07-15,-0.0,0.0,0.0
2022-07-18,-0.0,0.0,0.0
2022-07-19,-0.0,0.0,0.0
2022-07-20,0.0,0.0,0.0
2022-07-21,0.0,0.0,0.0
2022-07-22,0.0,0.0,0.0
2022-07-25,0.0,0.0,0.0
2022-07-26,0.0,0.0,0.0
2022-07-27,0.0,0.0,0.0
2022-07-28,0.0,0.0,0.0
2022-07-29,-0.0,0.0,0.0
2022-08-01,-0.0,0.0,0.0
2022-08-02,0.0,0.0,0.0
2022-08-03,0.0,0.0,0.0
2022-08-04,-0.0,0.0,0.0
2022-08-05,-0.0,0.0,0.0
2022-08-08,-0.0,0.0,0.0
2022-08-09,0.0,0.0,0.0
2022-08-10,0.0,0.0,0.0
2022-08-11,-0.0,0.0,0.0
2022-08-12,0.0,0.0,0.0
2022-08-15,-0.0,0.0,0.0
2022-08-16,0.0,0.0,0.0
2022-08-17,0.0,0.0,0.0
2022-08-18,0.0,0.0,0.0
2022-08-19,0.0,0.0,0.0
2022-08-22,-0.0,0.0,0.0
2022-08-23,-0.0,0.0,0.0
2022-08-24,-0.0,0.0,0.0
2022-08-25,0.0,0.0,0.0
2022-08-26,0.0,0.0,0.0
2022-08-29,-0.0,0.0,0.0
2022-08-30,-0.0,0.0,0.0
2022-08-31,-0.0,0.0,0.0
2022-09-01,-0.0,0.0,0.0
2022-09-02,0.0,0.0,0.28793978114507623
2022-09-06,-0.0,0.0,0.28793978114507623
2022-09-07,0.0,0.0,0.28793978114507623
2022-09-08,-0.0,0.0,0.28793978114507623
2022-09-09,-0.0,0.0,0.28793978114507623
2022-09-12,-0.0,0.0,0.28793978114507623
2022-09-13,0.0,0.0,0.28793978114507623
2022-09-14,-3.4871469308129066e-05,0.0686532052003791,0.28793978114507623
2022-09-15,-0.0032284315020581363,0.06755856611769567,0.2639778547586877
2022-09-16,-0.001560946391475875,0.07019573942491325,0.25238556833407033
2022-09-19,0.005338027324092422,0.0700522837441651,0.2518697799997213
2022-09-20,0.0033996970169691957,0.0,0.20237651887135888
2022-09-21,0.0,0.0,0.20237651887135888
2022-09-22,0.0,0.0,0.20237651887135888
2022-09-23,-0.0,0.0,0.20237651887135888
2022-09-26,0.0,0.0,0.20237651887135888
2022-09-27,0.0,0.0,0.20237651887135888
2022-09-28,0.0,0.0,0.20237651887135888
2022-09-29,-0.0,0.0,0.20237651887135888
2022-09-30,0.0,0.0,0.20237651887135888
2022-10-03,-0.0,0.0,0.2788721031816658
2022-10-04,0.0,0.0,0.2788721031816658
2022-10-05,0.0,0.0,0.2788721031816658
2022-10-06,0.0,0.0,0.2788721031816658
2022-10-07,-0.0,0.0,0.2788721031816658
2022-10-10,-0.0,0.0,0.2788721031816658
2022-10-11,0.0,0.0,0.2788721031816658
2022-10-12,0.0,0.0,0.2788721031816658
2022-10-13,0.0,0.0,0.31804067978796235
2022-10-14,-0.0,0.0,0.3660787070144634
2022-10-17,0.0,0.0,0.388114675682054
2022-10-18,0.0,0.0,0.0
2022-10-19,-0.0,0.0,0.0
2022-10-20,-0.0,0.0,0.0
2022-10-21,0.0,0.0,0.0
2022-10-24,0.0,0.0,0.0
2022-10-25,0.0,0.0,0.0
2022-10-26,-0.0,0.0,0.0
2022-10-27,0.0,0.0,0.0
2022-10-28,0.0,0.0,0.0
2022-10-31,-0.0,0.0,0.0
2022-11-01,-0.0,0.0,0.0
2022-11-02,0.0,0.0,0.0
2022-11-03,0.0,0.0,0.0
2022-11-04,-0.0,0.0,0.0
2022-11-07,-0.0,0.0,0.0
2022-11-08,0.0,0.0,0.0
2022-11-09,-0.0,0.0,0.0
2022-11-10,-0.0,0.0,0.0
2022-11-11,-0.0,0.0,0.0
2022-11-14,0.0,0.0,0.0
2022-11-15,-0.0,0.0,0.0
2022-11-16,0.0,0.0,0.0
2022-11-17,0.0,0.0,0.0
2022-11-18,0.0,0.0,0.0
2022-11-21,0.0,0.0,0.0
2022-11-22,0.0,0.0,0.0
2022-11-23,-0.0,0.0,0.0
2022-11-25,-0.0,0.0,0.0
2022-11-28,-0.0,0.0,0.0
2022-11-29,-6.926301101696472e-05,0.13636155293964927,1.0
2022-11-30,0.003726132149963047,0.0,1.0
2022-12-01,-2.1321699513673678e-05,0.04197709591754505,1.0
2022-12-02,-0.002191424055869572,0.20325863624322213,1.0
2022-12-05,-0.008754715566626464,0.15501156455971482,0.722646416956322
2022-12-06,8.710161367051217e-05,0.13940172581973123,0.5846675665997555
2022-12-07,-0.006865389476278461,0.0,0.5840255292000552
2022-12-08,-6.156825138331167e-05,0.12121249491089485,0.47362482976300563
2022-12-09,-0.00210675695794159,0.09627206006715637,0.40377657277929346
2022-12-12,0.0029461867126355803,0.09577314755452923,0.40168407383074317
2022-12-13,0.0052058040618415645,0.07902741706738826,0.36841689810221273
2022-12-14,0.007524794714570753,0.06471306424737862,0.31837793189728014
2022-12-15,-0.001881779098546387,0.023111043170024468,0.2510469804240885
2022-12-16,-0.0010610749980626093,0.03409915934658829,0.25006432246837096
2022-12-19,-0.0006244324521844001,0.04990196770993769,0.24550970444485465
2022-12-20,0.0007181066866106181,0.049635903352681775,0.24420071033678864
2022-12-21,-0.0002430113980987129,0.04939892075400124,0.24303479383227683
2022-12-22,0.000815198042262595,0.049387861131720216,0.24298038225850344
2022-12-23,0.00605095025603304,0.0329430155440374,0.2415858050444562
2022-12-27,0.000666385858382482,0.009086068878576483,0.2164530127673459
2022-12-28,0.00030114254319206876,0.0,0.21758566843519841
2022-12-29,-3.288749224463862e-06,0.006474725035663229,0.2175220890066582
2022-12-30,0.00028753153379993703,0.0,0.21750227189715335
2023-01-03,-7.856253007041221e-08,0.009898878788871938,0.2202647150145574
2023-01-04,-0.0001239166906018439,0.011289775468192908,0.22881373714247866
2023-01-05,-0.00022705375294946524,0.011847375381338753,0.240114805114705
2023-01-06,-0.00011567453239259304,0.02430209469858602,0.2396103755202939
2023-01-09,0.0007404786363124586,0.026513747800780255,0.26141652173567415
2023-01-10,0.0016080279848498466,0.013210313974598223,0.26773794730190126
2023-01-11,0.0007750490645327847,0.0,0.27384689195126977
2023-01-12,0.0,0.0,0.2773555540778245
2023-01-13,0.0,0.0,0.29500118428553124
2023-01-17,-0.0,0.0,0.40191048916293304
2023-01-18,0.0,0.0,0.4069244105925941
2023-01-19,0.0,0.0,0.4347325206503275
2023-01-20,0.0,0.0,0.4486428065083502
2023-01-23,0.0,0.0,0.45057668036820975
2023-01-24,-0.0,0.0,0.45264265924341407
2023-01-25,-0.0,0.0,0.4565184190332739
2023-01-26,0.0,0.0,1.0
2023-01-27,-0.0,0.0,1.0
2023-01-30,-2.564692322966741e-05,0.05049238010840771,1.0
2023-01-31,0.0017440354189367053,0.0,1.0
2023-02-01,-2.0532742336678302e-05,0.04042383647533541,1.0
2023-02-02,-0.0003331077551513197,0.10142338221296157,1.0
2023-02-03,-0.007998204511668173,0.14891457996848123,1.0
2023-02-06,0.002657737307699846,0.1502671810025633,0.6497441033651495
2023-02-07,0.004930001908092276,0.1341644620437407,0.6117042933069434
2023-02-08,-0.00484628767233209,0.08211285534700717,0.5514091055717104
2023-02-09,-0.0025121883639743904,0.11823048856582355,0.5390555468549718
2023-02-10,0.0019645256486738663,0.11735342960549722,0.5074274927307533
2023-02-13,0.0029526991847507703,0.0,0.4890194092817662
2023-02-14,0.0,0.0,0.4890194092817662
2023-02-15,-0.0,0.0,0.4890194092817662
2023-02-16,-0.0,0.0,0.4890194092817662
2023-02-17,0.0,0.0,0.4890194092817662
2023-02-21,-5.744567249195088e-05,0.1130961677185283,0.4890194092817662
2023-02-22,-0.003581252695508474,0.09140068880635085,0.41672878869986224
2023-02-23,-0.0010091621724473473,0.08730729517484477,0.3980655270548282
2023-02-24,-0.0007565619417099146,0.08709779170442636,0.3971103249814516
2023-02-27,0.0034027878254424366,0.09180326616853994,0.3969504882217271
2023-02-28,0.0014417650949958424,0.07947553679301558,0.3623577088045253
2023-03-01,0.017508772719854963,0.08382253525604495,0.3624424019161144
2023-03-02,0.00033271207979997184,0.006308915929371877,0.1560692027146226
2023-03-03,0.00010885328813893872,0.0063432388770383085,0.1569182796617692
2023-03-06,2.811279960860375e-05,0.006351652018725652,0.15712640294795155
2023-03-07,-0.0002093775266156752,0.006585705839100874,0.16291639817806852
2023-03-08,-3.941780700351364e-05,0.008010196129326382,0.16234538204582732
2023-03-09,-0.0006041421165539897,0.0,0.1626001804530187
2023-03-10,-1.2351951774354087e-05,0.02431790505575961,0.16330103513642957
2023-03-13,0.0001375727981091029,0.008171165490308724,0.16560780308826298
2023-03-14,0.0004269726852022127,0.008157049901680063,0.16532171763021386
2023-03-15,-0.00024889936401503764,0.007444411345836196,0.16564917891358585
2023-03-16,0.0003569625303132944,0.006682355807144481,0.16530731345159974
2023-03-17,0.00039960313746924763,0.007442057383855779,0.1655967997728942
2023-03-20,3.851137321250344e-05,0.005981566666609052,0.16595756458205385
2023-03-21,-0.00026475156372777705,0.005983050057656092,0.1659987210180197
2023-03-22,0.0001075958282808835,0.008419233231599568,0.1667426493566629
2023-03-23,0.00011938341670069041,0.009126960229460131,0.1698786512978399
2023-03-24,8.885455828576048e-05,0.009176090143628243,0.1707930985340969
2023-03-27,4.306262418991657e-05,0.006181334717251537,0.171500095663585
2023-03-28,6.163394812237606e-05,0.006206560740586018,0.17219998745281317
2023-03-29,-0.00041502373294755875,0.0,0.17193318645108924
2023-03-30,-2.0665343944919742e-05,0.04068489589156074,0.9052991949983052
2023-03-31,0.0005576631745516497,0.04277419103711514,0.8669191457370261
2023-04-03,-0.0037095006667824753,0.03504620657236225,0.8669688388865734
2023-04-04,-0.0008059686305992367,0.17750238886427117,0.8092975717005747
2023-04-05,0.015435643365943311,0.1723915087622283,0.7454080494567116
2023-04-06,-0.005797259718522152,0.01870855845048163,0.3791727468507752
2023-04-10,0.0005284771940425431,0.03905487943870335,0.385067807704329
2023-04-11,-0.00038807668202302367,0.019758506457438423,0.4004524018761496
2023-04-12,-0.0005333272480538642,0.019724646534167247,0.39976615124123993
2023-04-13,-0.0002553722550761594,0.040479752469170655,0.3991165704193749
2023-04-14,-0.0007705261445415492,0.05946318061514188,0.39931066943027105
2023-04-17,-0.0006235872949678182,0.08666957455411528,0.3951579281595006
2023-04-18,-0.00209608341881265,0.0,0.3945728049551092
2023-04-19,-4.50389071819828e-05,0.08867034851452864,0.38340398552938143
2023-04-20,-0.0016185118788815287,0.0951730241210842,0.34309676530127187
2023-04-21,-0.0006465451656301984,0.10269337693101235,0.3386532503295958
2023-04-24,0.0015910783862893155,0.10280742415284401,0.3390293452981184
2023-04-25,-0.0018862029285442834,0.09199413905944566,0.3316369510105637
2023-04-26,0.0015471610536232558,0.09936278683902451,0.32766992118145666
2023-04-27,-0.0035017951274813443,0.08869490721270243,0.319743289071689
2023-04-28,-0.0010990638591105197,0.09228063708562652,0.3043150262020036
2023-05-01,0.0011154452607760584,0.09200618945058765,0.3034099767584196
2023-05-02,-0.0014614099856335183,0.09085244309581127,0.2996052527851937
2023-05-03,-0.0025911468570422994,0.09043101733352064,0.2982155117090167
2023-05-04,0.0006672480570317392,0.08819587815254418,0.29084466491054006
2023-05-05,-0.0006640402800203984,0.1292912691051676,0.4263654563732714
2023-05-08,0.0057176256782360685,0.12937125326009016,0.42662922113443597
2023-05-09,0.0005577872473470024,0.08888274044292191,0.3448236443075909
2023-05-10,0.004724922082708686,0.0883861084380622,0.3428969433874557
2023-05-11,8.827814153312017e-05,0.06794156910099726,0.29377428658887117
2023-05-12,-0.0012625292635179198,0.06437831038534006,0.29352399479469127
2023-05-15,0.0024077075190488094,0.06763818892420091,0.2924624932908526
2023-05-16,0.000568927092075784,0.061179029447050816,0.2789373162090569
2023-05-17,0.002826488198317381,0.04197065519016752,0.28184382750870257
2023-05-18,0.0009313360597348395,0.030230265492252176,0.29806012018783623
2023-05-19,-3.812638116171549e-05,0.03088537910040033,0.304519317207835
2023-05-22,0.0016980030777897432,0.03105867429784538,0.3062279488237791
2023-05-23,-0.0006364797191202757,0.012326417967033421,0.3049294436601627
2023-05-24,0.00038060975296799293,0.015409902888241442,0.31231776741664347
2023-05-25,0.00011296302039648586,0.012738796846102423,0.3151308227232464
2023-05-26,0.0001300021569052425,0.013991373419640813,0.3461169111986104
2023-05-30,-0.00046095530571960353,0.01594965113830335,0.35490336203625256
2023-05-31,3.161710541399028e-05,0.014242227624510885,0.35232251231772066
2023-06-01,-0.0020839195584168107,0.0,0.36544440423712304
2023-06-02,-2.871411502401656e-05,0.0565309139535326,0.3796197388160229
2023-06-05,0.0009405961601844406,0.05643926445232721,0.3790042886618151
2023-06-06,0.0023878753397886554,0.03923341047843035,0.3868280629416483
2023-06-07,0.0021796211889972147,0.021957317996049348,0.4450164666654825
2023-06-08,0.00018041758719657692,0.02247801183083032,0.44517631734867275
2023-06-09,0.00011139188000749604,0.02851273897881105,0.5646938987148927
2023-06-12,-0.0006681500733142294,0.0,0.5646892897150434
2023-06-13,0.0,0.0,0.6034781345772553
2023-06-14,0.0,0.0,0.6966960661627345
2023-06-15,0.0,0.0,0.6949404093244407
2023-06-16,0.0,0.0,0.7911845779291867
2023-06-20,-0.0,0.0,0.7980184160285398
2023-06-21,-1.462072586185714e-05,0.028784554040531245,0.7986226272146811
2023-06-22,-0.0003653132372379723,0.048480984927015476,0.9023688200599792
2023-06-23,-0.0019104409651080141,0.04856982262054656,0.9040223418440181
2023-06-26,0.0011015373571460802,0.03975713261265929,0.8846550878638763
2023-06-27,0.0005992052151015364,0.044505552883795034,0.8814310751095731
2023-06-28,0.0008480224572508116,0.047290187636191396,0.8802047005011626
2023-06-29,0.0003005617348716762,0.04793117522950609,0.8921353000779497
2023-06-30,0.0001793122162803873,0.04794964326535509,0.8924790426760626
2023-07-03,-0.006657013506493357,0.0,1.0
2023-07-05,-2.0532742336678302e-05,0.04042383647533541,1.0
2023-07-06,0.0005679464389046625,0.05049238010840771,1.0
2023-07-07,0.0004626828126479606,0.05049238010840771,1.0
2023-07-10,0.00033097819881986845,0.05049238010840771,1.0
2023-07-11,0.00010174401931002837,0.053726352073859354,1.0
2023-07-12,0.0008130366250869692,0.053726352073859354,1.0
2023-07-13,-0.0009943165483759068,0.053726352073859354,1.0
2023-07-14,0.00047438295095595675,0.05049238010840771,1.0
2023-07-17,0.0006503028597568073,0.053726352073859354,1.0
2023-07-18,0.000976925754322167,0.053726352073859354,1.0
2023-07-19,0.0025830042585142324,0.0,1.0
2023-07-20,0.0,0.0,1.0
2023-07-21,0.0,0.0,1.0
2023-07-24,0.0,0.0,1.0
2023-07-25,-0.0,0.0,1.0
2023-07-26,0.0,0.0,1.0
2023-07-27,0.0,0.0,1.0
2023-07-28,0.0,0.0,1.0
2023-07-31,-0.0,0.0,1.0
2023-08-01,-0.0,0.0,1.0
2023-08-02,-0.0,0.0,1.0
2023-08-03,-0.0,0.0,1.0
2023-08-04,-0.0,0.0,1.0
2023-08-07,0.0,0.0,1.0
2023-08-08,0.0,0.0,1.0
2023-08-09,0.0,0.0,1.0
2023-08-10,0.0,0.0,1.0
2023-08-11,0.0,0.0,1.0
2023-08-14,-0.0,0.0,1.0
2023-08-15,-0.0,0.0,1.0
2023-08-16,0.0,0.0,1.0
2023-08-17,-0.0,0.0,1.0
2023-08-18,0.0,0.0,1.0
2023-08-21,-0.0,0.0,1.0
2023-08-22,0.0,0.0,1.0
2023-08-23,0.0,0.0,1.0
2023-08-24,0.0,0.0,1.0
2023-08-25,0.0,0.0,1.0
2023-08-28,-0.0,0.0,1.0
2023-08-29,-0.0,0.0,1.0
2023-08-30,-0.0,0.0,1.0
2023-08-31,-0.0,0.0,1.0
2023-09-01,-0.0,0.0,1.0
2023-09-05,-2.0532742336678302e-05,0.04042383647533541,1.0
2023-09-06,-0.0006481408531293974,0.04042383647533541,1.0
2023-09-07,0.0015452685161875424,0.04934046184981868,1.0
2023-09-08,0.0017716169574832391,0.04042383647533541,1.0
2023-09-11,0.0029991327987248058,0.04494082853087802,1.0
2023-09-12,-0.002041544111349355,0.036042747925790417,1.0
2023-09-13,0.001966302296637361,0.05049238010840771,1.0
2023-09-14,-0.0011586509553586572,0.036042747925790417,1.0
2023-09-15,-0.002812763258254934,0.053726352073859354,1.0
2023-09-18,-0.0033626270850645413,0.0,1.0
2023-09-19,0.0,0.0,1.0
2023-09-20,-0.0,0.0,1.0
2023-09-21,0.0,0.0,1.0
2023-09-22,-0.0,0.0,1.0
2023-09-25,-0.00013092718420472575,0.2577628939030538,1.0
2023-09-26,-0.005672269975812422,0.2699528282094114,0.9731743106612117
2023-09-27,-0.00828184799884934,0.22611626223523934,0.8151444053750321
2023-09-28,-0.004253092745504103,0.1990555681220715,0.6564280692223143
2023-09-29,-0.0018799736390796439,0.19304702468098586,0.6204839591418184
2023-10-02,-0.0049356926505368685,0.0,0.6185129425661697
2023-10-03,-8.772651256099258e-05,0.17271157160445416,0.5695531381023068
2023-10-04,-0.011796636500776558,0.10661551234492266,0.34035393036562356
2023-10-05,-0.0015872802720479468,0.0832908639576199,0.2784858171913349
2023-10-06,0.0001712748378948359,0.08486736822900552,0.28375691247671747
2023-10-09,-0.004272513545167751,0.0,0.2851236991859404
2023-10-10,-4.20885438486e-05,0.08286182070193125,0.2770512965729429
2023-10-11,0.0026096051054234426,0.06849890951103421,0.22016643167922362
2023-10-12,-9.265313045031617e-05,0.06380082851009737,0.21039680059582028
2023-10-13,0.0009432846098367246,0.06374947220447698,0.21022744225604195
2023-10-16,0.0009835858049084,0.06255905150138841,0.20630177681968756
2023-10-17,0.0018752159391442855,0.05638747679895571,0.2032756768200278
2023-10-18,-0.0006171630934375206,0.05075529050344133,0.19690689274512377
2023-10-19,-0.0007798051704561314,0.050856919891727456,0.19730116744753437
2023-10-20,0.0016558977034381284,0.05095791071036599,0.19769296479706489
2023-10-23,0.002654032336373691,0.049442684244475996,0.19181459168080137
2023-10-24,-0.00151570929504919,0.04203150093535775,0.18174108082768656
2023-10-25,-0.002711590676667622,0.04194193423057609,0.18135380106439122
2023-10-26,0.0031143168135043756,0.045483765921435285,0.1764558320738826
2023-10-27,-0.0013773531688255334,0.03772724904872189,0.16312981611851324
2023-10-30,-0.0010023442618256931,0.037505128308150566,0.16216938257302163
2023-10-31,0.0030703106000158453,0.03762098403728665,0.16267033412042542
2023-11-01,-0.0015749960616305472,0.02498369115676387,0.16777196136235845
2023-11-02,0.0006664962934578381,0.04054568117452716,0.18486242088032795
2023-11-03,-0.0013978099172963752,0.040826620871536844,0.1861433265404658
2023-11-06,0.0020327069467582196,0.039961740580465484,0.18220002457222603
2023-11-07,-0.00010814076580398269,0.02892564248133302,0.194243186177306
2023-11-08,-0.0004064448484314452,0.03103245244197431,0.2083909611036242
2023-11-09,0.00010255230339853448,0.03142730922509655,0.2110425267408225
2023-11-10,-0.0004128645563696918,0.031457071486062284,0.21124238803695639
2023-11-13,0.0022034327060752846,0.03140761119488527,0.21091024936264066
2023-11-14,-0.0005638053197062509,0.02096764035624882,0.20673379154544924
2023-11-15,0.0013575959843463345,0.021181949788224744,0.2088468095428764
2023-11-16,-0.0006725287334363234,0.021140431224742972,0.2084374506497309
2023-11-17,-0.000317823937749333,0.02118981713216482,0.20892437887421222
2023-11-20,0.0004898861134591114,0.021427775324934933,0.21127056559741242
2023-11-21,0.0010282597933975923,0.02248492962148837,0.22169374685490295
2023-11-22,0.00012006870983731808,0.011129497525904109,0.22556532931896356
2023-11-23,-7.126147989612733e-07,0.012358559512516864,0.250475148573468
2023-11-24,-6.179279756258432e-06,0.0,0.2908398381591285
2023-11-27,0.0,0.0,0.30269774550636935
2023-11-28,-7.87406886222027e-06,0.015502073072496158,0.3141858120355865
2023-11-29,-0.00013500408881269297,0.01655554149930121,0.4095489924466365
2023-11-30,-0.0008597747595132049,0.017607922654375618,0.43558267076206597
2023-12-01,-0.0019440481763883836,0.0,0.4436878406764645
2023-12-04,0.0,0.0,0.4715258922286497
2023-12-05,-0.0,0.0,0.5683633151386208
2023-12-06,-0.0,0.0,0.5689718310629391
2023-12-07,-0.0,0.0,0.5772248531038237
2023-12-08,-0.0,0.0,0.576833159888098
2023-12-11,-3.0134430482593538e-05,0.059327160012606024,0.5849455886615484
2023-12-12,-0.001186773656423449,0.08122646870541461,0.8008653126441897
2023-12-13,0.003258196624140441,0.080932504313595,0.7979669238761798
2023-12-14,0.00374177845334025,0.044750748812006004,0.9069787175526907
2023-12-15,0.0019846284990993586,0.04650804317067757,0.9425944027892896
2023-12-18,0.000579182586063283,0.03817014911532703,0.9442485534151747
2023-12-19,0.001281287911453131,0.04341603847696697,0.966071162821055
2023-12-20,-0.0016079497570156713,0.04494082853087802,1.0
2023-12-21,-0.0018811645701757897,0.04494082853087802,1.0
2023-12-22,-0.0018071732691372286,0.0,1.0
2023-12-26,-2.5061821891971395e-05,0.04934046184981868,1.0
2023-12-27,0.0014919074109670917,0.10142338221296157,1.0
2023-12-28,-0.00241534594476549,0.04709310355162024,0.9544520214456261
2023-12-29,0.0011210570722025792,0.04680084278668613,0.9485286726568838
2024-01-02,-3.364905669255174e-07,0.042397811432615194,0.9637594933156676
2024-01-03,0.0009889393289045218,0.04399210770599207,1.0
2024-01-04,-0.0019797401812470597,0.03548220629988792,1.0
2024-01-05,-0.0022301930716855925,0.0,1.0
2024-01-08,0.0,0.0,1.0
2024-01-09,0.0,0.0,1.0
2024-01-10,-0.0,0.0,1.0
2024-01-11,0.0,0.0,1.0
2024-01-12,-0.0,0.0,1.0
2024-01-16,0.0,0.0,1.0
2024-01-17,0.0,0.0,1.0
2024-01-18,0.0,0.0,1.0
2024-01-19,-0.0,0.0,1.0
2024-01-22,-2.202205735274925e-05,0.04335592541322508,1.0
2024-01-23,2.311758171952023e-05,0.04650641498046771,1.0
2024-01-24,-0.0017179404802544354,0.049306628663154946,1.0
2024-01-25,0.001786921036142983,0.04335592541322508,1.0
2024-01-26,0.001535438626037677,0.0,1.0
2024-01-29,-0.0,0.0,1.0
2024-01-30,-0.0,0.0,1.0
2024-01-31,-2.5044636781285053e-05,0.049306628663154946,1.0
2024-02-01,0.0020700923164653886,0.04335592541322508,1.0
2024-02-02,-0.0009410223850281077,0.049306628663154946,1.0
2024-02-05,0.004316939279451004,0.04650641498046771,1.0
2024-02-06,-0.00012248412694463518,0.0,1.0
2024-02-07,0.0,0.0,1.0
2024-02-08,0.0,0.0,1.0
2024-02-09,0.0,0.0,1.0
2024-02-12,0.0,0.0,1.0
2024-02-13,-0.0,0.0,1.0
2024-02-14,-0.0,0.0,1.0
2024-02-15,-0.0,0.0,1.0
2024-02-16,-2.5044636781285053e-05,0.049306628663154946,1.0
2024-02-20,-0.003113487214697113,0.03548220629988792,1.0
2024-02-21,8.818469978426756e-05,0.2353132820291071,1.0
2024-02-22,0.011636845380098121,0.1547198456424838,1.0
2024-02-23,-0.0022468543128672347,0.03437607263725632,0.9688256797426068
2024-02-26,0.0009257249572937477,0.09653016654286317,0.9696378595987248
2024-02-27,-0.00161972323588276,0.033478420238942014,0.9435270162173586
2024-02-28,-0.0037353331249092656,0.0,0.9383046825963123
2024-02-29,-0.00013418328301668071,0.26417333843909013,0.8205949529372919
2024-03-01,0.07243881990795578,0.0,0.4218358297273681
2024-03-04,-0.0,0.0,0.4212755160744321
2024-03-05,-0.0,0.0,0.42302371024364976
2024-03-06,-7.686045143462445e-06,0.015131901376191689,0.4264645002145621
2024-03-07,0.0003679530038967877,0.018507402538092858,0.42687135291656003
2024-03-08,-0.0004120544327247863,0.01987939913208597,0.42745498960595313
2024-03-11,0.0012566716393646268,0.018462920178635753,0.4258453718301654
2024-03-12,1.8467095656117207e-05,0.0,0.42524623149389884
2024-03-13,0.0,0.0,0.42524623149389884
2024-03-14,-0.0,0.0,0.42524623149389884
2024-03-15,0.0,0.0,0.42524623149389884
2024-03-18,0.0,0.0,0.42524623149389884
2024-03-19,-0.0,0.0,0.4286194710252788
2024-03-20,0.0,0.0,0.4341140759462559
2024-03-21,0.0,0.0,0.4331641418962815
2024-03-22,0.0,0.0,0.4556025947167902
2024-03-25,-0.0,0.0,0.4563238334403929
2024-03-26,-0.0,0.0,0.45787136117210675
2024-03-27,-1.0100960701331096e-05,0.019886266380745594,0.4586747068874601
2024-03-28,0.0003538200351679876,0.01699000262401949,0.4788316284625502
2024-04-01,-0.0009905239007561835,0.04650641498046771,1.0
2024-04-02,0.0016252779014914813,0.09955280271627516,1.0
2024-04-03,0.00016753243729991164,0.03548220629988792,1.0
2024-04-04,-0.00012056412835278832,0.04335592541322508,1.0
2024-04-05,-4.972842555953144e-05,0.03548220629988792,1.0
2024-04-08,-0.0014230018200020766,0.03548220629988792,1.0
2024-04-09,0.0006992413198347203,0.1547198456424838,1.0
2024-04-10,0.0008169215238223337,0.04399210770599207,1.0
2024-04-11,0.000438142362921215,0.04399210770599207,1.0
2024-04-12,0.0007328916158366762,0.03548220629988792,1.0
2024-04-15,-0.000823276076869641,0.04335592541322508,1.0
2024-04-16,0.001527154935046105,0.04399210770599207,1.0
2024-04-17,-0.0014706387687325434,0.04650641498046771,1.0
2024-04-18,-0.0015738030267964257,0.04399210770599207,1.0
2024-04-19,-0.0006394668763237205,0.1547198456424838,1.0
2024-04-22,-0.0007608980523561913,0.2353132820291071,1.0
2024-04-23,0.006861545564888192,0.2353132820291071,1.0
2024-04-24,0.0030352702516516917,0.092472505744888,0.9288789790121131
2024-04-25,-0.0002879757525210547,0.04065230967484599,0.9240818818351098
2024-04-26,-0.00020756708360180183,0.09242120259094785,0.9283636429036326
2024-04-29,0.0016859372015449396,0.0921806090387664,0.9259468997721796
2024-04-30,-0.001935010741846324,0.04245972978598552,0.9651669810810671
2024-05-01,-0.002420677325703432,0.0,1.0
2024-05-02,-0.00010707943142763004,0.21081263062314665,0.7181740047431949
2024-05-03,-0.002291820823250787,0.17063550262236094,0.6733071305849581
2024-05-06,0.004729184548131269,0.1843183728082526,0.6593721344541864
2024-05-07,-0.006960391280676675,0.13633560976285486,0.5793791518576109
2024-05-08,-0.003705937537113186,0.1424642886747469,0.5096452441270648
2024-05-09,0.00014896922596446157,0.14816048189458997,0.4719805772770977
2024-05-10,-0.004046535141364964,0.14820082883336405,0.47210910663398453
2024-05-13,-0.002801876794224792,0.0,0.43818654516843997
2024-05-14,-7.08892442526427e-05,0.1395631996223903,0.42684345929285994
2024-05-15,0.0023698414153123363,0.13715203020791783,0.4194690805411603
2024-05-16,0.004133055923953989,0.1282209526779847,0.3982894990465714
2024-05-17,0.003639571145786638,0.1055047496061723,0.3594223378367793
2024-05-20,-0.002649378379932155,0.0948299158802227,0.3392402129607655
2024-05-21,-0.0022313809562483386,0.09665277259220793,0.3292663658571977
2024-05-22,0.00028389102418213956,0.1050809652487154,0.3347463102489701
2024-05-23,0.0018025068961041828,0.0983837021415079,0.33516311218911604
2024-05-24,-0.0015069960543411707,0.09135575491866761,0.3268119081002344
2024-05-28,-0.0023852343743189183,0.09532509674938495,0.3247433812797438
2024-05-29,-0.003799268559176559,0.0,0.3189061054888188
2024-05-30,-4.894415607446923e-05,0.0963588072716113,0.299316923446356
2024-05-31,0.00533747182592485,0.08805164956591702,0.27786373591260477
2024-06-03,-0.002420183283910303,0.07067890205869476,0.24078135163108
2024-06-04,0.003361769868433552,0.07465007819732085,0.2378055642827827
2024-06-05,-0.0014577980379249812,0.06239870021295939,0.22322226221792993
2024-06-06,0.0013370400890691464,0.0662815373287464,0.22580087807459315
2024-06-07,-0.0012710211134264395,0.06273680702647656,0.22443179010115538
2024-06-10,-0.001378635357726965,0.0,0.2233457750163868
2024-06-11,-0.0,0.0,0.2272636473475419
2024-06-12,-0.0,0.0,0.2292406996450192
2024-06-13,0.0,0.0,0.23205690052306333
2024-06-14,-0.0,0.0,0.23481606654481427
2024-06-17,-3.4656880751014745e-05,0.06823073397856028,0.2440855136325549
2024-06-18,0.0008783665823036015,0.07044480712786373,0.25200603786489856
2024-06-20,-0.00016266142216871197,0.0706408203218425,0.2527072465188477
2024-06-21,0.00394429618721374,0.07165229155546121,0.2563256375456825
2024-06-24,-0.0016349567262707724,0.05487716381753368,0.2332089516763684
2024-06-25,0.001659556860783947,0.059171809946478526,0.23348483143484466
2024-06-26,0.002885203808597849,0.054083919596660465,0.22983793830205707
2024-06-27,-0.0015382617019283845,0.022485552786561412,0.2258655926608625
2024-06-28,-0.0006586492086350186,0.03696705867665668,0.23892900437657924
2024-07-01,0.0013920865973243008,0.026517797207544946,0.26636916775834524
2024-07-02,0.0007005752910144703,0.010689393692441797,0.3012606826671757
2024-07-03,-9.953755986842169e-05,0.011289168721722219,0.31816422649450293
2024-07-05,-0.0004235357676720322,0.01283346494066804,0.3616873435716588
2024-07-08,-4.934088804795652e-05,0.01641248275719864,0.373077890854571
2024-07-09,-0.0001022464638662557,0.01679115079052407,0.3816855264753997
2024-07-10,-0.0009980491110825537,0.0,0.39592779647339643
2024-07-11,-3.0745911811387026e-05,0.06053101387866821,0.3912297974917788
2024-07-12,0.0005462135385746137,0.06040934742884923,0.39044343133872483
2024-07-15,-0.0007638160706333868,0.060462519913051196,0.39078710078837536
2024-07-16,0.00031772405348937745,0.06002065431934599,0.3879311931194507
2024-07-17,-0.0026456773254988327,0.06007382012089255,0.38827481937712816
2024-07-18,0.0008532621284817272,0.09565027884259986,0.3774244737901482
2024-07-19,-0.0004220304704312256,0.0887817659931433,0.37729177557500315
2024-07-22,0.004125624769065153,0.0,0.3768509834564913
2024-07-23,0.0,0.0,0.487643877068592
2024-07-24,0.0,0.0,0.5115626707521261
2024-07-25,0.0,0.0,0.5659082959682858
2024-07-26,0.0,0.0,0.8458343920182154
2024-07-29,-1.9045932366616874e-05,0.037496679346776966,0.8648570867625665
2024-07-30,-0.0003810530200059485,0.033353636179478396,0.940010209556325
2024-07-31,0.0007977025846085296,0.03548220629988792,1.0
2024-08-01,-0.0012970995304777638,0.04335592541322508,1.0
2024-08-02,-0.0012467668818652567,0.04399210770599207,1.0
2024-08-05,0.0013442082882838791,0.09955280271627516,1.0
2024-08-06,-0.0021333613904696044,0.034070061772301735,0.9602013325876344
2024-08-07,-0.00046206106432410474,0.042215749177024524,0.959620972451711
2024-08-08,0.00040040651513848375,0.09834041301383392,0.9878216416880141
2024-08-09,-0.0047429181774350255,0.04309446258512885,0.9795953145309072
2024-08-12,-0.0014787097863707467,0.0,0.9777445422825825
2024-08-13,-0.00011293688407344273,0.22234449051959035,0.8773445655353409
2024-08-14,-0.003960646453907245,0.23082797152932216,0.8257534501856492
2024-08-15,-0.00011900717711623508,0.251782201467202,0.9007141559985047
2024-08-16,-0.005493846137670541,0.2795361878020934,1.0
2024-08-19,0.0007894151918779851,0.2576015055844945,0.877569357901557
2024-08-20,0.001263189993181281,0.2543715268764912,0.866565810642054
2024-08-21,0.005263679832694218,0.23648457656065924,0.845989130853019
2024-08-22,0.001980045769377403,0.1816013004731744,0.7165768474494857
2024-08-23,-0.001221036666621912,0.17726499317815786,0.6994663014184886
2024-08-26,-0.016042251006732716,0.1770245308896845,0.6985174662055483
2024-08-27,0.0007621815221343208,0.1149086436483404,0.35693781054456775
2024-08-28,-0.003620036031529239,0.0,0.35456554954725494
2024-08-29,-5.652244773574634e-05,0.11127856897975061,0.3403370620406415
2024-08-30,0.004620715938324932,0.1062726224192007,0.33011195644451324
2024-09-03,-0.019822318861681024,0.0,0.28900249024261965
2024-09-04,-4.5974535649300194e-05,0.09051236705955976,0.2883365301543845
2024-09-05,-0.0035174096525042407,0.09037662054505882,0.2879040955573974
2024-09-06,-0.0004914186275668262,0.08817707864422329,0.2739022269534881
2024-09-09,-6.907285214662391e-05,0.08863158721661628,0.27531405542480986
2024-09-10,0.0018804347918194647,0.08844562402501652,0.2747364026709001
2024-09-11,-0.0015275497567537617,0.0836071379943701,0.2663392069900501
2024-09-12,-0.0020038975506884204,0.0834289263479816,0.2657714953123857
2024-09-13,-0.00033599194085062614,0.08472827209832871,0.2631892864957564
2024-09-16,-0.0009484703258812109,0.08483134180979807,0.2635094493310077
2024-09-17,0.001931478928665311,0.08537093230451753,0.26518556562357526
2024-09-18,0.003329360328839078,0.0806571708621391,0.2569417808193561
2024-09-19,0.0032179015814014908,0.06717698334438561,0.240315874207835
2024-09-20,-0.0031108093375305924,0.05462115886422146,0.23212101923539147
2024-09-23,8.383966732022083e-05,0.06307880631308403,0.2256552427399586
2024-09-24,0.0015994491221349271,0.06302130510769943,0.22544954055221425
2024-09-25,0.002947145786485401,0.06739949853769137,0.2659502991221661
2024-09-26,0.00253478249528127,0.039018552630456206,0.252188414927828
2024-09-27,-0.001953451260013785,0.026189130291304895,0.26306773467688044
2024-09-30,0.00041334427094262115,0.04019018491415817,0.25976101997300943
2024-10-01,-0.0024466266392695526,0.01224818666037485,0.2784178185376317
2024-10-02,0.000284383546219561,0.04396589580399375,0.28416455317301165
2024-10-03,0.0026925382089625113,0.028171573793533036,0.2829812222747946
2024-10-04,-0.000600816087711122,0.010962972674146948,0.30897099750478535
2024-10-07,2.1584137373624014e-05,0.013642647079322992,0.3101157864610509
2024-10-08,-0.0001863704667386479,0.013653675444589664,0.31036647609248164
2024-10-09,-1.7420393749460652e-06,0.013825268644031566,0.31426702117635646
2024-10-10,0.0006876413840635873,0.014245187082702556,0.32381233420107874
2024-10-11,0.00018673479741147879,0.012242815329094516,0.3450409826722976
2024-10-14,-0.00034158941834983703,0.015067765215035075,0.34753646869313226
2024-10-15,4.8292870877856704e-05,0.01255184981954005,0.3537505450888408
2024-10-16,6.147411773701697e-05,0.012753495392560004,0.3594335505737784
2024-10-17,0.00013752535473962705,0.013992438045273758,0.39435084523810904
2024-10-18,-0.00033710573729237145,0.018971808818786098,0.43758283643967677
2024-10-21,-0.0006249257610134746,0.019062458909068793,0.5372399548088137
2024-10-22,0.000923444384038648,0.023389762712406115,0.5316808839604711
2024-10-23,0.0003624890148901174,0.020059707814786915,0.5653455606803762
2024-10-24,-9.510256718844969e-05,0.03391600889841529,0.7822692878807684
2024-10-25,0.0006687355412755112,0.038369292481739696,0.8849838197672448
2024-10-28,-0.0006190139006684606,0.04335592541322508,1.0
2024-10-29,-0.0004280765277091572,0.04335592541322508,1.0
2024-10-30,0.0014841585056532354,0.04335592541322508,1.0
2024-10-31,3.5994148375212746e-05,0.04650641498046771,1.0
2024-11-01,-0.002870506473770719,0.049306628663154946,1.0
2024-11-04,0.0005535132712226415,0.04335592541322508,1.0
2024-11-05,0.0011900650547555438,0.04335592541322508,1.0
2024-11-06,-0.001097941482389601,0.04650641498046771,1.0
2024-11-07,0.0001842040771234655,0.04335592541322508,1.0
2024-11-08,0.0004098972273881987,0.04650641498046771,1.0
2024-11-11,0.0005589838856144559,0.04650641498046771,1.0
2024-11-12,0.0008293908254956246,0.049306628663154946,1.0
2024-11-13,-0.0005041480465921863,0.0,1.0
2024-11-14,0.0,0.0,1.0
2024-11-15,0.0,0.0,1.0
2024-11-18,0.0,0.0,1.0
2024-11-19,0.0,0.0,1.0
2024-11-20,0.0,0.0,1.0
2024-11-21,-0.0,0.0,1.0
2024-11-22,-0.0,0.0,1.0
2024-11-25,0.0,0.0,1.0
2024-11-26,-0.0,0.0,1.0
2024-11-27,-0.0,0.0,1.0
2024-11-29,-2.362230602182487e-05,0.04650641498046771,1.0
2024-12-02,-0.0027662507525254084,0.0,1.0
2024-12-03,-2.202205735274925e-05,0.04335592541322508,1.0
2024-12-04,0.00010525877255338966,0.04335592541322508,1.0
2024-12-05,-0.00026724470336304877,0.04650641498046771,1.0
2024-12-06,0.00010376845184407306,0.04335592541322508,1.0
2024-12-09,0.002060462005725212,0.04650641498046771,1.0
2024-12-10,-0.00019009600430091244,0.0,1.0
2024-12-11,-0.0,0.0,1.0
2024-12-12,-2.5044636781285053e-05,0.049306628663154946,1.0
2024-12-13,-0.0012379319876083953,0.0,1.0
2024-12-16,-0.0,0.0,1.0
2024-12-17,-2.5044636781285053e-05,0.049306628663154946,1.0
2024-12-18,-0.0004382104663544861,0.04335592541322508,1.0
2024-12-19,-0.00034172927305168123,0.03548220629988792,1.0
2024-12-20,0.0018882478777150343,0.03548220629988792,1.0
2024-12-23,0.00010524880229043956,0.04650641498046771,1.0
2024-12-24,-0.0009895720380990645,0.049306628663154946,1.0
2024-12-26,-0.00034390675989438613,0.04650641498046771,1.0
2024-12-27,-0.00023042478084814546,0.04335592541322508,1.0
2024-12-30,0.0023685120025506287,0.04335592541322508,1.0
2024-12-31,0.0007069796839635773,0.0,1.0
2025-01-02,-3.311475163140159e-07,0.041724587055566004,1.0
2025-01-03,-0.002230138959169032,0.04455139436105607,1.0
2025-01-06,-3.872550429816101e-05,0.0,1.0
2025-01-07,-0.0,0.0,1.0
2025-01-08,0.0,0.0,1.0
2025-01-09,0.0,0.0,1.0
2025-01-10,0.0,0.0,1.0
2025-01-13,-1.6912103742739263e-05,0.03329570424351792,1.0
2025-01-14,0.0026520489767864223,0.22442652534739607,1.0
2025-01-15,0.0028950878145109493,0.014929604560918724,0.4483943169282941
2025-01-16,0.0003793825208025504,0.01872170868231657,0.4486972790739488
2025-01-17,0.0006280947187622477,0.02023041833452301,0.4540916984678515
2025-01-21,0.00039583083372172735,0.0,0.45508989694175483
2025-01-22,-0.0,0.0,0.45548784830513844
2025-01-23,-7.699224130939194e-06,0.015157847507786539,0.45524934378696913
2025-01-24,0.00010272357381419822,0.0,0.4553639723071376
2025-01-27,0.0,0.0,0.45738810196405505
2025-01-28,-0.0,0.0,0.4578911567719962
2025-01-29,0.0,0.0,0.45821360621707463
2025-01-30,0.0,0.0,0.45842668548781107
2025-01-31,0.0,0.0,0.45842668548781107
2025-02-03,0.0,0.0,0.45784988358675055
2025-02-04,-0.0,0.0,0.46492885756393154
2025-02-05,-0.0,0.0,0.46492885756393154
2025-02-06,0.0,0.0,0.46492885756393154
2025-02-07,0.0,0.0,0.46492885756393154
2025-02-10,-0.0,0.0,0.46492885756393154
2025-02-11,0.0,0.0,0.46492885756393154
2025-02-12,-0.0,0.0,0.47214497476722284
2025-02-13,0.0,0.0,1.0
2025-02-14,0.0,0.0,1.0
2025-02-18,-0.0,0.0,1.0
2025-02-19,-0.0,0.0,1.0
2025-02-20,0.0,0.0,1.0
2025-02-21,-0.0,0.0,1.0
2025-02-24,-0.0,0.0,1.0
2025-02-25,-2.262927967545705e-05,0.04455139436105607,1.0
2025-02-26,-0.001849735338634482,0.04455139436105607,1.0
2025-02-27,0.0006868964216333802,0.09522774802688418,1.0
2025-02-28,-0.0033754904748088126,0.03329570424351792,1.0
2025-03-03,0.009991343137591122,0.0,1.0
2025-03-04,0.0,0.0,1.0
2025-03-05,-0.0,0.0,1.0
2025-03-06,-0.0,0.0,1.0
2025-03-07,-2.262927967545705e-05,0.04455139436105607,1.0
2025-03-10,9.975113126998791e-05,0.03329570424351792,1.0
2025-03-11,0.0005658324024916655,0.03329570424351792,1.0
2025-03-12,-5.704882553757067e-05,0.041724587055566004,1.0
2025-03-13,6.984796192314103e-05,0.041724587055566004,1.0
2025-03-14,-0.0002515375522489537,0.041724587055566004,1.0
2025-03-17,0.001961856370566619,0.041724587055566004,1.0
2025-03-18,0.0003417403774647864,0.0,1.0
2025-03-19,0.0,0.0,1.0
2025-03-20,-0.0,0.0,1.0
2025-03-21,0.0,0.0,1.0
2025-03-24,-0.0,0.0,1.0
2025-03-25,0.0,0.0,1.0
2025-03-26,0.0,0.0,1.0
2025-03-27,0.0,0.0,1.0
2025-03-28,-0.0,0.0,1.0
2025-03-31,-0.0,0.0,1.0
2025-04-01,0.0,0.0,1.0
2025-04-02,0.0,0.0,1.0
2025-04-03,-0.0,0.0,1.0
2025-04-04,0.0,0.0,1.0
2025-04-07,0.0,0.0,1.0
2025-04-08,0.0,0.0,1.0
2025-04-09,-0.0,0.0,1.0
2025-04-10,-0.0,0.0,1.0
2025-04-11,-1.6912103742739263e-05,0.03329570424351792,1.0
2025-04-14,0.0013317426257778641,0.03329570424351792,1.0
2025-04-15,8.515187522806003e-05,0.0,1.0
2025-04-16,-0.0,0.0,1.0
2025-04-17,-2.4373550646775907e-05,0.04798542783584007,1.0
2025-04-21,0.00010401119078864505,0.04455139436105607,1.0
2025-04-22,0.0005164870691959057,0.04798542783584007,1.0
2025-04-23,0.0025049511535517118,0.0,1.0
2025-04-24,0.0,0.0,1.0
2025-04-25,0.0,0.0,1.0
2025-04-28,0.0,0.0,1.0
2025-04-29,-0.0,0.0,1.0
2025-04-30,0.0,0.0,1.0
2025-05-01,-0.0,0.0,1.0
2025-05-02,-0.0,0.0,1.0
2025-05-05,0.0,0.0,1.0
2025-05-06,-0.0,0.0,1.0
2025-05-07,-0.0,0.0,1.0
2025-05-08,0.0,0.0,1.0
2025-05-09,-0.0,0.0,1.0
2025-05-12,0.0,0.0,1.0
2025-05-13,0.0,0.0,1.0
2025-05-14,0.0,0.0,1.0
2025-05-15,-0.0,0.0,1.0
2025-05-16,-0.0,0.0,1.0
2025-05-19,-0.0,0.0,1.0
2025-05-20,0.0,0.0,1.0
2025-05-21,0.0,0.0,1.0
2025-05-22,-0.0,0.0,1.0
2025-05-23,-0.0,0.0,1.0
2025-05-27,-0.0,0.0,1.0
2025-05-28,-0.0,0.0,1.0
2025-05-29,-2.262927967545705e-05,0.04455139436105607,1.0
2025-05-30,-0.0014403881688568965,0.03329570424351792,1.0
2025-06-02,-0.0011757775202084222,0.03329570424351792,1.0
2025-06-03,0.0007127028272495671,0.14743227958899988,1.0
2025-06-04,-0.006187631645521873,0.041894119431440294,1.0
2025-06-05,0.0008966161552223893,0.23731708128948614,1.0
2025-06-06,-0.00354914729266017,0.14743227958899988,1.0
2025-06-09,0.0004922006571480826,0.0,1.0
2025-06-10,0.0,0.0,1.0
2025-06-11,-0.0,0.0,1.0
2025-06-12,-0.0,0.0,1.0
2025-06-13,-0.0,0.0,1.0
2025-06-16,-0.0001286004784823546,0.25318219201213565,1.0
2025-06-17,-0.000598984222789169,0.0497763709804621,0.5227086853551289
2025-06-18,0.002263578824107511,0.04974320092690945,0.5223603619489796
2025-06-20,0.0018328097580543768,0.021373093393077903,0.5122421790445679
2025-06-23,0.000690305194262597,0.0,0.5131787859873764
2025-06-24,-0.0,0.0,0.5131787859873764
2025-06-25,-0.0,0.0,0.5131787859873764
2025-06-26,-1.2507989131114294e-05,0.024625103601881266,0.5131787859873764
2025-06-27,-0.001306231915269867,0.0,0.5138091388972874
2025-06-30,-1.168485938035575e-05,0.023004566905075387,0.5163602000565999
2025-07-01,-4.0351376446579916e-05,0.0,0.5219874713897884
2025-07-02,-0.0,0.0,0.5267221554767033
2025-07-03,-0.0,0.0,0.5290893000665581
2025-07-04,0.0,0.0,0.5371506621547583
2025-07-07,-0.0,0.0,0.5576222389389007
2025-07-08,0.0,0.0,0.5696904208810128
2025-07-09,-0.0,0.0,0.5696904208810128
2025-07-10,0.0,0.0,0.5696904208810128
2025-07-11,-0.0,0.0,0.5696904208810128
2025-07-14,0.0,0.0,0.5696904208810128
2025-07-15,0.0,0.0,0.5696904208810128
2025-07-16,-0.0,0.0,1.0
2025-07-17,0.0,0.0,1.0
2025-07-18,-0.0,0.0,1.0
2025-07-21,0.0,0.0,1.0
2025-07-22,-0.0,0.0,1.0
2025-07-23,0.0,0.0,1.0
2025-07-24,-0.0,0.0,1.0
2025-07-25,0.0,0.0,1.0
2025-07-28,-0.0,0.0,1.0
2025-07-29,0.0,0.0,1.0
2025-07-30,-0.0,0.0,1.0
2025-07-31,-0.0,0.0,1.0
2025-08-01,-0.0,0.0,1.0
2025-08-04,-2.1279552727080784e-05,0.041894119431440294,1.0
2025-08-05,-0.00017629832164423834,0.041724587055566004,1.0
2025-08-06,0.0014842285121472157,0.041724587055566004,1.0
2025-08-07,0.00023551788190693634,0.0,1.0
2025-08-08,0.0,0.0,1.0
2025-08-11,-0.0,0.0,1.0
2025-08-12,0.0,0.0,1.0
2025-08-13,0.0,0.0,1.0
2025-08-14,-0.0,0.0,1.0
2025-08-15,-0.0,0.0,1.0
2025-08-18,0.0,0.0,1.0
2025-08-19,0.0,0.0,1.0
2025-08-20,0.0,0.0,1.0
2025-08-21,0.0,0.0,1.0
2025-08-22,-0.0,0.0,1.0
2025-08-25,-0.0,0.0,1.0
2025-08-26,-0.0,0.0,1.0
2025-08-27,0.0,0.0,1.0
2025-08-28,0.0,0.0,1.0
2025-08-29,-0.0,0.0,1.0
2025-09-02,-0.0,0.0,1.0
2025-09-03,0.0,0.0,1.0
2025-09-04,-0.0,0.0,1.0
2025-09-05,-0.0,0.0,1.0
2025-09-08,-0.0,0.0,1.0
2025-09-09,0.0,0.0,1.0
2025-09-10,-0.0,0.0,1.0
2025-09-11,-0.0,0.0,1.0
2025-09-12,-0.0,0.0,1.0
2025-09-15,0.0,0.0,1.0
2025-09-16,0.0,0.0,1.0
2025-09-17,-0.0,0.0,1.0
2025-09-18,-0.0,0.0,1.0
2025-09-19,-0.0,0.0,1.0
2025-09-22,0.0,0.0,1.0
2025-09-23,0.0,0.0,1.0
2025-09-24,-0.0,0.0,1.0
2025-09-25,0.0,0.0,1.0
2025-09-26,0.0,0.0,1.0
2025-09-29,0.0,0.0,1.0
2025-09-30,0.0,0.0,1.0
2025-10-01,-0.0,0.0,1.0
2025-10-02,-0.0,0.0,1.0
2025-10-03,-2.262927967545705e-05,0.04455139436105607,1.0
2025-10-06,0.0008094524051112923,0.04455139436105607,1.0
2025-10-07,6.85989839141589e-05,0.04455139436105607,1.0
2025-10-08,-3.5011928486386755e-05,0.04455139436105607,1.0
2025-10-09,0.00024044623491931665,0.04455139436105607,1.0
2025-10-10,-0.00035383877852812124,0.04455139436105607,1.0
2025-10-13,0.0012780000333276209,0.04455139436105607,1.0
2025-10-14,-0.0006922734133311542,0.0,1.0
2025-10-15,-2.262927967545705e-05,0.04455139436105607,1.0
2025-10-16,-0.0002317412928942667,0.04798542783584007,1.0
2025-10-17,0.0020427579531428876,0.04455139436105607,1.0
2025-10-20,-6.067780742238724e-05,0.0,1.0
2025-10-21,-0.0,0.0,1.0
2025-10-22,0.0,0.0,1.0
2025-10-23,0.0,0.0,1.0
2025-10-24,0.0,0.0,1.0
2025-10-27,0.0,0.0,1.0
2025-10-28,0.0,0.0,1.0
2025-10-29,0.0,0.0,1.0
2025-10-30,0.0,0.0,1.0
2025-10-31,-0.0,0.0,1.0
2025-11-03,-0.0,0.0,1.0
2025-11-04,0.0,0.0,1.0
2025-11-05,0.0,0.0,1.0
2025-11-06,0.0,0.0,1.0
2025-11-07,-0.0,0.0,1.0
2025-11-10,0.0,0.0,1.0
2025-11-11,0.0,0.0,1.0
2025-11-12,-0.0,0.0,1.0
2025-11-13,-0.0,0.0,1.0
2025-11-14,0.0,0.0,1.0
2025-11-17,-0.0,0.0,1.0
2025-11-18,0.0,0.0,1.0
2025-11-19,-0.0,0.0,1.0
2025-11-20,-0.0,0.0,1.0
2025-11-21,-0.0,0.0,1.0
2025-11-24,-0.0,0.0,1.0
2025-11-25,-0.0,0.0,1.0
2025-11-26,-0.0,0.0,1.0
2025-11-28,0.0,0.0,1.0
2025-12-01,-0.0,0.0,1.0
2025-12-02,-0.0,0.0,1.0
2025-12-03,-2.262927967545705e-05,0.04455139436105607,1.0
2025-12-04,-0.0010461043478117865,0.041724587055566004,1.0
2025-12-05,0.0008833454401486665,0.03329570424351792,1.0
2025-12-08,-0.0008360253849424248,0.041724587055566004,1.0
2025-12-09,-0.00020882953437821483,0.03329570424351792,1.0
2025-12-10,-0.0003086455434664339,0.03329570424351792,1.0
2025-12-11,-0.0004456219992317997,0.041894119431440294,1.0
2025-12-12,-0.0007535956648809628,0.041894119431440294,1.0
2025-12-15,-0.00030632735961552606,0.09522774802688418,1.0
2025-12-16,-0.0022854290968354553,0.0,1.0
2025-12-17,-0.00011399442557328055,0.22442652534739607,1.0
2025-12-18,-0.0023585238080633918,0.22442652534739607,1.0
2025-12-19,-0.004116448646788639,0.22442652534739607,1.0
2025-12-22,0.0009995061271687942,0.23731708128948614,1.0
2025-12-23,0.0011237058334087596,0.23731708128948614,1.0
2025-12-24,-0.003264283690172227,0.23731708128948614,1.0
2025-12-26,-0.005106770879245201,0.23731708128948614,1.0
2025-12-29,-0.005684334868992669,0.25318219201213565,1.0
2025-12-30,0.0069149921091273174,0.2415397266698696,0.9540154651093786
2025-12-31,-0.003578493056702229,0.16828986251244596,0.7091350592971484
2026-01-02,-1.5317174815940406e-06,0.1929964026808491,0.6980269539054809
2026-01-05,-1.7732468510747426e-05,0.1925063753699506,0.696254629310796
2026-01-06,-0.0017046846564767084,0.1916369246936248,0.6931100110757589
2026-01-07,0.005407010552648629,0.19341732263059175,0.6995493318683633
2026-01-08,0.00869314357368275,0.15387335986439182,0.5726120656889069
2026-01-09,-0.0042307978713802645,0.11199749936320758,0.4438769328618777
2026-01-12,0.0013453420207449036,0.0,0.42320916433979794
2026-01-13,0.0,0.0,0.42300465626488076
2026-01-14,-0.0,0.0,0.4228317978740605
2026-01-15,0.0,0.0,0.42266987579712445
2026-01-16,0.0,0.0,0.4273787826348413
2026-01-20,-3.486401544848881e-05,0.06863853041421235,0.42737129247385064
2026-01-21,0.006407436582079074,0.019501885007117848,0.36984895132147844
2026-01-22,-0.0007036750937007872,0.02130442653299901,0.371534897218672
2026-01-23,9.869657270715673e-05,0.017653279783819524,0.3690996861249758
2026-01-26,0.001259013366378711,0.021167375904512797,0.36914482625902845
2026-01-27,0.0005828331012125832,0.022897315349703812,0.371394460521308
2026-01-28,0.00022568475636192467,0.023785608304217835,0.38580257245880123
2026-01-29,-0.0027391390213337124,0.0,0.4099697958786252
2026-01-30,-9.615680964050256e-06,0.01893087189797394,0.39581193756520705
2026-02-02,-0.0034707695761484244,0.0,0.3991856242139648
2026-02-03,-4.319533897851943e-05,0.08504082361396012,0.35423090541918995
2026-02-04,0.002925008595861186,0.054041447979893596,0.3364839446729073
2026-02-05,-0.0007129003022498405,0.03649414900016414,0.3368662450229406
2026-02-06,0.0011796105846037408,0.03726522455848919,0.34398380592183314
2026-02-09,0.0002171397439196177,0.019885221212521814,0.3771188379770743
2026-02-10,-0.0004874522020735165,0.021119397354542456,0.40052471652192906
2026-02-11,0.0003922496040689951,0.04317535510775646,0.3985384000217827
2026-02-12,-0.0011441272799185473,0.021038543470727387,0.39899134043400947
2026-02-13,-0.0002287421679138323,0.042986754925398225,0.3967974898489937
2026-02-17,0.0012039451106276517,0.04281540656634234,0.39521582594156196
2026-02-18,0.000736098003382791,0.020814544962075847,0.39474325808237465
2026-02-19,0.000986113149368159,0.023973686794336136,0.454655686717393
2026-02-20,-0.0006005879301385298,0.02656993684846285,0.4633618624190502
2026-02-23,0.001213331444399547,0.02225454947863874,0.46530431330653627
2026-02-24,0.0002658505568061722,0.026620793856208056,0.46424877449416274
2026-02-25,0.0006211772155175347,0.02828208509739698,0.47142284348998337
2026-02-26,0.0005530707640053911,0.028303199795932963,0.47177479601360345
2026-02-27,0.0003173035528128418,0.029075234068722422,0.4716003036409943
2026-03-02,0.008186844634782893,0.0,0.5189597058531148
2026-03-03,0.0,0.0,0.5336988542106252
2026-03-04,0.0,0.0,0.7629678601382299
2026-03-05,0.0,0.0,1.0
2026-03-06,-0.0,0.0,1.0
2026-03-09,-0.0,0.0,1.0
2026-03-10,0.0,0.0,1.0
2026-03-11,0.0,0.0,1.0
2026-03-12,-0.0,0.0,1.0
2026-03-13,0.0,0.0,1.0
2026-03-16,0.0,0.0,1.0
2026-03-17,0.0,0.0,1.0
2026-03-18,0.0,0.0,1.0
2026-03-19,0.0,0.0,1.0
2026-03-20,0.0,0.0,1.0
2026-03-23,-0.0,0.0,1.0
2026-03-24,0.0,0.0,1.0
2026-03-25,-0.0,0.0,1.0
2026-03-26,0.0,0.0,1.0
2026-03-27,0.0,0.0,1.0
2026-03-30,-0.0,0.0,1.0
2026-03-31,-0.0,0.0,1.0
2026-04-01,-0.0,0.0,1.0
2026-04-02,-0.0,0.0,1.0
2026-04-06,-0.0,0.0,1.0
2026-04-07,0.0,0.0,1.0
2026-04-08,0.0,0.0,1.0
2026-04-09,-0.0,0.0,1.0
2026-04-10,-0.0,0.0,1.0
2026-04-13,0.0,0.0,1.0
2026-04-14,0.0,0.0,1.0
2026-04-15,0.0,0.0,1.0
2026-04-16,0.0,0.0,1.0
2026-04-17,0.0,0.0,1.0
2026-04-20,-0.0,0.0,1.0
2026-04-21,0.0,0.0,1.0
2026-04-22,0.0,0.0,1.0
2026-04-23,0.0,0.0,1.0
2026-04-24,0.0,0.0,1.0
2026-04-27,0.0,0.0,1.0
2026-04-28,-0.0,0.0,1.0
2026-04-29,0.0,0.0,1.0
2026-04-30,0.0,0.0,1.0
2026-05-01,-0.0,0.0,1.0
2026-05-04,0.0,0.0,1.0
2026-05-05,0.0,0.0,1.0
2026-05-06,-0.0,0.0,1.0
2026-05-07,0.0,0.0,1.0
2026-05-08,0.0,0.0,1.0
2026-05-11,0.0,0.0,1.0
2026-05-12,0.0,0.0,1.0
2026-05-13,-0.0,0.0,1.0
2026-05-14,-0.0,0.0,1.0
2026-05-15,0.0,0.0,1.0
2026-05-18,-0.0,0.0,1.0
2026-05-19,-0.0,0.0,1.0
2026-05-20,0.0,0.0,1.0
2026-05-21,-0.0,0.0,1.0
2026-05-22,0.0,0.0,1.0
2026-05-26,-0.0,0.0,1.0
2026-05-27,0.0,0.0,1.0
2026-05-28,0.0,0.0,1.0
2026-05-29,-0.0,0.0,1.0
2026-06-01,-0.0,0.0,1.0
2026-06-02,0.0,0.0,1.0
2026-06-03,-0.0,0.0,1.0
2026-06-04,-0.0,0.0,1.0
2026-06-05,0.0,0.0,1.0
2026-06-08,0.0,0.0,1.0
2026-06-09,0.0,0.0,1.0
2026-06-10,0.0,0.0,1.0
2026-06-11,0.0,0.0,1.0
2026-06-12,-0.0,0.0,1.0
2026-06-15,-0.0,0.0,1.0
2026-06-16,0.0,0.0,1.0
2026-06-17,0.0,0.0,1.0
2026-06-18,0.0,0.0,1.0
2026-06-22,0.0,0.0,1.0
2026-06-23,0.0,0.0,1.0
2026-06-24,0.0,0.0,1.0
2026-06-25,0.0,0.0,1.0
2026-06-26,-0.0,0.0,1.0
2026-06-29,0.0,0.0,1.0
2026-06-30,-0.0,0.0,1.0
2026-07-01,-0.0,0.0,1.0
2026-07-02,-0.0,0.0,1.0
2026-07-06,0.0,0.0,1.0
2026-07-07,-0.0,0.0,1.0
2026-07-08,0.0,0.0,1.0
2026-07-09,-0.0,0.0,1.0
2026-07-10,-0.0,0.0,1.0
2026-07-13,0.0,0.0,1.0
2026-07-14,0.0,0.0,1.0
2026-07-15,0.0,0.0,1.0
2026-07-16,0.0,0.0,1.0
2026-07-17,-0.0,0.0,1.0
2026-07-20,-0.0,0.0,1.0
2026-07-21,-0.0,0.0,1.0
2026-07-22,-0.0,0.0,1.0
2026-07-23,-0.0,0.0,1.0
2026-07-24,-0.0,0.0,1.0
2026-07-27,0.0,0.0,1.0
2026-07-28,0.0,0.0,1.0
2026-07-29,-0.0,0.0,1.0
2026-07-30,-0.0,0.0,1.0
2026-07-31,-0.0,0.0,1.0
2026-08-03,-0.0,0.0,1.0
2026-08-04,-0.0,0.0,1.0
2026-08-05,0.0,0.0,1.0
2026-08-06,0.0,0.0,1.0
2026-08-07,0.0,0.0,1.0
2026-08-10,0.0,0.0,1.0
2026-08-11,-0.0,0.0,1.0
2026-08-12,0.0,0.0,1.0
2026-08-13,0.0,0.0,1.0
2026-08-14,0.0,0.0,1.0
2026-08-17,0.0,0.0,1.0
2026-08-18,0.0,0.0,1.0
2026-08-19,-0.0,0.0,1.0
2026-08-20,-0.0,0.0,1.0
2026-08-21,0.0,0.0,1.0
2026-08-24,-0.0,0.0,1.0
2026-08-25,0.0,0.0,1.0
2026-08-26,0.0,0.0,1.0
2026-08-27,0.0,0.0,1.0
2026-08-28,0.0,0.0,1.0
2026-08-31,-0.0,0.0,1.0
2026-09-01,-0.0,0.0,1.0
2026-09-02,-0.0,0.0,1.0
2026-09-03,-0.0,0.0,1.0
2026-09-04,0.0,0.0,1.0
2026-09-08,-0.0,0.0,1.0
2026-09-09,-0.0,0.0,1.0
