date,ret,pos,scale
2012-01-03,-1.9007604917158193e-06,0.23949582195619323,
2012-01-04,0.01456837561002813,0.238077093760804,
2012-01-05,-0.014464254264210571,0.24135956252593527,
2012-01-06,0.023548524687513835,0.24840042890670838,
2012-01-09,-0.0019083079464223501,0.17614510947317688,
2012-01-10,0.0009386055083363946,0.18111466402657797,
2012-01-11,0.005597705956160349,0.181372200654737,
2012-01-12,0.006313966161683949,0.17716932872298394,
2012-01-13,0.010060360735608408,0.0,
2012-01-17,-6.648270002535171e-05,0.13088781567491117,
2012-01-18,0.012267395941900098,0.16191626532676462,
2012-01-19,0.001341452211691528,0.0,
2012-01-20,0.0,0.0,
2012-01-23,-4.7817279893975225e-05,0.09414026979126372,
2012-01-24,0.007374922845222768,0.0,
2012-01-25,0.0,0.0,
2012-01-26,0.0,0.0,
2012-01-27,0.0,0.0,
2012-01-30,-0.0,0.0,
2012-01-31,0.0,0.0,
2012-02-01,0.0,0.0,
2012-02-02,0.0,0.0,
2012-02-03,0.0,0.0,
2012-02-06,0.0,0.0,
2012-02-07,-0.0,0.0,
2012-02-08,0.0,0.0,
2012-02-09,0.0,0.0,
2012-02-10,-0.0,0.0,
2012-02-13,-0.0,0.0,
2012-02-14,-0.0,0.0,
2012-02-15,-0.0,0.0,
2012-02-16,0.0,0.0,
2012-02-17,-0.0,0.0,
2012-02-21,-0.0,0.0,
2012-02-22,0.0,0.0,
2012-02-23,-0.0,0.0,
2012-02-24,-0.0,0.0,
2012-02-27,-0.0,0.0,
2012-02-28,0.0,0.0,
2012-02-29,0.0,0.0,
2012-03-01,-0.0,0.0,
2012-03-02,-0.0,0.0,
2012-03-05,-0.0,0.0,
2012-03-06,0.0,0.0,
2012-03-07,0.0,0.0,
2012-03-08,0.0,0.0,
2012-03-09,0.0,0.0,
2012-03-12,0.0,0.0,
2012-03-13,0.0,0.0,
2012-03-14,0.0,0.0,
2012-03-15,-0.0,0.0,
2012-03-16,0.0,0.0,
2012-03-19,-0.0,0.0,
2012-03-20,0.0,0.0,
2012-03-21,-0.0,0.0,
2012-03-22,0.0,0.0,
2012-03-23,0.0,0.0,
2012-03-26,0.0,0.0,
2012-03-27,-0.0,0.0,
2012-03-28,0.0,0.0,
2012-03-29,0.0,0.0,
2012-03-30,-0.0,0.0,
2012-04-02,0.0,0.0,
2012-04-03,0.0,0.0,
2012-04-04,-0.0,0.0,
2012-04-05,-0.0,0.0,
2012-04-09,-0.0,0.0,
2012-04-10,-0.0,0.0,
2012-04-11,0.0,0.0,
2012-04-12,0.0,0.0,
2012-04-13,0.0,0.0,
2012-04-16,-0.0,0.0,
2012-04-17,-0.0,0.0,
2012-04-18,0.0,0.0,
2012-04-19,-0.0,0.0,
2012-04-20,-3.168565742407333e-05,0.062381138053644376,
2012-04-23,0.0033789876561556077,0.10478443971934923,
2012-04-24,-0.004418936851228297,0.0613712475103565,
2012-04-25,-0.00041384563950287603,0.09582861167155328,
2012-04-26,-0.00026276072012210096,0.13168868275103515,
2012-04-27,-0.0026772852826215296,0.14321221480755392,
2012-04-30,-0.0038237354387130073,0.19712190453723843,
2012-05-01,-0.010193860138573693,0.22162358034196117,
2012-05-02,-0.0055011802411009175,0.0,
2012-05-03,0.0,0.0,
2012-05-04,0.0,0.0,
2012-05-07,0.0,0.0,
2012-05-08,-0.0001246228302301434,0.24535119701559482,
2012-05-09,0.0054067789458441245,0.15875415961170875,
2012-05-10,-0.003471916997034511,0.15513912201223629,
2012-05-11,0.005339690269274471,0.20642254780327776,
2012-05-14,0.008456980765928313,0.1606722010928767,
2012-05-15,-0.004856975066040777,0.10170638635772582,
2012-05-16,-0.0017258270406749307,0.14325671715335228,
2012-05-17,-0.008717641260274045,0.19034808473380657,
2012-05-18,0.007239506003341853,0.2731440282273008,
2012-05-21,0.008531831167175614,0.24351420361732307,
2012-05-22,0.0013118329965940143,0.2033273931465988,
2012-05-23,0.0009980850293222487,0.21881443918635596,
2012-05-24,-0.00819315112877584,0.22008281802743995,
2012-05-25,0.0008712798934165526,0.2633999312689208,
2012-05-29,0.0028180935323443177,0.27201872998855414,
2012-05-30,0.004173031091735098,0.2812162769849198,
2012-05-31,-0.030913929465782752,0.2401660988566697,
2012-06-01,0.018592765344898617,0.20868692692336585,
2012-06-04,0.0030724657887956828,0.08877427268094054,
2012-06-05,-0.00020687264967228183,0.0,
2012-06-06,0.0,0.0,
2012-06-07,-0.0,0.0,
2012-06-08,-6.285630340716065e-05,0.12374834733284754,
2012-06-11,-0.004103877408692157,0.0,
2012-06-12,0.0,0.0,
2012-06-13,0.0,0.0,
2012-06-14,0.0,0.0,
2012-06-15,-0.0,0.0,
2012-06-18,-0.0,0.0,
2012-06-19,-6.393704268582283e-05,0.12587605278771372,
2012-06-20,0.002634735635770819,0.16537546156085933,
2012-06-21,-0.0021047701707645403,0.16102718602714777,
2012-06-22,0.002253996620091557,0.158891397870418,
2012-06-25,0.00980171600947192,0.16493617931114074,
2012-06-26,-0.002864924739894527,0.0,
2012-06-27,-4.698579423296848e-05,0.0925032823961567,
2012-06-28,0.0019579765894139783,0.18645233988800541,
2012-06-29,-0.006029808497830823,0.158577756774371,
2012-07-02,0.005470384870375049,0.0,
2012-07-03,-0.0,0.0,
2012-07-05,0.0,0.0,
2012-07-06,0.0,0.0,
2012-07-09,0.0,0.0,
2012-07-10,0.0,0.0,
2012-07-11,-0.0,0.0,
2012-07-12,0.0,0.0,
2012-07-13,-0.0,0.0,
2012-07-16,0.0,0.0,
2012-07-17,-0.0,0.0,
2012-07-18,0.0,0.0,
2012-07-19,-0.0,0.0,
2012-07-20,0.0,0.0,
2012-07-23,0.0,0.0,
2012-07-24,-0.0,0.0,
2012-07-25,-4.385409981906734e-05,0.08633775901878883,
2012-07-26,0.0004479141550729472,0.17374630649296555,
2012-07-27,0.014449120197092878,0.13986081117455418,
2012-07-30,0.0027279336454861867,0.0,
2012-07-31,0.0,0.0,
2012-08-01,0.0,0.0,
2012-08-02,0.0,0.0,
2012-08-03,-0.0,0.0,
2012-08-06,-0.0,0.0,
2012-08-07,0.0,0.0,
2012-08-08,0.0,0.0,
2012-08-09,0.0,0.0,
2012-08-10,-0.0,0.0,
2012-08-13,-0.0,0.0,
2012-08-14,-0.0,0.0,
2012-08-15,0.0,0.0,
2012-08-16,-0.0,0.0,
2012-08-17,-0.0,0.0,
2012-08-20,-0.0,0.0,
2012-08-21,0.0,0.0,
2012-08-22,0.0,0.0,
2012-08-23,0.0,0.0,
2012-08-24,-0.0,0.0,
2012-08-27,0.0,0.0,
2012-08-28,-0.0,0.0,
2012-08-29,-0.0,0.0,
2012-08-30,0.0,0.0,
2012-08-31,-0.0,0.0,
2012-09-04,0.0,0.0,
2012-09-05,-0.0,0.0,
2012-09-06,0.0,0.0,
2012-09-07,0.0,0.0,
2012-09-10,0.0,0.0,
2012-09-11,0.0,0.0,
2012-09-12,-0.0,0.0,
2012-09-13,-0.0,0.0,
2012-09-14,-0.0,0.0,
2012-09-17,-0.0,0.0,
2012-09-18,-0.0,0.0,
2012-09-19,0.0,0.0,
2012-09-20,0.0,0.0,
2012-09-21,0.0,0.0,
2012-09-24,-0.0,0.0,
2012-09-25,0.0,0.0,
2012-09-26,0.0,0.0,
2012-09-27,0.0,0.0,
2012-09-28,0.0,0.0,
2012-10-01,-0.0,0.0,
2012-10-03,-0.0,0.0,
2012-10-04,0.0,0.0,
2012-10-05,0.0,0.0,
2012-10-08,-0.0,0.0,
2012-10-09,-0.0,0.0,
2012-10-10,0.0,0.0,
2012-10-11,-0.0,0.0,
2012-10-12,-0.0,0.0,
2012-10-15,-0.0,0.0,
2012-10-16,-0.0,0.0,
2012-10-17,-0.0,0.0,
2012-10-18,-0.0,0.0,
2012-10-19,-0.0,0.0,
2012-10-22,-1.6048481373848012e-05,0.031595447704763274,
2012-10-23,-6.5037431524270324e-06,0.040974690909714576,
2012-10-24,0.0005171398027948177,0.043260907219632556,
2012-10-25,0.0018300467524779605,0.03685142156271886,
2012-10-26,0.0005013837374891267,0.0,
2012-10-29,0.0,0.0,
2012-10-30,-0.0,0.0,
2012-10-31,-0.0,0.0,
2012-11-01,-0.0,0.0,
2012-11-02,-0.0,0.0,
2012-11-05,0.0,0.0,
2012-11-06,0.0,0.0,
2012-11-07,0.0,0.0,
2012-11-08,0.0,0.0,
2012-11-09,0.0,0.0,
2012-11-12,-0.0,0.0,
2012-11-13,0.0,0.0,
2012-11-14,-0.0,0.0,
2012-11-15,0.0,0.0,
2012-11-16,-0.0,0.0,
2012-11-19,-0.0,0.0,
2012-11-20,0.0,0.0,
2012-11-21,0.0,0.0,
2012-11-23,-0.0,0.0,
2012-11-26,-0.0,0.0,
2012-11-27,-0.0,0.0,
2012-11-28,0.0,0.0,
2012-11-29,-0.0,0.0,
2012-11-30,-0.0,0.0,
2012-12-03,-0.0,0.0,
2012-12-04,-0.0,0.0,
2012-12-05,-4.4622482234072885e-05,0.087850511898331,
2012-12-06,0.0005176141005398663,0.12053656717471356,
2012-12-07,1.7448942518285152e-05,0.12332449080801307,
2012-12-10,0.0008624785715584602,0.13081735501878727,
2012-12-11,0.003604970539912218,0.16152919478074315,
2012-12-12,0.0006600612903681604,0.15640240628491128,
2012-12-13,-0.003769595757887531,0.15649577322098315,
2012-12-14,0.005754338217187217,0.1648090708659911,
2012-12-17,-0.0015043098896200522,0.15411399845846924,
2012-12-18,0.0013201544822060167,0.1586573218553135,
2012-12-19,-0.0011181314908211208,0.18621941140131282,
2012-12-20,0.0028646233635451464,0.19818610169059536,
2012-12-21,0.006092383842954187,0.20263087792035414,
2012-12-24,-0.001648704814038863,0.1467622083876557,
2012-12-26,3.836829231629433e-05,0.212877817104904,
2012-12-27,-0.002828826015188804,0.2234285156699842,
2012-12-28,-0.003948553597025783,0.2234038679880478,
2012-12-31,-0.009191471282699135,0.2917754762640967,
2013-01-02,-2.55355841289537e-06,0.32174836002481666,
2013-01-03,-0.005162829746183174,0.32174836002481666,
2013-01-04,0.005967953632832197,0.32174836002481666,
2013-01-07,0.005399259902100985,0.32174836002481666,
2013-01-08,0.005406462204069534,0.32174836002481666,
2013-01-09,-0.006637630533556454,0.32174836002481666,
2013-01-10,-0.010203069127439587,0.32174836002481666,
2013-01-11,-0.016520138759583143,0.32174836002481666,
2013-01-14,0.0031017493961002745,0.0,
2013-01-15,-0.0,0.0,
2013-01-16,-0.0,0.0,
2013-01-17,-0.0,0.0,
2013-01-18,0.0,0.0,
2013-01-22,-0.0001634277384253037,0.32174836002481666,
2013-01-23,0.01266391869975657,0.32174836002481666,
2013-01-24,0.005203347219388438,0.32089578406591635,
2013-01-25,0.004905429755962017,0.3164580587909216,
2013-01-28,0.002927570770455824,0.3079406161329224,
2013-01-29,0.0038775865962632572,0.24737446560163595,
2013-01-30,0.016562990331673175,0.25042665736176983,
2013-01-31,-0.0014475105158893256,0.1831143756263722,
2013-02-01,0.015271780673843723,0.2712689048955449,
2013-02-04,-0.0033175230220292666,0.14091492729734262,
2013-02-05,0.0019223324717052945,0.14264090716918368,
2013-02-06,0.001094270434988404,0.14371304059681278,
2013-02-07,-0.0011650133387775571,0.14640107881761133,
2013-02-08,0.008709208858725509,0.1502244846164174,
2013-02-11,-0.011300080875662075,0.11691499735893941,
2013-02-12,0.0005243617784625634,0.17611525217460447,
2013-02-13,0.003734553161100336,0.17768680612020543,
2013-02-14,0.010680269183953503,0.13903288397769079,
2013-02-15,0.008298714821128726,0.08214528639488565,
2013-02-19,-0.004490038047377031,0.0,
2013-02-20,-3.755442719612317e-05,0.07393527854236749,
2013-02-21,0.002662019312832937,0.09707333392776007,
2013-02-22,0.0039346852932537184,0.05796910602502673,
2013-02-25,-0.0029529323972536958,0.0,
2013-02-26,-3.417304960487558e-05,0.0672781914095988,
2013-02-27,-0.008312740060164749,0.09927791265873363,
2013-02-28,0.0015919469216648598,0.20349143356016883,
2013-03-01,0.047654915018095385,0.1513447094381944,
2013-03-04,-0.027925017081686373,0.0,
2013-03-05,-3.0667492898326636e-05,0.060376626643580567,
2013-03-06,-0.0007098555104449839,0.048444594045616116,
2013-03-07,-0.0027750041842114926,0.059112473918735475,
2013-03-08,0.0025341574731937108,0.09591145330401446,
2013-03-11,-0.004673558722592539,0.07064611000501118,
2013-03-12,-0.002081053618422251,0.11706036826737495,
2013-03-13,-0.0002495065700674756,0.13445257088311927,
2013-03-14,0.0013973789467208618,0.13471329319960576,
2013-03-15,0.00022281991248297362,0.13575781977124746,
2013-03-18,-0.006096079689417643,0.12773535451369553,
2013-03-19,-0.004482022442244589,0.14514740113825772,
2013-03-20,0.0014956837933109753,0.0,
2013-03-21,0.0,0.0,
2013-03-22,-7.582489902880756e-05,0.1492802699629649,
2013-03-25,-0.004872975642081341,0.0,
2013-03-26,0.0,0.0,
2013-03-27,-0.0,0.0,
2013-03-28,-0.0,0.0,
2013-04-01,0.0,0.0,
2013-04-02,-0.0,0.0,
2013-04-03,-0.0,0.0,
2013-04-04,0.0,0.0,
2013-04-05,-0.0,0.0,
2013-04-08,0.0,0.0,
2013-04-09,-0.0,0.0,
2013-04-10,-0.0,0.0,
2013-04-11,-0.0,0.0,
2013-04-12,0.0,0.0,
2013-04-15,0.0,0.0,
2013-04-16,0.0,0.0,
2013-04-17,-0.0001246984112876829,0.24549999722262575,
2013-04-18,0.0037003871906285276,0.250995591435838,
2013-04-19,0.007142120524634482,0.250782530456708,
2013-04-22,-0.010768275379363259,0.2500997626165398,
2013-04-23,-0.018909429457146226,0.25122459786802487,
2013-04-24,-0.006130215645153218,0.0,
2013-04-25,-0.0,0.0,
2013-04-26,0.0,0.0,
2013-04-29,-0.0001191769271454666,0.23462957531763737,
2013-04-30,-0.00036864838020376855,0.0,
2013-05-01,-0.0,0.0,
2013-05-02,0.0,0.0,
2013-05-03,-0.0,0.0,
2013-05-06,0.0,0.0,
2013-05-07,0.0,0.0,
2013-05-08,-0.0001387774276894207,0.273218060763547,
2013-05-09,0.00832091726420485,0.31220404027596643,
2013-05-10,-0.01156962422860932,0.3094348405664937,
2013-05-13,0.003267591032154907,0.3053878079168919,
2013-05-14,0.012282247458659943,0.32174836002481666,
2013-05-15,0.011617253633108776,0.32174836002481666,
2013-05-16,-0.003130786478208056,0.32174836002481666,
2013-05-17,-3.01312013392501e-05,0.32174836002481666,
2013-05-20,-0.0024731634580906574,0.32174836002481666,
2013-05-21,-0.021700003390845896,0.32174836002481666,
2013-05-22,0.00198525837863595,0.32174836002481666,
2013-05-23,-0.0007882706918862519,0.32174836002481666,
2013-05-24,-0.003938915204228072,0.32174836002481666,
2013-05-28,0.011499561727498527,0.32174836002481666,
2013-05-29,-0.004635176287858529,0.32174836002481666,
2013-05-30,-0.003053921265742267,0.32174836002481666,
2013-05-31,-0.011624790090883286,0.32174836002481666,
2013-06-03,0.008555522654878212,0.32174836002481666,
2013-06-04,0.020251199712686373,0.32174836002481666,
2013-06-05,-0.005820321365612613,0.27854142386385283,
2013-06-06,-0.0018786793552022804,0.2723506502998867,
2013-06-07,-0.003329160408682234,0.27488950675750967,
2013-06-10,-0.009461851059802844,0.28645324386177323,
2013-06-11,-0.005999339060195227,0.32174836002481666,
2013-06-12,0.0030950391250196708,0.32174836002481666,
2013-06-13,0.020659757281759603,0.32174836002481666,
2013-06-14,0.0022463602980319648,0.285518160197002,
2013-06-17,-0.013954700591344238,0.2873864468495606,
2013-06-18,-0.002662682994869316,0.25974256006789226,
2013-06-19,-0.002312111867382637,0.2589165374133182,
2013-06-20,-0.006749573941044874,0.29326206589787457,
2013-06-21,0.0055064484157565955,0.32174836002481666,
2013-06-24,-0.034259579479141176,0.2716499009269967,
2013-06-25,-0.0017141481182025861,0.32174836002481666,
2013-06-26,-0.002350840284029982,0.0,
2013-06-27,-0.0,0.0,
2013-06-28,-0.0001634277384253037,0.32174836002481666,
2013-07-01,-0.012161107481011043,0.32174836002481666,
2013-07-02,-0.0004582662632304343,0.32174836002481666,
2013-07-03,0.0012625990280113665,0.32174836002481666,
2013-07-05,0.012803818652875783,0.32174836002481666,
2013-07-08,-0.00681868517976277,0.32174836002481666,
2013-07-09,0.021194260002544176,0.32174836002481666,
2013-07-10,-0.014672256837376243,0.30774148043243943,
2013-07-11,0.04047668101007018,0.2976691976965799,
2013-07-12,0.026835585630704862,0.14844790291122795,
2013-07-15,-0.008828894530084218,0.09245940470201089,
2013-07-16,0.0013079756529722861,0.1120360332327709,
2013-07-17,-0.005360097335916732,0.11780706662156654,
2013-07-18,-0.003987124149802416,0.13745424808379234,
2013-07-19,-0.0028424967506847777,0.1726893348311479,
2013-07-22,-0.009793675054122493,0.17449051065198015,
2013-07-23,-0.005051353337541013,0.22114338797319408,
2013-07-24,0.012835900874412462,0.30992398354838335,
2013-07-25,0.001497484973130224,0.23226594556835836,
2013-07-26,0.01880599930269211,0.17695650827943404,
2013-07-29,-0.0014983446848136253,0.11141072612933982,
2013-07-30,0.008360409690069513,0.11213365011222912,
2013-07-31,-0.0017510259068648675,0.0,
2013-08-01,-5.4207693588731124e-05,0.10672139675281439,
2013-08-02,0.00012389469537469607,0.26572190814404834,
2013-08-05,-0.014399908010480652,0.2762936256300963,
2013-08-06,-0.0028529443904203667,0.0,
2013-08-07,-0.0,0.0,
2013-08-08,0.0,0.0,
2013-08-09,-0.0,0.0,
2013-08-12,0.0,0.0,
2013-08-13,0.0,0.0,
2013-08-14,-0.0001634277384253037,0.32174836002481666,
2013-08-15,-0.0011217863599299071,0.29836839210622423,
2013-08-16,-0.008066135116105735,0.3092944042702815,
2013-08-19,-0.012359010924738794,0.32174836002481666,
2013-08-20,0.048552660748078846,0.32174836002481666,
2013-08-21,0.026797765462520672,0.12882470051277728,
2013-08-22,-0.0014638299183292046,0.0,
2013-08-23,-0.0,0.0,
2013-08-26,-3.352859137089085e-05,0.06600941426144136,
2013-08-27,-0.0006488126371459962,0.10602725144988627,
2013-08-28,0.003287058624212763,0.1140861485239276,
2013-08-29,-0.02706583714121555,0.08695790509810239,
2013-08-30,0.016704206799442806,0.0,
2013-09-03,-3.449909132599326e-05,0.06792008604804924,
2013-09-04,0.004310390878123811,0.22005240076961577,
2013-09-05,-0.022613113174769675,0.09874429668353552,
2013-09-06,-0.010090736704922084,0.22331148552471586,
2013-09-09,-0.01654161158893287,0.0,
2013-09-10,0.0,0.0,
2013-09-11,-0.0,0.0,
2013-09-12,0.0,0.0,
2013-09-13,0.0,0.0,
2013-09-16,-0.0,0.0,
2013-09-17,-0.0,0.0,
2013-09-18,0.0,0.0,
2013-09-19,0.0,0.0,
2013-09-20,0.0,0.0,
2013-09-23,-0.0,0.0,
2013-09-24,0.0,0.0,
2013-09-25,-0.00011168745187051284,0.21988467087007216,
2013-09-26,0.015930829093964184,0.21298592046023226,
2013-09-27,-0.013298478652739896,0.14916128967009004,
2013-09-30,-0.006771228466436251,0.21603225370230994,
2013-10-01,-0.01189318142421488,0.2471959222271579,
2013-10-02,-0.010096164032858984,0.2906308414189529,
2013-10-03,0.01762721369988856,0.30336565036252655,
2013-10-04,-0.021415306365714183,0.2860141802929471,
2013-10-07,0.031220617842985982,0.32174836002481666,
2013-10-08,0.002363669085354752,0.2379696314282622,
2013-10-09,0.02093368693522788,0.24008018274644666,
2013-10-10,0.022830544913057447,0.13625481861137054,
2013-10-11,-0.0007009739107959075,0.08474797697121328,
2013-10-14,-0.0014749649319833011,0.08470406910830301,
2013-10-15,0.0021906785820116435,0.08518989215994044,
2013-10-16,0.0023662457090184844,0.09125373214100405,
2013-10-17,-0.005935667371012632,0.0,
2013-10-18,-4.576633601029165e-05,0.09010247402026168,
2013-10-21,0.005839561484735166,0.0,
2013-10-22,0.0,0.0,
2013-10-23,-0.0,0.0,
2013-10-24,-3.3411523841180336e-05,0.0657789375623238,
2013-10-25,-0.0007600572625458083,0.0,
2013-10-28,0.0,0.0,
2013-10-29,-0.0,0.0,
2013-10-30,0.0,0.0,
2013-10-31,-0.0,0.0,
2013-11-01,-0.0,0.0,
2013-11-04,-0.0,0.0,
2013-11-05,0.0,0.0,
2013-11-06,-0.0,0.0,
2013-11-07,-0.0,0.0,
2013-11-08,0.0,0.0,
2013-11-11,0.0,0.0,
2013-11-12,0.0,0.0,
2013-11-13,0.0,0.0,
2013-11-14,0.0,0.0,
2013-11-15,-0.0,0.0,
2013-11-18,-0.0,0.0,
2013-11-19,-0.0,0.0,
2013-11-20,0.0,0.0,
2013-11-21,0.0,0.0,
2013-11-22,0.0,0.0,
2013-11-25,-0.0,0.0,
2013-11-26,0.0,0.0,
2013-11-27,0.0,0.0,
2013-11-29,-0.0,0.0,
2013-12-02,-0.0,0.0,
2013-12-03,-0.0,0.0,
2013-12-04,-0.0,0.0,
2013-12-05,-0.0,0.0,
2013-12-06,0.0,0.0,
2013-12-09,-0.0,0.0,
2013-12-10,-0.0,0.0,
2013-12-11,0.0,0.0,
2013-12-12,-0.0,0.0,
2013-12-13,0.0,0.0,
2013-12-16,-0.0,0.0,
2013-12-17,-0.0,0.0,
2013-12-18,0.0,0.0,
2013-12-19,0.0,0.0,
2013-12-20,0.0,0.0,
2013-12-23,-0.0,0.0,
2013-12-24,0.0,0.0,
2013-12-26,0.0,0.0,
2013-12-27,-0.0,0.0,
2013-12-30,-0.0,0.0,
2013-12-31,0.0,0.0,
2014-01-02,-0.0,0.0,
2014-01-03,-0.0,0.0,
2014-01-06,0.0,0.0,
2014-01-07,0.0,0.0,
2014-01-08,0.0,0.0,
2014-01-09,-0.0,0.0,
2014-01-10,0.0,0.0,
2014-01-13,-0.0,0.0,
2014-01-14,-0.0,0.0,
2014-01-15,-0.0,0.0,
2014-01-16,-0.0,0.0,
2014-01-17,0.0,0.0,
2014-01-21,-0.0,0.0,
2014-01-22,-0.0,0.0,
2014-01-23,-0.0,0.0,
2014-01-24,0.0,0.0,
2014-01-27,-0.0,0.0,
2014-01-28,-0.0,0.0,
2014-01-29,-0.0,0.0,
2014-01-30,0.0,0.0,
2014-01-31,-0.0,0.0,
2014-02-03,-7.246529388343055e-05,0.1426660473330039,
2014-02-04,-0.002166658187171832,0.0,
2014-02-05,0.0,0.0,
2014-02-06,0.0,0.0,
2014-02-07,0.0,0.0,
2014-02-10,-0.0,0.0,
2014-02-11,-0.00010152061401662759,0.19986870884523555,
2014-02-12,-0.01094058983620172,0.11738012497190184,
2014-02-13,0.004722467000052933,0.1893765831700652,
2014-02-14,0.009591886233444065,0.13581300841848823,
2014-02-18,-0.0037936189398661306,0.10827316946612806,
2014-02-19,-0.0030638490905841426,0.13695998522468186,
2014-02-20,0.00919004596296269,0.1832790867403598,
2014-02-21,-0.010588226078332772,0.10446564617693906,
2014-02-24,-0.0030525511372549016,0.17013038594921137,
2014-02-25,-0.00021075703266371088,0.23835731366755492,
2014-02-26,-0.004782699832524337,0.2418132602247259,
2014-02-27,-0.014169488620521167,0.29798514287526057,
2014-02-28,0.001386305413262087,0.2569216964319269,
2014-03-03,-0.0072706360029365456,0.2748284439758971,
2014-03-04,-0.0024612035109950084,0.0,
2014-03-05,-0.0,0.0,
2014-03-06,-0.00014622504559589955,0.28788055851692723,
2014-03-07,-0.006037175162559186,0.30452102426180494,
2014-03-10,0.006613137447525396,0.2993477864666206,
2014-03-11,0.014259656116081766,0.3132642167103196,
2014-03-12,0.02063618944473734,0.35615107509804,
2014-03-13,-0.019546468799774997,0.29328050896034974,
2014-03-14,0.0005262359881970587,0.35615107509804,
2014-03-17,-0.03653954727491681,0.35615107509804,
2014-03-18,-0.023353773797343342,0.0,
2014-03-19,-0.0,0.0,
2014-03-20,0.0,0.0,
2014-03-21,0.0,0.0,
2014-03-24,-0.00018090213338313143,0.35615107509804,
2014-03-25,-0.008496468609228086,0.0,
2014-03-26,-0.0,0.0,
2014-03-27,0.0,0.0,
2014-03-28,-0.0,0.0,
2014-03-31,0.0,0.0,
2014-04-01,-0.0,0.0,
2014-04-02,0.0,0.0,
2014-04-03,0.0,0.0,
2014-04-04,-0.0001602813001577908,0.31555380968565067,
2014-04-07,0.006323804385284249,0.32309365388864925,
2014-04-08,0.04257985138815129,0.3430620037892202,
2014-04-09,0.0008035046985540849,0.2968690128034563,
2014-04-10,0.006451342115442368,0.3202250719994221,
2014-04-11,-0.006572173248439195,0.269540417048842,
2014-04-14,0.017930981997075827,0.26440790674271725,
2014-04-15,0.011975233030274509,0.20541565616176272,
2014-04-16,-0.0001338806245629295,0.17553594880194712,
2014-04-17,-0.0008806978502334397,0.19394523409526343,
2014-04-21,0.00975100778517451,0.21726481404245954,
2014-04-22,0.03061850306673902,0.1854592480021948,
2014-04-23,0.000565957145456197,0.0,
2014-04-24,-0.0,0.0,
2014-04-25,0.0,0.0,
2014-04-28,-0.0,0.0,
2014-04-29,-8.595214521026172e-05,0.16921828588270277,
2014-04-30,-0.0020417447664648034,0.1693528617798434,
2014-05-01,-0.0037826588802808495,0.20656101848840888,
2014-05-02,0.010020956137544685,0.0,
2014-05-05,-0.0,0.0,
2014-05-06,-0.0,0.0,
2014-05-07,0.0,0.0,
2014-05-08,-0.0,0.0,
2014-05-09,-0.0001733820392649659,0.3413458898029016,
2014-05-12,0.0013884848149803657,0.34727513837772955,
2014-05-13,-0.009736286911816485,0.2837424225796951,
2014-05-14,0.009532480169186633,0.35615107509804,
2014-05-15,0.0035995098619471142,0.29510420117752967,
2014-05-16,-0.001694776440951335,0.2909923376205645,
2014-05-19,-0.017034341232334865,0.29029983557056677,
2014-05-20,0.005127348173462823,0.3532405475873654,
2014-05-21,-0.012846543662173405,0.35615107509804,
2014-05-22,0.014903931400692547,0.35615107509804,
2014-05-23,-0.016244059027241388,0.0,
2014-05-27,-0.0,0.0,
2014-05-28,0.0,0.0,
2014-05-29,-0.0,0.0,
2014-05-30,-0.00018090213338313143,0.35615107509804,
2014-06-02,-0.008555140661031206,0.28118245144148624,
2014-06-03,-0.009987821013434768,0.35615107509804,
2014-06-04,-0.007561268330586359,0.35615107509804,
2014-06-05,0.0169639920424078,0.35615107509804,
2014-06-06,-0.01371754258546735,0.35615107509804,
2014-06-09,-0.012398106797659948,0.35615107509804,
2014-06-10,0.0011276130777773494,0.35615107509804,
2014-06-11,0.016482618968865943,0.35615107509804,
2014-06-12,0.02447973431081277,0.35615107509804,
2014-06-13,-0.026503072268950392,0.20547923219383263,
2014-06-16,0.007739814021221691,0.327682989300606,
2014-06-17,0.022092046942421104,0.2552510287483624,
2014-06-18,0.01540664560214386,0.15466821363988964,
2014-06-19,0.001485436954320923,0.11854952228851556,
2014-06-20,-0.004452077584865305,0.0,
2014-06-23,-6.942133510586278e-05,0.13667325348966736,
2014-06-24,0.006049841429428681,0.14316324014610157,
2014-06-25,-0.010788506060172386,0.0,
2014-06-26,-9.611113526200192e-05,0.18921879754706628,
2014-06-27,0.0009632409414447594,0.20190555041658018,
2014-06-30,-0.012997515563029097,0.20195624969313059,
2014-07-01,0.0004513573916106793,0.1925413005560108,
2014-07-02,0.0002917906833284952,0.2017820720780532,
2014-07-03,0.009721465920841657,0.20766103017677123,
2014-07-07,-0.01082416691987336,0.0,
2014-07-08,-0.0001044888526729963,0.20571242869996148,
2014-07-09,-0.002936186532266501,0.20982468747132976,
2014-07-10,0.00609590131707869,0.25066096277012895,
2014-07-11,0.005572513246269998,0.2117179679314253,
2014-07-14,0.009079521731003957,0.19790831320901367,
2014-07-15,-0.0004928153779007352,0.0,
2014-07-16,-0.0,0.0,
2014-07-17,-0.00012440340650685415,0.24491920656036906,
2014-07-18,-0.002563175595184627,0.35615107509804,
2014-07-21,-0.012895639913891891,0.35615107509804,
2014-07-22,0.004751350059220901,0.35615107509804,
2014-07-23,0.018173561903805466,0.35615107509804,
2014-07-24,0.007843885999174507,0.35615107509804,
2014-07-25,-0.02659683201321287,0.0,
2014-07-28,-0.0,0.0,
2014-07-29,0.0,0.0,
2014-07-30,-0.0,0.0,
2014-07-31,0.0,0.0,
2014-08-01,-0.0,0.0,
2014-08-04,-5.4591439703084116e-05,0.10747689691544686,
2014-08-05,0.0029601115881974917,0.12468401004353175,
2014-08-06,0.017134398304458297,0.10873472460039561,
2014-08-07,0.006002999555838059,0.0,
2014-08-08,-0.0,0.0,
2014-08-11,-0.0,0.0,
2014-08-12,-0.0,0.0,
2014-08-13,0.0,0.0,
2014-08-14,-0.0,0.0,
2014-08-15,-0.0,0.0,
2014-08-18,-4.6374767482135936e-05,0.09130032348045512,
2014-08-19,0.018745416720751112,0.10076290161431291,
2014-08-20,-0.008894485825578405,0.0,
2014-08-21,0.0,0.0,
2014-08-22,-0.0,0.0,
2014-08-25,-0.0,0.0,
2014-08-26,0.0,0.0,
2014-08-27,-0.0,0.0,
2014-08-28,-0.0,0.0,
2014-08-29,-0.0,0.0,
2014-09-02,0.0,0.0,
2014-09-03,-0.0,0.0,
2014-09-04,0.0,0.0,
2014-09-05,0.0,0.0,
2014-09-08,-0.0,0.0,
2014-09-09,-0.0,0.0,
2014-09-10,0.0,0.0,
2014-09-11,-0.0,0.0,
2014-09-12,-0.0,0.0,
2014-09-15,-0.0,0.0,
2014-09-16,-0.0,0.0,
2014-09-17,0.0,0.0,
2014-09-18,0.0,0.0,
2014-09-19,0.0,0.0,
2014-09-22,0.0,0.0,
2014-09-23,0.0,0.0,
2014-09-24,-0.0,0.0,
2014-09-25,0.0,0.0,
2014-09-26,-0.0,0.0,
2014-09-29,0.0,0.0,
2014-10-03,-0.0,0.0,
2014-10-06,0.0,0.0,
2014-10-07,-0.0,0.0,
2014-10-08,-0.0,0.0,
2014-10-09,-0.0,0.0,
2014-10-10,-5.4111879536038806e-05,0.1065327628365764,
2014-10-13,-0.0021594501527884644,0.1085132977600151,
2014-10-14,0.009121709343991825,0.10703888919097239,
2014-10-15,-0.0062592107997827455,0.0,
2014-10-16,-5.415211673629894e-05,0.10661197982458853,
2014-10-17,0.003300069820150421,0.0,
2014-10-20,0.0,0.0,
2014-10-21,0.0,0.0,
2014-10-22,-0.0,0.0,
2014-10-23,-0.0,0.0,
2014-10-24,0.0,0.0,
2014-10-27,-0.0,0.0,
2014-10-28,-4.9718356024158445e-05,0.09788301342256193,
2014-10-29,0.004039376025614242,0.0,
2014-10-30,-0.0,0.0,
2014-10-31,0.0,0.0,
2014-11-03,-0.0,0.0,
2014-11-04,0.0,0.0,
2014-11-05,-0.0,0.0,
2014-11-06,0.0,0.0,
2014-11-07,-0.0,0.0,
2014-11-10,0.0,0.0,
2014-11-11,-0.0,0.0,
2014-11-12,-0.0,0.0,
2014-11-13,-0.0,0.0,
2014-11-14,0.0,0.0,
2014-11-17,-0.0,0.0,
2014-11-18,0.0,0.0,
2014-11-19,-0.0,0.0,
2014-11-20,-0.0,0.0,
2014-11-21,0.0,0.0,
2014-11-24,-0.0,0.0,
2014-11-25,0.0,0.0,
2014-11-26,-0.0,0.0,
2014-11-28,0.0,0.0,
2014-12-01,-0.0,0.0,
2014-12-02,-0.0,0.0,
2014-12-03,-0.0,0.0,
2014-12-04,-6.577311290132637e-05,0.1294908160244863,
2014-12-05,-0.0003567813350613719,0.0,
2014-12-08,-0.0,0.0,
2014-12-09,0.0,0.0,
2014-12-10,0.0,0.0,
2014-12-11,0.0,0.0,
2014-12-12,0.0,0.0,
2014-12-15,0.0,0.0,
2014-12-16,-0.0,0.0,
2014-12-17,0.0,0.0,
2014-12-18,0.0,0.0,
2014-12-19,-0.0,0.0,
2014-12-22,-6.351891558630378e-05,0.12505286506053556,
2014-12-23,0.0030033186544985435,0.1544306735052224,
2014-12-24,-0.012839346144234412,0.1343027350136557,
2014-12-26,0.006702820358990713,0.32324629752664835,
2014-12-29,-0.020650700734744374,0.15209386972984312,
2014-12-30,-0.0075222074832902676,0.3258300756103054,
2014-12-31,0.007916089247791544,0.35615107509804,
2015-01-02,-2.9163130583732307e-06,0.3674554453550271,
2015-01-05,0.011894367035467455,0.0,
2015-01-06,-0.00018664403573588677,0.3674554453550271,
2015-01-07,-0.0435878553631911,0.3674554453550271,
2015-01-08,0.012151410282639894,0.0,
2015-01-09,-0.0,0.0,
2015-01-12,0.0,0.0,
2015-01-13,-0.0,0.0,
2015-01-14,-0.0,0.0,
2015-01-15,0.0,0.0,
2015-01-16,-0.00018664403573588677,0.3674554453550271,
2015-01-20,0.0008462874078545224,0.3674554453550271,
2015-01-21,-0.02013523831000123,0.3674554453550271,
2015-01-22,0.056953758195891185,0.3674554453550271,
2015-01-23,0.027816010365335368,0.3674554453550271,
2015-01-26,-0.022654963602977567,0.1664486714631843,
2015-01-27,0.000863981214290675,0.3136594091245055,
2015-01-28,0.03971808679890392,0.3330860432115551,
2015-01-29,0.0034902656444982067,0.0,
2015-01-30,-0.0,0.0,
2015-02-02,-0.00018664403573588677,0.3674554453550271,
2015-02-03,-0.04792229840524579,0.22789421114846378,
2015-02-04,0.018866519968768092,0.3674554453550271,
2015-02-05,-0.016908419659196313,0.26314617666941664,
2015-02-06,0.0006039825248735203,0.3674554453550271,
2015-02-09,-0.006699491774156941,0.3674554453550271,
2015-02-10,0.05495428241403048,0.3674554453550271,
2015-02-11,0.01504677054464764,0.0,
2015-02-12,0.0,0.0,
2015-02-13,-0.0,0.0,
2015-02-17,-0.0,0.0,
2015-02-18,-8.380556488909357e-05,0.16499220587540298,
2015-02-19,0.03244551111799971,0.0,
2015-02-20,0.0,0.0,
2015-02-23,0.0,0.0,
2015-02-24,-0.0,0.0,
2015-02-25,0.0,0.0,
2015-02-26,0.0,0.0,
2015-02-27,0.0,0.0,
2015-03-02,-0.0,0.0,
2015-03-03,-0.0,0.0,
2015-03-04,-0.0,0.0,
2015-03-05,-0.0,0.0,
2015-03-06,0.0,0.0,
2015-03-09,-0.0,0.0,
2015-03-10,-0.0,0.0,
2015-03-11,0.0,0.0,
2015-03-12,-0.0,0.0,
2015-03-13,-0.0,0.0,
2015-03-16,0.0,0.0,
2015-03-17,-0.0,0.0,
2015-03-18,0.0,0.0,
2015-03-19,-0.0,0.0,
2015-03-20,-0.0,0.0,
2015-03-23,-0.0,0.0,
2015-03-24,0.0,0.0,
2015-03-25,-0.0,0.0,
2015-03-26,-0.0,0.0,
2015-03-27,-0.0,0.0,
2015-03-30,0.0,0.0,
2015-03-31,-0.0,0.0,
2015-04-01,-0.0,0.0,
2015-04-02,-7.33965641808119e-05,0.14449948573097343,
2015-04-06,0.01342946480711996,0.2159698787286572,
2015-04-07,-0.008908628840075077,0.0,
2015-04-08,-6.929241896112236e-05,0.13641944982970966,
2015-04-09,0.001267811096515665,0.14127663795298745,
2015-04-10,0.0073540950739640724,0.14817243420867826,
2015-04-13,-0.0013710880777045701,0.0,
2015-04-14,-0.0,0.0,
2015-04-15,-7.06996235984159e-05,0.1391898839593813,
2015-04-16,0.003459704008340426,0.1275120380321789,
2015-04-17,0.0036830296734277554,0.0,
2015-04-20,-0.0,0.0,
2015-04-21,-7.573320399360508e-05,0.14909974536241,
2015-04-22,0.0036420551821396397,0.16876170619883002,
2015-04-23,0.022303821440817398,0.15176980902296427,
2015-04-24,0.005531445058061088,0.0,
2015-04-27,0.0,0.0,
2015-04-28,-0.0,0.0,
2015-04-29,-0.0,0.0,
2015-04-30,0.0,0.0,
2015-05-01,0.0,0.0,
2015-05-04,-0.0,0.0,
2015-05-05,-0.0,0.0,
2015-05-06,-0.0,0.0,
2015-05-07,0.0,0.0,
2015-05-08,-7.62249155401821e-05,0.1500678024697335,
2015-05-11,-0.0013519746332294066,0.15643868713660178,
2015-05-12,0.002441873341035313,0.15637775791266553,
2015-05-13,0.006314518469217226,0.1639583329058814,
2015-05-14,0.011145654327892059,0.14783807156713985,
2015-05-15,0.000989315219642613,0.0,
2015-05-18,-0.0,0.0,
2015-05-19,0.0,0.0,
2015-05-20,-0.0,0.0,
2015-05-21,0.0,0.0,
2015-05-22,0.0,0.0,
2015-05-26,-0.0,0.0,
2015-05-27,-0.0,0.0,
2015-05-28,-0.00011611069075723685,0.22859292242831003,
2015-05-29,0.009521305036289526,0.15553460447474574,
2015-06-01,-0.006392616780729396,0.0,
2015-06-02,-0.0,0.0,
2015-06-03,0.0,0.0,
2015-06-04,-0.0,0.0,
2015-06-05,0.0,0.0,
2015-06-08,0.0,0.0,
2015-06-09,0.0,0.0,
2015-06-10,0.0,0.0,
2015-06-11,-0.0,0.0,
2015-06-12,0.0,0.0,
2015-06-15,-0.0,0.0,
2015-06-16,0.0,0.0,
2015-06-17,-0.0,0.0,
2015-06-18,-0.0,0.0,
2015-06-19,-0.0,0.0,
2015-06-22,-0.0,0.0,
2015-06-23,-6.906687229149199e-05,0.13597540482387485,
2015-06-24,-0.0027780048219032166,0.0,
2015-06-25,-8.703708960554187e-05,0.17135427016091057,
2015-06-26,0.0030829006950243037,0.24345002312318073,
2015-06-29,-0.0010070735793066678,0.19191110576080098,
2015-06-30,0.004887995124794862,0.2060506979284169,
2015-07-01,0.012609344493478064,0.0,
2015-07-02,0.0,0.0,
2015-07-06,0.0,0.0,
2015-07-07,0.0,0.0,
2015-07-08,0.0,0.0,
2015-07-09,0.0,0.0,
2015-07-10,-0.0,0.0,
2015-07-13,-0.0,0.0,
2015-07-14,-0.0,0.0,
2015-07-15,-0.0,0.0,
2015-07-16,0.0,0.0,
2015-07-17,0.0,0.0,
2015-07-20,0.0,0.0,
2015-07-21,-0.0,0.0,
2015-07-22,-0.0,0.0,
2015-07-23,0.0,0.0,
2015-07-24,-0.0,0.0,
2015-07-27,-0.0,0.0,
2015-07-28,-0.0,0.0,
2015-07-29,0.0,0.0,
2015-07-30,-0.0,0.0,
2015-07-31,-0.0,0.0,
2015-08-03,0.0,0.0,
2015-08-04,0.0,0.0,
2015-08-05,-0.0,0.0,
2015-08-06,0.0,0.0,
2015-08-07,-0.0,0.0,
2015-08-10,0.0,0.0,
2015-08-11,0.0,0.0,
2015-08-12,0.0,0.0,
2015-08-13,-0.0,0.0,
2015-08-14,-0.0,0.0,
2015-08-17,-0.0,0.0,
2015-08-18,-0.0,0.0,
2015-08-19,-0.0,0.0,
2015-08-20,-0.0,0.0,
2015-08-21,-5.742728882406596e-05,0.11305997487237986,
2015-08-24,-0.003379326139483255,0.0,
2015-08-25,-6.301802979650645e-05,0.12406674616187206,
2015-08-26,-0.0064356547899413795,0.2701434856384965,
2015-08-27,-0.002593053309172561,0.28666655351424913,
2015-08-28,-0.002715818457918821,0.0,
2015-08-31,0.0,0.0,
2015-09-01,-0.0,0.0,
2015-09-02,0.0,0.0,
2015-09-03,-0.0,0.0,
2015-09-04,-0.00010191236764645391,0.20063997380395612,
2015-09-08,-0.005230205327802699,0.22773808291466074,
2015-09-09,0.001986857317837461,0.22885017887525813,
2015-09-10,-0.01204774557607009,0.25272301312551854,
2015-09-11,-0.00041305102984525203,0.24010597935277433,
2015-09-14,-0.019903064072269407,0.24563570144101315,
2015-09-15,0.005208731169649998,0.21765785482161948,
2015-09-16,-0.008416253468130443,0.0,
2015-09-17,-0.0,0.0,
2015-09-18,0.0,0.0,
2015-09-21,-0.0,0.0,
2015-09-22,0.0,0.0,
2015-09-23,0.0,0.0,
2015-09-24,-0.0,0.0,
2015-09-25,-0.00014292909064595325,0.2813916472092205,
2015-09-28,-0.008563537763555886,0.2817801180760908,
2015-09-29,-0.0021214519467925657,0.2776729353230629,
2015-09-30,0.01949936471862256,0.29383820140839984,
2015-10-01,-0.008190003883347372,0.34539888421446446,
2015-10-02,-0.021383125761890918,0.3674554453550271,
2015-10-05,0.019449872036853735,0.3674554453550271,
2015-10-06,-0.0024801440345527063,0.3674554453550271,
2015-10-07,-0.01914507384992441,0.3674554453550271,
2015-10-08,-0.023007309973030545,0.3674554453550271,
2015-10-09,-0.012094227009384322,0.0,
2015-10-12,-0.0,0.0,
2015-10-13,-0.00018664403573588677,0.3674554453550271,
2015-10-14,-0.0010295944687988552,0.3674554453550271,
2015-10-15,0.020025811378795763,0.3674554453550271,
2015-10-16,-0.015613320357185878,0.3674554453550271,
2015-10-19,-0.02748528574128322,0.3674554453550271,
2015-10-20,0.00322304965113747,0.3674554453550271,
2015-10-21,0.023815691328833426,0.3674554453550271,
2015-10-22,0.054488327134183105,0.3674554453550271,
2015-10-23,0.008865270206613918,0.3674554453550271,
2015-10-26,-0.0002178748197818636,0.3674554453550271,
2015-10-27,-0.007749304116606028,0.3060953292430864,
2015-10-28,-0.003601246269344342,0.3674554453550271,
2015-10-29,-0.00783020116763877,0.3674554453550271,
2015-10-30,0.032695384938330234,0.3674554453550271,
2015-11-02,0.003526883060021529,0.2386991242548544,
2015-11-03,0.01646002447046386,0.25306547837240956,
2015-11-04,-0.0017953799803651388,0.17915176382615025,
2015-11-05,-0.0005729961331788411,0.18992938033043105,
2015-11-06,0.016656245042930812,0.2058252297921631,
2015-11-09,-0.0004978277847074543,0.0,
2015-11-10,-0.0,0.0,
2015-11-11,-9.977773603514995e-05,0.19643741781920146,
2015-11-12,-0.012149317847551437,0.19244407670833805,
2015-11-13,-0.004343547002187882,0.20681489366400607,
2015-11-16,-0.009171873217081801,0.2125340774256948,
2015-11-17,0.0029843278293201626,0.2934516582599463,
2015-11-18,0.02184679588699862,0.29104186849593844,
2015-11-19,0.007669011128175957,0.21594261753122562,
2015-11-20,0.012214622951582332,0.23658618770351783,
2015-11-23,0.018784645722741147,0.0,
2015-11-24,-0.0,0.0,
2015-11-25,-0.0,0.0,
2015-11-26,0.0,0.0,
2015-11-27,-0.0,0.0,
2015-11-30,0.0,0.0,
2015-12-01,0.0,0.0,
2015-12-02,-0.0,0.0,
2015-12-03,-0.0,0.0,
2015-12-04,0.0,0.0,
2015-12-07,-0.0,0.0,
2015-12-08,-0.0,0.0,
2015-12-09,-7.167718860645551e-05,0.1411144650689593,
2015-12-10,0.009056669089390462,0.0,
2015-12-11,-0.0,0.0,
2015-12-14,-0.0,0.0,
2015-12-15,-6.389942021906128e-05,0.1258019835562769,
2015-12-16,0.013497654917093094,0.13263217566626892,
2015-12-17,0.008071094257450966,0.0,
2015-12-18,0.0,0.0,
2015-12-21,-0.0,0.0,
2015-12-22,-0.0,0.0,
2015-12-23,-0.00010170745187811595,0.20023654588504075,
2015-12-24,-0.011526035709469888,0.0,
2015-12-25,-4.682108436856419e-05,0.09217900985061075,
2015-12-28,0.0010532204059501122,0.0,
2015-12-29,0.0,0.0,
2015-12-30,-0.0,0.0,
2015-12-31,-0.0,0.0,
2016-01-01,-1.4234563172395384e-06,0.17935549597218184,
2016-01-04,0.017077157838575587,0.18338355054036656,
2016-01-05,-0.0019094144673816394,0.0,
2016-01-06,-0.0,0.0,
2016-01-07,-9.16829643968104e-05,0.18050083615622045,
2016-01-08,-0.013719079913323771,0.0,
2016-01-11,0.0,0.0,
2016-01-12,0.0,0.0,
2016-01-13,-0.0,0.0,
2016-01-14,-0.0,0.0,
2016-01-15,0.0,0.0,
2016-01-19,0.0,0.0,
2016-01-20,0.0,0.0,
2016-01-21,-0.0,0.0,
2016-01-22,-0.00012445043244847638,0.24501178888293784,
2016-01-25,-0.015395714109670253,0.2584213135534671,
2016-01-26,0.039415774677944306,0.37884899006091616,
2016-01-27,-0.060519204845139334,0.0,
2016-01-28,-0.00017003359494947238,0.33475364005677377,
2016-01-29,0.008309748236937382,0.13742400431341542,
2016-02-01,0.009283841750538062,0.29053293577487227,
2016-02-02,-0.03358415759450334,0.3178180549840397,
2016-02-03,-0.008659336791722427,0.2737329570633213,
2016-02-04,0.009818801190689197,0.0,
2016-02-05,-0.00014167244293700524,0.27891762203222903,
2016-02-08,0.00123437955046889,0.28109486136211803,
2016-02-09,-0.010245719023635847,0.2974941637577384,
2016-02-10,0.026885951295825716,0.30378494331964356,
2016-02-11,0.041042577346977124,0.3362906657145356,
2016-02-12,-0.0014488915823507155,0.0,
2016-02-16,-0.0,0.0,
2016-02-17,-0.0,0.0,
2016-02-18,0.0,0.0,
2016-02-19,0.0,0.0,
2016-02-22,-0.0,0.0,
2016-02-23,-0.0,0.0,
2016-02-24,0.0,0.0,
2016-02-25,-0.0,0.0,
2016-02-26,-0.00010215865522309372,0.20112485247046577,
2016-02-29,-0.0014064770304706735,0.17274263212626736,
2016-03-01,-0.01716323642771311,0.17415130184063932,
2016-03-02,0.002451105895637202,0.0,
2016-03-03,-9.241261412480562e-05,0.18193733405821105,
2016-03-04,-0.004949144867681925,0.0,
2016-03-07,0.0,0.0,
2016-03-08,-9.147788412266172e-05,0.18009708436649027,
2016-03-09,0.027369772606782156,0.18916148765936366,
2016-03-10,-0.006912132238403104,0.18213903069817328,
2016-03-11,-0.007123244471496576,0.20853868809106166,
2016-03-14,0.0051882207712621075,0.21744396357430654,
2016-03-15,0.008212901131264024,0.1926044161699572,
2016-03-16,-0.007712555444749366,0.20366352663710566,
2016-03-17,-0.014714126287505572,0.2024469789721414,
2016-03-18,0.014057701474784065,0.2797307356252315,
2016-03-21,0.0018459615622232013,0.2438355425388544,
2016-03-22,-0.005717079626377196,0.24795934397557728,
2016-03-23,0.06286242203123281,0.37884899006091616,
2016-03-24,0.03386087209489614,0.0,
2016-03-28,0.0,0.0,
2016-03-29,0.0,0.0,
2016-03-30,0.0,0.0,
2016-03-31,-0.0,0.0,
2016-04-01,0.0,0.0,
2016-04-04,0.0,0.0,
2016-04-05,-0.0,0.0,
2016-04-06,-0.0,0.0,
2016-04-07,-6.678413684001278e-05,0.13148126940377516,
2016-04-08,0.011806859294763446,0.0,
2016-04-11,0.0,0.0,
2016-04-12,-0.0,0.0,
2016-04-13,0.0,0.0,
2016-04-14,-0.0,0.0,
2016-04-15,-0.0,0.0,
2016-04-18,0.0,0.0,
2016-04-19,0.0,0.0,
2016-04-20,-0.0,0.0,
2016-04-21,0.0,0.0,
2016-04-22,0.0,0.0,
2016-04-25,0.0,0.0,
2016-04-26,0.0,0.0,
2016-04-27,-0.0,0.0,
2016-04-28,-0.0,0.0,
2016-04-29,-0.0,0.0,
2016-05-02,-0.0,0.0,
2016-05-03,-0.0,0.0,
2016-05-04,-0.0,0.0,
2016-05-05,-0.0,0.0,
2016-05-06,-0.00011776328589411699,0.2318464691040428,
2016-05-09,-0.020645001174731586,0.264313016689073,
2016-05-10,0.014318403071918687,0.37884899006091616,
2016-05-11,0.035649723915965124,0.302404399775763,
2016-05-12,-0.006862288057033726,0.0,
2016-05-13,0.0,0.0,
2016-05-16,-0.0,0.0,
2016-05-17,0.0,0.0,
2016-05-18,-0.0,0.0,
2016-05-19,-0.0,0.0,
2016-05-20,0.0,0.0,
2016-05-23,-0.0,0.0,
2016-05-24,0.0,0.0,
2016-05-25,-0.0,0.0,
2016-05-26,-0.0,0.0,
2016-05-27,0.0,0.0,
2016-05-31,-0.0,0.0,
2016-06-01,0.0,0.0,
2016-06-02,-0.0,0.0,
2016-06-03,-0.0,0.0,
2016-06-06,-0.0,0.0,
2016-06-07,0.0,0.0,
2016-06-08,0.0,0.0,
2016-06-09,-0.0,0.0,
2016-06-10,-0.0,0.0,
2016-06-13,-0.0,0.0,
2016-06-14,-7.839707534513274e-05,0.15434424208573005,
2016-06-15,-0.0033380095005269656,0.24451904378237313,
2016-06-16,-0.0014494506931476965,0.26555681795243957,
2016-06-17,0.003035169229628054,0.268638544951224,
2016-06-20,0.01662508152199311,0.2651657180732747,
2016-06-21,-0.003590638493316963,0.1514915087240885,
2016-06-22,-0.00606079550781979,0.15352798655745298,
2016-06-23,0.01094084879444266,0.19421170593313358,
2016-06-24,-0.0034464116911350354,0.0,
2016-06-27,-0.0,0.0,
2016-06-28,-8.770394859304469e-05,0.1726671487925567,
2016-06-29,-0.0042586091191977125,0.29132183556184343,
2016-06-30,-0.004668135050499596,0.37884899006091616,
2016-07-01,0.012265086578459428,0.37884899006091616,
2016-07-05,-0.03509919138764277,0.3060229053684699,
2016-07-06,0.020767025786153834,0.37884899006091616,
2016-07-07,-0.02377533629575375,0.28737490880107797,
2016-07-08,-0.0075278494640502736,0.37884899006091616,
2016-07-11,0.02424017353256472,0.37884899006091616,
2016-07-12,-0.0017640439021632238,0.37884899006091616,
2016-07-13,0.057754233336317934,0.37884899006091616,
2016-07-14,-0.05442900667861526,0.0,
2016-07-15,0.0,0.0,
2016-07-18,-0.0,0.0,
2016-07-19,0.0,0.0,
2016-07-20,-0.0,0.0,
2016-07-21,0.0,0.0,
2016-07-22,-0.00019243123304681455,0.37884899006091616,
2016-07-25,0.00042414285862054816,0.2399789657790048,
2016-07-26,0.017451329872197177,0.24435460816642754,
2016-07-27,-0.010674755221718249,0.0,
2016-07-28,-9.278571834266325e-05,0.18267188298711828,
2016-07-29,0.0051928958267513205,0.18699125944278056,
2016-08-01,0.01328196950757397,0.37884899006091616,
2016-08-02,-0.0012434212949333741,0.23940576604245323,
2016-08-03,0.008660178253386977,0.2636667268534685,
2016-08-04,-0.008279634577140215,0.20563960603304482,
2016-08-05,0.007103476791267476,0.2853980135025155,
2016-08-08,-0.038306379086256837,0.169270106014002,
2016-08-09,-0.0045239152290815175,0.37884899006091616,
2016-08-10,-0.008582596227056928,0.0,
2016-08-11,0.0,0.0,
2016-08-12,-0.00019243123304681455,0.37884899006091616,
2016-08-15,0.007676146839427046,0.37884899006091616,
2016-08-16,-0.0027403338912734844,0.37884899006091616,
2016-08-17,0.029153937736277474,0.37884899006091616,
2016-08-18,0.0037111495479309363,0.0,
2016-08-19,0.0,0.0,
2016-08-22,0.0,0.0,
2016-08-23,-0.0,0.0,
2016-08-24,-0.00019243123304681455,0.37884899006091616,
2016-08-25,0.006346684609010745,0.22444530391120512,
2016-08-26,-0.010828525125231095,0.220560297479745,
2016-08-29,-0.0030206944105384214,0.2861437303765237,
2016-08-30,-0.004659464550186474,0.37884899006091616,
2016-08-31,-0.008221599708238799,0.37884899006091616,
2016-09-01,0.06147343053605077,0.30384692236110494,
2016-09-02,-0.01737515692336555,0.0,
2016-09-05,0.0,0.0,
2016-09-06,-0.0,0.0,
2016-09-07,0.0,0.0,
2016-09-08,-0.0,0.0,
2016-09-09,0.0,0.0,
2016-09-12,0.0,0.0,
2016-09-13,-0.0,0.0,
2016-09-14,0.0,0.0,
2016-09-15,0.0,0.0,
2016-09-16,0.0,0.0,
2016-09-19,-0.0,0.0,
2016-09-20,-0.0,0.0,
2016-09-21,-0.0,0.0,
2016-09-22,-0.0,0.0,
2016-09-23,0.0,0.0,
2016-09-26,-0.0,0.0,
2016-09-27,0.0,0.0,
2016-09-28,0.0,0.0,
2016-09-29,-0.0,0.0,
2016-09-30,-0.0,0.0,
2016-10-03,-0.0,0.0,
2016-10-04,0.0,0.0,
2016-10-05,-0.0,0.0,
2016-10-06,-0.0,0.0,
2016-10-07,-0.0,0.0,
2016-10-10,0.0,0.0,
2016-10-11,-0.0,0.0,
2016-10-12,-0.0,0.0,
2016-10-13,0.0,0.0,
2016-10-14,0.0,0.0,
2016-10-17,0.0,0.0,
2016-10-18,-0.0,0.0,
2016-10-19,-0.0,0.0,
2016-10-20,0.0,0.0,
2016-10-21,0.0,0.0,
2016-10-24,-0.0,0.0,
2016-10-25,0.0,0.0,
2016-10-26,0.0,0.0,
2016-10-27,-0.0,0.0,
2016-10-28,0.0,0.0,
2016-10-31,0.0,0.0,
2016-11-02,0.0,0.0,
2016-11-03,-0.0,0.0,
2016-11-04,-0.0,0.0,
2016-11-07,-0.0,0.0,
2016-11-08,-0.0,0.0,
2016-11-09,-0.0,0.0,
2016-11-10,-0.0,0.0,
2016-11-11,-0.0,0.0,
2016-11-14,-0.0,0.0,
2016-11-15,-0.0,0.0,
2016-11-16,-0.0,0.0,
2016-11-17,0.0,0.0,
2016-11-18,-0.0,0.0,
2016-11-21,0.0,0.0,
2016-11-22,-0.0,0.0,
2016-11-23,0.0,0.0,
2016-11-25,0.0,0.0,
2016-11-28,0.0,0.0,
2016-11-29,-0.0,0.0,
2016-11-30,-0.0,0.0,
2016-12-01,0.0,0.0,
2016-12-02,-0.0,0.0,
2016-12-05,-0.0,0.0,
2016-12-06,-0.0,0.0,
2016-12-07,0.0,0.0,
2016-12-08,-0.0,0.0,
2016-12-09,-0.0,0.0,
2016-12-12,0.0,0.0,
2016-12-13,-0.0,0.0,
2016-12-14,0.0,0.0,
2016-12-15,0.0,0.0,
2016-12-16,0.0,0.0,
2016-12-19,-0.0,0.0,
2016-12-20,0.0,0.0,
2016-12-21,0.0,0.0,
2016-12-22,-0.0,0.0,
2016-12-23,0.0,0.0,
2016-12-27,0.0,0.0,
2016-12-28,-0.0,0.0,
2016-12-29,0.0,0.0,
2016-12-30,-0.0,0.0,
2017-01-03,-0.0,0.0,
2017-01-04,-0.0,0.0,
2017-01-05,-0.0,0.0,
2017-01-06,-0.0,0.0,
2017-01-09,-0.0,0.0,
2017-01-10,-0.0,0.0,
2017-01-11,0.0,0.0,
2017-01-12,0.0,0.0,
2017-01-13,0.0,0.0,
2017-01-17,-0.0,0.0,
2017-01-18,-0.0,0.0,
2017-01-19,-0.0,0.0,
2017-01-20,0.0,0.0,
2017-01-23,-0.0,0.0,
2017-01-24,-0.00013211184263114742,0.26009519018007143,
2017-01-25,-0.019408913090784758,0.19463742813135151,
2017-01-26,-0.0031691431690341557,0.38151755145132726,
2017-01-27,-0.01706156817366219,0.38151755145132726,
2017-01-30,-0.00595479003618564,0.38151755145132726,
2017-01-31,0.021044325921113605,0.38151755145132726,
2017-02-01,0.024852087156679272,0.0,
2017-02-02,-0.00019378669280067416,0.38151755145132726,
2017-02-03,-0.007727505024764967,0.38151755145132726,
2017-02-06,-0.027739399920808504,0.0,
2017-02-07,-0.0,0.0,
2017-02-08,0.0,0.0,
2017-02-09,-0.00019378669280067416,0.38151755145132726,
2017-02-10,-0.001418606750404933,0.38151755145132726,
2017-02-13,-0.01084863285162113,0.38151755145132726,
2017-02-14,-0.006979489184434486,0.38151755145132726,
2017-02-15,0.009554067473133837,0.38151755145132726,
2017-02-16,-0.03056075860648694,0.38151755145132726,
2017-02-17,-0.005446895512725546,0.0,
2017-02-21,-0.0,0.0,
2017-02-22,0.0,0.0,
2017-02-23,-0.0,0.0,
2017-02-24,-0.00019378669280067416,0.38151755145132726,
2017-02-27,0.020070955946541978,0.38151755145132726,
2017-02-28,-0.01823319476912115,0.38151755145132726,
2017-03-01,-0.08727717240891728,0.0,
2017-03-02,0.0,0.0,
2017-03-03,-0.00018922331022463336,0.37253339200474694,
2017-03-06,0.04809245683673672,0.38151755145132726,
2017-03-07,0.01674814490774175,0.38151755145132726,
2017-03-08,0.062129208224724855,0.38151755145132726,
2017-03-09,0.034287869355749435,0.29042368757606507,
2017-03-10,-0.018593011945721532,0.2143362288253423,
2017-03-13,-0.006721312936875418,0.2906491914798322,
2017-03-14,0.023860975554358867,0.28434108766943955,
2017-03-15,-0.014031057454384536,0.19225363078060645,
2017-03-16,-0.0037966929369329058,0.18800367679036153,
2017-03-17,-0.0008354938008860314,0.18909888768963362,
2017-03-20,0.025126255217362194,0.20206957796177935,
2017-03-21,0.007476412153700508,0.10654599500398543,
2017-03-22,-0.003277386979941747,0.0,
2017-03-23,-5.6680052760723876e-05,0.11158885387267514,
2017-03-24,0.006648257242814694,0.0,
2017-03-27,0.0,0.0,
2017-03-28,-0.0,0.0,
2017-03-29,-0.0,0.0,
2017-03-30,-0.0,0.0,
2017-03-31,0.0,0.0,
2017-04-03,-8.977410741855116e-05,0.17674277398027258,
2017-04-04,0.00939059978402985,0.20051092951613472,
2017-04-05,-0.007694003916603761,0.0,
2017-04-06,-8.603352620267592e-05,0.16937850471151822,
2017-04-07,-0.01073673187828529,0.0,
2017-04-10,-8.369973032363082e-05,0.16478384407464816,
2017-04-11,-0.0046228762021364115,0.0,
2017-04-12,-9.085258888599627e-05,0.17886603436930515,
2017-04-13,-0.0005064176205100831,0.24248935183643316,
2017-04-17,0.0003587406553179855,0.24771751790820015,
2017-04-18,0.007177319102152607,0.24850342130304917,
2017-04-19,-0.0008290868575816322,0.0,
2017-04-20,0.0,0.0,
2017-04-21,-0.0,0.0,
2017-04-24,-0.0,0.0,
2017-04-25,-0.0,0.0,
2017-04-26,-0.0,0.0,
2017-04-27,-0.00018694539663518373,0.368048749625518,
2017-04-28,-0.023893558904107878,0.0,
2017-05-01,0.0,0.0,
2017-05-02,0.0,0.0,
2017-05-03,-0.0,0.0,
2017-05-04,0.0,0.0,
2017-05-05,-0.00019378669280067416,0.38151755145132726,
2017-05-08,0.005357709864413488,0.37082695589586084,
2017-05-09,-0.009681429406178417,0.38151755145132726,
2017-05-10,0.016108123463056418,0.38151755145132726,
2017-05-11,0.007363016488262383,0.2899081904217812,
2017-05-12,0.007356110726678629,0.28941041036549836,
2017-05-15,-0.009894549270660793,0.0,
2017-05-16,-0.00013275420407815586,0.26135983927886935,
2017-05-17,-0.0017175222995067727,0.0,
2017-05-18,-0.0,0.0,
2017-05-19,0.0,0.0,
2017-05-22,0.0,0.0,
2017-05-23,0.0,0.0,
2017-05-24,-0.0,0.0,
2017-05-25,0.0,0.0,
2017-05-26,0.0,0.0,
2017-05-30,-0.0,0.0,
2017-05-31,0.0,0.0,
2017-06-01,-0.0,0.0,
2017-06-02,0.0,0.0,
2017-06-05,-0.0,0.0,
2017-06-06,-0.0,0.0,
2017-06-07,-0.0,0.0,
2017-06-08,-0.0,0.0,
2017-06-09,0.0,0.0,
2017-06-12,-0.0,0.0,
2017-06-13,0.0,0.0,
2017-06-14,-0.0,0.0,
2017-06-15,0.0,0.0,
2017-06-16,0.0,0.0,
2017-06-19,0.0,0.0,
2017-06-20,-0.0,0.0,
2017-06-21,0.0,0.0,
2017-06-22,0.0,0.0,
2017-06-23,0.0,0.0,
2017-06-26,-0.0,0.0,
2017-06-27,-0.0,0.0,
2017-06-28,0.0,0.0,
2017-06-29,0.0,0.0,
2017-06-30,0.0,0.0,
2017-07-05,0.0,0.0,
2017-07-06,0.0,0.0,
2017-07-07,0.0,0.0,
2017-07-10,0.0,0.0,
2017-07-11,0.0,0.0,
2017-07-12,-0.0,0.0,
2017-07-13,-0.0,0.0,
2017-07-14,0.0,0.0,
2017-07-17,0.0,0.0,
2017-07-18,0.0,0.0,
2017-07-19,0.0,0.0,
2017-07-20,0.0,0.0,
2017-07-21,-0.0,0.0,
2017-07-24,-0.0,0.0,
2017-07-25,0.0,0.0,
2017-07-26,-0.0,0.0,
2017-07-27,0.0,0.0,
2017-07-28,0.0,0.0,
2017-07-31,0.0,0.0,
2017-08-01,0.0,0.0,
2017-08-02,-0.0,0.0,
2017-08-03,0.0,0.0,
2017-08-04,-0.0,0.0,
2017-08-07,-0.0,0.0,
2017-08-08,-0.0,0.0,
2017-08-09,0.0,0.0,
2017-08-10,-0.0,0.0,
2017-08-11,0.0,0.0,
2017-08-14,-0.0,0.0,
2017-08-15,0.0,0.0,
2017-08-16,-0.0,0.0,
2017-08-17,0.0,0.0,
2017-08-18,0.0,0.0,
2017-08-21,-0.0,0.0,
2017-08-22,0.0,0.0,
2017-08-23,0.0,0.0,
2017-08-24,0.0,0.0,
2017-08-25,-0.0,0.0,
2017-08-28,0.0,0.0,
2017-08-29,0.0,0.0,
2017-08-30,0.0,0.0,
2017-08-31,0.0,0.0,
2017-09-01,-0.0,0.0,
2017-09-05,-0.0,0.0,
2017-09-06,0.0,0.0,
2017-09-07,0.0,0.0,
2017-09-08,0.0,0.0,
2017-09-11,-0.0,0.0,
2017-09-12,0.0,0.0,
2017-09-13,-0.0,0.0,
2017-09-14,-0.0,0.0,
2017-09-15,0.0,0.0,
2017-09-18,-0.0,0.0,
2017-09-19,-0.0,0.0,
2017-09-20,-0.0,0.0,
2017-09-21,-0.0,0.0,
2017-09-22,0.0,0.0,
2017-09-25,0.0,0.0,
2017-09-26,-0.0,0.0,
2017-09-27,-0.0,0.0,
2017-09-28,-0.0,0.0,
2017-09-29,-0.0,0.0,
2017-10-02,-0.0,0.0,
2017-10-03,0.0,0.0,
2017-10-04,0.0,0.0,
2017-10-05,0.0,0.0,
2017-10-06,-0.0,0.0,
2017-10-09,-0.0,0.0,
2017-10-10,0.0,0.0,
2017-10-11,0.0,0.0,
2017-10-12,-0.0,0.0,
2017-10-13,0.0,0.0,
2017-10-16,-0.0,0.0,
2017-10-17,0.0,0.0,
2017-10-18,0.0,0.0,
2017-10-19,0.0,0.0,
2017-10-20,0.0,0.0,
2017-10-23,-0.0,0.0,
2017-10-24,0.0,0.0,
2017-10-25,0.0,0.0,
2017-10-26,0.0,0.0,
2017-10-27,-0.0,0.0,
2017-10-30,-0.0,0.0,
2017-10-31,0.0,0.0,
2017-11-01,-0.0,0.0,
2017-11-02,0.0,0.0,
2017-11-03,0.0,0.0,
2017-11-06,0.0,0.0,
2017-11-07,-0.0,0.0,
2017-11-08,0.0,0.0,
2017-11-09,-0.0,0.0,
2017-11-10,0.0,0.0,
2017-11-13,-0.0,0.0,
2017-11-14,-0.0,0.0,
2017-11-15,-0.0,0.0,
2017-11-16,-0.0,0.0,
2017-11-17,-0.0,0.0,
2017-11-20,0.0,0.0,
2017-11-21,0.0,0.0,
2017-11-22,-6.959719615641935e-05,0.13701947993295058,
2017-11-24,-0.0016215171107313911,0.17417120389100907,
2017-11-27,0.006733420271001371,0.0,
2017-11-28,-8.988540861607481e-05,0.1769618982128973,
2017-11-29,-0.0024217238465946713,0.17058152554500003,
2017-11-30,-0.006187162845983545,0.22357746073345516,
2017-12-01,-0.0005291347148890426,0.0,
2017-12-04,-0.0,0.0,
2017-12-05,0.0,0.0,
2017-12-06,-0.0,0.0,
2017-12-07,0.0,0.0,
2017-12-08,0.0,0.0,
2017-12-11,-0.0,0.0,
2017-12-12,-0.0,0.0,
2017-12-13,-0.0,0.0,
2017-12-14,0.0,0.0,
2017-12-15,-0.00015967402733047995,0.3143582413068824,
2017-12-18,0.012257757994666336,0.38151755145132726,
2017-12-19,0.012061511753422892,0.38151755145132726,
2017-12-20,0.016128766908317733,0.2696237258910299,
2017-12-21,-0.00021510864244194902,0.19369258371569859,
2017-12-22,0.00683881154439114,0.21393225804262586,
2017-12-26,0.007351926700957677,0.20620935925954523,
2017-12-27,-0.0024720076403929488,0.1606684297312891,
2017-12-28,0.0027178380773287556,0.0,
2017-12-29,-8.520375751712181e-05,0.16774489761183356,
2018-01-02,-1.6258371023248823e-06,0.20485547489293518,
2018-01-03,0.0005012470845028509,0.26191053399763004,
2018-01-04,-0.0042496667933793475,0.27887365148452214,
2018-01-05,-0.0022445181182545264,0.0,
2018-01-08,-0.0,0.0,
2018-01-09,0.0,0.0,
2018-01-10,-0.0,0.0,
2018-01-11,-0.0,0.0,
2018-01-12,-0.0001919245521968316,0.37785146213751225,
2018-01-16,-0.0027103323282769093,0.37785146213751225,
2018-01-17,0.012017356587931632,0.37785146213751225,
2018-01-18,0.012045640710460874,0.37785146213751225,
2018-01-19,0.0046631263966544,0.35373814897910905,
2018-01-22,0.00955603738734456,0.37061407445386074,
2018-01-23,0.007329910081510225,0.27153597817820374,
2018-01-24,-0.011104971795334477,0.20586723783993183,
2018-01-25,-0.0037194781049942937,0.25485436710031617,
2018-01-26,0.009026132793740833,0.37565072905051583,
2018-01-29,-0.0011922019771763547,0.2498497755212096,
2018-01-30,-0.007061034244984327,0.2584501203803535,
2018-01-31,0.00367338705736309,0.35836517637330106,
2018-02-01,-0.024422230771560197,0.37785146213751225,
2018-02-02,-0.011392888731396772,0.37785146213751225,
2018-02-05,-0.0021061045071226305,0.0,
2018-02-06,-0.0,0.0,
2018-02-07,-0.0,0.0,
2018-02-08,-0.0,0.0,
2018-02-09,0.0,0.0,
2018-02-12,-0.0,0.0,
2018-02-13,-0.0,0.0,
2018-02-14,-0.0,0.0,
2018-02-15,0.0,0.0,
2018-02-16,0.0,0.0,
2018-02-20,0.0,0.0,
2018-02-21,0.0,0.0,
2018-02-22,-0.0,0.0,
2018-02-23,-0.0001919245521968316,0.37785146213751225,
2018-02-26,0.007788839769260684,0.37785146213751225,
2018-02-27,-0.003196520448218718,0.37785146213751225,
2018-02-28,-0.02164927783247055,0.37785146213751225,
2018-03-01,0.09571246721053978,0.37785146213751225,
2018-03-02,-0.11303473812281152,0.0,
2018-03-05,-0.0,0.0,
2018-03-06,-0.00016595441317412567,0.3267227509365599,
2018-03-07,0.026128682696341173,0.35322221488607153,
2018-03-08,-0.00944342089401434,0.37785146213751225,
2018-03-09,-0.04025002351526337,0.3695998563350301,
2018-03-12,0.009070675917705084,0.29064847064193666,
2018-03-13,0.017504990587559395,0.30915251004198363,
2018-03-14,0.01765548976345086,0.33692946691764525,
2018-03-15,-0.00198134804934228,0.29541319891181017,
2018-03-16,-0.0021067873576253796,0.29439920703527017,
2018-03-19,-0.004075461645623101,0.29296861094921045,
2018-03-20,0.002100367979876986,0.3326781588428596,
2018-03-21,0.023728117856825378,0.2909303798142164,
2018-03-22,0.002290017929258425,0.21369599623569477,
2018-03-23,-0.005227000554573145,0.21514659402976474,
2018-03-26,-0.003717863791343571,0.2218129686006848,
2018-03-27,0.0030484721173541915,0.22275845984683246,
2018-03-28,0.01778133755968042,0.22188992744782685,
2018-03-29,0.008295609253371585,0.10656941490936568,
2018-04-02,-0.0009624511662204743,0.26891981869960724,
2018-04-03,-0.0024280615745641506,0.37785146213751225,
2018-04-04,-0.0005845361588885667,0.37785146213751225,
2018-04-05,-0.006332249357548283,0.37785146213751225,
2018-04-06,0.002862088781431266,0.0,
2018-04-09,0.0,0.0,
2018-04-10,0.0,0.0,
2018-04-11,0.0,0.0,
2018-04-12,-0.0,0.0,
2018-04-13,-0.0001919245521968316,0.37785146213751225,
2018-04-16,0.02847434423537898,0.27509160649388004,
2018-04-17,-0.009369429637202808,0.15856057763034698,
2018-04-18,-0.0031713955323039874,0.1800584782415138,
2018-04-19,0.00475106974675838,0.22023951140649473,
2018-04-20,0.006453686634108633,0.18832020560102283,
2018-04-23,0.00517892047110539,0.0,
2018-04-24,0.0,0.0,
2018-04-25,-0.0,0.0,
2018-04-26,0.0,0.0,
2018-04-27,-0.0,0.0,
2018-04-30,-0.0,0.0,
2018-05-01,-0.0,0.0,
2018-05-02,-0.0,0.0,
2018-05-03,-8.240718915280309e-05,0.16223915364458108,
2018-05-04,-0.0014350722646691262,0.16641259397001418,
2018-05-07,-0.005335924841841895,0.2081884079234583,
2018-05-08,0.0223515967345567,0.0,
2018-05-09,-0.0,0.0,
2018-05-10,0.0,0.0,
2018-05-11,0.0,0.0,
2018-05-14,0.0,0.0,
2018-05-15,-0.0,0.0,
2018-05-16,0.0,0.0,
2018-05-17,0.0,0.0,
2018-05-18,-0.0,0.0,
2018-05-21,-0.0,0.0,
2018-05-22,0.0,0.0,
2018-05-23,0.0,0.0,
2018-05-24,0.0,0.0,
2018-05-25,0.0,0.0,
2018-05-29,0.0,0.0,
2018-05-30,0.0,0.0,
2018-05-31,0.0,0.0,
2018-06-01,0.0,0.0,
2018-06-04,0.0,0.0,
2018-06-05,-0.0,0.0,
2018-06-06,0.0,0.0,
2018-06-07,0.0,0.0,
2018-06-08,-0.0,0.0,
2018-06-11,-0.0,0.0,
2018-06-12,-0.0,0.0,
2018-06-13,0.0,0.0,
2018-06-14,-0.0,0.0,
2018-06-15,-0.0,0.0,
2018-06-18,0.0,0.0,
2018-06-19,0.0,0.0,
2018-06-20,-0.0,0.0,
2018-06-21,-0.0,0.0,
2018-06-22,-0.0,0.0,
2018-06-25,-0.0,0.0,
2018-06-26,-0.0,0.0,
2018-06-27,-0.0,0.0,
2018-06-28,0.0,0.0,
2018-06-29,-0.0001143989864899988,0.22522300465218514,
2018-07-02,-0.017326171065823404,0.08212205757115461,
2018-07-03,0.0004100402934449404,0.2067569465308538,
2018-07-05,0.022072801672500912,0.21943750458749567,
2018-07-06,-0.023813504478796765,0.06126440415547813,
2018-07-09,0.0043908949763099584,0.19348950699384215,
2018-07-10,0.005514958250479787,0.07063016497343655,
2018-07-11,-0.0011833200600898362,0.056268804521090655,
2018-07-12,0.0012045764049766548,0.07239804291040766,
2018-07-13,0.0005152704368583352,0.059095477474277305,
2018-07-16,-0.002676782968772599,0.06175604425845426,
2018-07-17,0.0024334432149372334,0.11262274511236302,
2018-07-18,0.003596780558614109,0.06352147218146126,
2018-07-19,-0.002193740456482886,0.06362002189007918,
2018-07-20,-0.0010144371705780345,0.08378606534462175,
2018-07-23,0.01940524365615201,0.08340416874303638,
2018-07-24,-0.013796008200184789,0.0,
2018-07-25,-2.4940935300190102e-05,0.049102466372249264,
2018-07-26,0.002681223552882392,0.0,
2018-07-27,0.0,0.0,
2018-07-30,-0.0,0.0,
2018-07-31,0.0,0.0,
2018-08-01,-0.0,0.0,
2018-08-02,-3.4421901776052026e-05,0.06776811912160242,
2018-08-03,0.002677275733808851,0.0,
2018-08-06,-0.0,0.0,
2018-08-07,0.0,0.0,
2018-08-08,-0.0,0.0,
2018-08-09,-0.0,0.0,
2018-08-10,0.0,0.0,
2018-08-13,0.0,0.0,
2018-08-14,0.0,0.0,
2018-08-15,-0.0,0.0,
2018-08-16,-0.0,0.0,
2018-08-17,-0.0,0.0,
2018-08-20,0.0,0.0,
2018-08-21,-0.0,0.0,
2018-08-22,0.0,0.0,
2018-08-23,-0.0,0.0,
2018-08-24,0.0,0.0,
2018-08-27,0.0,0.0,
2018-08-28,0.0,0.0,
2018-08-29,0.0,0.0,
2018-08-30,0.0,0.0,
2018-08-31,0.0,0.0,
2018-09-04,-0.0,0.0,
2018-09-05,-0.0,0.0,
2018-09-06,-0.0,0.0,
2018-09-07,0.0,0.0,
2018-09-10,-0.0,0.0,
2018-09-11,0.0,0.0,
2018-09-12,-0.0,0.0,
2018-09-13,-0.0,0.0,
2018-09-14,-0.0,0.0,
2018-09-17,0.0,0.0,
2018-09-18,0.0,0.0,
2018-09-19,-0.0,0.0,
2018-09-20,-0.0,0.0,
2018-09-21,-9.665649488251191e-05,0.1902924742999453,
2018-09-24,-0.0020603393337543957,0.2159783483141918,
2018-09-25,0.0029713089877144864,0.21364436306905202,
2018-09-26,0.012393256651183484,0.21381820941514296,
2018-09-27,0.006000291252097979,0.0,
2018-09-28,-0.0,0.0,
2018-10-01,-0.0,0.0,
2018-10-02,0.0,0.0,
2018-10-03,-0.0,0.0,
2018-10-04,0.0,0.0,
2018-10-05,-0.0,0.0,
2018-10-08,0.0,0.0,
2018-10-09,-0.0,0.0,
2018-10-10,-0.0,0.0,
2018-10-11,-0.0,0.0,
2018-10-12,-0.0,0.0,
2018-10-15,-0.0,0.0,
2018-10-16,-8.57419031315967e-05,0.16880437179033098,
2018-10-17,0.004879138072159447,0.0,
2018-10-18,-0.0,0.0,
2018-10-19,0.0,0.0,
2018-10-22,-0.0,0.0,
2018-10-23,-0.0,0.0,
2018-10-24,-0.0,0.0,
2018-10-25,-7.593094490156334e-05,0.1494890477749528,
2018-10-26,0.005016925907082647,0.15714674797435457,
2018-10-29,0.00032228349191626475,0.0,
2018-10-30,0.0,0.0,
2018-10-31,-0.0,0.0,
2018-11-01,-0.0,0.0,
2018-11-02,-7.53087448936591e-05,0.14826409150939135,
2018-11-05,-0.002193143350829026,0.19052154629042523,
2018-11-06,0.013691421270507499,0.2679761825536333,
2018-11-07,-0.0002238305788900719,0.0,
2018-11-08,0.0,0.0,
2018-11-09,-0.0,0.0,
2018-11-12,-9.82283293644935e-05,0.1933870234363466,
2018-11-13,0.00920785661675996,0.1990666998280894,
2018-11-14,0.005736685762577072,0.0,
2018-11-15,-0.0,0.0,
2018-11-16,0.0,0.0,
2018-11-19,-0.0,0.0,
2018-11-20,0.0,0.0,
2018-11-21,-0.0,0.0,
2018-11-26,-0.00010335262693946181,0.20347548428706544,
2018-11-27,-0.0024687168459365492,0.20283879982234532,
2018-11-28,-0.006453567500120345,0.3008955294862813,
2018-11-29,0.005239437617862483,0.37785146213751225,
2018-11-30,0.004405599602383897,0.37785146213751225,
2018-12-03,-0.020223077702722112,0.0,
2018-12-04,-0.00010409808653824247,0.20494310787216485,
2018-12-05,0.009102511956789468,0.37785146213751225,
2018-12-06,0.015183599621374631,0.0,
2018-12-07,-0.0,0.0,
2018-12-10,-0.0,0.0,
2018-12-11,-0.0,0.0,
2018-12-12,0.0,0.0,
2018-12-13,0.0,0.0,
2018-12-14,-0.0,0.0,
2018-12-17,-6.836888547738043e-05,0.13460124328359271,
2018-12-18,0.0116937155805104,0.20513624440508602,
2018-12-19,-0.008814778112862789,0.0,
2018-12-20,0.0,0.0,
2018-12-21,-0.0,0.0,
2018-12-26,0.0,0.0,
2018-12-27,0.0,0.0,
2018-12-28,-0.0,0.0,
2019-01-02,-2.536364163441081e-06,0.3195818845935762,
2019-01-03,0.002983505837077182,0.2314846328558187,
2019-01-04,-0.002806801459112126,0.0,
2019-01-07,-0.0,0.0,
2019-01-08,-0.0,0.0,
2019-01-09,-0.0,0.0,
2019-01-10,-0.0,0.0,
2019-01-11,0.0,0.0,
2019-01-14,-0.0,0.0,
2019-01-15,-0.0,0.0,
2019-01-16,-0.0,0.0,
2019-01-17,0.0,0.0,
2019-01-18,-0.0,0.0,
2019-01-21,0.0,0.0,
2019-01-22,-0.0,0.0,
2019-01-23,-0.0,0.0,
2019-01-24,-0.0,0.0,
2019-01-25,-0.0,0.0,
2019-01-28,-0.0,0.0,
2019-01-29,-0.0,0.0,
2019-01-30,0.0,0.0,
2019-01-31,-0.00019579284760426393,0.3854671687208946,
2019-02-01,0.01654179273562962,0.0,
2019-02-04,0.0,0.0,
2019-02-05,-0.00019579284760426393,0.3854671687208946,
2019-02-06,0.019869672989847553,0.3854671687208946,
2019-02-07,0.017553516838300025,0.3854671687208946,
2019-02-08,0.019922195461845628,0.3854671687208946,
2019-02-11,-0.014117014092887327,0.3854671687208946,
2019-02-12,-0.008091031286589048,0.3854671687208946,
2019-02-13,0.02342383104638855,0.3854671687208946,
2019-02-14,0.029966908849351086,0.3854671687208946,
2019-02-15,0.04044029345783745,0.2239557191282625,
2019-02-18,-0.00011197785956413126,0.0,
2019-02-19,-0.0,0.0,
2019-02-20,-8.325211900412763e-05,0.16390260928937628,
2019-02-21,0.007733786836126557,0.13325586182854265,
2019-02-22,0.00014816951714398597,0.0,
2019-02-25,-0.0,0.0,
2019-02-26,-6.689387138917087e-05,0.13169730929743015,
2019-02-27,-0.0013021215297427517,0.0,
2019-02-28,-0.0,0.0,
2019-03-01,0.0,0.0,
2019-03-04,-0.0,0.0,
2019-03-05,0.0,0.0,
2019-03-06,0.0,0.0,
2019-03-07,-0.0,0.0,
2019-03-08,0.0,0.0,
2019-03-11,-0.0,0.0,
2019-03-12,-0.0,0.0,
2019-03-13,0.0,0.0,
2019-03-14,0.0,0.0,
2019-03-15,-0.0,0.0,
2019-03-18,0.0,0.0,
2019-03-19,0.0,0.0,
2019-03-20,-0.0,0.0,
2019-03-21,0.0,0.0,
2019-03-22,0.0,0.0,
2019-03-25,0.0,0.0,
2019-03-26,-0.0,0.0,
2019-03-27,-0.0,0.0,
2019-03-28,-0.0,0.0,
2019-03-29,-0.0,0.0,
2019-04-01,-7.727279272639851e-05,0.15213081068009707,
2019-04-02,0.0008180649562894779,0.3659658618860147,
2019-04-03,0.054019520935947606,0.275015798504428,
2019-04-04,-0.0014098644073101,0.0,
2019-04-05,0.0,0.0,
2019-04-08,-0.0,0.0,
2019-04-09,0.0,0.0,
2019-04-10,0.0,0.0,
2019-04-11,0.0,0.0,
2019-04-12,-0.0,0.0,
2019-04-15,0.0,0.0,
2019-04-16,0.0,0.0,
2019-04-17,0.0,0.0,
2019-04-18,0.0,0.0,
2019-04-22,0.0,0.0,
2019-04-23,-0.0,0.0,
2019-04-24,-0.0,0.0,
2019-04-25,0.0,0.0,
2019-04-26,0.0,0.0,
2019-04-29,0.0,0.0,
2019-04-30,-0.0,0.0,
2019-05-01,-0.0,0.0,
2019-05-02,0.0,0.0,
2019-05-03,-0.0,0.0,
2019-05-06,-0.0,0.0,
2019-05-07,-0.0,0.0,
2019-05-08,-8.458856410302769e-05,0.16653373557783577,
2019-05-09,0.0020724219111692465,0.13119331802108122,
2019-05-10,0.0039870103987959885,0.11425538746706083,
2019-05-13,-0.0029383155390251933,0.0,
2019-05-14,-0.0,0.0,
2019-05-15,-5.501394269257952e-05,0.10830869967601593,
2019-05-16,0.004834881459653933,0.0,
2019-05-17,-0.0,0.0,
2019-05-20,-0.0,0.0,
2019-05-21,-4.3244341639322777e-05,0.08513729760241671,
2019-05-22,-0.00029953166380811873,0.0,
2019-05-23,-4.4638717269273966e-05,0.08788247462388311,
2019-05-24,0.0009461923826829196,0.0,
2019-05-27,0.0,0.0,
2019-05-28,-0.0,0.0,
2019-05-29,-0.0,0.0,
2019-05-30,-0.0,0.0,
2019-05-31,-6.32708524293002e-05,0.12456449072018476,
2019-06-03,-0.01864180702482093,0.0,
2019-06-04,-0.00013883540420383446,0.2733322020262991,
2019-06-05,0.012202290880609838,0.21136716877001502,
2019-06-06,0.003808322081892734,0.11963068185017169,
2019-06-07,-0.004346517581752693,0.0,
2019-06-10,0.0,0.0,
2019-06-11,0.0,0.0,
2019-06-12,-0.0,0.0,
2019-06-13,0.0,0.0,
2019-06-14,0.0,0.0,
2019-06-17,-0.0,0.0,
2019-06-18,-6.487471288239296e-05,0.12772209098721113,
2019-06-19,0.0068908907163466185,0.2116742307971051,
2019-06-20,-0.011278778190009421,0.0,
2019-06-21,-9.7779549563406e-05,0.19250348820295554,
2019-06-24,-0.00977790245003381,0.0,
2019-06-25,-3.772647587753928e-05,0.07427399938390546,
2019-06-26,0.0038148891532743213,0.0,
2019-06-27,-0.0,0.0,
2019-06-28,0.0,0.0,
2019-07-01,-0.0,0.0,
2019-07-02,0.0,0.0,
2019-07-03,-0.0,0.0,
2019-07-08,-0.0,0.0,
2019-07-09,0.0,0.0,
2019-07-10,-0.0,0.0,
2019-07-11,0.0,0.0,
2019-07-12,-0.0,0.0,
2019-07-15,-0.0,0.0,
2019-07-16,0.0,0.0,
2019-07-17,-0.0,0.0,
2019-07-18,0.0,0.0,
2019-07-19,0.0,0.0,
2019-07-22,-0.0,0.0,
2019-07-23,0.0,0.0,
2019-07-24,0.0,0.0,
2019-07-25,0.0,0.0,
2019-07-26,-0.0,0.0,
2019-07-29,-0.0,0.0,
2019-07-30,0.0,0.0,
2019-07-31,-0.0,0.0,
2019-08-01,0.0,0.0,
2019-08-02,-0.0,0.0,
2019-08-05,-0.00011065108654241968,0.21784432663038875,
2019-08-06,-0.00042226621060666093,0.3854671687208946,
2019-08-07,0.011015065785009834,0.3854671687208946,
2019-08-08,-0.020988572954924997,0.2335864546894162,
2019-08-09,-0.013522352920340623,0.0,
2019-08-12,-0.0,0.0,
2019-08-13,0.0,0.0,
2019-08-14,-0.0,0.0,
2019-08-15,-0.0,0.0,
2019-08-16,-0.00019579284760426393,0.3854671687208946,
2019-08-19,-0.008521952381095812,0.3830854349867534,
2019-08-20,0.014940640605306145,0.3854671687208946,
2019-08-21,0.024730068261538864,0.3854671687208946,
2019-08-22,-0.013668682879199999,0.3755426273417661,
2019-08-23,0.004282204047399973,0.0,
2019-08-26,-0.0,0.0,
2019-08-27,-0.0,0.0,
2019-08-28,0.0,0.0,
2019-08-29,-0.0,0.0,
2019-08-30,-0.00019579284760426393,0.3854671687208946,
2019-09-02,-5.670731304070474e-06,0.3801599916952174,
2019-09-03,-0.06868737579678758,0.0,
2019-09-04,0.0,0.0,
2019-09-05,-0.00015605858072423597,0.3072403308008395,
2019-09-06,0.018400785724645704,0.32683429683467285,
2019-09-09,-0.011024169142249709,0.21842883506320482,
2019-09-10,0.008232535747411052,0.2854790581164628,
2019-09-11,0.00927130714102912,0.15528987783814086,
2019-09-12,-0.0018064790490526833,0.11189831506238879,
2019-09-13,0.003540753401608882,0.15901605735015437,
2019-09-16,-0.009441734731875881,0.11451774160184251,
2019-09-17,0.008223724690968055,0.21209218468534824,
2019-09-18,0.0030471451121978996,0.08584043951784434,
2019-09-19,0.008038354806432646,0.09066562546675705,
2019-09-20,-0.00473226391435947,0.0,
2019-09-23,-0.0,0.0,
2019-09-24,-4.054659680469326e-05,0.07982611245923986,
2019-09-25,0.0008028545788850056,0.08149902512263828,
2019-09-26,0.0052899288891900325,0.08568074826761161,
2019-09-27,-0.00038987788764249234,0.0,
2019-09-30,-0.0,0.0,
2019-10-01,-0.0,0.0,
2019-10-02,0.0,0.0,
2019-10-03,-0.0,0.0,
2019-10-04,0.0,0.0,
2019-10-07,0.0,0.0,
2019-10-08,-0.0,0.0,
2019-10-09,0.0,0.0,
2019-10-10,0.0,0.0,
2019-10-11,-0.0,0.0,
2019-10-14,-0.0,0.0,
2019-10-15,0.0,0.0,
2019-10-16,0.0,0.0,
2019-10-17,-0.0,0.0,
2019-10-18,0.0,0.0,
2019-10-21,0.0,0.0,
2019-10-22,-0.0,0.0,
2019-10-23,-0.0,0.0,
2019-10-24,0.0,0.0,
2019-10-25,-0.0,0.0,
2019-10-28,0.0,0.0,
2019-10-29,0.0,0.0,
2019-10-30,-0.0,0.0,
2019-10-31,-0.0,0.0,
2019-11-01,-0.0,0.0,
2019-11-04,0.0,0.0,
2019-11-05,-0.0,0.0,
2019-11-06,-0.0,0.0,
2019-11-07,-0.0,0.0,
2019-11-08,-5.473677706366067e-05,0.10776302984408195,
2019-11-11,-0.0019158834281524022,0.13464945394661776,
2019-11-12,-0.0022706127253708385,0.13375253834997064,
2019-11-13,0.0051204853383488074,0.17670029660435063,
2019-11-14,-0.003031738930770318,0.10410284964951576,
2019-11-15,-0.00046464726333944037,0.12887846742572542,
2019-11-18,-0.006707875693087965,0.12883709392093373,
2019-11-19,0.004888419773784378,0.2078319617723588,
2019-11-20,0.0038031200195290833,0.12918110443838335,
2019-11-21,-0.0011049674175476417,0.12900648056495462,
2019-11-22,0.0013649292303464162,0.1311908179013207,
2019-11-25,-0.0005649118845416625,0.13261363294155576,
2019-11-26,0.00010643397685251731,0.14194755622988725,
2019-11-27,-0.006138693416492003,0.1461821073591177,
2019-11-29,-2.1305946318252797e-05,0.1858440937456917,
2019-12-02,-0.015212923121519619,0.0,
2019-12-03,-0.0,0.0,
2019-12-04,-0.0,0.0,
2019-12-05,0.0,0.0,
2019-12-06,0.0,0.0,
2019-12-09,0.0,0.0,
2019-12-10,0.0,0.0,
2019-12-11,-0.0,0.0,
2019-12-12,-0.0,0.0,
2019-12-13,0.0,0.0,
2019-12-16,0.0,0.0,
2019-12-17,0.0,0.0,
2019-12-18,0.0,0.0,
2019-12-19,0.0,0.0,
2019-12-20,-0.00011364885996086221,0.2237461930479475,
2019-12-23,0.001581922436182066,0.16725830952481457,
2019-12-24,-0.00039633359664282923,0.0,
2019-12-26,-8.651636198929029e-05,0.17032908766641527,
2019-12-27,-0.002606026496001521,0.0,
2019-12-30,-9.011269978181215e-05,0.17740937769544265,
2019-12-31,-0.004840852534697336,0.20733337226376058,
2020-01-02,-3.0941158816091917e-06,0.38985860108275816,
2020-01-03,-9.707138376753552e-05,0.0,
2020-01-06,-0.0,0.0,
2020-01-07,-0.0,0.0,
2020-01-08,0.0,0.0,
2020-01-09,-0.0,0.0,
2020-01-10,0.0,0.0,
2020-01-13,0.0,0.0,
2020-01-14,-0.0,0.0,
2020-01-15,-0.0,0.0,
2020-01-16,-0.0,0.0,
2020-01-17,-0.0,0.0,
2020-01-21,-0.0,0.0,
2020-01-22,-0.0,0.0,
2020-01-23,0.0,0.0,
2020-01-24,-0.00019802341642298827,0.38985860108275816,
2020-01-27,-0.028627930704113364,0.38985860108275816,
2020-01-28,0.029506873376693714,0.38985860108275816,
2020-01-29,0.010142698919102956,0.38985860108275816,
2020-01-30,0.010109086027244142,0.38985860108275816,
2020-01-31,-0.013421001037295495,0.38985860108275816,
2020-02-03,0.0002087236824966048,0.38985860108275816,
2020-02-04,-0.00016297379398974053,0.38985860108275816,
2020-02-05,0.0293951853027286,0.38985860108275816,
2020-02-06,0.0029871718952585447,0.38985860108275816,
2020-02-07,0.03023714053346764,0.38985860108275816,
2020-02-10,0.008030784706303237,0.38985860108275816,
2020-02-11,-0.013840094630787201,0.3779938621896203,
2020-02-12,0.0396177064872937,0.38985860108275816,
2020-02-13,-0.008951834701537162,0.16699671239333105,
2020-02-14,-0.001331973186963698,0.22784202012822616,
2020-02-18,0.004245060067340893,0.2354393754290833,
2020-02-19,0.01162251051864149,0.17361787141788804,
2020-02-20,-0.006806257539087848,0.13267047793462844,
2020-02-21,-0.0010599935702963828,0.16896376662769716,
2020-02-24,-0.001683312524070392,0.17821372025495352,
2020-02-25,-0.010228942594729389,0.18604802619890584,
2020-02-26,-0.01688118984540599,0.0,
2020-02-27,-0.0,0.0,
2020-02-28,-0.00019802341642298827,0.38985860108275816,
2020-03-02,0.020588047962671212,0.22089377892175321,
2020-03-03,-0.01356768852619748,0.12187601982379846,
2020-03-04,0.01095709339666062,0.19909305556369736,
2020-03-05,-0.012064842983685554,0.0,
2020-03-06,-6.644550913209075e-05,0.13081459610380367,
2020-03-09,-0.0011089288616806287,0.13070243787713393,
2020-03-10,-0.006694466760322342,0.13981017762068457,
2020-03-11,-0.011022967777940202,0.2605261433590411,
2020-03-12,-0.08164217366754171,0.0,
2020-03-13,0.0,0.0,
2020-03-16,-0.0,0.0,
2020-03-17,0.0,0.0,
2020-03-18,0.0,0.0,
2020-03-19,-7.82790864596724e-05,0.15411195146748005,
2020-03-20,0.037570584463809856,0.0,
2020-03-23,-7.115539122411986e-05,0.14008717647248597,
2020-03-24,0.026581824741111815,0.0,
2020-03-25,0.0,0.0,
2020-03-26,-5.0147469725700616e-05,0.0987278310224731,
2020-03-27,0.017716977587733527,0.07377295352134179,
2020-03-30,0.004860414471857781,0.029736828585938305,
2020-03-31,-0.016826970534305558,0.0,
2020-04-01,-0.0,0.0,
2020-04-02,-0.0,0.0,
2020-04-03,-0.0,0.0,
2020-04-06,0.0,0.0,
2020-04-07,0.0,0.0,
2020-04-08,0.0,0.0,
2020-04-09,0.0,0.0,
2020-04-13,0.0,0.0,
2020-04-14,0.0,0.0,
2020-04-15,-0.0,0.0,
2020-04-16,0.0,0.0,
2020-04-17,0.0,0.0,
2020-04-20,0.0,0.0,
2020-04-21,-0.0,0.0,
2020-04-22,-0.0,0.0,
2020-04-23,-0.0,0.0,
2020-04-24,-0.0,0.0,
2020-04-27,0.0,0.0,
2020-04-28,0.0,0.0,
2020-04-29,0.0,0.0,
2020-04-30,-0.0,0.0,
2020-05-01,-1.4944223024363427e-05,0.029421439079215496,
2020-05-04,0.004293198112181774,0.03023385910466172,
2020-05-05,-0.003267125453520673,0.02142315228560981,
2020-05-06,-0.001373574975442797,0.0,
2020-05-07,0.0,0.0,
2020-05-08,0.0,0.0,
2020-05-11,-0.0,0.0,
2020-05-12,-0.0,0.0,
2020-05-13,-0.0,0.0,
2020-05-14,0.0,0.0,
2020-05-15,-1.5205948582837343e-05,0.02993671127246102,
2020-05-18,0.002561619531234941,0.03973301172235935,
2020-05-19,-0.003149020538395165,0.05109328183102966,
2020-05-20,-0.0033869985866336627,0.14989435054267744,
2020-05-21,-0.01113896197774485,0.0,
2020-05-22,0.0,0.0,
2020-05-26,-0.0,0.0,
2020-05-27,-0.0,0.0,
2020-05-28,-0.0,0.0,
2020-05-29,0.0,0.0,
2020-06-01,0.0,0.0,
2020-06-02,0.0,0.0,
2020-06-03,-0.0,0.0,
2020-06-04,0.0,0.0,
2020-06-05,0.0,0.0,
2020-06-08,0.0,0.0,
2020-06-09,-0.0,0.0,
2020-06-10,-0.0,0.0,
2020-06-11,-0.0,0.0,
2020-06-12,-9.713122303318985e-05,0.19122709534659252,
2020-06-15,0.019386074533875395,0.10186686031380938,
2020-06-16,0.012349051857563216,0.10151093224670851,
2020-06-17,0.009880248353858322,0.07981511386285897,
2020-06-18,0.007938814921313377,0.08090445520750461,
2020-06-19,-0.0097437022449434,0.0,
2020-06-22,-4.078462710533154e-05,0.08029473461362147,
2020-06-23,0.0023203662605112588,0.0,
2020-06-24,-0.0,0.0,
2020-06-25,-3.83580191199934e-05,0.075517350142487,
2020-06-26,-0.02192225644506532,0.0,
2020-06-29,0.0,0.0,
2020-06-30,-4.8205306230591574e-05,0.09490419664147716,
2020-07-01,0.0019458572527328369,0.07007408214884053,
2020-07-02,0.0035354345021378153,0.07298151197663562,
2020-07-06,0.0027753394704056037,0.0,
2020-07-07,0.0,0.0,
2020-07-08,0.0,0.0,
2020-07-09,-0.0,0.0,
2020-07-10,0.0,0.0,
2020-07-13,-0.0,0.0,
2020-07-14,-0.0,0.0,
2020-07-15,-0.0,0.0,
2020-07-16,-0.0,0.0,
2020-07-17,-0.0,0.0,
2020-07-20,0.0,0.0,
2020-07-21,0.0,0.0,
2020-07-22,-0.0,0.0,
2020-07-23,-0.0,0.0,
2020-07-24,0.0,0.0,
2020-07-27,-0.0,0.0,
2020-07-28,0.0,0.0,
2020-07-29,-0.0,0.0,
2020-07-30,0.0,0.0,
2020-07-31,-0.0,0.0,
2020-08-03,-9.59461812580865e-05,0.1888940443518578,
2020-08-04,-0.005883708496956899,0.19255146981564292,
2020-08-05,-0.00086890361200297,0.19596213869873527,
2020-08-06,0.0069898327299731475,0.21104021902517647,
2020-08-07,-0.005959139263366378,0.21081255967347667,
2020-08-10,0.0015133982041414715,0.20625144360666178,
2020-08-11,-0.011006805119734665,0.20817389381338075,
2020-08-12,0.012952255182595006,0.202655234951246,
2020-08-13,0.0009319784867729579,0.19341487700838683,
2020-08-14,0.009859011846832784,0.20692023283453792,
2020-08-17,-0.0053190924083598694,0.1524102549786022,
2020-08-18,0.008891306732404474,0.19536284468806098,
2020-08-19,0.0018281313201871823,0.16324279045988105,
2020-08-20,0.01197386979752171,0.16509923886854572,
2020-08-21,-0.011212988835073812,0.0,
2020-08-24,-7.76881643323702e-05,0.15294857352935384,
2020-08-25,-0.006056191347256348,0.0,
2020-08-26,-0.0,0.0,
2020-08-27,-0.0,0.0,
2020-08-28,-5.706357153517939e-05,0.11234390645988443,
2020-08-31,-0.01333616089600635,0.0,
2020-09-01,-6.944434917778892e-05,0.13671856244377192,
2020-09-02,-0.020059858332483256,0.0,
2020-09-03,-5.945778383849028e-05,0.11705751193202774,
2020-09-04,0.007150701937767146,0.0,
2020-09-08,0.0,0.0,
2020-09-09,-0.0,0.0,
2020-09-10,-0.0,0.0,
2020-09-11,0.0,0.0,
2020-09-14,0.0,0.0,
2020-09-15,-0.0,0.0,
2020-09-16,0.0,0.0,
2020-09-17,0.0,0.0,
2020-09-18,0.0,0.0,
2020-09-21,-0.0,0.0,
2020-09-22,-0.0,0.0,
2020-09-23,-0.0,0.0,
2020-09-24,0.0,0.0,
2020-09-25,0.0,0.0,
2020-09-28,0.0,0.0,
2020-09-29,-0.0,0.0,
2020-09-30,-0.0,0.0,
2020-10-01,0.0,0.0,
2020-10-02,0.0,0.0,
2020-10-05,0.0,0.0,
2020-10-06,-0.0,0.0,
2020-10-07,-0.0,0.0,
2020-10-08,0.0,0.0,
2020-10-09,-0.0,0.0,
2020-10-12,0.0,0.0,
2020-10-13,-0.0,0.0,
2020-10-14,0.0,0.0,
2020-10-15,-0.0,0.0,
2020-10-16,-0.0,0.0,
2020-10-19,-0.0,0.0,
2020-10-20,-9.631180696955073e-05,0.189613869971303,
2020-10-21,-0.005253469835948236,0.2085160766036044,
2020-10-22,-0.0014879210900982844,0.26639478581062437,
2020-10-23,0.001768751182472347,0.264864930871931,
2020-10-26,0.005753561460668851,0.23115438043471873,
2020-10-27,0.00550874885659227,0.19400461127273844,
2020-10-28,-0.00167940663897797,0.0,
2020-10-29,0.0,0.0,
2020-10-30,0.0,0.0,
2020-11-02,-0.0,0.0,
2020-11-03,0.0,0.0,
2020-11-04,-0.0,0.0,
2020-11-05,0.0,0.0,
2020-11-06,0.0,0.0,
2020-11-09,-0.0,0.0,
2020-11-10,0.0,0.0,
2020-11-11,-0.0,0.0,
2020-11-12,-0.0,0.0,
2020-11-13,-0.0,0.0,
2020-11-16,-0.0,0.0,
2020-11-17,0.0,0.0,
2020-11-18,-0.0,0.0,
2020-11-19,0.0,0.0,
2020-11-20,0.0,0.0,
2020-11-23,-0.0,0.0,
2020-11-24,0.0,0.0,
2020-11-25,0.0,0.0,
2020-11-30,-0.0,0.0,
2020-12-01,-0.0,0.0,
2020-12-02,0.0,0.0,
2020-12-03,0.0,0.0,
2020-12-04,-0.0,0.0,
2020-12-07,0.0,0.0,
2020-12-08,0.0,0.0,
2020-12-09,0.0,0.0,
2020-12-10,0.0,0.0,
2020-12-11,-0.0,0.0,
2020-12-14,0.0,0.0,
2020-12-15,-0.0,0.0,
2020-12-16,0.0,0.0,
2020-12-17,0.0,0.0,
2020-12-18,-0.0,0.0,
2020-12-21,-0.0,0.0,
2020-12-22,0.0,0.0,
2020-12-23,0.0,0.0,
2020-12-24,-0.0,0.0,
2020-12-28,0.0,0.0,
2020-12-29,0.0,0.0,
2020-12-30,0.0,0.0,
2020-12-31,-0.0,0.0,
2021-01-04,-0.0,0.0,
2021-01-05,0.0,0.0,
2021-01-06,-0.0,0.0,
2021-01-07,0.0,0.0,
2021-01-08,0.0,0.0,
2021-01-11,-0.0,0.0,
2021-01-12,0.0,0.0,
2021-01-13,0.0,0.0,
2021-01-14,0.0,0.0,
2021-01-15,-0.0,0.0,
2021-01-19,0.0,0.0,
2021-01-20,-0.0,0.0,
2021-01-21,0.0,0.0,
2021-01-22,0.0,0.0,
2021-01-25,0.0,0.0,
2021-01-26,0.0,0.0,
2021-01-27,-0.0,0.0,
2021-01-28,0.0,0.0,
2021-01-29,-0.0,0.0,
2021-02-01,0.0,0.0,
2021-02-02,0.0,0.0,
2021-02-03,0.0,0.0,
2021-02-04,-0.0,0.0,
2021-02-05,-0.0,0.0,
2021-02-08,0.0,0.0,
2021-02-09,-0.0,0.0,
2021-02-10,-0.0,0.0,
2021-02-11,-7.124590822053991e-05,0.14026538180918796,
2021-02-12,0.004859656865532253,0.0,
2021-02-16,0.0,0.0,
2021-02-17,0.0,0.0,
2021-02-18,-0.0,0.0,
2021-02-19,0.0,0.0,
2021-02-22,-0.0,0.0,
2021-02-23,0.0,0.0,
2021-02-24,-0.0,0.0,
2021-02-25,-0.0,0.0,
2021-02-26,0.0,0.0,
2021-03-01,-0.0,0.0,
2021-03-02,0.0,0.0,
2021-03-03,-0.0,0.0,
2021-03-04,0.0,0.0,
2021-03-05,0.0,0.0,
2021-03-08,-0.0,0.0,
2021-03-09,0.0,0.0,
2021-03-10,0.0,0.0,
2021-03-11,0.0,0.0,
2021-03-12,0.0,0.0,
2021-03-15,-0.0,0.0,
2021-03-16,-0.0,0.0,
2021-03-17,-0.0,0.0,
2021-03-18,-0.0,0.0,
2021-03-19,-0.0,0.0,
2021-03-22,0.0,0.0,
2021-03-23,0.0,0.0,
2021-03-24,0.0,0.0,
2021-03-25,-0.0,0.0,
2021-03-26,-0.0,0.0,
2021-03-29,0.0,0.0,
2021-03-30,0.0,0.0,
2021-03-31,0.0,0.0,
2021-04-01,0.0,0.0,
2021-04-05,0.0,0.0,
2021-04-06,0.0,0.0,
2021-04-07,-0.0,0.0,
2021-04-08,0.0,0.0,
2021-04-09,0.0,0.0,
2021-04-12,-0.0,0.0,
2021-04-13,-0.0,0.0,
2021-04-14,-0.0,0.0,
2021-04-15,0.0,0.0,
2021-04-16,-0.0,0.0,
2021-04-19,-0.0,0.0,
2021-04-20,-0.0,0.0,
2021-04-21,-0.0,0.0,
2021-04-22,0.0,0.0,
2021-04-23,-0.0,0.0,
2021-04-26,-0.0,0.0,
2021-04-27,0.0,0.0,
2021-04-28,0.0,0.0,
2021-04-29,0.0,0.0,
2021-04-30,0.0,0.0,
2021-05-03,0.0,0.0,
2021-05-04,0.0,0.0,
2021-05-05,-0.0,0.0,
2021-05-06,0.0,0.0,
2021-05-07,0.0,0.0,
2021-05-10,0.0,0.0,
2021-05-11,0.0,0.0,
2021-05-12,0.0,0.0,
2021-05-13,-0.0,0.0,
2021-05-14,0.0,0.0,
2021-05-17,0.0,0.0,
2021-05-18,0.0,0.0,
2021-05-19,-0.0,0.0,
2021-05-20,-0.0,0.0,
2021-05-21,-0.0,0.0,
2021-05-24,-0.0,0.0,
2021-05-25,-0.0,0.0,
2021-05-26,0.0,0.0,
2021-05-27,-0.0,0.0,
2021-05-28,-0.0,0.0,
2021-06-01,0.0,0.0,
2021-06-02,-0.0,0.0,
2021-06-03,0.0,0.0,
2021-06-04,-0.0,0.0,
2021-06-07,0.0,0.0,
2021-06-08,0.0,0.0,
2021-06-09,-0.0,0.0,
2021-06-10,0.0,0.0,
2021-06-11,-0.0,0.0,
2021-06-14,-0.0,0.0,
2021-06-15,-0.0,0.0,
2021-06-16,-0.0,0.0,
2021-06-17,0.0,0.0,
2021-06-18,-0.00018341298626080193,0.3610943167009538,
2021-06-21,-0.012923235394343252,0.28812310064721947,
2021-06-22,0.026807052394118857,0.3610943167009538,
2021-06-23,0.027769765402019753,0.10718731691913042,
2021-06-24,-0.0018443610644132827,0.0,
2021-06-25,-0.0,0.0,
2021-06-28,-0.00011367632184738915,0.2238002586370474,
2021-06-29,0.012222006965333217,0.30866852723659555,
2021-06-30,-0.008600418978837683,0.08750681532923411,
2021-07-01,-0.004089618306055252,0.13023460150801752,
2021-07-02,0.011431997129194474,0.27340674828333605,
2021-07-06,-0.014225715313263878,0.0,
2021-07-07,-5.631410373570777e-05,0.11086839172967466,
2021-07-08,0.008770106338697889,0.11279940989661784,
2021-07-09,-0.003092589006081671,0.0,
2021-07-12,0.0,0.0,
2021-07-13,0.0,0.0,
2021-07-14,0.0,0.0,
2021-07-15,-0.0,0.0,
2021-07-16,-0.0,0.0,
2021-07-19,-0.0,0.0,
2021-07-20,0.0,0.0,
2021-07-21,0.0,0.0,
2021-07-22,0.0,0.0,
2021-07-23,0.0,0.0,
2021-07-26,0.0,0.0,
2021-07-27,0.0,0.0,
2021-07-28,-0.0,0.0,
2021-07-29,0.0,0.0,
2021-07-30,-0.0,0.0,
2021-08-02,-0.0,0.0,
2021-08-03,0.0,0.0,
2021-08-04,0.0,0.0,
2021-08-05,0.0,0.0,
2021-08-06,-0.0,0.0,
2021-08-09,0.0,0.0,
2021-08-10,-0.0,0.0,
2021-08-11,0.0,0.0,
2021-08-12,-0.0,0.0,
2021-08-13,-0.0,0.0,
2021-08-16,-0.0,0.0,
2021-08-17,-0.0,0.0,
2021-08-18,-0.0,0.0,
2021-08-19,0.0,0.0,
2021-08-20,-0.0,0.0,
2021-08-23,-3.7527215513697174e-05,0.07388170554259131,
2021-08-24,0.002617108592510156,0.0,
2021-08-25,0.0,0.0,
2021-08-26,-0.0,0.0,
2021-08-27,-0.0,0.0,
2021-08-30,0.0,0.0,
2021-08-31,0.0,0.0,
2021-09-01,-0.0,0.0,
2021-09-02,0.0,0.0,
2021-09-03,0.0,0.0,
2021-09-07,-0.0,0.0,
2021-09-08,-0.0,0.0,
2021-09-09,0.0,0.0,
2021-09-10,-0.0,0.0,
2021-09-13,-0.0,0.0,
2021-09-14,0.0,0.0,
2021-09-15,-0.0,0.0,
2021-09-16,-0.0,0.0,
2021-09-17,0.0,0.0,
2021-09-20,-0.0,0.0,
2021-09-21,-0.0,0.0,
2021-09-22,-0.0,0.0,
2021-09-23,-5.202003083870326e-05,0.10241443571369704,
2021-09-24,-0.0018110880256449048,0.0,
2021-09-27,-6.166469301393684e-05,0.12140236437118815,
2021-09-28,-0.004111221098154045,0.1792884340229368,
2021-09-29,0.011984138240758502,0.28532283672618086,
2021-09-30,0.012763641896807704,0.08341432928204975,
2021-10-01,0.0027295450616513285,0.0,
2021-10-04,0.0,0.0,
2021-10-05,-0.0,0.0,
2021-10-06,-0.0,0.0,
2021-10-07,0.0,0.0,
2021-10-08,-0.0,0.0,
2021-10-11,0.0,0.0,
2021-10-12,-0.0,0.0,
2021-10-13,0.0,0.0,
2021-10-14,0.0,0.0,
2021-10-15,0.0,0.0,
2021-10-18,-0.0,0.0,
2021-10-19,-0.0,0.0,
2021-10-20,0.0,0.0,
2021-10-21,-0.0,0.0,
2021-10-22,-0.0,0.0,
2021-10-25,0.0,0.0,
2021-10-26,-0.0,0.0,
2021-10-27,-0.0,0.0,
2021-10-28,0.0,0.0,
2021-10-29,-0.0,0.0,
2021-11-01,-0.0,0.0,
2021-11-02,0.0,0.0,
2021-11-03,-0.0,0.0,
2021-11-04,0.0,0.0,
2021-11-05,-0.0,0.0,
2021-11-08,-0.0,0.0,
2021-11-09,-3.099005951402034e-05,0.06101167966822754,
2021-11-10,-0.0005798655661096911,0.07873088011828715,
2021-11-11,0.00020837905160863449,0.12335009195112046,
2021-11-12,0.0005148568244756972,0.1267973192588504,
2021-11-15,0.0012854742181423367,0.13364468574275915,
2021-11-16,0.00504882906313307,0.13741244226795027,
2021-11-17,-0.003330634661041114,0.0,
2021-11-18,-4.5455028360538714e-05,0.0894895870848106,
2021-11-19,-0.00436377518079425,0.08966802044808918,
2021-11-22,0.004050839317326324,0.2972072303766592,
2021-11-23,0.024195882125309938,0.0878802167263702,
2021-11-24,-0.004545545833788064,0.0,
2021-11-29,-0.0,0.0,
2021-11-30,-0.00014712204863042292,0.28964653324114514,
2021-12-01,-0.00276284365809383,0.10970743093603959,
2021-12-02,0.008277278704687547,0.11797477796456525,
2021-12-03,-0.005245728226752893,0.0,
2021-12-06,0.0,0.0,
2021-12-07,0.0,0.0,
2021-12-08,0.0,0.0,
2021-12-09,-0.0,0.0,
2021-12-10,0.0,0.0,
2021-12-13,-0.0,0.0,
2021-12-14,-0.0,0.0,
2021-12-15,0.0,0.0,
2021-12-16,-0.0,0.0,
2021-12-17,0.0,0.0,
2021-12-20,0.0,0.0,
2021-12-21,0.0,0.0,
2021-12-22,-0.0,0.0,
2021-12-23,0.0,0.0,
2021-12-27,-0.0,0.0,
2021-12-28,-0.0,0.0,
2021-12-29,0.0,0.0,
2021-12-30,-0.0,0.0,
2021-12-31,-0.0,0.0,
2022-01-03,-1.0709667370368166e-06,0.1349418088666389,
2022-01-04,0.0007910523162832489,0.0,
2022-01-05,-0.0,0.0,
2022-01-06,-7.031918176520391e-05,0.1384408891002452,
2022-01-07,0.003731647878483663,0.0,
2022-01-10,0.0,0.0,
2022-01-11,0.0,0.0,
2022-01-12,0.0,0.0,
2022-01-13,-0.0,0.0,
2022-01-14,0.0,0.0,
2022-01-18,-0.0,0.0,
2022-01-19,-0.0,0.0,
2022-01-20,-0.0,0.0,
2022-01-21,-0.00018397018929713695,0.36219131017873835,
2022-01-24,-0.007555720893576513,0.0,
2022-01-25,-0.0,0.0,
2022-01-26,-7.497401010001518e-05,0.1476050823844049,
2022-01-27,0.021219534245506395,0.0,
2022-01-28,-0.0,0.0,
2022-01-31,-0.0,0.0,
2022-02-01,-6.680455551528906e-05,0.13152146867072534,
2022-02-02,0.00520709584416669,0.0,
2022-02-03,0.0,0.0,
2022-02-04,-0.0,0.0,
2022-02-07,0.0,0.0,
2022-02-08,0.0,0.0,
2022-02-09,0.0,0.0,
2022-02-10,-0.0,0.0,
2022-02-11,0.0,0.0,
2022-02-14,-0.0,0.0,
2022-02-15,-0.0,0.0,
2022-02-16,-0.0,0.0,
2022-02-17,-9.742194256798001e-05,0.19179944943071064,
2022-02-18,0.008016752325242585,0.041082242619394055,
2022-02-22,-0.001592870619441683,0.0,
2022-02-23,-2.122717083504343e-05,0.04179099258149176,
2022-02-24,0.0026741101063850158,0.0,
2022-02-25,-0.0,0.0,
2022-02-28,-0.0,0.0,
2022-03-01,0.0,0.0,
2022-03-02,-0.0,0.0,
2022-03-03,0.0,0.0,
2022-03-04,0.0,0.0,
2022-03-07,0.0,0.0,
2022-03-08,0.0,0.0,
2022-03-09,-0.0,0.0,
2022-03-10,-0.0,0.0,
2022-03-11,0.0,0.0,
2022-03-14,-0.0,0.0,
2022-03-15,-0.0,0.0,
2022-03-16,0.0,0.0,
2022-03-17,0.0,0.0,
2022-03-18,0.0,0.0,
2022-03-21,-0.0,0.0,
2022-03-22,0.0,0.0,
2022-03-23,0.0,0.0,
2022-03-24,-0.0,0.0,
2022-03-25,-0.0,0.0,
2022-03-28,-0.0,0.0,
2022-03-29,0.0,0.0,
2022-03-30,-0.0,0.0,
2022-03-31,0.0,0.0,
2022-04-01,-0.0,0.0,
2022-04-04,0.0,0.0,
2022-04-05,-0.0,0.0,
2022-04-06,0.0,0.0,
2022-04-07,-0.0,0.0,
2022-04-08,0.0,0.0,
2022-04-11,-0.0,0.0,
2022-04-12,0.0,0.0,
2022-04-13,0.0,0.0,
2022-04-14,-0.0,0.0,
2022-04-18,-0.0,0.0,
2022-04-19,-0.0,0.0,
2022-04-20,0.0,0.0,
2022-04-21,-0.0,0.0,
2022-04-22,0.0,0.0,
2022-04-25,0.0,0.0,
2022-04-26,0.0,0.0,
2022-04-27,0.0,0.0,
2022-04-28,0.0,0.0,
2022-04-29,-0.0,0.0,
2022-05-02,0.0,0.0,
2022-05-03,0.0,0.0,
2022-05-04,-0.0,0.0,
2022-05-05,-0.0,0.0,
2022-05-06,-0.0,0.0,
2022-05-09,0.0,0.0,
2022-05-10,0.0,0.0,
2022-05-11,0.0,0.0,
2022-05-12,0.0,0.0,
2022-05-13,0.0,0.0,
2022-05-16,-0.0,0.0,
2022-05-17,-0.0,0.0,
2022-05-18,-0.0,0.0,
2022-05-19,-0.0,0.0,
2022-05-20,0.0,0.0,
2022-05-23,0.0,0.0,
2022-05-24,-0.0,0.0,
2022-05-25,0.0,0.0,
2022-05-26,-0.0,0.0,
2022-05-27,0.0,0.0,
2022-05-31,0.0,0.0,
2022-06-01,0.0,0.0,
2022-06-02,0.0,0.0,
2022-06-03,0.0,0.0,
2022-06-06,-0.0,0.0,
2022-06-07,-0.0,0.0,
2022-06-08,-0.0,0.0,
2022-06-09,-0.0,0.0,
2022-06-10,-0.0,0.0,
2022-06-13,-0.0,0.0,
2022-06-14,0.0,0.0,
2022-06-15,0.0,0.0,
2022-06-16,-0.0,0.0,
2022-06-17,0.0,0.0,
2022-06-21,-0.0,0.0,
2022-06-22,0.0,0.0,
2022-06-23,-0.0,0.0,
2022-06-24,0.0,0.0,
2022-06-27,-0.0,0.0,
2022-06-28,-0.0,0.0,
2022-06-29,-0.0,0.0,
2022-06-30,-0.0,0.0,
2022-07-01,0.0,0.0,
2022-07-05,-0.0,0.0,
2022-07-06,-0.0,0.0,
2022-07-07,0.0,0.0,
2022-07-08,-0.0,0.0,
2022-07-11,0.0,0.0,
2022-07-12,0.0,0.0,
2022-07-13,-0.0,0.0,
2022-07-14,-0.0,0.0,
2022-07-15,-0.0,0.0,
2022-07-18,-0.0,0.0,
2022-07-19,-0.0,0.0,
2022-07-20,-0.0,0.0,
2022-07-21,-0.0,0.0,
2022-07-22,0.0,0.0,
2022-07-25,0.0,0.0,
2022-07-26,0.0,0.0,
2022-07-27,0.0,0.0,
2022-07-28,0.0,0.0,
2022-07-29,-0.0,0.0,
2022-08-01,0.0,0.0,
2022-08-02,-0.0,0.0,
2022-08-03,0.0,0.0,
2022-08-04,-0.0,0.0,
2022-08-05,0.0,0.0,
2022-08-08,-0.0,0.0,
2022-08-09,0.0,0.0,
2022-08-10,-0.0,0.0,
2022-08-11,-0.0,0.0,
2022-08-12,0.0,0.0,
2022-08-15,-0.0,0.0,
2022-08-16,0.0,0.0,
2022-08-17,0.0,0.0,
2022-08-18,-0.0,0.0,
2022-08-19,-0.0,0.0,
2022-08-22,-0.0,0.0,
2022-08-23,-0.0,0.0,
2022-08-24,0.0,0.0,
2022-08-25,0.0,0.0,
2022-08-26,0.0,0.0,
2022-08-29,-0.0,0.0,
2022-08-30,-0.0,0.0,
2022-08-31,-0.0,0.0,
2022-09-01,0.0,0.0,
2022-09-02,0.0,0.0,
2022-09-06,-0.0,0.0,
2022-09-07,0.0,0.0,
2022-09-08,-0.0,0.0,
2022-09-09,-0.0,0.0,
2022-09-12,0.0,0.0,
2022-09-13,0.0,0.0,
2022-09-14,-0.0,0.0,
2022-09-15,-0.0,0.0,
2022-09-16,-0.0,0.0,
2022-09-19,0.0,0.0,
2022-09-20,0.0,0.0,
2022-09-21,0.0,0.0,
2022-09-22,0.0,0.0,
2022-09-23,-0.0,0.0,
2022-09-26,-0.0,0.0,
2022-09-27,0.0,0.0,
2022-09-28,0.0,0.0,
2022-09-29,-0.0,0.0,
2022-09-30,0.0,0.0,
2022-10-03,0.0,0.0,
2022-10-04,0.0,0.0,
2022-10-05,0.0,0.0,
2022-10-06,0.0,0.0,
2022-10-07,0.0,0.0,
2022-10-11,-0.0,0.0,
2022-10-12,0.0,0.0,
2022-10-13,0.0,0.0,
2022-10-14,0.0,0.0,
2022-10-17,-0.0,0.0,
2022-10-18,0.0,0.0,
2022-10-19,-0.0,0.0,
2022-10-20,0.0,0.0,
2022-10-21,0.0,0.0,
2022-10-24,0.0,0.0,
2022-10-26,0.0,0.0,
2022-10-27,0.0,0.0,
2022-10-28,0.0,0.0,
2022-10-31,-0.0,0.0,
2022-11-01,-0.0,0.0,
2022-11-02,-0.0,0.0,
2022-11-03,0.0,0.0,
2022-11-04,-0.0,0.0,
2022-11-07,-0.0,0.0,
2022-11-08,0.0,0.0,
2022-11-09,-0.0,0.0,
2022-11-10,0.0,0.0,
2022-11-14,-0.0,0.0,
2022-11-15,0.0,0.0,
2022-11-16,-0.0,0.0,
2022-11-17,-0.0,0.0,
2022-11-18,0.0,0.0,
2022-11-21,-0.0,0.0,
2022-11-22,-0.0,0.0,
2022-11-23,-0.0,0.0,
2022-11-25,-0.0,0.0,
2022-11-28,-0.0,0.0,
2022-11-29,0.0,0.0,
2022-11-30,-0.0,0.0,
2022-12-01,0.0,0.0,
2022-12-02,-0.0,0.0,
2022-12-05,-0.0,0.0,
2022-12-06,-0.0,0.0,
2022-12-07,-0.0,0.0,
2022-12-08,-0.0,0.0,
2022-12-09,-0.0,0.0,
2022-12-12,0.0,0.0,
2022-12-14,0.0,0.0,
2022-12-15,-0.0,0.0,
2022-12-16,-3.5833812383469036e-05,0.07054781812995467,
2022-12-19,-0.0007092998460005291,0.09049648941307671,
2022-12-20,-0.00036974963752400933,0.12445569840871265,
2022-12-21,0.0020641886660587375,0.12536321696340966,
2022-12-22,0.000787549236687383,0.09539421892615217,
2022-12-23,0.007046699250109763,0.09691937944916966,
2022-12-27,0.005272732452765361,0.0,
2022-12-28,-0.0,0.0,
2022-12-29,0.0,0.0,
2022-12-30,0.0,0.0,
2023-01-03,-0.0,0.0,
2023-01-04,0.0,0.0,
2023-01-05,-2.88764524540082e-05,0.05685051576882864,
2023-01-06,-2.3816590987733506e-05,0.08293516625728352,
2023-01-09,-0.00026634511715435607,0.08501823907975234,
2023-01-10,0.0023760419972748744,0.0886449356628418,
2023-01-11,0.00626915897128812,0.0,
2023-01-12,-0.0,0.0,
2023-01-13,0.0,0.0,
2023-01-17,0.0,0.0,
2023-01-18,-0.0,0.0,
2023-01-19,0.0,0.0,
2023-01-20,0.0,0.0,
2023-01-23,0.0,0.0,
2023-01-24,-0.0,0.0,
2023-01-25,-0.0,0.0,
2023-01-26,0.0,0.0,
2023-01-27,-0.0,0.0,
2023-01-30,-0.0,0.0,
2023-01-31,0.0,0.0,
2023-02-01,-2.925812681536335e-05,0.057601937167746586,
2023-02-02,-0.0010430265131581048,0.08137885641929454,
2023-02-03,-0.004140203271220622,0.1168829282746522,
2023-02-06,0.002475973558662835,0.15475357948375196,
2023-02-07,0.004261687011135928,0.10894152817479984,
2023-02-08,-0.004474520996458142,0.10535630985889045,
2023-02-09,-0.004185757112832313,0.14208683648278075,
2023-02-10,0.0023056828847165633,0.0,
2023-02-13,0.0,0.0,
2023-02-14,0.0,0.0,
2023-02-15,-0.0,0.0,
2023-02-16,-0.0,0.0,
2023-02-17,-8.758070790723522e-05,0.17242451869236933,
2023-02-21,0.0036845885147426256,0.17295061582334495,
2023-02-22,-0.005786929396532437,0.14994402679206856,
2023-02-23,-0.00015283526836962208,0.14658410362475743,
2023-02-24,-0.0013098210316666748,0.16481392373696033,
2023-02-27,0.006182412128230039,0.16794683269207905,
2023-02-28,0.0020115199933668625,0.17212786478025932,
2023-03-01,0.009941955577423134,0.13807216819412876,
2023-03-02,0.0011271485712470598,0.13695846182443694,
2023-03-03,0.002711970840468498,0.104537875570351,
2023-03-06,-0.0035770484630219535,0.10482213641673879,
2023-03-08,-0.004248397370549178,0.16024405015587798,
2023-03-09,-0.01178414434882019,0.1564959911637804,
2023-03-10,0.010047011816003044,0.20274266909987515,
2023-03-13,0.003633811189219494,0.14382937869569284,
2023-03-14,0.008608653574222814,0.15051478241918956,
2023-03-15,-0.0012766451153984387,0.09694922346867371,
2023-03-16,0.0018057892676117031,0.09624658726311855,
2023-03-17,0.003379582969721035,0.09641331465883173,
2023-03-20,0.0009252873382655634,0.0657015487707815,
2023-03-21,0.00267158576171806,0.0776156571751147,
2023-03-22,-0.000602833758685532,0.06526864691490221,
2023-03-23,0.0009124696749006943,0.0670471888534467,
2023-03-24,0.0014746823977275553,0.06967501360303814,
2023-03-27,-0.0007520369793425757,0.058916693395847285,
2023-03-28,0.0001195156261586878,0.05875064185814571,
2023-03-29,-0.005001780858617055,0.06263831166072817,
2023-03-30,-0.0025705010236436237,0.07301946222191893,
2023-03-31,-0.0020704837412201613,0.15486928443860964,
2023-04-03,0.002365198429352523,0.24895046069135518,
2023-04-04,0.012129528444319184,0.2076831050863249,
2023-04-05,0.017786395365799127,0.10013249321696756,
2023-04-06,-0.004168995438385858,0.049361999114611345,
2023-04-10,0.0020372925401530967,0.06841439278864267,
2023-04-11,-0.0014147464381037665,0.05290200128425525,
2023-04-12,-0.0014815391199333471,0.0598663779846886,
2023-04-13,-0.001010274005619987,0.07291595629918599,
2023-04-14,-0.0013048427676746006,0.10153152490767602,
2023-04-17,-0.0005792382944364205,0.10133546403199228,
2023-04-18,-0.006604328630402513,0.15504871260525882,
2023-04-19,-0.007339503837699359,0.0,
2023-04-20,-0.0,0.0,
2023-04-21,-0.00010883156393113278,0.21426214148941763,
2023-04-24,0.002611541818928199,0.2177777486558906,
2023-04-25,-0.003047569958562737,0.22086832952314137,
2023-04-26,0.004695805608335133,0.21972685754976357,
2023-04-27,-0.0008404713127275139,0.2250816093887462,
2023-04-28,-0.006836624778541518,0.2565125092572276,
2023-05-01,0.007402102768155864,0.23532239747132744,
2023-05-02,-0.004213478716167615,0.24852290923252243,
2023-05-03,-0.01099159709102645,0.24793862514494325,
2023-05-04,0.005270974156453134,0.23774839241396278,
2023-05-05,0.0005763212830621816,0.2842240487862549,
2023-05-08,0.005286478664788648,0.30867163432571876,
2023-05-09,0.005143560557336515,0.3445191638990243,
2023-05-10,0.014616777556458202,0.34915788339529363,
2023-05-11,0.004553698360144957,0.28545783701753835,
2023-05-12,-0.009678350927476232,0.2893871055615407,
2023-05-15,0.008350521153319869,0.3396955371225472,
2023-05-16,-0.0023605536893911007,0.26991485205891375,
2023-05-17,0.012448372959218253,0.31132138785075386,
2023-05-18,0.0076772692202377,0.23030358266248646,
2023-05-19,-0.003934307803953734,0.15545222202516573,
2023-05-22,0.009860130120561496,0.15076566838270677,
2023-05-23,-0.0019225344930553386,0.09624188856083656,
2023-05-24,0.00032722799946271894,0.09685360374926556,
2023-05-25,0.0012977439940963953,0.10083080493628359,
2023-05-26,0.0014642377175701489,0.08477033640601563,
2023-05-30,-0.003803518741698387,0.08792152584551403,
2023-05-31,-0.00246008761617556,0.09935535735164547,
2023-06-01,0.007418787840595653,0.08351319844712315,
2023-06-02,0.002229314217054937,0.0,
2023-06-05,-0.0,0.0,
2023-06-06,0.0,0.0,
2023-06-07,0.0,0.0,
2023-06-08,-0.0,0.0,
2023-06-09,0.0,0.0,
2023-06-12,-0.0,0.0,
2023-06-13,0.0,0.0,
2023-06-14,-0.0,0.0,
2023-06-15,0.0,0.0,
2023-06-16,0.0,0.0,
2023-06-20,-0.0,0.0,
2023-06-21,-0.0,0.0,
2023-06-22,-2.094702175970493e-05,0.04123944908941908,
2023-06-23,-0.0010865314826752775,0.04158254323357026,
2023-06-26,0.0009881353064532083,0.05186835582579741,
2023-06-27,0.000996656420775022,0.03912641448036939,
2023-06-28,-0.0006205314128995726,0.0,
2023-06-29,-2.0437064955945795e-05,0.04023547163201828,
2023-06-30,0.0006438114053554053,0.0,
2023-07-03,-0.0,0.0,
2023-07-05,-2.8997525454152856e-05,0.05708887823786343,
2023-07-06,-0.0006300039023657732,0.0,
2023-07-07,0.0,0.0,
2023-07-10,0.0,0.0,
2023-07-11,0.0,0.0,
2023-07-12,0.0,0.0,
2023-07-13,-0.0,0.0,
2023-07-14,-0.0,0.0,
2023-07-17,0.0,0.0,
2023-07-18,0.0,0.0,
2023-07-19,0.0,0.0,
2023-07-20,0.0,0.0,
2023-07-21,0.0,0.0,
2023-07-24,0.0,0.0,
2023-07-25,-0.0,0.0,
2023-07-26,0.0,0.0,
2023-07-27,-0.0,0.0,
2023-07-28,0.0,0.0,
2023-07-31,0.0,0.0,
2023-08-01,0.0,0.0,
2023-08-02,-0.0,0.0,
2023-08-03,-0.0,0.0,
2023-08-04,-0.0,0.0,
2023-08-07,0.0,0.0,
2023-08-08,0.0,0.0,
2023-08-09,0.0,0.0,
2023-08-10,-0.0,0.0,
2023-08-11,0.0,0.0,
2023-08-14,-0.0,0.0,
2023-08-15,-0.0,0.0,
2023-08-16,0.0,0.0,
2023-08-17,-0.0,0.0,
2023-08-18,0.0,0.0,
2023-08-21,-0.0,0.0,
2023-08-22,0.0,0.0,
2023-08-23,0.0,0.0,
2023-08-24,-0.0,0.0,
2023-08-25,0.0,0.0,
2023-08-28,-0.0,0.0,
2023-08-29,0.0,0.0,
2023-08-30,-0.0,0.0,
2023-08-31,-0.0,0.0,
2023-09-01,-0.0,0.0,
2023-09-05,-4.8619861310112394e-05,0.09572035195428377,
2023-09-06,-0.002877201544087188,0.0,
2023-09-07,0.0,0.0,
2023-09-08,0.0,0.0,
2023-09-11,0.0,0.0,
2023-09-12,-0.0,0.0,
2023-09-13,0.0,0.0,
2023-09-14,-0.0,0.0,
2023-09-15,-0.0,0.0,
2023-09-18,-0.0,0.0,
2023-09-19,0.0,0.0,
2023-09-20,-0.0,0.0,
2023-09-21,0.0,0.0,
2023-09-22,-1.5183377930603442e-05,0.029892275300875525,
2023-09-25,-0.002067260676031349,0.04765082780040506,
2023-09-26,-2.8817412908042827e-06,0.11862778993345788,
2023-09-27,0.002826756599479876,0.1310400886978454,
2023-09-28,0.0015724000476606344,0.1296169359219449,
2023-09-29,-0.0034173855572406913,0.11057341987979684,
2023-10-02,-0.0019515477814334564,0.11505364881442219,
2023-10-03,-0.006825682688901353,0.16685534830786006,
2023-10-04,-0.009494831244741497,0.0,
2023-10-05,-0.0,0.0,
2023-10-06,-0.0,0.0,
2023-10-10,0.0,0.0,
2023-10-11,0.0,0.0,
2023-10-12,0.0,0.0,
2023-10-13,-0.00010178920970403499,0.2003975066048189,
2023-10-16,0.006346964795417498,0.20274226357987746,
2023-10-17,0.0008804267478579226,0.23162550422396816,
2023-10-18,-0.014401778850770448,0.25580033715879463,
2023-10-19,-0.0019950334117402485,0.2107943941412465,
2023-10-20,-0.0018616333662958607,0.22814409655546503,
2023-10-23,0.011887013794105497,0.22873183979440825,
2023-10-24,-0.015818112517106846,0.24600697701998764,
2023-10-25,-0.02579852663927383,0.0,
2023-10-26,0.0,0.0,
2023-10-27,-9.576372050826451e-05,0.18853482475064576,
2023-10-30,0.02830116543003666,0.18846301180494715,
2023-10-31,-0.00459069518151881,0.17998138412818804,
2023-11-01,-0.004972658448673363,0.14920725871723922,
2023-11-02,-0.051527385018637434,0.0,
2023-11-03,-0.0,0.0,
2023-11-06,0.0,0.0,
2023-11-07,-5.0764706622744635e-05,0.09994301616352849,
2023-11-08,0.0004848487415797642,0.12402066443128808,
2023-11-09,-0.005435484968021574,0.12623692094819697,
2023-11-13,0.008650581757456335,0.12322167530576246,
2023-11-14,-0.0021229266771292483,0.0988259575397298,
2023-11-15,0.0009833759370949688,0.10011048963737744,
2023-11-16,0.005267231783652976,0.09984123302944677,
2023-11-17,0.0001893719081785183,0.07335226378622581,
2023-11-20,0.0017230861764167276,0.07366971511159426,
2023-11-21,0.002279469447389078,0.04995844180356524,
2023-11-22,0.0011204797276692345,0.05083535666785464,
2023-11-24,0.0004366860486670876,0.03719518393563882,
2023-11-27,6.544580017885373e-06,0.03992237474472645,
2023-11-28,-0.0017270724863243062,0.042384651154851814,
2023-11-29,0.0005497004379116867,0.06067357977677007,
2023-11-30,-0.002442474886545372,0.06795363640613106,
2023-12-01,-0.005954598160281592,0.0,
2023-12-04,0.0,0.0,
2023-12-05,-0.0,0.0,
2023-12-06,-0.0,0.0,
2023-12-07,-0.0,0.0,
2023-12-08,-4.126767815826031e-05,0.08124574137407499,
2023-12-11,-0.0007728368828497761,0.08097450099162812,
2023-12-12,-0.0036791423732286644,0.08494823023117311,
2023-12-13,0.0028152011193619446,0.12369393622311443,
2023-12-14,0.003578443317711459,0.0850191498143592,
2023-12-15,0.0025420899982520305,0.08245163501610492,
2023-12-18,-0.0035695824885064505,0.07266091751521388,
2023-12-19,0.0013740579521930466,0.07964028099243266,
2023-12-20,-0.00507854502226094,0.06851392913792738,
2023-12-21,-0.00045033536638946765,0.10753648329756303,
2023-12-22,-0.006463618884402284,0.1097253013345005,
2023-12-26,-0.006696219086612751,0.0,
2023-12-27,0.0,0.0,
2023-12-28,-7.008227384393095e-05,0.13797447663023907,
2023-12-29,-0.002016802607346753,0.13936438989357866,
2024-01-02,-1.6137883460315043e-06,0.20333733159996956,
2024-01-03,-0.010175686685483002,0.0615626704045624,
2024-01-04,7.833231745008877e-05,0.10371777825305675,
2024-01-05,-0.005503079183930018,0.0,
2024-01-08,0.0,0.0,
2024-01-09,0.0,0.0,
2024-01-10,-0.0,0.0,
2024-01-11,0.0,0.0,
2024-01-12,-0.0,0.0,
2024-01-16,-0.0,0.0,
2024-01-17,0.0,0.0,
2024-01-18,0.0,0.0,
2024-01-19,-3.716447563918836e-05,0.07316756141465208,
2024-01-22,0.001358740200209594,0.07477201454947502,
2024-01-23,-0.0007600801080946859,0.08047866879765384,
2024-01-24,0.00020756688618278358,0.0801735496262854,
2024-01-25,0.0006284145901202977,0.08827033286516552,
2024-01-26,0.0040964871696313075,0.08588611749194694,
2024-01-29,-0.001778813081741067,0.07970138641410335,
2024-01-30,-0.002995641495583383,0.0775954766618928,
2024-01-31,-0.0018195130212451608,0.09197127426119583,
2024-02-01,0.001551834038872701,0.24806555037250086,
2024-02-02,-0.008377367860845747,0.17300642178682882,
2024-02-05,0.014813367665739062,0.35170936810311043,
2024-02-07,0.029045274398316303,0.09132508527787908,
2024-02-08,-0.00024497075623291923,0.0,
2024-02-09,-0.0,0.0,
2024-02-12,0.0,0.0,
2024-02-13,-0.0,0.0,
2024-02-14,-0.0,0.0,
2024-02-15,-5.132437378545945e-05,0.1010448608901233,
2024-02-16,-0.002130751627560981,0.21140887682588097,
2024-02-20,-0.009597638289070771,0.29391165156412324,
2024-02-21,0.01095623640509699,0.3158293555497228,
2024-02-22,-0.00415637293762693,0.32396948711581847,
2024-02-23,-5.117790874135112e-05,0.3221537501213721,
2024-02-26,0.00975580863805531,0.3233105928814276,
2024-02-27,-0.007528780324280426,0.2566378661726523,
2024-02-28,-0.01652763855371104,0.3224302372847462,
2024-02-29,0.02161308359205568,0.2854326533102157,
2024-03-01,-0.0004766309790562831,0.23811702265849213,
2024-03-04,-0.0017824413041500578,0.24525522393946755,
2024-03-05,-0.005611755383088409,0.3027229963850124,
2024-03-06,-0.010325832941769014,0.3045797415438303,
2024-03-07,0.010629261667917705,0.3133480977743807,
2024-03-08,-0.009732005438728422,0.3582224784895471,
2024-03-11,0.03557352287126216,0.3391380068056984,
2024-03-12,0.0015163046926028863,0.11263136943320082,
2024-03-13,0.0030505806483005844,0.11531566926571478,
2024-03-14,-0.0012716629942093871,0.07948272210851146,
2024-03-15,0.0029006669301954438,0.1294409451998906,
2024-03-18,-0.004384913093973927,0.08016230538621362,
2024-03-19,-0.001890502711406429,0.1315795151588759,
2024-03-20,0.00611738351251097,0.21061882351615566,
2024-03-21,-0.0001598929596672586,0.09199974365916339,
2024-03-22,0.004231168902321625,0.09403713675952438,
2024-03-25,-0.006468337794847575,0.07112938702695329,
2024-03-26,-0.00768281255615476,0.0,
2024-03-27,-0.0,0.0,
2024-03-28,-0.00015135199798725575,0.29797424603740974,
2024-04-01,0.031869986469749374,0.0,
2024-04-02,0.0,0.0,
2024-04-03,0.0,0.0,
2024-04-04,0.0,0.0,
2024-04-05,-3.3144564006688365e-05,0.06525336038816772,
2024-04-08,0.00043657231798496657,0.16027581020909523,
2024-04-09,0.004991436420564371,0.1650953970193056,
2024-04-10,-0.002114509736834065,0.07958346068561316,
2024-04-11,0.0017527199181767833,0.11602913920677249,
2024-04-12,-0.0006093126796999465,0.07901546253933202,
2024-04-15,0.0006839110122540608,0.07960016446236585,
2024-04-17,-0.0015612131725405163,0.07306943958313998,
2024-04-18,-0.004127653348075428,0.08414928427101513,
2024-04-19,0.0005265257410018304,0.25525186983226494,
2024-04-22,0.012628145997854156,0.2696337310514111,
2024-04-23,0.007607559035851964,0.07823962579649206,
2024-04-24,-0.00041726772038487954,0.0649586392025595,
2024-04-25,0.0003793464279014735,0.07744254932553295,
2024-04-26,-0.002023351476459292,0.08425728038897327,
2024-04-29,0.002471779996040879,0.09860379606897282,
2024-04-30,-0.0031335886835253345,0.0813429285097441,
2024-05-01,-0.004397799324905805,0.3653829670945588,
2024-05-02,0.01030939397631845,0.3653829670945588,
2024-05-03,-0.004704898566866293,0.3653829670945588,
2024-05-06,-0.011160188872364252,0.3653829670945588,
2024-05-07,-0.010736553371112829,0.3653829670945588,
2024-05-08,-0.007132425901757006,0.3653829670945588,
2024-05-09,0.013526579222505435,0.3653829670945588,
2024-05-10,-0.017050522524469473,0.3653829670945588,
2024-05-13,-0.006768210054235452,0.0,
2024-05-14,-0.0,0.0,
2024-05-15,-0.0001855913483654902,0.3653829670945588,
2024-05-16,0.008733842477201343,0.3439913640391908,
2024-05-17,0.008697734640927806,0.3496642020511161,
2024-05-20,-0.011381696013754454,0.3653829670945588,
2024-05-21,-0.002115232345186363,0.3499867148474595,
2024-05-22,-0.0037835924779168785,0.3653829670945588,
2024-05-23,0.03176516587740323,0.36223860677057296,
2024-05-24,-0.016385407882912845,0.29126669216723045,
2024-05-28,-0.010342942485168191,0.3420637750537252,
2024-05-29,-0.02128897459198991,0.32456192080482926,
2024-05-30,-0.01708350118161333,0.0,
2024-05-31,0.0,0.0,
2024-06-03,-0.0,0.0,
2024-06-04,0.0,0.0,
2024-06-05,-0.0,0.0,
2024-06-06,0.0,0.0,
2024-06-07,-0.0,0.0,
2024-06-10,-0.0,0.0,
2024-06-11,-0.0,0.0,
2024-06-12,-0.0,0.0,
2024-06-13,0.0,0.0,
2024-06-14,-0.00017069519432874567,0.33605616383471804,
2024-06-17,-0.006490514153995515,0.34371935841541834,
2024-06-18,0.0027597979252418315,0.34529829925125916,
2024-06-20,-0.0033430704302675604,0.36028072747584017,
2024-06-21,0.023255669295677905,0.3587750646580002,
2024-06-24,-0.006845625535770472,0.19590273642578993,
2024-06-25,0.0043212664830848575,0.3098399176228581,
2024-06-26,0.010988715178791665,0.22933905415202632,
2024-06-27,-0.002424606172020333,0.15030679580936712,
2024-06-28,-0.0050451785147902035,0.1657967731514567,
2024-07-01,0.004734318453387251,0.1173834711138481,
2024-07-02,0.005112232457783158,0.11288038794734742,
2024-07-03,-0.0039385381128422565,0.08193610496294275,
2024-07-05,0.0011181618355325293,0.11190404724761854,
2024-07-08,-0.0039842049347333635,0.10184565931183694,
2024-07-09,-0.0012740829454315687,0.1216327842230506,
2024-07-10,-0.005841871322131663,0.12472877312923526,
2024-07-11,-0.0005949601396675237,0.26412006428829804,
2024-07-12,-0.004577156476743234,0.26780681678912005,
2024-07-15,-0.003282140001271933,0.3653829670945588,
2024-07-16,0.0031031723669814036,0.3653829670945588,
2024-07-17,-0.01971502709273808,0.0,
2024-07-18,0.0,0.0,
2024-07-19,0.0,0.0,
2024-07-22,0.0,0.0,
2024-07-23,0.0,0.0,
2024-07-24,0.0,0.0,
2024-07-25,0.0,0.0,
2024-07-26,-5.240603025807423e-05,0.10317437207058364,
2024-07-29,-0.0018286728029101881,0.10442952336978141,
2024-07-30,0.0001599589997280904,0.11714030434118496,
2024-07-31,0.0015397954372635037,0.12400055826974102,
2024-08-01,-0.0027496570348680195,0.15022762615435387,
2024-08-02,-0.004799940676242607,0.22853399127521026,
2024-08-05,0.01832541501155239,0.3371018726580998,
2024-08-06,-0.021919698042224857,0.11956965362038463,
2024-08-07,-0.00037545820453471323,0.18020911223229782,
2024-08-08,0.0003779373207120748,0.197249160097588,
2024-08-09,-0.008349731509964,0.0,
2024-08-12,-0.0,0.0,
2024-08-13,-0.0,0.0,
2024-08-14,-0.0,0.0,
2024-08-15,-0.0,0.0,
2024-08-16,-0.0001855913483654902,0.3653829670945588,
2024-08-19,6.313867158351657e-05,0.3653829670945588,
2024-08-20,0.0037780561609225913,0.3653829670945588,
2024-08-21,0.008484664600133742,0.3653829670945588,
2024-08-22,0.009050813545010446,0.3653829670945588,
2024-08-23,-0.0030864720027036813,0.3653829670945588,
2024-08-26,-0.03685736006852202,0.3653829670945588,
2024-08-27,-0.0005550594335192939,0.3653829670945588,
2024-08-28,-0.01047587686545969,0.3653829670945588,
2024-08-29,0.007996572229668953,0.3653829670945588,
2024-08-30,0.0075176998871947735,0.3653829670945588,
2024-09-03,-0.0741927219567179,0.0,
2024-09-04,0.0,0.0,
2024-09-05,-0.00016834564971086812,0.33143049786827156,
2024-09-06,0.0004429443377553646,0.32419047551630564,
2024-09-09,0.0027763351885614226,0.3245662480475061,
2024-09-10,0.011326911140838336,0.3414695820743655,
2024-09-11,-0.013585870780921895,0.3653829670945588,
2024-09-12,-0.0025514743258034725,0.3644661250847609,
2024-09-13,-0.0009031748742977326,0.0,
2024-09-16,-0.0,0.0,
2024-09-17,0.0,0.0,
2024-09-18,-0.0,0.0,
2024-09-19,0.0,0.0,
2024-09-20,-0.00018065785411622482,0.3556701502913176,
2024-09-23,-0.004261216114988384,0.36153173044718356,
2024-09-24,0.004711700451341769,0.36095078104879674,
2024-09-25,0.020313820327455795,0.3653829670945588,
2024-09-26,0.0038617472315990646,0.3201755088158053,
2024-09-27,-0.003070473725668466,0.23350722851884045,
2024-09-30,0.004026579005102464,0.2383921684576637,
2024-10-01,4.252179827715436e-05,0.15655705613703363,
2024-10-02,0.0034864438483600568,0.22315880597716267,
2024-10-03,0.007565903565191205,0.19958764990730232,
2024-10-04,-0.005985572692503232,0.17206771007195723,
2024-10-07,-0.0004434679829944619,0.18265913375057763,
2024-10-08,0.0035219395744636732,0.1853971250934842,
2024-10-09,-0.00249164223883447,0.17073183235907488,
2024-10-10,0.0034614438280659446,0.2069737713979431,
2024-10-11,0.00802016167292874,0.1771144485177608,
2024-10-14,-1.4994104769252124e-05,0.14949924283376068,
2024-10-15,-0.0025332797987126223,0.15873227100774104,
2024-10-16,-0.0003880468169577508,0.15566730351245142,
2024-10-17,0.001217482962218347,0.16777724386998621,
2024-10-18,-0.0022216211821049457,0.19904590534460473,
2024-10-21,-0.00790466409584206,0.20031631971773362,
2024-10-22,0.00600617388640084,0.22604534503137233,
2024-10-23,0.009267447819124584,0.1897743708219193,
2024-10-24,0.003984154408916433,0.14335458910478865,
2024-10-25,0.0004728709301536182,0.0,
2024-10-28,0.0,0.0,
2024-10-29,-0.0,0.0,
2024-10-30,-7.886763392840706e-05,0.1552706542965514,
2024-10-31,-0.003764080210807799,0.0,
2024-11-01,-0.0,0.0,
2024-11-04,0.0,0.0,
2024-11-05,0.0,0.0,
2024-11-06,-0.0,0.0,
2024-11-07,-0.0,0.0,
2024-11-08,0.0,0.0,
2024-11-11,0.0,0.0,
2024-11-12,0.0,0.0,
2024-11-13,-0.0,0.0,
2024-11-14,0.0,0.0,
2024-11-15,0.0,0.0,
2024-11-18,0.0,0.0,
2024-11-19,0.0,0.0,
2024-11-20,0.0,0.0,
2024-11-21,-0.0,0.0,
2024-11-22,-0.0,0.0,
2024-11-25,0.0,0.0,
2024-11-26,-0.0,0.0,
2024-11-27,-0.0,0.0,
2024-11-29,-0.0,0.0,
2024-12-02,0.0,0.0,
2024-12-03,-0.0,0.0,
2024-12-04,0.0,0.0,
2024-12-05,0.0,0.0,
2024-12-06,-0.0,0.0,
2024-12-09,0.0,0.0,
2024-12-10,-0.0,0.0,
2024-12-11,-0.0,0.0,
2024-12-12,0.0,0.0,
2024-12-13,-0.0,0.0,
2024-12-16,-0.0,0.0,
2024-12-17,-0.0,0.0,
2024-12-18,-0.0,0.0,
2024-12-19,-4.542018570343332e-05,0.08942099060363436,
2024-12-20,0.006257419964752686,0.09417840197033482,
2024-12-23,0.0019394761716711706,0.0,
2024-12-24,-0.0,0.0,
2024-12-26,-0.0,0.0,
2024-12-27,-4.388906179546823e-05,0.08640659040982808,
2024-12-30,0.006129962883459153,0.09073226026347171,
2024-12-31,0.0016117605433638698,0.0,
2025-01-02,0.0,0.0,
2025-01-03,-0.0,0.0,
2025-01-06,-0.0,0.0,
2025-01-07,-0.0,0.0,
2025-01-08,0.0,0.0,
2025-01-10,0.0,0.0,
2025-01-13,-0.0,0.0,
2025-01-14,0.0,0.0,
2025-01-15,0.0,0.0,
2025-01-16,-0.0,0.0,
2025-01-17,0.0,0.0,
2025-01-21,0.0,0.0,
2025-01-22,-0.0,0.0,
2025-01-23,0.0,0.0,
2025-01-24,0.0,0.0,
2025-01-27,0.0,0.0,
2025-01-28,-0.0,0.0,
2025-01-29,0.0,0.0,
2025-01-30,0.0,0.0,
2025-01-31,-0.0,0.0,
2025-02-03,0.0,0.0,
2025-02-04,0.0,0.0,
2025-02-05,-0.0,0.0,
2025-02-06,0.0,0.0,
2025-02-07,0.0,0.0,
2025-02-10,-0.0,0.0,
2025-02-11,0.0,0.0,
2025-02-12,-0.0,0.0,
2025-02-13,0.0,0.0,
2025-02-14,-0.0,0.0,
2025-02-18,-0.0,0.0,
2025-02-19,-0.0,0.0,
2025-02-20,-0.0,0.0,
2025-02-21,-0.0,0.0,
2025-02-24,-0.0,0.0,
2025-02-25,-0.0,0.0,
2025-02-26,-0.00012432444471803782,0.244763750538637,
2025-02-27,0.0008907166539782974,0.2095001461367349,
2025-02-28,-0.004634725802398311,0.0,
2025-03-03,0.0,0.0,
2025-03-04,0.0,0.0,
2025-03-05,0.0,0.0,
2025-03-06,-0.0,0.0,
2025-03-07,-0.00011585053718334845,0.22808074507971723,
2025-03-10,-0.0021233115186167265,0.2496556881877113,
2025-03-11,0.009714981293447967,0.25986634889870847,
2025-03-12,-0.008435333058324878,0.22466340767339568,
2025-03-13,-0.005556759398308934,0.2762752309410096,
2025-03-14,0.0031699730078943965,0.2735317955286581,
2025-03-17,0.013818586548472995,0.3283033807542285,
2025-03-18,-0.0019161287489161537,0.31425946815648054,
2025-03-19,0.01115689132482921,0.33851817843983156,
2025-03-20,-0.004142771302773358,0.14662931123971523,
2025-03-21,-2.8535573693599723e-05,0.23132540358833004,
2025-03-24,-0.004907770712296126,0.2372747673537754,
2025-03-25,0.006588840776592487,0.23380313053259577,
2025-03-26,0.0014439980373477676,0.19074752117033644,
2025-03-27,-0.00242971847291268,0.20666356732398647,
2025-03-28,-0.0009315069622819341,0.20365811018048635,
2025-03-31,0.000881800612483951,0.2117116652691688,
2025-04-01,0.006603516300435133,0.3804908506800801,
2025-04-02,0.002130295413567307,0.3804908506800801,
2025-04-03,-0.033479880951045676,0.3804908506800801,
2025-04-04,0.02974666582982669,0.3804908506800801,
2025-04-07,-0.0022822940415393777,0.3804908506800801,
2025-04-08,-0.028951614386849546,0.3804908506800801,
2025-04-09,0.015353909192270051,0.3804908506800801,
2025-04-10,-0.017239433639646303,0.3804908506800801,
2025-04-11,-0.0007585378811401179,0.3804908506800801,
2025-04-14,0.014266927411661055,0.3804908506800801,
2025-04-15,0.009699017786175448,0.3804908506800801,
2025-04-16,-0.005126058286721529,0.3804908506800801,
2025-04-17,-0.011255557649427173,0.3804908506800801,
2025-04-21,0.011870883124011876,0.3804908506800801,
2025-04-22,0.021206346642714924,0.3804908506800801,
2025-04-23,0.025767622066675825,0.18060413027261496,
2025-04-24,-0.005819992352269705,0.09954297108313592,
2025-04-25,0.003500137024950485,0.10566421933957293,
2025-04-28,0.0006203592962220095,0.08599457072836213,
2025-04-29,-0.0032470775803312684,0.08578076235788201,
2025-04-30,0.001619119487531445,0.09722308933843732,
2025-05-01,-0.006612644025361964,0.15216082938459471,
2025-05-02,0.0019069290988599139,0.3804908506800801,
2025-05-05,0.026245653823019847,0.3478203897516079,
2025-05-06,0.009422086824060826,0.15536943586535742,
2025-05-07,-0.006727070149694198,0.09776960472962268,
2025-05-08,0.006986290925185832,0.15716489423626154,
2025-05-09,-0.003931413473979707,0.08803928145662059,
2025-05-12,1.9489991826614096e-06,0.09970979340429412,
2025-05-13,-0.0013420376468981066,0.0905662594706436,
2025-05-14,0.00017492576584989995,0.1032398917942673,
2025-05-15,0.002168030280779638,0.10678215658829716,
2025-05-16,-0.0029595980435550484,0.09537668020034552,
2025-05-19,0.0012448561816849858,0.10510536764658636,
2025-05-20,0.003057435011153108,0.10768587871743306,
2025-05-21,0.00983851282165171,0.0938169980986618,
2025-05-22,-0.0026296319278880597,0.0,
2025-05-23,-0.0,0.0,
2025-05-27,-4.51845863447067e-05,0.08895715436614132,
2025-05-28,-0.004544051293233792,0.08866264961449553,
2025-05-29,-0.0008817038910013718,0.14669922340149255,
2025-05-30,-0.006209896598539488,0.14833512218489295,
2025-06-02,-0.0031548053955538376,0.09904911413223151,
2025-06-03,0.001149000413453614,0.15036994244214574,
2025-06-04,-0.007841295221192793,0.0,
2025-06-05,-0.0,0.0,
2025-06-06,-0.0,0.0,
2025-06-09,0.0,0.0,
2025-06-10,0.0,0.0,
2025-06-11,-0.0,0.0,
2025-06-12,0.0,0.0,
2025-06-13,-0.0,0.0,
2025-06-16,0.0,0.0,
2025-06-17,0.0,0.0,
2025-06-18,0.0,0.0,
2025-06-20,0.0,0.0,
2025-06-23,-0.0,0.0,
2025-06-24,0.0,0.0,
2025-06-25,-0.0,0.0,
2025-06-26,0.0,0.0,
2025-06-27,-0.0,0.0,
2025-06-30,0.0,0.0,
2025-07-01,-0.0,0.0,
2025-07-02,-0.0,0.0,
2025-07-03,-0.0,0.0,
2025-07-07,0.0,0.0,
2025-07-08,0.0,0.0,
2025-07-09,-0.0,0.0,
2025-07-10,0.0,0.0,
2025-07-11,0.0,0.0,
2025-07-14,-0.0,0.0,
2025-07-15,0.0,0.0,
2025-07-16,-0.0,0.0,
2025-07-17,0.0,0.0,
2025-07-18,-0.0,0.0,
2025-07-21,-0.0,0.0,
2025-07-22,-0.0,0.0,
2025-07-23,0.0,0.0,
2025-07-24,-0.0,0.0,
2025-07-25,0.0,0.0,
2025-07-28,0.0,0.0,
2025-07-29,0.0,0.0,
2025-07-30,0.0,0.0,
2025-07-31,-0.0,0.0,
2025-08-01,-0.0,0.0,
2025-08-04,0.0,0.0,
2025-08-05,0.0,0.0,
2025-08-06,0.0,0.0,
2025-08-07,0.0,0.0,
2025-08-08,0.0,0.0,
2025-08-11,0.0,0.0,
2025-08-12,-0.0,0.0,
2025-08-13,0.0,0.0,
2025-08-14,-0.0,0.0,
2025-08-15,0.0,0.0,
2025-08-18,0.0,0.0,
2025-08-19,0.0,0.0,
2025-08-20,0.0,0.0,
2025-08-21,0.0,0.0,
2025-08-22,0.0,0.0,
2025-08-25,-0.0,0.0,
2025-08-26,0.0,0.0,
2025-08-27,-0.0,0.0,
2025-08-28,0.0,0.0,
2025-08-29,0.0,0.0,
2025-09-02,-0.0,0.0,
2025-09-03,0.0,0.0,
2025-09-04,0.0,0.0,
2025-09-05,0.0,0.0,
2025-09-08,-0.0,0.0,
2025-09-09,0.0,0.0,
2025-09-10,-0.0,0.0,
2025-09-11,-0.0,0.0,
2025-09-12,0.0,0.0,
2025-09-15,0.0,0.0,
2025-09-16,0.0,0.0,
2025-09-17,-0.0,0.0,
2025-09-18,0.0,0.0,
2025-09-19,-0.0,0.0,
2025-09-22,0.0,0.0,
2025-09-23,0.0,0.0,
2025-09-24,-0.0,0.0,
2025-09-25,0.0,0.0,
2025-09-26,-0.0,0.0,
2025-09-29,-0.0,0.0,
2025-09-30,0.0,0.0,
2025-10-01,-0.0,0.0,
2025-10-02,-6.046711619160047e-05,0.11904463500221343,
2025-10-03,-0.0015909012371968915,0.0,
2025-10-06,0.0,0.0,
2025-10-07,0.0,0.0,
2025-10-08,-0.0,0.0,
2025-10-09,0.0,0.0,
2025-10-10,-9.747139548849963e-05,0.19189680986798366,
2025-10-14,0.003633222762682501,0.19900311583640318,
2025-10-15,0.006485276863845896,0.13102655762069992,
2025-10-16,-0.002531733127282218,0.11497922201496853,
2025-10-17,0.0034570806029062782,0.12874107898641834,
2025-10-20,-0.00014832939986542636,0.11047413289625409,
2025-10-21,0.00045114144209905914,0.12087682019647202,
2025-10-22,0.008365029888168587,0.13560657909333276,
2025-10-23,-0.0025306069285778166,0.0,
2025-10-24,0.0,0.0,
2025-10-27,0.0,0.0,
2025-10-28,-0.0,0.0,
2025-10-29,0.0,0.0,
2025-10-30,0.0,0.0,
2025-10-31,-0.0,0.0,
2025-11-03,0.0,0.0,
2025-11-04,0.0,0.0,
2025-11-05,0.0,0.0,
2025-11-06,0.0,0.0,
2025-11-07,-0.0,0.0,
2025-11-10,0.0,0.0,
2025-11-12,0.0,0.0,
2025-11-13,-0.0,0.0,
2025-11-14,0.0,0.0,
2025-11-17,-0.0,0.0,
2025-11-18,0.0,0.0,
2025-11-19,-0.0,0.0,
2025-11-20,-0.0,0.0,
2025-11-21,-0.0,0.0,
2025-11-24,0.0,0.0,
2025-11-25,-0.0,0.0,
2025-11-26,0.0,0.0,
2025-11-28,-0.0,0.0,
2025-12-01,-0.0,0.0,
2025-12-02,-0.0,0.0,
2025-12-03,-0.0,0.0,
2025-12-04,-0.0,0.0,
2025-12-05,0.0,0.0,
2025-12-08,-0.0,0.0,
2025-12-09,0.0,0.0,
2025-12-10,-0.0,0.0,
2025-12-11,-0.0,0.0,
2025-12-12,-0.0,0.0,
2025-12-15,-4.413811269433944e-05,0.08689690936698076,
2025-12-16,-0.0013983387200228968,0.09985958563559413,
2025-12-17,0.003306526694128326,0.15401838665131265,
2025-12-18,-0.006743655507452022,0.09585058785138387,
2025-12-19,-0.0011122738583322328,0.1618673202088145,
2025-12-22,-0.0008481616815394276,0.3014413098300906,
2025-12-23,0.004186693258876347,0.3270767676424964,
2025-12-24,-0.007748124152761616,0.31868360214693137,
2025-12-26,0.009514132415368609,0.3804908506800801,
2025-12-29,-0.012007351651426813,0.20233332720877523,
2025-12-30,0.0063235987144300435,0.3804908506800801,
2025-12-31,-0.006315413830045294,0.19469205300969047,
2026-01-02,-3.0216027482706302e-06,0.38072194628209943,
2026-01-05,0.002669824709574618,0.0,
2026-01-06,-0.0,0.0,
2026-01-07,0.0,0.0,
2026-01-08,0.0,0.0,
2026-01-09,-0.0,0.0,
2026-01-12,0.0,0.0,
2026-01-13,0.0,0.0,
2026-01-14,-0.0,0.0,
2026-01-15,0.0,0.0,
2026-01-16,0.0,0.0,
2026-01-20,0.0,0.0,
2026-01-21,0.0,0.0,
2026-01-22,-0.0,0.0,
2026-01-23,-0.0,0.0,
2026-01-26,-0.0,0.0,
2026-01-27,0.0,0.0,
2026-01-28,0.0,0.0,
2026-01-29,-0.0,0.0,
2026-01-30,0.0,0.0,
2026-02-02,-0.0,0.0,
2026-02-03,0.0,0.0,
2026-02-04,-0.0,0.0,
2026-02-05,0.0,0.0,
2026-02-06,-0.0,0.0,
2026-02-09,0.0,0.0,
2026-02-10,-0.0,0.0,
2026-02-11,0.0,0.0,
2026-02-12,-0.0,0.0,
2026-02-13,-0.0,0.0,
2026-02-17,-0.00013056887641712132,0.2570574754462076,
2026-02-18,0.005143109859205365,0.18159844224105257,
2026-02-19,0.0058759671908101265,0.11698717033015849,
2026-02-20,-0.0026920275296963983,0.08520928821937437,
2026-02-23,0.005347730576969082,0.12085780021614974,
2026-02-24,0.005309683144978509,0.06594537017886475,
2026-02-25,-0.0011166049372215705,0.0,
2026-02-26,-2.563436703920749e-05,0.05046766010843975,
2026-02-27,-0.002264371690997935,0.0,
2026-03-02,0.0,0.0,
2026-03-03,0.0,0.0,
2026-03-04,0.0,0.0,
2026-03-05,-0.0,0.0,
2026-03-06,-0.0,0.0,
2026-03-09,-0.0,0.0,
2026-03-10,0.0,0.0,
2026-03-11,0.0,0.0,
2026-03-12,-0.0,0.0,
2026-03-13,-0.0,0.0,
2026-03-16,0.0,0.0,
2026-03-17,0.0,0.0,
2026-03-18,0.0,0.0,
2026-03-19,-0.0,0.0,
2026-03-20,0.0,0.0,
2026-03-23,-0.0,0.0,
2026-03-24,-0.0,0.0,
2026-03-25,-0.0,0.0,
2026-03-26,0.0,0.0,
2026-03-27,0.0,0.0,
2026-03-30,-0.0,0.0,
2026-03-31,-0.0,0.0,
2026-04-01,-0.0,0.0,
2026-04-02,0.0,0.0,
2026-04-06,-0.0,0.0,
2026-04-07,-0.0,0.0,
2026-04-08,0.0,0.0,
2026-04-09,-0.0,0.0,
2026-04-10,-0.0,0.0,
2026-04-13,0.0,0.0,
2026-04-14,0.0,0.0,
2026-04-15,0.0,0.0,
2026-04-16,0.0,0.0,
2026-04-17,0.0,0.0,
2026-04-20,-0.0,0.0,
2026-04-21,0.0,0.0,
2026-04-22,0.0,0.0,
2026-04-23,0.0,0.0,
2026-04-24,0.0,0.0,
2026-04-27,-0.0,0.0,
2026-04-28,-0.0,0.0,
2026-04-29,0.0,0.0,
2026-04-30,0.0,0.0,
2026-05-01,-0.0,0.0,
2026-05-04,-0.0,0.0,
2026-05-05,0.0,0.0,
2026-05-06,-0.0,0.0,
2026-05-07,0.0,0.0,
2026-05-08,-0.0,0.0,
2026-05-11,0.0,0.0,
2026-05-12,0.0,0.0,
2026-05-13,-0.0,0.0,
2026-05-14,-0.0,0.0,
2026-05-15,0.0,0.0,
2026-05-18,-0.0,0.0,
2026-05-19,0.0,0.0,
2026-05-20,0.0,0.0,
2026-05-21,-0.0,0.0,
2026-05-22,-0.0,0.0,
2026-05-26,-0.0,0.0,
2026-05-27,0.0,0.0,
2026-05-28,0.0,0.0,
2026-05-29,-0.0,0.0,
2026-06-01,-0.0,0.0,
2026-06-02,0.0,0.0,
2026-06-03,-0.0,0.0,
2026-06-04,-0.0,0.0,
2026-06-05,0.0,0.0,
2026-06-08,-0.0,0.0,
2026-06-09,0.0,0.0,
2026-06-10,0.0,0.0,
2026-06-11,-0.0,0.0,
2026-06-12,0.0,0.0,
2026-06-15,0.0,0.0,
2026-06-16,0.0,0.0,
2026-06-17,-0.0,0.0,
2026-06-18,0.0,0.0,
2026-06-22,0.0,0.0,
2026-06-23,0.0,0.0,
2026-06-24,0.0,0.0,
2026-06-25,0.0,0.0,
2026-06-26,-0.0,0.0,
2026-06-29,0.0,0.0,
2026-06-30,-0.0,0.0,
2026-07-01,-0.0,0.0,
2026-07-02,-0.0,0.0,
2026-07-06,0.0,0.0,
2026-07-07,-0.0,0.0,
2026-07-08,0.0,0.0,
2026-07-09,-0.0,0.0,
2026-07-10,-0.0,0.0,
2026-07-13,0.0,0.0,
2026-07-14,0.0,0.0,
2026-07-15,0.0,0.0,
2026-07-16,0.0,0.0,
2026-07-17,-0.0,0.0,
2026-07-20,-0.0,0.0,
2026-07-21,-0.0,0.0,
2026-07-22,-0.0,0.0,
2026-07-23,-0.0,0.0,
2026-07-24,-0.0,0.0,
2026-07-27,0.0,0.0,
2026-07-28,0.0,0.0,
2026-07-29,0.0,0.0,
2026-07-30,-0.0,0.0,
2026-07-31,-0.0,0.0,
2026-08-03,-0.0,0.0,
2026-08-04,-0.0,0.0,
2026-08-05,0.0,0.0,
2026-08-06,0.0,0.0,
2026-08-07,-0.0,0.0,
2026-08-10,0.0,0.0,
2026-08-11,0.0,0.0,
2026-08-12,0.0,0.0,
2026-08-13,0.0,0.0,
2026-08-14,0.0,0.0,
2026-08-17,0.0,0.0,
2026-08-18,0.0,0.0,
2026-08-19,-0.0,0.0,
2026-08-20,-0.0,0.0,
2026-08-21,0.0,0.0,
2026-08-24,-0.0,0.0,
2026-08-25,-0.0,0.0,
2026-08-26,0.0,0.0,
2026-08-27,0.0,0.0,
2026-08-28,0.0,0.0,
2026-08-31,0.0,0.0,
2026-09-01,-0.0,0.0,
2026-09-02,-0.0,0.0,
2026-09-03,0.0,0.0,
2026-09-04,0.0,0.0,
2026-09-08,0.0,0.0,
2026-09-09,-0.0,0.0,
2026-09-10,0.0,0.0,
2026-09-11,-0.0,0.0,
2026-09-14,0.0,0.0,
2026-09-15,0.0,0.0,
