date,ret,pos
2012-01-03,-2.5897723779950577e-06,1.0
2012-01-04,0.032140682923603905,1.0
2012-01-05,-0.014321198880253716,0.6343165664938857
2012-01-06,0.014872524265184333,0.9719084138403672
2012-01-09,0.010000746746116585,0.6632315918382746
2012-01-10,-0.0019941582911141525,0.6802311086846609
2012-01-11,0.007996754999984543,0.0
2012-01-12,0.0,0.0
2012-01-13,0.0,0.0
2012-01-17,-9.217915194035853e-05,0.556148973286806
2012-01-18,0.013699693154704958,0.0
2012-01-19,0.0,0.0
2012-01-20,0.0,0.0
2012-01-23,-0.0,0.0
2012-01-24,0.0,0.0
2012-01-25,0.0,0.0
2012-01-26,0.0,0.0
2012-01-27,0.0,0.0
2012-01-30,-0.0,0.0
2012-01-31,0.0,0.0
2012-02-01,0.0,0.0
2012-02-02,0.0,0.0
2012-02-03,0.0,0.0
2012-02-06,0.0,0.0
2012-02-07,-0.0,0.0
2012-02-08,0.0,0.0
2012-02-09,0.0,0.0
2012-02-10,-0.0,0.0
2012-02-13,-0.0,0.0
2012-02-14,-0.0,0.0
2012-02-15,-0.0,0.0
2012-02-16,0.0,0.0
2012-02-17,-0.0,0.0
2012-02-21,-0.0,0.0
2012-02-22,0.0,0.0
2012-02-23,-0.0,0.0
2012-02-24,-0.0,0.0
2012-02-27,0.0,0.0
2012-02-28,-3.887862871520333e-05,0.2345683268680717
2012-02-29,-0.0027409883116306204,0.200700034794211
2012-03-01,0.01984983254808794,0.0
2012-03-02,-0.0,0.0
2012-03-05,-0.0,0.0
2012-03-06,0.0,0.0
2012-03-07,0.0,0.0
2012-03-08,0.0,0.0
2012-03-09,-0.0,0.0
2012-03-12,0.0,0.0
2012-03-13,0.0,0.0
2012-03-14,0.0,0.0
2012-03-15,-0.0,0.0
2012-03-16,0.0,0.0
2012-03-19,-0.0,0.0
2012-03-20,0.0,0.0
2012-03-21,-0.0,0.0
2012-03-22,0.0,0.0
2012-03-23,0.0,0.0
2012-03-26,0.0,0.0
2012-03-27,-0.0,0.0
2012-03-28,0.0,0.0
2012-03-29,0.0,0.0
2012-03-30,-0.0,0.0
2012-04-02,-0.0,0.0
2012-04-03,0.0,0.0
2012-04-04,-0.0,0.0
2012-04-05,-0.0,0.0
2012-04-09,-0.0,0.0
2012-04-10,-0.0,0.0
2012-04-11,-0.0,0.0
2012-04-12,0.0,0.0
2012-04-13,0.0,0.0
2012-04-16,-0.0,0.0
2012-04-17,-3.206023426031725e-05,0.1934305750474001
2012-04-18,0.0009897839091545222,0.2207725423582304
2012-04-19,-0.0018423736566481493,0.2354467569684204
2012-04-20,-0.0021133930724875176,0.1802681109368662
2012-04-23,0.0021353716402402467,0.1685380797116205
2012-04-24,-0.002252429406802811,0.1720625189328489
2012-04-25,-0.0003910674913876852,0.1473945922205802
2012-04-26,0.0011804145595889287,0.1509421060991898
2012-04-27,0.00010342464797564199,0.1557902760418485
2012-04-30,-0.0008096909144250495,0.1722400805227858
2012-05-01,-0.006754935635533337,0.0
2012-05-02,-0.0,0.0
2012-05-03,0.0,0.0
2012-05-04,0.0,0.0
2012-05-07,-6.027830931444906e-05,0.3636800635613248
2012-05-08,0.0064822226709397805,0.3739484917135663
2012-05-09,0.004765211757795178,0.1538289893090101
2012-05-10,-0.0015094176807543187,0.1579044709226094
2012-05-11,0.0007271056638954881,0.1512601427324494
2012-05-14,-0.0005133217652580226,0.1529080341452078
2012-05-15,0.0007513329275233756,0.1757122788476391
2012-05-16,4.676936131424857e-05,0.1920749881830992
2012-05-17,-0.0035861038076139265,0.197914996046291
2012-05-18,0.002475732246238198,0.8016833018508733
2012-05-21,0.0068700205076380316,0.4338229020926353
2012-05-22,0.004187253972938377,0.4457154504027227
2012-05-23,-0.003836298746802122,0.1986873077582235
2012-05-24,-0.0011910327687651536,0.4464554372155269
2012-05-25,0.0017996133719144908,0.5551757195522069
2012-05-29,0.001272699036367982,0.5462255111794447
2012-05-30,0.003874539330148737,0.5563522986815638
2012-05-31,-0.0006942694666025985,0.559987839836066
2012-06-01,-0.01576694353077261,0.2784113447844977
2012-06-04,-0.0012047767761938027,0.5124723570536083
2012-06-05,0.0009812631743643188,0.6477442424994377
2012-06-06,-0.0002892150707061675,0.6457986395183183
2012-06-07,-0.0001067015628681871,0.7226243700957167
2012-06-08,0.006427222421159908,0.791121395870735
2012-06-11,0.0007703252779571638,0.6518919808339476
2012-06-12,-0.007308758594111063,0.6697168374763832
2012-06-13,0.0051991980204210125,1.0
2012-06-14,-0.00529163288740038,0.7548901424545853
2012-06-15,0.007255086059965617,0.7289660833700699
2012-06-18,-0.006487629098526995,0.6341463213461206
2012-06-19,-0.007710994783234088,0.0
2012-06-20,0.0,0.0
2012-06-21,0.0,0.0
2012-06-22,-0.0,0.0
2012-06-25,-0.00016574543219168112,1.0
2012-06-26,0.0040433730387838636,0.2377258992006186
2012-06-27,-0.0035526762814420037,0.2354190454623112
2012-06-28,0.004729141066266901,0.4859390831962753
2012-06-29,-0.01170986213763926,0.2044221405836142
2012-07-02,-0.004637006107866644,0.0
2012-07-03,0.0,0.0
2012-07-05,0.0,0.0
2012-07-06,0.0,0.0
2012-07-09,-3.0590772028835355e-05,0.184564796895623
2012-07-10,0.0027695991585661994,0.18978993896523
2012-07-11,-0.0014980466952788745,0.2338456674056518
2012-07-12,0.0024671957289699635,0.2514845958977789
2012-07-13,-0.0015128414239108992,0.2348613694351854
2012-07-16,0.0007948129215896769,0.2483368193534822
2012-07-17,-0.002375528746737912,0.2548555752820576
2012-07-18,0.002590050314782418,0.1835415990519257
2012-07-19,-0.0005466390248452729,0.255832037614322
2012-07-20,0.002844178751817792,0.2542579327101683
2012-07-23,0.000389684521047788,0.2470188161868803
2012-07-24,-0.005094985336274865,0.2565602932612234
2012-07-25,-0.0030280165191822303,0.1918309308650658
2012-07-26,0.0010522413107558971,0.1720367181121608
2012-07-27,0.0030277612290881416,0.1792655710489714
2012-07-30,0.003042356832448733,0.2870232998980171
2012-07-31,0.0017691110470088953,0.2475210121077783
2012-08-01,-0.007590032854278287,0.0
2012-08-02,-3.803903291317056e-05,0.2295027525656762
2012-08-03,-0.0033672524818528695,0.0
2012-08-06,-0.0,0.0
2012-08-07,-3.4332655630973166e-05,0.2071408857365951
2012-08-08,0.0005413759488637558,0.0
2012-08-09,0.0,0.0
2012-08-10,0.0,0.0
2012-08-13,-0.0,0.0
2012-08-14,-0.0,0.0
2012-08-15,0.0,0.0
2012-08-16,-0.0,0.0
2012-08-17,-0.0,0.0
2012-08-20,0.0,0.0
2012-08-21,0.0,0.0
2012-08-22,0.0,0.0
2012-08-23,0.0,0.0
2012-08-24,-0.0,0.0
2012-08-27,0.0,0.0
2012-08-28,-0.0,0.0
2012-08-29,0.0,0.0
2012-08-30,0.0,0.0
2012-08-31,-0.0,0.0
2012-09-04,-0.0,0.0
2012-09-05,-0.0,0.0
2012-09-06,0.0,0.0
2012-09-07,0.0,0.0
2012-09-10,0.0,0.0
2012-09-11,0.0,0.0
2012-09-12,-0.0,0.0
2012-09-13,-0.0,0.0
2012-09-14,-3.991522516816285e-05,0.2408224748058748
2012-09-17,-0.00173000291010748,0.0
2012-09-18,-4.237695812996936e-05,0.2556749683513063
2012-09-19,0.00044401401670867617,0.2673072115542628
2012-09-20,0.007942076812504978,0.2744239333637853
2012-09-21,0.0010073587826892277,0.0
2012-09-24,-0.0,0.0
2012-09-25,0.0,0.0
2012-09-26,0.0,0.0
2012-09-27,0.0,0.0
2012-09-28,0.0,0.0
2012-10-01,-0.0,0.0
2012-10-02,-0.0,0.0
2012-10-03,0.0,0.0
2012-10-04,0.0,0.0
2012-10-05,0.0,0.0
2012-10-08,-0.0,0.0
2012-10-09,-0.0,0.0
2012-10-10,0.0,0.0
2012-10-11,-0.0,0.0
2012-10-12,-0.0,0.0
2012-10-15,-0.0,0.0
2012-10-16,-0.0,0.0
2012-10-17,-1.8479622932639882e-05,0.1114940103523836
2012-10-18,-0.001080488416275146,0.1275602581775656
2012-10-19,-6.0682239802024184e-05,0.0901943763502329
2012-10-22,-0.0007222250435339793,0.0910205991888603
2012-10-23,0.000344628589472479,0.0831916575300639
2012-10-24,0.0006538703869885147,0.0867061734575955
2012-10-25,0.0017141537397775404,0.1026689633520954
2012-10-26,0.0009007559611838817,0.146194107785017
2012-10-31,0.0020102883962577955,0.1562697662466886
2012-11-01,-0.007692563256432268,0.0
2012-11-02,-2.9390597016393684e-05,0.1773237224565176
2012-11-05,0.0018025936500957933,0.2021392397627917
2012-11-06,0.00025118604946845806,0.1880954722092465
2012-11-07,-0.00015958193848308153,0.2004359917178111
2012-11-08,-0.00048246679576190713,0.2377656175880571
2012-11-09,0.005718646858817033,0.2402396162697905
2012-11-12,-0.0006216418800621058,0.0
2012-11-13,-0.0,0.0
2012-11-14,-4.015268390582421e-05,0.2422551461895123
2012-11-15,0.0029847262074171243,0.2568316828604305
2012-11-16,-0.0018259010306278189,0.0
2012-11-19,-4.4040245069089166e-05,0.2657101585651312
2012-11-20,0.002426440553535482,0.27856838859498
2012-11-21,0.0025836623356515947,0.2674861760125893
2012-11-23,-0.0028517366460663624,0.0
2012-11-26,-4.309735422478998e-05,0.2600213692463055
2012-11-27,0.0005525560847102941,0.2818705772803168
2012-11-28,0.0021389809283309516,0.3107130962631435
2012-11-29,0.0011889642193842725,0.2963237374713879
2012-11-30,-0.004858067017752058,0.3145711076670091
2012-12-03,-0.0032015956816825466,0.0
2012-12-04,-6.359333066088382e-05,0.383680743535414
2012-12-05,-0.004059631565799713,0.2899061040095256
2012-12-06,-0.0005892345259544895,0.255106830827277
2012-12-07,-0.00012979596467819433,0.2359151611002048
2012-12-10,0.0003054453431757915,0.2386831013131015
2012-12-11,0.0013930852336312706,0.2793770780993562
2012-12-12,0.0017562184042565964,0.2723179897940662
2012-12-13,-0.0020211262771782246,0.3013406002580524
2012-12-14,0.004374560399287319,0.6226275386065229
2012-12-17,-0.006964018222042291,0.2841816582755775
2012-12-18,0.002579582901216963,0.5955288209804681
2012-12-19,0.002735475973484052,0.2444397545631841
2012-12-20,-4.370068140009114e-06,0.2703731583272398
2012-12-21,0.0012771764998203948,0.2881075656430016
2012-12-24,0.0006732776807705322,0.3007256276194877
2012-12-26,0.0004743251964004661,0.3046715891883835
2012-12-27,0.0018827373324399174,0.3054628336312093
2012-12-28,-0.0031044225567096054,0.3302248179131834
2012-12-31,-0.0025008781716629965,0.2750893295791157
2013-01-02,-0.0,0.0
2013-01-03,-0.0,0.0
2013-01-04,-0.0,0.0
2013-01-07,0.0,0.0
2013-01-08,0.0,0.0
2013-01-09,-0.00016574543219168112,1.0
2013-01-10,-0.006032642129136337,1.0
2013-01-11,-0.021472036526197304,0.0
2013-01-14,0.0,0.0
2013-01-15,-0.0,0.0
2013-01-16,-0.0,0.0
2013-01-17,0.0,0.0
2013-01-18,0.0,0.0
2013-01-22,0.0,0.0
2013-01-23,0.0,0.0
2013-01-24,-0.00014924704731100557,0.9004594898182066
2013-01-25,5.818072006716943e-05,0.9006206968654906
2013-01-28,0.012727171464298997,0.9096981005760144
2013-01-29,0.006805930460358305,0.940841380660504
2013-01-30,0.017931920101324744,0.6623960271677308
2013-01-31,0.002091311069727742,0.4970385760353137
2013-02-01,0.005561210707850716,0.5471599183711929
2013-02-04,0.0021069143334398054,0.2733095905588379
2013-02-05,0.0025120047223889524,0.2896450841266479
2013-02-06,2.119913463292894e-05,0.270036027904553
2013-02-07,-0.000418861088400248,0.2865026447137678
2013-02-08,0.007585901948571946,0.2882168299573112
2013-02-11,-0.00803569705927613,0.2996096963026323
2013-02-12,0.0013355229305108754,0.260343761663907
2013-02-13,-0.0004636310687968954,0.2633399395492548
2013-02-14,0.005854271431843349,0.281043019875329
2013-02-15,0.00530262348361497,0.2876918881312465
2013-02-19,-0.00480523688234672,0.2097207540432456
2013-02-20,0.0002772160612232989,0.2596473721501139
2013-02-21,0.00033529434025449204,0.2645284351937301
2013-02-22,0.002745931312554259,0.2822108912253077
2013-02-25,-0.0016051715490286726,0.242122038381059
2013-02-26,-0.006358865156585873,0.2609983285348904
2013-02-27,-0.010793022402501138,0.0
2013-02-28,0.0,0.0
2013-03-01,0.0,0.0
2013-03-04,-0.0,0.0
2013-03-05,0.0,0.0
2013-03-06,-0.0,0.0
2013-03-07,-0.0,0.0
2013-03-08,0.0,0.0
2013-03-11,-0.0,0.0
2013-03-12,-1.9299103309860598e-05,0.1164382212810624
2013-03-13,-0.0005804422303967566,0.1553008409152328
2013-03-14,-0.0006592202606856255,0.1270555938026208
2013-03-15,0.00039376922335629725,0.1259345853749922
2013-03-18,-0.0016387972621267938,0.1331635033219106
2013-03-19,-0.002003149149373304,0.0
2013-03-20,0.0,0.0
2013-03-21,-0.0,0.0
2013-03-22,-0.0,0.0
2013-03-25,-7.193472513352966e-05,0.4340072856447606
2013-03-26,-0.0005856152876447207,0.0
2013-03-27,0.0,0.0
2013-03-28,0.0,0.0
2013-04-01,0.0,0.0
2013-04-02,-0.0,0.0
2013-04-03,-0.00012063868193117913,0.7278552436465934
2013-04-04,0.0014238358926071972,0.0
2013-04-05,-0.0,0.0
2013-04-08,0.0,0.0
2013-04-09,0.0,0.0
2013-04-10,-0.0,0.0
2013-04-11,-0.0,0.0
2013-04-12,0.0,0.0
2013-04-15,0.0,0.0
2013-04-16,0.0,0.0
2013-04-17,-0.0,0.0
2013-04-18,0.0,0.0
2013-04-19,0.0,0.0
2013-04-22,-0.0,0.0
2013-04-23,-0.0,0.0
2013-04-24,-0.0,0.0
2013-04-25,0.0,0.0
2013-04-26,0.0,0.0
2013-04-29,-0.0,0.0
2013-04-30,-0.0,0.0
2013-05-01,-0.0,0.0
2013-05-02,-0.0,0.0
2013-05-03,0.0,0.0
2013-05-06,0.0,0.0
2013-05-07,-0.0,0.0
2013-05-08,-0.0,0.0
2013-05-09,0.0,0.0
2013-05-10,-0.0,0.0
2013-05-13,-0.0,0.0
2013-05-14,0.0,0.0
2013-05-15,-0.0001558149773144601,0.9400861022480138
2013-05-16,-0.0004176155551697093,0.9856792805205216
2013-05-17,0.002869982291948325,1.0
2013-05-20,-0.006858288179408394,1.0
2013-05-21,-0.018472458012178433,0.9376790955466836
2013-05-22,0.004284602709179564,0.0
2013-05-23,-0.00016574543219168112,1.0
2013-05-24,0.004696185418337996,1.0
2013-05-28,0.002892667818662311,1.0
2013-05-29,-0.00040616884646644836,1.0
2013-05-30,-0.00763410081304711,1.0
2013-05-31,-4.9362278859231895e-05,1.0
2013-06-03,-0.009589148806169743,1.0
2013-06-04,0.019534305313779234,1.0
2013-06-05,-0.0055636378429379865,0.9019381199378228
2013-06-06,-0.00017699691189053342,0.8888479092638574
2013-06-07,-0.004472665273283877,0.9359851330432252
2013-06-10,-0.006361429848773177,1.0
2013-06-11,-0.00876435194444444,1.0
2013-06-12,-0.004351385822155679,1.0
2013-06-13,0.016154186704101327,1.0
2013-06-14,0.0019395391185341856,1.0
2013-06-17,-0.015997925976418602,1.0
2013-06-18,0.0018650697154545845,1.0
2013-06-19,0.009448733326071957,1.0
2013-06-20,-0.020121680744310533,0.0
2013-06-21,0.0,0.0
2013-06-24,-0.0,0.0
2013-06-25,-0.0,0.0
2013-06-26,-0.00016574543219168112,1.0
2013-06-27,-0.009880914862785757,1.0
2013-06-28,0.00838121495264929,0.0
2013-07-01,-0.00016574543219168112,1.0
2013-07-02,0.0005468844503401459,0.0
2013-07-03,-0.00016574543219168112,1.0
2013-07-05,0.0028902744240717412,1.0
2013-07-08,-0.0061768370633373745,1.0
2013-07-09,0.012951109310231503,0.988218686855364
2013-07-10,-0.004103548800502405,1.0
2013-07-11,0.025666095867576805,1.0
2013-07-12,0.03230525215576408,0.6708467202275608
2013-07-15,-0.008481765523527059,0.2670501593507963
2013-07-16,0.006074886845716583,0.2567275538997026
2013-07-17,-0.0032006402749266347,0.2405528045198833
2013-07-18,-0.004236310733063723,0.2435028372396401
2013-07-19,0.0007577842751854565,0.4485193272535474
2013-07-22,-0.007590080379205375,0.0
2013-07-23,-0.0,0.0
2013-07-24,0.0,0.0
2013-07-25,-0.0,0.0
2013-07-26,-9.61350036895372e-05,0.5800160065851204
2013-07-29,-0.0058642008958377425,0.2375095818288104
2013-07-30,0.005390367924201432,0.4473012338237858
2013-07-31,-0.004877719459338929,0.2306706306257263
2013-08-01,-0.0088048569548374,0.0
2013-08-02,-0.0,0.0
2013-08-05,-0.0,0.0
2013-08-06,-0.0,0.0
2013-08-07,-0.0,0.0
2013-08-08,0.0,0.0
2013-08-09,-0.0,0.0
2013-08-12,0.0,0.0
2013-08-13,0.0,0.0
2013-08-14,0.0,0.0
2013-08-15,-0.00013118895994061755,0.7915087505332107
2013-08-16,-0.0058921715929878896,0.8418347116879437
2013-08-19,-0.010627526413619746,0.0
2013-08-20,0.0,0.0
2013-08-21,-0.0001353798731618019,0.8167939916755279
2013-08-22,-0.007073518737864526,0.2376103086949742
2013-08-23,0.0005443340906353934,0.4693506710950578
2013-08-26,-0.009955669475661993,0.499107908684785
2013-08-27,0.0029645162187641864,0.8786395398231276
2013-08-28,0.018657081144445215,0.6495125194833441
2013-08-29,0.0019715568258335927,0.2643387469052867
2013-08-30,-0.003700546327577233,0.2927266877299404
2013-09-03,-0.02496408757214557,0.0
2013-09-04,0.0,0.0
2013-09-05,-0.0,0.0
2013-09-06,-0.0,0.0
2013-09-09,-0.0,0.0
2013-09-10,-0.0,0.0
2013-09-11,-0.0,0.0
2013-09-12,0.0,0.0
2013-09-13,0.0,0.0
2013-09-16,-0.0,0.0
2013-09-17,-0.0,0.0
2013-09-18,0.0,0.0
2013-09-19,-0.0,0.0
2013-09-20,0.0,0.0
2013-09-23,-0.0,0.0
2013-09-24,0.0,0.0
2013-09-25,0.0,0.0
2013-09-26,-0.00011140860009251554,0.6721669407074392
2013-09-27,-0.013322991331707315,0.4709923565646281
2013-09-30,-0.010258346449889072,0.0
2013-10-01,-0.0,0.0
2013-10-02,-0.0,0.0
2013-10-03,0.0,0.0
2013-10-04,-9.773448121794705e-05,0.5896662123691986
2013-10-07,0.022896219851114834,0.7878134865905113
2013-10-08,-0.00022810220898721964,0.572249470997442
2013-10-09,0.0219566034730407,0.5867783915460093
2013-10-10,0.021964471131949503,0.2376810532389194
2013-10-11,-0.002094559919909652,0.2120515528032852
2013-10-14,-0.0025517951776029366,0.2143674525570924
2013-10-15,0.004326396406230925,0.2245534800278008
2013-10-16,0.002325444135807907,0.2213363447250038
2013-10-17,-0.00318740460843324,0.2666075928241716
2013-10-18,0.007715201466827578,0.2133943809301179
2013-10-21,0.0035361207125980043,0.2356400351046353
2013-10-22,0.0010279658687369526,0.0
2013-10-23,-0.0,0.0
2013-10-24,-4.605785138762851e-05,0.2778830811721186
2013-10-25,-0.004261948453134253,0.2859192671597011
2013-10-28,0.007464057131471964,0.2370861567601496
2013-10-29,-0.0006096121062772708,0.2558156537135532
2013-10-30,0.015599195751002558,0.2633487517369502
2013-10-31,-0.0013938322230512468,0.0
2013-11-01,-0.0,0.0
2013-11-04,-0.0,0.0
2013-11-05,0.0,0.0
2013-11-06,-0.0,0.0
2013-11-07,-0.0,0.0
2013-11-08,-3.9059623533580684e-05,0.2356603317334962
2013-11-11,0.004328447533904097,0.0
2013-11-12,0.0,0.0
2013-11-13,0.0,0.0
2013-11-14,0.0,0.0
2013-11-15,-0.0,0.0
2013-11-18,0.0,0.0
2013-11-19,-0.0,0.0
2013-11-20,0.0,0.0
2013-11-21,0.0,0.0
2013-11-22,0.0,0.0
2013-11-25,-0.0,0.0
2013-11-26,0.0,0.0
2013-11-27,0.0,0.0
2013-11-29,-0.0,0.0
2013-12-02,-0.0,0.0
2013-12-03,-0.0,0.0
2013-12-04,-0.0,0.0
2013-12-05,-0.0,0.0
2013-12-06,0.0,0.0
2013-12-09,-0.0,0.0
2013-12-10,-0.0,0.0
2013-12-11,0.0,0.0
2013-12-12,-0.0,0.0
2013-12-13,-3.871152812346878e-05,0.2335601507177654
2013-12-16,-0.0009506750833131272,0.2215361602640571
2013-12-17,-8.677514925857732e-05,0.2585551755784345
2013-12-18,0.005779738155043375,0.2665841437213651
2013-12-19,0.0020341113542613806,0.0
2013-12-20,0.0,0.0
2013-12-23,0.0,0.0
2013-12-24,0.0,0.0
2013-12-26,0.0,0.0
2013-12-27,-0.0,0.0
2013-12-30,-0.0,0.0
2013-12-31,0.0,0.0
2014-01-02,-0.0,0.0
2014-01-03,-0.0,0.0
2014-01-06,-8.734933944055748e-05,0.5270090299657205
2014-01-07,0.007975091543506441,0.5286629455275863
2014-01-08,0.004709389179835243,0.0
2014-01-09,-0.0,0.0
2014-01-10,-0.0,0.0
2014-01-13,-0.0,0.0
2014-01-14,-0.0,0.0
2014-01-15,-0.00012219094620053372,0.7372205953719547
2014-01-16,-0.006571801808222216,0.7438616926207627
2014-01-17,0.009340365334841004,0.7073997620466166
2014-01-21,-0.007746424606548167,0.6998852902018984
2014-01-22,0.0017181627793139967,0.7304952198677997
2014-01-23,-0.0051858707024366735,0.8095618616343804
2014-01-24,0.01887618755611327,0.6240862946801922
2014-01-27,-0.008113905256063701,0.688566267005707
2014-01-28,-0.011401801721952737,0.6853968962972016
2014-01-29,0.018644525200547317,0.4358180717119474
2014-01-30,-0.0021680075431525603,0.5895430665022412
2014-01-31,0.0055285315731601605,0.6098836938126124
2014-02-03,-0.0305776408094487,0.0
2014-02-04,-0.0,0.0
2014-02-05,0.0,0.0
2014-02-06,0.0,0.0
2014-02-07,-0.00014744319442934313,0.8895762162474452
2014-02-10,-0.022274448613379016,0.6272173534277425
2014-02-11,0.01317833040916003,0.6939432725107498
2014-02-12,-0.003969212696781749,0.7570631197965701
2014-02-13,0.008198145520779342,0.6801848516183828
2014-02-14,0.01657947108884216,0.7918787370783449
2014-02-18,-0.01347805843126201,0.4351615978247746
2014-02-19,-0.0033180970788132,0.7535597096053814
2014-02-20,0.017619386627831232,0.7646746505859126
2014-02-21,-0.00940516801240793,0.4136277016041026
2014-02-24,-0.00529323278651329,0.7129475216853324
2014-02-25,0.0027295453763189533,0.641334614442925
2014-02-26,-0.004182961738252711,0.7627889286166827
2014-02-27,-0.01813010912745661,0.0
2014-02-28,0.0,0.0
2014-03-03,0.0,0.0
2014-03-04,0.0,0.0
2014-03-05,-7.517072919713345e-05,0.4535312267924678
2014-03-06,-0.0007126620662797128,0.607491236846048
2014-03-07,0.0017473975134525872,0.6406222195996475
2014-03-10,0.0015352981844188286,0.6591752629987614
2014-03-11,0.015526516652457764,0.5351368951573325
2014-03-12,0.01020417493903323,0.3422842452468809
2014-03-13,-0.004913244324050632,0.4125491026765266
2014-03-14,0.0024171617762500414,0.3328188978793976
2014-03-17,-0.010615879079464912,0.0
2014-03-18,-0.0,0.0
2014-03-19,-0.0,0.0
2014-03-20,0.0,0.0
2014-03-21,-9.937526910833272e-05,0.5995656579749247
2014-03-24,-0.006470478629404687,0.6139193297165746
2014-03-25,0.0028428777227003242,0.8501913346027021
2014-03-26,-0.004589574279981277,0.6128350278318988
2014-03-27,0.002788896532250171,0.8480443620719741
2014-03-28,-0.004764076970430483,0.6525716798676318
2014-03-31,-0.009448748379337513,0.9141340361590596
2014-04-01,0.0008280640119215194,1.0
2014-04-02,-0.003695750837142938,1.0
2014-04-03,0.01645058486600438,1.0
2014-04-04,-0.004105057405791044,0.5802991404285502
2014-04-07,0.002578274693795958,0.728098954861886
2014-04-08,4.2419107188719816e-05,0.5709441993755286
2014-04-09,0.000211638050284784,0.6287757002477222
2014-04-10,-0.00023245061360208425,0.6848934223333081
2014-04-11,-0.0024297553393551707,0.7337932419792034
2014-04-14,0.01093911577932,0.9368720265526596
2014-04-15,0.007093939230456159,0.4319941504578174
2014-04-16,0.001753834232818081,0.5250382273192897
2014-04-17,-0.0013803746051033417,0.6099792598658098
2014-04-21,0.007894703540524354,0.7507934235785109
2014-04-22,0.025833989897191316,1.0
2014-04-23,0.004763867117861915,0.0
2014-04-24,-0.0,0.0
2014-04-25,0.0,0.0
2014-04-28,-0.0,0.0
2014-04-29,-0.00010536642141153435,0.6357123693742773
2014-04-30,-0.004613932172953236,0.0
2014-05-01,-0.00010631524628415492,0.6414369607557241
2014-05-02,-0.0005787350637133471,0.5439891995444451
2014-05-05,-0.006968749896475137,0.0
2014-05-06,-0.0,0.0
2014-05-07,0.0,0.0
2014-05-08,0.0,0.0
2014-05-09,-0.0,0.0
2014-05-12,-0.00011296551263584707,0.6815603370909719
2014-05-13,-0.002926338144064628,0.6892976393807723
2014-05-14,0.006382636468440952,0.9179080231499784
2014-05-15,0.006905569514703677,0.3799842860972872
2014-05-16,-0.0011402072017597051,0.4455542018735157
2014-05-19,-0.0062068451651986455,0.3698382198252261
2014-05-20,0.001285555517759384,0.8700569579735445
2014-05-21,-0.00879237890197007,0.8162716427605607
2014-05-22,0.007062943015569917,1.0
2014-05-23,-0.0008317409248586318,0.7570556354576338
2014-05-27,-0.008427629603410987,0.0
2014-05-28,0.0,0.0
2014-05-29,-0.0,0.0
2014-05-30,-0.0,0.0
2014-06-02,-9.405382826599406e-05,0.5674595493965067
2014-06-03,-0.0033389643204075124,1.0
2014-06-04,-0.009122843776275737,1.0
2014-06-05,0.018057320035253014,1.0
2014-06-06,-0.011929071982326766,0.7949656332068387
2014-06-09,-0.0023114375054516536,1.0
2014-06-10,-0.005029360200261429,1.0
2014-06-11,0.014949967223988857,1.0
2014-06-12,0.021321467887835528,0.6916475571138018
2014-06-13,-0.012163051218018495,0.4996123340595991
2014-06-16,0.00425079070004438,0.6285430649647986
2014-06-17,0.01333366221484411,0.3254032872878968
2014-06-18,0.0045248969992328705,0.5361433696012178
2014-06-19,0.0038854374961204345,0.0
2014-06-20,-0.0,0.0
2014-06-23,0.0,0.0
2014-06-24,0.0,0.0
2014-06-25,-0.0,0.0
2014-06-26,-8.99121674086499e-05,0.5424714649432033
2014-06-27,0.001997050653669813,0.5287930616265775
2014-06-30,-0.004930590098613295,0.5234675358333547
2014-07-01,-0.007955418479805096,0.0
2014-07-02,-9.193698237875597e-05,0.5546878798592995
2014-07-03,0.0004481305587166431,0.5751670537373279
2014-07-07,-0.004533033978285835,0.6225305785501355
2014-07-08,-0.008298952208359998,0.5077869590187983
2014-07-09,0.000653133649848607,0.6324154463617735
2014-07-10,0.0021367631889598914,0.6429903223677816
2014-07-11,0.002544185269387155,0.3600053664550056
2014-07-14,0.0029403758349077365,0.4716907354299588
2014-07-15,-0.00027069916028499345,0.5932867621326297
2014-07-16,-0.014615117672611477,0.620373009674816
2014-07-17,-0.018578220411497218,0.0
2014-07-18,-0.0,0.0
2014-07-21,-0.0,0.0
2014-07-22,-0.0,0.0
2014-07-23,0.0,0.0
2014-07-24,-0.00013973716653519158,0.8430830623049186
2014-07-25,0.019404034179772735,0.885125019397662
2014-07-28,-0.006156770724933777,0.9104807882512684
2014-07-29,0.023914005767352534,1.0
2014-07-30,-0.005114533542642715,0.4199217428284991
2014-07-31,0.01207161543566928,0.3691124511183166
2014-08-01,-0.015198761418402703,0.0
2014-08-04,-0.0,0.0
2014-08-05,0.0,0.0
2014-08-06,0.0,0.0
2014-08-07,-5.201640672287941e-05,0.3138331236951027
2014-08-08,-0.005908025804343374,0.3653352849296919
2014-08-11,-0.0027349342011619812,0.2432740276310489
2014-08-12,-0.0011856744090932984,0.461899657670353
2014-08-13,0.009097323565620697,0.5762882524190055
2014-08-14,-0.01613940287845888,0.0
2014-08-15,-0.0,0.0
2014-08-18,-0.0,0.0
2014-08-19,0.0,0.0
2014-08-20,-5.1809132840641703e-05,0.3125825680717702
2014-08-21,0.017202727420361247,0.4111353684951989
2014-08-22,-0.0006116040849304321,0.0
2014-08-25,0.0,0.0
2014-08-26,-0.0,0.0
2014-08-27,-0.0,0.0
2014-08-28,-0.0,0.0
2014-08-29,-0.0,0.0
2014-09-02,-0.0,0.0
2014-09-03,-5.002807502921743e-05,0.3018368251100687
2014-09-04,0.0005390521860916225,0.3742167816840325
2014-09-05,0.0027556444620239367,0.3993927809471735
2014-09-08,-0.0007172612605375022,0.3336398256839523
2014-09-09,-0.003903621762302673,0.3998214390811881
2014-09-10,-0.00045433778983494937,0.3362521198945526
2014-09-11,-0.006534946754173699,0.3399088067089379
2014-09-12,0.0010658782657780536,0.4452928783021984
2014-09-15,-0.002444701639167434,0.2541626305100762
2014-09-16,-0.004032661068081193,0.0
2014-09-17,0.0,0.0
2014-09-18,0.0,0.0
2014-09-19,0.0,0.0
2014-09-22,-0.0,0.0
2014-09-23,-7.860185661438364e-05,0.4742324151865518
2014-09-24,-0.001559212449595559,0.0
2014-09-25,0.0,0.0
2014-09-26,-0.0,0.0
2014-09-29,-6.185141922358844e-05,0.3731711843019945
2014-09-30,-0.0030614035283685194,0.3821828625880513
2014-10-01,-0.022949906565352934,0.0
2014-10-02,-8.647045062968234e-05,0.5217063872365443
2014-10-03,0.0010364742175647194,0.6558682354693551
2014-10-06,0.005441935257679227,0.7381486814873562
2014-10-07,0.000500390282866715,0.8360936112232732
2014-10-08,-0.004796500099911159,0.8676023552535564
2014-10-09,-0.003888312397136901,0.7430942189175654
2014-10-10,-0.003036719432962027,0.7843657997486468
2014-10-13,-0.0004579833848126217,0.7839623639875545
2014-10-14,0.009650521280127975,0.7977798873030024
2014-10-15,-0.01633433298018305,0.938124745525952
2014-10-16,0.01881240442620317,0.7189948227141275
2014-10-17,0.01391063956106888,0.8989307536057787
2014-10-20,-0.019499414968750517,0.5528761309201056
2014-10-21,0.007611327473041258,0.9211335498002788
2014-10-22,0.0022055236192068963,0.5442624605715449
2014-10-23,0.002675508243826095,0.5472508366506991
2014-10-24,0.0016420651997640092,0.6072896030898217
2014-10-27,-0.005610041165686739,0.3826166317458583
2014-10-28,0.00483367203179885,0.7000226310229055
2014-10-29,0.008030931854520019,0.3680944774843181
2014-10-30,0.0005651958123472601,0.6746169228842264
2014-10-31,-0.0020889749181682293,0.7992245933031786
2014-11-03,-0.0007240138818264279,0.994750975247847
2014-11-04,-0.0040823332759117835,1.0
2014-11-05,-0.029638395050452196,0.8214079843682464
2014-11-06,0.042239760918355525,0.9614075279911268
2014-11-07,-0.000619957231490244,0.6184835947217475
2014-11-10,-0.0017615866708476351,0.628438701605961
2014-11-11,-0.006650404803708787,0.7112725168968069
2014-11-12,0.008573158943932345,0.7659178222614258
2014-11-13,-0.019427509625558084,0.7507055915366416
2014-11-14,0.004705688484219535,0.6291426376710011
2014-11-17,-0.006044882729244487,0.6689164870774537
2014-11-18,0.017066592806448556,0.5921419280033786
2014-11-19,-0.003397665799807881,0.7880943733160277
2014-11-20,-0.019487091984347674,0.7754288886146882
2014-11-21,0.003629974354654874,0.5053915034343899
2014-11-24,-0.00046347926763779077,0.5011704937003264
2014-11-25,0.01746910828009809,0.5174731408528523
2014-11-26,0.005657800438190559,0.5800628452044173
2014-11-28,0.018861969389193555,0.0
2014-12-01,-0.0,0.0
2014-12-02,-4.572030567250368e-05,0.2758465501459018
2014-12-03,-0.005404675381448801,0.5029328535605049
2014-12-04,5.2780086719380015e-05,0.7306472513504658
2014-12-05,0.003579505192789818,0.9059487451142176
2014-12-08,0.0034652027695347793,1.0
2014-12-09,0.002412049145260196,0.7355976269980231
2014-12-10,0.0010133250605405392,0.7362025754175561
2014-12-11,0.011526371808544874,0.7565955788679367
2014-12-12,0.01239404995006219,0.3141505146164415
2014-12-15,0.007680987247630607,0.0
2014-12-16,-0.0,0.0
2014-12-17,0.0,0.0
2014-12-18,0.0,0.0
2014-12-19,-0.0,0.0
2014-12-22,-5.770225700673449e-05,0.3481378415305526
2014-12-23,-0.002452114259005031,0.4123037618284096
2014-12-24,-0.011578889925812786,0.338424029672513
2014-12-26,0.0057491728080805524,0.9488292941099048
2014-12-29,-0.02713391495197455,0.0
2014-12-30,-0.0,0.0
2014-12-31,0.0,0.0
2015-01-02,-0.0,0.0
2015-01-05,0.0,0.0
2015-01-06,-0.00016574543219168112,1.0
2015-01-07,-0.035889651069856976,1.0
2015-01-08,0.0023313390035465524,0.0
2015-01-09,-0.0,0.0
2015-01-12,0.0,0.0
2015-01-13,-0.0,0.0
2015-01-14,0.0,0.0
2015-01-15,0.0,0.0
2015-01-16,-0.0,0.0
2015-01-20,-0.00016574543219168112,1.0
2015-01-21,-0.018672636663272145,1.0
2015-01-22,0.037282148814653325,1.0
2015-01-23,0.03300563577038859,0.9329473020225356
2015-01-26,-0.01243586271156479,0.3002166395008467
2015-01-27,0.0012639930236099741,0.6339489037053418
2015-01-28,0.018825683587217028,0.2925960102421434
2015-01-29,-0.0002003874629543922,0.4604623814502134
2015-01-30,-0.011547926447964284,0.4683591559970986
2015-02-02,0.036849452790193096,1.0
2015-02-03,-0.015301123453265033,0.248650476596769
2015-02-04,0.0007556523141912824,0.2143633410353622
2015-02-05,-0.0013379172705627477,0.2280303661574497
2015-02-06,0.0010963211528602715,0.2509600791514535
2015-02-09,-0.0009030683590529252,0.2866031860868078
2015-02-10,0.00963813389863981,0.2491555589624113
2015-02-11,0.003476975695672321,0.0
2015-02-12,0.0,0.0
2015-02-13,0.0,0.0
2015-02-17,-0.0,0.0
2015-02-18,-6.123936792109909e-05,0.3694784653268884
2015-02-19,0.018652788384431313,0.0
2015-02-20,0.0,0.0
2015-02-23,0.0,0.0
2015-02-24,-0.0,0.0
2015-02-25,0.0,0.0
2015-02-26,0.0,0.0
2015-02-27,0.0,0.0
2015-03-02,-0.0,0.0
2015-03-03,0.0,0.0
2015-03-04,-0.0,0.0
2015-03-05,-0.0,0.0
2015-03-06,0.0,0.0
2015-03-09,-0.0,0.0
2015-03-10,-0.0,0.0
2015-03-11,0.0,0.0
2015-03-12,0.0,0.0
2015-03-13,-0.0,0.0
2015-03-16,-0.0,0.0
2015-03-17,0.0,0.0
2015-03-18,0.0,0.0
2015-03-19,-0.0,0.0
2015-03-20,-0.0,0.0
2015-03-23,-0.0,0.0
2015-03-24,-0.0,0.0
2015-03-25,-0.0,0.0
2015-03-26,-0.0,0.0
2015-03-27,-0.0,0.0
2015-03-30,0.0,0.0
2015-03-31,0.0,0.0
2015-04-01,-0.0,0.0
2015-04-02,-0.0,0.0
2015-04-06,-7.626272632805926e-05,0.4601196263427818
2015-04-07,-0.005792376830716733,0.4069563121963423
2015-04-08,-0.0051445257217806436,0.3953575884028214
2015-04-09,0.002833096301910446,0.2732583613736874
2015-04-10,0.003511606710163185,0.3671771203382998
2015-04-13,-0.0004871012170120809,0.4111319502005
2015-04-14,-0.0012574287589711193,0.4091403612188905
2015-04-15,0.004769553458833872,0.4074367500033685
2015-04-16,-0.0003578136740964873,0.3930239555155215
2015-04-17,0.0023203704176299367,0.4436270130768805
2015-04-20,-0.0038974216665794664,0.385361532578303
2015-04-21,-0.0022029379582189836,0.4607317567858278
2015-04-22,0.0022362093198928694,0.4217766554584284
2015-04-23,0.006506246009835273,0.5124816889279554
2015-04-24,0.0068397937713165595,0.4096396971335435
2015-04-27,0.0004518285081854013,0.0
2015-04-28,-0.0,0.0
2015-04-29,-0.0,0.0
2015-04-30,-6.436208462970168e-05,0.3883189043501358
2015-05-01,0.0022345520014799645,0.0
2015-05-04,-0.0,0.0
2015-05-05,-0.0,0.0
2015-05-06,-0.0,0.0
2015-05-07,-9.618145567714042e-05,0.5802962676276041
2015-05-08,-0.003987747756998016,0.6108729433176082
2015-05-11,-0.0010400396118666626,0.5374787094334726
2015-05-12,0.005175673840755806,0.536027401402917
2015-05-13,0.0026000285037369474,0.6112115408875435
2015-05-14,0.008860045206174911,0.6472783001019204
2015-05-15,0.0013251765228076825,0.4965303553341761
2015-05-18,-0.002883271514870107,0.0
2015-05-19,-0.00010171798753712846,0.6137000953335513
2015-05-20,-0.0015510404636888,0.6366231093399483
2015-05-21,-0.0002095417537210697,0.6480491633826664
2015-05-22,-0.002243111333594241,0.7380753505246813
2015-05-26,-0.005743555116767714,0.8108372604037485
2015-05-27,-0.01686511562784052,0.6317440670388274
2015-05-28,0.009554833508056538,0.7943161301547621
2015-05-29,0.014383212329400819,0.3782005548404329
2015-06-01,-0.0076221940819827015,0.0
2015-06-02,-6.911134735838604e-05,0.4169728628085219
2015-06-03,0.0017732259065826187,0.4165526565593259
2015-06-04,-0.004649300589668215,0.4099954412228785
2015-06-05,0.0033195425554389648,0.3121557919894553
2015-06-08,0.0006305968406162851,0.2982023915367011
2015-06-09,0.0032741599598277928,0.4178186545168042
2015-06-10,0.00575724496340032,0.4732386356705425
2015-06-11,0.00041627980656287864,0.0
2015-06-12,-0.0,0.0
2015-06-15,-7.253068669408006e-05,0.4376029295950598
2015-06-16,0.0026734136353459533,0.5006164799868507
2015-06-17,-0.001815572871550283,0.4259539098972195
2015-06-18,-0.001052891189359827,0.4908474386770565
2015-06-19,-0.008275328503547398,0.4092034267464937
2015-06-22,-0.0045884842709398195,0.2367016405849589
2015-06-23,0.0016975117184582927,0.7450044436131559
2015-06-24,-0.0034200420068715705,0.5187001682150725
2015-06-25,-0.001060038279308591,0.8197818952575517
2015-06-26,0.004386392735979935,0.8910457453476042
2015-06-29,0.0050084611031398305,0.9732152633061604
2015-06-30,0.015763935151199653,0.7547408233652103
2015-07-01,-0.0048325901707598545,0.0
2015-07-02,0.0,0.0
2015-07-06,-0.0,0.0
2015-07-07,0.0,0.0
2015-07-08,0.0,0.0
2015-07-09,0.0,0.0
2015-07-10,-0.0,0.0
2015-07-13,-0.0,0.0
2015-07-14,-0.0,0.0
2015-07-15,-0.0,0.0
2015-07-16,-5.15068331020412e-05,0.310758688314707
2015-07-17,0.003494503854852331,0.0
2015-07-20,0.0,0.0
2015-07-21,-0.0,0.0
2015-07-22,-0.0,0.0
2015-07-23,0.0,0.0
2015-07-24,-0.0,0.0
2015-07-27,0.0,0.0
2015-07-28,-0.0,0.0
2015-07-29,-4.9741188029468464e-05,0.3001059357820981
2015-07-30,0.0015694302687480934,0.3707136835151262
2015-07-31,0.00724007450962466,0.3173903819635
2015-08-03,-0.013730600195178069,0.0
2015-08-04,-2.6660099179877465e-05,0.1608496766839716
2015-08-05,0.00010426352816148365,0.1688894773512672
2015-08-06,2.6089708109850294e-05,0.1900897542279092
2015-08-07,1.670217411105469e-05,0.1953774123547895
2015-08-10,0.003994051279182534,0.204218346173643
2015-08-11,0.0038519214610800152,0.0
2015-08-12,0.0,0.0
2015-08-13,-0.0,0.0
2015-08-14,-0.0,0.0
2015-08-17,-0.0,0.0
2015-08-18,-0.0,0.0
2015-08-19,-0.0,0.0
2015-08-20,-3.553395556680414e-05,0.214388747230836
2015-08-21,0.0013309063209425796,0.8393718829937672
2015-08-24,-0.009223984841195862,0.3997232911236546
2015-08-25,-0.01032202896238223,0.0
2015-08-26,-0.0,0.0
2015-08-27,0.0,0.0
2015-08-28,0.0,0.0
2015-08-31,0.0,0.0
2015-09-01,-0.0,0.0
2015-09-02,0.0,0.0
2015-09-03,-0.0,0.0
2015-09-04,-0.0,0.0
2015-09-08,-0.0,0.0
2015-09-09,-0.0,0.0
2015-09-10,-0.0,0.0
2015-09-11,0.0,0.0
2015-09-14,-0.00012052796000128171,0.7271872196267666
2015-09-15,0.0018944901819020464,0.0
2015-09-16,-0.0,0.0
2015-09-17,-0.0,0.0
2015-09-18,0.0,0.0
2015-09-21,-0.0,0.0
2015-09-22,0.0,0.0
2015-09-23,0.0,0.0
2015-09-24,-0.0,0.0
2015-09-25,0.0,0.0
2015-09-28,-0.00016574543219168112,1.0
2015-09-29,-0.0024311776922726477,0.8760843237733982
2015-09-30,0.020990565530601735,0.9146304194478986
2015-10-01,-0.003708367396110974,1.0
2015-10-02,-0.03380462385931645,0.0
2015-10-05,0.0,0.0
2015-10-06,0.0,0.0
2015-10-07,-0.0,0.0
2015-10-08,-0.00016574543219168112,1.0
2015-10-09,-0.0023965559622411104,1.0
2015-10-12,-0.019335661691832533,1.0
2015-10-13,-0.01811822862631038,0.0
2015-10-14,0.0,0.0
2015-10-15,0.0,0.0
2015-10-16,-0.0,0.0
2015-10-19,-0.00016574543219168112,1.0
2015-10-20,0.027126784255162135,1.0
2015-10-21,0.011130174249462887,1.0
2015-10-22,0.019512089987775542,1.0
2015-10-23,0.014240507243506959,1.0
2015-10-26,-0.005773965758906927,1.0
2015-10-27,0.019675767779428078,1.0
2015-10-28,-0.0039322788645816155,0.8030843620990431
2015-10-29,-0.005679871610312526,0.8658619861343723
2015-10-30,0.03224254616921692,0.8601258080494801
2015-11-02,-0.0065191518315205815,0.6051208076570727
2015-11-03,0.017060644003253043,0.6388444700713096
2015-11-04,-0.01392972977294351,0.2570276890665045
2015-11-05,0.00012897880897133902,0.5976829667993444
2015-11-06,0.019066844460265173,0.2796201887770281
2015-11-09,0.0020729761713626344,0.2937463648179397
2015-11-10,-0.003538489379427261,0.307196252170342
2015-11-11,-0.001361170826398541,0.3152503277335791
2015-11-12,-0.007886708952040357,0.0
2015-11-13,-0.0,0.0
2015-11-16,-0.0,0.0
2015-11-17,0.0,0.0
2015-11-18,-0.00010160344172016789,0.6130090004692575
2015-11-19,0.010368819654190538,0.297736121839044
2015-11-20,0.0015021047653465684,0.2989845387335473
2015-11-23,-0.004793126471048657,0.4178534937011021
2015-11-24,0.013642327826137697,0.2960734848029271
2015-11-25,0.000229517462828732,0.4581731493810299
2015-11-27,0.004961483049717894,0.4615205362237893
2015-11-30,-0.01103079814761032,0.3874963028283874
2015-12-01,0.003236609016325535,0.4654612589261787
2015-12-02,-0.0099801058122205,0.0
2015-12-03,-0.0,0.0
2015-12-04,0.0,0.0
2015-12-07,-0.0,0.0
2015-12-08,-7.151890641051345e-05,0.4314985062623946
2015-12-09,0.00829399525636984,0.316569954776462
2015-12-10,0.011165496888866948,0.4989546366425734
2015-12-11,0.0006294376834609421,0.0
2015-12-14,-0.0,0.0
2015-12-15,-7.148342479339274e-05,0.431284433291354
2015-12-16,0.009701699496718954,0.2615249935455717
2015-12-17,0.007324791709934154,0.4199406695516588
2015-12-18,0.005516545285901619,0.0
2015-12-21,-0.0,0.0
2015-12-22,-6.0761184929786684e-05,0.3665934205626994
2015-12-23,0.0075471017670736325,0.5743682357663851
2015-12-24,-0.002794422434213266,0.1793486856373224
2015-12-28,0.0010220210154807726,0.1776899734832517
2015-12-29,0.0028130155482187524,0.2071878207656028
2015-12-30,-0.0034151842035483283,0.2873131497636432
2015-12-31,0.005912996017931607,0.2071571502963975
2016-01-04,-1.26577464712986e-06,0.4887590345332949
2016-01-05,-0.0020161378192650853,0.2906387159754229
2016-01-06,-0.008502552882187014,0.2903124213296892
2016-01-07,0.00025883034499641234,0.5740276363479621
2016-01-08,-0.007856294175628645,0.0
2016-01-11,0.0,0.0
2016-01-12,-0.0,0.0
2016-01-13,-0.0,0.0
2016-01-14,-0.0,0.0
2016-01-15,-0.0,0.0
2016-01-19,0.0,0.0
2016-01-20,0.0,0.0
2016-01-21,-0.0,0.0
2016-01-22,0.0,0.0
2016-01-25,-0.00016574543219168112,1.0
2016-01-26,-0.004315110386179043,1.0
2016-01-27,-0.002159489462874334,1.0
2016-01-28,0.002297534720845938,1.0
2016-01-29,0.015437709714557981,1.0
2016-02-01,0.029553326660308906,0.0
2016-02-02,-0.00016574543219168112,1.0
2016-02-03,-0.028089926451495658,0.0
2016-02-04,0.0,0.0
2016-02-05,-0.00016574543219168112,1.0
2016-02-08,-0.00019482217631981003,0.0
2016-02-09,-0.00016574543219168112,1.0
2016-02-10,0.045746533084825514,0.0
2016-02-11,-0.00016365604243249145,0.9873939828593896
2016-02-12,0.02316651024315941,1.0
2016-02-16,-0.059069379155653134,0.0
2016-02-17,0.0,0.0
2016-02-18,-0.0,0.0
2016-02-19,0.0,0.0
2016-02-22,-0.0,0.0
2016-02-23,-0.0,0.0
2016-02-24,0.0,0.0
2016-02-25,0.0,0.0
2016-02-26,-0.0,0.0
2016-02-29,-0.0001266724749116443,0.7642592211239966
2016-03-01,0.14258757548422296,0.0
2016-03-02,-5.8948981285761244e-05,0.3556597639299927
2016-03-03,-0.0005034070009529883,0.2386753393314868
2016-03-04,0.0009693040947230207,0.2499700204335755
2016-03-07,0.0036194325826826483,0.2599323195555252
2016-03-08,0.006067157491691158,0.2414998242032806
2016-03-09,0.005691795717980588,0.2412171387993243
2016-03-10,-0.0037249446570778106,0.1832534400326746
2016-03-11,-0.002020241441506607,0.236027100721006
2016-03-14,0.002153857279408027,0.2616541510847466
2016-03-15,0.0009916466439086422,0.2509229583219057
2016-03-16,-0.005842825182581499,0.2795402558613846
2016-03-17,-0.005052493021282815,0.0
2016-03-18,0.0,0.0
2016-03-21,0.0,0.0
2016-03-22,-0.0,0.0
2016-03-23,-4.8847619361913185e-05,0.2947147243577097
2016-03-24,0.0031943513309219515,0.3177066337941523
2016-03-28,-0.0007108279870029346,0.3298734139050247
2016-03-29,0.002196057138048924,0.3365110874593839
2016-03-30,-0.0027958010243462196,0.3494637348016842
2016-03-31,0.0002977905718032039,0.5684764535857295
2016-04-01,0.0010928286547832629,0.5910772178820939
2016-04-04,-0.002063963800264275,0.5869515331198715
2016-04-05,-0.00380031800449444,0.5842138154677687
2016-04-06,-0.004809787913222272,0.573298128363556
2016-04-07,-0.00094491248557901,0.6057164998659413
2016-04-08,0.009673044958193718,0.6766461275084275
2016-04-11,0.009603187481165638,0.6843095426632251
2016-04-12,-0.002587514849020905,0.5026123863383211
2016-04-13,0.0011635889715015725,0.6325211358620255
2016-04-14,-0.006481423109740458,0.5178382805131142
2016-04-15,-0.003877833134704715,0.6805035218212552
2016-04-18,-0.0007498396340362625,0.7724468306820128
2016-04-19,0.004133301574299054,0.7916811659984386
2016-04-20,0.002406125326334333,0.7512882852072855
2016-04-21,-0.010138580825265864,0.7621190991540603
2016-04-22,-3.9253224733840836e-05,0.7524797823985099
2016-04-25,0.004492064641034033,0.818406411545603
2016-04-26,0.009939192265611565,0.7428127794978702
2016-04-27,-0.0030476444812316678,0.0
2016-04-28,0.0,0.0
2016-04-29,-0.0,0.0
2016-05-02,-0.00011213850583260363,0.6765707166090751
2016-05-03,-0.008068683174628541,0.6753096272096837
2016-05-04,-0.010519566234669299,0.6934741328703589
2016-05-05,-0.005032064703149959,0.6783974219960457
2016-05-06,-0.0011653503476233723,0.0
2016-05-09,-0.0,0.0
2016-05-10,0.0,0.0
2016-05-11,0.0,0.0
2016-05-12,-8.202897609676333e-05,0.4949094223115554
2016-05-13,0.007027901324215565,0.53380625031585
2016-05-16,-0.004965108030759367,0.0
2016-05-17,-7.693536723091229e-05,0.4641779035090146
2016-05-18,0.00652493869111827,0.0
2016-05-19,-0.0,0.0
2016-05-20,0.0,0.0
2016-05-23,-0.0,0.0
2016-05-24,-0.0,0.0
2016-05-25,-0.0,0.0
2016-05-26,-5.598370795895762e-05,0.3377692357410722
2016-05-27,0.002488835171878659,0.4225198121791454
2016-05-31,-0.0015682712031365195,0.4034011933832622
2016-06-01,0.0009169563615006861,0.4037808305406701
2016-06-02,0.003938331371451292,0.3438554496687433
2016-06-03,-0.003274946877017034,0.0
2016-06-06,-5.812550006229878e-05,0.3506914145006505
2016-06-07,-0.0011716212770990528,0.3962469875708425
2016-06-08,0.003332238284289712,0.4531326784993832
2016-06-09,0.0030911482897100153,0.4318394887197787
2016-06-10,-0.005308027352081218,0.519236702103527
2016-06-13,-0.004749292677437165,0.4888199986420546
2016-06-14,-0.0019289173916300785,0.8315657042306375
2016-06-15,-0.006597375315982448,0.8553603071058636
2016-06-16,0.0003127482359252901,1.0
2016-06-17,0.003369185457511119,1.0
2016-06-20,0.027863632207809044,1.0
2016-06-21,0.012924034701366202,0.55731349813683
2016-06-22,-0.0064454298282709925,0.4065219606211006
2016-06-23,-0.0027115747865624233,0.509696993422354
2016-06-24,-0.0065975758089516215,0.5205732430458717
2016-06-27,-0.00438105412572078,0.0
2016-06-28,-0.0,0.0
2016-06-29,-0.0,0.0
2016-06-30,0.0,0.0
2016-07-01,-0.00016574543219168112,1.0
2016-07-05,-0.019136493775084085,1.0
2016-07-06,-0.007553716073647129,1.0
2016-07-07,-0.011113221921683958,0.0
2016-07-08,-0.0,0.0
2016-07-11,0.0,0.0
2016-07-12,-0.0,0.0
2016-07-13,-0.00016574543219168112,1.0
2016-07-14,0.009464842347073206,1.0
2016-07-15,-0.003859685378488315,1.0
2016-07-18,-0.012139894467781074,1.0
2016-07-19,0.008077696617534118,1.0
2016-07-20,-0.007519051405961385,1.0
2016-07-21,-0.012550536931577887,1.0
2016-07-22,0.012982972527273047,1.0
2016-07-25,-0.004777242126673477,1.0
2016-07-26,0.013972488430073374,1.0
2016-07-27,-0.002438785557945987,1.0
2016-07-28,0.0002417035077365363,1.0
2016-07-29,0.0008019176421419523,1.0
2016-08-01,0.019697211830870767,1.0
2016-08-02,0.019487564303051878,1.0
2016-08-03,0.0036585679673846213,0.6265660118899224
2016-08-04,-0.0008550815810018017,0.6429036216591927
2016-08-05,0.0036953882926414557,0.6827630978289068
2016-08-08,-0.020461033810779912,0.6919680165957816
2016-08-09,-0.006306959463328114,0.0
2016-08-10,-0.0,0.0
2016-08-11,0.0,0.0
2016-08-12,-0.0,0.0
2016-08-15,-0.00016574543219168112,1.0
2016-08-16,-0.0016073815026186296,1.0
2016-08-17,0.022927487116659956,1.0
2016-08-18,0.004265949029073872,0.6152035417500118
2016-08-19,0.003749347937473777,0.6421661267421246
2016-08-22,0.003011196070145742,0.6239255640284408
2016-08-23,-0.006230970507743105,0.0
2016-08-24,-0.00010544980181117782,0.6362154324063042
2016-08-25,-0.004813784558350343,0.0
2016-08-26,-0.0,0.0
2016-08-29,-0.0,0.0
2016-08-30,-8.221810713763303e-05,0.4960505158451691
2016-08-31,-0.0023597191365304967,0.5332655990586704
2016-09-01,-0.032963170179458684,0.0
2016-09-02,-6.778901491664774e-05,0.4089947699932817
2016-09-06,8.177168659672896e-05,0.4146098964849087
2016-09-07,0.004003674876561141,0.4633314027950351
2016-09-08,0.006572761419971686,0.0
2016-09-09,-0.0,0.0
2016-09-12,0.0,0.0
2016-09-13,0.0,0.0
2016-09-14,0.0,0.0
2016-09-15,0.0,0.0
2016-09-16,0.0,0.0
2016-09-19,-0.0,0.0
2016-09-20,-0.0,0.0
2016-09-21,-0.0,0.0
2016-09-22,-0.0,0.0
2016-09-23,0.0,0.0
2016-09-26,-0.0,0.0
2016-09-27,0.0,0.0
2016-09-28,0.0,0.0
2016-09-29,-0.0,0.0
2016-09-30,0.0,0.0
2016-10-03,-0.0,0.0
2016-10-04,0.0,0.0
2016-10-05,-0.0,0.0
2016-10-06,-0.0,0.0
2016-10-07,-0.0,0.0
2016-10-11,-0.0,0.0
2016-10-12,-0.0,0.0
2016-10-13,0.0,0.0
2016-10-14,0.0,0.0
2016-10-17,0.0,0.0
2016-10-18,0.0,0.0
2016-10-19,-0.0,0.0
2016-10-20,0.0,0.0
2016-10-21,0.0,0.0
2016-10-24,-0.0,0.0
2016-10-25,0.0,0.0
2016-10-26,0.0,0.0
2016-10-27,-0.0,0.0
2016-10-28,0.0,0.0
2016-10-31,0.0,0.0
2016-11-01,0.0,0.0
2016-11-02,-0.0,0.0
2016-11-03,-0.0,0.0
2016-11-04,-0.0,0.0
2016-11-07,-0.0,0.0
2016-11-08,-0.0,0.0
2016-11-09,-0.0,0.0
2016-11-10,0.0,0.0
2016-11-14,-0.0,0.0
2016-11-15,-8.339768687698739e-05,0.5031673318185496
2016-11-16,-0.003910467198922672,0.5109659272163741
2016-11-17,0.011975833268271636,0.5377852577232635
2016-11-18,-0.0029594595072618213,0.4031892033662737
2016-11-21,0.007135012508412156,0.4940004146081566
2016-11-22,-0.0017680176887932212,0.0
2016-11-23,0.0,0.0
2016-11-25,-0.0,0.0
2016-11-28,0.0,0.0
2016-11-29,0.0,0.0
2016-11-30,0.0,0.0
2016-12-01,0.0,0.0
2016-12-02,-0.0,0.0
2016-12-05,-0.0,0.0
2016-12-06,-0.0,0.0
2016-12-07,0.0,0.0
2016-12-08,-0.0,0.0
2016-12-09,-0.0,0.0
2016-12-12,0.0,0.0
2016-12-13,0.0,0.0
2016-12-14,0.0,0.0
2016-12-15,0.0,0.0
2016-12-16,-0.0,0.0
2016-12-19,-0.0,0.0
2016-12-20,0.0,0.0
2016-12-21,-0.0,0.0
2016-12-22,-0.0,0.0
2016-12-23,0.0,0.0
2016-12-27,0.0,0.0
2016-12-28,0.0,0.0
2016-12-29,0.0,0.0
2016-12-30,-0.0,0.0
2017-01-03,-0.0,0.0
2017-01-04,-0.0,0.0
2017-01-05,-0.0,0.0
2017-01-06,-0.0,0.0
2017-01-09,-0.0,0.0
2017-01-10,0.0,0.0
2017-01-11,0.0,0.0
2017-01-12,0.0,0.0
2017-01-13,0.0,0.0
2017-01-17,-0.0,0.0
2017-01-18,-0.0,0.0
2017-01-19,-0.0,0.0
2017-01-20,0.0,0.0
2017-01-23,-0.00013239805721174613,0.7988036560708148
2017-01-24,0.0005928595939539803,1.0
2017-01-25,-0.030464577341545306,1.0
2017-01-26,-0.0018667147928342997,1.0
2017-01-27,-0.002900384595855366,1.0
2017-01-30,-0.005301698937949987,0.0
2017-01-31,0.0,0.0
2017-02-01,0.0,0.0
2017-02-02,-0.0,0.0
2017-02-03,0.0,0.0
2017-02-06,-0.0,0.0
2017-02-07,0.0,0.0
2017-02-08,0.0,0.0
2017-02-09,-0.00016574543219168112,1.0
2017-02-10,0.0005937381887471641,1.0
2017-02-13,-0.021054792343543932,1.0
2017-02-14,-0.001434685204709864,1.0
2017-02-15,0.0003869388969447149,1.0
2017-02-16,-0.022979083378110367,0.0
2017-02-17,-0.0,0.0
2017-02-21,-0.0,0.0
2017-02-22,0.0,0.0
2017-02-23,-0.00016574543219168112,1.0
2017-02-24,-0.004007458532366252,1.0
2017-02-27,0.011289926016558125,1.0
2017-02-28,-0.0210266057588954,1.0
2017-03-01,0.1273293061687038,0.0
2017-03-02,-0.00012500623172216692,0.7542061948206806
2017-03-03,-0.004703599259510959,0.8307445425070479
2017-03-06,0.017262152063770964,0.8901242094107292
2017-03-07,0.008939902705683025,0.8121810518960941
2017-03-08,0.02596340345535263,0.8357054303493716
2017-03-09,-0.003595613351836226,0.2096289192899071
2017-03-10,-0.0012863020944699724,0.4303146075360963
2017-03-13,-0.005014606888060603,0.4251853776992256
2017-03-14,0.006274659990056183,0.579793982063349
2017-03-15,-0.011400328014444025,0.4177455949583584
2017-03-16,0.0028027546752652493,0.5580366330824775
2017-03-17,0.001970297306782651,0.3885783343498277
2017-03-20,0.008405515436935348,0.4091391314658859
2017-03-21,0.004874578086217002,0.1818652551901558
2017-03-22,-0.0033736407361376537,0.2058638157546159
2017-03-23,-0.0004186033079316474,0.2201839907956865
2017-03-24,0.0011568995981910914,0.2195938565849426
2017-03-27,0.0030486089137062096,0.1874653067712688
2017-03-28,2.2196620040071792e-05,0.1996496021711233
2017-03-29,0.0009810911531797047,0.2107284345730136
2017-03-30,-0.0014521207564428022,0.3102107340096464
2017-03-31,0.0028569863047526404,0.3106822791326968
2017-04-03,0.00021540674575555092,0.3029072041469661
2017-04-04,0.0022005425949982596,0.3285953292649944
2017-04-05,-0.0008582709653387084,0.2681035962985689
2017-04-06,-0.00010555086522439333,0.3755324254208301
2017-04-07,0.0009539417908328288,0.3826417461435702
2017-04-10,-0.0016660847987363212,0.3163844544421638
2017-04-11,-0.001614311769575438,0.4008172505133014
2017-04-12,-0.0009844914221553804,0.4203698517374657
2017-04-13,-0.0021904499252399273,0.4668901089453475
2017-04-17,-0.0010697157400029618,0.4668322893988375
2017-04-18,-0.0012616945067197255,0.4689472204394938
2017-04-19,-0.00045737183805073697,0.53817670074681
2017-04-20,0.004296200916331826,0.591023984262661
2017-04-21,-0.004502648920783904,0.6450286393041222
2017-04-24,-0.004554767467308596,0.6012129753487686
2017-04-25,-0.00262910033434555,0.5389665917781551
2017-04-26,-0.010384408686581715,0.0
2017-04-27,-0.0,0.0
2017-04-28,-0.0,0.0
2017-05-01,-0.0,0.0
2017-05-02,0.0,0.0
2017-05-03,0.0,0.0
2017-05-04,-0.0,0.0
2017-05-05,0.0,0.0
2017-05-08,-0.00013833544666162846,0.8346259974251823
2017-05-09,-0.006912865777814582,0.4382902766068235
2017-05-10,0.0034669369929021883,0.7821674627490743
2017-05-11,0.005018635571846833,0.4198114156413213
2017-05-12,0.0034735331640491536,0.3518788077009219
2017-05-15,-0.0016635526553813163,0.3751273154949221
2017-05-16,0.003929505346279277,0.369939481509745
2017-05-17,-0.001569623419860918,0.3536314396643869
2017-05-18,-9.9517244498877e-05,0.3470324403899158
2017-05-19,0.005705902367719992,0.3656297875790967
2017-05-22,0.0010981107418012702,0.0
2017-05-23,-0.0,0.0
2017-05-24,-4.599851455952949e-05,0.2775250813932742
2017-05-25,0.002574409880821066,0.311011341102799
2017-05-26,0.0012026384627527767,0.0
2017-05-30,-0.0,0.0
2017-05-31,0.0,0.0
2017-06-01,-0.0,0.0
2017-06-02,-0.0,0.0
2017-06-05,-0.0,0.0
2017-06-06,-6.406205628040324e-05,0.3865087286768656
2017-06-07,-1.4771029127239965e-06,0.365431095647935
2017-06-08,0.0012542230635741011,0.3873413838746227
2017-06-09,0.0015235314688979023,0.4339578738602295
2017-06-12,-0.005950762326512495,0.0
2017-06-13,0.0,0.0
2017-06-14,-0.0,0.0
2017-06-15,0.0,0.0
2017-06-16,0.0,0.0
2017-06-19,-6.328999201047654e-05,0.3818505956610468
2017-06-20,-1.8466062938564976e-05,0.4153161724744755
2017-06-21,-0.0008138915151675218,0.4245864309085712
2017-06-22,0.004662229909363052,0.4647377167614083
2017-06-23,-0.002591434507771281,0.3561494694100398
2017-06-26,-0.000881464801734144,0.4490270576435937
2017-06-27,0.0017914362649173328,0.4542995483043274
2017-06-28,0.0039050590657929243,0.4515551950624082
2017-06-29,0.0004396700111289184,0.0
2017-06-30,0.0,0.0
2017-07-03,0.0,0.0
2017-07-05,0.0,0.0
2017-07-06,0.0,0.0
2017-07-07,-0.0,0.0
2017-07-10,-0.0,0.0
2017-07-11,0.0,0.0
2017-07-12,-0.0,0.0
2017-07-13,-0.0,0.0
2017-07-14,0.0,0.0
2017-07-17,0.0,0.0
2017-07-18,0.0,0.0
2017-07-19,0.0,0.0
2017-07-20,-0.0,0.0
2017-07-21,-0.0,0.0
2017-07-24,-0.0,0.0
2017-07-25,0.0,0.0
2017-07-26,0.0,0.0
2017-07-27,0.0,0.0
2017-07-28,0.0,0.0
2017-07-31,0.0,0.0
2017-08-01,-0.0,0.0
2017-08-02,-0.0,0.0
2017-08-03,-0.0,0.0
2017-08-04,-0.0,0.0
2017-08-07,-0.0,0.0
2017-08-08,-0.0,0.0
2017-08-09,-0.0,0.0
2017-08-10,0.0,0.0
2017-08-11,0.0,0.0
2017-08-14,-0.0,0.0
2017-08-15,0.0,0.0
2017-08-16,-0.0,0.0
2017-08-17,0.0,0.0
2017-08-18,0.0,0.0
2017-08-21,-0.0,0.0
2017-08-22,0.0,0.0
2017-08-23,0.0,0.0
2017-08-24,0.0,0.0
2017-08-25,-0.0,0.0
2017-08-28,0.0,0.0
2017-08-29,0.0,0.0
2017-08-30,0.0,0.0
2017-08-31,0.0,0.0
2017-09-01,-0.0,0.0
2017-09-05,-0.0,0.0
2017-09-06,-0.0,0.0
2017-09-07,0.0,0.0
2017-09-08,0.0,0.0
2017-09-11,-0.0,0.0
2017-09-12,0.0,0.0
2017-09-13,-0.0,0.0
2017-09-14,-0.0,0.0
2017-09-15,0.0,0.0
2017-09-18,-0.0,0.0
2017-09-19,-0.0,0.0
2017-09-20,-0.0,0.0
2017-09-21,-0.0,0.0
2017-09-22,0.0,0.0
2017-09-25,0.0,0.0
2017-09-26,-0.0,0.0
2017-09-27,-0.0,0.0
2017-09-28,-0.0,0.0
2017-09-29,-0.0,0.0
2017-10-02,-0.0,0.0
2017-10-03,0.0,0.0
2017-10-04,0.0,0.0
2017-10-05,0.0,0.0
2017-10-06,-0.0,0.0
2017-10-09,-0.0,0.0
2017-10-10,-0.0,0.0
2017-10-11,0.0,0.0
2017-10-12,-0.0,0.0
2017-10-13,0.0,0.0
2017-10-16,-0.0,0.0
2017-10-17,0.0,0.0
2017-10-18,0.0,0.0
2017-10-19,0.0,0.0
2017-10-20,0.0,0.0
2017-10-23,-0.0,0.0
2017-10-24,0.0,0.0
2017-10-25,0.0,0.0
2017-10-26,0.0,0.0
2017-10-27,-0.0,0.0
2017-10-30,-0.0,0.0
2017-10-31,0.0,0.0
2017-11-01,-0.0,0.0
2017-11-02,0.0,0.0
2017-11-03,0.0,0.0
2017-11-06,0.0,0.0
2017-11-07,-0.0,0.0
2017-11-08,0.0,0.0
2017-11-09,-0.0,0.0
2017-11-10,0.0,0.0
2017-11-13,-0.0,0.0
2017-11-14,-0.0,0.0
2017-11-15,-0.0,0.0
2017-11-16,-4.285417658111098e-05,0.2585541937081151
2017-11-17,0.0003169472933710667,0.311272422966517
2017-11-20,0.0011203669467826855,0.3509238014523535
2017-11-21,0.0007292633731875706,0.3700672804447784
2017-11-22,-0.0080289743860031,0.4123265733811346
2017-11-24,-0.0005521212853627417,0.3504593996910929
2017-11-27,0.004498531937685068,0.3610287822960806
2017-11-28,-0.001879287612443963,0.3715237167520656
2017-11-29,-0.0051709727070906415,0.366673631167391
2017-11-30,-0.003537608627784584,0.0
2017-12-01,0.0,0.0
2017-12-04,-0.0,0.0
2017-12-05,0.0,0.0
2017-12-06,-0.0,0.0
2017-12-07,0.0,0.0
2017-12-08,0.0,0.0
2017-12-11,-5.205513820175896e-05,0.3140668042155617
2017-12-12,-0.0011054518192807397,0.3143379191508041
2017-12-13,-0.007214705683202972,0.3275225679938641
2017-12-14,0.0017425715848045798,0.7578495606643731
2017-12-15,-0.010911653843917098,0.7525065612502085
2017-12-18,0.012895759802532804,1.0
2017-12-19,0.010661992957058507,0.685795106717288
2017-12-20,0.006514611375704229,0.4721838314552936
2017-12-21,0.0013623725663725937,0.2501181712386885
2017-12-22,0.002669036702049777,0.2769936652605758
2017-12-26,0.000758849962883119,0.2283221287503146
2017-12-27,0.002102566537350619,0.2416924454502317
2017-12-28,3.7802200704141676e-05,0.2380469698662526
2017-12-29,-0.0003548761188221179,0.2572426706846252
2018-01-02,-1.3305898541792917e-06,0.5137864105297948
2018-01-03,0.0010290406626939598,0.9246068434964868
2018-01-04,-0.004706143105417278,1.0
2018-01-05,-0.005030317778560013,1.0
2018-01-08,-0.005860065649540937,0.0
2018-01-09,0.0,0.0
2018-01-10,-0.0,0.0
2018-01-11,-0.0,0.0
2018-01-12,-0.0,0.0
2018-01-16,-0.00016574543219168112,1.0
2018-01-17,0.007420997352291594,1.0
2018-01-18,0.011451076410921282,1.0
2018-01-19,-0.00043416779604183044,1.0
2018-01-22,0.005910691567887094,1.0
2018-01-23,0.004224236062463167,1.0
2018-01-24,-0.011855504424021623,1.0
2018-01-25,0.0037262032423347764,1.0
2018-01-26,0.005225218460292215,1.0
2018-01-29,0.0011989758446353965,1.0
2018-01-30,-0.009474945144514559,1.0
2018-01-31,0.0013752927861105288,1.0
2018-02-01,-0.020566145154463762,1.0
2018-02-02,-0.015785707162442545,0.0
2018-02-05,0.0,0.0
2018-02-06,-0.0,0.0
2018-02-07,-0.0,0.0
2018-02-08,0.0,0.0
2018-02-09,-0.00016574543219168112,1.0
2018-02-12,-0.01813782154506945,0.0
2018-02-13,0.0,0.0
2018-02-14,0.0,0.0
2018-02-15,-0.0,0.0
2018-02-16,0.0,0.0
2018-02-20,-0.00016574543219168112,1.0
2018-02-21,0.00995345073672653,1.0
2018-02-22,-0.011935499030210937,1.0
2018-02-23,0.013827120462782679,1.0
2018-02-26,0.008149321339038217,1.0
2018-02-27,-0.001581519455576355,1.0
2018-02-28,-0.013142544964506068,1.0
2018-03-01,0.0914688185458228,1.0
2018-03-02,-0.004492072651972035,0.8358305016697978
2018-03-05,-0.0026226316183959246,0.8978819233086625
2018-03-06,0.00022271513087563342,0.9521603199300868
2018-03-07,0.008406076871644423,0.9607638971047964
2018-03-08,-0.007775863882546528,0.9487363461031768
2018-03-09,-0.010201851109127438,0.9909410670659206
2018-03-12,0.001756168421222486,0.9873873063304702
2018-03-13,0.011485219751850125,1.0
2018-03-14,0.020319696770563826,1.0
2018-03-15,-0.002748941002794413,0.6827551030120671
2018-03-16,-0.003958713606130657,0.6760837093408649
2018-03-19,-0.004917081446690855,0.6579063444264467
2018-03-20,0.005065662419764476,0.6560724188705978
2018-03-21,0.0035210902002291563,0.6331025583194149
2018-03-22,0.007476360121333552,0.4539668115027522
2018-03-23,-0.004539536887514209,0.2497122323505612
2018-03-26,-0.0016903388629894635,0.4551423240978756
2018-03-27,0.00398568559902099,0.4556459284664425
2018-03-28,0.005637717391769618,0.0
2018-03-29,-3.992622306992297e-05,0.2408888289830389
2018-04-02,-0.0008347970097707847,0.3637259006009455
2018-04-03,-0.00043242162683824575,0.3639327296066571
2018-04-04,-0.00020273060793969436,0.3672975927893041
2018-04-05,-0.0002951254223200864,0.3663073507619965
2018-04-06,0.002901598813326782,0.3844619449856496
2018-04-09,4.2831353503931236e-05,0.2833425934666335
2018-04-10,0.0021161760609894366,0.0
2018-04-11,-0.0,0.0
2018-04-12,-5.00951876495081e-05,0.3022417389554659
2018-04-13,0.001063663810496819,0.3169033733762192
2018-04-16,0.00019564480996228062,0.313228696767811
2018-04-17,-0.0023319212937681897,0.3255945537843004
2018-04-18,-0.003871158952344242,0.4315852209572106
2018-04-19,0.004884013800961384,0.7437167087330755
2018-04-20,0.007551031193040441,0.3886756317843964
2018-04-23,0.004880027833865269,0.0
2018-04-24,-0.0,0.0
2018-04-25,-0.0,0.0
2018-04-26,0.0,0.0
2018-04-27,0.0,0.0
2018-04-30,-0.0,0.0
2018-05-01,-0.0,0.0
2018-05-02,-4.385208689024257e-05,0.2645749346476728
2018-05-03,-0.0017450723790337589,0.2417796054165285
2018-05-04,0.00011567089655443331,0.2320013441181098
2018-05-07,-6.257308961230838e-05,0.2438759991283571
2018-05-08,0.0025838924184263573,0.2436773863248649
2018-05-09,0.001259837911843964,0.0
2018-05-10,0.0,0.0
2018-05-11,0.0,0.0
2018-05-14,0.0,0.0
2018-05-15,-0.0,0.0
2018-05-16,0.0,0.0
2018-05-17,-0.0,0.0
2018-05-18,-0.0,0.0
2018-05-21,-0.0,0.0
2018-05-22,0.0,0.0
2018-05-23,0.0,0.0
2018-05-24,0.0,0.0
2018-05-25,0.0,0.0
2018-05-29,-0.0,0.0
2018-05-30,0.0,0.0
2018-05-31,-0.0,0.0
2018-06-01,0.0,0.0
2018-06-04,0.0,0.0
2018-06-05,-0.0,0.0
2018-06-06,-0.0,0.0
2018-06-07,0.0,0.0
2018-06-08,0.0,0.0
2018-06-11,-0.0,0.0
2018-06-12,-0.0,0.0
2018-06-13,0.0,0.0
2018-06-14,-0.0,0.0
2018-06-15,-0.0,0.0
2018-06-18,0.0,0.0
2018-06-19,0.0,0.0
2018-06-20,-0.0,0.0
2018-06-21,-2.7622059741865295e-05,0.1666535202606399
2018-06-22,-0.0015111783377009154,0.1665162243532582
2018-06-25,-0.00094233804009839,0.0
2018-06-26,-0.0,0.0
2018-06-27,0.0,0.0
2018-06-28,-0.0,0.0
2018-06-29,0.0,0.0
2018-07-02,-3.1097014793663674e-05,0.1876191360598109
2018-07-03,0.0007443127048432728,0.6539520430821077
2018-07-05,0.0183137222204028,0.6984115298865874
2018-07-06,-0.01825162422380362,0.4073234033447089
2018-07-09,0.009891664541894586,0.5806846302625439
2018-07-10,0.004282683534575601,0.3611084780261731
2018-07-11,-0.004603855105035864,0.2581217254575548
2018-07-12,0.0029102769614197,0.514875541116281
2018-07-13,0.00404718780919926,0.2626042902380398
2018-07-16,-0.005161551051462093,0.1545567235529604
2018-07-17,0.0023923426394960082,0.5581780738400117
2018-07-18,0.001142001375725366,0.2766329749915255
2018-07-19,-0.0037656947899950806,0.2776077026553038
2018-07-20,-0.00047294695362519435,0.4175743258734902
2018-07-23,0.026887580483994165,0.4192162799140975
2018-07-24,-0.002514379895058825,0.0
2018-07-25,-1.584708139418807e-05,0.0956109690906052
2018-07-26,0.0020379179748230866,0.0
2018-07-27,0.0,0.0
2018-07-30,-0.0,0.0
2018-07-31,-0.0,0.0
2018-08-01,-0.0,0.0
2018-08-02,-1.8502990030248222e-05,0.1116349922020753
2018-08-03,0.0006356389527388911,0.1633916703828481
2018-08-06,-0.001022458623645942,0.1315228446174712
2018-08-07,0.0030580069592584702,0.1895037800485303
2018-08-08,-0.0028901846828801605,0.1348933729349145
2018-08-09,-0.0010891497381631443,0.1319229368164374
2018-08-10,0.0014964697504973358,0.179102491475452
2018-08-13,-0.000921836501178178,0.0
2018-08-14,0.0,0.0
2018-08-15,0.0,0.0
2018-08-16,-0.0,0.0
2018-08-17,-0.0,0.0
2018-08-20,-2.9814620427680724e-05,0.1798820035848727
2018-08-21,-0.0020948745099714193,0.1611944286478761
2018-08-22,0.00404323596896586,0.2115909966649653
2018-08-23,-0.0004207398194392438,0.1459294499038038
2018-08-24,1.9075398260413515e-05,0.157079793936554
2018-08-27,0.0009289063037777308,0.1642970714509232
2018-08-28,-4.0330461802460985e-05,0.157956173149854
2018-08-29,0.0005605667295788603,0.1772435283951918
2018-08-30,0.0011660053495889263,0.1815640477090255
2018-08-31,0.0010411699500782578,0.0
2018-09-04,-0.0,0.0
2018-09-05,-2.3833070854668196e-05,0.1437932288058797
2018-09-06,0.0004915728402026762,0.161555713797402
2018-09-07,0.0018208921031869995,0.1703431399666235
2018-09-10,-0.0003052290295021934,0.0
2018-09-11,0.0,0.0
2018-09-12,-0.0,0.0
2018-09-13,0.0,0.0
2018-09-14,-0.0,0.0
2018-09-17,0.0,0.0
2018-09-18,0.0,0.0
2018-09-19,-0.0,0.0
2018-09-20,-0.0,0.0
2018-09-21,0.0,0.0
2018-09-24,-3.4791150708076884e-05,0.2099071464477016
2018-09-25,0.0016101733156500093,0.1964939390946139
2018-09-26,0.0013099344721559745,0.1993939662846023
2018-09-27,0.0015836968933886312,0.1723178056418941
2018-09-28,-0.0006537773551822518,0.0
2018-10-01,-0.0,0.0
2018-10-02,0.0,0.0
2018-10-03,-0.0,0.0
2018-10-04,0.0,0.0
2018-10-05,-0.0,0.0
2018-10-08,0.0,0.0
2018-10-09,-0.0,0.0
2018-10-10,-0.0,0.0
2018-10-11,-0.0,0.0
2018-10-12,-3.777133640038411e-05,0.2278876461386849
2018-10-15,-0.0013440526808334442,0.2554550514012861
2018-10-16,0.00474560035295227,0.2549201906311741
2018-10-17,0.0005792468639660069,0.2118960424876725
2018-10-18,0.000399886623836652,0.2259333977607989
2018-10-19,0.0011098442164846787,0.0
2018-10-22,-0.0,0.0
2018-10-23,-0.0,0.0
2018-10-24,-0.0,0.0
2018-10-25,-4.309529728934293e-05,0.260008959037358
2018-10-26,0.0007428697910677871,0.2553867885261549
2018-10-29,0.0028286649477401752,0.2569828563981705
2018-10-30,-7.739665222930358e-05,0.2614209290310895
2018-10-31,-0.000846854444118852,0.2621181418929711
2018-11-01,-0.003534622934656356,0.2718254983871292
2018-11-02,-0.00039366594543180063,0.2624239271237438
2018-11-05,-0.0004829762973602898,0.2780773252735698
2018-11-06,0.004755608536007674,0.2857005499137747
2018-11-07,-0.0004794856000022127,0.2845967120336787
2018-11-08,-0.00029475152888339536,0.2896355314508945
2018-11-09,-0.0005940934562419067,0.3332896285113086
2018-11-12,0.0030709468912813705,0.3423031907239686
2018-11-13,0.0021413222130866544,0.3422011488717484
2018-11-14,0.00281678020006549,0.0
2018-11-15,-0.0,0.0
2018-11-16,-5.5500377191147355e-05,0.3348531326460056
2018-11-19,0.00024084740231767397,0.0
2018-11-20,-0.0,0.0
2018-11-21,-5.0781101449685506e-05,0.306380096140275
2018-11-23,-0.0028947686724997046,0.6989887014909731
2018-11-26,0.006591369924177962,1.0
2018-11-27,-0.013208855961753082,0.6657222022550366
2018-11-28,-0.0005751322960694742,1.0
2018-11-29,0.010458493831775922,1.0
2018-11-30,0.003552102407183418,0.8922068091110865
2018-12-03,-0.03185794251816043,0.3719361872518246
2018-12-04,0.0016363305540898973,1.0
2018-12-06,0.018543561760317986,1.0
2018-12-07,0.01555979537547345,0.7645836489853015
2018-12-10,-0.013865637031486838,0.2076774917498783
2018-12-11,-0.00022083078339896588,0.9307988446562424
2018-12-12,0.00019483988149324904,0.9362373492609136
2018-12-13,0.010943883487504481,0.9753017044404212
2018-12-14,-0.00611018037874694,0.2636231530645363
2018-12-17,0.002155733205683367,0.6834314836035981
2018-12-18,0.013925608138442609,0.2728989124335977
2018-12-19,0.0045135627428954175,0.1775790916339127
2018-12-20,-0.004849370575385465,0.0
2018-12-21,-2.81096954833884e-05,0.169595596763594
2018-12-24,0.00046537141278243027,0.1867732980233493
2018-12-26,-0.0016445274534787086,0.1907363390512251
2018-12-27,0.00038777222028888326,0.2594633133409038
2018-12-28,-0.0016241838553697607,0.2734868480772727
2018-12-31,0.00041014795563298033,0.4816738214925733
2019-01-02,-2.5897723779950577e-06,1.0
2019-01-03,0.015129218886365377,1.0
2019-01-04,-0.011567722917276254,1.0
2019-01-07,-0.013641776304120546,0.0
2019-01-08,0.0,0.0
2019-01-09,-0.0,0.0
2019-01-10,0.0,0.0
2019-01-11,-0.0,0.0
2019-01-14,-0.0,0.0
2019-01-15,0.0,0.0
2019-01-16,0.0,0.0
2019-01-17,0.0,0.0
2019-01-18,-0.0,0.0
2019-01-22,-0.00016574543219168112,1.0
2019-01-23,-0.015095688979033418,1.0
2019-01-24,-0.011399831858374058,1.0
2019-01-25,-0.009753563034799104,1.0
2019-01-28,-0.015051693272824495,0.0
2019-01-29,0.0,0.0
2019-01-30,-0.0,0.0
2019-01-31,-0.00016574543219168112,1.0
2019-02-01,0.026770880490198795,0.0
2019-02-04,0.0,0.0
2019-02-05,-0.00016574543219168112,1.0
2019-02-06,0.020058854619377564,1.0
2019-02-07,0.007000222165278198,1.0
2019-02-08,0.015567915246524816,1.0
2019-02-11,-0.017365673105328838,1.0
2019-02-12,-0.006544403543309996,1.0
2019-02-13,0.017980727335285766,1.0
2019-02-14,0.0296756475853687,0.9526069102028688
2019-02-15,0.03141737238879746,0.4516714891768965
2019-02-19,-0.012689260053697016,0.1487939625057557
2019-02-20,0.0017009463332467484,0.2251975985918832
2019-02-21,0.0036995608435470523,0.1527705362758661
2019-02-22,-0.0017172527958508193,0.1423606607618642
2019-02-25,-0.0029259841696759256,0.1529827842116696
2019-02-26,0.005248339270829671,0.3887289081595038
2019-02-27,0.001922609466427693,0.1211998321745798
2019-02-28,-0.0010751474187471431,0.0
2019-03-01,-0.0001293247758225292,0.7802614775711915
2019-03-04,-0.0014696934087727984,0.0
2019-03-05,0.0,0.0
2019-03-06,0.0,0.0
2019-03-07,-0.0,0.0
2019-03-08,0.0,0.0
2019-03-11,-0.0,0.0
2019-03-12,-0.0,0.0
2019-03-13,-0.0,0.0
2019-03-14,-0.0,0.0
2019-03-15,0.0,0.0
2019-03-18,0.0,0.0
2019-03-19,0.0,0.0
2019-03-20,0.0,0.0
2019-03-21,-0.0,0.0
2019-03-22,0.0,0.0
2019-03-25,0.0,0.0
2019-03-26,-0.0,0.0
2019-03-27,-0.0,0.0
2019-03-28,-0.0,0.0
2019-03-29,-0.0,0.0
2019-04-01,-0.0,0.0
2019-04-02,-3.111495319803084e-05,0.1877273647097952
2019-04-03,0.0020635767014882543,0.1831765858188207
2019-04-04,0.0003490448388774354,0.0
2019-04-05,0.0,0.0
2019-04-08,-0.0,0.0
2019-04-09,-2.765400105621254e-05,0.1668462333503757
2019-04-10,0.00495764448625673,0.0
2019-04-11,-0.0,0.0
2019-04-12,-0.0,0.0
2019-04-15,-0.0,0.0
2019-04-16,0.0,0.0
2019-04-17,0.0,0.0
2019-04-18,0.0,0.0
2019-04-22,0.0,0.0
2019-04-23,-0.0,0.0
2019-04-24,0.0,0.0
2019-04-25,0.0,0.0
2019-04-26,0.0,0.0
2019-04-29,-0.0,0.0
2019-04-30,0.0,0.0
2019-05-01,-0.0,0.0
2019-05-02,0.0,0.0
2019-05-03,-0.0,0.0
2019-05-06,-0.0,0.0
2019-05-07,-0.0,0.0
2019-05-08,0.0,0.0
2019-05-09,0.0,0.0
2019-05-10,0.0,0.0
2019-05-13,-0.0,0.0
2019-05-14,-0.0,0.0
2019-05-15,0.0,0.0
2019-05-16,0.0,0.0
2019-05-17,-0.0,0.0
2019-05-20,-0.0,0.0
2019-05-21,0.0,0.0
2019-05-22,0.0,0.0
2019-05-23,0.0,0.0
2019-05-24,-0.0,0.0
2019-05-28,0.0,0.0
2019-05-29,-0.0,0.0
2019-05-30,-0.0,0.0
2019-05-31,-0.0,0.0
2019-06-03,-0.0,0.0
2019-06-04,-0.0,0.0
2019-06-05,-2.4771714921277696e-05,0.1494563958337587
2019-06-06,-0.0008193488019771587,0.1475834634834044
2019-06-07,-2.8705030874007297e-05,0.1558293049322405
2019-06-10,0.0004967393032948783,0.0
2019-06-11,0.0,0.0
2019-06-12,-0.0,0.0
2019-06-13,0.0,0.0
2019-06-14,0.0,0.0
2019-06-17,-0.0,0.0
2019-06-18,-2.971571890339956e-05,0.1792852961946697
2019-06-19,0.0014496405525318014,0.5217887442514904
2019-06-20,-0.005583660346362933,0.1959962511333417
2019-06-21,0.004786676725414251,0.4978593319963033
2019-06-24,-0.004642569266959025,0.1432457261238804
2019-06-25,0.001980848001657378,0.1553301673156628
2019-06-26,0.004139449635131185,0.0
2019-06-27,-0.0,0.0
2019-06-28,0.0,0.0
2019-07-01,-0.0,0.0
2019-07-02,0.0,0.0
2019-07-03,0.0,0.0
2019-07-05,0.0,0.0
2019-07-08,-0.0,0.0
2019-07-09,0.0,0.0
2019-07-10,0.0,0.0
2019-07-11,-0.0,0.0
2019-07-12,-0.0,0.0
2019-07-15,-0.0,0.0
2019-07-16,0.0,0.0
2019-07-17,0.0,0.0
2019-07-18,-0.0,0.0
2019-07-19,0.0,0.0
2019-07-22,-0.0,0.0
2019-07-23,0.0,0.0
2019-07-24,0.0,0.0
2019-07-25,0.0,0.0
2019-07-26,-0.0,0.0
2019-07-29,-0.0,0.0
2019-07-30,0.0,0.0
2019-07-31,-0.0,0.0
2019-08-01,-0.0,0.0
2019-08-02,-2.7304177333572392e-05,0.1647356248225004
2019-08-05,-0.003801234904009021,0.2411697021775382
2019-08-06,2.1527042931436667e-05,0.9214943236393623
2019-08-07,-0.00448924800602903,0.9823165018307588
2019-08-08,-0.006068773233307688,1.0
2019-08-09,-0.011212757787466951,0.0
2019-08-12,-0.0,0.0
2019-08-13,0.0,0.0
2019-08-14,-0.0,0.0
2019-08-15,-0.0,0.0
2019-08-16,0.0,0.0
2019-08-19,-0.00016574543219168112,1.0
2019-08-20,0.010330243397022527,0.0
2019-08-21,-0.00016574543219168112,1.0
2019-08-22,-0.010726197605504055,0.9419631812405788
2019-08-23,0.002081178124338214,1.0
2019-08-26,-0.009322378643969998,1.0
2019-08-27,-0.00046189017482110373,1.0
2019-08-28,0.009964430805858397,1.0
2019-08-29,-0.012527383103611438,0.9903822933605462
2019-08-30,-0.016468438409258948,0.0
2019-09-03,-0.0,0.0
2019-09-04,0.0,0.0
2019-09-05,0.0,0.0
2019-09-06,-0.0001472520198014762,0.8884227930407843
2019-09-09,-0.01173764652942418,0.7440118754244055
2019-09-10,0.010187860941872889,0.8069226285268928
2019-09-11,0.011141315403360863,0.6812825163800085
2019-09-12,-0.000947453214901316,0.6570203356695448
2019-09-13,0.0019305884671394146,0.6679970551476706
2019-09-16,0.005821544473091091,0.7015902620454306
2019-09-17,0.0011057647855327681,0.497982799625094
2019-09-18,0.005428294469917931,0.5279519255494108
2019-09-19,0.018230105242890714,0.3831427501421859
2019-09-20,-0.00692717784875786,0.1298409874813557
2019-09-23,-0.0006901894021792274,0.137002823957178
2019-09-24,0.0003181542543601698,0.1993840330733276
2019-09-25,-0.000890111185474292,0.1401316839276016
2019-09-26,0.003300377157066985,0.2029663752273408
2019-09-27,0.00014549999249343642,0.1237742746506222
2019-09-30,8.902517438511762e-05,0.1218264346905663
2019-10-01,-0.001369036920196049,0.0
2019-10-02,-0.0,0.0
2019-10-03,0.0,0.0
2019-10-04,0.0,0.0
2019-10-07,0.0,0.0
2019-10-08,0.0,0.0
2019-10-09,0.0,0.0
2019-10-10,0.0,0.0
2019-10-11,-0.0,0.0
2019-10-14,-0.0,0.0
2019-10-15,0.0,0.0
2019-10-16,0.0,0.0
2019-10-17,-0.0,0.0
2019-10-18,0.0,0.0
2019-10-21,-0.0,0.0
2019-10-22,-0.0,0.0
2019-10-23,-0.0,0.0
2019-10-24,0.0,0.0
2019-10-25,-0.0,0.0
2019-10-28,0.0,0.0
2019-10-29,0.0,0.0
2019-10-30,-0.0,0.0
2019-10-31,-0.0,0.0
2019-11-01,-0.0,0.0
2019-11-04,-0.0,0.0
2019-11-05,-0.0,0.0
2019-11-06,-0.0,0.0
2019-11-07,-3.552380937491825e-05,0.2143275317165115
2019-11-08,-0.0006642871521058812,0.2143253770151665
2019-11-11,-0.0013346763797246802,0.2150699577165495
2019-11-12,-0.00020026672585420676,0.3106423415255919
2019-11-13,0.0029336029367390683,0.3380422806368581
2019-11-14,-0.0010010751016744231,0.2215293382030335
2019-11-15,3.550768939785347e-05,0.2328631843114822
2019-11-18,-0.0014720755553966477,0.2370183114002838
2019-11-19,0.003197348264590054,0.2290273997123899
2019-11-20,0.00026033447797572587,0.2153273687333453
2019-11-21,0.002602960355134807,0.2226187747227064
2019-11-22,-0.001126906479424152,0.0
2019-11-25,-3.35126666953793e-05,0.2021936064978562
2019-11-26,0.0026994328350711826,0.2182171669110369
2019-11-27,-0.0027346212390183104,0.0
2019-11-29,-0.0,0.0
2019-12-02,-0.0,0.0
2019-12-03,-3.83650308281352e-05,0.2314696116860196
2019-12-04,-0.0027779495503632346,0.3192125173541168
2019-12-05,0.004106731055223511,0.5452828339534572
2019-12-06,0.002673818074997443,0.3135257325248198
2019-12-09,0.001801614331786294,0.0
2019-12-10,0.0,0.0
2019-12-11,-0.0,0.0
2019-12-12,-0.0,0.0
2019-12-13,0.0,0.0
2019-12-16,-3.502162837683618e-05,0.2112976986078548
2019-12-17,0.0014670506683214237,0.2090785615260026
2019-12-18,-0.0010346492415275685,0.2092951274042595
2019-12-19,0.002211784710024067,0.2212570688802459
2019-12-20,0.003126954422415203,0.1961479386108817
2019-12-23,-0.00043810918627709705,0.0
2019-12-24,-3.0938126325584204e-05,0.1866605065158262
2019-12-26,0.0016143385286601852,0.0
2019-12-27,-0.0,0.0
2019-12-30,-0.0,0.0
2019-12-31,-3.3400245516024705e-05,0.2015153303133694
2020-01-02,-1.765825482611289e-06,0.6818458246042266
2020-01-03,-0.001502585962695311,0.7327370281197797
2020-01-06,-0.007346757646475024,0.0
2020-01-07,-0.0,0.0
2020-01-08,-0.0,0.0
2020-01-09,0.0,0.0
2020-01-10,0.0,0.0
2020-01-13,0.0,0.0
2020-01-14,-0.0,0.0
2020-01-15,-0.0,0.0
2020-01-16,-0.0,0.0
2020-01-17,-0.0,0.0
2020-01-21,-0.0,0.0
2020-01-22,-0.0,0.0
2020-01-23,0.0,0.0
2020-01-24,-0.0,0.0
2020-01-27,-0.00016574543219168112,1.0
2020-01-28,0.016413726470714665,1.0
2020-01-29,0.017593007457954855,1.0
2020-01-30,-0.01758211426483581,1.0
2020-01-31,0.005447370771427539,1.0
2020-02-03,0.009066263644525346,1.0
2020-02-04,-0.006524005094171168,1.0
2020-02-05,0.022519575238569522,1.0
2020-02-06,0.009894496842951503,1.0
2020-02-07,0.02535898046127591,1.0
2020-02-10,0.005880570463052705,0.670298174915217
2020-02-11,-0.005962278721225659,0.6810399795486088
2020-02-12,0.02167421685189409,0.6877535102551295
2020-02-13,-0.0034365635843963452,0.2550361028215713
2020-02-14,-0.001785094417126024,0.2624589045881328
2020-02-18,0.0031756707332547002,0.4636488221992094
2020-02-19,0.006411340140468,0.2003113994766674
2020-02-20,-0.0020205784004537425,0.1702698553371227
2020-02-21,-0.001114163081880564,0.194813332643174
2020-02-24,-0.00105305915861977,0.2614395616073807
2020-02-25,-0.007205511328459104,0.0
2020-02-26,-0.0,0.0
2020-02-27,0.0,0.0
2020-02-28,0.0,0.0
2020-03-02,-0.00016185806909556935,0.9765461826326662
2020-03-03,-0.01256039522787349,0.6498270949362716
2020-03-04,0.014730892800479444,0.7039173804584855
2020-03-05,-0.010067929785122056,0.4155172352533848
2020-03-06,-0.004653657023277975,0.6182936505816993
2020-03-09,-0.0002736739417663113,0.6738322752507669
2020-03-10,-0.019738500015535558,0.0
2020-03-11,-0.0,0.0
2020-03-12,-0.0,0.0
2020-03-13,-0.0,0.0
2020-03-16,-0.0,0.0
2020-03-17,0.0,0.0
2020-03-18,0.0,0.0
2020-03-19,-7.198029648271595e-05,0.4342822334885821
2020-03-20,0.0006025324690534602,0.0
2020-03-23,-0.0,0.0
2020-03-24,0.0,0.0
2020-03-25,0.0,0.0
2020-03-26,-5.725539115069777e-05,0.3454417439661361
2020-03-27,0.02135816118406511,0.3315492177316115
2020-03-30,0.010234676581579467,0.3029845672358063
2020-03-31,-0.00761369752778073,0.2736276927908554
2020-04-01,-0.014455838386637825,0.0
2020-04-02,-0.0,0.0
2020-04-03,-0.0,0.0
2020-04-06,0.0,0.0
2020-04-07,0.0,0.0
2020-04-08,-0.0,0.0
2020-04-09,0.0,0.0
2020-04-13,0.0,0.0
2020-04-14,0.0,0.0
2020-04-15,-0.0,0.0
2020-04-16,0.0,0.0
2020-04-17,0.0,0.0
2020-04-20,0.0,0.0
2020-04-21,-0.0,0.0
2020-04-22,-0.0,0.0
2020-04-23,-0.0,0.0
2020-04-24,-0.0,0.0
2020-04-27,0.0,0.0
2020-04-28,0.0,0.0
2020-04-29,-0.0,0.0
2020-04-30,-0.0,0.0
2020-05-01,0.0,0.0
2020-05-04,-3.5666217578394697e-06,0.0215186730076198
2020-05-05,-0.00029577560523888594,0.0163361648342065
2020-05-06,-0.00039149305905193736,0.0
2020-05-07,0.0,0.0
2020-05-08,0.0,0.0
2020-05-11,-0.0,0.0
2020-05-12,-0.0,0.0
2020-05-13,-0.0,0.0
2020-05-14,0.0,0.0
2020-05-15,0.0,0.0
2020-05-18,-6.334609335493035e-06,0.0382189074638696
2020-05-19,-0.0005832514837122596,0.0367889399851932
2020-05-20,-0.0007629369892126947,0.0
2020-05-21,-0.0,0.0
2020-05-22,0.0,0.0
2020-05-26,-0.0,0.0
2020-05-27,-0.0,0.0
2020-05-28,-0.0,0.0
2020-05-29,-0.0,0.0
2020-06-01,0.0,0.0
2020-06-02,0.0,0.0
2020-06-03,-0.0,0.0
2020-06-04,0.0,0.0
2020-06-05,0.0,0.0
2020-06-08,0.0,0.0
2020-06-09,0.0,0.0
2020-06-10,-0.0,0.0
2020-06-11,-0.0,0.0
2020-06-12,0.0,0.0
2020-06-15,-2.866304325790751e-05,0.1729341368802179
2020-06-16,0.0031223934326432834,0.1634551581444665
2020-06-17,0.0035003987862768297,0.1406039251058287
2020-06-18,0.0025079017717445184,0.14014492340728
2020-06-19,-0.0015593546054580606,0.1138948289281287
2020-06-22,-0.00021448606276563783,0.1435565250051581
2020-06-23,0.00043912342851724483,0.1173470762602458
2020-06-24,-0.004557790646771716,0.0
2020-06-25,-0.0,0.0
2020-06-26,-0.0,0.0
2020-06-29,0.0,0.0
2020-06-30,-3.19328240695377e-05,0.1926618649291496
2020-07-01,0.0012416717269641397,0.1663467607408185
2020-07-02,0.0038282723260792857,0.1756742665766766
2020-07-06,-0.0017538619579379289,0.1407813148547294
2020-07-07,0.003974308982067565,0.1830437309668802
2020-07-08,0.00018103637345983823,0.0
2020-07-09,0.0,0.0
2020-07-10,0.0,0.0
2020-07-13,-0.0,0.0
2020-07-14,-0.0,0.0
2020-07-15,-2.5123302755694534e-05,0.1515776478632579
2020-07-16,-0.002678815714256413,0.1584562637584648
2020-07-17,-0.000998673040020815,0.1985101339111535
2020-07-20,0.0006724502753225062,0.2051399177959377
2020-07-21,0.00523526622549061,0.2100663446723185
2020-07-22,8.891754923543073e-05,0.1533478203151642
2020-07-23,-0.00034904073081299026,0.1546008664836389
2020-07-24,0.0023853960115044442,0.1753475324874736
2020-07-27,-0.0031142115682345544,0.0
2020-07-28,-3.166918069914739e-05,0.1910712125238066
2020-07-29,-0.003966029939825004,0.1892202736177705
2020-07-30,0.0009320683093592775,0.2463032988182218
2020-07-31,-0.008292580115744816,0.0
2020-08-03,0.0,0.0
2020-08-04,-0.0,0.0
2020-08-05,-0.0,0.0
2020-08-06,-4.73408972634109e-05,0.2856241444330639
2020-08-07,-0.002192437057397189,0.2783113781657859
2020-08-10,0.0010286864773005134,0.2769238893923371
2020-08-11,-0.0028390329318904086,0.2749720074448936
2020-08-12,0.002513108864796685,0.2977589268385123
2020-08-13,-0.0008119203740474625,0.2895516126429929
2020-08-14,0.004292311376259927,0.3122897255730269
2020-08-17,-0.0012987152843211504,0.3012290510172681
2020-08-18,0.006147546974204598,0.3006619001290178
2020-08-19,0.0003521777767608063,0.2708180111644223
2020-08-20,0.0038607557362555604,0.2699436821416605
2020-08-21,-0.0054740685837089105,0.2562046576258546
2020-08-24,0.02096400194504801,0.2525825715426503
2020-08-25,0.0019444062960438178,0.0
2020-08-26,-0.0,0.0
2020-08-27,-0.0,0.0
2020-08-28,-2.968940865095984e-05,0.1791265572653863
2020-08-31,-0.005707702115684514,0.0
2020-09-01,-0.0,0.0
2020-09-02,0.0,0.0
2020-09-03,-0.0,0.0
2020-09-04,0.0,0.0
2020-09-08,-0.0,0.0
2020-09-09,-0.0,0.0
2020-09-10,-0.0,0.0
2020-09-11,-0.0,0.0
2020-09-14,0.0,0.0
2020-09-15,-0.0,0.0
2020-09-16,-0.0,0.0
2020-09-17,0.0,0.0
2020-09-18,0.0,0.0
2020-09-21,-0.0,0.0
2020-09-22,-0.0,0.0
2020-09-23,0.0,0.0
2020-09-24,0.0,0.0
2020-09-25,0.0,0.0
2020-09-28,0.0,0.0
2020-09-29,-0.0,0.0
2020-09-30,-0.0,0.0
2020-10-01,-0.0,0.0
2020-10-02,0.0,0.0
2020-10-05,0.0,0.0
2020-10-06,0.0,0.0
2020-10-07,-0.0,0.0
2020-10-08,0.0,0.0
2020-10-09,-0.0,0.0
2020-10-12,-0.0,0.0
2020-10-13,-0.0,0.0
2020-10-14,-0.0,0.0
2020-10-15,-0.0,0.0
2020-10-16,-0.0,0.0
2020-10-19,-0.0,0.0
2020-10-20,-3.278804396019249e-05,0.197821704807407
2020-10-21,-0.002606515186627148,0.0
2020-10-22,-3.4757091875823565e-05,0.209701657633958
2020-10-23,0.0008565233647187671,0.0
2020-10-26,0.0,0.0
2020-10-27,0.0,0.0
2020-10-28,-0.0,0.0
2020-10-29,0.0,0.0
2020-10-30,0.0,0.0
2020-11-02,-0.0,0.0
2020-11-03,0.0,0.0
2020-11-04,0.0,0.0
2020-11-05,0.0,0.0
2020-11-06,0.0,0.0
2020-11-09,0.0,0.0
2020-11-10,0.0,0.0
2020-11-11,-0.0,0.0
2020-11-12,-0.0,0.0
2020-11-13,-0.0,0.0
2020-11-16,-0.0,0.0
2020-11-17,0.0,0.0
2020-11-18,0.0,0.0
2020-11-19,0.0,0.0
2020-11-20,0.0,0.0
2020-11-23,0.0,0.0
2020-11-24,0.0,0.0
2020-11-25,0.0,0.0
2020-11-27,-0.0,0.0
2020-11-30,-0.0,0.0
2020-12-01,-0.0,0.0
2020-12-02,0.0,0.0
2020-12-03,0.0,0.0
2020-12-04,-0.0,0.0
2020-12-07,0.0,0.0
2020-12-08,0.0,0.0
2020-12-09,0.0,0.0
2020-12-10,0.0,0.0
2020-12-11,-0.0,0.0
2020-12-14,0.0,0.0
2020-12-15,-0.0,0.0
2020-12-16,0.0,0.0
2020-12-17,0.0,0.0
2020-12-18,-0.0,0.0
2020-12-21,-0.0,0.0
2020-12-22,-0.0,0.0
2020-12-23,0.0,0.0
2020-12-24,-0.0,0.0
2020-12-28,0.0,0.0
2020-12-29,0.0,0.0
2020-12-30,0.0,0.0
2020-12-31,-0.0,0.0
2021-01-04,-0.0,0.0
2021-01-05,0.0,0.0
2021-01-06,0.0,0.0
2021-01-07,0.0,0.0
2021-01-08,0.0,0.0
2021-01-11,-0.0,0.0
2021-01-12,0.0,0.0
2021-01-13,0.0,0.0
2021-01-14,-0.0,0.0
2021-01-15,0.0,0.0
2021-01-19,-0.0,0.0
2021-01-20,-0.0,0.0
2021-01-21,0.0,0.0
2021-01-22,0.0,0.0
2021-01-25,0.0,0.0
2021-01-26,0.0,0.0
2021-01-27,-0.0,0.0
2021-01-28,0.0,0.0
2021-01-29,-0.0,0.0
2021-02-01,-0.0,0.0
2021-02-02,-0.0,0.0
2021-02-03,0.0,0.0
2021-02-04,-0.0,0.0
2021-02-05,-0.0,0.0
2021-02-08,0.0,0.0
2021-02-09,-0.0,0.0
2021-02-10,-0.0,0.0
2021-02-11,0.0,0.0
2021-02-12,0.0,0.0
2021-02-16,0.0,0.0
2021-02-17,0.0,0.0
2021-02-18,0.0,0.0
2021-02-19,0.0,0.0
2021-02-22,-0.0,0.0
2021-02-23,0.0,0.0
2021-02-24,0.0,0.0
2021-02-25,-0.0,0.0
2021-02-26,0.0,0.0
2021-03-01,0.0,0.0
2021-03-02,0.0,0.0
2021-03-03,-0.0,0.0
2021-03-04,-0.0,0.0
2021-03-05,0.0,0.0
2021-03-08,0.0,0.0
2021-03-09,0.0,0.0
2021-03-10,0.0,0.0
2021-03-11,0.0,0.0
2021-03-12,0.0,0.0
2021-03-15,-0.0,0.0
2021-03-16,0.0,0.0
2021-03-17,-0.0,0.0
2021-03-18,0.0,0.0
2021-03-19,-0.0,0.0
2021-03-22,0.0,0.0
2021-03-23,0.0,0.0
2021-03-24,0.0,0.0
2021-03-25,-0.0,0.0
2021-03-26,-0.0,0.0
2021-03-29,0.0,0.0
2021-03-30,0.0,0.0
2021-03-31,0.0,0.0
2021-04-01,0.0,0.0
2021-04-05,0.0,0.0
2021-04-06,-0.0,0.0
2021-04-07,-0.0,0.0
2021-04-08,0.0,0.0
2021-04-09,0.0,0.0
2021-04-12,-0.0,0.0
2021-04-13,-0.0,0.0
2021-04-14,-0.0,0.0
2021-04-15,0.0,0.0
2021-04-16,-0.0,0.0
2021-04-19,-0.0,0.0
2021-04-20,0.0,0.0
2021-04-21,-0.0,0.0
2021-04-22,-0.0,0.0
2021-04-23,0.0,0.0
2021-04-26,-0.0,0.0
2021-04-27,0.0,0.0
2021-04-28,0.0,0.0
2021-04-29,-0.0,0.0
2021-04-30,0.0,0.0
2021-05-03,0.0,0.0
2021-05-04,0.0,0.0
2021-05-05,0.0,0.0
2021-05-06,-0.0,0.0
2021-05-07,0.0,0.0
2021-05-10,0.0,0.0
2021-05-11,0.0,0.0
2021-05-12,0.0,0.0
2021-05-13,-0.0,0.0
2021-05-14,-0.0,0.0
2021-05-17,0.0,0.0
2021-05-18,0.0,0.0
2021-05-19,-0.0,0.0
2021-05-20,-0.0,0.0
2021-05-21,-0.0,0.0
2021-05-24,-0.0,0.0
2021-05-25,-0.0,0.0
2021-05-26,0.0,0.0
2021-05-27,-0.0,0.0
2021-05-28,0.0,0.0
2021-06-01,-0.0,0.0
2021-06-02,0.0,0.0
2021-06-03,0.0,0.0
2021-06-04,-0.0,0.0
2021-06-07,-0.0,0.0
2021-06-08,0.0,0.0
2021-06-09,-0.0,0.0
2021-06-10,0.0,0.0
2021-06-11,-0.0,0.0
2021-06-14,-0.0,0.0
2021-06-15,-0.0,0.0
2021-06-16,-0.0,0.0
2021-06-17,-0.0,0.0
2021-06-18,0.0,0.0
2021-06-21,-0.00010726981427450567,0.6471962023692477
2021-06-22,0.017304721335651044,1.0
2021-06-23,0.020254357269563796,0.0
2021-06-24,0.0,0.0
2021-06-25,-0.0,0.0
2021-06-28,-0.0,0.0
2021-06-29,-7.648663564187256e-05,0.4614705493267482
2021-06-30,-0.0019058494408145596,0.0
2021-07-01,-0.0,0.0
2021-07-02,-4.577830332194903e-05,0.2761964701930531
2021-07-06,-0.005812506039044337,0.0
2021-07-07,-3.969553005256301e-05,0.2394969775496249
2021-07-08,0.004324660059942798,0.0
2021-07-09,-0.0,0.0
2021-07-12,-0.0,0.0
2021-07-13,0.0,0.0
2021-07-14,0.0,0.0
2021-07-15,-0.0,0.0
2021-07-16,-0.0,0.0
2021-07-19,-0.0,0.0
2021-07-20,-0.0,0.0
2021-07-21,0.0,0.0
2021-07-22,0.0,0.0
2021-07-23,0.0,0.0
2021-07-26,0.0,0.0
2021-07-27,0.0,0.0
2021-07-28,-0.0,0.0
2021-07-29,0.0,0.0
2021-07-30,0.0,0.0
2021-08-02,-0.0,0.0
2021-08-03,0.0,0.0
2021-08-04,0.0,0.0
2021-08-05,0.0,0.0
2021-08-06,-0.0,0.0
2021-08-09,0.0,0.0
2021-08-10,-0.0,0.0
2021-08-11,0.0,0.0
2021-08-12,-0.0,0.0
2021-08-13,-0.0,0.0
2021-08-16,-0.0,0.0
2021-08-17,-0.0,0.0
2021-08-18,0.0,0.0
2021-08-19,-0.0,0.0
2021-08-20,-0.0,0.0
2021-08-23,0.0,0.0
2021-08-24,0.0,0.0
2021-08-25,0.0,0.0
2021-08-26,-0.0,0.0
2021-08-27,-0.0,0.0
2021-08-30,0.0,0.0
2021-08-31,-0.0,0.0
2021-09-01,-0.0,0.0
2021-09-02,0.0,0.0
2021-09-03,0.0,0.0
2021-09-07,-0.0,0.0
2021-09-08,-0.0,0.0
2021-09-09,-0.0,0.0
2021-09-10,0.0,0.0
2021-09-13,-0.0,0.0
2021-09-14,0.0,0.0
2021-09-15,-0.0,0.0
2021-09-16,-0.0,0.0
2021-09-17,0.0,0.0
2021-09-20,-0.0,0.0
2021-09-21,-0.0,0.0
2021-09-22,-0.0,0.0
2021-09-23,0.0,0.0
2021-09-24,0.0,0.0
2021-09-27,-0.0,0.0
2021-09-28,-0.0,0.0
2021-09-29,0.0,0.0
2021-09-30,0.0,0.0
2021-10-01,-0.0,0.0
2021-10-04,0.0,0.0
2021-10-05,0.0,0.0
2021-10-06,-0.0,0.0
2021-10-07,0.0,0.0
2021-10-08,0.0,0.0
2021-10-11,-0.0,0.0
2021-10-12,-0.0,0.0
2021-10-13,0.0,0.0
2021-10-14,0.0,0.0
2021-10-15,0.0,0.0
2021-10-18,-0.0,0.0
2021-10-19,-0.0,0.0
2021-10-20,0.0,0.0
2021-10-21,-0.0,0.0
2021-10-22,-0.0,0.0
2021-10-25,0.0,0.0
2021-10-26,-0.0,0.0
2021-10-27,-0.0,0.0
2021-10-28,-0.0,0.0
2021-10-29,-0.0,0.0
2021-11-01,-0.0,0.0
2021-11-02,0.0,0.0
2021-11-03,-0.0,0.0
2021-11-04,0.0,0.0
2021-11-05,-0.0,0.0
2021-11-08,-0.0,0.0
2021-11-09,-4.137883237114587e-05,0.249652927528747
2021-11-10,-0.0006411027081718688,0.3780136410877228
2021-11-11,0.0015373218070963521,0.4003230466627409
2021-11-12,8.267039387639395e-05,0.4079740693665803
2021-11-15,0.0021183336184043534,0.4273060720779247
2021-11-16,0.008198145111967545,0.2841171165822551
2021-11-17,-0.002290639859226737,0.0
2021-11-18,0.0,0.0
2021-11-19,-0.0,0.0
2021-11-22,-7.280904683345083e-05,0.4392823734005372
2021-11-23,0.009290199762407405,0.0
2021-11-24,-0.0,0.0
2021-11-26,-0.0,0.0
2021-11-29,-6.585317816133517e-05,0.3973151916801304
2021-11-30,-0.0013018321218624567,0.2599079328538801
2021-12-01,-0.00011500886628957886,0.0
2021-12-02,-0.0,0.0
2021-12-03,-5.9697551983667434e-05,0.3601761520321085
2021-12-06,0.0020268960182946946,0.5553696256740044
2021-12-07,-0.002319336150370796,0.0
2021-12-08,-6.615939861812085e-05,0.3991627264974517
2021-12-09,0.004914900616528184,0.0
2021-12-10,-0.0,0.0
2021-12-13,-0.0,0.0
2021-12-14,0.0,0.0
2021-12-15,0.0,0.0
2021-12-16,0.0,0.0
2021-12-17,-0.0,0.0
2021-12-20,0.0,0.0
2021-12-21,0.0,0.0
2021-12-22,-0.0,0.0
2021-12-23,0.0,0.0
2021-12-27,-0.0,0.0
2021-12-28,0.0,0.0
2021-12-29,0.0,0.0
2021-12-30,0.0,0.0
2021-12-31,-0.0,0.0
2022-01-03,-3.18537680568068e-07,0.1229983311562974
2022-01-04,0.0007545310088955378,0.1260260776872666
2022-01-05,0.00019167271026890903,0.1448749388320092
2022-01-06,-0.0019420282326076132,0.1466724320255992
2022-01-07,0.0011058576609500892,0.1326276414341612
2022-01-10,0.00017871831133582105,0.0
2022-01-11,0.0,0.0
2022-01-12,-0.0,0.0
2022-01-13,0.0,0.0
2022-01-14,-0.0,0.0
2022-01-18,-2.8628727616028946e-05,0.1727270986443836
2022-01-19,-0.0015740139974007796,0.1452297462276954
2022-01-20,-0.00020193634341752163,0.2175197560184
2022-01-21,0.00512578467853115,0.4745334487802047
2022-01-24,-0.0023858016615884883,0.1662014875590509
2022-01-25,4.146155534396642e-05,0.1644004255527743
2022-01-26,0.0028276700804784178,0.1772540019496798
2022-01-27,0.003916736482332092,0.0
2022-01-28,0.0,0.0
2022-01-31,-0.0,0.0
2022-02-01,-2.0423216959013734e-05,0.1232203909872725
2022-02-02,0.0023385947794911624,0.1425512071706082
2022-02-03,-7.183672309342965e-05,0.0
2022-02-04,-0.0,0.0
2022-02-07,0.0,0.0
2022-02-08,-0.0,0.0
2022-02-09,0.0,0.0
2022-02-10,0.0,0.0
2022-02-11,0.0,0.0
2022-02-14,-0.0,0.0
2022-02-15,-0.0,0.0
2022-02-16,-1.965471375869438e-05,0.1185837431463197
2022-02-17,0.00012604404078499386,0.4291755606599196
2022-02-18,0.007459668487402441,0.2894034122389246
2022-02-22,0.0016124926410553105,0.1135432485152165
2022-02-23,0.0012969839264265744,0.1147458073179107
2022-02-24,0.002446204270022187,0.0
2022-02-25,-0.0,0.0
2022-02-28,0.0,0.0
2022-03-01,0.0,0.0
2022-03-02,0.0,0.0
2022-03-03,0.0,0.0
2022-03-04,0.0,0.0
2022-03-07,-0.0,0.0
2022-03-08,0.0,0.0
2022-03-09,-0.0,0.0
2022-03-10,-0.0,0.0
2022-03-11,0.0,0.0
2022-03-14,0.0,0.0
2022-03-15,-0.0,0.0
2022-03-16,0.0,0.0
2022-03-17,0.0,0.0
2022-03-18,0.0,0.0
2022-03-21,-0.0,0.0
2022-03-22,0.0,0.0
2022-03-23,0.0,0.0
2022-03-24,0.0,0.0
2022-03-25,0.0,0.0
2022-03-28,-0.0,0.0
2022-03-29,0.0,0.0
2022-03-30,0.0,0.0
2022-03-31,0.0,0.0
2022-04-01,-0.0,0.0
2022-04-04,-0.0,0.0
2022-04-05,-0.0,0.0
2022-04-06,0.0,0.0
2022-04-07,-0.0,0.0
2022-04-08,0.0,0.0
2022-04-11,-0.0,0.0
2022-04-12,0.0,0.0
2022-04-13,0.0,0.0
2022-04-14,0.0,0.0
2022-04-18,-0.0,0.0
2022-04-19,0.0,0.0
2022-04-20,0.0,0.0
2022-04-21,-0.0,0.0
2022-04-22,0.0,0.0
2022-04-25,0.0,0.0
2022-04-26,0.0,0.0
2022-04-27,0.0,0.0
2022-04-28,0.0,0.0
2022-04-29,-0.0,0.0
2022-05-02,-0.0,0.0
2022-05-03,0.0,0.0
2022-05-04,0.0,0.0
2022-05-05,-0.0,0.0
2022-05-06,0.0,0.0
2022-05-09,0.0,0.0
2022-05-10,0.0,0.0
2022-05-11,-0.0,0.0
2022-05-12,0.0,0.0
2022-05-13,0.0,0.0
2022-05-16,-0.0,0.0
2022-05-17,-0.0,0.0
2022-05-18,-0.0,0.0
2022-05-19,0.0,0.0
2022-05-20,-0.0,0.0
2022-05-23,0.0,0.0
2022-05-24,0.0,0.0
2022-05-25,0.0,0.0
2022-05-26,-0.0,0.0
2022-05-27,0.0,0.0
2022-05-31,0.0,0.0
2022-06-01,-0.0,0.0
2022-06-02,0.0,0.0
2022-06-03,0.0,0.0
2022-06-06,-0.0,0.0
2022-06-07,-0.0,0.0
2022-06-08,-0.0,0.0
2022-06-09,0.0,0.0
2022-06-10,-0.0,0.0
2022-06-13,-0.0,0.0
2022-06-14,0.0,0.0
2022-06-15,0.0,0.0
2022-06-16,-0.0,0.0
2022-06-17,0.0,0.0
2022-06-21,-0.0,0.0
2022-06-22,0.0,0.0
2022-06-23,-0.0,0.0
2022-06-24,0.0,0.0
2022-06-27,-0.0,0.0
2022-06-28,0.0,0.0
2022-06-29,-0.0,0.0
2022-06-30,-0.0,0.0
2022-07-01,-0.0,0.0
2022-07-05,-0.0,0.0
2022-07-06,-0.0,0.0
2022-07-07,0.0,0.0
2022-07-08,-0.0,0.0
2022-07-11,0.0,0.0
2022-07-12,0.0,0.0
2022-07-13,-0.0,0.0
2022-07-14,-0.0,0.0
2022-07-15,-0.0,0.0
2022-07-18,-0.0,0.0
2022-07-19,-0.0,0.0
2022-07-20,0.0,0.0
2022-07-21,0.0,0.0
2022-07-22,0.0,0.0
2022-07-25,0.0,0.0
2022-07-26,0.0,0.0
2022-07-27,0.0,0.0
2022-07-28,0.0,0.0
2022-07-29,-0.0,0.0
2022-08-01,-0.0,0.0
2022-08-02,0.0,0.0
2022-08-03,0.0,0.0
2022-08-04,-0.0,0.0
2022-08-05,-0.0,0.0
2022-08-08,-0.0,0.0
2022-08-09,0.0,0.0
2022-08-10,0.0,0.0
2022-08-11,-0.0,0.0
2022-08-12,0.0,0.0
2022-08-15,-0.0,0.0
2022-08-16,0.0,0.0
2022-08-17,0.0,0.0
2022-08-18,0.0,0.0
2022-08-19,0.0,0.0
2022-08-22,-0.0,0.0
2022-08-23,-0.0,0.0
2022-08-24,-0.0,0.0
2022-08-25,0.0,0.0
2022-08-26,0.0,0.0
2022-08-29,-0.0,0.0
2022-08-30,-0.0,0.0
2022-08-31,-0.0,0.0
2022-09-01,-4.3044835363154575e-05,0.2597045046368396
2022-09-02,0.004518583820761584,0.0
2022-09-06,-0.0,0.0
2022-09-07,0.0,0.0
2022-09-08,-0.0,0.0
2022-09-09,-0.0,0.0
2022-09-12,-0.0,0.0
2022-09-13,0.0,0.0
2022-09-14,-5.121940930760847e-05,0.3090245603171466
2022-09-15,-0.004744590114947014,0.3297973780620011
2022-09-16,-0.0024883362920042453,0.3538040408397914
2022-09-19,0.008779204032036927,0.351843985536344
2022-09-20,0.00557185989108388,0.0
2022-09-21,0.0,0.0
2022-09-22,0.0,0.0
2022-09-23,-0.0,0.0
2022-09-26,0.0,0.0
2022-09-27,0.0,0.0
2022-09-28,0.0,0.0
2022-09-29,-0.0,0.0
2022-09-30,0.0,0.0
2022-10-03,-0.0,0.0
2022-10-04,0.0,0.0
2022-10-05,0.0,0.0
2022-10-06,0.0,0.0
2022-10-07,-0.0,0.0
2022-10-10,-0.0,0.0
2022-10-11,0.0,0.0
2022-10-12,0.0,0.0
2022-10-13,0.0,0.0
2022-10-14,-0.0,0.0
2022-10-17,0.0,0.0
2022-10-18,0.0,0.0
2022-10-19,-0.0,0.0
2022-10-20,-0.0,0.0
2022-10-21,0.0,0.0
2022-10-24,0.0,0.0
2022-10-25,0.0,0.0
2022-10-26,-0.0,0.0
2022-10-27,0.0,0.0
2022-10-28,0.0,0.0
2022-10-31,-0.0,0.0
2022-11-01,-0.0,0.0
2022-11-02,0.0,0.0
2022-11-03,0.0,0.0
2022-11-04,-0.0,0.0
2022-11-07,-0.0,0.0
2022-11-08,0.0,0.0
2022-11-09,-0.0,0.0
2022-11-10,-0.0,0.0
2022-11-11,-0.0,0.0
2022-11-14,0.0,0.0
2022-11-15,-0.0,0.0
2022-11-16,0.0,0.0
2022-11-17,0.0,0.0
2022-11-18,0.0,0.0
2022-11-21,0.0,0.0
2022-11-22,0.0,0.0
2022-11-23,-0.0,0.0
2022-11-25,-0.0,0.0
2022-11-28,-1.3148881025249888e-05,0.079331785204453
2022-11-29,0.0001393617252943362,0.1176724243838165
2022-11-30,0.001049235933794375,0.0
2022-12-01,-1.0162805343773652e-05,0.0613157491545252
2022-12-02,-0.0010412346378648072,0.2770561214391777
2022-12-05,-0.0038901088082435335,0.3174518862615344
2022-12-06,5.5256832219696904e-05,0.3662175693380949
2022-12-07,-0.005885296466260242,0.0
2022-12-08,0.0,0.0
2022-12-09,-0.0,0.0
2022-12-12,0.0,0.0
2022-12-13,-6.620315541313468e-05,0.3994267265030344
2022-12-14,0.012416058388516438,0.3622560019588284
2022-12-15,-0.0034346026438183243,0.1465153379020597
2022-12-16,-0.0021949377823175503,0.2155797538842298
2022-12-19,-0.0012887574524150826,0.3188755499723448
2022-12-20,0.001497553439082132,0.3184137758836723
2022-12-21,-0.000508590747219909,0.3192770682884054
2022-12-22,0.0017170155990033137,0.3329825040631574
2022-12-23,0.013312519811689457,0.2227473813649856
2022-12-27,0.0014716676349873375,0.069928403402416
2022-12-28,0.0007562786515619977,0.0
2022-12-29,-8.175126764033326e-06,0.0493233910336595
2022-12-30,0.0007147418599101387,0.0
2023-01-03,-2.0880521958876434e-07,0.0806268617902306
2023-01-04,-0.0003278957699485061,0.0831909301775912
2023-01-05,-0.0005459394059692796,0.0872461918422275
2023-01-06,-0.0002773108273066464,0.1750022591403464
2023-01-09,0.00174084715366269,0.1857055591848469
2023-01-10,0.003674980418750709,0.0912356418016764
2023-01-11,0.0017466775072379251,0.0
2023-01-12,0.0,0.0
2023-01-13,0.0,0.0
2023-01-17,-0.0,0.0
2023-01-18,0.0,0.0
2023-01-19,0.0,0.0
2023-01-20,0.0,0.0
2023-01-23,0.0,0.0
2023-01-24,-0.0,0.0
2023-01-25,-0.0,0.0
2023-01-26,0.0,0.0
2023-01-27,-0.0,0.0
2023-01-30,-1.455637357857914e-05,0.0878236786745638
2023-01-31,0.000989858739193695,0.0
2023-02-01,-1.0458860655342052e-05,0.0631019541054165
2023-02-02,-0.00016967861260467623,0.1583344134988039
2023-02-03,-0.0040745355287475525,0.2333930581818417
2023-02-06,0.0013429496140883311,0.333775141007737
2023-02-07,0.0035756188633903727,0.3124700985405427
2023-02-08,-0.0036800375756081806,0.2102502675608661
2023-02-09,-0.0021011484869521806,0.3157707997031064
2023-02-10,0.0017081696933851224,0.3418290367956442
2023-02-13,0.002806496524781126,0.0
2023-02-14,0.0,0.0
2023-02-15,-0.0,0.0
2023-02-16,-0.0,0.0
2023-02-17,0.0,0.0
2023-02-21,-5.873206305762858e-05,0.3543510206044006
2023-02-22,-0.003651849691761244,0.3461548999735998
2023-02-23,-0.0012458164826108036,0.3532067065562807
2023-02-24,-0.001003858807950789,0.3848753446782287
2023-02-27,0.004906904062014114,0.4037862352593827
2023-02-28,0.0020744495477227533,0.3817372568244705
2023-03-01,0.027434744403635324,0.4475982456459876
2023-03-02,0.000584317746640751,0.0622399847582385
2023-03-03,0.000349108137891558,0.0704912965760657
2023-03-06,0.00010184624982857932,0.0697874654469871
2023-03-07,-0.0007517355160090187,0.0787473150215166
2023-03-08,-0.00015357713333502012,0.0944321424304587
2023-03-09,-0.0023240632605470313,0.0
2023-03-10,0.0,0.0
2023-03-13,0.0,0.0
2023-03-14,0.0,0.0
2023-03-15,-1.36366951498475e-05,0.0822749379547107
2023-03-16,0.001287032397206971,0.071960875096417
2023-03-17,0.0014047649263152064,0.0767120861902215
2023-03-20,0.0001295435955850418,0.0617021015779077
2023-03-21,-0.0008912289365522281,0.0612569403783577
2023-03-22,0.0003595658461250983,0.0856092617076511
2023-03-23,0.0003961507564013422,0.0926067824165396
2023-03-24,0.0002941799330791761,0.0920270506026234
2023-03-27,0.00014085255070382248,0.0615365317562648
2023-03-28,0.0001998010720102814,0.0643024765366984
2023-03-29,-0.0014030778272781433,0.0
2023-03-30,-1.633515105098765e-05,0.0985556635557602
2023-03-31,0.0004416109802999172,0.09831313838711
2023-04-03,-0.0027821220077723172,0.0805979133661782
2023-04-04,-0.0006000833820493238,0.3795773615568498
2023-04-05,0.010768569956290743,0.4043700181481753
2023-04-06,-0.004432084295706165,0.0763149304517134
2023-04-10,0.0007026835947688507,0.1638792465978319
2023-04-11,-0.0005316103053657451,0.0814226051220983
2023-04-12,-0.0007172228818625709,0.0808989942632216
2023-04-13,-0.00034260124637510976,0.1710119651307584
2023-04-14,-0.0010631279080177962,0.256780700865016
2023-04-17,-0.000881797484107058,0.3929178456403676
2023-04-18,-0.0031008145377981315,0.0
2023-04-19,-0.0,0.0
2023-04-20,-0.0,0.0
2023-04-21,-0.0,0.0
2023-04-24,-9.386956859168955e-05,0.5663478465165863
2023-04-25,-0.003389494915348568,0.5137966074898994
2023-04-26,0.0028203830004339832,0.5506672339720492
2023-04-27,-0.0063313895489809655,0.499655770962809
2023-04-28,-0.0020304198269089965,0.5805914246811636
2023-05-01,0.0022824510832073746,0.6279669880322684
2023-05-02,-0.003254232319649794,0.6321853448410262
2023-05-03,-0.005900051180468812,0.735193874992371
2023-05-04,0.0017722833150779858,0.7304647507157502
2023-05-05,-0.0017642596384202659,0.8875289427499595
2023-05-08,0.012795987408719026,0.9569717890979816
2023-05-09,0.0013688012055801217,0.7972207323705416
2023-05-10,0.013827316723351146,0.81114657417952
2023-05-11,0.00027623135603627164,0.6974366259863413
2023-05-12,-0.0042255236384973645,0.682818026069998
2023-05-15,0.008331169509276697,0.7284246652697347
2023-05-16,0.001998719756039764,0.6551502213757848
2023-05-17,0.009879455640808745,0.4657986167008033
2023-05-18,0.003371685871971451,0.3285426532573099
2023-05-19,-0.00013403281437781393,0.3285221862571941
2023-05-22,0.005893056587412575,0.3337852254758028
2023-05-23,-0.002233643087149232,0.122452882313779
2023-05-24,0.0012343543836955604,0.1497298572020268
2023-05-25,0.00035747578354166195,0.1195155591763362
2023-05-26,0.000398512076670569,0.1281537235005319
2023-05-30,-0.0013772866640178066,0.1434592956998044
2023-05-31,9.19899139248489e-05,0.1230782533285896
2023-06-01,-0.0058764695760861255,0.0
2023-06-02,0.0,0.0
2023-06-05,0.0,0.0
2023-06-06,0.0,0.0
2023-06-07,-1.914246028466209e-05,0.1154931392771291
2023-06-08,0.000308917186927482,0.1080273644244227
2023-06-09,0.00017819048871077224,0.1158943263102898
2023-06-12,-0.0008861952072403903,0.0
2023-06-13,0.0,0.0
2023-06-14,0.0,0.0
2023-06-15,0.0,0.0
2023-06-16,0.0,0.0
2023-06-20,-0.0,0.0
2023-06-21,-1.1815166096395858e-05,0.0712850178744695
2023-06-22,-0.00029405579350067716,0.1130780495940961
2023-06-23,-0.0014541636936301284,0.1141066377560507
2023-06-26,0.00084445514908526,0.0934127184620401
2023-06-27,0.0004598167510618364,0.1021042032599726
2023-06-28,0.0006349990934667952,0.1075736542165336
2023-06-29,0.00022302388977304516,0.1094944855871364
2023-06-30,0.00013353860518674164,0.1086666561559903
2023-07-03,-0.004922916851356967,0.0
2023-07-05,-1.380341116626585e-05,0.0832807938278641
2023-07-06,0.0003823347639472211,0.1008554349717341
2023-07-07,0.00030083838039064254,0.105273046937244
2023-07-10,0.00022376897667993582,0.113764542215808
2023-07-11,7.475485633038943e-05,0.1213446980915299
2023-07-12,0.0005990929764027231,0.1220228439983667
2023-07-13,-0.0007371566300961345,0.1235503022825162
2023-07-14,0.0003563388583260046,0.1183888215762104
2023-07-17,0.0004972959910941249,0.1274758487966192
2023-07-18,0.0007546635207928517,0.1377712347807695
2023-07-19,0.002161366713898645,0.0
2023-07-20,0.0,0.0
2023-07-21,0.0,0.0
2023-07-24,0.0,0.0
2023-07-25,-0.0,0.0
2023-07-26,0.0,0.0
2023-07-27,0.0,0.0
2023-07-28,0.0,0.0
2023-07-31,-0.0,0.0
2023-08-01,-0.0,0.0
2023-08-02,-0.0,0.0
2023-08-03,-0.0,0.0
2023-08-04,-0.0,0.0
2023-08-07,0.0,0.0
2023-08-08,0.0,0.0
2023-08-09,0.0,0.0
2023-08-10,0.0,0.0
2023-08-11,0.0,0.0
2023-08-14,-0.0,0.0
2023-08-15,-0.0,0.0
2023-08-16,0.0,0.0
2023-08-17,-0.0,0.0
2023-08-18,0.0,0.0
2023-08-21,-0.0,0.0
2023-08-22,0.0,0.0
2023-08-23,0.0,0.0
2023-08-24,0.0,0.0
2023-08-25,0.0,0.0
2023-08-28,-0.0,0.0
2023-08-29,-0.0,0.0
2023-08-30,-0.0,0.0
2023-08-31,-0.0,0.0
2023-09-01,-0.0,0.0
2023-09-05,-7.967564081236568e-06,0.0480710929760171
2023-09-06,-0.00025165247579993867,0.0489560411743782
2023-09-07,0.0006105278163483919,0.0605978838842353
2023-09-08,0.0007102346418131691,0.0511299124543577
2023-09-11,0.001238182817800317,0.0547893861011727
2023-09-12,-0.0008125588991783359,0.0415114056064665
2023-09-13,0.0007390651653065339,0.0576322753564527
2023-09-14,-0.0004317391705891833,0.039921419816164
2023-09-15,-0.001016921668165303,0.0614021580962253
2023-09-18,-0.0012540276956420284,0.0
2023-09-19,0.0,0.0
2023-09-20,-0.0,0.0
2023-09-21,0.0,0.0
2023-09-22,-0.0,0.0
2023-09-25,-4.279396580234553e-05,0.2581909210799145
2023-09-26,-0.0018590608382268092,0.300938224187002
2023-09-27,-0.003009292611893082,0.328015117814711
2023-09-28,-0.002012228336559969,0.3598421844765239
2023-09-29,-0.0011104148553468538,0.3790535609616744
2023-10-02,-0.0031624066603445702,0.0
2023-10-03,-0.0,0.0
2023-10-04,-0.0,0.0
2023-10-05,-0.0,0.0
2023-10-06,-7.423606960106597e-05,0.4478920994650422
2023-10-09,-0.007293342003648977,0.4928617591807964
2023-10-10,0.01034274121164662,0.4989024524266783
2023-10-11,0.005137466931858065,0.5198676229198874
2023-10-12,-0.00022600651809131622,0.5335910495496964
2023-10-13,0.002571179146477838,0.5527629992267259
2023-10-16,0.002773231215231642,0.6214517888370612
2023-10-17,0.006087414735786951,0.6274200552214155
2023-10-18,-0.0022395554880102132,0.5726537170838776
2023-10-19,-0.0028737119575485462,0.5903291200942361
2023-10-20,0.00626729171952914,0.6202345410157668
2023-10-23,0.010529700439885454,0.7064025700017754
2023-10-24,-0.007063435211429023,0.618988074893832
2023-10-25,-0.013030828696515914,0.6217830012596185
2023-10-26,0.015065178774341126,0.676598682642349
2023-10-27,-0.006683952239806239,0.5726088365970554
2023-10-30,-0.004965461919991452,0.5615694954095233
2023-10-31,0.015000417828004164,0.5682949973327777
2023-11-01,-0.007763435935247157,0.3775455765911862
2023-11-02,0.003289291229406786,0.5962850188315582
2023-11-03,-0.006708091871543455,0.5911112642430993
2023-11-06,0.009601735470719302,0.5671630528775423
2023-11-07,-0.0005036937867404943,0.3926584845449393
2023-11-08,-0.0018031144809024947,0.437717091509667
2023-11-09,0.00047025922628224126,0.4538743224127673
2023-11-10,-0.0019457934031762824,0.4526334196232365
2023-11-13,0.01034539892317787,0.4551936025596054
2023-11-14,-0.0026692489251933663,0.2860379682089602
2023-11-15,0.006042834021063502,0.2919959509960743
2023-11-16,-0.00302859755679378,0.270254479928085
2023-11-17,-0.0013266660394479237,0.264205094851153
2023-11-20,0.001992611042514386,0.270458790869124
2023-11-21,0.004235493510137975,0.28115387093504
2023-11-22,0.0004889201515970052,0.1330121791573713
2023-11-23,-2.2334624502354403e-06,0.1444091217924609
2023-11-24,-2.3561165549164292e-05,0.0
2023-11-27,0.0,0.0
2023-11-28,-2.4281316684054523e-05,0.1464976522307614
2023-11-29,-0.0004174998532863025,0.1288291775995774
2023-11-30,-0.0021830521020227613,0.1363034568590665
2023-12-01,-0.004910637898724379,0.0
2023-12-04,0.0,0.0
2023-12-05,-0.0,0.0
2023-12-06,-0.0,0.0
2023-12-07,-0.0,0.0
2023-12-08,-0.0,0.0
2023-12-11,-4.2436917019564164e-05,0.2560367212443434
2023-12-12,-0.0016600369524892855,0.2827249576034445
2023-12-13,0.003700519068805142,0.2809929148284584
2023-12-14,0.00423696700714942,0.1415444015968248
2023-12-15,0.0020486082831207763,0.1374275856181523
2023-12-18,0.0005575298585617756,0.1069855563062619
2023-12-19,0.0011720183272140054,0.1208059326842297
2023-12-20,-0.0014596703168543858,0.1232659220087865
2023-12-21,-0.001684706839698648,0.1169029253970941
2023-12-22,-0.0015339677812133013,0.0
2023-12-26,-0.0,0.0
2023-12-27,0.0,0.0
2023-12-28,-0.0,0.0
2023-12-29,-2.056275417900179e-05,0.1240622677023224
2024-01-02,-2.8606907278982444e-07,0.1104610873220033
2024-01-03,0.0008388941511537603,0.1258209617966145
2024-01-04,-0.0018466612735114068,0.107609560330832
2024-01-05,-0.002207063569490684,0.0
2024-01-08,0.0,0.0
2024-01-09,0.0,0.0
2024-01-10,-0.0,0.0
2024-01-11,0.0,0.0
2024-01-12,-0.0,0.0
2024-01-16,0.0,0.0
2024-01-17,0.0,0.0
2024-01-18,0.0,0.0
2024-01-19,-0.0,0.0
2024-01-22,-2.070565312898241e-05,0.1249244269068992
2024-01-23,2.151723565525753e-05,0.1353201661913919
2024-01-24,-0.0016329372092095918,0.1543411947080088
2024-01-25,0.0018253705600617242,0.1366823911796366
2024-01-26,0.0015795330180580023,0.0
2024-01-29,-0.0,0.0
2024-01-30,-0.0,0.0
2024-01-31,-2.5755552864050872e-05,0.1553922332789522
2024-02-01,0.0021297094994703774,0.1419671016574226
2024-02-02,-0.0010045173035321683,0.1556732875009667
2024-02-05,0.004448509355842311,0.1530604475426657
2024-02-06,-0.00013154128098579574,0.0
2024-02-07,0.0,0.0
2024-02-08,0.0,0.0
2024-02-09,0.0,0.0
2024-02-12,0.0,0.0
2024-02-13,-0.0,0.0
2024-02-14,-0.0,0.0
2024-02-15,-0.0,0.0
2024-02-16,-2.1417103365402617e-05,0.1292168543180958
2024-02-20,-0.0026630257158279233,0.0898456481721494
2024-02-21,7.814549128133172e-05,0.5639781192245675
2024-02-22,0.009100436839189117,0.3680811872709388
2024-02-23,-0.001744150134360943,0.0823011535246436
2024-02-26,0.0007221704854544595,0.2373720533781788
2024-02-27,-0.0012992300147806083,0.0851842439879234
2024-02-28,-0.003101385810590887,0.0
2024-02-29,0.0,0.0
2024-03-01,0.0,0.0
2024-03-04,-0.0,0.0
2024-03-05,-0.0,0.0
2024-03-06,-9.299283298145261e-06,0.0561058194797832
2024-03-07,0.00044534505175175803,0.0676457653577162
2024-03-08,-0.0004919485088818688,0.0756508767049077
2024-03-11,0.0015606843662389282,0.0713887337021005
2024-03-12,2.330022016536797e-05,0.0
2024-03-13,0.0,0.0
2024-03-14,-0.0,0.0
2024-03-15,0.0,0.0
2024-03-18,0.0,0.0
2024-03-19,-0.0,0.0
2024-03-20,0.0,0.0
2024-03-21,0.0,0.0
2024-03-22,0.0,0.0
2024-03-25,-0.0,0.0
2024-03-26,-0.0,0.0
2024-03-27,-1.27281179653119e-05,0.0767931749129104
2024-03-28,0.0004465842436385137,0.0702126997913667
2024-04-01,-0.0013199060123792064,0.0967082913360493
2024-04-02,0.0010899282189055974,0.2848884946143353
2024-04-03,0.00015564462360695758,0.0965747692582933
2024-04-04,-0.00010905794667865829,0.1299464566833055
2024-04-05,-4.82549415758413e-05,0.1087170524426253
2024-04-08,-0.0014236194662277902,0.1140408503624944
2024-04-09,0.0007373262444328303,0.4732612003719141
2024-04-10,0.0008172121238090253,0.1458892804599704
2024-04-11,0.0004738758639154617,0.1443163025720845
2024-04-12,0.000785454499844816,0.1221239781309357
2024-04-15,-0.000923676202252422,0.1434696844220823
2024-04-16,0.0016485339611396618,0.1485302134722165
2024-04-17,-0.0016191644828144804,0.1464385776360575
2024-04-18,-0.0016171029747858092,0.1382312172910636
2024-04-19,-0.0006501915666047832,0.4531388702378532
2024-04-22,-0.0007245195143079313,0.6731068793937354
2024-04-23,0.006401089758268065,0.6942558750708185
2024-04-24,0.0029250270875398384,0.2907393046802127
2024-04-25,-0.0002930615994072941,0.1426678969185452
2024-04-26,-0.00023925027165036083,0.3336942198988237
2024-04-29,0.0019844986341940266,0.3455629563969943
2024-04-30,-0.0023651466871786662,0.1708790013917965
2024-05-01,-0.0031789266936114017,0.0
2024-05-02,0.0,0.0
2024-05-03,-0.0,0.0
2024-05-06,0.0,0.0
2024-05-07,-0.00013512475618967119,0.8152547820045052
2024-05-08,-0.007245088677006619,0.9353051433712088
2024-05-09,0.00031461159306108235,1.0
2024-05-10,-0.008912116899808522,1.0
2024-05-13,-0.00600865814021689,1.0
2024-05-14,-0.0064758486422077126,1.0
2024-05-15,0.005543676507763616,1.0
2024-05-16,0.009843798571423434,1.0
2024-05-17,0.009290842766989483,1.0
2024-05-20,-0.008182436690982774,0.9717957512793052
2024-05-21,-0.007459159668723758,0.9753868212387912
2024-05-22,0.0009448774116519236,1.0
2024-05-23,0.005607616512702381,1.0
2024-05-24,-0.004996364949313765,0.9405295670381778
2024-05-28,-0.00801048806177267,0.9657276108134976
2024-05-29,-0.012559707543715593,0.0
2024-05-30,-0.0,0.0
2024-05-31,0.0,0.0
2024-06-03,-0.0,0.0
2024-06-04,-0.00015192877278717812,0.916639274930214
2024-06-05,-0.0058367157016806235,0.7937639017770857
2024-06-06,0.00554561716414854,0.8695527490284248
2024-06-07,-0.005437910691145782,0.8430335123211976
2024-06-10,-0.006045106822422361,0.0
2024-06-11,-0.0,0.0
2024-06-12,-0.0,0.0
2024-06-13,0.0,0.0
2024-06-14,-0.0,0.0
2024-06-17,-0.00013691623952343294,0.8260634257787655
2024-06-18,0.0034705286398645434,0.8502493628257256
2024-06-20,-0.0006442438249598726,0.8743584638949442
2024-06-21,0.015926049401026626,0.9150660458514064
2024-06-24,-0.006813387633260661,0.7006035576742525
2024-06-25,0.0069144445738369845,0.7504046752177693
2024-06-26,0.011938909996569286,0.681663131683966
2024-06-27,-0.006327164744995347,0.2793090098458312
2024-06-28,-0.0026674251122884435,0.445274948938782
2024-07-01,0.005468339170946343,0.2993060462300665
2024-07-02,0.002578705260164939,0.1109115417081034
2024-07-03,-0.000336064647309084,0.1114310212354247
2024-07-05,-0.0013631379307298146,0.1204874322178835
2024-07-08,-0.00014956039757053487,0.1444381252686644
2024-07-09,-0.00029395377627027236,0.1497747471473728
2024-07-10,-0.0029049735674340593,0.0
2024-07-11,-0.0,0.0
2024-07-12,0.0,0.0
2024-07-15,-0.0,0.0
2024-07-16,-9.309189433673429e-05,0.561655866504264
2024-07-17,-0.008081746290587005,0.5808573227996623
2024-07-18,0.0026969762571705455,0.8957138095367966
2024-07-19,-0.0012900532274762603,0.8286442616685669
2024-07-22,0.01256510763219791,0.0
2024-07-23,0.0,0.0
2024-07-24,0.0,0.0
2024-07-25,0.0,0.0
2024-07-26,0.0,0.0
2024-07-29,-2.7968242489025042e-05,0.1687421615135668
2024-07-30,-0.0005611730815868707,0.1400649750599711
2024-07-31,0.0010930147154959249,0.1495122357302568
2024-08-01,-0.0017836906746044367,0.1838787985171686
2024-08-02,-0.0017264518115905306,0.1748101996579556
2024-08-05,0.0017415803310195167,0.4039937827410914
2024-08-06,-0.0028254832085100284,0.1352218087270437
2024-08-07,-0.0005975508660203279,0.1623140823938794
2024-08-08,0.0004974330737886666,0.4078314672684575
2024-08-09,-0.0064185141110693796,0.1779801804897829
2024-08-12,-0.0019928070933593707,0.0
2024-08-13,-0.0,0.0
2024-08-14,-0.0,0.0
2024-08-15,-0.0,0.0
2024-08-16,-0.00016574543219168112,1.0
2024-08-19,0.0009341083054919441,1.0
2024-08-20,0.001602132786748607,1.0
2024-08-21,0.006763612136466852,1.0
2024-08-22,0.002769414138475607,1.0
2024-08-23,-0.002190192591867173,1.0
2024-08-26,-0.029530531617704876,1.0
2024-08-27,0.0014612785558133386,1.0
2024-08-28,-0.010279981531781128,0.0
2024-08-29,0.0,0.0
2024-08-30,0.0,0.0
2024-09-03,-0.0,0.0
2024-09-04,-0.00015914474459476877,0.9601757495840032
2024-09-05,-0.012181584330961651,0.9964027854111008
2024-09-06,-0.0017657553294535974,0.985633839808964
2024-09-09,-0.0002527398576927108,0.9955320466670632
2024-09-10,0.006891783165255767,1.0
2024-09-11,-0.005626958785192963,1.0
2024-09-12,-0.007820693963906304,1.0
2024-09-13,-0.0013115668362286032,1.0
2024-09-16,-0.0036526121997705364,1.0
2024-09-17,0.007430660169425708,1.0
2024-09-18,0.01273460184117193,1.0
2024-09-19,0.013034656122069978,0.9333103425970772
2024-09-20,-0.014100699517299331,0.7731166283442478
2024-09-23,0.0003897440864846376,0.8776419169097699
2024-09-24,0.007260386083370496,0.8861583919780814
2024-09-25,0.013527147403166625,0.9198191882492438
2024-09-26,0.011287785333479733,0.5308946681159581
2024-09-27,-0.008675024175471491,0.3440493542039209
2024-09-30,0.0017743170105858556,0.5135113908741854
2024-10-01,-0.01020110239036107,0.1539809067981497
2024-10-02,0.001137197565334553,0.7302799161421903
2024-10-03,0.014591034820071203,0.4509102320578734
2024-10-04,-0.0031408070179500887,0.1579778093976234
2024-10-07,0.00010236778659817141,0.1913122483049082
2024-10-08,-0.0008528453252329063,0.1909458015998863
2024-10-09,-8.201516211789856e-06,0.1948648273047025
2024-10-10,0.0031624913505400995,0.2018677001093479
2024-10-11,0.0008607979608292421,0.1567416179658797
2024-10-14,-0.0014263527123131933,0.1886941069851817
2024-10-15,0.0001962632421980454,0.1504542235405783
2024-10-16,0.00023991840671393213,0.1560662405674784
2024-10-17,0.0005499068310373058,0.1666890818163607
2024-10-18,-0.0013087831285933467,0.2161036039971074
2024-10-21,-0.002327562968578013,0.1854413721712965
2024-10-22,0.002933352308015364,0.2155760701826914
2024-10-23,0.0010871377476397697,0.1658820023074961
2024-10-24,-0.00024570894720811725,0.2146048223554539
2024-10-25,0.0013830232713720986,0.2291871890404258
2024-10-28,-0.001203966075016184,0.243488109035725
2024-10-29,-0.0007845925266755402,0.242798268366967
2024-10-30,0.0027073796566516387,0.2714228331425224
2024-10-31,7.498148155756094e-05,0.2823860135494245
2024-11-01,-0.005695510637923876,0.3477529698098834
2024-11-04,0.0012683797205466022,0.2715790733125003
2024-11-05,0.0024314389441391225,0.2650463705818045
2024-11-06,-0.0021884607159831696,0.2737832410027108
2024-11-07,0.0003514429218087372,0.2402137536472157
2024-11-08,0.0007364403819656389,0.2855733312596301
2024-11-11,0.0011197093844597403,0.2876097515362675
2024-11-12,0.0016718098155327715,0.3164357749990636
2024-11-13,-0.001055772867774527,0.0
2024-11-14,0.0,0.0
2024-11-15,0.0,0.0
2024-11-18,0.0,0.0
2024-11-19,0.0,0.0
2024-11-20,0.0,0.0
2024-11-21,-0.0,0.0
2024-11-22,-0.0,0.0
2024-11-25,0.0,0.0
2024-11-26,-0.0,0.0
2024-11-27,-0.0,0.0
2024-11-29,-4.323236543177035e-05,0.2608359389463866
2024-12-02,-0.0050626540566639485,0.0
2024-12-03,-3.9002950802299114e-05,0.2353184053796704
2024-12-04,0.00018547384054924633,0.2410408317633153
2024-12-05,-0.0004874582990239597,0.2744546473319741
2024-12-06,0.0002018488585924568,0.2684513479670146
2024-12-09,0.004162861541333146,0.2892258276267915
2024-12-10,-0.000385770787766783,0.0
2024-12-11,-0.0,0.0
2024-12-12,-4.661211374054952e-05,0.281227139259227
2024-12-13,-0.002303991354052634,0.0
2024-12-16,-0.0,0.0
2024-12-17,-4.224738067393059e-05,0.2548931823659307
2024-12-18,-0.0007384995050202144,0.2285552659423766
2024-12-19,-0.0005878191825618932,0.1871605836432296
2024-12-20,0.003248306687119683,0.1978987831140652
2024-12-23,0.00019539268474187387,0.2362001243526579
2024-12-24,-0.0016460761957801243,0.2870142826585675
2024-12-26,-0.0006550800143735268,0.259238565036847
2024-12-27,-0.00041971201497382647,0.2380480853829891
2024-12-30,0.004238061028916292,0.2708488668757968
2024-12-31,0.0014411780403457595,0.0
2025-01-02,-7.323526534100525e-07,0.2827864949185315
2025-01-03,-0.004929070024542283,0.2817962487101997
2025-01-06,-7.992876966895727e-05,0.0
2025-01-07,-0.0,0.0
2025-01-08,0.0,0.0
2025-01-09,0.0,0.0
2025-01-10,0.0,0.0
2025-01-13,-2.9945084073374248e-05,0.1806691362615828
2025-01-14,0.0047318949497639606,1.0
2025-01-15,0.004223208851304398,0.1525547682789346
2025-01-16,0.0012649450283153338,0.1915721614247237
2025-01-17,0.002096301321808102,0.2125589440920269
2025-01-21,0.0013571138454471184,0.0
2025-01-22,-0.0,0.0
2025-01-23,-2.3627502378201843e-05,0.1425529624905545
2025-01-24,0.00031523974926759874,0.0
2025-01-27,0.0,0.0
2025-01-28,-0.0,0.0
2025-01-29,0.0,0.0
2025-01-30,0.0,0.0
2025-01-31,0.0,0.0
2025-02-03,0.0,0.0
2025-02-04,-0.0,0.0
2025-02-05,-0.0,0.0
2025-02-06,0.0,0.0
2025-02-07,0.0,0.0
2025-02-10,-0.0,0.0
2025-02-11,0.0,0.0
2025-02-12,-0.0,0.0
2025-02-13,0.0,0.0
2025-02-14,0.0,0.0
2025-02-18,-0.0,0.0
2025-02-19,-0.0,0.0
2025-02-20,0.0,0.0
2025-02-21,-0.0,0.0
2025-02-24,-0.0,0.0
2025-02-25,-2.5274689158391807e-05,0.1524910148302715
2025-02-26,-0.002066027976648616,0.1528214042794623
2025-02-27,0.0007720789848471921,0.3072209915010173
2025-02-28,-0.003552965240426025,0.1107521216082951
2025-03-03,0.010844757952422476,0.0
2025-03-04,0.0,0.0
2025-03-05,-0.0,0.0
2025-03-06,-0.0,0.0
2025-03-07,-1.6429087832543733e-05,0.0991224169215329
2025-03-10,7.287320504524815e-05,0.0769000668044851
2025-03-11,0.0004258159972825678,0.0806680361935666
2025-03-12,-4.578650625794225e-05,0.1052214987658956
2025-03-13,5.630730700741586e-05,0.1122820359792837
2025-03-14,-0.0002214942297182557,0.1159976923980288
2025-03-17,0.0017790989342946887,0.1198676837622203
2025-03-18,0.0003203601590287273,0.0
2025-03-19,0.0,0.0
2025-03-20,-0.0,0.0
2025-03-21,0.0,0.0
2025-03-24,-0.0,0.0
2025-03-25,0.0,0.0
2025-03-26,0.0,0.0
2025-03-27,0.0,0.0
2025-03-28,-0.0,0.0
2025-03-31,-0.0,0.0
2025-04-01,0.0,0.0
2025-04-02,0.0,0.0
2025-04-03,-0.0,0.0
2025-04-04,0.0,0.0
2025-04-07,0.0,0.0
2025-04-08,0.0,0.0
2025-04-09,-0.0,0.0
2025-04-10,-0.0,0.0
2025-04-11,-2.8705003755150322e-05,0.1731872991947864
2025-04-14,0.0022602902196375394,0.1736918793552135
2025-04-15,0.00014494981493145837,0.0
2025-04-16,-0.0,0.0
2025-04-17,-4.342051292548751e-05,0.2619710983967486
2025-04-21,0.00018549431544820642,0.2444845892888319
2025-04-22,0.0009249917517141763,0.2626089392872271
2025-04-23,0.0044733361580281215,0.0
2025-04-24,0.0,0.0
2025-04-25,0.0,0.0
2025-04-28,0.0,0.0
2025-04-29,-0.0,0.0
2025-04-30,0.0,0.0
2025-05-01,-0.0,0.0
2025-05-02,-0.0,0.0
2025-05-05,0.0,0.0
2025-05-06,-0.0,0.0
2025-05-07,-0.0,0.0
2025-05-08,0.0,0.0
2025-05-09,-0.0,0.0
2025-05-12,0.0,0.0
2025-05-13,0.0,0.0
2025-05-14,0.0,0.0
2025-05-15,-0.0,0.0
2025-05-16,-0.0,0.0
2025-05-19,-0.0,0.0
2025-05-20,0.0,0.0
2025-05-21,0.0,0.0
2025-05-22,-0.0,0.0
2025-05-23,-0.0,0.0
2025-05-27,-0.0,0.0
2025-05-28,-0.0,0.0
2025-05-29,-2.8497610733170666e-05,0.1719360247600267
2025-05-30,-0.0018146578893528786,0.1238792099508089
2025-06-02,-0.0014277639679293919,0.1256424260387487
2025-06-03,0.0008838002418388484,0.5188361636636832
2025-06-04,-0.007104776431706101,0.1518979202998611
2025-06-05,0.0010698602716009025,0.8058486281022381
2025-06-06,-0.003933693204342662,0.4938702910524395
2025-06-09,0.0005380153293787585,0.0
2025-06-10,0.0,0.0
2025-06-11,-0.0,0.0
2025-06-12,-0.0,0.0
2025-06-13,-0.0,0.0
2025-06-16,-0.00014918493762032634,0.9000847603920652
2025-06-17,-0.0006709248752741659,0.3260312679968417
2025-06-18,0.004836152278212064,0.3372499230485444
2025-06-20,0.004054108042302956,0.1406996568587099
2025-06-23,0.001482855852740707,0.0
2025-06-24,-0.0,0.0
2025-06-25,-0.0,0.0
2025-06-26,-2.8024133409871632e-05,0.1690793709322973
2025-06-27,-0.0029266109103577085,0.0
2025-06-30,-2.316949051268224e-05,0.1397896171635478
2025-07-01,-8.001130380091408e-05,0.0
2025-07-02,-0.0,0.0
2025-07-03,-0.0,0.0
2025-07-04,0.0,0.0
2025-07-07,-0.0,0.0
2025-07-08,0.0,0.0
2025-07-09,-0.0,0.0
2025-07-10,0.0,0.0
2025-07-11,-0.0,0.0
2025-07-14,0.0,0.0
2025-07-15,0.0,0.0
2025-07-16,-0.0,0.0
2025-07-17,0.0,0.0
2025-07-18,-0.0,0.0
2025-07-21,0.0,0.0
2025-07-22,-0.0,0.0
2025-07-23,0.0,0.0
2025-07-24,-0.0,0.0
2025-07-25,0.0,0.0
2025-07-28,-0.0,0.0
2025-07-29,0.0,0.0
2025-07-30,-0.0,0.0
2025-07-31,-0.0,0.0
2025-08-01,-0.0,0.0
2025-08-04,-2.2460404312821085e-05,0.1355114528094249
2025-08-05,-0.00018695055060777876,0.12955080105122
2025-08-06,0.001502635845241165,0.1363841259272215
2025-08-07,0.00025120472502467207,0.0
2025-08-08,0.0,0.0
2025-08-11,-0.0,0.0
2025-08-12,0.0,0.0
2025-08-13,0.0,0.0
2025-08-14,-0.0,0.0
2025-08-15,-0.0,0.0
2025-08-18,0.0,0.0
2025-08-19,0.0,0.0
2025-08-20,0.0,0.0
2025-08-21,0.0,0.0
2025-08-22,-0.0,0.0
2025-08-25,-0.0,0.0
2025-08-26,-0.0,0.0
2025-08-27,0.0,0.0
2025-08-28,0.0,0.0
2025-08-29,-0.0,0.0
2025-09-02,-0.0,0.0
2025-09-03,0.0,0.0
2025-09-04,-0.0,0.0
2025-09-05,-0.0,0.0
2025-09-08,-0.0,0.0
2025-09-09,0.0,0.0
2025-09-10,-0.0,0.0
2025-09-11,-0.0,0.0
2025-09-12,-0.0,0.0
2025-09-15,0.0,0.0
2025-09-16,0.0,0.0
2025-09-17,-0.0,0.0
2025-09-18,-0.0,0.0
2025-09-19,-0.0,0.0
2025-09-22,0.0,0.0
2025-09-23,0.0,0.0
2025-09-24,-0.0,0.0
2025-09-25,0.0,0.0
2025-09-26,0.0,0.0
2025-09-29,0.0,0.0
2025-09-30,0.0,0.0
2025-10-01,-0.0,0.0
2025-10-02,-0.0,0.0
2025-10-03,-3.569689130913659e-05,0.2153717953920402
2025-10-06,0.00127674384261816,0.2162092489029258
2025-10-07,0.00010764269707315629,0.2100400856110577
2025-10-08,-5.657201990691111e-05,0.2263856555253323
2025-10-09,0.00039683893304675124,0.2375669808501669
2025-10-10,-0.0006161693006399412,0.2404566796337751
2025-10-13,0.0022500389117776566,0.2356636104664668
2025-10-14,-0.0011949260206446624,0.0
2025-10-15,-3.968314495103331e-05,0.2394222539126496
2025-10-16,-0.0004072652283761352,0.2631814460394994
2025-10-17,0.0036563475942541024,0.2471012010157422
2025-10-20,-0.00010981851684856498,0.0
2025-10-21,-0.0,0.0
2025-10-22,0.0,0.0
2025-10-23,0.0,0.0
2025-10-24,0.0,0.0
2025-10-27,0.0,0.0
2025-10-28,0.0,0.0
2025-10-29,0.0,0.0
2025-10-30,0.0,0.0
2025-10-31,-0.0,0.0
2025-11-03,-0.0,0.0
2025-11-04,0.0,0.0
2025-11-05,0.0,0.0
2025-11-06,0.0,0.0
2025-11-07,-0.0,0.0
2025-11-10,0.0,0.0
2025-11-11,0.0,0.0
2025-11-12,-0.0,0.0
2025-11-13,-0.0,0.0
2025-11-14,0.0,0.0
2025-11-17,-0.0,0.0
2025-11-18,0.0,0.0
2025-11-19,-0.0,0.0
2025-11-20,-0.0,0.0
2025-11-21,-0.0,0.0
2025-11-24,-0.0,0.0
2025-11-25,-0.0,0.0
2025-11-26,-0.0,0.0
2025-11-28,0.0,0.0
2025-12-01,-0.0,0.0
2025-12-02,-0.0,0.0
2025-12-03,-1.5814744169923747e-05,0.0954158673382568
2025-12-04,-0.00073058107110459,0.0924851972197518
2025-12-05,0.0006387521513963162,0.0727895983350099
2025-12-08,-0.0005981513115007845,0.1018234286645377
2025-12-09,-0.00016589724269232828,0.0837323406755489
2025-12-10,-0.0002539173827206908,0.0875909849752775
2025-12-11,-0.00038359887578169236,0.1166359925794864
2025-12-12,-0.0006846364031619081,0.116538468379891
2025-12-15,-0.0002775722813865497,0.2619728890570744
2025-12-16,-0.002051600174251143,0.0
2025-12-17,-0.0,0.0
2025-12-18,-0.0,0.0
2025-12-19,-0.0,0.0
2025-12-22,-0.00014947954798366408,0.9018622474663188
2025-12-23,0.0013809126334091144,0.977593487193654
2025-12-24,-0.004391539157270757,1.0
2025-12-26,-0.0070218171215768385,1.0
2025-12-29,-0.007804888011461806,1.0
2025-12-30,0.008919701520767317,1.0
2025-12-31,-0.004785719426381738,1.0
2026-01-02,-2.5897723779950577e-06,1.0
2026-01-05,-2.9573730135215227e-05,1.0
2026-01-06,-0.002888830536730542,1.0
2026-01-07,0.009208370695369271,1.0
2026-01-08,0.014698893170715838,1.0
2026-01-09,-0.008928338232128295,1.0
2026-01-12,0.003919733321149913,0.0
2026-01-13,0.0,0.0
2026-01-14,-0.0,0.0
2026-01-15,0.0,0.0
2026-01-16,0.0,0.0
2026-01-20,-0.0001465901333531149,0.8844294012494244
2026-01-21,0.026939929606933404,0.245417855320919
2026-01-22,-0.002888734483550601,0.2272334894766172
2026-01-23,0.00034186901830914263,0.178083507699787
2026-01-26,0.004144359962469562,0.2137236133602822
2026-01-27,0.0019220206403760597,0.2066089283212219
2026-01-28,0.0006655572561947194,0.2048824508968246
2026-01-29,-0.00769904241813165,0.0
2026-01-30,0.0,0.0
2026-02-02,-0.0,0.0
2026-02-03,0.0,0.0
2026-02-04,-5.160341491588086e-05,0.3113414000828916
2026-02-05,-0.001341208338541475,0.2039921920491956
2026-02-06,0.002151809220313577,0.207027099986788
2026-02-09,0.0003922350468485589,0.1017467220775852
2026-02-10,-0.0008131808464874729,0.1039134972262196
2026-02-11,0.0006301532824786031,0.2101500029355018
2026-02-12,-0.0018172234675434193,0.1021839432794005
2026-02-13,-0.00036192200789690154,0.2051108039079773
2026-02-17,0.0018742662899118537,0.2075018912599531
2026-02-18,0.0011637484453544482,0.0986955007084526
2026-02-19,0.001527319727580136,0.104330367633515
2026-02-20,-0.0008532489546851061,0.1178938072479407
2026-02-23,0.0017568043930945773,0.0990317762198267
2026-02-24,0.0003869902946168738,0.112691278319261
2026-02-25,0.0008571140589378491,0.1254227503859488
2026-02-26,0.0008003493632704969,0.1254956296184237
2026-02-27,0.0004593816768563207,0.1271737289202616
2026-03-02,0.011684842803649913,0.0
2026-03-03,0.0,0.0
2026-03-04,0.0,0.0
2026-03-05,0.0,0.0
2026-03-06,-0.0,0.0
2026-03-09,-0.0,0.0
2026-03-10,0.0,0.0
2026-03-11,0.0,0.0
2026-03-12,-0.0,0.0
2026-03-13,0.0,0.0
2026-03-16,0.0,0.0
2026-03-17,0.0,0.0
2026-03-18,0.0,0.0
2026-03-19,0.0,0.0
2026-03-20,0.0,0.0
2026-03-23,-0.0,0.0
2026-03-24,0.0,0.0
2026-03-25,-0.0,0.0
2026-03-26,0.0,0.0
2026-03-27,0.0,0.0
2026-03-30,-0.0,0.0
2026-03-31,-0.0,0.0
2026-04-01,-0.0,0.0
2026-04-02,-0.0,0.0
2026-04-06,-0.0,0.0
2026-04-07,0.0,0.0
2026-04-08,0.0,0.0
2026-04-09,-0.0,0.0
2026-04-10,-0.0,0.0
2026-04-13,0.0,0.0
2026-04-14,0.0,0.0
2026-04-15,0.0,0.0
2026-04-16,0.0,0.0
2026-04-17,0.0,0.0
2026-04-20,-0.0,0.0
2026-04-21,0.0,0.0
2026-04-22,0.0,0.0
2026-04-23,0.0,0.0
2026-04-24,0.0,0.0
2026-04-27,0.0,0.0
2026-04-28,-0.0,0.0
2026-04-29,0.0,0.0
2026-04-30,0.0,0.0
2026-05-01,-0.0,0.0
2026-05-04,0.0,0.0
2026-05-05,0.0,0.0
2026-05-06,-0.0,0.0
2026-05-07,0.0,0.0
2026-05-08,0.0,0.0
2026-05-11,0.0,0.0
2026-05-12,0.0,0.0
2026-05-13,-0.0,0.0
2026-05-14,-0.0,0.0
2026-05-15,0.0,0.0
2026-05-18,-0.0,0.0
2026-05-19,-0.0,0.0
2026-05-20,0.0,0.0
2026-05-21,-0.0,0.0
2026-05-22,0.0,0.0
2026-05-26,-0.0,0.0
2026-05-27,0.0,0.0
2026-05-28,0.0,0.0
2026-05-29,-0.0,0.0
2026-06-01,-0.0,0.0
2026-06-02,0.0,0.0
2026-06-03,-0.0,0.0
2026-06-04,-0.0,0.0
2026-06-05,0.0,0.0
2026-06-08,0.0,0.0
2026-06-09,0.0,0.0
2026-06-10,0.0,0.0
2026-06-11,0.0,0.0
2026-06-12,-0.0,0.0
2026-06-15,-0.0,0.0
2026-06-16,0.0,0.0
2026-06-17,0.0,0.0
2026-06-18,0.0,0.0
2026-06-22,0.0,0.0
2026-06-23,0.0,0.0
2026-06-24,0.0,0.0
2026-06-25,0.0,0.0
2026-06-26,-0.0,0.0
2026-06-29,0.0,0.0
2026-06-30,-0.0,0.0
2026-07-01,-0.0,0.0
2026-07-02,-0.0,0.0
2026-07-06,0.0,0.0
2026-07-07,-0.0,0.0
2026-07-08,0.0,0.0
2026-07-09,-0.0,0.0
2026-07-10,-0.0,0.0
2026-07-13,0.0,0.0
2026-07-14,0.0,0.0
2026-07-15,0.0,0.0
2026-07-16,0.0,0.0
2026-07-17,-0.0,0.0
2026-07-20,-0.0,0.0
2026-07-21,-0.0,0.0
2026-07-22,-0.0,0.0
2026-07-23,-0.0,0.0
2026-07-24,-0.0,0.0
2026-07-27,0.0,0.0
2026-07-28,0.0,0.0
2026-07-29,-0.0,0.0
2026-07-30,-0.0,0.0
2026-07-31,-0.0,0.0
2026-08-03,-0.0,0.0
2026-08-04,-0.0,0.0
2026-08-05,0.0,0.0
2026-08-06,0.0,0.0
2026-08-07,0.0,0.0
2026-08-10,0.0,0.0
2026-08-11,-0.0,0.0
2026-08-12,0.0,0.0
2026-08-13,0.0,0.0
2026-08-14,0.0,0.0
2026-08-17,0.0,0.0
2026-08-18,0.0,0.0
2026-08-19,-0.0,0.0
2026-08-20,-0.0,0.0
2026-08-21,0.0,0.0
2026-08-24,-0.0,0.0
2026-08-25,0.0,0.0
2026-08-26,0.0,0.0
2026-08-27,0.0,0.0
2026-08-28,0.0,0.0
2026-08-31,-0.0,0.0
2026-09-01,-0.0,0.0
2026-09-02,-0.0,0.0
2026-09-03,-0.0,0.0
2026-09-04,0.0,0.0
2026-09-08,-0.0,0.0
2026-09-09,-0.0,0.0
