tbar,stor,zcut,trail,cb,cool,scale,train_t
1.25,1.5,-0.4479166666666665,0.4,0.5,0,0.46650018315663344,1.8802495162260195
1.25,1.5,-0.4479166666666665,0.4,0.5,1,0.46650018315663344,1.8747584284145762
1.25,1.5,-0.4479166666666665,0.4,0.5,2,0.46650018315663344,0.9671940710592724
1.25,1.5,-0.4479166666666665,0.4,0.5,3,0.46650018315663344,1.6753787069607333
1.25,1.5,-0.4479166666666665,0.4,0.5,4,0.46650018315663344,2.1495424950165773
1.25,1.5,-0.4479166666666665,0.4,0.5,5,0.46650018315663344,2.3301509168344663
1.25,1.5,-0.4479166666666665,0.4,0.5,7,0.46650018315663344,-0.44553535610312267
1.25,1.5,-0.4479166666666665,0.4,0.5,10,0.46650018315663344,1.30508736013134
1.25,1.5,-0.4479166666666665,0.4,0.5,13,0.46650018315663344,2.0344084667538223
1.25,1.5,-0.4479166666666665,0.4,0.75,0,0.46650018315663344,1.8802495162260195
1.25,1.5,-0.4479166666666665,0.4,0.75,1,0.46650018315663344,1.8747584284145762
1.25,1.5,-0.4479166666666665,0.4,0.75,2,0.46650018315663344,0.9671940710592724
1.25,1.5,-0.4479166666666665,0.4,0.75,3,0.46650018315663344,1.6753787069607333
1.25,1.5,-0.4479166666666665,0.4,0.75,4,0.46650018315663344,2.1495424950165773
1.25,1.5,-0.4479166666666665,0.4,0.75,5,0.46650018315663344,2.3301509168344663
1.25,1.5,-0.4479166666666665,0.4,0.75,7,0.46650018315663344,-0.44553535610312267
1.25,1.5,-0.4479166666666665,0.4,0.75,10,0.46650018315663344,1.30508736013134
1.25,1.5,-0.4479166666666665,0.4,0.75,13,0.46650018315663344,2.0344084667538223
1.25,1.5,-0.4479166666666665,0.4,0.9,0,0.46650018315663344,1.8802495162260195
1.25,1.5,-0.4479166666666665,0.4,0.9,1,0.46650018315663344,1.8747584284145762
1.25,1.5,-0.4479166666666665,0.4,0.9,2,0.46650018315663344,0.9671940710592724
1.25,1.5,-0.4479166666666665,0.4,0.9,3,0.46650018315663344,1.6753787069607333
1.25,1.5,-0.4479166666666665,0.4,0.9,4,0.46650018315663344,2.1495424950165773
1.25,1.5,-0.4479166666666665,0.4,0.9,5,0.46650018315663344,2.3301509168344663
1.25,1.5,-0.4479166666666665,0.4,0.9,7,0.46650018315663344,-0.44553535610312267
1.25,1.5,-0.4479166666666665,0.4,0.9,10,0.46650018315663344,1.30508736013134
1.25,1.5,-0.4479166666666665,0.4,0.9,13,0.46650018315663344,2.0344084667538223
1.25,1.5,-0.4479166666666665,0.4,0.95,0,0.46650018315663344,1.8802495162260195
1.25,1.5,-0.4479166666666665,0.4,0.95,1,0.46650018315663344,1.8747584284145762
1.25,1.5,-0.4479166666666665,0.4,0.95,2,0.46650018315663344,0.9671940710592724
1.25,1.5,-0.4479166666666665,0.4,0.95,3,0.46650018315663344,1.6753787069607333
1.25,1.5,-0.4479166666666665,0.4,0.95,4,0.46650018315663344,2.1495424950165773
1.25,1.5,-0.4479166666666665,0.4,0.95,5,0.46650018315663344,2.3301509168344663
1.25,1.5,-0.4479166666666665,0.4,0.95,7,0.46650018315663344,-0.44553535610312267
1.25,1.5,-0.4479166666666665,0.4,0.95,10,0.46650018315663344,1.30508736013134
1.25,1.5,-0.4479166666666665,0.4,0.95,13,0.46650018315663344,2.0344084667538223
1.25,1.5,-0.4479166666666665,0.4,0.99,0,0.46650018315663344,1.8802495162260195
1.25,1.5,-0.4479166666666665,0.4,0.99,1,0.46650018315663344,1.8747584284145762
1.25,1.5,-0.4479166666666665,0.4,0.99,2,0.46650018315663344,0.9671940710592724
1.25,1.5,-0.4479166666666665,0.4,0.99,3,0.46650018315663344,1.6753787069607333
1.25,1.5,-0.4479166666666665,0.4,0.99,4,0.46650018315663344,2.1495424950165773
1.25,1.5,-0.4479166666666665,0.4,0.99,5,0.46650018315663344,2.3301509168344663
1.25,1.5,-0.4479166666666665,0.4,0.99,7,0.46650018315663344,-0.44553535610312267
1.25,1.5,-0.4479166666666665,0.4,0.99,10,0.46650018315663344,1.30508736013134
1.25,1.5,-0.4479166666666665,0.4,0.99,13,0.46650018315663344,2.0344084667538223
1.25,1.5,-0.4479166666666665,0.4,0.995,0,0.46650018315663344,1.8802495162260195
1.25,1.5,-0.4479166666666665,0.4,0.995,1,0.46650018315663344,1.8747584284145762
1.25,1.5,-0.4479166666666665,0.4,0.995,2,0.46650018315663344,0.9671940710592724
1.25,1.5,-0.4479166666666665,0.4,0.995,3,0.46650018315663344,1.6753787069607333
1.25,1.5,-0.4479166666666665,0.4,0.995,4,0.46650018315663344,2.1495424950165773
1.25,1.5,-0.4479166666666665,0.4,0.995,5,0.46650018315663344,2.3301509168344663
1.25,1.5,-0.4479166666666665,0.4,0.995,7,0.46650018315663344,-0.44553535610312267
1.25,1.5,-0.4479166666666665,0.4,0.995,10,0.46650018315663344,1.30508736013134
1.25,1.5,-0.4479166666666665,0.4,0.995,13,0.46650018315663344,2.0344084667538223
1.25,1.5,-0.4479166666666665,0.4,0.999,0,0.46650018315663344,1.8802495162260195
1.25,1.5,-0.4479166666666665,0.4,0.999,1,0.46650018315663344,1.8747584284145762
1.25,1.5,-0.4479166666666665,0.4,0.999,2,0.46650018315663344,0.9671940710592724
1.25,1.5,-0.4479166666666665,0.4,0.999,3,0.46650018315663344,1.6753787069607333
1.25,1.5,-0.4479166666666665,0.4,0.999,4,0.46650018315663344,2.1495424950165773
1.25,1.5,-0.4479166666666665,0.4,0.999,5,0.46650018315663344,2.3301509168344663
1.25,1.5,-0.4479166666666665,0.4,0.999,7,0.46650018315663344,-0.44553535610312267
1.25,1.5,-0.4479166666666665,0.4,0.999,10,0.46650018315663344,1.30508736013134
1.25,1.5,-0.4479166666666665,0.4,0.999,13,0.46650018315663344,2.0344084667538223
1.25,1.5,-0.4479166666666665,0.45,0.5,0,0.46650018315663344,1.7602323222460188
1.25,1.5,-0.4479166666666665,0.45,0.5,1,0.46650018315663344,1.8429690543386041
1.25,1.5,-0.4479166666666665,0.45,0.5,2,0.46650018315663344,1.1359058045892374
1.25,1.5,-0.4479166666666665,0.45,0.5,3,0.46650018315663344,1.3411527049617724
1.25,1.5,-0.4479166666666665,0.45,0.5,4,0.46650018315663344,2.2770805548703925
1.25,1.5,-0.4479166666666665,0.45,0.5,5,0.46650018315663344,2.085911033338652
1.25,1.5,-0.4479166666666665,0.45,0.5,7,0.46650018315663344,-0.221232926923913
1.25,1.5,-0.4479166666666665,0.45,0.5,10,0.46650018315663344,1.6214277442747544
1.25,1.5,-0.4479166666666665,0.45,0.5,13,0.46650018315663344,1.9351623619731912
1.25,1.5,-0.4479166666666665,0.45,0.75,0,0.46650018315663344,1.7602323222460188
1.25,1.5,-0.4479166666666665,0.45,0.75,1,0.46650018315663344,1.8429690543386041
1.25,1.5,-0.4479166666666665,0.45,0.75,2,0.46650018315663344,1.1359058045892374
1.25,1.5,-0.4479166666666665,0.45,0.75,3,0.46650018315663344,1.3411527049617724
1.25,1.5,-0.4479166666666665,0.45,0.75,4,0.46650018315663344,2.2770805548703925
1.25,1.5,-0.4479166666666665,0.45,0.75,5,0.46650018315663344,2.085911033338652
1.25,1.5,-0.4479166666666665,0.45,0.75,7,0.46650018315663344,-0.221232926923913
1.25,1.5,-0.4479166666666665,0.45,0.75,10,0.46650018315663344,1.6214277442747544
1.25,1.5,-0.4479166666666665,0.45,0.75,13,0.46650018315663344,1.9351623619731912
1.25,1.5,-0.4479166666666665,0.45,0.9,0,0.46650018315663344,1.7602323222460188
1.25,1.5,-0.4479166666666665,0.45,0.9,1,0.46650018315663344,1.8429690543386041
1.25,1.5,-0.4479166666666665,0.45,0.9,2,0.46650018315663344,1.1359058045892374
1.25,1.5,-0.4479166666666665,0.45,0.9,3,0.46650018315663344,1.3411527049617724
1.25,1.5,-0.4479166666666665,0.45,0.9,4,0.46650018315663344,2.2770805548703925
1.25,1.5,-0.4479166666666665,0.45,0.9,5,0.46650018315663344,2.085911033338652
1.25,1.5,-0.4479166666666665,0.45,0.9,7,0.46650018315663344,-0.221232926923913
1.25,1.5,-0.4479166666666665,0.45,0.9,10,0.46650018315663344,1.6214277442747544
1.25,1.5,-0.4479166666666665,0.45,0.9,13,0.46650018315663344,1.9351623619731912
1.25,1.5,-0.4479166666666665,0.45,0.95,0,0.46650018315663344,1.7602323222460188
1.25,1.5,-0.4479166666666665,0.45,0.95,1,0.46650018315663344,1.8429690543386041
1.25,1.5,-0.4479166666666665,0.45,0.95,2,0.46650018315663344,1.1359058045892374
1.25,1.5,-0.4479166666666665,0.45,0.95,3,0.46650018315663344,1.3411527049617724
1.25,1.5,-0.4479166666666665,0.45,0.95,4,0.46650018315663344,2.2770805548703925
1.25,1.5,-0.4479166666666665,0.45,0.95,5,0.46650018315663344,2.085911033338652
1.25,1.5,-0.4479166666666665,0.45,0.95,7,0.46650018315663344,-0.221232926923913
1.25,1.5,-0.4479166666666665,0.45,0.95,10,0.46650018315663344,1.6214277442747544
1.25,1.5,-0.4479166666666665,0.45,0.95,13,0.46650018315663344,1.9351623619731912
1.25,1.5,-0.4479166666666665,0.45,0.99,0,0.46650018315663344,1.7602323222460188
1.25,1.5,-0.4479166666666665,0.45,0.99,1,0.46650018315663344,1.8429690543386041
1.25,1.5,-0.4479166666666665,0.45,0.99,2,0.46650018315663344,1.1359058045892374
1.25,1.5,-0.4479166666666665,0.45,0.99,3,0.46650018315663344,1.3411527049617724
1.25,1.5,-0.4479166666666665,0.45,0.99,4,0.46650018315663344,2.2770805548703925
1.25,1.5,-0.4479166666666665,0.45,0.99,5,0.46650018315663344,2.085911033338652
1.25,1.5,-0.4479166666666665,0.45,0.99,7,0.46650018315663344,-0.221232926923913
1.25,1.5,-0.4479166666666665,0.45,0.99,10,0.46650018315663344,1.6214277442747544
1.25,1.5,-0.4479166666666665,0.45,0.99,13,0.46650018315663344,1.9351623619731912
1.25,1.5,-0.4479166666666665,0.45,0.995,0,0.46650018315663344,1.7602323222460188
1.25,1.5,-0.4479166666666665,0.45,0.995,1,0.46650018315663344,1.8429690543386041
1.25,1.5,-0.4479166666666665,0.45,0.995,2,0.46650018315663344,1.1359058045892374
1.25,1.5,-0.4479166666666665,0.45,0.995,3,0.46650018315663344,1.3411527049617724
1.25,1.5,-0.4479166666666665,0.45,0.995,4,0.46650018315663344,2.2770805548703925
1.25,1.5,-0.4479166666666665,0.45,0.995,5,0.46650018315663344,2.085911033338652
1.25,1.5,-0.4479166666666665,0.45,0.995,7,0.46650018315663344,-0.221232926923913
1.25,1.5,-0.4479166666666665,0.45,0.995,10,0.46650018315663344,1.6214277442747544
1.25,1.5,-0.4479166666666665,0.45,0.995,13,0.46650018315663344,1.9351623619731912
1.25,1.5,-0.4479166666666665,0.45,0.999,0,0.46650018315663344,1.7602323222460188
1.25,1.5,-0.4479166666666665,0.45,0.999,1,0.46650018315663344,1.8429690543386041
1.25,1.5,-0.4479166666666665,0.45,0.999,2,0.46650018315663344,1.1359058045892374
1.25,1.5,-0.4479166666666665,0.45,0.999,3,0.46650018315663344,1.3411527049617724
1.25,1.5,-0.4479166666666665,0.45,0.999,4,0.46650018315663344,2.2770805548703925
1.25,1.5,-0.4479166666666665,0.45,0.999,5,0.46650018315663344,2.085911033338652
1.25,1.5,-0.4479166666666665,0.45,0.999,7,0.46650018315663344,-0.221232926923913
1.25,1.5,-0.4479166666666665,0.45,0.999,10,0.46650018315663344,1.6214277442747544
1.25,1.5,-0.4479166666666665,0.45,0.999,13,0.46650018315663344,1.9351623619731912
1.25,1.5,-0.4479166666666665,0.5,0.5,0,0.46650018315663344,2.186848793210214
1.25,1.5,-0.4479166666666665,0.5,0.5,1,0.46650018315663344,1.8588655718956821
1.25,1.5,-0.4479166666666665,0.5,0.5,2,0.46650018315663344,1.0701060073397999
1.25,1.5,-0.4479166666666665,0.5,0.5,3,0.46650018315663344,1.383231089778993
1.25,1.5,-0.4479166666666665,0.5,0.5,4,0.46650018315663344,2.02871526947772
1.25,1.5,-0.4479166666666665,0.5,0.5,5,0.46650018315663344,2.0334455582985367
1.25,1.5,-0.4479166666666665,0.5,0.5,7,0.46650018315663344,-0.6732961883927877
1.25,1.5,-0.4479166666666665,0.5,0.5,10,0.46650018315663344,1.2215999267941577
1.25,1.5,-0.4479166666666665,0.5,0.5,13,0.46650018315663344,2.3417435058535774
1.25,1.5,-0.4479166666666665,0.5,0.75,0,0.46650018315663344,2.186848793210214
1.25,1.5,-0.4479166666666665,0.5,0.75,1,0.46650018315663344,1.8588655718956821
1.25,1.5,-0.4479166666666665,0.5,0.75,2,0.46650018315663344,1.0701060073397999
1.25,1.5,-0.4479166666666665,0.5,0.75,3,0.46650018315663344,1.383231089778993
1.25,1.5,-0.4479166666666665,0.5,0.75,4,0.46650018315663344,2.02871526947772
1.25,1.5,-0.4479166666666665,0.5,0.75,5,0.46650018315663344,2.0334455582985367
1.25,1.5,-0.4479166666666665,0.5,0.75,7,0.46650018315663344,-0.6732961883927877
1.25,1.5,-0.4479166666666665,0.5,0.75,10,0.46650018315663344,1.2215999267941577
1.25,1.5,-0.4479166666666665,0.5,0.75,13,0.46650018315663344,2.3417435058535774
1.25,1.5,-0.4479166666666665,0.5,0.9,0,0.46650018315663344,2.186848793210214
1.25,1.5,-0.4479166666666665,0.5,0.9,1,0.46650018315663344,1.8588655718956821
1.25,1.5,-0.4479166666666665,0.5,0.9,2,0.46650018315663344,1.0701060073397999
1.25,1.5,-0.4479166666666665,0.5,0.9,3,0.46650018315663344,1.383231089778993
1.25,1.5,-0.4479166666666665,0.5,0.9,4,0.46650018315663344,2.02871526947772
1.25,1.5,-0.4479166666666665,0.5,0.9,5,0.46650018315663344,2.0334455582985367
1.25,1.5,-0.4479166666666665,0.5,0.9,7,0.46650018315663344,-0.6732961883927877
1.25,1.5,-0.4479166666666665,0.5,0.9,10,0.46650018315663344,1.2215999267941577
1.25,1.5,-0.4479166666666665,0.5,0.9,13,0.46650018315663344,2.3417435058535774
1.25,1.5,-0.4479166666666665,0.5,0.95,0,0.46650018315663344,2.186848793210214
1.25,1.5,-0.4479166666666665,0.5,0.95,1,0.46650018315663344,1.8588655718956821
1.25,1.5,-0.4479166666666665,0.5,0.95,2,0.46650018315663344,1.0701060073397999
1.25,1.5,-0.4479166666666665,0.5,0.95,3,0.46650018315663344,1.383231089778993
1.25,1.5,-0.4479166666666665,0.5,0.95,4,0.46650018315663344,2.02871526947772
1.25,1.5,-0.4479166666666665,0.5,0.95,5,0.46650018315663344,2.0334455582985367
1.25,1.5,-0.4479166666666665,0.5,0.95,7,0.46650018315663344,-0.6732961883927877
1.25,1.5,-0.4479166666666665,0.5,0.95,10,0.46650018315663344,1.2215999267941577
1.25,1.5,-0.4479166666666665,0.5,0.95,13,0.46650018315663344,2.3417435058535774
1.25,1.5,-0.4479166666666665,0.5,0.99,0,0.46650018315663344,2.186848793210214
1.25,1.5,-0.4479166666666665,0.5,0.99,1,0.46650018315663344,1.8588655718956821
1.25,1.5,-0.4479166666666665,0.5,0.99,2,0.46650018315663344,1.0701060073397999
1.25,1.5,-0.4479166666666665,0.5,0.99,3,0.46650018315663344,1.383231089778993
1.25,1.5,-0.4479166666666665,0.5,0.99,4,0.46650018315663344,2.02871526947772
1.25,1.5,-0.4479166666666665,0.5,0.99,5,0.46650018315663344,2.0334455582985367
1.25,1.5,-0.4479166666666665,0.5,0.99,7,0.46650018315663344,-0.6732961883927877
1.25,1.5,-0.4479166666666665,0.5,0.99,10,0.46650018315663344,1.2215999267941577
1.25,1.5,-0.4479166666666665,0.5,0.99,13,0.46650018315663344,2.3417435058535774
1.25,1.5,-0.4479166666666665,0.5,0.995,0,0.46650018315663344,2.186848793210214
1.25,1.5,-0.4479166666666665,0.5,0.995,1,0.46650018315663344,1.8588655718956821
1.25,1.5,-0.4479166666666665,0.5,0.995,2,0.46650018315663344,1.0701060073397999
1.25,1.5,-0.4479166666666665,0.5,0.995,3,0.46650018315663344,1.383231089778993
1.25,1.5,-0.4479166666666665,0.5,0.995,4,0.46650018315663344,2.02871526947772
1.25,1.5,-0.4479166666666665,0.5,0.995,5,0.46650018315663344,2.0334455582985367
1.25,1.5,-0.4479166666666665,0.5,0.995,7,0.46650018315663344,-0.6732961883927877
1.25,1.5,-0.4479166666666665,0.5,0.995,10,0.46650018315663344,1.2215999267941577
1.25,1.5,-0.4479166666666665,0.5,0.995,13,0.46650018315663344,2.3417435058535774
1.25,1.5,-0.4479166666666665,0.5,0.999,0,0.46650018315663344,2.186848793210214
1.25,1.5,-0.4479166666666665,0.5,0.999,1,0.46650018315663344,1.8588655718956821
1.25,1.5,-0.4479166666666665,0.5,0.999,2,0.46650018315663344,1.0701060073397999
1.25,1.5,-0.4479166666666665,0.5,0.999,3,0.46650018315663344,1.383231089778993
1.25,1.5,-0.4479166666666665,0.5,0.999,4,0.46650018315663344,2.02871526947772
1.25,1.5,-0.4479166666666665,0.5,0.999,5,0.46650018315663344,2.0334455582985367
1.25,1.5,-0.4479166666666665,0.5,0.999,7,0.46650018315663344,-0.6732961883927877
1.25,1.5,-0.4479166666666665,0.5,0.999,10,0.46650018315663344,1.2215999267941577
1.25,1.5,-0.4479166666666665,0.5,0.999,13,0.46650018315663344,2.3417435058535774
1.25,1.5,-0.4479166666666665,0.55,0.5,0,0.46650018315663344,2.7214210359124054
1.25,1.5,-0.4479166666666665,0.55,0.5,1,0.46650018315663344,2.6963515781570933
1.25,1.5,-0.4479166666666665,0.55,0.5,2,0.46650018315663344,1.9033543086979794
1.25,1.5,-0.4479166666666665,0.55,0.5,3,0.46650018315663344,2.0124646148422953
1.25,1.5,-0.4479166666666665,0.55,0.5,4,0.46650018315663344,2.229791150361929
1.25,1.5,-0.4479166666666665,0.55,0.5,5,0.46650018315663344,2.0976382815978294
1.25,1.5,-0.4479166666666665,0.55,0.5,7,0.46650018315663344,0.032233529767338114
1.25,1.5,-0.4479166666666665,0.55,0.5,10,0.46650018315663344,1.7228941637418642
1.25,1.5,-0.4479166666666665,0.55,0.5,13,0.46650018315663344,2.4781346958339525
1.25,1.5,-0.4479166666666665,0.55,0.75,0,0.46650018315663344,2.7214210359124054
1.25,1.5,-0.4479166666666665,0.55,0.75,1,0.46650018315663344,2.6963515781570933
1.25,1.5,-0.4479166666666665,0.55,0.75,2,0.46650018315663344,1.9033543086979794
1.25,1.5,-0.4479166666666665,0.55,0.75,3,0.46650018315663344,2.0124646148422953
1.25,1.5,-0.4479166666666665,0.55,0.75,4,0.46650018315663344,2.229791150361929
1.25,1.5,-0.4479166666666665,0.55,0.75,5,0.46650018315663344,2.0976382815978294
1.25,1.5,-0.4479166666666665,0.55,0.75,7,0.46650018315663344,0.032233529767338114
1.25,1.5,-0.4479166666666665,0.55,0.75,10,0.46650018315663344,1.7228941637418642
1.25,1.5,-0.4479166666666665,0.55,0.75,13,0.46650018315663344,2.4781346958339525
1.25,1.5,-0.4479166666666665,0.55,0.9,0,0.46650018315663344,2.7214210359124054
1.25,1.5,-0.4479166666666665,0.55,0.9,1,0.46650018315663344,2.6963515781570933
1.25,1.5,-0.4479166666666665,0.55,0.9,2,0.46650018315663344,1.9033543086979794
1.25,1.5,-0.4479166666666665,0.55,0.9,3,0.46650018315663344,2.0124646148422953
1.25,1.5,-0.4479166666666665,0.55,0.9,4,0.46650018315663344,2.229791150361929
1.25,1.5,-0.4479166666666665,0.55,0.9,5,0.46650018315663344,2.0976382815978294
1.25,1.5,-0.4479166666666665,0.55,0.9,7,0.46650018315663344,0.032233529767338114
1.25,1.5,-0.4479166666666665,0.55,0.9,10,0.46650018315663344,1.7228941637418642
1.25,1.5,-0.4479166666666665,0.55,0.9,13,0.46650018315663344,2.4781346958339525
1.25,1.5,-0.4479166666666665,0.55,0.95,0,0.46650018315663344,2.7214210359124054
1.25,1.5,-0.4479166666666665,0.55,0.95,1,0.46650018315663344,2.6963515781570933
1.25,1.5,-0.4479166666666665,0.55,0.95,2,0.46650018315663344,1.9033543086979794
1.25,1.5,-0.4479166666666665,0.55,0.95,3,0.46650018315663344,2.0124646148422953
1.25,1.5,-0.4479166666666665,0.55,0.95,4,0.46650018315663344,2.229791150361929
1.25,1.5,-0.4479166666666665,0.55,0.95,5,0.46650018315663344,2.0976382815978294
1.25,1.5,-0.4479166666666665,0.55,0.95,7,0.46650018315663344,0.032233529767338114
1.25,1.5,-0.4479166666666665,0.55,0.95,10,0.46650018315663344,1.7228941637418642
1.25,1.5,-0.4479166666666665,0.55,0.95,13,0.46650018315663344,2.4781346958339525
1.25,1.5,-0.4479166666666665,0.55,0.99,0,0.46650018315663344,2.7214210359124054
1.25,1.5,-0.4479166666666665,0.55,0.99,1,0.46650018315663344,2.6963515781570933
1.25,1.5,-0.4479166666666665,0.55,0.99,2,0.46650018315663344,1.9033543086979794
1.25,1.5,-0.4479166666666665,0.55,0.99,3,0.46650018315663344,2.0124646148422953
1.25,1.5,-0.4479166666666665,0.55,0.99,4,0.46650018315663344,2.229791150361929
1.25,1.5,-0.4479166666666665,0.55,0.99,5,0.46650018315663344,2.0976382815978294
1.25,1.5,-0.4479166666666665,0.55,0.99,7,0.46650018315663344,0.032233529767338114
1.25,1.5,-0.4479166666666665,0.55,0.99,10,0.46650018315663344,1.7228941637418642
1.25,1.5,-0.4479166666666665,0.55,0.99,13,0.46650018315663344,2.4781346958339525
1.25,1.5,-0.4479166666666665,0.55,0.995,0,0.46650018315663344,2.7214210359124054
1.25,1.5,-0.4479166666666665,0.55,0.995,1,0.46650018315663344,2.6963515781570933
1.25,1.5,-0.4479166666666665,0.55,0.995,2,0.46650018315663344,1.9033543086979794
1.25,1.5,-0.4479166666666665,0.55,0.995,3,0.46650018315663344,2.0124646148422953
1.25,1.5,-0.4479166666666665,0.55,0.995,4,0.46650018315663344,2.229791150361929
1.25,1.5,-0.4479166666666665,0.55,0.995,5,0.46650018315663344,2.0976382815978294
1.25,1.5,-0.4479166666666665,0.55,0.995,7,0.46650018315663344,0.032233529767338114
1.25,1.5,-0.4479166666666665,0.55,0.995,10,0.46650018315663344,1.7228941637418642
1.25,1.5,-0.4479166666666665,0.55,0.995,13,0.46650018315663344,2.4781346958339525
1.25,1.5,-0.4479166666666665,0.55,0.999,0,0.46650018315663344,2.7214210359124054
1.25,1.5,-0.4479166666666665,0.55,0.999,1,0.46650018315663344,2.6963515781570933
1.25,1.5,-0.4479166666666665,0.55,0.999,2,0.46650018315663344,1.9033543086979794
1.25,1.5,-0.4479166666666665,0.55,0.999,3,0.46650018315663344,2.0124646148422953
1.25,1.5,-0.4479166666666665,0.55,0.999,4,0.46650018315663344,2.229791150361929
1.25,1.5,-0.4479166666666665,0.55,0.999,5,0.46650018315663344,2.0976382815978294
1.25,1.5,-0.4479166666666665,0.55,0.999,7,0.46650018315663344,0.032233529767338114
1.25,1.5,-0.4479166666666665,0.55,0.999,10,0.46650018315663344,1.7228941637418642
1.25,1.5,-0.4479166666666665,0.55,0.999,13,0.46650018315663344,2.4781346958339525
1.25,1.5,-0.4479166666666665,0.6,0.5,0,0.46650018315663344,2.976022620537504
1.25,1.5,-0.4479166666666665,0.6,0.5,1,0.46650018315663344,2.981539054611948
1.25,1.5,-0.4479166666666665,0.6,0.5,2,0.46650018315663344,2.1182472992058834
1.25,1.5,-0.4479166666666665,0.6,0.5,3,0.46650018315663344,2.5864402665971156
1.25,1.5,-0.4479166666666665,0.6,0.5,4,0.46650018315663344,2.5094486802644225
1.25,1.5,-0.4479166666666665,0.6,0.5,5,0.46650018315663344,2.2320101453299834
1.25,1.5,-0.4479166666666665,0.6,0.5,7,0.46650018315663344,0.819807781192889
1.25,1.5,-0.4479166666666665,0.6,0.5,10,0.46650018315663344,1.9711186960821914
1.25,1.5,-0.4479166666666665,0.6,0.5,13,0.46650018315663344,2.7698559696265828
1.25,1.5,-0.4479166666666665,0.6,0.75,0,0.46650018315663344,2.976022620537504
1.25,1.5,-0.4479166666666665,0.6,0.75,1,0.46650018315663344,2.981539054611948
1.25,1.5,-0.4479166666666665,0.6,0.75,2,0.46650018315663344,2.1182472992058834
1.25,1.5,-0.4479166666666665,0.6,0.75,3,0.46650018315663344,2.5864402665971156
1.25,1.5,-0.4479166666666665,0.6,0.75,4,0.46650018315663344,2.5094486802644225
1.25,1.5,-0.4479166666666665,0.6,0.75,5,0.46650018315663344,2.2320101453299834
1.25,1.5,-0.4479166666666665,0.6,0.75,7,0.46650018315663344,0.819807781192889
1.25,1.5,-0.4479166666666665,0.6,0.75,10,0.46650018315663344,1.9711186960821914
1.25,1.5,-0.4479166666666665,0.6,0.75,13,0.46650018315663344,2.7698559696265828
1.25,1.5,-0.4479166666666665,0.6,0.9,0,0.46650018315663344,2.976022620537504
1.25,1.5,-0.4479166666666665,0.6,0.9,1,0.46650018315663344,2.981539054611948
1.25,1.5,-0.4479166666666665,0.6,0.9,2,0.46650018315663344,2.1182472992058834
1.25,1.5,-0.4479166666666665,0.6,0.9,3,0.46650018315663344,2.5864402665971156
1.25,1.5,-0.4479166666666665,0.6,0.9,4,0.46650018315663344,2.5094486802644225
1.25,1.5,-0.4479166666666665,0.6,0.9,5,0.46650018315663344,2.2320101453299834
1.25,1.5,-0.4479166666666665,0.6,0.9,7,0.46650018315663344,0.819807781192889
1.25,1.5,-0.4479166666666665,0.6,0.9,10,0.46650018315663344,1.9711186960821914
1.25,1.5,-0.4479166666666665,0.6,0.9,13,0.46650018315663344,2.7698559696265828
1.25,1.5,-0.4479166666666665,0.6,0.95,0,0.46650018315663344,2.976022620537504
1.25,1.5,-0.4479166666666665,0.6,0.95,1,0.46650018315663344,2.981539054611948
1.25,1.5,-0.4479166666666665,0.6,0.95,2,0.46650018315663344,2.1182472992058834
1.25,1.5,-0.4479166666666665,0.6,0.95,3,0.46650018315663344,2.5864402665971156
1.25,1.5,-0.4479166666666665,0.6,0.95,4,0.46650018315663344,2.5094486802644225
1.25,1.5,-0.4479166666666665,0.6,0.95,5,0.46650018315663344,2.2320101453299834
1.25,1.5,-0.4479166666666665,0.6,0.95,7,0.46650018315663344,0.819807781192889
1.25,1.5,-0.4479166666666665,0.6,0.95,10,0.46650018315663344,1.9711186960821914
1.25,1.5,-0.4479166666666665,0.6,0.95,13,0.46650018315663344,2.7698559696265828
1.25,1.5,-0.4479166666666665,0.6,0.99,0,0.46650018315663344,2.976022620537504
1.25,1.5,-0.4479166666666665,0.6,0.99,1,0.46650018315663344,2.981539054611948
1.25,1.5,-0.4479166666666665,0.6,0.99,2,0.46650018315663344,2.1182472992058834
1.25,1.5,-0.4479166666666665,0.6,0.99,3,0.46650018315663344,2.5864402665971156
1.25,1.5,-0.4479166666666665,0.6,0.99,4,0.46650018315663344,2.5094486802644225
1.25,1.5,-0.4479166666666665,0.6,0.99,5,0.46650018315663344,2.2320101453299834
1.25,1.5,-0.4479166666666665,0.6,0.99,7,0.46650018315663344,0.819807781192889
1.25,1.5,-0.4479166666666665,0.6,0.99,10,0.46650018315663344,1.9711186960821914
1.25,1.5,-0.4479166666666665,0.6,0.99,13,0.46650018315663344,2.7698559696265828
1.25,1.5,-0.4479166666666665,0.6,0.995,0,0.46650018315663344,2.976022620537504
1.25,1.5,-0.4479166666666665,0.6,0.995,1,0.46650018315663344,2.981539054611948
1.25,1.5,-0.4479166666666665,0.6,0.995,2,0.46650018315663344,2.1182472992058834
1.25,1.5,-0.4479166666666665,0.6,0.995,3,0.46650018315663344,2.5864402665971156
1.25,1.5,-0.4479166666666665,0.6,0.995,4,0.46650018315663344,2.5094486802644225
1.25,1.5,-0.4479166666666665,0.6,0.995,5,0.46650018315663344,2.2320101453299834
1.25,1.5,-0.4479166666666665,0.6,0.995,7,0.46650018315663344,0.819807781192889
1.25,1.5,-0.4479166666666665,0.6,0.995,10,0.46650018315663344,1.9711186960821914
1.25,1.5,-0.4479166666666665,0.6,0.995,13,0.46650018315663344,2.7698559696265828
1.25,1.5,-0.4479166666666665,0.6,0.999,0,0.46650018315663344,2.976022620537504
1.25,1.5,-0.4479166666666665,0.6,0.999,1,0.46650018315663344,2.981539054611948
1.25,1.5,-0.4479166666666665,0.6,0.999,2,0.46650018315663344,2.1182472992058834
1.25,1.5,-0.4479166666666665,0.6,0.999,3,0.46650018315663344,2.5864402665971156
1.25,1.5,-0.4479166666666665,0.6,0.999,4,0.46650018315663344,2.5094486802644225
1.25,1.5,-0.4479166666666665,0.6,0.999,5,0.46650018315663344,2.2320101453299834
1.25,1.5,-0.4479166666666665,0.6,0.999,7,0.46650018315663344,0.819807781192889
1.25,1.5,-0.4479166666666665,0.6,0.999,10,0.46650018315663344,1.9711186960821914
1.25,1.5,-0.4479166666666665,0.6,0.999,13,0.46650018315663344,2.7698559696265828
1.25,1.5,-0.4479166666666665,0.65,0.5,0,0.46650018315663344,3.4044169951671295
1.25,1.5,-0.4479166666666665,0.65,0.5,1,0.46650018315663344,3.183745374564422
1.25,1.5,-0.4479166666666665,0.65,0.5,2,0.46650018315663344,2.498293160681588
1.25,1.5,-0.4479166666666665,0.65,0.5,3,0.46650018315663344,3.4835894635396603
1.25,1.5,-0.4479166666666665,0.65,0.5,4,0.46650018315663344,2.9446503129518287
1.25,1.5,-0.4479166666666665,0.65,0.5,5,0.46650018315663344,2.8818348904008255
1.25,1.5,-0.4479166666666665,0.65,0.5,7,0.46650018315663344,1.8639753222096302
1.25,1.5,-0.4479166666666665,0.65,0.5,10,0.46650018315663344,2.5590011797711987
1.25,1.5,-0.4479166666666665,0.65,0.5,13,0.46650018315663344,3.2132001382488964
1.25,1.5,-0.4479166666666665,0.65,0.75,0,0.46650018315663344,3.4044169951671295
1.25,1.5,-0.4479166666666665,0.65,0.75,1,0.46650018315663344,3.183745374564422
1.25,1.5,-0.4479166666666665,0.65,0.75,2,0.46650018315663344,2.498293160681588
1.25,1.5,-0.4479166666666665,0.65,0.75,3,0.46650018315663344,3.4835894635396603
1.25,1.5,-0.4479166666666665,0.65,0.75,4,0.46650018315663344,2.9446503129518287
1.25,1.5,-0.4479166666666665,0.65,0.75,5,0.46650018315663344,2.8818348904008255
1.25,1.5,-0.4479166666666665,0.65,0.75,7,0.46650018315663344,1.8639753222096302
1.25,1.5,-0.4479166666666665,0.65,0.75,10,0.46650018315663344,2.5590011797711987
1.25,1.5,-0.4479166666666665,0.65,0.75,13,0.46650018315663344,3.2132001382488964
1.25,1.5,-0.4479166666666665,0.65,0.9,0,0.46650018315663344,3.4044169951671295
1.25,1.5,-0.4479166666666665,0.65,0.9,1,0.46650018315663344,3.183745374564422
1.25,1.5,-0.4479166666666665,0.65,0.9,2,0.46650018315663344,2.498293160681588
1.25,1.5,-0.4479166666666665,0.65,0.9,3,0.46650018315663344,3.4835894635396603
1.25,1.5,-0.4479166666666665,0.65,0.9,4,0.46650018315663344,2.9446503129518287
1.25,1.5,-0.4479166666666665,0.65,0.9,5,0.46650018315663344,2.8818348904008255
1.25,1.5,-0.4479166666666665,0.65,0.9,7,0.46650018315663344,1.8639753222096302
1.25,1.5,-0.4479166666666665,0.65,0.9,10,0.46650018315663344,2.5590011797711987
1.25,1.5,-0.4479166666666665,0.65,0.9,13,0.46650018315663344,3.2132001382488964
1.25,1.5,-0.4479166666666665,0.65,0.95,0,0.46650018315663344,3.4044169951671295
1.25,1.5,-0.4479166666666665,0.65,0.95,1,0.46650018315663344,3.183745374564422
1.25,1.5,-0.4479166666666665,0.65,0.95,2,0.46650018315663344,2.498293160681588
1.25,1.5,-0.4479166666666665,0.65,0.95,3,0.46650018315663344,3.4835894635396603
1.25,1.5,-0.4479166666666665,0.65,0.95,4,0.46650018315663344,2.9446503129518287
1.25,1.5,-0.4479166666666665,0.65,0.95,5,0.46650018315663344,2.8818348904008255
1.25,1.5,-0.4479166666666665,0.65,0.95,7,0.46650018315663344,1.8639753222096302
1.25,1.5,-0.4479166666666665,0.65,0.95,10,0.46650018315663344,2.5590011797711987
1.25,1.5,-0.4479166666666665,0.65,0.95,13,0.46650018315663344,3.2132001382488964
1.25,1.5,-0.4479166666666665,0.65,0.99,0,0.46650018315663344,3.4044169951671295
1.25,1.5,-0.4479166666666665,0.65,0.99,1,0.46650018315663344,3.183745374564422
1.25,1.5,-0.4479166666666665,0.65,0.99,2,0.46650018315663344,2.498293160681588
1.25,1.5,-0.4479166666666665,0.65,0.99,3,0.46650018315663344,3.4835894635396603
1.25,1.5,-0.4479166666666665,0.65,0.99,4,0.46650018315663344,2.9446503129518287
1.25,1.5,-0.4479166666666665,0.65,0.99,5,0.46650018315663344,2.8818348904008255
1.25,1.5,-0.4479166666666665,0.65,0.99,7,0.46650018315663344,1.8639753222096302
1.25,1.5,-0.4479166666666665,0.65,0.99,10,0.46650018315663344,2.5590011797711987
1.25,1.5,-0.4479166666666665,0.65,0.99,13,0.46650018315663344,3.2132001382488964
1.25,1.5,-0.4479166666666665,0.65,0.995,0,0.46650018315663344,3.4044169951671295
1.25,1.5,-0.4479166666666665,0.65,0.995,1,0.46650018315663344,3.183745374564422
1.25,1.5,-0.4479166666666665,0.65,0.995,2,0.46650018315663344,2.498293160681588
1.25,1.5,-0.4479166666666665,0.65,0.995,3,0.46650018315663344,3.4835894635396603
1.25,1.5,-0.4479166666666665,0.65,0.995,4,0.46650018315663344,2.9446503129518287
1.25,1.5,-0.4479166666666665,0.65,0.995,5,0.46650018315663344,2.8818348904008255
1.25,1.5,-0.4479166666666665,0.65,0.995,7,0.46650018315663344,1.8639753222096302
1.25,1.5,-0.4479166666666665,0.65,0.995,10,0.46650018315663344,2.5590011797711987
1.25,1.5,-0.4479166666666665,0.65,0.995,13,0.46650018315663344,3.2132001382488964
1.25,1.5,-0.4479166666666665,0.65,0.999,0,0.46650018315663344,3.4044169951671295
1.25,1.5,-0.4479166666666665,0.65,0.999,1,0.46650018315663344,3.183745374564422
1.25,1.5,-0.4479166666666665,0.65,0.999,2,0.46650018315663344,2.498293160681588
1.25,1.5,-0.4479166666666665,0.65,0.999,3,0.46650018315663344,3.4835894635396603
1.25,1.5,-0.4479166666666665,0.65,0.999,4,0.46650018315663344,2.9446503129518287
1.25,1.5,-0.4479166666666665,0.65,0.999,5,0.46650018315663344,2.8818348904008255
1.25,1.5,-0.4479166666666665,0.65,0.999,7,0.46650018315663344,1.8639753222096302
1.25,1.5,-0.4479166666666665,0.65,0.999,10,0.46650018315663344,2.5590011797711987
1.25,1.5,-0.4479166666666665,0.65,0.999,13,0.46650018315663344,3.2132001382488964
1.25,1.5,-0.4479166666666665,0.7,0.5,0,0.46650018315663344,3.2275090459813445
1.25,1.5,-0.4479166666666665,0.7,0.5,1,0.46650018315663344,3.562803517957716
1.25,1.5,-0.4479166666666665,0.7,0.5,2,0.46650018315663344,2.724227019318281
1.25,1.5,-0.4479166666666665,0.7,0.5,3,0.46650018315663344,3.5560950571491645
1.25,1.5,-0.4479166666666665,0.7,0.5,4,0.46650018315663344,2.9765523157662916
1.25,1.5,-0.4479166666666665,0.7,0.5,5,0.46650018315663344,2.768278102084712
1.25,1.5,-0.4479166666666665,0.7,0.5,7,0.46650018315663344,1.6267949638158359
1.25,1.5,-0.4479166666666665,0.7,0.5,10,0.46650018315663344,2.695748258858425
1.25,1.5,-0.4479166666666665,0.7,0.5,13,0.46650018315663344,2.955697787983032
1.25,1.5,-0.4479166666666665,0.7,0.75,0,0.46650018315663344,3.2275090459813445
1.25,1.5,-0.4479166666666665,0.7,0.75,1,0.46650018315663344,3.562803517957716
1.25,1.5,-0.4479166666666665,0.7,0.75,2,0.46650018315663344,2.724227019318281
1.25,1.5,-0.4479166666666665,0.7,0.75,3,0.46650018315663344,3.5560950571491645
1.25,1.5,-0.4479166666666665,0.7,0.75,4,0.46650018315663344,2.9765523157662916
1.25,1.5,-0.4479166666666665,0.7,0.75,5,0.46650018315663344,2.768278102084712
1.25,1.5,-0.4479166666666665,0.7,0.75,7,0.46650018315663344,1.6267949638158359
1.25,1.5,-0.4479166666666665,0.7,0.75,10,0.46650018315663344,2.695748258858425
1.25,1.5,-0.4479166666666665,0.7,0.75,13,0.46650018315663344,2.955697787983032
1.25,1.5,-0.4479166666666665,0.7,0.9,0,0.46650018315663344,3.2275090459813445
1.25,1.5,-0.4479166666666665,0.7,0.9,1,0.46650018315663344,3.562803517957716
1.25,1.5,-0.4479166666666665,0.7,0.9,2,0.46650018315663344,2.724227019318281
1.25,1.5,-0.4479166666666665,0.7,0.9,3,0.46650018315663344,3.5560950571491645
1.25,1.5,-0.4479166666666665,0.7,0.9,4,0.46650018315663344,2.9765523157662916
1.25,1.5,-0.4479166666666665,0.7,0.9,5,0.46650018315663344,2.768278102084712
1.25,1.5,-0.4479166666666665,0.7,0.9,7,0.46650018315663344,1.6267949638158359
1.25,1.5,-0.4479166666666665,0.7,0.9,10,0.46650018315663344,2.695748258858425
1.25,1.5,-0.4479166666666665,0.7,0.9,13,0.46650018315663344,2.955697787983032
1.25,1.5,-0.4479166666666665,0.7,0.95,0,0.46650018315663344,3.2275090459813445
1.25,1.5,-0.4479166666666665,0.7,0.95,1,0.46650018315663344,3.562803517957716
1.25,1.5,-0.4479166666666665,0.7,0.95,2,0.46650018315663344,2.724227019318281
1.25,1.5,-0.4479166666666665,0.7,0.95,3,0.46650018315663344,3.5560950571491645
1.25,1.5,-0.4479166666666665,0.7,0.95,4,0.46650018315663344,2.9765523157662916
1.25,1.5,-0.4479166666666665,0.7,0.95,5,0.46650018315663344,2.768278102084712
1.25,1.5,-0.4479166666666665,0.7,0.95,7,0.46650018315663344,1.6267949638158359
1.25,1.5,-0.4479166666666665,0.7,0.95,10,0.46650018315663344,2.695748258858425
1.25,1.5,-0.4479166666666665,0.7,0.95,13,0.46650018315663344,2.955697787983032
1.25,1.5,-0.4479166666666665,0.7,0.99,0,0.46650018315663344,3.2275090459813445
1.25,1.5,-0.4479166666666665,0.7,0.99,1,0.46650018315663344,3.562803517957716
1.25,1.5,-0.4479166666666665,0.7,0.99,2,0.46650018315663344,2.724227019318281
1.25,1.5,-0.4479166666666665,0.7,0.99,3,0.46650018315663344,3.5560950571491645
1.25,1.5,-0.4479166666666665,0.7,0.99,4,0.46650018315663344,2.9765523157662916
1.25,1.5,-0.4479166666666665,0.7,0.99,5,0.46650018315663344,2.768278102084712
1.25,1.5,-0.4479166666666665,0.7,0.99,7,0.46650018315663344,1.6267949638158359
1.25,1.5,-0.4479166666666665,0.7,0.99,10,0.46650018315663344,2.695748258858425
1.25,1.5,-0.4479166666666665,0.7,0.99,13,0.46650018315663344,2.955697787983032
1.25,1.5,-0.4479166666666665,0.7,0.995,0,0.46650018315663344,3.2275090459813445
1.25,1.5,-0.4479166666666665,0.7,0.995,1,0.46650018315663344,3.562803517957716
1.25,1.5,-0.4479166666666665,0.7,0.995,2,0.46650018315663344,2.724227019318281
1.25,1.5,-0.4479166666666665,0.7,0.995,3,0.46650018315663344,3.5560950571491645
1.25,1.5,-0.4479166666666665,0.7,0.995,4,0.46650018315663344,2.9765523157662916
1.25,1.5,-0.4479166666666665,0.7,0.995,5,0.46650018315663344,2.768278102084712
1.25,1.5,-0.4479166666666665,0.7,0.995,7,0.46650018315663344,1.6267949638158359
1.25,1.5,-0.4479166666666665,0.7,0.995,10,0.46650018315663344,2.695748258858425
1.25,1.5,-0.4479166666666665,0.7,0.995,13,0.46650018315663344,2.955697787983032
1.25,1.5,-0.4479166666666665,0.7,0.999,0,0.46650018315663344,3.2275090459813445
1.25,1.5,-0.4479166666666665,0.7,0.999,1,0.46650018315663344,3.562803517957716
1.25,1.5,-0.4479166666666665,0.7,0.999,2,0.46650018315663344,2.724227019318281
1.25,1.5,-0.4479166666666665,0.7,0.999,3,0.46650018315663344,3.5560950571491645
1.25,1.5,-0.4479166666666665,0.7,0.999,4,0.46650018315663344,2.9765523157662916
1.25,1.5,-0.4479166666666665,0.7,0.999,5,0.46650018315663344,2.768278102084712
1.25,1.5,-0.4479166666666665,0.7,0.999,7,0.46650018315663344,1.6267949638158359
1.25,1.5,-0.4479166666666665,0.7,0.999,10,0.46650018315663344,2.695748258858425
1.25,1.5,-0.4479166666666665,0.7,0.999,13,0.46650018315663344,2.955697787983032
1.25,1.5,-0.4479166666666665,0.75,0.5,0,0.46650018315663344,3.297365688080138
1.25,1.5,-0.4479166666666665,0.75,0.5,1,0.46650018315663344,3.609190054779465
1.25,1.5,-0.4479166666666665,0.75,0.5,2,0.46650018315663344,2.736045999879483
1.25,1.5,-0.4479166666666665,0.75,0.5,3,0.46650018315663344,3.2568945652729604
1.25,1.5,-0.4479166666666665,0.75,0.5,4,0.46650018315663344,3.4030010117617593
1.25,1.5,-0.4479166666666665,0.75,0.5,5,0.46650018315663344,3.0483141563277867
1.25,1.5,-0.4479166666666665,0.75,0.5,7,0.46650018315663344,2.3281054212440386
1.25,1.5,-0.4479166666666665,0.75,0.5,10,0.46650018315663344,2.84608758309715
1.25,1.5,-0.4479166666666665,0.75,0.5,13,0.46650018315663344,3.0175245666253043
1.25,1.5,-0.4479166666666665,0.75,0.75,0,0.46650018315663344,3.297365688080138
1.25,1.5,-0.4479166666666665,0.75,0.75,1,0.46650018315663344,3.609190054779465
1.25,1.5,-0.4479166666666665,0.75,0.75,2,0.46650018315663344,2.736045999879483
1.25,1.5,-0.4479166666666665,0.75,0.75,3,0.46650018315663344,3.2568945652729604
1.25,1.5,-0.4479166666666665,0.75,0.75,4,0.46650018315663344,3.4030010117617593
1.25,1.5,-0.4479166666666665,0.75,0.75,5,0.46650018315663344,3.0483141563277867
1.25,1.5,-0.4479166666666665,0.75,0.75,7,0.46650018315663344,2.3281054212440386
1.25,1.5,-0.4479166666666665,0.75,0.75,10,0.46650018315663344,2.84608758309715
1.25,1.5,-0.4479166666666665,0.75,0.75,13,0.46650018315663344,3.0175245666253043
1.25,1.5,-0.4479166666666665,0.75,0.9,0,0.46650018315663344,3.297365688080138
1.25,1.5,-0.4479166666666665,0.75,0.9,1,0.46650018315663344,3.609190054779465
1.25,1.5,-0.4479166666666665,0.75,0.9,2,0.46650018315663344,2.736045999879483
1.25,1.5,-0.4479166666666665,0.75,0.9,3,0.46650018315663344,3.2568945652729604
1.25,1.5,-0.4479166666666665,0.75,0.9,4,0.46650018315663344,3.4030010117617593
1.25,1.5,-0.4479166666666665,0.75,0.9,5,0.46650018315663344,3.0483141563277867
1.25,1.5,-0.4479166666666665,0.75,0.9,7,0.46650018315663344,2.3281054212440386
1.25,1.5,-0.4479166666666665,0.75,0.9,10,0.46650018315663344,2.84608758309715
1.25,1.5,-0.4479166666666665,0.75,0.9,13,0.46650018315663344,3.0175245666253043
1.25,1.5,-0.4479166666666665,0.75,0.95,0,0.46650018315663344,3.297365688080138
1.25,1.5,-0.4479166666666665,0.75,0.95,1,0.46650018315663344,3.609190054779465
1.25,1.5,-0.4479166666666665,0.75,0.95,2,0.46650018315663344,2.736045999879483
1.25,1.5,-0.4479166666666665,0.75,0.95,3,0.46650018315663344,3.2568945652729604
1.25,1.5,-0.4479166666666665,0.75,0.95,4,0.46650018315663344,3.4030010117617593
1.25,1.5,-0.4479166666666665,0.75,0.95,5,0.46650018315663344,3.0483141563277867
1.25,1.5,-0.4479166666666665,0.75,0.95,7,0.46650018315663344,2.3281054212440386
1.25,1.5,-0.4479166666666665,0.75,0.95,10,0.46650018315663344,2.84608758309715
1.25,1.5,-0.4479166666666665,0.75,0.95,13,0.46650018315663344,3.0175245666253043
1.25,1.5,-0.4479166666666665,0.75,0.99,0,0.46650018315663344,3.297365688080138
1.25,1.5,-0.4479166666666665,0.75,0.99,1,0.46650018315663344,3.609190054779465
1.25,1.5,-0.4479166666666665,0.75,0.99,2,0.46650018315663344,2.736045999879483
1.25,1.5,-0.4479166666666665,0.75,0.99,3,0.46650018315663344,3.2568945652729604
1.25,1.5,-0.4479166666666665,0.75,0.99,4,0.46650018315663344,3.4030010117617593
1.25,1.5,-0.4479166666666665,0.75,0.99,5,0.46650018315663344,3.0483141563277867
1.25,1.5,-0.4479166666666665,0.75,0.99,7,0.46650018315663344,2.3281054212440386
1.25,1.5,-0.4479166666666665,0.75,0.99,10,0.46650018315663344,2.84608758309715
1.25,1.5,-0.4479166666666665,0.75,0.99,13,0.46650018315663344,3.0175245666253043
1.25,1.5,-0.4479166666666665,0.75,0.995,0,0.46650018315663344,3.297365688080138
1.25,1.5,-0.4479166666666665,0.75,0.995,1,0.46650018315663344,3.609190054779465
1.25,1.5,-0.4479166666666665,0.75,0.995,2,0.46650018315663344,2.736045999879483
1.25,1.5,-0.4479166666666665,0.75,0.995,3,0.46650018315663344,3.2568945652729604
1.25,1.5,-0.4479166666666665,0.75,0.995,4,0.46650018315663344,3.4030010117617593
1.25,1.5,-0.4479166666666665,0.75,0.995,5,0.46650018315663344,3.0483141563277867
1.25,1.5,-0.4479166666666665,0.75,0.995,7,0.46650018315663344,2.3281054212440386
1.25,1.5,-0.4479166666666665,0.75,0.995,10,0.46650018315663344,2.84608758309715
1.25,1.5,-0.4479166666666665,0.75,0.995,13,0.46650018315663344,3.0175245666253043
1.25,1.5,-0.4479166666666665,0.75,0.999,0,0.46650018315663344,3.297365688080138
1.25,1.5,-0.4479166666666665,0.75,0.999,1,0.46650018315663344,3.609190054779465
1.25,1.5,-0.4479166666666665,0.75,0.999,2,0.46650018315663344,2.736045999879483
1.25,1.5,-0.4479166666666665,0.75,0.999,3,0.46650018315663344,3.2568945652729604
1.25,1.5,-0.4479166666666665,0.75,0.999,4,0.46650018315663344,3.4030010117617593
1.25,1.5,-0.4479166666666665,0.75,0.999,5,0.46650018315663344,3.0483141563277867
1.25,1.5,-0.4479166666666665,0.75,0.999,7,0.46650018315663344,2.3281054212440386
1.25,1.5,-0.4479166666666665,0.75,0.999,10,0.46650018315663344,2.84608758309715
1.25,1.5,-0.4479166666666665,0.75,0.999,13,0.46650018315663344,3.0175245666253043
1.25,1.5,-0.4479166666666665,0.8,0.5,0,0.46650018315663344,3.6137837497558376
1.25,1.5,-0.4479166666666665,0.8,0.5,1,0.46650018315663344,3.537394039491304
1.25,1.5,-0.4479166666666665,0.8,0.5,2,0.46650018315663344,2.7634845637832237
1.25,1.5,-0.4479166666666665,0.8,0.5,3,0.46650018315663344,3.516157785551606
1.25,1.5,-0.4479166666666665,0.8,0.5,4,0.46650018315663344,3.485666810081396
1.25,1.5,-0.4479166666666665,0.8,0.5,5,0.46650018315663344,3.284696900624357
1.25,1.5,-0.4479166666666665,0.8,0.5,7,0.46650018315663344,2.454462807384145
1.25,1.5,-0.4479166666666665,0.8,0.5,10,0.46650018315663344,2.6330822194635575
1.25,1.5,-0.4479166666666665,0.8,0.5,13,0.46650018315663344,3.08076730441985
1.25,1.5,-0.4479166666666665,0.8,0.75,0,0.46650018315663344,3.6137837497558376
1.25,1.5,-0.4479166666666665,0.8,0.75,1,0.46650018315663344,3.537394039491304
1.25,1.5,-0.4479166666666665,0.8,0.75,2,0.46650018315663344,2.7634845637832237
1.25,1.5,-0.4479166666666665,0.8,0.75,3,0.46650018315663344,3.516157785551606
1.25,1.5,-0.4479166666666665,0.8,0.75,4,0.46650018315663344,3.485666810081396
1.25,1.5,-0.4479166666666665,0.8,0.75,5,0.46650018315663344,3.284696900624357
1.25,1.5,-0.4479166666666665,0.8,0.75,7,0.46650018315663344,2.454462807384145
1.25,1.5,-0.4479166666666665,0.8,0.75,10,0.46650018315663344,2.6330822194635575
1.25,1.5,-0.4479166666666665,0.8,0.75,13,0.46650018315663344,3.08076730441985
1.25,1.5,-0.4479166666666665,0.8,0.9,0,0.46650018315663344,3.6137837497558376
1.25,1.5,-0.4479166666666665,0.8,0.9,1,0.46650018315663344,3.537394039491304
1.25,1.5,-0.4479166666666665,0.8,0.9,2,0.46650018315663344,2.7634845637832237
1.25,1.5,-0.4479166666666665,0.8,0.9,3,0.46650018315663344,3.516157785551606
1.25,1.5,-0.4479166666666665,0.8,0.9,4,0.46650018315663344,3.485666810081396
1.25,1.5,-0.4479166666666665,0.8,0.9,5,0.46650018315663344,3.284696900624357
1.25,1.5,-0.4479166666666665,0.8,0.9,7,0.46650018315663344,2.454462807384145
1.25,1.5,-0.4479166666666665,0.8,0.9,10,0.46650018315663344,2.6330822194635575
1.25,1.5,-0.4479166666666665,0.8,0.9,13,0.46650018315663344,3.08076730441985
1.25,1.5,-0.4479166666666665,0.8,0.95,0,0.46650018315663344,3.6137837497558376
1.25,1.5,-0.4479166666666665,0.8,0.95,1,0.46650018315663344,3.537394039491304
1.25,1.5,-0.4479166666666665,0.8,0.95,2,0.46650018315663344,2.7634845637832237
1.25,1.5,-0.4479166666666665,0.8,0.95,3,0.46650018315663344,3.516157785551606
1.25,1.5,-0.4479166666666665,0.8,0.95,4,0.46650018315663344,3.485666810081396
1.25,1.5,-0.4479166666666665,0.8,0.95,5,0.46650018315663344,3.284696900624357
1.25,1.5,-0.4479166666666665,0.8,0.95,7,0.46650018315663344,2.454462807384145
1.25,1.5,-0.4479166666666665,0.8,0.95,10,0.46650018315663344,2.6330822194635575
1.25,1.5,-0.4479166666666665,0.8,0.95,13,0.46650018315663344,3.08076730441985
1.25,1.5,-0.4479166666666665,0.8,0.99,0,0.46650018315663344,3.6137837497558376
1.25,1.5,-0.4479166666666665,0.8,0.99,1,0.46650018315663344,3.537394039491304
1.25,1.5,-0.4479166666666665,0.8,0.99,2,0.46650018315663344,2.7634845637832237
1.25,1.5,-0.4479166666666665,0.8,0.99,3,0.46650018315663344,3.516157785551606
1.25,1.5,-0.4479166666666665,0.8,0.99,4,0.46650018315663344,3.485666810081396
1.25,1.5,-0.4479166666666665,0.8,0.99,5,0.46650018315663344,3.284696900624357
1.25,1.5,-0.4479166666666665,0.8,0.99,7,0.46650018315663344,2.454462807384145
1.25,1.5,-0.4479166666666665,0.8,0.99,10,0.46650018315663344,2.6330822194635575
1.25,1.5,-0.4479166666666665,0.8,0.99,13,0.46650018315663344,3.08076730441985
1.25,1.5,-0.4479166666666665,0.8,0.995,0,0.46650018315663344,3.6137837497558376
1.25,1.5,-0.4479166666666665,0.8,0.995,1,0.46650018315663344,3.537394039491304
1.25,1.5,-0.4479166666666665,0.8,0.995,2,0.46650018315663344,2.7634845637832237
1.25,1.5,-0.4479166666666665,0.8,0.995,3,0.46650018315663344,3.516157785551606
1.25,1.5,-0.4479166666666665,0.8,0.995,4,0.46650018315663344,3.485666810081396
1.25,1.5,-0.4479166666666665,0.8,0.995,5,0.46650018315663344,3.284696900624357
1.25,1.5,-0.4479166666666665,0.8,0.995,7,0.46650018315663344,2.454462807384145
1.25,1.5,-0.4479166666666665,0.8,0.995,10,0.46650018315663344,2.6330822194635575
1.25,1.5,-0.4479166666666665,0.8,0.995,13,0.46650018315663344,3.08076730441985
1.25,1.5,-0.4479166666666665,0.8,0.999,0,0.46650018315663344,3.6137837497558376
1.25,1.5,-0.4479166666666665,0.8,0.999,1,0.46650018315663344,3.537394039491304
1.25,1.5,-0.4479166666666665,0.8,0.999,2,0.46650018315663344,2.7634845637832237
1.25,1.5,-0.4479166666666665,0.8,0.999,3,0.46650018315663344,3.516157785551606
1.25,1.5,-0.4479166666666665,0.8,0.999,4,0.46650018315663344,3.485666810081396
1.25,1.5,-0.4479166666666665,0.8,0.999,5,0.46650018315663344,3.284696900624357
1.25,1.5,-0.4479166666666665,0.8,0.999,7,0.46650018315663344,2.454462807384145
1.25,1.5,-0.4479166666666665,0.8,0.999,10,0.46650018315663344,2.6330822194635575
1.25,1.5,-0.4479166666666665,0.8,0.999,13,0.46650018315663344,3.08076730441985
1.25,1.5,-0.4479166666666665,0.85,0.5,0,0.46650018315663344,3.3656407251651705
1.25,1.5,-0.4479166666666665,0.85,0.5,1,0.46650018315663344,3.4277497058155273
1.25,1.5,-0.4479166666666665,0.85,0.5,2,0.46650018315663344,2.9566282588034527
1.25,1.5,-0.4479166666666665,0.85,0.5,3,0.46650018315663344,3.577737581240176
1.25,1.5,-0.4479166666666665,0.85,0.5,4,0.46650018315663344,3.526300283037381
1.25,1.5,-0.4479166666666665,0.85,0.5,5,0.46650018315663344,3.367826346488043
1.25,1.5,-0.4479166666666665,0.85,0.5,7,0.46650018315663344,2.55575295378903
1.25,1.5,-0.4479166666666665,0.85,0.5,10,0.46650018315663344,3.087968032795695
1.25,1.5,-0.4479166666666665,0.85,0.5,13,0.46650018315663344,2.9452279451311028
1.25,1.5,-0.4479166666666665,0.85,0.75,0,0.46650018315663344,3.3656407251651705
1.25,1.5,-0.4479166666666665,0.85,0.75,1,0.46650018315663344,3.4277497058155273
1.25,1.5,-0.4479166666666665,0.85,0.75,2,0.46650018315663344,2.9566282588034527
1.25,1.5,-0.4479166666666665,0.85,0.75,3,0.46650018315663344,3.577737581240176
1.25,1.5,-0.4479166666666665,0.85,0.75,4,0.46650018315663344,3.526300283037381
1.25,1.5,-0.4479166666666665,0.85,0.75,5,0.46650018315663344,3.367826346488043
1.25,1.5,-0.4479166666666665,0.85,0.75,7,0.46650018315663344,2.55575295378903
1.25,1.5,-0.4479166666666665,0.85,0.75,10,0.46650018315663344,3.087968032795695
1.25,1.5,-0.4479166666666665,0.85,0.75,13,0.46650018315663344,2.9452279451311028
1.25,1.5,-0.4479166666666665,0.85,0.9,0,0.46650018315663344,3.3656407251651705
1.25,1.5,-0.4479166666666665,0.85,0.9,1,0.46650018315663344,3.4277497058155273
1.25,1.5,-0.4479166666666665,0.85,0.9,2,0.46650018315663344,2.9566282588034527
1.25,1.5,-0.4479166666666665,0.85,0.9,3,0.46650018315663344,3.577737581240176
1.25,1.5,-0.4479166666666665,0.85,0.9,4,0.46650018315663344,3.526300283037381
1.25,1.5,-0.4479166666666665,0.85,0.9,5,0.46650018315663344,3.367826346488043
1.25,1.5,-0.4479166666666665,0.85,0.9,7,0.46650018315663344,2.55575295378903
1.25,1.5,-0.4479166666666665,0.85,0.9,10,0.46650018315663344,3.087968032795695
1.25,1.5,-0.4479166666666665,0.85,0.9,13,0.46650018315663344,2.9452279451311028
1.25,1.5,-0.4479166666666665,0.85,0.95,0,0.46650018315663344,3.3656407251651705
1.25,1.5,-0.4479166666666665,0.85,0.95,1,0.46650018315663344,3.4277497058155273
1.25,1.5,-0.4479166666666665,0.85,0.95,2,0.46650018315663344,2.9566282588034527
1.25,1.5,-0.4479166666666665,0.85,0.95,3,0.46650018315663344,3.577737581240176
1.25,1.5,-0.4479166666666665,0.85,0.95,4,0.46650018315663344,3.526300283037381
1.25,1.5,-0.4479166666666665,0.85,0.95,5,0.46650018315663344,3.367826346488043
1.25,1.5,-0.4479166666666665,0.85,0.95,7,0.46650018315663344,2.55575295378903
1.25,1.5,-0.4479166666666665,0.85,0.95,10,0.46650018315663344,3.087968032795695
1.25,1.5,-0.4479166666666665,0.85,0.95,13,0.46650018315663344,2.9452279451311028
1.25,1.5,-0.4479166666666665,0.85,0.99,0,0.46650018315663344,3.3656407251651705
1.25,1.5,-0.4479166666666665,0.85,0.99,1,0.46650018315663344,3.4277497058155273
1.25,1.5,-0.4479166666666665,0.85,0.99,2,0.46650018315663344,2.9566282588034527
1.25,1.5,-0.4479166666666665,0.85,0.99,3,0.46650018315663344,3.577737581240176
1.25,1.5,-0.4479166666666665,0.85,0.99,4,0.46650018315663344,3.526300283037381
1.25,1.5,-0.4479166666666665,0.85,0.99,5,0.46650018315663344,3.367826346488043
1.25,1.5,-0.4479166666666665,0.85,0.99,7,0.46650018315663344,2.55575295378903
1.25,1.5,-0.4479166666666665,0.85,0.99,10,0.46650018315663344,3.087968032795695
1.25,1.5,-0.4479166666666665,0.85,0.99,13,0.46650018315663344,2.9452279451311028
1.25,1.5,-0.4479166666666665,0.85,0.995,0,0.46650018315663344,3.3656407251651705
1.25,1.5,-0.4479166666666665,0.85,0.995,1,0.46650018315663344,3.4277497058155273
1.25,1.5,-0.4479166666666665,0.85,0.995,2,0.46650018315663344,2.9566282588034527
1.25,1.5,-0.4479166666666665,0.85,0.995,3,0.46650018315663344,3.577737581240176
1.25,1.5,-0.4479166666666665,0.85,0.995,4,0.46650018315663344,3.526300283037381
1.25,1.5,-0.4479166666666665,0.85,0.995,5,0.46650018315663344,3.367826346488043
1.25,1.5,-0.4479166666666665,0.85,0.995,7,0.46650018315663344,2.55575295378903
1.25,1.5,-0.4479166666666665,0.85,0.995,10,0.46650018315663344,3.087968032795695
1.25,1.5,-0.4479166666666665,0.85,0.995,13,0.46650018315663344,2.9452279451311028
1.25,1.5,-0.4479166666666665,0.85,0.999,0,0.46650018315663344,3.3656407251651705
1.25,1.5,-0.4479166666666665,0.85,0.999,1,0.46650018315663344,3.4277497058155273
1.25,1.5,-0.4479166666666665,0.85,0.999,2,0.46650018315663344,2.9566282588034527
1.25,1.5,-0.4479166666666665,0.85,0.999,3,0.46650018315663344,3.577737581240176
1.25,1.5,-0.4479166666666665,0.85,0.999,4,0.46650018315663344,3.526300283037381
1.25,1.5,-0.4479166666666665,0.85,0.999,5,0.46650018315663344,3.367826346488043
1.25,1.5,-0.4479166666666665,0.85,0.999,7,0.46650018315663344,2.55575295378903
1.25,1.5,-0.4479166666666665,0.85,0.999,10,0.46650018315663344,3.087968032795695
1.25,1.5,-0.4479166666666665,0.85,0.999,13,0.46650018315663344,2.9452279451311028
1.25,1.5,-0.4479166666666665,0.9,0.5,0,0.46650018315663344,3.443673612704006
1.25,1.5,-0.4479166666666665,0.9,0.5,1,0.46650018315663344,3.5218782305861582
1.25,1.5,-0.4479166666666665,0.9,0.5,2,0.46650018315663344,2.9192653120200185
1.25,1.5,-0.4479166666666665,0.9,0.5,3,0.46650018315663344,3.3639565988225875
1.25,1.5,-0.4479166666666665,0.9,0.5,4,0.46650018315663344,3.122689040352965
1.25,1.5,-0.4479166666666665,0.9,0.5,5,0.46650018315663344,3.121591346757051
1.25,1.5,-0.4479166666666665,0.9,0.5,7,0.46650018315663344,2.7468017503158286
1.25,1.5,-0.4479166666666665,0.9,0.5,10,0.46650018315663344,2.5030616319450396
1.25,1.5,-0.4479166666666665,0.9,0.5,13,0.46650018315663344,1.9769778463220324
1.25,1.5,-0.4479166666666665,0.9,0.75,0,0.46650018315663344,3.443673612704006
1.25,1.5,-0.4479166666666665,0.9,0.75,1,0.46650018315663344,3.5218782305861582
1.25,1.5,-0.4479166666666665,0.9,0.75,2,0.46650018315663344,2.9192653120200185
1.25,1.5,-0.4479166666666665,0.9,0.75,3,0.46650018315663344,3.3639565988225875
1.25,1.5,-0.4479166666666665,0.9,0.75,4,0.46650018315663344,3.122689040352965
1.25,1.5,-0.4479166666666665,0.9,0.75,5,0.46650018315663344,3.121591346757051
1.25,1.5,-0.4479166666666665,0.9,0.75,7,0.46650018315663344,2.7468017503158286
1.25,1.5,-0.4479166666666665,0.9,0.75,10,0.46650018315663344,2.5030616319450396
1.25,1.5,-0.4479166666666665,0.9,0.75,13,0.46650018315663344,1.9769778463220324
1.25,1.5,-0.4479166666666665,0.9,0.9,0,0.46650018315663344,3.443673612704006
1.25,1.5,-0.4479166666666665,0.9,0.9,1,0.46650018315663344,3.5218782305861582
1.25,1.5,-0.4479166666666665,0.9,0.9,2,0.46650018315663344,2.9192653120200185
1.25,1.5,-0.4479166666666665,0.9,0.9,3,0.46650018315663344,3.3639565988225875
1.25,1.5,-0.4479166666666665,0.9,0.9,4,0.46650018315663344,3.122689040352965
1.25,1.5,-0.4479166666666665,0.9,0.9,5,0.46650018315663344,3.121591346757051
1.25,1.5,-0.4479166666666665,0.9,0.9,7,0.46650018315663344,2.7468017503158286
1.25,1.5,-0.4479166666666665,0.9,0.9,10,0.46650018315663344,2.5030616319450396
1.25,1.5,-0.4479166666666665,0.9,0.9,13,0.46650018315663344,1.9769778463220324
1.25,1.5,-0.4479166666666665,0.9,0.95,0,0.46650018315663344,3.443673612704006
1.25,1.5,-0.4479166666666665,0.9,0.95,1,0.46650018315663344,3.5218782305861582
1.25,1.5,-0.4479166666666665,0.9,0.95,2,0.46650018315663344,2.9192653120200185
1.25,1.5,-0.4479166666666665,0.9,0.95,3,0.46650018315663344,3.3639565988225875
1.25,1.5,-0.4479166666666665,0.9,0.95,4,0.46650018315663344,3.122689040352965
1.25,1.5,-0.4479166666666665,0.9,0.95,5,0.46650018315663344,3.121591346757051
1.25,1.5,-0.4479166666666665,0.9,0.95,7,0.46650018315663344,2.7468017503158286
1.25,1.5,-0.4479166666666665,0.9,0.95,10,0.46650018315663344,2.5030616319450396
1.25,1.5,-0.4479166666666665,0.9,0.95,13,0.46650018315663344,1.9769778463220324
1.25,1.5,-0.4479166666666665,0.9,0.99,0,0.46650018315663344,3.443673612704006
1.25,1.5,-0.4479166666666665,0.9,0.99,1,0.46650018315663344,3.5218782305861582
1.25,1.5,-0.4479166666666665,0.9,0.99,2,0.46650018315663344,2.9192653120200185
1.25,1.5,-0.4479166666666665,0.9,0.99,3,0.46650018315663344,3.3639565988225875
1.25,1.5,-0.4479166666666665,0.9,0.99,4,0.46650018315663344,3.122689040352965
1.25,1.5,-0.4479166666666665,0.9,0.99,5,0.46650018315663344,3.121591346757051
1.25,1.5,-0.4479166666666665,0.9,0.99,7,0.46650018315663344,2.7468017503158286
1.25,1.5,-0.4479166666666665,0.9,0.99,10,0.46650018315663344,2.5030616319450396
1.25,1.5,-0.4479166666666665,0.9,0.99,13,0.46650018315663344,1.9769778463220324
1.25,1.5,-0.4479166666666665,0.9,0.995,0,0.46650018315663344,3.443673612704006
1.25,1.5,-0.4479166666666665,0.9,0.995,1,0.46650018315663344,3.5218782305861582
1.25,1.5,-0.4479166666666665,0.9,0.995,2,0.46650018315663344,2.9192653120200185
1.25,1.5,-0.4479166666666665,0.9,0.995,3,0.46650018315663344,3.3639565988225875
1.25,1.5,-0.4479166666666665,0.9,0.995,4,0.46650018315663344,3.122689040352965
1.25,1.5,-0.4479166666666665,0.9,0.995,5,0.46650018315663344,3.121591346757051
1.25,1.5,-0.4479166666666665,0.9,0.995,7,0.46650018315663344,2.7468017503158286
1.25,1.5,-0.4479166666666665,0.9,0.995,10,0.46650018315663344,2.5030616319450396
1.25,1.5,-0.4479166666666665,0.9,0.995,13,0.46650018315663344,1.9769778463220324
1.25,1.5,-0.4479166666666665,0.9,0.999,0,0.46650018315663344,3.443673612704006
1.25,1.5,-0.4479166666666665,0.9,0.999,1,0.46650018315663344,3.5218782305861582
1.25,1.5,-0.4479166666666665,0.9,0.999,2,0.46650018315663344,2.9192653120200185
1.25,1.5,-0.4479166666666665,0.9,0.999,3,0.46650018315663344,3.3639565988225875
1.25,1.5,-0.4479166666666665,0.9,0.999,4,0.46650018315663344,3.122689040352965
1.25,1.5,-0.4479166666666665,0.9,0.999,5,0.46650018315663344,3.121591346757051
1.25,1.5,-0.4479166666666665,0.9,0.999,7,0.46650018315663344,2.7468017503158286
1.25,1.5,-0.4479166666666665,0.9,0.999,10,0.46650018315663344,2.5030616319450396
1.25,1.5,-0.4479166666666665,0.9,0.999,13,0.46650018315663344,1.9769778463220324
1.25,1.5,-0.4479166666666665,0.95,0.5,0,0.46650018315663344,3.5453358904216503
1.25,1.5,-0.4479166666666665,0.95,0.5,1,0.46650018315663344,3.5211276252999597
1.25,1.5,-0.4479166666666665,0.95,0.5,2,0.46650018315663344,3.2386010859036496
1.25,1.5,-0.4479166666666665,0.95,0.5,3,0.46650018315663344,3.5334653645041834
1.25,1.5,-0.4479166666666665,0.95,0.5,4,0.46650018315663344,3.353585775819585
1.25,1.5,-0.4479166666666665,0.95,0.5,5,0.46650018315663344,3.3413477315578652
1.25,1.5,-0.4479166666666665,0.95,0.5,7,0.46650018315663344,2.6719415762551963
1.25,1.5,-0.4479166666666665,0.95,0.5,10,0.46650018315663344,2.826655483165822
1.25,1.5,-0.4479166666666665,0.95,0.5,13,0.46650018315663344,2.9156518349570666
1.25,1.5,-0.4479166666666665,0.95,0.75,0,0.46650018315663344,3.5453358904216503
1.25,1.5,-0.4479166666666665,0.95,0.75,1,0.46650018315663344,3.5211276252999597
1.25,1.5,-0.4479166666666665,0.95,0.75,2,0.46650018315663344,3.2386010859036496
1.25,1.5,-0.4479166666666665,0.95,0.75,3,0.46650018315663344,3.5334653645041834
1.25,1.5,-0.4479166666666665,0.95,0.75,4,0.46650018315663344,3.353585775819585
1.25,1.5,-0.4479166666666665,0.95,0.75,5,0.46650018315663344,3.3413477315578652
1.25,1.5,-0.4479166666666665,0.95,0.75,7,0.46650018315663344,2.6719415762551963
1.25,1.5,-0.4479166666666665,0.95,0.75,10,0.46650018315663344,2.826655483165822
1.25,1.5,-0.4479166666666665,0.95,0.75,13,0.46650018315663344,2.9156518349570666
1.25,1.5,-0.4479166666666665,0.95,0.9,0,0.46650018315663344,3.5453358904216503
1.25,1.5,-0.4479166666666665,0.95,0.9,1,0.46650018315663344,3.5211276252999597
1.25,1.5,-0.4479166666666665,0.95,0.9,2,0.46650018315663344,3.2386010859036496
1.25,1.5,-0.4479166666666665,0.95,0.9,3,0.46650018315663344,3.5334653645041834
1.25,1.5,-0.4479166666666665,0.95,0.9,4,0.46650018315663344,3.353585775819585
1.25,1.5,-0.4479166666666665,0.95,0.9,5,0.46650018315663344,3.3413477315578652
1.25,1.5,-0.4479166666666665,0.95,0.9,7,0.46650018315663344,2.6719415762551963
1.25,1.5,-0.4479166666666665,0.95,0.9,10,0.46650018315663344,2.826655483165822
1.25,1.5,-0.4479166666666665,0.95,0.9,13,0.46650018315663344,2.9156518349570666
1.25,1.5,-0.4479166666666665,0.95,0.95,0,0.46650018315663344,3.5453358904216503
1.25,1.5,-0.4479166666666665,0.95,0.95,1,0.46650018315663344,3.5211276252999597
1.25,1.5,-0.4479166666666665,0.95,0.95,2,0.46650018315663344,3.2386010859036496
1.25,1.5,-0.4479166666666665,0.95,0.95,3,0.46650018315663344,3.5334653645041834
1.25,1.5,-0.4479166666666665,0.95,0.95,4,0.46650018315663344,3.353585775819585
1.25,1.5,-0.4479166666666665,0.95,0.95,5,0.46650018315663344,3.3413477315578652
1.25,1.5,-0.4479166666666665,0.95,0.95,7,0.46650018315663344,2.6719415762551963
1.25,1.5,-0.4479166666666665,0.95,0.95,10,0.46650018315663344,2.826655483165822
1.25,1.5,-0.4479166666666665,0.95,0.95,13,0.46650018315663344,2.9156518349570666
1.25,1.5,-0.4479166666666665,0.95,0.99,0,0.46650018315663344,3.5453358904216503
1.25,1.5,-0.4479166666666665,0.95,0.99,1,0.46650018315663344,3.5211276252999597
1.25,1.5,-0.4479166666666665,0.95,0.99,2,0.46650018315663344,3.2386010859036496
1.25,1.5,-0.4479166666666665,0.95,0.99,3,0.46650018315663344,3.5334653645041834
1.25,1.5,-0.4479166666666665,0.95,0.99,4,0.46650018315663344,3.353585775819585
1.25,1.5,-0.4479166666666665,0.95,0.99,5,0.46650018315663344,3.3413477315578652
1.25,1.5,-0.4479166666666665,0.95,0.99,7,0.46650018315663344,2.6719415762551963
1.25,1.5,-0.4479166666666665,0.95,0.99,10,0.46650018315663344,2.826655483165822
1.25,1.5,-0.4479166666666665,0.95,0.99,13,0.46650018315663344,2.9156518349570666
1.25,1.5,-0.4479166666666665,0.95,0.995,0,0.46650018315663344,3.5453358904216503
1.25,1.5,-0.4479166666666665,0.95,0.995,1,0.46650018315663344,3.5211276252999597
1.25,1.5,-0.4479166666666665,0.95,0.995,2,0.46650018315663344,3.2386010859036496
1.25,1.5,-0.4479166666666665,0.95,0.995,3,0.46650018315663344,3.5334653645041834
1.25,1.5,-0.4479166666666665,0.95,0.995,4,0.46650018315663344,3.353585775819585
1.25,1.5,-0.4479166666666665,0.95,0.995,5,0.46650018315663344,3.3413477315578652
1.25,1.5,-0.4479166666666665,0.95,0.995,7,0.46650018315663344,2.6719415762551963
1.25,1.5,-0.4479166666666665,0.95,0.995,10,0.46650018315663344,2.826655483165822
1.25,1.5,-0.4479166666666665,0.95,0.995,13,0.46650018315663344,2.9156518349570666
1.25,1.5,-0.4479166666666665,0.95,0.999,0,0.46650018315663344,3.5453358904216503
1.25,1.5,-0.4479166666666665,0.95,0.999,1,0.46650018315663344,3.5211276252999597
1.25,1.5,-0.4479166666666665,0.95,0.999,2,0.46650018315663344,3.2386010859036496
1.25,1.5,-0.4479166666666665,0.95,0.999,3,0.46650018315663344,3.5334653645041834
1.25,1.5,-0.4479166666666665,0.95,0.999,4,0.46650018315663344,3.353585775819585
1.25,1.5,-0.4479166666666665,0.95,0.999,5,0.46650018315663344,3.3413477315578652
1.25,1.5,-0.4479166666666665,0.95,0.999,7,0.46650018315663344,2.6719415762551963
1.25,1.5,-0.4479166666666665,0.95,0.999,10,0.46650018315663344,2.826655483165822
1.25,1.5,-0.4479166666666665,0.95,0.999,13,0.46650018315663344,2.9156518349570666
1.25,1.5,-0.4479166666666665,0.975,0.5,0,0.46650018315663344,3.3905792043230067
1.25,1.5,-0.4479166666666665,0.975,0.5,1,0.46650018315663344,3.5950693635916315
1.25,1.5,-0.4479166666666665,0.975,0.5,2,0.46650018315663344,3.202619036056363
1.25,1.5,-0.4479166666666665,0.975,0.5,3,0.46650018315663344,3.361949308153558
1.25,1.5,-0.4479166666666665,0.975,0.5,4,0.46650018315663344,3.145323352170718
1.25,1.5,-0.4479166666666665,0.975,0.5,5,0.46650018315663344,3.033229844309278
1.25,1.5,-0.4479166666666665,0.975,0.5,7,0.46650018315663344,2.4628168150703638
1.25,1.5,-0.4479166666666665,0.975,0.5,10,0.46650018315663344,2.92659123456387
1.25,1.5,-0.4479166666666665,0.975,0.5,13,0.46650018315663344,2.9433799165820718
1.25,1.5,-0.4479166666666665,0.975,0.75,0,0.46650018315663344,3.3905792043230067
1.25,1.5,-0.4479166666666665,0.975,0.75,1,0.46650018315663344,3.5950693635916315
1.25,1.5,-0.4479166666666665,0.975,0.75,2,0.46650018315663344,3.202619036056363
1.25,1.5,-0.4479166666666665,0.975,0.75,3,0.46650018315663344,3.361949308153558
1.25,1.5,-0.4479166666666665,0.975,0.75,4,0.46650018315663344,3.145323352170718
1.25,1.5,-0.4479166666666665,0.975,0.75,5,0.46650018315663344,3.033229844309278
1.25,1.5,-0.4479166666666665,0.975,0.75,7,0.46650018315663344,2.4628168150703638
1.25,1.5,-0.4479166666666665,0.975,0.75,10,0.46650018315663344,2.92659123456387
1.25,1.5,-0.4479166666666665,0.975,0.75,13,0.46650018315663344,2.9433799165820718
1.25,1.5,-0.4479166666666665,0.975,0.9,0,0.46650018315663344,3.3905792043230067
1.25,1.5,-0.4479166666666665,0.975,0.9,1,0.46650018315663344,3.5950693635916315
1.25,1.5,-0.4479166666666665,0.975,0.9,2,0.46650018315663344,3.202619036056363
1.25,1.5,-0.4479166666666665,0.975,0.9,3,0.46650018315663344,3.361949308153558
1.25,1.5,-0.4479166666666665,0.975,0.9,4,0.46650018315663344,3.145323352170718
1.25,1.5,-0.4479166666666665,0.975,0.9,5,0.46650018315663344,3.033229844309278
1.25,1.5,-0.4479166666666665,0.975,0.9,7,0.46650018315663344,2.4628168150703638
1.25,1.5,-0.4479166666666665,0.975,0.9,10,0.46650018315663344,2.92659123456387
1.25,1.5,-0.4479166666666665,0.975,0.9,13,0.46650018315663344,2.9433799165820718
1.25,1.5,-0.4479166666666665,0.975,0.95,0,0.46650018315663344,3.3905792043230067
1.25,1.5,-0.4479166666666665,0.975,0.95,1,0.46650018315663344,3.5950693635916315
1.25,1.5,-0.4479166666666665,0.975,0.95,2,0.46650018315663344,3.202619036056363
1.25,1.5,-0.4479166666666665,0.975,0.95,3,0.46650018315663344,3.361949308153558
1.25,1.5,-0.4479166666666665,0.975,0.95,4,0.46650018315663344,3.145323352170718
1.25,1.5,-0.4479166666666665,0.975,0.95,5,0.46650018315663344,3.033229844309278
1.25,1.5,-0.4479166666666665,0.975,0.95,7,0.46650018315663344,2.4628168150703638
1.25,1.5,-0.4479166666666665,0.975,0.95,10,0.46650018315663344,2.92659123456387
1.25,1.5,-0.4479166666666665,0.975,0.95,13,0.46650018315663344,2.9433799165820718
1.25,1.5,-0.4479166666666665,0.975,0.99,0,0.46650018315663344,3.3905792043230067
1.25,1.5,-0.4479166666666665,0.975,0.99,1,0.46650018315663344,3.5950693635916315
1.25,1.5,-0.4479166666666665,0.975,0.99,2,0.46650018315663344,3.202619036056363
1.25,1.5,-0.4479166666666665,0.975,0.99,3,0.46650018315663344,3.361949308153558
1.25,1.5,-0.4479166666666665,0.975,0.99,4,0.46650018315663344,3.145323352170718
1.25,1.5,-0.4479166666666665,0.975,0.99,5,0.46650018315663344,3.033229844309278
1.25,1.5,-0.4479166666666665,0.975,0.99,7,0.46650018315663344,2.4628168150703638
1.25,1.5,-0.4479166666666665,0.975,0.99,10,0.46650018315663344,2.92659123456387
1.25,1.5,-0.4479166666666665,0.975,0.99,13,0.46650018315663344,2.9433799165820718
1.25,1.5,-0.4479166666666665,0.975,0.995,0,0.46650018315663344,3.3905792043230067
1.25,1.5,-0.4479166666666665,0.975,0.995,1,0.46650018315663344,3.5950693635916315
1.25,1.5,-0.4479166666666665,0.975,0.995,2,0.46650018315663344,3.202619036056363
1.25,1.5,-0.4479166666666665,0.975,0.995,3,0.46650018315663344,3.361949308153558
1.25,1.5,-0.4479166666666665,0.975,0.995,4,0.46650018315663344,3.145323352170718
1.25,1.5,-0.4479166666666665,0.975,0.995,5,0.46650018315663344,3.033229844309278
1.25,1.5,-0.4479166666666665,0.975,0.995,7,0.46650018315663344,2.4628168150703638
1.25,1.5,-0.4479166666666665,0.975,0.995,10,0.46650018315663344,2.92659123456387
1.25,1.5,-0.4479166666666665,0.975,0.995,13,0.46650018315663344,2.9433799165820718
1.25,1.5,-0.4479166666666665,0.975,0.999,0,0.46650018315663344,3.3905792043230067
1.25,1.5,-0.4479166666666665,0.975,0.999,1,0.46650018315663344,3.5950693635916315
1.25,1.5,-0.4479166666666665,0.975,0.999,2,0.46650018315663344,3.202619036056363
1.25,1.5,-0.4479166666666665,0.975,0.999,3,0.46650018315663344,3.361949308153558
1.25,1.5,-0.4479166666666665,0.975,0.999,4,0.46650018315663344,3.145323352170718
1.25,1.5,-0.4479166666666665,0.975,0.999,5,0.46650018315663344,3.033229844309278
1.25,1.5,-0.4479166666666665,0.975,0.999,7,0.46650018315663344,2.4628168150703638
1.25,1.5,-0.4479166666666665,0.975,0.999,10,0.46650018315663344,2.92659123456387
1.25,1.5,-0.4479166666666665,0.975,0.999,13,0.46650018315663344,2.9433799165820718
1.5,1.5,-0.4479166666666665,0.4,0.5,0,0.46650018315663344,1.8802495162260195
1.5,1.5,-0.4479166666666665,0.4,0.5,1,0.46650018315663344,1.8747584284145762
1.5,1.5,-0.4479166666666665,0.4,0.5,2,0.46650018315663344,0.9671940710592724
1.5,1.5,-0.4479166666666665,0.4,0.5,3,0.46650018315663344,1.6753787069607333
1.5,1.5,-0.4479166666666665,0.4,0.5,4,0.46650018315663344,2.1495424950165773
1.5,1.5,-0.4479166666666665,0.4,0.5,5,0.46650018315663344,2.3301509168344663
1.5,1.5,-0.4479166666666665,0.4,0.5,7,0.46650018315663344,-0.44553535610312267
1.5,1.5,-0.4479166666666665,0.4,0.5,10,0.46650018315663344,1.30508736013134
1.5,1.5,-0.4479166666666665,0.4,0.5,13,0.46650018315663344,2.0344084667538223
1.5,1.5,-0.4479166666666665,0.4,0.75,0,0.46650018315663344,1.8802495162260195
1.5,1.5,-0.4479166666666665,0.4,0.75,1,0.46650018315663344,1.8747584284145762
1.5,1.5,-0.4479166666666665,0.4,0.75,2,0.46650018315663344,0.9671940710592724
1.5,1.5,-0.4479166666666665,0.4,0.75,3,0.46650018315663344,1.6753787069607333
1.5,1.5,-0.4479166666666665,0.4,0.75,4,0.46650018315663344,2.1495424950165773
1.5,1.5,-0.4479166666666665,0.4,0.75,5,0.46650018315663344,2.3301509168344663
1.5,1.5,-0.4479166666666665,0.4,0.75,7,0.46650018315663344,-0.44553535610312267
1.5,1.5,-0.4479166666666665,0.4,0.75,10,0.46650018315663344,1.30508736013134
1.5,1.5,-0.4479166666666665,0.4,0.75,13,0.46650018315663344,2.0344084667538223
1.5,1.5,-0.4479166666666665,0.4,0.9,0,0.46650018315663344,1.8802495162260195
1.5,1.5,-0.4479166666666665,0.4,0.9,1,0.46650018315663344,1.8747584284145762
1.5,1.5,-0.4479166666666665,0.4,0.9,2,0.46650018315663344,0.9671940710592724
1.5,1.5,-0.4479166666666665,0.4,0.9,3,0.46650018315663344,1.6753787069607333
1.5,1.5,-0.4479166666666665,0.4,0.9,4,0.46650018315663344,2.1495424950165773
1.5,1.5,-0.4479166666666665,0.4,0.9,5,0.46650018315663344,2.3301509168344663
1.5,1.5,-0.4479166666666665,0.4,0.9,7,0.46650018315663344,-0.44553535610312267
1.5,1.5,-0.4479166666666665,0.4,0.9,10,0.46650018315663344,1.30508736013134
1.5,1.5,-0.4479166666666665,0.4,0.9,13,0.46650018315663344,2.0344084667538223
1.5,1.5,-0.4479166666666665,0.4,0.95,0,0.46650018315663344,1.8802495162260195
1.5,1.5,-0.4479166666666665,0.4,0.95,1,0.46650018315663344,1.8747584284145762
1.5,1.5,-0.4479166666666665,0.4,0.95,2,0.46650018315663344,0.9671940710592724
1.5,1.5,-0.4479166666666665,0.4,0.95,3,0.46650018315663344,1.6753787069607333
1.5,1.5,-0.4479166666666665,0.4,0.95,4,0.46650018315663344,2.1495424950165773
1.5,1.5,-0.4479166666666665,0.4,0.95,5,0.46650018315663344,2.3301509168344663
1.5,1.5,-0.4479166666666665,0.4,0.95,7,0.46650018315663344,-0.44553535610312267
1.5,1.5,-0.4479166666666665,0.4,0.95,10,0.46650018315663344,1.30508736013134
1.5,1.5,-0.4479166666666665,0.4,0.95,13,0.46650018315663344,2.0344084667538223
1.5,1.5,-0.4479166666666665,0.4,0.99,0,0.46650018315663344,1.8802495162260195
1.5,1.5,-0.4479166666666665,0.4,0.99,1,0.46650018315663344,1.8747584284145762
1.5,1.5,-0.4479166666666665,0.4,0.99,2,0.46650018315663344,0.9671940710592724
1.5,1.5,-0.4479166666666665,0.4,0.99,3,0.46650018315663344,1.6753787069607333
1.5,1.5,-0.4479166666666665,0.4,0.99,4,0.46650018315663344,2.1495424950165773
1.5,1.5,-0.4479166666666665,0.4,0.99,5,0.46650018315663344,2.3301509168344663
1.5,1.5,-0.4479166666666665,0.4,0.99,7,0.46650018315663344,-0.44553535610312267
1.5,1.5,-0.4479166666666665,0.4,0.99,10,0.46650018315663344,1.30508736013134
1.5,1.5,-0.4479166666666665,0.4,0.99,13,0.46650018315663344,2.0344084667538223
1.5,1.5,-0.4479166666666665,0.4,0.995,0,0.46650018315663344,1.8802495162260195
1.5,1.5,-0.4479166666666665,0.4,0.995,1,0.46650018315663344,1.8747584284145762
1.5,1.5,-0.4479166666666665,0.4,0.995,2,0.46650018315663344,0.9671940710592724
1.5,1.5,-0.4479166666666665,0.4,0.995,3,0.46650018315663344,1.6753787069607333
1.5,1.5,-0.4479166666666665,0.4,0.995,4,0.46650018315663344,2.1495424950165773
1.5,1.5,-0.4479166666666665,0.4,0.995,5,0.46650018315663344,2.3301509168344663
1.5,1.5,-0.4479166666666665,0.4,0.995,7,0.46650018315663344,-0.44553535610312267
1.5,1.5,-0.4479166666666665,0.4,0.995,10,0.46650018315663344,1.30508736013134
1.5,1.5,-0.4479166666666665,0.4,0.995,13,0.46650018315663344,2.0344084667538223
1.5,1.5,-0.4479166666666665,0.4,0.999,0,0.46650018315663344,1.8802495162260195
1.5,1.5,-0.4479166666666665,0.4,0.999,1,0.46650018315663344,1.8747584284145762
1.5,1.5,-0.4479166666666665,0.4,0.999,2,0.46650018315663344,0.9671940710592724
1.5,1.5,-0.4479166666666665,0.4,0.999,3,0.46650018315663344,1.6753787069607333
1.5,1.5,-0.4479166666666665,0.4,0.999,4,0.46650018315663344,2.1495424950165773
1.5,1.5,-0.4479166666666665,0.4,0.999,5,0.46650018315663344,2.3301509168344663
1.5,1.5,-0.4479166666666665,0.4,0.999,7,0.46650018315663344,-0.44553535610312267
1.5,1.5,-0.4479166666666665,0.4,0.999,10,0.46650018315663344,1.30508736013134
1.5,1.5,-0.4479166666666665,0.4,0.999,13,0.46650018315663344,2.0344084667538223
1.5,1.5,-0.4479166666666665,0.45,0.5,0,0.46650018315663344,1.7602323222460188
1.5,1.5,-0.4479166666666665,0.45,0.5,1,0.46650018315663344,1.8429690543386041
1.5,1.5,-0.4479166666666665,0.45,0.5,2,0.46650018315663344,1.1359058045892374
1.5,1.5,-0.4479166666666665,0.45,0.5,3,0.46650018315663344,1.3411527049617724
1.5,1.5,-0.4479166666666665,0.45,0.5,4,0.46650018315663344,2.2770805548703925
1.5,1.5,-0.4479166666666665,0.45,0.5,5,0.46650018315663344,2.085911033338652
1.5,1.5,-0.4479166666666665,0.45,0.5,7,0.46650018315663344,-0.221232926923913
1.5,1.5,-0.4479166666666665,0.45,0.5,10,0.46650018315663344,1.6214277442747544
1.5,1.5,-0.4479166666666665,0.45,0.5,13,0.46650018315663344,1.9351623619731912
1.5,1.5,-0.4479166666666665,0.45,0.75,0,0.46650018315663344,1.7602323222460188
1.5,1.5,-0.4479166666666665,0.45,0.75,1,0.46650018315663344,1.8429690543386041
1.5,1.5,-0.4479166666666665,0.45,0.75,2,0.46650018315663344,1.1359058045892374
1.5,1.5,-0.4479166666666665,0.45,0.75,3,0.46650018315663344,1.3411527049617724
1.5,1.5,-0.4479166666666665,0.45,0.75,4,0.46650018315663344,2.2770805548703925
1.5,1.5,-0.4479166666666665,0.45,0.75,5,0.46650018315663344,2.085911033338652
1.5,1.5,-0.4479166666666665,0.45,0.75,7,0.46650018315663344,-0.221232926923913
1.5,1.5,-0.4479166666666665,0.45,0.75,10,0.46650018315663344,1.6214277442747544
1.5,1.5,-0.4479166666666665,0.45,0.75,13,0.46650018315663344,1.9351623619731912
1.5,1.5,-0.4479166666666665,0.45,0.9,0,0.46650018315663344,1.7602323222460188
1.5,1.5,-0.4479166666666665,0.45,0.9,1,0.46650018315663344,1.8429690543386041
1.5,1.5,-0.4479166666666665,0.45,0.9,2,0.46650018315663344,1.1359058045892374
1.5,1.5,-0.4479166666666665,0.45,0.9,3,0.46650018315663344,1.3411527049617724
1.5,1.5,-0.4479166666666665,0.45,0.9,4,0.46650018315663344,2.2770805548703925
1.5,1.5,-0.4479166666666665,0.45,0.9,5,0.46650018315663344,2.085911033338652
1.5,1.5,-0.4479166666666665,0.45,0.9,7,0.46650018315663344,-0.221232926923913
1.5,1.5,-0.4479166666666665,0.45,0.9,10,0.46650018315663344,1.6214277442747544
1.5,1.5,-0.4479166666666665,0.45,0.9,13,0.46650018315663344,1.9351623619731912
1.5,1.5,-0.4479166666666665,0.45,0.95,0,0.46650018315663344,1.7602323222460188
1.5,1.5,-0.4479166666666665,0.45,0.95,1,0.46650018315663344,1.8429690543386041
1.5,1.5,-0.4479166666666665,0.45,0.95,2,0.46650018315663344,1.1359058045892374
1.5,1.5,-0.4479166666666665,0.45,0.95,3,0.46650018315663344,1.3411527049617724
1.5,1.5,-0.4479166666666665,0.45,0.95,4,0.46650018315663344,2.2770805548703925
1.5,1.5,-0.4479166666666665,0.45,0.95,5,0.46650018315663344,2.085911033338652
1.5,1.5,-0.4479166666666665,0.45,0.95,7,0.46650018315663344,-0.221232926923913
1.5,1.5,-0.4479166666666665,0.45,0.95,10,0.46650018315663344,1.6214277442747544
1.5,1.5,-0.4479166666666665,0.45,0.95,13,0.46650018315663344,1.9351623619731912
1.5,1.5,-0.4479166666666665,0.45,0.99,0,0.46650018315663344,1.7602323222460188
1.5,1.5,-0.4479166666666665,0.45,0.99,1,0.46650018315663344,1.8429690543386041
1.5,1.5,-0.4479166666666665,0.45,0.99,2,0.46650018315663344,1.1359058045892374
1.5,1.5,-0.4479166666666665,0.45,0.99,3,0.46650018315663344,1.3411527049617724
1.5,1.5,-0.4479166666666665,0.45,0.99,4,0.46650018315663344,2.2770805548703925
1.5,1.5,-0.4479166666666665,0.45,0.99,5,0.46650018315663344,2.085911033338652
1.5,1.5,-0.4479166666666665,0.45,0.99,7,0.46650018315663344,-0.221232926923913
1.5,1.5,-0.4479166666666665,0.45,0.99,10,0.46650018315663344,1.6214277442747544
1.5,1.5,-0.4479166666666665,0.45,0.99,13,0.46650018315663344,1.9351623619731912
1.5,1.5,-0.4479166666666665,0.45,0.995,0,0.46650018315663344,1.7602323222460188
1.5,1.5,-0.4479166666666665,0.45,0.995,1,0.46650018315663344,1.8429690543386041
1.5,1.5,-0.4479166666666665,0.45,0.995,2,0.46650018315663344,1.1359058045892374
1.5,1.5,-0.4479166666666665,0.45,0.995,3,0.46650018315663344,1.3411527049617724
1.5,1.5,-0.4479166666666665,0.45,0.995,4,0.46650018315663344,2.2770805548703925
1.5,1.5,-0.4479166666666665,0.45,0.995,5,0.46650018315663344,2.085911033338652
1.5,1.5,-0.4479166666666665,0.45,0.995,7,0.46650018315663344,-0.221232926923913
1.5,1.5,-0.4479166666666665,0.45,0.995,10,0.46650018315663344,1.6214277442747544
1.5,1.5,-0.4479166666666665,0.45,0.995,13,0.46650018315663344,1.9351623619731912
1.5,1.5,-0.4479166666666665,0.45,0.999,0,0.46650018315663344,1.7602323222460188
1.5,1.5,-0.4479166666666665,0.45,0.999,1,0.46650018315663344,1.8429690543386041
1.5,1.5,-0.4479166666666665,0.45,0.999,2,0.46650018315663344,1.1359058045892374
1.5,1.5,-0.4479166666666665,0.45,0.999,3,0.46650018315663344,1.3411527049617724
1.5,1.5,-0.4479166666666665,0.45,0.999,4,0.46650018315663344,2.2770805548703925
1.5,1.5,-0.4479166666666665,0.45,0.999,5,0.46650018315663344,2.085911033338652
1.5,1.5,-0.4479166666666665,0.45,0.999,7,0.46650018315663344,-0.221232926923913
1.5,1.5,-0.4479166666666665,0.45,0.999,10,0.46650018315663344,1.6214277442747544
1.5,1.5,-0.4479166666666665,0.45,0.999,13,0.46650018315663344,1.9351623619731912
1.5,1.5,-0.4479166666666665,0.5,0.5,0,0.46650018315663344,2.186848793210214
1.5,1.5,-0.4479166666666665,0.5,0.5,1,0.46650018315663344,1.8588655718956821
1.5,1.5,-0.4479166666666665,0.5,0.5,2,0.46650018315663344,1.0701060073397999
1.5,1.5,-0.4479166666666665,0.5,0.5,3,0.46650018315663344,1.383231089778993
1.5,1.5,-0.4479166666666665,0.5,0.5,4,0.46650018315663344,2.02871526947772
1.5,1.5,-0.4479166666666665,0.5,0.5,5,0.46650018315663344,2.0334455582985367
1.5,1.5,-0.4479166666666665,0.5,0.5,7,0.46650018315663344,-0.6732961883927877
1.5,1.5,-0.4479166666666665,0.5,0.5,10,0.46650018315663344,1.2215999267941577
1.5,1.5,-0.4479166666666665,0.5,0.5,13,0.46650018315663344,2.3417435058535774
1.5,1.5,-0.4479166666666665,0.5,0.75,0,0.46650018315663344,2.186848793210214
1.5,1.5,-0.4479166666666665,0.5,0.75,1,0.46650018315663344,1.8588655718956821
1.5,1.5,-0.4479166666666665,0.5,0.75,2,0.46650018315663344,1.0701060073397999
1.5,1.5,-0.4479166666666665,0.5,0.75,3,0.46650018315663344,1.383231089778993
1.5,1.5,-0.4479166666666665,0.5,0.75,4,0.46650018315663344,2.02871526947772
1.5,1.5,-0.4479166666666665,0.5,0.75,5,0.46650018315663344,2.0334455582985367
1.5,1.5,-0.4479166666666665,0.5,0.75,7,0.46650018315663344,-0.6732961883927877
1.5,1.5,-0.4479166666666665,0.5,0.75,10,0.46650018315663344,1.2215999267941577
1.5,1.5,-0.4479166666666665,0.5,0.75,13,0.46650018315663344,2.3417435058535774
1.5,1.5,-0.4479166666666665,0.5,0.9,0,0.46650018315663344,2.186848793210214
1.5,1.5,-0.4479166666666665,0.5,0.9,1,0.46650018315663344,1.8588655718956821
1.5,1.5,-0.4479166666666665,0.5,0.9,2,0.46650018315663344,1.0701060073397999
1.5,1.5,-0.4479166666666665,0.5,0.9,3,0.46650018315663344,1.383231089778993
1.5,1.5,-0.4479166666666665,0.5,0.9,4,0.46650018315663344,2.02871526947772
1.5,1.5,-0.4479166666666665,0.5,0.9,5,0.46650018315663344,2.0334455582985367
1.5,1.5,-0.4479166666666665,0.5,0.9,7,0.46650018315663344,-0.6732961883927877
1.5,1.5,-0.4479166666666665,0.5,0.9,10,0.46650018315663344,1.2215999267941577
1.5,1.5,-0.4479166666666665,0.5,0.9,13,0.46650018315663344,2.3417435058535774
1.5,1.5,-0.4479166666666665,0.5,0.95,0,0.46650018315663344,2.186848793210214
1.5,1.5,-0.4479166666666665,0.5,0.95,1,0.46650018315663344,1.8588655718956821
1.5,1.5,-0.4479166666666665,0.5,0.95,2,0.46650018315663344,1.0701060073397999
1.5,1.5,-0.4479166666666665,0.5,0.95,3,0.46650018315663344,1.383231089778993
1.5,1.5,-0.4479166666666665,0.5,0.95,4,0.46650018315663344,2.02871526947772
1.5,1.5,-0.4479166666666665,0.5,0.95,5,0.46650018315663344,2.0334455582985367
1.5,1.5,-0.4479166666666665,0.5,0.95,7,0.46650018315663344,-0.6732961883927877
1.5,1.5,-0.4479166666666665,0.5,0.95,10,0.46650018315663344,1.2215999267941577
1.5,1.5,-0.4479166666666665,0.5,0.95,13,0.46650018315663344,2.3417435058535774
1.5,1.5,-0.4479166666666665,0.5,0.99,0,0.46650018315663344,2.186848793210214
1.5,1.5,-0.4479166666666665,0.5,0.99,1,0.46650018315663344,1.8588655718956821
1.5,1.5,-0.4479166666666665,0.5,0.99,2,0.46650018315663344,1.0701060073397999
1.5,1.5,-0.4479166666666665,0.5,0.99,3,0.46650018315663344,1.383231089778993
1.5,1.5,-0.4479166666666665,0.5,0.99,4,0.46650018315663344,2.02871526947772
1.5,1.5,-0.4479166666666665,0.5,0.99,5,0.46650018315663344,2.0334455582985367
1.5,1.5,-0.4479166666666665,0.5,0.99,7,0.46650018315663344,-0.6732961883927877
1.5,1.5,-0.4479166666666665,0.5,0.99,10,0.46650018315663344,1.2215999267941577
1.5,1.5,-0.4479166666666665,0.5,0.99,13,0.46650018315663344,2.3417435058535774
1.5,1.5,-0.4479166666666665,0.5,0.995,0,0.46650018315663344,2.186848793210214
1.5,1.5,-0.4479166666666665,0.5,0.995,1,0.46650018315663344,1.8588655718956821
1.5,1.5,-0.4479166666666665,0.5,0.995,2,0.46650018315663344,1.0701060073397999
1.5,1.5,-0.4479166666666665,0.5,0.995,3,0.46650018315663344,1.383231089778993
1.5,1.5,-0.4479166666666665,0.5,0.995,4,0.46650018315663344,2.02871526947772
1.5,1.5,-0.4479166666666665,0.5,0.995,5,0.46650018315663344,2.0334455582985367
1.5,1.5,-0.4479166666666665,0.5,0.995,7,0.46650018315663344,-0.6732961883927877
1.5,1.5,-0.4479166666666665,0.5,0.995,10,0.46650018315663344,1.2215999267941577
1.5,1.5,-0.4479166666666665,0.5,0.995,13,0.46650018315663344,2.3417435058535774
1.5,1.5,-0.4479166666666665,0.5,0.999,0,0.46650018315663344,2.186848793210214
1.5,1.5,-0.4479166666666665,0.5,0.999,1,0.46650018315663344,1.8588655718956821
1.5,1.5,-0.4479166666666665,0.5,0.999,2,0.46650018315663344,1.0701060073397999
1.5,1.5,-0.4479166666666665,0.5,0.999,3,0.46650018315663344,1.383231089778993
1.5,1.5,-0.4479166666666665,0.5,0.999,4,0.46650018315663344,2.02871526947772
1.5,1.5,-0.4479166666666665,0.5,0.999,5,0.46650018315663344,2.0334455582985367
1.5,1.5,-0.4479166666666665,0.5,0.999,7,0.46650018315663344,-0.6732961883927877
1.5,1.5,-0.4479166666666665,0.5,0.999,10,0.46650018315663344,1.2215999267941577
1.5,1.5,-0.4479166666666665,0.5,0.999,13,0.46650018315663344,2.3417435058535774
1.5,1.5,-0.4479166666666665,0.55,0.5,0,0.46650018315663344,2.7214210359124054
1.5,1.5,-0.4479166666666665,0.55,0.5,1,0.46650018315663344,2.6963515781570933
1.5,1.5,-0.4479166666666665,0.55,0.5,2,0.46650018315663344,1.9033543086979794
1.5,1.5,-0.4479166666666665,0.55,0.5,3,0.46650018315663344,2.0124646148422953
1.5,1.5,-0.4479166666666665,0.55,0.5,4,0.46650018315663344,2.229791150361929
1.5,1.5,-0.4479166666666665,0.55,0.5,5,0.46650018315663344,2.0976382815978294
1.5,1.5,-0.4479166666666665,0.55,0.5,7,0.46650018315663344,0.032233529767338114
1.5,1.5,-0.4479166666666665,0.55,0.5,10,0.46650018315663344,1.7228941637418642
1.5,1.5,-0.4479166666666665,0.55,0.5,13,0.46650018315663344,2.4781346958339525
1.5,1.5,-0.4479166666666665,0.55,0.75,0,0.46650018315663344,2.7214210359124054
1.5,1.5,-0.4479166666666665,0.55,0.75,1,0.46650018315663344,2.6963515781570933
1.5,1.5,-0.4479166666666665,0.55,0.75,2,0.46650018315663344,1.9033543086979794
1.5,1.5,-0.4479166666666665,0.55,0.75,3,0.46650018315663344,2.0124646148422953
1.5,1.5,-0.4479166666666665,0.55,0.75,4,0.46650018315663344,2.229791150361929
1.5,1.5,-0.4479166666666665,0.55,0.75,5,0.46650018315663344,2.0976382815978294
1.5,1.5,-0.4479166666666665,0.55,0.75,7,0.46650018315663344,0.032233529767338114
1.5,1.5,-0.4479166666666665,0.55,0.75,10,0.46650018315663344,1.7228941637418642
1.5,1.5,-0.4479166666666665,0.55,0.75,13,0.46650018315663344,2.4781346958339525
1.5,1.5,-0.4479166666666665,0.55,0.9,0,0.46650018315663344,2.7214210359124054
1.5,1.5,-0.4479166666666665,0.55,0.9,1,0.46650018315663344,2.6963515781570933
1.5,1.5,-0.4479166666666665,0.55,0.9,2,0.46650018315663344,1.9033543086979794
1.5,1.5,-0.4479166666666665,0.55,0.9,3,0.46650018315663344,2.0124646148422953
1.5,1.5,-0.4479166666666665,0.55,0.9,4,0.46650018315663344,2.229791150361929
1.5,1.5,-0.4479166666666665,0.55,0.9,5,0.46650018315663344,2.0976382815978294
1.5,1.5,-0.4479166666666665,0.55,0.9,7,0.46650018315663344,0.032233529767338114
1.5,1.5,-0.4479166666666665,0.55,0.9,10,0.46650018315663344,1.7228941637418642
1.5,1.5,-0.4479166666666665,0.55,0.9,13,0.46650018315663344,2.4781346958339525
1.5,1.5,-0.4479166666666665,0.55,0.95,0,0.46650018315663344,2.7214210359124054
1.5,1.5,-0.4479166666666665,0.55,0.95,1,0.46650018315663344,2.6963515781570933
1.5,1.5,-0.4479166666666665,0.55,0.95,2,0.46650018315663344,1.9033543086979794
1.5,1.5,-0.4479166666666665,0.55,0.95,3,0.46650018315663344,2.0124646148422953
1.5,1.5,-0.4479166666666665,0.55,0.95,4,0.46650018315663344,2.229791150361929
1.5,1.5,-0.4479166666666665,0.55,0.95,5,0.46650018315663344,2.0976382815978294
1.5,1.5,-0.4479166666666665,0.55,0.95,7,0.46650018315663344,0.032233529767338114
1.5,1.5,-0.4479166666666665,0.55,0.95,10,0.46650018315663344,1.7228941637418642
1.5,1.5,-0.4479166666666665,0.55,0.95,13,0.46650018315663344,2.4781346958339525
1.5,1.5,-0.4479166666666665,0.55,0.99,0,0.46650018315663344,2.7214210359124054
1.5,1.5,-0.4479166666666665,0.55,0.99,1,0.46650018315663344,2.6963515781570933
1.5,1.5,-0.4479166666666665,0.55,0.99,2,0.46650018315663344,1.9033543086979794
1.5,1.5,-0.4479166666666665,0.55,0.99,3,0.46650018315663344,2.0124646148422953
1.5,1.5,-0.4479166666666665,0.55,0.99,4,0.46650018315663344,2.229791150361929
1.5,1.5,-0.4479166666666665,0.55,0.99,5,0.46650018315663344,2.0976382815978294
1.5,1.5,-0.4479166666666665,0.55,0.99,7,0.46650018315663344,0.032233529767338114
1.5,1.5,-0.4479166666666665,0.55,0.99,10,0.46650018315663344,1.7228941637418642
1.5,1.5,-0.4479166666666665,0.55,0.99,13,0.46650018315663344,2.4781346958339525
1.5,1.5,-0.4479166666666665,0.55,0.995,0,0.46650018315663344,2.7214210359124054
1.5,1.5,-0.4479166666666665,0.55,0.995,1,0.46650018315663344,2.6963515781570933
1.5,1.5,-0.4479166666666665,0.55,0.995,2,0.46650018315663344,1.9033543086979794
1.5,1.5,-0.4479166666666665,0.55,0.995,3,0.46650018315663344,2.0124646148422953
1.5,1.5,-0.4479166666666665,0.55,0.995,4,0.46650018315663344,2.229791150361929
1.5,1.5,-0.4479166666666665,0.55,0.995,5,0.46650018315663344,2.0976382815978294
1.5,1.5,-0.4479166666666665,0.55,0.995,7,0.46650018315663344,0.032233529767338114
1.5,1.5,-0.4479166666666665,0.55,0.995,10,0.46650018315663344,1.7228941637418642
1.5,1.5,-0.4479166666666665,0.55,0.995,13,0.46650018315663344,2.4781346958339525
1.5,1.5,-0.4479166666666665,0.55,0.999,0,0.46650018315663344,2.7214210359124054
1.5,1.5,-0.4479166666666665,0.55,0.999,1,0.46650018315663344,2.6963515781570933
1.5,1.5,-0.4479166666666665,0.55,0.999,2,0.46650018315663344,1.9033543086979794
1.5,1.5,-0.4479166666666665,0.55,0.999,3,0.46650018315663344,2.0124646148422953
1.5,1.5,-0.4479166666666665,0.55,0.999,4,0.46650018315663344,2.229791150361929
1.5,1.5,-0.4479166666666665,0.55,0.999,5,0.46650018315663344,2.0976382815978294
1.5,1.5,-0.4479166666666665,0.55,0.999,7,0.46650018315663344,0.032233529767338114
1.5,1.5,-0.4479166666666665,0.55,0.999,10,0.46650018315663344,1.7228941637418642
1.5,1.5,-0.4479166666666665,0.55,0.999,13,0.46650018315663344,2.4781346958339525
1.5,1.5,-0.4479166666666665,0.6,0.5,0,0.46650018315663344,2.976022620537504
1.5,1.5,-0.4479166666666665,0.6,0.5,1,0.46650018315663344,2.981539054611948
1.5,1.5,-0.4479166666666665,0.6,0.5,2,0.46650018315663344,2.1182472992058834
1.5,1.5,-0.4479166666666665,0.6,0.5,3,0.46650018315663344,2.5864402665971156
1.5,1.5,-0.4479166666666665,0.6,0.5,4,0.46650018315663344,2.5094486802644225
1.5,1.5,-0.4479166666666665,0.6,0.5,5,0.46650018315663344,2.2320101453299834
1.5,1.5,-0.4479166666666665,0.6,0.5,7,0.46650018315663344,0.819807781192889
1.5,1.5,-0.4479166666666665,0.6,0.5,10,0.46650018315663344,1.9711186960821914
1.5,1.5,-0.4479166666666665,0.6,0.5,13,0.46650018315663344,2.7698559696265828
1.5,1.5,-0.4479166666666665,0.6,0.75,0,0.46650018315663344,2.976022620537504
1.5,1.5,-0.4479166666666665,0.6,0.75,1,0.46650018315663344,2.981539054611948
1.5,1.5,-0.4479166666666665,0.6,0.75,2,0.46650018315663344,2.1182472992058834
1.5,1.5,-0.4479166666666665,0.6,0.75,3,0.46650018315663344,2.5864402665971156
1.5,1.5,-0.4479166666666665,0.6,0.75,4,0.46650018315663344,2.5094486802644225
1.5,1.5,-0.4479166666666665,0.6,0.75,5,0.46650018315663344,2.2320101453299834
1.5,1.5,-0.4479166666666665,0.6,0.75,7,0.46650018315663344,0.819807781192889
1.5,1.5,-0.4479166666666665,0.6,0.75,10,0.46650018315663344,1.9711186960821914
1.5,1.5,-0.4479166666666665,0.6,0.75,13,0.46650018315663344,2.7698559696265828
1.5,1.5,-0.4479166666666665,0.6,0.9,0,0.46650018315663344,2.976022620537504
1.5,1.5,-0.4479166666666665,0.6,0.9,1,0.46650018315663344,2.981539054611948
1.5,1.5,-0.4479166666666665,0.6,0.9,2,0.46650018315663344,2.1182472992058834
1.5,1.5,-0.4479166666666665,0.6,0.9,3,0.46650018315663344,2.5864402665971156
1.5,1.5,-0.4479166666666665,0.6,0.9,4,0.46650018315663344,2.5094486802644225
1.5,1.5,-0.4479166666666665,0.6,0.9,5,0.46650018315663344,2.2320101453299834
1.5,1.5,-0.4479166666666665,0.6,0.9,7,0.46650018315663344,0.819807781192889
1.5,1.5,-0.4479166666666665,0.6,0.9,10,0.46650018315663344,1.9711186960821914
1.5,1.5,-0.4479166666666665,0.6,0.9,13,0.46650018315663344,2.7698559696265828
1.5,1.5,-0.4479166666666665,0.6,0.95,0,0.46650018315663344,2.976022620537504
1.5,1.5,-0.4479166666666665,0.6,0.95,1,0.46650018315663344,2.981539054611948
1.5,1.5,-0.4479166666666665,0.6,0.95,2,0.46650018315663344,2.1182472992058834
1.5,1.5,-0.4479166666666665,0.6,0.95,3,0.46650018315663344,2.5864402665971156
1.5,1.5,-0.4479166666666665,0.6,0.95,4,0.46650018315663344,2.5094486802644225
1.5,1.5,-0.4479166666666665,0.6,0.95,5,0.46650018315663344,2.2320101453299834
1.5,1.5,-0.4479166666666665,0.6,0.95,7,0.46650018315663344,0.819807781192889
1.5,1.5,-0.4479166666666665,0.6,0.95,10,0.46650018315663344,1.9711186960821914
1.5,1.5,-0.4479166666666665,0.6,0.95,13,0.46650018315663344,2.7698559696265828
1.5,1.5,-0.4479166666666665,0.6,0.99,0,0.46650018315663344,2.976022620537504
1.5,1.5,-0.4479166666666665,0.6,0.99,1,0.46650018315663344,2.981539054611948
1.5,1.5,-0.4479166666666665,0.6,0.99,2,0.46650018315663344,2.1182472992058834
1.5,1.5,-0.4479166666666665,0.6,0.99,3,0.46650018315663344,2.5864402665971156
1.5,1.5,-0.4479166666666665,0.6,0.99,4,0.46650018315663344,2.5094486802644225
1.5,1.5,-0.4479166666666665,0.6,0.99,5,0.46650018315663344,2.2320101453299834
1.5,1.5,-0.4479166666666665,0.6,0.99,7,0.46650018315663344,0.819807781192889
1.5,1.5,-0.4479166666666665,0.6,0.99,10,0.46650018315663344,1.9711186960821914
1.5,1.5,-0.4479166666666665,0.6,0.99,13,0.46650018315663344,2.7698559696265828
1.5,1.5,-0.4479166666666665,0.6,0.995,0,0.46650018315663344,2.976022620537504
1.5,1.5,-0.4479166666666665,0.6,0.995,1,0.46650018315663344,2.981539054611948
1.5,1.5,-0.4479166666666665,0.6,0.995,2,0.46650018315663344,2.1182472992058834
1.5,1.5,-0.4479166666666665,0.6,0.995,3,0.46650018315663344,2.5864402665971156
1.5,1.5,-0.4479166666666665,0.6,0.995,4,0.46650018315663344,2.5094486802644225
1.5,1.5,-0.4479166666666665,0.6,0.995,5,0.46650018315663344,2.2320101453299834
1.5,1.5,-0.4479166666666665,0.6,0.995,7,0.46650018315663344,0.819807781192889
1.5,1.5,-0.4479166666666665,0.6,0.995,10,0.46650018315663344,1.9711186960821914
1.5,1.5,-0.4479166666666665,0.6,0.995,13,0.46650018315663344,2.7698559696265828
1.5,1.5,-0.4479166666666665,0.6,0.999,0,0.46650018315663344,2.976022620537504
1.5,1.5,-0.4479166666666665,0.6,0.999,1,0.46650018315663344,2.981539054611948
1.5,1.5,-0.4479166666666665,0.6,0.999,2,0.46650018315663344,2.1182472992058834
1.5,1.5,-0.4479166666666665,0.6,0.999,3,0.46650018315663344,2.5864402665971156
1.5,1.5,-0.4479166666666665,0.6,0.999,4,0.46650018315663344,2.5094486802644225
1.5,1.5,-0.4479166666666665,0.6,0.999,5,0.46650018315663344,2.2320101453299834
1.5,1.5,-0.4479166666666665,0.6,0.999,7,0.46650018315663344,0.819807781192889
1.5,1.5,-0.4479166666666665,0.6,0.999,10,0.46650018315663344,1.9711186960821914
1.5,1.5,-0.4479166666666665,0.6,0.999,13,0.46650018315663344,2.7698559696265828
1.5,1.5,-0.4479166666666665,0.65,0.5,0,0.46650018315663344,3.4044169951671295
1.5,1.5,-0.4479166666666665,0.65,0.5,1,0.46650018315663344,3.183745374564422
1.5,1.5,-0.4479166666666665,0.65,0.5,2,0.46650018315663344,2.498293160681588
1.5,1.5,-0.4479166666666665,0.65,0.5,3,0.46650018315663344,3.4835894635396603
1.5,1.5,-0.4479166666666665,0.65,0.5,4,0.46650018315663344,2.9446503129518287
1.5,1.5,-0.4479166666666665,0.65,0.5,5,0.46650018315663344,2.8818348904008255
1.5,1.5,-0.4479166666666665,0.65,0.5,7,0.46650018315663344,1.8639753222096302
1.5,1.5,-0.4479166666666665,0.65,0.5,10,0.46650018315663344,2.5590011797711987
1.5,1.5,-0.4479166666666665,0.65,0.5,13,0.46650018315663344,3.2132001382488964
1.5,1.5,-0.4479166666666665,0.65,0.75,0,0.46650018315663344,3.4044169951671295
1.5,1.5,-0.4479166666666665,0.65,0.75,1,0.46650018315663344,3.183745374564422
1.5,1.5,-0.4479166666666665,0.65,0.75,2,0.46650018315663344,2.498293160681588
1.5,1.5,-0.4479166666666665,0.65,0.75,3,0.46650018315663344,3.4835894635396603
1.5,1.5,-0.4479166666666665,0.65,0.75,4,0.46650018315663344,2.9446503129518287
1.5,1.5,-0.4479166666666665,0.65,0.75,5,0.46650018315663344,2.8818348904008255
1.5,1.5,-0.4479166666666665,0.65,0.75,7,0.46650018315663344,1.8639753222096302
1.5,1.5,-0.4479166666666665,0.65,0.75,10,0.46650018315663344,2.5590011797711987
1.5,1.5,-0.4479166666666665,0.65,0.75,13,0.46650018315663344,3.2132001382488964
1.5,1.5,-0.4479166666666665,0.65,0.9,0,0.46650018315663344,3.4044169951671295
1.5,1.5,-0.4479166666666665,0.65,0.9,1,0.46650018315663344,3.183745374564422
1.5,1.5,-0.4479166666666665,0.65,0.9,2,0.46650018315663344,2.498293160681588
1.5,1.5,-0.4479166666666665,0.65,0.9,3,0.46650018315663344,3.4835894635396603
1.5,1.5,-0.4479166666666665,0.65,0.9,4,0.46650018315663344,2.9446503129518287
1.5,1.5,-0.4479166666666665,0.65,0.9,5,0.46650018315663344,2.8818348904008255
1.5,1.5,-0.4479166666666665,0.65,0.9,7,0.46650018315663344,1.8639753222096302
1.5,1.5,-0.4479166666666665,0.65,0.9,10,0.46650018315663344,2.5590011797711987
1.5,1.5,-0.4479166666666665,0.65,0.9,13,0.46650018315663344,3.2132001382488964
1.5,1.5,-0.4479166666666665,0.65,0.95,0,0.46650018315663344,3.4044169951671295
1.5,1.5,-0.4479166666666665,0.65,0.95,1,0.46650018315663344,3.183745374564422
1.5,1.5,-0.4479166666666665,0.65,0.95,2,0.46650018315663344,2.498293160681588
1.5,1.5,-0.4479166666666665,0.65,0.95,3,0.46650018315663344,3.4835894635396603
1.5,1.5,-0.4479166666666665,0.65,0.95,4,0.46650018315663344,2.9446503129518287
1.5,1.5,-0.4479166666666665,0.65,0.95,5,0.46650018315663344,2.8818348904008255
1.5,1.5,-0.4479166666666665,0.65,0.95,7,0.46650018315663344,1.8639753222096302
1.5,1.5,-0.4479166666666665,0.65,0.95,10,0.46650018315663344,2.5590011797711987
1.5,1.5,-0.4479166666666665,0.65,0.95,13,0.46650018315663344,3.2132001382488964
1.5,1.5,-0.4479166666666665,0.65,0.99,0,0.46650018315663344,3.4044169951671295
1.5,1.5,-0.4479166666666665,0.65,0.99,1,0.46650018315663344,3.183745374564422
1.5,1.5,-0.4479166666666665,0.65,0.99,2,0.46650018315663344,2.498293160681588
1.5,1.5,-0.4479166666666665,0.65,0.99,3,0.46650018315663344,3.4835894635396603
1.5,1.5,-0.4479166666666665,0.65,0.99,4,0.46650018315663344,2.9446503129518287
1.5,1.5,-0.4479166666666665,0.65,0.99,5,0.46650018315663344,2.8818348904008255
1.5,1.5,-0.4479166666666665,0.65,0.99,7,0.46650018315663344,1.8639753222096302
1.5,1.5,-0.4479166666666665,0.65,0.99,10,0.46650018315663344,2.5590011797711987
1.5,1.5,-0.4479166666666665,0.65,0.99,13,0.46650018315663344,3.2132001382488964
1.5,1.5,-0.4479166666666665,0.65,0.995,0,0.46650018315663344,3.4044169951671295
1.5,1.5,-0.4479166666666665,0.65,0.995,1,0.46650018315663344,3.183745374564422
1.5,1.5,-0.4479166666666665,0.65,0.995,2,0.46650018315663344,2.498293160681588
1.5,1.5,-0.4479166666666665,0.65,0.995,3,0.46650018315663344,3.4835894635396603
1.5,1.5,-0.4479166666666665,0.65,0.995,4,0.46650018315663344,2.9446503129518287
1.5,1.5,-0.4479166666666665,0.65,0.995,5,0.46650018315663344,2.8818348904008255
1.5,1.5,-0.4479166666666665,0.65,0.995,7,0.46650018315663344,1.8639753222096302
1.5,1.5,-0.4479166666666665,0.65,0.995,10,0.46650018315663344,2.5590011797711987
1.5,1.5,-0.4479166666666665,0.65,0.995,13,0.46650018315663344,3.2132001382488964
1.5,1.5,-0.4479166666666665,0.65,0.999,0,0.46650018315663344,3.4044169951671295
1.5,1.5,-0.4479166666666665,0.65,0.999,1,0.46650018315663344,3.183745374564422
1.5,1.5,-0.4479166666666665,0.65,0.999,2,0.46650018315663344,2.498293160681588
1.5,1.5,-0.4479166666666665,0.65,0.999,3,0.46650018315663344,3.4835894635396603
1.5,1.5,-0.4479166666666665,0.65,0.999,4,0.46650018315663344,2.9446503129518287
1.5,1.5,-0.4479166666666665,0.65,0.999,5,0.46650018315663344,2.8818348904008255
1.5,1.5,-0.4479166666666665,0.65,0.999,7,0.46650018315663344,1.8639753222096302
1.5,1.5,-0.4479166666666665,0.65,0.999,10,0.46650018315663344,2.5590011797711987
1.5,1.5,-0.4479166666666665,0.65,0.999,13,0.46650018315663344,3.2132001382488964
1.5,1.5,-0.4479166666666665,0.7,0.5,0,0.46650018315663344,3.2275090459813445
1.5,1.5,-0.4479166666666665,0.7,0.5,1,0.46650018315663344,3.562803517957716
1.5,1.5,-0.4479166666666665,0.7,0.5,2,0.46650018315663344,2.724227019318281
1.5,1.5,-0.4479166666666665,0.7,0.5,3,0.46650018315663344,3.5560950571491645
1.5,1.5,-0.4479166666666665,0.7,0.5,4,0.46650018315663344,2.9765523157662916
1.5,1.5,-0.4479166666666665,0.7,0.5,5,0.46650018315663344,2.768278102084712
1.5,1.5,-0.4479166666666665,0.7,0.5,7,0.46650018315663344,1.6267949638158359
1.5,1.5,-0.4479166666666665,0.7,0.5,10,0.46650018315663344,2.695748258858425
1.5,1.5,-0.4479166666666665,0.7,0.5,13,0.46650018315663344,2.955697787983032
1.5,1.5,-0.4479166666666665,0.7,0.75,0,0.46650018315663344,3.2275090459813445
1.5,1.5,-0.4479166666666665,0.7,0.75,1,0.46650018315663344,3.562803517957716
1.5,1.5,-0.4479166666666665,0.7,0.75,2,0.46650018315663344,2.724227019318281
1.5,1.5,-0.4479166666666665,0.7,0.75,3,0.46650018315663344,3.5560950571491645
1.5,1.5,-0.4479166666666665,0.7,0.75,4,0.46650018315663344,2.9765523157662916
1.5,1.5,-0.4479166666666665,0.7,0.75,5,0.46650018315663344,2.768278102084712
1.5,1.5,-0.4479166666666665,0.7,0.75,7,0.46650018315663344,1.6267949638158359
1.5,1.5,-0.4479166666666665,0.7,0.75,10,0.46650018315663344,2.695748258858425
1.5,1.5,-0.4479166666666665,0.7,0.75,13,0.46650018315663344,2.955697787983032
1.5,1.5,-0.4479166666666665,0.7,0.9,0,0.46650018315663344,3.2275090459813445
1.5,1.5,-0.4479166666666665,0.7,0.9,1,0.46650018315663344,3.562803517957716
1.5,1.5,-0.4479166666666665,0.7,0.9,2,0.46650018315663344,2.724227019318281
1.5,1.5,-0.4479166666666665,0.7,0.9,3,0.46650018315663344,3.5560950571491645
1.5,1.5,-0.4479166666666665,0.7,0.9,4,0.46650018315663344,2.9765523157662916
1.5,1.5,-0.4479166666666665,0.7,0.9,5,0.46650018315663344,2.768278102084712
1.5,1.5,-0.4479166666666665,0.7,0.9,7,0.46650018315663344,1.6267949638158359
1.5,1.5,-0.4479166666666665,0.7,0.9,10,0.46650018315663344,2.695748258858425
1.5,1.5,-0.4479166666666665,0.7,0.9,13,0.46650018315663344,2.955697787983032
1.5,1.5,-0.4479166666666665,0.7,0.95,0,0.46650018315663344,3.2275090459813445
1.5,1.5,-0.4479166666666665,0.7,0.95,1,0.46650018315663344,3.562803517957716
1.5,1.5,-0.4479166666666665,0.7,0.95,2,0.46650018315663344,2.724227019318281
1.5,1.5,-0.4479166666666665,0.7,0.95,3,0.46650018315663344,3.5560950571491645
1.5,1.5,-0.4479166666666665,0.7,0.95,4,0.46650018315663344,2.9765523157662916
1.5,1.5,-0.4479166666666665,0.7,0.95,5,0.46650018315663344,2.768278102084712
1.5,1.5,-0.4479166666666665,0.7,0.95,7,0.46650018315663344,1.6267949638158359
1.5,1.5,-0.4479166666666665,0.7,0.95,10,0.46650018315663344,2.695748258858425
1.5,1.5,-0.4479166666666665,0.7,0.95,13,0.46650018315663344,2.955697787983032
1.5,1.5,-0.4479166666666665,0.7,0.99,0,0.46650018315663344,3.2275090459813445
1.5,1.5,-0.4479166666666665,0.7,0.99,1,0.46650018315663344,3.562803517957716
1.5,1.5,-0.4479166666666665,0.7,0.99,2,0.46650018315663344,2.724227019318281
1.5,1.5,-0.4479166666666665,0.7,0.99,3,0.46650018315663344,3.5560950571491645
1.5,1.5,-0.4479166666666665,0.7,0.99,4,0.46650018315663344,2.9765523157662916
1.5,1.5,-0.4479166666666665,0.7,0.99,5,0.46650018315663344,2.768278102084712
1.5,1.5,-0.4479166666666665,0.7,0.99,7,0.46650018315663344,1.6267949638158359
1.5,1.5,-0.4479166666666665,0.7,0.99,10,0.46650018315663344,2.695748258858425
1.5,1.5,-0.4479166666666665,0.7,0.99,13,0.46650018315663344,2.955697787983032
1.5,1.5,-0.4479166666666665,0.7,0.995,0,0.46650018315663344,3.2275090459813445
1.5,1.5,-0.4479166666666665,0.7,0.995,1,0.46650018315663344,3.562803517957716
1.5,1.5,-0.4479166666666665,0.7,0.995,2,0.46650018315663344,2.724227019318281
1.5,1.5,-0.4479166666666665,0.7,0.995,3,0.46650018315663344,3.5560950571491645
1.5,1.5,-0.4479166666666665,0.7,0.995,4,0.46650018315663344,2.9765523157662916
1.5,1.5,-0.4479166666666665,0.7,0.995,5,0.46650018315663344,2.768278102084712
1.5,1.5,-0.4479166666666665,0.7,0.995,7,0.46650018315663344,1.6267949638158359
1.5,1.5,-0.4479166666666665,0.7,0.995,10,0.46650018315663344,2.695748258858425
1.5,1.5,-0.4479166666666665,0.7,0.995,13,0.46650018315663344,2.955697787983032
1.5,1.5,-0.4479166666666665,0.7,0.999,0,0.46650018315663344,3.2275090459813445
1.5,1.5,-0.4479166666666665,0.7,0.999,1,0.46650018315663344,3.562803517957716
1.5,1.5,-0.4479166666666665,0.7,0.999,2,0.46650018315663344,2.724227019318281
1.5,1.5,-0.4479166666666665,0.7,0.999,3,0.46650018315663344,3.5560950571491645
1.5,1.5,-0.4479166666666665,0.7,0.999,4,0.46650018315663344,2.9765523157662916
1.5,1.5,-0.4479166666666665,0.7,0.999,5,0.46650018315663344,2.768278102084712
1.5,1.5,-0.4479166666666665,0.7,0.999,7,0.46650018315663344,1.6267949638158359
1.5,1.5,-0.4479166666666665,0.7,0.999,10,0.46650018315663344,2.695748258858425
1.5,1.5,-0.4479166666666665,0.7,0.999,13,0.46650018315663344,2.955697787983032
1.5,1.5,-0.4479166666666665,0.75,0.5,0,0.46650018315663344,3.297365688080138
1.5,1.5,-0.4479166666666665,0.75,0.5,1,0.46650018315663344,3.609190054779465
1.5,1.5,-0.4479166666666665,0.75,0.5,2,0.46650018315663344,2.736045999879483
1.5,1.5,-0.4479166666666665,0.75,0.5,3,0.46650018315663344,3.2568945652729604
1.5,1.5,-0.4479166666666665,0.75,0.5,4,0.46650018315663344,3.4030010117617593
1.5,1.5,-0.4479166666666665,0.75,0.5,5,0.46650018315663344,3.0483141563277867
1.5,1.5,-0.4479166666666665,0.75,0.5,7,0.46650018315663344,2.3281054212440386
1.5,1.5,-0.4479166666666665,0.75,0.5,10,0.46650018315663344,2.84608758309715
1.5,1.5,-0.4479166666666665,0.75,0.5,13,0.46650018315663344,3.0175245666253043
1.5,1.5,-0.4479166666666665,0.75,0.75,0,0.46650018315663344,3.297365688080138
1.5,1.5,-0.4479166666666665,0.75,0.75,1,0.46650018315663344,3.609190054779465
1.5,1.5,-0.4479166666666665,0.75,0.75,2,0.46650018315663344,2.736045999879483
1.5,1.5,-0.4479166666666665,0.75,0.75,3,0.46650018315663344,3.2568945652729604
1.5,1.5,-0.4479166666666665,0.75,0.75,4,0.46650018315663344,3.4030010117617593
1.5,1.5,-0.4479166666666665,0.75,0.75,5,0.46650018315663344,3.0483141563277867
1.5,1.5,-0.4479166666666665,0.75,0.75,7,0.46650018315663344,2.3281054212440386
1.5,1.5,-0.4479166666666665,0.75,0.75,10,0.46650018315663344,2.84608758309715
1.5,1.5,-0.4479166666666665,0.75,0.75,13,0.46650018315663344,3.0175245666253043
1.5,1.5,-0.4479166666666665,0.75,0.9,0,0.46650018315663344,3.297365688080138
1.5,1.5,-0.4479166666666665,0.75,0.9,1,0.46650018315663344,3.609190054779465
1.5,1.5,-0.4479166666666665,0.75,0.9,2,0.46650018315663344,2.736045999879483
1.5,1.5,-0.4479166666666665,0.75,0.9,3,0.46650018315663344,3.2568945652729604
1.5,1.5,-0.4479166666666665,0.75,0.9,4,0.46650018315663344,3.4030010117617593
1.5,1.5,-0.4479166666666665,0.75,0.9,5,0.46650018315663344,3.0483141563277867
1.5,1.5,-0.4479166666666665,0.75,0.9,7,0.46650018315663344,2.3281054212440386
1.5,1.5,-0.4479166666666665,0.75,0.9,10,0.46650018315663344,2.84608758309715
1.5,1.5,-0.4479166666666665,0.75,0.9,13,0.46650018315663344,3.0175245666253043
1.5,1.5,-0.4479166666666665,0.75,0.95,0,0.46650018315663344,3.297365688080138
1.5,1.5,-0.4479166666666665,0.75,0.95,1,0.46650018315663344,3.609190054779465
1.5,1.5,-0.4479166666666665,0.75,0.95,2,0.46650018315663344,2.736045999879483
1.5,1.5,-0.4479166666666665,0.75,0.95,3,0.46650018315663344,3.2568945652729604
1.5,1.5,-0.4479166666666665,0.75,0.95,4,0.46650018315663344,3.4030010117617593
1.5,1.5,-0.4479166666666665,0.75,0.95,5,0.46650018315663344,3.0483141563277867
1.5,1.5,-0.4479166666666665,0.75,0.95,7,0.46650018315663344,2.3281054212440386
1.5,1.5,-0.4479166666666665,0.75,0.95,10,0.46650018315663344,2.84608758309715
1.5,1.5,-0.4479166666666665,0.75,0.95,13,0.46650018315663344,3.0175245666253043
1.5,1.5,-0.4479166666666665,0.75,0.99,0,0.46650018315663344,3.297365688080138
1.5,1.5,-0.4479166666666665,0.75,0.99,1,0.46650018315663344,3.609190054779465
1.5,1.5,-0.4479166666666665,0.75,0.99,2,0.46650018315663344,2.736045999879483
1.5,1.5,-0.4479166666666665,0.75,0.99,3,0.46650018315663344,3.2568945652729604
1.5,1.5,-0.4479166666666665,0.75,0.99,4,0.46650018315663344,3.4030010117617593
1.5,1.5,-0.4479166666666665,0.75,0.99,5,0.46650018315663344,3.0483141563277867
1.5,1.5,-0.4479166666666665,0.75,0.99,7,0.46650018315663344,2.3281054212440386
1.5,1.5,-0.4479166666666665,0.75,0.99,10,0.46650018315663344,2.84608758309715
1.5,1.5,-0.4479166666666665,0.75,0.99,13,0.46650018315663344,3.0175245666253043
1.5,1.5,-0.4479166666666665,0.75,0.995,0,0.46650018315663344,3.297365688080138
1.5,1.5,-0.4479166666666665,0.75,0.995,1,0.46650018315663344,3.609190054779465
1.5,1.5,-0.4479166666666665,0.75,0.995,2,0.46650018315663344,2.736045999879483
1.5,1.5,-0.4479166666666665,0.75,0.995,3,0.46650018315663344,3.2568945652729604
1.5,1.5,-0.4479166666666665,0.75,0.995,4,0.46650018315663344,3.4030010117617593
1.5,1.5,-0.4479166666666665,0.75,0.995,5,0.46650018315663344,3.0483141563277867
1.5,1.5,-0.4479166666666665,0.75,0.995,7,0.46650018315663344,2.3281054212440386
1.5,1.5,-0.4479166666666665,0.75,0.995,10,0.46650018315663344,2.84608758309715
1.5,1.5,-0.4479166666666665,0.75,0.995,13,0.46650018315663344,3.0175245666253043
1.5,1.5,-0.4479166666666665,0.75,0.999,0,0.46650018315663344,3.297365688080138
1.5,1.5,-0.4479166666666665,0.75,0.999,1,0.46650018315663344,3.609190054779465
1.5,1.5,-0.4479166666666665,0.75,0.999,2,0.46650018315663344,2.736045999879483
1.5,1.5,-0.4479166666666665,0.75,0.999,3,0.46650018315663344,3.2568945652729604
1.5,1.5,-0.4479166666666665,0.75,0.999,4,0.46650018315663344,3.4030010117617593
1.5,1.5,-0.4479166666666665,0.75,0.999,5,0.46650018315663344,3.0483141563277867
1.5,1.5,-0.4479166666666665,0.75,0.999,7,0.46650018315663344,2.3281054212440386
1.5,1.5,-0.4479166666666665,0.75,0.999,10,0.46650018315663344,2.84608758309715
1.5,1.5,-0.4479166666666665,0.75,0.999,13,0.46650018315663344,3.0175245666253043
1.5,1.5,-0.4479166666666665,0.8,0.5,0,0.46650018315663344,3.6137837497558376
1.5,1.5,-0.4479166666666665,0.8,0.5,1,0.46650018315663344,3.537394039491304
1.5,1.5,-0.4479166666666665,0.8,0.5,2,0.46650018315663344,2.7634845637832237
1.5,1.5,-0.4479166666666665,0.8,0.5,3,0.46650018315663344,3.516157785551606
1.5,1.5,-0.4479166666666665,0.8,0.5,4,0.46650018315663344,3.485666810081396
1.5,1.5,-0.4479166666666665,0.8,0.5,5,0.46650018315663344,3.284696900624357
1.5,1.5,-0.4479166666666665,0.8,0.5,7,0.46650018315663344,2.454462807384145
1.5,1.5,-0.4479166666666665,0.8,0.5,10,0.46650018315663344,2.6330822194635575
1.5,1.5,-0.4479166666666665,0.8,0.5,13,0.46650018315663344,3.08076730441985
1.5,1.5,-0.4479166666666665,0.8,0.75,0,0.46650018315663344,3.6137837497558376
1.5,1.5,-0.4479166666666665,0.8,0.75,1,0.46650018315663344,3.537394039491304
1.5,1.5,-0.4479166666666665,0.8,0.75,2,0.46650018315663344,2.7634845637832237
1.5,1.5,-0.4479166666666665,0.8,0.75,3,0.46650018315663344,3.516157785551606
1.5,1.5,-0.4479166666666665,0.8,0.75,4,0.46650018315663344,3.485666810081396
1.5,1.5,-0.4479166666666665,0.8,0.75,5,0.46650018315663344,3.284696900624357
1.5,1.5,-0.4479166666666665,0.8,0.75,7,0.46650018315663344,2.454462807384145
1.5,1.5,-0.4479166666666665,0.8,0.75,10,0.46650018315663344,2.6330822194635575
1.5,1.5,-0.4479166666666665,0.8,0.75,13,0.46650018315663344,3.08076730441985
1.5,1.5,-0.4479166666666665,0.8,0.9,0,0.46650018315663344,3.6137837497558376
1.5,1.5,-0.4479166666666665,0.8,0.9,1,0.46650018315663344,3.537394039491304
1.5,1.5,-0.4479166666666665,0.8,0.9,2,0.46650018315663344,2.7634845637832237
1.5,1.5,-0.4479166666666665,0.8,0.9,3,0.46650018315663344,3.516157785551606
1.5,1.5,-0.4479166666666665,0.8,0.9,4,0.46650018315663344,3.485666810081396
1.5,1.5,-0.4479166666666665,0.8,0.9,5,0.46650018315663344,3.284696900624357
1.5,1.5,-0.4479166666666665,0.8,0.9,7,0.46650018315663344,2.454462807384145
1.5,1.5,-0.4479166666666665,0.8,0.9,10,0.46650018315663344,2.6330822194635575
1.5,1.5,-0.4479166666666665,0.8,0.9,13,0.46650018315663344,3.08076730441985
1.5,1.5,-0.4479166666666665,0.8,0.95,0,0.46650018315663344,3.6137837497558376
1.5,1.5,-0.4479166666666665,0.8,0.95,1,0.46650018315663344,3.537394039491304
1.5,1.5,-0.4479166666666665,0.8,0.95,2,0.46650018315663344,2.7634845637832237
1.5,1.5,-0.4479166666666665,0.8,0.95,3,0.46650018315663344,3.516157785551606
1.5,1.5,-0.4479166666666665,0.8,0.95,4,0.46650018315663344,3.485666810081396
1.5,1.5,-0.4479166666666665,0.8,0.95,5,0.46650018315663344,3.284696900624357
1.5,1.5,-0.4479166666666665,0.8,0.95,7,0.46650018315663344,2.454462807384145
1.5,1.5,-0.4479166666666665,0.8,0.95,10,0.46650018315663344,2.6330822194635575
1.5,1.5,-0.4479166666666665,0.8,0.95,13,0.46650018315663344,3.08076730441985
1.5,1.5,-0.4479166666666665,0.8,0.99,0,0.46650018315663344,3.6137837497558376
1.5,1.5,-0.4479166666666665,0.8,0.99,1,0.46650018315663344,3.537394039491304
1.5,1.5,-0.4479166666666665,0.8,0.99,2,0.46650018315663344,2.7634845637832237
1.5,1.5,-0.4479166666666665,0.8,0.99,3,0.46650018315663344,3.516157785551606
1.5,1.5,-0.4479166666666665,0.8,0.99,4,0.46650018315663344,3.485666810081396
1.5,1.5,-0.4479166666666665,0.8,0.99,5,0.46650018315663344,3.284696900624357
1.5,1.5,-0.4479166666666665,0.8,0.99,7,0.46650018315663344,2.454462807384145
1.5,1.5,-0.4479166666666665,0.8,0.99,10,0.46650018315663344,2.6330822194635575
1.5,1.5,-0.4479166666666665,0.8,0.99,13,0.46650018315663344,3.08076730441985
1.5,1.5,-0.4479166666666665,0.8,0.995,0,0.46650018315663344,3.6137837497558376
1.5,1.5,-0.4479166666666665,0.8,0.995,1,0.46650018315663344,3.537394039491304
1.5,1.5,-0.4479166666666665,0.8,0.995,2,0.46650018315663344,2.7634845637832237
1.5,1.5,-0.4479166666666665,0.8,0.995,3,0.46650018315663344,3.516157785551606
1.5,1.5,-0.4479166666666665,0.8,0.995,4,0.46650018315663344,3.485666810081396
1.5,1.5,-0.4479166666666665,0.8,0.995,5,0.46650018315663344,3.284696900624357
1.5,1.5,-0.4479166666666665,0.8,0.995,7,0.46650018315663344,2.454462807384145
1.5,1.5,-0.4479166666666665,0.8,0.995,10,0.46650018315663344,2.6330822194635575
1.5,1.5,-0.4479166666666665,0.8,0.995,13,0.46650018315663344,3.08076730441985
1.5,1.5,-0.4479166666666665,0.8,0.999,0,0.46650018315663344,3.6137837497558376
1.5,1.5,-0.4479166666666665,0.8,0.999,1,0.46650018315663344,3.537394039491304
1.5,1.5,-0.4479166666666665,0.8,0.999,2,0.46650018315663344,2.7634845637832237
1.5,1.5,-0.4479166666666665,0.8,0.999,3,0.46650018315663344,3.516157785551606
1.5,1.5,-0.4479166666666665,0.8,0.999,4,0.46650018315663344,3.485666810081396
1.5,1.5,-0.4479166666666665,0.8,0.999,5,0.46650018315663344,3.284696900624357
1.5,1.5,-0.4479166666666665,0.8,0.999,7,0.46650018315663344,2.454462807384145
1.5,1.5,-0.4479166666666665,0.8,0.999,10,0.46650018315663344,2.6330822194635575
1.5,1.5,-0.4479166666666665,0.8,0.999,13,0.46650018315663344,3.08076730441985
1.5,1.5,-0.4479166666666665,0.85,0.5,0,0.46650018315663344,3.3656407251651705
1.5,1.5,-0.4479166666666665,0.85,0.5,1,0.46650018315663344,3.4277497058155273
1.5,1.5,-0.4479166666666665,0.85,0.5,2,0.46650018315663344,2.9566282588034527
1.5,1.5,-0.4479166666666665,0.85,0.5,3,0.46650018315663344,3.577737581240176
1.5,1.5,-0.4479166666666665,0.85,0.5,4,0.46650018315663344,3.526300283037381
1.5,1.5,-0.4479166666666665,0.85,0.5,5,0.46650018315663344,3.367826346488043
1.5,1.5,-0.4479166666666665,0.85,0.5,7,0.46650018315663344,2.55575295378903
1.5,1.5,-0.4479166666666665,0.85,0.5,10,0.46650018315663344,3.087968032795695
1.5,1.5,-0.4479166666666665,0.85,0.5,13,0.46650018315663344,2.9452279451311028
1.5,1.5,-0.4479166666666665,0.85,0.75,0,0.46650018315663344,3.3656407251651705
1.5,1.5,-0.4479166666666665,0.85,0.75,1,0.46650018315663344,3.4277497058155273
1.5,1.5,-0.4479166666666665,0.85,0.75,2,0.46650018315663344,2.9566282588034527
1.5,1.5,-0.4479166666666665,0.85,0.75,3,0.46650018315663344,3.577737581240176
1.5,1.5,-0.4479166666666665,0.85,0.75,4,0.46650018315663344,3.526300283037381
1.5,1.5,-0.4479166666666665,0.85,0.75,5,0.46650018315663344,3.367826346488043
1.5,1.5,-0.4479166666666665,0.85,0.75,7,0.46650018315663344,2.55575295378903
1.5,1.5,-0.4479166666666665,0.85,0.75,10,0.46650018315663344,3.087968032795695
1.5,1.5,-0.4479166666666665,0.85,0.75,13,0.46650018315663344,2.9452279451311028
1.5,1.5,-0.4479166666666665,0.85,0.9,0,0.46650018315663344,3.3656407251651705
1.5,1.5,-0.4479166666666665,0.85,0.9,1,0.46650018315663344,3.4277497058155273
1.5,1.5,-0.4479166666666665,0.85,0.9,2,0.46650018315663344,2.9566282588034527
1.5,1.5,-0.4479166666666665,0.85,0.9,3,0.46650018315663344,3.577737581240176
1.5,1.5,-0.4479166666666665,0.85,0.9,4,0.46650018315663344,3.526300283037381
1.5,1.5,-0.4479166666666665,0.85,0.9,5,0.46650018315663344,3.367826346488043
1.5,1.5,-0.4479166666666665,0.85,0.9,7,0.46650018315663344,2.55575295378903
1.5,1.5,-0.4479166666666665,0.85,0.9,10,0.46650018315663344,3.087968032795695
1.5,1.5,-0.4479166666666665,0.85,0.9,13,0.46650018315663344,2.9452279451311028
1.5,1.5,-0.4479166666666665,0.85,0.95,0,0.46650018315663344,3.3656407251651705
1.5,1.5,-0.4479166666666665,0.85,0.95,1,0.46650018315663344,3.4277497058155273
1.5,1.5,-0.4479166666666665,0.85,0.95,2,0.46650018315663344,2.9566282588034527
1.5,1.5,-0.4479166666666665,0.85,0.95,3,0.46650018315663344,3.577737581240176
1.5,1.5,-0.4479166666666665,0.85,0.95,4,0.46650018315663344,3.526300283037381
1.5,1.5,-0.4479166666666665,0.85,0.95,5,0.46650018315663344,3.367826346488043
1.5,1.5,-0.4479166666666665,0.85,0.95,7,0.46650018315663344,2.55575295378903
1.5,1.5,-0.4479166666666665,0.85,0.95,10,0.46650018315663344,3.087968032795695
1.5,1.5,-0.4479166666666665,0.85,0.95,13,0.46650018315663344,2.9452279451311028
1.5,1.5,-0.4479166666666665,0.85,0.99,0,0.46650018315663344,3.3656407251651705
1.5,1.5,-0.4479166666666665,0.85,0.99,1,0.46650018315663344,3.4277497058155273
1.5,1.5,-0.4479166666666665,0.85,0.99,2,0.46650018315663344,2.9566282588034527
1.5,1.5,-0.4479166666666665,0.85,0.99,3,0.46650018315663344,3.577737581240176
1.5,1.5,-0.4479166666666665,0.85,0.99,4,0.46650018315663344,3.526300283037381
1.5,1.5,-0.4479166666666665,0.85,0.99,5,0.46650018315663344,3.367826346488043
1.5,1.5,-0.4479166666666665,0.85,0.99,7,0.46650018315663344,2.55575295378903
1.5,1.5,-0.4479166666666665,0.85,0.99,10,0.46650018315663344,3.087968032795695
1.5,1.5,-0.4479166666666665,0.85,0.99,13,0.46650018315663344,2.9452279451311028
1.5,1.5,-0.4479166666666665,0.85,0.995,0,0.46650018315663344,3.3656407251651705
1.5,1.5,-0.4479166666666665,0.85,0.995,1,0.46650018315663344,3.4277497058155273
1.5,1.5,-0.4479166666666665,0.85,0.995,2,0.46650018315663344,2.9566282588034527
1.5,1.5,-0.4479166666666665,0.85,0.995,3,0.46650018315663344,3.577737581240176
1.5,1.5,-0.4479166666666665,0.85,0.995,4,0.46650018315663344,3.526300283037381
1.5,1.5,-0.4479166666666665,0.85,0.995,5,0.46650018315663344,3.367826346488043
1.5,1.5,-0.4479166666666665,0.85,0.995,7,0.46650018315663344,2.55575295378903
1.5,1.5,-0.4479166666666665,0.85,0.995,10,0.46650018315663344,3.087968032795695
1.5,1.5,-0.4479166666666665,0.85,0.995,13,0.46650018315663344,2.9452279451311028
1.5,1.5,-0.4479166666666665,0.85,0.999,0,0.46650018315663344,3.3656407251651705
1.5,1.5,-0.4479166666666665,0.85,0.999,1,0.46650018315663344,3.4277497058155273
1.5,1.5,-0.4479166666666665,0.85,0.999,2,0.46650018315663344,2.9566282588034527
1.5,1.5,-0.4479166666666665,0.85,0.999,3,0.46650018315663344,3.577737581240176
1.5,1.5,-0.4479166666666665,0.85,0.999,4,0.46650018315663344,3.526300283037381
1.5,1.5,-0.4479166666666665,0.85,0.999,5,0.46650018315663344,3.367826346488043
1.5,1.5,-0.4479166666666665,0.85,0.999,7,0.46650018315663344,2.55575295378903
1.5,1.5,-0.4479166666666665,0.85,0.999,10,0.46650018315663344,3.087968032795695
1.5,1.5,-0.4479166666666665,0.85,0.999,13,0.46650018315663344,2.9452279451311028
1.5,1.5,-0.4479166666666665,0.9,0.5,0,0.46650018315663344,3.443673612704006
1.5,1.5,-0.4479166666666665,0.9,0.5,1,0.46650018315663344,3.5218782305861582
1.5,1.5,-0.4479166666666665,0.9,0.5,2,0.46650018315663344,2.9192653120200185
1.5,1.5,-0.4479166666666665,0.9,0.5,3,0.46650018315663344,3.3639565988225875
1.5,1.5,-0.4479166666666665,0.9,0.5,4,0.46650018315663344,3.122689040352965
1.5,1.5,-0.4479166666666665,0.9,0.5,5,0.46650018315663344,3.121591346757051
1.5,1.5,-0.4479166666666665,0.9,0.5,7,0.46650018315663344,2.7468017503158286
1.5,1.5,-0.4479166666666665,0.9,0.5,10,0.46650018315663344,2.5030616319450396
1.5,1.5,-0.4479166666666665,0.9,0.5,13,0.46650018315663344,1.9769778463220324
1.5,1.5,-0.4479166666666665,0.9,0.75,0,0.46650018315663344,3.443673612704006
1.5,1.5,-0.4479166666666665,0.9,0.75,1,0.46650018315663344,3.5218782305861582
1.5,1.5,-0.4479166666666665,0.9,0.75,2,0.46650018315663344,2.9192653120200185
1.5,1.5,-0.4479166666666665,0.9,0.75,3,0.46650018315663344,3.3639565988225875
1.5,1.5,-0.4479166666666665,0.9,0.75,4,0.46650018315663344,3.122689040352965
1.5,1.5,-0.4479166666666665,0.9,0.75,5,0.46650018315663344,3.121591346757051
1.5,1.5,-0.4479166666666665,0.9,0.75,7,0.46650018315663344,2.7468017503158286
1.5,1.5,-0.4479166666666665,0.9,0.75,10,0.46650018315663344,2.5030616319450396
1.5,1.5,-0.4479166666666665,0.9,0.75,13,0.46650018315663344,1.9769778463220324
1.5,1.5,-0.4479166666666665,0.9,0.9,0,0.46650018315663344,3.443673612704006
1.5,1.5,-0.4479166666666665,0.9,0.9,1,0.46650018315663344,3.5218782305861582
1.5,1.5,-0.4479166666666665,0.9,0.9,2,0.46650018315663344,2.9192653120200185
1.5,1.5,-0.4479166666666665,0.9,0.9,3,0.46650018315663344,3.3639565988225875
1.5,1.5,-0.4479166666666665,0.9,0.9,4,0.46650018315663344,3.122689040352965
1.5,1.5,-0.4479166666666665,0.9,0.9,5,0.46650018315663344,3.121591346757051
1.5,1.5,-0.4479166666666665,0.9,0.9,7,0.46650018315663344,2.7468017503158286
1.5,1.5,-0.4479166666666665,0.9,0.9,10,0.46650018315663344,2.5030616319450396
1.5,1.5,-0.4479166666666665,0.9,0.9,13,0.46650018315663344,1.9769778463220324
1.5,1.5,-0.4479166666666665,0.9,0.95,0,0.46650018315663344,3.443673612704006
1.5,1.5,-0.4479166666666665,0.9,0.95,1,0.46650018315663344,3.5218782305861582
1.5,1.5,-0.4479166666666665,0.9,0.95,2,0.46650018315663344,2.9192653120200185
1.5,1.5,-0.4479166666666665,0.9,0.95,3,0.46650018315663344,3.3639565988225875
1.5,1.5,-0.4479166666666665,0.9,0.95,4,0.46650018315663344,3.122689040352965
1.5,1.5,-0.4479166666666665,0.9,0.95,5,0.46650018315663344,3.121591346757051
1.5,1.5,-0.4479166666666665,0.9,0.95,7,0.46650018315663344,2.7468017503158286
1.5,1.5,-0.4479166666666665,0.9,0.95,10,0.46650018315663344,2.5030616319450396
1.5,1.5,-0.4479166666666665,0.9,0.95,13,0.46650018315663344,1.9769778463220324
1.5,1.5,-0.4479166666666665,0.9,0.99,0,0.46650018315663344,3.443673612704006
1.5,1.5,-0.4479166666666665,0.9,0.99,1,0.46650018315663344,3.5218782305861582
1.5,1.5,-0.4479166666666665,0.9,0.99,2,0.46650018315663344,2.9192653120200185
1.5,1.5,-0.4479166666666665,0.9,0.99,3,0.46650018315663344,3.3639565988225875
1.5,1.5,-0.4479166666666665,0.9,0.99,4,0.46650018315663344,3.122689040352965
1.5,1.5,-0.4479166666666665,0.9,0.99,5,0.46650018315663344,3.121591346757051
1.5,1.5,-0.4479166666666665,0.9,0.99,7,0.46650018315663344,2.7468017503158286
1.5,1.5,-0.4479166666666665,0.9,0.99,10,0.46650018315663344,2.5030616319450396
1.5,1.5,-0.4479166666666665,0.9,0.99,13,0.46650018315663344,1.9769778463220324
1.5,1.5,-0.4479166666666665,0.9,0.995,0,0.46650018315663344,3.443673612704006
1.5,1.5,-0.4479166666666665,0.9,0.995,1,0.46650018315663344,3.5218782305861582
1.5,1.5,-0.4479166666666665,0.9,0.995,2,0.46650018315663344,2.9192653120200185
1.5,1.5,-0.4479166666666665,0.9,0.995,3,0.46650018315663344,3.3639565988225875
1.5,1.5,-0.4479166666666665,0.9,0.995,4,0.46650018315663344,3.122689040352965
1.5,1.5,-0.4479166666666665,0.9,0.995,5,0.46650018315663344,3.121591346757051
1.5,1.5,-0.4479166666666665,0.9,0.995,7,0.46650018315663344,2.7468017503158286
1.5,1.5,-0.4479166666666665,0.9,0.995,10,0.46650018315663344,2.5030616319450396
1.5,1.5,-0.4479166666666665,0.9,0.995,13,0.46650018315663344,1.9769778463220324
1.5,1.5,-0.4479166666666665,0.9,0.999,0,0.46650018315663344,3.443673612704006
1.5,1.5,-0.4479166666666665,0.9,0.999,1,0.46650018315663344,3.5218782305861582
1.5,1.5,-0.4479166666666665,0.9,0.999,2,0.46650018315663344,2.9192653120200185
1.5,1.5,-0.4479166666666665,0.9,0.999,3,0.46650018315663344,3.3639565988225875
1.5,1.5,-0.4479166666666665,0.9,0.999,4,0.46650018315663344,3.122689040352965
1.5,1.5,-0.4479166666666665,0.9,0.999,5,0.46650018315663344,3.121591346757051
1.5,1.5,-0.4479166666666665,0.9,0.999,7,0.46650018315663344,2.7468017503158286
1.5,1.5,-0.4479166666666665,0.9,0.999,10,0.46650018315663344,2.5030616319450396
1.5,1.5,-0.4479166666666665,0.9,0.999,13,0.46650018315663344,1.9769778463220324
1.5,1.5,-0.4479166666666665,0.95,0.5,0,0.46650018315663344,3.5453358904216503
1.5,1.5,-0.4479166666666665,0.95,0.5,1,0.46650018315663344,3.5211276252999597
1.5,1.5,-0.4479166666666665,0.95,0.5,2,0.46650018315663344,3.2386010859036496
1.5,1.5,-0.4479166666666665,0.95,0.5,3,0.46650018315663344,3.5334653645041834
1.5,1.5,-0.4479166666666665,0.95,0.5,4,0.46650018315663344,3.353585775819585
1.5,1.5,-0.4479166666666665,0.95,0.5,5,0.46650018315663344,3.3413477315578652
1.5,1.5,-0.4479166666666665,0.95,0.5,7,0.46650018315663344,2.6719415762551963
1.5,1.5,-0.4479166666666665,0.95,0.5,10,0.46650018315663344,2.826655483165822
1.5,1.5,-0.4479166666666665,0.95,0.5,13,0.46650018315663344,2.9156518349570666
1.5,1.5,-0.4479166666666665,0.95,0.75,0,0.46650018315663344,3.5453358904216503
1.5,1.5,-0.4479166666666665,0.95,0.75,1,0.46650018315663344,3.5211276252999597
1.5,1.5,-0.4479166666666665,0.95,0.75,2,0.46650018315663344,3.2386010859036496
1.5,1.5,-0.4479166666666665,0.95,0.75,3,0.46650018315663344,3.5334653645041834
1.5,1.5,-0.4479166666666665,0.95,0.75,4,0.46650018315663344,3.353585775819585
1.5,1.5,-0.4479166666666665,0.95,0.75,5,0.46650018315663344,3.3413477315578652
1.5,1.5,-0.4479166666666665,0.95,0.75,7,0.46650018315663344,2.6719415762551963
1.5,1.5,-0.4479166666666665,0.95,0.75,10,0.46650018315663344,2.826655483165822
1.5,1.5,-0.4479166666666665,0.95,0.75,13,0.46650018315663344,2.9156518349570666
1.5,1.5,-0.4479166666666665,0.95,0.9,0,0.46650018315663344,3.5453358904216503
1.5,1.5,-0.4479166666666665,0.95,0.9,1,0.46650018315663344,3.5211276252999597
1.5,1.5,-0.4479166666666665,0.95,0.9,2,0.46650018315663344,3.2386010859036496
1.5,1.5,-0.4479166666666665,0.95,0.9,3,0.46650018315663344,3.5334653645041834
1.5,1.5,-0.4479166666666665,0.95,0.9,4,0.46650018315663344,3.353585775819585
1.5,1.5,-0.4479166666666665,0.95,0.9,5,0.46650018315663344,3.3413477315578652
1.5,1.5,-0.4479166666666665,0.95,0.9,7,0.46650018315663344,2.6719415762551963
1.5,1.5,-0.4479166666666665,0.95,0.9,10,0.46650018315663344,2.826655483165822
1.5,1.5,-0.4479166666666665,0.95,0.9,13,0.46650018315663344,2.9156518349570666
1.5,1.5,-0.4479166666666665,0.95,0.95,0,0.46650018315663344,3.5453358904216503
1.5,1.5,-0.4479166666666665,0.95,0.95,1,0.46650018315663344,3.5211276252999597
1.5,1.5,-0.4479166666666665,0.95,0.95,2,0.46650018315663344,3.2386010859036496
1.5,1.5,-0.4479166666666665,0.95,0.95,3,0.46650018315663344,3.5334653645041834
1.5,1.5,-0.4479166666666665,0.95,0.95,4,0.46650018315663344,3.353585775819585
1.5,1.5,-0.4479166666666665,0.95,0.95,5,0.46650018315663344,3.3413477315578652
1.5,1.5,-0.4479166666666665,0.95,0.95,7,0.46650018315663344,2.6719415762551963
1.5,1.5,-0.4479166666666665,0.95,0.95,10,0.46650018315663344,2.826655483165822
1.5,1.5,-0.4479166666666665,0.95,0.95,13,0.46650018315663344,2.9156518349570666
1.5,1.5,-0.4479166666666665,0.95,0.99,0,0.46650018315663344,3.5453358904216503
1.5,1.5,-0.4479166666666665,0.95,0.99,1,0.46650018315663344,3.5211276252999597
1.5,1.5,-0.4479166666666665,0.95,0.99,2,0.46650018315663344,3.2386010859036496
1.5,1.5,-0.4479166666666665,0.95,0.99,3,0.46650018315663344,3.5334653645041834
1.5,1.5,-0.4479166666666665,0.95,0.99,4,0.46650018315663344,3.353585775819585
1.5,1.5,-0.4479166666666665,0.95,0.99,5,0.46650018315663344,3.3413477315578652
1.5,1.5,-0.4479166666666665,0.95,0.99,7,0.46650018315663344,2.6719415762551963
1.5,1.5,-0.4479166666666665,0.95,0.99,10,0.46650018315663344,2.826655483165822
1.5,1.5,-0.4479166666666665,0.95,0.99,13,0.46650018315663344,2.9156518349570666
1.5,1.5,-0.4479166666666665,0.95,0.995,0,0.46650018315663344,3.5453358904216503
1.5,1.5,-0.4479166666666665,0.95,0.995,1,0.46650018315663344,3.5211276252999597
1.5,1.5,-0.4479166666666665,0.95,0.995,2,0.46650018315663344,3.2386010859036496
1.5,1.5,-0.4479166666666665,0.95,0.995,3,0.46650018315663344,3.5334653645041834
1.5,1.5,-0.4479166666666665,0.95,0.995,4,0.46650018315663344,3.353585775819585
1.5,1.5,-0.4479166666666665,0.95,0.995,5,0.46650018315663344,3.3413477315578652
1.5,1.5,-0.4479166666666665,0.95,0.995,7,0.46650018315663344,2.6719415762551963
1.5,1.5,-0.4479166666666665,0.95,0.995,10,0.46650018315663344,2.826655483165822
1.5,1.5,-0.4479166666666665,0.95,0.995,13,0.46650018315663344,2.9156518349570666
1.5,1.5,-0.4479166666666665,0.95,0.999,0,0.46650018315663344,3.5453358904216503
1.5,1.5,-0.4479166666666665,0.95,0.999,1,0.46650018315663344,3.5211276252999597
1.5,1.5,-0.4479166666666665,0.95,0.999,2,0.46650018315663344,3.2386010859036496
1.5,1.5,-0.4479166666666665,0.95,0.999,3,0.46650018315663344,3.5334653645041834
1.5,1.5,-0.4479166666666665,0.95,0.999,4,0.46650018315663344,3.353585775819585
1.5,1.5,-0.4479166666666665,0.95,0.999,5,0.46650018315663344,3.3413477315578652
1.5,1.5,-0.4479166666666665,0.95,0.999,7,0.46650018315663344,2.6719415762551963
1.5,1.5,-0.4479166666666665,0.95,0.999,10,0.46650018315663344,2.826655483165822
1.5,1.5,-0.4479166666666665,0.95,0.999,13,0.46650018315663344,2.9156518349570666
1.5,1.5,-0.4479166666666665,0.975,0.5,0,0.46650018315663344,3.3905792043230067
1.5,1.5,-0.4479166666666665,0.975,0.5,1,0.46650018315663344,3.5950693635916315
1.5,1.5,-0.4479166666666665,0.975,0.5,2,0.46650018315663344,3.202619036056363
1.5,1.5,-0.4479166666666665,0.975,0.5,3,0.46650018315663344,3.361949308153558
1.5,1.5,-0.4479166666666665,0.975,0.5,4,0.46650018315663344,3.145323352170718
1.5,1.5,-0.4479166666666665,0.975,0.5,5,0.46650018315663344,3.033229844309278
1.5,1.5,-0.4479166666666665,0.975,0.5,7,0.46650018315663344,2.4628168150703638
1.5,1.5,-0.4479166666666665,0.975,0.5,10,0.46650018315663344,2.92659123456387
1.5,1.5,-0.4479166666666665,0.975,0.5,13,0.46650018315663344,2.9433799165820718
1.5,1.5,-0.4479166666666665,0.975,0.75,0,0.46650018315663344,3.3905792043230067
1.5,1.5,-0.4479166666666665,0.975,0.75,1,0.46650018315663344,3.5950693635916315
1.5,1.5,-0.4479166666666665,0.975,0.75,2,0.46650018315663344,3.202619036056363
1.5,1.5,-0.4479166666666665,0.975,0.75,3,0.46650018315663344,3.361949308153558
1.5,1.5,-0.4479166666666665,0.975,0.75,4,0.46650018315663344,3.145323352170718
1.5,1.5,-0.4479166666666665,0.975,0.75,5,0.46650018315663344,3.033229844309278
1.5,1.5,-0.4479166666666665,0.975,0.75,7,0.46650018315663344,2.4628168150703638
1.5,1.5,-0.4479166666666665,0.975,0.75,10,0.46650018315663344,2.92659123456387
1.5,1.5,-0.4479166666666665,0.975,0.75,13,0.46650018315663344,2.9433799165820718
1.5,1.5,-0.4479166666666665,0.975,0.9,0,0.46650018315663344,3.3905792043230067
1.5,1.5,-0.4479166666666665,0.975,0.9,1,0.46650018315663344,3.5950693635916315
1.5,1.5,-0.4479166666666665,0.975,0.9,2,0.46650018315663344,3.202619036056363
1.5,1.5,-0.4479166666666665,0.975,0.9,3,0.46650018315663344,3.361949308153558
1.5,1.5,-0.4479166666666665,0.975,0.9,4,0.46650018315663344,3.145323352170718
1.5,1.5,-0.4479166666666665,0.975,0.9,5,0.46650018315663344,3.033229844309278
1.5,1.5,-0.4479166666666665,0.975,0.9,7,0.46650018315663344,2.4628168150703638
1.5,1.5,-0.4479166666666665,0.975,0.9,10,0.46650018315663344,2.92659123456387
1.5,1.5,-0.4479166666666665,0.975,0.9,13,0.46650018315663344,2.9433799165820718
1.5,1.5,-0.4479166666666665,0.975,0.95,0,0.46650018315663344,3.3905792043230067
1.5,1.5,-0.4479166666666665,0.975,0.95,1,0.46650018315663344,3.5950693635916315
1.5,1.5,-0.4479166666666665,0.975,0.95,2,0.46650018315663344,3.202619036056363
1.5,1.5,-0.4479166666666665,0.975,0.95,3,0.46650018315663344,3.361949308153558
1.5,1.5,-0.4479166666666665,0.975,0.95,4,0.46650018315663344,3.145323352170718
1.5,1.5,-0.4479166666666665,0.975,0.95,5,0.46650018315663344,3.033229844309278
1.5,1.5,-0.4479166666666665,0.975,0.95,7,0.46650018315663344,2.4628168150703638
1.5,1.5,-0.4479166666666665,0.975,0.95,10,0.46650018315663344,2.92659123456387
1.5,1.5,-0.4479166666666665,0.975,0.95,13,0.46650018315663344,2.9433799165820718
1.5,1.5,-0.4479166666666665,0.975,0.99,0,0.46650018315663344,3.3905792043230067
1.5,1.5,-0.4479166666666665,0.975,0.99,1,0.46650018315663344,3.5950693635916315
1.5,1.5,-0.4479166666666665,0.975,0.99,2,0.46650018315663344,3.202619036056363
1.5,1.5,-0.4479166666666665,0.975,0.99,3,0.46650018315663344,3.361949308153558
1.5,1.5,-0.4479166666666665,0.975,0.99,4,0.46650018315663344,3.145323352170718
1.5,1.5,-0.4479166666666665,0.975,0.99,5,0.46650018315663344,3.033229844309278
1.5,1.5,-0.4479166666666665,0.975,0.99,7,0.46650018315663344,2.4628168150703638
1.5,1.5,-0.4479166666666665,0.975,0.99,10,0.46650018315663344,2.92659123456387
1.5,1.5,-0.4479166666666665,0.975,0.99,13,0.46650018315663344,2.9433799165820718
1.5,1.5,-0.4479166666666665,0.975,0.995,0,0.46650018315663344,3.3905792043230067
1.5,1.5,-0.4479166666666665,0.975,0.995,1,0.46650018315663344,3.5950693635916315
1.5,1.5,-0.4479166666666665,0.975,0.995,2,0.46650018315663344,3.202619036056363
1.5,1.5,-0.4479166666666665,0.975,0.995,3,0.46650018315663344,3.361949308153558
1.5,1.5,-0.4479166666666665,0.975,0.995,4,0.46650018315663344,3.145323352170718
1.5,1.5,-0.4479166666666665,0.975,0.995,5,0.46650018315663344,3.033229844309278
1.5,1.5,-0.4479166666666665,0.975,0.995,7,0.46650018315663344,2.4628168150703638
1.5,1.5,-0.4479166666666665,0.975,0.995,10,0.46650018315663344,2.92659123456387
1.5,1.5,-0.4479166666666665,0.975,0.995,13,0.46650018315663344,2.9433799165820718
1.5,1.5,-0.4479166666666665,0.975,0.999,0,0.46650018315663344,3.3905792043230067
1.5,1.5,-0.4479166666666665,0.975,0.999,1,0.46650018315663344,3.5950693635916315
1.5,1.5,-0.4479166666666665,0.975,0.999,2,0.46650018315663344,3.202619036056363
1.5,1.5,-0.4479166666666665,0.975,0.999,3,0.46650018315663344,3.361949308153558
1.5,1.5,-0.4479166666666665,0.975,0.999,4,0.46650018315663344,3.145323352170718
1.5,1.5,-0.4479166666666665,0.975,0.999,5,0.46650018315663344,3.033229844309278
1.5,1.5,-0.4479166666666665,0.975,0.999,7,0.46650018315663344,2.4628168150703638
1.5,1.5,-0.4479166666666665,0.975,0.999,10,0.46650018315663344,2.92659123456387
1.5,1.5,-0.4479166666666665,0.975,0.999,13,0.46650018315663344,2.9433799165820718
0.0,1.5,0.697916666666667,0.4,0.5,0,0.4384871497779919,1.8441422575646795
0.0,1.5,0.697916666666667,0.4,0.5,1,0.4384871497779919,1.519160973739903
0.0,1.5,0.697916666666667,0.4,0.5,2,0.4384871497779919,1.3458325090167245
0.0,1.5,0.697916666666667,0.4,0.5,3,0.4384871497779919,1.5991397598899912
0.0,1.5,0.697916666666667,0.4,0.5,4,0.4384871497779919,2.3267461343650853
0.0,1.5,0.697916666666667,0.4,0.5,5,0.4384871497779919,1.367216741481379
0.0,1.5,0.697916666666667,0.4,0.5,7,0.4384871497779919,0.4688243050382679
0.0,1.5,0.697916666666667,0.4,0.5,10,0.4384871497779919,1.711985911350021
0.0,1.5,0.697916666666667,0.4,0.5,13,0.4384871497779919,0.7626242799673861
0.0,1.5,0.697916666666667,0.4,0.75,0,0.4384871497779919,1.8441422575646795
0.0,1.5,0.697916666666667,0.4,0.75,1,0.4384871497779919,1.519160973739903
0.0,1.5,0.697916666666667,0.4,0.75,2,0.4384871497779919,1.3458325090167245
0.0,1.5,0.697916666666667,0.4,0.75,3,0.4384871497779919,1.5991397598899912
0.0,1.5,0.697916666666667,0.4,0.75,4,0.4384871497779919,2.3267461343650853
0.0,1.5,0.697916666666667,0.4,0.75,5,0.4384871497779919,1.367216741481379
0.0,1.5,0.697916666666667,0.4,0.75,7,0.4384871497779919,0.4688243050382679
0.0,1.5,0.697916666666667,0.4,0.75,10,0.4384871497779919,1.711985911350021
0.0,1.5,0.697916666666667,0.4,0.75,13,0.4384871497779919,0.7626242799673861
0.0,1.5,0.697916666666667,0.4,0.9,0,0.4384871497779919,1.8441422575646795
0.0,1.5,0.697916666666667,0.4,0.9,1,0.4384871497779919,1.519160973739903
0.0,1.5,0.697916666666667,0.4,0.9,2,0.4384871497779919,1.3458325090167245
0.0,1.5,0.697916666666667,0.4,0.9,3,0.4384871497779919,1.5991397598899912
0.0,1.5,0.697916666666667,0.4,0.9,4,0.4384871497779919,2.3267461343650853
0.0,1.5,0.697916666666667,0.4,0.9,5,0.4384871497779919,1.367216741481379
0.0,1.5,0.697916666666667,0.4,0.9,7,0.4384871497779919,0.4688243050382679
0.0,1.5,0.697916666666667,0.4,0.9,10,0.4384871497779919,1.711985911350021
0.0,1.5,0.697916666666667,0.4,0.9,13,0.4384871497779919,0.7626242799673861
0.0,1.5,0.697916666666667,0.4,0.95,0,0.4384871497779919,1.8441422575646795
0.0,1.5,0.697916666666667,0.4,0.95,1,0.4384871497779919,1.519160973739903
0.0,1.5,0.697916666666667,0.4,0.95,2,0.4384871497779919,1.3458325090167245
0.0,1.5,0.697916666666667,0.4,0.95,3,0.4384871497779919,1.5991397598899912
0.0,1.5,0.697916666666667,0.4,0.95,4,0.4384871497779919,2.3267461343650853
0.0,1.5,0.697916666666667,0.4,0.95,5,0.4384871497779919,1.367216741481379
0.0,1.5,0.697916666666667,0.4,0.95,7,0.4384871497779919,0.4688243050382679
0.0,1.5,0.697916666666667,0.4,0.95,10,0.4384871497779919,1.711985911350021
0.0,1.5,0.697916666666667,0.4,0.95,13,0.4384871497779919,0.7626242799673861
0.0,1.5,0.697916666666667,0.4,0.99,0,0.4384871497779919,1.8441422575646795
0.0,1.5,0.697916666666667,0.4,0.99,1,0.4384871497779919,1.519160973739903
0.0,1.5,0.697916666666667,0.4,0.99,2,0.4384871497779919,1.3458325090167245
0.0,1.5,0.697916666666667,0.4,0.99,3,0.4384871497779919,1.5991397598899912
0.0,1.5,0.697916666666667,0.4,0.99,4,0.4384871497779919,2.3267461343650853
0.0,1.5,0.697916666666667,0.4,0.99,5,0.4384871497779919,1.367216741481379
0.0,1.5,0.697916666666667,0.4,0.99,7,0.4384871497779919,0.4688243050382679
0.0,1.5,0.697916666666667,0.4,0.99,10,0.4384871497779919,1.711985911350021
0.0,1.5,0.697916666666667,0.4,0.99,13,0.4384871497779919,0.7626242799673861
0.0,1.5,0.697916666666667,0.4,0.995,0,0.4384871497779919,1.8441422575646795
0.0,1.5,0.697916666666667,0.4,0.995,1,0.4384871497779919,1.519160973739903
0.0,1.5,0.697916666666667,0.4,0.995,2,0.4384871497779919,1.3458325090167245
0.0,1.5,0.697916666666667,0.4,0.995,3,0.4384871497779919,1.5991397598899912
0.0,1.5,0.697916666666667,0.4,0.995,4,0.4384871497779919,2.3267461343650853
0.0,1.5,0.697916666666667,0.4,0.995,5,0.4384871497779919,1.367216741481379
0.0,1.5,0.697916666666667,0.4,0.995,7,0.4384871497779919,0.4688243050382679
0.0,1.5,0.697916666666667,0.4,0.995,10,0.4384871497779919,1.711985911350021
0.0,1.5,0.697916666666667,0.4,0.995,13,0.4384871497779919,0.7626242799673861
0.0,1.5,0.697916666666667,0.4,0.999,0,0.4384871497779919,1.8441422575646795
0.0,1.5,0.697916666666667,0.4,0.999,1,0.4384871497779919,1.519160973739903
0.0,1.5,0.697916666666667,0.4,0.999,2,0.4384871497779919,1.3458325090167245
0.0,1.5,0.697916666666667,0.4,0.999,3,0.4384871497779919,1.5991397598899912
0.0,1.5,0.697916666666667,0.4,0.999,4,0.4384871497779919,2.3267461343650853
0.0,1.5,0.697916666666667,0.4,0.999,5,0.4384871497779919,1.367216741481379
0.0,1.5,0.697916666666667,0.4,0.999,7,0.4384871497779919,0.4688243050382679
0.0,1.5,0.697916666666667,0.4,0.999,10,0.4384871497779919,1.711985911350021
0.0,1.5,0.697916666666667,0.4,0.999,13,0.4384871497779919,0.7626242799673861
0.0,1.5,0.697916666666667,0.45,0.5,0,0.4384871497779919,1.6805083002932166
0.0,1.5,0.697916666666667,0.45,0.5,1,0.4384871497779919,1.6930406011089407
0.0,1.5,0.697916666666667,0.45,0.5,2,0.4384871497779919,1.4072439597099127
0.0,1.5,0.697916666666667,0.45,0.5,3,0.4384871497779919,1.0081463926415513
0.0,1.5,0.697916666666667,0.45,0.5,4,0.4384871497779919,1.9740717755957862
0.0,1.5,0.697916666666667,0.45,0.5,5,0.4384871497779919,1.6937603021600292
0.0,1.5,0.697916666666667,0.45,0.5,7,0.4384871497779919,0.29019348087471064
0.0,1.5,0.697916666666667,0.45,0.5,10,0.4384871497779919,1.7204301998046423
0.0,1.5,0.697916666666667,0.45,0.5,13,0.4384871497779919,0.36633008769683356
0.0,1.5,0.697916666666667,0.45,0.75,0,0.4384871497779919,1.6805083002932166
0.0,1.5,0.697916666666667,0.45,0.75,1,0.4384871497779919,1.6930406011089407
0.0,1.5,0.697916666666667,0.45,0.75,2,0.4384871497779919,1.4072439597099127
0.0,1.5,0.697916666666667,0.45,0.75,3,0.4384871497779919,1.0081463926415513
0.0,1.5,0.697916666666667,0.45,0.75,4,0.4384871497779919,1.9740717755957862
0.0,1.5,0.697916666666667,0.45,0.75,5,0.4384871497779919,1.6937603021600292
0.0,1.5,0.697916666666667,0.45,0.75,7,0.4384871497779919,0.29019348087471064
0.0,1.5,0.697916666666667,0.45,0.75,10,0.4384871497779919,1.7204301998046423
0.0,1.5,0.697916666666667,0.45,0.75,13,0.4384871497779919,0.36633008769683356
0.0,1.5,0.697916666666667,0.45,0.9,0,0.4384871497779919,1.6805083002932166
0.0,1.5,0.697916666666667,0.45,0.9,1,0.4384871497779919,1.6930406011089407
0.0,1.5,0.697916666666667,0.45,0.9,2,0.4384871497779919,1.4072439597099127
0.0,1.5,0.697916666666667,0.45,0.9,3,0.4384871497779919,1.0081463926415513
0.0,1.5,0.697916666666667,0.45,0.9,4,0.4384871497779919,1.9740717755957862
0.0,1.5,0.697916666666667,0.45,0.9,5,0.4384871497779919,1.6937603021600292
0.0,1.5,0.697916666666667,0.45,0.9,7,0.4384871497779919,0.29019348087471064
0.0,1.5,0.697916666666667,0.45,0.9,10,0.4384871497779919,1.7204301998046423
0.0,1.5,0.697916666666667,0.45,0.9,13,0.4384871497779919,0.36633008769683356
0.0,1.5,0.697916666666667,0.45,0.95,0,0.4384871497779919,1.6805083002932166
0.0,1.5,0.697916666666667,0.45,0.95,1,0.4384871497779919,1.6930406011089407
0.0,1.5,0.697916666666667,0.45,0.95,2,0.4384871497779919,1.4072439597099127
0.0,1.5,0.697916666666667,0.45,0.95,3,0.4384871497779919,1.0081463926415513
0.0,1.5,0.697916666666667,0.45,0.95,4,0.4384871497779919,1.9740717755957862
0.0,1.5,0.697916666666667,0.45,0.95,5,0.4384871497779919,1.6937603021600292
0.0,1.5,0.697916666666667,0.45,0.95,7,0.4384871497779919,0.29019348087471064
0.0,1.5,0.697916666666667,0.45,0.95,10,0.4384871497779919,1.7204301998046423
0.0,1.5,0.697916666666667,0.45,0.95,13,0.4384871497779919,0.36633008769683356
0.0,1.5,0.697916666666667,0.45,0.99,0,0.4384871497779919,1.6805083002932166
0.0,1.5,0.697916666666667,0.45,0.99,1,0.4384871497779919,1.6930406011089407
0.0,1.5,0.697916666666667,0.45,0.99,2,0.4384871497779919,1.4072439597099127
0.0,1.5,0.697916666666667,0.45,0.99,3,0.4384871497779919,1.0081463926415513
0.0,1.5,0.697916666666667,0.45,0.99,4,0.4384871497779919,1.9740717755957862
0.0,1.5,0.697916666666667,0.45,0.99,5,0.4384871497779919,1.6937603021600292
0.0,1.5,0.697916666666667,0.45,0.99,7,0.4384871497779919,0.29019348087471064
0.0,1.5,0.697916666666667,0.45,0.99,10,0.4384871497779919,1.7204301998046423
0.0,1.5,0.697916666666667,0.45,0.99,13,0.4384871497779919,0.36633008769683356
0.0,1.5,0.697916666666667,0.45,0.995,0,0.4384871497779919,1.6805083002932166
0.0,1.5,0.697916666666667,0.45,0.995,1,0.4384871497779919,1.6930406011089407
0.0,1.5,0.697916666666667,0.45,0.995,2,0.4384871497779919,1.4072439597099127
0.0,1.5,0.697916666666667,0.45,0.995,3,0.4384871497779919,1.0081463926415513
0.0,1.5,0.697916666666667,0.45,0.995,4,0.4384871497779919,1.9740717755957862
0.0,1.5,0.697916666666667,0.45,0.995,5,0.4384871497779919,1.6937603021600292
0.0,1.5,0.697916666666667,0.45,0.995,7,0.4384871497779919,0.29019348087471064
0.0,1.5,0.697916666666667,0.45,0.995,10,0.4384871497779919,1.7204301998046423
0.0,1.5,0.697916666666667,0.45,0.995,13,0.4384871497779919,0.36633008769683356
0.0,1.5,0.697916666666667,0.45,0.999,0,0.4384871497779919,1.6805083002932166
0.0,1.5,0.697916666666667,0.45,0.999,1,0.4384871497779919,1.6930406011089407
0.0,1.5,0.697916666666667,0.45,0.999,2,0.4384871497779919,1.4072439597099127
0.0,1.5,0.697916666666667,0.45,0.999,3,0.4384871497779919,1.0081463926415513
0.0,1.5,0.697916666666667,0.45,0.999,4,0.4384871497779919,1.9740717755957862
0.0,1.5,0.697916666666667,0.45,0.999,5,0.4384871497779919,1.6937603021600292
0.0,1.5,0.697916666666667,0.45,0.999,7,0.4384871497779919,0.29019348087471064
0.0,1.5,0.697916666666667,0.45,0.999,10,0.4384871497779919,1.7204301998046423
0.0,1.5,0.697916666666667,0.45,0.999,13,0.4384871497779919,0.36633008769683356
0.0,1.5,0.697916666666667,0.5,0.5,0,0.4384871497779919,2.028252265048134
0.0,1.5,0.697916666666667,0.5,0.5,1,0.4384871497779919,1.8356941044195343
0.0,1.5,0.697916666666667,0.5,0.5,2,0.4384871497779919,1.8264553297007078
0.0,1.5,0.697916666666667,0.5,0.5,3,0.4384871497779919,1.1986516228199275
0.0,1.5,0.697916666666667,0.5,0.5,4,0.4384871497779919,1.9126560536532395
0.0,1.5,0.697916666666667,0.5,0.5,5,0.4384871497779919,1.6453579325439482
0.0,1.5,0.697916666666667,0.5,0.5,7,0.4384871497779919,0.6891069201414212
0.0,1.5,0.697916666666667,0.5,0.5,10,0.4384871497779919,1.6075352088284864
0.0,1.5,0.697916666666667,0.5,0.5,13,0.4384871497779919,0.6968631712746777
0.0,1.5,0.697916666666667,0.5,0.75,0,0.4384871497779919,2.028252265048134
0.0,1.5,0.697916666666667,0.5,0.75,1,0.4384871497779919,1.8356941044195343
0.0,1.5,0.697916666666667,0.5,0.75,2,0.4384871497779919,1.8264553297007078
0.0,1.5,0.697916666666667,0.5,0.75,3,0.4384871497779919,1.1986516228199275
0.0,1.5,0.697916666666667,0.5,0.75,4,0.4384871497779919,1.9126560536532395
0.0,1.5,0.697916666666667,0.5,0.75,5,0.4384871497779919,1.6453579325439482
0.0,1.5,0.697916666666667,0.5,0.75,7,0.4384871497779919,0.6891069201414212
0.0,1.5,0.697916666666667,0.5,0.75,10,0.4384871497779919,1.6075352088284864
0.0,1.5,0.697916666666667,0.5,0.75,13,0.4384871497779919,0.6968631712746777
0.0,1.5,0.697916666666667,0.5,0.9,0,0.4384871497779919,2.028252265048134
0.0,1.5,0.697916666666667,0.5,0.9,1,0.4384871497779919,1.8356941044195343
0.0,1.5,0.697916666666667,0.5,0.9,2,0.4384871497779919,1.8264553297007078
0.0,1.5,0.697916666666667,0.5,0.9,3,0.4384871497779919,1.1986516228199275
0.0,1.5,0.697916666666667,0.5,0.9,4,0.4384871497779919,1.9126560536532395
0.0,1.5,0.697916666666667,0.5,0.9,5,0.4384871497779919,1.6453579325439482
0.0,1.5,0.697916666666667,0.5,0.9,7,0.4384871497779919,0.6891069201414212
0.0,1.5,0.697916666666667,0.5,0.9,10,0.4384871497779919,1.6075352088284864
0.0,1.5,0.697916666666667,0.5,0.9,13,0.4384871497779919,0.6968631712746777
0.0,1.5,0.697916666666667,0.5,0.95,0,0.4384871497779919,2.028252265048134
0.0,1.5,0.697916666666667,0.5,0.95,1,0.4384871497779919,1.8356941044195343
0.0,1.5,0.697916666666667,0.5,0.95,2,0.4384871497779919,1.8264553297007078
0.0,1.5,0.697916666666667,0.5,0.95,3,0.4384871497779919,1.1986516228199275
0.0,1.5,0.697916666666667,0.5,0.95,4,0.4384871497779919,1.9126560536532395
0.0,1.5,0.697916666666667,0.5,0.95,5,0.4384871497779919,1.6453579325439482
0.0,1.5,0.697916666666667,0.5,0.95,7,0.4384871497779919,0.6891069201414212
0.0,1.5,0.697916666666667,0.5,0.95,10,0.4384871497779919,1.6075352088284864
0.0,1.5,0.697916666666667,0.5,0.95,13,0.4384871497779919,0.6968631712746777
0.0,1.5,0.697916666666667,0.5,0.99,0,0.4384871497779919,2.028252265048134
0.0,1.5,0.697916666666667,0.5,0.99,1,0.4384871497779919,1.8356941044195343
0.0,1.5,0.697916666666667,0.5,0.99,2,0.4384871497779919,1.8264553297007078
0.0,1.5,0.697916666666667,0.5,0.99,3,0.4384871497779919,1.1986516228199275
0.0,1.5,0.697916666666667,0.5,0.99,4,0.4384871497779919,1.9126560536532395
0.0,1.5,0.697916666666667,0.5,0.99,5,0.4384871497779919,1.6453579325439482
0.0,1.5,0.697916666666667,0.5,0.99,7,0.4384871497779919,0.6891069201414212
0.0,1.5,0.697916666666667,0.5,0.99,10,0.4384871497779919,1.6075352088284864
0.0,1.5,0.697916666666667,0.5,0.99,13,0.4384871497779919,0.6968631712746777
0.0,1.5,0.697916666666667,0.5,0.995,0,0.4384871497779919,2.028252265048134
0.0,1.5,0.697916666666667,0.5,0.995,1,0.4384871497779919,1.8356941044195343
0.0,1.5,0.697916666666667,0.5,0.995,2,0.4384871497779919,1.8264553297007078
0.0,1.5,0.697916666666667,0.5,0.995,3,0.4384871497779919,1.1986516228199275
0.0,1.5,0.697916666666667,0.5,0.995,4,0.4384871497779919,1.9126560536532395
0.0,1.5,0.697916666666667,0.5,0.995,5,0.4384871497779919,1.6453579325439482
0.0,1.5,0.697916666666667,0.5,0.995,7,0.4384871497779919,0.6891069201414212
0.0,1.5,0.697916666666667,0.5,0.995,10,0.4384871497779919,1.6075352088284864
0.0,1.5,0.697916666666667,0.5,0.995,13,0.4384871497779919,0.6968631712746777
0.0,1.5,0.697916666666667,0.5,0.999,0,0.4384871497779919,2.028252265048134
0.0,1.5,0.697916666666667,0.5,0.999,1,0.4384871497779919,1.8356941044195343
0.0,1.5,0.697916666666667,0.5,0.999,2,0.4384871497779919,1.8264553297007078
0.0,1.5,0.697916666666667,0.5,0.999,3,0.4384871497779919,1.1986516228199275
0.0,1.5,0.697916666666667,0.5,0.999,4,0.4384871497779919,1.9126560536532395
0.0,1.5,0.697916666666667,0.5,0.999,5,0.4384871497779919,1.6453579325439482
0.0,1.5,0.697916666666667,0.5,0.999,7,0.4384871497779919,0.6891069201414212
0.0,1.5,0.697916666666667,0.5,0.999,10,0.4384871497779919,1.6075352088284864
0.0,1.5,0.697916666666667,0.5,0.999,13,0.4384871497779919,0.6968631712746777
0.0,1.5,0.697916666666667,0.55,0.5,0,0.4384871497779919,2.7078482313419125
0.0,1.5,0.697916666666667,0.55,0.5,1,0.4384871497779919,2.870052280404963
0.0,1.5,0.697916666666667,0.55,0.5,2,0.4384871497779919,1.9009389906759866
0.0,1.5,0.697916666666667,0.55,0.5,3,0.4384871497779919,1.5299110271189003
0.0,1.5,0.697916666666667,0.55,0.5,4,0.4384871497779919,2.3228403893232024
0.0,1.5,0.697916666666667,0.55,0.5,5,0.4384871497779919,1.3826453930678495
0.0,1.5,0.697916666666667,0.55,0.5,7,0.4384871497779919,0.7077192013985765
0.0,1.5,0.697916666666667,0.55,0.5,10,0.4384871497779919,1.6128896817769578
0.0,1.5,0.697916666666667,0.55,0.5,13,0.4384871497779919,1.0646912086394387
0.0,1.5,0.697916666666667,0.55,0.75,0,0.4384871497779919,2.7078482313419125
0.0,1.5,0.697916666666667,0.55,0.75,1,0.4384871497779919,2.870052280404963
0.0,1.5,0.697916666666667,0.55,0.75,2,0.4384871497779919,1.9009389906759866
0.0,1.5,0.697916666666667,0.55,0.75,3,0.4384871497779919,1.5299110271189003
0.0,1.5,0.697916666666667,0.55,0.75,4,0.4384871497779919,2.3228403893232024
0.0,1.5,0.697916666666667,0.55,0.75,5,0.4384871497779919,1.3826453930678495
0.0,1.5,0.697916666666667,0.55,0.75,7,0.4384871497779919,0.7077192013985765
0.0,1.5,0.697916666666667,0.55,0.75,10,0.4384871497779919,1.6128896817769578
0.0,1.5,0.697916666666667,0.55,0.75,13,0.4384871497779919,1.0646912086394387
0.0,1.5,0.697916666666667,0.55,0.9,0,0.4384871497779919,2.7078482313419125
0.0,1.5,0.697916666666667,0.55,0.9,1,0.4384871497779919,2.870052280404963
0.0,1.5,0.697916666666667,0.55,0.9,2,0.4384871497779919,1.9009389906759866
0.0,1.5,0.697916666666667,0.55,0.9,3,0.4384871497779919,1.5299110271189003
0.0,1.5,0.697916666666667,0.55,0.9,4,0.4384871497779919,2.3228403893232024
0.0,1.5,0.697916666666667,0.55,0.9,5,0.4384871497779919,1.3826453930678495
0.0,1.5,0.697916666666667,0.55,0.9,7,0.4384871497779919,0.7077192013985765
0.0,1.5,0.697916666666667,0.55,0.9,10,0.4384871497779919,1.6128896817769578
0.0,1.5,0.697916666666667,0.55,0.9,13,0.4384871497779919,1.0646912086394387
0.0,1.5,0.697916666666667,0.55,0.95,0,0.4384871497779919,2.7078482313419125
0.0,1.5,0.697916666666667,0.55,0.95,1,0.4384871497779919,2.870052280404963
0.0,1.5,0.697916666666667,0.55,0.95,2,0.4384871497779919,1.9009389906759866
0.0,1.5,0.697916666666667,0.55,0.95,3,0.4384871497779919,1.5299110271189003
0.0,1.5,0.697916666666667,0.55,0.95,4,0.4384871497779919,2.3228403893232024
0.0,1.5,0.697916666666667,0.55,0.95,5,0.4384871497779919,1.3826453930678495
0.0,1.5,0.697916666666667,0.55,0.95,7,0.4384871497779919,0.7077192013985765
0.0,1.5,0.697916666666667,0.55,0.95,10,0.4384871497779919,1.6128896817769578
0.0,1.5,0.697916666666667,0.55,0.95,13,0.4384871497779919,1.0646912086394387
0.0,1.5,0.697916666666667,0.55,0.99,0,0.4384871497779919,2.7078482313419125
0.0,1.5,0.697916666666667,0.55,0.99,1,0.4384871497779919,2.870052280404963
0.0,1.5,0.697916666666667,0.55,0.99,2,0.4384871497779919,1.9009389906759866
0.0,1.5,0.697916666666667,0.55,0.99,3,0.4384871497779919,1.5299110271189003
0.0,1.5,0.697916666666667,0.55,0.99,4,0.4384871497779919,2.3228403893232024
0.0,1.5,0.697916666666667,0.55,0.99,5,0.4384871497779919,1.3826453930678495
0.0,1.5,0.697916666666667,0.55,0.99,7,0.4384871497779919,0.7077192013985765
0.0,1.5,0.697916666666667,0.55,0.99,10,0.4384871497779919,1.6128896817769578
0.0,1.5,0.697916666666667,0.55,0.99,13,0.4384871497779919,1.0646912086394387
0.0,1.5,0.697916666666667,0.55,0.995,0,0.4384871497779919,2.7078482313419125
0.0,1.5,0.697916666666667,0.55,0.995,1,0.4384871497779919,2.870052280404963
0.0,1.5,0.697916666666667,0.55,0.995,2,0.4384871497779919,1.9009389906759866
0.0,1.5,0.697916666666667,0.55,0.995,3,0.4384871497779919,1.5299110271189003
0.0,1.5,0.697916666666667,0.55,0.995,4,0.4384871497779919,2.3228403893232024
0.0,1.5,0.697916666666667,0.55,0.995,5,0.4384871497779919,1.3826453930678495
0.0,1.5,0.697916666666667,0.55,0.995,7,0.4384871497779919,0.7077192013985765
0.0,1.5,0.697916666666667,0.55,0.995,10,0.4384871497779919,1.6128896817769578
0.0,1.5,0.697916666666667,0.55,0.995,13,0.4384871497779919,1.0646912086394387
0.0,1.5,0.697916666666667,0.55,0.999,0,0.4384871497779919,2.7078482313419125
0.0,1.5,0.697916666666667,0.55,0.999,1,0.4384871497779919,2.870052280404963
0.0,1.5,0.697916666666667,0.55,0.999,2,0.4384871497779919,1.9009389906759866
0.0,1.5,0.697916666666667,0.55,0.999,3,0.4384871497779919,1.5299110271189003
0.0,1.5,0.697916666666667,0.55,0.999,4,0.4384871497779919,2.3228403893232024
0.0,1.5,0.697916666666667,0.55,0.999,5,0.4384871497779919,1.3826453930678495
0.0,1.5,0.697916666666667,0.55,0.999,7,0.4384871497779919,0.7077192013985765
0.0,1.5,0.697916666666667,0.55,0.999,10,0.4384871497779919,1.6128896817769578
0.0,1.5,0.697916666666667,0.55,0.999,13,0.4384871497779919,1.0646912086394387
0.0,1.5,0.697916666666667,0.6,0.5,0,0.4384871497779919,2.7724869970936066
0.0,1.5,0.697916666666667,0.6,0.5,1,0.4384871497779919,2.837179786542789
0.0,1.5,0.697916666666667,0.6,0.5,2,0.4384871497779919,2.3779586891397777
0.0,1.5,0.697916666666667,0.6,0.5,3,0.4384871497779919,1.9912521079269272
0.0,1.5,0.697916666666667,0.6,0.5,4,0.4384871497779919,2.245624372982554
0.0,1.5,0.697916666666667,0.6,0.5,5,0.4384871497779919,1.1970861123671903
0.0,1.5,0.697916666666667,0.6,0.5,7,0.4384871497779919,1.2051351900401213
0.0,1.5,0.697916666666667,0.6,0.5,10,0.4384871497779919,2.089854212265068
0.0,1.5,0.697916666666667,0.6,0.5,13,0.4384871497779919,2.0870319040646006
0.0,1.5,0.697916666666667,0.6,0.75,0,0.4384871497779919,2.7724869970936066
0.0,1.5,0.697916666666667,0.6,0.75,1,0.4384871497779919,2.837179786542789
0.0,1.5,0.697916666666667,0.6,0.75,2,0.4384871497779919,2.3779586891397777
0.0,1.5,0.697916666666667,0.6,0.75,3,0.4384871497779919,1.9912521079269272
0.0,1.5,0.697916666666667,0.6,0.75,4,0.4384871497779919,2.245624372982554
0.0,1.5,0.697916666666667,0.6,0.75,5,0.4384871497779919,1.1970861123671903
0.0,1.5,0.697916666666667,0.6,0.75,7,0.4384871497779919,1.2051351900401213
0.0,1.5,0.697916666666667,0.6,0.75,10,0.4384871497779919,2.089854212265068
0.0,1.5,0.697916666666667,0.6,0.75,13,0.4384871497779919,2.0870319040646006
0.0,1.5,0.697916666666667,0.6,0.9,0,0.4384871497779919,2.7724869970936066
0.0,1.5,0.697916666666667,0.6,0.9,1,0.4384871497779919,2.837179786542789
0.0,1.5,0.697916666666667,0.6,0.9,2,0.4384871497779919,2.3779586891397777
0.0,1.5,0.697916666666667,0.6,0.9,3,0.4384871497779919,1.9912521079269272
0.0,1.5,0.697916666666667,0.6,0.9,4,0.4384871497779919,2.245624372982554
0.0,1.5,0.697916666666667,0.6,0.9,5,0.4384871497779919,1.1970861123671903
0.0,1.5,0.697916666666667,0.6,0.9,7,0.4384871497779919,1.2051351900401213
0.0,1.5,0.697916666666667,0.6,0.9,10,0.4384871497779919,2.089854212265068
0.0,1.5,0.697916666666667,0.6,0.9,13,0.4384871497779919,2.0870319040646006
0.0,1.5,0.697916666666667,0.6,0.95,0,0.4384871497779919,2.7724869970936066
0.0,1.5,0.697916666666667,0.6,0.95,1,0.4384871497779919,2.837179786542789
0.0,1.5,0.697916666666667,0.6,0.95,2,0.4384871497779919,2.3779586891397777
0.0,1.5,0.697916666666667,0.6,0.95,3,0.4384871497779919,1.9912521079269272
0.0,1.5,0.697916666666667,0.6,0.95,4,0.4384871497779919,2.245624372982554
0.0,1.5,0.697916666666667,0.6,0.95,5,0.4384871497779919,1.1970861123671903
0.0,1.5,0.697916666666667,0.6,0.95,7,0.4384871497779919,1.2051351900401213
0.0,1.5,0.697916666666667,0.6,0.95,10,0.4384871497779919,2.089854212265068
0.0,1.5,0.697916666666667,0.6,0.95,13,0.4384871497779919,2.0870319040646006
0.0,1.5,0.697916666666667,0.6,0.99,0,0.4384871497779919,2.7724869970936066
0.0,1.5,0.697916666666667,0.6,0.99,1,0.4384871497779919,2.837179786542789
0.0,1.5,0.697916666666667,0.6,0.99,2,0.4384871497779919,2.3779586891397777
0.0,1.5,0.697916666666667,0.6,0.99,3,0.4384871497779919,1.9912521079269272
0.0,1.5,0.697916666666667,0.6,0.99,4,0.4384871497779919,2.245624372982554
0.0,1.5,0.697916666666667,0.6,0.99,5,0.4384871497779919,1.1970861123671903
0.0,1.5,0.697916666666667,0.6,0.99,7,0.4384871497779919,1.2051351900401213
0.0,1.5,0.697916666666667,0.6,0.99,10,0.4384871497779919,2.089854212265068
0.0,1.5,0.697916666666667,0.6,0.99,13,0.4384871497779919,2.0870319040646006
0.0,1.5,0.697916666666667,0.6,0.995,0,0.4384871497779919,2.7724869970936066
0.0,1.5,0.697916666666667,0.6,0.995,1,0.4384871497779919,2.837179786542789
0.0,1.5,0.697916666666667,0.6,0.995,2,0.4384871497779919,2.3779586891397777
0.0,1.5,0.697916666666667,0.6,0.995,3,0.4384871497779919,1.9912521079269272
0.0,1.5,0.697916666666667,0.6,0.995,4,0.4384871497779919,2.245624372982554
0.0,1.5,0.697916666666667,0.6,0.995,5,0.4384871497779919,1.1970861123671903
0.0,1.5,0.697916666666667,0.6,0.995,7,0.4384871497779919,1.2051351900401213
0.0,1.5,0.697916666666667,0.6,0.995,10,0.4384871497779919,2.089854212265068
0.0,1.5,0.697916666666667,0.6,0.995,13,0.4384871497779919,2.0870319040646006
0.0,1.5,0.697916666666667,0.6,0.999,0,0.4384871497779919,2.7724869970936066
0.0,1.5,0.697916666666667,0.6,0.999,1,0.4384871497779919,2.837179786542789
0.0,1.5,0.697916666666667,0.6,0.999,2,0.4384871497779919,2.3779586891397777
0.0,1.5,0.697916666666667,0.6,0.999,3,0.4384871497779919,1.9912521079269272
0.0,1.5,0.697916666666667,0.6,0.999,4,0.4384871497779919,2.245624372982554
0.0,1.5,0.697916666666667,0.6,0.999,5,0.4384871497779919,1.1970861123671903
0.0,1.5,0.697916666666667,0.6,0.999,7,0.4384871497779919,1.2051351900401213
0.0,1.5,0.697916666666667,0.6,0.999,10,0.4384871497779919,2.089854212265068
0.0,1.5,0.697916666666667,0.6,0.999,13,0.4384871497779919,2.0870319040646006
0.0,1.5,0.697916666666667,0.65,0.5,0,0.4384871497779919,3.2794758580811854
0.0,1.5,0.697916666666667,0.65,0.5,1,0.4384871497779919,3.3745311358189
0.0,1.5,0.697916666666667,0.65,0.5,2,0.4384871497779919,2.6683884030839353
0.0,1.5,0.697916666666667,0.65,0.5,3,0.4384871497779919,3.154029274584061
0.0,1.5,0.697916666666667,0.65,0.5,4,0.4384871497779919,2.255734959079441
0.0,1.5,0.697916666666667,0.65,0.5,5,0.4384871497779919,2.012810576795138
0.0,1.5,0.697916666666667,0.65,0.5,7,0.4384871497779919,0.7773326253849203
0.0,1.5,0.697916666666667,0.65,0.5,10,0.4384871497779919,1.8359780579939993
0.0,1.5,0.697916666666667,0.65,0.5,13,0.4384871497779919,2.444872570542466
0.0,1.5,0.697916666666667,0.65,0.75,0,0.4384871497779919,3.2794758580811854
0.0,1.5,0.697916666666667,0.65,0.75,1,0.4384871497779919,3.3745311358189
0.0,1.5,0.697916666666667,0.65,0.75,2,0.4384871497779919,2.6683884030839353
0.0,1.5,0.697916666666667,0.65,0.75,3,0.4384871497779919,3.154029274584061
0.0,1.5,0.697916666666667,0.65,0.75,4,0.4384871497779919,2.255734959079441
0.0,1.5,0.697916666666667,0.65,0.75,5,0.4384871497779919,2.012810576795138
0.0,1.5,0.697916666666667,0.65,0.75,7,0.4384871497779919,0.7773326253849203
0.0,1.5,0.697916666666667,0.65,0.75,10,0.4384871497779919,1.8359780579939993
0.0,1.5,0.697916666666667,0.65,0.75,13,0.4384871497779919,2.444872570542466
0.0,1.5,0.697916666666667,0.65,0.9,0,0.4384871497779919,3.2794758580811854
0.0,1.5,0.697916666666667,0.65,0.9,1,0.4384871497779919,3.3745311358189
0.0,1.5,0.697916666666667,0.65,0.9,2,0.4384871497779919,2.6683884030839353
0.0,1.5,0.697916666666667,0.65,0.9,3,0.4384871497779919,3.154029274584061
0.0,1.5,0.697916666666667,0.65,0.9,4,0.4384871497779919,2.255734959079441
0.0,1.5,0.697916666666667,0.65,0.9,5,0.4384871497779919,2.012810576795138
0.0,1.5,0.697916666666667,0.65,0.9,7,0.4384871497779919,0.7773326253849203
0.0,1.5,0.697916666666667,0.65,0.9,10,0.4384871497779919,1.8359780579939993
0.0,1.5,0.697916666666667,0.65,0.9,13,0.4384871497779919,2.444872570542466
0.0,1.5,0.697916666666667,0.65,0.95,0,0.4384871497779919,3.2794758580811854
0.0,1.5,0.697916666666667,0.65,0.95,1,0.4384871497779919,3.3745311358189
0.0,1.5,0.697916666666667,0.65,0.95,2,0.4384871497779919,2.6683884030839353
0.0,1.5,0.697916666666667,0.65,0.95,3,0.4384871497779919,3.154029274584061
0.0,1.5,0.697916666666667,0.65,0.95,4,0.4384871497779919,2.255734959079441
0.0,1.5,0.697916666666667,0.65,0.95,5,0.4384871497779919,2.012810576795138
0.0,1.5,0.697916666666667,0.65,0.95,7,0.4384871497779919,0.7773326253849203
0.0,1.5,0.697916666666667,0.65,0.95,10,0.4384871497779919,1.8359780579939993
0.0,1.5,0.697916666666667,0.65,0.95,13,0.4384871497779919,2.444872570542466
0.0,1.5,0.697916666666667,0.65,0.99,0,0.4384871497779919,3.2794758580811854
0.0,1.5,0.697916666666667,0.65,0.99,1,0.4384871497779919,3.3745311358189
0.0,1.5,0.697916666666667,0.65,0.99,2,0.4384871497779919,2.6683884030839353
0.0,1.5,0.697916666666667,0.65,0.99,3,0.4384871497779919,3.154029274584061
0.0,1.5,0.697916666666667,0.65,0.99,4,0.4384871497779919,2.255734959079441
0.0,1.5,0.697916666666667,0.65,0.99,5,0.4384871497779919,2.012810576795138
0.0,1.5,0.697916666666667,0.65,0.99,7,0.4384871497779919,0.7773326253849203
0.0,1.5,0.697916666666667,0.65,0.99,10,0.4384871497779919,1.8359780579939993
0.0,1.5,0.697916666666667,0.65,0.99,13,0.4384871497779919,2.444872570542466
0.0,1.5,0.697916666666667,0.65,0.995,0,0.4384871497779919,3.2794758580811854
0.0,1.5,0.697916666666667,0.65,0.995,1,0.4384871497779919,3.3745311358189
0.0,1.5,0.697916666666667,0.65,0.995,2,0.4384871497779919,2.6683884030839353
0.0,1.5,0.697916666666667,0.65,0.995,3,0.4384871497779919,3.154029274584061
0.0,1.5,0.697916666666667,0.65,0.995,4,0.4384871497779919,2.255734959079441
0.0,1.5,0.697916666666667,0.65,0.995,5,0.4384871497779919,2.012810576795138
0.0,1.5,0.697916666666667,0.65,0.995,7,0.4384871497779919,0.7773326253849203
0.0,1.5,0.697916666666667,0.65,0.995,10,0.4384871497779919,1.8359780579939993
0.0,1.5,0.697916666666667,0.65,0.995,13,0.4384871497779919,2.444872570542466
0.0,1.5,0.697916666666667,0.65,0.999,0,0.4384871497779919,3.2794758580811854
0.0,1.5,0.697916666666667,0.65,0.999,1,0.4384871497779919,3.3745311358189
0.0,1.5,0.697916666666667,0.65,0.999,2,0.4384871497779919,2.6683884030839353
0.0,1.5,0.697916666666667,0.65,0.999,3,0.4384871497779919,3.154029274584061
0.0,1.5,0.697916666666667,0.65,0.999,4,0.4384871497779919,2.255734959079441
0.0,1.5,0.697916666666667,0.65,0.999,5,0.4384871497779919,2.012810576795138
0.0,1.5,0.697916666666667,0.65,0.999,7,0.4384871497779919,0.7773326253849203
0.0,1.5,0.697916666666667,0.65,0.999,10,0.4384871497779919,1.8359780579939993
0.0,1.5,0.697916666666667,0.65,0.999,13,0.4384871497779919,2.444872570542466
0.0,1.5,0.697916666666667,0.7,0.5,0,0.4384871497779919,2.9247241601790215
0.0,1.5,0.697916666666667,0.7,0.5,1,0.4384871497779919,3.3132748207123153
0.0,1.5,0.697916666666667,0.7,0.5,2,0.4384871497779919,2.7622638851951846
0.0,1.5,0.697916666666667,0.7,0.5,3,0.4384871497779919,3.28940005987999
0.0,1.5,0.697916666666667,0.7,0.5,4,0.4384871497779919,2.433613474974684
0.0,1.5,0.697916666666667,0.7,0.5,5,0.4384871497779919,2.1189022834443807
0.0,1.5,0.697916666666667,0.7,0.5,7,0.4384871497779919,1.004202644805014
0.0,1.5,0.697916666666667,0.7,0.5,10,0.4384871497779919,1.9669389648041828
0.0,1.5,0.697916666666667,0.7,0.5,13,0.4384871497779919,2.5405330903217007
0.0,1.5,0.697916666666667,0.7,0.75,0,0.4384871497779919,2.9247241601790215
0.0,1.5,0.697916666666667,0.7,0.75,1,0.4384871497779919,3.3132748207123153
0.0,1.5,0.697916666666667,0.7,0.75,2,0.4384871497779919,2.7622638851951846
0.0,1.5,0.697916666666667,0.7,0.75,3,0.4384871497779919,3.28940005987999
0.0,1.5,0.697916666666667,0.7,0.75,4,0.4384871497779919,2.433613474974684
0.0,1.5,0.697916666666667,0.7,0.75,5,0.4384871497779919,2.1189022834443807
0.0,1.5,0.697916666666667,0.7,0.75,7,0.4384871497779919,1.004202644805014
0.0,1.5,0.697916666666667,0.7,0.75,10,0.4384871497779919,1.9669389648041828
0.0,1.5,0.697916666666667,0.7,0.75,13,0.4384871497779919,2.5405330903217007
0.0,1.5,0.697916666666667,0.7,0.9,0,0.4384871497779919,2.9247241601790215
0.0,1.5,0.697916666666667,0.7,0.9,1,0.4384871497779919,3.3132748207123153
0.0,1.5,0.697916666666667,0.7,0.9,2,0.4384871497779919,2.7622638851951846
0.0,1.5,0.697916666666667,0.7,0.9,3,0.4384871497779919,3.28940005987999
0.0,1.5,0.697916666666667,0.7,0.9,4,0.4384871497779919,2.433613474974684
0.0,1.5,0.697916666666667,0.7,0.9,5,0.4384871497779919,2.1189022834443807
0.0,1.5,0.697916666666667,0.7,0.9,7,0.4384871497779919,1.004202644805014
0.0,1.5,0.697916666666667,0.7,0.9,10,0.4384871497779919,1.9669389648041828
0.0,1.5,0.697916666666667,0.7,0.9,13,0.4384871497779919,2.5405330903217007
0.0,1.5,0.697916666666667,0.7,0.95,0,0.4384871497779919,2.9247241601790215
0.0,1.5,0.697916666666667,0.7,0.95,1,0.4384871497779919,3.3132748207123153
0.0,1.5,0.697916666666667,0.7,0.95,2,0.4384871497779919,2.7622638851951846
0.0,1.5,0.697916666666667,0.7,0.95,3,0.4384871497779919,3.28940005987999
0.0,1.5,0.697916666666667,0.7,0.95,4,0.4384871497779919,2.433613474974684
0.0,1.5,0.697916666666667,0.7,0.95,5,0.4384871497779919,2.1189022834443807
0.0,1.5,0.697916666666667,0.7,0.95,7,0.4384871497779919,1.004202644805014
0.0,1.5,0.697916666666667,0.7,0.95,10,0.4384871497779919,1.9669389648041828
0.0,1.5,0.697916666666667,0.7,0.95,13,0.4384871497779919,2.5405330903217007
0.0,1.5,0.697916666666667,0.7,0.99,0,0.4384871497779919,2.9247241601790215
0.0,1.5,0.697916666666667,0.7,0.99,1,0.4384871497779919,3.3132748207123153
0.0,1.5,0.697916666666667,0.7,0.99,2,0.4384871497779919,2.7622638851951846
0.0,1.5,0.697916666666667,0.7,0.99,3,0.4384871497779919,3.28940005987999
0.0,1.5,0.697916666666667,0.7,0.99,4,0.4384871497779919,2.433613474974684
0.0,1.5,0.697916666666667,0.7,0.99,5,0.4384871497779919,2.1189022834443807
0.0,1.5,0.697916666666667,0.7,0.99,7,0.4384871497779919,1.004202644805014
0.0,1.5,0.697916666666667,0.7,0.99,10,0.4384871497779919,1.9669389648041828
0.0,1.5,0.697916666666667,0.7,0.99,13,0.4384871497779919,2.5405330903217007
0.0,1.5,0.697916666666667,0.7,0.995,0,0.4384871497779919,2.9247241601790215
0.0,1.5,0.697916666666667,0.7,0.995,1,0.4384871497779919,3.3132748207123153
0.0,1.5,0.697916666666667,0.7,0.995,2,0.4384871497779919,2.7622638851951846
0.0,1.5,0.697916666666667,0.7,0.995,3,0.4384871497779919,3.28940005987999
0.0,1.5,0.697916666666667,0.7,0.995,4,0.4384871497779919,2.433613474974684
0.0,1.5,0.697916666666667,0.7,0.995,5,0.4384871497779919,2.1189022834443807
0.0,1.5,0.697916666666667,0.7,0.995,7,0.4384871497779919,1.004202644805014
0.0,1.5,0.697916666666667,0.7,0.995,10,0.4384871497779919,1.9669389648041828
0.0,1.5,0.697916666666667,0.7,0.995,13,0.4384871497779919,2.5405330903217007
0.0,1.5,0.697916666666667,0.7,0.999,0,0.4384871497779919,2.9247241601790215
0.0,1.5,0.697916666666667,0.7,0.999,1,0.4384871497779919,3.3132748207123153
0.0,1.5,0.697916666666667,0.7,0.999,2,0.4384871497779919,2.7622638851951846
0.0,1.5,0.697916666666667,0.7,0.999,3,0.4384871497779919,3.28940005987999
0.0,1.5,0.697916666666667,0.7,0.999,4,0.4384871497779919,2.433613474974684
0.0,1.5,0.697916666666667,0.7,0.999,5,0.4384871497779919,2.1189022834443807
0.0,1.5,0.697916666666667,0.7,0.999,7,0.4384871497779919,1.004202644805014
0.0,1.5,0.697916666666667,0.7,0.999,10,0.4384871497779919,1.9669389648041828
0.0,1.5,0.697916666666667,0.7,0.999,13,0.4384871497779919,2.5405330903217007
0.0,1.5,0.697916666666667,0.75,0.5,0,0.4384871497779919,3.2177302509916306
0.0,1.5,0.697916666666667,0.75,0.5,1,0.4384871497779919,3.2858055856544364
0.0,1.5,0.697916666666667,0.75,0.5,2,0.4384871497779919,3.262325911037989
0.0,1.5,0.697916666666667,0.75,0.5,3,0.4384871497779919,3.2165900178266957
0.0,1.5,0.697916666666667,0.75,0.5,4,0.4384871497779919,3.061841757239756
0.0,1.5,0.697916666666667,0.75,0.5,5,0.4384871497779919,2.4294391131035167
0.0,1.5,0.697916666666667,0.75,0.5,7,0.4384871497779919,1.8047423089866172
0.0,1.5,0.697916666666667,0.75,0.5,10,0.4384871497779919,2.2413899862987714
0.0,1.5,0.697916666666667,0.75,0.5,13,0.4384871497779919,2.670906293071516
0.0,1.5,0.697916666666667,0.75,0.75,0,0.4384871497779919,3.2177302509916306
0.0,1.5,0.697916666666667,0.75,0.75,1,0.4384871497779919,3.2858055856544364
0.0,1.5,0.697916666666667,0.75,0.75,2,0.4384871497779919,3.262325911037989
0.0,1.5,0.697916666666667,0.75,0.75,3,0.4384871497779919,3.2165900178266957
0.0,1.5,0.697916666666667,0.75,0.75,4,0.4384871497779919,3.061841757239756
0.0,1.5,0.697916666666667,0.75,0.75,5,0.4384871497779919,2.4294391131035167
0.0,1.5,0.697916666666667,0.75,0.75,7,0.4384871497779919,1.8047423089866172
0.0,1.5,0.697916666666667,0.75,0.75,10,0.4384871497779919,2.2413899862987714
0.0,1.5,0.697916666666667,0.75,0.75,13,0.4384871497779919,2.670906293071516
0.0,1.5,0.697916666666667,0.75,0.9,0,0.4384871497779919,3.2177302509916306
0.0,1.5,0.697916666666667,0.75,0.9,1,0.4384871497779919,3.2858055856544364
0.0,1.5,0.697916666666667,0.75,0.9,2,0.4384871497779919,3.262325911037989
0.0,1.5,0.697916666666667,0.75,0.9,3,0.4384871497779919,3.2165900178266957
0.0,1.5,0.697916666666667,0.75,0.9,4,0.4384871497779919,3.061841757239756
0.0,1.5,0.697916666666667,0.75,0.9,5,0.4384871497779919,2.4294391131035167
0.0,1.5,0.697916666666667,0.75,0.9,7,0.4384871497779919,1.8047423089866172
0.0,1.5,0.697916666666667,0.75,0.9,10,0.4384871497779919,2.2413899862987714
0.0,1.5,0.697916666666667,0.75,0.9,13,0.4384871497779919,2.670906293071516
0.0,1.5,0.697916666666667,0.75,0.95,0,0.4384871497779919,3.2177302509916306
0.0,1.5,0.697916666666667,0.75,0.95,1,0.4384871497779919,3.2858055856544364
0.0,1.5,0.697916666666667,0.75,0.95,2,0.4384871497779919,3.262325911037989
0.0,1.5,0.697916666666667,0.75,0.95,3,0.4384871497779919,3.2165900178266957
0.0,1.5,0.697916666666667,0.75,0.95,4,0.4384871497779919,3.061841757239756
0.0,1.5,0.697916666666667,0.75,0.95,5,0.4384871497779919,2.4294391131035167
0.0,1.5,0.697916666666667,0.75,0.95,7,0.4384871497779919,1.8047423089866172
0.0,1.5,0.697916666666667,0.75,0.95,10,0.4384871497779919,2.2413899862987714
0.0,1.5,0.697916666666667,0.75,0.95,13,0.4384871497779919,2.670906293071516
0.0,1.5,0.697916666666667,0.75,0.99,0,0.4384871497779919,3.2177302509916306
0.0,1.5,0.697916666666667,0.75,0.99,1,0.4384871497779919,3.2858055856544364
0.0,1.5,0.697916666666667,0.75,0.99,2,0.4384871497779919,3.262325911037989
0.0,1.5,0.697916666666667,0.75,0.99,3,0.4384871497779919,3.2165900178266957
0.0,1.5,0.697916666666667,0.75,0.99,4,0.4384871497779919,3.061841757239756
0.0,1.5,0.697916666666667,0.75,0.99,5,0.4384871497779919,2.4294391131035167
0.0,1.5,0.697916666666667,0.75,0.99,7,0.4384871497779919,1.8047423089866172
0.0,1.5,0.697916666666667,0.75,0.99,10,0.4384871497779919,2.2413899862987714
0.0,1.5,0.697916666666667,0.75,0.99,13,0.4384871497779919,2.670906293071516
0.0,1.5,0.697916666666667,0.75,0.995,0,0.4384871497779919,3.2177302509916306
0.0,1.5,0.697916666666667,0.75,0.995,1,0.4384871497779919,3.2858055856544364
0.0,1.5,0.697916666666667,0.75,0.995,2,0.4384871497779919,3.262325911037989
0.0,1.5,0.697916666666667,0.75,0.995,3,0.4384871497779919,3.2165900178266957
0.0,1.5,0.697916666666667,0.75,0.995,4,0.4384871497779919,3.061841757239756
0.0,1.5,0.697916666666667,0.75,0.995,5,0.4384871497779919,2.4294391131035167
0.0,1.5,0.697916666666667,0.75,0.995,7,0.4384871497779919,1.8047423089866172
0.0,1.5,0.697916666666667,0.75,0.995,10,0.4384871497779919,2.2413899862987714
0.0,1.5,0.697916666666667,0.75,0.995,13,0.4384871497779919,2.670906293071516
0.0,1.5,0.697916666666667,0.75,0.999,0,0.4384871497779919,3.2177302509916306
0.0,1.5,0.697916666666667,0.75,0.999,1,0.4384871497779919,3.2858055856544364
0.0,1.5,0.697916666666667,0.75,0.999,2,0.4384871497779919,3.262325911037989
0.0,1.5,0.697916666666667,0.75,0.999,3,0.4384871497779919,3.2165900178266957
0.0,1.5,0.697916666666667,0.75,0.999,4,0.4384871497779919,3.061841757239756
0.0,1.5,0.697916666666667,0.75,0.999,5,0.4384871497779919,2.4294391131035167
0.0,1.5,0.697916666666667,0.75,0.999,7,0.4384871497779919,1.8047423089866172
0.0,1.5,0.697916666666667,0.75,0.999,10,0.4384871497779919,2.2413899862987714
0.0,1.5,0.697916666666667,0.75,0.999,13,0.4384871497779919,2.670906293071516
0.0,1.5,0.697916666666667,0.8,0.5,0,0.4384871497779919,3.491014807505577
0.0,1.5,0.697916666666667,0.8,0.5,1,0.4384871497779919,3.066206131043928
0.0,1.5,0.697916666666667,0.8,0.5,2,0.4384871497779919,2.895508053980136
0.0,1.5,0.697916666666667,0.8,0.5,3,0.4384871497779919,2.9205658262696716
0.0,1.5,0.697916666666667,0.8,0.5,4,0.4384871497779919,2.654145915833699
0.0,1.5,0.697916666666667,0.8,0.5,5,0.4384871497779919,2.1847019069556297
0.0,1.5,0.697916666666667,0.8,0.5,7,0.4384871497779919,2.1233862264239964
0.0,1.5,0.697916666666667,0.8,0.5,10,0.4384871497779919,2.4013062518234527
0.0,1.5,0.697916666666667,0.8,0.5,13,0.4384871497779919,3.367385358861316
0.0,1.5,0.697916666666667,0.8,0.75,0,0.4384871497779919,3.491014807505577
0.0,1.5,0.697916666666667,0.8,0.75,1,0.4384871497779919,3.066206131043928
0.0,1.5,0.697916666666667,0.8,0.75,2,0.4384871497779919,2.895508053980136
0.0,1.5,0.697916666666667,0.8,0.75,3,0.4384871497779919,2.9205658262696716
0.0,1.5,0.697916666666667,0.8,0.75,4,0.4384871497779919,2.654145915833699
0.0,1.5,0.697916666666667,0.8,0.75,5,0.4384871497779919,2.1847019069556297
0.0,1.5,0.697916666666667,0.8,0.75,7,0.4384871497779919,2.1233862264239964
0.0,1.5,0.697916666666667,0.8,0.75,10,0.4384871497779919,2.4013062518234527
0.0,1.5,0.697916666666667,0.8,0.75,13,0.4384871497779919,3.367385358861316
0.0,1.5,0.697916666666667,0.8,0.9,0,0.4384871497779919,3.491014807505577
0.0,1.5,0.697916666666667,0.8,0.9,1,0.4384871497779919,3.066206131043928
0.0,1.5,0.697916666666667,0.8,0.9,2,0.4384871497779919,2.895508053980136
0.0,1.5,0.697916666666667,0.8,0.9,3,0.4384871497779919,2.9205658262696716
0.0,1.5,0.697916666666667,0.8,0.9,4,0.4384871497779919,2.654145915833699
0.0,1.5,0.697916666666667,0.8,0.9,5,0.4384871497779919,2.1847019069556297
0.0,1.5,0.697916666666667,0.8,0.9,7,0.4384871497779919,2.1233862264239964
0.0,1.5,0.697916666666667,0.8,0.9,10,0.4384871497779919,2.4013062518234527
0.0,1.5,0.697916666666667,0.8,0.9,13,0.4384871497779919,3.367385358861316
0.0,1.5,0.697916666666667,0.8,0.95,0,0.4384871497779919,3.491014807505577
0.0,1.5,0.697916666666667,0.8,0.95,1,0.4384871497779919,3.066206131043928
0.0,1.5,0.697916666666667,0.8,0.95,2,0.4384871497779919,2.895508053980136
0.0,1.5,0.697916666666667,0.8,0.95,3,0.4384871497779919,2.9205658262696716
0.0,1.5,0.697916666666667,0.8,0.95,4,0.4384871497779919,2.654145915833699
0.0,1.5,0.697916666666667,0.8,0.95,5,0.4384871497779919,2.1847019069556297
0.0,1.5,0.697916666666667,0.8,0.95,7,0.4384871497779919,2.1233862264239964
0.0,1.5,0.697916666666667,0.8,0.95,10,0.4384871497779919,2.4013062518234527
0.0,1.5,0.697916666666667,0.8,0.95,13,0.4384871497779919,3.367385358861316
0.0,1.5,0.697916666666667,0.8,0.99,0,0.4384871497779919,3.491014807505577
0.0,1.5,0.697916666666667,0.8,0.99,1,0.4384871497779919,3.066206131043928
0.0,1.5,0.697916666666667,0.8,0.99,2,0.4384871497779919,2.895508053980136
0.0,1.5,0.697916666666667,0.8,0.99,3,0.4384871497779919,2.9205658262696716
0.0,1.5,0.697916666666667,0.8,0.99,4,0.4384871497779919,2.654145915833699
0.0,1.5,0.697916666666667,0.8,0.99,5,0.4384871497779919,2.1847019069556297
0.0,1.5,0.697916666666667,0.8,0.99,7,0.4384871497779919,2.1233862264239964
0.0,1.5,0.697916666666667,0.8,0.99,10,0.4384871497779919,2.4013062518234527
0.0,1.5,0.697916666666667,0.8,0.99,13,0.4384871497779919,3.367385358861316
0.0,1.5,0.697916666666667,0.8,0.995,0,0.4384871497779919,3.491014807505577
0.0,1.5,0.697916666666667,0.8,0.995,1,0.4384871497779919,3.066206131043928
0.0,1.5,0.697916666666667,0.8,0.995,2,0.4384871497779919,2.895508053980136
0.0,1.5,0.697916666666667,0.8,0.995,3,0.4384871497779919,2.9205658262696716
0.0,1.5,0.697916666666667,0.8,0.995,4,0.4384871497779919,2.654145915833699
0.0,1.5,0.697916666666667,0.8,0.995,5,0.4384871497779919,2.1847019069556297
0.0,1.5,0.697916666666667,0.8,0.995,7,0.4384871497779919,2.1233862264239964
0.0,1.5,0.697916666666667,0.8,0.995,10,0.4384871497779919,2.4013062518234527
0.0,1.5,0.697916666666667,0.8,0.995,13,0.4384871497779919,3.367385358861316
0.0,1.5,0.697916666666667,0.8,0.999,0,0.4384871497779919,3.491014807505577
0.0,1.5,0.697916666666667,0.8,0.999,1,0.4384871497779919,3.066206131043928
0.0,1.5,0.697916666666667,0.8,0.999,2,0.4384871497779919,2.895508053980136
0.0,1.5,0.697916666666667,0.8,0.999,3,0.4384871497779919,2.9205658262696716
0.0,1.5,0.697916666666667,0.8,0.999,4,0.4384871497779919,2.654145915833699
0.0,1.5,0.697916666666667,0.8,0.999,5,0.4384871497779919,2.1847019069556297
0.0,1.5,0.697916666666667,0.8,0.999,7,0.4384871497779919,2.1233862264239964
0.0,1.5,0.697916666666667,0.8,0.999,10,0.4384871497779919,2.4013062518234527
0.0,1.5,0.697916666666667,0.8,0.999,13,0.4384871497779919,3.367385358861316
0.0,1.5,0.697916666666667,0.85,0.5,0,0.4384871497779919,3.404157053904892
0.0,1.5,0.697916666666667,0.85,0.5,1,0.4384871497779919,2.946573580315031
0.0,1.5,0.697916666666667,0.85,0.5,2,0.4384871497779919,3.222962499924565
0.0,1.5,0.697916666666667,0.85,0.5,3,0.4384871497779919,3.0875168877918617
0.0,1.5,0.697916666666667,0.85,0.5,4,0.4384871497779919,2.716889285293938
0.0,1.5,0.697916666666667,0.85,0.5,5,0.4384871497779919,2.2372936441036027
0.0,1.5,0.697916666666667,0.85,0.5,7,0.4384871497779919,2.3098703588429803
0.0,1.5,0.697916666666667,0.85,0.5,10,0.4384871497779919,2.5918363265490343
0.0,1.5,0.697916666666667,0.85,0.5,13,0.4384871497779919,2.978055466521305
0.0,1.5,0.697916666666667,0.85,0.75,0,0.4384871497779919,3.404157053904892
0.0,1.5,0.697916666666667,0.85,0.75,1,0.4384871497779919,2.946573580315031
0.0,1.5,0.697916666666667,0.85,0.75,2,0.4384871497779919,3.222962499924565
0.0,1.5,0.697916666666667,0.85,0.75,3,0.4384871497779919,3.0875168877918617
0.0,1.5,0.697916666666667,0.85,0.75,4,0.4384871497779919,2.716889285293938
0.0,1.5,0.697916666666667,0.85,0.75,5,0.4384871497779919,2.2372936441036027
0.0,1.5,0.697916666666667,0.85,0.75,7,0.4384871497779919,2.3098703588429803
0.0,1.5,0.697916666666667,0.85,0.75,10,0.4384871497779919,2.5918363265490343
0.0,1.5,0.697916666666667,0.85,0.75,13,0.4384871497779919,2.978055466521305
0.0,1.5,0.697916666666667,0.85,0.9,0,0.4384871497779919,3.404157053904892
0.0,1.5,0.697916666666667,0.85,0.9,1,0.4384871497779919,2.946573580315031
0.0,1.5,0.697916666666667,0.85,0.9,2,0.4384871497779919,3.222962499924565
0.0,1.5,0.697916666666667,0.85,0.9,3,0.4384871497779919,3.0875168877918617
0.0,1.5,0.697916666666667,0.85,0.9,4,0.4384871497779919,2.716889285293938
0.0,1.5,0.697916666666667,0.85,0.9,5,0.4384871497779919,2.2372936441036027
0.0,1.5,0.697916666666667,0.85,0.9,7,0.4384871497779919,2.3098703588429803
0.0,1.5,0.697916666666667,0.85,0.9,10,0.4384871497779919,2.5918363265490343
0.0,1.5,0.697916666666667,0.85,0.9,13,0.4384871497779919,2.978055466521305
0.0,1.5,0.697916666666667,0.85,0.95,0,0.4384871497779919,3.404157053904892
0.0,1.5,0.697916666666667,0.85,0.95,1,0.4384871497779919,2.946573580315031
0.0,1.5,0.697916666666667,0.85,0.95,2,0.4384871497779919,3.222962499924565
0.0,1.5,0.697916666666667,0.85,0.95,3,0.4384871497779919,3.0875168877918617
0.0,1.5,0.697916666666667,0.85,0.95,4,0.4384871497779919,2.716889285293938
0.0,1.5,0.697916666666667,0.85,0.95,5,0.4384871497779919,2.2372936441036027
0.0,1.5,0.697916666666667,0.85,0.95,7,0.4384871497779919,2.3098703588429803
0.0,1.5,0.697916666666667,0.85,0.95,10,0.4384871497779919,2.5918363265490343
0.0,1.5,0.697916666666667,0.85,0.95,13,0.4384871497779919,2.978055466521305
0.0,1.5,0.697916666666667,0.85,0.99,0,0.4384871497779919,3.404157053904892
0.0,1.5,0.697916666666667,0.85,0.99,1,0.4384871497779919,2.946573580315031
0.0,1.5,0.697916666666667,0.85,0.99,2,0.4384871497779919,3.222962499924565
0.0,1.5,0.697916666666667,0.85,0.99,3,0.4384871497779919,3.0875168877918617
0.0,1.5,0.697916666666667,0.85,0.99,4,0.4384871497779919,2.716889285293938
0.0,1.5,0.697916666666667,0.85,0.99,5,0.4384871497779919,2.2372936441036027
0.0,1.5,0.697916666666667,0.85,0.99,7,0.4384871497779919,2.3098703588429803
0.0,1.5,0.697916666666667,0.85,0.99,10,0.4384871497779919,2.5918363265490343
0.0,1.5,0.697916666666667,0.85,0.99,13,0.4384871497779919,2.978055466521305
0.0,1.5,0.697916666666667,0.85,0.995,0,0.4384871497779919,3.404157053904892
0.0,1.5,0.697916666666667,0.85,0.995,1,0.4384871497779919,2.946573580315031
0.0,1.5,0.697916666666667,0.85,0.995,2,0.4384871497779919,3.222962499924565
0.0,1.5,0.697916666666667,0.85,0.995,3,0.4384871497779919,3.0875168877918617
0.0,1.5,0.697916666666667,0.85,0.995,4,0.4384871497779919,2.716889285293938
0.0,1.5,0.697916666666667,0.85,0.995,5,0.4384871497779919,2.2372936441036027
0.0,1.5,0.697916666666667,0.85,0.995,7,0.4384871497779919,2.3098703588429803
0.0,1.5,0.697916666666667,0.85,0.995,10,0.4384871497779919,2.5918363265490343
0.0,1.5,0.697916666666667,0.85,0.995,13,0.4384871497779919,2.978055466521305
0.0,1.5,0.697916666666667,0.85,0.999,0,0.4384871497779919,3.404157053904892
0.0,1.5,0.697916666666667,0.85,0.999,1,0.4384871497779919,2.946573580315031
0.0,1.5,0.697916666666667,0.85,0.999,2,0.4384871497779919,3.222962499924565
0.0,1.5,0.697916666666667,0.85,0.999,3,0.4384871497779919,3.0875168877918617
0.0,1.5,0.697916666666667,0.85,0.999,4,0.4384871497779919,2.716889285293938
0.0,1.5,0.697916666666667,0.85,0.999,5,0.4384871497779919,2.2372936441036027
0.0,1.5,0.697916666666667,0.85,0.999,7,0.4384871497779919,2.3098703588429803
0.0,1.5,0.697916666666667,0.85,0.999,10,0.4384871497779919,2.5918363265490343
0.0,1.5,0.697916666666667,0.85,0.999,13,0.4384871497779919,2.978055466521305
0.0,1.5,0.697916666666667,0.9,0.5,0,0.4384871497779919,3.1136145367743815
0.0,1.5,0.697916666666667,0.9,0.5,1,0.4384871497779919,2.8799165376045877
0.0,1.5,0.697916666666667,0.9,0.5,2,0.4384871497779919,2.8108378491144634
0.0,1.5,0.697916666666667,0.9,0.5,3,0.4384871497779919,2.69325102349649
0.0,1.5,0.697916666666667,0.9,0.5,4,0.4384871497779919,2.667349805078237
0.0,1.5,0.697916666666667,0.9,0.5,5,0.4384871497779919,2.2714845251899947
0.0,1.5,0.697916666666667,0.9,0.5,7,0.4384871497779919,2.087174775765421
0.0,1.5,0.697916666666667,0.9,0.5,10,0.4384871497779919,2.245286546306595
0.0,1.5,0.697916666666667,0.9,0.5,13,0.4384871497779919,2.578932028205053
0.0,1.5,0.697916666666667,0.9,0.75,0,0.4384871497779919,3.1136145367743815
0.0,1.5,0.697916666666667,0.9,0.75,1,0.4384871497779919,2.8799165376045877
0.0,1.5,0.697916666666667,0.9,0.75,2,0.4384871497779919,2.8108378491144634
0.0,1.5,0.697916666666667,0.9,0.75,3,0.4384871497779919,2.69325102349649
0.0,1.5,0.697916666666667,0.9,0.75,4,0.4384871497779919,2.667349805078237
0.0,1.5,0.697916666666667,0.9,0.75,5,0.4384871497779919,2.2714845251899947
0.0,1.5,0.697916666666667,0.9,0.75,7,0.4384871497779919,2.087174775765421
0.0,1.5,0.697916666666667,0.9,0.75,10,0.4384871497779919,2.245286546306595
0.0,1.5,0.697916666666667,0.9,0.75,13,0.4384871497779919,2.578932028205053
0.0,1.5,0.697916666666667,0.9,0.9,0,0.4384871497779919,3.1136145367743815
0.0,1.5,0.697916666666667,0.9,0.9,1,0.4384871497779919,2.8799165376045877
0.0,1.5,0.697916666666667,0.9,0.9,2,0.4384871497779919,2.8108378491144634
0.0,1.5,0.697916666666667,0.9,0.9,3,0.4384871497779919,2.69325102349649
0.0,1.5,0.697916666666667,0.9,0.9,4,0.4384871497779919,2.667349805078237
0.0,1.5,0.697916666666667,0.9,0.9,5,0.4384871497779919,2.2714845251899947
0.0,1.5,0.697916666666667,0.9,0.9,7,0.4384871497779919,2.087174775765421
0.0,1.5,0.697916666666667,0.9,0.9,10,0.4384871497779919,2.245286546306595
0.0,1.5,0.697916666666667,0.9,0.9,13,0.4384871497779919,2.578932028205053
0.0,1.5,0.697916666666667,0.9,0.95,0,0.4384871497779919,3.1136145367743815
0.0,1.5,0.697916666666667,0.9,0.95,1,0.4384871497779919,2.8799165376045877
0.0,1.5,0.697916666666667,0.9,0.95,2,0.4384871497779919,2.8108378491144634
0.0,1.5,0.697916666666667,0.9,0.95,3,0.4384871497779919,2.69325102349649
0.0,1.5,0.697916666666667,0.9,0.95,4,0.4384871497779919,2.667349805078237
0.0,1.5,0.697916666666667,0.9,0.95,5,0.4384871497779919,2.2714845251899947
0.0,1.5,0.697916666666667,0.9,0.95,7,0.4384871497779919,2.087174775765421
0.0,1.5,0.697916666666667,0.9,0.95,10,0.4384871497779919,2.245286546306595
0.0,1.5,0.697916666666667,0.9,0.95,13,0.4384871497779919,2.578932028205053
0.0,1.5,0.697916666666667,0.9,0.99,0,0.4384871497779919,3.1136145367743815
0.0,1.5,0.697916666666667,0.9,0.99,1,0.4384871497779919,2.8799165376045877
0.0,1.5,0.697916666666667,0.9,0.99,2,0.4384871497779919,2.8108378491144634
0.0,1.5,0.697916666666667,0.9,0.99,3,0.4384871497779919,2.69325102349649
0.0,1.5,0.697916666666667,0.9,0.99,4,0.4384871497779919,2.667349805078237
0.0,1.5,0.697916666666667,0.9,0.99,5,0.4384871497779919,2.2714845251899947
0.0,1.5,0.697916666666667,0.9,0.99,7,0.4384871497779919,2.087174775765421
0.0,1.5,0.697916666666667,0.9,0.99,10,0.4384871497779919,2.245286546306595
0.0,1.5,0.697916666666667,0.9,0.99,13,0.4384871497779919,2.578932028205053
0.0,1.5,0.697916666666667,0.9,0.995,0,0.4384871497779919,3.1136145367743815
0.0,1.5,0.697916666666667,0.9,0.995,1,0.4384871497779919,2.8799165376045877
0.0,1.5,0.697916666666667,0.9,0.995,2,0.4384871497779919,2.8108378491144634
0.0,1.5,0.697916666666667,0.9,0.995,3,0.4384871497779919,2.69325102349649
0.0,1.5,0.697916666666667,0.9,0.995,4,0.4384871497779919,2.667349805078237
0.0,1.5,0.697916666666667,0.9,0.995,5,0.4384871497779919,2.2714845251899947
0.0,1.5,0.697916666666667,0.9,0.995,7,0.4384871497779919,2.087174775765421
0.0,1.5,0.697916666666667,0.9,0.995,10,0.4384871497779919,2.245286546306595
0.0,1.5,0.697916666666667,0.9,0.995,13,0.4384871497779919,2.578932028205053
0.0,1.5,0.697916666666667,0.9,0.999,0,0.4384871497779919,3.1136145367743815
0.0,1.5,0.697916666666667,0.9,0.999,1,0.4384871497779919,2.8799165376045877
0.0,1.5,0.697916666666667,0.9,0.999,2,0.4384871497779919,2.8108378491144634
0.0,1.5,0.697916666666667,0.9,0.999,3,0.4384871497779919,2.69325102349649
0.0,1.5,0.697916666666667,0.9,0.999,4,0.4384871497779919,2.667349805078237
0.0,1.5,0.697916666666667,0.9,0.999,5,0.4384871497779919,2.2714845251899947
0.0,1.5,0.697916666666667,0.9,0.999,7,0.4384871497779919,2.087174775765421
0.0,1.5,0.697916666666667,0.9,0.999,10,0.4384871497779919,2.245286546306595
0.0,1.5,0.697916666666667,0.9,0.999,13,0.4384871497779919,2.578932028205053
0.0,1.5,0.697916666666667,0.95,0.5,0,0.4384871497779919,3.619321427793527
0.0,1.5,0.697916666666667,0.95,0.5,1,0.4384871497779919,3.392451588133928
0.0,1.5,0.697916666666667,0.95,0.5,2,0.4384871497779919,3.502818780004297
0.0,1.5,0.697916666666667,0.95,0.5,3,0.4384871497779919,3.2312972081342926
0.0,1.5,0.697916666666667,0.95,0.5,4,0.4384871497779919,2.924477799391176
0.0,1.5,0.697916666666667,0.95,0.5,5,0.4384871497779919,2.8141676092036705
0.0,1.5,0.697916666666667,0.95,0.5,7,0.4384871497779919,2.30662793859743
0.0,1.5,0.697916666666667,0.95,0.5,10,0.4384871497779919,2.4748446411797835
0.0,1.5,0.697916666666667,0.95,0.5,13,0.4384871497779919,2.430311541450263
0.0,1.5,0.697916666666667,0.95,0.75,0,0.4384871497779919,3.619321427793527
0.0,1.5,0.697916666666667,0.95,0.75,1,0.4384871497779919,3.392451588133928
0.0,1.5,0.697916666666667,0.95,0.75,2,0.4384871497779919,3.502818780004297
0.0,1.5,0.697916666666667,0.95,0.75,3,0.4384871497779919,3.2312972081342926
0.0,1.5,0.697916666666667,0.95,0.75,4,0.4384871497779919,2.924477799391176
0.0,1.5,0.697916666666667,0.95,0.75,5,0.4384871497779919,2.8141676092036705
0.0,1.5,0.697916666666667,0.95,0.75,7,0.4384871497779919,2.30662793859743
0.0,1.5,0.697916666666667,0.95,0.75,10,0.4384871497779919,2.4748446411797835
0.0,1.5,0.697916666666667,0.95,0.75,13,0.4384871497779919,2.430311541450263
0.0,1.5,0.697916666666667,0.95,0.9,0,0.4384871497779919,3.619321427793527
0.0,1.5,0.697916666666667,0.95,0.9,1,0.4384871497779919,3.392451588133928
0.0,1.5,0.697916666666667,0.95,0.9,2,0.4384871497779919,3.502818780004297
0.0,1.5,0.697916666666667,0.95,0.9,3,0.4384871497779919,3.2312972081342926
0.0,1.5,0.697916666666667,0.95,0.9,4,0.4384871497779919,2.924477799391176
0.0,1.5,0.697916666666667,0.95,0.9,5,0.4384871497779919,2.8141676092036705
0.0,1.5,0.697916666666667,0.95,0.9,7,0.4384871497779919,2.30662793859743
0.0,1.5,0.697916666666667,0.95,0.9,10,0.4384871497779919,2.4748446411797835
0.0,1.5,0.697916666666667,0.95,0.9,13,0.4384871497779919,2.430311541450263
0.0,1.5,0.697916666666667,0.95,0.95,0,0.4384871497779919,3.619321427793527
0.0,1.5,0.697916666666667,0.95,0.95,1,0.4384871497779919,3.392451588133928
0.0,1.5,0.697916666666667,0.95,0.95,2,0.4384871497779919,3.502818780004297
0.0,1.5,0.697916666666667,0.95,0.95,3,0.4384871497779919,3.2312972081342926
0.0,1.5,0.697916666666667,0.95,0.95,4,0.4384871497779919,2.924477799391176
0.0,1.5,0.697916666666667,0.95,0.95,5,0.4384871497779919,2.8141676092036705
0.0,1.5,0.697916666666667,0.95,0.95,7,0.4384871497779919,2.30662793859743
0.0,1.5,0.697916666666667,0.95,0.95,10,0.4384871497779919,2.4748446411797835
0.0,1.5,0.697916666666667,0.95,0.95,13,0.4384871497779919,2.430311541450263
0.0,1.5,0.697916666666667,0.95,0.99,0,0.4384871497779919,3.619321427793527
0.0,1.5,0.697916666666667,0.95,0.99,1,0.4384871497779919,3.392451588133928
0.0,1.5,0.697916666666667,0.95,0.99,2,0.4384871497779919,3.502818780004297
0.0,1.5,0.697916666666667,0.95,0.99,3,0.4384871497779919,3.2312972081342926
0.0,1.5,0.697916666666667,0.95,0.99,4,0.4384871497779919,2.924477799391176
0.0,1.5,0.697916666666667,0.95,0.99,5,0.4384871497779919,2.8141676092036705
0.0,1.5,0.697916666666667,0.95,0.99,7,0.4384871497779919,2.30662793859743
0.0,1.5,0.697916666666667,0.95,0.99,10,0.4384871497779919,2.4748446411797835
0.0,1.5,0.697916666666667,0.95,0.99,13,0.4384871497779919,2.430311541450263
0.0,1.5,0.697916666666667,0.95,0.995,0,0.4384871497779919,3.619321427793527
0.0,1.5,0.697916666666667,0.95,0.995,1,0.4384871497779919,3.392451588133928
0.0,1.5,0.697916666666667,0.95,0.995,2,0.4384871497779919,3.502818780004297
0.0,1.5,0.697916666666667,0.95,0.995,3,0.4384871497779919,3.2312972081342926
0.0,1.5,0.697916666666667,0.95,0.995,4,0.4384871497779919,2.924477799391176
0.0,1.5,0.697916666666667,0.95,0.995,5,0.4384871497779919,2.8141676092036705
0.0,1.5,0.697916666666667,0.95,0.995,7,0.4384871497779919,2.30662793859743
0.0,1.5,0.697916666666667,0.95,0.995,10,0.4384871497779919,2.4748446411797835
0.0,1.5,0.697916666666667,0.95,0.995,13,0.4384871497779919,2.430311541450263
0.0,1.5,0.697916666666667,0.95,0.999,0,0.4384871497779919,3.619321427793527
0.0,1.5,0.697916666666667,0.95,0.999,1,0.4384871497779919,3.392451588133928
0.0,1.5,0.697916666666667,0.95,0.999,2,0.4384871497779919,3.502818780004297
0.0,1.5,0.697916666666667,0.95,0.999,3,0.4384871497779919,3.2312972081342926
0.0,1.5,0.697916666666667,0.95,0.999,4,0.4384871497779919,2.924477799391176
0.0,1.5,0.697916666666667,0.95,0.999,5,0.4384871497779919,2.8141676092036705
0.0,1.5,0.697916666666667,0.95,0.999,7,0.4384871497779919,2.30662793859743
0.0,1.5,0.697916666666667,0.95,0.999,10,0.4384871497779919,2.4748446411797835
0.0,1.5,0.697916666666667,0.95,0.999,13,0.4384871497779919,2.430311541450263
0.0,1.5,0.697916666666667,0.975,0.5,0,0.4384871497779919,3.0875656120892874
0.0,1.5,0.697916666666667,0.975,0.5,1,0.4384871497779919,3.4697886782262453
0.0,1.5,0.697916666666667,0.975,0.5,2,0.4384871497779919,3.6265269824848034
0.0,1.5,0.697916666666667,0.975,0.5,3,0.4384871497779919,3.0946422697334564
0.0,1.5,0.697916666666667,0.975,0.5,4,0.4384871497779919,2.941710950802414
0.0,1.5,0.697916666666667,0.975,0.5,5,0.4384871497779919,2.842391829499807
0.0,1.5,0.697916666666667,0.975,0.5,7,0.4384871497779919,2.843034059667021
0.0,1.5,0.697916666666667,0.975,0.5,10,0.4384871497779919,2.9144790053235576
0.0,1.5,0.697916666666667,0.975,0.5,13,0.4384871497779919,2.6275610184665035
0.0,1.5,0.697916666666667,0.975,0.75,0,0.4384871497779919,3.0875656120892874
0.0,1.5,0.697916666666667,0.975,0.75,1,0.4384871497779919,3.4697886782262453
0.0,1.5,0.697916666666667,0.975,0.75,2,0.4384871497779919,3.6265269824848034
0.0,1.5,0.697916666666667,0.975,0.75,3,0.4384871497779919,3.0946422697334564
0.0,1.5,0.697916666666667,0.975,0.75,4,0.4384871497779919,2.941710950802414
0.0,1.5,0.697916666666667,0.975,0.75,5,0.4384871497779919,2.842391829499807
0.0,1.5,0.697916666666667,0.975,0.75,7,0.4384871497779919,2.843034059667021
0.0,1.5,0.697916666666667,0.975,0.75,10,0.4384871497779919,2.9144790053235576
0.0,1.5,0.697916666666667,0.975,0.75,13,0.4384871497779919,2.6275610184665035
0.0,1.5,0.697916666666667,0.975,0.9,0,0.4384871497779919,3.0875656120892874
0.0,1.5,0.697916666666667,0.975,0.9,1,0.4384871497779919,3.4697886782262453
0.0,1.5,0.697916666666667,0.975,0.9,2,0.4384871497779919,3.6265269824848034
0.0,1.5,0.697916666666667,0.975,0.9,3,0.4384871497779919,3.0946422697334564
0.0,1.5,0.697916666666667,0.975,0.9,4,0.4384871497779919,2.941710950802414
0.0,1.5,0.697916666666667,0.975,0.9,5,0.4384871497779919,2.842391829499807
0.0,1.5,0.697916666666667,0.975,0.9,7,0.4384871497779919,2.843034059667021
0.0,1.5,0.697916666666667,0.975,0.9,10,0.4384871497779919,2.9144790053235576
0.0,1.5,0.697916666666667,0.975,0.9,13,0.4384871497779919,2.6275610184665035
0.0,1.5,0.697916666666667,0.975,0.95,0,0.4384871497779919,3.0875656120892874
0.0,1.5,0.697916666666667,0.975,0.95,1,0.4384871497779919,3.4697886782262453
0.0,1.5,0.697916666666667,0.975,0.95,2,0.4384871497779919,3.6265269824848034
0.0,1.5,0.697916666666667,0.975,0.95,3,0.4384871497779919,3.0946422697334564
0.0,1.5,0.697916666666667,0.975,0.95,4,0.4384871497779919,2.941710950802414
0.0,1.5,0.697916666666667,0.975,0.95,5,0.4384871497779919,2.842391829499807
0.0,1.5,0.697916666666667,0.975,0.95,7,0.4384871497779919,2.843034059667021
0.0,1.5,0.697916666666667,0.975,0.95,10,0.4384871497779919,2.9144790053235576
0.0,1.5,0.697916666666667,0.975,0.95,13,0.4384871497779919,2.6275610184665035
0.0,1.5,0.697916666666667,0.975,0.99,0,0.4384871497779919,3.0875656120892874
0.0,1.5,0.697916666666667,0.975,0.99,1,0.4384871497779919,3.4697886782262453
0.0,1.5,0.697916666666667,0.975,0.99,2,0.4384871497779919,3.6265269824848034
0.0,1.5,0.697916666666667,0.975,0.99,3,0.4384871497779919,3.0946422697334564
0.0,1.5,0.697916666666667,0.975,0.99,4,0.4384871497779919,2.941710950802414
0.0,1.5,0.697916666666667,0.975,0.99,5,0.4384871497779919,2.842391829499807
0.0,1.5,0.697916666666667,0.975,0.99,7,0.4384871497779919,2.843034059667021
0.0,1.5,0.697916666666667,0.975,0.99,10,0.4384871497779919,2.9144790053235576
0.0,1.5,0.697916666666667,0.975,0.99,13,0.4384871497779919,2.6275610184665035
0.0,1.5,0.697916666666667,0.975,0.995,0,0.4384871497779919,3.0875656120892874
0.0,1.5,0.697916666666667,0.975,0.995,1,0.4384871497779919,3.4697886782262453
0.0,1.5,0.697916666666667,0.975,0.995,2,0.4384871497779919,3.6265269824848034
0.0,1.5,0.697916666666667,0.975,0.995,3,0.4384871497779919,3.0946422697334564
0.0,1.5,0.697916666666667,0.975,0.995,4,0.4384871497779919,2.941710950802414
0.0,1.5,0.697916666666667,0.975,0.995,5,0.4384871497779919,2.842391829499807
0.0,1.5,0.697916666666667,0.975,0.995,7,0.4384871497779919,2.843034059667021
0.0,1.5,0.697916666666667,0.975,0.995,10,0.4384871497779919,2.9144790053235576
0.0,1.5,0.697916666666667,0.975,0.995,13,0.4384871497779919,2.6275610184665035
0.0,1.5,0.697916666666667,0.975,0.999,0,0.4384871497779919,3.0875656120892874
0.0,1.5,0.697916666666667,0.975,0.999,1,0.4384871497779919,3.4697886782262453
0.0,1.5,0.697916666666667,0.975,0.999,2,0.4384871497779919,3.6265269824848034
0.0,1.5,0.697916666666667,0.975,0.999,3,0.4384871497779919,3.0946422697334564
0.0,1.5,0.697916666666667,0.975,0.999,4,0.4384871497779919,2.941710950802414
0.0,1.5,0.697916666666667,0.975,0.999,5,0.4384871497779919,2.842391829499807
0.0,1.5,0.697916666666667,0.975,0.999,7,0.4384871497779919,2.843034059667021
0.0,1.5,0.697916666666667,0.975,0.999,10,0.4384871497779919,2.9144790053235576
0.0,1.5,0.697916666666667,0.975,0.999,13,0.4384871497779919,2.6275610184665035
1.0,1.5,0.23958333333333304,0.4,0.5,0,0.439638612881742,1.9013089918773534
1.0,1.5,0.23958333333333304,0.4,0.5,1,0.439638612881742,1.4685102330779096
1.0,1.5,0.23958333333333304,0.4,0.5,2,0.439638612881742,1.8024124176702914
1.0,1.5,0.23958333333333304,0.4,0.5,3,0.439638612881742,1.949022238626165
1.0,1.5,0.23958333333333304,0.4,0.5,4,0.439638612881742,2.621129121190513
1.0,1.5,0.23958333333333304,0.4,0.5,5,0.439638612881742,1.3611754888004712
1.0,1.5,0.23958333333333304,0.4,0.5,7,0.439638612881742,1.1612183312772177
1.0,1.5,0.23958333333333304,0.4,0.5,10,0.439638612881742,1.710512885950129
1.0,1.5,0.23958333333333304,0.4,0.5,13,0.439638612881742,0.38800032705615567
1.0,1.5,0.23958333333333304,0.4,0.75,0,0.439638612881742,1.9013089918773534
1.0,1.5,0.23958333333333304,0.4,0.75,1,0.439638612881742,1.4685102330779096
1.0,1.5,0.23958333333333304,0.4,0.75,2,0.439638612881742,1.8024124176702914
1.0,1.5,0.23958333333333304,0.4,0.75,3,0.439638612881742,1.949022238626165
1.0,1.5,0.23958333333333304,0.4,0.75,4,0.439638612881742,2.621129121190513
1.0,1.5,0.23958333333333304,0.4,0.75,5,0.439638612881742,1.3611754888004712
1.0,1.5,0.23958333333333304,0.4,0.75,7,0.439638612881742,1.1612183312772177
1.0,1.5,0.23958333333333304,0.4,0.75,10,0.439638612881742,1.710512885950129
1.0,1.5,0.23958333333333304,0.4,0.75,13,0.439638612881742,0.38800032705615567
1.0,1.5,0.23958333333333304,0.4,0.9,0,0.439638612881742,1.9013089918773534
1.0,1.5,0.23958333333333304,0.4,0.9,1,0.439638612881742,1.4685102330779096
1.0,1.5,0.23958333333333304,0.4,0.9,2,0.439638612881742,1.8024124176702914
1.0,1.5,0.23958333333333304,0.4,0.9,3,0.439638612881742,1.949022238626165
1.0,1.5,0.23958333333333304,0.4,0.9,4,0.439638612881742,2.621129121190513
1.0,1.5,0.23958333333333304,0.4,0.9,5,0.439638612881742,1.3611754888004712
1.0,1.5,0.23958333333333304,0.4,0.9,7,0.439638612881742,1.1612183312772177
1.0,1.5,0.23958333333333304,0.4,0.9,10,0.439638612881742,1.710512885950129
1.0,1.5,0.23958333333333304,0.4,0.9,13,0.439638612881742,0.38800032705615567
1.0,1.5,0.23958333333333304,0.4,0.95,0,0.439638612881742,1.9013089918773534
1.0,1.5,0.23958333333333304,0.4,0.95,1,0.439638612881742,1.4685102330779096
1.0,1.5,0.23958333333333304,0.4,0.95,2,0.439638612881742,1.8024124176702914
1.0,1.5,0.23958333333333304,0.4,0.95,3,0.439638612881742,1.949022238626165
1.0,1.5,0.23958333333333304,0.4,0.95,4,0.439638612881742,2.621129121190513
1.0,1.5,0.23958333333333304,0.4,0.95,5,0.439638612881742,1.3611754888004712
1.0,1.5,0.23958333333333304,0.4,0.95,7,0.439638612881742,1.1612183312772177
1.0,1.5,0.23958333333333304,0.4,0.95,10,0.439638612881742,1.710512885950129
1.0,1.5,0.23958333333333304,0.4,0.95,13,0.439638612881742,0.38800032705615567
1.0,1.5,0.23958333333333304,0.4,0.99,0,0.439638612881742,1.9013089918773534
1.0,1.5,0.23958333333333304,0.4,0.99,1,0.439638612881742,1.4685102330779096
1.0,1.5,0.23958333333333304,0.4,0.99,2,0.439638612881742,1.8024124176702914
1.0,1.5,0.23958333333333304,0.4,0.99,3,0.439638612881742,1.949022238626165
1.0,1.5,0.23958333333333304,0.4,0.99,4,0.439638612881742,2.621129121190513
1.0,1.5,0.23958333333333304,0.4,0.99,5,0.439638612881742,1.3611754888004712
1.0,1.5,0.23958333333333304,0.4,0.99,7,0.439638612881742,1.1612183312772177
1.0,1.5,0.23958333333333304,0.4,0.99,10,0.439638612881742,1.710512885950129
1.0,1.5,0.23958333333333304,0.4,0.99,13,0.439638612881742,0.38800032705615567
1.0,1.5,0.23958333333333304,0.4,0.995,0,0.439638612881742,1.9013089918773534
1.0,1.5,0.23958333333333304,0.4,0.995,1,0.439638612881742,1.4685102330779096
1.0,1.5,0.23958333333333304,0.4,0.995,2,0.439638612881742,1.8024124176702914
1.0,1.5,0.23958333333333304,0.4,0.995,3,0.439638612881742,1.949022238626165
1.0,1.5,0.23958333333333304,0.4,0.995,4,0.439638612881742,2.621129121190513
1.0,1.5,0.23958333333333304,0.4,0.995,5,0.439638612881742,1.3611754888004712
1.0,1.5,0.23958333333333304,0.4,0.995,7,0.439638612881742,1.1612183312772177
1.0,1.5,0.23958333333333304,0.4,0.995,10,0.439638612881742,1.710512885950129
1.0,1.5,0.23958333333333304,0.4,0.995,13,0.439638612881742,0.38800032705615567
1.0,1.5,0.23958333333333304,0.4,0.999,0,0.439638612881742,1.9013089918773534
1.0,1.5,0.23958333333333304,0.4,0.999,1,0.439638612881742,1.4685102330779096
1.0,1.5,0.23958333333333304,0.4,0.999,2,0.439638612881742,1.8024124176702914
1.0,1.5,0.23958333333333304,0.4,0.999,3,0.439638612881742,1.949022238626165
1.0,1.5,0.23958333333333304,0.4,0.999,4,0.439638612881742,2.621129121190513
1.0,1.5,0.23958333333333304,0.4,0.999,5,0.439638612881742,1.3611754888004712
1.0,1.5,0.23958333333333304,0.4,0.999,7,0.439638612881742,1.1612183312772177
1.0,1.5,0.23958333333333304,0.4,0.999,10,0.439638612881742,1.710512885950129
1.0,1.5,0.23958333333333304,0.4,0.999,13,0.439638612881742,0.38800032705615567
1.0,1.5,0.23958333333333304,0.45,0.5,0,0.439638612881742,1.718668004545144
1.0,1.5,0.23958333333333304,0.45,0.5,1,0.439638612881742,1.7602393644575298
1.0,1.5,0.23958333333333304,0.45,0.5,2,0.439638612881742,1.9211705913891541
1.0,1.5,0.23958333333333304,0.45,0.5,3,0.439638612881742,1.3668730630243235
1.0,1.5,0.23958333333333304,0.45,0.5,4,0.439638612881742,2.3226829268499722
1.0,1.5,0.23958333333333304,0.45,0.5,5,0.439638612881742,1.6567709379459492
1.0,1.5,0.23958333333333304,0.45,0.5,7,0.439638612881742,1.0242985006951124
1.0,1.5,0.23958333333333304,0.45,0.5,10,0.439638612881742,1.6944813892520425
1.0,1.5,0.23958333333333304,0.45,0.5,13,0.439638612881742,0.68637772994052
1.0,1.5,0.23958333333333304,0.45,0.75,0,0.439638612881742,1.718668004545144
1.0,1.5,0.23958333333333304,0.45,0.75,1,0.439638612881742,1.7602393644575298
1.0,1.5,0.23958333333333304,0.45,0.75,2,0.439638612881742,1.9211705913891541
1.0,1.5,0.23958333333333304,0.45,0.75,3,0.439638612881742,1.3668730630243235
1.0,1.5,0.23958333333333304,0.45,0.75,4,0.439638612881742,2.3226829268499722
1.0,1.5,0.23958333333333304,0.45,0.75,5,0.439638612881742,1.6567709379459492
1.0,1.5,0.23958333333333304,0.45,0.75,7,0.439638612881742,1.0242985006951124
1.0,1.5,0.23958333333333304,0.45,0.75,10,0.439638612881742,1.6944813892520425
1.0,1.5,0.23958333333333304,0.45,0.75,13,0.439638612881742,0.68637772994052
1.0,1.5,0.23958333333333304,0.45,0.9,0,0.439638612881742,1.718668004545144
1.0,1.5,0.23958333333333304,0.45,0.9,1,0.439638612881742,1.7602393644575298
1.0,1.5,0.23958333333333304,0.45,0.9,2,0.439638612881742,1.9211705913891541
1.0,1.5,0.23958333333333304,0.45,0.9,3,0.439638612881742,1.3668730630243235
1.0,1.5,0.23958333333333304,0.45,0.9,4,0.439638612881742,2.3226829268499722
1.0,1.5,0.23958333333333304,0.45,0.9,5,0.439638612881742,1.6567709379459492
1.0,1.5,0.23958333333333304,0.45,0.9,7,0.439638612881742,1.0242985006951124
1.0,1.5,0.23958333333333304,0.45,0.9,10,0.439638612881742,1.6944813892520425
1.0,1.5,0.23958333333333304,0.45,0.9,13,0.439638612881742,0.68637772994052
1.0,1.5,0.23958333333333304,0.45,0.95,0,0.439638612881742,1.718668004545144
1.0,1.5,0.23958333333333304,0.45,0.95,1,0.439638612881742,1.7602393644575298
1.0,1.5,0.23958333333333304,0.45,0.95,2,0.439638612881742,1.9211705913891541
1.0,1.5,0.23958333333333304,0.45,0.95,3,0.439638612881742,1.3668730630243235
1.0,1.5,0.23958333333333304,0.45,0.95,4,0.439638612881742,2.3226829268499722
1.0,1.5,0.23958333333333304,0.45,0.95,5,0.439638612881742,1.6567709379459492
1.0,1.5,0.23958333333333304,0.45,0.95,7,0.439638612881742,1.0242985006951124
1.0,1.5,0.23958333333333304,0.45,0.95,10,0.439638612881742,1.6944813892520425
1.0,1.5,0.23958333333333304,0.45,0.95,13,0.439638612881742,0.68637772994052
1.0,1.5,0.23958333333333304,0.45,0.99,0,0.439638612881742,1.718668004545144
1.0,1.5,0.23958333333333304,0.45,0.99,1,0.439638612881742,1.7602393644575298
1.0,1.5,0.23958333333333304,0.45,0.99,2,0.439638612881742,1.9211705913891541
1.0,1.5,0.23958333333333304,0.45,0.99,3,0.439638612881742,1.3668730630243235
1.0,1.5,0.23958333333333304,0.45,0.99,4,0.439638612881742,2.3226829268499722
1.0,1.5,0.23958333333333304,0.45,0.99,5,0.439638612881742,1.6567709379459492
1.0,1.5,0.23958333333333304,0.45,0.99,7,0.439638612881742,1.0242985006951124
1.0,1.5,0.23958333333333304,0.45,0.99,10,0.439638612881742,1.6944813892520425
1.0,1.5,0.23958333333333304,0.45,0.99,13,0.439638612881742,0.68637772994052
1.0,1.5,0.23958333333333304,0.45,0.995,0,0.439638612881742,1.718668004545144
1.0,1.5,0.23958333333333304,0.45,0.995,1,0.439638612881742,1.7602393644575298
1.0,1.5,0.23958333333333304,0.45,0.995,2,0.439638612881742,1.9211705913891541
1.0,1.5,0.23958333333333304,0.45,0.995,3,0.439638612881742,1.3668730630243235
1.0,1.5,0.23958333333333304,0.45,0.995,4,0.439638612881742,2.3226829268499722
1.0,1.5,0.23958333333333304,0.45,0.995,5,0.439638612881742,1.6567709379459492
1.0,1.5,0.23958333333333304,0.45,0.995,7,0.439638612881742,1.0242985006951124
1.0,1.5,0.23958333333333304,0.45,0.995,10,0.439638612881742,1.6944813892520425
1.0,1.5,0.23958333333333304,0.45,0.995,13,0.439638612881742,0.68637772994052
1.0,1.5,0.23958333333333304,0.45,0.999,0,0.439638612881742,1.718668004545144
1.0,1.5,0.23958333333333304,0.45,0.999,1,0.439638612881742,1.7602393644575298
1.0,1.5,0.23958333333333304,0.45,0.999,2,0.439638612881742,1.9211705913891541
1.0,1.5,0.23958333333333304,0.45,0.999,3,0.439638612881742,1.3668730630243235
1.0,1.5,0.23958333333333304,0.45,0.999,4,0.439638612881742,2.3226829268499722
1.0,1.5,0.23958333333333304,0.45,0.999,5,0.439638612881742,1.6567709379459492
1.0,1.5,0.23958333333333304,0.45,0.999,7,0.439638612881742,1.0242985006951124
1.0,1.5,0.23958333333333304,0.45,0.999,10,0.439638612881742,1.6944813892520425
1.0,1.5,0.23958333333333304,0.45,0.999,13,0.439638612881742,0.68637772994052
1.0,1.5,0.23958333333333304,0.5,0.5,0,0.439638612881742,1.9683802987904222
1.0,1.5,0.23958333333333304,0.5,0.5,1,0.439638612881742,2.047164678413015
1.0,1.5,0.23958333333333304,0.5,0.5,2,0.439638612881742,2.265932845537766
1.0,1.5,0.23958333333333304,0.5,0.5,3,0.439638612881742,1.3953467508527806
1.0,1.5,0.23958333333333304,0.5,0.5,4,0.439638612881742,1.9458857690810256
1.0,1.5,0.23958333333333304,0.5,0.5,5,0.439638612881742,1.9574143596654965
1.0,1.5,0.23958333333333304,0.5,0.5,7,0.439638612881742,0.9880912583211392
1.0,1.5,0.23958333333333304,0.5,0.5,10,0.439638612881742,1.3338664079856617
1.0,1.5,0.23958333333333304,0.5,0.5,13,0.439638612881742,1.0082344291163914
1.0,1.5,0.23958333333333304,0.5,0.75,0,0.439638612881742,1.9683802987904222
1.0,1.5,0.23958333333333304,0.5,0.75,1,0.439638612881742,2.047164678413015
1.0,1.5,0.23958333333333304,0.5,0.75,2,0.439638612881742,2.265932845537766
1.0,1.5,0.23958333333333304,0.5,0.75,3,0.439638612881742,1.3953467508527806
1.0,1.5,0.23958333333333304,0.5,0.75,4,0.439638612881742,1.9458857690810256
1.0,1.5,0.23958333333333304,0.5,0.75,5,0.439638612881742,1.9574143596654965
1.0,1.5,0.23958333333333304,0.5,0.75,7,0.439638612881742,0.9880912583211392
1.0,1.5,0.23958333333333304,0.5,0.75,10,0.439638612881742,1.3338664079856617
1.0,1.5,0.23958333333333304,0.5,0.75,13,0.439638612881742,1.0082344291163914
1.0,1.5,0.23958333333333304,0.5,0.9,0,0.439638612881742,1.9683802987904222
1.0,1.5,0.23958333333333304,0.5,0.9,1,0.439638612881742,2.047164678413015
1.0,1.5,0.23958333333333304,0.5,0.9,2,0.439638612881742,2.265932845537766
1.0,1.5,0.23958333333333304,0.5,0.9,3,0.439638612881742,1.3953467508527806
1.0,1.5,0.23958333333333304,0.5,0.9,4,0.439638612881742,1.9458857690810256
1.0,1.5,0.23958333333333304,0.5,0.9,5,0.439638612881742,1.9574143596654965
1.0,1.5,0.23958333333333304,0.5,0.9,7,0.439638612881742,0.9880912583211392
1.0,1.5,0.23958333333333304,0.5,0.9,10,0.439638612881742,1.3338664079856617
1.0,1.5,0.23958333333333304,0.5,0.9,13,0.439638612881742,1.0082344291163914
1.0,1.5,0.23958333333333304,0.5,0.95,0,0.439638612881742,1.9683802987904222
1.0,1.5,0.23958333333333304,0.5,0.95,1,0.439638612881742,2.047164678413015
1.0,1.5,0.23958333333333304,0.5,0.95,2,0.439638612881742,2.265932845537766
1.0,1.5,0.23958333333333304,0.5,0.95,3,0.439638612881742,1.3953467508527806
1.0,1.5,0.23958333333333304,0.5,0.95,4,0.439638612881742,1.9458857690810256
1.0,1.5,0.23958333333333304,0.5,0.95,5,0.439638612881742,1.9574143596654965
1.0,1.5,0.23958333333333304,0.5,0.95,7,0.439638612881742,0.9880912583211392
1.0,1.5,0.23958333333333304,0.5,0.95,10,0.439638612881742,1.3338664079856617
1.0,1.5,0.23958333333333304,0.5,0.95,13,0.439638612881742,1.0082344291163914
1.0,1.5,0.23958333333333304,0.5,0.99,0,0.439638612881742,1.9683802987904222
1.0,1.5,0.23958333333333304,0.5,0.99,1,0.439638612881742,2.047164678413015
1.0,1.5,0.23958333333333304,0.5,0.99,2,0.439638612881742,2.265932845537766
1.0,1.5,0.23958333333333304,0.5,0.99,3,0.439638612881742,1.3953467508527806
1.0,1.5,0.23958333333333304,0.5,0.99,4,0.439638612881742,1.9458857690810256
1.0,1.5,0.23958333333333304,0.5,0.99,5,0.439638612881742,1.9574143596654965
1.0,1.5,0.23958333333333304,0.5,0.99,7,0.439638612881742,0.9880912583211392
1.0,1.5,0.23958333333333304,0.5,0.99,10,0.439638612881742,1.3338664079856617
1.0,1.5,0.23958333333333304,0.5,0.99,13,0.439638612881742,1.0082344291163914
1.0,1.5,0.23958333333333304,0.5,0.995,0,0.439638612881742,1.9683802987904222
1.0,1.5,0.23958333333333304,0.5,0.995,1,0.439638612881742,2.047164678413015
1.0,1.5,0.23958333333333304,0.5,0.995,2,0.439638612881742,2.265932845537766
1.0,1.5,0.23958333333333304,0.5,0.995,3,0.439638612881742,1.3953467508527806
1.0,1.5,0.23958333333333304,0.5,0.995,4,0.439638612881742,1.9458857690810256
1.0,1.5,0.23958333333333304,0.5,0.995,5,0.439638612881742,1.9574143596654965
1.0,1.5,0.23958333333333304,0.5,0.995,7,0.439638612881742,0.9880912583211392
1.0,1.5,0.23958333333333304,0.5,0.995,10,0.439638612881742,1.3338664079856617
1.0,1.5,0.23958333333333304,0.5,0.995,13,0.439638612881742,1.0082344291163914
1.0,1.5,0.23958333333333304,0.5,0.999,0,0.439638612881742,1.9683802987904222
1.0,1.5,0.23958333333333304,0.5,0.999,1,0.439638612881742,2.047164678413015
1.0,1.5,0.23958333333333304,0.5,0.999,2,0.439638612881742,2.265932845537766
1.0,1.5,0.23958333333333304,0.5,0.999,3,0.439638612881742,1.3953467508527806
1.0,1.5,0.23958333333333304,0.5,0.999,4,0.439638612881742,1.9458857690810256
1.0,1.5,0.23958333333333304,0.5,0.999,5,0.439638612881742,1.9574143596654965
1.0,1.5,0.23958333333333304,0.5,0.999,7,0.439638612881742,0.9880912583211392
1.0,1.5,0.23958333333333304,0.5,0.999,10,0.439638612881742,1.3338664079856617
1.0,1.5,0.23958333333333304,0.5,0.999,13,0.439638612881742,1.0082344291163914
1.0,1.5,0.23958333333333304,0.55,0.5,0,0.439638612881742,2.7230059111399636
1.0,1.5,0.23958333333333304,0.55,0.5,1,0.439638612881742,2.8450293668479065
1.0,1.5,0.23958333333333304,0.55,0.5,2,0.439638612881742,2.2514040777905437
1.0,1.5,0.23958333333333304,0.55,0.5,3,0.439638612881742,1.588929747855584
1.0,1.5,0.23958333333333304,0.55,0.5,4,0.439638612881742,2.3098629264100543
1.0,1.5,0.23958333333333304,0.55,0.5,5,0.439638612881742,1.6314074220499954
1.0,1.5,0.23958333333333304,0.55,0.5,7,0.439638612881742,1.1968878966852747
1.0,1.5,0.23958333333333304,0.55,0.5,10,0.439638612881742,1.8991859633013375
1.0,1.5,0.23958333333333304,0.55,0.5,13,0.439638612881742,1.472474763063207
1.0,1.5,0.23958333333333304,0.55,0.75,0,0.439638612881742,2.7230059111399636
1.0,1.5,0.23958333333333304,0.55,0.75,1,0.439638612881742,2.8450293668479065
1.0,1.5,0.23958333333333304,0.55,0.75,2,0.439638612881742,2.2514040777905437
1.0,1.5,0.23958333333333304,0.55,0.75,3,0.439638612881742,1.588929747855584
1.0,1.5,0.23958333333333304,0.55,0.75,4,0.439638612881742,2.3098629264100543
1.0,1.5,0.23958333333333304,0.55,0.75,5,0.439638612881742,1.6314074220499954
1.0,1.5,0.23958333333333304,0.55,0.75,7,0.439638612881742,1.1968878966852747
1.0,1.5,0.23958333333333304,0.55,0.75,10,0.439638612881742,1.8991859633013375
1.0,1.5,0.23958333333333304,0.55,0.75,13,0.439638612881742,1.472474763063207
1.0,1.5,0.23958333333333304,0.55,0.9,0,0.439638612881742,2.7230059111399636
1.0,1.5,0.23958333333333304,0.55,0.9,1,0.439638612881742,2.8450293668479065
1.0,1.5,0.23958333333333304,0.55,0.9,2,0.439638612881742,2.2514040777905437
1.0,1.5,0.23958333333333304,0.55,0.9,3,0.439638612881742,1.588929747855584
1.0,1.5,0.23958333333333304,0.55,0.9,4,0.439638612881742,2.3098629264100543
1.0,1.5,0.23958333333333304,0.55,0.9,5,0.439638612881742,1.6314074220499954
1.0,1.5,0.23958333333333304,0.55,0.9,7,0.439638612881742,1.1968878966852747
1.0,1.5,0.23958333333333304,0.55,0.9,10,0.439638612881742,1.8991859633013375
1.0,1.5,0.23958333333333304,0.55,0.9,13,0.439638612881742,1.472474763063207
1.0,1.5,0.23958333333333304,0.55,0.95,0,0.439638612881742,2.7230059111399636
1.0,1.5,0.23958333333333304,0.55,0.95,1,0.439638612881742,2.8450293668479065
1.0,1.5,0.23958333333333304,0.55,0.95,2,0.439638612881742,2.2514040777905437
1.0,1.5,0.23958333333333304,0.55,0.95,3,0.439638612881742,1.588929747855584
1.0,1.5,0.23958333333333304,0.55,0.95,4,0.439638612881742,2.3098629264100543
1.0,1.5,0.23958333333333304,0.55,0.95,5,0.439638612881742,1.6314074220499954
1.0,1.5,0.23958333333333304,0.55,0.95,7,0.439638612881742,1.1968878966852747
1.0,1.5,0.23958333333333304,0.55,0.95,10,0.439638612881742,1.8991859633013375
1.0,1.5,0.23958333333333304,0.55,0.95,13,0.439638612881742,1.472474763063207
1.0,1.5,0.23958333333333304,0.55,0.99,0,0.439638612881742,2.7230059111399636
1.0,1.5,0.23958333333333304,0.55,0.99,1,0.439638612881742,2.8450293668479065
1.0,1.5,0.23958333333333304,0.55,0.99,2,0.439638612881742,2.2514040777905437
1.0,1.5,0.23958333333333304,0.55,0.99,3,0.439638612881742,1.588929747855584
1.0,1.5,0.23958333333333304,0.55,0.99,4,0.439638612881742,2.3098629264100543
1.0,1.5,0.23958333333333304,0.55,0.99,5,0.439638612881742,1.6314074220499954
1.0,1.5,0.23958333333333304,0.55,0.99,7,0.439638612881742,1.1968878966852747
1.0,1.5,0.23958333333333304,0.55,0.99,10,0.439638612881742,1.8991859633013375
1.0,1.5,0.23958333333333304,0.55,0.99,13,0.439638612881742,1.472474763063207
1.0,1.5,0.23958333333333304,0.55,0.995,0,0.439638612881742,2.7230059111399636
1.0,1.5,0.23958333333333304,0.55,0.995,1,0.439638612881742,2.8450293668479065
1.0,1.5,0.23958333333333304,0.55,0.995,2,0.439638612881742,2.2514040777905437
1.0,1.5,0.23958333333333304,0.55,0.995,3,0.439638612881742,1.588929747855584
1.0,1.5,0.23958333333333304,0.55,0.995,4,0.439638612881742,2.3098629264100543
1.0,1.5,0.23958333333333304,0.55,0.995,5,0.439638612881742,1.6314074220499954
1.0,1.5,0.23958333333333304,0.55,0.995,7,0.439638612881742,1.1968878966852747
1.0,1.5,0.23958333333333304,0.55,0.995,10,0.439638612881742,1.8991859633013375
1.0,1.5,0.23958333333333304,0.55,0.995,13,0.439638612881742,1.472474763063207
1.0,1.5,0.23958333333333304,0.55,0.999,0,0.439638612881742,2.7230059111399636
1.0,1.5,0.23958333333333304,0.55,0.999,1,0.439638612881742,2.8450293668479065
1.0,1.5,0.23958333333333304,0.55,0.999,2,0.439638612881742,2.2514040777905437
1.0,1.5,0.23958333333333304,0.55,0.999,3,0.439638612881742,1.588929747855584
1.0,1.5,0.23958333333333304,0.55,0.999,4,0.439638612881742,2.3098629264100543
1.0,1.5,0.23958333333333304,0.55,0.999,5,0.439638612881742,1.6314074220499954
1.0,1.5,0.23958333333333304,0.55,0.999,7,0.439638612881742,1.1968878966852747
1.0,1.5,0.23958333333333304,0.55,0.999,10,0.439638612881742,1.8991859633013375
1.0,1.5,0.23958333333333304,0.55,0.999,13,0.439638612881742,1.472474763063207
1.0,1.5,0.23958333333333304,0.6,0.5,0,0.439638612881742,2.9296091980573133
1.0,1.5,0.23958333333333304,0.6,0.5,1,0.439638612881742,2.8832815208820803
1.0,1.5,0.23958333333333304,0.6,0.5,2,0.439638612881742,2.549899272361014
1.0,1.5,0.23958333333333304,0.6,0.5,3,0.439638612881742,2.129739492076599
1.0,1.5,0.23958333333333304,0.6,0.5,4,0.439638612881742,2.6676121060208513
1.0,1.5,0.23958333333333304,0.6,0.5,5,0.439638612881742,1.631412136401755
1.0,1.5,0.23958333333333304,0.6,0.5,7,0.439638612881742,1.7972564120630063
1.0,1.5,0.23958333333333304,0.6,0.5,10,0.439638612881742,2.5113403469516187
1.0,1.5,0.23958333333333304,0.6,0.5,13,0.439638612881742,2.548240422430515
1.0,1.5,0.23958333333333304,0.6,0.75,0,0.439638612881742,2.9296091980573133
1.0,1.5,0.23958333333333304,0.6,0.75,1,0.439638612881742,2.8832815208820803
1.0,1.5,0.23958333333333304,0.6,0.75,2,0.439638612881742,2.549899272361014
1.0,1.5,0.23958333333333304,0.6,0.75,3,0.439638612881742,2.129739492076599
1.0,1.5,0.23958333333333304,0.6,0.75,4,0.439638612881742,2.6676121060208513
1.0,1.5,0.23958333333333304,0.6,0.75,5,0.439638612881742,1.631412136401755
1.0,1.5,0.23958333333333304,0.6,0.75,7,0.439638612881742,1.7972564120630063
1.0,1.5,0.23958333333333304,0.6,0.75,10,0.439638612881742,2.5113403469516187
1.0,1.5,0.23958333333333304,0.6,0.75,13,0.439638612881742,2.548240422430515
1.0,1.5,0.23958333333333304,0.6,0.9,0,0.439638612881742,2.9296091980573133
1.0,1.5,0.23958333333333304,0.6,0.9,1,0.439638612881742,2.8832815208820803
1.0,1.5,0.23958333333333304,0.6,0.9,2,0.439638612881742,2.549899272361014
1.0,1.5,0.23958333333333304,0.6,0.9,3,0.439638612881742,2.129739492076599
1.0,1.5,0.23958333333333304,0.6,0.9,4,0.439638612881742,2.6676121060208513
1.0,1.5,0.23958333333333304,0.6,0.9,5,0.439638612881742,1.631412136401755
1.0,1.5,0.23958333333333304,0.6,0.9,7,0.439638612881742,1.7972564120630063
1.0,1.5,0.23958333333333304,0.6,0.9,10,0.439638612881742,2.5113403469516187
1.0,1.5,0.23958333333333304,0.6,0.9,13,0.439638612881742,2.548240422430515
1.0,1.5,0.23958333333333304,0.6,0.95,0,0.439638612881742,2.9296091980573133
1.0,1.5,0.23958333333333304,0.6,0.95,1,0.439638612881742,2.8832815208820803
1.0,1.5,0.23958333333333304,0.6,0.95,2,0.439638612881742,2.549899272361014
1.0,1.5,0.23958333333333304,0.6,0.95,3,0.439638612881742,2.129739492076599
1.0,1.5,0.23958333333333304,0.6,0.95,4,0.439638612881742,2.6676121060208513
1.0,1.5,0.23958333333333304,0.6,0.95,5,0.439638612881742,1.631412136401755
1.0,1.5,0.23958333333333304,0.6,0.95,7,0.439638612881742,1.7972564120630063
1.0,1.5,0.23958333333333304,0.6,0.95,10,0.439638612881742,2.5113403469516187
1.0,1.5,0.23958333333333304,0.6,0.95,13,0.439638612881742,2.548240422430515
1.0,1.5,0.23958333333333304,0.6,0.99,0,0.439638612881742,2.9296091980573133
1.0,1.5,0.23958333333333304,0.6,0.99,1,0.439638612881742,2.8832815208820803
1.0,1.5,0.23958333333333304,0.6,0.99,2,0.439638612881742,2.549899272361014
1.0,1.5,0.23958333333333304,0.6,0.99,3,0.439638612881742,2.129739492076599
1.0,1.5,0.23958333333333304,0.6,0.99,4,0.439638612881742,2.6676121060208513
1.0,1.5,0.23958333333333304,0.6,0.99,5,0.439638612881742,1.631412136401755
1.0,1.5,0.23958333333333304,0.6,0.99,7,0.439638612881742,1.7972564120630063
1.0,1.5,0.23958333333333304,0.6,0.99,10,0.439638612881742,2.5113403469516187
1.0,1.5,0.23958333333333304,0.6,0.99,13,0.439638612881742,2.548240422430515
1.0,1.5,0.23958333333333304,0.6,0.995,0,0.439638612881742,2.9296091980573133
1.0,1.5,0.23958333333333304,0.6,0.995,1,0.439638612881742,2.8832815208820803
1.0,1.5,0.23958333333333304,0.6,0.995,2,0.439638612881742,2.549899272361014
1.0,1.5,0.23958333333333304,0.6,0.995,3,0.439638612881742,2.129739492076599
1.0,1.5,0.23958333333333304,0.6,0.995,4,0.439638612881742,2.6676121060208513
1.0,1.5,0.23958333333333304,0.6,0.995,5,0.439638612881742,1.631412136401755
1.0,1.5,0.23958333333333304,0.6,0.995,7,0.439638612881742,1.7972564120630063
1.0,1.5,0.23958333333333304,0.6,0.995,10,0.439638612881742,2.5113403469516187
1.0,1.5,0.23958333333333304,0.6,0.995,13,0.439638612881742,2.548240422430515
1.0,1.5,0.23958333333333304,0.6,0.999,0,0.439638612881742,2.9296091980573133
1.0,1.5,0.23958333333333304,0.6,0.999,1,0.439638612881742,2.8832815208820803
1.0,1.5,0.23958333333333304,0.6,0.999,2,0.439638612881742,2.549899272361014
1.0,1.5,0.23958333333333304,0.6,0.999,3,0.439638612881742,2.129739492076599
1.0,1.5,0.23958333333333304,0.6,0.999,4,0.439638612881742,2.6676121060208513
1.0,1.5,0.23958333333333304,0.6,0.999,5,0.439638612881742,1.631412136401755
1.0,1.5,0.23958333333333304,0.6,0.999,7,0.439638612881742,1.7972564120630063
1.0,1.5,0.23958333333333304,0.6,0.999,10,0.439638612881742,2.5113403469516187
1.0,1.5,0.23958333333333304,0.6,0.999,13,0.439638612881742,2.548240422430515
1.0,1.5,0.23958333333333304,0.65,0.5,0,0.439638612881742,3.311530915028457
1.0,1.5,0.23958333333333304,0.65,0.5,1,0.439638612881742,3.405516241306362
1.0,1.5,0.23958333333333304,0.65,0.5,2,0.439638612881742,3.0161879479079334
1.0,1.5,0.23958333333333304,0.65,0.5,3,0.439638612881742,2.964688752439827
1.0,1.5,0.23958333333333304,0.65,0.5,4,0.439638612881742,2.7566017712122797
1.0,1.5,0.23958333333333304,0.65,0.5,5,0.439638612881742,2.4101738078459722
1.0,1.5,0.23958333333333304,0.65,0.5,7,0.439638612881742,1.8536608816783542
1.0,1.5,0.23958333333333304,0.65,0.5,10,0.439638612881742,2.4172997527000555
1.0,1.5,0.23958333333333304,0.65,0.5,13,0.439638612881742,2.999032223899953
1.0,1.5,0.23958333333333304,0.65,0.75,0,0.439638612881742,3.311530915028457
1.0,1.5,0.23958333333333304,0.65,0.75,1,0.439638612881742,3.405516241306362
1.0,1.5,0.23958333333333304,0.65,0.75,2,0.439638612881742,3.0161879479079334
1.0,1.5,0.23958333333333304,0.65,0.75,3,0.439638612881742,2.964688752439827
1.0,1.5,0.23958333333333304,0.65,0.75,4,0.439638612881742,2.7566017712122797
1.0,1.5,0.23958333333333304,0.65,0.75,5,0.439638612881742,2.4101738078459722
1.0,1.5,0.23958333333333304,0.65,0.75,7,0.439638612881742,1.8536608816783542
1.0,1.5,0.23958333333333304,0.65,0.75,10,0.439638612881742,2.4172997527000555
1.0,1.5,0.23958333333333304,0.65,0.75,13,0.439638612881742,2.999032223899953
1.0,1.5,0.23958333333333304,0.65,0.9,0,0.439638612881742,3.311530915028457
1.0,1.5,0.23958333333333304,0.65,0.9,1,0.439638612881742,3.405516241306362
1.0,1.5,0.23958333333333304,0.65,0.9,2,0.439638612881742,3.0161879479079334
1.0,1.5,0.23958333333333304,0.65,0.9,3,0.439638612881742,2.964688752439827
1.0,1.5,0.23958333333333304,0.65,0.9,4,0.439638612881742,2.7566017712122797
1.0,1.5,0.23958333333333304,0.65,0.9,5,0.439638612881742,2.4101738078459722
1.0,1.5,0.23958333333333304,0.65,0.9,7,0.439638612881742,1.8536608816783542
1.0,1.5,0.23958333333333304,0.65,0.9,10,0.439638612881742,2.4172997527000555
1.0,1.5,0.23958333333333304,0.65,0.9,13,0.439638612881742,2.999032223899953
1.0,1.5,0.23958333333333304,0.65,0.95,0,0.439638612881742,3.311530915028457
1.0,1.5,0.23958333333333304,0.65,0.95,1,0.439638612881742,3.405516241306362
1.0,1.5,0.23958333333333304,0.65,0.95,2,0.439638612881742,3.0161879479079334
1.0,1.5,0.23958333333333304,0.65,0.95,3,0.439638612881742,2.964688752439827
1.0,1.5,0.23958333333333304,0.65,0.95,4,0.439638612881742,2.7566017712122797
1.0,1.5,0.23958333333333304,0.65,0.95,5,0.439638612881742,2.4101738078459722
1.0,1.5,0.23958333333333304,0.65,0.95,7,0.439638612881742,1.8536608816783542
1.0,1.5,0.23958333333333304,0.65,0.95,10,0.439638612881742,2.4172997527000555
1.0,1.5,0.23958333333333304,0.65,0.95,13,0.439638612881742,2.999032223899953
1.0,1.5,0.23958333333333304,0.65,0.99,0,0.439638612881742,3.311530915028457
1.0,1.5,0.23958333333333304,0.65,0.99,1,0.439638612881742,3.405516241306362
1.0,1.5,0.23958333333333304,0.65,0.99,2,0.439638612881742,3.0161879479079334
1.0,1.5,0.23958333333333304,0.65,0.99,3,0.439638612881742,2.964688752439827
1.0,1.5,0.23958333333333304,0.65,0.99,4,0.439638612881742,2.7566017712122797
1.0,1.5,0.23958333333333304,0.65,0.99,5,0.439638612881742,2.4101738078459722
1.0,1.5,0.23958333333333304,0.65,0.99,7,0.439638612881742,1.8536608816783542
1.0,1.5,0.23958333333333304,0.65,0.99,10,0.439638612881742,2.4172997527000555
1.0,1.5,0.23958333333333304,0.65,0.99,13,0.439638612881742,2.999032223899953
1.0,1.5,0.23958333333333304,0.65,0.995,0,0.439638612881742,3.311530915028457
1.0,1.5,0.23958333333333304,0.65,0.995,1,0.439638612881742,3.405516241306362
1.0,1.5,0.23958333333333304,0.65,0.995,2,0.439638612881742,3.0161879479079334
1.0,1.5,0.23958333333333304,0.65,0.995,3,0.439638612881742,2.964688752439827
1.0,1.5,0.23958333333333304,0.65,0.995,4,0.439638612881742,2.7566017712122797
1.0,1.5,0.23958333333333304,0.65,0.995,5,0.439638612881742,2.4101738078459722
1.0,1.5,0.23958333333333304,0.65,0.995,7,0.439638612881742,1.8536608816783542
1.0,1.5,0.23958333333333304,0.65,0.995,10,0.439638612881742,2.4172997527000555
1.0,1.5,0.23958333333333304,0.65,0.995,13,0.439638612881742,2.999032223899953
1.0,1.5,0.23958333333333304,0.65,0.999,0,0.439638612881742,3.311530915028457
1.0,1.5,0.23958333333333304,0.65,0.999,1,0.439638612881742,3.405516241306362
1.0,1.5,0.23958333333333304,0.65,0.999,2,0.439638612881742,3.0161879479079334
1.0,1.5,0.23958333333333304,0.65,0.999,3,0.439638612881742,2.964688752439827
1.0,1.5,0.23958333333333304,0.65,0.999,4,0.439638612881742,2.7566017712122797
1.0,1.5,0.23958333333333304,0.65,0.999,5,0.439638612881742,2.4101738078459722
1.0,1.5,0.23958333333333304,0.65,0.999,7,0.439638612881742,1.8536608816783542
1.0,1.5,0.23958333333333304,0.65,0.999,10,0.439638612881742,2.4172997527000555
1.0,1.5,0.23958333333333304,0.65,0.999,13,0.439638612881742,2.999032223899953
1.0,1.5,0.23958333333333304,0.7,0.5,0,0.439638612881742,2.9933708173849833
1.0,1.5,0.23958333333333304,0.7,0.5,1,0.439638612881742,3.2826077088572205
1.0,1.5,0.23958333333333304,0.7,0.5,2,0.439638612881742,2.8863840675817456
1.0,1.5,0.23958333333333304,0.7,0.5,3,0.439638612881742,3.2453147152847706
1.0,1.5,0.23958333333333304,0.7,0.5,4,0.439638612881742,2.5832274318839143
1.0,1.5,0.23958333333333304,0.7,0.5,5,0.439638612881742,2.371624635079883
1.0,1.5,0.23958333333333304,0.7,0.5,7,0.439638612881742,1.916168278549151
1.0,1.5,0.23958333333333304,0.7,0.5,10,0.439638612881742,2.338066551104117
1.0,1.5,0.23958333333333304,0.7,0.5,13,0.439638612881742,2.80584419103801
1.0,1.5,0.23958333333333304,0.7,0.75,0,0.439638612881742,2.9933708173849833
1.0,1.5,0.23958333333333304,0.7,0.75,1,0.439638612881742,3.2826077088572205
1.0,1.5,0.23958333333333304,0.7,0.75,2,0.439638612881742,2.8863840675817456
1.0,1.5,0.23958333333333304,0.7,0.75,3,0.439638612881742,3.2453147152847706
1.0,1.5,0.23958333333333304,0.7,0.75,4,0.439638612881742,2.5832274318839143
1.0,1.5,0.23958333333333304,0.7,0.75,5,0.439638612881742,2.371624635079883
1.0,1.5,0.23958333333333304,0.7,0.75,7,0.439638612881742,1.916168278549151
1.0,1.5,0.23958333333333304,0.7,0.75,10,0.439638612881742,2.338066551104117
1.0,1.5,0.23958333333333304,0.7,0.75,13,0.439638612881742,2.80584419103801
1.0,1.5,0.23958333333333304,0.7,0.9,0,0.439638612881742,2.9933708173849833
1.0,1.5,0.23958333333333304,0.7,0.9,1,0.439638612881742,3.2826077088572205
1.0,1.5,0.23958333333333304,0.7,0.9,2,0.439638612881742,2.8863840675817456
1.0,1.5,0.23958333333333304,0.7,0.9,3,0.439638612881742,3.2453147152847706
1.0,1.5,0.23958333333333304,0.7,0.9,4,0.439638612881742,2.5832274318839143
1.0,1.5,0.23958333333333304,0.7,0.9,5,0.439638612881742,2.371624635079883
1.0,1.5,0.23958333333333304,0.7,0.9,7,0.439638612881742,1.916168278549151
1.0,1.5,0.23958333333333304,0.7,0.9,10,0.439638612881742,2.338066551104117
1.0,1.5,0.23958333333333304,0.7,0.9,13,0.439638612881742,2.80584419103801
1.0,1.5,0.23958333333333304,0.7,0.95,0,0.439638612881742,2.9933708173849833
1.0,1.5,0.23958333333333304,0.7,0.95,1,0.439638612881742,3.2826077088572205
1.0,1.5,0.23958333333333304,0.7,0.95,2,0.439638612881742,2.8863840675817456
1.0,1.5,0.23958333333333304,0.7,0.95,3,0.439638612881742,3.2453147152847706
1.0,1.5,0.23958333333333304,0.7,0.95,4,0.439638612881742,2.5832274318839143
1.0,1.5,0.23958333333333304,0.7,0.95,5,0.439638612881742,2.371624635079883
1.0,1.5,0.23958333333333304,0.7,0.95,7,0.439638612881742,1.916168278549151
1.0,1.5,0.23958333333333304,0.7,0.95,10,0.439638612881742,2.338066551104117
1.0,1.5,0.23958333333333304,0.7,0.95,13,0.439638612881742,2.80584419103801
1.0,1.5,0.23958333333333304,0.7,0.99,0,0.439638612881742,2.9933708173849833
1.0,1.5,0.23958333333333304,0.7,0.99,1,0.439638612881742,3.2826077088572205
1.0,1.5,0.23958333333333304,0.7,0.99,2,0.439638612881742,2.8863840675817456
1.0,1.5,0.23958333333333304,0.7,0.99,3,0.439638612881742,3.2453147152847706
1.0,1.5,0.23958333333333304,0.7,0.99,4,0.439638612881742,2.5832274318839143
1.0,1.5,0.23958333333333304,0.7,0.99,5,0.439638612881742,2.371624635079883
1.0,1.5,0.23958333333333304,0.7,0.99,7,0.439638612881742,1.916168278549151
1.0,1.5,0.23958333333333304,0.7,0.99,10,0.439638612881742,2.338066551104117
1.0,1.5,0.23958333333333304,0.7,0.99,13,0.439638612881742,2.80584419103801
1.0,1.5,0.23958333333333304,0.7,0.995,0,0.439638612881742,2.9933708173849833
1.0,1.5,0.23958333333333304,0.7,0.995,1,0.439638612881742,3.2826077088572205
1.0,1.5,0.23958333333333304,0.7,0.995,2,0.439638612881742,2.8863840675817456
1.0,1.5,0.23958333333333304,0.7,0.995,3,0.439638612881742,3.2453147152847706
1.0,1.5,0.23958333333333304,0.7,0.995,4,0.439638612881742,2.5832274318839143
1.0,1.5,0.23958333333333304,0.7,0.995,5,0.439638612881742,2.371624635079883
1.0,1.5,0.23958333333333304,0.7,0.995,7,0.439638612881742,1.916168278549151
1.0,1.5,0.23958333333333304,0.7,0.995,10,0.439638612881742,2.338066551104117
1.0,1.5,0.23958333333333304,0.7,0.995,13,0.439638612881742,2.80584419103801
1.0,1.5,0.23958333333333304,0.7,0.999,0,0.439638612881742,2.9933708173849833
1.0,1.5,0.23958333333333304,0.7,0.999,1,0.439638612881742,3.2826077088572205
1.0,1.5,0.23958333333333304,0.7,0.999,2,0.439638612881742,2.8863840675817456
1.0,1.5,0.23958333333333304,0.7,0.999,3,0.439638612881742,3.2453147152847706
1.0,1.5,0.23958333333333304,0.7,0.999,4,0.439638612881742,2.5832274318839143
1.0,1.5,0.23958333333333304,0.7,0.999,5,0.439638612881742,2.371624635079883
1.0,1.5,0.23958333333333304,0.7,0.999,7,0.439638612881742,1.916168278549151
1.0,1.5,0.23958333333333304,0.7,0.999,10,0.439638612881742,2.338066551104117
1.0,1.5,0.23958333333333304,0.7,0.999,13,0.439638612881742,2.80584419103801
1.0,1.5,0.23958333333333304,0.75,0.5,0,0.439638612881742,3.247071728859681
1.0,1.5,0.23958333333333304,0.75,0.5,1,0.439638612881742,3.235880880910858
1.0,1.5,0.23958333333333304,0.75,0.5,2,0.439638612881742,3.2470029518262606
1.0,1.5,0.23958333333333304,0.75,0.5,3,0.439638612881742,3.1965483611751235
1.0,1.5,0.23958333333333304,0.75,0.5,4,0.439638612881742,3.1318413076381404
1.0,1.5,0.23958333333333304,0.75,0.5,5,0.439638612881742,2.6181298035168616
1.0,1.5,0.23958333333333304,0.75,0.5,7,0.439638612881742,2.552335796705505
1.0,1.5,0.23958333333333304,0.75,0.5,10,0.439638612881742,2.334304819353495
1.0,1.5,0.23958333333333304,0.75,0.5,13,0.439638612881742,3.2515429081557183
1.0,1.5,0.23958333333333304,0.75,0.75,0,0.439638612881742,3.247071728859681
1.0,1.5,0.23958333333333304,0.75,0.75,1,0.439638612881742,3.235880880910858
1.0,1.5,0.23958333333333304,0.75,0.75,2,0.439638612881742,3.2470029518262606
1.0,1.5,0.23958333333333304,0.75,0.75,3,0.439638612881742,3.1965483611751235
1.0,1.5,0.23958333333333304,0.75,0.75,4,0.439638612881742,3.1318413076381404
1.0,1.5,0.23958333333333304,0.75,0.75,5,0.439638612881742,2.6181298035168616
1.0,1.5,0.23958333333333304,0.75,0.75,7,0.439638612881742,2.552335796705505
1.0,1.5,0.23958333333333304,0.75,0.75,10,0.439638612881742,2.334304819353495
1.0,1.5,0.23958333333333304,0.75,0.75,13,0.439638612881742,3.2515429081557183
1.0,1.5,0.23958333333333304,0.75,0.9,0,0.439638612881742,3.247071728859681
1.0,1.5,0.23958333333333304,0.75,0.9,1,0.439638612881742,3.235880880910858
1.0,1.5,0.23958333333333304,0.75,0.9,2,0.439638612881742,3.2470029518262606
1.0,1.5,0.23958333333333304,0.75,0.9,3,0.439638612881742,3.1965483611751235
1.0,1.5,0.23958333333333304,0.75,0.9,4,0.439638612881742,3.1318413076381404
1.0,1.5,0.23958333333333304,0.75,0.9,5,0.439638612881742,2.6181298035168616
1.0,1.5,0.23958333333333304,0.75,0.9,7,0.439638612881742,2.552335796705505
1.0,1.5,0.23958333333333304,0.75,0.9,10,0.439638612881742,2.334304819353495
1.0,1.5,0.23958333333333304,0.75,0.9,13,0.439638612881742,3.2515429081557183
1.0,1.5,0.23958333333333304,0.75,0.95,0,0.439638612881742,3.247071728859681
1.0,1.5,0.23958333333333304,0.75,0.95,1,0.439638612881742,3.235880880910858
1.0,1.5,0.23958333333333304,0.75,0.95,2,0.439638612881742,3.2470029518262606
1.0,1.5,0.23958333333333304,0.75,0.95,3,0.439638612881742,3.1965483611751235
1.0,1.5,0.23958333333333304,0.75,0.95,4,0.439638612881742,3.1318413076381404
1.0,1.5,0.23958333333333304,0.75,0.95,5,0.439638612881742,2.6181298035168616
1.0,1.5,0.23958333333333304,0.75,0.95,7,0.439638612881742,2.552335796705505
1.0,1.5,0.23958333333333304,0.75,0.95,10,0.439638612881742,2.334304819353495
1.0,1.5,0.23958333333333304,0.75,0.95,13,0.439638612881742,3.2515429081557183
1.0,1.5,0.23958333333333304,0.75,0.99,0,0.439638612881742,3.247071728859681
1.0,1.5,0.23958333333333304,0.75,0.99,1,0.439638612881742,3.235880880910858
1.0,1.5,0.23958333333333304,0.75,0.99,2,0.439638612881742,3.2470029518262606
1.0,1.5,0.23958333333333304,0.75,0.99,3,0.439638612881742,3.1965483611751235
1.0,1.5,0.23958333333333304,0.75,0.99,4,0.439638612881742,3.1318413076381404
1.0,1.5,0.23958333333333304,0.75,0.99,5,0.439638612881742,2.6181298035168616
1.0,1.5,0.23958333333333304,0.75,0.99,7,0.439638612881742,2.552335796705505
1.0,1.5,0.23958333333333304,0.75,0.99,10,0.439638612881742,2.334304819353495
1.0,1.5,0.23958333333333304,0.75,0.99,13,0.439638612881742,3.2515429081557183
1.0,1.5,0.23958333333333304,0.75,0.995,0,0.439638612881742,3.247071728859681
1.0,1.5,0.23958333333333304,0.75,0.995,1,0.439638612881742,3.235880880910858
1.0,1.5,0.23958333333333304,0.75,0.995,2,0.439638612881742,3.2470029518262606
1.0,1.5,0.23958333333333304,0.75,0.995,3,0.439638612881742,3.1965483611751235
1.0,1.5,0.23958333333333304,0.75,0.995,4,0.439638612881742,3.1318413076381404
1.0,1.5,0.23958333333333304,0.75,0.995,5,0.439638612881742,2.6181298035168616
1.0,1.5,0.23958333333333304,0.75,0.995,7,0.439638612881742,2.552335796705505
1.0,1.5,0.23958333333333304,0.75,0.995,10,0.439638612881742,2.334304819353495
1.0,1.5,0.23958333333333304,0.75,0.995,13,0.439638612881742,3.2515429081557183
1.0,1.5,0.23958333333333304,0.75,0.999,0,0.439638612881742,3.247071728859681
1.0,1.5,0.23958333333333304,0.75,0.999,1,0.439638612881742,3.235880880910858
1.0,1.5,0.23958333333333304,0.75,0.999,2,0.439638612881742,3.2470029518262606
1.0,1.5,0.23958333333333304,0.75,0.999,3,0.439638612881742,3.1965483611751235
1.0,1.5,0.23958333333333304,0.75,0.999,4,0.439638612881742,3.1318413076381404
1.0,1.5,0.23958333333333304,0.75,0.999,5,0.439638612881742,2.6181298035168616
1.0,1.5,0.23958333333333304,0.75,0.999,7,0.439638612881742,2.552335796705505
1.0,1.5,0.23958333333333304,0.75,0.999,10,0.439638612881742,2.334304819353495
1.0,1.5,0.23958333333333304,0.75,0.999,13,0.439638612881742,3.2515429081557183
1.0,1.5,0.23958333333333304,0.8,0.5,0,0.439638612881742,3.1841661094331033
1.0,1.5,0.23958333333333304,0.8,0.5,1,0.439638612881742,2.840941850843203
1.0,1.5,0.23958333333333304,0.8,0.5,2,0.439638612881742,2.9816546433895863
1.0,1.5,0.23958333333333304,0.8,0.5,3,0.439638612881742,2.8640481824626924
1.0,1.5,0.23958333333333304,0.8,0.5,4,0.439638612881742,2.701309635090203
1.0,1.5,0.23958333333333304,0.8,0.5,5,0.439638612881742,2.4047987792203775
1.0,1.5,0.23958333333333304,0.8,0.5,7,0.439638612881742,2.6376639600642893
1.0,1.5,0.23958333333333304,0.8,0.5,10,0.439638612881742,2.213781884826997
1.0,1.5,0.23958333333333304,0.8,0.5,13,0.439638612881742,3.9145136386560364
1.0,1.5,0.23958333333333304,0.8,0.75,0,0.439638612881742,3.1841661094331033
1.0,1.5,0.23958333333333304,0.8,0.75,1,0.439638612881742,2.840941850843203
1.0,1.5,0.23958333333333304,0.8,0.75,2,0.439638612881742,2.9816546433895863
1.0,1.5,0.23958333333333304,0.8,0.75,3,0.439638612881742,2.8640481824626924
1.0,1.5,0.23958333333333304,0.8,0.75,4,0.439638612881742,2.701309635090203
1.0,1.5,0.23958333333333304,0.8,0.75,5,0.439638612881742,2.4047987792203775
1.0,1.5,0.23958333333333304,0.8,0.75,7,0.439638612881742,2.6376639600642893
1.0,1.5,0.23958333333333304,0.8,0.75,10,0.439638612881742,2.213781884826997
1.0,1.5,0.23958333333333304,0.8,0.75,13,0.439638612881742,3.9145136386560364
1.0,1.5,0.23958333333333304,0.8,0.9,0,0.439638612881742,3.1841661094331033
1.0,1.5,0.23958333333333304,0.8,0.9,1,0.439638612881742,2.840941850843203
1.0,1.5,0.23958333333333304,0.8,0.9,2,0.439638612881742,2.9816546433895863
1.0,1.5,0.23958333333333304,0.8,0.9,3,0.439638612881742,2.8640481824626924
1.0,1.5,0.23958333333333304,0.8,0.9,4,0.439638612881742,2.701309635090203
1.0,1.5,0.23958333333333304,0.8,0.9,5,0.439638612881742,2.4047987792203775
1.0,1.5,0.23958333333333304,0.8,0.9,7,0.439638612881742,2.6376639600642893
1.0,1.5,0.23958333333333304,0.8,0.9,10,0.439638612881742,2.213781884826997
1.0,1.5,0.23958333333333304,0.8,0.9,13,0.439638612881742,3.9145136386560364
1.0,1.5,0.23958333333333304,0.8,0.95,0,0.439638612881742,3.1841661094331033
1.0,1.5,0.23958333333333304,0.8,0.95,1,0.439638612881742,2.840941850843203
1.0,1.5,0.23958333333333304,0.8,0.95,2,0.439638612881742,2.9816546433895863
1.0,1.5,0.23958333333333304,0.8,0.95,3,0.439638612881742,2.8640481824626924
1.0,1.5,0.23958333333333304,0.8,0.95,4,0.439638612881742,2.701309635090203
1.0,1.5,0.23958333333333304,0.8,0.95,5,0.439638612881742,2.4047987792203775
1.0,1.5,0.23958333333333304,0.8,0.95,7,0.439638612881742,2.6376639600642893
1.0,1.5,0.23958333333333304,0.8,0.95,10,0.439638612881742,2.213781884826997
1.0,1.5,0.23958333333333304,0.8,0.95,13,0.439638612881742,3.9145136386560364
1.0,1.5,0.23958333333333304,0.8,0.99,0,0.439638612881742,3.1841661094331033
1.0,1.5,0.23958333333333304,0.8,0.99,1,0.439638612881742,2.840941850843203
1.0,1.5,0.23958333333333304,0.8,0.99,2,0.439638612881742,2.9816546433895863
1.0,1.5,0.23958333333333304,0.8,0.99,3,0.439638612881742,2.8640481824626924
1.0,1.5,0.23958333333333304,0.8,0.99,4,0.439638612881742,2.701309635090203
1.0,1.5,0.23958333333333304,0.8,0.99,5,0.439638612881742,2.4047987792203775
1.0,1.5,0.23958333333333304,0.8,0.99,7,0.439638612881742,2.6376639600642893
1.0,1.5,0.23958333333333304,0.8,0.99,10,0.439638612881742,2.213781884826997
1.0,1.5,0.23958333333333304,0.8,0.99,13,0.439638612881742,3.9145136386560364
1.0,1.5,0.23958333333333304,0.8,0.995,0,0.439638612881742,3.1841661094331033
1.0,1.5,0.23958333333333304,0.8,0.995,1,0.439638612881742,2.840941850843203
1.0,1.5,0.23958333333333304,0.8,0.995,2,0.439638612881742,2.9816546433895863
1.0,1.5,0.23958333333333304,0.8,0.995,3,0.439638612881742,2.8640481824626924
1.0,1.5,0.23958333333333304,0.8,0.995,4,0.439638612881742,2.701309635090203
1.0,1.5,0.23958333333333304,0.8,0.995,5,0.439638612881742,2.4047987792203775
1.0,1.5,0.23958333333333304,0.8,0.995,7,0.439638612881742,2.6376639600642893
1.0,1.5,0.23958333333333304,0.8,0.995,10,0.439638612881742,2.213781884826997
1.0,1.5,0.23958333333333304,0.8,0.995,13,0.439638612881742,3.9145136386560364
1.0,1.5,0.23958333333333304,0.8,0.999,0,0.439638612881742,3.1841661094331033
1.0,1.5,0.23958333333333304,0.8,0.999,1,0.439638612881742,2.840941850843203
1.0,1.5,0.23958333333333304,0.8,0.999,2,0.439638612881742,2.9816546433895863
1.0,1.5,0.23958333333333304,0.8,0.999,3,0.439638612881742,2.8640481824626924
1.0,1.5,0.23958333333333304,0.8,0.999,4,0.439638612881742,2.701309635090203
1.0,1.5,0.23958333333333304,0.8,0.999,5,0.439638612881742,2.4047987792203775
1.0,1.5,0.23958333333333304,0.8,0.999,7,0.439638612881742,2.6376639600642893
1.0,1.5,0.23958333333333304,0.8,0.999,10,0.439638612881742,2.213781884826997
1.0,1.5,0.23958333333333304,0.8,0.999,13,0.439638612881742,3.9145136386560364
1.0,1.5,0.23958333333333304,0.85,0.5,0,0.439638612881742,3.3559073428206134
1.0,1.5,0.23958333333333304,0.85,0.5,1,0.439638612881742,3.2207489815249137
1.0,1.5,0.23958333333333304,0.85,0.5,2,0.439638612881742,3.371534469118992
1.0,1.5,0.23958333333333304,0.85,0.5,3,0.439638612881742,3.187220152720625
1.0,1.5,0.23958333333333304,0.85,0.5,4,0.439638612881742,3.0058331785940613
1.0,1.5,0.23958333333333304,0.85,0.5,5,0.439638612881742,2.6582727991052306
1.0,1.5,0.23958333333333304,0.85,0.5,7,0.439638612881742,2.8689433529851684
1.0,1.5,0.23958333333333304,0.85,0.5,10,0.439638612881742,3.0034932385259316
1.0,1.5,0.23958333333333304,0.85,0.5,13,0.439638612881742,3.468037341130987
1.0,1.5,0.23958333333333304,0.85,0.75,0,0.439638612881742,3.3559073428206134
1.0,1.5,0.23958333333333304,0.85,0.75,1,0.439638612881742,3.2207489815249137
1.0,1.5,0.23958333333333304,0.85,0.75,2,0.439638612881742,3.371534469118992
1.0,1.5,0.23958333333333304,0.85,0.75,3,0.439638612881742,3.187220152720625
1.0,1.5,0.23958333333333304,0.85,0.75,4,0.439638612881742,3.0058331785940613
1.0,1.5,0.23958333333333304,0.85,0.75,5,0.439638612881742,2.6582727991052306
1.0,1.5,0.23958333333333304,0.85,0.75,7,0.439638612881742,2.8689433529851684
1.0,1.5,0.23958333333333304,0.85,0.75,10,0.439638612881742,3.0034932385259316
1.0,1.5,0.23958333333333304,0.85,0.75,13,0.439638612881742,3.468037341130987
1.0,1.5,0.23958333333333304,0.85,0.9,0,0.439638612881742,3.3559073428206134
1.0,1.5,0.23958333333333304,0.85,0.9,1,0.439638612881742,3.2207489815249137
1.0,1.5,0.23958333333333304,0.85,0.9,2,0.439638612881742,3.371534469118992
1.0,1.5,0.23958333333333304,0.85,0.9,3,0.439638612881742,3.187220152720625
1.0,1.5,0.23958333333333304,0.85,0.9,4,0.439638612881742,3.0058331785940613
1.0,1.5,0.23958333333333304,0.85,0.9,5,0.439638612881742,2.6582727991052306
1.0,1.5,0.23958333333333304,0.85,0.9,7,0.439638612881742,2.8689433529851684
1.0,1.5,0.23958333333333304,0.85,0.9,10,0.439638612881742,3.0034932385259316
1.0,1.5,0.23958333333333304,0.85,0.9,13,0.439638612881742,3.468037341130987
1.0,1.5,0.23958333333333304,0.85,0.95,0,0.439638612881742,3.3559073428206134
1.0,1.5,0.23958333333333304,0.85,0.95,1,0.439638612881742,3.2207489815249137
1.0,1.5,0.23958333333333304,0.85,0.95,2,0.439638612881742,3.371534469118992
1.0,1.5,0.23958333333333304,0.85,0.95,3,0.439638612881742,3.187220152720625
1.0,1.5,0.23958333333333304,0.85,0.95,4,0.439638612881742,3.0058331785940613
1.0,1.5,0.23958333333333304,0.85,0.95,5,0.439638612881742,2.6582727991052306
1.0,1.5,0.23958333333333304,0.85,0.95,7,0.439638612881742,2.8689433529851684
1.0,1.5,0.23958333333333304,0.85,0.95,10,0.439638612881742,3.0034932385259316
1.0,1.5,0.23958333333333304,0.85,0.95,13,0.439638612881742,3.468037341130987
1.0,1.5,0.23958333333333304,0.85,0.99,0,0.439638612881742,3.3559073428206134
1.0,1.5,0.23958333333333304,0.85,0.99,1,0.439638612881742,3.2207489815249137
1.0,1.5,0.23958333333333304,0.85,0.99,2,0.439638612881742,3.371534469118992
1.0,1.5,0.23958333333333304,0.85,0.99,3,0.439638612881742,3.187220152720625
1.0,1.5,0.23958333333333304,0.85,0.99,4,0.439638612881742,3.0058331785940613
1.0,1.5,0.23958333333333304,0.85,0.99,5,0.439638612881742,2.6582727991052306
1.0,1.5,0.23958333333333304,0.85,0.99,7,0.439638612881742,2.8689433529851684
1.0,1.5,0.23958333333333304,0.85,0.99,10,0.439638612881742,3.0034932385259316
1.0,1.5,0.23958333333333304,0.85,0.99,13,0.439638612881742,3.468037341130987
1.0,1.5,0.23958333333333304,0.85,0.995,0,0.439638612881742,3.3559073428206134
1.0,1.5,0.23958333333333304,0.85,0.995,1,0.439638612881742,3.2207489815249137
1.0,1.5,0.23958333333333304,0.85,0.995,2,0.439638612881742,3.371534469118992
1.0,1.5,0.23958333333333304,0.85,0.995,3,0.439638612881742,3.187220152720625
1.0,1.5,0.23958333333333304,0.85,0.995,4,0.439638612881742,3.0058331785940613
1.0,1.5,0.23958333333333304,0.85,0.995,5,0.439638612881742,2.6582727991052306
1.0,1.5,0.23958333333333304,0.85,0.995,7,0.439638612881742,2.8689433529851684
1.0,1.5,0.23958333333333304,0.85,0.995,10,0.439638612881742,3.0034932385259316
1.0,1.5,0.23958333333333304,0.85,0.995,13,0.439638612881742,3.468037341130987
1.0,1.5,0.23958333333333304,0.85,0.999,0,0.439638612881742,3.3559073428206134
1.0,1.5,0.23958333333333304,0.85,0.999,1,0.439638612881742,3.2207489815249137
1.0,1.5,0.23958333333333304,0.85,0.999,2,0.439638612881742,3.371534469118992
1.0,1.5,0.23958333333333304,0.85,0.999,3,0.439638612881742,3.187220152720625
1.0,1.5,0.23958333333333304,0.85,0.999,4,0.439638612881742,3.0058331785940613
1.0,1.5,0.23958333333333304,0.85,0.999,5,0.439638612881742,2.6582727991052306
1.0,1.5,0.23958333333333304,0.85,0.999,7,0.439638612881742,2.8689433529851684
1.0,1.5,0.23958333333333304,0.85,0.999,10,0.439638612881742,3.0034932385259316
1.0,1.5,0.23958333333333304,0.85,0.999,13,0.439638612881742,3.468037341130987
1.0,1.5,0.23958333333333304,0.9,0.5,0,0.439638612881742,3.137452682462736
1.0,1.5,0.23958333333333304,0.9,0.5,1,0.439638612881742,3.016188188302321
1.0,1.5,0.23958333333333304,0.9,0.5,2,0.439638612881742,3.1898158518008253
1.0,1.5,0.23958333333333304,0.9,0.5,3,0.439638612881742,3.158694519333789
1.0,1.5,0.23958333333333304,0.9,0.5,4,0.439638612881742,2.9419796752349616
1.0,1.5,0.23958333333333304,0.9,0.5,5,0.439638612881742,2.575902638609949
1.0,1.5,0.23958333333333304,0.9,0.5,7,0.439638612881742,2.771284560177789
1.0,1.5,0.23958333333333304,0.9,0.5,10,0.439638612881742,2.4157456455390016
1.0,1.5,0.23958333333333304,0.9,0.5,13,0.439638612881742,2.6306576350581365
1.0,1.5,0.23958333333333304,0.9,0.75,0,0.439638612881742,3.137452682462736
1.0,1.5,0.23958333333333304,0.9,0.75,1,0.439638612881742,3.016188188302321
1.0,1.5,0.23958333333333304,0.9,0.75,2,0.439638612881742,3.1898158518008253
1.0,1.5,0.23958333333333304,0.9,0.75,3,0.439638612881742,3.158694519333789
1.0,1.5,0.23958333333333304,0.9,0.75,4,0.439638612881742,2.9419796752349616
1.0,1.5,0.23958333333333304,0.9,0.75,5,0.439638612881742,2.575902638609949
1.0,1.5,0.23958333333333304,0.9,0.75,7,0.439638612881742,2.771284560177789
1.0,1.5,0.23958333333333304,0.9,0.75,10,0.439638612881742,2.4157456455390016
1.0,1.5,0.23958333333333304,0.9,0.75,13,0.439638612881742,2.6306576350581365
1.0,1.5,0.23958333333333304,0.9,0.9,0,0.439638612881742,3.137452682462736
1.0,1.5,0.23958333333333304,0.9,0.9,1,0.439638612881742,3.016188188302321
1.0,1.5,0.23958333333333304,0.9,0.9,2,0.439638612881742,3.1898158518008253
1.0,1.5,0.23958333333333304,0.9,0.9,3,0.439638612881742,3.158694519333789
1.0,1.5,0.23958333333333304,0.9,0.9,4,0.439638612881742,2.9419796752349616
1.0,1.5,0.23958333333333304,0.9,0.9,5,0.439638612881742,2.575902638609949
1.0,1.5,0.23958333333333304,0.9,0.9,7,0.439638612881742,2.771284560177789
1.0,1.5,0.23958333333333304,0.9,0.9,10,0.439638612881742,2.4157456455390016
1.0,1.5,0.23958333333333304,0.9,0.9,13,0.439638612881742,2.6306576350581365
1.0,1.5,0.23958333333333304,0.9,0.95,0,0.439638612881742,3.137452682462736
1.0,1.5,0.23958333333333304,0.9,0.95,1,0.439638612881742,3.016188188302321
1.0,1.5,0.23958333333333304,0.9,0.95,2,0.439638612881742,3.1898158518008253
1.0,1.5,0.23958333333333304,0.9,0.95,3,0.439638612881742,3.158694519333789
1.0,1.5,0.23958333333333304,0.9,0.95,4,0.439638612881742,2.9419796752349616
1.0,1.5,0.23958333333333304,0.9,0.95,5,0.439638612881742,2.575902638609949
1.0,1.5,0.23958333333333304,0.9,0.95,7,0.439638612881742,2.771284560177789
1.0,1.5,0.23958333333333304,0.9,0.95,10,0.439638612881742,2.4157456455390016
1.0,1.5,0.23958333333333304,0.9,0.95,13,0.439638612881742,2.6306576350581365
1.0,1.5,0.23958333333333304,0.9,0.99,0,0.439638612881742,3.137452682462736
1.0,1.5,0.23958333333333304,0.9,0.99,1,0.439638612881742,3.016188188302321
1.0,1.5,0.23958333333333304,0.9,0.99,2,0.439638612881742,3.1898158518008253
1.0,1.5,0.23958333333333304,0.9,0.99,3,0.439638612881742,3.158694519333789
1.0,1.5,0.23958333333333304,0.9,0.99,4,0.439638612881742,2.9419796752349616
1.0,1.5,0.23958333333333304,0.9,0.99,5,0.439638612881742,2.575902638609949
1.0,1.5,0.23958333333333304,0.9,0.99,7,0.439638612881742,2.771284560177789
1.0,1.5,0.23958333333333304,0.9,0.99,10,0.439638612881742,2.4157456455390016
1.0,1.5,0.23958333333333304,0.9,0.99,13,0.439638612881742,2.6306576350581365
1.0,1.5,0.23958333333333304,0.9,0.995,0,0.439638612881742,3.137452682462736
1.0,1.5,0.23958333333333304,0.9,0.995,1,0.439638612881742,3.016188188302321
1.0,1.5,0.23958333333333304,0.9,0.995,2,0.439638612881742,3.1898158518008253
1.0,1.5,0.23958333333333304,0.9,0.995,3,0.439638612881742,3.158694519333789
1.0,1.5,0.23958333333333304,0.9,0.995,4,0.439638612881742,2.9419796752349616
1.0,1.5,0.23958333333333304,0.9,0.995,5,0.439638612881742,2.575902638609949
1.0,1.5,0.23958333333333304,0.9,0.995,7,0.439638612881742,2.771284560177789
1.0,1.5,0.23958333333333304,0.9,0.995,10,0.439638612881742,2.4157456455390016
1.0,1.5,0.23958333333333304,0.9,0.995,13,0.439638612881742,2.6306576350581365
1.0,1.5,0.23958333333333304,0.9,0.999,0,0.439638612881742,3.137452682462736
1.0,1.5,0.23958333333333304,0.9,0.999,1,0.439638612881742,3.016188188302321
1.0,1.5,0.23958333333333304,0.9,0.999,2,0.439638612881742,3.1898158518008253
1.0,1.5,0.23958333333333304,0.9,0.999,3,0.439638612881742,3.158694519333789
1.0,1.5,0.23958333333333304,0.9,0.999,4,0.439638612881742,2.9419796752349616
1.0,1.5,0.23958333333333304,0.9,0.999,5,0.439638612881742,2.575902638609949
1.0,1.5,0.23958333333333304,0.9,0.999,7,0.439638612881742,2.771284560177789
1.0,1.5,0.23958333333333304,0.9,0.999,10,0.439638612881742,2.4157456455390016
1.0,1.5,0.23958333333333304,0.9,0.999,13,0.439638612881742,2.6306576350581365
1.0,1.5,0.23958333333333304,0.95,0.5,0,0.439638612881742,3.528710032545584
1.0,1.5,0.23958333333333304,0.95,0.5,1,0.439638612881742,3.4053988049967643
1.0,1.5,0.23958333333333304,0.95,0.5,2,0.439638612881742,3.4062480093153304
1.0,1.5,0.23958333333333304,0.95,0.5,3,0.439638612881742,3.0747036170178865
1.0,1.5,0.23958333333333304,0.95,0.5,4,0.439638612881742,2.8920596979730435
1.0,1.5,0.23958333333333304,0.95,0.5,5,0.439638612881742,2.801140708487621
1.0,1.5,0.23958333333333304,0.95,0.5,7,0.439638612881742,2.319457493130612
1.0,1.5,0.23958333333333304,0.95,0.5,10,0.439638612881742,2.4507645702648952
1.0,1.5,0.23958333333333304,0.95,0.5,13,0.439638612881742,2.283377385746928
1.0,1.5,0.23958333333333304,0.95,0.75,0,0.439638612881742,3.528710032545584
1.0,1.5,0.23958333333333304,0.95,0.75,1,0.439638612881742,3.4053988049967643
1.0,1.5,0.23958333333333304,0.95,0.75,2,0.439638612881742,3.4062480093153304
1.0,1.5,0.23958333333333304,0.95,0.75,3,0.439638612881742,3.0747036170178865
1.0,1.5,0.23958333333333304,0.95,0.75,4,0.439638612881742,2.8920596979730435
1.0,1.5,0.23958333333333304,0.95,0.75,5,0.439638612881742,2.801140708487621
1.0,1.5,0.23958333333333304,0.95,0.75,7,0.439638612881742,2.319457493130612
1.0,1.5,0.23958333333333304,0.95,0.75,10,0.439638612881742,2.4507645702648952
1.0,1.5,0.23958333333333304,0.95,0.75,13,0.439638612881742,2.283377385746928
1.0,1.5,0.23958333333333304,0.95,0.9,0,0.439638612881742,3.528710032545584
1.0,1.5,0.23958333333333304,0.95,0.9,1,0.439638612881742,3.4053988049967643
1.0,1.5,0.23958333333333304,0.95,0.9,2,0.439638612881742,3.4062480093153304
1.0,1.5,0.23958333333333304,0.95,0.9,3,0.439638612881742,3.0747036170178865
1.0,1.5,0.23958333333333304,0.95,0.9,4,0.439638612881742,2.8920596979730435
1.0,1.5,0.23958333333333304,0.95,0.9,5,0.439638612881742,2.801140708487621
1.0,1.5,0.23958333333333304,0.95,0.9,7,0.439638612881742,2.319457493130612
1.0,1.5,0.23958333333333304,0.95,0.9,10,0.439638612881742,2.4507645702648952
1.0,1.5,0.23958333333333304,0.95,0.9,13,0.439638612881742,2.283377385746928
1.0,1.5,0.23958333333333304,0.95,0.95,0,0.439638612881742,3.528710032545584
1.0,1.5,0.23958333333333304,0.95,0.95,1,0.439638612881742,3.4053988049967643
1.0,1.5,0.23958333333333304,0.95,0.95,2,0.439638612881742,3.4062480093153304
1.0,1.5,0.23958333333333304,0.95,0.95,3,0.439638612881742,3.0747036170178865
1.0,1.5,0.23958333333333304,0.95,0.95,4,0.439638612881742,2.8920596979730435
1.0,1.5,0.23958333333333304,0.95,0.95,5,0.439638612881742,2.801140708487621
1.0,1.5,0.23958333333333304,0.95,0.95,7,0.439638612881742,2.319457493130612
1.0,1.5,0.23958333333333304,0.95,0.95,10,0.439638612881742,2.4507645702648952
1.0,1.5,0.23958333333333304,0.95,0.95,13,0.439638612881742,2.283377385746928
1.0,1.5,0.23958333333333304,0.95,0.99,0,0.439638612881742,3.528710032545584
1.0,1.5,0.23958333333333304,0.95,0.99,1,0.439638612881742,3.4053988049967643
1.0,1.5,0.23958333333333304,0.95,0.99,2,0.439638612881742,3.4062480093153304
1.0,1.5,0.23958333333333304,0.95,0.99,3,0.439638612881742,3.0747036170178865
1.0,1.5,0.23958333333333304,0.95,0.99,4,0.439638612881742,2.8920596979730435
1.0,1.5,0.23958333333333304,0.95,0.99,5,0.439638612881742,2.801140708487621
1.0,1.5,0.23958333333333304,0.95,0.99,7,0.439638612881742,2.319457493130612
1.0,1.5,0.23958333333333304,0.95,0.99,10,0.439638612881742,2.4507645702648952
1.0,1.5,0.23958333333333304,0.95,0.99,13,0.439638612881742,2.283377385746928
1.0,1.5,0.23958333333333304,0.95,0.995,0,0.439638612881742,3.528710032545584
1.0,1.5,0.23958333333333304,0.95,0.995,1,0.439638612881742,3.4053988049967643
1.0,1.5,0.23958333333333304,0.95,0.995,2,0.439638612881742,3.4062480093153304
1.0,1.5,0.23958333333333304,0.95,0.995,3,0.439638612881742,3.0747036170178865
1.0,1.5,0.23958333333333304,0.95,0.995,4,0.439638612881742,2.8920596979730435
1.0,1.5,0.23958333333333304,0.95,0.995,5,0.439638612881742,2.801140708487621
1.0,1.5,0.23958333333333304,0.95,0.995,7,0.439638612881742,2.319457493130612
1.0,1.5,0.23958333333333304,0.95,0.995,10,0.439638612881742,2.4507645702648952
1.0,1.5,0.23958333333333304,0.95,0.995,13,0.439638612881742,2.283377385746928
1.0,1.5,0.23958333333333304,0.95,0.999,0,0.439638612881742,3.528710032545584
1.0,1.5,0.23958333333333304,0.95,0.999,1,0.439638612881742,3.4053988049967643
1.0,1.5,0.23958333333333304,0.95,0.999,2,0.439638612881742,3.4062480093153304
1.0,1.5,0.23958333333333304,0.95,0.999,3,0.439638612881742,3.0747036170178865
1.0,1.5,0.23958333333333304,0.95,0.999,4,0.439638612881742,2.8920596979730435
1.0,1.5,0.23958333333333304,0.95,0.999,5,0.439638612881742,2.801140708487621
1.0,1.5,0.23958333333333304,0.95,0.999,7,0.439638612881742,2.319457493130612
1.0,1.5,0.23958333333333304,0.95,0.999,10,0.439638612881742,2.4507645702648952
1.0,1.5,0.23958333333333304,0.95,0.999,13,0.439638612881742,2.283377385746928
1.0,1.5,0.23958333333333304,0.975,0.5,0,0.439638612881742,2.995582961635477
1.0,1.5,0.23958333333333304,0.975,0.5,1,0.439638612881742,3.540212542813049
1.0,1.5,0.23958333333333304,0.975,0.5,2,0.439638612881742,3.5110471746848724
1.0,1.5,0.23958333333333304,0.975,0.5,3,0.439638612881742,3.1032806221660385
1.0,1.5,0.23958333333333304,0.975,0.5,4,0.439638612881742,2.958452695743044
1.0,1.5,0.23958333333333304,0.975,0.5,5,0.439638612881742,2.847797646402066
1.0,1.5,0.23958333333333304,0.975,0.5,7,0.439638612881742,2.866520398688149
1.0,1.5,0.23958333333333304,0.975,0.5,10,0.439638612881742,2.688054333078439
1.0,1.5,0.23958333333333304,0.975,0.5,13,0.439638612881742,2.6443316785383093
1.0,1.5,0.23958333333333304,0.975,0.75,0,0.439638612881742,2.995582961635477
1.0,1.5,0.23958333333333304,0.975,0.75,1,0.439638612881742,3.540212542813049
1.0,1.5,0.23958333333333304,0.975,0.75,2,0.439638612881742,3.5110471746848724
1.0,1.5,0.23958333333333304,0.975,0.75,3,0.439638612881742,3.1032806221660385
1.0,1.5,0.23958333333333304,0.975,0.75,4,0.439638612881742,2.958452695743044
1.0,1.5,0.23958333333333304,0.975,0.75,5,0.439638612881742,2.847797646402066
1.0,1.5,0.23958333333333304,0.975,0.75,7,0.439638612881742,2.866520398688149
1.0,1.5,0.23958333333333304,0.975,0.75,10,0.439638612881742,2.688054333078439
1.0,1.5,0.23958333333333304,0.975,0.75,13,0.439638612881742,2.6443316785383093
1.0,1.5,0.23958333333333304,0.975,0.9,0,0.439638612881742,2.995582961635477
1.0,1.5,0.23958333333333304,0.975,0.9,1,0.439638612881742,3.540212542813049
1.0,1.5,0.23958333333333304,0.975,0.9,2,0.439638612881742,3.5110471746848724
1.0,1.5,0.23958333333333304,0.975,0.9,3,0.439638612881742,3.1032806221660385
1.0,1.5,0.23958333333333304,0.975,0.9,4,0.439638612881742,2.958452695743044
1.0,1.5,0.23958333333333304,0.975,0.9,5,0.439638612881742,2.847797646402066
1.0,1.5,0.23958333333333304,0.975,0.9,7,0.439638612881742,2.866520398688149
1.0,1.5,0.23958333333333304,0.975,0.9,10,0.439638612881742,2.688054333078439
1.0,1.5,0.23958333333333304,0.975,0.9,13,0.439638612881742,2.6443316785383093
1.0,1.5,0.23958333333333304,0.975,0.95,0,0.439638612881742,2.995582961635477
1.0,1.5,0.23958333333333304,0.975,0.95,1,0.439638612881742,3.540212542813049
1.0,1.5,0.23958333333333304,0.975,0.95,2,0.439638612881742,3.5110471746848724
1.0,1.5,0.23958333333333304,0.975,0.95,3,0.439638612881742,3.1032806221660385
1.0,1.5,0.23958333333333304,0.975,0.95,4,0.439638612881742,2.958452695743044
1.0,1.5,0.23958333333333304,0.975,0.95,5,0.439638612881742,2.847797646402066
1.0,1.5,0.23958333333333304,0.975,0.95,7,0.439638612881742,2.866520398688149
1.0,1.5,0.23958333333333304,0.975,0.95,10,0.439638612881742,2.688054333078439
1.0,1.5,0.23958333333333304,0.975,0.95,13,0.439638612881742,2.6443316785383093
1.0,1.5,0.23958333333333304,0.975,0.99,0,0.439638612881742,2.995582961635477
1.0,1.5,0.23958333333333304,0.975,0.99,1,0.439638612881742,3.540212542813049
1.0,1.5,0.23958333333333304,0.975,0.99,2,0.439638612881742,3.5110471746848724
1.0,1.5,0.23958333333333304,0.975,0.99,3,0.439638612881742,3.1032806221660385
1.0,1.5,0.23958333333333304,0.975,0.99,4,0.439638612881742,2.958452695743044
1.0,1.5,0.23958333333333304,0.975,0.99,5,0.439638612881742,2.847797646402066
1.0,1.5,0.23958333333333304,0.975,0.99,7,0.439638612881742,2.866520398688149
1.0,1.5,0.23958333333333304,0.975,0.99,10,0.439638612881742,2.688054333078439
1.0,1.5,0.23958333333333304,0.975,0.99,13,0.439638612881742,2.6443316785383093
1.0,1.5,0.23958333333333304,0.975,0.995,0,0.439638612881742,2.995582961635477
1.0,1.5,0.23958333333333304,0.975,0.995,1,0.439638612881742,3.540212542813049
1.0,1.5,0.23958333333333304,0.975,0.995,2,0.439638612881742,3.5110471746848724
1.0,1.5,0.23958333333333304,0.975,0.995,3,0.439638612881742,3.1032806221660385
1.0,1.5,0.23958333333333304,0.975,0.995,4,0.439638612881742,2.958452695743044
1.0,1.5,0.23958333333333304,0.975,0.995,5,0.439638612881742,2.847797646402066
1.0,1.5,0.23958333333333304,0.975,0.995,7,0.439638612881742,2.866520398688149
1.0,1.5,0.23958333333333304,0.975,0.995,10,0.439638612881742,2.688054333078439
1.0,1.5,0.23958333333333304,0.975,0.995,13,0.439638612881742,2.6443316785383093
1.0,1.5,0.23958333333333304,0.975,0.999,0,0.439638612881742,2.995582961635477
1.0,1.5,0.23958333333333304,0.975,0.999,1,0.439638612881742,3.540212542813049
1.0,1.5,0.23958333333333304,0.975,0.999,2,0.439638612881742,3.5110471746848724
1.0,1.5,0.23958333333333304,0.975,0.999,3,0.439638612881742,3.1032806221660385
1.0,1.5,0.23958333333333304,0.975,0.999,4,0.439638612881742,2.958452695743044
1.0,1.5,0.23958333333333304,0.975,0.999,5,0.439638612881742,2.847797646402066
1.0,1.5,0.23958333333333304,0.975,0.999,7,0.439638612881742,2.866520398688149
1.0,1.5,0.23958333333333304,0.975,0.999,10,0.439638612881742,2.688054333078439
1.0,1.5,0.23958333333333304,0.975,0.999,13,0.439638612881742,2.6443316785383093
0.5,1.5,0.46875,0.4,0.5,0,0.439353265598832,1.7930277659268867
0.5,1.5,0.46875,0.4,0.5,1,0.439353265598832,1.2950851290123988
0.5,1.5,0.46875,0.4,0.5,2,0.439353265598832,1.4372002642530113
0.5,1.5,0.46875,0.4,0.5,3,0.439353265598832,2.015497537213594
0.5,1.5,0.46875,0.4,0.5,4,0.439353265598832,2.515964283368587
0.5,1.5,0.46875,0.4,0.5,5,0.439353265598832,0.8300518128940009
0.5,1.5,0.46875,0.4,0.5,7,0.439353265598832,0.6274125467670126
0.5,1.5,0.46875,0.4,0.5,10,0.439353265598832,1.8970166285208663
0.5,1.5,0.46875,0.4,0.5,13,0.439353265598832,0.5808232082276454
0.5,1.5,0.46875,0.4,0.75,0,0.439353265598832,1.7930277659268867
0.5,1.5,0.46875,0.4,0.75,1,0.439353265598832,1.2950851290123988
0.5,1.5,0.46875,0.4,0.75,2,0.439353265598832,1.4372002642530113
0.5,1.5,0.46875,0.4,0.75,3,0.439353265598832,2.015497537213594
0.5,1.5,0.46875,0.4,0.75,4,0.439353265598832,2.515964283368587
0.5,1.5,0.46875,0.4,0.75,5,0.439353265598832,0.8300518128940009
0.5,1.5,0.46875,0.4,0.75,7,0.439353265598832,0.6274125467670126
0.5,1.5,0.46875,0.4,0.75,10,0.439353265598832,1.8970166285208663
0.5,1.5,0.46875,0.4,0.75,13,0.439353265598832,0.5808232082276454
0.5,1.5,0.46875,0.4,0.9,0,0.439353265598832,1.7930277659268867
0.5,1.5,0.46875,0.4,0.9,1,0.439353265598832,1.2950851290123988
0.5,1.5,0.46875,0.4,0.9,2,0.439353265598832,1.4372002642530113
0.5,1.5,0.46875,0.4,0.9,3,0.439353265598832,2.015497537213594
0.5,1.5,0.46875,0.4,0.9,4,0.439353265598832,2.515964283368587
0.5,1.5,0.46875,0.4,0.9,5,0.439353265598832,0.8300518128940009
0.5,1.5,0.46875,0.4,0.9,7,0.439353265598832,0.6274125467670126
0.5,1.5,0.46875,0.4,0.9,10,0.439353265598832,1.8970166285208663
0.5,1.5,0.46875,0.4,0.9,13,0.439353265598832,0.5808232082276454
0.5,1.5,0.46875,0.4,0.95,0,0.439353265598832,1.7930277659268867
0.5,1.5,0.46875,0.4,0.95,1,0.439353265598832,1.2950851290123988
0.5,1.5,0.46875,0.4,0.95,2,0.439353265598832,1.4372002642530113
0.5,1.5,0.46875,0.4,0.95,3,0.439353265598832,2.015497537213594
0.5,1.5,0.46875,0.4,0.95,4,0.439353265598832,2.515964283368587
0.5,1.5,0.46875,0.4,0.95,5,0.439353265598832,0.8300518128940009
0.5,1.5,0.46875,0.4,0.95,7,0.439353265598832,0.6274125467670126
0.5,1.5,0.46875,0.4,0.95,10,0.439353265598832,1.8970166285208663
0.5,1.5,0.46875,0.4,0.95,13,0.439353265598832,0.5808232082276454
0.5,1.5,0.46875,0.4,0.99,0,0.439353265598832,1.7930277659268867
0.5,1.5,0.46875,0.4,0.99,1,0.439353265598832,1.2950851290123988
0.5,1.5,0.46875,0.4,0.99,2,0.439353265598832,1.4372002642530113
0.5,1.5,0.46875,0.4,0.99,3,0.439353265598832,2.015497537213594
0.5,1.5,0.46875,0.4,0.99,4,0.439353265598832,2.515964283368587
0.5,1.5,0.46875,0.4,0.99,5,0.439353265598832,0.8300518128940009
0.5,1.5,0.46875,0.4,0.99,7,0.439353265598832,0.6274125467670126
0.5,1.5,0.46875,0.4,0.99,10,0.439353265598832,1.8970166285208663
0.5,1.5,0.46875,0.4,0.99,13,0.439353265598832,0.5808232082276454
0.5,1.5,0.46875,0.4,0.995,0,0.439353265598832,1.7930277659268867
0.5,1.5,0.46875,0.4,0.995,1,0.439353265598832,1.2950851290123988
0.5,1.5,0.46875,0.4,0.995,2,0.439353265598832,1.4372002642530113
0.5,1.5,0.46875,0.4,0.995,3,0.439353265598832,2.015497537213594
0.5,1.5,0.46875,0.4,0.995,4,0.439353265598832,2.515964283368587
0.5,1.5,0.46875,0.4,0.995,5,0.439353265598832,0.8300518128940009
0.5,1.5,0.46875,0.4,0.995,7,0.439353265598832,0.6274125467670126
0.5,1.5,0.46875,0.4,0.995,10,0.439353265598832,1.8970166285208663
0.5,1.5,0.46875,0.4,0.995,13,0.439353265598832,0.5808232082276454
0.5,1.5,0.46875,0.4,0.999,0,0.439353265598832,1.7930277659268867
0.5,1.5,0.46875,0.4,0.999,1,0.439353265598832,1.2950851290123988
0.5,1.5,0.46875,0.4,0.999,2,0.439353265598832,1.4372002642530113
0.5,1.5,0.46875,0.4,0.999,3,0.439353265598832,2.015497537213594
0.5,1.5,0.46875,0.4,0.999,4,0.439353265598832,2.515964283368587
0.5,1.5,0.46875,0.4,0.999,5,0.439353265598832,0.8300518128940009
0.5,1.5,0.46875,0.4,0.999,7,0.439353265598832,0.6274125467670126
0.5,1.5,0.46875,0.4,0.999,10,0.439353265598832,1.8970166285208663
0.5,1.5,0.46875,0.4,0.999,13,0.439353265598832,0.5808232082276454
0.5,1.5,0.46875,0.45,0.5,0,0.439353265598832,1.7118772278693817
0.5,1.5,0.46875,0.45,0.5,1,0.439353265598832,1.62352423717404
0.5,1.5,0.46875,0.45,0.5,2,0.439353265598832,1.5288978876243087
0.5,1.5,0.46875,0.45,0.5,3,0.439353265598832,1.1419731653798422
0.5,1.5,0.46875,0.45,0.5,4,0.439353265598832,1.9513316924578183
0.5,1.5,0.46875,0.45,0.5,5,0.439353265598832,0.9089214820284954
0.5,1.5,0.46875,0.45,0.5,7,0.439353265598832,0.3980698544152099
0.5,1.5,0.46875,0.45,0.5,10,0.439353265598832,1.494224470354782
0.5,1.5,0.46875,0.45,0.5,13,0.439353265598832,0.5340794054239923
0.5,1.5,0.46875,0.45,0.75,0,0.439353265598832,1.7118772278693817
0.5,1.5,0.46875,0.45,0.75,1,0.439353265598832,1.62352423717404
0.5,1.5,0.46875,0.45,0.75,2,0.439353265598832,1.5288978876243087
0.5,1.5,0.46875,0.45,0.75,3,0.439353265598832,1.1419731653798422
0.5,1.5,0.46875,0.45,0.75,4,0.439353265598832,1.9513316924578183
0.5,1.5,0.46875,0.45,0.75,5,0.439353265598832,0.9089214820284954
0.5,1.5,0.46875,0.45,0.75,7,0.439353265598832,0.3980698544152099
0.5,1.5,0.46875,0.45,0.75,10,0.439353265598832,1.494224470354782
0.5,1.5,0.46875,0.45,0.75,13,0.439353265598832,0.5340794054239923
0.5,1.5,0.46875,0.45,0.9,0,0.439353265598832,1.7118772278693817
0.5,1.5,0.46875,0.45,0.9,1,0.439353265598832,1.62352423717404
0.5,1.5,0.46875,0.45,0.9,2,0.439353265598832,1.5288978876243087
0.5,1.5,0.46875,0.45,0.9,3,0.439353265598832,1.1419731653798422
0.5,1.5,0.46875,0.45,0.9,4,0.439353265598832,1.9513316924578183
0.5,1.5,0.46875,0.45,0.9,5,0.439353265598832,0.9089214820284954
0.5,1.5,0.46875,0.45,0.9,7,0.439353265598832,0.3980698544152099
0.5,1.5,0.46875,0.45,0.9,10,0.439353265598832,1.494224470354782
0.5,1.5,0.46875,0.45,0.9,13,0.439353265598832,0.5340794054239923
0.5,1.5,0.46875,0.45,0.95,0,0.439353265598832,1.7118772278693817
0.5,1.5,0.46875,0.45,0.95,1,0.439353265598832,1.62352423717404
0.5,1.5,0.46875,0.45,0.95,2,0.439353265598832,1.5288978876243087
0.5,1.5,0.46875,0.45,0.95,3,0.439353265598832,1.1419731653798422
0.5,1.5,0.46875,0.45,0.95,4,0.439353265598832,1.9513316924578183
0.5,1.5,0.46875,0.45,0.95,5,0.439353265598832,0.9089214820284954
0.5,1.5,0.46875,0.45,0.95,7,0.439353265598832,0.3980698544152099
0.5,1.5,0.46875,0.45,0.95,10,0.439353265598832,1.494224470354782
0.5,1.5,0.46875,0.45,0.95,13,0.439353265598832,0.5340794054239923
0.5,1.5,0.46875,0.45,0.99,0,0.439353265598832,1.7118772278693817
0.5,1.5,0.46875,0.45,0.99,1,0.439353265598832,1.62352423717404
0.5,1.5,0.46875,0.45,0.99,2,0.439353265598832,1.5288978876243087
0.5,1.5,0.46875,0.45,0.99,3,0.439353265598832,1.1419731653798422
0.5,1.5,0.46875,0.45,0.99,4,0.439353265598832,1.9513316924578183
0.5,1.5,0.46875,0.45,0.99,5,0.439353265598832,0.9089214820284954
0.5,1.5,0.46875,0.45,0.99,7,0.439353265598832,0.3980698544152099
0.5,1.5,0.46875,0.45,0.99,10,0.439353265598832,1.494224470354782
0.5,1.5,0.46875,0.45,0.99,13,0.439353265598832,0.5340794054239923
0.5,1.5,0.46875,0.45,0.995,0,0.439353265598832,1.7118772278693817
0.5,1.5,0.46875,0.45,0.995,1,0.439353265598832,1.62352423717404
0.5,1.5,0.46875,0.45,0.995,2,0.439353265598832,1.5288978876243087
0.5,1.5,0.46875,0.45,0.995,3,0.439353265598832,1.1419731653798422
0.5,1.5,0.46875,0.45,0.995,4,0.439353265598832,1.9513316924578183
0.5,1.5,0.46875,0.45,0.995,5,0.439353265598832,0.9089214820284954
0.5,1.5,0.46875,0.45,0.995,7,0.439353265598832,0.3980698544152099
0.5,1.5,0.46875,0.45,0.995,10,0.439353265598832,1.494224470354782
0.5,1.5,0.46875,0.45,0.995,13,0.439353265598832,0.5340794054239923
0.5,1.5,0.46875,0.45,0.999,0,0.439353265598832,1.7118772278693817
0.5,1.5,0.46875,0.45,0.999,1,0.439353265598832,1.62352423717404
0.5,1.5,0.46875,0.45,0.999,2,0.439353265598832,1.5288978876243087
0.5,1.5,0.46875,0.45,0.999,3,0.439353265598832,1.1419731653798422
0.5,1.5,0.46875,0.45,0.999,4,0.439353265598832,1.9513316924578183
0.5,1.5,0.46875,0.45,0.999,5,0.439353265598832,0.9089214820284954
0.5,1.5,0.46875,0.45,0.999,7,0.439353265598832,0.3980698544152099
0.5,1.5,0.46875,0.45,0.999,10,0.439353265598832,1.494224470354782
0.5,1.5,0.46875,0.45,0.999,13,0.439353265598832,0.5340794054239923
0.5,1.5,0.46875,0.5,0.5,0,0.439353265598832,1.9033355918979324
0.5,1.5,0.46875,0.5,0.5,1,0.439353265598832,1.7692505374422962
0.5,1.5,0.46875,0.5,0.5,2,0.439353265598832,2.048773063845098
0.5,1.5,0.46875,0.5,0.5,3,0.439353265598832,1.2190669031654726
0.5,1.5,0.46875,0.5,0.5,4,0.439353265598832,1.5723258613711952
0.5,1.5,0.46875,0.5,0.5,5,0.439353265598832,1.2649429557018363
0.5,1.5,0.46875,0.5,0.5,7,0.439353265598832,0.44314021932430275
0.5,1.5,0.46875,0.5,0.5,10,0.439353265598832,1.3141464546435904
0.5,1.5,0.46875,0.5,0.5,13,0.439353265598832,0.8863821076505436
0.5,1.5,0.46875,0.5,0.75,0,0.439353265598832,1.9033355918979324
0.5,1.5,0.46875,0.5,0.75,1,0.439353265598832,1.7692505374422962
0.5,1.5,0.46875,0.5,0.75,2,0.439353265598832,2.048773063845098
0.5,1.5,0.46875,0.5,0.75,3,0.439353265598832,1.2190669031654726
0.5,1.5,0.46875,0.5,0.75,4,0.439353265598832,1.5723258613711952
0.5,1.5,0.46875,0.5,0.75,5,0.439353265598832,1.2649429557018363
0.5,1.5,0.46875,0.5,0.75,7,0.439353265598832,0.44314021932430275
0.5,1.5,0.46875,0.5,0.75,10,0.439353265598832,1.3141464546435904
0.5,1.5,0.46875,0.5,0.75,13,0.439353265598832,0.8863821076505436
0.5,1.5,0.46875,0.5,0.9,0,0.439353265598832,1.9033355918979324
0.5,1.5,0.46875,0.5,0.9,1,0.439353265598832,1.7692505374422962
0.5,1.5,0.46875,0.5,0.9,2,0.439353265598832,2.048773063845098
0.5,1.5,0.46875,0.5,0.9,3,0.439353265598832,1.2190669031654726
0.5,1.5,0.46875,0.5,0.9,4,0.439353265598832,1.5723258613711952
0.5,1.5,0.46875,0.5,0.9,5,0.439353265598832,1.2649429557018363
0.5,1.5,0.46875,0.5,0.9,7,0.439353265598832,0.44314021932430275
0.5,1.5,0.46875,0.5,0.9,10,0.439353265598832,1.3141464546435904
0.5,1.5,0.46875,0.5,0.9,13,0.439353265598832,0.8863821076505436
0.5,1.5,0.46875,0.5,0.95,0,0.439353265598832,1.9033355918979324
0.5,1.5,0.46875,0.5,0.95,1,0.439353265598832,1.7692505374422962
0.5,1.5,0.46875,0.5,0.95,2,0.439353265598832,2.048773063845098
0.5,1.5,0.46875,0.5,0.95,3,0.439353265598832,1.2190669031654726
0.5,1.5,0.46875,0.5,0.95,4,0.439353265598832,1.5723258613711952
0.5,1.5,0.46875,0.5,0.95,5,0.439353265598832,1.2649429557018363
0.5,1.5,0.46875,0.5,0.95,7,0.439353265598832,0.44314021932430275
0.5,1.5,0.46875,0.5,0.95,10,0.439353265598832,1.3141464546435904
0.5,1.5,0.46875,0.5,0.95,13,0.439353265598832,0.8863821076505436
0.5,1.5,0.46875,0.5,0.99,0,0.439353265598832,1.9033355918979324
0.5,1.5,0.46875,0.5,0.99,1,0.439353265598832,1.7692505374422962
0.5,1.5,0.46875,0.5,0.99,2,0.439353265598832,2.048773063845098
0.5,1.5,0.46875,0.5,0.99,3,0.439353265598832,1.2190669031654726
0.5,1.5,0.46875,0.5,0.99,4,0.439353265598832,1.5723258613711952
0.5,1.5,0.46875,0.5,0.99,5,0.439353265598832,1.2649429557018363
0.5,1.5,0.46875,0.5,0.99,7,0.439353265598832,0.44314021932430275
0.5,1.5,0.46875,0.5,0.99,10,0.439353265598832,1.3141464546435904
0.5,1.5,0.46875,0.5,0.99,13,0.439353265598832,0.8863821076505436
0.5,1.5,0.46875,0.5,0.995,0,0.439353265598832,1.9033355918979324
0.5,1.5,0.46875,0.5,0.995,1,0.439353265598832,1.7692505374422962
0.5,1.5,0.46875,0.5,0.995,2,0.439353265598832,2.048773063845098
0.5,1.5,0.46875,0.5,0.995,3,0.439353265598832,1.2190669031654726
0.5,1.5,0.46875,0.5,0.995,4,0.439353265598832,1.5723258613711952
0.5,1.5,0.46875,0.5,0.995,5,0.439353265598832,1.2649429557018363
0.5,1.5,0.46875,0.5,0.995,7,0.439353265598832,0.44314021932430275
0.5,1.5,0.46875,0.5,0.995,10,0.439353265598832,1.3141464546435904
0.5,1.5,0.46875,0.5,0.995,13,0.439353265598832,0.8863821076505436
0.5,1.5,0.46875,0.5,0.999,0,0.439353265598832,1.9033355918979324
0.5,1.5,0.46875,0.5,0.999,1,0.439353265598832,1.7692505374422962
0.5,1.5,0.46875,0.5,0.999,2,0.439353265598832,2.048773063845098
0.5,1.5,0.46875,0.5,0.999,3,0.439353265598832,1.2190669031654726
0.5,1.5,0.46875,0.5,0.999,4,0.439353265598832,1.5723258613711952
0.5,1.5,0.46875,0.5,0.999,5,0.439353265598832,1.2649429557018363
0.5,1.5,0.46875,0.5,0.999,7,0.439353265598832,0.44314021932430275
0.5,1.5,0.46875,0.5,0.999,10,0.439353265598832,1.3141464546435904
0.5,1.5,0.46875,0.5,0.999,13,0.439353265598832,0.8863821076505436
0.5,1.5,0.46875,0.55,0.5,0,0.439353265598832,2.5930095504329405
0.5,1.5,0.46875,0.55,0.5,1,0.439353265598832,2.4392737530656907
0.5,1.5,0.46875,0.55,0.5,2,0.439353265598832,2.11672288958454
0.5,1.5,0.46875,0.55,0.5,3,0.439353265598832,1.4135991506294956
0.5,1.5,0.46875,0.55,0.5,4,0.439353265598832,1.9036371429356937
0.5,1.5,0.46875,0.55,0.5,5,0.439353265598832,0.9138368918065302
0.5,1.5,0.46875,0.55,0.5,7,0.439353265598832,0.37667888543262756
0.5,1.5,0.46875,0.55,0.5,10,0.439353265598832,1.7418202285898086
0.5,1.5,0.46875,0.55,0.5,13,0.439353265598832,1.3147753368669284
0.5,1.5,0.46875,0.55,0.75,0,0.439353265598832,2.5930095504329405
0.5,1.5,0.46875,0.55,0.75,1,0.439353265598832,2.4392737530656907
0.5,1.5,0.46875,0.55,0.75,2,0.439353265598832,2.11672288958454
0.5,1.5,0.46875,0.55,0.75,3,0.439353265598832,1.4135991506294956
0.5,1.5,0.46875,0.55,0.75,4,0.439353265598832,1.9036371429356937
0.5,1.5,0.46875,0.55,0.75,5,0.439353265598832,0.9138368918065302
0.5,1.5,0.46875,0.55,0.75,7,0.439353265598832,0.37667888543262756
0.5,1.5,0.46875,0.55,0.75,10,0.439353265598832,1.7418202285898086
0.5,1.5,0.46875,0.55,0.75,13,0.439353265598832,1.3147753368669284
0.5,1.5,0.46875,0.55,0.9,0,0.439353265598832,2.5930095504329405
0.5,1.5,0.46875,0.55,0.9,1,0.439353265598832,2.4392737530656907
0.5,1.5,0.46875,0.55,0.9,2,0.439353265598832,2.11672288958454
0.5,1.5,0.46875,0.55,0.9,3,0.439353265598832,1.4135991506294956
0.5,1.5,0.46875,0.55,0.9,4,0.439353265598832,1.9036371429356937
0.5,1.5,0.46875,0.55,0.9,5,0.439353265598832,0.9138368918065302
0.5,1.5,0.46875,0.55,0.9,7,0.439353265598832,0.37667888543262756
0.5,1.5,0.46875,0.55,0.9,10,0.439353265598832,1.7418202285898086
0.5,1.5,0.46875,0.55,0.9,13,0.439353265598832,1.3147753368669284
0.5,1.5,0.46875,0.55,0.95,0,0.439353265598832,2.5930095504329405
0.5,1.5,0.46875,0.55,0.95,1,0.439353265598832,2.4392737530656907
0.5,1.5,0.46875,0.55,0.95,2,0.439353265598832,2.11672288958454
0.5,1.5,0.46875,0.55,0.95,3,0.439353265598832,1.4135991506294956
0.5,1.5,0.46875,0.55,0.95,4,0.439353265598832,1.9036371429356937
0.5,1.5,0.46875,0.55,0.95,5,0.439353265598832,0.9138368918065302
0.5,1.5,0.46875,0.55,0.95,7,0.439353265598832,0.37667888543262756
0.5,1.5,0.46875,0.55,0.95,10,0.439353265598832,1.7418202285898086
0.5,1.5,0.46875,0.55,0.95,13,0.439353265598832,1.3147753368669284
0.5,1.5,0.46875,0.55,0.99,0,0.439353265598832,2.5930095504329405
0.5,1.5,0.46875,0.55,0.99,1,0.439353265598832,2.4392737530656907
0.5,1.5,0.46875,0.55,0.99,2,0.439353265598832,2.11672288958454
0.5,1.5,0.46875,0.55,0.99,3,0.439353265598832,1.4135991506294956
0.5,1.5,0.46875,0.55,0.99,4,0.439353265598832,1.9036371429356937
0.5,1.5,0.46875,0.55,0.99,5,0.439353265598832,0.9138368918065302
0.5,1.5,0.46875,0.55,0.99,7,0.439353265598832,0.37667888543262756
0.5,1.5,0.46875,0.55,0.99,10,0.439353265598832,1.7418202285898086
0.5,1.5,0.46875,0.55,0.99,13,0.439353265598832,1.3147753368669284
0.5,1.5,0.46875,0.55,0.995,0,0.439353265598832,2.5930095504329405
0.5,1.5,0.46875,0.55,0.995,1,0.439353265598832,2.4392737530656907
0.5,1.5,0.46875,0.55,0.995,2,0.439353265598832,2.11672288958454
0.5,1.5,0.46875,0.55,0.995,3,0.439353265598832,1.4135991506294956
0.5,1.5,0.46875,0.55,0.995,4,0.439353265598832,1.9036371429356937
0.5,1.5,0.46875,0.55,0.995,5,0.439353265598832,0.9138368918065302
0.5,1.5,0.46875,0.55,0.995,7,0.439353265598832,0.37667888543262756
0.5,1.5,0.46875,0.55,0.995,10,0.439353265598832,1.7418202285898086
0.5,1.5,0.46875,0.55,0.995,13,0.439353265598832,1.3147753368669284
0.5,1.5,0.46875,0.55,0.999,0,0.439353265598832,2.5930095504329405
0.5,1.5,0.46875,0.55,0.999,1,0.439353265598832,2.4392737530656907
0.5,1.5,0.46875,0.55,0.999,2,0.439353265598832,2.11672288958454
0.5,1.5,0.46875,0.55,0.999,3,0.439353265598832,1.4135991506294956
0.5,1.5,0.46875,0.55,0.999,4,0.439353265598832,1.9036371429356937
0.5,1.5,0.46875,0.55,0.999,5,0.439353265598832,0.9138368918065302
0.5,1.5,0.46875,0.55,0.999,7,0.439353265598832,0.37667888543262756
0.5,1.5,0.46875,0.55,0.999,10,0.439353265598832,1.7418202285898086
0.5,1.5,0.46875,0.55,0.999,13,0.439353265598832,1.3147753368669284
0.5,1.5,0.46875,0.6,0.5,0,0.439353265598832,3.0440636433291988
0.5,1.5,0.46875,0.6,0.5,1,0.439353265598832,2.740495284106994
0.5,1.5,0.46875,0.6,0.5,2,0.439353265598832,2.4369861317246038
0.5,1.5,0.46875,0.6,0.5,3,0.439353265598832,2.246515571847881
0.5,1.5,0.46875,0.6,0.5,4,0.439353265598832,2.021869157558766
0.5,1.5,0.46875,0.6,0.5,5,0.439353265598832,0.9746415322292679
0.5,1.5,0.46875,0.6,0.5,7,0.439353265598832,1.183447934619714
0.5,1.5,0.46875,0.6,0.5,10,0.439353265598832,2.1611560326448154
0.5,1.5,0.46875,0.6,0.5,13,0.439353265598832,1.9732794854227573
0.5,1.5,0.46875,0.6,0.75,0,0.439353265598832,3.0440636433291988
0.5,1.5,0.46875,0.6,0.75,1,0.439353265598832,2.740495284106994
0.5,1.5,0.46875,0.6,0.75,2,0.439353265598832,2.4369861317246038
0.5,1.5,0.46875,0.6,0.75,3,0.439353265598832,2.246515571847881
0.5,1.5,0.46875,0.6,0.75,4,0.439353265598832,2.021869157558766
0.5,1.5,0.46875,0.6,0.75,5,0.439353265598832,0.9746415322292679
0.5,1.5,0.46875,0.6,0.75,7,0.439353265598832,1.183447934619714
0.5,1.5,0.46875,0.6,0.75,10,0.439353265598832,2.1611560326448154
0.5,1.5,0.46875,0.6,0.75,13,0.439353265598832,1.9732794854227573
0.5,1.5,0.46875,0.6,0.9,0,0.439353265598832,3.0440636433291988
0.5,1.5,0.46875,0.6,0.9,1,0.439353265598832,2.740495284106994
0.5,1.5,0.46875,0.6,0.9,2,0.439353265598832,2.4369861317246038
0.5,1.5,0.46875,0.6,0.9,3,0.439353265598832,2.246515571847881
0.5,1.5,0.46875,0.6,0.9,4,0.439353265598832,2.021869157558766
0.5,1.5,0.46875,0.6,0.9,5,0.439353265598832,0.9746415322292679
0.5,1.5,0.46875,0.6,0.9,7,0.439353265598832,1.183447934619714
0.5,1.5,0.46875,0.6,0.9,10,0.439353265598832,2.1611560326448154
0.5,1.5,0.46875,0.6,0.9,13,0.439353265598832,1.9732794854227573
0.5,1.5,0.46875,0.6,0.95,0,0.439353265598832,3.0440636433291988
0.5,1.5,0.46875,0.6,0.95,1,0.439353265598832,2.740495284106994
0.5,1.5,0.46875,0.6,0.95,2,0.439353265598832,2.4369861317246038
0.5,1.5,0.46875,0.6,0.95,3,0.439353265598832,2.246515571847881
0.5,1.5,0.46875,0.6,0.95,4,0.439353265598832,2.021869157558766
0.5,1.5,0.46875,0.6,0.95,5,0.439353265598832,0.9746415322292679
0.5,1.5,0.46875,0.6,0.95,7,0.439353265598832,1.183447934619714
0.5,1.5,0.46875,0.6,0.95,10,0.439353265598832,2.1611560326448154
0.5,1.5,0.46875,0.6,0.95,13,0.439353265598832,1.9732794854227573
0.5,1.5,0.46875,0.6,0.99,0,0.439353265598832,3.0440636433291988
0.5,1.5,0.46875,0.6,0.99,1,0.439353265598832,2.740495284106994
0.5,1.5,0.46875,0.6,0.99,2,0.439353265598832,2.4369861317246038
0.5,1.5,0.46875,0.6,0.99,3,0.439353265598832,2.246515571847881
0.5,1.5,0.46875,0.6,0.99,4,0.439353265598832,2.021869157558766
0.5,1.5,0.46875,0.6,0.99,5,0.439353265598832,0.9746415322292679
0.5,1.5,0.46875,0.6,0.99,7,0.439353265598832,1.183447934619714
0.5,1.5,0.46875,0.6,0.99,10,0.439353265598832,2.1611560326448154
0.5,1.5,0.46875,0.6,0.99,13,0.439353265598832,1.9732794854227573
0.5,1.5,0.46875,0.6,0.995,0,0.439353265598832,3.0440636433291988
0.5,1.5,0.46875,0.6,0.995,1,0.439353265598832,2.740495284106994
0.5,1.5,0.46875,0.6,0.995,2,0.439353265598832,2.4369861317246038
0.5,1.5,0.46875,0.6,0.995,3,0.439353265598832,2.246515571847881
0.5,1.5,0.46875,0.6,0.995,4,0.439353265598832,2.021869157558766
0.5,1.5,0.46875,0.6,0.995,5,0.439353265598832,0.9746415322292679
0.5,1.5,0.46875,0.6,0.995,7,0.439353265598832,1.183447934619714
0.5,1.5,0.46875,0.6,0.995,10,0.439353265598832,2.1611560326448154
0.5,1.5,0.46875,0.6,0.995,13,0.439353265598832,1.9732794854227573
0.5,1.5,0.46875,0.6,0.999,0,0.439353265598832,3.0440636433291988
0.5,1.5,0.46875,0.6,0.999,1,0.439353265598832,2.740495284106994
0.5,1.5,0.46875,0.6,0.999,2,0.439353265598832,2.4369861317246038
0.5,1.5,0.46875,0.6,0.999,3,0.439353265598832,2.246515571847881
0.5,1.5,0.46875,0.6,0.999,4,0.439353265598832,2.021869157558766
0.5,1.5,0.46875,0.6,0.999,5,0.439353265598832,0.9746415322292679
0.5,1.5,0.46875,0.6,0.999,7,0.439353265598832,1.183447934619714
0.5,1.5,0.46875,0.6,0.999,10,0.439353265598832,2.1611560326448154
0.5,1.5,0.46875,0.6,0.999,13,0.439353265598832,1.9732794854227573
0.5,1.5,0.46875,0.65,0.5,0,0.439353265598832,3.0426148999943696
0.5,1.5,0.46875,0.65,0.5,1,0.439353265598832,3.2312357333463617
0.5,1.5,0.46875,0.65,0.5,2,0.439353265598832,2.5862993581632563
0.5,1.5,0.46875,0.65,0.5,3,0.439353265598832,3.0167856468701664
0.5,1.5,0.46875,0.65,0.5,4,0.439353265598832,2.114293668017069
0.5,1.5,0.46875,0.65,0.5,5,0.439353265598832,1.8690560920152084
0.5,1.5,0.46875,0.65,0.5,7,0.439353265598832,0.5208423180005768
0.5,1.5,0.46875,0.65,0.5,10,0.439353265598832,2.0325898219868916
0.5,1.5,0.46875,0.65,0.5,13,0.439353265598832,2.3809649492374567
0.5,1.5,0.46875,0.65,0.75,0,0.439353265598832,3.0426148999943696
0.5,1.5,0.46875,0.65,0.75,1,0.439353265598832,3.2312357333463617
0.5,1.5,0.46875,0.65,0.75,2,0.439353265598832,2.5862993581632563
0.5,1.5,0.46875,0.65,0.75,3,0.439353265598832,3.0167856468701664
0.5,1.5,0.46875,0.65,0.75,4,0.439353265598832,2.114293668017069
0.5,1.5,0.46875,0.65,0.75,5,0.439353265598832,1.8690560920152084
0.5,1.5,0.46875,0.65,0.75,7,0.439353265598832,0.5208423180005768
0.5,1.5,0.46875,0.65,0.75,10,0.439353265598832,2.0325898219868916
0.5,1.5,0.46875,0.65,0.75,13,0.439353265598832,2.3809649492374567
0.5,1.5,0.46875,0.65,0.9,0,0.439353265598832,3.0426148999943696
0.5,1.5,0.46875,0.65,0.9,1,0.439353265598832,3.2312357333463617
0.5,1.5,0.46875,0.65,0.9,2,0.439353265598832,2.5862993581632563
0.5,1.5,0.46875,0.65,0.9,3,0.439353265598832,3.0167856468701664
0.5,1.5,0.46875,0.65,0.9,4,0.439353265598832,2.114293668017069
0.5,1.5,0.46875,0.65,0.9,5,0.439353265598832,1.8690560920152084
0.5,1.5,0.46875,0.65,0.9,7,0.439353265598832,0.5208423180005768
0.5,1.5,0.46875,0.65,0.9,10,0.439353265598832,2.0325898219868916
0.5,1.5,0.46875,0.65,0.9,13,0.439353265598832,2.3809649492374567
0.5,1.5,0.46875,0.65,0.95,0,0.439353265598832,3.0426148999943696
0.5,1.5,0.46875,0.65,0.95,1,0.439353265598832,3.2312357333463617
0.5,1.5,0.46875,0.65,0.95,2,0.439353265598832,2.5862993581632563
0.5,1.5,0.46875,0.65,0.95,3,0.439353265598832,3.0167856468701664
0.5,1.5,0.46875,0.65,0.95,4,0.439353265598832,2.114293668017069
0.5,1.5,0.46875,0.65,0.95,5,0.439353265598832,1.8690560920152084
0.5,1.5,0.46875,0.65,0.95,7,0.439353265598832,0.5208423180005768
0.5,1.5,0.46875,0.65,0.95,10,0.439353265598832,2.0325898219868916
0.5,1.5,0.46875,0.65,0.95,13,0.439353265598832,2.3809649492374567
0.5,1.5,0.46875,0.65,0.99,0,0.439353265598832,3.0426148999943696
0.5,1.5,0.46875,0.65,0.99,1,0.439353265598832,3.2312357333463617
0.5,1.5,0.46875,0.65,0.99,2,0.439353265598832,2.5862993581632563
0.5,1.5,0.46875,0.65,0.99,3,0.439353265598832,3.0167856468701664
0.5,1.5,0.46875,0.65,0.99,4,0.439353265598832,2.114293668017069
0.5,1.5,0.46875,0.65,0.99,5,0.439353265598832,1.8690560920152084
0.5,1.5,0.46875,0.65,0.99,7,0.439353265598832,0.5208423180005768
0.5,1.5,0.46875,0.65,0.99,10,0.439353265598832,2.0325898219868916
0.5,1.5,0.46875,0.65,0.99,13,0.439353265598832,2.3809649492374567
0.5,1.5,0.46875,0.65,0.995,0,0.439353265598832,3.0426148999943696
0.5,1.5,0.46875,0.65,0.995,1,0.439353265598832,3.2312357333463617
0.5,1.5,0.46875,0.65,0.995,2,0.439353265598832,2.5862993581632563
0.5,1.5,0.46875,0.65,0.995,3,0.439353265598832,3.0167856468701664
0.5,1.5,0.46875,0.65,0.995,4,0.439353265598832,2.114293668017069
0.5,1.5,0.46875,0.65,0.995,5,0.439353265598832,1.8690560920152084
0.5,1.5,0.46875,0.65,0.995,7,0.439353265598832,0.5208423180005768
0.5,1.5,0.46875,0.65,0.995,10,0.439353265598832,2.0325898219868916
0.5,1.5,0.46875,0.65,0.995,13,0.439353265598832,2.3809649492374567
0.5,1.5,0.46875,0.65,0.999,0,0.439353265598832,3.0426148999943696
0.5,1.5,0.46875,0.65,0.999,1,0.439353265598832,3.2312357333463617
0.5,1.5,0.46875,0.65,0.999,2,0.439353265598832,2.5862993581632563
0.5,1.5,0.46875,0.65,0.999,3,0.439353265598832,3.0167856468701664
0.5,1.5,0.46875,0.65,0.999,4,0.439353265598832,2.114293668017069
0.5,1.5,0.46875,0.65,0.999,5,0.439353265598832,1.8690560920152084
0.5,1.5,0.46875,0.65,0.999,7,0.439353265598832,0.5208423180005768
0.5,1.5,0.46875,0.65,0.999,10,0.439353265598832,2.0325898219868916
0.5,1.5,0.46875,0.65,0.999,13,0.439353265598832,2.3809649492374567
0.5,1.5,0.46875,0.7,0.5,0,0.439353265598832,2.9356783157878725
0.5,1.5,0.46875,0.7,0.5,1,0.439353265598832,3.1968830552605643
0.5,1.5,0.46875,0.7,0.5,2,0.439353265598832,2.6005209146999744
0.5,1.5,0.46875,0.7,0.5,3,0.439353265598832,2.973982646677833
0.5,1.5,0.46875,0.7,0.5,4,0.439353265598832,2.1456292186075223
0.5,1.5,0.46875,0.7,0.5,5,0.439353265598832,1.9360400088875684
0.5,1.5,0.46875,0.7,0.5,7,0.439353265598832,0.9860753110400335
0.5,1.5,0.46875,0.7,0.5,10,0.439353265598832,1.7502865590599266
0.5,1.5,0.46875,0.7,0.5,13,0.439353265598832,1.8975028130382625
0.5,1.5,0.46875,0.7,0.75,0,0.439353265598832,2.9356783157878725
0.5,1.5,0.46875,0.7,0.75,1,0.439353265598832,3.1968830552605643
0.5,1.5,0.46875,0.7,0.75,2,0.439353265598832,2.6005209146999744
0.5,1.5,0.46875,0.7,0.75,3,0.439353265598832,2.973982646677833
0.5,1.5,0.46875,0.7,0.75,4,0.439353265598832,2.1456292186075223
0.5,1.5,0.46875,0.7,0.75,5,0.439353265598832,1.9360400088875684
0.5,1.5,0.46875,0.7,0.75,7,0.439353265598832,0.9860753110400335
0.5,1.5,0.46875,0.7,0.75,10,0.439353265598832,1.7502865590599266
0.5,1.5,0.46875,0.7,0.75,13,0.439353265598832,1.8975028130382625
0.5,1.5,0.46875,0.7,0.9,0,0.439353265598832,2.9356783157878725
0.5,1.5,0.46875,0.7,0.9,1,0.439353265598832,3.1968830552605643
0.5,1.5,0.46875,0.7,0.9,2,0.439353265598832,2.6005209146999744
0.5,1.5,0.46875,0.7,0.9,3,0.439353265598832,2.973982646677833
0.5,1.5,0.46875,0.7,0.9,4,0.439353265598832,2.1456292186075223
0.5,1.5,0.46875,0.7,0.9,5,0.439353265598832,1.9360400088875684
0.5,1.5,0.46875,0.7,0.9,7,0.439353265598832,0.9860753110400335
0.5,1.5,0.46875,0.7,0.9,10,0.439353265598832,1.7502865590599266
0.5,1.5,0.46875,0.7,0.9,13,0.439353265598832,1.8975028130382625
0.5,1.5,0.46875,0.7,0.95,0,0.439353265598832,2.9356783157878725
0.5,1.5,0.46875,0.7,0.95,1,0.439353265598832,3.1968830552605643
0.5,1.5,0.46875,0.7,0.95,2,0.439353265598832,2.6005209146999744
0.5,1.5,0.46875,0.7,0.95,3,0.439353265598832,2.973982646677833
0.5,1.5,0.46875,0.7,0.95,4,0.439353265598832,2.1456292186075223
0.5,1.5,0.46875,0.7,0.95,5,0.439353265598832,1.9360400088875684
0.5,1.5,0.46875,0.7,0.95,7,0.439353265598832,0.9860753110400335
0.5,1.5,0.46875,0.7,0.95,10,0.439353265598832,1.7502865590599266
0.5,1.5,0.46875,0.7,0.95,13,0.439353265598832,1.8975028130382625
0.5,1.5,0.46875,0.7,0.99,0,0.439353265598832,2.9356783157878725
0.5,1.5,0.46875,0.7,0.99,1,0.439353265598832,3.1968830552605643
0.5,1.5,0.46875,0.7,0.99,2,0.439353265598832,2.6005209146999744
0.5,1.5,0.46875,0.7,0.99,3,0.439353265598832,2.973982646677833
0.5,1.5,0.46875,0.7,0.99,4,0.439353265598832,2.1456292186075223
0.5,1.5,0.46875,0.7,0.99,5,0.439353265598832,1.9360400088875684
0.5,1.5,0.46875,0.7,0.99,7,0.439353265598832,0.9860753110400335
0.5,1.5,0.46875,0.7,0.99,10,0.439353265598832,1.7502865590599266
0.5,1.5,0.46875,0.7,0.99,13,0.439353265598832,1.8975028130382625
0.5,1.5,0.46875,0.7,0.995,0,0.439353265598832,2.9356783157878725
0.5,1.5,0.46875,0.7,0.995,1,0.439353265598832,3.1968830552605643
0.5,1.5,0.46875,0.7,0.995,2,0.439353265598832,2.6005209146999744
0.5,1.5,0.46875,0.7,0.995,3,0.439353265598832,2.973982646677833
0.5,1.5,0.46875,0.7,0.995,4,0.439353265598832,2.1456292186075223
0.5,1.5,0.46875,0.7,0.995,5,0.439353265598832,1.9360400088875684
0.5,1.5,0.46875,0.7,0.995,7,0.439353265598832,0.9860753110400335
0.5,1.5,0.46875,0.7,0.995,10,0.439353265598832,1.7502865590599266
0.5,1.5,0.46875,0.7,0.995,13,0.439353265598832,1.8975028130382625
0.5,1.5,0.46875,0.7,0.999,0,0.439353265598832,2.9356783157878725
0.5,1.5,0.46875,0.7,0.999,1,0.439353265598832,3.1968830552605643
0.5,1.5,0.46875,0.7,0.999,2,0.439353265598832,2.6005209146999744
0.5,1.5,0.46875,0.7,0.999,3,0.439353265598832,2.973982646677833
0.5,1.5,0.46875,0.7,0.999,4,0.439353265598832,2.1456292186075223
0.5,1.5,0.46875,0.7,0.999,5,0.439353265598832,1.9360400088875684
0.5,1.5,0.46875,0.7,0.999,7,0.439353265598832,0.9860753110400335
0.5,1.5,0.46875,0.7,0.999,10,0.439353265598832,1.7502865590599266
0.5,1.5,0.46875,0.7,0.999,13,0.439353265598832,1.8975028130382625
0.5,1.5,0.46875,0.75,0.5,0,0.439353265598832,3.167819554395468
0.5,1.5,0.46875,0.75,0.5,1,0.439353265598832,3.091869198012588
0.5,1.5,0.46875,0.75,0.5,2,0.439353265598832,3.0249541084066505
0.5,1.5,0.46875,0.75,0.5,3,0.439353265598832,2.8849586359075703
0.5,1.5,0.46875,0.75,0.5,4,0.439353265598832,2.7622715006942777
0.5,1.5,0.46875,0.75,0.5,5,0.439353265598832,2.155668080565486
0.5,1.5,0.46875,0.75,0.5,7,0.439353265598832,1.9900069699216565
0.5,1.5,0.46875,0.75,0.5,10,0.439353265598832,2.1534826342299294
0.5,1.5,0.46875,0.75,0.5,13,0.439353265598832,2.6829123277749685
0.5,1.5,0.46875,0.75,0.75,0,0.439353265598832,3.167819554395468
0.5,1.5,0.46875,0.75,0.75,1,0.439353265598832,3.091869198012588
0.5,1.5,0.46875,0.75,0.75,2,0.439353265598832,3.0249541084066505
0.5,1.5,0.46875,0.75,0.75,3,0.439353265598832,2.8849586359075703
0.5,1.5,0.46875,0.75,0.75,4,0.439353265598832,2.7622715006942777
0.5,1.5,0.46875,0.75,0.75,5,0.439353265598832,2.155668080565486
0.5,1.5,0.46875,0.75,0.75,7,0.439353265598832,1.9900069699216565
0.5,1.5,0.46875,0.75,0.75,10,0.439353265598832,2.1534826342299294
0.5,1.5,0.46875,0.75,0.75,13,0.439353265598832,2.6829123277749685
0.5,1.5,0.46875,0.75,0.9,0,0.439353265598832,3.167819554395468
0.5,1.5,0.46875,0.75,0.9,1,0.439353265598832,3.091869198012588
0.5,1.5,0.46875,0.75,0.9,2,0.439353265598832,3.0249541084066505
0.5,1.5,0.46875,0.75,0.9,3,0.439353265598832,2.8849586359075703
0.5,1.5,0.46875,0.75,0.9,4,0.439353265598832,2.7622715006942777
0.5,1.5,0.46875,0.75,0.9,5,0.439353265598832,2.155668080565486
0.5,1.5,0.46875,0.75,0.9,7,0.439353265598832,1.9900069699216565
0.5,1.5,0.46875,0.75,0.9,10,0.439353265598832,2.1534826342299294
0.5,1.5,0.46875,0.75,0.9,13,0.439353265598832,2.6829123277749685
0.5,1.5,0.46875,0.75,0.95,0,0.439353265598832,3.167819554395468
0.5,1.5,0.46875,0.75,0.95,1,0.439353265598832,3.091869198012588
0.5,1.5,0.46875,0.75,0.95,2,0.439353265598832,3.0249541084066505
0.5,1.5,0.46875,0.75,0.95,3,0.439353265598832,2.8849586359075703
0.5,1.5,0.46875,0.75,0.95,4,0.439353265598832,2.7622715006942777
0.5,1.5,0.46875,0.75,0.95,5,0.439353265598832,2.155668080565486
0.5,1.5,0.46875,0.75,0.95,7,0.439353265598832,1.9900069699216565
0.5,1.5,0.46875,0.75,0.95,10,0.439353265598832,2.1534826342299294
0.5,1.5,0.46875,0.75,0.95,13,0.439353265598832,2.6829123277749685
0.5,1.5,0.46875,0.75,0.99,0,0.439353265598832,3.167819554395468
0.5,1.5,0.46875,0.75,0.99,1,0.439353265598832,3.091869198012588
0.5,1.5,0.46875,0.75,0.99,2,0.439353265598832,3.0249541084066505
0.5,1.5,0.46875,0.75,0.99,3,0.439353265598832,2.8849586359075703
0.5,1.5,0.46875,0.75,0.99,4,0.439353265598832,2.7622715006942777
0.5,1.5,0.46875,0.75,0.99,5,0.439353265598832,2.155668080565486
0.5,1.5,0.46875,0.75,0.99,7,0.439353265598832,1.9900069699216565
0.5,1.5,0.46875,0.75,0.99,10,0.439353265598832,2.1534826342299294
0.5,1.5,0.46875,0.75,0.99,13,0.439353265598832,2.6829123277749685
0.5,1.5,0.46875,0.75,0.995,0,0.439353265598832,3.167819554395468
0.5,1.5,0.46875,0.75,0.995,1,0.439353265598832,3.091869198012588
0.5,1.5,0.46875,0.75,0.995,2,0.439353265598832,3.0249541084066505
0.5,1.5,0.46875,0.75,0.995,3,0.439353265598832,2.8849586359075703
0.5,1.5,0.46875,0.75,0.995,4,0.439353265598832,2.7622715006942777
0.5,1.5,0.46875,0.75,0.995,5,0.439353265598832,2.155668080565486
0.5,1.5,0.46875,0.75,0.995,7,0.439353265598832,1.9900069699216565
0.5,1.5,0.46875,0.75,0.995,10,0.439353265598832,2.1534826342299294
0.5,1.5,0.46875,0.75,0.995,13,0.439353265598832,2.6829123277749685
0.5,1.5,0.46875,0.75,0.999,0,0.439353265598832,3.167819554395468
0.5,1.5,0.46875,0.75,0.999,1,0.439353265598832,3.091869198012588
0.5,1.5,0.46875,0.75,0.999,2,0.439353265598832,3.0249541084066505
0.5,1.5,0.46875,0.75,0.999,3,0.439353265598832,2.8849586359075703
0.5,1.5,0.46875,0.75,0.999,4,0.439353265598832,2.7622715006942777
0.5,1.5,0.46875,0.75,0.999,5,0.439353265598832,2.155668080565486
0.5,1.5,0.46875,0.75,0.999,7,0.439353265598832,1.9900069699216565
0.5,1.5,0.46875,0.75,0.999,10,0.439353265598832,2.1534826342299294
0.5,1.5,0.46875,0.75,0.999,13,0.439353265598832,2.6829123277749685
0.5,1.5,0.46875,0.8,0.5,0,0.439353265598832,3.449266513256809
0.5,1.5,0.46875,0.8,0.5,1,0.439353265598832,2.9479797850709506
0.5,1.5,0.46875,0.8,0.5,2,0.439353265598832,2.639209803421916
0.5,1.5,0.46875,0.8,0.5,3,0.439353265598832,2.6467889823595896
0.5,1.5,0.46875,0.8,0.5,4,0.439353265598832,2.443674722473455
0.5,1.5,0.46875,0.8,0.5,5,0.439353265598832,2.2055897498723698
0.5,1.5,0.46875,0.8,0.5,7,0.439353265598832,2.30765187616685
0.5,1.5,0.46875,0.8,0.5,10,0.439353265598832,2.357219117723032
0.5,1.5,0.46875,0.8,0.5,13,0.439353265598832,3.478595514992694
0.5,1.5,0.46875,0.8,0.75,0,0.439353265598832,3.449266513256809
0.5,1.5,0.46875,0.8,0.75,1,0.439353265598832,2.9479797850709506
0.5,1.5,0.46875,0.8,0.75,2,0.439353265598832,2.639209803421916
0.5,1.5,0.46875,0.8,0.75,3,0.439353265598832,2.6467889823595896
0.5,1.5,0.46875,0.8,0.75,4,0.439353265598832,2.443674722473455
0.5,1.5,0.46875,0.8,0.75,5,0.439353265598832,2.2055897498723698
0.5,1.5,0.46875,0.8,0.75,7,0.439353265598832,2.30765187616685
0.5,1.5,0.46875,0.8,0.75,10,0.439353265598832,2.357219117723032
0.5,1.5,0.46875,0.8,0.75,13,0.439353265598832,3.478595514992694
0.5,1.5,0.46875,0.8,0.9,0,0.439353265598832,3.449266513256809
0.5,1.5,0.46875,0.8,0.9,1,0.439353265598832,2.9479797850709506
0.5,1.5,0.46875,0.8,0.9,2,0.439353265598832,2.639209803421916
0.5,1.5,0.46875,0.8,0.9,3,0.439353265598832,2.6467889823595896
0.5,1.5,0.46875,0.8,0.9,4,0.439353265598832,2.443674722473455
0.5,1.5,0.46875,0.8,0.9,5,0.439353265598832,2.2055897498723698
0.5,1.5,0.46875,0.8,0.9,7,0.439353265598832,2.30765187616685
0.5,1.5,0.46875,0.8,0.9,10,0.439353265598832,2.357219117723032
0.5,1.5,0.46875,0.8,0.9,13,0.439353265598832,3.478595514992694
0.5,1.5,0.46875,0.8,0.95,0,0.439353265598832,3.449266513256809
0.5,1.5,0.46875,0.8,0.95,1,0.439353265598832,2.9479797850709506
0.5,1.5,0.46875,0.8,0.95,2,0.439353265598832,2.639209803421916
0.5,1.5,0.46875,0.8,0.95,3,0.439353265598832,2.6467889823595896
0.5,1.5,0.46875,0.8,0.95,4,0.439353265598832,2.443674722473455
0.5,1.5,0.46875,0.8,0.95,5,0.439353265598832,2.2055897498723698
0.5,1.5,0.46875,0.8,0.95,7,0.439353265598832,2.30765187616685
0.5,1.5,0.46875,0.8,0.95,10,0.439353265598832,2.357219117723032
0.5,1.5,0.46875,0.8,0.95,13,0.439353265598832,3.478595514992694
0.5,1.5,0.46875,0.8,0.99,0,0.439353265598832,3.449266513256809
0.5,1.5,0.46875,0.8,0.99,1,0.439353265598832,2.9479797850709506
0.5,1.5,0.46875,0.8,0.99,2,0.439353265598832,2.639209803421916
0.5,1.5,0.46875,0.8,0.99,3,0.439353265598832,2.6467889823595896
0.5,1.5,0.46875,0.8,0.99,4,0.439353265598832,2.443674722473455
0.5,1.5,0.46875,0.8,0.99,5,0.439353265598832,2.2055897498723698
0.5,1.5,0.46875,0.8,0.99,7,0.439353265598832,2.30765187616685
0.5,1.5,0.46875,0.8,0.99,10,0.439353265598832,2.357219117723032
0.5,1.5,0.46875,0.8,0.99,13,0.439353265598832,3.478595514992694
0.5,1.5,0.46875,0.8,0.995,0,0.439353265598832,3.449266513256809
0.5,1.5,0.46875,0.8,0.995,1,0.439353265598832,2.9479797850709506
0.5,1.5,0.46875,0.8,0.995,2,0.439353265598832,2.639209803421916
0.5,1.5,0.46875,0.8,0.995,3,0.439353265598832,2.6467889823595896
0.5,1.5,0.46875,0.8,0.995,4,0.439353265598832,2.443674722473455
0.5,1.5,0.46875,0.8,0.995,5,0.439353265598832,2.2055897498723698
0.5,1.5,0.46875,0.8,0.995,7,0.439353265598832,2.30765187616685
0.5,1.5,0.46875,0.8,0.995,10,0.439353265598832,2.357219117723032
0.5,1.5,0.46875,0.8,0.995,13,0.439353265598832,3.478595514992694
0.5,1.5,0.46875,0.8,0.999,0,0.439353265598832,3.449266513256809
0.5,1.5,0.46875,0.8,0.999,1,0.439353265598832,2.9479797850709506
0.5,1.5,0.46875,0.8,0.999,2,0.439353265598832,2.639209803421916
0.5,1.5,0.46875,0.8,0.999,3,0.439353265598832,2.6467889823595896
0.5,1.5,0.46875,0.8,0.999,4,0.439353265598832,2.443674722473455
0.5,1.5,0.46875,0.8,0.999,5,0.439353265598832,2.2055897498723698
0.5,1.5,0.46875,0.8,0.999,7,0.439353265598832,2.30765187616685
0.5,1.5,0.46875,0.8,0.999,10,0.439353265598832,2.357219117723032
0.5,1.5,0.46875,0.8,0.999,13,0.439353265598832,3.478595514992694
0.5,1.5,0.46875,0.85,0.5,0,0.439353265598832,3.196982370690411
0.5,1.5,0.46875,0.85,0.5,1,0.439353265598832,2.793186635772511
0.5,1.5,0.46875,0.85,0.5,2,0.439353265598832,3.069376036160208
0.5,1.5,0.46875,0.85,0.5,3,0.439353265598832,2.901236213631935
0.5,1.5,0.46875,0.85,0.5,4,0.439353265598832,2.679056750033183
0.5,1.5,0.46875,0.85,0.5,5,0.439353265598832,2.288775522305479
0.5,1.5,0.46875,0.85,0.5,7,0.439353265598832,2.4912193374810885
0.5,1.5,0.46875,0.85,0.5,10,0.439353265598832,2.6811318559078736
0.5,1.5,0.46875,0.85,0.5,13,0.439353265598832,2.881496862529496
0.5,1.5,0.46875,0.85,0.75,0,0.439353265598832,3.196982370690411
0.5,1.5,0.46875,0.85,0.75,1,0.439353265598832,2.793186635772511
0.5,1.5,0.46875,0.85,0.75,2,0.439353265598832,3.069376036160208
0.5,1.5,0.46875,0.85,0.75,3,0.439353265598832,2.901236213631935
0.5,1.5,0.46875,0.85,0.75,4,0.439353265598832,2.679056750033183
0.5,1.5,0.46875,0.85,0.75,5,0.439353265598832,2.288775522305479
0.5,1.5,0.46875,0.85,0.75,7,0.439353265598832,2.4912193374810885
0.5,1.5,0.46875,0.85,0.75,10,0.439353265598832,2.6811318559078736
0.5,1.5,0.46875,0.85,0.75,13,0.439353265598832,2.881496862529496
0.5,1.5,0.46875,0.85,0.9,0,0.439353265598832,3.196982370690411
0.5,1.5,0.46875,0.85,0.9,1,0.439353265598832,2.793186635772511
0.5,1.5,0.46875,0.85,0.9,2,0.439353265598832,3.069376036160208
0.5,1.5,0.46875,0.85,0.9,3,0.439353265598832,2.901236213631935
0.5,1.5,0.46875,0.85,0.9,4,0.439353265598832,2.679056750033183
0.5,1.5,0.46875,0.85,0.9,5,0.439353265598832,2.288775522305479
0.5,1.5,0.46875,0.85,0.9,7,0.439353265598832,2.4912193374810885
0.5,1.5,0.46875,0.85,0.9,10,0.439353265598832,2.6811318559078736
0.5,1.5,0.46875,0.85,0.9,13,0.439353265598832,2.881496862529496
0.5,1.5,0.46875,0.85,0.95,0,0.439353265598832,3.196982370690411
0.5,1.5,0.46875,0.85,0.95,1,0.439353265598832,2.793186635772511
0.5,1.5,0.46875,0.85,0.95,2,0.439353265598832,3.069376036160208
0.5,1.5,0.46875,0.85,0.95,3,0.439353265598832,2.901236213631935
0.5,1.5,0.46875,0.85,0.95,4,0.439353265598832,2.679056750033183
0.5,1.5,0.46875,0.85,0.95,5,0.439353265598832,2.288775522305479
0.5,1.5,0.46875,0.85,0.95,7,0.439353265598832,2.4912193374810885
0.5,1.5,0.46875,0.85,0.95,10,0.439353265598832,2.6811318559078736
0.5,1.5,0.46875,0.85,0.95,13,0.439353265598832,2.881496862529496
0.5,1.5,0.46875,0.85,0.99,0,0.439353265598832,3.196982370690411
0.5,1.5,0.46875,0.85,0.99,1,0.439353265598832,2.793186635772511
0.5,1.5,0.46875,0.85,0.99,2,0.439353265598832,3.069376036160208
0.5,1.5,0.46875,0.85,0.99,3,0.439353265598832,2.901236213631935
0.5,1.5,0.46875,0.85,0.99,4,0.439353265598832,2.679056750033183
0.5,1.5,0.46875,0.85,0.99,5,0.439353265598832,2.288775522305479
0.5,1.5,0.46875,0.85,0.99,7,0.439353265598832,2.4912193374810885
0.5,1.5,0.46875,0.85,0.99,10,0.439353265598832,2.6811318559078736
0.5,1.5,0.46875,0.85,0.99,13,0.439353265598832,2.881496862529496
0.5,1.5,0.46875,0.85,0.995,0,0.439353265598832,3.196982370690411
0.5,1.5,0.46875,0.85,0.995,1,0.439353265598832,2.793186635772511
0.5,1.5,0.46875,0.85,0.995,2,0.439353265598832,3.069376036160208
0.5,1.5,0.46875,0.85,0.995,3,0.439353265598832,2.901236213631935
0.5,1.5,0.46875,0.85,0.995,4,0.439353265598832,2.679056750033183
0.5,1.5,0.46875,0.85,0.995,5,0.439353265598832,2.288775522305479
0.5,1.5,0.46875,0.85,0.995,7,0.439353265598832,2.4912193374810885
0.5,1.5,0.46875,0.85,0.995,10,0.439353265598832,2.6811318559078736
0.5,1.5,0.46875,0.85,0.995,13,0.439353265598832,2.881496862529496
0.5,1.5,0.46875,0.85,0.999,0,0.439353265598832,3.196982370690411
0.5,1.5,0.46875,0.85,0.999,1,0.439353265598832,2.793186635772511
0.5,1.5,0.46875,0.85,0.999,2,0.439353265598832,3.069376036160208
0.5,1.5,0.46875,0.85,0.999,3,0.439353265598832,2.901236213631935
0.5,1.5,0.46875,0.85,0.999,4,0.439353265598832,2.679056750033183
0.5,1.5,0.46875,0.85,0.999,5,0.439353265598832,2.288775522305479
0.5,1.5,0.46875,0.85,0.999,7,0.439353265598832,2.4912193374810885
0.5,1.5,0.46875,0.85,0.999,10,0.439353265598832,2.6811318559078736
0.5,1.5,0.46875,0.85,0.999,13,0.439353265598832,2.881496862529496
0.5,1.5,0.46875,0.9,0.5,0,0.439353265598832,3.111859937453802
0.5,1.5,0.46875,0.9,0.5,1,0.439353265598832,2.9137211255663646
0.5,1.5,0.46875,0.9,0.5,2,0.439353265598832,3.0178149316600136
0.5,1.5,0.46875,0.9,0.5,3,0.439353265598832,2.8546841781786285
0.5,1.5,0.46875,0.9,0.5,4,0.439353265598832,2.826820345957228
0.5,1.5,0.46875,0.9,0.5,5,0.439353265598832,2.5556627924724475
0.5,1.5,0.46875,0.9,0.5,7,0.439353265598832,2.519918816585649
0.5,1.5,0.46875,0.9,0.5,10,0.439353265598832,2.446760733977686
0.5,1.5,0.46875,0.9,0.5,13,0.439353265598832,2.463420852304895
0.5,1.5,0.46875,0.9,0.75,0,0.439353265598832,3.111859937453802
0.5,1.5,0.46875,0.9,0.75,1,0.439353265598832,2.9137211255663646
0.5,1.5,0.46875,0.9,0.75,2,0.439353265598832,3.0178149316600136
0.5,1.5,0.46875,0.9,0.75,3,0.439353265598832,2.8546841781786285
0.5,1.5,0.46875,0.9,0.75,4,0.439353265598832,2.826820345957228
0.5,1.5,0.46875,0.9,0.75,5,0.439353265598832,2.5556627924724475
0.5,1.5,0.46875,0.9,0.75,7,0.439353265598832,2.519918816585649
0.5,1.5,0.46875,0.9,0.75,10,0.439353265598832,2.446760733977686
0.5,1.5,0.46875,0.9,0.75,13,0.439353265598832,2.463420852304895
0.5,1.5,0.46875,0.9,0.9,0,0.439353265598832,3.111859937453802
0.5,1.5,0.46875,0.9,0.9,1,0.439353265598832,2.9137211255663646
0.5,1.5,0.46875,0.9,0.9,2,0.439353265598832,3.0178149316600136
0.5,1.5,0.46875,0.9,0.9,3,0.439353265598832,2.8546841781786285
0.5,1.5,0.46875,0.9,0.9,4,0.439353265598832,2.826820345957228
0.5,1.5,0.46875,0.9,0.9,5,0.439353265598832,2.5556627924724475
0.5,1.5,0.46875,0.9,0.9,7,0.439353265598832,2.519918816585649
0.5,1.5,0.46875,0.9,0.9,10,0.439353265598832,2.446760733977686
0.5,1.5,0.46875,0.9,0.9,13,0.439353265598832,2.463420852304895
0.5,1.5,0.46875,0.9,0.95,0,0.439353265598832,3.111859937453802
0.5,1.5,0.46875,0.9,0.95,1,0.439353265598832,2.9137211255663646
0.5,1.5,0.46875,0.9,0.95,2,0.439353265598832,3.0178149316600136
0.5,1.5,0.46875,0.9,0.95,3,0.439353265598832,2.8546841781786285
0.5,1.5,0.46875,0.9,0.95,4,0.439353265598832,2.826820345957228
0.5,1.5,0.46875,0.9,0.95,5,0.439353265598832,2.5556627924724475
0.5,1.5,0.46875,0.9,0.95,7,0.439353265598832,2.519918816585649
0.5,1.5,0.46875,0.9,0.95,10,0.439353265598832,2.446760733977686
0.5,1.5,0.46875,0.9,0.95,13,0.439353265598832,2.463420852304895
0.5,1.5,0.46875,0.9,0.99,0,0.439353265598832,3.111859937453802
0.5,1.5,0.46875,0.9,0.99,1,0.439353265598832,2.9137211255663646
0.5,1.5,0.46875,0.9,0.99,2,0.439353265598832,3.0178149316600136
0.5,1.5,0.46875,0.9,0.99,3,0.439353265598832,2.8546841781786285
0.5,1.5,0.46875,0.9,0.99,4,0.439353265598832,2.826820345957228
0.5,1.5,0.46875,0.9,0.99,5,0.439353265598832,2.5556627924724475
0.5,1.5,0.46875,0.9,0.99,7,0.439353265598832,2.519918816585649
0.5,1.5,0.46875,0.9,0.99,10,0.439353265598832,2.446760733977686
0.5,1.5,0.46875,0.9,0.99,13,0.439353265598832,2.463420852304895
0.5,1.5,0.46875,0.9,0.995,0,0.439353265598832,3.111859937453802
0.5,1.5,0.46875,0.9,0.995,1,0.439353265598832,2.9137211255663646
0.5,1.5,0.46875,0.9,0.995,2,0.439353265598832,3.0178149316600136
0.5,1.5,0.46875,0.9,0.995,3,0.439353265598832,2.8546841781786285
0.5,1.5,0.46875,0.9,0.995,4,0.439353265598832,2.826820345957228
0.5,1.5,0.46875,0.9,0.995,5,0.439353265598832,2.5556627924724475
0.5,1.5,0.46875,0.9,0.995,7,0.439353265598832,2.519918816585649
0.5,1.5,0.46875,0.9,0.995,10,0.439353265598832,2.446760733977686
0.5,1.5,0.46875,0.9,0.995,13,0.439353265598832,2.463420852304895
0.5,1.5,0.46875,0.9,0.999,0,0.439353265598832,3.111859937453802
0.5,1.5,0.46875,0.9,0.999,1,0.439353265598832,2.9137211255663646
0.5,1.5,0.46875,0.9,0.999,2,0.439353265598832,3.0178149316600136
0.5,1.5,0.46875,0.9,0.999,3,0.439353265598832,2.8546841781786285
0.5,1.5,0.46875,0.9,0.999,4,0.439353265598832,2.826820345957228
0.5,1.5,0.46875,0.9,0.999,5,0.439353265598832,2.5556627924724475
0.5,1.5,0.46875,0.9,0.999,7,0.439353265598832,2.519918816585649
0.5,1.5,0.46875,0.9,0.999,10,0.439353265598832,2.446760733977686
0.5,1.5,0.46875,0.9,0.999,13,0.439353265598832,2.463420852304895
0.5,1.5,0.46875,0.95,0.5,0,0.439353265598832,3.6182670594499102
0.5,1.5,0.46875,0.95,0.5,1,0.439353265598832,3.4948226559102937
0.5,1.5,0.46875,0.95,0.5,2,0.439353265598832,3.45953135489984
0.5,1.5,0.46875,0.95,0.5,3,0.439353265598832,3.1797471570534803
0.5,1.5,0.46875,0.95,0.5,4,0.439353265598832,2.866749790658616
0.5,1.5,0.46875,0.95,0.5,5,0.439353265598832,2.8242303586121373
0.5,1.5,0.46875,0.95,0.5,7,0.439353265598832,2.4081407531794565
0.5,1.5,0.46875,0.95,0.5,10,0.439353265598832,2.435502523506557
0.5,1.5,0.46875,0.95,0.5,13,0.439353265598832,2.011398291750319
0.5,1.5,0.46875,0.95,0.75,0,0.439353265598832,3.6182670594499102
0.5,1.5,0.46875,0.95,0.75,1,0.439353265598832,3.4948226559102937
0.5,1.5,0.46875,0.95,0.75,2,0.439353265598832,3.45953135489984
0.5,1.5,0.46875,0.95,0.75,3,0.439353265598832,3.1797471570534803
0.5,1.5,0.46875,0.95,0.75,4,0.439353265598832,2.866749790658616
0.5,1.5,0.46875,0.95,0.75,5,0.439353265598832,2.8242303586121373
0.5,1.5,0.46875,0.95,0.75,7,0.439353265598832,2.4081407531794565
0.5,1.5,0.46875,0.95,0.75,10,0.439353265598832,2.435502523506557
0.5,1.5,0.46875,0.95,0.75,13,0.439353265598832,2.011398291750319
0.5,1.5,0.46875,0.95,0.9,0,0.439353265598832,3.6182670594499102
0.5,1.5,0.46875,0.95,0.9,1,0.439353265598832,3.4948226559102937
0.5,1.5,0.46875,0.95,0.9,2,0.439353265598832,3.45953135489984
0.5,1.5,0.46875,0.95,0.9,3,0.439353265598832,3.1797471570534803
0.5,1.5,0.46875,0.95,0.9,4,0.439353265598832,2.866749790658616
0.5,1.5,0.46875,0.95,0.9,5,0.439353265598832,2.8242303586121373
0.5,1.5,0.46875,0.95,0.9,7,0.439353265598832,2.4081407531794565
0.5,1.5,0.46875,0.95,0.9,10,0.439353265598832,2.435502523506557
0.5,1.5,0.46875,0.95,0.9,13,0.439353265598832,2.011398291750319
0.5,1.5,0.46875,0.95,0.95,0,0.439353265598832,3.6182670594499102
0.5,1.5,0.46875,0.95,0.95,1,0.439353265598832,3.4948226559102937
0.5,1.5,0.46875,0.95,0.95,2,0.439353265598832,3.45953135489984
0.5,1.5,0.46875,0.95,0.95,3,0.439353265598832,3.1797471570534803
0.5,1.5,0.46875,0.95,0.95,4,0.439353265598832,2.866749790658616
0.5,1.5,0.46875,0.95,0.95,5,0.439353265598832,2.8242303586121373
0.5,1.5,0.46875,0.95,0.95,7,0.439353265598832,2.4081407531794565
0.5,1.5,0.46875,0.95,0.95,10,0.439353265598832,2.435502523506557
0.5,1.5,0.46875,0.95,0.95,13,0.439353265598832,2.011398291750319
0.5,1.5,0.46875,0.95,0.99,0,0.439353265598832,3.6182670594499102
0.5,1.5,0.46875,0.95,0.99,1,0.439353265598832,3.4948226559102937
0.5,1.5,0.46875,0.95,0.99,2,0.439353265598832,3.45953135489984
0.5,1.5,0.46875,0.95,0.99,3,0.439353265598832,3.1797471570534803
0.5,1.5,0.46875,0.95,0.99,4,0.439353265598832,2.866749790658616
0.5,1.5,0.46875,0.95,0.99,5,0.439353265598832,2.8242303586121373
0.5,1.5,0.46875,0.95,0.99,7,0.439353265598832,2.4081407531794565
0.5,1.5,0.46875,0.95,0.99,10,0.439353265598832,2.435502523506557
0.5,1.5,0.46875,0.95,0.99,13,0.439353265598832,2.011398291750319
0.5,1.5,0.46875,0.95,0.995,0,0.439353265598832,3.6182670594499102
0.5,1.5,0.46875,0.95,0.995,1,0.439353265598832,3.4948226559102937
0.5,1.5,0.46875,0.95,0.995,2,0.439353265598832,3.45953135489984
0.5,1.5,0.46875,0.95,0.995,3,0.439353265598832,3.1797471570534803
0.5,1.5,0.46875,0.95,0.995,4,0.439353265598832,2.866749790658616
0.5,1.5,0.46875,0.95,0.995,5,0.439353265598832,2.8242303586121373
0.5,1.5,0.46875,0.95,0.995,7,0.439353265598832,2.4081407531794565
0.5,1.5,0.46875,0.95,0.995,10,0.439353265598832,2.435502523506557
0.5,1.5,0.46875,0.95,0.995,13,0.439353265598832,2.011398291750319
0.5,1.5,0.46875,0.95,0.999,0,0.439353265598832,3.6182670594499102
0.5,1.5,0.46875,0.95,0.999,1,0.439353265598832,3.4948226559102937
0.5,1.5,0.46875,0.95,0.999,2,0.439353265598832,3.45953135489984
0.5,1.5,0.46875,0.95,0.999,3,0.439353265598832,3.1797471570534803
0.5,1.5,0.46875,0.95,0.999,4,0.439353265598832,2.866749790658616
0.5,1.5,0.46875,0.95,0.999,5,0.439353265598832,2.8242303586121373
0.5,1.5,0.46875,0.95,0.999,7,0.439353265598832,2.4081407531794565
0.5,1.5,0.46875,0.95,0.999,10,0.439353265598832,2.435502523506557
0.5,1.5,0.46875,0.95,0.999,13,0.439353265598832,2.011398291750319
0.5,1.5,0.46875,0.975,0.5,0,0.439353265598832,3.02700130579362
0.5,1.5,0.46875,0.975,0.5,1,0.439353265598832,3.475064498009791
0.5,1.5,0.46875,0.975,0.5,2,0.439353265598832,3.4456386525475025
0.5,1.5,0.46875,0.975,0.5,3,0.439353265598832,2.937089706203086
0.5,1.5,0.46875,0.975,0.5,4,0.439353265598832,2.823575578777031
0.5,1.5,0.46875,0.975,0.5,5,0.439353265598832,2.6342810351316492
0.5,1.5,0.46875,0.975,0.5,7,0.439353265598832,2.736459063691738
0.5,1.5,0.46875,0.975,0.5,10,0.439353265598832,2.4909245091856698
0.5,1.5,0.46875,0.975,0.5,13,0.439353265598832,2.2485927493100974
0.5,1.5,0.46875,0.975,0.75,0,0.439353265598832,3.02700130579362
0.5,1.5,0.46875,0.975,0.75,1,0.439353265598832,3.475064498009791
0.5,1.5,0.46875,0.975,0.75,2,0.439353265598832,3.4456386525475025
0.5,1.5,0.46875,0.975,0.75,3,0.439353265598832,2.937089706203086
0.5,1.5,0.46875,0.975,0.75,4,0.439353265598832,2.823575578777031
0.5,1.5,0.46875,0.975,0.75,5,0.439353265598832,2.6342810351316492
0.5,1.5,0.46875,0.975,0.75,7,0.439353265598832,2.736459063691738
0.5,1.5,0.46875,0.975,0.75,10,0.439353265598832,2.4909245091856698
0.5,1.5,0.46875,0.975,0.75,13,0.439353265598832,2.2485927493100974
0.5,1.5,0.46875,0.975,0.9,0,0.439353265598832,3.02700130579362
0.5,1.5,0.46875,0.975,0.9,1,0.439353265598832,3.475064498009791
0.5,1.5,0.46875,0.975,0.9,2,0.439353265598832,3.4456386525475025
0.5,1.5,0.46875,0.975,0.9,3,0.439353265598832,2.937089706203086
0.5,1.5,0.46875,0.975,0.9,4,0.439353265598832,2.823575578777031
0.5,1.5,0.46875,0.975,0.9,5,0.439353265598832,2.6342810351316492
0.5,1.5,0.46875,0.975,0.9,7,0.439353265598832,2.736459063691738
0.5,1.5,0.46875,0.975,0.9,10,0.439353265598832,2.4909245091856698
0.5,1.5,0.46875,0.975,0.9,13,0.439353265598832,2.2485927493100974
0.5,1.5,0.46875,0.975,0.95,0,0.439353265598832,3.02700130579362
0.5,1.5,0.46875,0.975,0.95,1,0.439353265598832,3.475064498009791
0.5,1.5,0.46875,0.975,0.95,2,0.439353265598832,3.4456386525475025
0.5,1.5,0.46875,0.975,0.95,3,0.439353265598832,2.937089706203086
0.5,1.5,0.46875,0.975,0.95,4,0.439353265598832,2.823575578777031
0.5,1.5,0.46875,0.975,0.95,5,0.439353265598832,2.6342810351316492
0.5,1.5,0.46875,0.975,0.95,7,0.439353265598832,2.736459063691738
0.5,1.5,0.46875,0.975,0.95,10,0.439353265598832,2.4909245091856698
0.5,1.5,0.46875,0.975,0.95,13,0.439353265598832,2.2485927493100974
0.5,1.5,0.46875,0.975,0.99,0,0.439353265598832,3.02700130579362
0.5,1.5,0.46875,0.975,0.99,1,0.439353265598832,3.475064498009791
0.5,1.5,0.46875,0.975,0.99,2,0.439353265598832,3.4456386525475025
0.5,1.5,0.46875,0.975,0.99,3,0.439353265598832,2.937089706203086
0.5,1.5,0.46875,0.975,0.99,4,0.439353265598832,2.823575578777031
0.5,1.5,0.46875,0.975,0.99,5,0.439353265598832,2.6342810351316492
0.5,1.5,0.46875,0.975,0.99,7,0.439353265598832,2.736459063691738
0.5,1.5,0.46875,0.975,0.99,10,0.439353265598832,2.4909245091856698
0.5,1.5,0.46875,0.975,0.99,13,0.439353265598832,2.2485927493100974
0.5,1.5,0.46875,0.975,0.995,0,0.439353265598832,3.02700130579362
0.5,1.5,0.46875,0.975,0.995,1,0.439353265598832,3.475064498009791
0.5,1.5,0.46875,0.975,0.995,2,0.439353265598832,3.4456386525475025
0.5,1.5,0.46875,0.975,0.995,3,0.439353265598832,2.937089706203086
0.5,1.5,0.46875,0.975,0.995,4,0.439353265598832,2.823575578777031
0.5,1.5,0.46875,0.975,0.995,5,0.439353265598832,2.6342810351316492
0.5,1.5,0.46875,0.975,0.995,7,0.439353265598832,2.736459063691738
0.5,1.5,0.46875,0.975,0.995,10,0.439353265598832,2.4909245091856698
0.5,1.5,0.46875,0.975,0.995,13,0.439353265598832,2.2485927493100974
0.5,1.5,0.46875,0.975,0.999,0,0.439353265598832,3.02700130579362
0.5,1.5,0.46875,0.975,0.999,1,0.439353265598832,3.475064498009791
0.5,1.5,0.46875,0.975,0.999,2,0.439353265598832,3.4456386525475025
0.5,1.5,0.46875,0.975,0.999,3,0.439353265598832,2.937089706203086
0.5,1.5,0.46875,0.975,0.999,4,0.439353265598832,2.823575578777031
0.5,1.5,0.46875,0.975,0.999,5,0.439353265598832,2.6342810351316492
0.5,1.5,0.46875,0.975,0.999,7,0.439353265598832,2.736459063691738
0.5,1.5,0.46875,0.975,0.999,10,0.439353265598832,2.4909245091856698
0.5,1.5,0.46875,0.975,0.999,13,0.439353265598832,2.2485927493100974
0.25,1.5,0.46875,0.4,0.5,0,0.439353265598832,1.7930277659268867
0.25,1.5,0.46875,0.4,0.5,1,0.439353265598832,1.2950851290123988
0.25,1.5,0.46875,0.4,0.5,2,0.439353265598832,1.4372002642530113
0.25,1.5,0.46875,0.4,0.5,3,0.439353265598832,2.015497537213594
0.25,1.5,0.46875,0.4,0.5,4,0.439353265598832,2.515964283368587
0.25,1.5,0.46875,0.4,0.5,5,0.439353265598832,0.8300518128940009
0.25,1.5,0.46875,0.4,0.5,7,0.439353265598832,0.6274125467670126
0.25,1.5,0.46875,0.4,0.5,10,0.439353265598832,1.8970166285208663
0.25,1.5,0.46875,0.4,0.5,13,0.439353265598832,0.5808232082276454
0.25,1.5,0.46875,0.4,0.75,0,0.439353265598832,1.7930277659268867
0.25,1.5,0.46875,0.4,0.75,1,0.439353265598832,1.2950851290123988
0.25,1.5,0.46875,0.4,0.75,2,0.439353265598832,1.4372002642530113
0.25,1.5,0.46875,0.4,0.75,3,0.439353265598832,2.015497537213594
0.25,1.5,0.46875,0.4,0.75,4,0.439353265598832,2.515964283368587
0.25,1.5,0.46875,0.4,0.75,5,0.439353265598832,0.8300518128940009
0.25,1.5,0.46875,0.4,0.75,7,0.439353265598832,0.6274125467670126
0.25,1.5,0.46875,0.4,0.75,10,0.439353265598832,1.8970166285208663
0.25,1.5,0.46875,0.4,0.75,13,0.439353265598832,0.5808232082276454
0.25,1.5,0.46875,0.4,0.9,0,0.439353265598832,1.7930277659268867
0.25,1.5,0.46875,0.4,0.9,1,0.439353265598832,1.2950851290123988
0.25,1.5,0.46875,0.4,0.9,2,0.439353265598832,1.4372002642530113
0.25,1.5,0.46875,0.4,0.9,3,0.439353265598832,2.015497537213594
0.25,1.5,0.46875,0.4,0.9,4,0.439353265598832,2.515964283368587
0.25,1.5,0.46875,0.4,0.9,5,0.439353265598832,0.8300518128940009
0.25,1.5,0.46875,0.4,0.9,7,0.439353265598832,0.6274125467670126
0.25,1.5,0.46875,0.4,0.9,10,0.439353265598832,1.8970166285208663
0.25,1.5,0.46875,0.4,0.9,13,0.439353265598832,0.5808232082276454
0.25,1.5,0.46875,0.4,0.95,0,0.439353265598832,1.7930277659268867
0.25,1.5,0.46875,0.4,0.95,1,0.439353265598832,1.2950851290123988
0.25,1.5,0.46875,0.4,0.95,2,0.439353265598832,1.4372002642530113
0.25,1.5,0.46875,0.4,0.95,3,0.439353265598832,2.015497537213594
0.25,1.5,0.46875,0.4,0.95,4,0.439353265598832,2.515964283368587
0.25,1.5,0.46875,0.4,0.95,5,0.439353265598832,0.8300518128940009
0.25,1.5,0.46875,0.4,0.95,7,0.439353265598832,0.6274125467670126
0.25,1.5,0.46875,0.4,0.95,10,0.439353265598832,1.8970166285208663
0.25,1.5,0.46875,0.4,0.95,13,0.439353265598832,0.5808232082276454
0.25,1.5,0.46875,0.4,0.99,0,0.439353265598832,1.7930277659268867
0.25,1.5,0.46875,0.4,0.99,1,0.439353265598832,1.2950851290123988
0.25,1.5,0.46875,0.4,0.99,2,0.439353265598832,1.4372002642530113
0.25,1.5,0.46875,0.4,0.99,3,0.439353265598832,2.015497537213594
0.25,1.5,0.46875,0.4,0.99,4,0.439353265598832,2.515964283368587
0.25,1.5,0.46875,0.4,0.99,5,0.439353265598832,0.8300518128940009
0.25,1.5,0.46875,0.4,0.99,7,0.439353265598832,0.6274125467670126
0.25,1.5,0.46875,0.4,0.99,10,0.439353265598832,1.8970166285208663
0.25,1.5,0.46875,0.4,0.99,13,0.439353265598832,0.5808232082276454
0.25,1.5,0.46875,0.4,0.995,0,0.439353265598832,1.7930277659268867
0.25,1.5,0.46875,0.4,0.995,1,0.439353265598832,1.2950851290123988
0.25,1.5,0.46875,0.4,0.995,2,0.439353265598832,1.4372002642530113
0.25,1.5,0.46875,0.4,0.995,3,0.439353265598832,2.015497537213594
0.25,1.5,0.46875,0.4,0.995,4,0.439353265598832,2.515964283368587
0.25,1.5,0.46875,0.4,0.995,5,0.439353265598832,0.8300518128940009
0.25,1.5,0.46875,0.4,0.995,7,0.439353265598832,0.6274125467670126
0.25,1.5,0.46875,0.4,0.995,10,0.439353265598832,1.8970166285208663
0.25,1.5,0.46875,0.4,0.995,13,0.439353265598832,0.5808232082276454
0.25,1.5,0.46875,0.4,0.999,0,0.439353265598832,1.7930277659268867
0.25,1.5,0.46875,0.4,0.999,1,0.439353265598832,1.2950851290123988
0.25,1.5,0.46875,0.4,0.999,2,0.439353265598832,1.4372002642530113
0.25,1.5,0.46875,0.4,0.999,3,0.439353265598832,2.015497537213594
0.25,1.5,0.46875,0.4,0.999,4,0.439353265598832,2.515964283368587
0.25,1.5,0.46875,0.4,0.999,5,0.439353265598832,0.8300518128940009
0.25,1.5,0.46875,0.4,0.999,7,0.439353265598832,0.6274125467670126
0.25,1.5,0.46875,0.4,0.999,10,0.439353265598832,1.8970166285208663
0.25,1.5,0.46875,0.4,0.999,13,0.439353265598832,0.5808232082276454
0.25,1.5,0.46875,0.45,0.5,0,0.439353265598832,1.7118772278693817
0.25,1.5,0.46875,0.45,0.5,1,0.439353265598832,1.62352423717404
0.25,1.5,0.46875,0.45,0.5,2,0.439353265598832,1.5288978876243087
0.25,1.5,0.46875,0.45,0.5,3,0.439353265598832,1.1419731653798422
0.25,1.5,0.46875,0.45,0.5,4,0.439353265598832,1.9513316924578183
0.25,1.5,0.46875,0.45,0.5,5,0.439353265598832,0.9089214820284954
0.25,1.5,0.46875,0.45,0.5,7,0.439353265598832,0.3980698544152099
0.25,1.5,0.46875,0.45,0.5,10,0.439353265598832,1.494224470354782
0.25,1.5,0.46875,0.45,0.5,13,0.439353265598832,0.5340794054239923
0.25,1.5,0.46875,0.45,0.75,0,0.439353265598832,1.7118772278693817
0.25,1.5,0.46875,0.45,0.75,1,0.439353265598832,1.62352423717404
0.25,1.5,0.46875,0.45,0.75,2,0.439353265598832,1.5288978876243087
0.25,1.5,0.46875,0.45,0.75,3,0.439353265598832,1.1419731653798422
0.25,1.5,0.46875,0.45,0.75,4,0.439353265598832,1.9513316924578183
0.25,1.5,0.46875,0.45,0.75,5,0.439353265598832,0.9089214820284954
0.25,1.5,0.46875,0.45,0.75,7,0.439353265598832,0.3980698544152099
0.25,1.5,0.46875,0.45,0.75,10,0.439353265598832,1.494224470354782
0.25,1.5,0.46875,0.45,0.75,13,0.439353265598832,0.5340794054239923
0.25,1.5,0.46875,0.45,0.9,0,0.439353265598832,1.7118772278693817
0.25,1.5,0.46875,0.45,0.9,1,0.439353265598832,1.62352423717404
0.25,1.5,0.46875,0.45,0.9,2,0.439353265598832,1.5288978876243087
0.25,1.5,0.46875,0.45,0.9,3,0.439353265598832,1.1419731653798422
0.25,1.5,0.46875,0.45,0.9,4,0.439353265598832,1.9513316924578183
0.25,1.5,0.46875,0.45,0.9,5,0.439353265598832,0.9089214820284954
0.25,1.5,0.46875,0.45,0.9,7,0.439353265598832,0.3980698544152099
0.25,1.5,0.46875,0.45,0.9,10,0.439353265598832,1.494224470354782
0.25,1.5,0.46875,0.45,0.9,13,0.439353265598832,0.5340794054239923
0.25,1.5,0.46875,0.45,0.95,0,0.439353265598832,1.7118772278693817
0.25,1.5,0.46875,0.45,0.95,1,0.439353265598832,1.62352423717404
0.25,1.5,0.46875,0.45,0.95,2,0.439353265598832,1.5288978876243087
0.25,1.5,0.46875,0.45,0.95,3,0.439353265598832,1.1419731653798422
0.25,1.5,0.46875,0.45,0.95,4,0.439353265598832,1.9513316924578183
0.25,1.5,0.46875,0.45,0.95,5,0.439353265598832,0.9089214820284954
0.25,1.5,0.46875,0.45,0.95,7,0.439353265598832,0.3980698544152099
0.25,1.5,0.46875,0.45,0.95,10,0.439353265598832,1.494224470354782
0.25,1.5,0.46875,0.45,0.95,13,0.439353265598832,0.5340794054239923
0.25,1.5,0.46875,0.45,0.99,0,0.439353265598832,1.7118772278693817
0.25,1.5,0.46875,0.45,0.99,1,0.439353265598832,1.62352423717404
0.25,1.5,0.46875,0.45,0.99,2,0.439353265598832,1.5288978876243087
0.25,1.5,0.46875,0.45,0.99,3,0.439353265598832,1.1419731653798422
0.25,1.5,0.46875,0.45,0.99,4,0.439353265598832,1.9513316924578183
0.25,1.5,0.46875,0.45,0.99,5,0.439353265598832,0.9089214820284954
0.25,1.5,0.46875,0.45,0.99,7,0.439353265598832,0.3980698544152099
0.25,1.5,0.46875,0.45,0.99,10,0.439353265598832,1.494224470354782
0.25,1.5,0.46875,0.45,0.99,13,0.439353265598832,0.5340794054239923
0.25,1.5,0.46875,0.45,0.995,0,0.439353265598832,1.7118772278693817
0.25,1.5,0.46875,0.45,0.995,1,0.439353265598832,1.62352423717404
0.25,1.5,0.46875,0.45,0.995,2,0.439353265598832,1.5288978876243087
0.25,1.5,0.46875,0.45,0.995,3,0.439353265598832,1.1419731653798422
0.25,1.5,0.46875,0.45,0.995,4,0.439353265598832,1.9513316924578183
0.25,1.5,0.46875,0.45,0.995,5,0.439353265598832,0.9089214820284954
0.25,1.5,0.46875,0.45,0.995,7,0.439353265598832,0.3980698544152099
0.25,1.5,0.46875,0.45,0.995,10,0.439353265598832,1.494224470354782
0.25,1.5,0.46875,0.45,0.995,13,0.439353265598832,0.5340794054239923
0.25,1.5,0.46875,0.45,0.999,0,0.439353265598832,1.7118772278693817
0.25,1.5,0.46875,0.45,0.999,1,0.439353265598832,1.62352423717404
0.25,1.5,0.46875,0.45,0.999,2,0.439353265598832,1.5288978876243087
0.25,1.5,0.46875,0.45,0.999,3,0.439353265598832,1.1419731653798422
0.25,1.5,0.46875,0.45,0.999,4,0.439353265598832,1.9513316924578183
0.25,1.5,0.46875,0.45,0.999,5,0.439353265598832,0.9089214820284954
0.25,1.5,0.46875,0.45,0.999,7,0.439353265598832,0.3980698544152099
0.25,1.5,0.46875,0.45,0.999,10,0.439353265598832,1.494224470354782
0.25,1.5,0.46875,0.45,0.999,13,0.439353265598832,0.5340794054239923
0.25,1.5,0.46875,0.5,0.5,0,0.439353265598832,1.9033355918979324
0.25,1.5,0.46875,0.5,0.5,1,0.439353265598832,1.7692505374422962
0.25,1.5,0.46875,0.5,0.5,2,0.439353265598832,2.048773063845098
0.25,1.5,0.46875,0.5,0.5,3,0.439353265598832,1.2190669031654726
0.25,1.5,0.46875,0.5,0.5,4,0.439353265598832,1.5723258613711952
0.25,1.5,0.46875,0.5,0.5,5,0.439353265598832,1.2649429557018363
0.25,1.5,0.46875,0.5,0.5,7,0.439353265598832,0.44314021932430275
0.25,1.5,0.46875,0.5,0.5,10,0.439353265598832,1.3141464546435904
0.25,1.5,0.46875,0.5,0.5,13,0.439353265598832,0.8863821076505436
0.25,1.5,0.46875,0.5,0.75,0,0.439353265598832,1.9033355918979324
0.25,1.5,0.46875,0.5,0.75,1,0.439353265598832,1.7692505374422962
0.25,1.5,0.46875,0.5,0.75,2,0.439353265598832,2.048773063845098
0.25,1.5,0.46875,0.5,0.75,3,0.439353265598832,1.2190669031654726
0.25,1.5,0.46875,0.5,0.75,4,0.439353265598832,1.5723258613711952
0.25,1.5,0.46875,0.5,0.75,5,0.439353265598832,1.2649429557018363
0.25,1.5,0.46875,0.5,0.75,7,0.439353265598832,0.44314021932430275
0.25,1.5,0.46875,0.5,0.75,10,0.439353265598832,1.3141464546435904
0.25,1.5,0.46875,0.5,0.75,13,0.439353265598832,0.8863821076505436
0.25,1.5,0.46875,0.5,0.9,0,0.439353265598832,1.9033355918979324
0.25,1.5,0.46875,0.5,0.9,1,0.439353265598832,1.7692505374422962
0.25,1.5,0.46875,0.5,0.9,2,0.439353265598832,2.048773063845098
0.25,1.5,0.46875,0.5,0.9,3,0.439353265598832,1.2190669031654726
0.25,1.5,0.46875,0.5,0.9,4,0.439353265598832,1.5723258613711952
0.25,1.5,0.46875,0.5,0.9,5,0.439353265598832,1.2649429557018363
0.25,1.5,0.46875,0.5,0.9,7,0.439353265598832,0.44314021932430275
0.25,1.5,0.46875,0.5,0.9,10,0.439353265598832,1.3141464546435904
0.25,1.5,0.46875,0.5,0.9,13,0.439353265598832,0.8863821076505436
0.25,1.5,0.46875,0.5,0.95,0,0.439353265598832,1.9033355918979324
0.25,1.5,0.46875,0.5,0.95,1,0.439353265598832,1.7692505374422962
0.25,1.5,0.46875,0.5,0.95,2,0.439353265598832,2.048773063845098
0.25,1.5,0.46875,0.5,0.95,3,0.439353265598832,1.2190669031654726
0.25,1.5,0.46875,0.5,0.95,4,0.439353265598832,1.5723258613711952
0.25,1.5,0.46875,0.5,0.95,5,0.439353265598832,1.2649429557018363
0.25,1.5,0.46875,0.5,0.95,7,0.439353265598832,0.44314021932430275
0.25,1.5,0.46875,0.5,0.95,10,0.439353265598832,1.3141464546435904
0.25,1.5,0.46875,0.5,0.95,13,0.439353265598832,0.8863821076505436
0.25,1.5,0.46875,0.5,0.99,0,0.439353265598832,1.9033355918979324
0.25,1.5,0.46875,0.5,0.99,1,0.439353265598832,1.7692505374422962
0.25,1.5,0.46875,0.5,0.99,2,0.439353265598832,2.048773063845098
0.25,1.5,0.46875,0.5,0.99,3,0.439353265598832,1.2190669031654726
0.25,1.5,0.46875,0.5,0.99,4,0.439353265598832,1.5723258613711952
0.25,1.5,0.46875,0.5,0.99,5,0.439353265598832,1.2649429557018363
0.25,1.5,0.46875,0.5,0.99,7,0.439353265598832,0.44314021932430275
0.25,1.5,0.46875,0.5,0.99,10,0.439353265598832,1.3141464546435904
0.25,1.5,0.46875,0.5,0.99,13,0.439353265598832,0.8863821076505436
0.25,1.5,0.46875,0.5,0.995,0,0.439353265598832,1.9033355918979324
0.25,1.5,0.46875,0.5,0.995,1,0.439353265598832,1.7692505374422962
0.25,1.5,0.46875,0.5,0.995,2,0.439353265598832,2.048773063845098
0.25,1.5,0.46875,0.5,0.995,3,0.439353265598832,1.2190669031654726
0.25,1.5,0.46875,0.5,0.995,4,0.439353265598832,1.5723258613711952
0.25,1.5,0.46875,0.5,0.995,5,0.439353265598832,1.2649429557018363
0.25,1.5,0.46875,0.5,0.995,7,0.439353265598832,0.44314021932430275
0.25,1.5,0.46875,0.5,0.995,10,0.439353265598832,1.3141464546435904
0.25,1.5,0.46875,0.5,0.995,13,0.439353265598832,0.8863821076505436
0.25,1.5,0.46875,0.5,0.999,0,0.439353265598832,1.9033355918979324
0.25,1.5,0.46875,0.5,0.999,1,0.439353265598832,1.7692505374422962
0.25,1.5,0.46875,0.5,0.999,2,0.439353265598832,2.048773063845098
0.25,1.5,0.46875,0.5,0.999,3,0.439353265598832,1.2190669031654726
0.25,1.5,0.46875,0.5,0.999,4,0.439353265598832,1.5723258613711952
0.25,1.5,0.46875,0.5,0.999,5,0.439353265598832,1.2649429557018363
0.25,1.5,0.46875,0.5,0.999,7,0.439353265598832,0.44314021932430275
0.25,1.5,0.46875,0.5,0.999,10,0.439353265598832,1.3141464546435904
0.25,1.5,0.46875,0.5,0.999,13,0.439353265598832,0.8863821076505436
0.25,1.5,0.46875,0.55,0.5,0,0.439353265598832,2.5930095504329405
0.25,1.5,0.46875,0.55,0.5,1,0.439353265598832,2.4392737530656907
0.25,1.5,0.46875,0.55,0.5,2,0.439353265598832,2.11672288958454
0.25,1.5,0.46875,0.55,0.5,3,0.439353265598832,1.4135991506294956
0.25,1.5,0.46875,0.55,0.5,4,0.439353265598832,1.9036371429356937
0.25,1.5,0.46875,0.55,0.5,5,0.439353265598832,0.9138368918065302
0.25,1.5,0.46875,0.55,0.5,7,0.439353265598832,0.37667888543262756
0.25,1.5,0.46875,0.55,0.5,10,0.439353265598832,1.7418202285898086
0.25,1.5,0.46875,0.55,0.5,13,0.439353265598832,1.3147753368669284
0.25,1.5,0.46875,0.55,0.75,0,0.439353265598832,2.5930095504329405
0.25,1.5,0.46875,0.55,0.75,1,0.439353265598832,2.4392737530656907
0.25,1.5,0.46875,0.55,0.75,2,0.439353265598832,2.11672288958454
0.25,1.5,0.46875,0.55,0.75,3,0.439353265598832,1.4135991506294956
0.25,1.5,0.46875,0.55,0.75,4,0.439353265598832,1.9036371429356937
0.25,1.5,0.46875,0.55,0.75,5,0.439353265598832,0.9138368918065302
0.25,1.5,0.46875,0.55,0.75,7,0.439353265598832,0.37667888543262756
0.25,1.5,0.46875,0.55,0.75,10,0.439353265598832,1.7418202285898086
0.25,1.5,0.46875,0.55,0.75,13,0.439353265598832,1.3147753368669284
0.25,1.5,0.46875,0.55,0.9,0,0.439353265598832,2.5930095504329405
0.25,1.5,0.46875,0.55,0.9,1,0.439353265598832,2.4392737530656907
0.25,1.5,0.46875,0.55,0.9,2,0.439353265598832,2.11672288958454
0.25,1.5,0.46875,0.55,0.9,3,0.439353265598832,1.4135991506294956
0.25,1.5,0.46875,0.55,0.9,4,0.439353265598832,1.9036371429356937
0.25,1.5,0.46875,0.55,0.9,5,0.439353265598832,0.9138368918065302
0.25,1.5,0.46875,0.55,0.9,7,0.439353265598832,0.37667888543262756
0.25,1.5,0.46875,0.55,0.9,10,0.439353265598832,1.7418202285898086
0.25,1.5,0.46875,0.55,0.9,13,0.439353265598832,1.3147753368669284
0.25,1.5,0.46875,0.55,0.95,0,0.439353265598832,2.5930095504329405
0.25,1.5,0.46875,0.55,0.95,1,0.439353265598832,2.4392737530656907
0.25,1.5,0.46875,0.55,0.95,2,0.439353265598832,2.11672288958454
0.25,1.5,0.46875,0.55,0.95,3,0.439353265598832,1.4135991506294956
0.25,1.5,0.46875,0.55,0.95,4,0.439353265598832,1.9036371429356937
0.25,1.5,0.46875,0.55,0.95,5,0.439353265598832,0.9138368918065302
0.25,1.5,0.46875,0.55,0.95,7,0.439353265598832,0.37667888543262756
0.25,1.5,0.46875,0.55,0.95,10,0.439353265598832,1.7418202285898086
0.25,1.5,0.46875,0.55,0.95,13,0.439353265598832,1.3147753368669284
0.25,1.5,0.46875,0.55,0.99,0,0.439353265598832,2.5930095504329405
0.25,1.5,0.46875,0.55,0.99,1,0.439353265598832,2.4392737530656907
0.25,1.5,0.46875,0.55,0.99,2,0.439353265598832,2.11672288958454
0.25,1.5,0.46875,0.55,0.99,3,0.439353265598832,1.4135991506294956
0.25,1.5,0.46875,0.55,0.99,4,0.439353265598832,1.9036371429356937
0.25,1.5,0.46875,0.55,0.99,5,0.439353265598832,0.9138368918065302
0.25,1.5,0.46875,0.55,0.99,7,0.439353265598832,0.37667888543262756
0.25,1.5,0.46875,0.55,0.99,10,0.439353265598832,1.7418202285898086
0.25,1.5,0.46875,0.55,0.99,13,0.439353265598832,1.3147753368669284
0.25,1.5,0.46875,0.55,0.995,0,0.439353265598832,2.5930095504329405
0.25,1.5,0.46875,0.55,0.995,1,0.439353265598832,2.4392737530656907
0.25,1.5,0.46875,0.55,0.995,2,0.439353265598832,2.11672288958454
0.25,1.5,0.46875,0.55,0.995,3,0.439353265598832,1.4135991506294956
0.25,1.5,0.46875,0.55,0.995,4,0.439353265598832,1.9036371429356937
0.25,1.5,0.46875,0.55,0.995,5,0.439353265598832,0.9138368918065302
0.25,1.5,0.46875,0.55,0.995,7,0.439353265598832,0.37667888543262756
0.25,1.5,0.46875,0.55,0.995,10,0.439353265598832,1.7418202285898086
0.25,1.5,0.46875,0.55,0.995,13,0.439353265598832,1.3147753368669284
0.25,1.5,0.46875,0.55,0.999,0,0.439353265598832,2.5930095504329405
0.25,1.5,0.46875,0.55,0.999,1,0.439353265598832,2.4392737530656907
0.25,1.5,0.46875,0.55,0.999,2,0.439353265598832,2.11672288958454
0.25,1.5,0.46875,0.55,0.999,3,0.439353265598832,1.4135991506294956
0.25,1.5,0.46875,0.55,0.999,4,0.439353265598832,1.9036371429356937
0.25,1.5,0.46875,0.55,0.999,5,0.439353265598832,0.9138368918065302
0.25,1.5,0.46875,0.55,0.999,7,0.439353265598832,0.37667888543262756
0.25,1.5,0.46875,0.55,0.999,10,0.439353265598832,1.7418202285898086
0.25,1.5,0.46875,0.55,0.999,13,0.439353265598832,1.3147753368669284
0.25,1.5,0.46875,0.6,0.5,0,0.439353265598832,3.0440636433291988
0.25,1.5,0.46875,0.6,0.5,1,0.439353265598832,2.740495284106994
0.25,1.5,0.46875,0.6,0.5,2,0.439353265598832,2.4369861317246038
0.25,1.5,0.46875,0.6,0.5,3,0.439353265598832,2.246515571847881
0.25,1.5,0.46875,0.6,0.5,4,0.439353265598832,2.021869157558766
0.25,1.5,0.46875,0.6,0.5,5,0.439353265598832,0.9746415322292679
0.25,1.5,0.46875,0.6,0.5,7,0.439353265598832,1.183447934619714
0.25,1.5,0.46875,0.6,0.5,10,0.439353265598832,2.1611560326448154
0.25,1.5,0.46875,0.6,0.5,13,0.439353265598832,1.9732794854227573
0.25,1.5,0.46875,0.6,0.75,0,0.439353265598832,3.0440636433291988
0.25,1.5,0.46875,0.6,0.75,1,0.439353265598832,2.740495284106994
0.25,1.5,0.46875,0.6,0.75,2,0.439353265598832,2.4369861317246038
0.25,1.5,0.46875,0.6,0.75,3,0.439353265598832,2.246515571847881
0.25,1.5,0.46875,0.6,0.75,4,0.439353265598832,2.021869157558766
0.25,1.5,0.46875,0.6,0.75,5,0.439353265598832,0.9746415322292679
0.25,1.5,0.46875,0.6,0.75,7,0.439353265598832,1.183447934619714
0.25,1.5,0.46875,0.6,0.75,10,0.439353265598832,2.1611560326448154
0.25,1.5,0.46875,0.6,0.75,13,0.439353265598832,1.9732794854227573
0.25,1.5,0.46875,0.6,0.9,0,0.439353265598832,3.0440636433291988
0.25,1.5,0.46875,0.6,0.9,1,0.439353265598832,2.740495284106994
0.25,1.5,0.46875,0.6,0.9,2,0.439353265598832,2.4369861317246038
0.25,1.5,0.46875,0.6,0.9,3,0.439353265598832,2.246515571847881
0.25,1.5,0.46875,0.6,0.9,4,0.439353265598832,2.021869157558766
0.25,1.5,0.46875,0.6,0.9,5,0.439353265598832,0.9746415322292679
0.25,1.5,0.46875,0.6,0.9,7,0.439353265598832,1.183447934619714
0.25,1.5,0.46875,0.6,0.9,10,0.439353265598832,2.1611560326448154
0.25,1.5,0.46875,0.6,0.9,13,0.439353265598832,1.9732794854227573
0.25,1.5,0.46875,0.6,0.95,0,0.439353265598832,3.0440636433291988
0.25,1.5,0.46875,0.6,0.95,1,0.439353265598832,2.740495284106994
0.25,1.5,0.46875,0.6,0.95,2,0.439353265598832,2.4369861317246038
0.25,1.5,0.46875,0.6,0.95,3,0.439353265598832,2.246515571847881
0.25,1.5,0.46875,0.6,0.95,4,0.439353265598832,2.021869157558766
0.25,1.5,0.46875,0.6,0.95,5,0.439353265598832,0.9746415322292679
0.25,1.5,0.46875,0.6,0.95,7,0.439353265598832,1.183447934619714
0.25,1.5,0.46875,0.6,0.95,10,0.439353265598832,2.1611560326448154
0.25,1.5,0.46875,0.6,0.95,13,0.439353265598832,1.9732794854227573
0.25,1.5,0.46875,0.6,0.99,0,0.439353265598832,3.0440636433291988
0.25,1.5,0.46875,0.6,0.99,1,0.439353265598832,2.740495284106994
0.25,1.5,0.46875,0.6,0.99,2,0.439353265598832,2.4369861317246038
0.25,1.5,0.46875,0.6,0.99,3,0.439353265598832,2.246515571847881
0.25,1.5,0.46875,0.6,0.99,4,0.439353265598832,2.021869157558766
0.25,1.5,0.46875,0.6,0.99,5,0.439353265598832,0.9746415322292679
0.25,1.5,0.46875,0.6,0.99,7,0.439353265598832,1.183447934619714
0.25,1.5,0.46875,0.6,0.99,10,0.439353265598832,2.1611560326448154
0.25,1.5,0.46875,0.6,0.99,13,0.439353265598832,1.9732794854227573
0.25,1.5,0.46875,0.6,0.995,0,0.439353265598832,3.0440636433291988
0.25,1.5,0.46875,0.6,0.995,1,0.439353265598832,2.740495284106994
0.25,1.5,0.46875,0.6,0.995,2,0.439353265598832,2.4369861317246038
0.25,1.5,0.46875,0.6,0.995,3,0.439353265598832,2.246515571847881
0.25,1.5,0.46875,0.6,0.995,4,0.439353265598832,2.021869157558766
0.25,1.5,0.46875,0.6,0.995,5,0.439353265598832,0.9746415322292679
0.25,1.5,0.46875,0.6,0.995,7,0.439353265598832,1.183447934619714
0.25,1.5,0.46875,0.6,0.995,10,0.439353265598832,2.1611560326448154
0.25,1.5,0.46875,0.6,0.995,13,0.439353265598832,1.9732794854227573
0.25,1.5,0.46875,0.6,0.999,0,0.439353265598832,3.0440636433291988
0.25,1.5,0.46875,0.6,0.999,1,0.439353265598832,2.740495284106994
0.25,1.5,0.46875,0.6,0.999,2,0.439353265598832,2.4369861317246038
0.25,1.5,0.46875,0.6,0.999,3,0.439353265598832,2.246515571847881
0.25,1.5,0.46875,0.6,0.999,4,0.439353265598832,2.021869157558766
0.25,1.5,0.46875,0.6,0.999,5,0.439353265598832,0.9746415322292679
0.25,1.5,0.46875,0.6,0.999,7,0.439353265598832,1.183447934619714
0.25,1.5,0.46875,0.6,0.999,10,0.439353265598832,2.1611560326448154
0.25,1.5,0.46875,0.6,0.999,13,0.439353265598832,1.9732794854227573
0.25,1.5,0.46875,0.65,0.5,0,0.439353265598832,3.0426148999943696
0.25,1.5,0.46875,0.65,0.5,1,0.439353265598832,3.2312357333463617
0.25,1.5,0.46875,0.65,0.5,2,0.439353265598832,2.5862993581632563
0.25,1.5,0.46875,0.65,0.5,3,0.439353265598832,3.0167856468701664
0.25,1.5,0.46875,0.65,0.5,4,0.439353265598832,2.114293668017069
0.25,1.5,0.46875,0.65,0.5,5,0.439353265598832,1.8690560920152084
0.25,1.5,0.46875,0.65,0.5,7,0.439353265598832,0.5208423180005768
0.25,1.5,0.46875,0.65,0.5,10,0.439353265598832,2.0325898219868916
0.25,1.5,0.46875,0.65,0.5,13,0.439353265598832,2.3809649492374567
0.25,1.5,0.46875,0.65,0.75,0,0.439353265598832,3.0426148999943696
0.25,1.5,0.46875,0.65,0.75,1,0.439353265598832,3.2312357333463617
0.25,1.5,0.46875,0.65,0.75,2,0.439353265598832,2.5862993581632563
0.25,1.5,0.46875,0.65,0.75,3,0.439353265598832,3.0167856468701664
0.25,1.5,0.46875,0.65,0.75,4,0.439353265598832,2.114293668017069
0.25,1.5,0.46875,0.65,0.75,5,0.439353265598832,1.8690560920152084
0.25,1.5,0.46875,0.65,0.75,7,0.439353265598832,0.5208423180005768
0.25,1.5,0.46875,0.65,0.75,10,0.439353265598832,2.0325898219868916
0.25,1.5,0.46875,0.65,0.75,13,0.439353265598832,2.3809649492374567
0.25,1.5,0.46875,0.65,0.9,0,0.439353265598832,3.0426148999943696
0.25,1.5,0.46875,0.65,0.9,1,0.439353265598832,3.2312357333463617
0.25,1.5,0.46875,0.65,0.9,2,0.439353265598832,2.5862993581632563
0.25,1.5,0.46875,0.65,0.9,3,0.439353265598832,3.0167856468701664
0.25,1.5,0.46875,0.65,0.9,4,0.439353265598832,2.114293668017069
0.25,1.5,0.46875,0.65,0.9,5,0.439353265598832,1.8690560920152084
0.25,1.5,0.46875,0.65,0.9,7,0.439353265598832,0.5208423180005768
0.25,1.5,0.46875,0.65,0.9,10,0.439353265598832,2.0325898219868916
0.25,1.5,0.46875,0.65,0.9,13,0.439353265598832,2.3809649492374567
0.25,1.5,0.46875,0.65,0.95,0,0.439353265598832,3.0426148999943696
0.25,1.5,0.46875,0.65,0.95,1,0.439353265598832,3.2312357333463617
0.25,1.5,0.46875,0.65,0.95,2,0.439353265598832,2.5862993581632563
0.25,1.5,0.46875,0.65,0.95,3,0.439353265598832,3.0167856468701664
0.25,1.5,0.46875,0.65,0.95,4,0.439353265598832,2.114293668017069
0.25,1.5,0.46875,0.65,0.95,5,0.439353265598832,1.8690560920152084
0.25,1.5,0.46875,0.65,0.95,7,0.439353265598832,0.5208423180005768
0.25,1.5,0.46875,0.65,0.95,10,0.439353265598832,2.0325898219868916
0.25,1.5,0.46875,0.65,0.95,13,0.439353265598832,2.3809649492374567
0.25,1.5,0.46875,0.65,0.99,0,0.439353265598832,3.0426148999943696
0.25,1.5,0.46875,0.65,0.99,1,0.439353265598832,3.2312357333463617
0.25,1.5,0.46875,0.65,0.99,2,0.439353265598832,2.5862993581632563
0.25,1.5,0.46875,0.65,0.99,3,0.439353265598832,3.0167856468701664
0.25,1.5,0.46875,0.65,0.99,4,0.439353265598832,2.114293668017069
0.25,1.5,0.46875,0.65,0.99,5,0.439353265598832,1.8690560920152084
0.25,1.5,0.46875,0.65,0.99,7,0.439353265598832,0.5208423180005768
0.25,1.5,0.46875,0.65,0.99,10,0.439353265598832,2.0325898219868916
0.25,1.5,0.46875,0.65,0.99,13,0.439353265598832,2.3809649492374567
0.25,1.5,0.46875,0.65,0.995,0,0.439353265598832,3.0426148999943696
0.25,1.5,0.46875,0.65,0.995,1,0.439353265598832,3.2312357333463617
0.25,1.5,0.46875,0.65,0.995,2,0.439353265598832,2.5862993581632563
0.25,1.5,0.46875,0.65,0.995,3,0.439353265598832,3.0167856468701664
0.25,1.5,0.46875,0.65,0.995,4,0.439353265598832,2.114293668017069
0.25,1.5,0.46875,0.65,0.995,5,0.439353265598832,1.8690560920152084
0.25,1.5,0.46875,0.65,0.995,7,0.439353265598832,0.5208423180005768
0.25,1.5,0.46875,0.65,0.995,10,0.439353265598832,2.0325898219868916
0.25,1.5,0.46875,0.65,0.995,13,0.439353265598832,2.3809649492374567
0.25,1.5,0.46875,0.65,0.999,0,0.439353265598832,3.0426148999943696
0.25,1.5,0.46875,0.65,0.999,1,0.439353265598832,3.2312357333463617
0.25,1.5,0.46875,0.65,0.999,2,0.439353265598832,2.5862993581632563
0.25,1.5,0.46875,0.65,0.999,3,0.439353265598832,3.0167856468701664
0.25,1.5,0.46875,0.65,0.999,4,0.439353265598832,2.114293668017069
0.25,1.5,0.46875,0.65,0.999,5,0.439353265598832,1.8690560920152084
0.25,1.5,0.46875,0.65,0.999,7,0.439353265598832,0.5208423180005768
0.25,1.5,0.46875,0.65,0.999,10,0.439353265598832,2.0325898219868916
0.25,1.5,0.46875,0.65,0.999,13,0.439353265598832,2.3809649492374567
0.25,1.5,0.46875,0.7,0.5,0,0.439353265598832,2.9356783157878725
0.25,1.5,0.46875,0.7,0.5,1,0.439353265598832,3.1968830552605643
0.25,1.5,0.46875,0.7,0.5,2,0.439353265598832,2.6005209146999744
0.25,1.5,0.46875,0.7,0.5,3,0.439353265598832,2.973982646677833
0.25,1.5,0.46875,0.7,0.5,4,0.439353265598832,2.1456292186075223
0.25,1.5,0.46875,0.7,0.5,5,0.439353265598832,1.9360400088875684
0.25,1.5,0.46875,0.7,0.5,7,0.439353265598832,0.9860753110400335
0.25,1.5,0.46875,0.7,0.5,10,0.439353265598832,1.7502865590599266
0.25,1.5,0.46875,0.7,0.5,13,0.439353265598832,1.8975028130382625
0.25,1.5,0.46875,0.7,0.75,0,0.439353265598832,2.9356783157878725
0.25,1.5,0.46875,0.7,0.75,1,0.439353265598832,3.1968830552605643
0.25,1.5,0.46875,0.7,0.75,2,0.439353265598832,2.6005209146999744
0.25,1.5,0.46875,0.7,0.75,3,0.439353265598832,2.973982646677833
0.25,1.5,0.46875,0.7,0.75,4,0.439353265598832,2.1456292186075223
0.25,1.5,0.46875,0.7,0.75,5,0.439353265598832,1.9360400088875684
0.25,1.5,0.46875,0.7,0.75,7,0.439353265598832,0.9860753110400335
0.25,1.5,0.46875,0.7,0.75,10,0.439353265598832,1.7502865590599266
0.25,1.5,0.46875,0.7,0.75,13,0.439353265598832,1.8975028130382625
0.25,1.5,0.46875,0.7,0.9,0,0.439353265598832,2.9356783157878725
0.25,1.5,0.46875,0.7,0.9,1,0.439353265598832,3.1968830552605643
0.25,1.5,0.46875,0.7,0.9,2,0.439353265598832,2.6005209146999744
0.25,1.5,0.46875,0.7,0.9,3,0.439353265598832,2.973982646677833
0.25,1.5,0.46875,0.7,0.9,4,0.439353265598832,2.1456292186075223
0.25,1.5,0.46875,0.7,0.9,5,0.439353265598832,1.9360400088875684
0.25,1.5,0.46875,0.7,0.9,7,0.439353265598832,0.9860753110400335
0.25,1.5,0.46875,0.7,0.9,10,0.439353265598832,1.7502865590599266
0.25,1.5,0.46875,0.7,0.9,13,0.439353265598832,1.8975028130382625
0.25,1.5,0.46875,0.7,0.95,0,0.439353265598832,2.9356783157878725
0.25,1.5,0.46875,0.7,0.95,1,0.439353265598832,3.1968830552605643
0.25,1.5,0.46875,0.7,0.95,2,0.439353265598832,2.6005209146999744
0.25,1.5,0.46875,0.7,0.95,3,0.439353265598832,2.973982646677833
0.25,1.5,0.46875,0.7,0.95,4,0.439353265598832,2.1456292186075223
0.25,1.5,0.46875,0.7,0.95,5,0.439353265598832,1.9360400088875684
0.25,1.5,0.46875,0.7,0.95,7,0.439353265598832,0.9860753110400335
0.25,1.5,0.46875,0.7,0.95,10,0.439353265598832,1.7502865590599266
0.25,1.5,0.46875,0.7,0.95,13,0.439353265598832,1.8975028130382625
0.25,1.5,0.46875,0.7,0.99,0,0.439353265598832,2.9356783157878725
0.25,1.5,0.46875,0.7,0.99,1,0.439353265598832,3.1968830552605643
0.25,1.5,0.46875,0.7,0.99,2,0.439353265598832,2.6005209146999744
0.25,1.5,0.46875,0.7,0.99,3,0.439353265598832,2.973982646677833
0.25,1.5,0.46875,0.7,0.99,4,0.439353265598832,2.1456292186075223
0.25,1.5,0.46875,0.7,0.99,5,0.439353265598832,1.9360400088875684
0.25,1.5,0.46875,0.7,0.99,7,0.439353265598832,0.9860753110400335
0.25,1.5,0.46875,0.7,0.99,10,0.439353265598832,1.7502865590599266
0.25,1.5,0.46875,0.7,0.99,13,0.439353265598832,1.8975028130382625
0.25,1.5,0.46875,0.7,0.995,0,0.439353265598832,2.9356783157878725
0.25,1.5,0.46875,0.7,0.995,1,0.439353265598832,3.1968830552605643
0.25,1.5,0.46875,0.7,0.995,2,0.439353265598832,2.6005209146999744
0.25,1.5,0.46875,0.7,0.995,3,0.439353265598832,2.973982646677833
0.25,1.5,0.46875,0.7,0.995,4,0.439353265598832,2.1456292186075223
0.25,1.5,0.46875,0.7,0.995,5,0.439353265598832,1.9360400088875684
0.25,1.5,0.46875,0.7,0.995,7,0.439353265598832,0.9860753110400335
0.25,1.5,0.46875,0.7,0.995,10,0.439353265598832,1.7502865590599266
0.25,1.5,0.46875,0.7,0.995,13,0.439353265598832,1.8975028130382625
0.25,1.5,0.46875,0.7,0.999,0,0.439353265598832,2.9356783157878725
0.25,1.5,0.46875,0.7,0.999,1,0.439353265598832,3.1968830552605643
0.25,1.5,0.46875,0.7,0.999,2,0.439353265598832,2.6005209146999744
0.25,1.5,0.46875,0.7,0.999,3,0.439353265598832,2.973982646677833
0.25,1.5,0.46875,0.7,0.999,4,0.439353265598832,2.1456292186075223
0.25,1.5,0.46875,0.7,0.999,5,0.439353265598832,1.9360400088875684
0.25,1.5,0.46875,0.7,0.999,7,0.439353265598832,0.9860753110400335
0.25,1.5,0.46875,0.7,0.999,10,0.439353265598832,1.7502865590599266
0.25,1.5,0.46875,0.7,0.999,13,0.439353265598832,1.8975028130382625
0.25,1.5,0.46875,0.75,0.5,0,0.439353265598832,3.167819554395468
0.25,1.5,0.46875,0.75,0.5,1,0.439353265598832,3.091869198012588
0.25,1.5,0.46875,0.75,0.5,2,0.439353265598832,3.0249541084066505
0.25,1.5,0.46875,0.75,0.5,3,0.439353265598832,2.8849586359075703
0.25,1.5,0.46875,0.75,0.5,4,0.439353265598832,2.7622715006942777
0.25,1.5,0.46875,0.75,0.5,5,0.439353265598832,2.155668080565486
0.25,1.5,0.46875,0.75,0.5,7,0.439353265598832,1.9900069699216565
0.25,1.5,0.46875,0.75,0.5,10,0.439353265598832,2.1534826342299294
0.25,1.5,0.46875,0.75,0.5,13,0.439353265598832,2.6829123277749685
0.25,1.5,0.46875,0.75,0.75,0,0.439353265598832,3.167819554395468
0.25,1.5,0.46875,0.75,0.75,1,0.439353265598832,3.091869198012588
0.25,1.5,0.46875,0.75,0.75,2,0.439353265598832,3.0249541084066505
0.25,1.5,0.46875,0.75,0.75,3,0.439353265598832,2.8849586359075703
0.25,1.5,0.46875,0.75,0.75,4,0.439353265598832,2.7622715006942777
0.25,1.5,0.46875,0.75,0.75,5,0.439353265598832,2.155668080565486
0.25,1.5,0.46875,0.75,0.75,7,0.439353265598832,1.9900069699216565
0.25,1.5,0.46875,0.75,0.75,10,0.439353265598832,2.1534826342299294
0.25,1.5,0.46875,0.75,0.75,13,0.439353265598832,2.6829123277749685
0.25,1.5,0.46875,0.75,0.9,0,0.439353265598832,3.167819554395468
0.25,1.5,0.46875,0.75,0.9,1,0.439353265598832,3.091869198012588
0.25,1.5,0.46875,0.75,0.9,2,0.439353265598832,3.0249541084066505
0.25,1.5,0.46875,0.75,0.9,3,0.439353265598832,2.8849586359075703
0.25,1.5,0.46875,0.75,0.9,4,0.439353265598832,2.7622715006942777
0.25,1.5,0.46875,0.75,0.9,5,0.439353265598832,2.155668080565486
0.25,1.5,0.46875,0.75,0.9,7,0.439353265598832,1.9900069699216565
0.25,1.5,0.46875,0.75,0.9,10,0.439353265598832,2.1534826342299294
0.25,1.5,0.46875,0.75,0.9,13,0.439353265598832,2.6829123277749685
0.25,1.5,0.46875,0.75,0.95,0,0.439353265598832,3.167819554395468
0.25,1.5,0.46875,0.75,0.95,1,0.439353265598832,3.091869198012588
0.25,1.5,0.46875,0.75,0.95,2,0.439353265598832,3.0249541084066505
0.25,1.5,0.46875,0.75,0.95,3,0.439353265598832,2.8849586359075703
0.25,1.5,0.46875,0.75,0.95,4,0.439353265598832,2.7622715006942777
0.25,1.5,0.46875,0.75,0.95,5,0.439353265598832,2.155668080565486
0.25,1.5,0.46875,0.75,0.95,7,0.439353265598832,1.9900069699216565
0.25,1.5,0.46875,0.75,0.95,10,0.439353265598832,2.1534826342299294
0.25,1.5,0.46875,0.75,0.95,13,0.439353265598832,2.6829123277749685
0.25,1.5,0.46875,0.75,0.99,0,0.439353265598832,3.167819554395468
0.25,1.5,0.46875,0.75,0.99,1,0.439353265598832,3.091869198012588
0.25,1.5,0.46875,0.75,0.99,2,0.439353265598832,3.0249541084066505
0.25,1.5,0.46875,0.75,0.99,3,0.439353265598832,2.8849586359075703
0.25,1.5,0.46875,0.75,0.99,4,0.439353265598832,2.7622715006942777
0.25,1.5,0.46875,0.75,0.99,5,0.439353265598832,2.155668080565486
0.25,1.5,0.46875,0.75,0.99,7,0.439353265598832,1.9900069699216565
0.25,1.5,0.46875,0.75,0.99,10,0.439353265598832,2.1534826342299294
0.25,1.5,0.46875,0.75,0.99,13,0.439353265598832,2.6829123277749685
0.25,1.5,0.46875,0.75,0.995,0,0.439353265598832,3.167819554395468
0.25,1.5,0.46875,0.75,0.995,1,0.439353265598832,3.091869198012588
0.25,1.5,0.46875,0.75,0.995,2,0.439353265598832,3.0249541084066505
0.25,1.5,0.46875,0.75,0.995,3,0.439353265598832,2.8849586359075703
0.25,1.5,0.46875,0.75,0.995,4,0.439353265598832,2.7622715006942777
0.25,1.5,0.46875,0.75,0.995,5,0.439353265598832,2.155668080565486
0.25,1.5,0.46875,0.75,0.995,7,0.439353265598832,1.9900069699216565
0.25,1.5,0.46875,0.75,0.995,10,0.439353265598832,2.1534826342299294
0.25,1.5,0.46875,0.75,0.995,13,0.439353265598832,2.6829123277749685
0.25,1.5,0.46875,0.75,0.999,0,0.439353265598832,3.167819554395468
0.25,1.5,0.46875,0.75,0.999,1,0.439353265598832,3.091869198012588
0.25,1.5,0.46875,0.75,0.999,2,0.439353265598832,3.0249541084066505
0.25,1.5,0.46875,0.75,0.999,3,0.439353265598832,2.8849586359075703
0.25,1.5,0.46875,0.75,0.999,4,0.439353265598832,2.7622715006942777
0.25,1.5,0.46875,0.75,0.999,5,0.439353265598832,2.155668080565486
0.25,1.5,0.46875,0.75,0.999,7,0.439353265598832,1.9900069699216565
0.25,1.5,0.46875,0.75,0.999,10,0.439353265598832,2.1534826342299294
0.25,1.5,0.46875,0.75,0.999,13,0.439353265598832,2.6829123277749685
0.25,1.5,0.46875,0.8,0.5,0,0.439353265598832,3.449266513256809
0.25,1.5,0.46875,0.8,0.5,1,0.439353265598832,2.9479797850709506
0.25,1.5,0.46875,0.8,0.5,2,0.439353265598832,2.639209803421916
0.25,1.5,0.46875,0.8,0.5,3,0.439353265598832,2.6467889823595896
0.25,1.5,0.46875,0.8,0.5,4,0.439353265598832,2.443674722473455
0.25,1.5,0.46875,0.8,0.5,5,0.439353265598832,2.2055897498723698
0.25,1.5,0.46875,0.8,0.5,7,0.439353265598832,2.30765187616685
0.25,1.5,0.46875,0.8,0.5,10,0.439353265598832,2.357219117723032
0.25,1.5,0.46875,0.8,0.5,13,0.439353265598832,3.478595514992694
0.25,1.5,0.46875,0.8,0.75,0,0.439353265598832,3.449266513256809
0.25,1.5,0.46875,0.8,0.75,1,0.439353265598832,2.9479797850709506
0.25,1.5,0.46875,0.8,0.75,2,0.439353265598832,2.639209803421916
0.25,1.5,0.46875,0.8,0.75,3,0.439353265598832,2.6467889823595896
0.25,1.5,0.46875,0.8,0.75,4,0.439353265598832,2.443674722473455
0.25,1.5,0.46875,0.8,0.75,5,0.439353265598832,2.2055897498723698
0.25,1.5,0.46875,0.8,0.75,7,0.439353265598832,2.30765187616685
0.25,1.5,0.46875,0.8,0.75,10,0.439353265598832,2.357219117723032
0.25,1.5,0.46875,0.8,0.75,13,0.439353265598832,3.478595514992694
0.25,1.5,0.46875,0.8,0.9,0,0.439353265598832,3.449266513256809
0.25,1.5,0.46875,0.8,0.9,1,0.439353265598832,2.9479797850709506
0.25,1.5,0.46875,0.8,0.9,2,0.439353265598832,2.639209803421916
0.25,1.5,0.46875,0.8,0.9,3,0.439353265598832,2.6467889823595896
0.25,1.5,0.46875,0.8,0.9,4,0.439353265598832,2.443674722473455
0.25,1.5,0.46875,0.8,0.9,5,0.439353265598832,2.2055897498723698
0.25,1.5,0.46875,0.8,0.9,7,0.439353265598832,2.30765187616685
0.25,1.5,0.46875,0.8,0.9,10,0.439353265598832,2.357219117723032
0.25,1.5,0.46875,0.8,0.9,13,0.439353265598832,3.478595514992694
0.25,1.5,0.46875,0.8,0.95,0,0.439353265598832,3.449266513256809
0.25,1.5,0.46875,0.8,0.95,1,0.439353265598832,2.9479797850709506
0.25,1.5,0.46875,0.8,0.95,2,0.439353265598832,2.639209803421916
0.25,1.5,0.46875,0.8,0.95,3,0.439353265598832,2.6467889823595896
0.25,1.5,0.46875,0.8,0.95,4,0.439353265598832,2.443674722473455
0.25,1.5,0.46875,0.8,0.95,5,0.439353265598832,2.2055897498723698
0.25,1.5,0.46875,0.8,0.95,7,0.439353265598832,2.30765187616685
0.25,1.5,0.46875,0.8,0.95,10,0.439353265598832,2.357219117723032
0.25,1.5,0.46875,0.8,0.95,13,0.439353265598832,3.478595514992694
0.25,1.5,0.46875,0.8,0.99,0,0.439353265598832,3.449266513256809
0.25,1.5,0.46875,0.8,0.99,1,0.439353265598832,2.9479797850709506
0.25,1.5,0.46875,0.8,0.99,2,0.439353265598832,2.639209803421916
0.25,1.5,0.46875,0.8,0.99,3,0.439353265598832,2.6467889823595896
0.25,1.5,0.46875,0.8,0.99,4,0.439353265598832,2.443674722473455
0.25,1.5,0.46875,0.8,0.99,5,0.439353265598832,2.2055897498723698
0.25,1.5,0.46875,0.8,0.99,7,0.439353265598832,2.30765187616685
0.25,1.5,0.46875,0.8,0.99,10,0.439353265598832,2.357219117723032
0.25,1.5,0.46875,0.8,0.99,13,0.439353265598832,3.478595514992694
0.25,1.5,0.46875,0.8,0.995,0,0.439353265598832,3.449266513256809
0.25,1.5,0.46875,0.8,0.995,1,0.439353265598832,2.9479797850709506
0.25,1.5,0.46875,0.8,0.995,2,0.439353265598832,2.639209803421916
0.25,1.5,0.46875,0.8,0.995,3,0.439353265598832,2.6467889823595896
0.25,1.5,0.46875,0.8,0.995,4,0.439353265598832,2.443674722473455
0.25,1.5,0.46875,0.8,0.995,5,0.439353265598832,2.2055897498723698
0.25,1.5,0.46875,0.8,0.995,7,0.439353265598832,2.30765187616685
0.25,1.5,0.46875,0.8,0.995,10,0.439353265598832,2.357219117723032
0.25,1.5,0.46875,0.8,0.995,13,0.439353265598832,3.478595514992694
0.25,1.5,0.46875,0.8,0.999,0,0.439353265598832,3.449266513256809
0.25,1.5,0.46875,0.8,0.999,1,0.439353265598832,2.9479797850709506
0.25,1.5,0.46875,0.8,0.999,2,0.439353265598832,2.639209803421916
0.25,1.5,0.46875,0.8,0.999,3,0.439353265598832,2.6467889823595896
0.25,1.5,0.46875,0.8,0.999,4,0.439353265598832,2.443674722473455
0.25,1.5,0.46875,0.8,0.999,5,0.439353265598832,2.2055897498723698
0.25,1.5,0.46875,0.8,0.999,7,0.439353265598832,2.30765187616685
0.25,1.5,0.46875,0.8,0.999,10,0.439353265598832,2.357219117723032
0.25,1.5,0.46875,0.8,0.999,13,0.439353265598832,3.478595514992694
0.25,1.5,0.46875,0.85,0.5,0,0.439353265598832,3.196982370690411
0.25,1.5,0.46875,0.85,0.5,1,0.439353265598832,2.793186635772511
0.25,1.5,0.46875,0.85,0.5,2,0.439353265598832,3.069376036160208
0.25,1.5,0.46875,0.85,0.5,3,0.439353265598832,2.901236213631935
0.25,1.5,0.46875,0.85,0.5,4,0.439353265598832,2.679056750033183
0.25,1.5,0.46875,0.85,0.5,5,0.439353265598832,2.288775522305479
0.25,1.5,0.46875,0.85,0.5,7,0.439353265598832,2.4912193374810885
0.25,1.5,0.46875,0.85,0.5,10,0.439353265598832,2.6811318559078736
0.25,1.5,0.46875,0.85,0.5,13,0.439353265598832,2.881496862529496
0.25,1.5,0.46875,0.85,0.75,0,0.439353265598832,3.196982370690411
0.25,1.5,0.46875,0.85,0.75,1,0.439353265598832,2.793186635772511
0.25,1.5,0.46875,0.85,0.75,2,0.439353265598832,3.069376036160208
0.25,1.5,0.46875,0.85,0.75,3,0.439353265598832,2.901236213631935
0.25,1.5,0.46875,0.85,0.75,4,0.439353265598832,2.679056750033183
0.25,1.5,0.46875,0.85,0.75,5,0.439353265598832,2.288775522305479
0.25,1.5,0.46875,0.85,0.75,7,0.439353265598832,2.4912193374810885
0.25,1.5,0.46875,0.85,0.75,10,0.439353265598832,2.6811318559078736
0.25,1.5,0.46875,0.85,0.75,13,0.439353265598832,2.881496862529496
0.25,1.5,0.46875,0.85,0.9,0,0.439353265598832,3.196982370690411
0.25,1.5,0.46875,0.85,0.9,1,0.439353265598832,2.793186635772511
0.25,1.5,0.46875,0.85,0.9,2,0.439353265598832,3.069376036160208
0.25,1.5,0.46875,0.85,0.9,3,0.439353265598832,2.901236213631935
0.25,1.5,0.46875,0.85,0.9,4,0.439353265598832,2.679056750033183
0.25,1.5,0.46875,0.85,0.9,5,0.439353265598832,2.288775522305479
0.25,1.5,0.46875,0.85,0.9,7,0.439353265598832,2.4912193374810885
0.25,1.5,0.46875,0.85,0.9,10,0.439353265598832,2.6811318559078736
0.25,1.5,0.46875,0.85,0.9,13,0.439353265598832,2.881496862529496
0.25,1.5,0.46875,0.85,0.95,0,0.439353265598832,3.196982370690411
0.25,1.5,0.46875,0.85,0.95,1,0.439353265598832,2.793186635772511
0.25,1.5,0.46875,0.85,0.95,2,0.439353265598832,3.069376036160208
0.25,1.5,0.46875,0.85,0.95,3,0.439353265598832,2.901236213631935
0.25,1.5,0.46875,0.85,0.95,4,0.439353265598832,2.679056750033183
0.25,1.5,0.46875,0.85,0.95,5,0.439353265598832,2.288775522305479
0.25,1.5,0.46875,0.85,0.95,7,0.439353265598832,2.4912193374810885
0.25,1.5,0.46875,0.85,0.95,10,0.439353265598832,2.6811318559078736
0.25,1.5,0.46875,0.85,0.95,13,0.439353265598832,2.881496862529496
0.25,1.5,0.46875,0.85,0.99,0,0.439353265598832,3.196982370690411
0.25,1.5,0.46875,0.85,0.99,1,0.439353265598832,2.793186635772511
0.25,1.5,0.46875,0.85,0.99,2,0.439353265598832,3.069376036160208
0.25,1.5,0.46875,0.85,0.99,3,0.439353265598832,2.901236213631935
0.25,1.5,0.46875,0.85,0.99,4,0.439353265598832,2.679056750033183
0.25,1.5,0.46875,0.85,0.99,5,0.439353265598832,2.288775522305479
0.25,1.5,0.46875,0.85,0.99,7,0.439353265598832,2.4912193374810885
0.25,1.5,0.46875,0.85,0.99,10,0.439353265598832,2.6811318559078736
0.25,1.5,0.46875,0.85,0.99,13,0.439353265598832,2.881496862529496
0.25,1.5,0.46875,0.85,0.995,0,0.439353265598832,3.196982370690411
0.25,1.5,0.46875,0.85,0.995,1,0.439353265598832,2.793186635772511
0.25,1.5,0.46875,0.85,0.995,2,0.439353265598832,3.069376036160208
0.25,1.5,0.46875,0.85,0.995,3,0.439353265598832,2.901236213631935
0.25,1.5,0.46875,0.85,0.995,4,0.439353265598832,2.679056750033183
0.25,1.5,0.46875,0.85,0.995,5,0.439353265598832,2.288775522305479
0.25,1.5,0.46875,0.85,0.995,7,0.439353265598832,2.4912193374810885
0.25,1.5,0.46875,0.85,0.995,10,0.439353265598832,2.6811318559078736
0.25,1.5,0.46875,0.85,0.995,13,0.439353265598832,2.881496862529496
0.25,1.5,0.46875,0.85,0.999,0,0.439353265598832,3.196982370690411
0.25,1.5,0.46875,0.85,0.999,1,0.439353265598832,2.793186635772511
0.25,1.5,0.46875,0.85,0.999,2,0.439353265598832,3.069376036160208
0.25,1.5,0.46875,0.85,0.999,3,0.439353265598832,2.901236213631935
0.25,1.5,0.46875,0.85,0.999,4,0.439353265598832,2.679056750033183
0.25,1.5,0.46875,0.85,0.999,5,0.439353265598832,2.288775522305479
0.25,1.5,0.46875,0.85,0.999,7,0.439353265598832,2.4912193374810885
0.25,1.5,0.46875,0.85,0.999,10,0.439353265598832,2.6811318559078736
0.25,1.5,0.46875,0.85,0.999,13,0.439353265598832,2.881496862529496
0.25,1.5,0.46875,0.9,0.5,0,0.439353265598832,3.111859937453802
0.25,1.5,0.46875,0.9,0.5,1,0.439353265598832,2.9137211255663646
0.25,1.5,0.46875,0.9,0.5,2,0.439353265598832,3.0178149316600136
0.25,1.5,0.46875,0.9,0.5,3,0.439353265598832,2.8546841781786285
0.25,1.5,0.46875,0.9,0.5,4,0.439353265598832,2.826820345957228
0.25,1.5,0.46875,0.9,0.5,5,0.439353265598832,2.5556627924724475
0.25,1.5,0.46875,0.9,0.5,7,0.439353265598832,2.519918816585649
0.25,1.5,0.46875,0.9,0.5,10,0.439353265598832,2.446760733977686
0.25,1.5,0.46875,0.9,0.5,13,0.439353265598832,2.463420852304895
0.25,1.5,0.46875,0.9,0.75,0,0.439353265598832,3.111859937453802
0.25,1.5,0.46875,0.9,0.75,1,0.439353265598832,2.9137211255663646
0.25,1.5,0.46875,0.9,0.75,2,0.439353265598832,3.0178149316600136
0.25,1.5,0.46875,0.9,0.75,3,0.439353265598832,2.8546841781786285
0.25,1.5,0.46875,0.9,0.75,4,0.439353265598832,2.826820345957228
0.25,1.5,0.46875,0.9,0.75,5,0.439353265598832,2.5556627924724475
0.25,1.5,0.46875,0.9,0.75,7,0.439353265598832,2.519918816585649
0.25,1.5,0.46875,0.9,0.75,10,0.439353265598832,2.446760733977686
0.25,1.5,0.46875,0.9,0.75,13,0.439353265598832,2.463420852304895
0.25,1.5,0.46875,0.9,0.9,0,0.439353265598832,3.111859937453802
0.25,1.5,0.46875,0.9,0.9,1,0.439353265598832,2.9137211255663646
0.25,1.5,0.46875,0.9,0.9,2,0.439353265598832,3.0178149316600136
0.25,1.5,0.46875,0.9,0.9,3,0.439353265598832,2.8546841781786285
0.25,1.5,0.46875,0.9,0.9,4,0.439353265598832,2.826820345957228
0.25,1.5,0.46875,0.9,0.9,5,0.439353265598832,2.5556627924724475
0.25,1.5,0.46875,0.9,0.9,7,0.439353265598832,2.519918816585649
0.25,1.5,0.46875,0.9,0.9,10,0.439353265598832,2.446760733977686
0.25,1.5,0.46875,0.9,0.9,13,0.439353265598832,2.463420852304895
0.25,1.5,0.46875,0.9,0.95,0,0.439353265598832,3.111859937453802
0.25,1.5,0.46875,0.9,0.95,1,0.439353265598832,2.9137211255663646
0.25,1.5,0.46875,0.9,0.95,2,0.439353265598832,3.0178149316600136
0.25,1.5,0.46875,0.9,0.95,3,0.439353265598832,2.8546841781786285
0.25,1.5,0.46875,0.9,0.95,4,0.439353265598832,2.826820345957228
0.25,1.5,0.46875,0.9,0.95,5,0.439353265598832,2.5556627924724475
0.25,1.5,0.46875,0.9,0.95,7,0.439353265598832,2.519918816585649
0.25,1.5,0.46875,0.9,0.95,10,0.439353265598832,2.446760733977686
0.25,1.5,0.46875,0.9,0.95,13,0.439353265598832,2.463420852304895
0.25,1.5,0.46875,0.9,0.99,0,0.439353265598832,3.111859937453802
0.25,1.5,0.46875,0.9,0.99,1,0.439353265598832,2.9137211255663646
0.25,1.5,0.46875,0.9,0.99,2,0.439353265598832,3.0178149316600136
0.25,1.5,0.46875,0.9,0.99,3,0.439353265598832,2.8546841781786285
0.25,1.5,0.46875,0.9,0.99,4,0.439353265598832,2.826820345957228
0.25,1.5,0.46875,0.9,0.99,5,0.439353265598832,2.5556627924724475
0.25,1.5,0.46875,0.9,0.99,7,0.439353265598832,2.519918816585649
0.25,1.5,0.46875,0.9,0.99,10,0.439353265598832,2.446760733977686
0.25,1.5,0.46875,0.9,0.99,13,0.439353265598832,2.463420852304895
0.25,1.5,0.46875,0.9,0.995,0,0.439353265598832,3.111859937453802
0.25,1.5,0.46875,0.9,0.995,1,0.439353265598832,2.9137211255663646
0.25,1.5,0.46875,0.9,0.995,2,0.439353265598832,3.0178149316600136
0.25,1.5,0.46875,0.9,0.995,3,0.439353265598832,2.8546841781786285
0.25,1.5,0.46875,0.9,0.995,4,0.439353265598832,2.826820345957228
0.25,1.5,0.46875,0.9,0.995,5,0.439353265598832,2.5556627924724475
0.25,1.5,0.46875,0.9,0.995,7,0.439353265598832,2.519918816585649
0.25,1.5,0.46875,0.9,0.995,10,0.439353265598832,2.446760733977686
0.25,1.5,0.46875,0.9,0.995,13,0.439353265598832,2.463420852304895
0.25,1.5,0.46875,0.9,0.999,0,0.439353265598832,3.111859937453802
0.25,1.5,0.46875,0.9,0.999,1,0.439353265598832,2.9137211255663646
0.25,1.5,0.46875,0.9,0.999,2,0.439353265598832,3.0178149316600136
0.25,1.5,0.46875,0.9,0.999,3,0.439353265598832,2.8546841781786285
0.25,1.5,0.46875,0.9,0.999,4,0.439353265598832,2.826820345957228
0.25,1.5,0.46875,0.9,0.999,5,0.439353265598832,2.5556627924724475
0.25,1.5,0.46875,0.9,0.999,7,0.439353265598832,2.519918816585649
0.25,1.5,0.46875,0.9,0.999,10,0.439353265598832,2.446760733977686
0.25,1.5,0.46875,0.9,0.999,13,0.439353265598832,2.463420852304895
0.25,1.5,0.46875,0.95,0.5,0,0.439353265598832,3.6182670594499102
0.25,1.5,0.46875,0.95,0.5,1,0.439353265598832,3.4948226559102937
0.25,1.5,0.46875,0.95,0.5,2,0.439353265598832,3.45953135489984
0.25,1.5,0.46875,0.95,0.5,3,0.439353265598832,3.1797471570534803
0.25,1.5,0.46875,0.95,0.5,4,0.439353265598832,2.866749790658616
0.25,1.5,0.46875,0.95,0.5,5,0.439353265598832,2.8242303586121373
0.25,1.5,0.46875,0.95,0.5,7,0.439353265598832,2.4081407531794565
0.25,1.5,0.46875,0.95,0.5,10,0.439353265598832,2.435502523506557
0.25,1.5,0.46875,0.95,0.5,13,0.439353265598832,2.011398291750319
0.25,1.5,0.46875,0.95,0.75,0,0.439353265598832,3.6182670594499102
0.25,1.5,0.46875,0.95,0.75,1,0.439353265598832,3.4948226559102937
0.25,1.5,0.46875,0.95,0.75,2,0.439353265598832,3.45953135489984
0.25,1.5,0.46875,0.95,0.75,3,0.439353265598832,3.1797471570534803
0.25,1.5,0.46875,0.95,0.75,4,0.439353265598832,2.866749790658616
0.25,1.5,0.46875,0.95,0.75,5,0.439353265598832,2.8242303586121373
0.25,1.5,0.46875,0.95,0.75,7,0.439353265598832,2.4081407531794565
0.25,1.5,0.46875,0.95,0.75,10,0.439353265598832,2.435502523506557
0.25,1.5,0.46875,0.95,0.75,13,0.439353265598832,2.011398291750319
0.25,1.5,0.46875,0.95,0.9,0,0.439353265598832,3.6182670594499102
0.25,1.5,0.46875,0.95,0.9,1,0.439353265598832,3.4948226559102937
0.25,1.5,0.46875,0.95,0.9,2,0.439353265598832,3.45953135489984
0.25,1.5,0.46875,0.95,0.9,3,0.439353265598832,3.1797471570534803
0.25,1.5,0.46875,0.95,0.9,4,0.439353265598832,2.866749790658616
0.25,1.5,0.46875,0.95,0.9,5,0.439353265598832,2.8242303586121373
0.25,1.5,0.46875,0.95,0.9,7,0.439353265598832,2.4081407531794565
0.25,1.5,0.46875,0.95,0.9,10,0.439353265598832,2.435502523506557
0.25,1.5,0.46875,0.95,0.9,13,0.439353265598832,2.011398291750319
0.25,1.5,0.46875,0.95,0.95,0,0.439353265598832,3.6182670594499102
0.25,1.5,0.46875,0.95,0.95,1,0.439353265598832,3.4948226559102937
0.25,1.5,0.46875,0.95,0.95,2,0.439353265598832,3.45953135489984
0.25,1.5,0.46875,0.95,0.95,3,0.439353265598832,3.1797471570534803
0.25,1.5,0.46875,0.95,0.95,4,0.439353265598832,2.866749790658616
0.25,1.5,0.46875,0.95,0.95,5,0.439353265598832,2.8242303586121373
0.25,1.5,0.46875,0.95,0.95,7,0.439353265598832,2.4081407531794565
0.25,1.5,0.46875,0.95,0.95,10,0.439353265598832,2.435502523506557
0.25,1.5,0.46875,0.95,0.95,13,0.439353265598832,2.011398291750319
0.25,1.5,0.46875,0.95,0.99,0,0.439353265598832,3.6182670594499102
0.25,1.5,0.46875,0.95,0.99,1,0.439353265598832,3.4948226559102937
0.25,1.5,0.46875,0.95,0.99,2,0.439353265598832,3.45953135489984
0.25,1.5,0.46875,0.95,0.99,3,0.439353265598832,3.1797471570534803
0.25,1.5,0.46875,0.95,0.99,4,0.439353265598832,2.866749790658616
0.25,1.5,0.46875,0.95,0.99,5,0.439353265598832,2.8242303586121373
0.25,1.5,0.46875,0.95,0.99,7,0.439353265598832,2.4081407531794565
0.25,1.5,0.46875,0.95,0.99,10,0.439353265598832,2.435502523506557
0.25,1.5,0.46875,0.95,0.99,13,0.439353265598832,2.011398291750319
0.25,1.5,0.46875,0.95,0.995,0,0.439353265598832,3.6182670594499102
0.25,1.5,0.46875,0.95,0.995,1,0.439353265598832,3.4948226559102937
0.25,1.5,0.46875,0.95,0.995,2,0.439353265598832,3.45953135489984
0.25,1.5,0.46875,0.95,0.995,3,0.439353265598832,3.1797471570534803
0.25,1.5,0.46875,0.95,0.995,4,0.439353265598832,2.866749790658616
0.25,1.5,0.46875,0.95,0.995,5,0.439353265598832,2.8242303586121373
0.25,1.5,0.46875,0.95,0.995,7,0.439353265598832,2.4081407531794565
0.25,1.5,0.46875,0.95,0.995,10,0.439353265598832,2.435502523506557
0.25,1.5,0.46875,0.95,0.995,13,0.439353265598832,2.011398291750319
0.25,1.5,0.46875,0.95,0.999,0,0.439353265598832,3.6182670594499102
0.25,1.5,0.46875,0.95,0.999,1,0.439353265598832,3.4948226559102937
0.25,1.5,0.46875,0.95,0.999,2,0.439353265598832,3.45953135489984
0.25,1.5,0.46875,0.95,0.999,3,0.439353265598832,3.1797471570534803
0.25,1.5,0.46875,0.95,0.999,4,0.439353265598832,2.866749790658616
0.25,1.5,0.46875,0.95,0.999,5,0.439353265598832,2.8242303586121373
0.25,1.5,0.46875,0.95,0.999,7,0.439353265598832,2.4081407531794565
0.25,1.5,0.46875,0.95,0.999,10,0.439353265598832,2.435502523506557
0.25,1.5,0.46875,0.95,0.999,13,0.439353265598832,2.011398291750319
0.25,1.5,0.46875,0.975,0.5,0,0.439353265598832,3.02700130579362
0.25,1.5,0.46875,0.975,0.5,1,0.439353265598832,3.475064498009791
0.25,1.5,0.46875,0.975,0.5,2,0.439353265598832,3.4456386525475025
0.25,1.5,0.46875,0.975,0.5,3,0.439353265598832,2.937089706203086
0.25,1.5,0.46875,0.975,0.5,4,0.439353265598832,2.823575578777031
0.25,1.5,0.46875,0.975,0.5,5,0.439353265598832,2.6342810351316492
0.25,1.5,0.46875,0.975,0.5,7,0.439353265598832,2.736459063691738
0.25,1.5,0.46875,0.975,0.5,10,0.439353265598832,2.4909245091856698
0.25,1.5,0.46875,0.975,0.5,13,0.439353265598832,2.2485927493100974
0.25,1.5,0.46875,0.975,0.75,0,0.439353265598832,3.02700130579362
0.25,1.5,0.46875,0.975,0.75,1,0.439353265598832,3.475064498009791
0.25,1.5,0.46875,0.975,0.75,2,0.439353265598832,3.4456386525475025
0.25,1.5,0.46875,0.975,0.75,3,0.439353265598832,2.937089706203086
0.25,1.5,0.46875,0.975,0.75,4,0.439353265598832,2.823575578777031
0.25,1.5,0.46875,0.975,0.75,5,0.439353265598832,2.6342810351316492
0.25,1.5,0.46875,0.975,0.75,7,0.439353265598832,2.736459063691738
0.25,1.5,0.46875,0.975,0.75,10,0.439353265598832,2.4909245091856698
0.25,1.5,0.46875,0.975,0.75,13,0.439353265598832,2.2485927493100974
0.25,1.5,0.46875,0.975,0.9,0,0.439353265598832,3.02700130579362
0.25,1.5,0.46875,0.975,0.9,1,0.439353265598832,3.475064498009791
0.25,1.5,0.46875,0.975,0.9,2,0.439353265598832,3.4456386525475025
0.25,1.5,0.46875,0.975,0.9,3,0.439353265598832,2.937089706203086
0.25,1.5,0.46875,0.975,0.9,4,0.439353265598832,2.823575578777031
0.25,1.5,0.46875,0.975,0.9,5,0.439353265598832,2.6342810351316492
0.25,1.5,0.46875,0.975,0.9,7,0.439353265598832,2.736459063691738
0.25,1.5,0.46875,0.975,0.9,10,0.439353265598832,2.4909245091856698
0.25,1.5,0.46875,0.975,0.9,13,0.439353265598832,2.2485927493100974
0.25,1.5,0.46875,0.975,0.95,0,0.439353265598832,3.02700130579362
0.25,1.5,0.46875,0.975,0.95,1,0.439353265598832,3.475064498009791
0.25,1.5,0.46875,0.975,0.95,2,0.439353265598832,3.4456386525475025
0.25,1.5,0.46875,0.975,0.95,3,0.439353265598832,2.937089706203086
0.25,1.5,0.46875,0.975,0.95,4,0.439353265598832,2.823575578777031
0.25,1.5,0.46875,0.975,0.95,5,0.439353265598832,2.6342810351316492
0.25,1.5,0.46875,0.975,0.95,7,0.439353265598832,2.736459063691738
0.25,1.5,0.46875,0.975,0.95,10,0.439353265598832,2.4909245091856698
0.25,1.5,0.46875,0.975,0.95,13,0.439353265598832,2.2485927493100974
0.25,1.5,0.46875,0.975,0.99,0,0.439353265598832,3.02700130579362
0.25,1.5,0.46875,0.975,0.99,1,0.439353265598832,3.475064498009791
0.25,1.5,0.46875,0.975,0.99,2,0.439353265598832,3.4456386525475025
0.25,1.5,0.46875,0.975,0.99,3,0.439353265598832,2.937089706203086
0.25,1.5,0.46875,0.975,0.99,4,0.439353265598832,2.823575578777031
0.25,1.5,0.46875,0.975,0.99,5,0.439353265598832,2.6342810351316492
0.25,1.5,0.46875,0.975,0.99,7,0.439353265598832,2.736459063691738
0.25,1.5,0.46875,0.975,0.99,10,0.439353265598832,2.4909245091856698
0.25,1.5,0.46875,0.975,0.99,13,0.439353265598832,2.2485927493100974
0.25,1.5,0.46875,0.975,0.995,0,0.439353265598832,3.02700130579362
0.25,1.5,0.46875,0.975,0.995,1,0.439353265598832,3.475064498009791
0.25,1.5,0.46875,0.975,0.995,2,0.439353265598832,3.4456386525475025
0.25,1.5,0.46875,0.975,0.995,3,0.439353265598832,2.937089706203086
0.25,1.5,0.46875,0.975,0.995,4,0.439353265598832,2.823575578777031
0.25,1.5,0.46875,0.975,0.995,5,0.439353265598832,2.6342810351316492
0.25,1.5,0.46875,0.975,0.995,7,0.439353265598832,2.736459063691738
0.25,1.5,0.46875,0.975,0.995,10,0.439353265598832,2.4909245091856698
0.25,1.5,0.46875,0.975,0.995,13,0.439353265598832,2.2485927493100974
0.25,1.5,0.46875,0.975,0.999,0,0.439353265598832,3.02700130579362
0.25,1.5,0.46875,0.975,0.999,1,0.439353265598832,3.475064498009791
0.25,1.5,0.46875,0.975,0.999,2,0.439353265598832,3.4456386525475025
0.25,1.5,0.46875,0.975,0.999,3,0.439353265598832,2.937089706203086
0.25,1.5,0.46875,0.975,0.999,4,0.439353265598832,2.823575578777031
0.25,1.5,0.46875,0.975,0.999,5,0.439353265598832,2.6342810351316492
0.25,1.5,0.46875,0.975,0.999,7,0.439353265598832,2.736459063691738
0.25,1.5,0.46875,0.975,0.999,10,0.439353265598832,2.4909245091856698
0.25,1.5,0.46875,0.975,0.999,13,0.439353265598832,2.2485927493100974
0.75,1.5,0.46875,0.4,0.5,0,0.439353265598832,1.7930277659268867
0.75,1.5,0.46875,0.4,0.5,1,0.439353265598832,1.2950851290123988
0.75,1.5,0.46875,0.4,0.5,2,0.439353265598832,1.4372002642530113
0.75,1.5,0.46875,0.4,0.5,3,0.439353265598832,2.015497537213594
0.75,1.5,0.46875,0.4,0.5,4,0.439353265598832,2.515964283368587
0.75,1.5,0.46875,0.4,0.5,5,0.439353265598832,0.8300518128940009
0.75,1.5,0.46875,0.4,0.5,7,0.439353265598832,0.6274125467670126
0.75,1.5,0.46875,0.4,0.5,10,0.439353265598832,1.8970166285208663
0.75,1.5,0.46875,0.4,0.5,13,0.439353265598832,0.5808232082276454
0.75,1.5,0.46875,0.4,0.75,0,0.439353265598832,1.7930277659268867
0.75,1.5,0.46875,0.4,0.75,1,0.439353265598832,1.2950851290123988
0.75,1.5,0.46875,0.4,0.75,2,0.439353265598832,1.4372002642530113
0.75,1.5,0.46875,0.4,0.75,3,0.439353265598832,2.015497537213594
0.75,1.5,0.46875,0.4,0.75,4,0.439353265598832,2.515964283368587
0.75,1.5,0.46875,0.4,0.75,5,0.439353265598832,0.8300518128940009
0.75,1.5,0.46875,0.4,0.75,7,0.439353265598832,0.6274125467670126
0.75,1.5,0.46875,0.4,0.75,10,0.439353265598832,1.8970166285208663
0.75,1.5,0.46875,0.4,0.75,13,0.439353265598832,0.5808232082276454
0.75,1.5,0.46875,0.4,0.9,0,0.439353265598832,1.7930277659268867
0.75,1.5,0.46875,0.4,0.9,1,0.439353265598832,1.2950851290123988
0.75,1.5,0.46875,0.4,0.9,2,0.439353265598832,1.4372002642530113
0.75,1.5,0.46875,0.4,0.9,3,0.439353265598832,2.015497537213594
0.75,1.5,0.46875,0.4,0.9,4,0.439353265598832,2.515964283368587
0.75,1.5,0.46875,0.4,0.9,5,0.439353265598832,0.8300518128940009
0.75,1.5,0.46875,0.4,0.9,7,0.439353265598832,0.6274125467670126
0.75,1.5,0.46875,0.4,0.9,10,0.439353265598832,1.8970166285208663
0.75,1.5,0.46875,0.4,0.9,13,0.439353265598832,0.5808232082276454
0.75,1.5,0.46875,0.4,0.95,0,0.439353265598832,1.7930277659268867
0.75,1.5,0.46875,0.4,0.95,1,0.439353265598832,1.2950851290123988
0.75,1.5,0.46875,0.4,0.95,2,0.439353265598832,1.4372002642530113
0.75,1.5,0.46875,0.4,0.95,3,0.439353265598832,2.015497537213594
0.75,1.5,0.46875,0.4,0.95,4,0.439353265598832,2.515964283368587
0.75,1.5,0.46875,0.4,0.95,5,0.439353265598832,0.8300518128940009
0.75,1.5,0.46875,0.4,0.95,7,0.439353265598832,0.6274125467670126
0.75,1.5,0.46875,0.4,0.95,10,0.439353265598832,1.8970166285208663
0.75,1.5,0.46875,0.4,0.95,13,0.439353265598832,0.5808232082276454
0.75,1.5,0.46875,0.4,0.99,0,0.439353265598832,1.7930277659268867
0.75,1.5,0.46875,0.4,0.99,1,0.439353265598832,1.2950851290123988
0.75,1.5,0.46875,0.4,0.99,2,0.439353265598832,1.4372002642530113
0.75,1.5,0.46875,0.4,0.99,3,0.439353265598832,2.015497537213594
0.75,1.5,0.46875,0.4,0.99,4,0.439353265598832,2.515964283368587
0.75,1.5,0.46875,0.4,0.99,5,0.439353265598832,0.8300518128940009
0.75,1.5,0.46875,0.4,0.99,7,0.439353265598832,0.6274125467670126
0.75,1.5,0.46875,0.4,0.99,10,0.439353265598832,1.8970166285208663
0.75,1.5,0.46875,0.4,0.99,13,0.439353265598832,0.5808232082276454
0.75,1.5,0.46875,0.4,0.995,0,0.439353265598832,1.7930277659268867
0.75,1.5,0.46875,0.4,0.995,1,0.439353265598832,1.2950851290123988
0.75,1.5,0.46875,0.4,0.995,2,0.439353265598832,1.4372002642530113
0.75,1.5,0.46875,0.4,0.995,3,0.439353265598832,2.015497537213594
0.75,1.5,0.46875,0.4,0.995,4,0.439353265598832,2.515964283368587
0.75,1.5,0.46875,0.4,0.995,5,0.439353265598832,0.8300518128940009
0.75,1.5,0.46875,0.4,0.995,7,0.439353265598832,0.6274125467670126
0.75,1.5,0.46875,0.4,0.995,10,0.439353265598832,1.8970166285208663
0.75,1.5,0.46875,0.4,0.995,13,0.439353265598832,0.5808232082276454
0.75,1.5,0.46875,0.4,0.999,0,0.439353265598832,1.7930277659268867
0.75,1.5,0.46875,0.4,0.999,1,0.439353265598832,1.2950851290123988
0.75,1.5,0.46875,0.4,0.999,2,0.439353265598832,1.4372002642530113
0.75,1.5,0.46875,0.4,0.999,3,0.439353265598832,2.015497537213594
0.75,1.5,0.46875,0.4,0.999,4,0.439353265598832,2.515964283368587
0.75,1.5,0.46875,0.4,0.999,5,0.439353265598832,0.8300518128940009
0.75,1.5,0.46875,0.4,0.999,7,0.439353265598832,0.6274125467670126
0.75,1.5,0.46875,0.4,0.999,10,0.439353265598832,1.8970166285208663
0.75,1.5,0.46875,0.4,0.999,13,0.439353265598832,0.5808232082276454
0.75,1.5,0.46875,0.45,0.5,0,0.439353265598832,1.7118772278693817
0.75,1.5,0.46875,0.45,0.5,1,0.439353265598832,1.62352423717404
0.75,1.5,0.46875,0.45,0.5,2,0.439353265598832,1.5288978876243087
0.75,1.5,0.46875,0.45,0.5,3,0.439353265598832,1.1419731653798422
0.75,1.5,0.46875,0.45,0.5,4,0.439353265598832,1.9513316924578183
0.75,1.5,0.46875,0.45,0.5,5,0.439353265598832,0.9089214820284954
0.75,1.5,0.46875,0.45,0.5,7,0.439353265598832,0.3980698544152099
0.75,1.5,0.46875,0.45,0.5,10,0.439353265598832,1.494224470354782
0.75,1.5,0.46875,0.45,0.5,13,0.439353265598832,0.5340794054239923
0.75,1.5,0.46875,0.45,0.75,0,0.439353265598832,1.7118772278693817
0.75,1.5,0.46875,0.45,0.75,1,0.439353265598832,1.62352423717404
0.75,1.5,0.46875,0.45,0.75,2,0.439353265598832,1.5288978876243087
0.75,1.5,0.46875,0.45,0.75,3,0.439353265598832,1.1419731653798422
0.75,1.5,0.46875,0.45,0.75,4,0.439353265598832,1.9513316924578183
0.75,1.5,0.46875,0.45,0.75,5,0.439353265598832,0.9089214820284954
0.75,1.5,0.46875,0.45,0.75,7,0.439353265598832,0.3980698544152099
0.75,1.5,0.46875,0.45,0.75,10,0.439353265598832,1.494224470354782
0.75,1.5,0.46875,0.45,0.75,13,0.439353265598832,0.5340794054239923
0.75,1.5,0.46875,0.45,0.9,0,0.439353265598832,1.7118772278693817
0.75,1.5,0.46875,0.45,0.9,1,0.439353265598832,1.62352423717404
0.75,1.5,0.46875,0.45,0.9,2,0.439353265598832,1.5288978876243087
0.75,1.5,0.46875,0.45,0.9,3,0.439353265598832,1.1419731653798422
0.75,1.5,0.46875,0.45,0.9,4,0.439353265598832,1.9513316924578183
0.75,1.5,0.46875,0.45,0.9,5,0.439353265598832,0.9089214820284954
0.75,1.5,0.46875,0.45,0.9,7,0.439353265598832,0.3980698544152099
0.75,1.5,0.46875,0.45,0.9,10,0.439353265598832,1.494224470354782
0.75,1.5,0.46875,0.45,0.9,13,0.439353265598832,0.5340794054239923
0.75,1.5,0.46875,0.45,0.95,0,0.439353265598832,1.7118772278693817
0.75,1.5,0.46875,0.45,0.95,1,0.439353265598832,1.62352423717404
0.75,1.5,0.46875,0.45,0.95,2,0.439353265598832,1.5288978876243087
0.75,1.5,0.46875,0.45,0.95,3,0.439353265598832,1.1419731653798422
0.75,1.5,0.46875,0.45,0.95,4,0.439353265598832,1.9513316924578183
0.75,1.5,0.46875,0.45,0.95,5,0.439353265598832,0.9089214820284954
0.75,1.5,0.46875,0.45,0.95,7,0.439353265598832,0.3980698544152099
0.75,1.5,0.46875,0.45,0.95,10,0.439353265598832,1.494224470354782
0.75,1.5,0.46875,0.45,0.95,13,0.439353265598832,0.5340794054239923
0.75,1.5,0.46875,0.45,0.99,0,0.439353265598832,1.7118772278693817
0.75,1.5,0.46875,0.45,0.99,1,0.439353265598832,1.62352423717404
0.75,1.5,0.46875,0.45,0.99,2,0.439353265598832,1.5288978876243087
0.75,1.5,0.46875,0.45,0.99,3,0.439353265598832,1.1419731653798422
0.75,1.5,0.46875,0.45,0.99,4,0.439353265598832,1.9513316924578183
0.75,1.5,0.46875,0.45,0.99,5,0.439353265598832,0.9089214820284954
0.75,1.5,0.46875,0.45,0.99,7,0.439353265598832,0.3980698544152099
0.75,1.5,0.46875,0.45,0.99,10,0.439353265598832,1.494224470354782
0.75,1.5,0.46875,0.45,0.99,13,0.439353265598832,0.5340794054239923
0.75,1.5,0.46875,0.45,0.995,0,0.439353265598832,1.7118772278693817
0.75,1.5,0.46875,0.45,0.995,1,0.439353265598832,1.62352423717404
0.75,1.5,0.46875,0.45,0.995,2,0.439353265598832,1.5288978876243087
0.75,1.5,0.46875,0.45,0.995,3,0.439353265598832,1.1419731653798422
0.75,1.5,0.46875,0.45,0.995,4,0.439353265598832,1.9513316924578183
0.75,1.5,0.46875,0.45,0.995,5,0.439353265598832,0.9089214820284954
0.75,1.5,0.46875,0.45,0.995,7,0.439353265598832,0.3980698544152099
0.75,1.5,0.46875,0.45,0.995,10,0.439353265598832,1.494224470354782
0.75,1.5,0.46875,0.45,0.995,13,0.439353265598832,0.5340794054239923
0.75,1.5,0.46875,0.45,0.999,0,0.439353265598832,1.7118772278693817
0.75,1.5,0.46875,0.45,0.999,1,0.439353265598832,1.62352423717404
0.75,1.5,0.46875,0.45,0.999,2,0.439353265598832,1.5288978876243087
0.75,1.5,0.46875,0.45,0.999,3,0.439353265598832,1.1419731653798422
0.75,1.5,0.46875,0.45,0.999,4,0.439353265598832,1.9513316924578183
0.75,1.5,0.46875,0.45,0.999,5,0.439353265598832,0.9089214820284954
0.75,1.5,0.46875,0.45,0.999,7,0.439353265598832,0.3980698544152099
0.75,1.5,0.46875,0.45,0.999,10,0.439353265598832,1.494224470354782
0.75,1.5,0.46875,0.45,0.999,13,0.439353265598832,0.5340794054239923
0.75,1.5,0.46875,0.5,0.5,0,0.439353265598832,1.9033355918979324
0.75,1.5,0.46875,0.5,0.5,1,0.439353265598832,1.7692505374422962
0.75,1.5,0.46875,0.5,0.5,2,0.439353265598832,2.048773063845098
0.75,1.5,0.46875,0.5,0.5,3,0.439353265598832,1.2190669031654726
0.75,1.5,0.46875,0.5,0.5,4,0.439353265598832,1.5723258613711952
0.75,1.5,0.46875,0.5,0.5,5,0.439353265598832,1.2649429557018363
0.75,1.5,0.46875,0.5,0.5,7,0.439353265598832,0.44314021932430275
0.75,1.5,0.46875,0.5,0.5,10,0.439353265598832,1.3141464546435904
0.75,1.5,0.46875,0.5,0.5,13,0.439353265598832,0.8863821076505436
0.75,1.5,0.46875,0.5,0.75,0,0.439353265598832,1.9033355918979324
0.75,1.5,0.46875,0.5,0.75,1,0.439353265598832,1.7692505374422962
0.75,1.5,0.46875,0.5,0.75,2,0.439353265598832,2.048773063845098
0.75,1.5,0.46875,0.5,0.75,3,0.439353265598832,1.2190669031654726
0.75,1.5,0.46875,0.5,0.75,4,0.439353265598832,1.5723258613711952
0.75,1.5,0.46875,0.5,0.75,5,0.439353265598832,1.2649429557018363
0.75,1.5,0.46875,0.5,0.75,7,0.439353265598832,0.44314021932430275
0.75,1.5,0.46875,0.5,0.75,10,0.439353265598832,1.3141464546435904
0.75,1.5,0.46875,0.5,0.75,13,0.439353265598832,0.8863821076505436
0.75,1.5,0.46875,0.5,0.9,0,0.439353265598832,1.9033355918979324
0.75,1.5,0.46875,0.5,0.9,1,0.439353265598832,1.7692505374422962
0.75,1.5,0.46875,0.5,0.9,2,0.439353265598832,2.048773063845098
0.75,1.5,0.46875,0.5,0.9,3,0.439353265598832,1.2190669031654726
0.75,1.5,0.46875,0.5,0.9,4,0.439353265598832,1.5723258613711952
0.75,1.5,0.46875,0.5,0.9,5,0.439353265598832,1.2649429557018363
0.75,1.5,0.46875,0.5,0.9,7,0.439353265598832,0.44314021932430275
0.75,1.5,0.46875,0.5,0.9,10,0.439353265598832,1.3141464546435904
0.75,1.5,0.46875,0.5,0.9,13,0.439353265598832,0.8863821076505436
0.75,1.5,0.46875,0.5,0.95,0,0.439353265598832,1.9033355918979324
0.75,1.5,0.46875,0.5,0.95,1,0.439353265598832,1.7692505374422962
0.75,1.5,0.46875,0.5,0.95,2,0.439353265598832,2.048773063845098
0.75,1.5,0.46875,0.5,0.95,3,0.439353265598832,1.2190669031654726
0.75,1.5,0.46875,0.5,0.95,4,0.439353265598832,1.5723258613711952
0.75,1.5,0.46875,0.5,0.95,5,0.439353265598832,1.2649429557018363
0.75,1.5,0.46875,0.5,0.95,7,0.439353265598832,0.44314021932430275
0.75,1.5,0.46875,0.5,0.95,10,0.439353265598832,1.3141464546435904
0.75,1.5,0.46875,0.5,0.95,13,0.439353265598832,0.8863821076505436
0.75,1.5,0.46875,0.5,0.99,0,0.439353265598832,1.9033355918979324
0.75,1.5,0.46875,0.5,0.99,1,0.439353265598832,1.7692505374422962
0.75,1.5,0.46875,0.5,0.99,2,0.439353265598832,2.048773063845098
0.75,1.5,0.46875,0.5,0.99,3,0.439353265598832,1.2190669031654726
0.75,1.5,0.46875,0.5,0.99,4,0.439353265598832,1.5723258613711952
0.75,1.5,0.46875,0.5,0.99,5,0.439353265598832,1.2649429557018363
0.75,1.5,0.46875,0.5,0.99,7,0.439353265598832,0.44314021932430275
0.75,1.5,0.46875,0.5,0.99,10,0.439353265598832,1.3141464546435904
0.75,1.5,0.46875,0.5,0.99,13,0.439353265598832,0.8863821076505436
0.75,1.5,0.46875,0.5,0.995,0,0.439353265598832,1.9033355918979324
0.75,1.5,0.46875,0.5,0.995,1,0.439353265598832,1.7692505374422962
0.75,1.5,0.46875,0.5,0.995,2,0.439353265598832,2.048773063845098
0.75,1.5,0.46875,0.5,0.995,3,0.439353265598832,1.2190669031654726
0.75,1.5,0.46875,0.5,0.995,4,0.439353265598832,1.5723258613711952
0.75,1.5,0.46875,0.5,0.995,5,0.439353265598832,1.2649429557018363
0.75,1.5,0.46875,0.5,0.995,7,0.439353265598832,0.44314021932430275
0.75,1.5,0.46875,0.5,0.995,10,0.439353265598832,1.3141464546435904
0.75,1.5,0.46875,0.5,0.995,13,0.439353265598832,0.8863821076505436
0.75,1.5,0.46875,0.5,0.999,0,0.439353265598832,1.9033355918979324
0.75,1.5,0.46875,0.5,0.999,1,0.439353265598832,1.7692505374422962
0.75,1.5,0.46875,0.5,0.999,2,0.439353265598832,2.048773063845098
0.75,1.5,0.46875,0.5,0.999,3,0.439353265598832,1.2190669031654726
0.75,1.5,0.46875,0.5,0.999,4,0.439353265598832,1.5723258613711952
0.75,1.5,0.46875,0.5,0.999,5,0.439353265598832,1.2649429557018363
0.75,1.5,0.46875,0.5,0.999,7,0.439353265598832,0.44314021932430275
0.75,1.5,0.46875,0.5,0.999,10,0.439353265598832,1.3141464546435904
0.75,1.5,0.46875,0.5,0.999,13,0.439353265598832,0.8863821076505436
0.75,1.5,0.46875,0.55,0.5,0,0.439353265598832,2.5930095504329405
0.75,1.5,0.46875,0.55,0.5,1,0.439353265598832,2.4392737530656907
0.75,1.5,0.46875,0.55,0.5,2,0.439353265598832,2.11672288958454
0.75,1.5,0.46875,0.55,0.5,3,0.439353265598832,1.4135991506294956
0.75,1.5,0.46875,0.55,0.5,4,0.439353265598832,1.9036371429356937
0.75,1.5,0.46875,0.55,0.5,5,0.439353265598832,0.9138368918065302
0.75,1.5,0.46875,0.55,0.5,7,0.439353265598832,0.37667888543262756
0.75,1.5,0.46875,0.55,0.5,10,0.439353265598832,1.7418202285898086
0.75,1.5,0.46875,0.55,0.5,13,0.439353265598832,1.3147753368669284
0.75,1.5,0.46875,0.55,0.75,0,0.439353265598832,2.5930095504329405
0.75,1.5,0.46875,0.55,0.75,1,0.439353265598832,2.4392737530656907
0.75,1.5,0.46875,0.55,0.75,2,0.439353265598832,2.11672288958454
0.75,1.5,0.46875,0.55,0.75,3,0.439353265598832,1.4135991506294956
0.75,1.5,0.46875,0.55,0.75,4,0.439353265598832,1.9036371429356937
0.75,1.5,0.46875,0.55,0.75,5,0.439353265598832,0.9138368918065302
0.75,1.5,0.46875,0.55,0.75,7,0.439353265598832,0.37667888543262756
0.75,1.5,0.46875,0.55,0.75,10,0.439353265598832,1.7418202285898086
0.75,1.5,0.46875,0.55,0.75,13,0.439353265598832,1.3147753368669284
0.75,1.5,0.46875,0.55,0.9,0,0.439353265598832,2.5930095504329405
0.75,1.5,0.46875,0.55,0.9,1,0.439353265598832,2.4392737530656907
0.75,1.5,0.46875,0.55,0.9,2,0.439353265598832,2.11672288958454
0.75,1.5,0.46875,0.55,0.9,3,0.439353265598832,1.4135991506294956
0.75,1.5,0.46875,0.55,0.9,4,0.439353265598832,1.9036371429356937
0.75,1.5,0.46875,0.55,0.9,5,0.439353265598832,0.9138368918065302
0.75,1.5,0.46875,0.55,0.9,7,0.439353265598832,0.37667888543262756
0.75,1.5,0.46875,0.55,0.9,10,0.439353265598832,1.7418202285898086
0.75,1.5,0.46875,0.55,0.9,13,0.439353265598832,1.3147753368669284
0.75,1.5,0.46875,0.55,0.95,0,0.439353265598832,2.5930095504329405
0.75,1.5,0.46875,0.55,0.95,1,0.439353265598832,2.4392737530656907
0.75,1.5,0.46875,0.55,0.95,2,0.439353265598832,2.11672288958454
0.75,1.5,0.46875,0.55,0.95,3,0.439353265598832,1.4135991506294956
0.75,1.5,0.46875,0.55,0.95,4,0.439353265598832,1.9036371429356937
0.75,1.5,0.46875,0.55,0.95,5,0.439353265598832,0.9138368918065302
0.75,1.5,0.46875,0.55,0.95,7,0.439353265598832,0.37667888543262756
0.75,1.5,0.46875,0.55,0.95,10,0.439353265598832,1.7418202285898086
0.75,1.5,0.46875,0.55,0.95,13,0.439353265598832,1.3147753368669284
0.75,1.5,0.46875,0.55,0.99,0,0.439353265598832,2.5930095504329405
0.75,1.5,0.46875,0.55,0.99,1,0.439353265598832,2.4392737530656907
0.75,1.5,0.46875,0.55,0.99,2,0.439353265598832,2.11672288958454
0.75,1.5,0.46875,0.55,0.99,3,0.439353265598832,1.4135991506294956
0.75,1.5,0.46875,0.55,0.99,4,0.439353265598832,1.9036371429356937
0.75,1.5,0.46875,0.55,0.99,5,0.439353265598832,0.9138368918065302
0.75,1.5,0.46875,0.55,0.99,7,0.439353265598832,0.37667888543262756
0.75,1.5,0.46875,0.55,0.99,10,0.439353265598832,1.7418202285898086
0.75,1.5,0.46875,0.55,0.99,13,0.439353265598832,1.3147753368669284
0.75,1.5,0.46875,0.55,0.995,0,0.439353265598832,2.5930095504329405
0.75,1.5,0.46875,0.55,0.995,1,0.439353265598832,2.4392737530656907
0.75,1.5,0.46875,0.55,0.995,2,0.439353265598832,2.11672288958454
0.75,1.5,0.46875,0.55,0.995,3,0.439353265598832,1.4135991506294956
0.75,1.5,0.46875,0.55,0.995,4,0.439353265598832,1.9036371429356937
0.75,1.5,0.46875,0.55,0.995,5,0.439353265598832,0.9138368918065302
0.75,1.5,0.46875,0.55,0.995,7,0.439353265598832,0.37667888543262756
0.75,1.5,0.46875,0.55,0.995,10,0.439353265598832,1.7418202285898086
0.75,1.5,0.46875,0.55,0.995,13,0.439353265598832,1.3147753368669284
0.75,1.5,0.46875,0.55,0.999,0,0.439353265598832,2.5930095504329405
0.75,1.5,0.46875,0.55,0.999,1,0.439353265598832,2.4392737530656907
0.75,1.5,0.46875,0.55,0.999,2,0.439353265598832,2.11672288958454
0.75,1.5,0.46875,0.55,0.999,3,0.439353265598832,1.4135991506294956
0.75,1.5,0.46875,0.55,0.999,4,0.439353265598832,1.9036371429356937
0.75,1.5,0.46875,0.55,0.999,5,0.439353265598832,0.9138368918065302
0.75,1.5,0.46875,0.55,0.999,7,0.439353265598832,0.37667888543262756
0.75,1.5,0.46875,0.55,0.999,10,0.439353265598832,1.7418202285898086
0.75,1.5,0.46875,0.55,0.999,13,0.439353265598832,1.3147753368669284
0.75,1.5,0.46875,0.6,0.5,0,0.439353265598832,3.0440636433291988
0.75,1.5,0.46875,0.6,0.5,1,0.439353265598832,2.740495284106994
0.75,1.5,0.46875,0.6,0.5,2,0.439353265598832,2.4369861317246038
0.75,1.5,0.46875,0.6,0.5,3,0.439353265598832,2.246515571847881
0.75,1.5,0.46875,0.6,0.5,4,0.439353265598832,2.021869157558766
0.75,1.5,0.46875,0.6,0.5,5,0.439353265598832,0.9746415322292679
0.75,1.5,0.46875,0.6,0.5,7,0.439353265598832,1.183447934619714
0.75,1.5,0.46875,0.6,0.5,10,0.439353265598832,2.1611560326448154
0.75,1.5,0.46875,0.6,0.5,13,0.439353265598832,1.9732794854227573
0.75,1.5,0.46875,0.6,0.75,0,0.439353265598832,3.0440636433291988
0.75,1.5,0.46875,0.6,0.75,1,0.439353265598832,2.740495284106994
0.75,1.5,0.46875,0.6,0.75,2,0.439353265598832,2.4369861317246038
0.75,1.5,0.46875,0.6,0.75,3,0.439353265598832,2.246515571847881
0.75,1.5,0.46875,0.6,0.75,4,0.439353265598832,2.021869157558766
0.75,1.5,0.46875,0.6,0.75,5,0.439353265598832,0.9746415322292679
0.75,1.5,0.46875,0.6,0.75,7,0.439353265598832,1.183447934619714
0.75,1.5,0.46875,0.6,0.75,10,0.439353265598832,2.1611560326448154
0.75,1.5,0.46875,0.6,0.75,13,0.439353265598832,1.9732794854227573
0.75,1.5,0.46875,0.6,0.9,0,0.439353265598832,3.0440636433291988
0.75,1.5,0.46875,0.6,0.9,1,0.439353265598832,2.740495284106994
0.75,1.5,0.46875,0.6,0.9,2,0.439353265598832,2.4369861317246038
0.75,1.5,0.46875,0.6,0.9,3,0.439353265598832,2.246515571847881
0.75,1.5,0.46875,0.6,0.9,4,0.439353265598832,2.021869157558766
0.75,1.5,0.46875,0.6,0.9,5,0.439353265598832,0.9746415322292679
0.75,1.5,0.46875,0.6,0.9,7,0.439353265598832,1.183447934619714
0.75,1.5,0.46875,0.6,0.9,10,0.439353265598832,2.1611560326448154
0.75,1.5,0.46875,0.6,0.9,13,0.439353265598832,1.9732794854227573
0.75,1.5,0.46875,0.6,0.95,0,0.439353265598832,3.0440636433291988
0.75,1.5,0.46875,0.6,0.95,1,0.439353265598832,2.740495284106994
0.75,1.5,0.46875,0.6,0.95,2,0.439353265598832,2.4369861317246038
0.75,1.5,0.46875,0.6,0.95,3,0.439353265598832,2.246515571847881
0.75,1.5,0.46875,0.6,0.95,4,0.439353265598832,2.021869157558766
0.75,1.5,0.46875,0.6,0.95,5,0.439353265598832,0.9746415322292679
0.75,1.5,0.46875,0.6,0.95,7,0.439353265598832,1.183447934619714
0.75,1.5,0.46875,0.6,0.95,10,0.439353265598832,2.1611560326448154
0.75,1.5,0.46875,0.6,0.95,13,0.439353265598832,1.9732794854227573
0.75,1.5,0.46875,0.6,0.99,0,0.439353265598832,3.0440636433291988
0.75,1.5,0.46875,0.6,0.99,1,0.439353265598832,2.740495284106994
0.75,1.5,0.46875,0.6,0.99,2,0.439353265598832,2.4369861317246038
0.75,1.5,0.46875,0.6,0.99,3,0.439353265598832,2.246515571847881
0.75,1.5,0.46875,0.6,0.99,4,0.439353265598832,2.021869157558766
0.75,1.5,0.46875,0.6,0.99,5,0.439353265598832,0.9746415322292679
0.75,1.5,0.46875,0.6,0.99,7,0.439353265598832,1.183447934619714
0.75,1.5,0.46875,0.6,0.99,10,0.439353265598832,2.1611560326448154
0.75,1.5,0.46875,0.6,0.99,13,0.439353265598832,1.9732794854227573
0.75,1.5,0.46875,0.6,0.995,0,0.439353265598832,3.0440636433291988
0.75,1.5,0.46875,0.6,0.995,1,0.439353265598832,2.740495284106994
0.75,1.5,0.46875,0.6,0.995,2,0.439353265598832,2.4369861317246038
0.75,1.5,0.46875,0.6,0.995,3,0.439353265598832,2.246515571847881
0.75,1.5,0.46875,0.6,0.995,4,0.439353265598832,2.021869157558766
0.75,1.5,0.46875,0.6,0.995,5,0.439353265598832,0.9746415322292679
0.75,1.5,0.46875,0.6,0.995,7,0.439353265598832,1.183447934619714
0.75,1.5,0.46875,0.6,0.995,10,0.439353265598832,2.1611560326448154
0.75,1.5,0.46875,0.6,0.995,13,0.439353265598832,1.9732794854227573
0.75,1.5,0.46875,0.6,0.999,0,0.439353265598832,3.0440636433291988
0.75,1.5,0.46875,0.6,0.999,1,0.439353265598832,2.740495284106994
0.75,1.5,0.46875,0.6,0.999,2,0.439353265598832,2.4369861317246038
0.75,1.5,0.46875,0.6,0.999,3,0.439353265598832,2.246515571847881
0.75,1.5,0.46875,0.6,0.999,4,0.439353265598832,2.021869157558766
0.75,1.5,0.46875,0.6,0.999,5,0.439353265598832,0.9746415322292679
0.75,1.5,0.46875,0.6,0.999,7,0.439353265598832,1.183447934619714
0.75,1.5,0.46875,0.6,0.999,10,0.439353265598832,2.1611560326448154
0.75,1.5,0.46875,0.6,0.999,13,0.439353265598832,1.9732794854227573
0.75,1.5,0.46875,0.65,0.5,0,0.439353265598832,3.0426148999943696
0.75,1.5,0.46875,0.65,0.5,1,0.439353265598832,3.2312357333463617
0.75,1.5,0.46875,0.65,0.5,2,0.439353265598832,2.5862993581632563
0.75,1.5,0.46875,0.65,0.5,3,0.439353265598832,3.0167856468701664
0.75,1.5,0.46875,0.65,0.5,4,0.439353265598832,2.114293668017069
0.75,1.5,0.46875,0.65,0.5,5,0.439353265598832,1.8690560920152084
0.75,1.5,0.46875,0.65,0.5,7,0.439353265598832,0.5208423180005768
0.75,1.5,0.46875,0.65,0.5,10,0.439353265598832,2.0325898219868916
0.75,1.5,0.46875,0.65,0.5,13,0.439353265598832,2.3809649492374567
0.75,1.5,0.46875,0.65,0.75,0,0.439353265598832,3.0426148999943696
0.75,1.5,0.46875,0.65,0.75,1,0.439353265598832,3.2312357333463617
0.75,1.5,0.46875,0.65,0.75,2,0.439353265598832,2.5862993581632563
0.75,1.5,0.46875,0.65,0.75,3,0.439353265598832,3.0167856468701664
0.75,1.5,0.46875,0.65,0.75,4,0.439353265598832,2.114293668017069
0.75,1.5,0.46875,0.65,0.75,5,0.439353265598832,1.8690560920152084
0.75,1.5,0.46875,0.65,0.75,7,0.439353265598832,0.5208423180005768
0.75,1.5,0.46875,0.65,0.75,10,0.439353265598832,2.0325898219868916
0.75,1.5,0.46875,0.65,0.75,13,0.439353265598832,2.3809649492374567
0.75,1.5,0.46875,0.65,0.9,0,0.439353265598832,3.0426148999943696
0.75,1.5,0.46875,0.65,0.9,1,0.439353265598832,3.2312357333463617
0.75,1.5,0.46875,0.65,0.9,2,0.439353265598832,2.5862993581632563
0.75,1.5,0.46875,0.65,0.9,3,0.439353265598832,3.0167856468701664
0.75,1.5,0.46875,0.65,0.9,4,0.439353265598832,2.114293668017069
0.75,1.5,0.46875,0.65,0.9,5,0.439353265598832,1.8690560920152084
0.75,1.5,0.46875,0.65,0.9,7,0.439353265598832,0.5208423180005768
0.75,1.5,0.46875,0.65,0.9,10,0.439353265598832,2.0325898219868916
0.75,1.5,0.46875,0.65,0.9,13,0.439353265598832,2.3809649492374567
0.75,1.5,0.46875,0.65,0.95,0,0.439353265598832,3.0426148999943696
0.75,1.5,0.46875,0.65,0.95,1,0.439353265598832,3.2312357333463617
0.75,1.5,0.46875,0.65,0.95,2,0.439353265598832,2.5862993581632563
0.75,1.5,0.46875,0.65,0.95,3,0.439353265598832,3.0167856468701664
0.75,1.5,0.46875,0.65,0.95,4,0.439353265598832,2.114293668017069
0.75,1.5,0.46875,0.65,0.95,5,0.439353265598832,1.8690560920152084
0.75,1.5,0.46875,0.65,0.95,7,0.439353265598832,0.5208423180005768
0.75,1.5,0.46875,0.65,0.95,10,0.439353265598832,2.0325898219868916
0.75,1.5,0.46875,0.65,0.95,13,0.439353265598832,2.3809649492374567
0.75,1.5,0.46875,0.65,0.99,0,0.439353265598832,3.0426148999943696
0.75,1.5,0.46875,0.65,0.99,1,0.439353265598832,3.2312357333463617
0.75,1.5,0.46875,0.65,0.99,2,0.439353265598832,2.5862993581632563
0.75,1.5,0.46875,0.65,0.99,3,0.439353265598832,3.0167856468701664
0.75,1.5,0.46875,0.65,0.99,4,0.439353265598832,2.114293668017069
0.75,1.5,0.46875,0.65,0.99,5,0.439353265598832,1.8690560920152084
0.75,1.5,0.46875,0.65,0.99,7,0.439353265598832,0.5208423180005768
0.75,1.5,0.46875,0.65,0.99,10,0.439353265598832,2.0325898219868916
0.75,1.5,0.46875,0.65,0.99,13,0.439353265598832,2.3809649492374567
0.75,1.5,0.46875,0.65,0.995,0,0.439353265598832,3.0426148999943696
0.75,1.5,0.46875,0.65,0.995,1,0.439353265598832,3.2312357333463617
0.75,1.5,0.46875,0.65,0.995,2,0.439353265598832,2.5862993581632563
0.75,1.5,0.46875,0.65,0.995,3,0.439353265598832,3.0167856468701664
0.75,1.5,0.46875,0.65,0.995,4,0.439353265598832,2.114293668017069
0.75,1.5,0.46875,0.65,0.995,5,0.439353265598832,1.8690560920152084
0.75,1.5,0.46875,0.65,0.995,7,0.439353265598832,0.5208423180005768
0.75,1.5,0.46875,0.65,0.995,10,0.439353265598832,2.0325898219868916
0.75,1.5,0.46875,0.65,0.995,13,0.439353265598832,2.3809649492374567
0.75,1.5,0.46875,0.65,0.999,0,0.439353265598832,3.0426148999943696
0.75,1.5,0.46875,0.65,0.999,1,0.439353265598832,3.2312357333463617
0.75,1.5,0.46875,0.65,0.999,2,0.439353265598832,2.5862993581632563
0.75,1.5,0.46875,0.65,0.999,3,0.439353265598832,3.0167856468701664
0.75,1.5,0.46875,0.65,0.999,4,0.439353265598832,2.114293668017069
0.75,1.5,0.46875,0.65,0.999,5,0.439353265598832,1.8690560920152084
0.75,1.5,0.46875,0.65,0.999,7,0.439353265598832,0.5208423180005768
0.75,1.5,0.46875,0.65,0.999,10,0.439353265598832,2.0325898219868916
0.75,1.5,0.46875,0.65,0.999,13,0.439353265598832,2.3809649492374567
0.75,1.5,0.46875,0.7,0.5,0,0.439353265598832,2.9356783157878725
0.75,1.5,0.46875,0.7,0.5,1,0.439353265598832,3.1968830552605643
0.75,1.5,0.46875,0.7,0.5,2,0.439353265598832,2.6005209146999744
0.75,1.5,0.46875,0.7,0.5,3,0.439353265598832,2.973982646677833
0.75,1.5,0.46875,0.7,0.5,4,0.439353265598832,2.1456292186075223
0.75,1.5,0.46875,0.7,0.5,5,0.439353265598832,1.9360400088875684
0.75,1.5,0.46875,0.7,0.5,7,0.439353265598832,0.9860753110400335
0.75,1.5,0.46875,0.7,0.5,10,0.439353265598832,1.7502865590599266
0.75,1.5,0.46875,0.7,0.5,13,0.439353265598832,1.8975028130382625
0.75,1.5,0.46875,0.7,0.75,0,0.439353265598832,2.9356783157878725
0.75,1.5,0.46875,0.7,0.75,1,0.439353265598832,3.1968830552605643
0.75,1.5,0.46875,0.7,0.75,2,0.439353265598832,2.6005209146999744
0.75,1.5,0.46875,0.7,0.75,3,0.439353265598832,2.973982646677833
0.75,1.5,0.46875,0.7,0.75,4,0.439353265598832,2.1456292186075223
0.75,1.5,0.46875,0.7,0.75,5,0.439353265598832,1.9360400088875684
0.75,1.5,0.46875,0.7,0.75,7,0.439353265598832,0.9860753110400335
0.75,1.5,0.46875,0.7,0.75,10,0.439353265598832,1.7502865590599266
0.75,1.5,0.46875,0.7,0.75,13,0.439353265598832,1.8975028130382625
0.75,1.5,0.46875,0.7,0.9,0,0.439353265598832,2.9356783157878725
0.75,1.5,0.46875,0.7,0.9,1,0.439353265598832,3.1968830552605643
0.75,1.5,0.46875,0.7,0.9,2,0.439353265598832,2.6005209146999744
0.75,1.5,0.46875,0.7,0.9,3,0.439353265598832,2.973982646677833
0.75,1.5,0.46875,0.7,0.9,4,0.439353265598832,2.1456292186075223
0.75,1.5,0.46875,0.7,0.9,5,0.439353265598832,1.9360400088875684
0.75,1.5,0.46875,0.7,0.9,7,0.439353265598832,0.9860753110400335
0.75,1.5,0.46875,0.7,0.9,10,0.439353265598832,1.7502865590599266
0.75,1.5,0.46875,0.7,0.9,13,0.439353265598832,1.8975028130382625
0.75,1.5,0.46875,0.7,0.95,0,0.439353265598832,2.9356783157878725
0.75,1.5,0.46875,0.7,0.95,1,0.439353265598832,3.1968830552605643
0.75,1.5,0.46875,0.7,0.95,2,0.439353265598832,2.6005209146999744
0.75,1.5,0.46875,0.7,0.95,3,0.439353265598832,2.973982646677833
0.75,1.5,0.46875,0.7,0.95,4,0.439353265598832,2.1456292186075223
0.75,1.5,0.46875,0.7,0.95,5,0.439353265598832,1.9360400088875684
0.75,1.5,0.46875,0.7,0.95,7,0.439353265598832,0.9860753110400335
0.75,1.5,0.46875,0.7,0.95,10,0.439353265598832,1.7502865590599266
0.75,1.5,0.46875,0.7,0.95,13,0.439353265598832,1.8975028130382625
0.75,1.5,0.46875,0.7,0.99,0,0.439353265598832,2.9356783157878725
0.75,1.5,0.46875,0.7,0.99,1,0.439353265598832,3.1968830552605643
0.75,1.5,0.46875,0.7,0.99,2,0.439353265598832,2.6005209146999744
0.75,1.5,0.46875,0.7,0.99,3,0.439353265598832,2.973982646677833
0.75,1.5,0.46875,0.7,0.99,4,0.439353265598832,2.1456292186075223
0.75,1.5,0.46875,0.7,0.99,5,0.439353265598832,1.9360400088875684
0.75,1.5,0.46875,0.7,0.99,7,0.439353265598832,0.9860753110400335
0.75,1.5,0.46875,0.7,0.99,10,0.439353265598832,1.7502865590599266
0.75,1.5,0.46875,0.7,0.99,13,0.439353265598832,1.8975028130382625
0.75,1.5,0.46875,0.7,0.995,0,0.439353265598832,2.9356783157878725
0.75,1.5,0.46875,0.7,0.995,1,0.439353265598832,3.1968830552605643
0.75,1.5,0.46875,0.7,0.995,2,0.439353265598832,2.6005209146999744
0.75,1.5,0.46875,0.7,0.995,3,0.439353265598832,2.973982646677833
0.75,1.5,0.46875,0.7,0.995,4,0.439353265598832,2.1456292186075223
0.75,1.5,0.46875,0.7,0.995,5,0.439353265598832,1.9360400088875684
0.75,1.5,0.46875,0.7,0.995,7,0.439353265598832,0.9860753110400335
0.75,1.5,0.46875,0.7,0.995,10,0.439353265598832,1.7502865590599266
0.75,1.5,0.46875,0.7,0.995,13,0.439353265598832,1.8975028130382625
0.75,1.5,0.46875,0.7,0.999,0,0.439353265598832,2.9356783157878725
0.75,1.5,0.46875,0.7,0.999,1,0.439353265598832,3.1968830552605643
0.75,1.5,0.46875,0.7,0.999,2,0.439353265598832,2.6005209146999744
0.75,1.5,0.46875,0.7,0.999,3,0.439353265598832,2.973982646677833
0.75,1.5,0.46875,0.7,0.999,4,0.439353265598832,2.1456292186075223
0.75,1.5,0.46875,0.7,0.999,5,0.439353265598832,1.9360400088875684
0.75,1.5,0.46875,0.7,0.999,7,0.439353265598832,0.9860753110400335
0.75,1.5,0.46875,0.7,0.999,10,0.439353265598832,1.7502865590599266
0.75,1.5,0.46875,0.7,0.999,13,0.439353265598832,1.8975028130382625
0.75,1.5,0.46875,0.75,0.5,0,0.439353265598832,3.167819554395468
0.75,1.5,0.46875,0.75,0.5,1,0.439353265598832,3.091869198012588
0.75,1.5,0.46875,0.75,0.5,2,0.439353265598832,3.0249541084066505
0.75,1.5,0.46875,0.75,0.5,3,0.439353265598832,2.8849586359075703
0.75,1.5,0.46875,0.75,0.5,4,0.439353265598832,2.7622715006942777
0.75,1.5,0.46875,0.75,0.5,5,0.439353265598832,2.155668080565486
0.75,1.5,0.46875,0.75,0.5,7,0.439353265598832,1.9900069699216565
0.75,1.5,0.46875,0.75,0.5,10,0.439353265598832,2.1534826342299294
0.75,1.5,0.46875,0.75,0.5,13,0.439353265598832,2.6829123277749685
0.75,1.5,0.46875,0.75,0.75,0,0.439353265598832,3.167819554395468
0.75,1.5,0.46875,0.75,0.75,1,0.439353265598832,3.091869198012588
0.75,1.5,0.46875,0.75,0.75,2,0.439353265598832,3.0249541084066505
0.75,1.5,0.46875,0.75,0.75,3,0.439353265598832,2.8849586359075703
0.75,1.5,0.46875,0.75,0.75,4,0.439353265598832,2.7622715006942777
0.75,1.5,0.46875,0.75,0.75,5,0.439353265598832,2.155668080565486
0.75,1.5,0.46875,0.75,0.75,7,0.439353265598832,1.9900069699216565
0.75,1.5,0.46875,0.75,0.75,10,0.439353265598832,2.1534826342299294
0.75,1.5,0.46875,0.75,0.75,13,0.439353265598832,2.6829123277749685
0.75,1.5,0.46875,0.75,0.9,0,0.439353265598832,3.167819554395468
0.75,1.5,0.46875,0.75,0.9,1,0.439353265598832,3.091869198012588
0.75,1.5,0.46875,0.75,0.9,2,0.439353265598832,3.0249541084066505
0.75,1.5,0.46875,0.75,0.9,3,0.439353265598832,2.8849586359075703
0.75,1.5,0.46875,0.75,0.9,4,0.439353265598832,2.7622715006942777
0.75,1.5,0.46875,0.75,0.9,5,0.439353265598832,2.155668080565486
0.75,1.5,0.46875,0.75,0.9,7,0.439353265598832,1.9900069699216565
0.75,1.5,0.46875,0.75,0.9,10,0.439353265598832,2.1534826342299294
0.75,1.5,0.46875,0.75,0.9,13,0.439353265598832,2.6829123277749685
0.75,1.5,0.46875,0.75,0.95,0,0.439353265598832,3.167819554395468
0.75,1.5,0.46875,0.75,0.95,1,0.439353265598832,3.091869198012588
0.75,1.5,0.46875,0.75,0.95,2,0.439353265598832,3.0249541084066505
0.75,1.5,0.46875,0.75,0.95,3,0.439353265598832,2.8849586359075703
0.75,1.5,0.46875,0.75,0.95,4,0.439353265598832,2.7622715006942777
0.75,1.5,0.46875,0.75,0.95,5,0.439353265598832,2.155668080565486
0.75,1.5,0.46875,0.75,0.95,7,0.439353265598832,1.9900069699216565
0.75,1.5,0.46875,0.75,0.95,10,0.439353265598832,2.1534826342299294
0.75,1.5,0.46875,0.75,0.95,13,0.439353265598832,2.6829123277749685
0.75,1.5,0.46875,0.75,0.99,0,0.439353265598832,3.167819554395468
0.75,1.5,0.46875,0.75,0.99,1,0.439353265598832,3.091869198012588
0.75,1.5,0.46875,0.75,0.99,2,0.439353265598832,3.0249541084066505
0.75,1.5,0.46875,0.75,0.99,3,0.439353265598832,2.8849586359075703
0.75,1.5,0.46875,0.75,0.99,4,0.439353265598832,2.7622715006942777
0.75,1.5,0.46875,0.75,0.99,5,0.439353265598832,2.155668080565486
0.75,1.5,0.46875,0.75,0.99,7,0.439353265598832,1.9900069699216565
0.75,1.5,0.46875,0.75,0.99,10,0.439353265598832,2.1534826342299294
0.75,1.5,0.46875,0.75,0.99,13,0.439353265598832,2.6829123277749685
0.75,1.5,0.46875,0.75,0.995,0,0.439353265598832,3.167819554395468
0.75,1.5,0.46875,0.75,0.995,1,0.439353265598832,3.091869198012588
0.75,1.5,0.46875,0.75,0.995,2,0.439353265598832,3.0249541084066505
0.75,1.5,0.46875,0.75,0.995,3,0.439353265598832,2.8849586359075703
0.75,1.5,0.46875,0.75,0.995,4,0.439353265598832,2.7622715006942777
0.75,1.5,0.46875,0.75,0.995,5,0.439353265598832,2.155668080565486
0.75,1.5,0.46875,0.75,0.995,7,0.439353265598832,1.9900069699216565
0.75,1.5,0.46875,0.75,0.995,10,0.439353265598832,2.1534826342299294
0.75,1.5,0.46875,0.75,0.995,13,0.439353265598832,2.6829123277749685
0.75,1.5,0.46875,0.75,0.999,0,0.439353265598832,3.167819554395468
0.75,1.5,0.46875,0.75,0.999,1,0.439353265598832,3.091869198012588
0.75,1.5,0.46875,0.75,0.999,2,0.439353265598832,3.0249541084066505
0.75,1.5,0.46875,0.75,0.999,3,0.439353265598832,2.8849586359075703
0.75,1.5,0.46875,0.75,0.999,4,0.439353265598832,2.7622715006942777
0.75,1.5,0.46875,0.75,0.999,5,0.439353265598832,2.155668080565486
0.75,1.5,0.46875,0.75,0.999,7,0.439353265598832,1.9900069699216565
0.75,1.5,0.46875,0.75,0.999,10,0.439353265598832,2.1534826342299294
0.75,1.5,0.46875,0.75,0.999,13,0.439353265598832,2.6829123277749685
0.75,1.5,0.46875,0.8,0.5,0,0.439353265598832,3.449266513256809
0.75,1.5,0.46875,0.8,0.5,1,0.439353265598832,2.9479797850709506
0.75,1.5,0.46875,0.8,0.5,2,0.439353265598832,2.639209803421916
0.75,1.5,0.46875,0.8,0.5,3,0.439353265598832,2.6467889823595896
0.75,1.5,0.46875,0.8,0.5,4,0.439353265598832,2.443674722473455
0.75,1.5,0.46875,0.8,0.5,5,0.439353265598832,2.2055897498723698
0.75,1.5,0.46875,0.8,0.5,7,0.439353265598832,2.30765187616685
0.75,1.5,0.46875,0.8,0.5,10,0.439353265598832,2.357219117723032
0.75,1.5,0.46875,0.8,0.5,13,0.439353265598832,3.478595514992694
0.75,1.5,0.46875,0.8,0.75,0,0.439353265598832,3.449266513256809
0.75,1.5,0.46875,0.8,0.75,1,0.439353265598832,2.9479797850709506
0.75,1.5,0.46875,0.8,0.75,2,0.439353265598832,2.639209803421916
0.75,1.5,0.46875,0.8,0.75,3,0.439353265598832,2.6467889823595896
0.75,1.5,0.46875,0.8,0.75,4,0.439353265598832,2.443674722473455
0.75,1.5,0.46875,0.8,0.75,5,0.439353265598832,2.2055897498723698
0.75,1.5,0.46875,0.8,0.75,7,0.439353265598832,2.30765187616685
0.75,1.5,0.46875,0.8,0.75,10,0.439353265598832,2.357219117723032
0.75,1.5,0.46875,0.8,0.75,13,0.439353265598832,3.478595514992694
0.75,1.5,0.46875,0.8,0.9,0,0.439353265598832,3.449266513256809
0.75,1.5,0.46875,0.8,0.9,1,0.439353265598832,2.9479797850709506
0.75,1.5,0.46875,0.8,0.9,2,0.439353265598832,2.639209803421916
0.75,1.5,0.46875,0.8,0.9,3,0.439353265598832,2.6467889823595896
0.75,1.5,0.46875,0.8,0.9,4,0.439353265598832,2.443674722473455
0.75,1.5,0.46875,0.8,0.9,5,0.439353265598832,2.2055897498723698
0.75,1.5,0.46875,0.8,0.9,7,0.439353265598832,2.30765187616685
0.75,1.5,0.46875,0.8,0.9,10,0.439353265598832,2.357219117723032
0.75,1.5,0.46875,0.8,0.9,13,0.439353265598832,3.478595514992694
0.75,1.5,0.46875,0.8,0.95,0,0.439353265598832,3.449266513256809
0.75,1.5,0.46875,0.8,0.95,1,0.439353265598832,2.9479797850709506
0.75,1.5,0.46875,0.8,0.95,2,0.439353265598832,2.639209803421916
0.75,1.5,0.46875,0.8,0.95,3,0.439353265598832,2.6467889823595896
0.75,1.5,0.46875,0.8,0.95,4,0.439353265598832,2.443674722473455
0.75,1.5,0.46875,0.8,0.95,5,0.439353265598832,2.2055897498723698
0.75,1.5,0.46875,0.8,0.95,7,0.439353265598832,2.30765187616685
0.75,1.5,0.46875,0.8,0.95,10,0.439353265598832,2.357219117723032
0.75,1.5,0.46875,0.8,0.95,13,0.439353265598832,3.478595514992694
0.75,1.5,0.46875,0.8,0.99,0,0.439353265598832,3.449266513256809
0.75,1.5,0.46875,0.8,0.99,1,0.439353265598832,2.9479797850709506
0.75,1.5,0.46875,0.8,0.99,2,0.439353265598832,2.639209803421916
0.75,1.5,0.46875,0.8,0.99,3,0.439353265598832,2.6467889823595896
0.75,1.5,0.46875,0.8,0.99,4,0.439353265598832,2.443674722473455
0.75,1.5,0.46875,0.8,0.99,5,0.439353265598832,2.2055897498723698
0.75,1.5,0.46875,0.8,0.99,7,0.439353265598832,2.30765187616685
0.75,1.5,0.46875,0.8,0.99,10,0.439353265598832,2.357219117723032
0.75,1.5,0.46875,0.8,0.99,13,0.439353265598832,3.478595514992694
0.75,1.5,0.46875,0.8,0.995,0,0.439353265598832,3.449266513256809
0.75,1.5,0.46875,0.8,0.995,1,0.439353265598832,2.9479797850709506
0.75,1.5,0.46875,0.8,0.995,2,0.439353265598832,2.639209803421916
0.75,1.5,0.46875,0.8,0.995,3,0.439353265598832,2.6467889823595896
0.75,1.5,0.46875,0.8,0.995,4,0.439353265598832,2.443674722473455
0.75,1.5,0.46875,0.8,0.995,5,0.439353265598832,2.2055897498723698
0.75,1.5,0.46875,0.8,0.995,7,0.439353265598832,2.30765187616685
0.75,1.5,0.46875,0.8,0.995,10,0.439353265598832,2.357219117723032
0.75,1.5,0.46875,0.8,0.995,13,0.439353265598832,3.478595514992694
0.75,1.5,0.46875,0.8,0.999,0,0.439353265598832,3.449266513256809
0.75,1.5,0.46875,0.8,0.999,1,0.439353265598832,2.9479797850709506
0.75,1.5,0.46875,0.8,0.999,2,0.439353265598832,2.639209803421916
0.75,1.5,0.46875,0.8,0.999,3,0.439353265598832,2.6467889823595896
0.75,1.5,0.46875,0.8,0.999,4,0.439353265598832,2.443674722473455
0.75,1.5,0.46875,0.8,0.999,5,0.439353265598832,2.2055897498723698
0.75,1.5,0.46875,0.8,0.999,7,0.439353265598832,2.30765187616685
0.75,1.5,0.46875,0.8,0.999,10,0.439353265598832,2.357219117723032
0.75,1.5,0.46875,0.8,0.999,13,0.439353265598832,3.478595514992694
0.75,1.5,0.46875,0.85,0.5,0,0.439353265598832,3.196982370690411
0.75,1.5,0.46875,0.85,0.5,1,0.439353265598832,2.793186635772511
0.75,1.5,0.46875,0.85,0.5,2,0.439353265598832,3.069376036160208
0.75,1.5,0.46875,0.85,0.5,3,0.439353265598832,2.901236213631935
0.75,1.5,0.46875,0.85,0.5,4,0.439353265598832,2.679056750033183
0.75,1.5,0.46875,0.85,0.5,5,0.439353265598832,2.288775522305479
0.75,1.5,0.46875,0.85,0.5,7,0.439353265598832,2.4912193374810885
0.75,1.5,0.46875,0.85,0.5,10,0.439353265598832,2.6811318559078736
0.75,1.5,0.46875,0.85,0.5,13,0.439353265598832,2.881496862529496
0.75,1.5,0.46875,0.85,0.75,0,0.439353265598832,3.196982370690411
0.75,1.5,0.46875,0.85,0.75,1,0.439353265598832,2.793186635772511
0.75,1.5,0.46875,0.85,0.75,2,0.439353265598832,3.069376036160208
0.75,1.5,0.46875,0.85,0.75,3,0.439353265598832,2.901236213631935
0.75,1.5,0.46875,0.85,0.75,4,0.439353265598832,2.679056750033183
0.75,1.5,0.46875,0.85,0.75,5,0.439353265598832,2.288775522305479
0.75,1.5,0.46875,0.85,0.75,7,0.439353265598832,2.4912193374810885
0.75,1.5,0.46875,0.85,0.75,10,0.439353265598832,2.6811318559078736
0.75,1.5,0.46875,0.85,0.75,13,0.439353265598832,2.881496862529496
0.75,1.5,0.46875,0.85,0.9,0,0.439353265598832,3.196982370690411
0.75,1.5,0.46875,0.85,0.9,1,0.439353265598832,2.793186635772511
0.75,1.5,0.46875,0.85,0.9,2,0.439353265598832,3.069376036160208
0.75,1.5,0.46875,0.85,0.9,3,0.439353265598832,2.901236213631935
0.75,1.5,0.46875,0.85,0.9,4,0.439353265598832,2.679056750033183
0.75,1.5,0.46875,0.85,0.9,5,0.439353265598832,2.288775522305479
0.75,1.5,0.46875,0.85,0.9,7,0.439353265598832,2.4912193374810885
0.75,1.5,0.46875,0.85,0.9,10,0.439353265598832,2.6811318559078736
0.75,1.5,0.46875,0.85,0.9,13,0.439353265598832,2.881496862529496
0.75,1.5,0.46875,0.85,0.95,0,0.439353265598832,3.196982370690411
0.75,1.5,0.46875,0.85,0.95,1,0.439353265598832,2.793186635772511
0.75,1.5,0.46875,0.85,0.95,2,0.439353265598832,3.069376036160208
0.75,1.5,0.46875,0.85,0.95,3,0.439353265598832,2.901236213631935
0.75,1.5,0.46875,0.85,0.95,4,0.439353265598832,2.679056750033183
0.75,1.5,0.46875,0.85,0.95,5,0.439353265598832,2.288775522305479
0.75,1.5,0.46875,0.85,0.95,7,0.439353265598832,2.4912193374810885
0.75,1.5,0.46875,0.85,0.95,10,0.439353265598832,2.6811318559078736
0.75,1.5,0.46875,0.85,0.95,13,0.439353265598832,2.881496862529496
0.75,1.5,0.46875,0.85,0.99,0,0.439353265598832,3.196982370690411
0.75,1.5,0.46875,0.85,0.99,1,0.439353265598832,2.793186635772511
0.75,1.5,0.46875,0.85,0.99,2,0.439353265598832,3.069376036160208
0.75,1.5,0.46875,0.85,0.99,3,0.439353265598832,2.901236213631935
0.75,1.5,0.46875,0.85,0.99,4,0.439353265598832,2.679056750033183
0.75,1.5,0.46875,0.85,0.99,5,0.439353265598832,2.288775522305479
0.75,1.5,0.46875,0.85,0.99,7,0.439353265598832,2.4912193374810885
0.75,1.5,0.46875,0.85,0.99,10,0.439353265598832,2.6811318559078736
0.75,1.5,0.46875,0.85,0.99,13,0.439353265598832,2.881496862529496
0.75,1.5,0.46875,0.85,0.995,0,0.439353265598832,3.196982370690411
0.75,1.5,0.46875,0.85,0.995,1,0.439353265598832,2.793186635772511
0.75,1.5,0.46875,0.85,0.995,2,0.439353265598832,3.069376036160208
0.75,1.5,0.46875,0.85,0.995,3,0.439353265598832,2.901236213631935
0.75,1.5,0.46875,0.85,0.995,4,0.439353265598832,2.679056750033183
0.75,1.5,0.46875,0.85,0.995,5,0.439353265598832,2.288775522305479
0.75,1.5,0.46875,0.85,0.995,7,0.439353265598832,2.4912193374810885
0.75,1.5,0.46875,0.85,0.995,10,0.439353265598832,2.6811318559078736
0.75,1.5,0.46875,0.85,0.995,13,0.439353265598832,2.881496862529496
0.75,1.5,0.46875,0.85,0.999,0,0.439353265598832,3.196982370690411
0.75,1.5,0.46875,0.85,0.999,1,0.439353265598832,2.793186635772511
0.75,1.5,0.46875,0.85,0.999,2,0.439353265598832,3.069376036160208
0.75,1.5,0.46875,0.85,0.999,3,0.439353265598832,2.901236213631935
0.75,1.5,0.46875,0.85,0.999,4,0.439353265598832,2.679056750033183
0.75,1.5,0.46875,0.85,0.999,5,0.439353265598832,2.288775522305479
0.75,1.5,0.46875,0.85,0.999,7,0.439353265598832,2.4912193374810885
0.75,1.5,0.46875,0.85,0.999,10,0.439353265598832,2.6811318559078736
0.75,1.5,0.46875,0.85,0.999,13,0.439353265598832,2.881496862529496
0.75,1.5,0.46875,0.9,0.5,0,0.439353265598832,3.111859937453802
0.75,1.5,0.46875,0.9,0.5,1,0.439353265598832,2.9137211255663646
0.75,1.5,0.46875,0.9,0.5,2,0.439353265598832,3.0178149316600136
0.75,1.5,0.46875,0.9,0.5,3,0.439353265598832,2.8546841781786285
0.75,1.5,0.46875,0.9,0.5,4,0.439353265598832,2.826820345957228
0.75,1.5,0.46875,0.9,0.5,5,0.439353265598832,2.5556627924724475
0.75,1.5,0.46875,0.9,0.5,7,0.439353265598832,2.519918816585649
0.75,1.5,0.46875,0.9,0.5,10,0.439353265598832,2.446760733977686
0.75,1.5,0.46875,0.9,0.5,13,0.439353265598832,2.463420852304895
0.75,1.5,0.46875,0.9,0.75,0,0.439353265598832,3.111859937453802
0.75,1.5,0.46875,0.9,0.75,1,0.439353265598832,2.9137211255663646
0.75,1.5,0.46875,0.9,0.75,2,0.439353265598832,3.0178149316600136
0.75,1.5,0.46875,0.9,0.75,3,0.439353265598832,2.8546841781786285
0.75,1.5,0.46875,0.9,0.75,4,0.439353265598832,2.826820345957228
0.75,1.5,0.46875,0.9,0.75,5,0.439353265598832,2.5556627924724475
0.75,1.5,0.46875,0.9,0.75,7,0.439353265598832,2.519918816585649
0.75,1.5,0.46875,0.9,0.75,10,0.439353265598832,2.446760733977686
0.75,1.5,0.46875,0.9,0.75,13,0.439353265598832,2.463420852304895
0.75,1.5,0.46875,0.9,0.9,0,0.439353265598832,3.111859937453802
0.75,1.5,0.46875,0.9,0.9,1,0.439353265598832,2.9137211255663646
0.75,1.5,0.46875,0.9,0.9,2,0.439353265598832,3.0178149316600136
0.75,1.5,0.46875,0.9,0.9,3,0.439353265598832,2.8546841781786285
0.75,1.5,0.46875,0.9,0.9,4,0.439353265598832,2.826820345957228
0.75,1.5,0.46875,0.9,0.9,5,0.439353265598832,2.5556627924724475
0.75,1.5,0.46875,0.9,0.9,7,0.439353265598832,2.519918816585649
0.75,1.5,0.46875,0.9,0.9,10,0.439353265598832,2.446760733977686
0.75,1.5,0.46875,0.9,0.9,13,0.439353265598832,2.463420852304895
0.75,1.5,0.46875,0.9,0.95,0,0.439353265598832,3.111859937453802
0.75,1.5,0.46875,0.9,0.95,1,0.439353265598832,2.9137211255663646
0.75,1.5,0.46875,0.9,0.95,2,0.439353265598832,3.0178149316600136
0.75,1.5,0.46875,0.9,0.95,3,0.439353265598832,2.8546841781786285
0.75,1.5,0.46875,0.9,0.95,4,0.439353265598832,2.826820345957228
0.75,1.5,0.46875,0.9,0.95,5,0.439353265598832,2.5556627924724475
0.75,1.5,0.46875,0.9,0.95,7,0.439353265598832,2.519918816585649
0.75,1.5,0.46875,0.9,0.95,10,0.439353265598832,2.446760733977686
0.75,1.5,0.46875,0.9,0.95,13,0.439353265598832,2.463420852304895
0.75,1.5,0.46875,0.9,0.99,0,0.439353265598832,3.111859937453802
0.75,1.5,0.46875,0.9,0.99,1,0.439353265598832,2.9137211255663646
0.75,1.5,0.46875,0.9,0.99,2,0.439353265598832,3.0178149316600136
0.75,1.5,0.46875,0.9,0.99,3,0.439353265598832,2.8546841781786285
0.75,1.5,0.46875,0.9,0.99,4,0.439353265598832,2.826820345957228
0.75,1.5,0.46875,0.9,0.99,5,0.439353265598832,2.5556627924724475
0.75,1.5,0.46875,0.9,0.99,7,0.439353265598832,2.519918816585649
0.75,1.5,0.46875,0.9,0.99,10,0.439353265598832,2.446760733977686
0.75,1.5,0.46875,0.9,0.99,13,0.439353265598832,2.463420852304895
0.75,1.5,0.46875,0.9,0.995,0,0.439353265598832,3.111859937453802
0.75,1.5,0.46875,0.9,0.995,1,0.439353265598832,2.9137211255663646
0.75,1.5,0.46875,0.9,0.995,2,0.439353265598832,3.0178149316600136
0.75,1.5,0.46875,0.9,0.995,3,0.439353265598832,2.8546841781786285
0.75,1.5,0.46875,0.9,0.995,4,0.439353265598832,2.826820345957228
0.75,1.5,0.46875,0.9,0.995,5,0.439353265598832,2.5556627924724475
0.75,1.5,0.46875,0.9,0.995,7,0.439353265598832,2.519918816585649
0.75,1.5,0.46875,0.9,0.995,10,0.439353265598832,2.446760733977686
0.75,1.5,0.46875,0.9,0.995,13,0.439353265598832,2.463420852304895
0.75,1.5,0.46875,0.9,0.999,0,0.439353265598832,3.111859937453802
0.75,1.5,0.46875,0.9,0.999,1,0.439353265598832,2.9137211255663646
0.75,1.5,0.46875,0.9,0.999,2,0.439353265598832,3.0178149316600136
0.75,1.5,0.46875,0.9,0.999,3,0.439353265598832,2.8546841781786285
0.75,1.5,0.46875,0.9,0.999,4,0.439353265598832,2.826820345957228
0.75,1.5,0.46875,0.9,0.999,5,0.439353265598832,2.5556627924724475
0.75,1.5,0.46875,0.9,0.999,7,0.439353265598832,2.519918816585649
0.75,1.5,0.46875,0.9,0.999,10,0.439353265598832,2.446760733977686
0.75,1.5,0.46875,0.9,0.999,13,0.439353265598832,2.463420852304895
0.75,1.5,0.46875,0.95,0.5,0,0.439353265598832,3.6182670594499102
0.75,1.5,0.46875,0.95,0.5,1,0.439353265598832,3.4948226559102937
0.75,1.5,0.46875,0.95,0.5,2,0.439353265598832,3.45953135489984
0.75,1.5,0.46875,0.95,0.5,3,0.439353265598832,3.1797471570534803
0.75,1.5,0.46875,0.95,0.5,4,0.439353265598832,2.866749790658616
0.75,1.5,0.46875,0.95,0.5,5,0.439353265598832,2.8242303586121373
0.75,1.5,0.46875,0.95,0.5,7,0.439353265598832,2.4081407531794565
0.75,1.5,0.46875,0.95,0.5,10,0.439353265598832,2.435502523506557
0.75,1.5,0.46875,0.95,0.5,13,0.439353265598832,2.011398291750319
0.75,1.5,0.46875,0.95,0.75,0,0.439353265598832,3.6182670594499102
0.75,1.5,0.46875,0.95,0.75,1,0.439353265598832,3.4948226559102937
0.75,1.5,0.46875,0.95,0.75,2,0.439353265598832,3.45953135489984
0.75,1.5,0.46875,0.95,0.75,3,0.439353265598832,3.1797471570534803
0.75,1.5,0.46875,0.95,0.75,4,0.439353265598832,2.866749790658616
0.75,1.5,0.46875,0.95,0.75,5,0.439353265598832,2.8242303586121373
0.75,1.5,0.46875,0.95,0.75,7,0.439353265598832,2.4081407531794565
0.75,1.5,0.46875,0.95,0.75,10,0.439353265598832,2.435502523506557
0.75,1.5,0.46875,0.95,0.75,13,0.439353265598832,2.011398291750319
0.75,1.5,0.46875,0.95,0.9,0,0.439353265598832,3.6182670594499102
0.75,1.5,0.46875,0.95,0.9,1,0.439353265598832,3.4948226559102937
0.75,1.5,0.46875,0.95,0.9,2,0.439353265598832,3.45953135489984
0.75,1.5,0.46875,0.95,0.9,3,0.439353265598832,3.1797471570534803
0.75,1.5,0.46875,0.95,0.9,4,0.439353265598832,2.866749790658616
0.75,1.5,0.46875,0.95,0.9,5,0.439353265598832,2.8242303586121373
0.75,1.5,0.46875,0.95,0.9,7,0.439353265598832,2.4081407531794565
0.75,1.5,0.46875,0.95,0.9,10,0.439353265598832,2.435502523506557
0.75,1.5,0.46875,0.95,0.9,13,0.439353265598832,2.011398291750319
0.75,1.5,0.46875,0.95,0.95,0,0.439353265598832,3.6182670594499102
0.75,1.5,0.46875,0.95,0.95,1,0.439353265598832,3.4948226559102937
0.75,1.5,0.46875,0.95,0.95,2,0.439353265598832,3.45953135489984
0.75,1.5,0.46875,0.95,0.95,3,0.439353265598832,3.1797471570534803
0.75,1.5,0.46875,0.95,0.95,4,0.439353265598832,2.866749790658616
0.75,1.5,0.46875,0.95,0.95,5,0.439353265598832,2.8242303586121373
0.75,1.5,0.46875,0.95,0.95,7,0.439353265598832,2.4081407531794565
0.75,1.5,0.46875,0.95,0.95,10,0.439353265598832,2.435502523506557
0.75,1.5,0.46875,0.95,0.95,13,0.439353265598832,2.011398291750319
0.75,1.5,0.46875,0.95,0.99,0,0.439353265598832,3.6182670594499102
0.75,1.5,0.46875,0.95,0.99,1,0.439353265598832,3.4948226559102937
0.75,1.5,0.46875,0.95,0.99,2,0.439353265598832,3.45953135489984
0.75,1.5,0.46875,0.95,0.99,3,0.439353265598832,3.1797471570534803
0.75,1.5,0.46875,0.95,0.99,4,0.439353265598832,2.866749790658616
0.75,1.5,0.46875,0.95,0.99,5,0.439353265598832,2.8242303586121373
0.75,1.5,0.46875,0.95,0.99,7,0.439353265598832,2.4081407531794565
0.75,1.5,0.46875,0.95,0.99,10,0.439353265598832,2.435502523506557
0.75,1.5,0.46875,0.95,0.99,13,0.439353265598832,2.011398291750319
0.75,1.5,0.46875,0.95,0.995,0,0.439353265598832,3.6182670594499102
0.75,1.5,0.46875,0.95,0.995,1,0.439353265598832,3.4948226559102937
0.75,1.5,0.46875,0.95,0.995,2,0.439353265598832,3.45953135489984
0.75,1.5,0.46875,0.95,0.995,3,0.439353265598832,3.1797471570534803
0.75,1.5,0.46875,0.95,0.995,4,0.439353265598832,2.866749790658616
0.75,1.5,0.46875,0.95,0.995,5,0.439353265598832,2.8242303586121373
0.75,1.5,0.46875,0.95,0.995,7,0.439353265598832,2.4081407531794565
0.75,1.5,0.46875,0.95,0.995,10,0.439353265598832,2.435502523506557
0.75,1.5,0.46875,0.95,0.995,13,0.439353265598832,2.011398291750319
0.75,1.5,0.46875,0.95,0.999,0,0.439353265598832,3.6182670594499102
0.75,1.5,0.46875,0.95,0.999,1,0.439353265598832,3.4948226559102937
0.75,1.5,0.46875,0.95,0.999,2,0.439353265598832,3.45953135489984
0.75,1.5,0.46875,0.95,0.999,3,0.439353265598832,3.1797471570534803
0.75,1.5,0.46875,0.95,0.999,4,0.439353265598832,2.866749790658616
0.75,1.5,0.46875,0.95,0.999,5,0.439353265598832,2.8242303586121373
0.75,1.5,0.46875,0.95,0.999,7,0.439353265598832,2.4081407531794565
0.75,1.5,0.46875,0.95,0.999,10,0.439353265598832,2.435502523506557
0.75,1.5,0.46875,0.95,0.999,13,0.439353265598832,2.011398291750319
0.75,1.5,0.46875,0.975,0.5,0,0.439353265598832,3.02700130579362
0.75,1.5,0.46875,0.975,0.5,1,0.439353265598832,3.475064498009791
0.75,1.5,0.46875,0.975,0.5,2,0.439353265598832,3.4456386525475025
0.75,1.5,0.46875,0.975,0.5,3,0.439353265598832,2.937089706203086
0.75,1.5,0.46875,0.975,0.5,4,0.439353265598832,2.823575578777031
0.75,1.5,0.46875,0.975,0.5,5,0.439353265598832,2.6342810351316492
0.75,1.5,0.46875,0.975,0.5,7,0.439353265598832,2.736459063691738
0.75,1.5,0.46875,0.975,0.5,10,0.439353265598832,2.4909245091856698
0.75,1.5,0.46875,0.975,0.5,13,0.439353265598832,2.2485927493100974
0.75,1.5,0.46875,0.975,0.75,0,0.439353265598832,3.02700130579362
0.75,1.5,0.46875,0.975,0.75,1,0.439353265598832,3.475064498009791
0.75,1.5,0.46875,0.975,0.75,2,0.439353265598832,3.4456386525475025
0.75,1.5,0.46875,0.975,0.75,3,0.439353265598832,2.937089706203086
0.75,1.5,0.46875,0.975,0.75,4,0.439353265598832,2.823575578777031
0.75,1.5,0.46875,0.975,0.75,5,0.439353265598832,2.6342810351316492
0.75,1.5,0.46875,0.975,0.75,7,0.439353265598832,2.736459063691738
0.75,1.5,0.46875,0.975,0.75,10,0.439353265598832,2.4909245091856698
0.75,1.5,0.46875,0.975,0.75,13,0.439353265598832,2.2485927493100974
0.75,1.5,0.46875,0.975,0.9,0,0.439353265598832,3.02700130579362
0.75,1.5,0.46875,0.975,0.9,1,0.439353265598832,3.475064498009791
0.75,1.5,0.46875,0.975,0.9,2,0.439353265598832,3.4456386525475025
0.75,1.5,0.46875,0.975,0.9,3,0.439353265598832,2.937089706203086
0.75,1.5,0.46875,0.975,0.9,4,0.439353265598832,2.823575578777031
0.75,1.5,0.46875,0.975,0.9,5,0.439353265598832,2.6342810351316492
0.75,1.5,0.46875,0.975,0.9,7,0.439353265598832,2.736459063691738
0.75,1.5,0.46875,0.975,0.9,10,0.439353265598832,2.4909245091856698
0.75,1.5,0.46875,0.975,0.9,13,0.439353265598832,2.2485927493100974
0.75,1.5,0.46875,0.975,0.95,0,0.439353265598832,3.02700130579362
0.75,1.5,0.46875,0.975,0.95,1,0.439353265598832,3.475064498009791
0.75,1.5,0.46875,0.975,0.95,2,0.439353265598832,3.4456386525475025
0.75,1.5,0.46875,0.975,0.95,3,0.439353265598832,2.937089706203086
0.75,1.5,0.46875,0.975,0.95,4,0.439353265598832,2.823575578777031
0.75,1.5,0.46875,0.975,0.95,5,0.439353265598832,2.6342810351316492
0.75,1.5,0.46875,0.975,0.95,7,0.439353265598832,2.736459063691738
0.75,1.5,0.46875,0.975,0.95,10,0.439353265598832,2.4909245091856698
0.75,1.5,0.46875,0.975,0.95,13,0.439353265598832,2.2485927493100974
0.75,1.5,0.46875,0.975,0.99,0,0.439353265598832,3.02700130579362
0.75,1.5,0.46875,0.975,0.99,1,0.439353265598832,3.475064498009791
0.75,1.5,0.46875,0.975,0.99,2,0.439353265598832,3.4456386525475025
0.75,1.5,0.46875,0.975,0.99,3,0.439353265598832,2.937089706203086
0.75,1.5,0.46875,0.975,0.99,4,0.439353265598832,2.823575578777031
0.75,1.5,0.46875,0.975,0.99,5,0.439353265598832,2.6342810351316492
0.75,1.5,0.46875,0.975,0.99,7,0.439353265598832,2.736459063691738
0.75,1.5,0.46875,0.975,0.99,10,0.439353265598832,2.4909245091856698
0.75,1.5,0.46875,0.975,0.99,13,0.439353265598832,2.2485927493100974
0.75,1.5,0.46875,0.975,0.995,0,0.439353265598832,3.02700130579362
0.75,1.5,0.46875,0.975,0.995,1,0.439353265598832,3.475064498009791
0.75,1.5,0.46875,0.975,0.995,2,0.439353265598832,3.4456386525475025
0.75,1.5,0.46875,0.975,0.995,3,0.439353265598832,2.937089706203086
0.75,1.5,0.46875,0.975,0.995,4,0.439353265598832,2.823575578777031
0.75,1.5,0.46875,0.975,0.995,5,0.439353265598832,2.6342810351316492
0.75,1.5,0.46875,0.975,0.995,7,0.439353265598832,2.736459063691738
0.75,1.5,0.46875,0.975,0.995,10,0.439353265598832,2.4909245091856698
0.75,1.5,0.46875,0.975,0.995,13,0.439353265598832,2.2485927493100974
0.75,1.5,0.46875,0.975,0.999,0,0.439353265598832,3.02700130579362
0.75,1.5,0.46875,0.975,0.999,1,0.439353265598832,3.475064498009791
0.75,1.5,0.46875,0.975,0.999,2,0.439353265598832,3.4456386525475025
0.75,1.5,0.46875,0.975,0.999,3,0.439353265598832,2.937089706203086
0.75,1.5,0.46875,0.975,0.999,4,0.439353265598832,2.823575578777031
0.75,1.5,0.46875,0.975,0.999,5,0.439353265598832,2.6342810351316492
0.75,1.5,0.46875,0.975,0.999,7,0.439353265598832,2.736459063691738
0.75,1.5,0.46875,0.975,0.999,10,0.439353265598832,2.4909245091856698
0.75,1.5,0.46875,0.975,0.999,13,0.439353265598832,2.2485927493100974
2.75,1.5,-0.90625,0.4,0.5,0,0.46838840414018806,1.0912280236210667
2.75,1.5,-0.90625,0.4,0.5,1,0.46838840414018806,0.42522244228307926
2.75,1.5,-0.90625,0.4,0.5,2,0.46838840414018806,0.17288673317655015
2.75,1.5,-0.90625,0.4,0.5,3,0.46838840414018806,1.0206495313708908
2.75,1.5,-0.90625,0.4,0.5,4,0.46838840414018806,1.0414982196760987
2.75,1.5,-0.90625,0.4,0.5,5,0.46838840414018806,0.26044300947557686
2.75,1.5,-0.90625,0.4,0.5,7,0.46838840414018806,-1.041031689573023
2.75,1.5,-0.90625,0.4,0.5,10,0.46838840414018806,1.6410688038201287
2.75,1.5,-0.90625,0.4,0.5,13,0.46838840414018806,1.301328885083808
2.75,1.5,-0.90625,0.4,0.75,0,0.46838840414018806,1.0912280236210667
2.75,1.5,-0.90625,0.4,0.75,1,0.46838840414018806,0.42522244228307926
2.75,1.5,-0.90625,0.4,0.75,2,0.46838840414018806,0.17288673317655015
2.75,1.5,-0.90625,0.4,0.75,3,0.46838840414018806,1.0206495313708908
2.75,1.5,-0.90625,0.4,0.75,4,0.46838840414018806,1.0414982196760987
2.75,1.5,-0.90625,0.4,0.75,5,0.46838840414018806,0.26044300947557686
2.75,1.5,-0.90625,0.4,0.75,7,0.46838840414018806,-1.041031689573023
2.75,1.5,-0.90625,0.4,0.75,10,0.46838840414018806,1.6410688038201287
2.75,1.5,-0.90625,0.4,0.75,13,0.46838840414018806,1.301328885083808
2.75,1.5,-0.90625,0.4,0.9,0,0.46838840414018806,1.0912280236210667
2.75,1.5,-0.90625,0.4,0.9,1,0.46838840414018806,0.42522244228307926
2.75,1.5,-0.90625,0.4,0.9,2,0.46838840414018806,0.17288673317655015
2.75,1.5,-0.90625,0.4,0.9,3,0.46838840414018806,1.0206495313708908
2.75,1.5,-0.90625,0.4,0.9,4,0.46838840414018806,1.0414982196760987
2.75,1.5,-0.90625,0.4,0.9,5,0.46838840414018806,0.26044300947557686
2.75,1.5,-0.90625,0.4,0.9,7,0.46838840414018806,-1.041031689573023
2.75,1.5,-0.90625,0.4,0.9,10,0.46838840414018806,1.6410688038201287
2.75,1.5,-0.90625,0.4,0.9,13,0.46838840414018806,1.301328885083808
2.75,1.5,-0.90625,0.4,0.95,0,0.46838840414018806,1.0912280236210667
2.75,1.5,-0.90625,0.4,0.95,1,0.46838840414018806,0.42522244228307926
2.75,1.5,-0.90625,0.4,0.95,2,0.46838840414018806,0.17288673317655015
2.75,1.5,-0.90625,0.4,0.95,3,0.46838840414018806,1.0206495313708908
2.75,1.5,-0.90625,0.4,0.95,4,0.46838840414018806,1.0414982196760987
2.75,1.5,-0.90625,0.4,0.95,5,0.46838840414018806,0.26044300947557686
2.75,1.5,-0.90625,0.4,0.95,7,0.46838840414018806,-1.041031689573023
2.75,1.5,-0.90625,0.4,0.95,10,0.46838840414018806,1.6410688038201287
2.75,1.5,-0.90625,0.4,0.95,13,0.46838840414018806,1.301328885083808
2.75,1.5,-0.90625,0.4,0.99,0,0.46838840414018806,1.0912280236210667
2.75,1.5,-0.90625,0.4,0.99,1,0.46838840414018806,0.42522244228307926
2.75,1.5,-0.90625,0.4,0.99,2,0.46838840414018806,0.17288673317655015
2.75,1.5,-0.90625,0.4,0.99,3,0.46838840414018806,1.0206495313708908
2.75,1.5,-0.90625,0.4,0.99,4,0.46838840414018806,1.0414982196760987
2.75,1.5,-0.90625,0.4,0.99,5,0.46838840414018806,0.26044300947557686
2.75,1.5,-0.90625,0.4,0.99,7,0.46838840414018806,-1.041031689573023
2.75,1.5,-0.90625,0.4,0.99,10,0.46838840414018806,1.6410688038201287
2.75,1.5,-0.90625,0.4,0.99,13,0.46838840414018806,1.301328885083808
2.75,1.5,-0.90625,0.4,0.995,0,0.46838840414018806,1.0912280236210667
2.75,1.5,-0.90625,0.4,0.995,1,0.46838840414018806,0.42522244228307926
2.75,1.5,-0.90625,0.4,0.995,2,0.46838840414018806,0.17288673317655015
2.75,1.5,-0.90625,0.4,0.995,3,0.46838840414018806,1.0206495313708908
2.75,1.5,-0.90625,0.4,0.995,4,0.46838840414018806,1.0414982196760987
2.75,1.5,-0.90625,0.4,0.995,5,0.46838840414018806,0.26044300947557686
2.75,1.5,-0.90625,0.4,0.995,7,0.46838840414018806,-1.041031689573023
2.75,1.5,-0.90625,0.4,0.995,10,0.46838840414018806,1.6410688038201287
2.75,1.5,-0.90625,0.4,0.995,13,0.46838840414018806,1.301328885083808
2.75,1.5,-0.90625,0.4,0.999,0,0.46838840414018806,1.0912280236210667
2.75,1.5,-0.90625,0.4,0.999,1,0.46838840414018806,0.42522244228307926
2.75,1.5,-0.90625,0.4,0.999,2,0.46838840414018806,0.17288673317655015
2.75,1.5,-0.90625,0.4,0.999,3,0.46838840414018806,1.0206495313708908
2.75,1.5,-0.90625,0.4,0.999,4,0.46838840414018806,1.0414982196760987
2.75,1.5,-0.90625,0.4,0.999,5,0.46838840414018806,0.26044300947557686
2.75,1.5,-0.90625,0.4,0.999,7,0.46838840414018806,-1.041031689573023
2.75,1.5,-0.90625,0.4,0.999,10,0.46838840414018806,1.6410688038201287
2.75,1.5,-0.90625,0.4,0.999,13,0.46838840414018806,1.301328885083808
2.75,1.5,-0.90625,0.45,0.5,0,0.46838840414018806,0.9476328504096924
2.75,1.5,-0.90625,0.45,0.5,1,0.46838840414018806,0.4199122306829444
2.75,1.5,-0.90625,0.45,0.5,2,0.46838840414018806,0.22667533441490667
2.75,1.5,-0.90625,0.45,0.5,3,0.46838840414018806,0.7798443216445214
2.75,1.5,-0.90625,0.45,0.5,4,0.46838840414018806,0.8032003479568827
2.75,1.5,-0.90625,0.45,0.5,5,0.46838840414018806,0.2148738672062367
2.75,1.5,-0.90625,0.45,0.5,7,0.46838840414018806,-0.9899487314810523
2.75,1.5,-0.90625,0.45,0.5,10,0.46838840414018806,1.5142326425634725
2.75,1.5,-0.90625,0.45,0.5,13,0.46838840414018806,1.397786456818209
2.75,1.5,-0.90625,0.45,0.75,0,0.46838840414018806,0.9476328504096924
2.75,1.5,-0.90625,0.45,0.75,1,0.46838840414018806,0.4199122306829444
2.75,1.5,-0.90625,0.45,0.75,2,0.46838840414018806,0.22667533441490667
2.75,1.5,-0.90625,0.45,0.75,3,0.46838840414018806,0.7798443216445214
2.75,1.5,-0.90625,0.45,0.75,4,0.46838840414018806,0.8032003479568827
2.75,1.5,-0.90625,0.45,0.75,5,0.46838840414018806,0.2148738672062367
2.75,1.5,-0.90625,0.45,0.75,7,0.46838840414018806,-0.9899487314810523
2.75,1.5,-0.90625,0.45,0.75,10,0.46838840414018806,1.5142326425634725
2.75,1.5,-0.90625,0.45,0.75,13,0.46838840414018806,1.397786456818209
2.75,1.5,-0.90625,0.45,0.9,0,0.46838840414018806,0.9476328504096924
2.75,1.5,-0.90625,0.45,0.9,1,0.46838840414018806,0.4199122306829444
2.75,1.5,-0.90625,0.45,0.9,2,0.46838840414018806,0.22667533441490667
2.75,1.5,-0.90625,0.45,0.9,3,0.46838840414018806,0.7798443216445214
2.75,1.5,-0.90625,0.45,0.9,4,0.46838840414018806,0.8032003479568827
2.75,1.5,-0.90625,0.45,0.9,5,0.46838840414018806,0.2148738672062367
2.75,1.5,-0.90625,0.45,0.9,7,0.46838840414018806,-0.9899487314810523
2.75,1.5,-0.90625,0.45,0.9,10,0.46838840414018806,1.5142326425634725
2.75,1.5,-0.90625,0.45,0.9,13,0.46838840414018806,1.397786456818209
2.75,1.5,-0.90625,0.45,0.95,0,0.46838840414018806,0.9476328504096924
2.75,1.5,-0.90625,0.45,0.95,1,0.46838840414018806,0.4199122306829444
2.75,1.5,-0.90625,0.45,0.95,2,0.46838840414018806,0.22667533441490667
2.75,1.5,-0.90625,0.45,0.95,3,0.46838840414018806,0.7798443216445214
2.75,1.5,-0.90625,0.45,0.95,4,0.46838840414018806,0.8032003479568827
2.75,1.5,-0.90625,0.45,0.95,5,0.46838840414018806,0.2148738672062367
2.75,1.5,-0.90625,0.45,0.95,7,0.46838840414018806,-0.9899487314810523
2.75,1.5,-0.90625,0.45,0.95,10,0.46838840414018806,1.5142326425634725
2.75,1.5,-0.90625,0.45,0.95,13,0.46838840414018806,1.397786456818209
2.75,1.5,-0.90625,0.45,0.99,0,0.46838840414018806,0.9476328504096924
2.75,1.5,-0.90625,0.45,0.99,1,0.46838840414018806,0.4199122306829444
2.75,1.5,-0.90625,0.45,0.99,2,0.46838840414018806,0.22667533441490667
2.75,1.5,-0.90625,0.45,0.99,3,0.46838840414018806,0.7798443216445214
2.75,1.5,-0.90625,0.45,0.99,4,0.46838840414018806,0.8032003479568827
2.75,1.5,-0.90625,0.45,0.99,5,0.46838840414018806,0.2148738672062367
2.75,1.5,-0.90625,0.45,0.99,7,0.46838840414018806,-0.9899487314810523
2.75,1.5,-0.90625,0.45,0.99,10,0.46838840414018806,1.5142326425634725
2.75,1.5,-0.90625,0.45,0.99,13,0.46838840414018806,1.397786456818209
2.75,1.5,-0.90625,0.45,0.995,0,0.46838840414018806,0.9476328504096924
2.75,1.5,-0.90625,0.45,0.995,1,0.46838840414018806,0.4199122306829444
2.75,1.5,-0.90625,0.45,0.995,2,0.46838840414018806,0.22667533441490667
2.75,1.5,-0.90625,0.45,0.995,3,0.46838840414018806,0.7798443216445214
2.75,1.5,-0.90625,0.45,0.995,4,0.46838840414018806,0.8032003479568827
2.75,1.5,-0.90625,0.45,0.995,5,0.46838840414018806,0.2148738672062367
2.75,1.5,-0.90625,0.45,0.995,7,0.46838840414018806,-0.9899487314810523
2.75,1.5,-0.90625,0.45,0.995,10,0.46838840414018806,1.5142326425634725
2.75,1.5,-0.90625,0.45,0.995,13,0.46838840414018806,1.397786456818209
2.75,1.5,-0.90625,0.45,0.999,0,0.46838840414018806,0.9476328504096924
2.75,1.5,-0.90625,0.45,0.999,1,0.46838840414018806,0.4199122306829444
2.75,1.5,-0.90625,0.45,0.999,2,0.46838840414018806,0.22667533441490667
2.75,1.5,-0.90625,0.45,0.999,3,0.46838840414018806,0.7798443216445214
2.75,1.5,-0.90625,0.45,0.999,4,0.46838840414018806,0.8032003479568827
2.75,1.5,-0.90625,0.45,0.999,5,0.46838840414018806,0.2148738672062367
2.75,1.5,-0.90625,0.45,0.999,7,0.46838840414018806,-0.9899487314810523
2.75,1.5,-0.90625,0.45,0.999,10,0.46838840414018806,1.5142326425634725
2.75,1.5,-0.90625,0.45,0.999,13,0.46838840414018806,1.397786456818209
2.75,1.5,-0.90625,0.5,0.5,0,0.46838840414018806,1.3057445524797346
2.75,1.5,-0.90625,0.5,0.5,1,0.46838840414018806,0.9569775829944704
2.75,1.5,-0.90625,0.5,0.5,2,0.46838840414018806,0.5018380085031674
2.75,1.5,-0.90625,0.5,0.5,3,0.46838840414018806,0.63133013540895
2.75,1.5,-0.90625,0.5,0.5,4,0.46838840414018806,0.848991166273405
2.75,1.5,-0.90625,0.5,0.5,5,0.46838840414018806,0.312348785303056
2.75,1.5,-0.90625,0.5,0.5,7,0.46838840414018806,-1.3337480304112024
2.75,1.5,-0.90625,0.5,0.5,10,0.46838840414018806,1.226922633599575
2.75,1.5,-0.90625,0.5,0.5,13,0.46838840414018806,0.7003478862101625
2.75,1.5,-0.90625,0.5,0.75,0,0.46838840414018806,1.3057445524797346
2.75,1.5,-0.90625,0.5,0.75,1,0.46838840414018806,0.9569775829944704
2.75,1.5,-0.90625,0.5,0.75,2,0.46838840414018806,0.5018380085031674
2.75,1.5,-0.90625,0.5,0.75,3,0.46838840414018806,0.63133013540895
2.75,1.5,-0.90625,0.5,0.75,4,0.46838840414018806,0.848991166273405
2.75,1.5,-0.90625,0.5,0.75,5,0.46838840414018806,0.312348785303056
2.75,1.5,-0.90625,0.5,0.75,7,0.46838840414018806,-1.3337480304112024
2.75,1.5,-0.90625,0.5,0.75,10,0.46838840414018806,1.226922633599575
2.75,1.5,-0.90625,0.5,0.75,13,0.46838840414018806,0.7003478862101625
2.75,1.5,-0.90625,0.5,0.9,0,0.46838840414018806,1.3057445524797346
2.75,1.5,-0.90625,0.5,0.9,1,0.46838840414018806,0.9569775829944704
2.75,1.5,-0.90625,0.5,0.9,2,0.46838840414018806,0.5018380085031674
2.75,1.5,-0.90625,0.5,0.9,3,0.46838840414018806,0.63133013540895
2.75,1.5,-0.90625,0.5,0.9,4,0.46838840414018806,0.848991166273405
2.75,1.5,-0.90625,0.5,0.9,5,0.46838840414018806,0.312348785303056
2.75,1.5,-0.90625,0.5,0.9,7,0.46838840414018806,-1.3337480304112024
2.75,1.5,-0.90625,0.5,0.9,10,0.46838840414018806,1.226922633599575
2.75,1.5,-0.90625,0.5,0.9,13,0.46838840414018806,0.7003478862101625
2.75,1.5,-0.90625,0.5,0.95,0,0.46838840414018806,1.3057445524797346
2.75,1.5,-0.90625,0.5,0.95,1,0.46838840414018806,0.9569775829944704
2.75,1.5,-0.90625,0.5,0.95,2,0.46838840414018806,0.5018380085031674
2.75,1.5,-0.90625,0.5,0.95,3,0.46838840414018806,0.63133013540895
2.75,1.5,-0.90625,0.5,0.95,4,0.46838840414018806,0.848991166273405
2.75,1.5,-0.90625,0.5,0.95,5,0.46838840414018806,0.312348785303056
2.75,1.5,-0.90625,0.5,0.95,7,0.46838840414018806,-1.3337480304112024
2.75,1.5,-0.90625,0.5,0.95,10,0.46838840414018806,1.226922633599575
2.75,1.5,-0.90625,0.5,0.95,13,0.46838840414018806,0.7003478862101625
2.75,1.5,-0.90625,0.5,0.99,0,0.46838840414018806,1.3057445524797346
2.75,1.5,-0.90625,0.5,0.99,1,0.46838840414018806,0.9569775829944704
2.75,1.5,-0.90625,0.5,0.99,2,0.46838840414018806,0.5018380085031674
2.75,1.5,-0.90625,0.5,0.99,3,0.46838840414018806,0.63133013540895
2.75,1.5,-0.90625,0.5,0.99,4,0.46838840414018806,0.848991166273405
2.75,1.5,-0.90625,0.5,0.99,5,0.46838840414018806,0.312348785303056
2.75,1.5,-0.90625,0.5,0.99,7,0.46838840414018806,-1.3337480304112024
2.75,1.5,-0.90625,0.5,0.99,10,0.46838840414018806,1.226922633599575
2.75,1.5,-0.90625,0.5,0.99,13,0.46838840414018806,0.7003478862101625
2.75,1.5,-0.90625,0.5,0.995,0,0.46838840414018806,1.3057445524797346
2.75,1.5,-0.90625,0.5,0.995,1,0.46838840414018806,0.9569775829944704
2.75,1.5,-0.90625,0.5,0.995,2,0.46838840414018806,0.5018380085031674
2.75,1.5,-0.90625,0.5,0.995,3,0.46838840414018806,0.63133013540895
2.75,1.5,-0.90625,0.5,0.995,4,0.46838840414018806,0.848991166273405
2.75,1.5,-0.90625,0.5,0.995,5,0.46838840414018806,0.312348785303056
2.75,1.5,-0.90625,0.5,0.995,7,0.46838840414018806,-1.3337480304112024
2.75,1.5,-0.90625,0.5,0.995,10,0.46838840414018806,1.226922633599575
2.75,1.5,-0.90625,0.5,0.995,13,0.46838840414018806,0.7003478862101625
2.75,1.5,-0.90625,0.5,0.999,0,0.46838840414018806,1.3057445524797346
2.75,1.5,-0.90625,0.5,0.999,1,0.46838840414018806,0.9569775829944704
2.75,1.5,-0.90625,0.5,0.999,2,0.46838840414018806,0.5018380085031674
2.75,1.5,-0.90625,0.5,0.999,3,0.46838840414018806,0.63133013540895
2.75,1.5,-0.90625,0.5,0.999,4,0.46838840414018806,0.848991166273405
2.75,1.5,-0.90625,0.5,0.999,5,0.46838840414018806,0.312348785303056
2.75,1.5,-0.90625,0.5,0.999,7,0.46838840414018806,-1.3337480304112024
2.75,1.5,-0.90625,0.5,0.999,10,0.46838840414018806,1.226922633599575
2.75,1.5,-0.90625,0.5,0.999,13,0.46838840414018806,0.7003478862101625
2.75,1.5,-0.90625,0.55,0.5,0,0.46838840414018806,1.7822318422538976
2.75,1.5,-0.90625,0.55,0.5,1,0.46838840414018806,1.4607158425221607
2.75,1.5,-0.90625,0.55,0.5,2,0.46838840414018806,1.1098269111919137
2.75,1.5,-0.90625,0.55,0.5,3,0.46838840414018806,0.9337560475779736
2.75,1.5,-0.90625,0.55,0.5,4,0.46838840414018806,1.1385875953467912
2.75,1.5,-0.90625,0.55,0.5,5,0.46838840414018806,0.3835450940043494
2.75,1.5,-0.90625,0.55,0.5,7,0.46838840414018806,-0.800087267749394
2.75,1.5,-0.90625,0.55,0.5,10,0.46838840414018806,1.6061518750383996
2.75,1.5,-0.90625,0.55,0.5,13,0.46838840414018806,1.3398028408756812
2.75,1.5,-0.90625,0.55,0.75,0,0.46838840414018806,1.7822318422538976
2.75,1.5,-0.90625,0.55,0.75,1,0.46838840414018806,1.4607158425221607
2.75,1.5,-0.90625,0.55,0.75,2,0.46838840414018806,1.1098269111919137
2.75,1.5,-0.90625,0.55,0.75,3,0.46838840414018806,0.9337560475779736
2.75,1.5,-0.90625,0.55,0.75,4,0.46838840414018806,1.1385875953467912
2.75,1.5,-0.90625,0.55,0.75,5,0.46838840414018806,0.3835450940043494
2.75,1.5,-0.90625,0.55,0.75,7,0.46838840414018806,-0.800087267749394
2.75,1.5,-0.90625,0.55,0.75,10,0.46838840414018806,1.6061518750383996
2.75,1.5,-0.90625,0.55,0.75,13,0.46838840414018806,1.3398028408756812
2.75,1.5,-0.90625,0.55,0.9,0,0.46838840414018806,1.7822318422538976
2.75,1.5,-0.90625,0.55,0.9,1,0.46838840414018806,1.4607158425221607
2.75,1.5,-0.90625,0.55,0.9,2,0.46838840414018806,1.1098269111919137
2.75,1.5,-0.90625,0.55,0.9,3,0.46838840414018806,0.9337560475779736
2.75,1.5,-0.90625,0.55,0.9,4,0.46838840414018806,1.1385875953467912
2.75,1.5,-0.90625,0.55,0.9,5,0.46838840414018806,0.3835450940043494
2.75,1.5,-0.90625,0.55,0.9,7,0.46838840414018806,-0.800087267749394
2.75,1.5,-0.90625,0.55,0.9,10,0.46838840414018806,1.6061518750383996
2.75,1.5,-0.90625,0.55,0.9,13,0.46838840414018806,1.3398028408756812
2.75,1.5,-0.90625,0.55,0.95,0,0.46838840414018806,1.7822318422538976
2.75,1.5,-0.90625,0.55,0.95,1,0.46838840414018806,1.4607158425221607
2.75,1.5,-0.90625,0.55,0.95,2,0.46838840414018806,1.1098269111919137
2.75,1.5,-0.90625,0.55,0.95,3,0.46838840414018806,0.9337560475779736
2.75,1.5,-0.90625,0.55,0.95,4,0.46838840414018806,1.1385875953467912
2.75,1.5,-0.90625,0.55,0.95,5,0.46838840414018806,0.3835450940043494
2.75,1.5,-0.90625,0.55,0.95,7,0.46838840414018806,-0.800087267749394
2.75,1.5,-0.90625,0.55,0.95,10,0.46838840414018806,1.6061518750383996
2.75,1.5,-0.90625,0.55,0.95,13,0.46838840414018806,1.3398028408756812
2.75,1.5,-0.90625,0.55,0.99,0,0.46838840414018806,1.7822318422538976
2.75,1.5,-0.90625,0.55,0.99,1,0.46838840414018806,1.4607158425221607
2.75,1.5,-0.90625,0.55,0.99,2,0.46838840414018806,1.1098269111919137
2.75,1.5,-0.90625,0.55,0.99,3,0.46838840414018806,0.9337560475779736
2.75,1.5,-0.90625,0.55,0.99,4,0.46838840414018806,1.1385875953467912
2.75,1.5,-0.90625,0.55,0.99,5,0.46838840414018806,0.3835450940043494
2.75,1.5,-0.90625,0.55,0.99,7,0.46838840414018806,-0.800087267749394
2.75,1.5,-0.90625,0.55,0.99,10,0.46838840414018806,1.6061518750383996
2.75,1.5,-0.90625,0.55,0.99,13,0.46838840414018806,1.3398028408756812
2.75,1.5,-0.90625,0.55,0.995,0,0.46838840414018806,1.7822318422538976
2.75,1.5,-0.90625,0.55,0.995,1,0.46838840414018806,1.4607158425221607
2.75,1.5,-0.90625,0.55,0.995,2,0.46838840414018806,1.1098269111919137
2.75,1.5,-0.90625,0.55,0.995,3,0.46838840414018806,0.9337560475779736
2.75,1.5,-0.90625,0.55,0.995,4,0.46838840414018806,1.1385875953467912
2.75,1.5,-0.90625,0.55,0.995,5,0.46838840414018806,0.3835450940043494
2.75,1.5,-0.90625,0.55,0.995,7,0.46838840414018806,-0.800087267749394
2.75,1.5,-0.90625,0.55,0.995,10,0.46838840414018806,1.6061518750383996
2.75,1.5,-0.90625,0.55,0.995,13,0.46838840414018806,1.3398028408756812
2.75,1.5,-0.90625,0.55,0.999,0,0.46838840414018806,1.7822318422538976
2.75,1.5,-0.90625,0.55,0.999,1,0.46838840414018806,1.4607158425221607
2.75,1.5,-0.90625,0.55,0.999,2,0.46838840414018806,1.1098269111919137
2.75,1.5,-0.90625,0.55,0.999,3,0.46838840414018806,0.9337560475779736
2.75,1.5,-0.90625,0.55,0.999,4,0.46838840414018806,1.1385875953467912
2.75,1.5,-0.90625,0.55,0.999,5,0.46838840414018806,0.3835450940043494
2.75,1.5,-0.90625,0.55,0.999,7,0.46838840414018806,-0.800087267749394
2.75,1.5,-0.90625,0.55,0.999,10,0.46838840414018806,1.6061518750383996
2.75,1.5,-0.90625,0.55,0.999,13,0.46838840414018806,1.3398028408756812
2.75,1.5,-0.90625,0.6,0.5,0,0.46838840414018806,1.8702352764468728
2.75,1.5,-0.90625,0.6,0.5,1,0.46838840414018806,1.6223992086251438
2.75,1.5,-0.90625,0.6,0.5,2,0.46838840414018806,1.1281769389266496
2.75,1.5,-0.90625,0.6,0.5,3,0.46838840414018806,1.1750684842090402
2.75,1.5,-0.90625,0.6,0.5,4,0.46838840414018806,0.8108620778562879
2.75,1.5,-0.90625,0.6,0.5,5,0.46838840414018806,-0.05573913462699734
2.75,1.5,-0.90625,0.6,0.5,7,0.46838840414018806,0.1724734238221898
2.75,1.5,-0.90625,0.6,0.5,10,0.46838840414018806,1.5099524683644108
2.75,1.5,-0.90625,0.6,0.5,13,0.46838840414018806,1.0466233551871549
2.75,1.5,-0.90625,0.6,0.75,0,0.46838840414018806,1.8702352764468728
2.75,1.5,-0.90625,0.6,0.75,1,0.46838840414018806,1.6223992086251438
2.75,1.5,-0.90625,0.6,0.75,2,0.46838840414018806,1.1281769389266496
2.75,1.5,-0.90625,0.6,0.75,3,0.46838840414018806,1.1750684842090402
2.75,1.5,-0.90625,0.6,0.75,4,0.46838840414018806,0.8108620778562879
2.75,1.5,-0.90625,0.6,0.75,5,0.46838840414018806,-0.05573913462699734
2.75,1.5,-0.90625,0.6,0.75,7,0.46838840414018806,0.1724734238221898
2.75,1.5,-0.90625,0.6,0.75,10,0.46838840414018806,1.5099524683644108
2.75,1.5,-0.90625,0.6,0.75,13,0.46838840414018806,1.0466233551871549
2.75,1.5,-0.90625,0.6,0.9,0,0.46838840414018806,1.8702352764468728
2.75,1.5,-0.90625,0.6,0.9,1,0.46838840414018806,1.6223992086251438
2.75,1.5,-0.90625,0.6,0.9,2,0.46838840414018806,1.1281769389266496
2.75,1.5,-0.90625,0.6,0.9,3,0.46838840414018806,1.1750684842090402
2.75,1.5,-0.90625,0.6,0.9,4,0.46838840414018806,0.8108620778562879
2.75,1.5,-0.90625,0.6,0.9,5,0.46838840414018806,-0.05573913462699734
2.75,1.5,-0.90625,0.6,0.9,7,0.46838840414018806,0.1724734238221898
2.75,1.5,-0.90625,0.6,0.9,10,0.46838840414018806,1.5099524683644108
2.75,1.5,-0.90625,0.6,0.9,13,0.46838840414018806,1.0466233551871549
2.75,1.5,-0.90625,0.6,0.95,0,0.46838840414018806,1.8702352764468728
2.75,1.5,-0.90625,0.6,0.95,1,0.46838840414018806,1.6223992086251438
2.75,1.5,-0.90625,0.6,0.95,2,0.46838840414018806,1.1281769389266496
2.75,1.5,-0.90625,0.6,0.95,3,0.46838840414018806,1.1750684842090402
2.75,1.5,-0.90625,0.6,0.95,4,0.46838840414018806,0.8108620778562879
2.75,1.5,-0.90625,0.6,0.95,5,0.46838840414018806,-0.05573913462699734
2.75,1.5,-0.90625,0.6,0.95,7,0.46838840414018806,0.1724734238221898
2.75,1.5,-0.90625,0.6,0.95,10,0.46838840414018806,1.5099524683644108
2.75,1.5,-0.90625,0.6,0.95,13,0.46838840414018806,1.0466233551871549
2.75,1.5,-0.90625,0.6,0.99,0,0.46838840414018806,1.8702352764468728
2.75,1.5,-0.90625,0.6,0.99,1,0.46838840414018806,1.6223992086251438
2.75,1.5,-0.90625,0.6,0.99,2,0.46838840414018806,1.1281769389266496
2.75,1.5,-0.90625,0.6,0.99,3,0.46838840414018806,1.1750684842090402
2.75,1.5,-0.90625,0.6,0.99,4,0.46838840414018806,0.8108620778562879
2.75,1.5,-0.90625,0.6,0.99,5,0.46838840414018806,-0.05573913462699734
2.75,1.5,-0.90625,0.6,0.99,7,0.46838840414018806,0.1724734238221898
2.75,1.5,-0.90625,0.6,0.99,10,0.46838840414018806,1.5099524683644108
2.75,1.5,-0.90625,0.6,0.99,13,0.46838840414018806,1.0466233551871549
2.75,1.5,-0.90625,0.6,0.995,0,0.46838840414018806,1.8702352764468728
2.75,1.5,-0.90625,0.6,0.995,1,0.46838840414018806,1.6223992086251438
2.75,1.5,-0.90625,0.6,0.995,2,0.46838840414018806,1.1281769389266496
2.75,1.5,-0.90625,0.6,0.995,3,0.46838840414018806,1.1750684842090402
2.75,1.5,-0.90625,0.6,0.995,4,0.46838840414018806,0.8108620778562879
2.75,1.5,-0.90625,0.6,0.995,5,0.46838840414018806,-0.05573913462699734
2.75,1.5,-0.90625,0.6,0.995,7,0.46838840414018806,0.1724734238221898
2.75,1.5,-0.90625,0.6,0.995,10,0.46838840414018806,1.5099524683644108
2.75,1.5,-0.90625,0.6,0.995,13,0.46838840414018806,1.0466233551871549
2.75,1.5,-0.90625,0.6,0.999,0,0.46838840414018806,1.8702352764468728
2.75,1.5,-0.90625,0.6,0.999,1,0.46838840414018806,1.6223992086251438
2.75,1.5,-0.90625,0.6,0.999,2,0.46838840414018806,1.1281769389266496
2.75,1.5,-0.90625,0.6,0.999,3,0.46838840414018806,1.1750684842090402
2.75,1.5,-0.90625,0.6,0.999,4,0.46838840414018806,0.8108620778562879
2.75,1.5,-0.90625,0.6,0.999,5,0.46838840414018806,-0.05573913462699734
2.75,1.5,-0.90625,0.6,0.999,7,0.46838840414018806,0.1724734238221898
2.75,1.5,-0.90625,0.6,0.999,10,0.46838840414018806,1.5099524683644108
2.75,1.5,-0.90625,0.6,0.999,13,0.46838840414018806,1.0466233551871549
2.75,1.5,-0.90625,0.65,0.5,0,0.46838840414018806,2.039315280064605
2.75,1.5,-0.90625,0.65,0.5,1,0.46838840414018806,2.1326617660322658
2.75,1.5,-0.90625,0.65,0.5,2,0.46838840414018806,1.4783016311676223
2.75,1.5,-0.90625,0.65,0.5,3,0.46838840414018806,1.9209663934522123
2.75,1.5,-0.90625,0.65,0.5,4,0.46838840414018806,1.0650275056762515
2.75,1.5,-0.90625,0.65,0.5,5,0.46838840414018806,0.807195803040316
2.75,1.5,-0.90625,0.65,0.5,7,0.46838840414018806,0.2580174797989474
2.75,1.5,-0.90625,0.65,0.5,10,0.46838840414018806,1.4193042473151558
2.75,1.5,-0.90625,0.65,0.5,13,0.46838840414018806,1.055928485568184
2.75,1.5,-0.90625,0.65,0.75,0,0.46838840414018806,2.039315280064605
2.75,1.5,-0.90625,0.65,0.75,1,0.46838840414018806,2.1326617660322658
2.75,1.5,-0.90625,0.65,0.75,2,0.46838840414018806,1.4783016311676223
2.75,1.5,-0.90625,0.65,0.75,3,0.46838840414018806,1.9209663934522123
2.75,1.5,-0.90625,0.65,0.75,4,0.46838840414018806,1.0650275056762515
2.75,1.5,-0.90625,0.65,0.75,5,0.46838840414018806,0.807195803040316
2.75,1.5,-0.90625,0.65,0.75,7,0.46838840414018806,0.2580174797989474
2.75,1.5,-0.90625,0.65,0.75,10,0.46838840414018806,1.4193042473151558
2.75,1.5,-0.90625,0.65,0.75,13,0.46838840414018806,1.055928485568184
2.75,1.5,-0.90625,0.65,0.9,0,0.46838840414018806,2.039315280064605
2.75,1.5,-0.90625,0.65,0.9,1,0.46838840414018806,2.1326617660322658
2.75,1.5,-0.90625,0.65,0.9,2,0.46838840414018806,1.4783016311676223
2.75,1.5,-0.90625,0.65,0.9,3,0.46838840414018806,1.9209663934522123
2.75,1.5,-0.90625,0.65,0.9,4,0.46838840414018806,1.0650275056762515
2.75,1.5,-0.90625,0.65,0.9,5,0.46838840414018806,0.807195803040316
2.75,1.5,-0.90625,0.65,0.9,7,0.46838840414018806,0.2580174797989474
2.75,1.5,-0.90625,0.65,0.9,10,0.46838840414018806,1.4193042473151558
2.75,1.5,-0.90625,0.65,0.9,13,0.46838840414018806,1.055928485568184
2.75,1.5,-0.90625,0.65,0.95,0,0.46838840414018806,2.039315280064605
2.75,1.5,-0.90625,0.65,0.95,1,0.46838840414018806,2.1326617660322658
2.75,1.5,-0.90625,0.65,0.95,2,0.46838840414018806,1.4783016311676223
2.75,1.5,-0.90625,0.65,0.95,3,0.46838840414018806,1.9209663934522123
2.75,1.5,-0.90625,0.65,0.95,4,0.46838840414018806,1.0650275056762515
2.75,1.5,-0.90625,0.65,0.95,5,0.46838840414018806,0.807195803040316
2.75,1.5,-0.90625,0.65,0.95,7,0.46838840414018806,0.2580174797989474
2.75,1.5,-0.90625,0.65,0.95,10,0.46838840414018806,1.4193042473151558
2.75,1.5,-0.90625,0.65,0.95,13,0.46838840414018806,1.055928485568184
2.75,1.5,-0.90625,0.65,0.99,0,0.46838840414018806,2.039315280064605
2.75,1.5,-0.90625,0.65,0.99,1,0.46838840414018806,2.1326617660322658
2.75,1.5,-0.90625,0.65,0.99,2,0.46838840414018806,1.4783016311676223
2.75,1.5,-0.90625,0.65,0.99,3,0.46838840414018806,1.9209663934522123
2.75,1.5,-0.90625,0.65,0.99,4,0.46838840414018806,1.0650275056762515
2.75,1.5,-0.90625,0.65,0.99,5,0.46838840414018806,0.807195803040316
2.75,1.5,-0.90625,0.65,0.99,7,0.46838840414018806,0.2580174797989474
2.75,1.5,-0.90625,0.65,0.99,10,0.46838840414018806,1.4193042473151558
2.75,1.5,-0.90625,0.65,0.99,13,0.46838840414018806,1.055928485568184
2.75,1.5,-0.90625,0.65,0.995,0,0.46838840414018806,2.039315280064605
2.75,1.5,-0.90625,0.65,0.995,1,0.46838840414018806,2.1326617660322658
2.75,1.5,-0.90625,0.65,0.995,2,0.46838840414018806,1.4783016311676223
2.75,1.5,-0.90625,0.65,0.995,3,0.46838840414018806,1.9209663934522123
2.75,1.5,-0.90625,0.65,0.995,4,0.46838840414018806,1.0650275056762515
2.75,1.5,-0.90625,0.65,0.995,5,0.46838840414018806,0.807195803040316
2.75,1.5,-0.90625,0.65,0.995,7,0.46838840414018806,0.2580174797989474
2.75,1.5,-0.90625,0.65,0.995,10,0.46838840414018806,1.4193042473151558
2.75,1.5,-0.90625,0.65,0.995,13,0.46838840414018806,1.055928485568184
2.75,1.5,-0.90625,0.65,0.999,0,0.46838840414018806,2.039315280064605
2.75,1.5,-0.90625,0.65,0.999,1,0.46838840414018806,2.1326617660322658
2.75,1.5,-0.90625,0.65,0.999,2,0.46838840414018806,1.4783016311676223
2.75,1.5,-0.90625,0.65,0.999,3,0.46838840414018806,1.9209663934522123
2.75,1.5,-0.90625,0.65,0.999,4,0.46838840414018806,1.0650275056762515
2.75,1.5,-0.90625,0.65,0.999,5,0.46838840414018806,0.807195803040316
2.75,1.5,-0.90625,0.65,0.999,7,0.46838840414018806,0.2580174797989474
2.75,1.5,-0.90625,0.65,0.999,10,0.46838840414018806,1.4193042473151558
2.75,1.5,-0.90625,0.65,0.999,13,0.46838840414018806,1.055928485568184
2.75,1.5,-0.90625,0.7,0.5,0,0.46838840414018806,1.9888491046871595
2.75,1.5,-0.90625,0.7,0.5,1,0.46838840414018806,2.0042008447136226
2.75,1.5,-0.90625,0.7,0.5,2,0.46838840414018806,1.6043648310803071
2.75,1.5,-0.90625,0.7,0.5,3,0.46838840414018806,2.042617038728776
2.75,1.5,-0.90625,0.7,0.5,4,0.46838840414018806,1.159277427944907
2.75,1.5,-0.90625,0.7,0.5,5,0.46838840414018806,0.923656832982493
2.75,1.5,-0.90625,0.7,0.5,7,0.46838840414018806,0.47052998513701694
2.75,1.5,-0.90625,0.7,0.5,10,0.46838840414018806,1.5746848789272483
2.75,1.5,-0.90625,0.7,0.5,13,0.46838840414018806,0.4216921564763459
2.75,1.5,-0.90625,0.7,0.75,0,0.46838840414018806,1.9888491046871595
2.75,1.5,-0.90625,0.7,0.75,1,0.46838840414018806,2.0042008447136226
2.75,1.5,-0.90625,0.7,0.75,2,0.46838840414018806,1.6043648310803071
2.75,1.5,-0.90625,0.7,0.75,3,0.46838840414018806,2.042617038728776
2.75,1.5,-0.90625,0.7,0.75,4,0.46838840414018806,1.159277427944907
2.75,1.5,-0.90625,0.7,0.75,5,0.46838840414018806,0.923656832982493
2.75,1.5,-0.90625,0.7,0.75,7,0.46838840414018806,0.47052998513701694
2.75,1.5,-0.90625,0.7,0.75,10,0.46838840414018806,1.5746848789272483
2.75,1.5,-0.90625,0.7,0.75,13,0.46838840414018806,0.4216921564763459
2.75,1.5,-0.90625,0.7,0.9,0,0.46838840414018806,1.9888491046871595
2.75,1.5,-0.90625,0.7,0.9,1,0.46838840414018806,2.0042008447136226
2.75,1.5,-0.90625,0.7,0.9,2,0.46838840414018806,1.6043648310803071
2.75,1.5,-0.90625,0.7,0.9,3,0.46838840414018806,2.042617038728776
2.75,1.5,-0.90625,0.7,0.9,4,0.46838840414018806,1.159277427944907
2.75,1.5,-0.90625,0.7,0.9,5,0.46838840414018806,0.923656832982493
2.75,1.5,-0.90625,0.7,0.9,7,0.46838840414018806,0.47052998513701694
2.75,1.5,-0.90625,0.7,0.9,10,0.46838840414018806,1.5746848789272483
2.75,1.5,-0.90625,0.7,0.9,13,0.46838840414018806,0.4216921564763459
2.75,1.5,-0.90625,0.7,0.95,0,0.46838840414018806,1.9888491046871595
2.75,1.5,-0.90625,0.7,0.95,1,0.46838840414018806,2.0042008447136226
2.75,1.5,-0.90625,0.7,0.95,2,0.46838840414018806,1.6043648310803071
2.75,1.5,-0.90625,0.7,0.95,3,0.46838840414018806,2.042617038728776
2.75,1.5,-0.90625,0.7,0.95,4,0.46838840414018806,1.159277427944907
2.75,1.5,-0.90625,0.7,0.95,5,0.46838840414018806,0.923656832982493
2.75,1.5,-0.90625,0.7,0.95,7,0.46838840414018806,0.47052998513701694
2.75,1.5,-0.90625,0.7,0.95,10,0.46838840414018806,1.5746848789272483
2.75,1.5,-0.90625,0.7,0.95,13,0.46838840414018806,0.4216921564763459
2.75,1.5,-0.90625,0.7,0.99,0,0.46838840414018806,1.9888491046871595
2.75,1.5,-0.90625,0.7,0.99,1,0.46838840414018806,2.0042008447136226
2.75,1.5,-0.90625,0.7,0.99,2,0.46838840414018806,1.6043648310803071
2.75,1.5,-0.90625,0.7,0.99,3,0.46838840414018806,2.042617038728776
2.75,1.5,-0.90625,0.7,0.99,4,0.46838840414018806,1.159277427944907
2.75,1.5,-0.90625,0.7,0.99,5,0.46838840414018806,0.923656832982493
2.75,1.5,-0.90625,0.7,0.99,7,0.46838840414018806,0.47052998513701694
2.75,1.5,-0.90625,0.7,0.99,10,0.46838840414018806,1.5746848789272483
2.75,1.5,-0.90625,0.7,0.99,13,0.46838840414018806,0.4216921564763459
2.75,1.5,-0.90625,0.7,0.995,0,0.46838840414018806,1.9888491046871595
2.75,1.5,-0.90625,0.7,0.995,1,0.46838840414018806,2.0042008447136226
2.75,1.5,-0.90625,0.7,0.995,2,0.46838840414018806,1.6043648310803071
2.75,1.5,-0.90625,0.7,0.995,3,0.46838840414018806,2.042617038728776
2.75,1.5,-0.90625,0.7,0.995,4,0.46838840414018806,1.159277427944907
2.75,1.5,-0.90625,0.7,0.995,5,0.46838840414018806,0.923656832982493
2.75,1.5,-0.90625,0.7,0.995,7,0.46838840414018806,0.47052998513701694
2.75,1.5,-0.90625,0.7,0.995,10,0.46838840414018806,1.5746848789272483
2.75,1.5,-0.90625,0.7,0.995,13,0.46838840414018806,0.4216921564763459
2.75,1.5,-0.90625,0.7,0.999,0,0.46838840414018806,1.9888491046871595
2.75,1.5,-0.90625,0.7,0.999,1,0.46838840414018806,2.0042008447136226
2.75,1.5,-0.90625,0.7,0.999,2,0.46838840414018806,1.6043648310803071
2.75,1.5,-0.90625,0.7,0.999,3,0.46838840414018806,2.042617038728776
2.75,1.5,-0.90625,0.7,0.999,4,0.46838840414018806,1.159277427944907
2.75,1.5,-0.90625,0.7,0.999,5,0.46838840414018806,0.923656832982493
2.75,1.5,-0.90625,0.7,0.999,7,0.46838840414018806,0.47052998513701694
2.75,1.5,-0.90625,0.7,0.999,10,0.46838840414018806,1.5746848789272483
2.75,1.5,-0.90625,0.7,0.999,13,0.46838840414018806,0.4216921564763459
2.75,1.5,-0.90625,0.75,0.5,0,0.46838840414018806,2.2961222414906515
2.75,1.5,-0.90625,0.75,0.5,1,0.46838840414018806,2.569903997402747
2.75,1.5,-0.90625,0.75,0.5,2,0.46838840414018806,2.352165314929044
2.75,1.5,-0.90625,0.75,0.5,3,0.46838840414018806,2.518829183609107
2.75,1.5,-0.90625,0.75,0.5,4,0.46838840414018806,1.9744560491859129
2.75,1.5,-0.90625,0.75,0.5,5,0.46838840414018806,2.018738691160435
2.75,1.5,-0.90625,0.75,0.5,7,0.46838840414018806,2.2586240975925813
2.75,1.5,-0.90625,0.75,0.5,10,0.46838840414018806,1.9882978727917824
2.75,1.5,-0.90625,0.75,0.5,13,0.46838840414018806,1.087742461109056
2.75,1.5,-0.90625,0.75,0.75,0,0.46838840414018806,2.2961222414906515
2.75,1.5,-0.90625,0.75,0.75,1,0.46838840414018806,2.569903997402747
2.75,1.5,-0.90625,0.75,0.75,2,0.46838840414018806,2.352165314929044
2.75,1.5,-0.90625,0.75,0.75,3,0.46838840414018806,2.518829183609107
2.75,1.5,-0.90625,0.75,0.75,4,0.46838840414018806,1.9744560491859129
2.75,1.5,-0.90625,0.75,0.75,5,0.46838840414018806,2.018738691160435
2.75,1.5,-0.90625,0.75,0.75,7,0.46838840414018806,2.2586240975925813
2.75,1.5,-0.90625,0.75,0.75,10,0.46838840414018806,1.9882978727917824
2.75,1.5,-0.90625,0.75,0.75,13,0.46838840414018806,1.087742461109056
2.75,1.5,-0.90625,0.75,0.9,0,0.46838840414018806,2.2961222414906515
2.75,1.5,-0.90625,0.75,0.9,1,0.46838840414018806,2.569903997402747
2.75,1.5,-0.90625,0.75,0.9,2,0.46838840414018806,2.352165314929044
2.75,1.5,-0.90625,0.75,0.9,3,0.46838840414018806,2.518829183609107
2.75,1.5,-0.90625,0.75,0.9,4,0.46838840414018806,1.9744560491859129
2.75,1.5,-0.90625,0.75,0.9,5,0.46838840414018806,2.018738691160435
2.75,1.5,-0.90625,0.75,0.9,7,0.46838840414018806,2.2586240975925813
2.75,1.5,-0.90625,0.75,0.9,10,0.46838840414018806,1.9882978727917824
2.75,1.5,-0.90625,0.75,0.9,13,0.46838840414018806,1.087742461109056
2.75,1.5,-0.90625,0.75,0.95,0,0.46838840414018806,2.2961222414906515
2.75,1.5,-0.90625,0.75,0.95,1,0.46838840414018806,2.569903997402747
2.75,1.5,-0.90625,0.75,0.95,2,0.46838840414018806,2.352165314929044
2.75,1.5,-0.90625,0.75,0.95,3,0.46838840414018806,2.518829183609107
2.75,1.5,-0.90625,0.75,0.95,4,0.46838840414018806,1.9744560491859129
2.75,1.5,-0.90625,0.75,0.95,5,0.46838840414018806,2.018738691160435
2.75,1.5,-0.90625,0.75,0.95,7,0.46838840414018806,2.2586240975925813
2.75,1.5,-0.90625,0.75,0.95,10,0.46838840414018806,1.9882978727917824
2.75,1.5,-0.90625,0.75,0.95,13,0.46838840414018806,1.087742461109056
2.75,1.5,-0.90625,0.75,0.99,0,0.46838840414018806,2.2961222414906515
2.75,1.5,-0.90625,0.75,0.99,1,0.46838840414018806,2.569903997402747
2.75,1.5,-0.90625,0.75,0.99,2,0.46838840414018806,2.352165314929044
2.75,1.5,-0.90625,0.75,0.99,3,0.46838840414018806,2.518829183609107
2.75,1.5,-0.90625,0.75,0.99,4,0.46838840414018806,1.9744560491859129
2.75,1.5,-0.90625,0.75,0.99,5,0.46838840414018806,2.018738691160435
2.75,1.5,-0.90625,0.75,0.99,7,0.46838840414018806,2.2586240975925813
2.75,1.5,-0.90625,0.75,0.99,10,0.46838840414018806,1.9882978727917824
2.75,1.5,-0.90625,0.75,0.99,13,0.46838840414018806,1.087742461109056
2.75,1.5,-0.90625,0.75,0.995,0,0.46838840414018806,2.2961222414906515
2.75,1.5,-0.90625,0.75,0.995,1,0.46838840414018806,2.569903997402747
2.75,1.5,-0.90625,0.75,0.995,2,0.46838840414018806,2.352165314929044
2.75,1.5,-0.90625,0.75,0.995,3,0.46838840414018806,2.518829183609107
2.75,1.5,-0.90625,0.75,0.995,4,0.46838840414018806,1.9744560491859129
2.75,1.5,-0.90625,0.75,0.995,5,0.46838840414018806,2.018738691160435
2.75,1.5,-0.90625,0.75,0.995,7,0.46838840414018806,2.2586240975925813
2.75,1.5,-0.90625,0.75,0.995,10,0.46838840414018806,1.9882978727917824
2.75,1.5,-0.90625,0.75,0.995,13,0.46838840414018806,1.087742461109056
2.75,1.5,-0.90625,0.75,0.999,0,0.46838840414018806,2.2961222414906515
2.75,1.5,-0.90625,0.75,0.999,1,0.46838840414018806,2.569903997402747
2.75,1.5,-0.90625,0.75,0.999,2,0.46838840414018806,2.352165314929044
2.75,1.5,-0.90625,0.75,0.999,3,0.46838840414018806,2.518829183609107
2.75,1.5,-0.90625,0.75,0.999,4,0.46838840414018806,1.9744560491859129
2.75,1.5,-0.90625,0.75,0.999,5,0.46838840414018806,2.018738691160435
2.75,1.5,-0.90625,0.75,0.999,7,0.46838840414018806,2.2586240975925813
2.75,1.5,-0.90625,0.75,0.999,10,0.46838840414018806,1.9882978727917824
2.75,1.5,-0.90625,0.75,0.999,13,0.46838840414018806,1.087742461109056
2.75,1.5,-0.90625,0.8,0.5,0,0.46838840414018806,2.266771893774901
2.75,1.5,-0.90625,0.8,0.5,1,0.46838840414018806,2.223142855280896
2.75,1.5,-0.90625,0.8,0.5,2,0.46838840414018806,2.1360922889727174
2.75,1.5,-0.90625,0.8,0.5,3,0.46838840414018806,2.240575727856201
2.75,1.5,-0.90625,0.8,0.5,4,0.46838840414018806,2.116004481720698
2.75,1.5,-0.90625,0.8,0.5,5,0.46838840414018806,1.9854965763866528
2.75,1.5,-0.90625,0.8,0.5,7,0.46838840414018806,1.7855206216485342
2.75,1.5,-0.90625,0.8,0.5,10,0.46838840414018806,1.1162203819699823
2.75,1.5,-0.90625,0.8,0.5,13,0.46838840414018806,1.1058906591706417
2.75,1.5,-0.90625,0.8,0.75,0,0.46838840414018806,2.266771893774901
2.75,1.5,-0.90625,0.8,0.75,1,0.46838840414018806,2.223142855280896
2.75,1.5,-0.90625,0.8,0.75,2,0.46838840414018806,2.1360922889727174
2.75,1.5,-0.90625,0.8,0.75,3,0.46838840414018806,2.240575727856201
2.75,1.5,-0.90625,0.8,0.75,4,0.46838840414018806,2.116004481720698
2.75,1.5,-0.90625,0.8,0.75,5,0.46838840414018806,1.9854965763866528
2.75,1.5,-0.90625,0.8,0.75,7,0.46838840414018806,1.7855206216485342
2.75,1.5,-0.90625,0.8,0.75,10,0.46838840414018806,1.1162203819699823
2.75,1.5,-0.90625,0.8,0.75,13,0.46838840414018806,1.1058906591706417
2.75,1.5,-0.90625,0.8,0.9,0,0.46838840414018806,2.266771893774901
2.75,1.5,-0.90625,0.8,0.9,1,0.46838840414018806,2.223142855280896
2.75,1.5,-0.90625,0.8,0.9,2,0.46838840414018806,2.1360922889727174
2.75,1.5,-0.90625,0.8,0.9,3,0.46838840414018806,2.240575727856201
2.75,1.5,-0.90625,0.8,0.9,4,0.46838840414018806,2.116004481720698
2.75,1.5,-0.90625,0.8,0.9,5,0.46838840414018806,1.9854965763866528
2.75,1.5,-0.90625,0.8,0.9,7,0.46838840414018806,1.7855206216485342
2.75,1.5,-0.90625,0.8,0.9,10,0.46838840414018806,1.1162203819699823
2.75,1.5,-0.90625,0.8,0.9,13,0.46838840414018806,1.1058906591706417
2.75,1.5,-0.90625,0.8,0.95,0,0.46838840414018806,2.266771893774901
2.75,1.5,-0.90625,0.8,0.95,1,0.46838840414018806,2.223142855280896
2.75,1.5,-0.90625,0.8,0.95,2,0.46838840414018806,2.1360922889727174
2.75,1.5,-0.90625,0.8,0.95,3,0.46838840414018806,2.240575727856201
2.75,1.5,-0.90625,0.8,0.95,4,0.46838840414018806,2.116004481720698
2.75,1.5,-0.90625,0.8,0.95,5,0.46838840414018806,1.9854965763866528
2.75,1.5,-0.90625,0.8,0.95,7,0.46838840414018806,1.7855206216485342
2.75,1.5,-0.90625,0.8,0.95,10,0.46838840414018806,1.1162203819699823
2.75,1.5,-0.90625,0.8,0.95,13,0.46838840414018806,1.1058906591706417
2.75,1.5,-0.90625,0.8,0.99,0,0.46838840414018806,2.266771893774901
2.75,1.5,-0.90625,0.8,0.99,1,0.46838840414018806,2.223142855280896
2.75,1.5,-0.90625,0.8,0.99,2,0.46838840414018806,2.1360922889727174
2.75,1.5,-0.90625,0.8,0.99,3,0.46838840414018806,2.240575727856201
2.75,1.5,-0.90625,0.8,0.99,4,0.46838840414018806,2.116004481720698
2.75,1.5,-0.90625,0.8,0.99,5,0.46838840414018806,1.9854965763866528
2.75,1.5,-0.90625,0.8,0.99,7,0.46838840414018806,1.7855206216485342
2.75,1.5,-0.90625,0.8,0.99,10,0.46838840414018806,1.1162203819699823
2.75,1.5,-0.90625,0.8,0.99,13,0.46838840414018806,1.1058906591706417
2.75,1.5,-0.90625,0.8,0.995,0,0.46838840414018806,2.266771893774901
2.75,1.5,-0.90625,0.8,0.995,1,0.46838840414018806,2.223142855280896
2.75,1.5,-0.90625,0.8,0.995,2,0.46838840414018806,2.1360922889727174
2.75,1.5,-0.90625,0.8,0.995,3,0.46838840414018806,2.240575727856201
2.75,1.5,-0.90625,0.8,0.995,4,0.46838840414018806,2.116004481720698
2.75,1.5,-0.90625,0.8,0.995,5,0.46838840414018806,1.9854965763866528
2.75,1.5,-0.90625,0.8,0.995,7,0.46838840414018806,1.7855206216485342
2.75,1.5,-0.90625,0.8,0.995,10,0.46838840414018806,1.1162203819699823
2.75,1.5,-0.90625,0.8,0.995,13,0.46838840414018806,1.1058906591706417
2.75,1.5,-0.90625,0.8,0.999,0,0.46838840414018806,2.266771893774901
2.75,1.5,-0.90625,0.8,0.999,1,0.46838840414018806,2.223142855280896
2.75,1.5,-0.90625,0.8,0.999,2,0.46838840414018806,2.1360922889727174
2.75,1.5,-0.90625,0.8,0.999,3,0.46838840414018806,2.240575727856201
2.75,1.5,-0.90625,0.8,0.999,4,0.46838840414018806,2.116004481720698
2.75,1.5,-0.90625,0.8,0.999,5,0.46838840414018806,1.9854965763866528
2.75,1.5,-0.90625,0.8,0.999,7,0.46838840414018806,1.7855206216485342
2.75,1.5,-0.90625,0.8,0.999,10,0.46838840414018806,1.1162203819699823
2.75,1.5,-0.90625,0.8,0.999,13,0.46838840414018806,1.1058906591706417
2.75,1.5,-0.90625,0.85,0.5,0,0.46838840414018806,2.3136824698124894
2.75,1.5,-0.90625,0.85,0.5,1,0.46838840414018806,2.30855640016163
2.75,1.5,-0.90625,0.85,0.5,2,0.46838840414018806,2.4656656280876406
2.75,1.5,-0.90625,0.85,0.5,3,0.46838840414018806,2.1653248076920546
2.75,1.5,-0.90625,0.85,0.5,4,0.46838840414018806,2.1782571084756555
2.75,1.5,-0.90625,0.85,0.5,5,0.46838840414018806,2.116374534174633
2.75,1.5,-0.90625,0.85,0.5,7,0.46838840414018806,1.6895682596252235
2.75,1.5,-0.90625,0.85,0.5,10,0.46838840414018806,1.3582627947955492
2.75,1.5,-0.90625,0.85,0.5,13,0.46838840414018806,1.0149463699100796
2.75,1.5,-0.90625,0.85,0.75,0,0.46838840414018806,2.3136824698124894
2.75,1.5,-0.90625,0.85,0.75,1,0.46838840414018806,2.30855640016163
2.75,1.5,-0.90625,0.85,0.75,2,0.46838840414018806,2.4656656280876406
2.75,1.5,-0.90625,0.85,0.75,3,0.46838840414018806,2.1653248076920546
2.75,1.5,-0.90625,0.85,0.75,4,0.46838840414018806,2.1782571084756555
2.75,1.5,-0.90625,0.85,0.75,5,0.46838840414018806,2.116374534174633
2.75,1.5,-0.90625,0.85,0.75,7,0.46838840414018806,1.6895682596252235
2.75,1.5,-0.90625,0.85,0.75,10,0.46838840414018806,1.3582627947955492
2.75,1.5,-0.90625,0.85,0.75,13,0.46838840414018806,1.0149463699100796
2.75,1.5,-0.90625,0.85,0.9,0,0.46838840414018806,2.3136824698124894
2.75,1.5,-0.90625,0.85,0.9,1,0.46838840414018806,2.30855640016163
2.75,1.5,-0.90625,0.85,0.9,2,0.46838840414018806,2.4656656280876406
2.75,1.5,-0.90625,0.85,0.9,3,0.46838840414018806,2.1653248076920546
2.75,1.5,-0.90625,0.85,0.9,4,0.46838840414018806,2.1782571084756555
2.75,1.5,-0.90625,0.85,0.9,5,0.46838840414018806,2.116374534174633
2.75,1.5,-0.90625,0.85,0.9,7,0.46838840414018806,1.6895682596252235
2.75,1.5,-0.90625,0.85,0.9,10,0.46838840414018806,1.3582627947955492
2.75,1.5,-0.90625,0.85,0.9,13,0.46838840414018806,1.0149463699100796
2.75,1.5,-0.90625,0.85,0.95,0,0.46838840414018806,2.3136824698124894
2.75,1.5,-0.90625,0.85,0.95,1,0.46838840414018806,2.30855640016163
2.75,1.5,-0.90625,0.85,0.95,2,0.46838840414018806,2.4656656280876406
2.75,1.5,-0.90625,0.85,0.95,3,0.46838840414018806,2.1653248076920546
2.75,1.5,-0.90625,0.85,0.95,4,0.46838840414018806,2.1782571084756555
2.75,1.5,-0.90625,0.85,0.95,5,0.46838840414018806,2.116374534174633
2.75,1.5,-0.90625,0.85,0.95,7,0.46838840414018806,1.6895682596252235
2.75,1.5,-0.90625,0.85,0.95,10,0.46838840414018806,1.3582627947955492
2.75,1.5,-0.90625,0.85,0.95,13,0.46838840414018806,1.0149463699100796
2.75,1.5,-0.90625,0.85,0.99,0,0.46838840414018806,2.3136824698124894
2.75,1.5,-0.90625,0.85,0.99,1,0.46838840414018806,2.30855640016163
2.75,1.5,-0.90625,0.85,0.99,2,0.46838840414018806,2.4656656280876406
2.75,1.5,-0.90625,0.85,0.99,3,0.46838840414018806,2.1653248076920546
2.75,1.5,-0.90625,0.85,0.99,4,0.46838840414018806,2.1782571084756555
2.75,1.5,-0.90625,0.85,0.99,5,0.46838840414018806,2.116374534174633
2.75,1.5,-0.90625,0.85,0.99,7,0.46838840414018806,1.6895682596252235
2.75,1.5,-0.90625,0.85,0.99,10,0.46838840414018806,1.3582627947955492
2.75,1.5,-0.90625,0.85,0.99,13,0.46838840414018806,1.0149463699100796
2.75,1.5,-0.90625,0.85,0.995,0,0.46838840414018806,2.3136824698124894
2.75,1.5,-0.90625,0.85,0.995,1,0.46838840414018806,2.30855640016163
2.75,1.5,-0.90625,0.85,0.995,2,0.46838840414018806,2.4656656280876406
2.75,1.5,-0.90625,0.85,0.995,3,0.46838840414018806,2.1653248076920546
2.75,1.5,-0.90625,0.85,0.995,4,0.46838840414018806,2.1782571084756555
2.75,1.5,-0.90625,0.85,0.995,5,0.46838840414018806,2.116374534174633
2.75,1.5,-0.90625,0.85,0.995,7,0.46838840414018806,1.6895682596252235
2.75,1.5,-0.90625,0.85,0.995,10,0.46838840414018806,1.3582627947955492
2.75,1.5,-0.90625,0.85,0.995,13,0.46838840414018806,1.0149463699100796
2.75,1.5,-0.90625,0.85,0.999,0,0.46838840414018806,2.3136824698124894
2.75,1.5,-0.90625,0.85,0.999,1,0.46838840414018806,2.30855640016163
2.75,1.5,-0.90625,0.85,0.999,2,0.46838840414018806,2.4656656280876406
2.75,1.5,-0.90625,0.85,0.999,3,0.46838840414018806,2.1653248076920546
2.75,1.5,-0.90625,0.85,0.999,4,0.46838840414018806,2.1782571084756555
2.75,1.5,-0.90625,0.85,0.999,5,0.46838840414018806,2.116374534174633
2.75,1.5,-0.90625,0.85,0.999,7,0.46838840414018806,1.6895682596252235
2.75,1.5,-0.90625,0.85,0.999,10,0.46838840414018806,1.3582627947955492
2.75,1.5,-0.90625,0.85,0.999,13,0.46838840414018806,1.0149463699100796
2.75,1.5,-0.90625,0.9,0.5,0,0.46838840414018806,2.342241209494583
2.75,1.5,-0.90625,0.9,0.5,1,0.46838840414018806,2.423072905585829
2.75,1.5,-0.90625,0.9,0.5,2,0.46838840414018806,2.4808040050498144
2.75,1.5,-0.90625,0.9,0.5,3,0.46838840414018806,2.3776292750798573
2.75,1.5,-0.90625,0.9,0.5,4,0.46838840414018806,2.3221990339745613
2.75,1.5,-0.90625,0.9,0.5,5,0.46838840414018806,2.191351116909052
2.75,1.5,-0.90625,0.9,0.5,7,0.46838840414018806,1.984400099000675
2.75,1.5,-0.90625,0.9,0.5,10,0.46838840414018806,1.7554393364748082
2.75,1.5,-0.90625,0.9,0.5,13,0.46838840414018806,1.7326970545231637
2.75,1.5,-0.90625,0.9,0.75,0,0.46838840414018806,2.342241209494583
2.75,1.5,-0.90625,0.9,0.75,1,0.46838840414018806,2.423072905585829
2.75,1.5,-0.90625,0.9,0.75,2,0.46838840414018806,2.4808040050498144
2.75,1.5,-0.90625,0.9,0.75,3,0.46838840414018806,2.3776292750798573
2.75,1.5,-0.90625,0.9,0.75,4,0.46838840414018806,2.3221990339745613
2.75,1.5,-0.90625,0.9,0.75,5,0.46838840414018806,2.191351116909052
2.75,1.5,-0.90625,0.9,0.75,7,0.46838840414018806,1.984400099000675
2.75,1.5,-0.90625,0.9,0.75,10,0.46838840414018806,1.7554393364748082
2.75,1.5,-0.90625,0.9,0.75,13,0.46838840414018806,1.7326970545231637
2.75,1.5,-0.90625,0.9,0.9,0,0.46838840414018806,2.342241209494583
2.75,1.5,-0.90625,0.9,0.9,1,0.46838840414018806,2.423072905585829
2.75,1.5,-0.90625,0.9,0.9,2,0.46838840414018806,2.4808040050498144
2.75,1.5,-0.90625,0.9,0.9,3,0.46838840414018806,2.3776292750798573
2.75,1.5,-0.90625,0.9,0.9,4,0.46838840414018806,2.3221990339745613
2.75,1.5,-0.90625,0.9,0.9,5,0.46838840414018806,2.191351116909052
2.75,1.5,-0.90625,0.9,0.9,7,0.46838840414018806,1.984400099000675
2.75,1.5,-0.90625,0.9,0.9,10,0.46838840414018806,1.7554393364748082
2.75,1.5,-0.90625,0.9,0.9,13,0.46838840414018806,1.7326970545231637
2.75,1.5,-0.90625,0.9,0.95,0,0.46838840414018806,2.342241209494583
2.75,1.5,-0.90625,0.9,0.95,1,0.46838840414018806,2.423072905585829
2.75,1.5,-0.90625,0.9,0.95,2,0.46838840414018806,2.4808040050498144
2.75,1.5,-0.90625,0.9,0.95,3,0.46838840414018806,2.3776292750798573
2.75,1.5,-0.90625,0.9,0.95,4,0.46838840414018806,2.3221990339745613
2.75,1.5,-0.90625,0.9,0.95,5,0.46838840414018806,2.191351116909052
2.75,1.5,-0.90625,0.9,0.95,7,0.46838840414018806,1.984400099000675
2.75,1.5,-0.90625,0.9,0.95,10,0.46838840414018806,1.7554393364748082
2.75,1.5,-0.90625,0.9,0.95,13,0.46838840414018806,1.7326970545231637
2.75,1.5,-0.90625,0.9,0.99,0,0.46838840414018806,2.342241209494583
2.75,1.5,-0.90625,0.9,0.99,1,0.46838840414018806,2.423072905585829
2.75,1.5,-0.90625,0.9,0.99,2,0.46838840414018806,2.4808040050498144
2.75,1.5,-0.90625,0.9,0.99,3,0.46838840414018806,2.3776292750798573
2.75,1.5,-0.90625,0.9,0.99,4,0.46838840414018806,2.3221990339745613
2.75,1.5,-0.90625,0.9,0.99,5,0.46838840414018806,2.191351116909052
2.75,1.5,-0.90625,0.9,0.99,7,0.46838840414018806,1.984400099000675
2.75,1.5,-0.90625,0.9,0.99,10,0.46838840414018806,1.7554393364748082
2.75,1.5,-0.90625,0.9,0.99,13,0.46838840414018806,1.7326970545231637
2.75,1.5,-0.90625,0.9,0.995,0,0.46838840414018806,2.342241209494583
2.75,1.5,-0.90625,0.9,0.995,1,0.46838840414018806,2.423072905585829
2.75,1.5,-0.90625,0.9,0.995,2,0.46838840414018806,2.4808040050498144
2.75,1.5,-0.90625,0.9,0.995,3,0.46838840414018806,2.3776292750798573
2.75,1.5,-0.90625,0.9,0.995,4,0.46838840414018806,2.3221990339745613
2.75,1.5,-0.90625,0.9,0.995,5,0.46838840414018806,2.191351116909052
2.75,1.5,-0.90625,0.9,0.995,7,0.46838840414018806,1.984400099000675
2.75,1.5,-0.90625,0.9,0.995,10,0.46838840414018806,1.7554393364748082
2.75,1.5,-0.90625,0.9,0.995,13,0.46838840414018806,1.7326970545231637
2.75,1.5,-0.90625,0.9,0.999,0,0.46838840414018806,2.342241209494583
2.75,1.5,-0.90625,0.9,0.999,1,0.46838840414018806,2.423072905585829
2.75,1.5,-0.90625,0.9,0.999,2,0.46838840414018806,2.4808040050498144
2.75,1.5,-0.90625,0.9,0.999,3,0.46838840414018806,2.3776292750798573
2.75,1.5,-0.90625,0.9,0.999,4,0.46838840414018806,2.3221990339745613
2.75,1.5,-0.90625,0.9,0.999,5,0.46838840414018806,2.191351116909052
2.75,1.5,-0.90625,0.9,0.999,7,0.46838840414018806,1.984400099000675
2.75,1.5,-0.90625,0.9,0.999,10,0.46838840414018806,1.7554393364748082
2.75,1.5,-0.90625,0.9,0.999,13,0.46838840414018806,1.7326970545231637
2.75,1.5,-0.90625,0.95,0.5,0,0.46838840414018806,2.4702120507465515
2.75,1.5,-0.90625,0.95,0.5,1,0.46838840414018806,2.6163013864816858
2.75,1.5,-0.90625,0.95,0.5,2,0.46838840414018806,2.4896620418582356
2.75,1.5,-0.90625,0.95,0.5,3,0.46838840414018806,2.4038678824675666
2.75,1.5,-0.90625,0.95,0.5,4,0.46838840414018806,2.3988134386150644
2.75,1.5,-0.90625,0.95,0.5,5,0.46838840414018806,2.305871837086769
2.75,1.5,-0.90625,0.95,0.5,7,0.46838840414018806,1.9754010680549252
2.75,1.5,-0.90625,0.95,0.5,10,0.46838840414018806,1.7985490904572492
2.75,1.5,-0.90625,0.95,0.5,13,0.46838840414018806,1.756183246105931
2.75,1.5,-0.90625,0.95,0.75,0,0.46838840414018806,2.4702120507465515
2.75,1.5,-0.90625,0.95,0.75,1,0.46838840414018806,2.6163013864816858
2.75,1.5,-0.90625,0.95,0.75,2,0.46838840414018806,2.4896620418582356
2.75,1.5,-0.90625,0.95,0.75,3,0.46838840414018806,2.4038678824675666
2.75,1.5,-0.90625,0.95,0.75,4,0.46838840414018806,2.3988134386150644
2.75,1.5,-0.90625,0.95,0.75,5,0.46838840414018806,2.305871837086769
2.75,1.5,-0.90625,0.95,0.75,7,0.46838840414018806,1.9754010680549252
2.75,1.5,-0.90625,0.95,0.75,10,0.46838840414018806,1.7985490904572492
2.75,1.5,-0.90625,0.95,0.75,13,0.46838840414018806,1.756183246105931
2.75,1.5,-0.90625,0.95,0.9,0,0.46838840414018806,2.4702120507465515
2.75,1.5,-0.90625,0.95,0.9,1,0.46838840414018806,2.6163013864816858
2.75,1.5,-0.90625,0.95,0.9,2,0.46838840414018806,2.4896620418582356
2.75,1.5,-0.90625,0.95,0.9,3,0.46838840414018806,2.4038678824675666
2.75,1.5,-0.90625,0.95,0.9,4,0.46838840414018806,2.3988134386150644
2.75,1.5,-0.90625,0.95,0.9,5,0.46838840414018806,2.305871837086769
2.75,1.5,-0.90625,0.95,0.9,7,0.46838840414018806,1.9754010680549252
2.75,1.5,-0.90625,0.95,0.9,10,0.46838840414018806,1.7985490904572492
2.75,1.5,-0.90625,0.95,0.9,13,0.46838840414018806,1.756183246105931
2.75,1.5,-0.90625,0.95,0.95,0,0.46838840414018806,2.4702120507465515
2.75,1.5,-0.90625,0.95,0.95,1,0.46838840414018806,2.6163013864816858
2.75,1.5,-0.90625,0.95,0.95,2,0.46838840414018806,2.4896620418582356
2.75,1.5,-0.90625,0.95,0.95,3,0.46838840414018806,2.4038678824675666
2.75,1.5,-0.90625,0.95,0.95,4,0.46838840414018806,2.3988134386150644
2.75,1.5,-0.90625,0.95,0.95,5,0.46838840414018806,2.305871837086769
2.75,1.5,-0.90625,0.95,0.95,7,0.46838840414018806,1.9754010680549252
2.75,1.5,-0.90625,0.95,0.95,10,0.46838840414018806,1.7985490904572492
2.75,1.5,-0.90625,0.95,0.95,13,0.46838840414018806,1.756183246105931
2.75,1.5,-0.90625,0.95,0.99,0,0.46838840414018806,2.4702120507465515
2.75,1.5,-0.90625,0.95,0.99,1,0.46838840414018806,2.6163013864816858
2.75,1.5,-0.90625,0.95,0.99,2,0.46838840414018806,2.4896620418582356
2.75,1.5,-0.90625,0.95,0.99,3,0.46838840414018806,2.4038678824675666
2.75,1.5,-0.90625,0.95,0.99,4,0.46838840414018806,2.3988134386150644
2.75,1.5,-0.90625,0.95,0.99,5,0.46838840414018806,2.305871837086769
2.75,1.5,-0.90625,0.95,0.99,7,0.46838840414018806,1.9754010680549252
2.75,1.5,-0.90625,0.95,0.99,10,0.46838840414018806,1.7985490904572492
2.75,1.5,-0.90625,0.95,0.99,13,0.46838840414018806,1.756183246105931
2.75,1.5,-0.90625,0.95,0.995,0,0.46838840414018806,2.4702120507465515
2.75,1.5,-0.90625,0.95,0.995,1,0.46838840414018806,2.6163013864816858
2.75,1.5,-0.90625,0.95,0.995,2,0.46838840414018806,2.4896620418582356
2.75,1.5,-0.90625,0.95,0.995,3,0.46838840414018806,2.4038678824675666
2.75,1.5,-0.90625,0.95,0.995,4,0.46838840414018806,2.3988134386150644
2.75,1.5,-0.90625,0.95,0.995,5,0.46838840414018806,2.305871837086769
2.75,1.5,-0.90625,0.95,0.995,7,0.46838840414018806,1.9754010680549252
2.75,1.5,-0.90625,0.95,0.995,10,0.46838840414018806,1.7985490904572492
2.75,1.5,-0.90625,0.95,0.995,13,0.46838840414018806,1.756183246105931
2.75,1.5,-0.90625,0.95,0.999,0,0.46838840414018806,2.4702120507465515
2.75,1.5,-0.90625,0.95,0.999,1,0.46838840414018806,2.6163013864816858
2.75,1.5,-0.90625,0.95,0.999,2,0.46838840414018806,2.4896620418582356
2.75,1.5,-0.90625,0.95,0.999,3,0.46838840414018806,2.4038678824675666
2.75,1.5,-0.90625,0.95,0.999,4,0.46838840414018806,2.3988134386150644
2.75,1.5,-0.90625,0.95,0.999,5,0.46838840414018806,2.305871837086769
2.75,1.5,-0.90625,0.95,0.999,7,0.46838840414018806,1.9754010680549252
2.75,1.5,-0.90625,0.95,0.999,10,0.46838840414018806,1.7985490904572492
2.75,1.5,-0.90625,0.95,0.999,13,0.46838840414018806,1.756183246105931
2.75,1.5,-0.90625,0.975,0.5,0,0.46838840414018806,2.403991802666176
2.75,1.5,-0.90625,0.975,0.5,1,0.46838840414018806,2.525993174503933
2.75,1.5,-0.90625,0.975,0.5,2,0.46838840414018806,2.430452075175069
2.75,1.5,-0.90625,0.975,0.5,3,0.46838840414018806,2.3868019668058316
2.75,1.5,-0.90625,0.975,0.5,4,0.46838840414018806,2.2969056149794995
2.75,1.5,-0.90625,0.975,0.5,5,0.46838840414018806,2.210071006148099
2.75,1.5,-0.90625,0.975,0.5,7,0.46838840414018806,1.8706675333820786
2.75,1.5,-0.90625,0.975,0.5,10,0.46838840414018806,1.7362858036312954
2.75,1.5,-0.90625,0.975,0.5,13,0.46838840414018806,1.6998235261040098
2.75,1.5,-0.90625,0.975,0.75,0,0.46838840414018806,2.403991802666176
2.75,1.5,-0.90625,0.975,0.75,1,0.46838840414018806,2.525993174503933
2.75,1.5,-0.90625,0.975,0.75,2,0.46838840414018806,2.430452075175069
2.75,1.5,-0.90625,0.975,0.75,3,0.46838840414018806,2.3868019668058316
2.75,1.5,-0.90625,0.975,0.75,4,0.46838840414018806,2.2969056149794995
2.75,1.5,-0.90625,0.975,0.75,5,0.46838840414018806,2.210071006148099
2.75,1.5,-0.90625,0.975,0.75,7,0.46838840414018806,1.8706675333820786
2.75,1.5,-0.90625,0.975,0.75,10,0.46838840414018806,1.7362858036312954
2.75,1.5,-0.90625,0.975,0.75,13,0.46838840414018806,1.6998235261040098
2.75,1.5,-0.90625,0.975,0.9,0,0.46838840414018806,2.403991802666176
2.75,1.5,-0.90625,0.975,0.9,1,0.46838840414018806,2.525993174503933
2.75,1.5,-0.90625,0.975,0.9,2,0.46838840414018806,2.430452075175069
2.75,1.5,-0.90625,0.975,0.9,3,0.46838840414018806,2.3868019668058316
2.75,1.5,-0.90625,0.975,0.9,4,0.46838840414018806,2.2969056149794995
2.75,1.5,-0.90625,0.975,0.9,5,0.46838840414018806,2.210071006148099
2.75,1.5,-0.90625,0.975,0.9,7,0.46838840414018806,1.8706675333820786
2.75,1.5,-0.90625,0.975,0.9,10,0.46838840414018806,1.7362858036312954
2.75,1.5,-0.90625,0.975,0.9,13,0.46838840414018806,1.6998235261040098
2.75,1.5,-0.90625,0.975,0.95,0,0.46838840414018806,2.403991802666176
2.75,1.5,-0.90625,0.975,0.95,1,0.46838840414018806,2.525993174503933
2.75,1.5,-0.90625,0.975,0.95,2,0.46838840414018806,2.430452075175069
2.75,1.5,-0.90625,0.975,0.95,3,0.46838840414018806,2.3868019668058316
2.75,1.5,-0.90625,0.975,0.95,4,0.46838840414018806,2.2969056149794995
2.75,1.5,-0.90625,0.975,0.95,5,0.46838840414018806,2.210071006148099
2.75,1.5,-0.90625,0.975,0.95,7,0.46838840414018806,1.8706675333820786
2.75,1.5,-0.90625,0.975,0.95,10,0.46838840414018806,1.7362858036312954
2.75,1.5,-0.90625,0.975,0.95,13,0.46838840414018806,1.6998235261040098
2.75,1.5,-0.90625,0.975,0.99,0,0.46838840414018806,2.403991802666176
2.75,1.5,-0.90625,0.975,0.99,1,0.46838840414018806,2.525993174503933
2.75,1.5,-0.90625,0.975,0.99,2,0.46838840414018806,2.430452075175069
2.75,1.5,-0.90625,0.975,0.99,3,0.46838840414018806,2.3868019668058316
2.75,1.5,-0.90625,0.975,0.99,4,0.46838840414018806,2.2969056149794995
2.75,1.5,-0.90625,0.975,0.99,5,0.46838840414018806,2.210071006148099
2.75,1.5,-0.90625,0.975,0.99,7,0.46838840414018806,1.8706675333820786
2.75,1.5,-0.90625,0.975,0.99,10,0.46838840414018806,1.7362858036312954
2.75,1.5,-0.90625,0.975,0.99,13,0.46838840414018806,1.6998235261040098
2.75,1.5,-0.90625,0.975,0.995,0,0.46838840414018806,2.403991802666176
2.75,1.5,-0.90625,0.975,0.995,1,0.46838840414018806,2.525993174503933
2.75,1.5,-0.90625,0.975,0.995,2,0.46838840414018806,2.430452075175069
2.75,1.5,-0.90625,0.975,0.995,3,0.46838840414018806,2.3868019668058316
2.75,1.5,-0.90625,0.975,0.995,4,0.46838840414018806,2.2969056149794995
2.75,1.5,-0.90625,0.975,0.995,5,0.46838840414018806,2.210071006148099
2.75,1.5,-0.90625,0.975,0.995,7,0.46838840414018806,1.8706675333820786
2.75,1.5,-0.90625,0.975,0.995,10,0.46838840414018806,1.7362858036312954
2.75,1.5,-0.90625,0.975,0.995,13,0.46838840414018806,1.6998235261040098
2.75,1.5,-0.90625,0.975,0.999,0,0.46838840414018806,2.403991802666176
2.75,1.5,-0.90625,0.975,0.999,1,0.46838840414018806,2.525993174503933
2.75,1.5,-0.90625,0.975,0.999,2,0.46838840414018806,2.430452075175069
2.75,1.5,-0.90625,0.975,0.999,3,0.46838840414018806,2.3868019668058316
2.75,1.5,-0.90625,0.975,0.999,4,0.46838840414018806,2.2969056149794995
2.75,1.5,-0.90625,0.975,0.999,5,0.46838840414018806,2.210071006148099
2.75,1.5,-0.90625,0.975,0.999,7,0.46838840414018806,1.8706675333820786
2.75,1.5,-0.90625,0.975,0.999,10,0.46838840414018806,1.7362858036312954
2.75,1.5,-0.90625,0.975,0.999,13,0.46838840414018806,1.6998235261040098
