date,ret,pos,scale
2012-01-03,-1.8606963398036335e-06,0.23444773881525782,
2012-01-04,0.014261303984698276,0.23305891451475164,
2012-01-05,-0.014159377304349784,0.2362721955374891,
2012-01-06,0.02305216984717477,0.2431646548246267,
2012-01-09,-0.0018680847095685156,0.1724323300592111,
2012-01-10,0.0009188216198162486,0.17729713654496712,
2012-01-11,0.005479717738936353,0.17754924482660986,
2012-01-12,0.006180880641139614,0.1734349608575565,
2012-01-13,0.00984830886344488,0.0,
2012-01-17,-6.508138039304835e-05,0.12812896764881393,
2012-01-18,0.012008824271915759,0.15850340090782386,
2012-01-19,0.0013131771368326056,0.0,
2012-01-20,0.0,0.0,
2012-01-23,-4.680938922387277e-05,0.09215598503449951,
2012-01-24,0.0072194745230909595,0.0,
2012-01-25,0.0,0.0,
2012-01-26,0.0,0.0,
2012-01-27,0.0,0.0,
2012-01-30,-0.0,0.0,
2012-01-31,0.0,0.0,
2012-02-01,0.0,0.0,
2012-02-02,0.0,0.0,
2012-02-03,0.0,0.0,
2012-02-06,0.0,0.0,
2012-02-07,-0.0,0.0,
2012-02-08,0.0,0.0,
2012-02-09,0.0,0.0,
2012-02-10,-0.0,0.0,
2012-02-13,-0.0,0.0,
2012-02-14,-0.0,0.0,
2012-02-15,-0.0,0.0,
2012-02-16,0.0,0.0,
2012-02-17,-0.0,0.0,
2012-02-21,-0.0,0.0,
2012-02-22,0.0,0.0,
2012-02-23,-0.0,0.0,
2012-02-24,-0.0,0.0,
2012-02-27,-3.737795509301549e-05,0.07358784908937424,
2012-02-28,0.012474228566431938,0.0,
2012-02-29,0.0,0.0,
2012-03-01,-0.0,0.0,
2012-03-02,-0.0,0.0,
2012-03-05,-0.0,0.0,
2012-03-06,0.0,0.0,
2012-03-07,0.0,0.0,
2012-03-08,0.0,0.0,
2012-03-09,0.0,0.0,
2012-03-12,0.0,0.0,
2012-03-13,0.0,0.0,
2012-03-14,0.0,0.0,
2012-03-15,-0.0,0.0,
2012-03-16,0.0,0.0,
2012-03-19,-0.0,0.0,
2012-03-20,0.0,0.0,
2012-03-21,-0.0,0.0,
2012-03-22,0.0,0.0,
2012-03-23,0.0,0.0,
2012-03-26,0.0,0.0,
2012-03-27,-0.0,0.0,
2012-03-28,0.0,0.0,
2012-03-29,0.0,0.0,
2012-03-30,-0.0,0.0,
2012-04-02,0.0,0.0,
2012-04-03,0.0,0.0,
2012-04-04,-0.0,0.0,
2012-04-05,-0.0,0.0,
2012-04-09,-0.0,0.0,
2012-04-10,-0.0,0.0,
2012-04-11,0.0,0.0,
2012-04-12,0.0,0.0,
2012-04-13,0.0,0.0,
2012-04-16,-0.0,0.0,
2012-04-17,-0.0,0.0,
2012-04-18,0.0,0.0,
2012-04-19,-0.0,0.0,
2012-04-20,-3.101778843268368e-05,0.06106627097684599,
2012-04-23,0.0033077654925239264,0.10257579758413753,
2012-04-24,-0.004325794680991924,0.060077666865129734,
2012-04-25,-0.00040512261803778247,0.09380874011368161,
2012-04-26,-0.00025722226040904983,0.12891295408145906,
2012-04-27,-0.0026208535729228596,0.14019359360054903,
2012-04-30,-0.0037431388995086824,0.192966977094765,
2012-05-01,-0.009978994371453963,0.21695220757887956,
2012-05-02,-0.005385226588951493,0.0,
2012-05-03,0.0,0.0,
2012-05-04,0.0,0.0,
2012-05-07,0.0,0.0,
2012-05-08,-0.00012199603531104242,0.24017969451861476,
2012-05-09,0.005292815080335555,0.1554079459277146,
2012-05-10,-0.0033987360725561593,0.15186910594292574,
2012-05-11,0.005227140496147024,0.2020715817823955,
2012-05-14,0.008278724871194973,0.15728555900898142,
2012-05-15,-0.0047545999442262996,0.09956262330539244,
2012-05-16,-0.0016894501288898258,0.14023715792772257,
2012-05-17,-0.00853389117430068,0.18633593558813238,
2012-05-18,0.007086911991865295,0.267386709570637,
2012-05-21,0.008351997578745815,0.23838142119206734,
2012-05-22,0.00128418223433963,0.19904166666899273,
2012-05-23,0.0009770474338911968,0.2142022773856715,
2012-05-24,-0.008020456224345001,0.21544392138941387,
2012-05-25,0.0008529150914543849,0.2578479982894578,
2012-05-29,0.002758693872116389,0.26628513032214723,
2012-05-30,0.0040850721130409285,0.27528881179906006,
2012-05-31,-0.030262326924737886,0.23510388764663723,
2012-06-01,0.018200867797315855,0.2042882324119929,
2012-06-04,0.0030077044805489053,0.08690309219182359,
2012-06-05,-0.0001605336104564353,0.08844512163174273,
2012-06-06,0.0010450361410668512,0.09185286399332863,
2012-06-07,-0.003006147443019162,0.10081431655774303,
2012-06-08,0.006759509730991821,0.1211399847284935,
2012-06-11,-0.0040173760485011055,0.0,
2012-06-12,-4.681241602145411e-05,0.09216194404223778,
2012-06-13,0.002180616624105553,0.09791100942530419,
2012-06-14,0.0017839884368613574,0.0,
2012-06-15,-0.0,0.0,
2012-06-18,-0.0,0.0,
2012-06-19,-6.25893803148166e-05,0.12322284249479519,
2012-06-20,0.002579200785788387,0.16188968434516124,
2012-06-21,-0.002060405911180406,0.15763306158532514,
2012-06-22,0.0022064869715111702,0.15554229148401919,
2012-06-25,0.009595115840268542,0.16145966126873762,
2012-06-26,-0.002759584643334952,0.09135676752925859,
2012-06-27,-0.005612986267473567,0.09055350199276144,
2012-06-28,0.0019167064389343806,0.18252230509287334,
2012-06-29,-0.005902712440904467,0.15523526130216822,
2012-07-02,0.0053550803217904,0.0,
2012-07-03,-0.0,0.0,
2012-07-05,0.0,0.0,
2012-07-06,0.0,0.0,
2012-07-09,0.0,0.0,
2012-07-10,0.0,0.0,
2012-07-11,-0.0,0.0,
2012-07-12,0.0,0.0,
2012-07-13,-0.0,0.0,
2012-07-16,0.0,0.0,
2012-07-17,-0.0,0.0,
2012-07-18,0.0,0.0,
2012-07-19,-0.0,0.0,
2012-07-20,0.0,0.0,
2012-07-23,0.0,0.0,
2012-07-24,-0.0,0.0,
2012-07-25,-4.2929744896508295e-05,0.0845179352650007,
2012-07-26,0.00043847303882991036,0.17008408895011687,
2012-07-27,0.014144562232479885,0.13691283071626892,
2012-07-30,0.002670434371666336,0.0,
2012-07-31,0.0,0.0,
2012-08-01,0.0,0.0,
2012-08-02,0.0,0.0,
2012-08-03,-0.0,0.0,
2012-08-06,-0.0,0.0,
2012-08-07,0.0,0.0,
2012-08-08,0.0,0.0,
2012-08-09,0.0,0.0,
2012-08-10,-0.0,0.0,
2012-08-13,-0.0,0.0,
2012-08-14,-0.0,0.0,
2012-08-15,0.0,0.0,
2012-08-16,-0.0,0.0,
2012-08-17,-0.0,0.0,
2012-08-20,-0.0,0.0,
2012-08-21,0.0,0.0,
2012-08-22,0.0,0.0,
2012-08-23,0.0,0.0,
2012-08-24,-0.0,0.0,
2012-08-27,0.0,0.0,
2012-08-28,-0.0,0.0,
2012-08-29,-0.0,0.0,
2012-08-30,0.0,0.0,
2012-08-31,-0.0,0.0,
2012-09-04,0.0,0.0,
2012-09-05,-0.0,0.0,
2012-09-06,0.0,0.0,
2012-09-07,0.0,0.0,
2012-09-10,0.0,0.0,
2012-09-11,0.0,0.0,
2012-09-12,-0.0,0.0,
2012-09-13,-0.0,0.0,
2012-09-14,-0.0,0.0,
2012-09-17,-0.0,0.0,
2012-09-18,-0.0,0.0,
2012-09-19,0.0,0.0,
2012-09-20,0.0,0.0,
2012-09-21,0.0,0.0,
2012-09-24,-0.0,0.0,
2012-09-25,0.0,0.0,
2012-09-26,0.0,0.0,
2012-09-27,0.0,0.0,
2012-09-28,0.0,0.0,
2012-10-01,-0.0,0.0,
2012-10-03,-0.0,0.0,
2012-10-04,0.0,0.0,
2012-10-05,0.0,0.0,
2012-10-08,-0.0,0.0,
2012-10-09,-0.0,0.0,
2012-10-10,0.0,0.0,
2012-10-11,-0.0,0.0,
2012-10-12,-0.0,0.0,
2012-10-15,-0.0,0.0,
2012-10-16,-0.0,0.0,
2012-10-17,-0.0,0.0,
2012-10-18,-0.0,0.0,
2012-10-19,-1.505368701589168e-05,0.029636946312536747,
2012-10-22,-0.00010292810912664571,0.03092948015014808,
2012-10-23,-6.366657520232806e-06,0.04011102805039253,
2012-10-24,0.0005062395511801042,0.0423490555864256,
2012-10-25,0.0017914731018695699,0.03607466880607039,
2012-10-26,0.0005069936525078718,0.03917144674952694,
2012-10-29,0.0016183536390819496,0.0,
2012-10-30,-0.0,0.0,
2012-10-31,-0.0,0.0,
2012-11-01,-0.0,0.0,
2012-11-02,-0.0,0.0,
2012-11-05,0.0,0.0,
2012-11-06,0.0,0.0,
2012-11-07,0.0,0.0,
2012-11-08,0.0,0.0,
2012-11-09,0.0,0.0,
2012-11-12,-0.0,0.0,
2012-11-13,0.0,0.0,
2012-11-14,-0.0,0.0,
2012-11-15,0.0,0.0,
2012-11-16,-0.0,0.0,
2012-11-19,-0.0,0.0,
2012-11-20,0.0,0.0,
2012-11-21,0.0,0.0,
2012-11-23,-0.0,0.0,
2012-11-26,-0.0,0.0,
2012-11-27,-0.0,0.0,
2012-11-28,-3.35355932673313e-05,0.06602319924505849,
2012-11-29,-0.00037496843251720466,0.06529121575106137,
2012-11-30,-0.004152824968161137,0.06797385321328477,
2012-12-03,-0.0017185838781941327,0.0,
2012-12-04,-3.566672456152971e-05,0.07021886398051161,
2012-12-05,-0.0025396647257522756,0.0859988024012124,
2012-12-06,0.0005067038516966788,0.11799590234118591,
2012-12-07,1.7081154421464752e-05,0.12072506223415574,
2012-12-10,0.0008442992834984844,0.12805999215951827,
2012-12-11,0.0035289851182983547,0.15812448901894205,
2012-12-12,0.000646148545483195,0.15310576276136367,
2012-12-13,-0.003690140372661586,0.15319716171297532,
2012-12-14,0.005633048511570822,0.16133523201019667,
2012-12-17,-0.001472602107285868,0.15086558990150223,
2012-12-18,0.0012923283200182124,0.15531314931358847,
2012-12-19,-0.0010945635609839336,0.18229428626329755,
2012-12-20,0.002804242949438019,0.19400874314404418,
2012-12-21,0.005963968825462359,0.19835983256220263,
2012-12-24,-0.0016139534813928555,0.14366876056114752,
2012-12-26,3.755956701993489e-05,0.20839078718167237,
2012-12-27,-0.0027692001361263874,0.21871909855387195,
2012-12-28,-0.003865326145785019,0.2186949703947674,
2012-12-31,-0.008997733826890522,0.2856254447076523,
2013-01-02,-2.507735579447163e-06,0.31597468301034254,
2013-01-03,-0.005070184327779544,0.31597468301034254,
2013-01-04,0.005860860509775804,0.31597468301034254,
2013-01-07,0.005302371816052845,0.31597468301034254,
2013-01-08,0.005309444874890757,0.31597468301034254,
2013-01-09,-0.006518520261046562,0.31597468301034254,
2013-01-10,-0.010019978137656005,0.31597468301034254,
2013-01-11,-0.016223689865718472,0.31597468301034254,
2013-01-14,0.0030460894412475386,0.0,
2013-01-15,-0.0,0.0,
2013-01-16,-0.0,0.0,
2013-01-17,-0.0,0.0,
2013-01-18,0.0,0.0,
2013-01-22,-0.00016049507708461842,0.31597468301034254,
2013-01-23,0.012436668508631076,0.31597468301034254,
2013-01-24,0.0051099747271818145,0.31513740626918063,
2013-01-25,0.004817403302537573,0.310779314632147,
2013-01-28,0.0028750363983635367,0.3024147149067203,
2013-01-29,0.0038080044774895937,0.24293540562973176,
2013-01-30,0.016265772479306925,0.24593282673180264,
2013-01-31,-0.0014215353774514633,0.17982844353493213,
2013-02-01,0.014997733188287435,0.266401066436893,
2013-02-04,-0.0032579910747155276,0.13838625154381212,
2013-02-05,0.0018878367968704454,0.1400812592288401,
2013-02-06,0.0010746340829721145,0.14113415354635508,
2013-02-07,-0.001144107526747507,0.14377395573422325,
2013-02-08,0.008552924739676698,0.14752875167228016,
2013-02-11,-0.011097304341825268,0.11481699308986856,
2013-02-12,0.0005149522649304832,0.17295491723676548,
2013-02-13,0.003667537734063152,0.1744982701220968,
2013-02-14,0.010488614983475114,0.13653798092234615,
2013-02-15,0.008149796893439115,0.08067121407368108,
2013-02-19,-0.004409465672536471,0.0,
2013-02-20,-3.6880524357652526e-05,0.07260853232912841,
2013-02-21,0.002614250181337117,0.0953313823082589,
2013-02-22,0.003864078555630887,0.05692886794897097,
2013-02-25,-0.002899942918438622,0.0,
2013-02-26,-3.3559824564651796e-05,0.06607090461165822,
2013-02-27,-0.008163570453802279,0.0974964005406346,
2013-02-28,0.0015633799156071744,0.19983984132672863,
2013-03-01,0.04679976198034416,0.1486288743984193,
2013-03-04,-0.02742391109550234,0.0,
2013-03-05,-3.011717401301838e-05,0.05929318633812993,
2013-03-06,-0.0006971173679912419,0.04757527045653821,
2013-03-07,-0.0027252075733687348,0.058051718451615206,
2013-03-08,0.002488682783741034,0.09419035128091952,
2013-03-11,-0.00458969312473729,0.06937838692643362,
2013-03-12,-0.0020437097406115112,0.11495975536131667,
2013-03-13,-0.0002450292501257431,0.13203986016103528,
2013-03-14,0.001372303404130466,0.13229590389440252,
2013-03-15,0.0002188214765407645,0.1333216867526117,
2013-03-18,-0.005986687383024914,0.12544318220787695,
2013-03-19,-0.004401593905013976,0.1425427749216766,
2013-03-20,0.0014688441999787978,0.0,
2013-03-21,0.0,0.0,
2013-03-22,-7.446424414741616e-05,0.14660148066522555,
2013-03-25,-0.004785531567915408,0.0,
2013-03-26,0.0,0.0,
2013-03-27,-0.0,0.0,
2013-03-28,-0.0,0.0,
2013-04-01,0.0,0.0,
2013-04-02,-0.0,0.0,
2013-04-03,-0.0,0.0,
2013-04-04,0.0,0.0,
2013-04-05,-0.0,0.0,
2013-04-08,0.0,0.0,
2013-04-09,-0.0,0.0,
2013-04-10,-0.0,0.0,
2013-04-11,-0.0,0.0,
2013-04-12,0.0,0.0,
2013-04-15,0.0,0.0,
2013-04-16,0.0,0.0,
2013-04-17,-0.00012246073600959416,0.2410945740188885,
2013-04-18,0.003633984861598665,0.246491551455974,
2013-04-19,0.00701395733180731,0.24628231379167861,
2013-04-22,-0.010575041934323905,0.2456117980139132,
2013-04-23,-0.018570105464305597,0.2467164484369936,
2013-04-24,-0.00602021077935853,0.0,
2013-04-25,-0.0,0.0,
2013-04-26,0.0,0.0,
2013-04-29,-0.00011703833323045064,0.23041921854744968,
2013-04-30,-0.0003620330965111292,0.0,
2013-05-01,-0.0,0.0,
2013-05-02,0.0,0.0,
2013-05-03,-0.0,0.0,
2013-05-06,0.0,0.0,
2013-05-07,0.0,0.0,
2013-05-08,-0.0001362871087199116,0.2683152452923259,
2013-05-09,0.008171600920388912,0.3066016331929023,
2013-05-10,-0.011362010820821717,0.3038821259347286,
2013-05-13,0.003208955099298561,0.2999077160620821,
2013-05-14,0.012061846242527315,0.31597468301034254,
2013-05-15,0.011408785530061962,0.31597468301034254,
2013-05-16,-0.0030746054616985637,0.31597468301034254,
2013-05-17,-2.959050604377913e-05,0.31597468301034254,
2013-05-20,-0.002428783287792621,0.31597468301034254,
2013-05-21,-0.021310603392716693,0.31597468301034254,
2013-05-22,0.0019496335174318763,0.31597468301034254,
2013-05-23,-0.0007741254127166047,0.31597468301034254,
2013-05-24,-0.0038682325621320563,0.31597468301034254,
2013-05-28,0.011293205570104395,0.31597468301034254,
2013-05-29,-0.004551999451186603,0.31597468301034254,
2013-05-30,-0.002999119572224172,0.31597468301034254,
2013-05-31,-0.011416186748380958,0.31597468301034254,
2013-06-03,0.00840199638827821,0.31597468301034254,
2013-06-04,0.019887798058400883,0.31597468301034254,
2013-06-05,-0.005715877458943133,0.2735430822517384,
2013-06-06,-0.0018449670223410913,0.2674634002471056,
2013-06-07,-0.003269419631984497,0.2699566976934214,
2013-06-10,-0.009292061004076849,0.2813129270325632,
2013-06-11,-0.005891682735136678,0.31597468301034254,
2013-06-12,0.003039499583952093,0.31597468301034254,
2013-06-13,0.02028902418545692,0.31597468301034254,
2013-06-14,0.0022060500418492326,0.28039462316135955,
2013-06-17,-0.01370428770954463,0.28222938397496283,
2013-06-18,-0.0026149019538000704,0.2550815583812668,
2013-06-19,-0.0022706217191731156,0.2542703584534155,
2013-06-20,-0.006628454877942583,0.2879995668164149,
2013-06-21,0.005407636864247867,0.31597468301034254,
2013-06-24,-0.033644801686492885,0.26677522560978484,
2013-06-25,-0.001683388248630269,0.31597468301034254,
2013-06-26,-0.0021531755601706132,0.31597468301034254,
2013-06-27,-0.02025227249167906,0.0,
2013-06-28,0.0,0.0,
2013-07-01,-0.00016049507708461842,0.31597468301034254,
2013-07-02,-0.00045004281372996617,0.31597468301034254,
2013-07-03,0.0012399420703007994,0.31597468301034254,
2013-07-05,0.012574057999401428,0.31597468301034254,
2013-07-08,-0.0066963259363829585,0.31597468301034254,
2013-07-09,0.020813935416566367,0.31597468301034254,
2013-07-10,-0.014408967625751709,0.302219152636158,
2013-07-11,0.039750339210683806,0.2923276139678388,
2013-07-12,0.02635402916243257,0.14578405018849974,
2013-07-15,-0.008670462687859344,0.09080024864707782,
2013-07-16,0.0012845044254500217,0.11002558049940184,
2013-07-17,-0.005263912010274856,0.11569305443936583,
2013-07-18,-0.003915576412757871,0.13498767317213775,
2013-07-19,-0.0027914890061483937,0.16959047694393903,
2013-07-22,-0.009617930517171771,0.171359331209395,
2013-07-23,-0.00496070832957672,0.21717503675628258,
2013-07-24,0.01260556451517524,0.3043624913937395,
2013-07-25,0.0014706130581709203,0.22809800341919031,
2013-07-26,0.01846853133269284,0.17378107725521447,
2013-07-29,-0.0014714573425881649,0.10941149434283055,
2013-07-30,0.008210384666615103,0.11012144567348038,
2013-07-31,-0.0016882359096618612,0.0637486165342768,
2013-08-01,-0.010370709084751748,0.10480631356377569,
2013-08-02,0.0001216714425355985,0.26095360886452706,
2013-08-05,-0.014264638357712049,0.0,
2013-08-06,-0.0,0.0,
2013-08-07,-0.0,0.0,
2013-08-08,0.0,0.0,
2013-08-09,-0.0,0.0,
2013-08-12,0.0,0.0,
2013-08-13,0.0,0.0,
2013-08-14,-0.00016049507708461842,0.31597468301034254,
2013-08-15,-0.0011016562429621676,0.293014261545259,
2013-08-16,-0.007921390760883815,0.3037442097253798,
2013-08-19,-0.012137232211422912,0.31597468301034254,
2013-08-20,0.04768139793470779,0.31597468301034254,
2013-08-21,0.026316887665728515,0.12651298022245547,
2013-08-22,-0.001407703060164303,0.06068093542259844,
2013-08-23,-0.0008505976545233526,0.060362507924020425,
2013-08-26,-0.002671969936031021,0.06482489528570892,
2013-08-27,-0.0006371698905924435,0.10412462448837866,
2013-08-28,0.0032280733513045112,0.11203890709167391,
2013-08-29,-0.026622169857404232,0.0,
2013-08-30,0.0,0.0,
2013-09-03,-3.388001556568863e-05,0.0667012806449495,
2013-09-04,0.00423304221740491,0.21610362698812582,
2013-09-05,-0.02220732769771923,0.09697236014273025,
2013-09-06,-0.009909661486487946,0.2193042284529388,
2013-09-09,-0.016244777371639537,0.0,
2013-09-10,0.0,0.0,
2013-09-11,-0.0,0.0,
2013-09-12,0.0,0.0,
2013-09-13,0.0,0.0,
2013-09-16,-0.0,0.0,
2013-09-17,-0.0,0.0,
2013-09-18,0.0,0.0,
2013-09-19,0.0,0.0,
2013-09-20,0.0,0.0,
2013-09-23,-0.0,0.0,
2013-09-24,0.0,0.0,
2013-09-25,-0.00010968325432426824,0.2159389069509031,
2013-09-26,0.015644955183824465,0.20916395253078265,
2013-09-27,-0.013059841475167719,0.1464846354377232,
2013-09-30,-0.006649720819424777,0.21215562024413206,
2013-10-01,-0.011679761880405351,0.24276006616211193,
2013-10-02,-0.009914991422666402,0.2854155588650078,
2013-10-03,0.017310898681032146,0.2979218455134699,
2013-10-04,-0.02103101516960021,0.280881742326694,
2013-10-07,0.030660373297827077,0.31597468301034254,
2013-10-08,0.002321253758461141,0.2336993383613006,
2013-10-09,0.0205580382541381,0.23577201647437304,
2013-10-10,0.02242085768922118,0.1338097670988558,
2013-10-11,-0.0006883951459618111,0.08322720015474673,
2013-10-14,-0.0014484971323516559,0.08318408020515734,
2013-10-15,0.0021513675173831064,0.08366118530906033,
2013-10-16,0.0023237841453924743,0.08961621151554738,
2013-10-17,-0.005795139873836921,0.06912470010875252,
2013-10-18,0.006549614650543198,0.08848561237360741,
2013-10-21,0.005734772319946811,0.0,
2013-10-22,0.0,0.0,
2013-10-23,-0.0,0.0,
2013-10-24,-3.2811964150478275e-05,0.0645985544212541,
2013-10-25,-0.000746418264833104,0.0,
2013-10-28,0.0,0.0,
2013-10-29,-0.0,0.0,
2013-10-30,0.0,0.0,
2013-10-31,-0.0,0.0,
2013-11-01,-0.0,0.0,
2013-11-04,-0.0,0.0,
2013-11-05,0.0,0.0,
2013-11-06,-0.0,0.0,
2013-11-07,-0.0,0.0,
2013-11-08,0.0,0.0,
2013-11-11,0.0,0.0,
2013-11-12,0.0,0.0,
2013-11-13,0.0,0.0,
2013-11-14,0.0,0.0,
2013-11-15,-0.0,0.0,
2013-11-18,-0.0,0.0,
2013-11-19,-0.0,0.0,
2013-11-20,0.0,0.0,
2013-11-21,0.0,0.0,
2013-11-22,0.0,0.0,
2013-11-25,-0.0,0.0,
2013-11-26,0.0,0.0,
2013-11-27,0.0,0.0,
2013-11-29,-0.0,0.0,
2013-12-02,-0.0,0.0,
2013-12-03,-0.0,0.0,
2013-12-04,-0.0,0.0,
2013-12-05,-0.0,0.0,
2013-12-06,0.0,0.0,
2013-12-09,-0.0,0.0,
2013-12-10,-0.0,0.0,
2013-12-11,0.0,0.0,
2013-12-12,-0.0,0.0,
2013-12-13,0.0,0.0,
2013-12-16,-0.0,0.0,
2013-12-17,-0.0,0.0,
2013-12-18,0.0,0.0,
2013-12-19,0.0,0.0,
2013-12-20,0.0,0.0,
2013-12-23,-0.0,0.0,
2013-12-24,0.0,0.0,
2013-12-26,0.0,0.0,
2013-12-27,-0.0,0.0,
2013-12-30,-0.0,0.0,
2013-12-31,0.0,0.0,
2014-01-02,-0.0,0.0,
2014-01-03,-0.0,0.0,
2014-01-06,0.0,0.0,
2014-01-07,0.0,0.0,
2014-01-08,0.0,0.0,
2014-01-09,-0.0,0.0,
2014-01-10,0.0,0.0,
2014-01-13,-0.0,0.0,
2014-01-14,-0.0,0.0,
2014-01-15,-0.0,0.0,
2014-01-16,-0.0,0.0,
2014-01-17,0.0,0.0,
2014-01-21,-0.0,0.0,
2014-01-22,-0.0,0.0,
2014-01-23,-0.0,0.0,
2014-01-24,0.0,0.0,
2014-01-27,-0.0,0.0,
2014-01-28,-0.0,0.0,
2014-01-29,-0.0,0.0,
2014-01-30,0.0,0.0,
2014-01-31,-0.0,0.0,
2014-02-03,-7.236529366980999e-05,0.1424691719124384,
2014-02-04,-0.0021636682554410855,0.0,
2014-02-05,-6.285713562086569e-05,0.12374998575357932,
2014-02-06,0.0058232514456093565,0.0,
2014-02-07,0.0,0.0,
2014-02-10,-0.0,0.0,
2014-02-11,-0.00010138051821980539,0.19959289524524185,
2014-02-12,-0.010925492107866896,0.11721814346402469,
2014-02-13,0.004715950118887984,0.1891152484295727,
2014-02-14,0.00957864968086882,0.13562559001270424,
2014-02-18,-0.003788383844773687,0.10812375531908264,
2014-02-19,-0.003059621058830729,0.13677098402085083,
2014-02-20,0.009177363939469382,0.18302616638574562,
2014-02-21,-0.010573614602784224,0.10432148631262513,
2014-02-24,-0.003048338696382113,0.16989561045840001,
2014-02-25,-0.0002104661934611222,0.2380283867977747,
2014-02-26,-0.004776099831623148,0.24147956423892536,
2014-02-27,-0.014149935096164726,0.29757393115794917,
2014-02-28,0.0013843923479857278,0.25656715119861456,
2014-03-03,-0.007260602715075729,0.27444918789848705,
2014-03-04,-0.002457807114407435,0.0,
2014-03-05,-0.0,0.0,
2014-03-06,-0.0001460232588506503,0.2874832908622178,
2014-03-07,-0.006028844018454648,0.3041007931988202,
2014-03-10,0.006604011490504941,0.2989346943367293,
2014-03-11,0.014239978162935566,0.31283192027002504,
2014-03-12,0.02060771204207742,0.3556595959128691,
2014-03-13,-0.019519495183154472,0.29287578951501136,
2014-03-14,0.0005255097962724225,0.3556595959128691,
2014-03-17,-0.036489123653659326,0.3556595959128691,
2014-03-18,-0.023321546199228067,0.0,
2014-03-19,-0.0,0.0,
2014-03-20,0.0,0.0,
2014-03-21,0.0,0.0,
2014-03-24,-0.00018065249316209225,0.3556595959128691,
2014-03-25,-0.008484743704374874,0.0,
2014-03-26,-0.0,0.0,
2014-03-27,0.0,0.0,
2014-03-28,-0.0,0.0,
2014-03-31,0.0,0.0,
2014-04-01,-0.0,0.0,
2014-04-02,0.0,0.0,
2014-04-03,0.0,0.0,
2014-04-04,-0.00016006011614822972,0.3151183536668272,
2014-04-07,0.006315077700335721,0.32264779308167746,
2014-04-08,0.04252109230491903,0.3425885871807233,
2014-04-09,0.0008023958830481438,0.29645934131650387,
2014-04-10,0.0064424394317560045,0.3197831697605639,
2014-04-11,-0.006563103820943978,0.26916845831053043,
2014-04-14,0.017906237710065574,0.2640430307346275,
2014-04-15,0.01195870752134454,0.20513218791929302,
2014-04-16,-0.0001336958727964151,0.17529371377552852,
2014-04-17,-0.0008794825101935554,0.19367759473577342,
2014-04-21,0.009737551649012254,0.2169649942714747,
2014-04-22,0.030576250331900996,0.18520331908195936,
2014-04-23,0.0005651761393715911,0.0,
2014-04-24,-0.0,0.0,
2014-04-25,-7.578248260208331e-05,0.1491967626228515,
2014-04-28,-0.020463468954149824,0.15126196084749824,
2014-04-29,0.002758660969161089,0.16898476906616994,
2014-04-30,-0.0020389272119933684,0.16911915925208604,
2014-05-01,-0.0037774389097844857,0.20627596967583178,
2014-05-02,0.010007127479704026,0.0,
2014-05-05,-0.0,0.0,
2014-05-06,-0.0,0.0,
2014-05-07,0.0,0.0,
2014-05-08,-0.0,0.0,
2014-05-09,-0.00017314277657747365,0.3408748413869012,
2014-05-12,0.0013865687421865357,0.34679590775349795,
2014-05-13,-0.00972285109007513,0.28335086544453975,
2014-05-14,0.009519325595429076,0.3556595959128691,
2014-05-15,0.00359454263231436,0.2946969650845449,
2014-05-16,-0.0016924376937103882,0.290590775791935,
2014-05-19,-0.017010834286170274,0.2898992293766863,
2014-05-20,0.005120272566849288,0.3527530848541706,
2014-05-21,-0.01282881576731977,0.3556595959128691,
2014-05-22,0.01488336436447445,0.3556595959128691,
2014-05-23,-0.016221642649886975,0.0,
2014-05-27,-0.0,0.0,
2014-05-28,0.0,0.0,
2014-05-29,-0.0,0.0,
2014-05-30,-0.00018065249316209225,0.3556595959128691,
2014-06-02,-0.008543334790278325,0.2807944269996654,
2014-06-03,-0.009974038081200282,0.3556595959128691,
2014-06-04,-0.007550833977701274,0.3556595959128691,
2014-06-05,0.016940582176288622,0.3556595959128691,
2014-06-06,-0.013698612734839783,0.3556595959128691,
2014-06-09,-0.01238099773397146,0.3556595959128691,
2014-06-10,0.001126057001169967,0.3556595959128691,
2014-06-11,0.016459873385020463,0.3556595959128691,
2014-06-12,0.024445952916585714,0.3556595959128691,
2014-06-13,-0.026466498721166812,0.20519567621809856,
2014-06-16,0.007729133279945038,0.327230795330585,
2014-06-17,0.0220615604944242,0.25489878899283525,
2014-06-18,0.015385384833452727,0.15445477554317563,
2014-06-19,0.0014833870901060488,0.11838592704287235,
2014-06-20,-0.004389784188216631,0.12252767866283902,
2014-06-23,-0.0011428706302769665,0.13648464796814458,
2014-06-24,0.006041492806206554,0.1429656786124348,
2014-06-25,-0.010703711415482353,0.14383469090209774,
2014-06-26,-0.000832121220201392,0.18895768054661402,
2014-06-27,0.0009619116940940551,0.2016269260283963,
2014-06-30,-0.012979579330893885,0.20167755534126872,
2014-07-01,0.00045073453019438676,0.19227559858815077,
2014-07-02,0.00029138801980363205,0.20150361808675268,
2014-07-03,0.009708050551680898,0.20737446337678353,
2014-07-07,-0.010727697423333368,0.1656949359282856,
2014-07-08,-0.0036823768235521226,0.20542855091913728,
2014-07-09,-0.002932134671510526,0.20953513488076475,
2014-07-10,0.006087489132414147,0.25031505718581337,
2014-07-11,0.00556482332347845,0.21142580266325553,
2014-07-14,0.009066992228065165,0.19763520490381556,
2014-07-15,-0.0004921353055457558,0.0,
2014-07-16,-0.0,0.0,
2014-07-17,-0.00012423173305382398,0.24458122444971597,
2014-07-18,-0.0025596384797831797,0.3556595959128691,
2014-07-21,-0.0128778442674927,0.3556595959128691,
2014-07-22,0.004744793320188387,0.3556595959128691,
2014-07-23,0.01814848286285725,0.3556595959128691,
2014-07-24,0.00783306164128541,0.3556595959128691,
2014-07-25,-0.026560129079430114,0.0,
2014-07-28,-0.0,0.0,
2014-07-29,0.0,0.0,
2014-07-30,-0.0,0.0,
2014-07-31,0.0,0.0,
2014-08-01,-0.0,0.0,
2014-08-04,-5.451610494157823e-05,0.10732858160373214,
2014-08-05,0.0029560267114889715,0.12451194936494706,
2014-08-06,0.017110753282146486,0.10858467351931528,
2014-08-07,0.005994715573178532,0.0,
2014-08-08,-0.0,0.0,
2014-08-11,-0.0,0.0,
2014-08-12,-0.0,0.0,
2014-08-13,0.0,0.0,
2014-08-14,-0.0,0.0,
2014-08-15,-0.0,0.0,
2014-08-18,-4.6310771513772406e-05,0.09117433141773942,
2014-08-19,0.018719548535085614,0.10062385144082339,
2014-08-20,-0.008882211667358144,0.0,
2014-08-21,0.0,0.0,
2014-08-22,-0.0,0.0,
2014-08-25,-0.0,0.0,
2014-08-26,0.0,0.0,
2014-08-27,-0.0,0.0,
2014-08-28,-0.0,0.0,
2014-08-29,-0.0,0.0,
2014-09-02,0.0,0.0,
2014-09-03,-0.0,0.0,
2014-09-04,0.0,0.0,
2014-09-05,0.0,0.0,
2014-09-08,-0.0,0.0,
2014-09-09,-0.0,0.0,
2014-09-10,0.0,0.0,
2014-09-11,-0.0,0.0,
2014-09-12,-0.0,0.0,
2014-09-15,-0.0,0.0,
2014-09-16,-0.0,0.0,
2014-09-17,0.0,0.0,
2014-09-18,0.0,0.0,
2014-09-19,0.0,0.0,
2014-09-22,0.0,0.0,
2014-09-23,0.0,0.0,
2014-09-24,-0.0,0.0,
2014-09-25,0.0,0.0,
2014-09-26,-0.0,0.0,
2014-09-29,0.0,0.0,
2014-10-03,-0.0,0.0,
2014-10-06,0.0,0.0,
2014-10-07,-0.0,0.0,
2014-10-08,-0.0,0.0,
2014-10-09,-0.0,0.0,
2014-10-10,-5.403720655504298e-05,0.10638575040524087,
2014-10-13,-0.0021564701679569784,0.10836355224219343,
2014-10-14,0.009109121623248551,0.10689117831848184,
2014-10-15,-0.006250573252295788,0.0,
2014-10-16,-5.407738822901727e-05,0.10646485807587776,
2014-10-17,0.0032955158099575044,0.0,
2014-10-20,0.0,0.0,
2014-10-21,0.0,0.0,
2014-10-22,-0.0,0.0,
2014-10-23,-0.0,0.0,
2014-10-24,-5.0660783975748014e-05,0.0997384184522539,
2014-10-27,-0.006927646570472582,0.0,
2014-10-28,-4.964974599090202e-05,0.09774793741958834,
2014-10-29,0.004033801792159742,0.0,
2014-10-30,-0.0,0.0,
2014-10-31,0.0,0.0,
2014-11-03,-0.0,0.0,
2014-11-04,0.0,0.0,
2014-11-05,-0.0,0.0,
2014-11-06,0.0,0.0,
2014-11-07,-0.0,0.0,
2014-11-10,0.0,0.0,
2014-11-11,-0.0,0.0,
2014-11-12,-0.0,0.0,
2014-11-13,-0.0,0.0,
2014-11-14,0.0,0.0,
2014-11-17,-0.0,0.0,
2014-11-18,0.0,0.0,
2014-11-19,-0.0,0.0,
2014-11-20,-0.0,0.0,
2014-11-21,0.0,0.0,
2014-11-24,-0.0,0.0,
2014-11-25,0.0,0.0,
2014-11-26,-0.0,0.0,
2014-11-28,0.0,0.0,
2014-12-01,-0.0,0.0,
2014-12-02,-0.0,0.0,
2014-12-03,-0.0,0.0,
2014-12-04,-6.56823477227403e-05,0.12931212207914497,
2014-12-05,-0.0003562889861339066,0.0,
2014-12-08,-0.0,0.0,
2014-12-09,0.0,0.0,
2014-12-10,0.0,0.0,
2014-12-11,0.0,0.0,
2014-12-12,0.0,0.0,
2014-12-15,0.0,0.0,
2014-12-16,-0.0,0.0,
2014-12-17,0.0,0.0,
2014-12-18,0.0,0.0,
2014-12-19,-0.0,0.0,
2014-12-22,-6.343126114115938e-05,0.12488029537165754,
2014-12-23,0.002999174153166587,0.1542175632076925,
2014-12-24,-0.01282162818176762,0.13411740074573986,
2014-12-26,0.006693570641893898,0.32280022607544134,
2014-12-29,-0.020622203306883097,0.1518839841605135,
2014-12-30,-0.007511827033354643,0.3253804386128008,
2014-12-31,0.007905165251304452,0.3556595959128691,
2015-01-02,-2.8937322305616012e-06,0.3646102610507618,
2015-01-05,0.011802269702780532,0.0,
2015-01-06,-0.00018519886275594248,0.3646102610507618,
2015-01-07,-0.043250357352197906,0.3646102610507618,
2015-01-08,0.01205732268032541,0.0,
2015-01-09,-0.0,0.0,
2015-01-12,0.0,0.0,
2015-01-13,-0.0,0.0,
2015-01-14,-0.0,0.0,
2015-01-15,0.0,0.0,
2015-01-16,-0.00018519886275594248,0.3646102610507618,
2015-01-20,0.0008397346579084748,0.3646102610507618,
2015-01-21,-0.01997933243154321,0.3646102610507618,
2015-01-22,0.05651276884347784,0.3646102610507618,
2015-01-23,0.027600632753983684,0.3646102610507618,
2015-01-26,-0.02247954765072622,0.16515986991322956,
2015-01-27,0.0008572914623189636,0.3112307641309229,
2015-01-28,0.03941055216148276,0.33050697901725606,
2015-01-29,0.003463240738064045,0.0,
2015-01-30,-0.0,0.0,
2015-02-02,-0.00018519886275594248,0.3646102610507618,
2015-02-03,-0.04755123907554886,0.22612964066573202,
2015-02-04,0.018720437696291805,0.3646102610507618,
2015-02-05,-0.016777498833740054,0.261108652444231,
2015-02-06,0.000599305926332001,0.3646102610507618,
2015-02-09,-0.006647618032501079,0.3646102610507618,
2015-02-10,0.054528774876305745,0.3646102610507618,
2015-02-11,0.014994823279394652,0.1312004034754784,
2015-02-12,0.004315776409992715,0.0,
2015-02-13,-0.0,0.0,
2015-02-17,-0.0,0.0,
2015-02-18,-8.315666369346111e-05,0.16371468164650155,
2015-02-19,0.032194287574727386,0.0,
2015-02-20,0.0,0.0,
2015-02-23,0.0,0.0,
2015-02-24,-0.0,0.0,
2015-02-25,0.0,0.0,
2015-02-26,0.0,0.0,
2015-02-27,0.0,0.0,
2015-03-02,-0.0,0.0,
2015-03-03,-0.0,0.0,
2015-03-04,-0.0,0.0,
2015-03-05,-0.0,0.0,
2015-03-06,0.0,0.0,
2015-03-09,-0.0,0.0,
2015-03-10,-0.0,0.0,
2015-03-11,0.0,0.0,
2015-03-12,-0.0,0.0,
2015-03-13,-0.0,0.0,
2015-03-16,0.0,0.0,
2015-03-17,-0.0,0.0,
2015-03-18,0.0,0.0,
2015-03-19,-0.0,0.0,
2015-03-20,-0.0,0.0,
2015-03-23,-0.0,0.0,
2015-03-24,0.0,0.0,
2015-03-25,-0.0,0.0,
2015-03-26,-0.0,0.0,
2015-03-27,-0.0,0.0,
2015-03-30,0.0,0.0,
2015-03-31,-0.0,0.0,
2015-04-01,-5.657549571079669e-05,0.11138300718063097,
2015-04-02,-0.006271246181876764,0.14338063533979484,
2015-04-06,0.013325481309346552,0.2142976375986906,
2015-04-07,-0.008839649889650714,0.0,
2015-04-08,-6.875589213773489e-05,0.13536316264616557,
2015-04-09,0.0012579945152724765,0.1401827418685932,
2015-04-10,0.007297152780303676,0.14702514440942654,
2015-04-13,-0.001296642334594238,0.129718005408768,
2015-04-14,-0.006054081646635813,0.13262402342736856,
2015-04-15,0.003251646260080319,0.13811214547935655,
2015-04-16,0.003432915738724709,0.1265247203755756,
2015-04-17,0.0037092214489136935,0.14138672379847714,
2015-04-20,-0.006304851344626348,0.0,
2015-04-21,-7.514680657852217e-05,0.14794527545146552,
2015-04-22,0.0036138549789028096,0.16745499496701244,
2015-04-23,0.022131124360148916,0.15059466497774193,
2015-04-24,0.005488615428352116,0.0,
2015-04-27,0.0,0.0,
2015-04-28,-0.0,0.0,
2015-04-29,-0.0,0.0,
2015-04-30,0.0,0.0,
2015-05-01,0.0,0.0,
2015-05-04,-0.0,0.0,
2015-05-05,-0.0,0.0,
2015-05-06,-0.0,0.0,
2015-05-07,0.0,0.0,
2015-05-08,-7.56347108336514e-05,0.14890583695375118,
2015-05-11,-0.0013415063790373572,0.15522739226303991,
2015-05-12,0.002422966069988601,0.15516693481023622,
2015-05-13,0.006265625551545937,0.1626888138900818,
2015-05-14,0.01105935423040991,0.14669337071670266,
2015-05-15,0.0009816550143837731,0.0,
2015-05-18,-0.0,0.0,
2015-05-19,0.0,0.0,
2015-05-20,-0.0,0.0,
2015-05-21,-7.54747579998153e-05,0.14859092981213637,
2015-05-22,0.0024800624520739186,0.0,
2015-05-26,-0.0,0.0,
2015-05-27,-0.0,0.0,
2015-05-28,-0.0001152116530124547,0.2268229418682702,
2015-05-29,0.009447582172775557,0.15433030985613122,
2015-06-01,-0.006343119152764892,0.0,
2015-06-02,-0.0,0.0,
2015-06-03,0.0,0.0,
2015-06-04,-0.0,0.0,
2015-06-05,0.0,0.0,
2015-06-08,0.0,0.0,
2015-06-09,0.0,0.0,
2015-06-10,0.0,0.0,
2015-06-11,-0.0,0.0,
2015-06-12,0.0,0.0,
2015-06-15,-0.0,0.0,
2015-06-16,0.0,0.0,
2015-06-17,-0.0,0.0,
2015-06-18,-0.0,0.0,
2015-06-19,-0.0,0.0,
2015-06-22,-0.0,0.0,
2015-06-23,-6.853209186172156e-05,0.1349225558527643,
2015-06-24,-0.0026925081184382433,0.13965479376230697,
2015-06-25,-0.003329586426951739,0.1700274848700854,
2015-06-26,0.0030590299896640473,0.2415650049708606,
2015-06-29,-0.0009992758721905975,0.19042515019033096,
2015-06-30,0.0048501476872777624,0.20445526038887404,
2015-07-01,0.012511711135492973,0.0,
2015-07-02,0.0,0.0,
2015-07-06,0.0,0.0,
2015-07-07,0.0,0.0,
2015-07-08,0.0,0.0,
2015-07-09,0.0,0.0,
2015-07-10,-0.0,0.0,
2015-07-13,-0.0,0.0,
2015-07-14,-0.0,0.0,
2015-07-15,-0.0,0.0,
2015-07-16,0.0,0.0,
2015-07-17,0.0,0.0,
2015-07-20,0.0,0.0,
2015-07-21,-0.0,0.0,
2015-07-22,-0.0,0.0,
2015-07-23,0.0,0.0,
2015-07-24,-0.0,0.0,
2015-07-27,-0.0,0.0,
2015-07-28,-0.0,0.0,
2015-07-29,0.0,0.0,
2015-07-30,-0.0,0.0,
2015-07-31,-0.0,0.0,
2015-08-03,0.0,0.0,
2015-08-04,0.0,0.0,
2015-08-05,-0.0,0.0,
2015-08-06,0.0,0.0,
2015-08-07,-0.0,0.0,
2015-08-10,0.0,0.0,
2015-08-11,0.0,0.0,
2015-08-12,0.0,0.0,
2015-08-13,-0.0,0.0,
2015-08-14,-0.0,0.0,
2015-08-17,-0.0,0.0,
2015-08-18,-0.0,0.0,
2015-08-19,-0.0,0.0,
2015-08-20,-0.0,0.0,
2015-08-21,-5.698263295390766e-05,0.1121845586280057,
2015-08-24,-0.003353160230629294,0.0,
2015-08-25,-6.253008517211936e-05,0.12310610518260999,
2015-08-26,-0.006385823921389901,0.2680517816919253,
2015-08-27,-0.002572975461181349,0.2844469124967414,
2015-08-28,-0.0026947900471349256,0.0,
2015-08-31,0.0,0.0,
2015-09-01,-0.0,0.0,
2015-09-02,0.0,0.0,
2015-09-03,-0.0,0.0,
2015-09-04,-0.00010112326662072803,0.19908643115955832,
2015-09-08,-0.005189708178298298,0.22597472132298196,
2015-09-09,0.001971473207118775,0.22707820639479837,
2015-09-10,-0.011954460643030938,0.25076619479730833,
2015-09-11,-0.00040985280181017456,0.23824685392015288,
2015-09-14,-0.019748955904269623,0.24373375971952924,
2015-09-15,0.005168400293195826,0.21597254379938058,
2015-09-16,-0.008246280191117929,0.21299437914877553,
2015-09-17,-0.001320934687900375,0.22008943436810544,
2015-09-18,0.007416074235014245,0.0,
2015-09-21,-0.0,0.0,
2015-09-22,0.0,0.0,
2015-09-23,0.0,0.0,
2015-09-24,-0.0,0.0,
2015-09-25,-0.00014182239972472912,0.27921284945806046,
2015-09-28,-0.008497230831540465,0.2795983124195451,
2015-09-29,-0.0021050256783631087,0.2755229313231572,
2015-09-30,0.019348382369219718,0.29156303077422135,
2015-10-01,-0.00812658920057336,0.3427244824699801,
2015-10-02,-0.02121755756971164,0.3646102610507618,
2015-10-05,0.019299272906159785,0.3646102610507618,
2015-10-06,-0.0024609404359433322,0.3646102610507618,
2015-10-07,-0.018996834752340274,0.3646102610507618,
2015-10-08,-0.022829165825090685,0.3646102610507618,
2015-10-09,-0.011821170775248042,0.3646102610507618,
2015-10-12,-0.005737999672811081,0.0,
2015-10-13,-0.0,0.0,
2015-10-14,-0.00018519886275594248,0.3646102610507618,
2015-10-15,0.019870752786154473,0.3646102610507618,
2015-10-16,-0.015492427403824387,0.3646102610507618,
2015-10-19,-0.027272468909806436,0.3646102610507618,
2015-10-20,0.003198093781262078,0.3646102610507618,
2015-10-21,0.02363128793511434,0.3646102610507618,
2015-10-22,0.05406642745875968,0.3646102610507618,
2015-10-23,0.00879662697934984,0.3646102610507618,
2015-10-26,-0.0002161878288136414,0.3646102610507618,
2015-10-27,-0.007689301744290539,0.3037252524422653,
2015-10-28,-0.0035733620469417244,0.3646102610507618,
2015-10-29,-0.007769572414566731,0.3646102610507618,
2015-10-30,0.032442226637849556,0.3646102610507618,
2015-11-02,0.0034995746272517892,0.23685089201239676,
2015-11-03,0.016332575540632548,0.25110600835742336,
2015-11-04,-0.0017814784665764625,0.17776460303437824,
2015-11-05,-0.0005685594603110598,0.18845876913479923,
2015-11-06,0.016527276789600514,0.2042315380381583,
2015-11-09,-0.0004063153849699253,0.17814317066401794,
2015-11-10,-0.0068522464434719165,0.1813264850538899,
2015-11-11,-0.0033864991109299352,0.19491641530035295,
2015-11-12,-0.012055246446829681,0.19095399437748464,
2015-11-13,-0.004309915192095849,0.20521353900515046,
2015-11-16,-0.009100855982073242,0.21088843948820593,
2015-11-17,0.0029612203674330207,0.2911794806049515,
2015-11-18,0.021677637526326832,0.2887883496908799,
2015-11-19,0.007609630459398438,0.2142705874829889,
2015-11-20,0.012120045897564848,0.2347543157953205,
2015-11-23,0.018639197397380527,0.0,
2015-11-24,-0.0,0.0,
2015-11-25,-0.0,0.0,
2015-11-26,0.0,0.0,
2015-11-27,-0.0,0.0,
2015-11-30,0.0,0.0,
2015-12-01,0.0,0.0,
2015-12-02,-0.0,0.0,
2015-12-03,-0.0,0.0,
2015-12-04,0.0,0.0,
2015-12-07,-0.0,0.0,
2015-12-08,-7.096888251343215e-05,0.13971998744831954,
2015-12-09,0.00910499898535785,0.14002182467896293,
2015-12-10,0.008986543872666125,0.0,
2015-12-11,-0.0,0.0,
2015-12-14,-0.0,0.0,
2015-12-15,-6.340465104430249e-05,0.12482790674347052,
2015-12-16,0.013393143427605165,0.1316052131073616,
2015-12-17,0.008008600284399734,0.0,
2015-12-18,0.0,0.0,
2015-12-21,-0.0,0.0,
2015-12-22,-0.0,0.0,
2015-12-23,-0.00010091993750224147,0.1986861269575379,
2015-12-24,-0.011436790342975725,0.0,
2015-12-25,-4.645855166959871e-05,0.09146527359952246,
2015-12-28,0.0010894050181311247,0.09277860835382842,
2015-12-29,0.002841928111010045,0.0,
2015-12-30,-0.0,0.0,
2015-12-31,-0.0,0.0,
2016-01-01,-1.3915357710857553e-06,0.17533350715680518,
2016-01-04,0.016694208113768573,0.17927123390797403,
2016-01-05,-0.0018665964673527,0.0,
2016-01-06,-0.0,0.0,
2016-01-07,-8.962700366159131e-05,0.1764531634587579,
2016-01-08,-0.013411433996651078,0.0,
2016-01-11,0.0,0.0,
2016-01-12,0.0,0.0,
2016-01-13,-0.0,0.0,
2016-01-14,-0.0,0.0,
2016-01-15,0.0,0.0,
2016-01-19,0.0,0.0,
2016-01-20,0.0,0.0,
2016-01-21,-0.0,0.0,
2016-01-22,-0.0001216596718717601,0.23951747899752768,
2016-01-25,-0.015050470215034126,0.25262629942728615,
2016-01-26,0.038531888717021845,0.3703534243550396,
2016-01-27,-0.05916208130853808,0.0,
2016-01-28,-0.00016622064674056368,0.32724689827048475,
2016-01-29,0.008123404828354339,0.13434231559617332,
2016-02-01,0.00907565461090236,0.28401782893718536,
2016-02-02,-0.032831043754936964,0.310691088199209,
2016-02-03,-0.008465153973202667,0.2675945842984331,
2016-02-04,0.009598617759145599,0.0,
2016-02-05,-0.00013849548436179601,0.2726629848372859,
2016-02-08,0.0012066989894746198,0.27479140028148497,
2016-02-09,-0.010015962098177894,0.29082295364071453,
2016-02-10,0.026283042559651026,0.29697266451163346,
2016-02-11,0.04012221086392619,0.3287494566264727,
2016-02-12,-0.0014164006586278551,0.0,
2016-02-16,-0.0,0.0,
2016-02-17,-0.0,0.0,
2016-02-18,0.0,0.0,
2016-02-19,0.0,0.0,
2016-02-22,-0.0,0.0,
2016-02-23,-0.0,0.0,
2016-02-24,0.0,0.0,
2016-02-25,-0.0,0.0,
2016-02-26,-9.986778051934375e-05,0.196614692897458,
2016-02-29,-0.0013749372393147081,0.16886893463746372,
2016-03-01,-0.016778356418468043,0.1702460153904545,
2016-03-02,0.0023961406410509373,0.0,
2016-03-03,-9.034029123113005e-05,0.17785744836128728,
2016-03-04,-0.004838161899495754,0.0,
2016-03-07,0.0,0.0,
2016-03-08,-8.942652224606368e-05,0.17605846567193786,
2016-03-09,0.026756014334657872,0.18491960266140423,
2016-03-10,-0.0067571299152093195,0.1780546220195275,
2016-03-11,-0.006963508024959157,0.20386227565926385,
2016-03-14,0.005071876603492877,0.21256785322861257,
2016-03-15,0.008028729487609115,0.18828532461701214,
2016-03-16,-0.007539603890805541,0.19909643811944097,
2016-03-17,-0.014384166778678667,0.1979071711412231,
2016-03-18,0.013742462079442345,0.27345786462173427,
2016-03-21,0.0018045664730087147,0.23836760959614334,
2016-03-22,-0.005588875970340509,0.2423989361233831,
2016-03-23,0.06145275260935839,0.3703534243550396,
2016-03-24,0.03316713542865372,0.13328037395292094,
2016-03-28,0.00036750900340315696,0.0,
2016-03-29,0.0,0.0,
2016-03-30,0.0,0.0,
2016-03-31,-0.0,0.0,
2016-04-01,0.0,0.0,
2016-04-04,0.0,0.0,
2016-04-05,-0.0,0.0,
2016-04-06,-0.0,0.0,
2016-04-07,-6.52865242357312e-05,0.12853284458909578,
2016-04-08,0.01154209430514958,0.0,
2016-04-11,0.0,0.0,
2016-04-12,-0.0,0.0,
2016-04-13,0.0,0.0,
2016-04-14,-0.0,0.0,
2016-04-15,-0.0,0.0,
2016-04-18,0.0,0.0,
2016-04-19,0.0,0.0,
2016-04-20,-0.0,0.0,
2016-04-21,0.0,0.0,
2016-04-22,0.0,0.0,
2016-04-25,0.0,0.0,
2016-04-26,0.0,0.0,
2016-04-27,-0.0,0.0,
2016-04-28,-0.0,0.0,
2016-04-29,-0.0,0.0,
2016-05-02,-0.0,0.0,
2016-05-03,-0.0,0.0,
2016-05-04,-0.0,0.0,
2016-05-05,-9.823993631421716e-05,0.19340987461861503,
2016-05-06,3.99899113267524e-06,0.22664738724392708,
2016-05-09,-0.020182043720497304,0.2583858830313076,
2016-05-10,0.013997317527831184,0.3703534243550396,
2016-05-11,0.034850290421696746,0.2956230792088847,
2016-05-12,-0.0067084034734380075,0.0,
2016-05-13,0.0,0.0,
2016-05-16,-0.0,0.0,
2016-05-17,0.0,0.0,
2016-05-18,-0.0,0.0,
2016-05-19,-0.0,0.0,
2016-05-20,0.0,0.0,
2016-05-23,-0.0,0.0,
2016-05-24,0.0,0.0,
2016-05-25,-0.0,0.0,
2016-05-26,-0.0,0.0,
2016-05-27,0.0,0.0,
2016-05-31,-0.0,0.0,
2016-06-01,0.0,0.0,
2016-06-02,-0.0,0.0,
2016-06-03,-0.0,0.0,
2016-06-06,-0.0,0.0,
2016-06-07,0.0,0.0,
2016-06-08,0.0,0.0,
2016-06-09,-0.0,0.0,
2016-06-10,-0.0,0.0,
2016-06-13,-0.0,0.0,
2016-06-14,-7.663904636203834e-05,0.15088312252526298,
2016-06-15,-0.003263155720307023,0.2390357835459997,
2016-06-16,-0.0014169472315465857,0.25960179245482456,
2016-06-17,0.0029671065442435324,0.26261441272535424,
2016-06-20,0.016252269461934733,0.25921946286357966,
2016-06-21,-0.0035101195898849685,0.1480943607838474,
2016-06-22,-0.005924884134641032,0.15008517126241933,
2016-06-23,0.010695503809370106,0.18985657142864404,
2016-06-24,-0.003369127026955699,0.0,
2016-06-27,-8.278584883651024e-05,0.16298463989687953,
2016-06-28,-0.011703596072842883,0.1687951439930252,
2016-06-29,-0.0041631111911658285,0.2847890379023479,
2016-06-30,-0.004563453636305916,0.3703534243550396,
2016-07-01,0.011990045990654742,0.3703534243550396,
2016-07-05,-0.034459309338012285,0.0,
2016-07-06,0.0,0.0,
2016-07-07,-0.00014269491793972533,0.28093061969383426,
2016-07-08,-0.007359039881806163,0.3703534243550396,
2016-07-11,0.02369659550445742,0.3703534243550396,
2016-07-12,-0.0017244857899020064,0.3703534243550396,
2016-07-13,0.05645911338886255,0.3703534243550396,
2016-07-14,-0.05320845386027617,0.0,
2016-07-15,0.0,0.0,
2016-07-18,-0.0,0.0,
2016-07-19,0.0,0.0,
2016-07-20,-0.0,0.0,
2016-07-21,0.0,0.0,
2016-07-22,-0.00018811602506922648,0.3703534243550396,
2016-07-25,0.0004146315926052692,0.23459751531908402,
2016-07-26,0.017059989460915262,0.23887503534539978,
2016-07-27,-0.0103679115527436,0.13710780628822847,
2016-07-28,-0.0004964749066359995,0.17857552526874684,
2016-07-29,0.005076446822379303,0.18279804110856954,
2016-08-01,0.01298412564995434,0.3703534243550396,
2016-08-02,-0.0012155379757525734,0.23403716940068223,
2016-08-03,0.008465976565362358,0.25775408603561417,
2016-08-04,-0.008093966457609443,0.201028204575954,
2016-08-05,0.006944183628546683,0.27899805563104957,
2016-08-08,-0.037447370961596976,0.16547427879680018,
2016-08-09,-0.004422467897599131,0.3703534243550396,
2016-08-10,-0.008390134290805639,0.0,
2016-08-11,0.0,0.0,
2016-08-12,-0.00018811602506922648,0.3703534243550396,
2016-08-15,0.00750401173664685,0.3703534243550396,
2016-08-16,-0.002678882792708826,0.3703534243550396,
2016-08-17,0.02850017013989625,0.3703534243550396,
2016-08-18,0.003723321492603527,0.19386374106161988,
2016-08-19,0.0019376963950433787,0.0,
2016-08-22,0.0,0.0,
2016-08-23,-0.0,0.0,
2016-08-24,-0.00018811602506922648,0.3703534243550396,
2016-08-25,0.006204362265478413,0.21941219077964713,
2016-08-26,-0.010585698962003513,0.21561430435714077,
2016-08-29,-0.0029529563182764448,0.279727050046064,
2016-08-30,-0.004554977569149659,0.3703534243550396,
2016-08-31,-0.008037233001816992,0.3703534243550396,
2016-09-01,0.06009490879787565,0.29703325369319566,
2016-09-02,-0.016985524665751154,0.0,
2016-09-05,0.0,0.0,
2016-09-06,-0.0,0.0,
2016-09-07,0.0,0.0,
2016-09-08,-0.0,0.0,
2016-09-09,0.0,0.0,
2016-09-12,0.0,0.0,
2016-09-13,-0.0,0.0,
2016-09-14,0.0,0.0,
2016-09-15,0.0,0.0,
2016-09-16,0.0,0.0,
2016-09-19,-0.0,0.0,
2016-09-20,-0.0,0.0,
2016-09-21,-0.0,0.0,
2016-09-22,-0.0,0.0,
2016-09-23,0.0,0.0,
2016-09-26,-0.0,0.0,
2016-09-27,0.0,0.0,
2016-09-28,0.0,0.0,
2016-09-29,-0.0,0.0,
2016-09-30,-0.0,0.0,
2016-10-03,-0.0,0.0,
2016-10-04,0.0,0.0,
2016-10-05,-0.0,0.0,
2016-10-06,-0.0,0.0,
2016-10-07,-0.0,0.0,
2016-10-10,0.0,0.0,
2016-10-11,-0.0,0.0,
2016-10-12,-0.0,0.0,
2016-10-13,0.0,0.0,
2016-10-14,0.0,0.0,
2016-10-17,0.0,0.0,
2016-10-18,-0.0,0.0,
2016-10-19,-0.0,0.0,
2016-10-20,0.0,0.0,
2016-10-21,0.0,0.0,
2016-10-24,-0.0,0.0,
2016-10-25,0.0,0.0,
2016-10-26,0.0,0.0,
2016-10-27,-0.0,0.0,
2016-10-28,0.0,0.0,
2016-10-31,0.0,0.0,
2016-11-02,0.0,0.0,
2016-11-03,-0.0,0.0,
2016-11-04,-0.0,0.0,
2016-11-07,-0.0,0.0,
2016-11-08,-0.0,0.0,
2016-11-09,-0.0,0.0,
2016-11-10,-0.0,0.0,
2016-11-11,-0.0,0.0,
2016-11-14,-0.0,0.0,
2016-11-15,-0.0,0.0,
2016-11-16,-0.0,0.0,
2016-11-17,0.0,0.0,
2016-11-18,-0.0,0.0,
2016-11-21,0.0,0.0,
2016-11-22,-0.0,0.0,
2016-11-23,0.0,0.0,
2016-11-25,0.0,0.0,
2016-11-28,0.0,0.0,
2016-11-29,-0.0,0.0,
2016-11-30,-0.0,0.0,
2016-12-01,0.0,0.0,
2016-12-02,-0.0,0.0,
2016-12-05,-0.0,0.0,
2016-12-06,-0.0,0.0,
2016-12-07,0.0,0.0,
2016-12-08,-0.0,0.0,
2016-12-09,-0.0,0.0,
2016-12-12,0.0,0.0,
2016-12-13,-0.0,0.0,
2016-12-14,0.0,0.0,
2016-12-15,0.0,0.0,
2016-12-16,0.0,0.0,
2016-12-19,-0.0,0.0,
2016-12-20,0.0,0.0,
2016-12-21,0.0,0.0,
2016-12-22,-0.0,0.0,
2016-12-23,0.0,0.0,
2016-12-27,0.0,0.0,
2016-12-28,-0.0,0.0,
2016-12-29,0.0,0.0,
2016-12-30,-0.0,0.0,
2017-01-03,-0.0,0.0,
2017-01-04,-0.0,0.0,
2017-01-05,-0.0,0.0,
2017-01-06,-0.0,0.0,
2017-01-09,-0.0,0.0,
2017-01-10,-0.0,0.0,
2017-01-11,0.0,0.0,
2017-01-12,0.0,0.0,
2017-01-13,0.0,0.0,
2017-01-17,-0.0,0.0,
2017-01-18,-0.0,0.0,
2017-01-19,-0.0,0.0,
2017-01-20,0.0,0.0,
2017-01-23,-0.0,0.0,
2017-01-24,-0.00013052838355522977,0.25697775512435855,
2017-01-25,-0.019176282775627423,0.19230455322816553,
2017-01-26,-0.0031311586218963163,0.376944778735151,
2017-01-27,-0.01685707253999367,0.376944778735151,
2017-01-30,-0.005883417431427502,0.376944778735151,
2017-01-31,0.02079209396209542,0.376944778735151,
2017-02-01,0.024554216336168423,0.0,
2017-02-02,-0.00019146401459563226,0.376944778735151,
2017-02-03,-0.007634885107261988,0.376944778735151,
2017-02-06,-0.027406922500992713,0.0,
2017-02-07,-0.0,0.0,
2017-02-08,0.0,0.0,
2017-02-09,-0.00019146401459563226,0.376944778735151,
2017-02-10,-0.0014016036892913401,0.376944778735151,
2017-02-13,-0.010718603886707215,0.376944778735151,
2017-02-14,-0.006895834795287723,0.376944778735151,
2017-02-15,0.009439554840874961,0.376944778735151,
2017-02-16,-0.030194465096241397,0.376944778735151,
2017-02-17,-0.005381610403053123,0.0,
2017-02-21,-0.0,0.0,
2017-02-22,0.0,0.0,
2017-02-23,-0.0,0.0,
2017-02-24,-0.00019146401459563226,0.376944778735151,
2017-02-27,0.019830390553440703,0.376944778735151,
2017-02-28,-0.018014656315905056,0.376944778735151,
2017-03-01,-0.086231090331649,0.0,
2017-03-02,0.0,0.0,
2017-03-03,-0.00018695532756703823,0.3680683011476065,
2017-03-06,0.04751603283306943,0.376944778735151,
2017-03-07,0.016547405885934362,0.376944778735151,
2017-03-08,0.06138454327506027,0.376944778735151,
2017-03-09,0.03387690364030766,0.28694274283413346,
2017-03-10,-0.018370160814984552,0.2117672490876285,
2017-03-13,-0.006640752982824267,0.28716554390524024,
2017-03-14,0.02357498394642038,0.28093304742899317,
2017-03-15,-0.013862884754432888,0.18994932746854365,
2017-03-16,-0.003751186737263555,0.1857503123501217,
2017-03-17,-0.0008254797838566904,0.1868323963290212,
2017-03-20,0.024825098287935075,0.199647623193623,
2017-03-21,0.007386801771737012,0.10526896170075026,
2017-03-22,-0.003187220079988416,0.10706848381644395,
2017-03-23,0.0011368986378328572,0.11025137814062234,
2017-03-24,0.0066227856003967835,0.11017416546220846,
2017-03-27,0.0034664347849964,0.0,
2017-03-28,-0.0,0.0,
2017-03-29,-0.0,0.0,
2017-03-30,-0.0,0.0,
2017-03-31,0.0,0.0,
2017-04-03,-8.869809771084312e-05,0.17462437986822238,
2017-04-04,0.009278046434078868,0.19810765631337227,
2017-04-05,-0.007529187280941741,0.14753838706806452,
2017-04-06,0.011226200886950137,0.16734837686522336,
2017-04-07,-0.010608044130088241,0.0,
2017-04-10,-8.269652656087014e-05,0.16280878666671308,
2017-04-11,-0.004489551872541908,0.16713325134644383,
2017-04-12,-0.003035757988005552,0.17672219139614917,
2017-04-13,-0.0005003478272089621,0.23958293589875806,
2017-04-17,0.0003544408807084534,0.24474843849651798,
2017-04-18,0.007091293573731272,0.24552492225238096,
2017-04-19,-0.0007136468870898856,0.2144088052931034,
2017-04-20,0.006900284018447858,0.22623541285203802,
2017-04-21,-0.0033500518359042292,0.0,
2017-04-24,-0.0,0.0,
2017-04-25,-0.0,0.0,
2017-04-26,-0.00012419166800919633,0.2445023463931053,
2017-04-27,-0.007879988156148958,0.36363741055577387,
2017-04-28,-0.023607176760394123,0.0,
2017-05-01,0.0,0.0,
2017-05-02,0.0,0.0,
2017-05-03,-0.0,0.0,
2017-05-04,0.0,0.0,
2017-05-05,-0.00019146401459563226,0.376944778735151,
2017-05-08,0.005293493711327006,0.36638231794960474,
2017-05-09,-0.00956539024605656,0.376944778735151,
2017-05-10,0.01591505557613887,0.376944778735151,
2017-05-11,0.007274765238016619,0.2864334242981422,
2017-05-12,0.007267942247141668,0.285941610507504,
2017-05-15,-0.009673313063306006,0.20859634617402004,
2017-05-16,0.013786004904255992,0.25822724645945067,
2017-05-17,-0.00169693651235037,0.0,
2017-05-18,-0.0,0.0,
2017-05-19,0.0,0.0,
2017-05-22,0.0,0.0,
2017-05-23,0.0,0.0,
2017-05-24,-0.0,0.0,
2017-05-25,0.0,0.0,
2017-05-26,0.0,0.0,
2017-05-30,-0.0,0.0,
2017-05-31,0.0,0.0,
2017-06-01,-0.0,0.0,
2017-06-02,0.0,0.0,
2017-06-05,-0.0,0.0,
2017-06-06,-0.0,0.0,
2017-06-07,-0.0,0.0,
2017-06-08,-0.0,0.0,
2017-06-09,0.0,0.0,
2017-06-12,-0.0,0.0,
2017-06-13,0.0,0.0,
2017-06-14,-0.0,0.0,
2017-06-15,0.0,0.0,
2017-06-16,0.0,0.0,
2017-06-19,0.0,0.0,
2017-06-20,-0.0,0.0,
2017-06-21,0.0,0.0,
2017-06-22,0.0,0.0,
2017-06-23,0.0,0.0,
2017-06-26,-0.0,0.0,
2017-06-27,-0.0,0.0,
2017-06-28,0.0,0.0,
2017-06-29,0.0,0.0,
2017-06-30,0.0,0.0,
2017-07-05,0.0,0.0,
2017-07-06,0.0,0.0,
2017-07-07,0.0,0.0,
2017-07-10,0.0,0.0,
2017-07-11,0.0,0.0,
2017-07-12,-0.0,0.0,
2017-07-13,-0.0,0.0,
2017-07-14,0.0,0.0,
2017-07-17,0.0,0.0,
2017-07-18,0.0,0.0,
2017-07-19,0.0,0.0,
2017-07-20,0.0,0.0,
2017-07-21,-0.0,0.0,
2017-07-24,-0.0,0.0,
2017-07-25,0.0,0.0,
2017-07-26,-0.0,0.0,
2017-07-27,0.0,0.0,
2017-07-28,0.0,0.0,
2017-07-31,0.0,0.0,
2017-08-01,0.0,0.0,
2017-08-02,-0.0,0.0,
2017-08-03,0.0,0.0,
2017-08-04,-0.0,0.0,
2017-08-07,-0.0,0.0,
2017-08-08,-0.0,0.0,
2017-08-09,0.0,0.0,
2017-08-10,-0.0,0.0,
2017-08-11,0.0,0.0,
2017-08-14,-0.0,0.0,
2017-08-15,0.0,0.0,
2017-08-16,-0.0,0.0,
2017-08-17,0.0,0.0,
2017-08-18,0.0,0.0,
2017-08-21,-0.0,0.0,
2017-08-22,0.0,0.0,
2017-08-23,0.0,0.0,
2017-08-24,0.0,0.0,
2017-08-25,-0.0,0.0,
2017-08-28,0.0,0.0,
2017-08-29,0.0,0.0,
2017-08-30,0.0,0.0,
2017-08-31,0.0,0.0,
2017-09-01,-0.0,0.0,
2017-09-05,-0.0,0.0,
2017-09-06,0.0,0.0,
2017-09-07,0.0,0.0,
2017-09-08,0.0,0.0,
2017-09-11,-0.0,0.0,
2017-09-12,0.0,0.0,
2017-09-13,-0.0,0.0,
2017-09-14,-0.0,0.0,
2017-09-15,0.0,0.0,
2017-09-18,-0.0,0.0,
2017-09-19,-0.0,0.0,
2017-09-20,-0.0,0.0,
2017-09-21,-0.0,0.0,
2017-09-22,0.0,0.0,
2017-09-25,0.0,0.0,
2017-09-26,-0.0,0.0,
2017-09-27,-0.0,0.0,
2017-09-28,-0.0,0.0,
2017-09-29,-0.0,0.0,
2017-10-02,-0.0,0.0,
2017-10-03,0.0,0.0,
2017-10-04,0.0,0.0,
2017-10-05,0.0,0.0,
2017-10-06,-0.0,0.0,
2017-10-09,-0.0,0.0,
2017-10-10,0.0,0.0,
2017-10-11,0.0,0.0,
2017-10-12,-0.0,0.0,
2017-10-13,0.0,0.0,
2017-10-16,-0.0,0.0,
2017-10-17,0.0,0.0,
2017-10-18,0.0,0.0,
2017-10-19,0.0,0.0,
2017-10-20,0.0,0.0,
2017-10-23,-0.0,0.0,
2017-10-24,0.0,0.0,
2017-10-25,0.0,0.0,
2017-10-26,0.0,0.0,
2017-10-27,-0.0,0.0,
2017-10-30,-0.0,0.0,
2017-10-31,0.0,0.0,
2017-11-01,-0.0,0.0,
2017-11-02,0.0,0.0,
2017-11-03,0.0,0.0,
2017-11-06,0.0,0.0,
2017-11-07,-0.0,0.0,
2017-11-08,0.0,0.0,
2017-11-09,-0.0,0.0,
2017-11-10,0.0,0.0,
2017-11-13,-0.0,0.0,
2017-11-14,-0.0,0.0,
2017-11-15,-0.0,0.0,
2017-11-16,-0.0,0.0,
2017-11-17,-0.0,0.0,
2017-11-20,0.0,0.0,
2017-11-21,0.0,0.0,
2017-11-22,-6.8763021795382e-05,0.13537719915965832,
2017-11-24,-0.001602082017445227,0.17208363196655466,
2017-11-27,0.006652715201510718,0.0,
2017-11-28,-8.880806488041084e-05,0.17484087773330884,
2017-11-29,-0.0023926976781007314,0.16853697859577424,
2017-11-30,-0.006113005079597632,0.22089771793130952,
2017-12-01,-0.0005227926402499548,0.0,
2017-12-04,-0.0,0.0,
2017-12-05,0.0,0.0,
2017-12-06,-0.0,0.0,
2017-12-07,0.0,0.0,
2017-12-08,0.0,0.0,
2017-12-11,-0.0,0.0,
2017-12-12,-0.0,0.0,
2017-12-13,-0.0,0.0,
2017-12-14,0.0,0.0,
2017-12-15,-0.00015776021489149458,0.3105904230676299,
2017-12-18,0.012110839612782531,0.376944778735151,
2017-12-19,0.011916945529268648,0.376944778735151,
2017-12-20,0.015935451594295196,0.2663920842202912,
2017-12-21,-0.00021253040475031364,0.1913710334783071,
2017-12-22,0.0067568432817979775,0.21136812019636977,
2017-12-26,0.007263808370093006,0.20373778612154625,
2017-12-27,-0.002442378783085685,0.15874269863705434,
2017-12-28,0.002685262758684262,0.0,
2017-12-29,-8.418252686545754e-05,0.16573434976636953,
2018-01-02,-1.6018690484975662e-06,0.20183550011069334,
2018-01-03,0.0004938577113085929,0.2580494548232037,
2018-01-04,-0.004187018301530918,0.2747625024153791,
2018-01-05,-0.0022114294828692324,0.0,
2018-01-08,-0.0,0.0,
2018-01-09,0.0,0.0,
2018-01-10,-0.0,0.0,
2018-01-11,-0.0,0.0,
2018-01-12,-0.0001890952047848066,0.37228118442008795,
2018-01-16,-0.002670376670332357,0.37228118442008795,
2018-01-17,0.011840196988639844,0.37228118442008795,
2018-01-18,0.01186806414727383,0.37228118442008795,
2018-01-19,0.0045943826926764485,0.348523349179435,
2018-01-22,0.009415162500095279,0.3651504901421429,
2018-01-23,0.00722185271270507,0.2675330009231506,
2018-01-24,-0.01094126255204018,0.20283234767118574,
2018-01-25,-0.00366464564281063,0.25109730977885864,
2018-01-26,0.008893069748037469,0.3701128944905353,
2018-01-29,-0.0011746265625661608,0.2461664957757345,
2018-01-30,-0.006956940637686092,0.2546400545452863,
2018-01-31,0.003619234068362197,0.3530821650403277,
2018-02-01,-0.024062198797336662,0.37228118442008795,
2018-02-02,-0.011224935023136413,0.37228118442008795,
2018-02-05,-0.002075056362065241,0.0,
2018-02-06,-0.0,0.0,
2018-02-07,-0.0,0.0,
2018-02-08,-0.0,0.0,
2018-02-09,0.0,0.0,
2018-02-12,-0.0,0.0,
2018-02-13,-0.0,0.0,
2018-02-14,-0.0,0.0,
2018-02-15,0.0,0.0,
2018-02-16,0.0,0.0,
2018-02-20,0.0,0.0,
2018-02-21,0.0,0.0,
2018-02-22,-0.0,0.0,
2018-02-23,-0.0001890952047848066,0.37228118442008795,
2018-02-26,0.00767401686936805,0.37228118442008795,
2018-02-27,-0.0031493974159952144,0.37228118442008795,
2018-02-28,-0.021330124667821283,0.37228118442008795,
2018-03-01,0.09430147618150798,0.37228118442008795,
2018-03-02,-0.111368382567381,0.0,
2018-03-05,-0.0,0.0,
2018-03-06,-0.00016350791696478814,0.32190621152442667,
2018-03-07,0.02574349424639914,0.3480150209751397,
2018-03-08,-0.009304206196565204,0.37228118442008795,
2018-03-09,-0.039656658578035,0.3641512236039042,
2018-03-12,0.008936956218274672,0.28636373745482246,
2018-03-13,0.017246932411836054,0.3045949907241255,
2018-03-14,0.017395212932277,0.3319624603291356,
2018-03-15,-0.0019521390611666647,0.29105822420819866,
2018-03-16,-0.002075729146001308,0.29005918057699187,
2018-03-19,-0.004015381282126798,0.28864967430610905,
2018-03-20,0.0020694044025746376,0.32777382494193186,
2018-03-21,0.023378318479507658,0.286641490728454,
2018-03-22,0.0022562585366873622,0.21054569468756612,
2018-03-23,-0.005149944230499674,0.21197490780173162,
2018-03-26,-0.003663055127335271,0.21854300682935132,
2018-03-27,0.0030035316102791977,0.21947455966491125,
2018-03-28,0.017519205483138022,0.21861883115090763,
2018-03-29,0.008173315569194447,0.1049983710026663,
2018-04-02,-0.000948262732874262,0.2649554088084764,
2018-04-03,-0.002392267145693033,0.37228118442008795,
2018-04-04,-0.0005759189400415987,0.37228118442008795,
2018-04-05,-0.0062388994805940194,0.37228118442008795,
2018-04-06,0.00281989593328319,0.0,
2018-04-09,0.0,0.0,
2018-04-10,0.0,0.0,
2018-04-11,0.0,0.0,
2018-04-12,-0.0,0.0,
2018-04-13,-0.0001890952047848066,0.37228118442008795,
2018-04-16,0.028054576096027763,0.2710362122465352,
2018-04-17,-0.009231305717189787,0.15622308117753503,
2018-04-18,-0.003124642891023211,0.17740406022362873,
2018-04-19,0.004681029583900242,0.21699274550556633,
2018-04-20,0.006358546531567144,0.1855439933850744,
2018-04-23,0.00510257294253605,0.0,
2018-04-24,0.0,0.0,
2018-04-25,-0.0,0.0,
2018-04-26,0.0,0.0,
2018-04-27,-0.0,0.0,
2018-04-30,-0.0,0.0,
2018-05-01,-0.0,0.0,
2018-05-02,-7.72680368335217e-05,0.15212144751599585,
2018-05-03,-0.00018167643862936907,0.15984742770728327,
2018-05-04,-0.001413916461768274,0.1639593432697361,
2018-05-07,-0.00525726275838661,0.2051192991177868,
2018-05-08,0.0220220900005215,0.0,
2018-05-09,-0.0,0.0,
2018-05-10,0.0,0.0,
2018-05-11,0.0,0.0,
2018-05-14,0.0,0.0,
2018-05-15,-0.0,0.0,
2018-05-16,0.0,0.0,
2018-05-17,0.0,0.0,
2018-05-18,-0.0,0.0,
2018-05-21,-0.0,0.0,
2018-05-22,0.0,0.0,
2018-05-23,0.0,0.0,
2018-05-24,0.0,0.0,
2018-05-25,0.0,0.0,
2018-05-29,0.0,0.0,
2018-05-30,0.0,0.0,
2018-05-31,0.0,0.0,
2018-06-01,0.0,0.0,
2018-06-04,0.0,0.0,
2018-06-05,-0.0,0.0,
2018-06-06,0.0,0.0,
2018-06-07,0.0,0.0,
2018-06-08,-0.0,0.0,
2018-06-11,-0.0,0.0,
2018-06-12,-0.0,0.0,
2018-06-13,0.0,0.0,
2018-06-14,-0.0,0.0,
2018-06-15,-0.0,0.0,
2018-06-18,0.0,0.0,
2018-06-19,0.0,0.0,
2018-06-20,-0.0,0.0,
2018-06-21,-0.0,0.0,
2018-06-22,-0.0,0.0,
2018-06-25,-0.0,0.0,
2018-06-26,-0.0,0.0,
2018-06-27,-0.0,0.0,
2018-06-28,0.0,0.0,
2018-06-29,-0.00011271251921596387,0.22190277220642887,
2018-07-02,-0.01707074904344914,0.08091141605395662,
2018-07-03,0.00040399548870367625,0.2037089402966888,
2018-07-05,0.021747404928971276,0.21620256185297193,
2018-07-06,-0.023462446333827224,0.060361245693663475,
2018-07-09,0.004326164501779763,0.19063708905355914,
2018-07-10,0.005433656860559553,0.06958893667725927,
2018-07-11,-0.0011658755825006482,0.0554392910762125,
2018-07-12,0.0011868185668314248,0.07133075259762807,
2018-07-13,0.0005076743317205049,0.05822429328059085,
2018-07-16,-0.002637321894727824,0.06084563804934994,
2018-07-17,0.002397569450045332,0.1109624631485837,
2018-07-18,0.0035437569008868776,0.06258504007380514,
2018-07-19,-0.002161400384240129,0.06268213696484529,
2018-07-20,-0.0009994823607301865,0.08255089306242491,
2018-07-23,0.019119171992626954,0.08217462637191131,
2018-07-24,-0.013592627759013105,0.0,
2018-07-25,-2.457325659552544e-05,0.04837859892244071,
2018-07-26,0.002641697015847004,0.0,
2018-07-27,0.0,0.0,
2018-07-30,-0.0,0.0,
2018-07-31,0.0,0.0,
2018-08-01,-2.9211577525255746e-05,0.05751029325284725,
2018-08-02,0.0023324550226629915,0.06676908304070607,
2018-08-03,0.0026670675643177505,0.059464214185045036,
2018-08-06,-0.0016351120691635317,0.0,
2018-08-07,0.0,0.0,
2018-08-08,-0.0,0.0,
2018-08-09,-0.0,0.0,
2018-08-10,0.0,0.0,
2018-08-13,0.0,0.0,
2018-08-14,0.0,0.0,
2018-08-15,-0.0,0.0,
2018-08-16,-0.0,0.0,
2018-08-17,-0.0,0.0,
2018-08-20,0.0,0.0,
2018-08-21,-0.0,0.0,
2018-08-22,0.0,0.0,
2018-08-23,-0.0,0.0,
2018-08-24,0.0,0.0,
2018-08-27,0.0,0.0,
2018-08-28,0.0,0.0,
2018-08-29,0.0,0.0,
2018-08-30,0.0,0.0,
2018-08-31,0.0,0.0,
2018-09-04,-0.0,0.0,
2018-09-05,-0.0,0.0,
2018-09-06,-0.0,0.0,
2018-09-07,0.0,0.0,
2018-09-10,-0.0,0.0,
2018-09-11,0.0,0.0,
2018-09-12,-0.0,0.0,
2018-09-13,-0.0,0.0,
2018-09-14,-0.0,0.0,
2018-09-17,0.0,0.0,
2018-09-18,0.0,0.0,
2018-09-19,-0.0,0.0,
2018-09-20,-0.0,0.0,
2018-09-21,-9.523158701886984e-05,0.1874871869434,
2018-09-24,-0.0020299658578487546,0.2127944003832908,
2018-09-25,0.0029275060177531708,0.2104948226958994,
2018-09-26,0.012210555541652554,0.21066610620308424,
2018-09-27,0.005911835094033799,0.0,
2018-09-28,-0.0,0.0,
2018-10-01,-0.0,0.0,
2018-10-02,0.0,0.0,
2018-10-03,-0.0,0.0,
2018-10-04,0.0,0.0,
2018-10-05,-0.0,0.0,
2018-10-08,0.0,0.0,
2018-10-09,-0.0,0.0,
2018-10-10,-0.0,0.0,
2018-10-11,-0.0,0.0,
2018-10-12,-6.529075737203818e-05,0.12854117857620015,
2018-10-15,-0.00314814517214194,0.14467509312426344,
2018-10-16,0.00836370694830855,0.1663158615554671,
2018-10-17,0.0048072099289419,0.0,
2018-10-18,-0.0,0.0,
2018-10-19,0.0,0.0,
2018-10-22,-0.0,0.0,
2018-10-23,-0.0,0.0,
2018-10-24,-0.0,0.0,
2018-10-25,-7.481157262745466e-05,0.14728528361030138,
2018-10-26,0.004942966498715925,0.15483009416638632,
2018-10-29,0.0003787415200493398,0.12439273605190855,
2018-10-30,0.001817729171816639,0.12792611152019207,
2018-10-31,-0.004857466627899223,0.0,
2018-11-01,-0.0,0.0,
2018-11-02,-7.41985450780086e-05,0.14607838562232942,
2018-11-05,-0.0021608120811043266,0.18771288195977207,
2018-11-06,0.01348958264749002,0.2640256837252453,
2018-11-07,-0.0002205308735534394,0.0,
2018-11-08,-6.224912930879623e-05,0.12255297332669257,
2018-11-09,-0.004713645261039677,0.1350502172758878,
2018-11-12,0.0013844057524004531,0.1905361163063526,
2018-11-13,0.009072114602563625,0.19613206303705838,
2018-11-14,0.005652115670683345,0.0,
2018-11-15,-0.0,0.0,
2018-11-16,0.0,0.0,
2018-11-19,-0.0,0.0,
2018-11-20,0.0,0.0,
2018-11-21,-0.0,0.0,
2018-11-26,-0.0001018290048483327,0.200475853295155,
2018-11-27,-0.0024323230779734507,0.19984855481842814,
2018-11-28,-0.00635842915384942,0.2964597343892121,
2018-11-29,0.005162197946883011,0.37228118442008795,
2018-11-30,0.004340652352588363,0.37228118442008795,
2018-12-03,-0.01992494954816116,0.0,
2018-12-04,-0.0001025634748985515,0.20192184120652326,
2018-12-05,0.008968322931190199,0.37228118442008795,
2018-12-06,0.015022004663120507,0.12649043324803816,
2018-12-07,-0.0011983019672363255,0.0,
2018-12-10,-0.0,0.0,
2018-12-11,-0.0,0.0,
2018-12-12,0.0,0.0,
2018-12-13,0.0,0.0,
2018-12-14,-0.0,0.0,
2018-12-17,-6.736099291244128e-05,0.13261695479636876,
2018-12-18,0.011521327089637472,0.20211213052503993,
2018-12-19,-0.00868483085308945,0.0,
2018-12-20,0.0,0.0,
2018-12-21,-0.0,0.0,
2018-12-26,0.0,0.0,
2018-12-27,0.0,0.0,
2018-12-28,-0.0,0.0,
2019-01-02,-2.524181388691584e-06,0.31804685497513957,
2019-01-03,0.002969175331978258,0.23037275579151478,
2019-01-04,-0.0027933197081728084,0.0,
2019-01-07,-0.0,0.0,
2019-01-08,-0.0,0.0,
2019-01-09,-0.0,0.0,
2019-01-10,-0.0,0.0,
2019-01-11,0.0,0.0,
2019-01-14,-0.0,0.0,
2019-01-15,-0.0,0.0,
2019-01-16,-0.0,0.0,
2019-01-17,0.0,0.0,
2019-01-18,-0.0,0.0,
2019-01-21,0.0,0.0,
2019-01-22,-0.0,0.0,
2019-01-23,-0.0,0.0,
2019-01-24,-0.0,0.0,
2019-01-25,-0.0,0.0,
2019-01-28,-0.0,0.0,
2019-01-29,-0.0,0.0,
2019-01-30,0.0,0.0,
2019-01-31,-0.00019485240687642724,0.38361567603796615,
2019-02-01,0.016462338476751572,0.0,
2019-02-04,0.0,0.0,
2019-02-05,-0.00019485240687642724,0.38361567603796615,
2019-02-06,0.019774234111680673,0.38361567603796615,
2019-02-07,0.01746920302217498,0.38361567603796615,
2019-02-08,0.019826504305455118,0.38361567603796615,
2019-02-11,-0.014049206636328804,0.38361567603796615,
2019-02-12,-0.00805216809293711,0.38361567603796615,
2019-02-13,0.023311320681543592,0.38361567603796615,
2019-02-14,0.029822970488404106,0.38361567603796615,
2019-02-15,0.040246048880066734,0.22288000527008386,
2019-02-18,-0.00011144000263504193,0.0,
2019-02-19,-0.0,0.0,
2019-02-20,-8.285223880243388e-05,0.1631153451422917,
2019-02-21,0.007696639574568765,0.13261580147281488,
2019-02-22,0.0001474578228699043,0.0,
2019-02-25,-0.0,0.0,
2019-02-26,-6.657256383444243e-05,0.13106473504905852,
2019-02-27,-0.0012958671229339894,0.0,
2019-02-28,-0.0,0.0,
2019-03-01,0.0,0.0,
2019-03-04,-0.0,0.0,
2019-03-05,0.0,0.0,
2019-03-06,0.0,0.0,
2019-03-07,-0.0,0.0,
2019-03-08,0.0,0.0,
2019-03-11,-0.0,0.0,
2019-03-12,-0.0,0.0,
2019-03-13,0.0,0.0,
2019-03-14,0.0,0.0,
2019-03-15,-0.0,0.0,
2019-03-18,0.0,0.0,
2019-03-19,0.0,0.0,
2019-03-20,-0.0,0.0,
2019-03-21,0.0,0.0,
2019-03-22,0.0,0.0,
2019-03-25,0.0,0.0,
2019-03-26,-0.0,0.0,
2019-03-27,-0.0,0.0,
2019-03-28,-0.0,0.0,
2019-03-29,-0.0,0.0,
2019-04-01,-7.690163268494251e-05,0.15140008934848057,
2019-04-02,0.0008141355910837297,0.3642080387289038,
2019-04-03,0.05376005202169455,0.2736948306505111,
2019-04-04,-0.0014030924852221104,0.0,
2019-04-05,0.0,0.0,
2019-04-08,-0.0,0.0,
2019-04-09,0.0,0.0,
2019-04-10,0.0,0.0,
2019-04-11,0.0,0.0,
2019-04-12,-0.0,0.0,
2019-04-15,0.0,0.0,
2019-04-16,0.0,0.0,
2019-04-17,0.0,0.0,
2019-04-18,0.0,0.0,
2019-04-22,0.0,0.0,
2019-04-23,-0.0,0.0,
2019-04-24,-0.0,0.0,
2019-04-25,0.0,0.0,
2019-04-26,0.0,0.0,
2019-04-29,0.0,0.0,
2019-04-30,-0.0,0.0,
2019-05-01,-0.0,0.0,
2019-05-02,0.0,0.0,
2019-05-03,-0.0,0.0,
2019-05-06,-0.0,0.0,
2019-05-07,-0.0,0.0,
2019-05-08,-8.418226463006382e-05,0.16573383349043813,
2019-05-09,0.0020624675640397543,0.13056316456554526,
2019-05-10,0.003967859816906938,0.11370659101681481,
2019-05-13,-0.0029242020939328596,0.0,
2019-05-14,-5.4894155760780826e-05,0.10807286915403726,
2019-05-15,0.0067909426497319925,0.10778846661540777,
2019-05-16,0.004811658346580308,0.0,
2019-05-17,-0.0,0.0,
2019-05-20,-0.0,0.0,
2019-05-21,-4.303662853527568e-05,0.08472836242882399,
2019-05-22,-0.00025704225030671646,0.08599041764117633,
2019-05-23,0.00305886882084498,0.08746035369653228,
2019-05-24,0.0009416475902457497,0.0,
2019-05-27,0.0,0.0,
2019-05-28,-0.0,0.0,
2019-05-29,-0.0,0.0,
2019-05-30,-0.0,0.0,
2019-05-31,-6.2966947116938e-05,0.12396617713647168,
2019-06-03,-0.018552265885902263,0.0,
2019-06-04,-0.00013816854394731043,0.2720193208962674,
2019-06-05,0.012143680305926182,0.21035192078485562,
2019-06-06,0.003790029783505152,0.11905606655197566,
2019-06-07,-0.004325640199314289,0.0,
2019-06-10,0.0,0.0,
2019-06-11,0.0,0.0,
2019-06-12,-0.0,0.0,
2019-06-13,0.0,0.0,
2019-06-14,0.0,0.0,
2019-06-17,-0.0,0.0,
2019-06-18,-6.456310383769166e-05,0.12710861068045542,
2019-06-19,0.00685779209011987,0.21065750791825177,
2019-06-20,-0.011180533926864947,0.08956068784741134,
2019-06-21,0.008820942826881593,0.1915788470693703,
2019-06-24,-0.009730936803385616,0.0,
2019-06-25,-3.7545266426493864e-05,0.0739172432771598,
2019-06-26,0.003796565311643635,0.0,
2019-06-27,-0.0,0.0,
2019-06-28,0.0,0.0,
2019-07-01,-0.0,0.0,
2019-07-02,0.0,0.0,
2019-07-03,-0.0,0.0,
2019-07-08,-0.0,0.0,
2019-07-09,0.0,0.0,
2019-07-10,-0.0,0.0,
2019-07-11,0.0,0.0,
2019-07-12,-0.0,0.0,
2019-07-15,-0.0,0.0,
2019-07-16,0.0,0.0,
2019-07-17,-0.0,0.0,
2019-07-18,0.0,0.0,
2019-07-19,0.0,0.0,
2019-07-22,-0.0,0.0,
2019-07-23,0.0,0.0,
2019-07-24,0.0,0.0,
2019-07-25,0.0,0.0,
2019-07-26,-0.0,0.0,
2019-07-29,-0.0,0.0,
2019-07-30,0.0,0.0,
2019-07-31,-0.0,0.0,
2019-08-01,-5.0690228259678083e-05,0.09979638688624122,
2019-08-02,-0.007486596672316552,0.0,
2019-08-05,-0.00011011960242725833,0.21679796727866485,
2019-08-06,-0.0004202379631640045,0.38361567603796615,
2019-08-07,0.0109621577415814,0.38361567603796615,
2019-08-08,-0.020887759727743798,0.23246448206299572,
2019-08-09,-0.013457401766209739,0.0,
2019-08-12,-0.0,0.0,
2019-08-13,0.0,0.0,
2019-08-14,-0.0,0.0,
2019-08-15,-0.0,0.0,
2019-08-16,-0.00019485240687642724,0.38361567603796615,
2019-08-19,-0.008481019368486149,0.3812453823509659,
2019-08-20,0.014868877070033398,0.38361567603796615,
2019-08-21,0.024611283721245852,0.38361567603796615,
2019-08-22,-0.013603028866641456,0.3737388046479728,
2019-08-23,0.004261635578529131,0.0,
2019-08-26,-0.0,0.0,
2019-08-27,-0.0,0.0,
2019-08-28,0.0,0.0,
2019-08-29,-0.0,0.0,
2019-08-30,-0.00019485240687642724,0.38361567603796615,
2019-09-02,-5.643493400642341e-06,0.3783339906759828,
2019-09-03,-0.06835745360362308,0.0,
2019-09-04,0.0,0.0,
2019-09-05,-0.00015530899335658045,0.3057645806707677,
2019-09-06,0.01831240226972692,0.32526443211408596,
2019-09-09,-0.01097121737317954,0.21737966817513468,
2019-09-10,0.008192992873373668,0.2841078326785458,
2019-09-11,0.009226774795019576,0.15454398273764697,
2019-09-12,-0.0017978020902541345,0.11136084020491253,
2019-09-13,0.0035237463007528297,0.15825226450203994,
2019-09-16,-0.009396383780643829,0.11396768500079686,
2019-09-17,0.008184224138580491,0.21107345427218674,
2019-09-18,0.0030325089321627053,0.08542812698239796,
2019-09-19,0.00799974463074303,0.09023013638813625,
2019-09-20,-0.00470953369834601,0.0,
2019-09-23,-3.3090507113951895e-05,0.0651469358805928,
2019-09-24,0.00024601919711387014,0.0794426882013054,
2019-09-25,0.0007989982728260648,0.08110756545778255,
2019-09-26,0.005264520072496129,0.08526920276812919,
2019-09-27,-0.0003880052092024555,0.0,
2019-09-30,-0.0,0.0,
2019-10-01,-0.0,0.0,
2019-10-02,0.0,0.0,
2019-10-03,-0.0,0.0,
2019-10-04,0.0,0.0,
2019-10-07,0.0,0.0,
2019-10-08,-0.0,0.0,
2019-10-09,0.0,0.0,
2019-10-10,0.0,0.0,
2019-10-11,-0.0,0.0,
2019-10-14,-0.0,0.0,
2019-10-15,0.0,0.0,
2019-10-16,0.0,0.0,
2019-10-17,-0.0,0.0,
2019-10-18,0.0,0.0,
2019-10-21,0.0,0.0,
2019-10-22,-0.0,0.0,
2019-10-23,-0.0,0.0,
2019-10-24,0.0,0.0,
2019-10-25,-0.0,0.0,
2019-10-28,0.0,0.0,
2019-10-29,0.0,0.0,
2019-10-30,-0.0,0.0,
2019-10-31,-0.0,0.0,
2019-11-01,-0.0,0.0,
2019-11-04,0.0,0.0,
2019-11-05,-0.0,0.0,
2019-11-06,-0.0,0.0,
2019-11-07,-0.0,0.0,
2019-11-08,-5.4473862993555176e-05,0.10724541776856175,
2019-11-11,-0.0019066809734781455,0.13400269982856994,
2019-11-12,-0.002259706419495973,0.13311009233595644,
2019-11-13,0.005095890400293629,0.1758515620485132,
2019-11-14,-0.0030171767503763373,0.1036028183108218,
2019-11-15,-0.00046241544937958897,0.12825943276132695,
2019-11-18,-0.006675656132586982,0.12821825798355435,
2019-11-19,0.0048649395031499735,0.2068336942473266,
2019-11-20,0.003784852707913875,0.1285606161347129,
2019-11-21,-0.0010996599899520502,0.1283868310222738,
2019-11-22,0.0013583731428562994,0.1305606764544688,
2019-11-25,-0.0005621984751890609,0.1319766573675721,
2019-11-26,0.00010592274854217556,0.14126574754928983,
2019-11-27,-0.006109207777076612,0.14547995909822017,
2019-11-29,-2.1203608669518646e-05,0.18495143930542532,
2019-12-02,-0.015139851747013426,0.0,
2019-12-03,-0.0,0.0,
2019-12-04,-0.0,0.0,
2019-12-05,0.0,0.0,
2019-12-06,0.0,0.0,
2019-12-09,0.0,0.0,
2019-12-10,0.0,0.0,
2019-12-11,-0.0,0.0,
2019-12-12,-0.0,0.0,
2019-12-13,0.0,0.0,
2019-12-16,0.0,0.0,
2019-12-17,0.0,0.0,
2019-12-18,0.0,0.0,
2019-12-19,0.0,0.0,
2019-12-20,-0.00011310297680993413,0.2226714855945578,
2019-12-23,0.0015743240774806738,0.16645492713229645,
2019-12-24,-0.00031350390809525516,0.1683850718167254,
2019-12-26,0.003052113536834233,0.16951095557866647,
2019-12-27,-0.0025131006149648194,0.16341082489594738,
2019-12-30,-0.0061623055468193735,0.1765572372504445,
2019-12-31,-0.004817600741096161,0.20633749958555803,
2020-01-02,-3.070328555649085e-06,0.38686139801178476,
2020-01-03,-9.632510640255332e-05,0.0,
2020-01-06,-0.0,0.0,
2020-01-07,-0.0,0.0,
2020-01-08,0.0,0.0,
2020-01-09,-0.0,0.0,
2020-01-10,0.0,0.0,
2020-01-13,0.0,0.0,
2020-01-14,-0.0,0.0,
2020-01-15,-0.0,0.0,
2020-01-16,-0.0,0.0,
2020-01-17,-0.0,0.0,
2020-01-21,-0.0,0.0,
2020-01-22,-0.0,0.0,
2020-01-23,0.0,0.0,
2020-01-24,-0.00019650102756154148,0.38686139801178476,
2020-01-27,-0.028407841365097428,0.38686139801178476,
2020-01-28,0.029280026793717658,0.38686139801178476,
2020-01-29,0.010064722626509013,0.38686139801178476,
2020-01-30,0.010031368147988842,0.38686139801178476,
2020-01-31,-0.013317821409058999,0.38686139801178476,
2020-02-03,0.0002071190308089769,0.38686139801178476,
2020-02-04,-0.00016172086394157024,0.38686139801178476,
2020-02-05,0.029169197369112464,0.38686139801178476,
2020-02-06,0.0029642067464760663,0.38686139801178476,
2020-02-07,0.03000467971251188,0.38686139801178476,
2020-02-10,0.007969044648453522,0.38686139801178476,
2020-02-11,-0.013733693043096816,0.3750878743226928,
2020-02-12,0.039313128593619295,0.38686139801178476,
2020-02-13,-0.008883013681855213,0.1657128544565364,
2020-02-14,-0.0013217330791006569,0.22609038812490878,
2020-02-18,0.004212424370616584,0.2336293355399946,
2020-02-19,0.01153315754778963,0.17228311051754022,
2020-02-20,-0.00675393155232923,0.13165051745975676,
2020-02-21,-0.0010518444208989328,0.16766478612857957,
2020-02-24,-0.0016703713462881407,0.17684362682068208,
2020-02-25,-0.0101503032673615,0.1846177032204639,
2020-02-26,-0.016751408550583165,0.0,
2020-02-27,-0.0,0.0,
2020-02-28,-0.00019650102756154148,0.38686139801178476,
2020-03-02,0.020429768626502438,0.21919556446475666,
2020-03-03,-0.013463381175779176,0.12093904631627704,
2020-03-04,0.010872856101686992,0.1975624433984464,
2020-03-05,-0.011933883075304345,0.07764510073752608,
2020-03-06,0.0005516330815608921,0.12980890350632973,
2020-03-09,-0.0011004035015103274,0.12969760754351792,
2020-03-10,-0.006643000212510285,0.13873532768136235,
2020-03-11,-0.010945645982556837,0.0,
2020-03-12,-0.0,0.0,
2020-03-13,0.0,0.0,
2020-03-16,-0.0,0.0,
2020-03-17,0.0,0.0,
2020-03-18,0.0,0.0,
2020-03-19,-7.767728283733775e-05,0.1529271505860087,
2020-03-20,0.03728174468748979,0.0,
2020-03-23,-7.060835402524586e-05,0.1390101969872028,
2020-03-24,0.026377465708055044,0.0,
2020-03-25,0.0,0.0,
2020-03-26,-4.9761939818585626e-05,0.09796881901784045,
2020-03-27,0.01758077082074969,0.07320579270397147,
2020-03-30,0.004823047977593457,0.029508214124922823,
2020-03-31,-0.016697606073394527,0.0,
2020-04-01,-0.0,0.0,
2020-04-02,-0.0,0.0,
2020-04-03,-0.0,0.0,
2020-04-06,0.0,0.0,
2020-04-07,0.0,0.0,
2020-04-08,0.0,0.0,
2020-04-09,0.0,0.0,
2020-04-13,0.0,0.0,
2020-04-14,0.0,0.0,
2020-04-15,-0.0,0.0,
2020-04-16,0.0,0.0,
2020-04-17,0.0,0.0,
2020-04-20,0.0,0.0,
2020-04-21,-0.0,0.0,
2020-04-22,-0.0,0.0,
2020-04-23,-0.0,0.0,
2020-04-24,-0.0,0.0,
2020-04-27,0.0,0.0,
2020-04-28,0.0,0.0,
2020-04-29,0.0,0.0,
2020-04-30,-0.0,0.0,
2020-05-01,-1.4829332982133921e-05,0.029195249308576157,
2020-05-04,0.0042601923338549865,0.030001423511079334,
2020-05-05,-0.003242008043220242,0.02125845273135596,
2020-05-06,-0.0013630150362156633,0.0,
2020-05-07,0.0,0.0,
2020-05-08,0.0,0.0,
2020-05-11,-0.0,0.0,
2020-05-12,-0.0,0.0,
2020-05-13,-0.0,0.0,
2020-05-14,0.0,0.0,
2020-05-15,-1.5089046414556417e-05,0.029706560128657945,
2020-05-18,0.002541925996439609,0.03942754737086747,
2020-05-19,-0.0031248111096381153,0.05070048059287623,
2020-05-20,-0.003360959600865369,0.14874197425414531,
2020-05-21,-0.011053326491046777,0.0,
2020-05-22,0.0,0.0,
2020-05-26,-0.0,0.0,
2020-05-27,-0.0,0.0,
2020-05-28,-0.0,0.0,
2020-05-29,0.0,0.0,
2020-06-01,0.0,0.0,
2020-06-02,0.0,0.0,
2020-06-03,-0.0,0.0,
2020-06-04,0.0,0.0,
2020-06-05,0.0,0.0,
2020-06-08,0.0,0.0,
2020-06-09,-0.0,0.0,
2020-06-10,-0.0,0.0,
2020-06-11,-0.0,0.0,
2020-06-12,-9.638448562851558e-05,0.18975695608114004,
2020-06-15,0.019237035877383842,0.10108371569236199,
2020-06-16,0.012254113292533989,0.10073052397298514,
2020-06-17,0.009804289761112339,0.0792015013794728,
2020-06-18,0.007877781920127907,0.08028246795127914,
2020-06-19,-0.009629297254300374,0.08026637733369915,
2020-06-22,0.006601929861212982,0.07967743484263128,
2020-06-23,0.002340838937726212,0.07785880472196845,
2020-06-24,-0.01062801334992791,0.0,
2020-06-25,-3.806312560633588e-05,0.07493677853747376,
2020-06-26,-0.021753719816253406,0.0,
2020-06-29,0.0,0.0,
2020-06-30,-4.783470752770219e-05,0.09417458044516368,
2020-07-01,0.0019308976511814822,0.06953535797133402,
2020-07-02,0.0035082543524178832,0.07242043570125489,
2020-07-06,0.002787767727180188,0.0761031762848404,
2020-07-07,0.0037590409469599947,0.08046064575485684,
2020-07-08,0.005004784903731434,0.0,
2020-07-09,-0.0,0.0,
2020-07-10,0.0,0.0,
2020-07-13,-0.0,0.0,
2020-07-14,-0.0,0.0,
2020-07-15,-0.0,0.0,
2020-07-16,-0.0,0.0,
2020-07-17,-0.0,0.0,
2020-07-20,0.0,0.0,
2020-07-21,0.0,0.0,
2020-07-22,-0.0,0.0,
2020-07-23,-0.0,0.0,
2020-07-24,0.0,0.0,
2020-07-27,-0.0,0.0,
2020-07-28,0.0,0.0,
2020-07-29,-0.0,0.0,
2020-07-30,0.0,0.0,
2020-07-31,-0.0,0.0,
2020-08-03,-9.520855436383243e-05,0.1874418414037951,
2020-08-04,-0.005838474996588266,0.19107114886068885,
2020-08-05,-0.0008622235475718088,0.19445559678258634,
2020-08-06,0.006936095431204615,0.20941775798211004,
2020-08-07,-0.005913325857041842,0.20919184885807265,
2020-08-10,0.0015017633146393273,0.20466579830230344,
2020-08-11,-0.010922185644840812,0.2065734688590484,
2020-08-12,0.01285267923659436,0.2010972370236441,
2020-08-13,0.0009248135075346414,0.19192791824505195,
2020-08-14,0.009783216518726589,0.20532944592980945,
2020-08-17,-0.005278199633243839,0.15123853660942677,
2020-08-18,0.008822951047114174,0.19386091009837406,
2020-08-19,0.001814076786590155,0.1619877923874472,
2020-08-20,0.011881815603439818,0.16382996856290705,
2020-08-21,-0.011049650068553971,0.1567565329585824,
2020-08-24,0.04849855380330852,0.15177271660838298,
2020-08-25,-0.0060096318119428095,0.0,
2020-08-26,-0.0,0.0,
2020-08-27,-0.0,0.0,
2020-08-28,-5.662487116696655e-05,0.11148021510996539,
2020-08-31,-0.013233633512279293,0.0,
2020-09-01,-6.891046633914086e-05,0.13566748060518358,
2020-09-02,-0.019905639677744256,0.0,
2020-09-03,-5.900067694943086e-05,0.11615758274419201,
2020-09-04,0.007128872747628801,0.06735890655462426,
2020-09-08,0.0005762898173432329,0.0,
2020-09-09,-0.0,0.0,
2020-09-10,-0.0,0.0,
2020-09-11,0.0,0.0,
2020-09-14,0.0,0.0,
2020-09-15,-0.0,0.0,
2020-09-16,0.0,0.0,
2020-09-17,0.0,0.0,
2020-09-18,0.0,0.0,
2020-09-21,-0.0,0.0,
2020-09-22,-0.0,0.0,
2020-09-23,-0.0,0.0,
2020-09-24,0.0,0.0,
2020-09-25,0.0,0.0,
2020-09-28,0.0,0.0,
2020-09-29,-0.0,0.0,
2020-09-30,-0.0,0.0,
2020-10-01,0.0,0.0,
2020-10-02,0.0,0.0,
2020-10-05,0.0,0.0,
2020-10-06,-0.0,0.0,
2020-10-07,-0.0,0.0,
2020-10-08,0.0,0.0,
2020-10-09,-0.0,0.0,
2020-10-12,0.0,0.0,
2020-10-13,-0.0,0.0,
2020-10-14,0.0,0.0,
2020-10-15,-0.0,0.0,
2020-10-16,-0.0,0.0,
2020-10-19,-0.0,0.0,
2020-10-20,-9.55713691728254e-05,0.18815613305900003,
2020-10-21,-0.005213081562143736,0.2069130209741841,
2020-10-22,-0.0014764820666979465,0.2643467630969908,
2020-10-23,0.0017551531588269266,0.26282866956591466,
2020-10-26,0.005709328520748949,0.2293772832590152,
2020-10-27,0.005466398017225526,0.19251311867753923,
2020-10-28,-0.0015774041539060534,0.20361163575844268,
2020-10-29,0.001904522835337113,0.2034445621690806,
2020-10-30,0.00358301545376976,0.0,
2020-11-02,-0.0,0.0,
2020-11-03,0.0,0.0,
2020-11-04,-0.0,0.0,
2020-11-05,-9.903329063486632e-05,0.19497179093739309,
2020-11-06,0.013392214036099043,0.0,
2020-11-09,-0.0,0.0,
2020-11-10,0.0,0.0,
2020-11-11,-0.0,0.0,
2020-11-12,-0.0,0.0,
2020-11-13,-0.0,0.0,
2020-11-16,-0.0,0.0,
2020-11-17,0.0,0.0,
2020-11-18,-0.0,0.0,
2020-11-19,0.0,0.0,
2020-11-20,0.0,0.0,
2020-11-23,-0.0,0.0,
2020-11-24,0.0,0.0,
2020-11-25,0.0,0.0,
2020-11-30,-0.0,0.0,
2020-12-01,-0.0,0.0,
2020-12-02,0.0,0.0,
2020-12-03,0.0,0.0,
2020-12-04,-0.0,0.0,
2020-12-07,0.0,0.0,
2020-12-08,0.0,0.0,
2020-12-09,0.0,0.0,
2020-12-10,0.0,0.0,
2020-12-11,-0.0,0.0,
2020-12-14,0.0,0.0,
2020-12-15,-0.0,0.0,
2020-12-16,0.0,0.0,
2020-12-17,0.0,0.0,
2020-12-18,-0.0,0.0,
2020-12-21,-0.0,0.0,
2020-12-22,0.0,0.0,
2020-12-23,0.0,0.0,
2020-12-24,-0.0,0.0,
2020-12-28,0.0,0.0,
2020-12-29,0.0,0.0,
2020-12-30,0.0,0.0,
2020-12-31,-0.0,0.0,
2021-01-04,-0.0,0.0,
2021-01-05,0.0,0.0,
2021-01-06,-0.0,0.0,
2021-01-07,0.0,0.0,
2021-01-08,0.0,0.0,
2021-01-11,-0.0,0.0,
2021-01-12,0.0,0.0,
2021-01-13,0.0,0.0,
2021-01-14,0.0,0.0,
2021-01-15,-0.0,0.0,
2021-01-19,0.0,0.0,
2021-01-20,-0.0,0.0,
2021-01-21,0.0,0.0,
2021-01-22,0.0,0.0,
2021-01-25,0.0,0.0,
2021-01-26,0.0,0.0,
2021-01-27,-0.0,0.0,
2021-01-28,0.0,0.0,
2021-01-29,-0.0,0.0,
2021-02-01,0.0,0.0,
2021-02-02,0.0,0.0,
2021-02-03,0.0,0.0,
2021-02-04,-0.0,0.0,
2021-02-05,-0.0,0.0,
2021-02-08,0.0,0.0,
2021-02-09,-0.0,0.0,
2021-02-10,-0.0,0.0,
2021-02-11,-7.089538039746383e-05,0.13957528015750692,
2021-02-12,0.004835747493267689,0.0,
2021-02-16,0.0,0.0,
2021-02-17,0.0,0.0,
2021-02-18,-0.0,0.0,
2021-02-19,0.0,0.0,
2021-02-22,-0.0,0.0,
2021-02-23,0.0,0.0,
2021-02-24,-0.0,0.0,
2021-02-25,-0.0,0.0,
2021-02-26,0.0,0.0,
2021-03-01,-0.0,0.0,
2021-03-02,0.0,0.0,
2021-03-03,-0.0,0.0,
2021-03-04,0.0,0.0,
2021-03-05,0.0,0.0,
2021-03-08,-0.0,0.0,
2021-03-09,0.0,0.0,
2021-03-10,0.0,0.0,
2021-03-11,0.0,0.0,
2021-03-12,0.0,0.0,
2021-03-15,-0.0,0.0,
2021-03-16,-0.0,0.0,
2021-03-17,-0.0,0.0,
2021-03-18,-0.0,0.0,
2021-03-19,-0.0,0.0,
2021-03-22,0.0,0.0,
2021-03-23,0.0,0.0,
2021-03-24,0.0,0.0,
2021-03-25,-0.0,0.0,
2021-03-26,-0.0,0.0,
2021-03-29,0.0,0.0,
2021-03-30,0.0,0.0,
2021-03-31,0.0,0.0,
2021-04-01,0.0,0.0,
2021-04-05,0.0,0.0,
2021-04-06,0.0,0.0,
2021-04-07,-0.0,0.0,
2021-04-08,0.0,0.0,
2021-04-09,0.0,0.0,
2021-04-12,-0.0,0.0,
2021-04-13,-0.0,0.0,
2021-04-14,-0.0,0.0,
2021-04-15,0.0,0.0,
2021-04-16,-0.0,0.0,
2021-04-19,-0.0,0.0,
2021-04-20,-0.0,0.0,
2021-04-21,-0.0,0.0,
2021-04-22,0.0,0.0,
2021-04-23,-0.0,0.0,
2021-04-26,-0.0,0.0,
2021-04-27,0.0,0.0,
2021-04-28,0.0,0.0,
2021-04-29,0.0,0.0,
2021-04-30,0.0,0.0,
2021-05-03,0.0,0.0,
2021-05-04,0.0,0.0,
2021-05-05,-0.0,0.0,
2021-05-06,0.0,0.0,
2021-05-07,0.0,0.0,
2021-05-10,0.0,0.0,
2021-05-11,0.0,0.0,
2021-05-12,0.0,0.0,
2021-05-13,-0.0,0.0,
2021-05-14,0.0,0.0,
2021-05-17,0.0,0.0,
2021-05-18,0.0,0.0,
2021-05-19,-0.0,0.0,
2021-05-20,-0.0,0.0,
2021-05-21,-0.0,0.0,
2021-05-24,-0.0,0.0,
2021-05-25,-0.0,0.0,
2021-05-26,0.0,0.0,
2021-05-27,-0.0,0.0,
2021-05-28,-0.0,0.0,
2021-06-01,0.0,0.0,
2021-06-02,-0.0,0.0,
2021-06-03,0.0,0.0,
2021-06-04,-0.0,0.0,
2021-06-07,0.0,0.0,
2021-06-08,0.0,0.0,
2021-06-09,-0.0,0.0,
2021-06-10,0.0,0.0,
2021-06-11,-0.0,0.0,
2021-06-14,-0.0,0.0,
2021-06-15,-0.0,0.0,
2021-06-16,-0.0,0.0,
2021-06-17,0.0,0.0,
2021-06-18,-0.0001825105996339255,0.3593177430292908,
2021-06-21,-0.012859653447210842,0.2867055432636407,
2021-06-22,0.026675162465932243,0.3593177430292908,
2021-06-23,0.02763313895347239,0.10665995839708414,
2021-06-24,-0.0018352868609253599,0.0,
2021-06-25,-0.0,0.0,
2021-06-28,-0.00011311703760738598,0.22269916778954113,
2021-06-29,0.012161875041940263,0.3071498869440271,
2021-06-30,-0.008558105164367634,0.08707628431001084,
2021-07-01,-0.004069497501396601,0.12959385100744877,
2021-07-02,0.011375752031515259,0.272061594930902,
2021-07-06,-0.014126150474499433,0.06010347912476565,
2021-07-07,1.991498967876922e-05,0.11032292242523895,
2021-07-08,0.00872695766728881,0.11224444003823755,
2021-07-09,-0.003077373556955593,0.0,
2021-07-12,-2.8049793604682216e-05,0.05522303115921811,
2021-07-13,0.001273212455723593,0.0,
2021-07-14,0.0,0.0,
2021-07-15,-0.0,0.0,
2021-07-16,-0.0,0.0,
2021-07-19,-0.0,0.0,
2021-07-20,0.0,0.0,
2021-07-21,0.0,0.0,
2021-07-22,0.0,0.0,
2021-07-23,0.0,0.0,
2021-07-26,0.0,0.0,
2021-07-27,0.0,0.0,
2021-07-28,-0.0,0.0,
2021-07-29,0.0,0.0,
2021-07-30,-0.0,0.0,
2021-08-02,-0.0,0.0,
2021-08-03,0.0,0.0,
2021-08-04,0.0,0.0,
2021-08-05,0.0,0.0,
2021-08-06,-0.0,0.0,
2021-08-09,0.0,0.0,
2021-08-10,-0.0,0.0,
2021-08-11,0.0,0.0,
2021-08-12,-0.0,0.0,
2021-08-13,-0.0,0.0,
2021-08-16,-0.0,0.0,
2021-08-17,-0.0,0.0,
2021-08-18,-0.0,0.0,
2021-08-19,0.0,0.0,
2021-08-20,-0.0,0.0,
2021-08-23,-3.734258269072292e-05,0.07351820967236074,
2021-08-24,0.0026042324933684816,0.0,
2021-08-25,0.0,0.0,
2021-08-26,-0.0,0.0,
2021-08-27,-0.0,0.0,
2021-08-30,0.0,0.0,
2021-08-31,0.0,0.0,
2021-09-01,-0.0,0.0,
2021-09-02,0.0,0.0,
2021-09-03,0.0,0.0,
2021-09-07,-0.0,0.0,
2021-09-08,-0.0,0.0,
2021-09-09,0.0,0.0,
2021-09-10,-0.0,0.0,
2021-09-13,-0.0,0.0,
2021-09-14,0.0,0.0,
2021-09-15,-0.0,0.0,
2021-09-16,-0.0,0.0,
2021-09-17,0.0,0.0,
2021-09-20,-0.0,0.0,
2021-09-21,-0.0,0.0,
2021-09-22,-0.0,0.0,
2021-09-23,-5.176409378039814e-05,0.10191055963015884,
2021-09-24,-0.00175488428871574,0.0961120599263191,
2021-09-27,-0.0021615732270761,0.1208050682237716,
2021-09-28,-0.004090994008378454,0.1784063400746606,
2021-09-29,0.011925176624661584,0.283919056560702,
2021-09-30,0.012700845145101464,0.08300393317668915,
2021-10-01,0.0027161157783093712,0.0,
2021-10-04,0.0,0.0,
2021-10-05,-0.0,0.0,
2021-10-06,-0.0,0.0,
2021-10-07,0.0,0.0,
2021-10-08,-0.0,0.0,
2021-10-11,0.0,0.0,
2021-10-12,-0.0,0.0,
2021-10-13,0.0,0.0,
2021-10-14,0.0,0.0,
2021-10-15,0.0,0.0,
2021-10-18,-0.0,0.0,
2021-10-19,-0.0,0.0,
2021-10-20,0.0,0.0,
2021-10-21,-0.0,0.0,
2021-10-22,-0.0,0.0,
2021-10-25,0.0,0.0,
2021-10-26,-0.0,0.0,
2021-10-27,-0.0,0.0,
2021-10-28,0.0,0.0,
2021-10-29,-0.0,0.0,
2021-11-01,-0.0,0.0,
2021-11-02,0.0,0.0,
2021-11-03,-0.0,0.0,
2021-11-04,0.0,0.0,
2021-11-05,-0.0,0.0,
2021-11-08,-0.0,0.0,
2021-11-09,-3.083758931089201e-05,0.06071150395581865,
2021-11-10,-0.0005770126441715493,0.07834352644835707,
2021-11-11,0.00020735383265698697,0.12274321303992713,
2021-11-12,0.000512323743680086,0.12617348008826804,
2021-11-15,0.0012791497218932176,0.13298715772565414,
2021-11-16,0.005023988969087177,0.1367363769969083,
2021-11-17,-0.003279108452054128,0.07141269905048654,
2021-11-18,8.753825016845706e-05,0.08904930088547244,
2021-11-19,-0.004342305532182539,0.08922685636172627,
2021-11-22,0.0040309093041789295,0.29574497933560406,
2021-11-23,0.02407683907988287,0.08744784858299283,
2021-11-24,-0.0045231818787820005,0.0,
2021-11-29,-3.127662532322741e-05,0.061575856105103965,
2021-11-30,-0.0008353378039484301,0.28822148061293984,
2021-12-01,-0.002749250546613331,0.10916767352537902,
2021-12-02,0.008236554731089417,0.11739434544386813,
2021-12-03,-0.005219919394474686,0.0,
2021-12-06,0.0,0.0,
2021-12-07,0.0,0.0,
2021-12-08,0.0,0.0,
2021-12-09,-0.0,0.0,
2021-12-10,0.0,0.0,
2021-12-13,-0.0,0.0,
2021-12-14,-0.0,0.0,
2021-12-15,0.0,0.0,
2021-12-16,-0.0,0.0,
2021-12-17,0.0,0.0,
2021-12-20,0.0,0.0,
2021-12-21,0.0,0.0,
2021-12-22,-0.0,0.0,
2021-12-23,0.0,0.0,
2021-12-27,-0.0,0.0,
2021-12-28,-0.0,0.0,
2021-12-29,0.0,0.0,
2021-12-30,-0.0,0.0,
2021-12-31,-0.0,0.0,
2022-01-03,-1.0710461158343932e-06,0.13495181059513356,
2022-01-04,0.0007911109481524895,0.0,
2022-01-05,-0.0,0.0,
2022-01-06,-7.032439374042412e-05,0.13845115017645998,
2022-01-07,0.0037319244638446547,0.0,
2022-01-10,0.0,0.0,
2022-01-11,0.0,0.0,
2022-01-12,0.0,0.0,
2022-01-13,-0.0,0.0,
2022-01-14,0.0,0.0,
2022-01-18,-0.0,0.0,
2022-01-19,-0.0,0.0,
2022-01-20,-0.0,0.0,
2022-01-21,-0.00018398382495164546,0.362218155373552,
2022-01-24,-0.007556280914741144,0.0,
2022-01-25,-0.0,0.0,
2022-01-26,-7.49795670856483e-05,0.14761602269987006,
2022-01-27,0.02122110701247972,0.0,
2022-01-28,-0.0,0.0,
2022-01-31,-0.0,0.0,
2022-02-01,-6.680950699053667e-05,0.13153121688761907,
2022-02-02,0.005207481787999193,0.0,
2022-02-03,0.0,0.0,
2022-02-04,-0.0,0.0,
2022-02-07,0.0,0.0,
2022-02-08,0.0,0.0,
2022-02-09,0.0,0.0,
2022-02-10,-0.0,0.0,
2022-02-11,0.0,0.0,
2022-02-14,-0.0,0.0,
2022-02-15,-0.0,0.0,
2022-02-16,-0.0,0.0,
2022-02-17,-9.742916336802094e-05,0.19181366538079123,
2022-02-18,0.008017346517515825,0.041085287586999586,
2022-02-22,-0.001592988681142475,0.0,
2022-02-23,-2.1228744168031814e-05,0.04179409008081263,
2022-02-24,0.0026743083082875507,0.0,
2022-02-25,-0.0,0.0,
2022-02-28,-0.0,0.0,
2022-03-01,0.0,0.0,
2022-03-02,-0.0,0.0,
2022-03-03,0.0,0.0,
2022-03-04,0.0,0.0,
2022-03-07,0.0,0.0,
2022-03-08,0.0,0.0,
2022-03-09,-0.0,0.0,
2022-03-10,-0.0,0.0,
2022-03-11,0.0,0.0,
2022-03-14,-0.0,0.0,
2022-03-15,-0.0,0.0,
2022-03-16,0.0,0.0,
2022-03-17,0.0,0.0,
2022-03-18,0.0,0.0,
2022-03-21,-0.0,0.0,
2022-03-22,0.0,0.0,
2022-03-23,0.0,0.0,
2022-03-24,-0.0,0.0,
2022-03-25,-0.0,0.0,
2022-03-28,-0.0,0.0,
2022-03-29,0.0,0.0,
2022-03-30,-0.0,0.0,
2022-03-31,0.0,0.0,
2022-04-01,-0.0,0.0,
2022-04-04,0.0,0.0,
2022-04-05,-0.0,0.0,
2022-04-06,0.0,0.0,
2022-04-07,-0.0,0.0,
2022-04-08,0.0,0.0,
2022-04-11,-0.0,0.0,
2022-04-12,0.0,0.0,
2022-04-13,0.0,0.0,
2022-04-14,-0.0,0.0,
2022-04-18,-0.0,0.0,
2022-04-19,-0.0,0.0,
2022-04-20,0.0,0.0,
2022-04-21,-0.0,0.0,
2022-04-22,0.0,0.0,
2022-04-25,0.0,0.0,
2022-04-26,0.0,0.0,
2022-04-27,0.0,0.0,
2022-04-28,0.0,0.0,
2022-04-29,-0.0,0.0,
2022-05-02,0.0,0.0,
2022-05-03,0.0,0.0,
2022-05-04,-0.0,0.0,
2022-05-05,-0.0,0.0,
2022-05-06,-0.0,0.0,
2022-05-09,0.0,0.0,
2022-05-10,0.0,0.0,
2022-05-11,0.0,0.0,
2022-05-12,0.0,0.0,
2022-05-13,0.0,0.0,
2022-05-16,-0.0,0.0,
2022-05-17,-0.0,0.0,
2022-05-18,-0.0,0.0,
2022-05-19,-0.0,0.0,
2022-05-20,0.0,0.0,
2022-05-23,0.0,0.0,
2022-05-24,-0.0,0.0,
2022-05-25,0.0,0.0,
2022-05-26,-0.0,0.0,
2022-05-27,0.0,0.0,
2022-05-31,0.0,0.0,
2022-06-01,0.0,0.0,
2022-06-02,0.0,0.0,
2022-06-03,0.0,0.0,
2022-06-06,-0.0,0.0,
2022-06-07,-0.0,0.0,
2022-06-08,-0.0,0.0,
2022-06-09,-0.0,0.0,
2022-06-10,-0.0,0.0,
2022-06-13,-0.0,0.0,
2022-06-14,0.0,0.0,
2022-06-15,0.0,0.0,
2022-06-16,-0.0,0.0,
2022-06-17,0.0,0.0,
2022-06-21,-0.0,0.0,
2022-06-22,0.0,0.0,
2022-06-23,-0.0,0.0,
2022-06-24,0.0,0.0,
2022-06-27,-0.0,0.0,
2022-06-28,-0.0,0.0,
2022-06-29,-0.0,0.0,
2022-06-30,-0.0,0.0,
2022-07-01,0.0,0.0,
2022-07-05,-0.0,0.0,
2022-07-06,-0.0,0.0,
2022-07-07,0.0,0.0,
2022-07-08,-0.0,0.0,
2022-07-11,0.0,0.0,
2022-07-12,0.0,0.0,
2022-07-13,-0.0,0.0,
2022-07-14,-0.0,0.0,
2022-07-15,-0.0,0.0,
2022-07-18,-0.0,0.0,
2022-07-19,-0.0,0.0,
2022-07-20,-0.0,0.0,
2022-07-21,-0.0,0.0,
2022-07-22,0.0,0.0,
2022-07-25,0.0,0.0,
2022-07-26,0.0,0.0,
2022-07-27,0.0,0.0,
2022-07-28,0.0,0.0,
2022-07-29,-0.0,0.0,
2022-08-01,0.0,0.0,
2022-08-02,-0.0,0.0,
2022-08-03,0.0,0.0,
2022-08-04,-0.0,0.0,
2022-08-05,0.0,0.0,
2022-08-08,-0.0,0.0,
2022-08-09,0.0,0.0,
2022-08-10,-0.0,0.0,
2022-08-11,-0.0,0.0,
2022-08-12,0.0,0.0,
2022-08-15,-0.0,0.0,
2022-08-16,0.0,0.0,
2022-08-17,0.0,0.0,
2022-08-18,-0.0,0.0,
2022-08-19,-0.0,0.0,
2022-08-22,-0.0,0.0,
2022-08-23,-0.0,0.0,
2022-08-24,0.0,0.0,
2022-08-25,0.0,0.0,
2022-08-26,0.0,0.0,
2022-08-29,-0.0,0.0,
2022-08-30,-0.0,0.0,
2022-08-31,-0.0,0.0,
2022-09-01,0.0,0.0,
2022-09-02,0.0,0.0,
2022-09-06,-0.0,0.0,
2022-09-07,0.0,0.0,
2022-09-08,-0.0,0.0,
2022-09-09,-0.0,0.0,
2022-09-12,0.0,0.0,
2022-09-13,0.0,0.0,
2022-09-14,-0.0,0.0,
2022-09-15,-0.0,0.0,
2022-09-16,-0.0,0.0,
2022-09-19,0.0,0.0,
2022-09-20,0.0,0.0,
2022-09-21,0.0,0.0,
2022-09-22,0.0,0.0,
2022-09-23,-0.0,0.0,
2022-09-26,-0.0,0.0,
2022-09-27,0.0,0.0,
2022-09-28,0.0,0.0,
2022-09-29,-0.0,0.0,
2022-09-30,0.0,0.0,
2022-10-03,0.0,0.0,
2022-10-04,0.0,0.0,
2022-10-05,0.0,0.0,
2022-10-06,0.0,0.0,
2022-10-07,0.0,0.0,
2022-10-11,-0.0,0.0,
2022-10-12,0.0,0.0,
2022-10-13,0.0,0.0,
2022-10-14,0.0,0.0,
2022-10-17,-0.0,0.0,
2022-10-18,0.0,0.0,
2022-10-19,-0.0,0.0,
2022-10-20,0.0,0.0,
2022-10-21,0.0,0.0,
2022-10-24,0.0,0.0,
2022-10-26,0.0,0.0,
2022-10-27,0.0,0.0,
2022-10-28,0.0,0.0,
2022-10-31,-0.0,0.0,
2022-11-01,-0.0,0.0,
2022-11-02,-0.0,0.0,
2022-11-03,0.0,0.0,
2022-11-04,-0.0,0.0,
2022-11-07,-0.0,0.0,
2022-11-08,0.0,0.0,
2022-11-09,-0.0,0.0,
2022-11-10,0.0,0.0,
2022-11-14,-0.0,0.0,
2022-11-15,0.0,0.0,
2022-11-16,-0.0,0.0,
2022-11-17,-0.0,0.0,
2022-11-18,0.0,0.0,
2022-11-21,-0.0,0.0,
2022-11-22,-0.0,0.0,
2022-11-23,-0.0,0.0,
2022-11-25,-0.0,0.0,
2022-11-28,-0.0,0.0,
2022-11-29,0.0,0.0,
2022-11-30,-0.0,0.0,
2022-12-01,0.0,0.0,
2022-12-02,-0.0,0.0,
2022-12-05,-0.0,0.0,
2022-12-06,-0.0,0.0,
2022-12-07,-0.0,0.0,
2022-12-08,-0.0,0.0,
2022-12-09,-0.0,0.0,
2022-12-12,0.0,0.0,
2022-12-14,0.0,0.0,
2022-12-15,-0.0,0.0,
2022-12-16,-3.583646834358546e-05,0.07055304705143388,
2022-12-19,-0.0007093524184726234,0.09050319690665806,
2022-12-20,-0.0003697770429331747,0.12446492291900751,
2022-12-21,0.0020643416612999687,0.12537250873791464,
2022-12-22,0.0007876076089124752,0.09540128943369668,
2022-12-23,0.00704722154318761,0.09692656299982207,
2022-12-27,0.005273123261506258,0.0,
2022-12-28,-0.0,0.0,
2022-12-29,0.0,0.0,
2022-12-30,0.0,0.0,
2023-01-03,-0.0,0.0,
2023-01-04,0.0,0.0,
2023-01-05,-2.864887727684465e-05,0.056402477138787904,
2023-01-06,-2.362889255344357e-05,0.08228155462738715,
2023-01-09,-0.00026424605262004086,0.08434821076337508,
2023-01-10,0.0023573164221946568,0.08794632536885737,
2023-01-11,0.006219751760834216,0.0,
2023-01-12,-0.0,0.0,
2023-01-13,0.0,0.0,
2023-01-17,0.0,0.0,
2023-01-18,-0.0,0.0,
2023-01-19,0.0,0.0,
2023-01-20,0.0,0.0,
2023-01-23,0.0,0.0,
2023-01-24,-0.0,0.0,
2023-01-25,-0.0,0.0,
2023-01-26,0.0,0.0,
2023-01-27,-0.0,0.0,
2023-01-30,-0.0,0.0,
2023-01-31,0.0,0.0,
2023-02-01,-2.9027543664469558e-05,0.05714797658942444,
2023-02-02,-0.00103480642643186,0.08073751005943663,
2023-02-03,-0.0041075743499761645,0.11596177450232287,
2023-02-06,0.0024564604234478212,0.15353396729891727,
2023-02-07,0.004228100677145646,0.10808296053688328,
2023-02-08,-0.004439257318895505,0.10452599730856517,
2023-02-09,-0.00415276918199027,0.14096705083609587,
2023-02-10,0.0022875118094500273,0.0,
2023-02-13,0.0,0.0,
2023-02-14,0.0,0.0,
2023-02-15,-0.0,0.0,
2023-02-16,-0.0,0.0,
2023-02-17,-8.689048478686257e-05,0.17106564192413568,
2023-02-21,0.0036555502911120447,0.17158759288625702,
2023-02-22,-0.005741322634941957,0.1487623186679086,
2023-02-23,-0.00015163077438507008,0.145428875038251,
2023-02-24,-0.001299498338676293,0.16351502602945292,
2023-02-27,0.00613368856921181,0.16662324454478739,
2023-02-28,0.0019956672143737514,0.17077132594002123,
2023-03-01,0.009863603075311329,0.13698402212811947,
2023-03-02,0.0011182655190023376,0.13587909287274924,
2023-03-03,0.0026905978118575576,0.10371401309655459,
2023-03-06,-0.0035488577620003737,0.10399603368463571,
2023-03-08,-0.004214915772149799,0.15898116759917508,
2023-03-09,-0.011691273566227529,0.15526264704122222,
2023-03-10,0.009967831366201161,0.20114485514012712,
2023-03-13,0.003605173141437045,0.14269586008255544,
2023-03-14,0.008540808818520443,0.14932857617279086,
2023-03-15,-0.0012665838816380067,0.09618516712408318,
2023-03-16,0.0017915578514378745,0.09548806839094487,
2023-03-17,0.0033529484932631618,0.09565348180888748,
2023-03-20,0.0009179951533869548,0.06518375519398241,
2023-03-21,0.002650531007710484,0.07700396856965236,
2023-03-22,-0.0005980828288525985,0.06475426503546113,
2023-03-23,0.0009052785059628677,0.0665187902938957,
2023-03-24,0.0014630604331369488,0.06912590516979696,
2023-03-27,-0.0007461101796749222,0.058452371230276384,
2023-03-28,0.00011857372410752017,0.05828762834391177,
2023-03-29,-0.004962361848721502,0.062144659440251306,
2023-03-30,-0.0025502429179505345,0.07244399620586288,
2023-03-31,-0.002054166269225536,0.15364876038360523,
2023-04-03,0.002346558312376792,0.24698848335750445,
2023-04-04,0.012033935691399733,0.20604635557531165,
2023-04-05,0.017646220873003673,0.099343349539434,
2023-04-06,-0.004136139606216177,0.04897297744681658,
2023-04-10,0.0020212366478478436,0.06787521930172598,
2023-04-11,-0.0014035968285107687,0.052485080877091465,
2023-04-12,-0.0014698631175493783,0.05939457135962949,
2023-04-13,-0.0010023120412416108,0.0723413060127886,
2023-04-14,-0.001294559308357807,0.10073135546839497,
2023-04-17,-0.0005746733203390576,0.10053683974749054,
2023-04-18,-0.006552279949543811,0.15382677447777168,
2023-04-19,-0.007281661244714043,0.0,
2023-04-20,-0.0,0.0,
2023-04-21,-0.0001079738629208698,0.2125735426254624,
2023-04-24,0.0025909602709330223,0.2160614433094642,
2023-04-25,-0.0030235520749829293,0.21912766732437916,
2023-04-26,0.0046587979878545864,0.21799519128590658,
2023-04-27,-0.0008338475625213734,0.2233077423524652,
2023-04-28,-0.006782745372902779,0.2544909354565035,
2023-05-01,0.007343766833313146,0.2334678228354582,
2023-05-02,-0.004180272311508529,0.24656430142957741,
2023-05-03,-0.010904972369403021,0.2459846220819661,
2023-05-04,0.005229433635525578,0.23587469852410112,
2023-05-05,0.0005717792979168493,0.28198408048129453,
2023-05-08,0.005244815952908553,0.30623899472156657,
2023-05-09,0.005103024182345451,0.34180401009384576,
2023-05-10,0.014501582805743266,0.34640617186499784,
2023-05-11,0.004517810686175661,0.2832081452337067,
2023-05-12,-0.009602075892290403,0.2871064472319933,
2023-05-15,0.00828471073793379,0.33701839829583513,
2023-05-16,-0.002341950177587743,0.26778765446169456,
2023-05-17,0.012350267394273804,0.3088678655523421,
2023-05-18,0.007616764699964285,0.22848856128098918,
2023-05-19,-0.0039033015438555887,0.15422710384196128,
2023-05-22,0.009782422484465397,0.14957748490528616,
2023-05-23,-0.0019073830083445027,0.09548340671911204,
2023-05-24,0.0003246491172378608,0.09609030098320478,
2023-05-25,0.0012875164801786176,0.10003615786758757,
2023-05-26,0.0014526980674515514,0.08410226180936846,
2023-05-30,-0.003773543229544824,0.08722861674067678,
2023-05-31,-0.0024406996779937247,0.09857233827797426,
2023-06-01,0.007360320410780604,0.08285503134843371,
2023-06-02,0.0022117450028757532,0.0,
2023-06-05,-0.0,0.0,
2023-06-06,0.0,0.0,
2023-06-07,0.0,0.0,
2023-06-08,-0.0,0.0,
2023-06-09,0.0,0.0,
2023-06-12,-0.0,0.0,
2023-06-13,0.0,0.0,
2023-06-14,-0.0,0.0,
2023-06-15,0.0,0.0,
2023-06-16,0.0,0.0,
2023-06-20,-0.0,0.0,
2023-06-21,-0.0,0.0,
2023-06-22,-2.0781938386128967e-05,0.04091444119769141,
2023-06-23,-0.0010779685335021605,0.04125483141861091,
2023-06-26,0.0009803478170520847,0.05145958157331477,
2023-06-27,0.0009888017765146055,0.038818059403812596,
2023-06-28,-0.0006156410079424166,0.0,
2023-06-29,-2.027600054938616e-05,0.039918376081604,
2023-06-30,0.0006577296412599002,0.04119858562838538,
2023-07-03,-0.004825425139191192,0.0,
2023-07-05,-2.8768996101281557e-05,0.056638961074398066,
2023-07-06,-0.0006250388447665765,0.0,
2023-07-07,-1.847906403569227e-05,0.036380657320269155,
2023-07-10,0.0005871448608354602,0.040077050543353046,
2023-07-11,4.012577288119888e-05,0.0,
2023-07-12,0.0,0.0,
2023-07-13,-0.0,0.0,
2023-07-14,-0.0,0.0,
2023-07-17,0.0,0.0,
2023-07-18,0.0,0.0,
2023-07-19,0.0,0.0,
2023-07-20,0.0,0.0,
2023-07-21,0.0,0.0,
2023-07-24,0.0,0.0,
2023-07-25,-0.0,0.0,
2023-07-26,0.0,0.0,
2023-07-27,-0.0,0.0,
2023-07-28,0.0,0.0,
2023-07-31,0.0,0.0,
2023-08-01,0.0,0.0,
2023-08-02,-0.0,0.0,
2023-08-03,-0.0,0.0,
2023-08-04,-0.0,0.0,
2023-08-07,0.0,0.0,
2023-08-08,0.0,0.0,
2023-08-09,0.0,0.0,
2023-08-10,-0.0,0.0,
2023-08-11,0.0,0.0,
2023-08-14,-0.0,0.0,
2023-08-15,-0.0,0.0,
2023-08-16,0.0,0.0,
2023-08-17,-0.0,0.0,
2023-08-18,0.0,0.0,
2023-08-21,-0.0,0.0,
2023-08-22,0.0,0.0,
2023-08-23,0.0,0.0,
2023-08-24,-0.0,0.0,
2023-08-25,0.0,0.0,
2023-08-28,-0.0,0.0,
2023-08-29,0.0,0.0,
2023-08-30,-0.0,0.0,
2023-08-31,-0.0,0.0,
2023-09-01,-0.0,0.0,
2023-09-05,-4.823668842663792e-05,0.0949659803399434,
2023-09-06,-0.0028545263331285794,0.0,
2023-09-07,-1.1499833685329113e-05,0.022640297567991692,
2023-09-08,0.0006070897451189866,0.0,
2023-09-11,0.0,0.0,
2023-09-12,-0.0,0.0,
2023-09-13,0.0,0.0,
2023-09-14,-0.0,0.0,
2023-09-15,-0.0,0.0,
2023-09-18,-0.0,0.0,
2023-09-19,0.0,0.0,
2023-09-20,-0.0,0.0,
2023-09-21,0.0,0.0,
2023-09-22,-1.5063717805177664e-05,0.029656694428943524,
2023-09-25,-0.0020509686049973337,0.04727529186516723,
2023-09-26,-2.859030302124531e-06,0.11769288491513456,
2023-09-27,0.002804478944877066,0.13000736241512642,
2023-09-28,0.0015600079707603202,0.128595425499125,
2023-09-29,-0.0033904531587799092,0.10970199131152647,
2023-10-02,-0.001936167643142224,0.11414691158435707,
2023-10-03,-0.006771889517816264,0.16554036214353376,
2023-10-04,-0.009420002527256149,0.0,
2023-10-05,-0.0,0.0,
2023-10-06,-0.0,0.0,
2023-10-10,0.0,0.0,
2023-10-11,0.0,0.0,
2023-10-12,0.0,0.0,
2023-10-13,-0.00010098700945216445,0.19881817485894876,
2023-10-16,0.006296944397653318,0.20114445281603052,
2023-10-17,0.0008734881090676347,0.2298000647852656,
2023-10-18,-0.014288278503778224,0.2537843759828114,
2023-10-19,-0.001979310563414365,0.20913312457677416,
2023-10-20,-0.001846961843059995,0.22634609407316147,
2023-10-23,0.011793332297929757,0.22692920531058228,
2023-10-24,-0.015693450051583874,0.24406819726620868,
2023-10-25,-0.025595208580040548,0.0,
2023-10-26,0.0,0.0,
2023-10-27,-9.500900710656742e-05,0.1870489827410546,
2023-10-30,0.02807812408702773,0.1869777357528214,
2023-10-31,-0.004554515935785564,0.17856295174130296,
2023-11-01,-0.0049334689523447195,0.14803135705858692,
2023-11-02,-0.051121297955378286,0.0,
2023-11-03,-0.0,0.0,
2023-11-06,0.0,0.0,
2023-11-07,-5.0364630224103665e-05,0.0991553657537041,
2023-11-08,0.0004810276510757185,0.12304325819605735,
2023-11-09,-0.005392647938211993,0.1252420484064565,
2023-11-13,0.008582406565951895,0.1222505658998283,
2023-11-14,-0.0021061959026193807,0.09804711066332482,
2023-11-15,0.0009756259562599199,0.09932151936994443,
2023-11-16,0.005225720756346716,0.09905438477199228,
2023-11-17,0.0001878794691186246,0.07277417496270827,
2023-11-20,0.0017095065428903917,0.07308912445577144,
2023-11-21,0.002261504960090831,0.04956471957392609,
2023-11-22,0.0011116492325473485,0.05043472347656201,
2023-11-24,0.00043324452810466596,0.03690204887733256,
2023-11-27,6.493002215542671e-06,0.03960774670931279,
2023-11-28,-0.0017134614367095538,0.04205061793138216,
2023-11-29,0.0005453682515136561,0.06019541159843041,
2023-11-30,-0.00242322575419754,0.06741809413795725,
2023-12-01,-0.005907670002003767,0.0,
2023-12-04,0.0,0.0,
2023-12-05,-0.0,0.0,
2023-12-06,-0.0,0.0,
2023-12-07,-0.0,0.0,
2023-12-08,-4.0942447793382495e-05,0.08060544409322178,
2023-12-11,-0.0007667461592467579,0.08033634135487046,
2023-12-12,-0.0036501470706120785,0.08427875365418086,
2023-12-13,0.0027930145334400694,0.12271910493125592,
2023-12-14,0.0035502416238470573,0.08434911432048704,
2023-12-15,0.0025220557997077562,0.08180183409349852,
2023-12-18,-0.003541450626792634,0.07208827718819562,
2023-12-19,0.001363229008353724,0.07901263633680627,
2023-12-20,-0.005038521034376179,0.06797397120554048,
2023-12-21,-0.0004467862756224378,0.10668898881128688,
2023-12-22,-0.006412679136347073,0.10886055678423784,
2023-12-26,-0.006643446217528886,0.0,
2023-12-27,0.0,0.0,
2023-12-28,-6.952995579477104e-05,0.13688710047095548,
2023-12-29,-0.002000908196099324,0.138266059834828,
2024-01-02,-1.5901212183627803e-06,0.20035527351371032,
2024-01-03,-0.010026454429286277,0.06065981868694074,
2024-01-04,7.718352928202619e-05,0.10219669780563134,
2024-01-05,-0.005422373385094966,0.0,
2024-01-08,0.0,0.0,
2024-01-09,0.0,0.0,
2024-01-10,-0.0,0.0,
2024-01-11,0.0,0.0,
2024-01-12,-0.0,0.0,
2024-01-16,-0.0,0.0,
2024-01-17,0.0,0.0,
2024-01-18,0.0,0.0,
2024-01-19,-3.66194373806975e-05,0.0720945173432482,
2024-01-22,0.001338813499247806,0.07367544025660577,
2024-01-23,-0.0007489330992561529,0.07929840316137823,
2024-01-24,0.0002045227992632269,0.07899775873690004,
2024-01-25,0.0006191985312921124,0.08697579802581189,
2024-01-26,0.004036409845938041,0.0846265485325778,
2024-01-29,-0.0017527257720837072,0.07853252006785941,
2024-01-30,-0.0029517087023518246,0.07645749468477134,
2024-01-31,-0.0017928288237327602,0.09062246300280019,
2024-02-01,0.001529075506498249,0.24442752741532944,
2024-02-02,-0.008254508977164952,0.17046918381382756,
2024-02-05,0.014596121169560713,0.3465513493718114,
2024-02-07,0.028619308862595023,0.08998575074993816,
2024-02-08,-0.00024137812019912598,0.0,
2024-02-09,-0.0,0.0,
2024-02-12,0.0,0.0,
2024-02-13,-0.0,0.0,
2024-02-14,-0.0,0.0,
2024-02-15,-5.0571672534465246e-05,0.09956298030222845,
2024-02-16,-0.00209950293815023,0.20830844491952613,
2024-02-20,-0.00945688344270925,0.2896012693519828,
2024-02-21,0.010795556941519369,0.3111975376922525,
2024-02-22,-0.004095417354947486,0.3192182895804067,
2024-02-23,-5.0427355483869504e-05,0.31742918140588333,
2024-02-26,0.009612734133200764,0.318569058406233,
2024-02-27,-0.007418366461419971,0.25287412530894265,
2024-02-28,-0.016285251296004586,0.3177016137271151,
2024-02-29,0.021296115378754428,0.2812466204495077,
2024-03-01,-0.00046964091356229565,0.23462490054147878,
2024-03-04,-0.0017563007845391278,0.2416584160243089,
2024-03-05,-0.005529455785731785,0.2982833907692441,
2024-03-06,-0.010174398704980941,0.3001129056999903,
2024-03-07,0.010473377475583866,0.3087526689791394,
2024-03-08,-0.009589280021385121,0.3529689412750372,
2024-03-11,0.03505181684364657,0.3341643542668602,
2024-03-12,0.001494067218380962,0.11097956608090002,
2024-03-13,0.0030058421410207336,0.11362449912346692,
2024-03-14,-0.001253013330200128,0.07831706259918003,
2024-03-15,0.002858126993201723,0.12754261981965123,
2024-03-18,-0.004320605839390919,0.0789866794000301,
2024-03-19,-0.0018627774095482561,0.12964982642893066,
2024-03-20,0.006027668589891049,0.2075299781927578,
2024-03-21,-0.00015754803810484863,0.09065051488078876,
2024-03-22,0.0041691163941067555,0.09265802844785395,
2024-03-25,-0.006373475927260322,0.07008623394687018,
2024-03-26,-0.007570139722651821,0.0,
2024-03-27,-0.0,0.0,
2024-03-28,-0.00014913233450530684,0.2936042835573228,
2024-04-01,0.031402594918413095,0.0,
2024-04-02,0.0,0.0,
2024-04-03,0.0,0.0,
2024-04-04,0.0,0.0,
2024-04-05,-3.265848004790932e-05,0.06429638259432147,
2024-04-08,0.0004301697356315932,0.15792527392485764,
2024-04-09,0.004918234155034124,0.16267417874221046,
2024-04-10,-0.0020834992440259613,0.07841632378752049,
2024-04-11,0.0017270152796639232,0.11432750562040302,
2024-04-12,-0.0006003767612964626,0.07785665565841707,
2024-04-15,0.0006738810667033528,0.07843278259384823,
2024-04-17,-0.0015383170898147535,0.07199783452442894,
2024-04-18,-0.00406711895457744,0.08291518696267146,
2024-04-19,0.0005188039403308789,0.2515084553963778,
2024-04-22,0.012442947025333714,0.2656793984078021,
2024-04-23,0.007495989838198735,0.07709219700446221,
2024-04-24,-0.0004111482509794451,0.06400598366320442,
2024-04-25,0.0003737830959057402,0.07630681011513027,
2024-04-26,-0.0019936778715966574,0.0830215992558872,
2024-04-29,0.002435529930857823,0.09715771509068098,
2024-04-30,-0.0030876328160061284,0.08014998801124429,
2024-05-01,-0.004333303086387336,0.36002441722556916,
2024-05-02,0.01015820082634639,0.36002441722556916,
2024-05-03,-0.004635898542591581,0.36002441722556916,
2024-05-06,-0.010996518329384534,0.36002441722556916,
2024-05-07,-0.010579095684681353,0.36002441722556916,
2024-05-08,-0.007027824802846046,0.36002441722556916,
2024-05-09,0.013328204213683862,0.36002441722556916,
2024-05-10,-0.01680046687473237,0.36002441722556916,
2024-05-13,-0.006668950388718445,0.0,
2024-05-14,-0.0,0.0,
2024-05-15,-0.00018286954525743195,0.36002441722556916,
2024-05-16,0.008605755689702375,0.33894653424495264,
2024-05-17,0.008570177395467624,0.3445361768478874,
2024-05-20,-0.011214776942051804,0.36002441722556916,
2024-05-21,-0.002084211254914118,0.34485395980989747,
2024-05-22,-0.003728103933560062,0.36002441722556916,
2024-05-23,0.031299311579912836,0.3569261707413612,
2024-05-24,-0.01614510651921627,0.28699509979508286,
2024-05-28,-0.010191257327155548,0.3370472144527329,
2024-05-29,-0.020976759622261157,0.3198020348910514,
2024-05-30,-0.01683296188103633,0.0,
2024-05-31,0.0,0.0,
2024-06-03,-0.0,0.0,
2024-06-04,0.0,0.0,
2024-06-05,-0.0,0.0,
2024-06-06,0.0,0.0,
2024-06-07,-0.0,0.0,
2024-06-10,-0.0,0.0,
2024-06-11,-0.0,0.0,
2024-06-12,-0.0,0.0,
2024-06-13,0.0,0.0,
2024-06-14,-0.00016819185182627278,0.33112770828297455,
2024-06-17,-0.0063953270574372695,0.33867851773898505,
2024-06-18,0.002719323912650776,0.3402343025057942,
2024-06-20,-0.003294042393305188,0.35499700486455726,
2024-06-21,0.022914611625013764,0.3535134234517686,
2024-06-24,-0.006745230528007667,0.19302971092337928,
2024-06-25,0.004257892642396735,0.3052959382929293,
2024-06-26,0.010827559395450399,0.22597566595592983,
2024-06-27,-0.0023890479379057453,0.14810246081423284,
2024-06-28,-0.004971188090758035,0.16336526879285387,
2024-07-01,0.004664886969676112,0.11566197547665306,
2024-07-02,0.005037258649384998,0.1112249325963315,
2024-07-03,-0.0038807772022656016,0.08073446519301589,
2024-07-05,0.0011017633536740375,0.11026291049051581,
2024-07-08,-0.003925774294135062,0.10035203455778163,
2024-07-09,-0.0012553977914556928,0.11984896998248531,
2024-07-10,-0.0057561969431183645,0.12289955444335729,
2024-07-11,-0.0005862347094598139,0.260246592716419,
2024-07-12,-0.0045100298631689075,0.26387927688644996,
2024-07-15,-0.003234005543845871,0.36002441722556916,
2024-07-16,0.003057662572113935,0.36002441722556916,
2024-07-17,-0.019425894961908403,0.0,
2024-07-18,0.0,0.0,
2024-07-19,0.0,0.0,
2024-07-22,0.0,0.0,
2024-07-23,0.0,0.0,
2024-07-24,0.0,0.0,
2024-07-25,0.0,0.0,
2024-07-26,-5.163746589721557e-05,0.10166126098514315,
2024-07-29,-0.0018018542719688611,0.10289800477376822,
2024-07-30,0.00015761310965047533,0.11542237488357447,
2024-07-31,0.0015172134578564454,0.12218201927063381,
2024-08-01,-0.002709331744225379,0.14802445222742117,
2024-08-02,-0.004729546805158897,0.2251824097859436,
2024-08-05,0.01805666233544879,0.3321580811892962,
2024-08-06,-0.021598233152915827,0.11781609636828416,
2024-08-07,-0.0003699518955550724,0.17756624269072663,
2024-08-08,0.0003723946540779624,0.19435638852313825,
2024-08-09,-0.008227277929150975,0.0,
2024-08-12,-0.0,0.0,
2024-08-13,-0.0,0.0,
2024-08-14,-0.0,0.0,
2024-08-15,-0.0,0.0,
2024-08-16,-0.00018286954525743195,0.36002441722556916,
2024-08-19,6.221270690861023e-05,0.36002441722556916,
2024-08-20,0.0037226488098160795,0.36002441722556916,
2024-08-21,0.008360232148498136,0.36002441722556916,
2024-08-22,0.008918078195791735,0.36002441722556916,
2024-08-23,-0.003041207128215299,0.36002441722556916,
2024-08-26,-0.0363168258352572,0.36002441722556916,
2024-08-27,-0.0005469191699530491,0.36002441722556916,
2024-08-28,-0.010322242148846222,0.36002441722556916,
2024-08-29,0.007879297931377512,0.36002441722556916,
2024-08-30,0.007407448525271802,0.36002441722556916,
2024-09-03,-0.07310464332053378,0.0,
2024-09-04,0.0,0.0,
2024-09-05,-0.00016587676462195342,0.3265698803494708,
2024-09-06,0.000436448306093236,0.3194360370598025,
2024-09-09,0.002735618647559972,0.3198062986722433,
2024-09-10,0.011160795520582594,0.33646173565273685,
2024-09-11,-0.013386626227536953,0.36002441722556916,
2024-09-12,-0.0025140554977639965,0.3591210212274191,
2024-09-13,-0.0008899292989967626,0.0,
2024-09-16,-0.0,0.0,
2024-09-17,0.0,0.0,
2024-09-18,-0.0,0.0,
2024-09-19,0.0,0.0,
2024-09-20,-0.0001780084035186661,0.3504540444273739,
2024-09-23,-0.004198722947240916,0.35622966116292487,
2024-09-24,0.004642600673546922,0.3556572317192239,
2024-09-25,0.020015906551890564,0.36002441722556916,
2024-09-26,0.0038051125031482425,0.31547995213876234,
2024-09-27,-0.0030254434750488224,0.23008271166536615,
2024-09-30,0.003967526924563952,0.23489601117038003,
2024-10-01,4.189819182281112e-05,0.15426105750490418,
2024-10-02,0.00343531315834616,0.21988605464985916,
2024-10-03,0.0074549452688031,0.19666058304436904,
2024-10-04,-0.005897790850830955,0.16954423884231773,
2024-10-07,-0.0004369642717758678,0.1799803332443252,
2024-10-08,0.0034702883193561854,0.18267817038062356,
2024-10-09,-0.002455100882518262,0.1682279525389646,
2024-10-10,0.003410679777626239,0.2039383828454118,
2024-10-11,0.007902541421980845,0.17451696398681,
2024-10-14,-1.4774207660238558e-05,0.14730675106417696,
2024-10-15,-0.0024961278038031485,0.1564043716073488,
2024-10-16,-0.00038235588878804037,0.1533843536106659,
2024-10-17,0.0011996278793184267,0.16531669477732341,
2024-10-18,-0.0021890398387846032,0.19612678347505347,
2024-10-21,-0.0077887376828184906,0.1973785664959143,
2024-10-22,0.005918089916455483,0.22273026096044435,
2024-10-23,0.009131535404564257,0.18699122130076984,
2024-10-24,0.00392572450930809,0.14125221219112227,
2024-10-25,0.0004659360079240117,0.0,
2024-10-28,0.0,0.0,
2024-10-29,-0.0,0.0,
2024-10-30,-7.771099503849072e-05,0.1529935214820286,
2024-10-31,-0.0037088778249908627,0.0,
2024-11-01,-0.0,0.0,
2024-11-04,-5.808178616078511e-05,0.11434851650404568,
2024-11-05,0.003984961881904724,0.0,
2024-11-06,-0.0,0.0,
2024-11-07,-0.0,0.0,
2024-11-08,0.0,0.0,
2024-11-11,0.0,0.0,
2024-11-12,0.0,0.0,
2024-11-13,-0.0,0.0,
2024-11-14,0.0,0.0,
2024-11-15,0.0,0.0,
2024-11-18,0.0,0.0,
2024-11-19,0.0,0.0,
2024-11-20,0.0,0.0,
2024-11-21,-0.0,0.0,
2024-11-22,-0.0,0.0,
2024-11-25,0.0,0.0,
2024-11-26,-0.0,0.0,
2024-11-27,-0.0,0.0,
2024-11-29,-0.0,0.0,
2024-12-02,0.0,0.0,
2024-12-03,-0.0,0.0,
2024-12-04,0.0,0.0,
2024-12-05,0.0,0.0,
2024-12-06,-0.0,0.0,
2024-12-09,0.0,0.0,
2024-12-10,-0.0,0.0,
2024-12-11,-0.0,0.0,
2024-12-12,0.0,0.0,
2024-12-13,-0.0,0.0,
2024-12-16,-0.0,0.0,
2024-12-17,-0.0,0.0,
2024-12-18,-0.0,0.0,
2024-12-19,-4.475407274232304e-05,0.08810958071144848,
2024-12-20,0.00616565132759106,0.09279722192367658,
2024-12-23,0.0019110326460513038,0.0,
2024-12-24,-0.0,0.0,
2024-12-26,-3.537856241690615e-05,0.06965154475828399,
2024-12-27,-0.0012637632104256114,0.08513938841789559,
2024-12-30,0.00604006347718067,0.08940161985290726,
2024-12-31,0.001588123154579269,0.0,
2025-01-02,0.0,0.0,
2025-01-03,-0.0,0.0,
2025-01-06,-0.0,0.0,
2025-01-07,-0.0,0.0,
2025-01-08,0.0,0.0,
2025-01-10,0.0,0.0,
2025-01-13,-0.0,0.0,
2025-01-14,0.0,0.0,
2025-01-15,0.0,0.0,
2025-01-16,-0.0,0.0,
2025-01-17,0.0,0.0,
2025-01-21,0.0,0.0,
2025-01-22,-0.0,0.0,
2025-01-23,0.0,0.0,
2025-01-24,0.0,0.0,
2025-01-27,0.0,0.0,
2025-01-28,-0.0,0.0,
2025-01-29,0.0,0.0,
2025-01-30,0.0,0.0,
2025-01-31,-0.0,0.0,
2025-02-03,0.0,0.0,
2025-02-04,0.0,0.0,
2025-02-05,-0.0,0.0,
2025-02-06,0.0,0.0,
2025-02-07,0.0,0.0,
2025-02-10,-0.0,0.0,
2025-02-11,0.0,0.0,
2025-02-12,-0.0,0.0,
2025-02-13,0.0,0.0,
2025-02-14,-0.0,0.0,
2025-02-18,-0.0,0.0,
2025-02-19,-0.0,0.0,
2025-02-20,-0.0,0.0,
2025-02-21,-0.0,0.0,
2025-02-24,-0.0,0.0,
2025-02-25,-0.0,0.0,
2025-02-26,-0.00012374058598475462,0.24361427865748564,
2025-02-27,0.0008865336254637883,0.20851628097471095,
2025-02-28,-0.004612959969120386,0.0,
2025-03-03,0.0,0.0,
2025-03-04,0.0,0.0,
2025-03-05,0.0,0.0,
2025-03-06,-0.0,0.0,
2025-03-07,-0.00011530647404239931,0.22700962077097364,
2025-03-10,-0.0021133399158765184,0.2484832425420234,
2025-03-11,0.00966935730787757,0.25864595143274716,
2025-03-12,-0.008395718621393945,0.2236083320370896,
2025-03-13,-0.005530663464312893,0.27497777325486755,
2025-03-14,0.0031550860206319238,0.2722472217023904,
2025-03-17,0.013753691004750646,0.3267615858445106,
2025-03-18,-0.0019071301283577662,0.3127836269780523,
2025-03-19,0.011104495768580662,0.3369284122815714,
2025-03-20,-0.004123315811050834,0.1459407032663052,
2025-03-21,-2.8401563491921033e-05,0.23023904155050529,
2025-03-24,-0.004884722591728811,0.23616046561350668,
2025-03-25,0.006557897929927448,0.23270513246841773,
2025-03-26,0.0014372166608705877,0.18985172303232736,
2025-03-27,-0.0024183079063660362,0.20569302344657578,
2025-03-28,-0.0009271323722624419,0.20270168068263084,
2025-03-31,0.0008776594559335967,0.21071741425935583,
2025-04-01,0.00657250453383419,0.3787039703396308,
2025-04-02,0.0021202910127070787,0.3787039703396308,
2025-04-03,-0.03332265104403194,0.3787039703396308,
2025-04-04,0.029606968036120937,0.3787039703396308,
2025-04-07,-0.002271575817049454,0.3787039703396308,
2025-04-08,-0.02881565035386514,0.3787039703396308,
2025-04-09,0.015281803388843574,0.3787039703396308,
2025-04-10,-0.017158472941127264,0.3787039703396308,
2025-04-11,-0.0007549755972511027,0.3787039703396308,
2025-04-14,0.01419992634694439,0.3787039703396308,
2025-04-15,0.00965346876923376,0.3787039703396308,
2025-04-16,-0.005101985033027865,0.3787039703396308,
2025-04-17,-0.011202698731404294,0.3787039703396308,
2025-04-21,0.011815134483433121,0.3787039703396308,
2025-04-22,0.021106756327097898,0.3787039703396308,
2025-04-23,0.025646610859155927,0.17975596803898633,
2025-04-24,-0.005792660210387061,0.09907549235732571,
2025-04-25,0.0034836995047641687,0.10516799369869528,
2025-04-28,0.0006174459335788533,0.0855907186842322,
2025-04-29,-0.0032318284906834175,0.08537791441141475,
2025-04-30,0.00161151569685964,0.09676650535838607,
2025-05-01,-0.006581589392678448,0.15144624401643722,
2025-05-02,0.0018979736821625273,0.3787039703396308,
2025-05-05,0.026122397658634378,0.34618693807900214,
2025-05-06,0.009377838344283115,0.15463978207747192,
2025-05-07,-0.006695478143269271,0.0973104541764028,
2025-05-08,0.006953481553069365,0.1564268085261384,
2025-05-09,-0.003912950571562276,0.08762582693874997,
2025-05-12,1.9398461943127484e-06,0.09924153123907796,
2025-05-13,-0.0013357351019535994,0.09014093763105963,
2025-05-14,0.00017410427063792167,0.10275505140278994,
2025-05-15,0.0021578486675311215,0.10628068083407768,
2025-05-16,-0.002945699029820005,0.0949287674200968,
2025-05-19,0.001239010025243211,0.1046117665132406,
2025-05-20,0.0030430765305119413,0.1071801588577301,
2025-05-21,0.009792308701082596,0.09337640997623302,
2025-05-22,-0.0026172825176823677,0.0,
2025-05-23,-0.0,0.0,
2025-05-27,-4.497238820936028e-05,0.08853938928717804,
2025-05-28,-0.004522711290163127,0.08824626760361377,
2025-05-29,-0.0008775631886793265,0.14601028710305916,
2025-05-30,-0.00618073336865283,0.14763850329601147,
2025-06-02,-0.0031399896391981134,0.09858395468236443,
2025-06-03,0.001143604419709484,0.14966376752765279,
2025-06-04,-0.007804470534740111,0.0,
2025-06-05,-0.0,0.0,
2025-06-06,-0.0,0.0,
2025-06-09,0.0,0.0,
2025-06-10,0.0,0.0,
2025-06-11,-0.0,0.0,
2025-06-12,0.0,0.0,
2025-06-13,-0.0,0.0,
2025-06-16,0.0,0.0,
2025-06-17,0.0,0.0,
2025-06-18,0.0,0.0,
2025-06-20,0.0,0.0,
2025-06-23,-0.0,0.0,
2025-06-24,0.0,0.0,
2025-06-25,-0.0,0.0,
2025-06-26,0.0,0.0,
2025-06-27,-0.0,0.0,
2025-06-30,0.0,0.0,
2025-07-01,-0.0,0.0,
2025-07-02,-0.0,0.0,
2025-07-03,-0.0,0.0,
2025-07-07,0.0,0.0,
2025-07-08,0.0,0.0,
2025-07-09,-0.0,0.0,
2025-07-10,0.0,0.0,
2025-07-11,0.0,0.0,
2025-07-14,-0.0,0.0,
2025-07-15,0.0,0.0,
2025-07-16,-0.0,0.0,
2025-07-17,0.0,0.0,
2025-07-18,-0.0,0.0,
2025-07-21,-0.0,0.0,
2025-07-22,-0.0,0.0,
2025-07-23,0.0,0.0,
2025-07-24,-0.0,0.0,
2025-07-25,0.0,0.0,
2025-07-28,0.0,0.0,
2025-07-29,0.0,0.0,
2025-07-30,0.0,0.0,
2025-07-31,-0.0,0.0,
2025-08-01,-0.0,0.0,
2025-08-04,0.0,0.0,
2025-08-05,0.0,0.0,
2025-08-06,0.0,0.0,
2025-08-07,0.0,0.0,
2025-08-08,0.0,0.0,
2025-08-11,0.0,0.0,
2025-08-12,-0.0,0.0,
2025-08-13,0.0,0.0,
2025-08-14,-0.0,0.0,
2025-08-15,0.0,0.0,
2025-08-18,0.0,0.0,
2025-08-19,0.0,0.0,
2025-08-20,0.0,0.0,
2025-08-21,0.0,0.0,
2025-08-22,0.0,0.0,
2025-08-25,-0.0,0.0,
2025-08-26,0.0,0.0,
2025-08-27,-0.0,0.0,
2025-08-28,0.0,0.0,
2025-08-29,0.0,0.0,
2025-09-02,-0.0,0.0,
2025-09-03,0.0,0.0,
2025-09-04,0.0,0.0,
2025-09-05,0.0,0.0,
2025-09-08,-0.0,0.0,
2025-09-09,0.0,0.0,
2025-09-10,-0.0,0.0,
2025-09-11,-0.0,0.0,
2025-09-12,0.0,0.0,
2025-09-15,0.0,0.0,
2025-09-16,0.0,0.0,
2025-09-17,-0.0,0.0,
2025-09-18,0.0,0.0,
2025-09-19,-0.0,0.0,
2025-09-22,0.0,0.0,
2025-09-23,0.0,0.0,
2025-09-24,-0.0,0.0,
2025-09-25,0.0,0.0,
2025-09-26,-0.0,0.0,
2025-09-29,-0.0,0.0,
2025-09-30,-4.194414544872848e-05,0.08257753635218419,
2025-10-01,-0.0073406911628122575,0.0,
2025-10-02,-6.0183147468112614e-05,0.11848557157784671,
2025-10-03,-0.001583429966496788,0.0,
2025-10-06,0.0,0.0,
2025-10-07,0.0,0.0,
2025-10-08,-0.0,0.0,
2025-10-09,0.0,0.0,
2025-10-10,-9.701364540057176e-05,0.19099561438237567,
2025-10-14,0.003616160238536372,0.19806854735797425,
2025-10-15,0.006454820379255889,0.13041122408647512,
2025-10-16,-0.002519843474365942,0.11443925078829784,
2025-10-17,0.0034408452864626887,0.1281364786323287,
2025-10-20,-0.00014763280784999046,0.10995531869652324,
2025-10-21,0.0004490227688846891,0.12030915237150583,
2025-10-22,0.008325745612534304,0.134969736631065,
2025-10-23,-0.002518722564572747,0.0,
2025-10-24,0.0,0.0,
2025-10-27,0.0,0.0,
2025-10-28,-0.0,0.0,
2025-10-29,0.0,0.0,
2025-10-30,0.0,0.0,
2025-10-31,-0.0,0.0,
2025-11-03,0.0,0.0,
2025-11-04,0.0,0.0,
2025-11-05,0.0,0.0,
2025-11-06,0.0,0.0,
2025-11-07,-0.0,0.0,
2025-11-10,0.0,0.0,
2025-11-12,0.0,0.0,
2025-11-13,-0.0,0.0,
2025-11-14,0.0,0.0,
2025-11-17,-0.0,0.0,
2025-11-18,0.0,0.0,
2025-11-19,-0.0,0.0,
2025-11-20,-0.0,0.0,
2025-11-21,-0.0,0.0,
2025-11-24,0.0,0.0,
2025-11-25,-0.0,0.0,
2025-11-26,0.0,0.0,
2025-11-28,-0.0,0.0,
2025-12-01,-0.0,0.0,
2025-12-02,-0.0,0.0,
2025-12-03,-0.0,0.0,
2025-12-04,-0.0,0.0,
2025-12-05,0.0,0.0,
2025-12-08,-0.0,0.0,
2025-12-09,0.0,0.0,
2025-12-10,-0.0,0.0,
2025-12-11,-0.0,0.0,
2025-12-12,-4.229646705600021e-05,0.08327116951650042,
2025-12-15,-0.0013376925652254287,0.08648881971458537,
2025-12-16,-0.0013917717711366575,0.09939062000853971,
2025-12-17,0.0032909984165512217,0.15329507772894818,
2025-12-18,-0.006711985612032748,0.09540044948210111,
2025-12-19,-0.0011070503416902501,0.1611071507284568,
2025-12-22,-0.0008441785018346953,0.3000256659338657,
2025-12-23,0.004167031498646353,0.3255407332151943,
2025-12-24,-0.00771173702098385,0.3171869841271233,
2025-12-26,0.009469451666438465,0.3787039703396308,
2025-12-29,-0.01195096212046057,0.2013831192235876,
2025-12-30,0.006293901510926966,0.3787039703396308,
2025-12-31,-0.006285755064809444,0.19377773036213428,
2026-01-02,-2.9466022640241163e-06,0.3712718852670387,
2026-01-05,0.002603555857328568,0.0,
2026-01-06,-0.0,0.0,
2026-01-07,0.0,0.0,
2026-01-08,0.0,0.0,
2026-01-09,-0.0,0.0,
2026-01-12,0.0,0.0,
2026-01-13,0.0,0.0,
2026-01-14,-0.0,0.0,
2026-01-15,0.0,0.0,
2026-01-16,0.0,0.0,
2026-01-20,0.0,0.0,
2026-01-21,0.0,0.0,
2026-01-22,-0.0,0.0,
2026-01-23,-0.0,0.0,
2026-01-26,-0.0,0.0,
2026-01-27,0.0,0.0,
2026-01-28,0.0,0.0,
2026-01-29,-0.0,0.0,
2026-01-30,0.0,0.0,
2026-02-02,-0.0,0.0,
2026-02-03,0.0,0.0,
2026-02-04,-0.0,0.0,
2026-02-05,0.0,0.0,
2026-02-06,-0.0,0.0,
2026-02-09,0.0,0.0,
2026-02-10,-0.0,0.0,
2026-02-11,0.0,0.0,
2026-02-12,-0.0,0.0,
2026-02-13,-0.0,0.0,
2026-02-17,-0.0001273279709193976,0.2506769427475641,
2026-02-18,0.0050154505465461515,0.17709091023199322,
2026-02-19,0.005730117315283101,0.1140833821235807,
2026-02-20,-0.002625207571828763,0.08309427231186915,
2026-02-23,0.005214992286628922,0.11785793746239512,
2026-02-24,0.005177889246095917,0.06430851215705456,
2026-02-25,-0.0010888892121641994,0.0,
2026-02-26,-2.4998085535163384e-05,0.04921498089735291,
2026-02-27,-0.002208166760208756,0.0,
2026-03-02,0.0,0.0,
2026-03-03,0.0,0.0,
2026-03-04,0.0,0.0,
2026-03-05,-0.0,0.0,
2026-03-06,-0.0,0.0,
2026-03-09,-0.0,0.0,
2026-03-10,0.0,0.0,
2026-03-11,0.0,0.0,
2026-03-12,-0.0,0.0,
2026-03-13,-0.0,0.0,
2026-03-16,0.0,0.0,
2026-03-17,0.0,0.0,
2026-03-18,0.0,0.0,
2026-03-19,-0.0,0.0,
2026-03-20,0.0,0.0,
2026-03-23,-0.0,0.0,
2026-03-24,-0.0,0.0,
2026-03-25,-0.0,0.0,
2026-03-26,0.0,0.0,
2026-03-27,0.0,0.0,
2026-03-30,-0.0,0.0,
2026-03-31,-0.0,0.0,
2026-04-01,-0.0,0.0,
2026-04-02,0.0,0.0,
2026-04-06,-0.0,0.0,
2026-04-07,-0.0,0.0,
2026-04-08,0.0,0.0,
2026-04-09,-0.0,0.0,
2026-04-10,-0.0,0.0,
2026-04-13,0.0,0.0,
2026-04-14,0.0,0.0,
2026-04-15,0.0,0.0,
2026-04-16,0.0,0.0,
2026-04-17,0.0,0.0,
2026-04-20,-0.0,0.0,
2026-04-21,0.0,0.0,
2026-04-22,0.0,0.0,
2026-04-23,0.0,0.0,
2026-04-24,0.0,0.0,
2026-04-27,-0.0,0.0,
2026-04-28,-0.0,0.0,
2026-04-29,0.0,0.0,
2026-04-30,0.0,0.0,
2026-05-01,-0.0,0.0,
2026-05-04,-0.0,0.0,
2026-05-05,0.0,0.0,
2026-05-06,-0.0,0.0,
2026-05-07,0.0,0.0,
2026-05-08,-0.0,0.0,
2026-05-11,0.0,0.0,
2026-05-12,0.0,0.0,
2026-05-13,-0.0,0.0,
2026-05-14,-0.0,0.0,
2026-05-15,0.0,0.0,
2026-05-18,-0.0,0.0,
2026-05-19,0.0,0.0,
2026-05-20,0.0,0.0,
2026-05-21,-0.0,0.0,
2026-05-22,-0.0,0.0,
2026-05-26,-0.0,0.0,
2026-05-27,0.0,0.0,
2026-05-28,0.0,0.0,
2026-05-29,-0.0,0.0,
2026-06-01,-0.0,0.0,
2026-06-02,0.0,0.0,
2026-06-03,-0.0,0.0,
2026-06-04,-0.0,0.0,
2026-06-05,0.0,0.0,
2026-06-08,-0.0,0.0,
2026-06-09,0.0,0.0,
2026-06-10,0.0,0.0,
2026-06-11,-0.0,0.0,
2026-06-12,0.0,0.0,
2026-06-15,0.0,0.0,
2026-06-16,0.0,0.0,
2026-06-17,-0.0,0.0,
2026-06-18,0.0,0.0,
2026-06-22,0.0,0.0,
2026-06-23,0.0,0.0,
2026-06-24,0.0,0.0,
2026-06-25,0.0,0.0,
2026-06-26,-0.0,0.0,
2026-06-29,0.0,0.0,
2026-06-30,-0.0,0.0,
2026-07-01,-0.0,0.0,
2026-07-02,-0.0,0.0,
2026-07-06,0.0,0.0,
2026-07-07,-0.0,0.0,
2026-07-08,0.0,0.0,
2026-07-09,-0.0,0.0,
2026-07-10,-0.0,0.0,
2026-07-13,0.0,0.0,
2026-07-14,0.0,0.0,
2026-07-15,0.0,0.0,
2026-07-16,0.0,0.0,
2026-07-17,-0.0,0.0,
2026-07-20,-0.0,0.0,
2026-07-21,-0.0,0.0,
2026-07-22,-0.0,0.0,
2026-07-23,-0.0,0.0,
2026-07-24,-0.0,0.0,
2026-07-27,0.0,0.0,
2026-07-28,0.0,0.0,
2026-07-29,0.0,0.0,
2026-07-30,-0.0,0.0,
2026-07-31,-0.0,0.0,
2026-08-03,-0.0,0.0,
2026-08-04,-0.0,0.0,
2026-08-05,0.0,0.0,
2026-08-06,0.0,0.0,
2026-08-07,-0.0,0.0,
2026-08-10,0.0,0.0,
2026-08-11,0.0,0.0,
2026-08-12,0.0,0.0,
2026-08-13,0.0,0.0,
2026-08-14,0.0,0.0,
2026-08-17,0.0,0.0,
2026-08-18,0.0,0.0,
2026-08-19,-0.0,0.0,
2026-08-20,-0.0,0.0,
2026-08-21,0.0,0.0,
2026-08-24,-0.0,0.0,
2026-08-25,-0.0,0.0,
2026-08-26,0.0,0.0,
2026-08-27,0.0,0.0,
2026-08-28,0.0,0.0,
2026-08-31,0.0,0.0,
2026-09-01,-0.0,0.0,
2026-09-02,-0.0,0.0,
2026-09-03,0.0,0.0,
2026-09-04,0.0,0.0,
2026-09-08,0.0,0.0,
2026-09-09,-0.0,0.0,
2026-09-10,0.0,0.0,
2026-09-11,-0.0,0.0,
2026-09-14,0.0,0.0,
2026-09-15,0.0,0.0,
