date,close,solar_irradiance,wind_speed,precipitation,humidity
2007-01-01,5.37,4.2182,3.27,0.03,78.71
2007-01-02,5.4,3.8498,2.46,0.0,82.38
2007-01-03,7.73,1.0937,2.67,3.23,88.75
2007-01-04,11.42,1.2187,3.2,36.48,94.37
2007-01-05,12.26,3.5774,2.97,0.16,89.62
2007-01-06,14.26,0.9629,2.52,2.32,93.98
2007-01-07,11.21,3.6773,4.65,0.27,79.54
2007-01-08,8.1,4.3728,1.79,0.0,62.41
2007-01-09,8.79,4.0303,2.84,0.0,72.47
2007-01-10,9.56,4.0836,3.41,0.0,81.5
2007-01-11,15.2,2.6525,4.49,0.0,91.62
2007-01-12,18.23,2.6866,4.02,0.02,95.43
2007-01-13,20.03,1.3994,4.4,12.27,92.47
2007-01-14,14.4,1.2358,1.79,15.17,96.83
2007-01-15,2.05,1.0032,7.0,14.56,84.06
2007-01-16,-0.3,1.0222,5.82,2.43,78.45
2007-01-17,0.95,1.3346,2.35,4.12,84.98
2007-01-18,3.05,0.9665,2.03,3.9,91.54
2007-01-19,5.45,1.8113,3.15,1.37,92.79
2007-01-20,8.78,1.0594,4.29,9.84,94.37
2007-01-21,10.08,2.3998,1.22,0.34,82.68
2007-01-22,7.14,2.1425,4.24,0.7,82.79
2007-01-23,5.74,0.7409,3.65,18.11,89.17
2007-01-24,5.39,0.8669,3.19,14.7,93.75
2007-01-25,7.66,4.6721,2.92,0.0,82.95
2007-01-26,8.4,4.3042,2.42,0.1,84.06
2007-01-27,11.41,2.9839,2.93,12.74,92.03
2007-01-28,4.47,4.7513,4.54,0.0,73.62
2007-01-29,5.53,2.8915,2.22,0.17,79.87
2007-01-30,8.08,1.021,3.74,4.89,93.4
2007-01-31,5.38,0.917,2.97,4.53,91.41
2007-02-01,6.79,1.669,2.05,2.07,94.77
2007-02-02,4.94,3.4553,3.96,0.01,82.96
2007-02-03,3.98,3.4985,2.04,0.0,79.98
2007-02-04,8.59,3.6202,1.4,0.0,80.55
2007-02-05,8.98,4.7777,2.14,0.0,82.41
2007-02-06,12.06,3.8902,3.19,0.0,87.57
2007-02-07,15.52,2.9398,3.32,0.01,90.05
2007-02-08,16.95,2.8248,1.55,0.18,90.95
2007-02-09,10.0,1.2643,3.84,0.11,88.26
2007-02-10,7.11,2.063,2.72,0.0,81.94
2007-02-11,8.98,1.315,2.56,0.0,86.04
2007-02-12,16.03,1.1741,4.84,21.43,95.72
2007-02-13,10.22,4.7386,6.17,0.51,81.75
2007-02-14,2.97,3.2167,4.55,0.0,75.94
2007-02-15,1.42,4.8631,4.26,0.0,78.82
2007-02-16,0.99,5.6609,2.47,0.0,76.77
2007-02-17,7.53,5.5543,4.94,0.0,76.02
2007-02-18,6.81,5.6626,2.27,0.0,69.96
2007-02-19,12.34,2.6918,4.85,0.0,86.73
2007-02-20,16.59,1.8569,3.2,0.55,93.03
2007-02-21,17.72,5.3383,3.4,1.15,80.18
2007-02-22,16.9,4.5991,2.26,0.01,83.16
2007-02-23,16.66,2.2298,4.63,0.51,91.57
2007-02-24,18.32,2.2229,5.86,2.59,79.68
2007-02-25,11.82,5.9081,3.07,0.0,61.8
2007-02-26,14.47,4.7882,3.7,0.0,80.73
2007-02-27,16.66,5.0436,2.53,0.0,86.23
2007-02-28,19.31,2.1034,4.43,0.0,91.14
2007-03-01,16.25,5.1106,4.77,0.33,71.66
2007-03-02,11.8,5.8138,2.77,0.0,66.57
2007-03-03,9.27,5.917,3.82,0.0,69.04
2007-03-04,6.06,6.5225,3.97,0.0,63.0
2007-03-05,9.94,6.449,1.61,0.0,50.17
2007-03-06,10.51,5.6753,2.45,0.0,75.56
2007-03-07,13.98,5.4646,2.36,0.0,83.36
2007-03-08,15.42,5.3976,2.19,0.0,82.24
2007-03-09,17.39,4.2499,2.52,0.0,86.87
2007-03-10,19.33,5.0611,2.68,0.04,84.25
2007-03-11,17.58,4.3747,3.64,13.29,86.56
2007-03-12,18.97,2.2265,3.27,10.05,94.81
2007-03-13,18.09,2.7262,1.55,37.2,94.4
2007-03-14,18.09,1.3406,2.95,33.98,95.47
2007-03-15,18.94,5.7986,2.0,0.53,83.82
2007-03-16,16.55,4.2773,4.1,0.01,86.37
2007-03-17,14.61,6.2102,3.12,0.0,77.85
2007-03-18,17.69,3.6552,3.65,0.0,85.72
2007-03-19,19.62,4.5732,5.09,0.0,84.05
2007-03-20,20.2,4.5696,4.68,0.1,85.61
2007-03-21,20.29,4.6327,4.84,0.04,85.05
2007-03-22,19.68,4.1045,3.98,0.0,87.41
2007-03-23,20.14,4.6301,3.9,0.0,87.84
2007-03-24,20.72,3.8006,4.16,0.02,88.92
2007-03-25,20.68,3.5477,3.72,0.01,89.74
2007-03-26,20.21,3.311,5.04,10.71,89.47
2007-03-27,21.82,4.8389,4.48,6.51,87.41
2007-03-28,21.97,4.4909,4.73,0.01,85.98
2007-03-29,22.13,4.1422,5.27,0.02,86.19
2007-03-30,21.12,3.5921,4.9,3.64,87.95
2007-03-31,19.45,1.5314,2.79,35.18,84.68
2007-04-01,21.11,5.316,1.8,4.79,77.53
2007-04-02,21.38,3.3782,2.77,0.5,92.87
2007-04-03,22.59,4.3116,2.87,0.66,89.82
2007-04-04,18.19,0.954,3.81,5.56,89.72
2007-04-05,15.33,7.2226,3.19,0.0,69.71
2007-04-06,14.07,7.0246,3.8,0.0,71.35
2007-04-07,5.34,1.177,4.42,15.32,77.06
2007-04-08,7.38,3.8431,2.35,2.93,77.45
2007-04-09,12.25,3.7618,2.45,0.17,80.46
2007-04-10,18.94,6.3415,4.0,3.82,88.38
2007-04-11,18.73,7.1544,3.51,0.12,72.77
2007-04-12,16.82,7.4323,4.29,0.0,73.77
2007-04-13,22.03,1.4818,6.05,6.67,89.78
2007-04-14,13.97,4.1544,6.21,3.17,77.53
2007-04-15,13.26,7.9044,2.72,0.0,66.6
2007-04-16,15.03,5.442,2.95,0.0,76.65
2007-04-17,17.82,2.5106,4.33,9.9,89.37
2007-04-18,17.36,6.2023,3.77,0.24,84.5
2007-04-19,18.37,6.9528,2.0,0.0,81.37
2007-04-20,18.7,5.5056,2.91,0.0,84.57
2007-04-21,19.05,7.1839,3.89,0.0,81.69
2007-04-22,20.94,4.5194,3.74,0.0,85.74
2007-04-23,22.01,2.5925,3.63,0.05,86.97
2007-04-24,22.15,2.7298,5.98,1.62,90.4
2007-04-25,21.07,4.0001,2.59,32.29,82.1
2007-04-26,18.26,7.9673,2.89,0.0,72.28
2007-04-27,19.31,4.1894,2.83,0.01,81.27
2007-04-28,21.82,5.9878,2.24,0.01,81.15
2007-04-29,22.12,5.8529,2.04,0.0,79.16
2007-04-30,21.97,4.1381,3.05,10.58,87.68
2007-05-01,22.36,4.5163,4.26,7.04,86.9
2007-05-02,23.01,4.8331,3.6,11.19,87.9
2007-05-03,22.6,4.3476,3.56,20.0,91.35
2007-05-04,24.12,3.6142,3.15,2.06,90.23
2007-05-05,24.38,4.1645,5.11,0.0,88.07
2007-05-06,24.66,3.9461,5.67,0.0,87.25
2007-05-07,24.32,6.8885,3.45,0.01,85.3
2007-05-08,23.62,5.4948,2.81,0.95,86.75
2007-05-09,22.66,5.8128,2.38,0.01,79.88
2007-05-10,21.09,6.1906,1.88,15.8,85.72
2007-05-11,22.23,4.8497,1.34,6.42,78.4
2007-05-12,23.87,6.7262,1.73,0.01,72.22
2007-05-13,24.38,6.0235,1.9,1.9,78.78
2007-05-14,25.07,6.8083,1.58,2.58,78.26
2007-05-15,25.15,7.0469,1.25,2.06,75.74
2007-05-16,22.77,5.7626,3.6,0.03,83.03
2007-05-17,20.27,7.7969,3.36,0.0,73.02
2007-05-18,20.45,7.6382,2.57,0.0,67.23
2007-05-19,20.03,7.8986,2.12,0.0,70.77
2007-05-20,20.63,6.2054,2.73,0.0,72.8
2007-05-21,21.83,4.1006,3.05,4.31,84.42
2007-05-22,23.19,5.2349,4.1,14.01,89.03
2007-05-23,24.57,5.0978,4.37,4.48,86.22
2007-05-24,24.13,6.5131,3.58,2.56,86.69
2007-05-25,23.07,4.3034,3.61,3.05,87.86
2007-05-26,22.28,1.7611,4.03,22.12,93.58
2007-05-27,22.81,5.8757,2.93,7.62,88.49
2007-05-28,22.51,3.3677,3.53,23.39,93.86
2007-05-29,24.48,6.7999,1.85,6.17,85.04
2007-05-30,24.23,6.5938,2.35,6.44,87.43
2007-05-31,24.47,7.1196,2.24,0.05,85.36
2007-06-01,24.73,7.0322,2.95,0.0,84.19
2007-06-02,25.22,6.2794,1.7,1.58,82.47
2007-06-03,25.97,7.0973,2.77,2.75,84.57
2007-06-04,25.55,7.5965,2.49,0.82,85.96
2007-06-05,25.56,4.2516,1.3,0.03,74.24
2007-06-06,25.45,7.3903,3.57,0.0,82.22
2007-06-07,27.03,6.1718,4.8,0.08,85.64
2007-06-08,27.15,5.9604,2.92,0.09,87.0
2007-06-09,27.02,6.9617,1.88,0.01,82.98
2007-06-10,27.16,6.947,1.68,1.46,79.24
2007-06-11,27.15,7.2454,1.97,0.04,78.15
2007-06-12,27.44,7.0867,1.48,0.68,78.68
2007-06-13,27.56,6.7464,1.54,8.26,79.48
2007-06-14,26.92,6.7229,1.6,11.7,80.75
2007-06-15,26.25,5.5771,1.91,7.39,84.04
2007-06-16,25.52,3.918,2.62,14.26,89.56
2007-06-17,26.0,3.2314,3.43,12.81,89.47
2007-06-18,27.67,7.133,4.19,3.8,82.97
2007-06-19,27.78,6.1092,2.93,5.42,86.77
2007-06-20,26.38,4.6834,2.07,2.43,87.36
2007-06-21,26.02,5.585,1.49,2.34,85.19
2007-06-22,25.62,3.6922,1.19,1.58,84.98
2007-06-23,25.68,2.3628,1.84,5.93,81.83
2007-06-24,25.86,6.0766,2.65,4.33,82.58
2007-06-25,25.87,2.5498,3.64,12.44,92.61
2007-06-26,26.65,5.6782,4.12,4.05,90.26
2007-06-27,26.81,6.0876,3.92,0.23,83.54
2007-06-28,26.58,6.6545,3.03,2.76,82.53
2007-06-29,26.12,5.8925,2.23,4.22,85.61
2007-06-30,26.37,5.0645,1.97,6.26,86.23
2007-07-01,25.55,2.5577,2.44,13.71,93.26
2007-07-02,24.96,3.2546,2.88,18.29,94.16
2007-07-03,25.15,4.0018,2.86,9.01,91.3
2007-07-04,24.58,1.4107,2.65,20.29,95.54
2007-07-05,24.89,3.9439,3.67,17.19,92.15
2007-07-06,25.91,4.081,2.88,21.48,94.21
2007-07-07,26.03,4.8235,2.05,9.77,90.59
2007-07-08,26.32,6.2894,2.46,1.3,88.21
2007-07-09,26.8,6.1819,3.17,0.42,89.08
2007-07-10,27.4,7.0159,3.17,0.04,83.64
2007-07-11,27.69,6.7685,1.97,0.0,81.6
2007-07-12,27.79,6.5095,2.17,1.88,81.92
2007-07-13,27.54,6.5306,2.57,0.45,83.27
2007-07-14,26.07,2.7821,2.66,6.08,87.09
2007-07-15,25.99,4.2022,2.43,19.51,89.46
2007-07-16,25.84,5.4312,2.07,3.72,86.08
2007-07-17,25.37,4.951,2.33,7.63,90.18
2007-07-18,24.89,3.1313,2.08,1.14,91.27
2007-07-19,24.66,2.8397,2.5,16.19,94.14
2007-07-20,24.93,2.3822,2.3,16.28,92.37
2007-07-21,26.85,5.1408,2.19,3.48,82.87
2007-07-22,27.63,5.5874,1.71,6.0,80.94
2007-07-23,26.3,6.6122,2.4,0.11,78.99
2007-07-24,25.07,5.4869,1.62,0.03,78.46
2007-07-25,24.86,5.0618,1.6,3.36,87.52
2007-07-26,24.61,1.9243,2.78,13.05,94.76
2007-07-27,24.96,3.3264,2.57,9.08,91.59
2007-07-28,26.6,5.0582,1.87,3.6,85.55
2007-07-29,26.51,5.1934,1.99,2.85,88.54
2007-07-30,27.53,6.1411,1.99,0.67,84.08
2007-07-31,27.93,6.485,1.72,0.72,80.99
2007-08-01,27.4,5.9095,1.45,7.2,85.54
2007-08-02,27.37,3.9396,1.0,10.55,83.63
2007-08-03,27.53,6.0492,2.25,3.51,82.44
2007-08-04,27.66,6.1558,1.83,4.0,83.13
2007-08-05,27.56,6.809,2.78,0.78,85.53
2007-08-06,27.54,7.0291,2.64,0.0,86.55
2007-08-07,28.2,7.2665,2.77,0.0,83.08
2007-08-08,27.6,7.1594,2.36,0.0,83.25
2007-08-09,27.79,6.7714,1.62,0.0,79.0
2007-08-10,28.79,6.1481,1.74,0.0,79.05
2007-08-11,29.49,6.511,1.87,0.42,76.7
2007-08-12,30.11,6.6055,2.54,0.89,75.85
2007-08-13,30.36,6.648,1.65,0.04,68.05
2007-08-14,29.73,5.4091,2.08,2.01,70.31
2007-08-15,28.38,3.4548,2.58,8.33,83.68
2007-08-16,27.05,1.6738,3.78,29.94,94.48
2007-08-17,27.49,5.2171,2.64,14.71,90.0
2007-08-18,27.26,4.776,2.6,10.12,89.47
2007-08-19,27.17,6.2808,2.6,1.16,86.41
2007-08-20,27.31,6.6235,3.22,0.28,82.24
2007-08-21,27.53,6.4114,3.02,0.47,83.87
2007-08-22,27.96,6.1961,2.92,0.99,84.9
2007-08-23,28.1,6.3955,2.91,0.15,83.11
2007-08-24,27.93,6.5333,2.38,0.06,81.11
2007-08-25,27.31,5.2313,1.99,0.75,83.95
2007-08-26,27.06,6.222,1.43,2.0,81.79
2007-08-27,27.07,5.7871,1.9,8.66,84.97
2007-08-28,26.06,4.8209,1.49,7.11,89.51
2007-08-29,26.37,1.9954,1.21,10.58,87.74
2007-08-30,26.56,5.4185,1.32,5.15,85.17
2007-08-31,26.43,4.9462,2.13,5.08,85.33
2007-09-01,25.31,4.205,2.19,8.27,84.33
2007-09-02,24.61,3.8611,1.73,3.94,91.35
2007-09-03,25.58,2.4686,1.07,14.71,89.77
2007-09-04,26.39,4.2682,1.64,4.84,86.14
2007-09-05,26.27,3.4368,2.57,5.07,91.5
2007-09-06,26.9,4.951,2.67,2.73,89.49
2007-09-07,26.88,5.4329,2.12,1.92,86.91
2007-09-08,27.36,4.963,1.67,1.85,84.86
2007-09-09,27.26,5.1367,2.16,2.65,84.94
2007-09-10,27.36,5.778,1.73,0.25,78.52
2007-09-11,26.4,5.4977,2.92,5.59,82.58
2007-09-12,24.23,2.4586,4.13,9.04,90.69
2007-09-13,25.71,5.6021,2.94,3.28,82.71
2007-09-14,26.6,5.9448,1.76,0.08,76.72
2007-09-15,26.07,5.9606,2.45,0.0,78.7
2007-09-16,24.04,6.463,2.27,0.0,77.61
2007-09-17,23.73,6.468,2.66,0.0,80.94
2007-09-18,25.46,5.6746,2.53,0.02,82.57
2007-09-19,26.21,5.0566,2.7,0.3,84.45
2007-09-20,24.63,6.2402,2.27,0.03,75.05
2007-09-21,24.71,6.288,1.31,0.0,66.72
2007-09-22,24.61,5.8392,1.8,0.0,68.25
2007-09-23,24.59,4.9814,2.24,0.0,78.12
2007-09-24,25.32,4.5406,1.95,0.51,79.97
2007-09-25,26.29,4.7561,2.03,2.5,84.03
2007-09-26,26.48,4.6814,2.03,1.14,84.11
2007-09-27,26.36,4.8533,1.68,3.19,83.61
2007-09-28,25.93,5.4312,2.7,0.49,81.17
2007-09-29,24.37,3.5808,3.04,3.93,82.03
2007-09-30,25.7,3.6806,2.44,4.22,90.53
2007-10-01,26.32,5.0602,2.29,0.68,83.47
2007-10-02,24.85,5.8766,2.3,0.0,76.43
2007-10-03,24.43,5.862,1.62,0.0,72.6
2007-10-04,25.54,5.6935,1.74,0.0,70.81
2007-10-05,26.1,4.158,2.29,9.08,85.24
2007-10-06,26.21,3.661,2.58,11.55,88.06
2007-10-07,25.97,3.0331,2.98,6.06,89.37
2007-10-08,26.1,4.531,2.19,2.22,86.02
2007-10-09,26.56,5.0122,2.51,0.06,79.85
2007-10-10,23.73,5.6669,2.39,0.0,63.62
2007-10-11,22.03,5.777,2.0,0.0,64.9
2007-10-12,21.31,5.687,2.0,0.0,70.94
2007-10-13,21.11,5.7264,3.15,0.0,75.39
2007-10-14,23.08,2.7898,4.79,0.99,83.04
2007-10-15,24.47,3.7531,3.76,47.73,89.87
2007-10-16,23.54,4.171,2.27,0.9,89.43
2007-10-17,25.79,4.0334,3.95,2.46,87.45
2007-10-18,25.38,4.267,3.56,0.22,80.0
2007-10-19,20.01,5.7288,2.56,0.0,59.03
2007-10-20,20.37,5.4638,3.17,0.0,73.18
2007-10-21,22.33,4.4407,3.78,0.0,81.09
2007-10-22,16.94,1.554,5.62,8.73,82.23
2007-10-23,13.03,5.6722,5.12,0.0,61.32
2007-10-24,14.06,5.479,4.53,0.0,60.76
2007-10-25,11.88,5.5618,3.49,0.0,64.39
2007-10-26,13.78,5.5246,1.72,0.0,53.16
2007-10-27,13.97,5.3246,3.19,0.0,70.09
2007-10-28,15.13,5.1259,3.56,0.0,74.92
2007-10-29,15.03,5.0402,3.1,0.0,71.81
2007-10-30,15.73,4.985,1.94,0.0,76.34
2007-10-31,19.07,4.5552,1.4,0.0,80.53
2007-11-01,20.01,4.3666,1.62,0.01,72.88
2007-11-02,20.02,4.416,1.09,0.0,73.65
2007-11-03,19.51,4.1083,2.06,0.0,77.03
2007-11-04,19.42,4.3385,1.87,0.0,77.09
2007-11-05,20.45,4.4018,3.33,0.0,82.38
2007-11-06,18.79,2.6467,3.34,0.04,65.67
2007-11-07,13.88,3.9984,2.32,0.0,51.58
2007-11-08,17.49,2.1802,3.03,0.0,77.51
2007-11-09,21.3,3.6617,3.01,0.12,83.08
2007-11-10,21.38,3.0876,3.22,0.51,82.9
2007-11-11,21.02,3.1555,3.73,0.7,82.91
2007-11-12,21.6,3.3338,2.34,0.24,83.37
2007-11-13,22.34,3.061,2.55,0.38,84.31
2007-11-14,22.62,4.183,4.16,0.03,75.17
2007-11-15,13.99,4.651,5.18,0.0,35.79
2007-11-16,12.49,4.4285,2.85,0.0,62.24
2007-11-17,18.72,1.3056,2.93,30.68,92.0
2007-11-18,20.32,2.621,2.16,29.63,94.81
2007-11-19,20.05,3.0185,1.79,0.63,89.42
2007-11-20,20.51,2.8001,3.17,0.99,92.13
2007-11-21,20.37,2.7823,4.32,9.98,89.36
2007-11-22,8.19,3.3149,5.63,0.82,62.38
2007-11-23,7.43,1.6471,3.41,3.45,84.5
2007-11-24,6.93,0.3857,5.2,32.38,93.18
2007-11-25,6.84,0.8911,3.16,4.87,94.34
2007-11-26,6.58,4.3291,3.39,0.0,83.71
2007-11-27,8.48,3.6893,2.25,0.0,84.13
2007-11-28,12.14,3.3694,2.23,0.0,90.43
2007-11-29,13.86,3.8009,1.84,0.01,82.7
2007-11-30,15.7,3.2462,2.59,0.02,90.11
2007-12-01,18.85,2.2358,5.03,0.01,91.15
2007-12-02,20.83,1.8038,4.21,1.01,87.65
2007-12-03,8.41,4.3291,4.51,0.0,63.86
2007-12-04,7.35,4.3298,1.95,0.0,69.24
2007-12-05,12.99,4.0774,1.96,0.0,73.94
2007-12-06,13.22,3.0794,3.22,0.0,88.61
2007-12-07,19.45,2.5514,3.87,0.0,91.66
2007-12-08,21.69,2.2783,4.44,0.06,90.27
2007-12-09,21.15,2.4737,3.58,1.12,91.32
2007-12-10,20.3,1.9318,3.22,1.01,92.16
2007-12-11,21.96,2.279,5.0,0.59,90.09
2007-12-12,14.47,1.6471,3.34,6.19,90.87
2007-12-13,10.72,2.418,2.99,1.7,85.85
2007-12-14,14.77,1.1858,3.23,1.59,92.63
2007-12-15,12.94,2.8678,6.59,18.07,75.73
2007-12-16,3.85,4.2547,3.17,0.0,67.96
2007-12-17,6.02,3.7757,2.66,0.0,77.1
2007-12-18,14.47,2.5733,2.75,0.01,92.39
2007-12-19,17.68,2.2159,3.22,3.82,94.55
2007-12-20,17.35,3.8693,4.08,4.99,77.61
2007-12-21,12.69,3.8518,2.78,0.0,78.5
2007-12-22,14.52,2.8044,5.68,2.53,70.49
2007-12-23,4.01,4.2533,2.92,0.0,55.17
2007-12-24,6.38,3.474,2.24,0.0,65.71
2007-12-25,6.9,3.9914,2.89,0.0,74.11
2007-12-26,11.23,3.2453,4.98,8.42,83.99
2007-12-27,7.77,3.0876,3.23,1.52,87.3
2007-12-28,10.95,3.6706,4.2,3.36,75.53
2007-12-29,8.06,2.3242,1.9,0.0,72.65
2007-12-30,10.06,3.894,2.12,0.0,66.35
2007-12-31,10.54,3.9564,3.66,0.0,75.21
2008-01-01,5.42,4.2677,4.71,0.0,58.38
2008-01-02,1.54,4.2725,3.87,0.0,64.52
2008-01-03,1.53,3.8114,3.09,0.0,70.22
2008-01-04,10.39,2.249,4.23,0.05,91.13
2008-01-05,16.83,2.6678,4.66,0.56,91.48
2008-01-06,18.37,3.3658,4.99,0.03,89.7
2008-01-07,19.77,2.0424,6.21,0.05,89.88
2008-01-08,17.77,1.5221,5.07,1.81,79.59
2008-01-09,11.88,3.8359,2.51,0.2,73.97
2008-01-10,13.9,2.9671,4.36,0.51,73.52
2008-01-11,9.19,4.3073,2.26,0.0,65.7
2008-01-12,11.66,3.9898,3.11,1.47,80.53
2008-01-13,8.9,4.3337,3.39,0.0,77.07
2008-01-14,9.28,3.5837,1.81,0.0,65.44
2008-01-15,9.88,0.9996,1.48,11.8,75.53
2008-01-16,10.0,1.3934,1.86,22.83,91.01
2008-01-17,6.57,2.0882,3.95,0.05,72.01
2008-01-18,3.49,1.0186,4.12,23.63,85.47
2008-01-19,3.15,4.4453,4.52,14.5,80.41
2008-01-20,2.45,4.3843,3.93,0.0,77.07
2008-01-21,9.52,0.9228,6.0,2.22,91.08
2008-01-22,14.74,2.2608,3.74,5.69,91.34
2008-01-23,7.4,1.1945,2.94,9.23,91.56
2008-01-24,6.58,1.5547,4.21,5.51,81.68
2008-01-25,4.65,0.7814,3.31,6.35,86.7
2008-01-26,8.76,3.401,1.62,0.11,81.64
2008-01-27,7.94,3.3929,1.68,0.0,89.88
2008-01-28,13.89,2.2303,4.53,0.01,91.78
2008-01-29,15.41,2.1958,5.13,0.23,76.19
2008-01-30,6.33,3.8441,3.88,0.06,67.3
2008-01-31,11.8,3.2182,6.02,10.85,71.6
2008-02-01,5.47,5.0998,2.33,0.0,69.91
2008-02-02,13.58,3.7788,3.31,0.03,88.47
2008-02-03,19.75,1.8468,4.69,0.37,91.73
2008-02-04,20.47,2.4343,6.45,0.03,88.56
2008-02-05,20.49,1.4719,6.22,2.0,86.95
2008-02-06,8.38,5.3105,4.06,0.0,60.71
2008-02-07,9.55,5.1067,3.91,0.0,67.01
2008-02-08,12.22,4.9493,3.81,0.0,79.64
2008-02-09,14.97,3.953,2.11,0.0,84.58
2008-02-10,14.98,4.2994,2.59,0.0,83.71
2008-02-11,16.57,2.5202,3.85,2.44,94.54
2008-02-12,14.59,1.5804,5.04,11.83,85.11
2008-02-13,7.61,5.461,2.69,0.0,65.4
2008-02-14,13.26,4.2624,4.58,0.0,81.02
2008-02-15,18.04,1.6925,3.84,9.51,93.42
2008-02-16,19.37,1.0001,6.44,30.85,91.73
2008-02-17,12.66,5.5253,3.8,0.01,76.05
2008-02-18,9.85,5.5848,3.23,0.02,74.24
2008-02-19,10.83,3.3062,2.89,0.0,74.37
2008-02-20,16.57,1.6884,3.02,19.76,94.9
2008-02-21,18.87,1.5331,3.19,4.98,95.11
2008-02-22,11.2,3.7402,3.78,0.69,82.6
2008-02-23,11.58,5.2435,2.82,0.0,84.07
2008-02-24,15.97,5.6426,3.22,0.01,78.65
2008-02-25,16.56,3.5354,4.21,0.47,88.29
2008-02-26,10.49,5.8942,6.98,0.0,61.26
2008-02-27,7.03,6.2489,2.43,0.0,63.27
2008-02-28,12.74,5.3155,5.02,0.0,77.11
2008-02-29,17.75,3.9374,3.77,0.08,85.71
2008-03-01,17.76,5.177,2.68,0.01,84.63
2008-03-02,19.04,2.6923,6.3,0.03,87.21
2008-03-03,15.49,1.5091,7.96,7.23,80.81
2008-03-04,7.91,6.4987,4.26,0.0,60.91
2008-03-05,12.22,6.3072,3.52,0.0,75.71
2008-03-06,12.22,1.9207,4.44,21.28,92.51
2008-03-07,5.49,5.2685,6.45,0.62,70.23
2008-03-08,6.77,6.4754,2.78,0.0,66.37
2008-03-09,13.15,4.4074,4.76,0.02,81.71
2008-03-10,14.66,1.278,3.01,21.22,92.08
2008-03-11,12.27,4.997,3.11,0.12,79.38
2008-03-12,14.19,6.2038,2.33,0.0,67.7
2008-03-13,16.57,3.1368,4.46,0.01,89.56
2008-03-14,20.94,5.3645,4.79,0.0,84.61
2008-03-15,18.35,6.6778,4.0,0.0,76.46
2008-03-16,17.14,3.6876,6.27,0.0,83.08
2008-03-17,22.18,3.6672,7.7,0.0,87.38
2008-03-18,21.28,1.6858,8.08,5.31,86.44
2008-03-19,12.88,6.8719,5.94,0.03,67.73
2008-03-20,12.7,7.0351,2.52,0.32,67.65
2008-03-21,14.68,5.6986,3.19,0.01,81.33
2008-03-22,17.23,6.1723,2.03,0.0,78.57
2008-03-23,14.72,5.1396,4.57,0.0,67.41
2008-03-24,12.11,6.9792,2.63,0.0,63.83
2008-03-25,15.23,5.3796,4.83,0.0,77.37
2008-03-26,19.22,3.5381,5.7,0.0,83.96
2008-03-27,20.11,5.8142,5.27,0.0,82.42
2008-03-28,20.62,3.2294,3.05,0.26,87.2
2008-03-29,21.29,4.1302,3.32,0.17,84.99
2008-03-30,22.54,3.1346,5.36,2.52,86.62
2008-03-31,22.62,2.9256,5.22,0.28,83.58
2008-04-01,23.45,4.1172,1.79,1.65,83.28
2008-04-02,22.31,3.2976,3.02,0.04,84.24
2008-04-03,23.01,4.0442,5.21,0.0,84.31
2008-04-04,19.55,2.4612,4.77,12.02,88.99
2008-04-05,15.47,5.7965,2.58,0.12,71.82
2008-04-06,17.71,6.9864,2.74,0.0,79.14
2008-04-07,20.53,4.8238,3.03,0.01,82.99
2008-04-08,22.85,4.691,4.26,0.0,82.79
2008-04-09,22.72,2.2462,5.93,0.01,85.67
2008-04-10,24.52,2.441,5.13,0.84,82.9
2008-04-11,20.88,4.555,4.02,0.27,65.13
2008-04-12,15.98,7.5094,4.5,0.0,56.73
2008-04-13,14.85,7.537,4.16,0.0,54.51
2008-04-14,12.12,8.0026,3.62,0.0,56.35
2008-04-15,14.6,7.8178,3.69,0.0,61.75
2008-04-16,18.13,6.0118,5.37,0.0,70.39
2008-04-17,21.03,4.8547,6.14,3.35,75.07
2008-04-18,17.08,6.5174,4.41,16.32,67.31
2008-04-19,18.08,7.9399,2.59,0.0,55.8
2008-04-20,19.5,5.0645,3.81,0.0,83.24
2008-04-21,24.03,4.3934,3.5,0.14,79.79
2008-04-22,24.36,4.4477,3.31,0.77,80.34
2008-04-23,24.22,6.7802,3.79,0.04,77.24
2008-04-24,23.82,5.0285,5.1,0.0,76.9
2008-04-25,23.75,4.1796,3.81,7.33,81.44
2008-04-26,22.75,4.8206,1.61,0.99,81.41
2008-04-27,19.89,3.5028,4.17,1.98,74.97
2008-04-28,17.65,7.9488,3.55,0.0,46.54
2008-04-29,18.82,7.8864,3.6,0.18,50.35
2008-04-30,21.1,7.6829,5.68,0.0,69.4
2008-05-01,24.05,3.5508,6.76,0.15,76.99
2008-05-02,26.12,4.1844,4.57,0.42,74.47
2008-05-03,22.1,7.608,3.9,0.07,61.21
2008-05-04,21.17,6.096,2.94,0.01,59.83
2008-05-05,21.07,1.6166,3.55,40.07,90.97
2008-05-06,21.94,2.9486,4.12,2.02,86.09
2008-05-07,23.62,4.4374,6.56,0.17,81.0
2008-05-08,24.32,7.8706,2.77,0.0,65.79
2008-05-09,26.24,7.1549,3.42,0.01,72.64
2008-05-10,26.58,4.795,4.12,2.59,77.35
2008-05-11,23.02,7.0262,4.54,0.08,50.8
2008-05-12,21.18,5.0076,3.53,0.04,57.93
2008-05-13,25.2,2.3926,5.12,0.3,82.52
2008-05-14,25.39,3.3643,3.89,17.9,86.7
2008-05-15,23.95,5.2726,2.93,4.94,83.34
2008-05-16,19.58,5.4751,3.8,0.35,71.68
2008-05-17,19.8,2.9837,1.48,0.18,65.65
2008-05-18,23.45,8.1113,2.47,0.0,60.58
2008-05-19,25.77,8.225,3.44,0.04,61.43
2008-05-20,27.53,8.0954,3.76,0.04,67.36
2008-05-21,26.77,7.2588,4.23,0.01,73.15
2008-05-22,26.88,5.3916,6.03,0.52,76.33
2008-05-23,29.04,6.7457,5.32,0.04,71.16
2008-05-24,29.02,5.561,4.16,0.0,71.67
2008-05-25,28.47,6.8522,4.21,0.0,70.86
2008-05-26,28.67,7.2698,4.68,0.03,69.07
2008-05-27,28.21,7.2823,3.78,2.52,69.42
2008-05-28,27.63,5.7494,1.43,9.03,72.06
2008-05-29,27.24,6.5093,2.67,0.9,66.92
2008-05-30,27.16,8.0873,3.58,0.0,61.61
2008-05-31,28.48,7.5977,3.53,0.0,66.7
2008-06-01,28.87,7.0834,3.46,0.0,65.14
2008-06-02,29.37,6.9514,4.04,0.0,66.29
2008-06-03,29.19,7.207,5.66,0.0,65.43
2008-06-04,29.5,5.8058,7.27,0.08,64.94
2008-06-05,29.72,5.6849,8.18,0.14,65.77
2008-06-06,29.82,5.743,5.95,2.19,67.63
2008-06-07,28.98,6.4178,5.38,0.17,69.27
2008-06-08,29.62,6.4949,5.04,0.14,65.76
2008-06-09,30.19,7.019,4.79,0.03,59.99
2008-06-10,29.23,4.739,3.19,11.91,66.48
2008-06-11,29.17,6.9785,4.52,0.3,65.26
2008-06-12,29.19,6.6612,4.99,0.3,65.45
2008-06-13,29.64,6.3228,4.32,1.43,64.49
2008-06-14,29.84,6.3223,2.85,1.26,63.45
2008-06-15,30.22,6.762,2.55,0.51,60.45
2008-06-16,30.6,6.8285,2.69,0.2,59.37
2008-06-17,30.23,6.4656,1.79,5.78,60.79
2008-06-18,30.0,6.7426,1.3,1.2,62.45
2008-06-19,29.9,5.1727,1.96,5.95,65.46
2008-06-20,28.68,5.5788,1.74,2.93,70.73
2008-06-21,29.17,6.4841,1.74,5.5,68.28
2008-06-22,29.18,6.9811,2.16,0.22,56.79
2008-06-23,29.18,6.1742,2.48,1.14,61.12
2008-06-24,28.01,4.4664,2.89,4.65,70.4
2008-06-25,27.79,6.439,3.37,3.6,73.33
2008-06-26,26.92,4.7167,3.18,9.49,79.26
2008-06-27,28.42,7.008,4.12,3.31,72.49
2008-06-28,28.09,6.3283,3.69,1.66,73.8
2008-06-29,28.9,5.7094,1.84,5.34,69.88
2008-06-30,27.02,5.3717,1.53,3.11,74.45
2008-07-01,27.26,6.0065,2.11,0.61,61.8
2008-07-02,28.02,5.5555,2.45,1.68,66.12
2008-07-03,28.24,7.1453,2.44,0.22,63.56
2008-07-04,26.47,4.673,2.83,6.1,73.19
2008-07-05,27.07,4.8204,2.84,2.21,67.86
2008-07-06,28.53,6.2254,2.95,0.27,64.98
2008-07-07,29.06,6.9005,3.25,0.64,68.3
2008-07-08,29.01,6.7013,2.77,5.35,71.28
2008-07-09,28.79,6.1308,1.87,5.72,71.48
2008-07-10,27.97,6.3413,2.67,2.84,74.19
2008-07-11,29.27,7.5007,3.58,0.24,68.63
2008-07-12,29.91,7.6738,3.68,0.0,65.87
2008-07-13,30.0,6.7692,2.94,0.0,64.38
2008-07-14,30.25,7.458,2.58,1.86,62.97
2008-07-15,28.96,6.6199,2.24,1.85,66.49
2008-07-16,29.47,6.1385,1.87,0.85,64.92
2008-07-17,29.68,7.4256,2.41,0.12,59.83
2008-07-18,29.2,7.2444,2.58,0.88,63.63
2008-07-19,29.3,6.811,2.46,1.1,64.78
2008-07-20,30.0,7.104,2.05,0.11,62.91
2008-07-21,30.37,7.5082,2.42,0.06,58.77
2008-07-22,29.42,5.8788,3.89,3.11,67.74
2008-07-23,27.17,4.0248,4.42,10.98,82.73
2008-07-24,26.72,2.6198,3.47,24.49,86.86
2008-07-25,28.87,6.4022,3.21,1.66,74.69
2008-07-26,29.15,7.5377,2.59,0.97,67.63
2008-07-27,29.31,7.8151,3.08,0.0,61.49
2008-07-28,29.33,7.7225,3.15,0.0,65.1
2008-07-29,29.64,7.6015,3.46,0.01,65.76
2008-07-30,30.01,6.9857,3.43,0.3,65.17
2008-07-31,30.55,7.151,4.06,0.03,64.62
2008-08-01,30.16,7.0502,3.02,0.1,65.99
2008-08-02,30.7,7.2146,2.83,0.61,62.99
2008-08-03,30.15,4.8602,1.7,5.66,68.67
2008-08-04,30.71,6.9732,1.84,3.81,66.1
2008-08-05,25.2,2.688,4.81,32.69,83.27
2008-08-06,27.25,5.0746,3.08,5.63,82.89
2008-08-07,28.61,6.9634,2.2,0.56,75.1
2008-08-08,28.7,7.0282,2.11,3.0,71.92
2008-08-09,29.22,6.7997,2.7,0.19,69.19
2008-08-10,29.77,6.6749,4.04,0.04,68.68
2008-08-11,29.89,5.8411,4.1,0.19,68.71
2008-08-12,28.09,3.4289,3.65,4.96,77.9
2008-08-13,29.2,4.7974,1.79,3.88,73.5
2008-08-14,29.61,6.5414,2.06,0.63,68.38
2008-08-15,27.99,4.6586,2.11,7.2,78.66
2008-08-16,27.39,3.233,1.99,11.79,80.87
2008-08-17,26.53,5.0465,1.96,5.9,81.2
2008-08-18,25.86,2.7936,1.58,14.67,87.81
2008-08-19,24.76,2.2457,3.23,11.22,87.72
2008-08-20,26.42,3.2633,2.95,31.59,86.14
2008-08-21,27.06,5.0062,3.03,18.77,88.27
2008-08-22,26.67,5.9434,2.25,1.93,87.25
2008-08-23,27.62,6.4363,1.59,3.9,80.8
2008-08-24,27.5,6.3432,2.07,0.17,79.66
2008-08-25,27.93,6.4258,2.49,0.11,75.05
2008-08-26,28.2,5.6182,1.33,2.35,75.09
2008-08-27,28.03,6.1378,2.13,1.25,78.46
2008-08-28,28.21,6.4598,1.73,0.63,75.54
2008-08-29,27.81,5.8606,1.39,1.46,77.46
2008-08-30,28.4,6.1526,2.14,0.18,74.1
2008-08-31,28.58,6.1373,2.44,0.16,72.15
2008-09-01,28.37,4.9579,4.9,0.81,70.3
2008-09-02,28.83,5.7055,4.11,0.98,68.39
2008-09-03,28.38,6.5827,3.41,0.06,66.3
2008-09-04,26.07,6.7697,3.1,0.0,66.59
2008-09-05,25.84,6.9883,2.91,0.0,66.4
2008-09-06,24.97,7.1208,2.58,0.0,66.42
2008-09-07,25.78,6.5642,2.86,0.05,72.6
2008-09-08,27.04,6.198,2.62,1.22,76.25
2008-09-09,27.85,4.8946,2.11,0.51,73.79
2008-09-10,28.32,5.8469,2.47,0.03,71.42
2008-09-11,29.22,5.6196,3.23,0.1,69.57
2008-09-12,28.04,2.7883,7.76,23.36,76.17
2008-09-13,26.92,1.2955,9.09,127.95,90.64
2008-09-14,25.05,2.622,3.13,23.13,91.08
2008-09-15,20.07,5.1881,4.4,0.0,77.73
2008-09-16,18.54,5.8721,2.86,0.0,79.09
2008-09-17,19.66,5.5294,2.46,0.0,79.16
2008-09-18,20.15,4.5077,2.4,0.0,80.92
2008-09-19,22.2,5.071,1.72,0.02,79.15
2008-09-20,24.06,5.4298,2.27,0.2,81.71
2008-09-21,24.08,5.8608,2.62,0.02,81.72
2008-09-22,24.54,5.7326,2.83,0.0,81.49
2008-09-23,24.37,5.081,2.56,0.19,83.44
2008-09-24,24.23,5.1408,2.69,2.6,83.79
2008-09-25,22.68,6.2064,3.06,0.0,73.3
2008-09-26,22.85,6.0754,2.35,0.0,68.77
2008-09-27,22.1,6.2518,2.06,0.01,62.29
2008-09-28,21.89,6.1769,2.05,0.0,65.52
2008-09-29,21.73,6.1783,2.39,0.0,67.98
2008-09-30,22.52,6.0454,3.03,0.0,69.11
2008-10-01,20.21,6.2225,2.86,0.0,64.68
2008-10-02,21.75,6.2256,1.58,0.0,61.24
2008-10-03,22.79,5.969,2.91,0.0,71.89
2008-10-04,23.08,5.7086,3.28,0.0,71.99
2008-10-05,23.43,4.5574,3.74,0.0,72.8
2008-10-06,25.42,5.111,3.59,3.28,78.12
2008-10-07,22.93,4.1143,3.01,18.2,78.05
2008-10-08,18.08,6.2645,2.97,0.0,64.55
2008-10-09,18.93,6.041,2.3,0.0,70.78
2008-10-10,21.66,5.3364,2.49,0.0,78.32
2008-10-11,22.75,4.9543,3.11,0.0,78.05
2008-10-12,23.89,4.4338,3.53,0.01,79.16
2008-10-13,24.78,4.794,3.42,0.25,80.1
2008-10-14,24.31,3.2146,3.45,5.91,88.01
2008-10-15,24.53,3.6694,2.53,26.84,91.54
2008-10-16,19.86,2.8735,3.46,5.58,89.27
2008-10-17,19.62,2.0266,2.72,0.19,83.52
2008-10-18,17.89,5.6066,2.5,0.0,72.05
2008-10-19,17.68,5.3496,2.35,0.0,74.39
2008-10-20,19.05,5.3124,2.04,0.0,74.46
2008-10-21,20.23,4.4429,2.1,0.0,78.87
2008-10-22,20.68,4.0462,3.05,19.15,83.41
2008-10-23,13.82,4.237,3.74,2.2,67.03
2008-10-24,14.77,5.5181,1.74,0.0,61.68
2008-10-25,17.32,5.2615,2.0,0.0,66.93
2008-10-26,19.57,5.1631,1.59,0.0,72.04
2008-10-27,13.06,5.4986,5.25,0.0,48.43
2008-10-28,11.1,5.3794,2.02,0.0,48.44
2008-10-29,14.08,5.2015,1.59,0.0,54.36
2008-10-30,17.01,4.7993,2.95,0.0,77.87
2008-10-31,18.64,4.5818,2.48,0.01,79.86
2008-11-01,19.3,4.1038,1.59,0.09,78.91
2008-11-02,19.03,4.6411,2.14,0.0,77.99
2008-11-03,17.77,4.71,2.85,0.0,76.18
2008-11-04,18.71,2.9993,3.06,0.0,81.16
2008-11-05,21.34,4.0982,4.45,0.05,80.29
2008-11-06,20.7,2.5445,2.9,1.41,78.32
2008-11-07,15.5,4.7414,2.88,0.06,56.27
2008-11-08,16.84,4.9411,1.83,0.01,41.28
2008-11-09,16.2,4.5667,3.01,0.0,58.38
2008-11-10,19.23,1.2749,5.87,16.2,85.11
2008-11-11,22.17,2.7266,4.47,58.68,93.89
2008-11-12,19.03,2.3753,2.27,25.9,79.97
2008-11-13,14.82,1.5461,1.96,0.22,88.28
2008-11-14,17.86,3.2052,2.93,0.18,85.75
2008-11-15,9.56,4.8214,5.56,0.0,57.87
2008-11-16,7.53,4.7503,2.04,0.0,64.27
2008-11-17,10.9,4.6351,2.19,0.0,63.04
2008-11-18,11.36,4.4647,2.68,0.0,75.86
2008-11-19,12.98,4.3051,2.44,0.0,85.48
2008-11-20,16.12,3.709,3.03,0.0,81.11
2008-11-21,8.85,4.2698,3.88,0.0,65.64
2008-11-22,9.75,3.5626,2.9,0.0,75.9
2008-11-23,17.05,2.8226,3.56,0.04,90.05
2008-11-24,17.48,3.0343,4.09,0.79,80.24
2008-11-25,10.1,4.451,2.0,0.0,62.52
2008-11-26,14.02,2.6971,2.4,0.0,88.66
2008-11-27,19.65,2.286,2.67,0.0,91.26
2008-11-28,20.39,2.3417,3.13,3.37,90.77
2008-11-29,14.02,2.0294,3.08,1.1,88.29
2008-11-30,9.77,3.8011,4.69,0.0,63.56
2008-12-01,7.07,3.8779,4.42,0.0,60.27
2008-12-02,10.59,4.152,4.08,0.0,71.89
2008-12-03,18.93,2.3352,5.93,3.49,85.74
2008-12-04,7.65,2.8565,4.71,0.31,66.53
2008-12-05,5.04,2.2289,2.78,0.0,63.29
2008-12-06,7.84,4.0932,1.93,0.0,59.83
2008-12-07,9.29,4.0354,3.0,0.0,71.4
2008-12-08,15.89,1.3483,5.19,0.41,91.26
2008-12-09,17.85,1.4933,6.22,12.42,83.56
2008-12-10,2.43,0.9182,6.39,3.7,70.28
2008-12-11,3.7,4.2091,4.61,0.16,64.64
2008-12-12,6.53,4.1407,2.08,0.62,64.98
2008-12-13,14.09,2.5579,5.21,0.02,86.43
2008-12-14,18.95,1.6834,5.61,0.03,89.76
2008-12-15,10.18,1.3723,4.5,0.59,84.2
2008-12-16,5.44,1.2187,2.3,0.4,85.12
2008-12-17,10.64,1.7381,1.51,1.2,90.02
2008-12-18,18.11,1.7942,3.95,0.99,93.9
2008-12-19,20.17,1.9658,3.15,0.16,91.8
2008-12-20,19.27,2.027,3.44,0.03,88.35
2008-12-21,7.42,2.1086,6.3,0.07,47.48
2008-12-22,2.37,2.1907,3.5,0.07,47.62
2008-12-23,14.23,2.0424,5.42,3.2,88.89
2008-12-24,16.95,1.0687,3.65,5.45,88.81
2008-12-25,16.61,1.5168,2.74,1.1,91.36
2008-12-26,21.04,1.7957,6.06,0.5,90.36
2008-12-27,19.26,1.4237,6.15,3.95,75.44
2008-12-28,7.95,0.7459,3.18,3.23,70.01
2008-12-29,9.29,4.039,2.16,0.01,69.08
2008-12-30,11.21,3.265,1.84,0.01,71.41
2008-12-31,11.8,3.6403,3.26,0.0,72.73
2009-01-01,11.57,2.4415,2.77,0.0,82.06
2009-01-02,18.14,2.076,3.6,0.0,88.18
2009-01-03,20.58,2.9743,4.74,0.01,84.58
2009-01-04,16.07,2.0033,3.81,0.37,78.96
2009-01-05,6.89,1.0075,3.56,1.4,76.35
2009-01-06,8.6,1.675,2.82,9.16,83.46
2009-01-07,9.29,4.3013,3.56,0.0,59.31
2009-01-08,13.25,4.1117,2.92,0.0,76.51
2009-01-09,18.49,3.0473,4.63,0.06,88.22
2009-01-10,12.48,1.8271,5.5,0.29,67.66
2009-01-11,6.61,2.862,3.65,0.0,57.29
2009-01-12,8.05,4.3466,1.93,0.0,61.32
2009-01-13,4.81,4.5602,4.63,0.0,58.84
2009-01-14,5.81,4.428,1.95,0.0,64.78
2009-01-15,8.23,4.2199,2.56,0.0,76.73
2009-01-16,4.43,3.8016,2.46,0.0,69.42
2009-01-17,11.59,2.2301,3.39,0.05,88.85
2009-01-18,13.22,4.2866,3.52,0.02,67.43
2009-01-19,10.34,4.5468,4.94,0.0,53.57
2009-01-20,7.28,4.6152,4.23,0.0,61.36
2009-01-21,7.6,4.6195,2.81,0.0,66.07
2009-01-22,12.47,4.614,3.9,0.0,75.27
2009-01-23,17.13,3.5266,4.33,0.0,82.59
2009-01-24,11.0,2.1281,4.56,0.03,77.98
2009-01-25,9.64,1.4638,1.36,0.02,81.26
2009-01-26,16.29,2.929,4.69,0.02,86.18
2009-01-27,17.56,2.7142,4.68,1.2,84.17
2009-01-28,4.44,4.0061,4.46,0.76,65.87
2009-01-29,5.04,4.8048,2.9,0.0,69.3
2009-01-30,7.66,5.0196,2.62,0.0,57.9
2009-01-31,9.47,4.9507,3.45,0.0,53.23
2009-02-01,14.19,3.3096,3.12,3.41,88.31
2009-02-02,11.13,4.4854,4.72,0.5,66.42
2009-02-03,11.12,5.124,1.94,0.0,47.0
2009-02-04,8.53,4.9901,2.84,0.0,66.63
2009-02-05,11.44,4.8701,3.71,0.0,77.47
2009-02-06,15.65,3.7908,5.36,0.0,80.33
2009-02-07,18.0,4.2002,5.47,0.0,76.21
2009-02-08,17.75,2.4737,5.89,0.12,81.41
2009-02-09,19.29,1.9841,6.2,1.57,85.29
2009-02-10,20.75,1.4546,7.01,5.73,87.23
2009-02-11,15.7,5.4298,4.29,3.6,50.22
2009-02-12,15.14,4.8053,2.93,0.0,62.49
2009-02-13,19.32,2.0366,2.71,7.98,87.57
2009-02-14,15.25,1.579,3.36,7.37,81.0
2009-02-15,14.42,3.6542,3.97,2.65,77.03
2009-02-16,11.62,3.6612,3.32,0.02,72.63
2009-02-17,18.0,1.3682,4.89,0.75,86.96
2009-02-18,19.9,1.9853,3.26,0.43,70.88
2009-02-19,12.44,5.555,4.37,0.0,49.48
2009-02-20,11.03,5.7816,3.32,0.0,56.87
2009-02-21,13.03,2.0849,4.9,1.3,65.9
2009-02-22,8.12,6.0355,2.99,0.0,47.64
2009-02-23,10.16,5.3472,3.3,0.0,71.13
2009-02-24,16.86,4.4102,4.76,0.0,77.98
2009-02-25,19.52,2.9162,5.0,0.0,81.3
2009-02-26,20.95,3.7853,5.51,0.0,78.73
2009-02-27,22.24,3.474,4.53,0.04,77.91
2009-02-28,12.79,4.5643,7.4,0.01,52.58
2009-03-01,6.28,6.3739,4.9,0.0,44.64
2009-03-02,8.78,6.1056,2.14,0.0,50.21
2009-03-03,11.31,5.9647,4.12,0.0,69.33
2009-03-04,16.77,3.8964,4.45,0.0,76.88
2009-03-05,19.75,5.5562,5.24,0.0,76.49
2009-03-06,20.5,5.0705,5.17,0.0,76.48
2009-03-07,21.74,3.8095,6.09,0.0,76.45
2009-03-08,22.5,4.1426,4.09,0.0,77.37
2009-03-09,22.24,5.0052,4.85,0.0,75.25
2009-03-10,22.75,4.3541,5.01,0.0,74.44
2009-03-11,20.53,3.5748,2.84,1.28,80.94
2009-03-12,9.42,0.9326,4.01,23.32,90.31
2009-03-13,7.73,0.9506,3.44,15.22,90.82
2009-03-14,7.64,1.068,2.88,6.58,88.27
2009-03-15,9.79,1.4078,1.09,7.39,88.21
2009-03-16,14.89,6.3358,1.57,0.1,78.38
2009-03-17,15.45,5.1286,2.12,0.03,81.06
2009-03-18,16.13,6.7176,2.29,0.02,73.64
2009-03-19,17.46,6.3341,1.89,0.0,69.73
2009-03-20,18.02,6.4399,2.55,0.0,69.64
2009-03-21,18.67,5.5135,3.17,0.0,74.27
2009-03-22,19.46,5.5507,4.6,0.0,76.73
2009-03-23,21.25,4.0829,6.71,0.03,78.77
2009-03-24,22.18,2.8114,5.65,2.73,82.36
2009-03-25,21.35,3.4697,3.04,18.27,89.08
2009-03-26,20.79,1.3332,2.71,17.19,91.26
2009-03-27,19.67,2.9501,3.85,6.83,79.32
2009-03-28,10.27,7.4309,5.73,0.0,47.99
2009-03-29,11.99,7.4441,2.51,0.0,59.89
2009-03-30,17.76,3.2054,5.23,0.4,80.26
2009-03-31,16.4,4.5276,3.92,1.47,72.47
2009-04-01,14.51,3.6811,3.48,0.09,66.3
2009-04-02,17.92,7.0277,5.81,5.97,66.2
2009-04-03,14.79,7.3601,2.46,0.0,65.86
2009-04-04,19.76,4.194,4.28,0.02,80.34
2009-04-05,17.85,6.5184,5.88,0.0,58.2
2009-04-06,10.68,6.0653,5.85,0.0,42.61
2009-04-07,11.63,7.9123,3.18,0.0,45.65
2009-04-08,17.56,7.1623,4.67,0.0,67.01
2009-04-09,21.19,3.1817,5.58,0.21,82.36
2009-04-10,20.15,5.0059,3.87,0.01,66.66
2009-04-11,17.36,2.4398,3.97,0.01,65.7
2009-04-12,20.56,3.8167,4.45,16.34,81.42
2009-04-13,16.98,7.5758,4.35,0.22,68.04
2009-04-14,16.12,7.8437,2.61,0.0,62.51
2009-04-15,17.8,7.019,3.65,0.0,71.06
2009-04-16,19.08,3.727,4.77,0.1,77.64
2009-04-17,19.96,0.7954,5.58,29.78,92.15
2009-04-18,21.66,0.4848,4.06,95.72,94.74
2009-04-19,18.32,7.2168,4.15,1.35,78.34
2009-04-20,17.28,7.9702,3.33,0.0,66.23
2009-04-21,19.4,7.8802,3.73,0.0,67.68
2009-04-22,20.9,7.8797,4.47,0.0,75.46
2009-04-23,21.89,6.9197,5.48,0.01,78.8
2009-04-24,22.06,4.2434,4.93,24.86,87.74
2009-04-25,23.14,4.3882,5.86,8.3,85.55
2009-04-26,23.19,5.0839,6.68,0.04,83.23
2009-04-27,23.39,2.9837,4.88,62.16,90.14
2009-04-28,23.32,4.2574,4.38,16.07,89.25
2009-04-29,23.17,5.4089,5.16,0.27,86.38
2009-04-30,23.84,3.9694,4.86,0.09,86.38
2009-05-01,24.6,4.6267,4.71,0.01,84.3
2009-05-02,24.62,5.4041,4.78,0.16,83.82
2009-05-03,24.23,4.2902,3.64,6.25,87.98
2009-05-04,22.02,6.3175,2.21,0.22,82.79
2009-05-05,24.77,5.4079,3.79,0.01,84.07
2009-05-06,26.03,5.0791,4.28,0.0,84.04
2009-05-07,25.99,5.5325,4.0,0.0,83.09
2009-05-08,25.88,6.4368,5.16,0.0,82.05
2009-05-09,25.95,7.0517,3.93,0.0,81.46
2009-05-10,25.65,6.324,3.19,0.0,79.2
2009-05-11,25.75,5.317,2.44,2.71,82.88
2009-05-12,25.74,6.125,3.91,0.27,81.47
2009-05-13,25.69,5.8757,5.17,0.0,79.38
2009-05-14,25.49,7.3968,3.53,0.04,76.01
2009-05-15,25.56,6.6686,3.97,0.1,78.2
2009-05-16,24.74,5.8771,2.32,11.93,80.39
2009-05-17,20.97,3.7817,4.17,2.02,82.02
2009-05-18,18.27,8.5274,3.28,0.0,67.78
2009-05-19,19.42,8.2961,2.67,0.0,67.22
2009-05-20,21.06,8.4252,2.12,0.0,60.06
2009-05-21,23.89,6.4267,2.38,0.0,66.18
2009-05-22,24.48,5.7931,2.21,0.43,74.17
2009-05-23,24.12,5.3158,2.04,1.96,77.34
2009-05-24,23.72,4.2852,1.99,11.74,80.38
2009-05-25,24.74,7.0692,2.16,0.41,74.03
2009-05-26,25.94,5.6674,2.88,1.12,76.55
2009-05-27,24.6,1.709,1.61,0.61,85.02
2009-05-28,24.51,7.8144,2.36,0.01,62.07
2009-05-29,25.63,7.5302,1.86,0.0,59.72
2009-05-30,25.83,7.411,1.56,0.0,60.96
2009-05-31,25.71,7.5446,2.56,0.0,68.56
2009-06-01,25.51,6.6144,3.39,0.0,65.09
2009-06-02,25.42,5.6434,2.34,2.57,76.83
2009-06-03,25.47,4.8641,1.98,9.11,82.11
2009-06-04,24.67,6.8614,3.66,0.12,70.19
2009-06-05,25.08,8.0532,2.18,0.0,61.68
2009-06-06,26.23,7.8242,2.54,0.0,61.55
2009-06-07,26.77,7.5226,3.93,0.0,67.36
2009-06-08,27.91,7.0037,3.88,0.01,65.06
2009-06-09,28.6,6.4886,4.13,0.01,69.28
2009-06-10,28.72,6.3386,4.73,0.0,70.53
2009-06-11,29.41,6.7298,4.39,0.03,66.77
2009-06-12,29.76,7.9735,4.26,0.0,65.5
2009-06-13,29.97,7.5122,3.7,0.0,64.68
2009-06-14,29.77,7.7477,3.72,0.0,62.72
2009-06-15,30.05,7.5468,4.53,0.0,62.32
2009-06-16,30.48,7.9464,4.85,0.0,61.02
2009-06-17,29.95,7.8173,3.95,0.0,61.23
2009-06-18,30.49,7.553,4.44,0.0,61.51
2009-06-19,30.56,7.7218,4.21,0.0,60.84
2009-06-20,30.63,7.4863,4.35,0.0,60.34
2009-06-21,30.91,7.4376,3.74,0.0,60.49
2009-06-22,31.39,7.4321,2.76,0.06,57.62
2009-06-23,31.87,7.6354,2.41,0.0,53.77
2009-06-24,33.1,7.7875,2.0,0.12,48.05
2009-06-25,33.24,6.0809,2.16,2.09,51.03
2009-06-26,33.1,7.4429,2.36,0.11,51.52
2009-06-27,32.78,7.0219,3.02,0.03,53.67
2009-06-28,32.67,7.1254,2.43,0.13,53.94
2009-06-29,32.03,7.3738,2.24,4.46,55.94
2009-06-30,30.1,5.5423,1.16,4.12,65.69
2009-07-01,30.46,6.5654,1.53,3.33,62.2
2009-07-02,31.21,7.6546,2.37,0.49,57.35
2009-07-03,31.79,7.433,2.78,0.01,58.86
2009-07-04,32.34,7.4239,4.25,0.01,58.84
2009-07-05,32.53,6.7346,4.85,0.21,56.14
2009-07-06,31.01,5.9798,3.04,5.85,61.86
2009-07-07,29.23,4.1326,2.36,11.25,72.14
2009-07-08,31.28,7.3901,2.44,3.16,64.85
2009-07-09,31.77,7.7028,2.87,0.02,59.98
2009-07-10,31.23,7.4203,3.04,0.01,60.84
2009-07-11,31.29,6.6098,2.66,0.2,60.46
2009-07-12,31.74,6.9031,2.53,0.02,57.0
2009-07-13,32.1,7.3294,3.09,0.0,55.48
2009-07-14,32.04,7.7256,3.77,0.0,53.96
2009-07-15,32.34,7.4028,3.26,0.25,56.28
2009-07-16,31.83,6.0658,2.8,1.51,57.66
2009-07-17,30.7,5.7314,2.31,2.33,64.06
2009-07-18,29.87,6.0149,1.64,11.26,68.17
2009-07-19,29.46,5.9774,1.97,3.43,68.92
2009-07-20,28.57,5.1139,3.64,1.45,70.32
2009-07-21,29.24,5.3018,4.39,3.09,69.56
2009-07-22,30.3,5.9904,2.96,2.3,65.13
2009-07-23,28.76,5.5241,1.97,6.83,72.11
2009-07-24,29.45,4.8487,1.72,0.35,66.27
2009-07-25,30.31,6.6086,2.87,0.31,63.18
2009-07-26,30.29,6.2873,3.28,0.59,64.92
2009-07-27,30.04,5.7355,3.94,2.84,68.14
2009-07-28,30.5,6.9103,4.72,0.4,64.75
2009-07-29,30.81,6.1493,4.88,0.02,62.87
2009-07-30,31.01,6.5928,4.48,4.6,64.5
2009-07-31,29.3,5.0088,3.0,16.88,76.67
2009-08-01,30.15,6.523,3.94,3.69,68.88
2009-08-02,30.08,5.7053,3.05,0.23,65.08
2009-08-03,30.28,7.225,3.41,0.01,64.51
2009-08-04,30.93,6.7356,3.28,0.03,65.02
2009-08-05,31.39,7.0022,2.37,0.24,62.28
2009-08-06,31.45,6.8844,2.31,0.07,57.17
2009-08-07,31.16,6.4733,3.02,0.52,57.02
2009-08-08,30.63,6.468,3.73,0.19,61.45
2009-08-09,29.01,5.609,3.12,3.78,72.93
2009-08-10,28.6,4.5991,2.35,2.63,79.84
2009-08-11,30.39,6.6972,1.84,0.42,66.18
2009-08-12,30.23,6.7085,1.43,5.19,68.14
2009-08-13,29.61,6.1289,1.94,7.06,70.26
2009-08-14,29.93,6.3662,2.31,0.65,66.16
2009-08-15,29.83,6.5945,2.68,0.06,65.27
2009-08-16,30.27,6.3562,2.88,1.1,65.91
2009-08-17,29.12,6.0427,2.36,2.8,72.42
2009-08-18,28.14,4.6934,2.0,6.6,80.44
2009-08-19,28.37,5.3902,2.45,1.44,77.62
2009-08-20,29.92,6.2873,3.01,2.18,71.58
2009-08-21,29.05,5.8133,1.81,12.01,76.81
2009-08-22,30.22,6.925,1.88,3.04,68.13
2009-08-23,30.1,6.1152,2.05,1.59,67.44
2009-08-24,29.66,5.4274,2.01,2.19,71.69
2009-08-25,29.35,5.419,2.21,2.78,71.23
2009-08-26,28.18,4.6858,2.51,2.76,70.15
2009-08-27,28.49,5.3878,1.77,2.81,66.67
2009-08-28,28.16,5.1398,2.35,7.82,73.04
2009-08-29,28.28,5.0671,1.51,1.52,68.44
2009-08-30,28.16,5.9362,2.1,1.65,64.24
2009-08-31,27.25,4.1518,2.46,0.08,66.28
2009-09-01,26.58,3.5614,1.59,0.0,64.7
2009-09-02,27.08,6.2918,1.84,0.0,60.34
2009-09-03,28.04,5.6887,1.64,4.54,65.56
2009-09-04,26.32,3.762,1.68,0.29,73.85
2009-09-05,27.36,4.8557,1.73,2.53,73.75
2009-09-06,27.83,5.0777,2.08,4.79,72.58
2009-09-07,28.46,5.8159,2.24,0.25,68.05
2009-09-08,27.37,4.0073,2.13,1.74,75.72
2009-09-09,26.01,1.5874,1.34,10.19,84.66
2009-09-10,25.39,3.1075,1.47,7.52,85.85
2009-09-11,25.12,2.7331,2.68,7.77,87.26
2009-09-12,24.79,2.0731,2.43,7.06,89.24
2009-09-13,25.57,5.035,1.81,5.67,82.48
2009-09-14,25.73,4.7366,3.0,0.72,77.76
2009-09-15,25.67,2.957,3.36,0.35,76.5
2009-09-16,25.89,4.999,3.32,0.52,74.41
2009-09-17,24.69,4.5,3.6,0.29,75.94
2009-09-18,25.94,4.0666,3.44,0.34,76.08
2009-09-19,26.5,4.5211,2.28,0.0,74.64
2009-09-20,27.22,4.5238,1.67,0.26,72.72
2009-09-21,27.93,4.6255,3.11,6.63,76.41
2009-09-22,23.93,1.5125,2.57,25.23,89.61
2009-09-23,21.23,3.0329,4.11,2.11,81.39
2009-09-24,20.71,2.3467,3.83,2.91,84.08
2009-09-25,23.48,2.9614,2.16,0.51,82.02
2009-09-26,26.26,5.0966,1.81,0.0,76.06
2009-09-27,27.12,5.6282,2.72,0.0,73.82
2009-09-28,27.65,4.5247,2.32,10.17,80.5
2009-09-29,22.07,4.5518,2.88,2.97,77.22
2009-09-30,23.68,5.6311,2.75,0.01,72.58
2009-10-01,26.04,4.3008,3.66,15.4,85.78
2009-10-02,23.76,5.1331,2.59,5.83,68.13
2009-10-03,21.32,2.047,3.06,15.57,87.06
2009-10-04,25.42,1.7287,3.72,14.63,92.88
2009-10-05,26.46,3.8743,1.99,2.64,88.02
2009-10-06,27.82,4.8958,3.72,0.22,84.16
2009-10-07,27.52,4.4662,2.83,1.49,84.64
2009-10-08,28.05,4.3682,5.99,0.38,83.57
2009-10-09,21.3,1.2278,5.2,29.63,90.33
2009-10-10,15.88,2.5896,3.06,0.28,83.81
2009-10-11,16.9,1.3591,3.47,3.5,89.51
2009-10-12,21.51,2.898,1.65,11.96,93.15
2009-10-13,25.09,2.2301,3.18,8.45,93.83
2009-10-14,26.58,4.297,3.03,1.89,88.5
2009-10-15,26.05,4.8662,3.71,0.07,84.17
2009-10-16,19.01,5.557,4.34,0.0,76.07
2009-10-17,16.07,5.5848,2.97,0.0,75.99
2009-10-18,13.95,5.6438,2.88,0.0,73.3
2009-10-19,16.32,5.1055,3.35,0.0,75.88
2009-10-20,20.95,4.3289,4.27,0.0,75.68
2009-10-21,22.4,1.999,4.97,22.6,89.8
2009-10-22,19.45,2.7319,4.07,27.03,85.49
2009-10-23,12.93,5.4506,3.52,0.0,74.71
2009-10-24,14.95,5.2387,2.1,0.0,72.23
2009-10-25,19.67,4.0519,4.36,0.32,82.56
2009-10-26,18.09,0.7512,4.2,54.46,95.55
2009-10-27,13.9,4.5922,3.02,2.07,80.53
2009-10-28,19.71,2.8382,5.25,1.07,89.24
2009-10-29,24.5,1.8626,6.9,42.63,92.97
2009-10-30,12.51,2.0904,4.16,14.27,79.22
2009-10-31,13.38,5.2286,2.13,0.0,70.98
2009-11-01,15.48,5.0806,1.66,0.0,65.57
2009-11-02,15.12,4.9702,2.23,0.0,76.08
2009-11-03,15.66,4.9433,2.3,0.0,75.71
2009-11-04,17.07,4.8866,1.59,0.0,72.56
2009-11-05,16.61,4.8202,2.08,0.0,80.16
2009-11-06,16.91,4.601,2.09,0.0,88.18
2009-11-07,17.58,4.1688,2.36,0.0,88.17
2009-11-08,19.29,1.3814,3.12,2.66,93.06
2009-11-09,19.38,2.2296,3.64,0.07,90.21
2009-11-10,18.54,4.4942,3.66,0.0,86.36
2009-11-11,17.03,4.4849,3.12,0.0,84.8
2009-11-12,15.46,4.4642,1.72,0.0,81.14
2009-11-13,16.2,4.0877,2.59,0.0,87.42
2009-11-14,18.95,3.0912,3.12,0.0,87.27
2009-11-15,20.89,2.2882,3.65,2.18,90.97
2009-11-16,14.01,3.8604,5.15,6.17,78.19
2009-11-17,9.16,4.6195,3.19,0.0,69.49
2009-11-18,11.68,4.6258,1.88,0.0,64.85
2009-11-19,15.18,2.7276,4.0,0.36,83.55
2009-11-20,15.13,1.0202,4.82,16.16,95.98
2009-11-21,11.71,1.1614,3.65,8.76,91.51
2009-11-22,12.39,4.3558,1.95,0.02,83.28
2009-11-23,14.21,4.0843,2.43,0.02,88.75
2009-11-24,13.38,1.6714,3.93,1.3,81.55
2009-11-25,9.25,4.5194,2.84,0.0,72.47
2009-11-26,9.51,4.2526,3.07,0.0,65.54
2009-11-27,10.67,2.7178,2.22,0.03,72.14
2009-11-28,15.54,1.5101,3.51,0.05,85.54
2009-11-29,19.57,1.6716,3.87,4.54,92.06
2009-11-30,10.32,1.0913,4.62,6.54,88.6
2009-12-01,8.25,0.6355,3.47,32.95,93.21
2009-12-02,6.51,2.5085,4.86,0.23,84.74
2009-12-03,6.17,3.9144,3.12,0.01,79.71
2009-12-04,2.21,0.6007,4.07,5.09,81.61
2009-12-05,1.42,4.1803,2.01,0.0,75.26
2009-12-06,10.6,0.7812,4.37,6.07,95.17
2009-12-07,13.25,0.8969,2.66,7.98,95.23
2009-12-08,16.57,1.0546,3.5,2.23,94.67
2009-12-09,6.73,3.2486,5.16,0.0,65.27
2009-12-10,4.13,2.4451,3.05,0.0,69.71
2009-12-11,6.65,1.0891,3.53,10.48,81.36
2009-12-12,9.79,1.4323,2.74,4.34,95.51
2009-12-13,9.76,1.4028,1.71,0.02,93.71
2009-12-14,14.57,1.277,1.17,3.61,95.09
2009-12-15,10.69,1.081,5.16,4.95,91.14
2009-12-16,7.77,1.4822,2.95,0.61,83.63
2009-12-17,6.97,0.7865,2.98,11.31,92.03
2009-12-18,8.4,3.9058,3.06,0.0,85.46
2009-12-19,7.82,3.5964,3.28,0.0,80.9
2009-12-20,6.25,4.1431,1.75,0.0,78.28
2009-12-21,9.28,3.8314,2.88,0.0,82.07
2009-12-22,15.99,1.4393,4.82,2.04,95.0
2009-12-23,18.96,1.9896,5.81,16.19,93.82
2009-12-24,9.19,2.9124,7.15,8.94,75.89
2009-12-25,2.63,4.2204,2.97,0.0,57.16
2009-12-26,6.25,1.0601,1.67,0.38,73.26
2009-12-27,5.54,3.9552,3.06,0.02,73.24
2009-12-28,3.13,3.8357,3.22,0.0,78.78
2009-12-29,3.63,1.1575,2.45,6.42,88.8
2009-12-30,7.23,1.2929,2.65,14.91,95.73
2009-12-31,8.01,1.6447,2.1,1.25,93.46
2010-01-01,5.11,4.0687,3.69,0.01,77.82
2010-01-02,4.39,3.505,2.5,0.0,81.35
2010-01-03,6.22,1.211,2.59,0.0,84.5
2010-01-04,2.85,3.4481,4.18,0.0,80.43
2010-01-05,1.64,3.9979,1.97,0.0,75.26
2010-01-06,6.84,1.2062,3.44,0.69,88.11
2010-01-07,4.27,1.7772,6.83,3.63,74.72
2010-01-08,-3.44,2.4487,5.09,0.0,64.59
2010-01-09,-2.32,4.4318,2.54,0.0,71.79
2010-01-10,-0.47,4.4371,1.84,0.0,68.8
2010-01-11,3.44,3.6984,1.52,0.0,74.55
2010-01-12,6.53,4.1542,2.31,0.0,82.13
2010-01-13,6.36,2.6755,2.53,0.11,92.75
2010-01-14,10.64,0.9907,4.33,3.23,95.86
2010-01-15,10.08,0.6365,6.04,14.03,94.42
2010-01-16,8.47,0.9802,4.6,3.56,94.07
2010-01-17,8.76,3.66,2.25,0.0,86.27
2010-01-18,12.12,2.6986,3.65,0.0,91.37
2010-01-19,16.92,2.633,3.92,0.16,91.49
2010-01-20,18.5,1.092,4.41,0.85,93.32
2010-01-21,15.38,4.3426,2.69,0.05,71.4
2010-01-22,14.16,4.3596,3.58,0.0,81.72
2010-01-23,16.46,1.5926,3.4,0.01,92.9
2010-01-24,10.51,4.6658,4.47,0.0,72.69
2010-01-25,10.21,4.5948,1.71,0.03,67.31
2010-01-26,9.97,4.6973,2.68,0.0,73.25
2010-01-27,12.37,2.4922,4.0,0.0,87.81
2010-01-28,14.44,1.6178,5.08,11.15,92.51
2010-01-29,10.03,1.2439,6.02,24.64,87.04
2010-01-30,1.57,2.8882,4.46,0.02,79.7
2010-01-31,2.93,1.7249,1.66,0.0,82.13
2010-02-01,5.91,1.2917,1.8,0.48,91.04
2010-02-02,9.1,1.4287,2.7,0.76,92.21
2010-02-03,8.49,1.3092,5.5,18.13,91.8
2010-02-04,9.36,0.6031,3.64,8.58,95.47
2010-02-05,8.85,3.1663,3.28,0.05,89.62
2010-02-06,7.73,4.9375,3.04,0.0,82.66
2010-02-07,6.91,1.9094,3.35,0.0,87.59
2010-02-08,11.94,2.3124,5.17,15.16,93.36
2010-02-09,4.37,4.901,5.69,0.06,69.93
2010-02-10,3.99,2.3215,1.82,1.06,72.93
2010-02-11,3.17,0.8309,4.58,33.17,94.1
2010-02-12,1.38,1.4194,3.65,2.17,91.42
2010-02-13,2.96,3.3031,1.84,0.01,88.1
2010-02-14,8.12,4.0202,3.79,1.13,88.01
2010-02-15,2.37,5.5987,4.5,0.02,69.37
2010-02-16,3.6,5.6606,3.25,0.0,71.03
2010-02-17,4.82,5.6441,3.04,0.0,65.89
2010-02-18,7.44,5.4072,2.3,0.0,71.7
2010-02-19,10.37,2.256,3.31,1.09,88.59
2010-02-20,12.91,3.3804,3.46,0.71,89.24
2010-02-21,15.18,1.9378,3.51,0.51,91.13
2010-02-22,8.67,4.1822,4.45,0.01,81.41
2010-02-23,4.59,1.0639,4.15,4.83,87.24
2010-02-24,3.82,6.0031,3.97,0.04,76.37
2010-02-25,6.71,5.809,3.5,0.0,75.98
2010-02-26,10.43,3.8023,4.62,2.46,86.26
2010-02-27,8.07,5.9177,3.49,0.02,73.25
2010-02-28,10.33,5.7192,3.32,0.04,75.65
2010-03-01,10.28,3.282,4.59,17.14,91.47
2010-03-02,7.3,5.8553,4.77,0.04,78.2
2010-03-03,8.34,5.9549,2.2,0.0,76.16
2010-03-04,10.68,5.501,2.55,0.0,83.63
2010-03-05,10.6,3.719,3.38,0.0,81.29
2010-03-06,11.7,5.0918,3.11,0.0,80.47
2010-03-07,12.67,2.7108,3.57,0.0,88.45
2010-03-08,15.37,1.1827,5.0,4.89,92.92
2010-03-09,18.69,3.7195,3.1,0.71,87.9
2010-03-10,17.96,3.0996,3.3,0.04,87.92
2010-03-11,15.36,4.5514,2.51,0.01,75.0
2010-03-12,11.69,6.6319,4.61,0.0,70.33
2010-03-13,13.24,6.6756,3.35,0.0,69.02
2010-03-14,15.46,5.8745,2.22,0.0,76.92
2010-03-15,15.93,5.461,2.28,0.04,82.33
2010-03-16,12.92,1.2449,2.0,5.81,91.11
2010-03-17,12.54,6.4742,3.37,0.08,79.99
2010-03-18,12.28,6.5023,2.76,0.0,69.73
2010-03-19,14.29,5.8286,3.84,0.0,83.38
2010-03-20,10.45,1.2922,6.04,14.85,82.76
2010-03-21,6.28,7.1566,6.78,0.02,60.11
2010-03-22,10.17,6.9454,2.92,0.02,64.75
2010-03-23,13.09,5.8838,3.6,0.0,80.19
2010-03-24,16.37,1.6776,4.17,8.73,90.79
2010-03-25,14.37,7.0042,4.76,0.7,77.07
2010-03-26,13.1,7.0858,2.23,0.0,76.34
2010-03-27,16.27,5.6741,3.83,0.0,81.67
2010-03-28,12.92,7.0997,4.73,0.0,69.85
2010-03-29,13.65,7.2,2.33,0.0,67.22
2010-03-30,15.25,7.1878,3.72,0.0,78.66
2010-03-31,17.07,6.913,4.44,0.0,83.45
2010-04-01,18.28,5.6947,5.33,0.01,83.42
2010-04-02,20.05,3.7392,5.11,0.25,84.82
2010-04-03,20.26,6.9526,2.43,0.11,76.47
2010-04-04,21.13,4.0752,4.57,0.21,86.62
2010-04-05,20.48,4.7081,4.56,0.02,83.53
2010-04-06,21.0,5.1847,5.89,0.0,82.09
2010-04-07,20.81,4.147,4.31,2.68,81.66
2010-04-08,13.13,7.8288,4.75,0.0,63.1
2010-04-09,14.48,5.6798,2.61,0.0,66.19
2010-04-10,16.82,4.1592,3.61,1.16,81.85
2010-04-11,17.87,5.5894,2.74,0.0,83.89
2010-04-12,17.64,5.3633,3.41,0.0,81.13
2010-04-13,18.52,6.2544,4.21,0.0,80.1
2010-04-14,19.86,4.2084,4.1,0.13,82.22
2010-04-15,20.7,4.2816,5.0,0.69,83.09
2010-04-16,20.4,4.5002,3.77,0.23,81.76
2010-04-17,19.5,4.7633,2.77,0.79,84.82
2010-04-18,20.18,2.7391,1.7,13.49,85.58
2010-04-19,19.12,3.5299,2.24,2.55,83.95
2010-04-20,18.86,5.743,2.21,0.07,76.48
2010-04-21,19.57,6.905,2.58,0.0,75.71
2010-04-22,20.86,3.865,4.83,0.02,81.84
2010-04-23,24.5,3.901,4.63,1.02,84.23
2010-04-24,21.92,7.9243,4.09,0.55,63.72
2010-04-25,19.79,7.9903,4.53,0.0,61.49
2010-04-26,22.08,7.5055,2.41,0.26,58.69
2010-04-27,18.51,6.4798,3.56,1.55,60.35
2010-04-28,19.4,7.68,3.04,0.0,58.82
2010-04-29,22.21,6.223,6.06,0.01,78.03
2010-04-30,25.67,1.7328,6.23,0.63,80.25
2010-05-01,26.19,4.6663,3.5,0.13,78.42
2010-05-02,24.23,7.4599,3.14,0.01,49.84
2010-05-03,24.17,8.2169,2.24,0.0,51.15
2010-05-04,23.09,8.2243,2.6,0.0,52.59
2010-05-05,24.55,8.0006,3.61,0.0,60.57
2010-05-06,23.97,7.9915,4.2,0.0,66.89
2010-05-07,26.61,6.3814,4.53,0.02,72.15
2010-05-08,24.99,4.0889,2.79,0.0,63.05
2010-05-09,23.9,3.7675,4.51,0.03,64.55
2010-05-10,25.91,6.5203,6.78,0.01,73.47
2010-05-11,27.06,6.9953,6.15,0.0,71.39
2010-05-12,25.92,5.5524,6.97,0.01,76.77
2010-05-13,25.52,3.4596,5.09,0.0,80.65
2010-05-14,24.32,4.2684,4.03,41.33,89.84
2010-05-15,23.06,2.171,1.95,14.1,91.16
2010-05-16,25.47,6.5131,1.72,0.04,77.84
2010-05-17,25.36,6.4726,1.32,10.55,80.43
2010-05-18,24.28,5.3623,1.7,0.06,85.6
2010-05-19,25.78,7.3318,4.2,0.0,78.77
2010-05-20,26.79,6.5606,4.3,0.0,77.35
2010-05-21,27.27,6.6974,3.29,0.0,76.34
2010-05-22,27.37,7.1671,4.8,0.0,76.18
2010-05-23,27.68,6.7478,4.72,0.0,74.32
2010-05-24,27.21,7.5382,4.36,0.0,69.37
2010-05-25,26.75,6.4222,3.35,0.0,70.84
2010-05-26,27.97,7.4023,1.35,0.4,60.89
2010-05-27,27.87,7.1585,2.04,0.48,62.21
2010-05-28,29.61,7.4438,1.53,2.38,57.25
2010-05-29,29.93,6.9581,1.72,1.54,56.61
2010-05-30,28.83,6.6828,2.89,8.51,62.96
2010-05-31,28.57,7.3735,2.58,0.26,63.47
2010-06-01,28.47,7.4299,2.8,0.03,64.83
2010-06-02,26.47,5.7658,2.38,20.76,84.39
2010-06-03,24.15,4.4189,2.31,12.6,91.2
2010-06-04,26.75,6.9389,3.06,1.42,73.65
2010-06-05,27.98,6.318,2.86,0.03,70.41
2010-06-06,28.07,6.7634,2.16,2.89,80.73
2010-06-07,27.12,4.956,1.95,4.76,84.13
2010-06-08,26.38,3.1272,2.79,8.83,88.08
2010-06-09,27.2,6.4726,3.33,6.91,83.26
2010-06-10,27.99,6.3487,4.63,1.43,81.46
2010-06-11,28.79,6.9084,5.11,0.02,76.51
2010-06-12,29.04,6.8006,4.61,0.0,77.02
2010-06-13,29.19,7.1441,3.8,0.0,72.72
2010-06-14,29.38,7.5355,3.35,0.0,69.93
2010-06-15,29.08,7.0404,2.6,1.19,72.1
2010-06-16,30.0,7.7191,2.64,0.32,67.63
2010-06-17,30.03,7.693,3.36,0.27,66.17
2010-06-18,30.31,7.2737,3.32,1.13,65.73
2010-06-19,30.56,8.0222,2.49,0.05,64.16
2010-06-20,30.77,7.4141,2.38,0.0,63.65
2010-06-21,30.97,7.2497,2.12,0.92,62.36
2010-06-22,30.9,7.1311,2.2,1.4,61.9
2010-06-23,30.01,4.3488,2.24,5.71,67.06
2010-06-24,28.57,6.2062,1.54,10.88,73.4
2010-06-25,29.29,6.1838,2.06,2.84,71.57
2010-06-26,29.09,7.3258,2.66,0.48,71.97
2010-06-27,30.25,7.6046,2.65,0.47,66.54
2010-06-28,28.98,4.746,1.85,9.4,78.43
2010-06-29,28.56,5.3844,3.52,5.3,77.13
2010-06-30,26.54,2.4766,5.01,8.35,86.35
2010-07-01,25.86,1.086,4.59,27.84,94.01
2010-07-02,26.44,0.8774,3.45,54.94,92.79
2010-07-03,27.07,4.2202,3.64,15.23,88.77
2010-07-04,28.08,7.3502,3.06,1.05,82.14
2010-07-05,28.79,7.5043,1.91,1.35,79.09
2010-07-06,28.36,7.075,1.94,3.57,78.89
2010-07-07,26.79,3.4714,2.95,17.54,91.27
2010-07-08,26.61,2.395,3.73,19.44,91.72
2010-07-09,28.07,6.9386,2.43,2.57,79.04
2010-07-10,27.9,7.5437,1.88,0.03,72.6
2010-07-11,27.84,7.5797,3.17,0.0,79.54
2010-07-12,28.36,7.1914,4.13,0.03,80.63
2010-07-13,28.45,7.6889,4.29,0.0,78.38
2010-07-14,28.77,7.5425,3.27,0.0,79.29
2010-07-15,28.98,7.3282,2.22,0.0,75.04
2010-07-16,29.32,7.2007,2.06,0.04,69.36
2010-07-17,28.81,6.3569,1.94,6.13,72.99
2010-07-18,28.12,4.4688,1.55,11.95,79.51
2010-07-19,27.79,2.8469,2.6,10.95,82.69
2010-07-20,28.49,6.0715,2.33,3.83,80.43
2010-07-21,27.83,5.4929,2.69,3.47,85.4
2010-07-22,27.94,5.0249,2.88,6.19,88.6
2010-07-23,28.87,7.0313,3.19,0.38,78.05
2010-07-24,27.86,6.6528,1.4,2.46,76.78
2010-07-25,28.66,6.6082,1.58,1.89,70.95
2010-07-26,28.03,3.4075,1.81,9.89,79.98
2010-07-27,26.67,3.9989,2.13,11.28,89.79
2010-07-28,26.9,3.8489,2.77,5.27,87.72
2010-07-29,27.99,5.227,1.84,0.66,79.21
2010-07-30,28.36,7.469,2.51,0.06,75.92
2010-07-31,28.29,7.9154,2.79,0.0,70.6
2010-08-01,28.6,7.7777,2.32,0.0,66.91
2010-08-02,29.28,7.5641,2.48,0.0,65.47
2010-08-03,29.66,6.6413,2.26,0.2,70.48
2010-08-04,29.77,6.7025,2.17,0.0,71.61
2010-08-05,30.01,5.9762,2.38,0.0,67.73
2010-08-06,30.0,6.2935,2.34,0.58,67.86
2010-08-07,29.4,5.9021,2.51,1.65,72.17
2010-08-08,29.53,6.99,2.53,0.24,74.61
2010-08-09,30.3,7.0267,2.37,0.02,69.85
2010-08-10,30.89,6.853,1.79,0.56,64.81
2010-08-11,30.57,6.223,1.68,0.57,64.4
2010-08-12,29.72,5.3198,1.88,1.6,68.56
2010-08-13,30.36,6.3934,2.72,0.61,67.89
2010-08-14,30.65,6.8246,2.96,1.06,69.79
2010-08-15,30.85,7.0884,2.09,0.18,67.9
2010-08-16,30.97,4.9279,2.19,10.94,70.84
2010-08-17,30.6,6.1625,1.88,1.92,69.21
2010-08-18,30.71,5.5342,2.73,1.32,67.12
2010-08-19,28.8,4.1851,2.61,4.15,78.17
2010-08-20,29.82,5.8507,3.75,1.14,74.54
2010-08-21,29.95,6.9362,2.84,0.16,73.12
2010-08-22,30.81,7.0553,2.95,0.0,66.17
2010-08-23,31.2,6.4205,2.54,4.51,65.61
2010-08-24,30.76,6.0648,1.58,2.6,68.91
2010-08-25,30.25,6.8258,2.57,0.24,62.45
2010-08-26,28.95,6.6295,3.15,0.0,55.32
2010-08-27,28.59,7.0589,2.31,0.0,51.53
2010-08-28,29.56,6.7356,2.34,0.05,59.84
2010-08-29,30.22,6.2153,2.91,1.76,69.09
2010-08-30,29.23,4.2103,3.17,7.62,76.29
2010-08-31,28.68,3.8602,2.29,8.26,78.59
2010-09-01,28.53,5.6798,2.72,1.37,75.57
2010-09-02,28.24,5.5366,2.07,5.95,76.19
2010-09-03,28.01,4.3817,1.99,9.55,76.49
2010-09-04,26.65,4.5314,2.81,2.6,75.59
2010-09-05,27.16,6.426,3.15,0.06,65.09
2010-09-06,27.56,2.4442,4.06,14.51,80.51
2010-09-07,26.68,0.733,4.64,37.51,92.15
2010-09-08,27.47,5.0004,4.41,9.42,85.6
2010-09-09,27.67,5.7233,2.7,1.69,83.2
2010-09-10,28.31,5.9767,2.79,0.57,80.92
2010-09-11,28.83,5.8646,2.24,0.22,77.19
2010-09-12,28.63,5.9165,1.65,5.38,78.24
2010-09-13,28.47,5.1485,2.26,1.0,74.51
2010-09-14,28.01,6.0737,1.99,0.69,71.6
2010-09-15,27.42,6.6643,2.23,0.01,70.44
2010-09-16,27.42,5.7358,1.79,1.42,70.23
2010-09-17,27.46,3.4853,2.64,2.93,80.66
2010-09-18,25.82,1.7302,2.75,3.57,86.45
2010-09-19,25.85,1.9488,2.71,4.66,84.04
2010-09-20,25.71,3.0821,3.1,4.23,79.48
2010-09-21,25.85,4.0862,2.88,4.37,82.67
2010-09-22,26.68,5.6213,3.53,3.52,80.96
2010-09-23,27.41,5.5805,3.53,1.22,79.16
2010-09-24,27.71,4.8521,2.07,4.43,77.66
2010-09-25,27.47,5.387,1.19,3.03,75.92
2010-09-26,25.68,5.2282,3.33,0.18,69.39
2010-09-27,20.25,6.3641,3.51,0.0,59.69
2010-09-28,20.84,6.4104,2.35,0.0,58.51
2010-09-29,23.18,6.3576,2.58,0.0,57.36
2010-09-30,23.6,6.1106,2.59,0.0,59.63
2010-10-01,23.5,6.053,2.98,0.0,58.34
2010-10-02,20.97,6.2774,3.11,0.0,50.15
2010-10-03,19.63,6.1176,3.68,0.0,54.58
2010-10-04,17.12,6.1128,2.82,0.0,50.93
2010-10-05,17.98,6.1541,2.41,0.0,46.93
2010-10-06,19.51,6.2021,1.61,0.0,42.95
2010-10-07,20.74,6.1709,1.65,0.0,39.91
2010-10-08,20.16,6.0305,2.41,0.0,51.16
2010-10-09,20.77,5.8692,2.43,0.0,64.36
2010-10-10,22.41,5.304,2.43,0.0,68.57
2010-10-11,24.22,4.9682,2.79,1.65,71.7
2010-10-12,24.02,5.0563,3.07,1.1,66.54
2010-10-13,21.9,5.5409,4.0,0.0,57.22
2010-10-14,19.73,5.7722,3.52,0.0,50.14
2010-10-15,19.46,5.8428,1.81,0.0,49.22
2010-10-16,19.87,5.5762,2.29,0.0,58.11
2010-10-17,21.49,4.2014,1.92,0.0,70.41
2010-10-18,23.45,4.4095,2.26,0.03,68.6
2010-10-19,23.44,4.937,2.0,0.0,68.75
2010-10-20,24.41,4.8,2.18,0.04,70.03
2010-10-21,24.26,4.4856,2.4,0.0,71.57
2010-10-22,24.58,3.5618,4.52,0.02,75.23
2010-10-23,25.36,3.6091,4.81,0.16,70.39
2010-10-24,25.82,4.6961,4.0,0.06,71.24
2010-10-25,25.65,3.7366,5.92,0.0,74.94
2010-10-26,27.1,3.8515,3.87,0.05,66.93
2010-10-27,27.13,3.9055,2.31,1.0,72.63
2010-10-28,21.33,5.0443,5.78,0.22,30.16
2010-10-29,16.13,5.4967,2.72,0.0,32.93
2010-10-30,16.3,5.339,2.52,0.0,46.59
2010-10-31,20.62,4.9205,2.9,0.0,69.12
2010-11-01,24.11,3.1265,2.86,27.1,87.43
2010-11-02,17.28,2.9398,4.53,14.54,79.36
2010-11-03,13.78,1.1035,4.66,4.32,86.44
2010-11-04,13.91,5.1739,5.46,0.0,52.31
2010-11-05,10.64,5.2138,3.91,0.0,51.39
2010-11-06,10.75,5.0544,2.5,0.0,54.78
2010-11-07,12.75,4.907,2.4,0.0,60.9
2010-11-08,15.55,4.6032,2.77,0.0,71.31
2010-11-09,18.4,3.8198,3.56,0.02,78.09
2010-11-10,20.01,2.5411,3.15,6.48,86.47
2010-11-11,21.09,2.7386,3.76,7.16,88.4
2010-11-12,21.6,3.7678,3.77,0.4,82.63
2010-11-13,13.31,2.6326,3.85,4.58,73.05
2010-11-14,10.81,1.2598,2.62,4.88,74.77
2010-11-15,13.91,2.1149,2.14,5.4,87.77
2010-11-16,12.66,4.5636,3.35,0.02,71.13
2010-11-17,16.01,4.3603,4.09,0.18,68.79
2010-11-18,11.29,4.601,3.96,0.0,65.87
2010-11-19,11.52,4.4618,2.25,0.0,80.12
2010-11-20,16.51,3.3893,3.37,0.0,84.15
2010-11-21,20.78,3.3787,4.92,0.0,82.03
2010-11-22,22.39,2.3832,4.97,0.03,83.77
2010-11-23,22.54,2.7938,3.59,2.15,86.83
2010-11-24,22.86,2.8392,5.92,0.06,83.95
2010-11-25,21.15,2.2778,6.27,1.75,79.98
2010-11-26,7.41,2.6383,5.14,5.05,58.28
2010-11-27,7.13,4.4686,2.21,0.0,55.61
2010-11-28,13.64,2.9714,3.91,0.22,77.86
2010-11-29,20.87,1.8727,4.41,4.11,86.19
2010-11-30,9.77,4.2245,6.05,0.25,45.65
2010-12-01,8.43,4.4386,2.32,0.0,45.58
2010-12-02,12.1,2.9417,2.85,0.0,75.92
2010-12-03,15.92,3.3914,3.15,0.0,81.65
2010-12-04,18.11,3.378,3.69,0.0,73.93
2010-12-05,9.81,2.4166,3.96,0.0,55.13
2010-12-06,6.34,3.5722,2.38,0.0,61.16
2010-12-07,9.09,2.8764,2.31,1.28,61.83
2010-12-08,7.99,1.9625,3.75,3.13,75.63
2010-12-09,8.33,3.9278,3.13,0.0,76.28
2010-12-10,14.67,2.8085,3.92,0.0,83.17
2010-12-11,16.65,2.934,5.4,0.0,66.38
2010-12-12,6.87,4.1026,5.71,0.0,37.2
2010-12-13,5.58,4.0913,2.29,0.0,51.43
2010-12-14,11.87,3.227,4.22,0.0,76.3
2010-12-15,17.2,3.0324,5.81,0.0,81.21
2010-12-16,15.32,2.3256,4.12,0.0,75.4
2010-12-17,11.33,1.8259,3.01,0.08,69.81
2010-12-18,8.22,3.6005,2.54,0.02,62.82
2010-12-19,9.44,3.4188,3.16,0.0,74.29
2010-12-20,17.29,2.3755,4.33,0.0,84.69
2010-12-21,19.91,2.9873,4.08,0.0,82.66
2010-12-22,17.99,1.7935,2.4,0.0,80.23
2010-12-23,13.99,2.6028,3.61,0.01,65.06
2010-12-24,13.59,2.1734,4.29,17.07,74.02
2010-12-25,5.06,1.8768,6.87,4.56,67.46
2010-12-26,2.2,4.2017,2.97,0.0,66.8
2010-12-27,5.21,2.7941,3.82,0.0,76.88
2010-12-28,12.92,1.602,4.67,0.07,86.1
2010-12-29,15.3,0.5256,4.29,34.33,95.91
2010-12-30,18.92,1.9798,5.81,1.79,89.88
2010-12-31,17.38,1.9579,4.39,0.42,72.7
2011-01-01,9.72,3.9619,5.07,0.02,44.02
2011-01-02,5.79,4.1851,2.96,0.0,52.75
2011-01-03,7.63,3.157,2.83,0.0,72.87
2011-01-04,12.84,2.0957,2.11,11.47,92.68
2011-01-05,14.38,2.5056,3.7,3.71,72.57
2011-01-06,9.55,4.0318,2.82,0.0,61.85
2011-01-07,11.26,3.8443,2.85,0.0,60.25
2011-01-08,9.78,3.8378,3.12,0.06,60.96
2011-01-09,6.05,0.8921,4.63,22.0,88.94
2011-01-10,4.36,0.9586,2.83,0.05,82.95
2011-01-11,1.19,3.4421,4.62,0.0,65.62
2011-01-12,0.45,2.5742,3.63,0.0,58.29
2011-01-13,1.67,1.5382,2.02,0.0,58.29
2011-01-14,6.16,1.7345,3.18,0.09,72.34
2011-01-15,10.4,2.0767,3.68,2.75,92.64
2011-01-16,13.01,0.719,4.12,16.47,95.92
2011-01-17,9.99,2.3712,2.66,1.3,89.57
2011-01-18,11.42,1.8379,3.3,0.69,89.9
2011-01-19,9.47,3.9326,2.78,0.0,84.9
2011-01-20,8.21,1.08,4.95,0.76,83.22
2011-01-21,1.42,3.7553,2.72,0.0,70.04
2011-01-22,4.92,4.6925,2.38,0.0,70.98
2011-01-23,10.07,2.2956,3.04,1.83,87.93
2011-01-24,8.96,0.7807,4.18,25.08,93.84
2011-01-25,7.48,4.2113,4.57,0.47,77.79
2011-01-26,7.18,4.7748,1.69,0.0,61.59
2011-01-27,9.24,4.6478,2.99,0.0,65.3
2011-01-28,10.73,4.7614,3.51,0.0,72.94
2011-01-29,14.36,2.2901,3.77,0.02,88.72
2011-01-30,16.96,1.7772,3.68,5.91,93.78
2011-01-31,16.96,2.9266,3.64,0.68,89.05
2011-02-01,6.27,3.6494,7.82,6.8,70.76
2011-02-02,-3.18,3.3785,5.74,0.0,58.58
2011-02-03,-1.59,1.1546,3.74,0.29,69.96
2011-02-04,-1.54,2.2145,3.82,0.9,76.71
2011-02-05,3.02,5.1998,3.56,0.0,69.43
2011-02-06,9.34,4.29,3.72,0.77,81.62
2011-02-07,5.73,5.3083,5.16,0.0,70.68
2011-02-08,6.08,4.6637,4.81,0.07,75.42
2011-02-09,2.52,0.9374,6.49,6.35,79.15
2011-02-10,-1.66,4.8458,3.85,0.0,72.5
2011-02-11,2.16,5.3942,2.21,0.0,69.3
2011-02-12,6.26,5.5402,1.84,0.0,64.28
2011-02-13,8.96,5.4653,3.67,0.0,82.47
2011-02-14,13.87,3.5899,3.28,0.0,86.66
2011-02-15,15.71,3.774,4.0,0.0,85.52
2011-02-16,15.62,2.8006,4.17,0.0,87.04
2011-02-17,17.66,2.6275,5.12,0.0,86.78
2011-02-18,17.54,4.561,3.43,0.01,84.77
2011-02-19,16.91,3.2227,3.19,0.03,84.95
2011-02-20,17.8,3.4721,5.3,0.01,83.65
2011-02-21,19.34,3.2801,3.99,0.03,83.34
2011-02-22,18.06,3.678,2.73,0.01,81.54
2011-02-23,19.24,3.3826,3.81,0.11,84.47
2011-02-24,19.49,1.8506,4.83,0.54,85.22
2011-02-25,14.93,5.987,2.61,0.0,64.67
2011-02-26,17.6,2.0119,3.84,0.06,87.55
2011-02-27,21.24,3.5806,6.39,0.16,82.29
2011-02-28,17.85,5.7446,5.26,0.17,59.89
2011-03-01,14.54,6.1728,2.3,0.0,60.8
2011-03-02,14.7,5.9993,2.08,0.0,68.6
2011-03-03,16.41,4.3543,3.23,0.0,81.19
2011-03-04,18.88,3.8234,3.19,0.54,83.11
2011-03-05,13.71,3.6754,5.44,13.25,73.09
2011-03-06,10.24,6.3403,2.59,0.0,66.59
2011-03-07,14.34,3.8028,4.6,0.19,81.94
2011-03-08,19.7,1.7117,4.67,2.1,89.47
2011-03-09,15.96,5.353,5.15,0.25,63.09
2011-03-10,11.51,6.6154,3.68,0.0,53.77
2011-03-11,13.67,6.5311,3.6,0.0,60.26
2011-03-12,17.72,5.7463,4.97,0.0,78.11
2011-03-13,19.1,3.3773,4.32,0.13,81.04
2011-03-14,16.73,2.3422,3.43,9.68,77.99
2011-03-15,13.79,6.287,2.42,0.0,66.69
2011-03-16,17.95,3.7898,3.59,0.0,82.28
2011-03-17,20.42,5.251,4.71,0.0,77.52
2011-03-18,21.03,4.8401,4.17,0.01,80.47
2011-03-19,20.2,5.9935,4.1,0.0,76.08
2011-03-20,20.47,6.019,4.47,0.0,77.04
2011-03-21,20.78,5.9923,4.89,0.0,75.58
2011-03-22,21.32,5.7014,5.73,0.0,74.09
2011-03-23,23.19,5.6616,3.81,0.0,72.85
2011-03-24,21.16,6.2054,3.43,0.0,66.33
2011-03-25,22.3,3.7922,4.22,0.0,76.78
2011-03-26,24.09,4.841,3.8,0.03,73.14
2011-03-27,24.0,3.6175,2.37,0.0,73.62
2011-03-28,19.24,2.8615,2.13,0.0,74.55
2011-03-29,20.75,2.3873,3.16,2.43,83.6
2011-03-30,15.48,5.1482,4.35,0.44,62.87
2011-03-31,17.42,6.8614,2.29,0.0,63.88
2011-04-01,21.35,6.9888,4.03,0.01,69.73
2011-04-02,23.73,4.2835,3.36,0.02,75.88
2011-04-03,24.15,2.155,5.82,0.0,75.99
2011-04-04,21.23,3.0391,6.53,0.9,57.47
2011-04-05,15.2,7.7741,2.16,0.0,40.56
2011-04-06,18.98,7.2494,4.83,0.0,64.54
2011-04-07,22.62,3.8282,5.27,0.0,77.81
2011-04-08,24.81,4.9997,5.47,0.0,76.27
2011-04-09,24.94,4.9334,5.73,0.01,73.71
2011-04-10,25.43,5.2495,6.89,0.0,73.57
2011-04-11,23.94,6.138,4.72,1.0,55.74
2011-04-12,20.73,7.8096,2.76,0.0,44.08
2011-04-13,20.94,6.5321,3.25,0.0,62.54
2011-04-14,24.7,4.0445,4.75,0.21,73.48
2011-04-15,23.3,7.3358,5.38,0.07,43.99
2011-04-16,19.3,8.0472,2.85,0.0,29.64
2011-04-17,20.74,7.1966,4.58,0.0,54.4
2011-04-18,25.49,4.4686,6.0,0.0,72.62
2011-04-19,26.27,6.2354,5.67,0.0,70.64
2011-04-20,26.42,5.3124,4.11,0.01,71.89
2011-04-21,26.18,5.011,5.2,0.0,68.78
2011-04-22,26.65,6.2633,6.52,0.0,67.0
2011-04-23,26.52,6.3005,6.39,0.0,68.41
2011-04-24,26.45,4.9838,6.12,0.0,69.7
2011-04-25,26.49,5.0141,6.96,5.98,71.31
2011-04-26,26.95,2.7722,6.13,1.71,74.17
2011-04-27,26.27,8.0537,5.93,0.1,46.77
2011-04-28,20.86,8.1986,3.06,0.0,42.53
2011-04-29,22.03,7.7686,4.99,0.0,54.67
2011-04-30,26.2,2.8567,6.18,0.06,73.6
2011-05-01,27.17,5.6376,5.97,0.0,70.74
2011-05-02,21.09,4.6882,3.89,0.45,69.59
2011-05-03,17.5,7.5886,5.16,0.2,49.99
2011-05-04,18.92,8.0669,3.29,0.0,40.94
2011-05-05,21.69,7.8874,2.32,0.0,45.24
2011-05-06,23.19,7.7582,3.13,0.0,52.3
2011-05-07,25.54,7.3226,4.64,0.0,60.53
2011-05-08,27.87,6.312,5.14,0.0,64.25
2011-05-09,28.36,7.3752,6.18,0.0,63.76
2011-05-10,27.93,6.0475,5.73,0.0,65.4
2011-05-11,26.19,2.3762,5.61,2.77,71.19
2011-05-12,25.04,1.9733,3.53,13.16,79.95
2011-05-13,25.66,7.8355,3.6,0.01,60.85
2011-05-14,20.76,8.4833,4.37,0.0,46.76
2011-05-15,20.36,8.2157,3.2,0.0,47.07
2011-05-16,22.98,7.9771,3.2,0.0,43.9
2011-05-17,23.26,7.1441,3.38,0.0,53.09
2011-05-18,25.21,3.6437,5.43,0.0,66.79
2011-05-19,26.67,3.2244,6.26,0.05,71.14
2011-05-20,27.69,4.5962,6.12,4.31,73.82
2011-05-21,27.62,4.183,4.95,0.62,70.14
2011-05-22,28.31,6.1474,5.95,0.02,65.32
2011-05-23,28.75,6.1759,6.4,0.01,64.23
2011-05-24,29.35,7.367,6.54,0.0,63.89
2011-05-25,29.9,6.4718,5.07,3.66,63.96
2011-05-26,28.2,8.1079,2.88,0.53,49.68
2011-05-27,29.37,7.8401,4.91,0.0,60.01
2011-05-28,29.93,8.0556,6.65,0.0,58.61
2011-05-29,29.6,7.0438,6.84,0.0,59.9
2011-05-30,29.97,7.3687,6.97,0.0,58.64
2011-05-31,30.38,6.9775,4.1,0.0,57.49
2011-06-01,30.49,7.8905,2.78,0.0,50.84
2011-06-02,31.69,7.5708,2.3,0.0,40.96
2011-06-03,30.18,7.7537,3.78,0.0,49.38
2011-06-04,30.21,7.9646,3.01,0.0,51.4
2011-06-05,32.16,6.7778,2.03,1.69,40.22
2011-06-06,31.97,5.7089,2.25,4.24,43.09
2011-06-07,30.18,5.3066,2.49,0.81,51.2
2011-06-08,29.85,7.3435,3.73,0.13,55.49
2011-06-09,30.3,7.2449,3.71,0.03,55.52
2011-06-10,30.34,6.989,3.74,0.05,55.8
2011-06-11,30.55,7.2142,2.99,0.11,51.17
2011-06-12,30.46,7.8422,3.41,0.0,50.77
2011-06-13,31.08,7.703,3.53,0.0,53.71
2011-06-14,31.78,7.7626,4.53,0.0,52.1
2011-06-15,32.28,7.7726,4.91,0.0,53.04
2011-06-16,31.8,7.6771,5.17,0.0,57.79
2011-06-17,32.23,7.5667,6.39,0.0,57.25
2011-06-18,32.51,7.9668,6.12,0.0,55.95
2011-06-19,31.86,7.7916,6.63,0.0,58.36
2011-06-20,31.68,7.0613,6.69,0.3,56.75
2011-06-21,30.91,6.3014,5.09,10.02,64.86
2011-06-22,26.94,2.2154,2.02,25.61,84.74
2011-06-23,27.74,6.3754,2.56,0.63,72.93
2011-06-24,28.63,6.2112,3.8,0.36,69.83
2011-06-25,29.75,7.3769,4.18,0.02,65.95
2011-06-26,30.53,7.5794,4.09,0.0,63.67
2011-06-27,31.14,7.6296,4.11,0.0,62.95
2011-06-28,30.85,7.0608,2.74,0.24,63.48
2011-06-29,30.51,7.4657,2.09,0.39,61.5
2011-06-30,31.31,7.7818,2.79,0.02,56.88
2011-07-01,31.33,7.3975,2.6,0.44,56.51
2011-07-02,31.83,7.4729,2.23,1.11,53.84
2011-07-03,31.78,7.4676,2.83,0.11,50.51
2011-07-04,31.44,7.4882,2.91,0.56,48.3
2011-07-05,31.29,7.0745,2.61,1.71,49.15
2011-07-06,30.73,6.2083,2.38,6.29,59.29
2011-07-07,30.82,7.3109,2.61,0.56,58.26
2011-07-08,31.83,7.0164,3.09,0.04,54.22
2011-07-09,30.53,6.87,3.31,0.03,59.07
2011-07-10,30.42,7.1143,2.93,0.34,62.56
2011-07-11,30.8,6.8306,2.58,0.4,62.22
2011-07-12,31.65,6.3958,2.96,0.25,57.69
2011-07-13,31.95,6.7339,3.09,0.24,54.66
2011-07-14,32.02,5.9102,3.14,2.31,55.47
2011-07-15,31.37,3.6401,3.09,2.93,57.32
2011-07-16,30.47,4.5048,2.96,4.84,62.01
2011-07-17,31.07,7.1832,2.33,0.3,57.07
2011-07-18,31.7,5.4538,1.99,3.33,53.79
2011-07-19,29.06,3.1757,1.9,15.03,67.89
2011-07-20,29.99,6.4238,3.0,3.24,67.36
2011-07-21,30.66,7.3135,3.39,0.11,63.03
2011-07-22,30.91,6.8333,3.79,1.28,66.06
2011-07-23,30.08,7.0834,3.5,0.28,68.26
2011-07-24,30.92,6.1766,3.06,0.18,63.09
2011-07-25,29.88,6.0821,2.71,2.3,63.97
2011-07-26,31.35,6.6636,3.11,1.44,58.62
2011-07-27,31.23,6.2237,3.5,1.77,58.17
2011-07-28,30.52,5.9873,2.77,3.79,64.6
2011-07-29,28.37,4.3937,3.7,6.02,78.29
2011-07-30,30.25,7.332,3.26,0.19,66.46
2011-07-31,30.86,7.5689,2.01,0.01,60.38
2011-08-01,31.97,7.1587,2.82,0.0,54.05
2011-08-02,32.74,7.3015,3.03,0.0,51.25
2011-08-03,32.74,7.4863,3.06,0.0,53.04
2011-08-04,32.63,7.5682,3.12,0.0,54.89
2011-08-05,32.62,7.4748,3.4,0.0,57.29
2011-08-06,32.54,6.9749,3.46,0.02,55.4
2011-08-07,32.66,7.2108,3.66,0.0,55.23
2011-08-08,32.58,7.3289,4.38,0.0,56.52
2011-08-09,32.61,7.2518,4.34,0.0,57.45
2011-08-10,32.68,7.153,4.26,0.0,57.54
2011-08-11,33.14,6.8846,3.84,0.03,58.1
2011-08-12,33.08,6.7027,3.94,0.01,56.36
2011-08-13,32.72,5.9923,2.75,0.33,55.9
2011-08-14,32.19,6.0778,1.93,5.47,57.12
2011-08-15,32.38,6.7128,2.74,0.09,50.99
2011-08-16,31.96,7.2089,3.28,0.01,53.45
2011-08-17,32.79,7.1786,2.8,0.0,51.09
2011-08-18,33.52,6.8767,2.71,0.47,48.76
2011-08-19,34.03,6.5138,2.89,0.01,44.28
2011-08-20,33.36,6.2731,3.34,0.07,50.66
2011-08-21,32.81,6.2105,2.5,0.06,50.45
2011-08-22,33.27,6.3912,2.5,0.02,48.92
2011-08-23,33.36,6.697,2.71,0.02,49.15
2011-08-24,32.57,6.241,2.16,6.72,53.67
2011-08-25,29.89,4.2643,1.57,5.44,63.4
2011-08-26,31.1,6.6662,1.96,0.17,56.18
2011-08-27,33.16,6.5712,2.35,0.0,53.53
2011-08-28,33.41,6.9286,1.9,0.0,47.77
2011-08-29,33.44,6.78,2.2,0.18,48.38
2011-08-30,32.64,6.7306,2.96,0.0,50.29
2011-08-31,31.76,6.6406,3.06,0.21,52.78
2011-09-01,32.36,5.7701,3.29,0.9,54.57
2011-09-02,32.0,6.133,3.92,0.29,53.58
2011-09-03,29.56,5.7406,6.26,6.19,49.23
2011-09-04,29.74,3.1577,7.85,1.46,47.95
2011-09-05,27.75,7.1215,5.91,0.02,34.04
2011-09-06,24.34,7.3829,2.47,0.0,36.06
2011-09-07,24.59,7.2667,2.47,0.0,43.66
2011-09-08,25.13,6.96,2.02,0.0,42.01
2011-09-09,26.54,6.6912,2.32,0.0,47.14
2011-09-10,27.81,6.5774,2.13,0.0,48.25
2011-09-11,29.52,6.384,2.32,0.0,48.85
2011-09-12,30.7,6.6235,2.98,0.0,47.32
2011-09-13,31.37,6.5899,3.43,0.01,51.41
2011-09-14,30.98,6.3977,3.48,0.0,50.79
2011-09-15,30.3,5.6918,2.55,0.04,48.98
2011-09-16,27.84,5.2414,3.99,0.1,53.85
2011-09-17,28.13,3.3034,3.17,3.21,66.74
2011-09-18,25.96,2.9986,2.49,19.31,84.25
2011-09-19,26.19,4.6646,1.55,2.74,72.58
2011-09-20,26.1,5.6534,1.34,0.0,57.94
2011-09-21,27.08,5.5303,2.01,0.0,62.16
2011-09-22,27.31,6.0386,1.71,0.01,58.05
2011-09-23,24.77,5.9849,3.45,0.0,54.13
2011-09-24,25.15,5.9208,2.11,0.0,54.14
2011-09-25,28.68,6.1457,5.07,0.0,64.26
2011-09-26,29.25,6.0509,3.72,0.08,63.41
2011-09-27,28.98,5.6059,3.05,1.03,62.4
2011-09-28,29.07,5.3383,2.72,0.14,60.74
2011-09-29,28.04,5.154,2.27,7.19,69.0
2011-09-30,26.27,5.8039,3.34,0.21,53.58
2011-10-01,22.17,6.3739,2.61,0.0,39.2
2011-10-02,20.73,6.3482,2.38,0.0,44.28
2011-10-03,20.77,6.3298,2.62,0.0,47.62
2011-10-04,21.62,6.083,2.84,0.0,52.02
2011-10-05,22.8,5.9297,3.47,0.01,58.52
2011-10-06,25.46,4.5046,4.89,0.19,68.04
2011-10-07,26.79,3.859,5.38,0.14,65.98
2011-10-08,25.8,4.2698,5.47,4.43,71.4
2011-10-09,22.84,1.4666,4.0,42.46,89.27
2011-10-10,23.76,4.7388,2.06,1.19,76.33
2011-10-11,24.18,4.7074,1.67,0.0,64.47
2011-10-12,24.04,4.2161,2.32,2.12,71.3
2011-10-13,22.84,5.8694,3.49,0.0,56.97
2011-10-14,21.02,5.8759,2.62,0.0,51.16
2011-10-15,22.42,5.6405,2.33,0.0,61.61
2011-10-16,22.82,5.538,2.15,0.0,68.44
2011-10-17,24.21,5.3621,2.92,0.03,71.45
2011-10-18,18.25,5.5474,6.64,0.08,56.64
2011-10-19,14.98,5.8106,4.74,0.0,44.74
2011-10-20,16.22,5.615,2.28,0.0,49.13
2011-10-21,21.58,4.8192,3.5,0.0,67.88
2011-10-22,22.47,4.7273,3.44,0.2,69.05
2011-10-23,23.69,3.3329,2.95,0.75,69.08
2011-10-24,23.77,4.6327,1.76,0.1,69.57
2011-10-25,23.98,4.3555,3.46,0.0,72.38
2011-10-26,24.37,4.3709,3.77,0.0,73.69
2011-10-27,22.39,3.4834,3.02,6.54,79.6
2011-10-28,13.99,2.173,5.23,2.87,67.44
2011-10-29,13.42,5.3074,1.74,0.0,50.68
2011-10-30,15.27,5.0364,1.61,0.01,55.28
2011-10-31,16.64,5.0654,1.7,0.0,62.52
2011-11-01,18.25,4.705,3.46,0.0,69.93
2011-11-02,21.89,4.4669,4.05,1.04,70.45
2011-11-03,11.79,4.949,6.21,0.65,43.55
2011-11-04,11.69,5.2253,1.89,0.01,44.21
2011-11-05,15.41,4.1882,3.87,0.0,74.01
2011-11-06,22.22,2.2375,4.59,0.0,79.0
2011-11-07,22.61,2.5697,4.99,0.18,81.69
2011-11-08,22.89,2.281,4.5,21.09,87.51
2011-11-09,14.0,4.6562,4.98,0.28,61.46
2011-11-10,11.76,4.9421,3.55,0.03,48.65
2011-11-11,12.91,4.7422,2.57,0.0,45.25
2011-11-12,18.31,2.8886,4.56,0.01,75.85
2011-11-13,22.71,3.114,4.78,0.12,81.47
2011-11-14,23.2,2.7742,4.36,0.08,81.93
2011-11-15,22.51,2.1024,4.14,22.32,91.1
2011-11-16,20.41,4.3644,3.21,0.23,76.7
2011-11-17,13.62,4.5389,4.05,0.01,59.85
2011-11-18,13.44,3.6468,4.16,0.0,70.34
2011-11-19,22.27,1.4554,5.59,0.08,83.71
2011-11-20,24.22,2.9184,4.72,0.13,80.53
2011-11-21,23.44,2.4874,4.55,2.07,85.14
2011-11-22,18.43,1.3812,4.29,14.29,87.8
2011-11-23,14.2,4.29,2.8,0.03,77.41
2011-11-24,13.29,3.318,2.5,0.02,83.13
2011-11-25,17.98,3.0439,4.16,0.21,80.04
2011-11-26,16.79,0.9619,5.09,27.01,87.64
2011-11-27,8.17,4.4458,6.05,0.0,50.42
2011-11-28,6.52,4.4638,2.98,0.0,55.59
2011-11-29,9.6,4.2545,3.29,0.0,52.76
2011-11-30,9.78,4.2499,2.3,0.0,68.44
2011-12-01,14.25,2.9297,4.14,0.0,83.03
2011-12-02,15.76,3.6235,4.46,0.0,80.46
2011-12-03,19.23,2.4221,5.17,0.17,84.46
2011-12-04,17.09,1.0368,2.81,14.15,95.33
2011-12-05,9.1,1.4743,5.52,10.89,83.64
2011-12-06,4.71,1.1815,4.59,0.11,68.75
2011-12-07,2.2,4.3171,2.82,0.0,68.25
2011-12-08,4.98,3.4066,2.41,0.0,76.12
2011-12-09,9.63,1.4923,2.94,0.02,88.14
2011-12-10,8.97,2.3923,3.36,0.02,72.43
2011-12-11,8.0,2.8778,2.69,0.06,67.89
2011-12-12,10.28,2.4122,3.13,0.35,73.9
2011-12-13,15.66,1.1702,4.48,1.9,92.11
2011-12-14,19.17,2.159,4.79,0.13,88.43
2011-12-15,19.77,2.8133,2.69,2.96,88.84
2011-12-16,13.84,1.3313,4.24,1.88,82.97
2011-12-17,11.03,3.2446,3.12,0.01,73.62
2011-12-18,11.06,3.0994,2.86,0.0,70.63
2011-12-19,16.73,1.4597,5.58,12.0,92.83
2011-12-20,13.52,1.7222,3.75,10.35,79.43
2011-12-21,10.0,2.6513,1.61,0.92,73.4
2011-12-22,12.53,1.6723,1.92,35.62,88.58
2011-12-23,9.28,1.5646,3.94,0.16,89.02
2011-12-24,7.67,0.6089,4.22,16.34,89.9
2011-12-25,7.3,0.7092,3.55,3.74,93.92
2011-12-26,7.62,1.2557,3.06,0.71,87.55
2011-12-27,6.81,4.085,2.99,0.0,77.31
2011-12-28,8.66,3.3842,2.24,0.0,84.86
2011-12-29,10.23,3.9034,1.82,0.02,81.99
2011-12-30,12.51,3.101,2.34,0.01,83.39
2011-12-31,17.12,2.0009,3.67,0.1,90.19
2012-01-01,11.76,4.115,5.19,0.06,68.49
2012-01-02,6.79,4.2785,3.83,0.0,65.07
2012-01-03,5.06,4.2566,2.91,0.0,66.67
2012-01-04,12.99,3.2827,1.68,0.0,81.61
2012-01-05,15.24,3.145,1.72,0.01,81.61
2012-01-06,16.52,2.7758,3.57,0.15,88.32
2012-01-07,16.88,3.3346,2.23,0.15,85.37
2012-01-08,17.66,2.4674,2.55,9.24,91.1
2012-01-09,18.1,0.4874,4.49,58.62,95.3
2012-01-10,9.07,2.179,4.64,1.97,83.56
2012-01-11,10.5,4.2895,3.67,0.0,74.46
2012-01-12,4.61,3.2731,5.96,0.0,58.2
2012-01-13,4.64,3.8566,1.49,0.0,52.11
2012-01-14,6.43,4.4515,2.74,0.0,62.56
2012-01-15,11.21,2.8754,3.62,0.01,82.42
2012-01-16,18.56,3.089,5.3,0.1,88.97
2012-01-17,17.47,1.4698,4.6,0.99,81.61
2012-01-18,8.91,4.3817,2.55,0.0,74.57
2012-01-19,14.76,2.5217,3.78,0.08,90.1
2012-01-20,19.26,2.4847,5.08,0.05,90.08
2012-01-21,16.07,2.0093,2.79,0.05,84.97
2012-01-22,18.38,1.8535,4.5,0.03,87.33
2012-01-23,13.11,3.5921,2.96,0.0,77.33
2012-01-24,14.95,1.1669,4.31,5.4,92.65
2012-01-25,18.02,0.9566,5.94,49.05,93.11
2012-01-26,10.48,4.0783,3.9,0.08,80.47
2012-01-27,11.13,4.7494,3.41,0.0,73.59
2012-01-28,10.24,4.5487,4.0,0.01,71.88
2012-01-29,8.33,4.6764,2.62,0.0,73.61
2012-01-30,12.6,2.9035,3.24,0.09,87.08
2012-01-31,17.66,1.9133,3.14,11.79,94.49
2012-02-01,19.88,2.5817,1.65,3.4,88.2
2012-02-02,19.06,1.8667,2.95,12.75,91.09
2012-02-03,20.25,2.0242,4.23,14.31,90.35
2012-02-04,15.18,1.4035,4.68,26.73,88.46
2012-02-05,7.85,1.536,4.49,0.24,80.2
2012-02-06,8.63,3.9295,2.42,0.03,79.37
2012-02-07,11.69,2.8894,1.89,0.02,82.75
2012-02-08,10.33,3.5407,3.42,0.0,82.76
2012-02-09,9.52,2.7302,2.2,0.15,83.24
2012-02-10,10.83,2.4041,3.05,17.8,87.45
2012-02-11,5.96,5.0758,4.35,0.0,69.62
2012-02-12,4.48,2.6076,3.69,0.2,64.79
2012-02-13,11.45,1.2024,3.47,14.56,94.24
2012-02-14,13.97,4.5187,2.63,0.06,88.87
2012-02-15,18.16,1.0493,3.16,14.39,96.32
2012-02-16,13.7,1.8962,2.82,0.2,87.37
2012-02-17,14.23,1.8826,3.36,19.32,93.03
2012-02-18,14.24,1.2264,3.89,31.11,92.77
2012-02-19,11.56,5.1086,3.18,0.07,77.82
2012-02-20,13.7,2.635,3.27,0.07,88.4
2012-02-21,16.39,3.8158,2.33,0.02,86.81
2012-02-22,18.53,3.6895,3.85,0.0,88.57
2012-02-23,19.65,2.8716,4.43,0.03,90.24
2012-02-24,12.07,3.3782,5.75,0.0,63.41
2012-02-25,8.37,1.5715,2.37,0.09,70.04
2012-02-26,11.91,3.5381,2.74,0.0,81.56
2012-02-27,15.49,2.0765,3.23,0.16,90.01
2012-02-28,19.89,2.0328,4.7,0.04,89.67
2012-02-29,21.85,3.6406,4.08,0.02,87.32
2012-03-01,20.93,3.0024,4.07,0.0,88.02
2012-03-02,21.19,2.5896,3.41,1.8,84.97
2012-03-03,12.77,4.9354,5.05,0.58,67.45
2012-03-04,12.43,6.4097,2.58,0.01,63.97
2012-03-05,14.11,6.3271,2.82,0.17,77.32
2012-03-06,16.42,4.043,4.99,0.0,82.97
2012-03-07,20.0,3.3396,6.39,1.12,84.93
2012-03-08,21.88,2.3849,5.1,4.54,89.4
2012-03-09,11.87,1.1011,4.8,26.45,91.02
2012-03-10,12.18,1.6174,4.06,8.96,93.89
2012-03-11,17.6,1.3118,3.22,34.22,94.39
2012-03-12,18.93,3.6605,2.56,0.53,88.68
2012-03-13,20.64,3.3278,3.31,0.04,90.25
2012-03-14,21.33,4.7599,3.8,0.07,88.45
2012-03-15,21.52,4.3817,3.57,0.02,88.88
2012-03-16,21.44,4.4628,3.62,0.0,88.26
2012-03-17,21.49,4.3882,4.13,0.05,88.15
2012-03-18,22.17,3.3067,5.28,0.13,89.25
2012-03-19,22.74,3.1097,7.42,3.39,86.46
2012-03-20,17.73,1.481,5.25,37.58,91.65
2012-03-21,15.88,5.1691,2.98,6.48,69.93
2012-03-22,17.68,6.8798,4.12,0.0,77.37
2012-03-23,18.41,6.8885,1.64,0.03,71.08
2012-03-24,20.29,6.3775,1.55,0.01,72.41
2012-03-25,21.22,6.3588,1.31,0.01,69.58
2012-03-26,20.36,6.8436,2.28,0.0,76.88
2012-03-27,19.74,5.8975,2.9,0.0,83.6
2012-03-28,20.23,3.9653,2.89,1.83,87.9
2012-03-29,20.27,1.236,3.2,9.51,94.95
2012-03-30,21.61,4.1256,2.46,0.14,88.31
2012-03-31,22.11,6.0955,2.94,0.0,86.37
2012-04-01,21.86,6.3468,3.36,0.1,87.63
2012-04-02,21.88,4.0138,4.0,5.89,90.25
2012-04-03,23.11,4.2437,3.67,5.69,90.87
2012-04-04,23.26,3.673,1.3,2.84,83.85
2012-04-05,21.19,6.4922,2.97,0.01,81.75
2012-04-06,20.75,6.4303,2.33,0.0,77.31
2012-04-07,21.27,7.121,2.88,0.01,79.97
2012-04-08,21.52,6.3547,2.08,0.02,77.84
2012-04-09,21.43,5.7929,1.84,0.0,78.47
2012-04-10,21.61,6.9137,1.96,0.0,79.33
2012-04-11,21.79,6.6662,2.29,0.01,79.24
2012-04-12,21.49,5.5512,3.75,0.16,82.79
2012-04-13,22.73,5.011,4.64,0.01,83.13
2012-04-14,24.06,4.9956,7.39,0.0,81.48
2012-04-15,24.54,3.5083,6.28,6.87,85.76
2012-04-16,17.89,0.7435,4.11,17.57,87.77
2012-04-17,19.16,6.7286,3.38,3.4,79.88
2012-04-18,18.79,7.8811,1.83,0.01,69.09
2012-04-19,19.26,7.5953,2.76,0.0,76.12
2012-04-20,18.87,3.2623,3.5,14.94,87.78
2012-04-21,15.26,8.034,4.95,0.1,73.23
2012-04-22,18.41,7.8401,2.98,0.0,68.82
2012-04-23,17.43,7.8094,3.02,0.01,60.93
2012-04-24,19.29,7.638,2.39,0.0,66.02
2012-04-25,21.7,7.7729,4.86,0.0,82.19
2012-04-26,23.06,7.1146,5.08,0.0,82.68
2012-04-27,23.45,5.2118,5.43,0.0,81.6
2012-04-28,23.85,7.0169,5.51,0.0,77.99
2012-04-29,24.76,5.4775,5.37,0.0,79.45
2012-04-30,24.18,5.231,4.18,0.02,84.72
2012-05-01,24.48,5.2418,3.88,0.0,80.07
2012-05-02,25.23,6.4781,2.54,0.0,77.96
2012-05-03,24.95,6.0991,2.71,0.0,80.18
2012-05-04,25.45,5.9854,3.16,0.02,79.22
2012-05-05,26.07,6.4085,3.72,0.13,78.62
2012-05-06,25.4,4.614,3.23,0.04,80.61
2012-05-07,25.84,6.1589,2.11,4.35,77.53
2012-05-08,23.39,4.7513,2.46,3.51,83.73
2012-05-09,24.27,6.3058,2.2,0.05,73.59
2012-05-10,23.02,3.2467,3.92,7.74,77.47
2012-05-11,23.37,5.7084,4.2,43.0,91.68
2012-05-12,22.7,6.5496,2.45,13.94,82.05
2012-05-13,21.8,6.3418,2.74,0.02,78.7
2012-05-14,23.44,6.7226,0.97,0.33,69.17
2012-05-15,19.77,3.2138,2.13,3.6,89.98
2012-05-16,22.36,6.5287,1.64,0.04,69.36
2012-05-17,23.86,7.4407,2.01,0.0,66.69
2012-05-18,23.6,8.0842,2.93,0.0,74.62
2012-05-19,23.93,7.897,3.69,0.0,73.77
2012-05-20,24.8,7.5924,2.41,0.0,71.46
2012-05-21,26.26,7.1825,1.84,0.58,66.45
2012-05-22,26.54,7.5998,2.68,1.36,65.35
2012-05-23,25.58,7.7467,4.69,0.0,70.62
2012-05-24,27.15,7.1815,6.29,0.0,70.15
2012-05-25,27.79,6.0782,5.5,0.0,71.81
2012-05-26,27.17,7.483,4.07,0.0,71.33
2012-05-27,27.09,7.8991,3.86,0.0,67.81
2012-05-28,27.4,7.8269,3.4,0.0,66.64
2012-05-29,28.33,7.4321,3.05,0.0,67.29
2012-05-30,28.26,7.1251,3.39,0.28,68.97
2012-05-31,28.22,4.7731,2.45,3.98,69.36
2012-06-01,27.35,8.052,2.05,0.02,57.84
2012-06-02,27.84,7.4489,3.36,0.0,64.76
2012-06-03,27.98,7.0512,4.07,0.0,70.17
2012-06-04,29.26,6.2753,3.25,0.0,66.32
2012-06-05,29.29,6.9965,2.12,0.0,63.93
2012-06-06,29.24,7.3925,2.41,3.72,63.56
2012-06-07,27.11,6.3199,1.83,16.81,73.77
2012-06-08,25.54,5.5402,1.5,10.88,80.81
2012-06-09,26.39,7.0507,2.34,0.81,77.02
2012-06-10,28.11,7.5458,3.18,0.0,71.69
2012-06-11,29.38,6.907,4.34,0.11,73.5
2012-06-12,28.32,5.8418,2.86,12.32,76.16
2012-06-13,28.14,5.7336,2.37,1.62,74.14
2012-06-14,28.55,6.7342,3.34,0.27,71.63
2012-06-15,28.48,6.8676,3.18,0.94,69.87
2012-06-16,27.09,5.3285,2.45,9.05,76.71
2012-06-17,28.08,7.6822,2.7,0.25,64.53
2012-06-18,26.45,5.5867,3.0,2.22,75.57
2012-06-19,26.43,3.1622,4.46,14.24,83.72
2012-06-20,26.73,5.7802,4.15,2.39,75.93
2012-06-21,26.81,6.0168,2.32,0.45,71.48
2012-06-22,28.62,7.1616,2.66,0.01,63.51
2012-06-23,29.3,7.5499,2.38,0.01,61.25
2012-06-24,30.69,7.5166,2.51,0.0,58.94
2012-06-25,31.59,7.1273,2.76,0.0,52.91
2012-06-26,32.35,6.685,1.97,0.24,52.23
2012-06-27,31.59,7.2876,2.3,0.01,57.58
2012-06-28,30.81,6.4747,2.87,0.15,64.65
2012-06-29,29.3,4.1801,2.83,0.49,69.18
2012-06-30,26.51,2.3801,2.67,10.22,80.68
2012-07-01,26.74,3.2486,3.12,5.82,80.54
2012-07-02,27.25,6.8623,2.65,1.11,73.78
2012-07-03,27.09,5.545,2.17,0.32,75.47
2012-07-04,28.7,6.8926,2.96,1.01,70.23
2012-07-05,29.05,7.4278,2.59,0.2,66.46
2012-07-06,29.48,6.8842,2.07,0.66,64.87
2012-07-07,27.65,5.8469,1.52,4.23,73.08
2012-07-08,26.78,2.8349,1.98,9.61,81.12
2012-07-09,26.51,2.8615,2.49,17.46,84.77
2012-07-10,24.88,3.0098,2.87,25.99,91.49
2012-07-11,24.88,2.5308,2.95,29.0,92.92
2012-07-12,24.95,2.1038,3.52,30.17,91.86
2012-07-13,26.16,4.0169,1.99,41.82,87.58
2012-07-14,26.58,5.8678,1.52,7.18,85.36
2012-07-15,26.4,5.2548,2.09,4.91,83.96
2012-07-16,26.65,6.7183,2.12,3.72,85.16
2012-07-17,26.77,6.0254,1.66,4.4,86.98
2012-07-18,27.67,6.8004,1.93,1.33,83.04
2012-07-19,27.84,6.5923,2.04,1.31,81.74
2012-07-20,28.03,7.3308,2.86,0.11,79.62
2012-07-21,27.54,6.5213,3.12,0.93,77.96
2012-07-22,26.56,5.9633,1.93,0.53,79.66
2012-07-23,26.91,4.8698,1.99,3.7,82.88
2012-07-24,27.42,6.4006,2.35,1.27,82.5
2012-07-25,27.63,6.5609,2.97,1.5,84.56
2012-07-26,27.86,6.8441,3.32,1.28,82.85
2012-07-27,27.74,6.948,2.28,0.08,80.9
2012-07-28,28.04,7.3145,2.08,0.52,74.1
2012-07-29,28.65,5.5272,2.32,0.02,73.29
2012-07-30,28.61,7.4758,2.48,0.0,72.25
2012-07-31,29.2,7.4213,2.77,0.0,72.37
2012-08-01,29.13,7.435,2.89,0.0,71.01
2012-08-02,29.15,7.267,3.3,0.0,71.19
2012-08-03,29.39,7.1208,3.4,0.0,70.09
2012-08-04,28.58,6.4313,2.42,0.01,73.6
2012-08-05,27.98,4.0596,1.56,8.53,79.49
2012-08-06,27.83,6.2023,1.76,1.74,77.76
2012-08-07,29.19,6.6725,2.08,0.16,70.79
2012-08-08,29.29,6.2474,1.91,1.36,70.93
2012-08-09,29.49,7.002,2.51,0.32,70.24
2012-08-10,29.82,7.0488,3.19,0.83,70.0
2012-08-11,30.2,6.7478,2.35,0.68,67.53
2012-08-12,29.8,6.6372,2.89,0.18,68.09
2012-08-13,30.14,6.4406,3.19,0.03,67.01
2012-08-14,30.49,7.1335,3.37,0.0,66.34
2012-08-15,29.87,6.7046,3.74,0.23,68.05
2012-08-16,30.13,6.9475,2.96,0.2,68.82
2012-08-17,30.11,5.3818,2.46,1.21,68.19
2012-08-18,28.32,4.0738,2.26,27.0,77.68
2012-08-19,26.88,4.7244,1.28,8.2,80.9
2012-08-20,28.19,7.2439,2.12,0.28,67.8
2012-08-21,27.3,6.3046,2.59,0.09,70.9
2012-08-22,27.37,6.0108,3.12,0.63,69.42
2012-08-23,27.48,5.6114,2.94,3.29,76.6
2012-08-24,27.64,4.8715,2.71,5.26,79.23
2012-08-25,27.82,5.1211,4.21,8.56,79.4
2012-08-26,27.91,6.5508,2.66,2.58,76.34
2012-08-27,28.78,6.7051,1.64,0.25,70.87
2012-08-28,30.22,6.3828,3.05,0.08,63.5
2012-08-29,30.05,6.5422,5.08,0.0,56.55
2012-08-30,30.1,6.9226,3.59,0.18,57.37
2012-08-31,29.95,6.319,4.14,0.75,70.81
2012-09-01,27.86,3.8729,3.31,5.84,82.5
2012-09-02,29.58,6.4726,3.26,1.41,70.75
2012-09-03,29.69,6.6514,3.16,0.0,69.22
2012-09-04,29.56,6.6557,3.03,0.0,68.19
2012-09-05,29.58,6.4123,2.82,0.0,68.26
2012-09-06,29.69,6.4517,2.31,0.0,66.94
2012-09-07,29.96,6.5839,2.28,0.0,65.8
2012-09-08,27.86,4.6337,3.47,0.01,65.47
2012-09-09,25.1,7.0133,2.33,0.0,51.7
2012-09-10,25.14,6.8009,2.76,0.0,55.42
2012-09-11,25.81,6.2268,3.21,0.01,64.73
2012-09-12,27.88,4.4988,2.82,3.34,72.32
2012-09-13,25.71,3.9542,2.13,10.78,88.3
2012-09-14,25.87,4.0651,1.49,10.87,79.15
2012-09-15,25.8,4.9334,1.37,2.86,74.69
2012-09-16,24.29,4.3807,1.83,13.61,82.31
2012-09-17,23.76,4.6738,2.57,2.83,78.86
2012-09-18,24.5,5.4696,2.51,0.16,70.66
2012-09-19,23.61,6.2988,2.74,0.02,61.69
2012-09-20,23.23,6.727,1.86,0.0,59.68
2012-09-21,24.2,6.5462,1.92,0.0,61.34
2012-09-22,26.38,5.9544,1.81,0.0,70.58
2012-09-23,26.92,6.0307,1.98,0.06,68.73
2012-09-24,26.49,5.8265,2.62,0.0,70.6
2012-09-25,26.91,5.6525,3.97,0.0,70.74
2012-09-26,27.56,5.4876,3.44,0.14,67.83
2012-09-27,27.25,4.4515,2.36,0.65,69.84
2012-09-28,25.97,3.0977,1.85,8.25,83.32
2012-09-29,24.83,2.2608,3.7,27.32,94.36
2012-09-30,21.3,1.8449,6.04,5.22,79.99
2012-10-01,20.26,6.0415,3.9,0.0,65.48
2012-10-02,20.83,5.2958,2.64,0.89,68.04
2012-10-03,21.93,5.789,2.24,0.0,68.19
2012-10-04,24.36,5.5063,3.65,0.0,70.16
2012-10-05,24.94,5.5848,2.76,0.01,71.03
2012-10-06,23.52,4.5389,2.18,0.0,72.22
2012-10-07,16.15,3.8842,4.55,0.03,66.98
2012-10-08,16.41,4.0805,2.45,0.01,67.29
2012-10-09,21.14,4.0994,3.43,0.0,75.03
2012-10-10,25.36,4.6764,2.57,0.43,78.63
2012-10-11,25.31,4.5785,3.61,0.58,76.98
2012-10-12,25.93,4.944,3.21,0.15,72.79
2012-10-13,25.8,4.1287,4.93,0.67,74.09
2012-10-14,25.8,3.1524,2.96,6.14,76.05
2012-10-15,21.28,3.709,2.4,0.4,63.08
2012-10-16,19.59,2.209,2.16,12.79,77.82
2012-10-17,24.43,5.0609,3.81,2.32,80.47
2012-10-18,21.37,3.2189,3.66,0.09,62.25
2012-10-19,19.73,5.747,2.22,0.0,47.44
2012-10-20,21.67,4.5403,3.88,0.0,65.39
2012-10-21,25.5,4.7791,4.42,0.0,77.24
2012-10-22,25.24,4.723,4.17,0.06,74.14
2012-10-23,24.26,4.9942,3.04,0.02,72.9
2012-10-24,24.76,4.4899,3.29,0.0,75.2
2012-10-25,26.06,4.2182,3.4,0.38,73.1
2012-10-26,15.8,2.5512,5.47,3.33,81.09
2012-10-27,12.18,4.901,4.46,0.08,56.11
2012-10-28,11.56,5.3222,2.97,0.0,55.56
2012-10-29,12.9,5.2658,2.22,0.0,52.37
2012-10-30,15.05,4.7659,1.99,0.0,62.61
2012-10-31,20.24,4.5197,2.25,0.0,71.35
2012-11-01,21.57,4.7213,2.26,0.0,73.72
2012-11-02,22.32,4.5211,3.07,0.02,74.94
2012-11-03,21.27,2.868,2.25,11.19,85.73
2012-11-04,21.93,4.2665,1.44,2.27,76.78
2012-11-05,21.29,4.1165,2.74,2.59,76.32
2012-11-06,16.98,4.8506,2.48,0.0,56.58
2012-11-07,18.33,4.747,1.45,0.0,55.76
2012-11-08,19.06,4.5528,3.68,0.0,70.51
2012-11-09,21.11,4.5888,4.42,0.32,74.16
2012-11-10,21.83,3.6898,4.84,0.17,75.21
2012-11-11,22.75,2.3083,4.64,2.52,83.54
2012-11-12,13.1,4.3565,5.05,0.54,55.93
2012-11-13,9.72,3.4385,3.11,0.01,53.63
2012-11-14,11.62,2.9263,2.63,0.04,54.89
2012-11-15,11.09,4.2679,2.4,0.0,58.8
2012-11-16,11.06,4.4818,3.14,0.0,59.75
2012-11-17,11.84,4.5602,2.27,0.0,60.37
2012-11-18,12.78,4.3399,2.4,0.0,68.58
2012-11-19,15.32,3.7212,1.98,0.0,70.49
2012-11-20,18.48,3.7044,1.32,0.0,75.67
2012-11-21,18.92,4.1054,1.84,0.0,69.49
2012-11-22,17.88,3.4781,2.99,0.01,76.05
2012-11-23,17.59,1.9678,2.65,1.42,81.36
2012-11-24,12.15,4.267,2.7,0.0,43.5
2012-11-25,14.92,3.8731,2.84,0.0,68.9
2012-11-26,20.68,3.1937,3.61,2.74,83.45
2012-11-27,12.54,2.1598,4.26,1.2,79.68
2012-11-28,11.23,4.247,2.35,0.0,71.45
2012-11-29,12.7,3.12,2.58,0.02,83.33
2012-11-30,18.64,2.5118,3.3,2.8,88.03
2012-12-01,21.35,3.4452,3.92,0.24,82.13
2012-12-02,21.09,3.7164,3.27,0.32,80.75
2012-12-03,21.72,3.0331,3.78,0.39,83.85
2012-12-04,20.71,2.0719,2.14,10.19,88.86
2012-12-05,15.93,1.9469,2.55,1.25,85.98
2012-12-06,16.61,2.934,2.24,0.34,85.35
2012-12-07,19.04,3.019,2.87,0.19,84.25
2012-12-08,21.07,2.9196,3.08,3.48,85.57
2012-12-09,21.14,1.8334,3.37,5.89,90.79
2012-12-10,8.45,2.5606,6.0,3.05,58.41
2012-12-11,5.13,3.181,2.71,0.0,55.06
2012-12-12,6.63,4.1976,2.29,0.0,58.95
2012-12-13,8.02,4.0584,2.69,0.0,63.21
2012-12-14,14.65,1.4479,4.25,0.01,82.2
2012-12-15,21.43,1.7398,3.69,0.61,88.81
2012-12-16,19.68,0.9432,2.27,27.39,89.82
2012-12-17,14.32,4.0174,3.1,0.09,55.69
2012-12-18,14.72,3.9953,3.5,0.0,74.69
2012-12-19,21.14,2.262,6.03,1.37,88.04
2012-12-20,10.16,3.8508,7.15,1.57,42.22
2012-12-21,6.65,3.1154,2.24,0.04,50.4
2012-12-22,11.4,3.4013,3.1,0.0,59.04
2012-12-23,18.03,1.6836,3.98,0.0,87.7
2012-12-24,16.68,3.4786,2.26,0.31,72.37
2012-12-25,14.88,3.2107,7.77,5.31,73.55
2012-12-26,2.47,3.6365,4.43,0.0,58.9
2012-12-27,6.76,0.7975,3.58,4.06,88.14
2012-12-28,10.76,2.4833,4.76,4.08,82.59
2012-12-29,3.48,2.393,3.8,0.0,60.45
2012-12-30,4.78,2.8759,3.1,0.0,67.28
2012-12-31,14.32,0.7231,4.03,5.68,95.91
2013-01-01,10.9,0.7723,4.49,17.57,87.09
2013-01-02,4.65,0.7721,3.69,0.95,74.18
2013-01-03,5.67,2.6153,3.4,0.17,68.19
2013-01-04,6.14,1.1578,2.96,1.36,82.6
2013-01-05,6.56,0.935,2.1,13.47,91.86
2013-01-06,6.89,3.9934,3.47,0.3,83.68
2013-01-07,7.05,2.9602,2.61,0.08,83.3
2013-01-08,13.74,0.6703,4.37,16.19,95.86
2013-01-09,17.15,0.3379,5.13,27.1,96.39
2013-01-10,13.53,3.6653,3.12,19.58,82.67
2013-01-11,13.71,2.6316,2.9,0.24,87.46
2013-01-12,20.52,0.9578,5.89,2.21,95.37
2013-01-13,7.85,2.046,6.0,4.99,75.6
2013-01-14,5.03,1.2564,4.33,2.22,82.42
2013-01-15,3.34,0.6912,4.05,2.19,87.45
2013-01-16,3.31,4.3757,3.73,0.08,68.17
2013-01-17,5.6,4.4666,3.21,0.0,71.24
2013-01-18,7.46,4.4246,2.51,0.0,81.2
2013-01-19,9.75,4.1621,2.34,0.0,82.2
2013-01-20,12.43,3.8546,1.65,0.0,84.36
2013-01-21,13.78,3.3986,1.32,0.0,81.38
2013-01-22,12.91,4.2106,1.91,0.0,84.13
2013-01-23,14.41,3.469,2.93,0.0,86.11
2013-01-24,17.64,3.8462,3.94,0.0,87.64
2013-01-25,17.24,3.9295,3.39,0.04,86.96
2013-01-26,17.99,3.5314,2.86,0.08,87.14
2013-01-27,18.29,2.1655,4.45,0.32,91.33
2013-01-28,20.84,2.8195,5.45,0.04,85.9
2013-01-29,21.22,1.4347,7.04,3.92,89.29
2013-01-30,10.14,4.9294,5.87,0.13,52.96
2013-01-31,9.47,4.9421,2.62,0.0,56.86
2013-02-01,11.68,4.8804,2.69,0.0,74.5
2013-02-02,14.95,4.098,1.73,0.0,76.46
2013-02-03,13.33,4.5986,2.67,0.0,70.32
2013-02-04,15.51,2.0186,2.91,2.48,91.34
2013-02-05,18.44,3.4627,2.0,0.68,85.93
2013-02-06,16.81,0.8902,3.46,12.3,93.9
2013-02-07,17.08,2.2474,1.84,0.08,87.67
2013-02-08,14.12,5.0078,3.36,0.0,80.99
2013-02-09,15.13,2.4134,4.9,0.37,87.65
2013-02-10,17.66,1.0164,4.25,5.3,84.06
2013-02-11,12.73,0.6446,4.73,6.33,84.95
2013-02-12,13.61,1.7138,3.41,4.69,86.87
2013-02-13,9.26,4.5941,3.7,0.1,73.69
2013-02-14,10.01,5.4857,1.65,0.0,71.13
2013-02-15,11.0,4.9214,3.54,0.03,72.11
2013-02-16,8.32,5.6621,2.94,0.0,60.66
2013-02-17,11.69,5.5687,4.42,0.0,71.6
2013-02-18,17.55,2.2075,5.8,12.97,84.6
2013-02-19,12.22,5.5538,3.57,0.0,65.24
2013-02-20,13.17,1.4282,6.17,1.39,81.29
2013-02-21,18.87,2.1931,5.78,6.4,79.76
2013-02-22,11.92,2.3537,4.05,0.1,74.04
2013-02-23,11.98,4.5346,3.04,0.0,74.78
2013-02-24,13.38,3.6883,3.65,0.18,79.61
2013-02-25,15.07,5.0801,6.78,0.43,62.57
2013-02-26,10.34,5.3333,4.8,0.0,56.14
2013-02-27,11.5,5.7566,4.38,0.0,66.23
2013-02-28,7.72,4.1033,4.13,0.0,60.94
2013-03-01,8.76,6.1529,3.22,0.0,61.23
2013-03-02,6.22,6.3439,4.61,0.0,61.43
2013-03-03,10.86,6.241,2.89,0.0,54.99
2013-03-04,17.18,5.9419,5.92,0.0,78.93
2013-03-05,13.68,5.5498,5.66,0.0,59.91
2013-03-06,10.22,6.3348,1.98,0.0,53.03
2013-03-07,12.31,5.6167,3.07,0.0,73.27
2013-03-08,15.59,3.1841,4.11,0.0,85.87
2013-03-09,18.98,3.0295,6.03,1.49,84.09
2013-03-10,15.71,2.4108,5.13,9.34,72.04
2013-03-11,9.76,6.6864,3.82,0.23,58.94
2013-03-12,12.67,6.7394,1.44,0.0,53.44
2013-03-13,13.9,6.4966,2.12,0.0,66.2
2013-03-14,15.08,6.5602,2.84,0.0,72.13
2013-03-15,16.81,6.5678,3.94,0.0,73.7
2013-03-16,18.96,6.0242,5.28,0.0,76.22
2013-03-17,20.95,4.3721,4.69,0.0,79.24
2013-03-18,22.69,5.7406,3.7,0.0,68.35
2013-03-19,19.76,5.2265,3.23,2.58,71.83
2013-03-20,16.93,6.1922,4.26,3.0,63.41
2013-03-21,17.03,3.8988,4.78,0.03,73.38
2013-03-22,22.36,3.3823,3.46,0.07,79.94
2013-03-23,20.04,1.7532,2.32,0.11,82.5
2013-03-24,11.65,7.2158,6.57,0.01,55.98
2013-03-25,8.59,7.2499,3.96,0.0,49.3
2013-03-26,8.78,7.1729,3.23,0.0,48.52
2013-03-27,12.4,7.031,3.56,0.0,60.1
2013-03-28,16.47,4.0663,3.74,0.0,78.9
2013-03-29,18.89,4.4806,3.95,0.03,75.89
2013-03-30,21.24,4.8509,3.74,0.02,75.28
2013-03-31,20.57,4.571,2.65,11.67,86.34
2013-04-01,21.53,5.2231,1.63,0.27,78.65
2013-04-02,20.23,1.8552,3.95,16.61,84.57
2013-04-03,16.84,2.611,4.12,23.83,87.93
2013-04-04,10.76,3.1913,4.33,0.45,78.17
2013-04-05,13.46,7.3634,2.1,0.0,73.86
2013-04-06,17.64,5.6134,4.36,0.0,75.88
2013-04-07,20.33,5.5356,4.87,0.0,78.77
2013-04-08,22.01,5.417,5.7,0.0,79.26
2013-04-09,23.6,4.5158,6.92,0.01,77.76
2013-04-10,20.32,1.9286,6.21,13.19,82.87
2013-04-11,12.09,7.3066,4.28,12.92,68.77
2013-04-12,16.52,7.5158,2.19,0.0,63.32
2013-04-13,17.55,6.5561,3.62,0.0,76.47
2013-04-14,21.28,6.0607,3.31,0.0,79.72
2013-04-15,23.3,4.1206,4.41,0.0,79.93
2013-04-16,23.79,3.7603,4.87,0.02,81.76
2013-04-17,24.79,1.4266,6.42,0.07,80.72
2013-04-18,18.27,1.4628,6.17,4.86,76.46
2013-04-19,12.49,6.9646,5.42,0.01,44.09
2013-04-20,13.37,7.9056,3.51,0.0,56.5
2013-04-21,17.34,5.3609,2.92,0.0,71.71
2013-04-22,19.81,7.3836,2.96,0.0,71.26
2013-04-23,21.94,4.7741,3.65,0.61,75.18
2013-04-24,14.87,4.6968,5.41,1.73,61.62
2013-04-25,17.34,3.4169,3.67,0.05,58.56
2013-04-26,22.48,5.4082,4.63,0.01,75.95
2013-04-27,22.55,3.0444,3.04,29.39,85.27
2013-04-28,21.69,5.2577,1.8,0.3,83.79
2013-04-29,21.23,4.6476,2.21,1.8,82.77
2013-04-30,21.02,5.4497,1.87,2.35,88.96
2013-05-01,23.8,6.5414,1.34,0.23,76.41
2013-05-02,19.26,4.3836,5.96,0.01,71.65
2013-05-03,12.7,8.5346,6.75,0.0,47.42
2013-05-04,17.15,8.2906,3.38,0.0,45.42
2013-05-05,15.71,8.2637,3.83,0.0,56.58
2013-05-06,18.69,6.8597,2.13,0.0,55.31
2013-05-07,22.3,7.9205,1.98,0.0,54.79
2013-05-08,22.44,7.6174,4.21,0.0,67.48
2013-05-09,22.02,2.227,4.06,22.85,90.81
2013-05-10,22.93,3.6646,2.51,33.31,90.0
2013-05-11,22.03,6.401,3.12,2.31,75.7
2013-05-12,20.9,5.7425,3.02,0.0,65.67
2013-05-13,20.23,7.9687,2.54,0.0,69.65
2013-05-14,21.8,6.6086,3.76,0.01,74.98
2013-05-15,22.18,3.3365,4.89,6.52,81.7
2013-05-16,24.57,4.59,5.44,0.5,78.46
2013-05-17,26.23,6.2273,4.36,0.01,75.74
2013-05-18,26.71,7.7359,4.8,0.0,72.95
2013-05-19,26.68,7.4338,5.77,0.0,71.96
2013-05-20,26.99,6.258,5.56,0.01,75.16
2013-05-21,25.94,5.7214,4.65,9.05,77.6
2013-05-22,26.77,5.7862,1.86,2.04,73.75
2013-05-23,26.74,5.6196,3.05,0.0,75.45
2013-05-24,26.11,5.4326,3.13,0.33,75.94
2013-05-25,24.78,3.859,3.17,0.38,79.73
2013-05-26,26.19,6.6737,4.02,0.15,72.43
2013-05-27,27.17,6.8314,5.12,0.04,67.94
2013-05-28,27.0,6.0706,5.78,0.1,68.02
2013-05-29,26.28,4.0766,6.0,0.07,74.07
2013-05-30,27.85,5.2757,5.96,1.96,72.02
2013-05-31,29.12,6.7927,4.71,0.35,71.16
2013-06-01,29.12,7.0121,4.35,11.96,71.88
2013-06-02,25.55,3.331,2.53,14.38,77.16
2013-06-03,26.14,8.2277,2.11,0.0,63.07
2013-06-04,27.38,8.1607,2.57,0.0,67.69
2013-06-05,28.41,7.7165,2.31,0.22,68.2
2013-06-06,28.55,7.3135,1.03,13.81,69.17
2013-06-07,25.15,7.3843,3.04,0.9,63.94
2013-06-08,25.72,5.3962,2.56,1.05,66.0
2013-06-09,26.19,3.2592,1.88,15.43,82.01
2013-06-10,27.99,6.781,2.36,0.38,72.56
2013-06-11,27.96,6.2983,3.14,1.96,73.69
2013-06-12,28.49,5.7922,2.84,0.22,72.78
2013-06-13,29.3,6.7603,1.85,0.1,69.45
2013-06-14,29.63,7.129,1.89,0.93,67.2
2013-06-15,29.22,6.144,2.0,0.14,65.96
2013-06-16,29.83,7.3798,2.86,0.0,65.24
2013-06-17,30.47,7.1578,3.45,0.0,62.21
2013-06-18,28.81,6.6461,2.59,6.45,69.65
2013-06-19,29.1,7.261,2.55,2.02,67.09
2013-06-20,29.41,7.1316,3.32,0.49,66.36
2013-06-21,29.57,7.0862,2.99,0.23,63.95
2013-06-22,29.71,7.3464,3.22,0.35,63.46
2013-06-23,29.68,6.8126,3.49,0.44,63.75
2013-06-24,30.14,7.4417,4.24,0.32,62.96
2013-06-25,30.81,7.403,4.56,0.03,62.81
2013-06-26,31.47,7.7585,4.14,0.0,59.38
2013-06-27,31.04,7.9234,2.7,0.0,57.8
2013-06-28,31.46,7.7496,2.56,0.0,52.23
2013-06-29,32.91,7.9433,3.19,0.03,48.79
2013-06-30,31.36,6.6574,3.17,0.0,39.61
2013-07-01,28.01,7.4086,3.05,0.0,41.85
2013-07-02,28.7,6.8676,2.22,0.56,44.91
2013-07-03,29.54,7.1155,1.69,0.31,47.0
2013-07-04,29.75,6.2534,1.91,0.51,49.41
2013-07-05,30.41,7.3118,3.04,0.08,51.42
2013-07-06,30.16,7.5612,3.55,0.0,58.87
2013-07-07,29.02,4.6178,3.65,3.8,66.47
2013-07-08,28.91,3.9134,3.21,6.97,67.9
2013-07-09,30.0,7.3577,3.01,0.5,66.39
2013-07-10,30.81,6.985,2.81,0.04,61.31
2013-07-11,30.94,6.9473,2.63,0.11,57.36
2013-07-12,30.66,6.5035,2.58,0.94,58.8
2013-07-13,31.65,7.2211,1.88,0.7,54.69
2013-07-14,28.02,4.5852,2.3,10.06,68.76
2013-07-15,26.56,3.3922,3.2,10.31,80.57
2013-07-16,26.35,4.2605,3.09,9.32,83.55
2013-07-17,25.76,3.4522,2.83,9.23,85.8
2013-07-18,28.09,7.337,2.86,1.15,67.41
2013-07-19,27.97,4.9111,1.62,2.54,68.51
2013-07-20,27.68,5.2692,1.95,9.12,72.66
2013-07-21,27.8,4.7993,3.15,7.95,77.75
2013-07-22,28.81,6.9295,4.03,1.21,74.56
2013-07-23,29.97,6.8194,4.11,0.0,66.12
2013-07-24,30.19,6.1543,3.38,0.01,65.45
2013-07-25,30.44,7.3524,2.31,0.0,62.66
2013-07-26,30.39,6.4714,3.59,1.11,65.05
2013-07-27,29.67,5.7122,2.55,2.16,70.58
2013-07-28,29.41,5.7634,2.53,4.14,69.19
2013-07-29,30.09,7.5602,4.32,0.06,62.65
2013-07-30,29.6,6.6665,3.69,0.0,62.71
2013-07-31,30.11,7.259,2.54,0.0,63.04
2013-08-01,31.01,7.2089,2.42,0.21,62.11
2013-08-02,31.1,6.439,2.67,0.0,59.22
2013-08-03,30.87,6.9233,3.21,0.0,62.02
2013-08-04,31.16,6.2719,2.88,0.46,62.76
2013-08-05,31.7,7.1995,3.71,0.0,57.35
2013-08-06,31.8,7.1556,4.43,0.0,59.78
2013-08-07,31.95,7.057,4.24,0.0,56.77
2013-08-08,31.33,7.0702,3.46,0.0,57.21
2013-08-09,31.66,7.1657,2.42,0.0,57.09
2013-08-10,29.57,5.1617,2.18,7.9,67.97
2013-08-11,28.82,5.3904,2.16,5.88,73.41
2013-08-12,29.65,6.4286,2.67,1.47,68.97
2013-08-13,31.04,7.3358,3.02,0.14,63.08
2013-08-14,30.13,6.6242,2.05,13.96,69.48
2013-08-15,27.83,4.0289,1.79,2.05,75.32
2013-08-16,28.82,6.1536,1.37,6.22,71.26
2013-08-17,28.01,7.1069,2.72,0.17,63.29
2013-08-18,27.76,7.085,2.2,0.0,60.0
2013-08-19,28.61,6.6422,2.09,0.0,61.54
2013-08-20,27.18,3.9816,2.3,3.16,76.35
2013-08-21,27.92,5.6755,1.87,0.53,74.55
2013-08-22,28.51,5.8049,2.15,0.64,74.4
2013-08-23,29.41,6.594,2.03,0.5,68.55
2013-08-24,30.16,6.546,3.02,0.47,64.42
2013-08-25,27.63,3.0574,4.67,1.84,74.61
2013-08-26,26.02,2.575,4.19,12.09,84.5
2013-08-27,27.93,5.7144,2.05,2.89,72.42
2013-08-28,29.52,6.4716,1.6,0.0,66.43
2013-08-29,30.21,6.1495,2.39,0.0,66.4
2013-08-30,30.57,6.1639,2.75,0.02,65.67
2013-08-31,29.92,6.6696,2.4,0.0,66.13
2013-09-01,29.73,6.5066,2.62,0.0,65.04
2013-09-02,30.34,6.4032,2.49,0.43,65.69
2013-09-03,30.47,6.6014,2.12,0.59,63.23
2013-09-04,30.25,5.3647,2.56,2.31,64.26
2013-09-05,29.63,5.6191,2.57,1.59,69.11
2013-09-06,29.58,5.1516,2.83,1.16,68.25
2013-09-07,28.37,4.3709,2.39,4.46,73.64
2013-09-08,26.93,5.1653,2.55,2.01,78.82
2013-09-09,26.85,4.6586,3.08,3.12,77.68
2013-09-10,27.71,4.8617,3.43,0.79,72.83
2013-09-11,28.21,5.4132,2.96,0.39,71.87
2013-09-12,29.02,6.3497,2.75,0.12,65.95
2013-09-13,29.23,6.3374,2.55,0.19,62.14
2013-09-14,28.07,5.4782,2.69,1.43,70.3
2013-09-15,28.4,4.7822,3.4,0.95,70.27
2013-09-16,28.87,4.699,2.99,1.13,69.3
2013-09-17,27.89,5.2306,2.94,0.47,74.3
2013-09-18,28.05,4.9682,2.88,0.34,72.34
2013-09-19,27.64,4.4422,3.28,11.63,80.61
2013-09-20,26.46,1.7498,3.82,69.49,93.14
2013-09-21,22.15,1.962,4.43,14.37,81.89
2013-09-22,21.6,5.5759,3.5,0.03,71.02
2013-09-23,23.72,4.5797,2.57,0.09,73.11
2013-09-24,26.39,5.6424,2.98,0.05,70.96
2013-09-25,26.45,6.401,1.67,0.0,56.88
2013-09-26,25.58,6.065,2.76,0.0,68.55
2013-09-27,26.92,4.3142,3.75,0.02,75.39
2013-09-28,27.09,3.5899,3.5,4.1,80.44
2013-09-29,25.17,3.3238,2.35,20.84,88.28
2013-09-30,25.14,3.6857,1.25,7.65,83.82
2013-10-01,25.88,4.2626,3.27,6.9,89.81
2013-10-02,26.09,3.0566,2.98,7.19,85.41
2013-10-03,26.18,5.0556,2.63,1.06,82.93
2013-10-04,26.37,5.4977,2.88,0.12,80.0
2013-10-05,26.4,5.051,2.36,1.48,76.7
2013-10-06,18.26,4.7914,4.5,0.91,58.14
2013-10-07,18.03,6.1642,2.79,1.32,59.55
2013-10-08,18.87,6.1373,2.06,0.0,64.2
2013-10-09,20.37,5.7216,2.34,0.0,71.85
2013-10-10,22.52,5.5308,2.82,0.01,74.85
2013-10-11,25.19,4.2065,3.34,0.45,76.95
2013-10-12,25.99,3.576,2.57,17.5,88.02
2013-10-13,23.54,1.4882,2.73,10.04,93.5
2013-10-14,24.21,3.6562,3.05,1.36,85.5
2013-10-15,25.28,4.1172,2.43,1.07,81.79
2013-10-16,20.18,2.2378,3.24,2.48,86.39
2013-10-17,17.73,4.9723,2.99,0.32,74.07
2013-10-18,17.37,2.231,3.14,8.7,81.86
2013-10-19,14.61,5.1108,4.3,15.95,76.8
2013-10-20,14.42,5.137,2.46,0.0,75.72
2013-10-21,18.29,2.6983,2.28,1.49,89.85
2013-10-22,17.24,3.9725,3.4,0.04,77.07
2013-10-23,18.32,5.4197,1.67,0.0,57.81
2013-10-24,18.93,5.3222,1.71,0.0,63.64
2013-10-25,17.51,5.0285,3.06,0.01,76.2
2013-10-26,18.43,4.8842,3.21,4.71,81.51
2013-10-27,20.02,2.4948,1.77,22.73,89.18
2013-10-28,21.24,3.9622,2.88,0.44,87.14
2013-10-29,22.85,3.8026,3.87,0.97,85.99
2013-10-30,23.66,1.9534,4.73,37.65,94.6
2013-10-31,22.55,1.1057,4.06,69.05,86.31
2013-11-01,17.77,4.9572,2.28,1.46,78.16
2013-11-02,14.64,5.1907,4.3,0.03,73.58
2013-11-03,12.8,4.5518,3.15,0.0,77.39
2013-11-04,18.05,1.4971,4.38,3.48,89.56
2013-11-05,21.6,2.365,4.3,1.77,89.56
2013-11-06,19.3,3.1253,4.23,3.16,84.94
2013-11-07,11.36,4.0942,4.56,0.0,70.61
2013-11-08,11.76,3.9036,2.78,0.0,74.45
2013-11-09,13.92,2.9758,2.29,0.05,80.14
2013-11-10,14.86,3.1018,2.71,0.0,76.48
2013-11-11,14.7,4.1551,2.17,0.01,81.48
2013-11-12,13.32,3.5887,5.11,0.0,80.81
2013-11-13,6.34,4.7578,3.55,0.0,64.65
2013-11-14,7.49,3.5275,2.41,0.0,81.86
2013-11-15,16.15,3.725,2.43,0.03,88.91
2013-11-16,20.7,2.1936,4.04,0.23,91.95
2013-11-17,23.79,2.8939,3.39,0.38,90.22
2013-11-18,20.15,1.9363,3.15,0.08,82.64
2013-11-19,14.62,3.7462,3.7,0.01,75.81
2013-11-20,15.52,2.0083,3.8,0.28,82.65
2013-11-21,22.02,2.7571,4.23,4.83,90.93
2013-11-22,13.46,0.9835,4.88,17.04,91.56
2013-11-23,7.64,0.8858,5.56,9.3,91.5
2013-11-24,6.13,1.8864,4.0,3.22,72.69
2013-11-25,4.78,1.2552,4.07,39.08,91.77
2013-11-26,3.89,1.0378,5.32,8.56,88.69
2013-11-27,3.09,4.4686,3.38,0.0,76.14
2013-11-28,4.83,3.289,1.96,0.05,77.86
2013-11-29,6.4,4.0651,2.45,0.0,78.55
2013-11-30,11.05,3.8306,2.3,0.0,86.19
2013-12-01,14.97,1.9745,2.7,0.0,92.46
2013-12-02,17.06,3.4318,3.47,0.0,88.9
2013-12-03,17.74,3.703,3.93,0.0,89.61
2013-12-04,20.09,2.4533,3.68,0.01,92.06
2013-12-05,12.81,1.4045,4.75,0.77,83.73
2013-12-06,2.68,1.0183,6.18,1.19,81.93
2013-12-07,1.1,0.5906,3.45,0.15,81.05
2013-12-08,4.49,1.6051,1.39,0.23,85.57
2013-12-09,5.31,0.6898,3.54,2.28,91.86
2013-12-10,2.48,3.9701,3.98,0.01,73.6
2013-12-11,5.61,1.1474,1.99,0.0,82.19
2013-12-12,5.6,2.9916,2.63,0.0,80.93
2013-12-13,8.28,1.0968,2.27,2.36,94.12
2013-12-14,7.71,1.8756,5.1,0.03,85.46
2013-12-15,5.27,4.1311,2.67,0.0,73.58
2013-12-16,7.44,4.1393,1.75,0.0,72.38
2013-12-17,9.6,4.0853,1.74,0.0,73.18
2013-12-18,10.39,3.7433,2.67,0.0,87.72
2013-12-19,17.47,2.3945,5.17,0.33,91.64
2013-12-20,20.93,1.3488,5.43,0.61,92.58
2013-12-21,18.77,0.9991,5.26,16.66,95.39
2013-12-22,9.84,2.4996,3.96,0.36,78.44
2013-12-23,3.8,4.0008,3.45,0.0,75.82
2013-12-24,4.26,4.1647,2.63,0.0,79.45
2013-12-25,7.93,2.141,2.62,0.14,88.09
2013-12-26,10.33,3.0965,1.84,0.07,82.49
2013-12-27,8.45,1.8101,2.15,0.02,84.24
2013-12-28,8.32,2.0731,1.67,0.0,70.67
2013-12-29,9.59,3.7018,2.59,0.0,80.3
2013-12-30,3.84,1.2072,3.74,0.0,75.2
2013-12-31,4.84,1.4443,2.11,0.0,83.56
2014-01-01,9.9,2.1372,1.92,0.15,91.76
2014-01-02,4.17,3.6828,5.7,0.01,72.32
2014-01-03,3.02,4.2586,2.81,0.0,75.67
2014-01-04,11.46,2.2217,4.27,0.0,90.4
2014-01-05,8.65,1.7882,6.65,1.35,72.33
2014-01-06,-2.17,2.7091,4.81,0.0,61.12
2014-01-07,0.26,3.6751,2.51,0.0,65.4
2014-01-08,9.28,1.1542,5.46,2.51,91.29
2014-01-09,15.06,1.6032,3.97,12.26,95.64
2014-01-10,16.39,1.4052,4.13,1.57,94.05
2014-01-11,13.83,4.3097,2.83,0.09,70.41
2014-01-12,12.68,3.5124,3.51,1.14,69.69
2014-01-13,14.23,4.0409,4.94,3.45,74.34
2014-01-14,10.5,4.4501,2.73,0.0,61.33
2014-01-15,7.48,4.5017,3.69,0.0,62.91
2014-01-16,9.58,4.3099,3.0,0.0,69.98
2014-01-17,8.28,4.453,3.45,0.0,60.03
2014-01-18,9.35,3.9115,2.93,0.0,73.04
2014-01-19,10.95,4.5041,2.31,0.0,68.47
2014-01-20,13.0,4.2113,3.53,0.0,86.24
2014-01-21,8.27,4.7657,5.07,0.0,65.22
2014-01-22,8.4,4.6164,2.8,0.0,71.23
2014-01-23,7.0,1.0282,4.96,7.09,93.61
2014-01-24,0.34,1.386,3.43,2.07,79.62
2014-01-25,4.0,4.3294,2.85,0.0,79.39
2014-01-26,10.52,4.3728,3.47,0.04,82.18
2014-01-27,10.0,3.2887,4.83,0.02,77.89
2014-01-28,1.79,0.7579,4.74,0.7,72.45
2014-01-29,-0.12,3.7826,2.24,0.0,65.36
2014-01-30,6.73,2.9275,4.42,0.0,79.48
2014-01-31,15.92,2.2802,4.92,0.04,88.91
2014-02-01,18.02,1.9661,4.99,0.61,90.12
2014-02-02,9.65,0.9014,4.95,8.82,89.31
2014-02-03,6.4,1.4954,3.16,0.17,81.48
2014-02-04,7.6,1.1395,2.81,5.83,93.93
2014-02-05,4.71,4.4952,5.29,0.0,72.4
2014-02-06,1.59,2.1725,3.9,0.21,74.65
2014-02-07,1.89,1.081,2.32,0.9,82.34
2014-02-08,6.36,2.4115,1.58,0.0,87.89
2014-02-09,10.33,2.4437,2.13,0.48,91.23
2014-02-10,9.43,1.0495,4.1,10.09,91.47
2014-02-11,2.32,1.6212,4.55,5.03,88.46
2014-02-12,3.55,4.339,4.04,0.15,77.34
2014-02-13,7.62,5.243,2.03,0.0,77.38
2014-02-14,12.58,5.0162,4.24,0.0,80.32
2014-02-15,10.82,5.3136,3.43,0.0,72.24
2014-02-16,16.28,2.7382,3.42,0.0,87.19
2014-02-17,19.03,3.1963,3.06,0.0,85.06
2014-02-18,18.8,3.5064,3.85,0.0,86.83
2014-02-19,18.78,3.2018,4.44,0.0,86.59
2014-02-20,19.35,1.6793,4.87,7.37,81.72
2014-02-21,11.4,5.3405,2.78,0.0,61.81
2014-02-22,13.86,4.1551,3.19,0.02,80.71
2014-02-23,18.6,2.8994,1.87,0.44,85.1
2014-02-24,16.8,1.1878,2.41,0.19,93.68
2014-02-25,18.97,2.6894,1.76,17.8,89.88
2014-02-26,7.29,1.525,5.44,10.57,83.87
2014-02-27,5.96,5.9638,2.26,0.0,68.8
2014-02-28,13.67,1.6894,4.06,0.13,88.44
2014-03-01,19.62,4.1203,4.3,0.03,87.18
2014-03-02,16.53,2.0004,5.68,2.86,88.57
2014-03-03,0.48,4.6579,6.4,0.5,64.63
2014-03-04,0.7,1.2293,2.26,20.97,90.75
2014-03-05,4.54,2.9712,1.72,0.49,92.71
2014-03-06,8.72,5.9035,4.0,0.1,83.07
2014-03-07,9.88,5.1665,2.88,0.01,80.87
2014-03-08,14.4,2.0335,3.15,11.02,92.26
2014-03-09,9.36,2.4919,3.69,3.81,89.31
2014-03-10,14.15,4.555,1.85,0.0,84.13
2014-03-11,16.71,4.9711,3.21,0.02,84.79
2014-03-12,12.11,6.5064,6.42,0.0,64.76
2014-03-13,10.32,6.2911,2.74,0.0,67.05
2014-03-14,15.04,4.0181,3.36,0.01,85.96
2014-03-15,17.85,1.4014,3.94,14.36,95.44
2014-03-16,14.4,2.868,6.12,5.65,78.82
2014-03-17,9.21,5.9726,3.75,0.0,67.32
2014-03-18,14.46,6.8014,4.77,0.0,78.26
2014-03-19,15.66,3.7826,3.08,0.0,76.43
2014-03-20,15.7,6.5162,2.11,0.0,68.83
2014-03-21,17.26,5.3419,3.56,0.0,83.62
2014-03-22,20.35,3.4044,2.28,0.02,89.19
2014-03-23,15.83,1.481,4.2,1.97,85.41
2014-03-24,13.96,2.2601,2.45,0.57,81.03
2014-03-25,13.1,6.1915,3.42,0.0,69.35
2014-03-26,13.7,2.0347,5.08,0.84,77.96
2014-03-27,19.64,1.4515,5.48,3.95,91.11
2014-03-28,22.08,3.7387,2.18,5.19,86.98
2014-03-29,16.7,6.2398,4.18,0.07,72.37
2014-03-30,14.91,6.4999,3.87,0.0,73.57
2014-03-31,18.07,5.9424,4.41,0.01,82.18
2014-04-01,21.33,4.0946,4.23,0.09,85.4
2014-04-02,22.05,3.6074,5.71,0.06,87.02
2014-04-03,22.43,1.9889,4.9,2.36,89.51
2014-04-04,17.55,6.9362,4.77,1.1,66.19
2014-04-05,15.42,2.9198,3.48,0.29,69.84
2014-04-06,15.9,1.6006,4.41,5.06,88.74
2014-04-07,14.78,6.6403,3.05,0.7,79.95
2014-04-08,14.74,7.679,5.13,0.0,65.9
2014-04-09,16.55,7.5701,2.31,0.06,62.3
2014-04-10,18.91,7.506,5.05,0.0,74.73
2014-04-11,20.55,6.3043,4.49,0.0,76.88
2014-04-12,21.59,5.279,5.24,0.0,78.85
2014-04-13,22.29,2.431,5.38,0.54,86.55
2014-04-14,15.73,1.6075,6.06,16.48,80.64
2014-04-15,10.28,8.1454,4.09,0.0,53.3
2014-04-16,12.51,6.3847,3.74,0.0,71.01
2014-04-17,16.4,3.0144,3.43,0.53,82.79
2014-04-18,18.21,7.3639,2.92,0.01,71.52
2014-04-19,19.43,6.899,2.64,0.0,75.41
2014-04-20,20.76,7.1479,2.96,0.0,71.78
2014-04-21,22.07,4.5982,3.0,0.0,78.61
2014-04-22,23.31,4.9433,2.17,0.0,72.85
2014-04-23,23.09,6.1754,3.1,0.01,73.42
2014-04-24,24.21,4.9399,3.78,0.0,75.35
2014-04-25,24.04,6.5215,2.31,0.0,67.82
2014-04-26,24.39,3.6696,4.89,0.0,76.28
2014-04-27,26.45,5.1631,6.14,0.22,73.89
2014-04-28,25.67,7.1762,3.04,0.1,56.03
2014-04-29,22.11,7.1431,4.5,0.0,56.02
2014-04-30,17.16,7.4422,4.23,0.0,49.18
2014-05-01,17.2,4.7218,2.41,0.0,50.52
2014-05-02,18.89,5.7377,2.4,0.0,45.37
2014-05-03,21.74,8.1648,3.95,0.0,48.65
2014-05-04,22.49,8.3707,4.13,0.0,56.3
2014-05-05,22.47,8.2906,4.52,0.0,62.57
2014-05-06,23.39,7.223,5.23,0.0,65.96
2014-05-07,24.35,4.6714,5.51,0.12,71.16
2014-05-08,24.07,1.884,5.78,3.23,85.21
2014-05-09,25.29,3.0386,3.7,10.61,80.33
2014-05-10,25.78,6.2789,4.43,0.42,73.54
2014-05-11,27.05,4.9783,5.95,0.33,72.84
2014-05-12,25.67,2.5678,5.52,48.2,82.97
2014-05-13,18.84,2.7432,4.55,39.02,89.53
2014-05-14,16.22,6.2374,5.78,3.67,73.22
2014-05-15,17.64,8.3114,1.93,0.0,62.08
2014-05-16,19.64,8.34,4.25,0.0,67.17
2014-05-17,21.5,8.1254,5.11,0.0,69.63
2014-05-18,23.18,7.4798,3.99,0.0,70.7
2014-05-19,23.79,7.027,4.62,0.0,73.34
2014-05-20,25.03,7.1935,4.88,0.0,72.59
2014-05-21,25.13,7.6248,4.15,0.0,71.08
2014-05-22,25.3,7.6265,3.31,0.0,71.09
2014-05-23,24.94,5.923,3.33,0.0,70.75
2014-05-24,25.85,6.9854,3.35,0.0,69.66
2014-05-25,26.17,6.4752,3.76,0.0,70.6
2014-05-26,23.98,1.4662,3.96,41.5,86.44
2014-05-27,23.84,4.0483,4.35,52.65,91.88
2014-05-28,24.01,5.4053,2.05,18.57,82.46
2014-05-29,24.61,7.0918,2.03,0.21,77.09
2014-05-30,26.09,6.4394,1.46,2.93,77.62
2014-05-31,25.54,5.1586,1.69,8.28,83.76
2014-06-01,25.7,6.8825,2.59,3.23,81.44
2014-06-02,26.44,6.9149,3.59,0.57,81.38
2014-06-03,26.56,6.3319,2.64,0.23,80.41
2014-06-04,26.63,6.7958,2.71,0.01,78.62
2014-06-05,27.39,6.8734,3.66,0.0,76.9
2014-06-06,27.86,7.4042,3.06,0.03,74.83
2014-06-07,28.14,7.5019,3.05,0.0,73.56
2014-06-08,28.07,7.0534,3.63,1.18,72.9
2014-06-09,27.28,3.9698,4.5,18.47,79.11
2014-06-10,25.99,7.8362,3.34,6.49,71.34
2014-06-11,27.24,7.9666,1.93,0.0,70.11
2014-06-12,28.0,6.595,3.14,7.71,79.12
2014-06-13,27.74,6.5645,1.45,2.3,75.51
2014-06-14,27.54,7.2634,3.23,0.03,75.12
2014-06-15,28.23,7.3841,3.95,0.01,73.02
2014-06-16,28.25,7.1734,4.59,0.92,73.88
2014-06-17,28.47,7.464,4.49,0.28,72.03
2014-06-18,28.15,6.7699,4.43,2.77,73.34
2014-06-19,28.57,7.308,3.21,0.34,68.25
2014-06-20,28.39,6.5117,2.43,0.74,68.18
2014-06-21,28.04,6.2426,2.44,0.76,71.4
2014-06-22,27.03,4.6752,3.03,2.15,76.68
2014-06-23,27.99,4.4947,3.56,4.59,73.27
2014-06-24,27.06,3.8609,2.14,9.67,83.35
2014-06-25,25.07,1.6373,2.89,16.83,91.79
2014-06-26,24.89,1.8398,3.38,11.17,92.43
2014-06-27,26.67,5.7727,5.24,3.06,82.32
2014-06-28,27.92,5.0798,5.75,3.73,81.11
2014-06-29,27.78,6.2532,4.69,0.56,81.21
2014-06-30,27.73,7.7784,4.13,0.0,75.55
2014-07-01,27.68,6.5957,2.59,0.37,77.18
2014-07-02,28.2,6.6528,1.73,0.84,73.72
2014-07-03,27.91,6.3281,1.72,5.61,76.2
2014-07-04,26.13,6.4826,1.73,5.24,84.55
2014-07-05,26.68,4.9042,2.39,2.92,77.94
2014-07-06,27.15,5.6458,2.17,1.48,76.75
2014-07-07,27.99,6.7481,2.47,1.63,72.79
2014-07-08,27.6,6.4186,2.61,1.58,77.55
2014-07-09,28.5,7.4177,2.74,0.21,68.06
2014-07-10,28.44,6.1126,2.82,1.23,69.11
2014-07-11,29.02,6.979,2.49,0.15,64.37
2014-07-12,28.92,6.4958,1.86,0.26,65.36
2014-07-13,29.31,6.5863,2.0,3.38,67.69
2014-07-14,28.57,6.2062,2.1,0.98,71.04
2014-07-15,27.21,4.5446,2.15,4.03,74.94
2014-07-16,28.19,4.4839,1.55,2.81,73.31
2014-07-17,27.22,3.2246,3.37,21.27,82.73
2014-07-18,26.88,2.7144,2.12,15.09,85.41
2014-07-19,26.26,4.7894,2.23,0.94,79.91
2014-07-20,28.39,5.1307,1.63,0.59,77.04
2014-07-21,29.92,6.1891,1.86,0.43,72.06
2014-07-22,29.94,6.1488,1.38,0.99,72.48
2014-07-23,29.76,5.5879,1.43,3.78,70.47
2014-07-24,29.42,5.4864,1.5,2.24,71.27
2014-07-25,29.57,6.3247,2.38,0.48,69.64
2014-07-26,30.04,6.4066,3.37,0.41,70.03
2014-07-27,30.46,7.056,3.13,0.02,65.85
2014-07-28,30.71,7.0757,1.87,0.05,63.14
2014-07-29,29.34,4.7714,2.14,3.37,69.27
2014-07-30,29.06,5.9846,2.81,0.22,66.86
2014-07-31,28.55,5.3515,2.39,22.3,76.38
2014-08-01,27.5,5.1439,2.59,9.16,75.76
2014-08-02,26.1,3.9031,2.65,0.01,75.28
2014-08-03,26.91,5.5536,2.27,0.06,73.56
2014-08-04,28.19,6.191,2.17,1.94,72.14
2014-08-05,29.06,6.0518,2.21,0.9,70.66
2014-08-06,29.36,6.2064,2.53,0.52,70.56
2014-08-07,30.08,6.4872,3.2,0.08,69.01
2014-08-08,30.05,6.6305,3.27,0.46,70.4
2014-08-09,29.5,5.5942,2.31,1.39,74.32
2014-08-10,28.97,5.0426,1.93,1.16,75.6
2014-08-11,29.77,6.2964,1.44,4.21,71.55
2014-08-12,29.74,6.5234,2.04,0.02,64.65
2014-08-13,28.0,6.6487,2.51,0.01,56.9
2014-08-14,28.91,6.1063,2.48,0.62,67.78
2014-08-15,30.19,6.2318,1.88,0.18,65.72
2014-08-16,30.59,6.035,3.59,1.44,67.83
2014-08-17,29.42,6.3907,3.83,1.5,72.7
2014-08-18,28.91,4.9985,3.06,1.59,75.55
2014-08-19,28.28,5.2783,3.19,6.38,76.95
2014-08-20,28.12,5.2886,3.19,3.98,79.54
2014-08-21,29.07,6.5681,3.68,0.63,74.11
2014-08-22,29.32,6.5628,2.75,0.02,69.96
2014-08-23,29.2,6.3742,2.49,0.0,70.63
2014-08-24,30.01,6.624,1.87,0.0,65.43
2014-08-25,30.28,5.982,1.76,0.07,64.17
2014-08-26,28.47,5.1895,2.11,0.22,71.91
2014-08-27,29.06,4.6886,3.24,3.18,68.94
2014-08-28,28.53,4.2312,3.36,3.72,76.65
2014-08-29,27.28,3.75,3.11,5.66,82.51
2014-08-30,27.56,3.4154,2.04,3.13,77.97
2014-08-31,26.36,2.2286,3.14,11.87,88.25
2014-09-01,28.02,6.2302,3.01,1.98,82.11
2014-09-02,28.25,6.1003,3.61,1.27,80.27
2014-09-03,28.38,6.2654,3.11,0.68,78.0
2014-09-04,28.08,5.5334,2.63,1.39,81.1
2014-09-05,28.28,5.2006,2.19,2.8,79.86
2014-09-06,28.4,5.3652,1.65,3.05,76.55
2014-09-07,26.92,3.4747,1.22,15.9,84.18
2014-09-08,27.97,5.959,1.55,1.28,75.88
2014-09-09,28.67,6.0751,2.67,0.11,72.8
2014-09-10,29.41,6.3194,3.77,0.09,73.38
2014-09-11,29.76,6.3329,2.25,0.41,72.09
2014-09-12,27.46,3.007,1.87,10.66,83.63
2014-09-13,23.36,2.4686,4.04,3.06,80.34
2014-09-14,23.91,2.453,2.61,0.05,76.6
2014-09-15,27.12,5.6938,2.0,0.32,76.62
2014-09-16,27.15,3.5714,2.08,11.38,84.96
2014-09-17,26.46,3.3914,1.61,19.35,87.29
2014-09-18,25.26,1.9279,1.81,35.39,93.71
2014-09-19,24.36,2.8966,2.37,30.29,95.33
2014-09-20,25.65,5.3618,2.9,1.11,85.77
2014-09-21,26.44,6.2141,2.14,0.02,75.99
2014-09-22,25.82,5.5486,2.4,0.4,72.66
2014-09-23,21.3,6.0545,2.82,0.0,70.82
2014-09-24,21.58,5.119,2.42,0.0,74.07
2014-09-25,22.27,2.3052,3.86,1.15,84.31
2014-09-26,23.21,4.373,2.46,0.64,84.15
2014-09-27,23.23,3.1937,2.54,0.41,82.29
2014-09-28,24.69,4.555,2.43,1.19,81.65
2014-09-29,25.59,5.0741,2.01,0.03,79.52
2014-09-30,26.14,4.375,1.85,0.82,82.09
2014-10-01,27.25,5.1948,2.67,0.66,81.6
2014-10-02,27.21,5.1281,4.07,20.92,88.01
2014-10-03,22.24,6.0838,3.57,4.72,71.45
2014-10-04,17.94,6.2779,2.47,0.23,62.88
2014-10-05,20.54,5.9316,2.96,0.0,73.26
2014-10-06,23.88,4.0397,3.05,9.73,88.19
2014-10-07,25.54,5.467,2.74,0.22,84.2
2014-10-08,25.81,4.6301,2.91,1.07,83.95
2014-10-09,25.49,5.544,2.98,0.09,80.54
2014-10-10,26.29,4.8072,3.93,1.73,82.4
2014-10-11,23.69,3.2719,3.19,5.72,84.43
2014-10-12,22.84,3.9802,2.92,4.56,83.57
2014-10-13,22.06,2.0002,5.79,23.97,79.13
2014-10-14,16.85,6.0322,3.5,0.0,63.73
2014-10-15,19.4,5.91,2.31,0.0,56.68
2014-10-16,19.77,5.8046,3.13,0.0,75.25
2014-10-17,21.44,5.1422,2.81,0.0,81.7
2014-10-18,22.89,4.8158,1.9,0.04,76.72
2014-10-19,21.23,4.7177,2.79,0.01,76.65
2014-10-20,20.37,4.9548,2.4,0.01,74.8
2014-10-21,20.29,5.3438,2.57,0.03,68.17
2014-10-22,21.1,5.1338,2.57,0.0,75.21
2014-10-23,19.03,4.133,2.2,0.01,70.53
2014-10-24,19.33,5.167,2.12,0.0,72.88
2014-10-25,21.33,5.1874,1.54,0.0,67.19
2014-10-26,20.49,5.2354,2.77,0.0,73.81
2014-10-27,22.47,4.4722,4.03,0.02,75.25
2014-10-28,22.59,4.0241,2.27,0.01,76.08
2014-10-29,22.46,3.9991,2.24,0.37,77.96
2014-10-30,19.33,4.5307,2.24,0.0,63.64
2014-10-31,17.99,4.6831,3.81,0.14,57.96
2014-11-01,12.14,5.2087,2.87,0.0,57.26
2014-11-02,13.56,4.3913,3.76,0.0,66.99
2014-11-03,20.81,3.6982,4.43,0.02,72.27
2014-11-04,21.94,2.4797,3.85,3.39,82.06
2014-11-05,21.33,1.477,2.33,22.1,91.24
2014-11-06,16.44,0.9775,3.79,4.36,83.78
2014-11-07,14.09,3.1474,2.4,0.0,62.24
2014-11-08,15.63,3.8794,2.07,0.03,67.1
2014-11-09,13.61,4.9457,2.26,0.0,67.79
2014-11-10,17.25,4.4834,4.52,0.0,77.35
2014-11-11,14.98,1.6195,4.88,1.04,71.33
2014-11-12,8.66,2.3623,5.49,1.87,57.02
2014-11-13,4.36,2.2606,5.53,3.84,51.51
2014-11-14,4.14,2.8622,2.42,0.01,50.35
2014-11-15,9.01,1.3265,3.74,7.23,74.37
2014-11-16,11.97,0.8734,4.41,10.82,89.45
2014-11-17,4.06,4.5763,5.49,0.01,54.86
2014-11-18,5.47,4.6589,2.12,0.0,54.35
2014-11-19,10.26,3.1315,3.06,0.02,77.67
2014-11-20,15.1,2.6674,3.44,3.84,89.88
2014-11-21,18.04,1.1957,4.68,11.22,92.97
2014-11-22,18.04,1.217,5.02,26.95,93.21
2014-11-23,19.02,4.2118,4.71,1.59,78.77
2014-11-24,10.99,4.165,3.78,0.0,67.77
2014-11-25,10.14,3.7255,2.9,0.0,58.46
2014-11-26,11.35,4.3512,3.64,0.0,69.54
2014-11-27,10.32,4.3219,2.7,0.0,66.47
2014-11-28,12.66,3.1898,3.26,0.0,85.48
2014-11-29,17.54,3.4015,4.57,0.0,85.49
2014-11-30,18.93,2.9741,4.21,0.2,85.86
2014-12-01,13.63,1.223,3.88,4.61,87.77
2014-12-02,9.8,1.781,2.61,0.39,76.73
2014-12-03,13.81,2.5334,1.69,0.07,88.13
2014-12-04,16.18,1.5919,2.58,0.6,89.76
2014-12-05,20.09,2.4346,3.49,2.75,92.96
2014-12-06,17.48,1.5384,3.26,1.04,87.01
2014-12-07,12.78,1.1736,2.54,0.01,82.95
2014-12-08,11.11,3.8964,2.6,0.0,79.55
2014-12-09,12.28,3.8902,1.76,0.0,72.46
2014-12-10,12.24,2.8104,1.87,0.01,81.92
2014-12-11,15.66,2.1881,2.68,0.6,86.89
2014-12-12,16.17,3.3893,3.01,0.09,85.24
2014-12-13,16.6,2.7305,3.52,0.24,88.39
2014-12-14,19.15,2.557,4.77,0.59,88.07
2014-12-15,18.72,2.5903,4.18,0.53,76.22
2014-12-16,10.5,3.9202,3.54,0.0,62.66
2014-12-17,11.25,2.0076,3.26,0.64,81.73
2014-12-18,15.92,1.4122,2.52,10.39,92.33
2014-12-19,11.97,0.8069,4.03,60.71,95.26
2014-12-20,11.3,0.918,2.8,0.27,87.61
2014-12-21,11.46,2.2171,1.81,0.01,86.28
2014-12-22,15.01,2.861,3.75,0.11,90.13
2014-12-23,10.48,1.4016,4.33,3.2,88.17
2014-12-24,6.59,3.1709,3.89,0.0,71.11
2014-12-25,9.23,3.7798,4.04,0.0,77.11
2014-12-26,17.28,1.5,4.68,0.85,90.41
2014-12-27,15.27,0.9324,4.41,9.99,91.03
2014-12-28,4.97,0.6569,3.71,20.2,91.76
2014-12-29,6.93,1.7978,1.5,0.15,83.81
2014-12-30,8.44,1.615,3.22,0.16,85.87
2014-12-31,4.98,0.9312,3.86,0.43,79.65
2015-01-01,5.63,0.9449,2.99,7.58,91.85
2015-01-02,9.21,0.9341,2.17,12.27,94.22
2015-01-03,9.58,1.3032,2.36,13.97,88.36
2015-01-04,5.3,3.5081,4.66,0.02,77.18
2015-01-05,3.42,3.8954,2.31,0.0,67.09
2015-01-06,8.2,3.6994,1.82,0.0,71.3
2015-01-07,8.2,2.179,4.55,0.0,74.59
2015-01-08,1.49,3.397,2.09,0.09,66.96
2015-01-09,2.59,0.6979,3.26,2.67,88.27
2015-01-10,2.95,0.7829,3.15,6.9,81.03
2015-01-11,5.61,0.8626,2.22,17.4,95.24
2015-01-12,6.95,1.2413,3.38,0.48,92.37
2015-01-13,6.4,1.1587,3.42,0.38,87.56
2015-01-14,5.19,1.1623,2.47,0.53,85.77
2015-01-15,5.76,3.0346,2.95,0.44,81.15
2015-01-16,7.78,4.0764,1.54,0.0,69.08
2015-01-17,9.12,4.0853,2.86,0.0,85.85
2015-01-18,10.32,4.2341,2.52,0.0,71.07
2015-01-19,10.83,4.4069,2.85,0.0,85.68
2015-01-20,13.94,4.2557,2.67,0.01,85.23
2015-01-21,14.26,1.525,3.24,1.03,90.46
2015-01-22,9.87,0.5026,5.91,40.5,93.25
2015-01-23,5.07,0.9946,4.74,2.5,87.8
2015-01-24,6.26,4.5749,2.96,0.01,78.5
2015-01-25,9.39,4.5497,3.84,0.0,75.65
2015-01-26,10.0,4.1863,3.06,0.0,75.17
2015-01-27,14.62,4.465,2.36,0.0,68.65
2015-01-28,14.31,4.6438,2.86,0.0,77.83
2015-01-29,16.17,3.9706,3.1,0.01,85.73
2015-01-30,10.78,4.026,3.29,0.0,77.26
2015-01-31,11.36,2.5639,4.37,0.33,89.49
2015-02-01,16.4,3.109,5.02,0.64,82.08
2015-02-02,4.41,4.2041,4.55,0.0,62.25
2015-02-03,5.23,0.9595,1.58,3.12,83.27
2015-02-04,10.74,2.3933,1.31,4.34,85.9
2015-02-05,7.66,1.171,4.17,1.39,88.78
2015-02-06,8.35,2.7182,1.69,0.09,85.15
2015-02-07,11.87,4.3942,3.64,0.01,85.74
2015-02-08,16.72,3.7171,4.29,0.0,88.22
2015-02-09,16.2,5.1194,2.91,0.0,78.65
2015-02-10,13.91,5.2433,2.93,0.0,80.01
2015-02-11,14.76,4.8926,2.66,0.0,85.47
2015-02-12,11.77,5.0093,3.61,0.0,81.33
2015-02-13,10.65,4.7011,2.2,0.0,76.23
2015-02-14,14.54,5.0302,2.92,0.0,80.57
2015-02-15,15.87,2.0786,3.45,0.89,91.83
2015-02-16,10.44,1.0363,5.83,4.82,85.07
2015-02-17,4.33,4.1978,3.9,0.21,69.87
2015-02-18,8.11,5.6306,2.24,0.0,65.32
2015-02-19,9.99,4.853,3.32,0.0,78.99
2015-02-20,16.79,2.0501,6.55,0.47,86.53
2015-02-21,19.59,2.173,5.13,0.84,88.49
2015-02-22,16.25,3.3007,2.94,0.65,90.04
2015-02-23,4.7,0.7858,4.98,0.94,81.69
2015-02-24,3.8,1.5391,2.91,0.29,75.58
2015-02-25,4.89,3.3809,3.26,2.66,84.17
2015-02-26,5.07,5.2128,3.8,0.01,80.28
2015-02-27,4.46,1.3524,2.72,0.02,78.17
2015-02-28,7.48,1.7028,3.71,0.99,84.78
2015-03-01,13.6,2.0263,2.78,4.97,92.52
2015-03-02,11.82,2.4046,2.54,0.86,89.69
2015-03-03,18.02,3.1865,3.96,0.36,89.1
2015-03-04,18.86,3.331,4.87,3.53,86.34
2015-03-05,3.85,3.6869,6.78,4.09,71.46
2015-03-06,4.72,6.0744,2.81,0.0,64.62
2015-03-07,8.43,3.599,1.96,2.25,69.16
2015-03-08,10.05,0.8719,2.13,26.59,93.46
2015-03-09,14.19,1.1412,3.42,59.99,97.43
2015-03-10,11.9,1.8631,2.54,0.2,92.06
2015-03-11,12.77,1.7326,3.1,2.2,90.23
2015-03-12,14.69,1.6766,3.29,14.44,92.4
2015-03-13,15.75,2.5766,2.8,2.59,87.74
2015-03-14,16.38,5.5795,3.1,0.23,82.65
2015-03-15,15.75,4.5797,1.99,0.0,83.01
2015-03-16,18.57,3.0029,2.2,0.0,83.96
2015-03-17,19.68,4.1527,1.91,0.33,87.33
2015-03-18,19.95,4.4717,2.73,4.82,88.91
2015-03-19,20.52,3.3451,2.43,4.09,90.09
2015-03-20,21.21,3.4075,1.76,7.45,88.04
2015-03-21,19.15,0.9658,1.95,35.66,95.71
2015-03-22,17.77,4.2586,3.27,0.12,85.22
2015-03-23,17.66,6.8573,2.36,0.0,79.67
2015-03-24,18.26,6.5282,2.87,0.01,85.13
2015-03-25,18.73,5.8058,3.39,0.06,84.21
2015-03-26,15.78,4.962,5.03,1.72,82.15
2015-03-27,14.63,7.2034,2.95,0.0,69.48
2015-03-28,17.03,7.1143,3.36,0.0,76.6
2015-03-29,19.14,6.5902,4.81,0.0,84.22
2015-03-30,20.93,5.898,3.35,0.0,83.56
2015-03-31,20.9,5.3904,3.48,0.0,84.57
2015-04-01,21.22,3.312,3.65,2.65,89.29
2015-04-02,22.55,4.6176,4.67,0.43,86.26
2015-04-03,23.49,3.0166,3.7,0.36,85.57
2015-04-04,16.74,4.0039,4.17,0.2,76.53
2015-04-05,18.26,2.4127,2.88,1.65,92.3
2015-04-06,21.97,4.1081,4.14,0.07,88.72
2015-04-07,22.72,5.545,4.18,0.01,85.35
2015-04-08,23.13,4.2626,4.4,0.0,86.14
2015-04-09,23.95,4.242,5.06,0.08,84.74
2015-04-10,20.35,1.4023,2.75,8.69,93.3
2015-04-11,19.06,2.1641,2.23,4.67,91.18
2015-04-12,21.84,3.1394,2.91,12.35,93.08
2015-04-13,23.49,6.5477,2.12,5.69,85.57
2015-04-14,21.19,2.3191,1.75,8.82,88.58
2015-04-15,20.49,5.3369,1.77,0.19,81.24
2015-04-16,21.5,3.1632,2.78,42.67,94.09
2015-04-17,22.64,4.0274,2.98,26.65,90.83
2015-04-18,22.41,1.9728,1.51,9.99,87.82
2015-04-19,22.24,7.147,3.07,5.95,85.1
2015-04-20,16.49,5.4334,3.52,0.01,71.46
2015-04-21,19.0,7.3174,3.23,0.0,78.11
2015-04-22,21.63,3.8378,2.67,0.29,87.5
2015-04-23,24.01,4.6678,1.83,0.5,88.31
2015-04-24,24.21,3.4337,3.59,3.83,89.65
2015-04-25,24.85,5.5241,2.32,12.1,85.52
2015-04-26,23.03,3.8635,2.76,7.18,87.34
2015-04-27,23.64,3.5297,2.85,9.26,90.05
2015-04-28,17.42,3.5155,4.45,0.14,84.65
2015-04-29,16.05,7.8929,3.54,0.81,75.94
2015-04-30,19.22,8.1317,1.94,0.0,65.38
2015-05-01,20.55,6.5362,1.64,0.0,68.24
2015-05-02,20.1,7.2367,2.51,0.0,75.59
2015-05-03,20.54,6.6134,2.89,0.0,78.6
2015-05-04,21.55,7.1875,3.51,0.0,79.58
2015-05-05,22.89,4.8967,5.13,3.12,84.92
2015-05-06,24.06,5.3808,4.7,3.27,85.04
2015-05-07,24.78,3.7476,4.63,1.26,86.82
2015-05-08,25.4,4.2456,4.69,0.19,86.71
2015-05-09,25.76,4.8151,6.0,0.07,84.5
2015-05-10,25.54,3.7488,6.22,6.49,85.69
2015-05-11,24.41,4.1618,2.85,8.62,89.46
2015-05-12,23.11,2.4466,2.81,64.69,92.35
2015-05-13,22.9,2.5454,3.12,8.52,94.29
2015-05-14,24.93,4.6406,3.13,6.09,87.53
2015-05-15,24.01,2.3868,3.3,10.81,91.78
2015-05-16,25.44,5.8226,4.37,1.15,85.95
2015-05-17,25.25,3.1229,3.89,17.73,93.88
2015-05-18,24.52,4.5406,2.37,12.35,92.66
2015-05-19,25.0,5.2421,3.49,1.2,88.21
2015-05-20,26.01,5.5512,2.57,3.74,86.9
2015-05-21,24.24,3.102,2.07,8.66,89.27
2015-05-22,22.86,4.0644,3.59,1.64,87.16
2015-05-23,24.63,5.4698,4.02,13.08,91.87
2015-05-24,23.92,3.6197,4.65,9.81,92.33
2015-05-25,24.72,5.1766,4.39,58.92,92.31
2015-05-26,25.14,4.6954,4.05,40.62,91.29
2015-05-27,24.51,6.3139,2.36,11.25,93.75
2015-05-28,25.47,6.2203,2.62,3.88,88.12
2015-05-29,25.18,5.3011,2.33,3.95,90.52
2015-05-30,25.42,6.3218,1.32,22.9,85.51
2015-05-31,23.78,6.5558,2.61,2.76,83.09
2015-06-01,24.21,7.428,1.97,0.0,74.44
2015-06-02,25.8,6.9386,1.05,0.0,72.06
2015-06-03,25.48,6.7447,1.79,0.0,77.22
2015-06-04,25.71,6.6859,1.93,0.0,77.44
2015-06-05,26.26,6.6689,1.7,0.01,77.33
2015-06-06,26.72,6.8033,1.68,0.0,76.5
2015-06-07,26.47,7.4801,2.09,0.0,77.34
2015-06-08,26.56,6.5794,1.67,0.0,77.2
2015-06-09,26.95,6.1973,1.98,0.4,79.2
2015-06-10,27.21,6.96,2.18,0.18,78.89
2015-06-11,27.14,6.8004,2.81,0.26,81.74
2015-06-12,27.51,6.7903,3.36,2.65,82.15
2015-06-13,26.27,5.075,3.93,18.26,90.65
2015-06-14,26.64,6.3775,3.63,9.5,87.17
2015-06-15,26.63,5.0623,3.91,6.85,88.56
2015-06-16,25.44,1.6471,7.74,37.37,92.28
2015-06-17,25.93,2.1199,6.34,42.29,94.44
2015-06-18,26.23,4.2799,2.62,9.44,91.43
2015-06-19,26.38,4.9082,1.93,2.39,88.72
2015-06-20,26.25,6.15,2.36,3.36,90.61
2015-06-21,26.22,5.4682,2.78,1.1,89.48
2015-06-22,26.17,4.7273,2.39,0.02,86.18
2015-06-23,26.59,5.7312,1.84,0.22,83.13
2015-06-24,27.11,6.9379,1.6,0.14,79.57
2015-06-25,27.35,6.6478,2.04,0.84,80.97
2015-06-26,27.36,6.199,2.54,1.75,86.24
2015-06-27,26.91,5.9374,2.76,7.7,88.37
2015-06-28,26.38,3.8849,2.38,12.67,89.56
2015-06-29,26.49,5.0462,2.63,2.29,88.63
2015-06-30,26.3,4.6003,2.3,11.69,88.28
2015-07-01,25.68,3.6854,2.71,12.89,84.37
2015-07-02,26.78,6.7805,3.25,1.23,84.74
2015-07-03,27.33,6.5364,2.56,0.58,84.3
2015-07-04,26.81,6.1231,2.69,1.85,89.36
2015-07-05,27.12,6.9017,3.12,0.58,86.62
2015-07-06,27.19,6.5719,3.87,0.04,86.14
2015-07-07,27.42,6.5417,4.06,0.08,85.56
2015-07-08,27.41,7.2905,4.11,0.04,82.15
2015-07-09,27.26,7.38,2.97,0.01,82.37
2015-07-10,27.51,7.3642,2.04,0.01,79.56
2015-07-11,27.77,7.2514,2.08,0.09,80.95
2015-07-12,27.92,7.3822,2.38,0.14,80.11
2015-07-13,27.77,7.7614,2.68,0.15,79.55
2015-07-14,27.46,7.8574,2.78,0.0,79.63
2015-07-15,27.6,7.6942,2.63,0.0,79.74
2015-07-16,28.08,7.2684,2.53,0.0,80.39
2015-07-17,28.26,7.0889,2.63,0.26,81.38
2015-07-18,28.43,7.355,2.65,0.07,80.73
2015-07-19,28.23,7.4014,2.21,0.17,78.51
2015-07-20,28.14,6.9365,2.44,0.1,77.97
2015-07-21,28.37,6.6972,2.59,0.11,79.25
2015-07-22,28.34,6.9775,3.08,0.32,80.75
2015-07-23,28.29,7.6181,2.98,0.14,79.45
2015-07-24,28.47,7.4606,2.29,0.0,78.04
2015-07-25,28.82,7.1846,2.31,0.0,76.15
2015-07-26,29.13,7.2578,2.18,0.0,74.67
2015-07-27,29.33,6.8482,2.34,0.34,72.95
2015-07-28,29.43,7.6195,2.52,0.07,70.33
2015-07-29,30.0,7.2451,1.52,0.16,67.46
2015-07-30,30.29,6.1565,2.53,0.6,69.08
2015-07-31,29.95,6.702,2.48,1.52,66.86
2015-08-01,28.77,7.6426,2.74,0.01,60.98
2015-08-02,29.38,7.7412,1.87,0.0,59.63
2015-08-03,29.58,6.5858,2.34,0.03,65.38
2015-08-04,30.0,6.0773,2.55,0.79,68.85
2015-08-05,30.67,6.7025,3.25,0.81,68.95
2015-08-06,30.92,7.1621,3.76,0.18,65.98
2015-08-07,31.04,7.2979,3.26,0.0,67.73
2015-08-08,31.04,7.1906,3.07,0.0,66.58
2015-08-09,30.69,7.596,2.43,0.0,64.02
2015-08-10,31.56,7.3404,2.27,0.0,62.11
2015-08-11,31.19,7.0416,2.29,3.01,62.05
2015-08-12,31.17,6.8962,1.59,8.16,64.07
2015-08-13,31.81,6.2306,1.54,1.02,65.05
2015-08-14,31.03,6.6466,1.79,0.97,63.97
2015-08-15,29.89,6.4992,2.78,0.42,64.44
2015-08-16,28.07,5.3482,2.18,4.64,73.49
2015-08-17,28.08,6.1718,1.71,2.34,71.61
2015-08-18,29.21,6.2009,3.47,1.23,71.69
2015-08-19,28.38,4.7069,3.11,6.2,82.53
2015-08-20,26.75,0.8712,2.25,36.06,93.81
2015-08-21,25.99,4.7239,1.97,10.77,91.1
2015-08-22,27.68,5.064,2.52,2.7,86.21
2015-08-23,28.0,6.4882,1.63,1.39,83.47
2015-08-24,29.53,6.6197,1.77,0.23,74.69
2015-08-25,28.86,4.3466,1.22,8.1,78.06
2015-08-26,26.94,6.9497,1.99,1.73,68.76
2015-08-27,26.59,6.721,1.76,0.0,63.8
2015-08-28,26.84,6.3199,1.98,0.0,67.85
2015-08-29,26.81,6.9223,2.17,0.0,65.93
2015-08-30,26.08,5.5363,1.83,0.0,65.41
2015-08-31,26.32,2.8063,2.13,0.23,78.88
2015-09-01,24.83,2.9902,2.41,13.03,89.23
2015-09-02,25.5,5.6827,2.99,2.78,83.57
2015-09-03,27.23,5.688,2.61,3.23,80.96
2015-09-04,28.27,5.255,2.03,4.45,80.09
2015-09-05,28.42,4.1782,2.24,7.09,81.77
2015-09-06,29.04,6.2724,1.97,2.41,75.33
2015-09-07,29.1,5.6779,2.1,0.97,74.71
2015-09-08,28.82,6.1255,2.16,0.55,72.79
2015-09-09,27.83,3.8376,1.59,1.25,78.8
2015-09-10,26.83,3.1222,1.92,17.34,85.1
2015-09-11,25.23,1.1645,2.02,30.46,92.75
2015-09-12,24.32,6.3046,2.96,0.68,71.06
2015-09-13,20.87,6.9014,2.98,0.0,64.82
2015-09-14,22.67,5.6671,3.23,0.32,75.88
2015-09-15,26.84,6.0002,3.63,1.44,82.84
2015-09-16,26.94,5.8092,3.04,0.19,80.07
2015-09-17,27.03,6.115,2.43,0.06,77.86
2015-09-18,26.64,6.2155,2.42,0.04,76.19
2015-09-19,26.28,6.4889,1.97,0.01,72.65
2015-09-20,26.44,6.2482,2.04,0.02,70.65
2015-09-21,27.1,5.8205,2.03,0.14,72.06
2015-09-22,27.3,6.0636,2.24,0.06,70.21
2015-09-23,25.71,6.5191,2.19,0.0,61.57
2015-09-24,26.23,5.2975,2.46,0.0,65.78
2015-09-25,27.29,5.2879,1.9,0.65,66.15
2015-09-26,26.05,4.9913,2.0,0.27,65.81
2015-09-27,22.85,1.9831,2.58,2.85,84.24
2015-09-28,22.76,3.3286,3.02,8.57,89.91
2015-09-29,25.8,4.885,2.91,1.45,77.39
2015-09-30,26.27,5.6256,2.74,0.03,68.37
2015-10-01,24.73,5.9465,2.92,0.0,63.28
2015-10-02,21.07,6.2256,3.66,0.0,50.73
2015-10-03,19.96,6.1673,2.48,0.0,57.96
2015-10-04,20.65,5.9002,2.7,0.0,62.94
2015-10-05,21.79,5.6954,2.62,0.0,68.65
2015-10-06,24.69,5.6158,1.93,0.0,63.54
2015-10-07,25.87,4.9838,1.46,0.0,68.19
2015-10-08,25.48,3.5954,1.65,0.0,74.38
2015-10-09,26.02,3.6684,1.47,0.06,72.77
2015-10-10,24.26,5.4007,2.93,0.0,62.17
2015-10-11,24.31,5.3878,2.42,0.0,68.08
2015-10-12,26.92,4.9234,3.64,0.0,73.7
2015-10-13,26.49,5.2939,2.84,0.07,56.07
2015-10-14,23.78,5.8246,2.65,0.0,45.46
2015-10-15,24.05,5.7617,2.55,0.0,65.14
2015-10-16,24.36,5.5601,2.57,0.0,63.27
2015-10-17,21.39,5.172,3.56,0.0,45.81
2015-10-18,18.83,5.4137,3.32,0.0,43.06
2015-10-19,18.74,5.4674,2.93,0.0,51.34
2015-10-20,22.71,3.0293,3.7,1.6,82.68
2015-10-21,24.52,3.468,4.38,0.33,80.84
2015-10-22,24.64,3.1596,5.2,5.67,87.81
2015-10-23,25.18,2.2788,4.67,4.03,88.43
2015-10-24,22.99,0.8107,5.14,92.06,93.4
2015-10-25,17.96,1.1772,8.27,64.3,92.39
2015-10-26,17.72,3.6494,6.25,0.24,81.23
2015-10-27,18.91,5.0066,2.99,0.05,80.07
2015-10-28,19.35,4.9198,3.94,0.0,80.6
2015-10-29,19.31,4.4297,2.47,0.0,83.59
2015-10-30,22.04,1.3404,6.05,12.35,91.66
2015-10-31,23.26,1.5444,4.18,59.06,96.21
2015-11-01,18.14,1.4952,2.79,21.36,92.66
2015-11-02,18.56,4.1698,1.85,0.19,85.98
2015-11-03,19.39,4.3003,1.92,0.06,88.17
2015-11-04,21.23,3.4464,2.99,0.03,89.56
2015-11-05,24.05,3.4224,3.77,0.22,90.21
2015-11-06,23.45,3.0619,1.43,3.2,88.73
2015-11-07,18.53,0.8482,4.73,12.51,92.27
2015-11-08,14.91,4.4045,3.89,0.3,82.31
2015-11-09,16.94,4.3358,1.42,0.0,77.04
2015-11-10,19.12,2.4814,2.54,0.01,87.68
2015-11-11,23.89,2.6462,4.95,2.92,89.5
2015-11-12,15.97,2.9938,3.85,0.4,69.68
2015-11-13,13.92,3.2136,3.33,0.22,74.36
2015-11-14,13.95,4.0678,3.21,0.0,73.83
2015-11-15,15.97,3.9391,3.22,0.07,81.11
2015-11-16,20.42,2.2368,4.22,1.56,95.48
2015-11-17,18.44,0.8827,5.28,47.76,90.15
2015-11-18,13.33,4.5533,2.32,0.01,76.22
2015-11-19,15.68,4.4148,2.22,0.0,80.49
2015-11-20,15.2,3.6065,3.0,0.03,84.45
2015-11-21,13.97,1.8526,4.97,7.78,80.91
2015-11-22,6.52,4.6337,3.1,0.0,67.35
2015-11-23,8.67,4.4906,1.92,0.0,70.13
2015-11-24,13.05,3.2318,3.37,0.0,87.01
2015-11-25,18.78,2.9825,4.19,0.0,90.94
2015-11-26,20.67,1.8605,4.89,0.8,93.66
2015-11-27,20.94,1.8113,3.16,4.39,95.29
2015-11-28,11.25,1.157,3.66,9.43,93.97
2015-11-29,10.66,1.2091,3.01,2.63,90.41
2015-11-30,11.68,1.7578,2.51,0.86,89.28
2015-12-01,11.34,1.3538,2.58,1.01,90.46
2015-12-02,10.47,2.2231,3.07,0.07,80.39
2015-12-03,8.62,4.2115,2.76,0.0,80.36
2015-12-04,7.98,4.2154,2.62,0.04,81.16
2015-12-05,8.88,3.9314,1.84,0.01,76.63
2015-12-06,12.06,3.9821,1.94,0.0,82.1
2015-12-07,13.05,3.9739,1.63,0.0,81.3
2015-12-08,13.41,3.7337,2.66,0.0,87.36
2015-12-09,15.61,3.8194,2.82,0.0,86.23
2015-12-10,18.36,2.9575,4.2,0.01,90.71
2015-12-11,21.07,2.797,4.7,0.0,90.1
2015-12-12,21.74,1.2067,6.49,18.21,95.08
2015-12-13,15.33,0.558,5.71,46.03,91.49
2015-12-14,12.38,4.1134,3.06,0.02,82.14
2015-12-15,17.24,2.3926,4.04,1.99,90.7
2015-12-16,14.05,2.6866,4.15,5.54,77.19
2015-12-17,9.27,4.0193,2.87,0.0,69.97
2015-12-18,7.79,4.0639,2.91,0.0,72.07
2015-12-19,8.45,3.9005,3.22,0.0,81.61
2015-12-20,15.62,1.7153,4.46,0.13,91.15
2015-12-21,19.45,1.3135,3.01,3.82,96.9
2015-12-22,18.2,2.3551,3.25,0.32,93.87
2015-12-23,21.11,3.4368,3.82,0.2,80.6
2015-12-24,20.09,1.7671,2.75,0.06,91.84
2015-12-25,22.57,2.1811,3.03,0.47,91.53
2015-12-26,23.29,1.585,6.84,1.19,90.91
2015-12-27,19.35,0.9166,8.18,31.16,91.43
2015-12-28,5.51,3.6538,5.32,0.02,72.31
2015-12-29,7.23,1.699,1.82,0.3,82.24
2015-12-30,10.46,1.2192,3.29,0.74,86.0
2015-12-31,9.68,1.8264,3.83,0.76,82.98
2016-01-01,7.53,1.0932,4.21,0.76,79.64
2016-01-02,6.49,0.8162,2.35,2.14,84.66
2016-01-03,8.28,3.4625,2.84,0.07,80.06
2016-01-04,6.96,4.1604,2.74,0.1,81.23
2016-01-05,5.09,3.5014,3.06,0.0,83.3
2016-01-06,9.34,1.3675,3.57,22.39,94.07
2016-01-07,15.41,2.6966,2.2,5.56,88.42
2016-01-08,14.39,1.9757,2.34,8.23,92.92
2016-01-09,9.56,3.9578,5.65,1.43,80.3
2016-01-10,4.04,4.2626,3.4,0.0,74.58
2016-01-11,5.91,1.8823,1.94,0.0,77.56
2016-01-12,9.16,4.0968,1.53,0.0,73.96
2016-01-13,9.78,4.0529,1.95,0.0,80.78
2016-01-14,11.82,1.4323,2.41,0.24,95.08
2016-01-15,12.93,4.2979,3.22,0.04,79.58
2016-01-16,8.42,0.8364,3.69,4.25,90.02
2016-01-17,6.22,4.3637,2.35,0.0,73.77
2016-01-18,8.59,4.3632,1.64,0.0,75.35
2016-01-19,12.12,3.6559,3.83,0.01,83.68
2016-01-20,14.11,1.872,2.48,0.09,87.4
2016-01-21,14.42,2.6597,6.29,2.94,85.54
2016-01-22,4.9,4.5115,6.11,0.0,70.43
2016-01-23,5.18,4.6512,2.12,0.0,72.32
2016-01-24,10.37,3.961,3.88,0.0,81.56
2016-01-25,16.8,2.5303,3.25,1.79,89.0
2016-01-26,11.51,1.2281,4.82,5.97,80.87
2016-01-27,7.39,2.7989,3.93,0.0,75.29
2016-01-28,8.17,4.8,3.04,0.0,68.84
2016-01-29,11.44,4.7976,3.55,0.0,76.22
2016-01-30,14.96,4.3939,4.45,0.0,86.28
2016-01-31,18.33,3.2011,4.34,0.09,88.94
2016-02-01,18.03,3.2686,4.75,0.05,88.25
2016-02-02,15.87,2.857,3.93,0.01,69.76
2016-02-03,8.44,4.8792,4.65,0.0,67.15
2016-02-04,6.01,5.2342,3.54,0.0,68.6
2016-02-05,6.54,5.0086,3.04,0.02,71.15
2016-02-06,7.84,4.9694,3.77,2.38,79.04
2016-02-07,8.79,5.1756,2.26,0.14,79.99
2016-02-08,8.43,5.2068,5.09,0.0,62.18
2016-02-09,8.06,5.2848,3.67,0.0,65.01
2016-02-10,10.38,5.2106,2.88,0.0,69.72
2016-02-11,14.5,5.2277,4.33,0.0,80.47
2016-02-12,16.91,5.0669,2.51,0.0,78.11
2016-02-13,14.85,3.4577,3.42,0.0,84.61
2016-02-14,17.15,3.547,4.67,0.06,82.99
2016-02-15,16.89,4.3637,4.26,0.44,80.04
2016-02-16,15.25,5.413,3.02,0.0,68.17
2016-02-17,13.35,5.5097,3.1,0.0,70.99
2016-02-18,15.53,5.4418,4.5,0.0,83.67
2016-02-19,18.38,5.2378,4.4,0.0,83.72
2016-02-20,18.83,3.6718,3.91,0.0,85.2
2016-02-21,19.14,2.2248,2.45,2.77,88.33
2016-02-22,18.19,2.0659,1.57,24.26,91.46
2016-02-23,15.06,3.9773,7.34,19.7,81.67
2016-02-24,9.64,6.0218,5.57,0.0,65.65
2016-02-25,11.22,6.03,3.59,0.0,63.34
2016-02-26,10.07,5.8138,2.18,0.0,62.75
2016-02-27,12.71,5.7386,2.24,0.0,72.72
2016-02-28,15.35,4.447,3.85,0.0,83.31
2016-02-29,18.57,3.8455,3.2,0.03,85.62
2016-03-01,19.1,2.9206,3.96,0.05,83.94
2016-03-02,15.08,4.6354,4.37,0.0,73.94
2016-03-03,19.62,3.0394,4.84,0.01,77.32
2016-03-04,14.83,6.3461,2.72,0.0,70.28
2016-03-05,15.61,6.1956,2.26,0.0,78.35
2016-03-06,16.07,5.1938,4.31,0.0,82.16
2016-03-07,19.09,3.2633,6.4,0.02,84.09
2016-03-08,20.92,1.3452,6.56,9.22,91.75
2016-03-09,20.93,1.1021,3.75,52.26,96.77
2016-03-10,21.99,2.7734,2.59,49.17,89.77
2016-03-11,19.11,5.5457,3.12,2.68,82.85
2016-03-12,18.09,5.6894,3.17,4.1,83.72
2016-03-13,19.27,6.0442,4.31,0.03,82.08
2016-03-14,19.73,6.4649,3.82,0.0,82.07
2016-03-15,22.02,5.55,4.14,0.0,86.43
2016-03-16,20.48,3.341,3.05,0.0,84.64
2016-03-17,21.57,3.318,2.36,0.13,88.97
2016-03-18,21.67,4.9272,2.08,2.97,87.77
2016-03-19,13.92,4.7258,6.2,0.59,73.96
2016-03-20,9.63,7.0601,4.88,0.0,62.0
2016-03-21,9.78,7.1736,2.35,0.0,67.64
2016-03-22,15.2,4.6589,5.13,0.0,79.0
2016-03-23,20.17,2.7955,6.43,6.79,83.82
2016-03-24,15.06,6.5875,4.98,9.56,72.33
2016-03-25,13.35,7.0692,2.48,0.0,73.92
2016-03-26,16.96,4.8389,2.31,0.0,84.13
2016-03-27,19.16,4.8742,3.57,0.0,82.18
2016-03-28,16.63,6.4147,2.64,0.0,76.41
2016-03-29,20.06,1.4926,3.64,0.49,88.78
2016-03-30,22.03,1.6747,5.13,0.98,91.9
2016-03-31,23.01,4.3097,3.66,0.88,81.73
2016-04-01,16.04,2.7401,5.13,0.94,69.99
2016-04-02,13.77,7.3279,3.84,0.0,66.78
2016-04-03,15.8,7.403,1.64,0.0,59.96
2016-04-04,17.92,7.4028,2.39,0.0,67.34
2016-04-05,18.17,7.4242,2.99,0.0,72.58
2016-04-06,18.28,4.4069,3.77,0.01,74.24
2016-04-07,19.45,7.4887,2.13,0.0,52.4
2016-04-08,18.58,6.7625,3.04,0.0,58.71
2016-04-09,18.0,5.082,3.72,0.1,71.34
2016-04-10,20.82,4.8199,5.02,0.28,79.07
2016-04-11,23.41,2.724,4.74,1.26,83.24
2016-04-12,22.82,3.2669,2.46,5.85,81.7
2016-04-13,20.55,2.3282,2.51,21.3,87.57
2016-04-14,19.82,5.7622,2.93,0.18,82.82
2016-04-15,20.13,6.6722,1.97,0.0,76.85
2016-04-16,21.89,2.803,5.9,1.35,84.43
2016-04-17,22.64,2.688,6.26,41.06,88.61
2016-04-18,22.25,1.7438,3.17,83.74,92.27
2016-04-19,22.45,4.8998,2.0,10.02,89.7
2016-04-20,22.51,4.9591,1.69,10.02,88.26
2016-04-21,22.04,3.0869,1.52,19.58,88.93
2016-04-22,20.77,7.4006,2.91,0.47,76.62
2016-04-23,20.76,7.5355,2.12,0.0,69.78
2016-04-24,19.59,3.3365,3.25,4.73,86.5
2016-04-25,23.9,6.2177,3.85,2.62,86.14
2016-04-26,24.35,4.8463,4.89,4.64,85.74
2016-04-27,25.02,6.7284,2.3,10.3,84.11
2016-04-28,24.29,4.219,3.64,0.13,86.18
2016-04-29,24.92,4.435,5.67,11.05,86.93
2016-04-30,25.62,6.0458,2.91,14.31,89.57
2016-05-01,24.06,3.6401,2.81,6.51,88.94
2016-05-02,19.13,2.7274,4.9,2.6,85.52
2016-05-03,17.82,7.6579,3.67,0.14,74.57
2016-05-04,19.02,8.0522,2.92,0.0,71.95
2016-05-05,20.19,7.9949,3.14,0.0,70.67
2016-05-06,20.5,8.1394,2.11,0.0,70.63
2016-05-07,20.71,7.9147,3.43,0.0,74.14
2016-05-08,21.26,3.2162,4.36,0.04,81.56
2016-05-09,24.03,4.2612,6.28,0.54,81.48
2016-05-10,24.79,6.4975,3.99,0.88,85.67
2016-05-11,24.71,6.3929,3.58,0.25,83.85
2016-05-12,25.99,6.1606,1.41,0.92,79.92
2016-05-13,25.59,5.995,1.83,5.07,81.84
2016-05-14,24.69,5.5862,1.33,30.36,86.49
2016-05-15,22.83,2.7629,2.44,16.19,90.63
2016-05-16,21.49,2.0194,4.93,7.58,93.71
2016-05-17,24.2,5.2056,1.51,2.41,83.3
2016-05-18,23.79,4.6435,2.07,1.01,85.76
2016-05-19,21.12,1.008,3.28,32.21,92.43
2016-05-20,22.68,7.2926,2.26,1.1,83.26
2016-05-21,23.44,4.4863,2.21,8.68,91.75
2016-05-22,24.53,5.8258,3.08,2.74,89.92
2016-05-23,24.8,4.5749,3.44,0.12,86.99
2016-05-24,26.07,5.0275,4.28,0.05,85.92
2016-05-25,26.9,6.0785,4.51,0.01,86.28
2016-05-26,25.99,2.677,5.32,70.1,91.17
2016-05-27,24.89,3.5575,5.43,74.93,94.33
2016-05-28,25.75,7.8766,3.21,4.07,86.91
2016-05-29,25.26,6.3847,2.61,0.0,85.7
2016-05-30,24.4,4.3654,1.82,0.09,86.08
2016-05-31,24.96,6.065,2.55,4.04,86.14
2016-06-01,24.74,5.0304,2.71,12.84,88.36
2016-06-02,24.25,3.294,3.51,40.57,94.77
2016-06-03,24.24,5.0198,1.52,21.82,89.18
2016-06-04,22.38,3.5724,3.91,13.92,94.64
2016-06-05,24.01,5.2337,3.52,8.89,87.38
2016-06-06,25.69,6.3523,1.76,2.36,82.48
2016-06-07,26.77,6.7872,1.75,0.17,78.41
2016-06-08,25.98,6.3254,2.11,0.24,78.67
2016-06-09,26.14,5.0369,2.62,1.23,80.84
2016-06-10,26.62,6.7985,2.63,0.93,83.76
2016-06-11,27.35,6.6605,2.57,1.15,84.38
2016-06-12,26.84,2.5181,2.84,10.94,91.54
2016-06-13,27.33,6.1565,2.98,5.79,87.37
2016-06-14,27.6,6.6653,3.29,0.11,86.14
2016-06-15,28.1,7.7789,3.43,0.0,82.06
2016-06-16,28.28,7.8598,2.97,0.0,83.42
2016-06-17,28.19,7.7642,2.43,0.0,81.51
2016-06-18,27.65,6.8861,1.72,1.79,83.62
2016-06-19,26.68,6.7675,1.96,5.55,84.29
2016-06-20,27.99,6.7054,1.47,4.34,77.98
2016-06-21,28.03,5.2478,1.26,3.44,79.37
2016-06-22,27.53,5.8332,2.85,1.42,82.38
2016-06-23,27.0,7.4359,2.67,0.01,79.14
2016-06-24,27.22,6.6046,2.53,0.13,81.94
2016-06-25,27.46,6.9108,2.58,1.69,85.9
2016-06-26,28.41,6.3958,1.86,0.66,78.26
2016-06-27,29.03,6.846,0.95,1.2,75.12
2016-06-28,27.88,4.9481,1.99,8.97,82.72
2016-06-29,27.13,6.6235,1.92,1.81,83.88
2016-06-30,27.86,6.7423,2.51,0.22,79.26
2016-07-01,28.11,6.5062,1.87,0.08,78.39
2016-07-02,27.83,7.2977,2.76,0.04,82.44
2016-07-03,28.37,7.5665,4.52,0.01,81.08
2016-07-04,28.64,7.3819,4.95,0.0,80.99
2016-07-05,28.36,7.087,3.97,0.0,83.08
2016-07-06,28.09,7.5204,4.39,0.0,83.48
2016-07-07,28.52,7.6157,4.46,0.0,81.78
2016-07-08,28.65,7.6078,3.45,1.09,80.15
2016-07-09,28.75,7.0555,3.09,0.59,78.82
2016-07-10,27.92,5.333,3.46,0.56,80.95
2016-07-11,28.0,7.6111,4.33,0.0,76.11
2016-07-12,28.48,7.7064,3.94,0.0,77.46
2016-07-13,28.8,7.529,3.64,0.0,79.83
2016-07-14,28.62,7.4083,3.24,0.0,79.83
2016-07-15,28.4,7.2794,2.78,0.01,78.61
2016-07-16,28.14,7.4729,2.47,0.01,75.38
2016-07-17,28.3,6.7433,2.52,1.05,74.98
2016-07-18,28.66,6.1582,1.94,2.39,77.24
2016-07-19,28.74,5.3494,2.61,2.84,78.67
2016-07-20,29.34,6.9408,2.05,1.45,73.48
2016-07-21,29.47,7.4563,2.02,0.17,67.76
2016-07-22,29.99,7.2017,2.17,0.01,67.51
2016-07-23,30.05,7.2274,2.52,0.02,68.12
2016-07-24,30.42,6.5153,2.47,0.24,68.38
2016-07-25,29.55,4.5247,1.72,10.97,71.36
2016-07-26,27.77,4.0877,1.66,23.65,83.62
2016-07-27,27.17,4.015,2.76,13.01,85.91
2016-07-28,27.25,3.6871,2.25,8.81,86.26
2016-07-29,27.89,6.7786,2.06,4.68,79.56
2016-07-30,27.89,6.8328,2.14,1.34,81.7
2016-07-31,27.77,5.8968,2.31,0.67,83.45
2016-08-01,28.49,7.051,2.45,0.04,75.28
2016-08-02,28.46,6.6454,1.9,0.38,76.84
2016-08-03,29.35,6.6041,2.03,0.2,74.85
2016-08-04,29.25,6.4913,2.04,0.01,73.6
2016-08-05,29.16,6.1471,1.96,0.12,73.33
2016-08-06,29.93,6.7399,2.31,0.05,70.16
2016-08-07,30.21,6.5146,2.46,0.2,67.86
2016-08-08,30.18,6.619,2.13,0.06,67.43
2016-08-09,30.39,6.3545,2.34,0.54,68.92
2016-08-10,30.53,6.0046,2.43,0.8,70.16
2016-08-11,30.74,5.6383,2.82,0.65,70.03
2016-08-12,30.31,5.5814,3.3,0.29,68.7
2016-08-13,28.14,4.9176,2.47,23.39,83.99
2016-08-14,26.22,4.001,1.7,40.51,89.96
2016-08-15,26.7,3.5976,1.95,10.3,88.02
2016-08-16,25.79,2.274,2.59,28.85,95.43
2016-08-17,25.48,2.7946,2.48,22.33,92.7
2016-08-18,26.58,2.9935,1.52,7.15,87.16
2016-08-19,26.92,4.0404,2.38,7.06,87.74
2016-08-20,27.18,5.7038,2.81,6.25,85.15
2016-08-21,26.8,3.4318,1.58,17.44,87.62
2016-08-22,26.44,3.3905,2.13,10.36,90.31
2016-08-23,27.35,6.2095,2.72,2.43,86.4
2016-08-24,27.53,6.1102,2.47,0.92,84.53
2016-08-25,26.89,5.0537,1.68,0.38,84.5
2016-08-26,25.8,4.3762,1.81,2.8,88.28
2016-08-27,25.68,4.5857,1.87,2.0,86.18
2016-08-28,25.93,3.9823,2.75,8.76,89.7
2016-08-29,25.42,3.3274,3.42,5.38,91.13
2016-08-30,26.72,5.111,2.35,2.95,82.14
2016-08-31,27.82,5.1866,2.24,1.87,79.74
2016-09-01,28.26,6.3485,2.41,0.01,78.47
2016-09-02,27.46,5.7487,2.37,3.2,79.68
2016-09-03,26.99,6.1442,2.16,0.92,79.62
2016-09-04,27.08,5.4403,2.44,4.53,83.35
2016-09-05,27.09,5.3458,2.58,4.02,87.66
2016-09-06,27.64,6.305,2.7,0.37,82.15
2016-09-07,27.72,5.4077,2.43,2.94,83.08
2016-09-08,27.83,5.8409,2.43,0.67,80.81
2016-09-09,26.64,4.7316,1.98,2.6,85.72
2016-09-10,25.89,3.7834,1.72,4.99,87.9
2016-09-11,26.45,6.1265,2.39,1.27,79.8
2016-09-12,27.03,5.6011,1.73,1.33,81.15
2016-09-13,26.99,4.722,2.25,2.68,83.91
2016-09-14,27.37,5.4454,2.49,1.1,81.9
2016-09-15,27.38,5.9052,2.65,0.09,80.83
2016-09-16,27.47,4.3632,1.95,2.08,82.69
2016-09-17,28.19,5.2538,1.28,0.25,78.62
2016-09-18,28.17,5.5769,1.88,0.05,81.26
2016-09-19,28.69,5.9052,1.84,0.09,78.02
2016-09-20,28.24,5.0753,1.81,1.07,79.61
2016-09-21,27.31,5.6268,1.91,0.0,73.58
2016-09-22,27.57,5.267,2.79,0.59,78.01
2016-09-23,27.24,3.8066,2.77,6.83,82.7
2016-09-24,26.21,3.7531,2.7,8.91,88.3
2016-09-25,25.78,2.8198,1.55,16.81,89.4
2016-09-26,24.67,4.0778,2.12,8.35,88.14
2016-09-27,23.52,3.9854,2.72,0.34,83.89
2016-09-28,23.98,5.9431,1.74,0.0,74.28
2016-09-29,21.43,6.3254,3.16,0.0,67.74
2016-09-30,20.35,6.318,1.77,0.0,66.25
2016-10-01,21.16,4.0874,1.34,0.0,65.88
2016-10-02,22.26,5.7106,2.17,0.0,72.46
2016-10-03,22.71,5.4007,2.69,0.0,77.6
2016-10-04,24.9,5.4098,3.07,0.08,79.74
2016-10-05,26.9,5.0746,2.6,0.13,81.56
2016-10-06,26.25,4.1674,2.91,2.02,83.15
2016-10-07,25.29,5.455,2.95,0.26,74.53
2016-10-08,23.25,5.5733,3.67,0.01,67.57
2016-10-09,19.53,5.8399,3.06,0.0,54.26
2016-10-10,19.15,5.9002,2.19,0.66,66.59
2016-10-11,23.69,3.6058,2.82,2.33,85.05
2016-10-12,25.94,4.9142,3.38,0.06,75.74
2016-10-13,25.81,5.0198,2.41,2.04,76.51
2016-10-14,25.19,4.1638,2.21,1.13,78.22
2016-10-15,25.68,5.1314,3.11,0.04,75.87
2016-10-16,26.17,5.1026,3.29,0.0,76.55
2016-10-17,26.83,5.1144,3.74,0.0,77.46
2016-10-18,26.96,5.1638,3.78,0.0,75.86
2016-10-19,26.27,4.3171,2.94,1.34,80.41
2016-10-20,23.46,2.8877,3.04,3.94,79.03
2016-10-21,17.84,5.549,3.43,0.0,56.83
2016-10-22,16.68,5.574,2.6,0.0,59.42
2016-10-23,19.61,4.2422,2.86,0.0,70.15
2016-10-24,22.57,4.1604,2.44,0.0,72.95
2016-10-25,21.8,4.231,2.3,0.0,76.6
2016-10-26,22.15,5.0167,2.31,0.0,70.58
2016-10-27,21.98,4.9169,2.29,0.0,73.17
2016-10-28,22.64,4.9531,2.49,0.0,73.82
2016-10-29,23.37,4.0699,2.68,0.0,79.56
2016-10-30,22.6,4.9409,2.24,0.0,74.82
2016-10-31,22.46,4.3999,2.74,0.0,78.12
2016-11-01,23.9,2.6446,3.39,2.68,83.21
2016-11-02,24.75,3.4805,3.02,2.12,82.38
2016-11-03,24.43,3.6372,1.96,2.41,84.61
2016-11-04,23.86,3.4553,0.93,1.74,83.74
2016-11-05,21.02,3.713,2.42,0.93,75.91
2016-11-06,20.29,2.5726,2.99,34.66,80.5
2016-11-07,21.65,2.7941,2.83,3.89,87.86
2016-11-08,19.2,1.26,2.76,0.97,88.91
2016-11-09,19.63,2.1158,3.49,0.27,80.91
2016-11-10,16.33,3.0907,2.59,0.0,68.94
2016-11-11,17.12,3.4658,2.56,0.01,63.54
2016-11-12,19.02,3.9086,2.27,0.0,74.93
2016-11-13,15.77,1.9438,1.97,0.0,73.18
2016-11-14,17.81,4.2276,2.3,0.0,76.32
2016-11-15,19.89,4.4678,2.39,0.0,63.36
2016-11-16,19.3,4.4546,2.6,0.0,64.86
2016-11-17,20.99,4.0013,4.44,0.01,79.19
2016-11-18,18.73,1.8257,3.65,6.65,81.43
2016-11-19,10.44,4.6831,4.47,0.0,50.72
2016-11-20,9.33,4.5943,2.39,0.01,61.6
2016-11-21,14.6,4.2557,3.06,0.0,79.32
2016-11-22,20.17,3.168,4.52,1.53,85.39
2016-11-23,17.55,3.2854,3.48,15.2,77.92
2016-11-24,15.13,4.1184,2.22,0.02,79.57
2016-11-25,16.97,2.2188,2.01,1.61,83.36
2016-11-26,15.93,3.4932,2.41,0.21,79.48
2016-11-27,16.8,2.9974,4.52,0.32,79.45
2016-11-28,21.34,2.6969,5.19,3.48,73.1
2016-11-29,20.04,2.6652,3.01,0.56,78.19
2016-11-30,13.59,4.0104,4.18,0.0,55.27
2016-12-01,10.69,3.6526,2.96,0.0,58.86
2016-12-02,12.25,1.2132,4.93,8.37,76.44
2016-12-03,12.5,1.0356,3.65,50.68,97.16
2016-12-04,9.97,0.8578,4.03,14.3,93.72
2016-12-05,11.02,0.8167,3.21,25.42,92.94
2016-12-06,11.05,3.9545,2.75,0.04,87.73
2016-12-07,12.03,1.675,2.05,1.09,91.1
2016-12-08,7.89,1.3831,6.46,1.28,74.33
2016-12-09,4.28,3.3415,3.21,0.0,62.51
2016-12-10,6.29,2.2279,3.34,0.0,74.5
2016-12-11,18.37,2.0856,5.32,0.45,93.0
2016-12-12,17.76,1.9135,2.12,0.17,88.32
2016-12-13,17.72,2.1749,2.84,0.06,89.79
2016-12-14,13.59,1.517,2.85,0.01,86.84
2016-12-15,10.01,3.3917,3.13,0.01,79.29
2016-12-16,16.22,1.0865,4.43,0.3,91.77
2016-12-17,21.64,2.1067,5.75,0.91,90.03
2016-12-18,1.81,2.2656,7.69,0.04,49.61
2016-12-19,1.7,3.5976,4.27,0.03,56.33
2016-12-20,6.61,3.3718,1.46,0.0,57.22
2016-12-21,12.3,3.6326,2.89,0.0,72.96
2016-12-22,15.09,1.9742,2.17,0.23,84.78
2016-12-23,18.67,2.2171,3.66,2.02,93.1
2016-12-24,20.73,2.7214,4.13,0.65,90.2
2016-12-25,21.21,2.4055,5.67,0.36,89.27
2016-12-26,21.92,2.8181,3.72,0.62,89.62
2016-12-27,21.21,2.4194,1.04,0.51,86.35
2016-12-28,20.89,2.6803,3.03,0.28,88.79
2016-12-29,14.58,3.2102,4.7,0.01,65.37
2016-12-30,9.82,1.4071,2.75,0.02,59.29
2016-12-31,15.23,1.5185,2.28,7.93,95.09
2017-01-01,17.67,2.2332,1.95,1.95,93.96
2017-01-02,18.36,3.3432,3.97,17.75,84.48
2017-01-03,13.81,3.8818,3.88,0.06,73.44
2017-01-04,7.34,2.5034,3.3,0.0,72.41
2017-01-05,9.81,1.2936,3.3,0.03,75.17
2017-01-06,0.32,0.649,6.37,2.63,68.87
2017-01-07,-2.69,4.3956,4.03,0.0,64.46
2017-01-08,0.76,4.0774,2.78,0.0,73.22
2017-01-09,11.05,2.1874,4.01,0.13,92.58
2017-01-10,17.79,2.4487,4.93,0.06,90.5
2017-01-11,18.97,2.8109,5.5,0.01,88.5
2017-01-12,19.59,3.5527,4.12,0.15,88.06
2017-01-13,19.12,2.9095,3.69,0.41,88.74
2017-01-14,17.99,2.791,3.25,0.53,90.76
2017-01-15,18.7,1.9442,5.19,12.44,91.12
2017-01-16,20.28,2.8822,4.93,11.92,90.18
2017-01-17,17.5,1.3459,2.19,38.7,96.89
2017-01-18,16.94,1.2857,2.15,17.22,92.93
2017-01-19,13.88,1.9291,2.45,17.79,92.34
2017-01-20,16.82,3.2359,2.39,16.88,89.08
2017-01-21,18.4,3.4459,3.01,1.85,87.78
2017-01-22,14.0,4.4558,7.66,0.21,61.3
2017-01-23,12.35,4.5828,3.1,0.0,70.39
2017-01-24,16.74,4.2881,4.92,0.02,87.34
2017-01-25,16.25,2.5368,4.47,0.11,75.03
2017-01-26,8.5,3.5287,3.48,0.0,64.06
2017-01-27,6.84,3.3984,3.26,0.0,66.04
2017-01-28,7.61,3.0698,3.39,0.0,66.18
2017-01-29,8.44,4.8698,3.64,0.0,68.79
2017-01-30,12.23,4.8629,3.45,0.0,68.41
2017-01-31,13.73,4.8192,3.53,0.0,82.67
2017-02-01,17.86,3.9578,4.21,0.15,87.9
2017-02-02,15.42,3.1373,3.43,0.31,83.23
2017-02-03,11.38,2.173,3.8,0.0,78.93
2017-02-04,11.14,1.3973,3.24,0.26,83.63
2017-02-05,19.58,2.6582,3.96,0.95,89.5
2017-02-06,19.98,2.6734,4.62,0.07,89.3
2017-02-07,20.98,3.9809,4.04,0.0,78.63
2017-02-08,19.09,3.8069,4.31,0.0,73.69
2017-02-09,12.26,4.7952,3.61,0.0,69.14
2017-02-10,16.6,2.4091,4.21,0.0,89.12
2017-02-11,21.72,3.4697,5.07,0.0,87.17
2017-02-12,21.64,4.2602,2.69,0.06,84.37
2017-02-13,19.33,2.8224,3.18,2.2,88.07
2017-02-14,15.16,2.3611,5.45,23.77,87.9
2017-02-15,10.31,4.578,4.78,0.04,67.85
2017-02-16,10.73,5.2572,2.04,0.0,65.99
2017-02-17,14.05,1.4388,3.07,5.23,88.95
2017-02-18,19.08,4.8888,3.69,0.61,86.31
2017-02-19,20.61,2.8474,5.05,3.5,89.57
2017-02-20,17.59,0.8318,2.57,40.01,92.6
2017-02-21,16.0,5.4838,3.56,0.41,81.42
2017-02-22,16.93,5.7821,2.47,0.0,72.06
2017-02-23,17.68,5.845,4.05,0.0,83.57
2017-02-24,17.89,4.6915,3.83,0.0,76.09
2017-02-25,11.6,5.9597,3.64,0.0,61.55
2017-02-26,15.18,3.2664,4.57,0.05,85.48
2017-02-27,21.28,3.3888,3.74,0.05,87.55
2017-02-28,22.32,3.5998,5.03,0.02,86.38
2017-03-01,19.27,3.9084,4.89,0.01,71.76
2017-03-02,11.62,5.5699,3.77,0.0,59.2
2017-03-03,12.46,5.0362,3.66,0.0,66.03
2017-03-04,13.68,2.0042,3.81,2.44,83.5
2017-03-05,18.19,1.9246,4.88,23.08,93.41
2017-03-06,21.67,3.283,6.22,3.36,88.27
2017-03-07,20.65,3.0994,3.78,4.84,86.65
2017-03-08,16.36,3.5719,3.13,1.98,81.35
2017-03-09,20.2,3.3677,3.36,1.94,89.13
2017-03-10,20.39,2.2147,1.91,3.27,90.94
2017-03-11,18.42,1.4143,3.34,15.08,93.09
2017-03-12,13.47,2.6477,3.96,0.91,84.78
2017-03-13,12.88,3.7296,3.51,0.43,82.9
2017-03-14,11.64,6.6996,1.95,0.0,68.0
2017-03-15,13.01,5.7216,3.39,0.0,81.12
2017-03-16,17.93,3.8021,4.45,0.0,87.14
2017-03-17,20.38,4.6411,4.98,0.0,82.44
2017-03-18,20.9,5.2217,2.55,0.0,83.91
2017-03-19,21.17,5.8884,2.97,0.0,82.97
2017-03-20,20.89,6.6986,3.64,0.0,81.07
2017-03-21,20.55,6.6799,3.74,0.0,80.38
2017-03-22,20.93,6.2052,3.05,0.0,82.44
2017-03-23,21.21,6.8705,5.29,0.0,78.3
2017-03-24,21.78,3.6077,6.76,12.52,83.68
2017-03-25,20.08,6.6156,2.86,2.39,71.35
2017-03-26,21.0,5.7602,4.38,0.21,82.91
2017-03-27,23.26,5.341,3.44,0.11,84.39
2017-03-28,23.34,5.9861,5.61,1.58,84.2
2017-03-29,22.59,3.4423,4.15,26.21,84.82
2017-03-30,17.39,6.8964,3.15,0.01,66.8
2017-03-31,19.2,7.4335,4.1,0.0,77.74
2017-04-01,20.16,4.4585,4.81,0.25,82.0
2017-04-02,22.95,2.7281,4.79,16.68,89.25
2017-04-03,19.2,7.4021,3.36,0.04,72.84
2017-04-04,21.15,7.1676,3.66,0.02,77.95
2017-04-05,16.26,7.5602,5.54,0.06,64.77
2017-04-06,16.85,7.2979,2.01,0.0,54.32
2017-04-07,18.69,7.3346,1.98,0.0,60.96
2017-04-08,19.1,7.2182,4.26,0.0,72.86
2017-04-09,21.39,6.2424,4.92,0.0,78.07
2017-04-10,22.89,2.9254,4.64,0.79,84.88
2017-04-11,21.07,1.6956,2.8,28.1,91.38
2017-04-12,20.99,4.2509,3.12,9.41,87.63
2017-04-13,21.02,6.7176,3.41,0.5,82.13
2017-04-14,20.82,5.8241,3.26,0.78,82.92
2017-04-15,21.83,6.3348,3.08,0.22,82.49
2017-04-16,22.83,5.3902,3.39,0.61,86.64
2017-04-17,22.3,4.5835,2.61,3.85,85.92
2017-04-18,20.69,2.8049,2.92,29.39,94.05
2017-04-19,22.73,6.1721,3.56,1.37,85.33
2017-04-20,23.49,6.5107,2.94,0.2,82.98
2017-04-21,23.8,6.509,4.1,0.0,82.28
2017-04-22,20.66,5.7722,4.73,0.12,76.91
2017-04-23,15.74,7.9469,4.42,0.0,64.81
2017-04-24,18.51,7.9514,2.12,0.0,61.02
2017-04-25,22.71,4.1945,5.4,0.0,81.36
2017-04-26,24.53,4.5612,5.62,0.17,71.36
2017-04-27,19.11,7.9181,3.15,0.0,67.3
2017-04-28,26.03,5.2102,5.76,0.0,80.81
2017-04-29,26.72,2.3496,6.91,1.2,82.86
2017-04-30,18.57,6.5628,4.18,0.21,52.18
2017-05-01,20.9,8.2162,3.37,0.0,52.78
2017-05-02,22.68,7.9949,4.11,0.0,65.31
2017-05-03,24.0,3.1709,4.82,8.86,81.2
2017-05-04,17.83,8.2918,5.5,0.01,53.52
2017-05-05,18.77,8.3479,3.87,0.01,54.45
2017-05-06,21.36,8.153,1.61,0.0,53.14
2017-05-07,22.05,7.8542,3.35,0.0,65.45
2017-05-08,22.93,5.5522,3.94,0.0,68.23
2017-05-09,24.61,5.087,4.38,0.01,71.57
2017-05-10,24.85,4.7556,4.74,0.0,72.7
2017-05-11,24.62,4.7762,3.87,2.34,80.8
2017-05-12,24.25,7.9862,4.31,1.15,65.43
2017-05-13,23.57,8.1238,2.75,0.0,62.34
2017-05-14,24.74,7.451,2.43,0.0,64.95
2017-05-15,24.72,7.783,3.39,0.0,66.25
2017-05-16,25.6,6.7382,5.41,0.0,66.24
2017-05-17,26.3,3.4277,5.49,0.08,71.77
2017-05-18,27.2,6.3341,5.84,0.02,72.95
2017-05-19,27.8,5.2702,5.89,0.76,72.54
2017-05-20,27.4,5.2502,3.43,7.15,75.42
2017-05-21,25.81,4.5,2.36,11.37,81.94
2017-05-22,24.12,3.0828,2.32,35.97,86.14
2017-05-23,22.56,7.4508,2.74,7.83,75.04
2017-05-24,20.63,8.436,3.65,0.01,61.51
2017-05-25,23.73,8.37,4.77,0.0,65.17
2017-05-26,26.63,4.4693,4.89,0.0,79.33
2017-05-27,27.92,6.1202,4.6,0.0,78.95
2017-05-28,27.5,5.2882,3.31,6.77,81.92
2017-05-29,23.45,3.1289,2.12,16.88,88.9
2017-05-30,24.9,6.845,2.6,0.01,78.43
2017-05-31,25.23,5.5668,2.16,5.79,80.83
2017-06-01,25.33,4.7285,3.03,8.67,83.52
2017-06-02,26.07,5.1312,2.55,3.08,82.89
2017-06-03,26.46,6.1675,1.85,10.53,83.75
2017-06-04,25.84,4.3678,1.61,19.44,86.41
2017-06-05,25.04,3.7742,1.21,20.75,84.02
2017-06-06,25.55,6.9492,3.17,1.74,81.61
2017-06-07,26.19,7.8487,3.16,0.01,76.03
2017-06-08,24.98,7.529,1.99,0.0,72.93
2017-06-09,24.84,6.2808,2.41,0.02,73.09
2017-06-10,25.61,6.8813,3.29,0.0,73.58
2017-06-11,27.23,7.1947,3.32,0.21,75.59
2017-06-12,28.14,6.691,3.72,1.62,76.74
2017-06-13,28.39,6.7452,4.65,1.66,74.66
2017-06-14,29.26,7.3874,3.98,0.24,71.99
2017-06-15,29.38,7.3798,3.31,0.02,71.06
2017-06-16,29.43,7.5372,3.82,0.0,69.48
2017-06-17,28.68,6.3163,4.45,0.0,73.22
2017-06-18,28.56,7.0392,3.81,0.0,74.6
2017-06-19,29.23,6.6134,1.62,0.31,68.9
2017-06-20,28.9,6.7116,3.59,0.07,66.78
2017-06-21,26.48,3.6667,5.47,3.32,73.36
2017-06-22,26.52,4.1203,4.77,7.56,81.02
2017-06-23,29.91,7.261,3.85,0.75,71.86
2017-06-24,26.5,3.8364,2.13,26.62,89.88
2017-06-25,26.68,5.6417,2.6,9.57,82.96
2017-06-26,26.81,5.0597,2.57,8.17,80.96
2017-06-27,25.81,4.1438,2.87,5.53,84.98
2017-06-28,26.6,6.5342,3.57,1.54,80.12
2017-06-29,27.99,5.539,3.33,2.33,80.2
2017-06-30,28.46,6.9197,4.42,0.27,78.92
2017-07-01,28.3,6.9103,3.52,0.0,73.03
2017-07-02,28.68,6.6562,3.27,0.0,72.27
2017-07-03,29.22,6.7286,3.31,0.0,73.05
2017-07-04,28.83,7.1002,3.23,0.54,76.02
2017-07-05,29.32,6.803,2.96,0.13,72.01
2017-07-06,29.19,6.6413,1.99,1.38,72.56
2017-07-07,28.62,6.0468,2.02,3.08,73.6
2017-07-08,28.53,6.858,2.05,2.11,72.72
2017-07-09,28.34,6.5597,2.04,9.4,73.4
2017-07-10,26.87,4.9651,1.44,23.29,83.65
2017-07-11,28.0,6.3826,2.51,3.84,80.3
2017-07-12,28.23,6.3979,2.49,3.45,78.21
2017-07-13,29.01,6.3362,1.82,1.59,73.8
2017-07-14,29.08,6.2563,1.67,1.19,73.69
2017-07-15,28.87,4.0145,1.27,18.18,77.16
2017-07-16,27.51,5.7958,1.44,4.9,81.51
2017-07-17,27.82,5.106,1.81,3.06,79.32
2017-07-18,28.28,4.5372,1.73,2.33,77.25
2017-07-19,28.97,6.5542,1.71,1.93,73.65
2017-07-20,29.54,6.871,2.03,1.33,71.98
2017-07-21,29.55,6.299,2.34,2.84,72.7
2017-07-22,28.57,5.3162,2.66,4.83,77.06
2017-07-23,28.34,5.9664,3.15,2.69,76.54
2017-07-24,28.98,6.0972,3.63,0.16,70.49
2017-07-25,28.46,5.1641,3.03,0.09,73.69
2017-07-26,29.09,6.683,2.66,1.58,73.12
2017-07-27,29.68,6.9012,2.43,0.18,68.46
2017-07-28,30.46,7.1093,2.73,0.01,65.4
2017-07-29,30.71,6.6122,2.26,0.63,66.06
2017-07-30,30.0,5.7677,2.1,0.28,67.17
2017-07-31,27.9,7.0704,2.89,0.0,61.17
2017-08-01,29.54,6.2306,2.65,0.05,66.72
2017-08-02,27.79,2.915,1.64,11.17,79.39
2017-08-03,28.47,4.369,1.32,3.56,76.23
2017-08-04,29.12,6.0487,1.55,1.67,73.83
2017-08-05,28.93,4.7467,2.45,8.02,76.46
2017-08-06,29.23,4.0608,4.11,5.7,79.45
2017-08-07,27.41,2.6762,3.49,34.16,92.77
2017-08-08,26.39,4.1213,1.85,39.81,87.44
2017-08-09,27.8,6.1334,1.57,0.33,78.67
2017-08-10,29.19,6.2746,2.0,0.81,77.3
2017-08-11,29.19,6.1939,2.46,1.25,77.33
2017-08-12,29.24,6.859,2.85,0.18,73.86
2017-08-13,29.7,6.8738,3.65,0.0,74.6
2017-08-14,29.83,6.7615,3.86,0.77,72.21
2017-08-15,29.8,6.8006,3.59,0.58,72.08
2017-08-16,29.61,6.3883,4.15,0.05,75.1
2017-08-17,29.84,6.9804,3.29,0.02,71.44
2017-08-18,29.83,6.6209,2.51,0.01,71.42
2017-08-19,30.34,6.4577,2.26,0.01,68.0
2017-08-20,30.18,6.575,2.15,0.06,68.48
2017-08-21,29.79,6.912,2.6,0.44,70.01
2017-08-22,29.84,6.6554,1.99,0.15,67.75
2017-08-23,29.53,5.8042,1.89,3.73,69.57
2017-08-24,29.25,5.268,2.65,2.82,70.39
2017-08-25,25.93,0.9682,6.63,33.56,89.81
2017-08-26,26.65,1.68,9.23,164.31,94.18
2017-08-27,25.95,1.3541,8.48,237.3,95.18
2017-08-28,24.43,0.9595,7.42,131.02,95.28
2017-08-29,22.97,2.2661,8.07,32.22,89.97
2017-08-30,23.58,5.8886,5.82,2.99,84.15
2017-08-31,26.1,6.7661,2.47,2.1,74.3
2017-09-01,26.28,6.2789,1.25,0.0,71.09
2017-09-02,26.41,6.1207,1.47,0.01,76.67
2017-09-03,26.37,5.3974,1.67,0.0,76.97
2017-09-04,26.13,5.6995,1.79,0.0,79.58
2017-09-05,26.69,5.5219,1.03,1.81,80.0
2017-09-06,22.27,5.9575,3.82,0.43,75.34
2017-09-07,20.23,7.0987,2.72,0.0,75.27
2017-09-08,20.8,6.9605,2.59,0.0,74.86
2017-09-09,21.32,6.8573,2.97,0.0,78.72
2017-09-10,21.51,6.7783,3.45,0.0,78.93
2017-09-11,21.16,6.4051,3.36,0.0,74.74
2017-09-12,22.03,6.8462,2.19,0.0,65.0
2017-09-13,23.21,4.6606,2.4,0.0,78.54
2017-09-14,24.78,6.2083,2.77,0.0,81.3
2017-09-15,25.36,5.7886,2.69,0.0,83.54
2017-09-16,25.99,5.9554,1.75,0.0,81.62
2017-09-17,26.34,5.7497,1.52,0.0,81.68
2017-09-18,26.71,4.6102,2.0,12.97,89.03
2017-09-19,26.76,5.5318,2.65,3.26,88.48
2017-09-20,27.41,5.3057,3.27,1.8,87.37
2017-09-21,26.12,2.2759,2.66,10.19,91.64
2017-09-22,25.96,5.819,2.53,0.76,83.23
2017-09-23,25.83,5.6681,2.52,1.36,83.82
2017-09-24,25.6,5.5958,2.84,0.68,84.3
2017-09-25,25.62,5.087,2.88,0.61,84.55
2017-09-26,25.93,4.913,2.25,0.27,83.5
2017-09-27,26.84,4.8511,1.52,0.11,80.87
2017-09-28,26.51,3.8801,1.64,8.45,85.11
2017-09-29,24.95,5.4223,3.22,3.13,80.33
2017-09-30,22.67,5.8781,2.76,0.0,73.06
2017-10-01,23.73,5.5008,1.85,0.02,75.87
2017-10-02,25.33,3.8738,3.0,1.26,87.32
2017-10-03,26.62,2.6333,3.91,19.28,91.66
2017-10-04,25.19,4.9562,3.06,0.75,84.34
2017-10-05,23.99,5.3976,2.35,0.02,81.5
2017-10-06,23.38,5.551,2.04,0.0,76.06
2017-10-07,25.18,4.361,1.87,0.12,78.11
2017-10-08,25.86,5.1439,2.18,0.0,76.96
2017-10-09,26.33,5.2925,2.99,0.04,83.33
2017-10-10,21.88,2.465,4.24,0.32,76.7
2017-10-11,19.89,5.4348,3.29,0.06,70.01
2017-10-12,23.75,5.2778,1.51,0.0,73.51
2017-10-13,25.85,4.9106,1.52,0.0,80.87
2017-10-14,26.22,4.6006,2.43,0.0,81.83
2017-10-15,23.71,4.7431,3.87,0.0,75.19
2017-10-16,17.6,5.6722,4.6,0.0,59.77
2017-10-17,16.2,5.8423,2.64,0.0,65.38
2017-10-18,18.02,5.6578,2.13,0.0,73.79
2017-10-19,21.28,4.4758,3.13,0.54,80.17
2017-10-20,23.01,3.1327,3.79,10.18,90.71
2017-10-21,25.48,4.2271,3.84,2.58,86.73
2017-10-22,20.97,2.9652,3.1,20.14,83.91
2017-10-23,17.6,5.5402,1.54,0.0,61.5
2017-10-24,16.2,5.4742,4.33,0.0,57.72
2017-10-25,14.43,5.5745,2.7,0.0,56.61
2017-10-26,17.34,5.3148,4.08,0.0,68.08
2017-10-27,15.18,2.778,5.29,0.3,65.74
2017-10-28,8.47,5.0165,4.06,0.0,54.78
2017-10-29,11.0,5.335,2.24,0.0,51.8
2017-10-30,16.05,4.7275,2.82,0.01,75.78
2017-10-31,19.39,2.7007,2.62,25.49,89.51
2017-11-01,21.16,2.5445,3.09,13.72,90.29
2017-11-02,24.34,3.5472,4.3,0.08,87.86
2017-11-03,24.67,2.8286,3.04,0.0,86.79
2017-11-04,23.68,3.5028,2.92,0.01,87.33
2017-11-05,24.61,3.9365,4.04,0.0,85.46
2017-11-06,24.47,4.0301,3.56,0.0,84.1
2017-11-07,23.58,3.5038,2.79,0.0,81.78
2017-11-08,14.23,1.7021,4.64,2.18,79.46
2017-11-09,13.38,3.1037,3.47,2.17,83.88
2017-11-10,13.72,3.3737,2.53,0.02,76.79
2017-11-11,15.72,3.9506,2.94,0.0,77.24
2017-11-12,18.1,2.7941,2.48,1.46,82.3
2017-11-13,18.41,3.9106,2.37,0.51,83.24
2017-11-14,18.05,4.2463,2.53,0.0,83.33
2017-11-15,19.69,3.3948,2.54,0.01,84.54
2017-11-16,20.89,2.9496,2.6,0.18,86.42
2017-11-17,22.6,3.7397,4.33,0.03,83.05
2017-11-18,21.03,3.1742,6.48,0.0,68.63
2017-11-19,11.98,4.5823,3.66,0.0,57.99
2017-11-20,11.83,3.6576,2.62,0.0,70.79
2017-11-21,16.22,2.2685,2.35,0.33,88.58
2017-11-22,13.75,4.0939,4.42,0.03,70.51
2017-11-23,10.84,4.4261,1.92,0.0,55.77
2017-11-24,13.4,4.2958,1.94,0.0,56.65
2017-11-25,16.9,3.684,2.61,0.0,80.73
2017-11-26,16.1,4.0582,2.45,0.0,74.0
2017-11-27,13.63,4.2276,2.5,0.0,66.39
2017-11-28,16.26,3.895,3.12,0.0,80.36
2017-11-29,17.08,2.5586,2.27,0.01,78.2
2017-11-30,14.88,3.9934,2.88,0.0,63.86
2017-12-01,14.9,3.9691,2.14,0.0,74.27
2017-12-02,16.21,3.9266,1.86,0.0,79.08
2017-12-03,17.77,1.9666,3.09,23.31,93.44
2017-12-04,21.45,2.6174,4.21,3.47,89.76
2017-12-05,16.5,1.4698,4.74,2.68,83.29
2017-12-06,7.45,0.4898,4.56,17.09,83.23
2017-12-07,5.05,0.7056,4.11,7.78,89.24
2017-12-08,2.11,2.184,3.15,2.62,64.27
2017-12-09,5.14,4.0898,2.9,0.05,71.04
2017-12-10,8.01,4.0728,2.3,0.0,63.68
2017-12-11,9.45,4.1059,2.93,0.0,68.75
2017-12-12,8.46,4.1702,3.89,0.0,63.97
2017-12-13,6.99,2.4398,2.06,0.07,66.39
2017-12-14,10.11,1.7741,2.24,0.0,75.2
2017-12-15,8.76,1.6646,2.94,0.01,63.9
2017-12-16,8.36,1.722,2.84,21.74,78.41
2017-12-17,11.15,1.9534,1.57,2.04,89.96
2017-12-18,15.35,0.9185,1.87,5.6,94.31
2017-12-19,20.54,2.1163,4.04,12.14,92.62
2017-12-20,16.39,3.9144,2.51,0.57,79.78
2017-12-21,16.59,2.2378,3.36,0.02,85.76
2017-12-22,19.36,2.1972,5.02,1.46,90.07
2017-12-23,7.13,3.0192,4.11,0.01,69.7
2017-12-24,8.61,3.7572,3.73,0.0,78.36
2017-12-25,5.59,2.7264,3.45,0.18,73.68
2017-12-26,8.37,1.0332,3.55,8.98,91.74
2017-12-27,5.61,0.8875,4.24,2.7,89.42
2017-12-28,5.87,1.1294,2.47,0.11,77.19
2017-12-29,7.45,2.1732,2.2,0.02,78.0
2017-12-30,12.49,1.4028,1.98,0.41,92.33
2017-12-31,7.28,1.3872,5.05,0.15,78.67
2018-01-01,-0.38,2.5994,4.62,0.0,59.17
2018-01-02,-1.02,1.1266,2.96,0.01,56.01
2018-01-03,-0.12,4.2055,3.07,0.0,60.17
2018-01-04,3.21,3.863,2.19,0.6,65.95
2018-01-05,6.05,2.6323,2.19,0.0,74.37
2018-01-06,7.85,3.8131,2.87,0.0,85.17
2018-01-07,13.14,1.9673,3.76,10.35,94.96
2018-01-08,11.92,3.9298,4.73,0.36,80.03
2018-01-09,9.14,1.9342,1.9,0.0,89.03
2018-01-10,13.44,2.0818,3.27,0.04,89.86
2018-01-11,13.34,1.5739,4.91,12.85,82.11
2018-01-12,2.08,4.4902,6.26,0.0,54.8
2018-01-13,2.28,4.3819,3.33,0.0,66.34
2018-01-14,3.32,4.3118,2.59,0.0,79.14
2018-01-15,9.31,3.4687,3.07,0.91,84.85
2018-01-16,-0.96,0.8561,6.93,2.89,67.35
2018-01-17,-3.58,4.3548,3.44,0.0,64.3
2018-01-18,-0.31,1.4227,1.7,0.32,66.6
2018-01-19,6.32,2.0069,3.39,1.53,87.87
2018-01-20,15.28,2.3376,3.77,2.51,93.86
2018-01-21,18.35,2.1442,5.7,2.63,89.95
2018-01-22,13.01,4.5564,4.73,1.26,64.64
2018-01-23,8.06,4.2048,2.95,0.0,63.49
2018-01-24,9.43,4.4866,2.4,0.0,57.9
2018-01-25,8.58,3.3173,2.73,0.0,69.91
2018-01-26,12.83,2.0129,3.62,2.14,90.5
2018-01-27,15.54,0.9581,1.86,17.86,96.29
2018-01-28,14.43,2.321,3.73,0.09,83.12
2018-01-29,9.21,4.9392,4.24,0.0,67.81
2018-01-30,7.59,4.4983,2.9,0.0,69.91
2018-01-31,11.55,4.6483,3.87,0.0,83.75
2018-02-01,16.3,3.0442,3.69,0.0,83.45
2018-02-02,10.0,2.4763,4.34,0.12,67.18
2018-02-03,10.37,1.5158,3.19,1.41,85.97
2018-02-04,15.65,1.8571,2.23,0.01,87.4
2018-02-05,12.37,1.5242,2.66,0.13,85.35
2018-02-06,16.14,1.9243,2.29,3.19,94.85
2018-02-07,7.07,1.0678,5.79,7.79,81.03
2018-02-08,8.33,2.9218,2.73,0.02,80.29
2018-02-09,15.51,2.4019,2.32,11.28,88.24
2018-02-10,16.91,1.7477,2.88,16.99,91.91
2018-02-11,4.93,1.2108,5.98,0.9,72.61
2018-02-12,5.33,1.6848,3.16,0.06,79.89
2018-02-13,8.63,1.433,1.86,2.92,91.68
2018-02-14,18.41,2.8692,3.41,1.06,90.97
2018-02-15,19.68,3.5858,4.4,0.03,87.15
2018-02-16,19.74,2.9009,2.6,0.04,83.95
2018-02-17,16.88,2.6798,2.13,0.45,85.54
2018-02-18,18.09,3.2222,3.51,0.18,87.32
2018-02-19,20.42,3.4169,6.09,0.67,87.08
2018-02-20,21.66,2.489,5.99,5.95,90.27
2018-02-21,18.86,1.411,2.56,17.34,94.37
2018-02-22,17.42,1.89,2.79,3.59,90.64
2018-02-23,19.88,3.6871,3.12,0.4,87.51
2018-02-24,21.78,2.8766,4.77,2.94,89.72
2018-02-25,18.52,1.4381,3.02,28.91,93.99
2018-02-26,15.02,3.9053,2.99,0.48,84.53
2018-02-27,19.78,3.2707,4.77,0.19,87.24
2018-02-28,22.44,4.0795,5.25,0.11,86.38
2018-03-01,19.23,4.6826,4.01,0.15,82.72
2018-03-02,16.1,4.7261,3.04,0.0,81.11
2018-03-03,16.05,3.144,3.78,0.05,83.03
2018-03-04,19.93,2.5241,4.64,0.23,86.84
2018-03-05,21.17,2.785,3.68,3.44,84.42
2018-03-06,15.07,5.5169,3.84,0.5,58.59
2018-03-07,10.67,6.5746,3.67,0.09,61.21
2018-03-08,10.75,4.4762,2.97,0.0,66.17
2018-03-09,15.8,3.7063,4.15,0.08,77.43
2018-03-10,21.57,4.4158,4.26,0.34,85.72
2018-03-11,19.0,2.0398,4.86,0.07,79.77
2018-03-12,11.69,6.5066,3.92,0.0,68.61
2018-03-13,12.18,6.2501,2.58,0.0,72.04
2018-03-14,12.73,6.3974,2.34,0.0,68.76
2018-03-15,16.27,4.1222,3.98,0.0,81.12
2018-03-16,21.92,3.8071,4.02,0.32,83.3
2018-03-17,21.72,3.6638,2.99,0.16,86.48
2018-03-18,21.81,3.6341,2.18,3.57,88.69
2018-03-19,20.43,5.9621,3.87,0.8,64.38
2018-03-20,13.71,7.0392,4.51,0.0,62.19
2018-03-21,14.48,6.66,2.71,0.0,63.97
2018-03-22,16.37,6.6715,3.71,0.0,72.21
2018-03-23,19.78,6.2052,5.32,0.0,78.05
2018-03-24,22.19,3.0636,4.88,0.0,82.67
2018-03-25,22.4,4.7906,3.84,0.0,81.23
2018-03-26,22.87,5.0935,5.91,0.0,79.92
2018-03-27,23.29,2.6357,5.65,1.69,82.51
2018-03-28,22.25,2.4506,4.85,49.72,91.21
2018-03-29,20.66,6.4075,2.25,31.93,70.31
2018-03-30,17.69,7.0027,3.36,0.05,74.18
2018-03-31,18.45,6.925,3.82,0.0,78.93
2018-04-01,20.44,5.7228,3.63,0.0,83.08
2018-04-02,22.45,5.1031,4.62,0.0,83.93
2018-04-03,23.17,4.4801,4.91,4.89,83.12
2018-04-04,15.79,6.6499,4.95,0.39,60.54
2018-04-05,17.62,3.8093,3.95,0.81,79.49
2018-04-06,22.3,2.8262,4.61,2.79,88.05
2018-04-07,13.92,1.8386,5.64,1.22,82.77
2018-04-08,11.91,2.5534,2.25,0.08,78.22
2018-04-09,15.72,1.8624,2.98,0.39,85.11
2018-04-10,17.16,7.5115,3.59,0.0,69.76
2018-04-11,17.52,7.3315,3.24,0.0,69.01
2018-04-12,20.95,7.0781,5.25,0.0,77.37
2018-04-13,23.48,2.6294,6.24,5.86,85.65
2018-04-14,15.25,3.9497,5.16,11.59,59.41
2018-04-15,12.05,7.9702,4.28,0.0,55.41
2018-04-16,16.71,7.8067,3.1,0.0,57.22
2018-04-17,20.09,7.7825,5.11,0.0,74.12
2018-04-18,21.84,4.6188,3.49,1.21,78.19
2018-04-19,18.46,7.248,4.33,0.02,51.04
2018-04-20,14.93,4.4923,3.71,0.0,67.72
2018-04-21,19.56,2.281,4.44,25.51,88.37
2018-04-22,17.69,6.6535,4.77,2.38,74.87
2018-04-23,17.64,7.8185,3.37,0.0,68.2
2018-04-24,21.75,7.4323,1.72,0.0,64.7
2018-04-25,22.08,6.3732,2.86,0.14,70.88
2018-04-26,17.31,7.9174,3.37,0.05,62.66
2018-04-27,18.85,7.5144,2.7,0.0,65.53
2018-04-28,21.52,7.459,1.51,0.0,56.8
2018-04-29,20.82,7.385,3.11,0.0,66.75
2018-04-30,21.62,4.4544,4.3,0.0,73.44
2018-05-01,23.94,2.7235,5.21,0.16,77.7
2018-05-02,26.01,5.8303,5.97,0.12,74.73
2018-05-03,25.97,5.0182,5.5,0.01,74.02
2018-05-04,25.2,2.9189,2.09,3.93,80.42
2018-05-05,22.97,6.5014,2.84,4.21,71.05
2018-05-06,23.56,8.0525,2.4,0.0,58.19
2018-05-07,25.15,7.7976,1.9,0.0,57.3
2018-05-08,25.26,7.8012,3.46,0.0,58.28
2018-05-09,24.82,7.7602,3.52,0.0,61.38
2018-05-10,24.77,7.7333,3.72,0.0,65.85
2018-05-11,26.31,7.2511,4.49,0.0,69.13
2018-05-12,27.2,6.407,4.18,0.0,70.14
2018-05-13,27.69,7.1954,3.56,0.0,67.83
2018-05-14,27.13,6.509,2.78,0.0,66.02
2018-05-15,27.12,7.6154,2.15,0.0,60.83
2018-05-16,27.32,7.9661,2.35,0.0,57.41
2018-05-17,28.52,7.9994,2.28,0.0,56.23
2018-05-18,28.17,7.8002,4.06,0.0,62.76
2018-05-19,28.24,7.6123,4.95,0.01,65.37
2018-05-20,27.34,5.4254,3.39,21.07,73.78
2018-05-21,25.49,4.0128,1.92,7.57,80.11
2018-05-22,25.72,5.8997,2.0,6.53,76.31
2018-05-23,25.94,4.2137,2.33,5.76,77.63
2018-05-24,26.38,6.5513,2.43,3.25,73.59
2018-05-25,27.66,7.0474,1.37,0.76,69.45
2018-05-26,28.18,7.4134,2.26,2.12,72.65
2018-05-27,28.76,7.1465,1.6,0.81,69.27
2018-05-28,29.62,7.1789,1.29,0.13,65.05
2018-05-29,29.7,7.6243,2.62,0.0,62.89
2018-05-30,29.11,7.6238,3.86,0.0,66.31
2018-05-31,29.75,7.2084,4.53,0.0,66.09
2018-06-01,30.62,7.416,3.77,0.0,64.88
2018-06-02,30.58,7.2458,3.51,0.0,64.11
2018-06-03,29.61,7.2137,1.95,4.86,69.76
2018-06-04,29.74,6.0542,2.11,2.66,66.33
2018-06-05,30.37,7.2946,2.71,0.04,60.99
2018-06-06,29.95,7.0781,2.86,0.23,65.3
2018-06-07,29.9,7.4162,3.1,0.2,64.89
2018-06-08,30.08,7.4542,2.88,0.03,60.01
2018-06-09,29.73,5.4439,2.76,1.26,64.12
2018-06-10,30.31,7.2259,4.4,0.98,63.52
2018-06-11,30.28,6.5374,5.14,0.01,62.95
2018-06-12,29.96,7.5516,4.14,0.02,64.17
2018-06-13,29.94,7.511,3.0,0.09,61.62
2018-06-14,29.59,6.2162,2.58,1.13,60.02
2018-06-15,29.39,7.0759,3.51,1.72,66.23
2018-06-16,29.97,7.2583,4.28,0.38,63.12
2018-06-17,28.81,5.0633,4.48,8.29,72.96
2018-06-18,26.52,3.9922,4.6,7.67,86.55
2018-06-19,25.52,3.3022,4.77,29.65,90.17
2018-06-20,26.04,2.5442,3.55,31.0,93.17
2018-06-21,26.83,3.2582,2.33,4.18,86.03
2018-06-22,28.26,7.0219,3.26,0.08,76.84
2018-06-23,28.67,7.3102,4.59,0.0,75.61
2018-06-24,28.6,7.4575,4.66,0.01,77.04
2018-06-25,28.1,6.7673,3.88,2.34,78.59
2018-06-26,28.57,7.6747,2.86,0.51,74.78
2018-06-27,29.25,7.6116,2.82,0.01,70.98
2018-06-28,29.62,6.7332,3.3,0.08,70.67
2018-06-29,29.63,7.4359,3.78,0.06,69.35
2018-06-30,29.75,7.351,3.81,0.01,66.3
2018-07-01,29.88,7.7446,3.12,0.0,66.16
2018-07-02,30.06,7.6042,2.37,0.0,65.42
2018-07-03,30.38,7.0675,1.94,0.19,64.23
2018-07-04,24.95,1.4182,2.69,49.03,91.98
2018-07-05,27.61,6.1049,1.84,2.41,74.65
2018-07-06,27.98,6.9379,2.23,2.93,74.53
2018-07-07,27.21,5.8145,1.98,7.89,79.58
2018-07-08,26.66,3.2414,1.63,5.88,81.55
2018-07-09,27.1,4.9267,1.72,10.58,80.35
2018-07-10,28.35,6.9038,1.84,0.56,72.56
2018-07-11,28.53,7.098,1.96,0.06,69.32
2018-07-12,28.38,6.9149,2.14,1.82,72.69
2018-07-13,28.36,6.6782,2.24,1.17,74.99
2018-07-14,28.37,6.5453,2.47,0.55,76.91
2018-07-15,28.95,6.7949,2.78,0.25,73.31
2018-07-16,29.23,7.1263,2.77,0.01,68.05
2018-07-17,29.44,7.315,2.91,0.0,66.59
2018-07-18,30.2,7.4117,3.16,0.0,65.22
2018-07-19,30.41,7.1011,2.92,0.0,64.37
2018-07-20,30.8,7.7388,3.08,0.0,62.11
2018-07-21,31.02,6.9924,3.17,0.0,61.51
2018-07-22,30.94,7.4446,3.42,0.0,60.89
2018-07-23,31.33,7.1954,2.78,0.0,60.69
2018-07-24,30.37,6.2069,2.24,0.03,64.9
2018-07-25,30.59,7.4275,1.73,0.0,53.76
2018-07-26,30.42,7.3238,2.14,0.02,52.12
2018-07-27,30.47,7.662,2.61,0.01,53.09
2018-07-28,30.94,7.4854,2.32,0.01,56.27
2018-07-29,31.77,7.2202,2.19,0.16,56.37
2018-07-30,31.56,5.6153,2.24,0.62,61.08
2018-07-31,27.27,2.773,1.96,17.91,81.48
2018-08-01,28.19,7.6618,2.52,0.01,60.53
2018-08-02,28.7,7.2689,1.9,0.0,56.4
2018-08-03,29.21,7.2086,2.66,0.02,60.21
2018-08-04,28.25,5.1216,3.24,4.21,72.25
2018-08-05,28.31,5.7557,2.82,1.21,72.45
2018-08-06,29.15,6.0612,3.06,2.11,70.54
2018-08-07,29.61,5.5738,2.67,1.61,67.92
2018-08-08,29.87,5.706,2.77,2.3,69.24
2018-08-09,29.02,5.827,2.46,1.56,72.72
2018-08-10,28.52,5.7482,2.57,3.36,75.92
2018-08-11,27.69,3.8873,1.97,6.77,78.42
2018-08-12,27.73,4.7952,2.77,5.48,77.43
2018-08-13,28.94,6.803,3.41,0.26,70.19
2018-08-14,29.38,6.5669,3.45,0.02,68.3
2018-08-15,30.32,6.481,3.18,0.42,68.33
2018-08-16,29.7,6.2215,2.73,0.45,72.7
2018-08-17,30.19,6.9343,2.58,0.1,67.94
2018-08-18,30.5,6.6749,2.92,0.01,66.55
2018-08-19,30.25,6.6478,3.96,0.35,66.52
2018-08-20,30.82,5.8997,3.28,1.43,65.45
2018-08-21,31.12,6.6941,2.34,0.4,63.98
2018-08-22,31.2,6.6178,1.97,2.45,60.4
2018-08-23,31.03,6.2189,2.0,0.54,60.54
2018-08-24,30.93,6.4726,2.7,0.0,58.99
2018-08-25,31.19,6.0238,2.73,0.27,60.6
2018-08-26,31.08,5.8027,2.57,0.55,62.7
2018-08-27,29.77,5.6069,2.68,0.97,69.43
2018-08-28,29.6,5.2186,2.99,1.57,71.61
2018-08-29,27.85,2.5428,2.22,5.55,79.44
2018-08-30,28.79,5.7226,2.56,0.97,71.54
2018-08-31,29.8,6.2518,2.52,0.62,65.97
2018-09-01,28.78,5.1286,2.4,1.85,73.56
2018-09-02,27.14,1.7678,1.99,5.3,82.63
2018-09-03,25.99,1.639,2.7,17.97,90.22
2018-09-04,26.29,4.4002,2.93,5.49,88.17
2018-09-05,28.03,4.6699,2.42,1.42,78.29
2018-09-06,28.67,4.279,1.71,3.31,74.71
2018-09-07,28.17,5.1084,2.3,2.39,75.57
2018-09-08,28.52,5.3352,2.26,3.55,74.21
2018-09-09,27.13,2.7569,1.58,7.15,79.15
2018-09-10,24.57,1.7002,2.26,16.75,90.06
2018-09-11,24.73,1.9997,2.99,11.26,88.7
2018-09-12,26.04,3.4104,3.58,7.18,86.38
2018-09-13,25.66,3.3528,3.93,7.72,88.39
2018-09-14,25.44,2.214,3.62,12.21,94.32
2018-09-15,26.83,4.8058,3.46,3.7,82.98
2018-09-16,27.74,5.1768,1.58,0.92,76.73
2018-09-17,28.11,5.5579,1.92,0.1,74.57
2018-09-18,28.09,5.3206,1.91,0.02,75.44
2018-09-19,28.0,5.7115,2.08,0.03,73.34
2018-09-20,26.73,4.0306,2.53,3.38,84.54
2018-09-21,26.68,3.0029,2.52,6.98,90.54
2018-09-22,26.19,2.2094,2.37,22.89,94.83
2018-09-23,24.5,4.5595,2.1,4.76,80.65
2018-09-24,25.28,4.9894,1.99,0.47,78.54
2018-09-25,26.83,4.1935,2.71,5.83,84.87
2018-09-26,26.93,2.9146,1.3,12.45,83.74
2018-09-27,22.66,3.1133,2.79,3.74,85.12
2018-09-28,23.7,3.0794,2.14,1.4,86.61
2018-09-29,23.37,1.5898,2.68,18.07,94.7
2018-09-30,23.24,2.3878,2.55,5.38,92.15
2018-10-01,24.26,3.803,2.33,6.08,89.87
2018-10-02,25.76,4.5936,2.4,2.2,86.36
2018-10-03,26.52,4.9982,2.32,1.03,85.37
2018-10-04,26.79,5.3078,2.0,0.3,84.13
2018-10-05,26.44,5.0926,2.86,0.2,85.17
2018-10-06,26.76,5.3702,2.8,0.54,82.88
2018-10-07,26.57,4.9183,3.71,2.42,85.32
2018-10-08,26.1,4.6246,3.63,2.49,84.71
2018-10-09,25.97,4.4477,3.14,13.05,88.76
2018-10-10,23.42,5.586,2.97,7.33,81.86
2018-10-11,20.11,5.5135,3.0,0.0,75.16
2018-10-12,21.82,5.4706,2.76,0.0,79.03
2018-10-13,25.01,4.6538,4.55,1.56,82.82
2018-10-14,26.36,5.1497,3.58,0.85,82.42
2018-10-15,18.11,1.6457,4.93,25.45,85.18
2018-10-16,15.77,2.1094,3.77,9.88,89.95
2018-10-17,16.55,2.106,3.81,2.3,88.98
2018-10-18,17.89,2.5608,3.84,1.6,82.99
2018-10-19,21.05,2.0858,2.99,14.35,90.15
2018-10-20,19.81,2.4922,4.1,3.84,89.42
2018-10-21,17.11,4.3385,3.64,0.02,73.13
2018-10-22,14.96,2.7955,2.54,0.41,76.52
2018-10-23,15.28,1.739,3.76,8.37,85.52
2018-10-24,17.31,1.0735,4.22,19.19,93.6
2018-10-25,16.99,2.3014,3.47,3.78,86.23
2018-10-26,16.63,4.6466,2.57,0.0,81.4
2018-10-27,18.4,5.1098,2.57,0.0,81.91
2018-10-28,19.34,5.1336,2.92,0.0,83.23
2018-10-29,20.54,4.9706,3.05,0.0,85.44
2018-10-30,22.02,4.1225,3.9,0.08,85.45
2018-10-31,22.59,1.2223,4.13,37.25,94.56
2018-11-01,14.29,4.6994,4.63,22.32,77.6
2018-11-02,13.75,5.0832,2.37,0.0,73.54
2018-11-03,17.37,4.2991,4.37,0.89,79.11
2018-11-04,18.17,3.2014,2.83,12.52,84.61
2018-11-05,22.4,3.4394,4.23,1.06,89.74
2018-11-06,24.44,3.9391,2.09,0.05,89.59
2018-11-07,24.45,3.4668,2.04,2.67,89.57
2018-11-08,20.06,2.107,2.34,5.76,92.81
2018-11-09,12.52,1.0387,6.02,10.03,81.97
2018-11-10,8.97,2.1648,2.9,0.01,71.77
2018-11-11,10.53,1.5775,3.28,6.12,86.25
2018-11-12,9.84,0.7308,5.77,1.71,88.51
2018-11-13,2.8,1.3944,5.86,0.02,72.49
2018-11-14,2.58,4.8722,3.44,0.0,69.54
2018-11-15,6.78,4.4285,1.82,0.0,62.72
2018-11-16,10.06,4.5802,2.4,0.0,75.72
2018-11-17,13.89,3.3146,3.11,0.0,87.83
2018-11-18,12.46,0.9713,3.51,6.93,94.68
2018-11-19,8.58,1.1887,4.18,7.66,90.75
2018-11-20,9.27,4.1453,3.59,0.0,80.85
2018-11-21,9.65,2.7005,2.18,2.44,83.2
2018-11-22,12.15,2.7288,2.07,1.23,84.71
2018-11-23,14.71,2.4845,2.74,0.02,88.21
2018-11-24,15.22,2.279,2.33,0.0,72.43
2018-11-25,15.43,2.5776,4.99,0.02,75.6
2018-11-26,6.98,4.1407,4.62,0.0,65.06
2018-11-27,7.69,3.9845,2.32,0.0,71.57
2018-11-28,13.19,2.0422,3.37,0.0,89.39
2018-11-29,19.15,1.6423,4.55,1.03,94.29
2018-11-30,20.75,3.0938,4.11,0.89,92.21
2018-12-01,18.58,4.0354,3.57,0.13,75.75
2018-12-02,13.91,4.0906,3.18,0.0,76.82
2018-12-03,11.48,3.996,4.2,0.0,73.51
2018-12-04,8.4,4.1364,3.52,0.0,74.05
2018-12-05,8.15,3.9446,2.46,0.0,75.64
2018-12-06,13.2,0.9058,3.28,1.69,93.38
2018-12-07,16.47,1.1542,2.16,63.13,97.04
2018-12-08,7.71,0.9624,5.88,33.09,88.03
2018-12-09,6.49,1.5403,4.14,0.01,83.0
2018-12-10,7.07,4.1306,2.42,0.0,71.92
2018-12-11,9.03,3.695,2.43,0.0,75.55
2018-12-12,15.04,1.2895,4.46,2.57,92.57
2018-12-13,16.73,2.6729,4.68,14.4,84.14
2018-12-14,7.92,1.3543,6.02,0.59,81.63
2018-12-15,9.17,4.0786,3.93,0.0,74.38
2018-12-16,10.57,3.0886,1.47,0.0,76.55
2018-12-17,12.76,3.162,1.57,0.0,74.21
2018-12-18,11.49,2.1619,2.36,1.16,95.33
2018-12-19,12.37,1.4669,2.02,6.43,95.62
2018-12-20,11.98,3.9883,6.59,1.31,72.47
2018-12-21,9.39,4.1261,3.82,0.0,69.0
2018-12-22,13.52,3.8446,4.13,0.0,87.79
2018-12-23,12.46,3.4824,3.19,0.0,82.38
2018-12-24,11.43,2.466,3.21,0.0,89.81
2018-12-25,15.62,2.1917,3.36,0.05,90.61
2018-12-26,17.42,0.7625,6.5,26.87,95.63
2018-12-27,17.57,3.1253,4.43,24.29,75.19
2018-12-28,9.57,2.7019,4.03,0.0,77.21
2018-12-29,8.62,1.0171,4.3,0.05,83.12
2018-12-30,7.59,0.8422,2.19,3.96,90.51
2018-12-31,9.25,1.6874,2.32,3.69,91.09
2019-01-01,10.68,3.2155,3.11,0.12,85.62
2019-01-02,9.68,0.5813,4.06,33.24,94.02
2019-01-03,6.83,1.5924,4.09,13.54,91.86
2019-01-04,7.46,4.0891,2.96,0.03,84.65
2019-01-05,10.45,4.1443,2.44,0.0,83.98
2019-01-06,13.39,3.331,3.61,0.05,91.03
2019-01-07,17.24,2.2538,3.7,0.02,93.64
2019-01-08,17.35,2.9028,2.49,0.0,87.97
2019-01-09,11.24,3.9276,3.63,0.0,77.16
2019-01-10,8.91,3.5321,2.33,0.0,76.2
2019-01-11,11.78,3.6624,3.75,3.09,84.53
2019-01-12,12.68,3.8062,4.19,8.15,82.47
2019-01-13,6.3,4.314,3.41,0.0,82.17
2019-01-14,5.49,3.5359,2.77,0.0,82.97
2019-01-15,6.57,1.9092,1.46,0.03,89.54
2019-01-16,11.25,1.2118,3.26,1.38,94.75
2019-01-17,15.29,2.8894,2.84,0.29,86.6
2019-01-18,15.29,1.1681,3.65,5.91,95.64
2019-01-19,9.11,3.7627,8.18,4.24,70.75
2019-01-20,3.68,4.445,3.3,0.01,71.07
2019-01-21,9.41,3.0192,4.57,0.0,85.26
2019-01-22,16.9,2.3566,5.73,12.14,89.0
2019-01-23,4.54,2.3676,5.9,15.46,77.81
2019-01-24,6.26,4.6728,1.69,0.0,65.82
2019-01-25,7.92,4.2377,2.58,0.01,76.95
2019-01-26,10.44,2.9664,2.24,1.36,83.79
2019-01-27,11.68,3.9598,2.03,0.79,80.95
2019-01-28,12.93,4.2504,3.71,2.65,83.79
2019-01-29,4.8,4.8946,4.79,0.91,67.09
2019-01-30,5.64,2.4883,2.88,0.01,77.43
2019-01-31,10.31,1.0759,3.57,1.84,95.44
2019-02-01,13.6,2.5006,2.33,2.4,95.3
2019-02-02,15.13,1.5391,2.93,1.71,93.33
2019-02-03,17.52,1.5286,3.21,1.86,92.87
2019-02-04,19.27,1.9154,2.64,0.12,91.59
2019-02-05,19.7,1.8619,3.55,0.04,90.56
2019-02-06,20.42,2.525,4.53,0.03,90.45
2019-02-07,15.15,1.385,6.11,2.42,80.81
2019-02-08,2.83,0.8333,5.72,0.53,69.22
2019-02-09,4.53,1.4201,2.94,0.35,77.9
2019-02-10,11.96,2.1,3.23,1.64,92.85
2019-02-11,18.56,2.4946,3.91,4.26,92.75
2019-02-12,12.21,4.2017,5.03,1.11,73.15
2019-02-13,9.43,5.154,3.1,0.08,76.87
2019-02-14,15.38,4.0282,4.62,0.0,86.61
2019-02-15,17.93,2.869,3.76,0.02,88.92
2019-02-16,16.12,1.9258,2.0,0.08,87.18
2019-02-17,13.5,1.639,4.44,0.44,82.63
2019-02-18,10.36,4.5506,4.47,0.02,70.99
2019-02-19,8.81,0.9278,3.99,3.33,91.26
2019-02-20,9.59,4.6745,3.86,0.24,78.83
2019-02-21,11.11,1.2072,3.26,3.89,89.91
2019-02-22,16.09,1.847,2.06,1.98,93.64
2019-02-23,17.91,2.9282,4.1,0.86,78.3
2019-02-24,10.6,6.0955,3.53,0.0,69.18
2019-02-25,10.41,2.1218,3.82,0.53,85.21
2019-02-26,14.98,0.8563,3.29,16.27,95.23
2019-02-27,18.79,1.9673,1.77,1.48,92.05
2019-02-28,10.92,1.0063,3.86,2.84,86.1
2019-03-01,12.6,2.4432,1.65,0.11,87.0
2019-03-02,16.59,2.7646,1.93,0.51,90.3
2019-03-03,11.64,1.5499,5.64,0.35,82.25
2019-03-04,1.33,1.4227,5.38,0.03,72.95
2019-03-05,2.0,5.2325,4.02,0.0,67.4
2019-03-06,6.64,5.5226,3.2,0.01,72.47
2019-03-07,16.08,2.214,4.02,0.29,90.68
2019-03-08,20.61,2.4929,4.91,0.05,90.55
2019-03-09,21.71,3.1171,4.32,0.23,87.25
2019-03-10,20.95,3.1066,2.8,0.02,88.58
2019-03-11,21.47,3.5897,2.45,0.06,88.04
2019-03-12,20.3,2.345,5.39,0.06,88.91
2019-03-13,22.06,1.1239,7.15,7.03,87.84
2019-03-14,18.52,4.2552,4.61,2.17,71.63
2019-03-15,11.12,3.1116,4.58,0.07,63.52
2019-03-16,11.84,2.9388,2.68,0.0,63.44
2019-03-17,11.83,4.5636,2.27,0.0,69.21
2019-03-18,12.45,4.5173,2.77,0.0,69.75
2019-03-19,13.21,5.4593,3.31,0.0,75.06
2019-03-20,15.4,6.113,1.75,0.0,73.38
2019-03-21,16.17,6.8558,1.86,0.0,62.72
2019-03-22,16.39,6.6965,2.57,0.0,74.96
2019-03-23,17.97,3.3269,3.95,0.0,83.82
2019-03-24,20.01,3.4949,3.51,0.01,86.18
2019-03-25,20.71,4.441,2.86,0.33,82.68
2019-03-26,17.05,6.9358,3.15,0.0,77.77
2019-03-27,15.65,6.7903,3.23,0.0,77.29
2019-03-28,16.81,5.3177,3.92,0.0,83.42
2019-03-29,19.69,4.6092,4.32,0.07,84.0
2019-03-30,17.64,2.4989,5.41,0.88,81.01
2019-03-31,8.63,2.526,4.6,1.14,71.03
2019-04-01,8.42,2.4523,2.6,0.01,75.98
2019-04-02,12.22,6.9953,1.87,0.0,72.05
2019-04-03,15.56,2.7605,4.34,2.07,84.31
2019-04-04,22.58,3.2633,3.52,2.91,85.19
2019-04-05,21.47,3.7769,2.36,0.1,87.29
2019-04-06,21.53,3.5705,4.12,1.3,89.29
2019-04-07,20.59,1.4911,4.05,21.4,94.91
2019-04-08,19.8,6.2191,4.11,1.84,80.03
2019-04-09,22.66,7.4182,2.11,0.01,69.15
2019-04-10,21.83,7.5703,5.22,0.0,78.82
2019-04-11,20.89,3.8309,3.86,0.6,81.41
2019-04-12,18.85,3.7514,4.51,1.1,81.93
2019-04-13,21.32,3.8357,6.8,3.28,77.22
2019-04-14,14.27,7.865,5.17,0.0,58.82
2019-04-15,17.31,7.8334,3.78,0.0,71.61
2019-04-16,20.29,5.933,4.87,0.0,80.47
2019-04-17,21.86,2.0345,5.29,9.82,91.01
2019-04-18,19.71,4.8482,4.64,18.95,80.36
2019-04-19,15.67,7.674,5.11,0.01,68.22
2019-04-20,17.22,7.8998,2.02,0.0,62.14
2019-04-21,19.17,7.877,4.52,0.0,77.12
2019-04-22,20.74,6.2518,4.28,0.0,79.88
2019-04-23,20.93,2.7175,3.7,0.05,89.7
2019-04-24,21.6,3.1788,4.46,7.83,87.84
2019-04-25,21.52,7.8797,3.72,0.79,75.77
2019-04-26,22.24,7.536,2.29,0.0,70.47
2019-04-27,22.23,7.643,4.05,0.0,73.59
2019-04-28,22.35,7.147,3.96,0.0,74.76
2019-04-29,24.36,4.9166,5.02,0.0,80.65
2019-04-30,25.47,4.7095,6.54,0.01,77.02
2019-05-01,25.21,3.7186,5.41,7.2,81.01
2019-05-02,23.72,5.5327,3.84,7.01,85.56
2019-05-03,22.52,1.9099,3.34,30.92,91.6
2019-05-04,22.89,7.1662,2.67,6.81,80.83
2019-05-05,22.32,7.3598,2.61,0.03,76.46
2019-05-06,22.79,5.3849,2.85,0.01,77.72
2019-05-07,23.59,1.8703,4.17,27.3,90.39
2019-05-08,24.68,3.0305,4.32,14.04,87.68
2019-05-09,26.01,4.0255,2.54,36.51,87.27
2019-05-10,22.23,2.3023,2.25,7.56,89.33
2019-05-11,21.03,1.6853,2.97,14.47,90.28
2019-05-12,19.76,5.8301,3.02,0.14,81.55
2019-05-13,21.07,7.6493,2.71,0.0,78.38
2019-05-14,22.51,6.8105,2.56,0.18,78.42
2019-05-15,22.96,7.5178,2.73,0.02,79.87
2019-05-16,23.12,6.881,2.6,0.09,81.51
2019-05-17,24.24,5.6998,4.57,0.03,83.69
2019-05-18,25.8,2.8466,5.45,0.54,85.37
2019-05-19,26.76,5.855,3.06,0.75,84.32
2019-05-20,26.62,6.702,5.96,0.15,82.98
2019-05-21,27.02,4.9356,6.55,0.29,81.28
2019-05-22,27.3,6.2369,6.17,0.03,81.18
2019-05-23,27.38,4.7789,6.21,0.05,79.63
2019-05-24,27.2,7.3145,5.11,0.01,78.02
2019-05-25,27.07,7.5936,4.43,0.0,75.46
2019-05-26,26.93,7.4854,4.38,0.0,73.53
2019-05-27,26.66,6.8842,4.39,0.0,70.12
2019-05-28,28.18,6.5918,6.02,0.08,73.41
2019-05-29,27.63,5.2426,5.15,1.99,72.46
2019-05-30,27.86,5.5267,1.36,7.18,79.45
2019-05-31,28.77,5.6714,1.26,6.84,76.55
2019-06-01,28.85,6.7848,1.36,0.34,70.31
2019-06-02,28.94,7.2912,1.84,0.05,68.62
2019-06-03,28.2,7.265,2.12,0.03,69.96
2019-06-04,27.78,5.6306,2.82,4.79,75.26
2019-06-05,26.61,2.1914,2.57,53.81,90.04
2019-06-06,27.77,7.4119,2.14,4.06,82.13
2019-06-07,27.69,7.343,3.19,1.38,75.77
2019-06-08,28.34,8.1024,2.7,0.0,70.22
2019-06-09,29.96,7.6349,1.37,0.02,69.33
2019-06-10,27.6,6.7421,3.86,0.03,70.47
2019-06-11,25.62,6.2064,2.41,0.98,69.9
2019-06-12,26.55,7.2322,1.75,0.28,58.59
2019-06-13,27.2,7.5694,2.39,0.0,58.38
2019-06-14,27.75,6.9211,3.65,0.0,65.72
2019-06-15,28.82,7.1616,5.02,0.4,70.97
2019-06-16,27.73,5.263,4.33,27.11,81.62
2019-06-17,26.17,6.1267,1.99,13.49,86.44
2019-06-18,28.22,7.008,1.94,4.27,78.98
2019-06-19,28.11,7.7844,3.75,0.24,81.0
2019-06-20,28.6,5.6107,4.02,0.13,80.72
2019-06-21,28.87,5.9503,4.59,0.01,80.16
2019-06-22,29.25,5.0318,5.09,0.28,77.55
2019-06-23,28.55,6.2755,5.1,18.47,80.4
2019-06-24,26.37,3.787,2.6,14.76,92.26
2019-06-25,25.72,2.4132,3.2,6.63,89.29
2019-06-26,26.77,4.8062,3.52,3.09,80.23
2019-06-27,27.66,4.3116,2.02,4.88,78.88
2019-06-28,27.86,6.4229,1.04,1.17,76.29
2019-06-29,26.63,4.2638,1.34,4.15,79.72
2019-06-30,25.92,5.3194,2.14,5.29,80.2
2019-07-01,27.26,7.1407,2.36,0.34,75.85
2019-07-02,27.01,4.4518,2.72,4.46,82.47
2019-07-03,26.59,4.7623,2.81,5.4,86.89
2019-07-04,27.91,5.9743,3.81,1.51,83.1
2019-07-05,28.48,7.1561,3.22,0.0,77.25
2019-07-06,28.84,7.6056,2.18,0.0,73.62
2019-07-07,29.1,7.3056,2.22,0.01,73.87
2019-07-08,29.2,7.2086,2.62,0.45,74.64
2019-07-09,29.38,7.6726,2.69,0.28,70.78
2019-07-10,30.66,7.4105,1.38,0.44,68.35
2019-07-11,29.37,6.7879,2.32,0.4,74.85
2019-07-12,30.06,7.1141,3.89,0.02,63.91
2019-07-13,29.15,5.569,4.53,0.89,69.38
2019-07-14,29.28,5.4958,2.41,0.36,72.07
2019-07-15,29.37,5.4974,3.32,4.27,76.18
2019-07-16,28.78,6.601,3.75,1.58,78.4
2019-07-17,29.09,7.1455,3.32,0.85,76.39
2019-07-18,29.81,7.2958,3.69,0.16,69.32
2019-07-19,29.74,7.1494,3.57,0.05,71.21
2019-07-20,30.15,7.2379,3.29,0.02,67.88
2019-07-21,29.23,5.5078,2.58,0.19,71.67
2019-07-22,29.32,4.2286,1.77,1.3,68.46
2019-07-23,28.48,4.5372,3.72,1.34,68.91
2019-07-24,26.34,8.1197,3.49,0.0,55.49
2019-07-25,26.54,8.087,2.5,0.0,55.03
2019-07-26,28.3,7.4942,2.59,0.0,55.03
2019-07-27,30.27,7.0354,2.64,0.03,65.06
2019-07-28,29.46,4.5499,3.53,4.67,71.42
2019-07-29,30.3,6.1351,3.27,2.73,67.78
2019-07-30,29.94,5.8471,2.14,5.84,68.94
2019-07-31,30.6,6.5626,1.77,2.01,67.04
2019-08-01,30.59,6.1819,1.79,0.1,65.24
2019-08-02,30.72,5.7492,1.57,0.16,62.33
2019-08-03,28.47,4.8751,1.03,0.31,70.86
2019-08-04,30.16,4.999,1.62,3.81,65.6
2019-08-05,30.64,5.6023,1.94,3.74,66.87
2019-08-06,31.02,5.5651,2.22,0.4,66.98
2019-08-07,31.4,6.3763,3.15,0.09,63.25
2019-08-08,31.47,6.2894,3.58,0.55,65.34
2019-08-09,31.71,6.4733,3.66,0.2,63.15
2019-08-10,32.0,6.6641,3.15,0.0,61.23
2019-08-11,32.34,6.5314,3.11,0.0,61.34
2019-08-12,32.75,6.6175,3.18,0.0,59.12
2019-08-13,33.1,6.5465,2.74,0.0,57.48
2019-08-14,32.57,6.0926,1.64,3.23,60.97
2019-08-15,31.17,5.5015,1.35,2.9,66.5
2019-08-16,31.26,5.6748,2.03,1.05,65.0
2019-08-17,31.66,5.8522,3.56,0.63,65.12
2019-08-18,31.93,6.1219,4.11,0.68,64.88
2019-08-19,32.1,5.705,3.11,1.19,65.39
2019-08-20,30.73,4.225,2.27,4.02,64.02
2019-08-21,30.64,5.3443,2.54,1.35,64.01
2019-08-22,29.62,5.8548,2.73,0.55,70.33
2019-08-23,28.82,3.6372,2.61,4.85,77.89
2019-08-24,29.82,5.1257,2.13,2.24,73.59
2019-08-25,29.5,4.0214,2.38,5.6,77.1
2019-08-26,30.27,6.0936,3.74,1.05,73.49
2019-08-27,30.41,5.225,2.6,1.0,72.13
2019-08-28,30.14,4.7686,0.95,2.05,68.36
2019-08-29,30.27,5.7247,1.9,0.9,64.98
2019-08-30,29.6,5.4425,2.04,0.85,65.18
2019-08-31,29.56,5.0249,1.64,1.7,66.33
2019-09-01,29.99,6.6578,2.02,1.34,63.6
2019-09-02,30.32,6.4183,2.61,0.44,57.07
2019-09-03,30.55,5.875,2.94,0.12,56.7
2019-09-04,31.41,6.4342,3.34,0.05,56.8
2019-09-05,31.35,6.6238,2.22,0.0,51.5
2019-09-06,30.93,6.5155,2.28,0.0,54.02
2019-09-07,30.62,6.9274,2.68,0.0,50.84
2019-09-08,30.57,6.2292,3.02,0.1,55.39
2019-09-09,30.04,5.8812,3.3,1.64,58.68
2019-09-10,29.69,5.4382,3.1,4.62,64.27
2019-09-11,28.1,5.2378,2.55,6.16,79.57
2019-09-12,29.13,5.8022,2.82,1.1,70.17
2019-09-13,29.57,5.609,1.99,0.64,63.03
2019-09-14,30.16,6.1294,3.29,0.32,58.73
2019-09-15,30.04,5.7367,2.64,0.3,60.83
2019-09-16,29.49,4.3459,3.69,1.07,65.35
2019-09-17,26.69,1.6303,4.25,22.36,86.62
2019-09-18,26.34,2.5075,3.83,52.19,89.19
2019-09-19,26.59,0.7682,4.28,62.85,92.55
2019-09-20,27.11,4.2062,4.07,16.67,87.12
2019-09-21,26.96,5.5346,3.7,0.57,83.12
2019-09-22,27.4,5.2574,3.09,0.75,83.05
2019-09-23,27.85,4.9762,2.82,1.62,84.41
2019-09-24,27.05,6.103,2.85,0.17,79.55
2019-09-25,26.28,5.8361,2.54,0.01,76.81
2019-09-26,25.97,5.9047,2.05,0.04,75.04
2019-09-27,26.25,3.8902,3.5,3.56,85.84
2019-09-28,27.57,5.311,3.82,0.84,80.25
2019-09-29,27.9,5.3592,3.8,0.15,78.54
2019-09-30,28.07,5.173,3.86,0.05,80.91
2019-10-01,27.35,5.5042,3.39,0.0,79.07
2019-10-02,27.11,5.4146,2.84,0.0,78.63
2019-10-03,27.34,5.3314,2.45,0.65,74.75
2019-10-04,27.37,5.3299,2.0,0.2,72.18
2019-10-05,27.61,5.2361,1.63,0.16,71.89
2019-10-06,27.43,5.5421,2.02,0.03,74.41
2019-10-07,25.03,4.8943,3.58,0.08,74.48
2019-10-08,22.13,5.2548,2.61,0.0,68.08
2019-10-09,24.77,5.0657,3.02,0.0,75.35
2019-10-10,27.28,5.4374,4.48,0.6,73.47
2019-10-11,18.04,2.9971,6.07,8.15,72.17
2019-10-12,15.64,5.1948,3.44,0.03,49.88
2019-10-13,20.13,4.284,1.56,0.4,58.29
2019-10-14,24.78,3.8227,2.5,3.61,82.95
2019-10-15,26.94,4.4182,2.9,3.09,83.0
2019-10-16,20.33,1.1086,3.7,13.16,80.12
2019-10-17,15.55,3.1006,2.83,0.02,69.42
2019-10-18,18.27,5.3018,1.86,0.04,72.36
2019-10-19,24.17,4.6418,2.59,0.22,79.52
2019-10-20,25.61,4.3421,3.75,8.57,84.21
2019-10-21,21.95,3.6614,3.8,15.09,72.83
2019-10-22,17.14,5.6482,3.06,0.0,56.03
2019-10-23,18.36,5.3491,3.85,0.0,71.34
2019-10-24,20.61,3.8844,4.18,9.0,84.24
2019-10-25,12.48,2.5555,6.69,15.82,82.59
2019-10-26,13.89,4.6925,3.54,0.05,69.5
2019-10-27,16.67,5.2025,2.6,0.0,79.05
2019-10-28,18.93,3.6984,3.19,0.18,87.38
2019-10-29,20.62,1.1774,4.0,23.83,91.74
2019-10-30,14.55,1.859,5.28,15.27,85.28
2019-10-31,6.45,5.2742,5.78,2.18,60.89
2019-11-01,7.8,4.8002,2.12,0.0,68.31
2019-11-02,11.44,4.1815,2.81,0.0,67.01
2019-11-03,11.59,4.9147,2.81,0.0,76.42
2019-11-04,17.43,2.345,3.03,0.0,90.46
2019-11-05,21.4,3.377,2.27,0.0,87.67
2019-11-06,19.52,4.4582,2.97,0.0,81.55
2019-11-07,16.71,1.0546,3.5,26.36,93.24
2019-11-08,10.93,1.0162,4.27,2.15,81.45
2019-11-09,10.68,4.7244,1.6,0.0,66.64
2019-11-10,14.19,4.4383,2.58,0.0,75.41
2019-11-11,14.82,1.302,5.23,1.59,84.25
2019-11-12,3.13,2.8097,6.24,0.09,53.76
2019-11-13,2.89,2.1926,1.45,1.13,67.7
2019-11-14,6.23,1.0402,3.08,4.1,93.0
2019-11-15,8.95,4.5521,2.53,0.09,75.53
2019-11-16,9.37,4.3793,1.66,0.0,70.75
2019-11-17,12.05,3.3934,1.57,0.0,75.46
2019-11-18,14.25,4.296,2.03,0.0,74.13
2019-11-19,14.89,4.1266,2.32,0.0,83.78
2019-11-20,19.22,2.9842,4.67,0.22,90.32
2019-11-21,21.56,2.1055,4.6,0.99,89.41
2019-11-22,17.44,2.1096,4.0,1.99,87.07
2019-11-23,10.63,4.1995,3.49,0.13,76.01
2019-11-24,11.81,4.2737,1.83,0.0,74.72
2019-11-25,17.16,2.9858,4.19,0.0,87.32
2019-11-26,22.0,1.3164,5.0,0.28,90.72
2019-11-27,16.1,2.6628,4.54,0.04,50.06
2019-11-28,17.87,1.3238,3.85,0.28,84.63
2019-11-29,21.49,1.2046,4.72,0.04,92.14
2019-11-30,22.99,1.2914,4.75,0.46,85.93
2019-12-01,12.16,4.2106,4.1,0.0,51.86
2019-12-02,9.62,4.2602,3.2,0.0,59.31
2019-12-03,11.68,4.1074,2.44,0.0,65.84
2019-12-04,13.72,3.9065,2.39,0.0,68.01
2019-12-05,16.19,3.2642,3.11,0.0,82.91
2019-12-06,17.43,3.7951,3.99,0.0,78.84
2019-12-07,14.01,3.8585,2.73,0.0,74.07
2019-12-08,15.38,3.3204,3.43,0.0,85.94
2019-12-09,20.83,2.5123,3.75,0.9,85.96
2019-12-10,9.93,0.575,6.15,10.69,86.41
2019-12-11,7.88,3.995,3.36,0.01,72.49
2019-12-12,9.04,2.7766,2.0,0.0,78.27
2019-12-13,13.44,3.2926,3.3,0.0,77.66
2019-12-14,13.29,3.8388,2.56,0.0,79.35
2019-12-15,20.15,2.6983,4.96,0.01,88.25
2019-12-16,15.7,1.2929,5.37,1.99,81.15
2019-12-17,5.52,3.9686,5.62,0.0,61.12
2019-12-18,6.4,4.1902,2.04,0.0,53.33
2019-12-19,6.53,3.9127,2.33,0.0,65.89
2019-12-20,8.79,0.8508,3.23,0.55,81.89
2019-12-21,9.73,1.296,2.4,0.35,83.59
2019-12-22,8.36,3.9982,3.34,0.0,76.47
2019-12-23,10.81,4.0445,2.32,0.0,66.15
2019-12-24,13.18,3.9722,1.65,0.0,65.72
2019-12-25,13.22,3.2705,2.13,0.0,85.47
2019-12-26,15.12,3.4006,2.51,0.0,84.23
2019-12-27,16.16,1.6738,2.54,0.02,90.16
2019-12-28,19.59,1.9572,4.75,3.3,91.36
2019-12-29,15.24,1.9519,3.76,6.82,71.47
2019-12-30,8.06,4.1386,3.22,0.0,58.92
2019-12-31,8.71,2.8382,2.16,0.0,52.99
2020-01-01,12.09,0.7531,2.56,1.56,72.07
2020-01-02,14.98,0.6187,2.11,8.44,96.14
2020-01-03,13.24,3.6192,3.32,0.05,79.22
2020-01-04,11.49,4.1916,2.61,0.0,63.16
2020-01-05,11.98,4.1242,3.45,0.0,75.53
2020-01-06,14.74,3.7459,2.83,0.0,80.85
2020-01-07,12.22,4.3092,2.99,0.0,51.56
2020-01-08,11.59,3.7918,4.28,0.0,76.02
2020-01-09,18.71,1.6639,5.72,0.36,90.92
2020-01-10,20.82,0.9386,6.99,15.46,92.41
2020-01-11,10.73,3.7397,5.06,4.33,72.58
2020-01-12,7.42,3.2678,2.21,0.93,85.7
2020-01-13,13.36,1.2202,2.59,4.79,94.17
2020-01-14,20.74,1.831,3.05,4.14,92.5
2020-01-15,20.55,1.9942,3.24,0.53,92.3
2020-01-16,19.54,1.7131,2.69,0.54,90.65
2020-01-17,18.37,2.0407,4.61,0.84,89.07
2020-01-18,16.94,0.9007,3.3,4.47,84.54
2020-01-19,8.54,4.5233,4.84,0.0,55.45
2020-01-20,7.61,4.459,3.34,0.11,64.66
2020-01-21,7.9,4.17,3.14,0.02,68.35
2020-01-22,10.39,0.7963,5.38,21.03,92.25
2020-01-23,13.08,2.5498,3.66,3.09,86.14
2020-01-24,10.74,4.573,2.47,0.01,68.21
2020-01-25,11.68,2.2346,3.54,1.3,78.81
2020-01-26,15.92,3.7394,2.68,6.13,83.05
2020-01-27,12.35,2.6602,2.27,0.19,87.69
2020-01-28,13.03,1.6121,3.42,9.2,93.44
2020-01-29,8.73,3.1788,4.72,0.01,75.64
2020-01-30,10.13,1.8866,2.42,0.01,85.87
2020-01-31,9.81,2.6736,2.51,0.0,82.8
2020-02-01,10.58,4.9476,2.98,0.0,62.94
2020-02-02,12.63,4.889,3.71,0.0,67.54
2020-02-03,17.38,2.3585,5.51,0.07,88.46
2020-02-04,20.74,2.1398,3.49,0.06,83.8
2020-02-05,9.28,1.1813,5.78,0.74,73.39
2020-02-06,4.74,4.9116,5.05,0.16,60.33
2020-02-07,9.8,5.1017,3.63,0.0,62.83
2020-02-08,13.2,4.1844,3.16,0.02,79.8
2020-02-09,17.8,1.6428,4.97,1.57,94.0
2020-02-10,19.9,1.5552,3.64,3.96,93.88
2020-02-11,11.97,1.14,3.89,1.68,88.69
2020-02-12,12.19,1.2038,3.15,5.65,92.22
2020-02-13,8.94,5.0621,4.34,0.02,75.78
2020-02-14,7.74,5.508,2.98,0.0,75.59
2020-02-15,11.87,3.3206,3.32,0.02,84.64
2020-02-16,16.13,3.0878,1.87,0.05,88.02
2020-02-17,19.09,2.4658,3.93,0.08,91.15
2020-02-18,20.13,1.8307,3.0,2.96,87.75
2020-02-19,13.23,1.4707,3.36,3.36,89.39
2020-02-20,9.41,0.9322,5.67,7.08,82.9
2020-02-21,7.1,5.5596,3.77,0.07,71.13
2020-02-22,8.98,5.179,2.38,0.0,70.92
2020-02-23,14.76,1.8931,4.0,1.49,87.77
2020-02-24,16.52,1.8031,3.32,14.73,83.67
2020-02-25,14.0,5.6174,3.38,0.01,69.11
2020-02-26,7.73,5.4034,6.22,0.0,57.81
2020-02-27,7.02,6.2004,2.08,0.0,58.16
2020-02-28,11.11,5.9789,2.78,0.0,60.55
2020-02-29,13.33,5.2402,3.97,0.0,75.5
2020-03-01,18.23,1.6826,5.7,0.12,85.16
2020-03-02,19.7,3.1262,3.38,0.04,87.87
2020-03-03,20.36,3.0835,2.13,0.07,87.8
2020-03-04,20.33,2.0186,3.62,8.2,88.93
2020-03-05,14.63,5.4002,4.88,0.09,70.89
2020-03-06,13.65,6.4478,3.6,0.0,59.53
2020-03-07,11.52,2.4058,3.3,0.0,71.03
2020-03-08,15.09,5.3522,4.68,0.06,80.29
2020-03-09,18.38,2.0141,4.17,1.14,87.53
2020-03-10,20.98,3.8626,1.93,0.59,82.06
2020-03-11,21.1,4.2257,3.55,0.04,80.13
2020-03-12,21.69,5.1809,4.16,0.24,79.46
2020-03-13,22.04,3.589,3.92,1.5,83.38
2020-03-14,22.77,3.4596,4.24,0.56,81.82
2020-03-15,22.59,3.6014,2.58,0.11,81.37
2020-03-16,20.82,1.9838,2.3,0.4,85.24
2020-03-17,22.5,4.7546,3.63,1.2,82.95
2020-03-18,23.11,4.0097,4.6,0.49,82.74
2020-03-19,24.08,4.1635,5.11,1.88,79.95
2020-03-20,20.35,2.3671,3.4,24.36,89.04
2020-03-21,15.3,1.2617,3.87,11.95,86.59
2020-03-22,20.51,2.5721,3.28,2.49,88.4
2020-03-23,23.31,4.4266,3.8,0.14,83.96
2020-03-24,24.31,5.2488,3.74,0.0,81.74
2020-03-25,23.19,5.8639,2.6,0.0,76.71
2020-03-26,23.51,6.2945,4.33,0.0,79.31
2020-03-27,24.44,6.7114,5.15,0.0,76.77
2020-03-28,22.16,2.0784,3.71,0.79,83.94
2020-03-29,19.59,4.9745,3.11,0.17,59.34
2020-03-30,22.87,3.3454,4.68,0.28,75.43
2020-03-31,19.75,6.4898,4.43,0.02,72.89
2020-04-01,17.59,7.0363,3.58,0.0,70.43
2020-04-02,20.68,2.8894,4.27,0.58,78.88
2020-04-03,21.28,3.4608,2.72,13.31,88.07
2020-04-04,14.13,1.3217,4.02,15.15,90.62
2020-04-05,18.31,4.1532,2.82,0.24,80.81
2020-04-06,21.66,2.4595,2.69,1.19,86.18
2020-04-07,24.89,4.122,2.34,0.12,82.85
2020-04-08,25.78,4.0102,2.6,0.01,80.19
2020-04-09,24.78,4.9596,1.87,7.51,85.83
2020-04-10,20.17,4.6032,3.75,4.33,77.15
2020-04-11,21.22,3.5138,4.73,0.16,80.24
2020-04-12,24.66,6.0322,5.59,0.72,67.39
2020-04-13,14.61,7.4534,5.17,0.0,59.59
2020-04-14,14.17,7.392,4.5,0.0,68.63
2020-04-15,13.94,7.4474,3.1,0.0,64.13
2020-04-16,16.51,7.4093,3.66,0.0,67.13
2020-04-17,21.37,3.2626,2.4,1.56,84.23
2020-04-18,18.95,2.016,3.5,4.79,82.02
2020-04-19,23.16,2.557,3.48,9.47,82.9
2020-04-20,22.46,5.4062,1.93,0.18,74.99
2020-04-21,22.94,6.7039,3.18,0.02,75.23
2020-04-22,23.86,2.5567,5.02,1.23,87.74
2020-04-23,23.72,7.6927,4.06,0.06,65.82
2020-04-24,24.17,7.8072,3.96,0.6,62.83
2020-04-25,21.41,5.0141,3.9,0.53,62.12
2020-04-26,21.39,7.9759,2.71,0.4,58.49
2020-04-27,22.75,6.9751,5.02,0.0,68.39
2020-04-28,24.09,2.778,4.74,20.36,87.24
2020-04-29,22.16,5.5063,4.24,8.19,69.79
2020-04-30,20.64,7.8358,2.24,0.0,57.87
2020-05-01,21.73,7.993,3.71,0.04,65.67
2020-05-02,23.93,7.7018,4.38,0.0,71.93
2020-05-03,25.12,7.59,4.21,0.0,70.57
2020-05-04,26.29,7.3337,4.5,0.0,70.71
2020-05-05,26.3,5.9851,2.61,3.39,74.76
2020-05-06,23.69,7.5816,3.31,1.36,57.33
2020-05-07,23.68,6.5851,4.86,0.05,61.57
2020-05-08,24.65,4.765,5.56,0.5,68.98
2020-05-09,20.23,4.777,3.61,0.01,58.22
2020-05-10,20.45,8.0436,2.32,0.0,56.83
2020-05-11,22.01,7.1153,3.47,0.0,64.07
2020-05-12,23.03,5.1708,3.94,8.1,76.63
2020-05-13,25.44,6.541,4.06,3.57,73.83
2020-05-14,26.56,5.6057,3.77,1.6,74.87
2020-05-15,25.36,4.7196,3.22,13.81,84.16
2020-05-16,23.47,4.7621,3.33,19.31,87.8
2020-05-17,22.68,6.0401,3.22,0.49,72.68
2020-05-18,26.35,8.1302,1.92,0.0,64.33
2020-05-19,27.07,8.0078,3.6,0.0,71.5
2020-05-20,27.53,7.6222,3.21,0.0,71.19
2020-05-21,26.56,5.4612,3.83,0.03,73.9
2020-05-22,26.93,6.9785,4.17,0.4,78.35
2020-05-23,27.61,6.8263,4.44,0.97,76.38
2020-05-24,25.59,5.633,3.64,22.57,87.37
2020-05-25,23.86,5.6815,2.63,14.25,85.72
2020-05-26,23.75,6.8191,2.21,5.84,74.91
2020-05-27,24.26,6.6641,1.93,15.13,74.93
2020-05-28,24.95,5.5946,1.86,8.01,83.25
2020-05-29,24.95,6.703,2.89,0.38,74.41
2020-05-30,25.24,5.724,2.8,0.16,74.75
2020-05-31,24.55,2.1504,2.67,2.99,84.56
2020-06-01,24.93,4.0721,2.63,1.42,81.48
2020-06-02,26.28,7.1573,2.87,0.2,76.42
2020-06-03,26.93,5.2294,2.1,4.89,77.44
2020-06-04,27.81,7.4834,2.31,1.98,74.68
2020-06-05,28.19,7.7294,2.37,0.26,71.33
2020-06-06,29.46,7.5775,2.79,1.24,66.77
2020-06-07,29.44,7.6426,3.05,0.07,66.14
2020-06-08,30.07,6.5114,3.18,0.38,65.17
2020-06-09,30.68,7.662,3.46,0.23,67.75
2020-06-10,27.39,7.6814,3.74,0.36,44.87
2020-06-11,26.48,8.6117,2.92,0.0,49.76
2020-06-12,26.68,8.5008,3.29,0.0,53.48
2020-06-13,27.14,8.509,3.26,0.0,53.11
2020-06-14,27.67,7.8977,3.11,0.02,58.01
2020-06-15,28.69,7.7592,3.17,0.04,63.56
2020-06-16,28.47,8.0165,2.43,0.01,58.67
2020-06-17,28.42,7.8814,2.89,0.01,57.76
2020-06-18,28.57,7.8739,3.66,0.0,62.41
2020-06-19,28.79,6.4495,3.82,1.53,63.12
2020-06-20,28.44,5.417,3.07,2.92,72.11
2020-06-21,28.37,5.6933,3.64,4.04,75.3
2020-06-22,26.93,1.6171,3.44,16.35,88.4
2020-06-23,27.09,4.4354,3.16,18.38,79.23
2020-06-24,25.04,4.6402,3.64,54.98,92.83
2020-06-25,25.27,3.223,3.03,24.47,94.41
2020-06-26,25.78,2.0611,2.85,0.81,88.04
2020-06-27,27.33,4.7441,3.4,0.35,81.03
2020-06-28,27.32,4.9097,4.44,0.44,84.64
2020-06-29,28.16,5.4122,5.12,0.11,82.22
2020-06-30,27.93,6.137,4.26,0.04,82.73
2020-07-01,28.6,6.5957,4.24,0.01,78.52
2020-07-02,29.26,7.2276,2.52,0.0,73.53
2020-07-03,28.66,7.3498,1.96,0.06,72.12
2020-07-04,29.12,7.6978,2.07,0.1,69.63
2020-07-05,28.02,6.3182,2.47,0.17,72.24
2020-07-06,27.26,5.3446,2.54,0.41,79.01
2020-07-07,28.89,6.3984,3.08,4.12,76.61
2020-07-08,29.2,7.2516,3.42,0.84,73.87
2020-07-09,29.99,7.5809,3.81,0.68,71.33
2020-07-10,30.24,7.4148,2.53,0.01,70.58
2020-07-11,30.63,7.6738,2.19,0.0,67.17
2020-07-12,30.86,6.4706,2.39,0.0,67.33
2020-07-13,31.06,7.7712,2.99,0.0,64.33
2020-07-14,30.25,7.8084,3.89,0.36,67.19
2020-07-15,30.19,7.0658,3.6,1.23,66.94
2020-07-16,29.75,7.2691,2.25,0.31,65.64
2020-07-17,29.12,4.9392,2.16,2.94,72.88
2020-07-18,29.14,6.4606,2.68,1.06,69.75
2020-07-19,28.73,6.3182,2.08,0.8,74.76
2020-07-20,27.3,3.3307,3.18,5.78,82.93
2020-07-21,27.61,3.6163,2.97,7.65,83.34
2020-07-22,27.6,5.219,1.97,6.09,84.26
2020-07-23,29.07,7.0075,2.33,0.79,74.64
2020-07-24,29.05,5.377,5.04,2.17,74.04
2020-07-25,27.96,2.5409,6.2,11.16,78.75
2020-07-26,27.64,3.6986,4.04,14.41,81.16
2020-07-27,28.08,5.6647,2.31,3.14,79.14
2020-07-28,27.84,3.1862,2.1,9.52,82.43
2020-07-29,27.34,3.3689,3.01,5.19,85.66
2020-07-30,28.04,7.3819,3.35,1.37,81.58
2020-07-31,28.81,6.9269,3.79,6.12,76.96
2020-08-01,27.29,2.7876,1.76,10.11,84.89
2020-08-02,28.18,7.0558,1.54,1.57,72.34
2020-08-03,29.15,7.2972,1.59,0.54,68.62
2020-08-04,27.52,6.7742,2.33,0.53,71.86
2020-08-05,29.2,7.145,2.71,0.03,67.57
2020-08-06,29.18,6.8287,2.53,0.03,68.53
2020-08-07,29.82,6.8983,2.54,0.1,67.41
2020-08-08,29.88,6.5825,2.34,0.08,69.58
2020-08-09,29.77,5.9806,3.01,0.76,69.55
2020-08-10,29.94,7.153,3.45,0.13,68.57
2020-08-11,30.68,6.9418,3.23,0.03,69.12
2020-08-12,30.85,6.8477,2.99,0.01,67.36
2020-08-13,30.77,7.2598,2.78,0.0,65.58
2020-08-14,30.88,7.0759,3.38,0.0,64.74
2020-08-15,31.27,7.3174,2.64,0.0,61.63
2020-08-16,30.91,6.9372,1.99,5.4,64.57
2020-08-17,29.2,5.1917,1.86,2.23,67.9
2020-08-18,29.7,7.0339,2.05,0.17,53.1
2020-08-19,29.0,7.4472,2.42,0.07,54.66
2020-08-20,28.97,6.8772,2.09,0.02,59.64
2020-08-21,29.7,6.0178,1.44,0.5,60.68
2020-08-22,28.75,4.4438,1.42,2.23,65.89
2020-08-23,28.66,6.3989,2.59,1.02,66.8
2020-08-24,29.48,4.1813,2.58,0.34,63.96
2020-08-25,30.0,6.389,3.41,0.06,61.91
2020-08-26,29.51,5.0441,4.66,2.31,74.19
2020-08-27,30.83,6.3859,3.44,0.24,64.92
2020-08-28,31.39,6.1416,3.67,7.77,68.94
2020-08-29,31.25,6.5911,3.18,2.28,69.05
2020-08-30,30.21,5.6592,2.82,0.73,74.97
2020-08-31,30.69,6.3398,4.39,0.48,71.89
2020-09-01,30.77,6.0473,5.22,0.51,70.1
2020-09-02,30.83,5.7586,4.86,0.62,65.17
2020-09-03,29.43,4.6147,2.13,2.56,73.78
2020-09-04,29.06,4.8523,2.07,7.04,72.87
2020-09-05,26.88,3.7301,2.42,7.29,84.48
2020-09-06,28.46,5.2896,1.46,2.11,72.6
2020-09-07,28.8,4.7705,2.3,2.24,70.48
2020-09-08,26.89,2.947,2.41,2.42,81.06
2020-09-09,28.03,4.6562,2.89,4.62,77.77
2020-09-10,26.36,4.8206,3.17,5.24,79.54
2020-09-11,26.57,5.0748,3.74,1.53,74.24
2020-09-12,28.45,5.6321,3.21,0.68,70.46
2020-09-13,28.74,5.1223,3.13,5.46,73.96
2020-09-14,28.2,4.799,3.54,0.35,72.57
2020-09-15,28.93,5.5082,3.23,0.11,66.97
2020-09-16,28.95,5.0297,2.84,0.33,66.09
2020-09-17,28.01,3.714,2.65,1.32,69.36
2020-09-18,26.21,4.7746,3.87,0.12,63.52
2020-09-19,24.71,5.5375,4.5,0.0,61.44
2020-09-20,22.42,2.2814,5.66,10.1,73.16
2020-09-21,22.73,1.3486,6.68,30.52,87.3
2020-09-22,24.22,2.0018,4.95,60.62,92.98
2020-09-23,23.33,3.7438,5.0,6.03,87.6
2020-09-24,22.25,1.7246,2.33,0.03,83.78
2020-09-25,22.74,5.2313,1.34,0.0,79.72
2020-09-26,24.09,5.9081,2.36,0.0,79.72
2020-09-27,26.3,5.7677,4.09,0.11,81.61
2020-09-28,22.23,3.8021,5.42,0.85,65.37
2020-09-29,19.6,6.6134,2.88,0.0,56.26
2020-09-30,19.86,6.3902,2.5,0.0,54.46
2020-10-01,21.41,6.1834,2.17,0.0,62.66
2020-10-02,20.65,6.0718,2.25,0.0,56.9
2020-10-03,19.86,5.8522,2.59,0.0,70.2
2020-10-04,22.54,5.7391,1.68,0.0,72.36
2020-10-05,22.45,5.5315,1.91,0.0,69.97
2020-10-06,21.82,5.8678,2.25,0.0,69.95
2020-10-07,22.77,5.6705,2.14,0.0,67.76
2020-10-08,25.33,2.6069,3.3,1.15,80.74
2020-10-09,25.53,2.5214,5.82,4.12,78.0
2020-10-10,24.94,5.4574,2.36,0.78,72.89
2020-10-11,26.47,5.2723,3.44,0.19,75.88
2020-10-12,25.86,4.8218,3.39,0.36,70.99
2020-10-13,23.52,5.0791,2.27,0.0,61.85
2020-10-14,23.72,4.7882,2.28,0.04,75.44
2020-10-15,26.26,4.613,2.58,0.87,77.4
2020-10-16,17.0,1.5396,4.71,5.4,75.92
2020-10-17,21.45,3.0458,3.9,0.01,74.73
2020-10-18,25.45,4.8286,4.04,0.0,78.03
2020-10-19,25.65,3.6446,3.31,2.52,82.78
2020-10-20,25.18,4.9627,2.76,0.32,78.4
2020-10-21,24.45,4.3474,2.54,0.06,80.91
2020-10-22,24.74,4.2895,2.88,0.26,81.23
2020-10-23,23.36,4.073,3.41,3.03,79.08
2020-10-24,16.72,3.8633,3.37,0.36,64.65
2020-10-25,20.94,2.0983,3.03,0.03,82.64
2020-10-26,23.1,2.9446,3.8,1.03,81.72
2020-10-27,18.55,2.8781,3.04,2.13,84.92
2020-10-28,11.49,2.1744,5.02,6.04,82.86
2020-10-29,10.99,4.8643,4.76,0.0,66.22
2020-10-30,13.04,5.154,2.23,0.01,66.9
2020-10-31,14.76,4.9901,1.9,0.0,73.02
2020-11-01,17.23,4.8727,3.1,0.0,67.98
2020-11-02,14.68,5.0496,2.6,0.0,57.43
2020-11-03,14.52,4.9822,2.14,0.0,64.33
2020-11-04,17.12,4.8082,2.95,0.0,73.99
2020-11-05,19.83,4.1753,2.61,0.01,79.58
2020-11-06,18.83,4.679,2.32,0.0,74.49
2020-11-07,19.34,4.5509,2.31,0.0,75.76
2020-11-08,21.21,3.4183,2.76,0.07,81.76
2020-11-09,22.81,3.9475,3.22,0.35,81.72
2020-11-10,23.7,3.4855,1.85,1.68,80.62
2020-11-11,21.75,4.1364,2.16,0.15,70.23
2020-11-12,20.7,4.0366,2.28,0.01,70.16
2020-11-13,21.82,1.8062,3.12,0.54,82.25
2020-11-14,24.25,2.9976,4.53,0.41,80.92
2020-11-15,19.36,4.2341,4.67,0.78,51.35
2020-11-16,14.04,4.511,2.66,0.19,55.09
2020-11-17,14.25,4.5252,3.07,0.0,59.98
2020-11-18,14.91,4.3793,3.06,0.1,67.84
2020-11-19,18.58,3.5266,3.33,0.0,79.78
2020-11-20,20.84,2.839,3.26,0.02,80.21
2020-11-21,20.33,3.5959,2.85,0.07,78.7
2020-11-22,20.33,3.4505,2.29,0.37,73.2
2020-11-23,16.96,1.7688,2.95,0.12,78.61
2020-11-24,21.82,2.5978,5.54,2.17,83.54
2020-11-25,18.24,2.9244,3.65,1.58,63.62
2020-11-26,17.3,2.585,2.37,0.34,77.24
2020-11-27,22.04,1.8941,3.29,33.17,93.32
2020-11-28,17.05,0.6926,3.65,15.41,91.77
2020-11-29,13.18,2.7924,5.48,18.57,76.98
2020-11-30,7.07,4.4458,5.01,0.0,50.78
2020-12-01,9.67,3.8225,3.46,0.05,61.11
2020-12-02,15.62,1.6152,4.34,17.96,89.6
2020-12-03,8.53,2.5783,4.51,0.02,65.53
2020-12-04,7.61,3.5712,2.61,0.03,75.79
2020-12-05,8.35,1.3668,1.78,0.63,77.41
2020-12-06,10.01,3.7025,2.81,0.23,76.22
2020-12-07,9.72,4.1551,3.04,0.0,68.69
2020-12-08,11.84,4.0759,2.42,0.0,62.14
2020-12-09,12.79,4.0651,2.93,0.0,71.46
2020-12-10,14.98,3.6766,3.49,0.0,84.24
2020-12-11,18.27,1.1993,3.51,8.31,96.08
2020-12-12,14.29,2.0026,2.88,0.1,83.01
2020-12-13,13.6,0.8347,6.24,15.57,87.18
2020-12-14,6.37,1.698,3.44,0.0,75.08
2020-12-15,7.5,0.8803,3.04,1.0,93.08
2020-12-16,5.75,3.6826,3.76,0.02,78.32
2020-12-17,5.15,4.0858,1.81,0.0,76.74
2020-12-18,11.14,1.8778,4.14,0.17,88.94
2020-12-19,15.0,0.9737,3.04,25.29,97.93
2020-12-20,11.74,3.8021,2.35,0.19,75.82
2020-12-21,11.68,3.7654,2.43,0.09,83.21
2020-12-22,13.23,3.6578,3.13,0.0,85.19
2020-12-23,17.92,2.5222,5.18,2.2,80.65
2020-12-24,5.65,4.2235,6.18,0.0,44.21
2020-12-25,7.53,4.0385,2.33,0.0,61.26
2020-12-26,10.66,3.7642,2.72,0.04,78.38
2020-12-27,15.06,2.7269,3.82,0.0,86.88
2020-12-28,16.3,2.8394,3.44,0.0,87.8
2020-12-29,16.44,2.754,5.42,0.02,87.47
2020-12-30,19.29,1.9462,4.34,10.47,89.69
2020-12-31,14.95,0.4642,5.68,48.42,91.05
2021-01-01,6.11,3.6974,4.24,0.01,74.28
2021-01-02,6.72,4.073,2.86,0.0,75.51
2021-01-03,9.64,4.109,3.39,0.0,81.43
2021-01-04,13.35,3.8878,2.42,0.0,77.28
2021-01-05,12.1,3.7886,3.15,0.01,78.67
2021-01-06,14.48,2.7552,4.34,17.98,93.21
2021-01-07,8.92,4.0774,4.96,0.0,75.71
2021-01-08,6.56,2.7259,3.02,0.0,83.07
2021-01-09,5.6,4.0519,2.34,0.79,79.75
2021-01-10,2.65,0.9106,5.06,23.13,92.16
2021-01-11,1.59,2.1638,3.64,0.07,89.61
2021-01-12,3.58,2.5397,1.78,0.07,81.25
2021-01-13,5.56,4.3174,2.93,0.0,82.88
2021-01-14,9.62,4.2209,4.55,0.0,79.21
2021-01-15,6.86,4.5398,4.98,0.0,58.81
2021-01-16,6.73,4.5223,2.62,0.0,58.37
2021-01-17,8.72,4.2569,2.68,0.71,65.68
2021-01-18,11.8,2.9746,4.21,0.04,84.73
2021-01-19,16.98,2.8368,3.47,0.08,89.06
2021-01-20,15.44,1.4868,2.61,0.53,90.01
2021-01-21,15.87,1.152,2.18,3.35,94.26
2021-01-22,17.63,1.3474,1.58,0.7,89.42
2021-01-23,16.47,1.297,3.07,0.48,90.27
2021-01-24,19.15,2.1612,4.45,0.37,91.35
2021-01-25,19.39,2.0126,4.61,0.29,78.97
2021-01-26,15.89,2.867,3.0,0.0,66.3
2021-01-27,12.06,4.2398,5.14,0.0,66.48
2021-01-28,7.6,4.5146,2.75,0.0,73.09
2021-01-29,10.45,3.8702,3.22,0.0,83.3
2021-01-30,17.76,1.649,5.2,0.07,90.76
2021-01-31,12.09,4.8859,5.38,0.0,65.67
2021-02-01,8.24,5.01,3.71,0.0,69.07
2021-02-02,8.82,4.8494,2.47,0.0,71.88
2021-02-03,12.73,4.1282,3.86,0.0,83.26
2021-02-04,17.93,2.519,4.66,0.12,78.68
2021-02-05,9.18,1.0999,3.77,2.81,79.05
2021-02-06,11.52,2.225,3.0,0.19,82.68
2021-02-07,9.18,5.2685,3.16,0.0,79.76
2021-02-08,13.41,2.4305,3.41,0.01,92.6
2021-02-09,17.06,1.7952,1.52,0.04,87.08
2021-02-10,14.47,1.8725,2.89,1.06,90.83
2021-02-11,5.7,0.9396,5.97,10.27,83.2
2021-02-12,1.44,1.5386,6.08,0.8,83.1
2021-02-13,1.99,1.6606,5.19,0.27,77.34
2021-02-14,1.28,0.8916,4.96,1.26,76.92
2021-02-15,-6.84,4.0116,6.61,5.28,69.58
2021-02-16,-4.68,4.3716,2.85,0.11,63.48
2021-02-17,-1.3,1.1904,4.76,14.17,93.57
2021-02-18,-1.68,2.8445,5.31,0.78,91.48
2021-02-19,-0.58,5.7446,2.85,0.19,78.45
2021-02-20,4.63,5.6261,2.82,0.12,82.32
2021-02-21,13.23,2.9141,3.9,0.06,88.88
2021-02-22,13.58,5.6486,2.65,0.0,64.9
2021-02-23,13.26,5.8015,3.33,0.0,76.81
2021-02-24,18.81,2.3275,3.51,0.02,86.41
2021-02-25,18.29,1.6574,2.53,1.53,90.84
2021-02-26,19.25,3.0545,3.04,0.52,87.26
2021-02-27,20.54,2.3081,4.52,0.09,87.3
2021-02-28,21.92,2.5195,4.39,0.72,86.7
2021-03-01,14.3,1.3111,5.16,9.19,89.07
2021-03-02,11.23,4.8794,4.48,2.14,76.53
2021-03-03,11.06,6.1598,1.9,0.0,70.29
2021-03-04,12.92,5.957,2.69,0.0,70.75
2021-03-05,15.78,2.8958,2.68,0.16,85.46
2021-03-06,13.85,5.8702,4.14,0.01,73.67
2021-03-07,11.07,6.3451,3.34,0.0,64.54
2021-03-08,13.16,5.6417,3.02,0.0,73.28
2021-03-09,17.04,4.109,4.64,0.0,80.5
2021-03-10,19.07,3.0934,5.4,0.03,86.04
2021-03-11,20.41,3.7538,4.88,0.03,86.1
2021-03-12,21.4,4.8115,4.81,0.01,83.04
2021-03-13,20.58,4.5847,5.1,0.11,82.13
2021-03-14,18.57,1.8014,4.16,5.37,87.47
2021-03-15,18.95,3.3158,1.85,0.77,78.23
2021-03-16,22.01,2.3978,3.39,0.59,85.28
2021-03-17,20.47,4.0747,5.17,4.37,64.77
2021-03-18,12.09,7.0154,5.7,0.0,53.69
2021-03-19,11.75,6.8705,3.68,0.0,68.46
2021-03-20,12.12,6.8748,2.6,0.0,71.55
2021-03-21,13.56,6.3598,3.04,0.01,75.55
2021-03-22,17.73,3.39,4.94,5.7,81.17
2021-03-23,20.31,6.3689,2.69,4.43,73.58
2021-03-24,20.15,1.4621,4.51,0.23,87.69
2021-03-25,19.22,6.4834,3.78,0.04,70.34
2021-03-26,19.04,6.4586,3.39,0.0,68.88
2021-03-27,23.39,3.1178,4.35,0.32,81.68
2021-03-28,18.02,1.8902,4.6,1.43,63.85
2021-03-29,15.88,6.1906,3.29,0.02,62.41
2021-03-30,21.96,3.5966,4.51,0.01,81.59
2021-03-31,20.57,2.3916,4.41,1.19,74.14
2021-04-01,14.62,7.4354,4.03,0.0,47.07
2021-04-02,13.29,6.9468,3.69,0.0,54.78
2021-04-03,13.29,3.2542,3.21,0.12,73.25
2021-04-04,17.44,4.6085,3.12,0.06,71.68
2021-04-05,20.11,5.2447,3.59,0.08,74.54
2021-04-06,22.5,4.4021,5.91,0.03,76.02
2021-04-07,23.3,3.8078,4.68,1.78,77.7
2021-04-08,23.24,6.719,2.83,0.05,69.63
2021-04-09,23.93,3.3194,5.0,0.12,80.08
2021-04-10,21.6,6.3456,4.25,0.02,56.72
2021-04-11,20.59,7.6106,2.69,0.0,49.16
2021-04-12,22.57,5.0446,3.75,0.04,74.67
2021-04-13,24.62,3.125,3.16,2.1,80.85
2021-04-14,24.9,1.8931,2.53,3.33,83.16
2021-04-15,21.27,2.6304,3.81,4.28,81.67
2021-04-16,21.26,1.5641,3.72,2.74,87.85
2021-04-17,16.12,2.6971,4.8,0.32,70.56
2021-04-18,15.51,4.0913,3.99,0.01,59.81
2021-04-19,17.7,6.2698,1.74,0.04,53.68
2021-04-20,19.7,7.6505,3.19,0.06,53.93
2021-04-21,14.15,7.621,3.98,0.0,48.62
2021-04-22,17.18,4.2547,4.33,0.12,63.65
2021-04-23,21.93,1.6889,5.21,19.74,89.92
2021-04-24,23.13,7.7904,4.38,1.02,68.99
2021-04-25,21.78,7.8708,3.33,0.01,67.47
2021-04-26,22.63,6.9118,4.63,0.0,69.65
2021-04-27,24.78,2.0551,5.03,0.02,79.32
2021-04-28,26.88,3.9158,7.27,0.03,75.0
2021-04-29,25.51,2.7295,4.02,9.6,80.78
2021-04-30,21.78,0.9751,3.55,63.37,93.83
2021-05-01,21.94,2.3477,4.87,20.6,89.95
2021-05-02,23.83,7.4062,3.99,5.21,81.81
2021-05-03,25.79,5.6362,4.67,1.0,83.54
2021-05-04,24.46,4.583,3.11,4.68,83.28
2021-05-05,20.49,7.9637,3.23,0.02,72.71
2021-05-06,21.75,8.1146,2.83,0.03,72.4
2021-05-07,22.4,7.6678,2.91,0.0,65.15
2021-05-08,23.98,5.8718,5.7,0.0,77.45
2021-05-09,26.71,4.6351,5.48,0.28,75.75
2021-05-10,26.56,6.1646,2.87,1.42,78.96
2021-05-11,25.54,5.8891,2.95,2.19,81.24
2021-05-12,20.39,3.036,4.56,4.85,82.64
2021-05-13,21.1,4.325,3.27,0.01,73.41
2021-05-14,21.79,5.8586,2.77,0.0,70.38
2021-05-15,23.8,5.3501,3.84,0.27,73.94
2021-05-16,22.86,0.9307,4.23,8.86,87.8
2021-05-17,24.77,5.4122,3.35,33.74,90.1
2021-05-18,23.44,4.6003,4.68,9.91,91.95
2021-05-19,22.6,1.2686,3.2,50.43,93.64
2021-05-20,23.2,4.6003,2.75,0.78,91.56
2021-05-21,23.68,3.8462,4.16,6.62,90.29
2021-05-22,23.76,3.1171,5.46,8.9,90.2
2021-05-23,22.74,1.782,3.94,12.02,92.66
2021-05-24,23.87,4.4227,3.98,20.07,90.13
2021-05-25,24.27,5.2855,3.97,8.65,89.82
2021-05-26,25.64,6.9739,3.19,1.24,84.99
2021-05-27,26.1,6.6802,3.71,0.01,82.64
2021-05-28,24.97,5.5507,2.33,12.07,90.14
2021-05-29,25.36,6.3638,1.72,1.94,82.66
2021-05-30,23.89,5.7768,3.64,0.62,81.99
2021-05-31,24.82,5.4938,3.39,2.93,84.05
2021-06-01,24.72,3.4793,2.36,6.62,86.99
2021-06-02,24.75,6.1968,1.33,11.32,82.18
2021-06-03,24.65,3.4397,1.24,28.38,85.48
2021-06-04,23.72,3.6538,2.72,16.03,91.05
2021-06-05,24.81,6.1896,2.22,7.4,86.55
2021-06-06,25.92,7.031,2.76,1.28,85.73
2021-06-07,26.56,5.6062,4.33,1.08,88.9
2021-06-08,27.01,6.7457,3.69,0.3,86.38
2021-06-09,26.89,6.8695,3.35,0.02,85.99
2021-06-10,27.04,6.5366,3.21,0.0,83.4
2021-06-11,27.13,7.6109,3.25,0.0,81.34
2021-06-12,27.96,7.2266,1.73,0.0,79.25
2021-06-13,28.67,6.9972,1.82,0.03,75.16
2021-06-14,27.87,6.2575,2.44,1.55,80.01
2021-06-15,28.77,6.5755,1.23,11.27,76.52
2021-06-16,28.1,7.2662,1.99,1.52,77.75
2021-06-17,28.13,7.2883,2.14,0.09,73.74
2021-06-18,26.96,7.979,1.92,0.0,67.22
2021-06-19,27.7,7.3541,2.11,0.02,68.31
2021-06-20,27.57,4.5684,3.42,1.91,83.84
2021-06-21,28.57,4.8403,3.83,3.33,81.83
2021-06-22,28.47,5.8066,1.51,10.01,82.71
2021-06-23,28.72,7.074,2.87,1.05,80.77
2021-06-24,28.75,6.5386,3.18,1.14,81.31
2021-06-25,28.21,6.9482,3.46,1.8,83.06
2021-06-26,28.09,6.7687,3.64,1.01,78.44
2021-06-27,27.64,6.4512,3.48,5.86,80.27
2021-06-28,25.13,1.7052,2.75,23.09,92.83
2021-06-29,26.23,3.6278,2.87,6.87,88.23
2021-06-30,27.37,6.1183,1.96,3.36,82.21
2021-07-01,28.33,6.9206,1.49,1.47,76.06
2021-07-02,26.77,6.8693,1.67,1.3,83.17
2021-07-03,26.8,2.8973,0.77,11.13,83.47
2021-07-04,26.73,4.6973,1.53,14.26,88.29
2021-07-05,26.39,4.4482,2.08,12.26,88.69
2021-07-06,26.48,4.1484,2.61,6.25,86.43
2021-07-07,25.67,4.1899,3.03,2.68,85.35
2021-07-08,25.15,2.8973,4.45,20.81,90.62
2021-07-09,25.38,1.3116,3.69,14.2,94.82
2021-07-10,27.62,6.5873,3.15,0.64,83.04
2021-07-11,27.21,5.5344,3.02,0.72,84.88
2021-07-12,26.74,5.3429,2.28,5.05,85.17
2021-07-13,26.5,6.1008,1.84,8.86,84.38
2021-07-14,26.41,5.322,2.4,7.44,87.38
2021-07-15,27.0,5.9107,2.63,4.56,85.99
2021-07-16,27.37,5.5102,2.94,2.11,86.22
2021-07-17,27.9,7.4239,2.53,0.08,81.76
2021-07-18,28.18,6.2964,1.85,0.62,81.24
2021-07-19,28.64,6.2945,1.71,1.97,77.42
2021-07-20,26.91,5.4965,2.05,5.5,80.84
2021-07-21,27.0,5.243,1.72,4.96,80.07
2021-07-22,26.58,5.9282,2.18,3.0,81.33
2021-07-23,27.9,7.2737,3.0,0.79,80.9
2021-07-24,27.99,7.7153,2.75,0.02,79.37
2021-07-25,27.33,7.4006,2.04,0.0,76.74
2021-07-26,27.8,7.5816,1.87,0.0,72.72
2021-07-27,27.69,5.7605,1.77,3.25,75.82
2021-07-28,28.56,6.8321,1.21,1.94,79.25
2021-07-29,29.02,6.0842,2.05,0.17,74.81
2021-07-30,29.11,6.3106,1.48,1.71,76.75
2021-07-31,29.09,6.3358,2.05,1.1,76.37
2021-08-01,28.62,5.6743,2.46,0.41,76.06
2021-08-02,27.65,5.8567,2.44,6.02,81.46
2021-08-03,28.36,4.4484,1.18,3.14,74.26
2021-08-04,27.79,3.7102,2.15,5.36,79.78
2021-08-05,26.34,3.0074,1.79,3.05,78.98
2021-08-06,27.23,5.1463,2.29,4.03,75.33
2021-08-07,28.52,6.7577,3.0,1.25,76.92
2021-08-08,29.07,6.7049,3.96,0.23,78.69
2021-08-09,29.04,6.9182,3.86,0.11,79.69
2021-08-10,28.76,6.738,3.06,0.25,79.12
2021-08-11,28.72,6.1183,2.64,0.32,78.63
2021-08-12,28.64,6.3031,2.15,1.09,77.27
2021-08-13,28.65,4.8355,1.77,1.9,76.83
2021-08-14,28.9,5.8361,1.85,1.51,75.72
2021-08-15,28.36,5.4007,1.34,6.54,76.37
2021-08-16,28.04,5.8087,1.64,4.53,78.05
2021-08-17,28.7,6.3782,2.24,1.89,74.72
2021-08-18,28.67,4.0613,2.93,5.98,84.82
2021-08-19,29.17,6.4034,3.09,2.5,80.55
2021-08-20,29.21,6.8527,3.15,0.1,74.87
2021-08-21,29.44,6.786,2.88,0.0,71.05
2021-08-22,28.99,6.8234,2.01,0.0,67.46
2021-08-23,29.05,6.8287,2.06,0.0,65.09
2021-08-24,29.82,6.5712,2.09,0.0,67.38
2021-08-25,30.16,5.7636,1.45,0.7,69.11
2021-08-26,29.85,4.5329,2.37,3.04,70.2
2021-08-27,27.43,4.7537,2.72,3.08,82.52
2021-08-28,27.09,4.6222,2.25,2.91,84.95
2021-08-29,28.76,5.8896,2.19,0.84,73.67
2021-08-30,30.15,6.3238,2.26,0.12,63.22
2021-08-31,30.36,6.551,2.68,0.25,66.95
2021-09-01,29.96,4.6418,2.31,2.34,74.64
2021-09-02,29.79,5.0556,2.04,2.53,75.03
2021-09-03,29.23,5.0244,2.07,5.12,76.35
2021-09-04,29.66,6.1867,2.51,0.4,70.65
2021-09-05,29.89,6.4315,2.49,0.91,67.33
2021-09-06,28.88,4.326,2.06,4.99,73.06
2021-09-07,27.68,6.5254,1.95,0.18,63.44
2021-09-08,27.72,6.63,1.95,0.0,58.64
2021-09-09,27.96,6.3986,2.55,0.0,57.42
2021-09-10,25.92,6.6946,2.87,0.0,54.32
2021-09-11,25.71,5.8872,2.93,0.0,61.74
2021-09-12,25.81,4.8005,2.95,1.51,72.68
2021-09-13,25.07,1.5773,5.31,19.05,90.45
2021-09-14,23.79,2.3815,7.32,21.73,82.86
2021-09-15,25.44,3.3106,3.67,0.25,76.05
2021-09-16,25.54,3.9862,2.25,0.04,79.61
2021-09-17,27.65,5.1274,1.44,0.0,75.55
2021-09-18,27.97,5.0554,1.75,2.31,74.67
2021-09-19,27.34,5.4194,2.0,1.46,77.46
2021-09-20,28.67,6.0557,2.72,0.06,72.68
2021-09-21,28.83,5.568,2.93,0.82,70.29
2021-09-22,23.19,6.329,4.5,0.03,44.83
2021-09-23,21.22,6.6598,2.19,0.0,56.83
2021-09-24,22.18,6.5042,2.44,0.0,57.21
2021-09-25,23.06,6.4531,2.04,0.0,58.08
2021-09-26,23.57,6.1032,2.43,0.0,65.49
2021-09-27,26.53,4.2564,1.94,0.1,74.81
2021-09-28,26.08,2.7161,2.89,30.88,88.0
2021-09-29,25.77,3.385,2.25,7.58,85.29
2021-09-30,25.97,3.5938,2.45,13.6,87.68
2021-10-01,24.22,1.9078,2.72,32.04,96.15
2021-10-02,24.79,3.7082,2.01,3.76,88.04
2021-10-03,25.75,4.745,1.55,2.2,80.04
2021-10-04,23.57,5.2757,2.81,0.01,69.67
2021-10-05,23.39,5.7977,1.8,0.0,61.46
2021-10-06,24.13,5.6918,1.1,0.0,59.91
2021-10-07,23.6,5.7043,1.74,0.0,67.44
2021-10-08,23.63,5.6942,2.02,0.0,72.89
2021-10-09,24.07,5.6206,2.89,0.0,79.28
2021-10-10,26.57,4.3318,5.45,5.17,84.47
2021-10-11,25.66,4.2794,2.2,8.71,75.51
2021-10-12,26.25,4.5084,3.76,0.26,88.77
2021-10-13,26.82,4.9217,4.59,0.61,79.8
2021-10-14,24.87,0.9854,3.46,16.97,89.0
2021-10-15,25.49,4.416,3.1,2.4,80.19
2021-10-16,17.7,5.7139,4.43,0.0,55.86
2021-10-17,16.63,4.8754,1.79,0.0,55.64
2021-10-18,17.63,5.5546,2.0,0.0,61.21
2021-10-19,20.24,4.813,3.04,0.0,80.9
2021-10-20,23.57,4.1546,2.2,0.0,84.26
2021-10-21,24.91,4.3106,1.41,0.0,79.62
2021-10-22,24.04,4.2118,1.88,0.01,79.41
2021-10-23,23.25,2.477,3.17,3.33,89.73
2021-10-24,25.16,4.5852,2.96,2.8,83.89
2021-10-25,25.93,4.3138,1.89,0.01,81.46
2021-10-26,24.82,2.9186,3.87,1.27,88.23
2021-10-27,22.62,3.7306,5.11,20.74,73.22
2021-10-28,17.78,5.3746,7.04,0.0,44.71
2021-10-29,15.44,5.3738,5.57,0.0,45.19
2021-10-30,15.65,5.2752,2.34,0.0,50.51
2021-10-31,18.0,5.1029,1.91,0.0,55.64
2021-11-01,17.72,4.7431,2.69,0.0,78.13
2021-11-02,19.05,4.4988,2.41,0.03,80.9
2021-11-03,16.09,1.7914,2.81,18.98,93.09
2021-11-04,11.9,1.6687,3.6,1.72,81.38
2021-11-05,11.67,4.8792,2.58,0.0,69.85
2021-11-06,12.21,4.8929,2.21,0.0,73.73
2021-11-07,13.28,4.8226,2.43,0.0,79.06
2021-11-08,15.52,4.6598,2.77,0.0,83.69
2021-11-09,17.66,3.2594,2.8,0.01,85.58
2021-11-10,20.44,3.6955,3.86,1.55,84.93
2021-11-11,18.7,3.2906,3.47,8.28,79.8
2021-11-12,15.04,4.3661,2.61,0.22,74.13
2021-11-13,12.35,4.6862,2.61,0.0,53.71
2021-11-14,15.49,4.2775,2.57,0.0,73.92
2021-11-15,18.83,4.061,2.98,0.0,83.02
2021-11-16,20.45,4.05,4.29,0.0,81.32
2021-11-17,22.13,4.0846,4.25,0.0,80.57
2021-11-18,17.15,3.6713,4.45,0.02,68.55
2021-11-19,12.67,4.1858,2.5,0.0,57.11
2021-11-20,16.85,3.4512,2.82,0.0,82.74
2021-11-21,20.91,2.6062,2.68,1.9,83.7
2021-11-22,14.83,4.0999,3.97,0.03,60.79
2021-11-23,13.16,4.2338,2.99,0.0,75.31
2021-11-24,19.72,2.2855,4.68,0.5,82.94
2021-11-25,17.03,1.1143,5.04,16.58,77.91
2021-11-26,9.46,2.9758,3.19,0.0,60.27
2021-11-27,9.56,1.4378,1.15,7.18,81.36
2021-11-28,12.03,1.3834,2.54,0.59,89.39
2021-11-29,12.08,4.1974,1.99,0.01,75.1
2021-11-30,13.95,3.9034,2.38,0.07,84.07
2021-12-01,16.85,3.805,2.2,0.03,84.32
2021-12-02,17.9,3.15,2.07,0.15,84.98
2021-12-03,19.28,2.9998,2.82,0.41,93.64
2021-12-04,21.02,2.7283,2.72,0.28,87.84
2021-12-05,20.96,2.5003,3.53,0.08,90.46
2021-12-06,18.73,1.853,4.3,3.53,79.51
2021-12-07,14.86,2.1826,1.48,0.03,77.55
2021-12-08,17.18,2.0863,1.83,0.0,84.67
2021-12-09,21.92,2.3714,4.14,0.0,87.57
2021-12-10,23.74,2.0688,5.8,2.91,88.41
2021-12-11,14.34,1.5403,5.61,3.4,58.8
2021-12-12,9.17,3.8568,2.46,0.0,66.06
2021-12-13,15.33,1.7801,2.47,1.3,86.96
2021-12-14,20.91,2.2613,3.5,0.47,89.45
2021-12-15,21.93,2.6786,4.68,0.03,86.44
2021-12-16,22.34,2.6426,3.61,0.4,86.05
2021-12-17,21.38,2.6117,3.95,0.68,90.32
2021-12-18,17.55,0.9346,4.54,30.78,90.22
2021-12-19,9.87,3.0763,4.2,1.05,65.42
2021-12-20,9.18,2.8003,2.65,1.06,79.72
2021-12-21,9.55,3.9634,1.9,0.0,76.95
2021-12-22,13.01,3.5623,2.93,0.0,83.08
2021-12-23,16.73,3.3612,3.89,0.0,85.84
2021-12-24,19.58,3.1706,4.93,0.0,85.26
2021-12-25,20.95,2.699,4.09,0.01,87.05
2021-12-26,21.06,2.9856,4.13,0.0,86.06
2021-12-27,21.95,2.1377,4.32,0.01,84.13
2021-12-28,22.23,2.2296,4.68,0.03,83.95
2021-12-29,22.95,2.681,2.84,0.01,83.84
2021-12-30,21.74,2.4206,1.78,0.0,81.59
2021-12-31,22.47,2.7137,4.73,0.0,86.04
2022-01-01,23.02,2.4593,5.25,0.39,79.63
2022-01-02,2.29,4.2235,7.94,0.07,51.33
2022-01-03,4.12,4.3092,1.82,0.0,55.49
2022-01-04,9.79,4.0022,3.08,0.0,68.38
2022-01-05,15.43,3.7354,3.27,0.0,83.57
2022-01-06,12.83,3.156,3.98,0.01,70.33
2022-01-07,7.12,1.3582,2.94,0.08,73.41
2022-01-08,18.21,1.2763,5.45,15.16,89.67
2022-01-09,18.04,1.8178,4.73,6.19,78.89
2022-01-10,9.61,3.9314,5.12,0.04,56.89
2022-01-11,7.35,2.8627,2.67,0.78,65.61
2022-01-12,10.98,1.824,1.41,0.01,73.25
2022-01-13,12.12,4.2655,2.49,0.0,67.0
2022-01-14,13.7,4.2125,2.97,0.0,73.44
2022-01-15,7.94,3.672,8.02,0.0,54.46
2022-01-16,5.57,4.5,3.88,0.0,55.89
2022-01-17,9.7,4.4371,1.81,0.0,58.22
2022-01-18,14.08,3.4886,4.37,0.0,81.84
2022-01-19,18.4,2.4257,4.47,13.33,87.71
2022-01-20,4.38,1.1436,6.49,1.47,68.18
2022-01-21,3.93,3.3122,3.6,0.17,60.49
2022-01-22,3.38,4.6306,3.16,0.01,64.19
2022-01-23,6.85,3.0254,1.94,0.0,63.13
2022-01-24,8.3,0.9456,2.1,8.69,87.95
2022-01-25,10.26,1.5586,3.14,0.07,87.48
2022-01-26,7.47,3.2844,2.68,0.07,73.26
2022-01-27,7.97,4.2962,2.26,0.01,73.48
2022-01-28,8.11,4.265,4.44,0.02,60.01
2022-01-29,7.83,4.9022,2.51,0.0,59.36
2022-01-30,9.96,4.6536,3.08,0.0,75.7
2022-01-31,13.72,0.6854,4.87,21.72,91.36
2022-02-01,15.3,2.0796,2.78,5.95,90.78
2022-02-02,15.73,2.4902,2.51,4.95,90.02
2022-02-03,1.92,0.8455,7.56,6.61,79.41
2022-02-04,-1.71,1.8696,6.2,0.0,74.97
2022-02-05,1.92,5.2339,2.0,0.0,66.72
2022-02-06,6.44,4.2386,1.54,0.0,75.69
2022-02-07,8.79,4.9466,3.37,0.0,68.12
2022-02-08,8.2,5.3119,2.16,0.0,59.45
2022-02-09,9.7,5.2668,2.97,0.0,74.61
2022-02-10,11.67,5.0242,2.17,0.0,74.66
2022-02-11,13.06,5.232,2.98,0.0,77.63
2022-02-12,8.65,2.0518,5.18,1.78,83.41
2022-02-13,6.17,5.5963,2.91,0.0,53.19
2022-02-14,9.06,5.4602,2.99,0.0,70.33
2022-02-15,14.02,4.0596,4.8,0.0,82.58
2022-02-16,18.92,2.807,6.4,0.58,84.4
2022-02-17,16.97,4.283,7.08,2.87,71.38
2022-02-18,6.38,4.9754,4.52,0.0,60.13
2022-02-19,9.02,5.1965,2.63,0.0,63.98
2022-02-20,13.02,2.1175,2.92,0.34,80.71
2022-02-21,20.87,3.5952,6.21,0.83,84.63
2022-02-22,21.71,2.1341,4.26,0.15,80.18
2022-02-23,9.18,1.1534,5.0,0.35,69.22
2022-02-24,6.15,1.8089,4.21,0.34,78.87
2022-02-25,4.78,1.5504,4.61,0.61,70.16
2022-02-26,6.45,0.9607,2.94,4.37,86.67
2022-02-27,7.43,4.5542,4.58,0.26,72.62
2022-02-28,9.93,6.0931,1.93,0.0,55.61
2022-03-01,13.17,5.9947,1.47,0.0,52.43
2022-03-02,13.59,5.7804,2.26,0.0,71.89
2022-03-03,16.7,4.5941,1.82,0.0,76.68
2022-03-04,17.6,3.0038,3.8,0.0,84.19
2022-03-05,20.74,4.0675,5.35,0.01,80.99
2022-03-06,22.09,3.4411,5.44,0.53,82.31
2022-03-07,13.34,2.3357,5.76,1.32,62.54
2022-03-08,8.29,1.0862,3.79,12.79,80.25
2022-03-09,9.28,4.3334,3.01,0.01,70.85
2022-03-10,12.69,6.2719,2.43,0.02,74.93
2022-03-11,11.02,2.0354,6.0,0.23,72.29
2022-03-12,6.77,6.8813,3.56,0.0,48.29
2022-03-13,10.28,5.2843,3.45,0.0,64.14
2022-03-14,17.87,4.446,4.48,10.82,82.59
2022-03-15,16.13,6.5662,3.99,1.63,71.8
2022-03-16,16.95,6.6084,2.22,0.03,74.02
2022-03-17,18.24,3.0722,5.03,1.66,84.12
2022-03-18,16.21,6.6391,5.47,0.37,61.1
2022-03-19,14.97,6.8554,2.57,0.0,56.12
2022-03-20,15.75,6.822,4.01,0.01,68.01
2022-03-21,20.53,1.8269,7.21,11.87,89.91
2022-03-22,17.34,6.1646,5.09,27.76,73.53
2022-03-23,12.5,6.9734,3.69,0.0,56.07
2022-03-24,13.73,7.1834,3.46,0.0,51.05
2022-03-25,16.84,7.0548,2.29,0.0,51.33
2022-03-26,18.94,6.9782,3.32,0.0,73.66
2022-03-27,20.06,6.9701,4.2,0.0,73.38
2022-03-28,21.12,6.06,4.68,0.0,75.07
2022-03-29,22.25,4.9877,6.93,0.35,81.28
2022-03-30,21.59,5.6244,6.29,10.98,67.03
2022-03-31,15.48,7.1786,2.86,0.0,55.25
2022-04-01,17.38,6.9629,3.57,0.0,61.4
2022-04-02,20.3,5.0386,2.45,0.01,75.36
2022-04-03,20.5,7.0022,3.27,0.0,70.33
2022-04-04,21.68,1.9987,4.03,6.29,86.03
2022-04-05,24.89,4.4311,3.05,2.35,79.5
2022-04-06,21.4,6.017,5.72,0.01,61.2
2022-04-07,15.97,7.787,5.07,0.0,40.95
2022-04-08,15.03,7.795,4.54,0.0,41.59
2022-04-09,18.95,7.5979,3.52,0.0,48.55
2022-04-10,21.66,5.3935,6.78,0.57,73.46
2022-04-11,24.21,4.337,5.52,1.04,75.49
2022-04-12,23.78,2.4946,5.84,0.39,82.84
2022-04-13,25.03,2.2742,5.5,0.9,68.7
2022-04-14,20.27,7.3133,3.85,0.0,47.31
2022-04-15,23.52,2.8102,4.28,0.13,75.87
2022-04-16,26.22,2.6976,3.36,0.04,76.74
2022-04-17,26.42,4.0106,2.15,0.69,72.74
2022-04-18,22.28,7.5636,3.51,0.03,63.05
2022-04-19,19.44,5.3174,5.46,0.05,67.52
2022-04-20,24.26,3.8822,6.24,0.08,76.63
2022-04-21,25.4,4.6313,5.2,0.0,73.84
2022-04-22,25.1,6.3986,6.02,0.0,69.62
2022-04-23,24.81,6.03,6.15,0.0,68.94
2022-04-24,25.65,5.7367,5.57,0.13,71.11
2022-04-25,23.77,4.661,2.63,26.92,80.41
2022-04-26,20.43,4.6488,3.49,7.5,73.48
2022-04-27,21.26,7.4707,3.0,0.0,60.75
2022-04-28,23.35,6.0365,3.98,0.01,74.48
2022-04-29,25.11,6.2563,5.21,0.0,71.05
2022-04-30,26.28,5.863,3.31,2.8,73.11
2022-05-01,25.51,5.7794,2.73,2.23,75.95
2022-05-02,26.65,6.3146,5.58,0.28,73.04
2022-05-03,26.74,5.8207,4.42,0.12,73.62
2022-05-04,26.79,5.5764,5.12,0.08,75.2
2022-05-05,25.82,5.1838,4.64,19.34,83.18
2022-05-06,25.71,6.8328,1.82,0.48,63.17
2022-05-07,28.01,5.9592,3.15,0.06,73.56
2022-05-08,28.63,7.6255,5.04,0.0,69.99
2022-05-09,28.35,7.1734,5.44,0.0,74.72
2022-05-10,28.08,7.7304,4.7,0.0,69.14
2022-05-11,27.11,7.2146,3.52,0.0,69.34
2022-05-12,26.78,7.963,3.18,0.0,64.44
2022-05-13,27.05,6.9382,3.13,0.0,65.08
2022-05-14,27.29,6.3871,2.7,0.0,66.73
2022-05-15,28.1,7.2713,2.61,0.0,64.04
2022-05-16,28.64,7.0954,1.73,0.0,61.18
2022-05-17,28.58,7.8067,3.52,0.0,61.57
2022-05-18,29.14,7.9145,5.14,0.0,60.27
2022-05-19,29.34,7.777,5.83,0.0,59.34
2022-05-20,29.25,6.8309,6.6,0.0,62.74
2022-05-21,28.68,6.0029,4.79,15.34,74.93
2022-05-22,24.42,4.8329,2.23,13.36,85.59
2022-05-23,25.42,6.2086,2.68,0.18,72.25
2022-05-24,24.2,3.1709,3.42,19.24,88.44
2022-05-25,23.93,6.6504,2.98,1.68,74.75
2022-05-26,25.92,8.0904,2.7,0.0,52.4
2022-05-27,27.32,7.9678,3.2,0.01,62.66
2022-05-28,27.48,8.135,3.08,0.0,63.04
2022-05-29,28.33,8.1281,5.13,0.0,68.0
2022-05-30,29.12,7.2197,6.29,0.0,68.03
2022-05-31,29.61,7.327,4.9,0.15,68.83
2022-06-01,29.46,6.8304,3.2,1.5,69.09
2022-06-02,28.06,6.7001,2.19,0.9,68.86
2022-06-03,27.52,7.4148,2.76,0.22,65.14
2022-06-04,27.99,5.3894,1.31,0.49,67.03
2022-06-05,28.59,6.9626,3.03,0.13,68.82
2022-06-06,29.8,6.5126,5.21,0.01,65.25
2022-06-07,30.67,7.6812,4.82,0.0,62.19
2022-06-08,31.61,6.5597,3.7,0.0,60.31
2022-06-09,31.57,7.3435,2.05,0.0,59.39
2022-06-10,31.61,7.3692,3.09,0.0,60.98
2022-06-11,32.42,7.2007,3.64,0.0,56.67
2022-06-12,31.6,7.765,4.63,0.0,60.52
2022-06-13,31.39,7.5773,4.93,0.0,60.04
2022-06-14,31.18,6.9449,5.13,0.01,61.15
2022-06-15,31.45,6.5671,4.36,0.02,58.65
2022-06-16,30.58,7.5005,2.17,0.01,59.39
2022-06-17,31.4,7.0769,2.37,0.14,55.19
2022-06-18,31.89,7.2187,2.14,0.07,50.25
2022-06-19,32.32,8.0042,2.42,0.01,47.72
2022-06-20,33.19,7.2636,2.41,0.01,49.82
2022-06-21,32.55,6.7195,2.85,0.26,55.49
2022-06-22,32.18,6.9206,1.58,0.77,55.64
2022-06-23,33.1,7.8482,2.59,0.17,45.29
2022-06-24,32.13,7.9421,3.19,0.0,49.58
2022-06-25,32.11,8.0578,3.12,0.0,51.22
2022-06-26,32.17,7.7702,2.42,0.14,48.58
2022-06-27,31.22,5.5363,2.53,2.45,52.35
2022-06-28,30.17,5.9196,2.56,1.73,59.22
2022-06-29,29.94,5.4898,2.64,0.63,54.14
2022-06-30,27.59,3.2983,3.13,2.98,74.81
2022-07-01,28.85,3.1478,2.38,4.48,74.53
2022-07-02,30.58,6.6756,3.44,1.05,67.65
2022-07-03,31.7,7.6538,3.65,0.23,61.37
2022-07-04,31.61,7.5994,3.53,0.06,62.3
2022-07-05,31.8,7.5182,3.5,0.0,58.93
2022-07-06,31.33,6.7094,3.41,0.61,61.71
2022-07-07,32.08,7.2401,3.37,0.3,58.26
2022-07-08,33.03,7.6224,3.07,0.03,55.11
2022-07-09,33.65,7.7774,2.89,0.0,50.83
2022-07-10,34.49,7.6195,3.5,0.66,48.49
2022-07-11,33.85,7.4983,4.13,0.86,51.15
2022-07-12,33.71,6.5736,2.73,1.29,54.8
2022-07-13,33.0,6.6468,3.02,0.88,55.32
2022-07-14,31.3,5.4871,2.69,3.71,60.52
2022-07-15,29.39,5.1996,2.66,4.12,67.31
2022-07-16,31.02,6.8563,2.73,0.19,60.26
2022-07-17,31.8,7.2108,3.18,0.06,55.9
2022-07-18,32.39,7.3985,3.94,0.02,54.5
2022-07-19,32.77,7.6654,5.06,0.0,56.77
2022-07-20,33.11,7.7119,4.67,0.0,55.98
2022-07-21,33.11,7.0361,3.83,0.19,55.89
2022-07-22,31.65,5.7329,3.03,2.0,60.54
2022-07-23,31.55,6.4788,3.36,1.45,60.71
2022-07-24,32.1,6.9818,3.33,0.56,59.25
2022-07-25,32.52,7.3274,3.36,0.15,55.73
2022-07-26,32.21,6.983,3.52,0.16,57.51
2022-07-27,31.47,6.3122,3.06,1.65,58.83
2022-07-28,31.31,6.7418,3.17,2.12,61.6
2022-07-29,30.88,6.4466,3.16,2.72,64.67
2022-07-30,30.76,5.4566,3.2,0.33,62.44
2022-07-31,31.22,7.1273,3.31,0.09,59.4
2022-08-01,31.74,5.9388,3.57,0.62,57.75
2022-08-02,31.88,6.9821,3.69,0.22,59.69
2022-08-03,32.31,6.6295,4.32,0.15,60.78
2022-08-04,32.48,6.7846,3.78,0.14,56.15
2022-08-05,30.33,3.5539,2.35,1.92,65.49
2022-08-06,29.53,4.6538,2.56,2.01,68.86
2022-08-07,30.59,6.6262,3.18,1.23,66.53
2022-08-08,31.0,6.8537,2.71,0.98,62.31
2022-08-09,30.91,6.5196,2.46,0.8,63.41
2022-08-10,30.76,6.3125,1.84,6.35,64.16
2022-08-11,29.26,6.168,1.7,13.06,72.54
2022-08-12,30.03,4.831,2.17,2.75,70.91
2022-08-13,29.74,5.0671,3.28,1.5,72.18
2022-08-14,28.96,5.5481,3.36,1.58,73.45
2022-08-15,30.26,6.4589,2.83,0.21,66.05
2022-08-16,31.15,6.5767,2.18,0.03,64.02
2022-08-17,31.68,6.5244,2.45,0.11,61.96
2022-08-18,30.98,5.2202,1.67,5.95,65.66
2022-08-19,27.17,1.6766,2.09,28.02,84.71
2022-08-20,28.03,4.9934,2.82,4.0,81.74
2022-08-21,28.97,4.902,3.39,7.13,79.66
2022-08-22,28.94,5.4821,3.96,5.01,78.8
2022-08-23,27.02,4.4902,2.56,10.23,84.53
2022-08-24,27.66,2.8944,2.41,12.52,80.57
2022-08-25,29.06,5.1922,1.12,2.51,75.39
2022-08-26,29.36,5.0638,1.35,1.93,74.78
2022-08-27,28.85,5.2099,2.43,2.38,77.05
2022-08-28,29.24,6.109,3.43,1.93,76.26
2022-08-29,28.19,3.0082,3.39,14.75,82.93
2022-08-30,27.75,3.2518,2.14,12.27,86.67
2022-08-31,28.11,4.0565,1.52,6.91,80.16
2022-09-01,28.65,5.4583,1.11,4.94,77.13
2022-09-02,28.56,4.7371,1.36,5.06,78.79
2022-09-03,26.88,2.7648,1.11,16.4,85.68
2022-09-04,25.79,2.5771,1.32,2.17,86.14
2022-09-05,25.98,3.8062,2.24,0.06,81.42
2022-09-06,26.58,5.7293,2.16,0.16,77.89
2022-09-07,27.28,6.3578,1.43,1.58,75.7
2022-09-08,27.12,5.9724,1.9,1.27,74.56
2022-09-09,27.07,5.9026,1.32,0.1,71.44
2022-09-10,27.72,6.1889,1.2,0.01,66.94
2022-09-11,27.17,5.8627,2.71,0.03,69.42
2022-09-12,26.57,6.3418,2.69,0.0,66.1
2022-09-13,26.0,6.2333,2.25,0.01,62.18
2022-09-14,25.04,6.7752,2.67,0.0,64.66
2022-09-15,26.25,5.1619,3.25,0.44,66.93
2022-09-16,27.85,5.0947,2.77,1.25,75.93
2022-09-17,28.23,5.8848,2.71,0.72,75.12
2022-09-18,28.82,5.5092,2.03,0.57,72.74
2022-09-19,28.92,5.4739,1.89,1.33,74.09
2022-09-20,29.33,6.0077,1.68,0.19,67.5
2022-09-21,28.53,6.324,1.89,0.02,66.24
2022-09-22,29.25,6.2604,2.04,0.0,60.24
2022-09-23,29.48,5.8068,2.48,0.0,62.53
2022-09-24,28.44,6.2069,2.04,0.0,64.77
2022-09-25,29.15,5.6393,1.26,0.0,64.07
2022-09-26,27.08,6.0859,3.59,0.0,54.13
2022-09-27,23.68,6.583,2.99,0.0,46.04
2022-09-28,23.48,6.3101,2.78,0.0,49.41
2022-09-29,22.48,6.2969,3.04,0.0,48.11
2022-09-30,20.89,6.4294,2.66,0.0,47.98
2022-10-01,21.42,6.4049,1.85,0.0,52.79
2022-10-02,22.0,5.8099,2.11,0.0,48.81
2022-10-03,23.34,5.466,1.58,0.0,45.88
2022-10-04,23.25,4.2209,2.13,0.0,52.68
2022-10-05,23.7,5.9359,1.71,0.0,57.04
2022-10-06,24.34,5.7994,1.79,0.0,57.78
2022-10-07,24.02,3.3406,2.14,0.0,59.34
2022-10-08,24.7,5.2783,2.96,0.0,53.27
2022-10-09,23.93,5.4862,2.47,0.0,53.73
2022-10-10,23.82,5.6148,2.85,0.0,58.57
2022-10-11,24.28,4.5218,3.4,0.01,63.25
2022-10-12,28.07,5.0282,2.54,1.14,69.14
2022-10-13,26.96,4.3951,1.77,2.27,69.57
2022-10-14,24.55,5.3736,2.49,0.07,56.59
2022-10-15,25.74,5.3482,3.14,0.01,70.44
2022-10-16,26.99,4.8667,2.18,2.38,69.62
2022-10-17,20.54,1.717,4.19,7.5,67.81
2022-10-18,15.2,4.3699,4.29,0.0,36.05
2022-10-19,13.32,5.7379,2.76,0.0,41.9
2022-10-20,17.74,5.5063,3.52,0.0,54.23
2022-10-21,21.11,5.2848,3.88,0.0,64.86
2022-10-22,23.15,4.9716,4.92,0.0,65.37
2022-10-23,24.94,4.2264,5.47,0.01,65.43
2022-10-24,25.32,1.4561,5.82,2.49,73.29
2022-10-25,18.05,5.3558,5.44,5.47,49.81
2022-10-26,16.78,5.4302,1.97,0.11,52.36
2022-10-27,17.87,4.9265,2.9,0.52,61.95
2022-10-28,18.68,1.5979,4.92,29.21,90.95
2022-10-29,15.99,2.0299,3.68,0.13,80.3
2022-10-30,17.94,4.7402,2.59,0.01,72.26
2022-10-31,19.32,4.0543,1.49,0.17,68.01
2022-11-01,17.57,1.0579,1.79,9.33,88.09
2022-11-02,20.37,3.5832,3.21,0.11,81.47
2022-11-03,24.35,3.7963,4.06,0.17,82.03
2022-11-04,24.91,2.3539,5.62,8.4,87.0
2022-11-05,18.1,4.2526,2.24,1.89,63.6
2022-11-06,22.72,3.4382,2.82,1.33,84.28
2022-11-07,24.58,4.2007,2.85,0.25,81.84
2022-11-08,23.05,4.3442,3.02,0.01,77.72
2022-11-09,22.71,3.9787,3.02,0.01,79.25
2022-11-10,22.43,4.0176,2.43,0.0,78.27
2022-11-11,19.47,2.7742,3.94,10.33,81.42
2022-11-12,9.13,4.6894,5.5,0.24,55.59
2022-11-13,8.64,4.5782,2.64,0.0,57.26
2022-11-14,11.28,0.9204,4.82,12.37,83.32
2022-11-15,8.3,3.372,4.47,0.03,73.97
2022-11-16,7.53,2.4228,3.11,0.0,70.36
2022-11-17,8.87,2.5704,2.31,0.01,63.83
2022-11-18,9.6,2.0462,2.62,0.03,65.07
2022-11-19,7.31,1.0032,3.9,13.61,87.91
2022-11-20,8.52,3.1423,3.3,1.03,69.23
2022-11-21,8.22,0.949,2.33,9.88,87.03
2022-11-22,10.16,2.5507,2.17,3.54,83.09
2022-11-23,13.88,3.7992,2.51,0.03,75.03
2022-11-24,18.12,1.1849,3.49,21.05,97.1
2022-11-25,15.55,0.8522,3.97,16.1,93.37
2022-11-26,14.51,3.9274,4.49,18.91,79.67
2022-11-27,13.11,4.1736,3.26,0.03,81.18
2022-11-28,14.22,4.1429,2.5,0.0,86.2
2022-11-29,21.87,1.649,4.28,0.11,92.02
2022-11-30,11.4,4.2029,5.3,0.0,64.14
2022-12-01,8.72,2.7655,3.01,0.0,75.33
2022-12-02,18.21,1.6327,3.76,0.73,90.97
2022-12-03,18.18,2.076,2.7,0.06,84.13
2022-12-04,15.72,2.0976,1.87,0.01,86.92
2022-12-05,19.96,2.6321,3.87,0.01,89.34
2022-12-06,21.45,2.3359,3.83,0.02,88.72
2022-12-07,21.57,2.5346,3.08,0.03,88.3
2022-12-08,21.47,2.9359,2.95,0.02,87.57
2022-12-09,21.1,3.144,2.63,0.12,88.04
2022-12-10,20.92,2.5586,2.58,19.98,91.71
2022-12-11,19.36,1.9313,1.88,29.48,94.42
2022-12-12,18.47,1.183,4.12,0.16,92.5
2022-12-13,21.78,1.7554,5.12,4.56,92.55
2022-12-14,14.35,2.5498,4.07,3.35,72.16
2022-12-15,9.98,4.1057,1.69,0.0,63.53
2022-12-16,9.79,2.4026,3.64,2.35,84.83
2022-12-17,7.2,2.0081,3.33,0.0,67.65
2022-12-18,6.45,3.0576,3.13,0.01,69.93
2022-12-19,7.85,0.5424,4.66,20.36,88.72
2022-12-20,9.38,2.0057,3.88,0.64,91.22
2022-12-21,7.1,2.6851,1.66,0.06,88.24
2022-12-22,3.97,1.4995,5.37,0.07,77.97
2022-12-23,-5.11,4.164,6.15,0.0,46.74
2022-12-24,-1.63,4.049,2.65,0.0,56.64
2022-12-25,1.12,4.0565,2.1,0.0,60.91
2022-12-26,4.71,3.7562,1.99,0.0,67.1
2022-12-27,4.07,4.1052,2.39,0.0,75.24
2022-12-28,13.19,3.0852,4.11,0.01,91.6
2022-12-29,19.56,1.7386,4.52,18.97,93.36
2022-12-30,15.34,2.3165,2.61,6.98,86.94
2022-12-31,14.62,3.7829,2.67,0.9,80.74
2023-01-01,17.48,1.9428,3.36,0.03,91.0
2023-01-02,21.34,1.092,5.79,4.31,93.93
2023-01-03,18.54,3.1459,3.04,2.14,77.03
2023-01-04,14.26,4.0831,2.38,0.0,60.95
2023-01-05,12.85,3.9943,1.89,0.0,73.29
2023-01-06,15.36,3.9398,3.62,0.0,88.12
2023-01-07,18.96,2.9105,2.47,10.61,91.38
2023-01-08,14.17,3.5287,3.59,17.33,84.47
2023-01-09,12.54,3.469,2.65,0.0,87.22
2023-01-10,16.22,3.2196,3.21,0.0,90.32
2023-01-11,18.76,3.1483,4.68,0.07,90.08
2023-01-12,13.65,3.3962,5.95,0.1,71.4
2023-01-13,7.68,4.4354,3.79,0.0,68.84
2023-01-14,8.28,4.3601,3.01,0.0,78.03
2023-01-15,15.62,2.4718,4.94,0.0,86.9
2023-01-16,19.14,1.4954,3.62,0.06,90.96
2023-01-17,18.93,2.6006,2.92,0.01,89.04
2023-01-18,18.69,1.8715,4.01,2.47,85.69
2023-01-19,12.01,4.2701,3.52,0.0,64.76
2023-01-20,10.03,1.0752,3.43,1.1,77.57
2023-01-21,10.12,0.8098,3.08,3.94,91.52
2023-01-22,8.26,4.4976,4.07,0.06,76.2
2023-01-23,7.2,4.4592,3.15,0.01,76.27
2023-01-24,11.39,0.6989,6.32,57.46,90.53
2023-01-25,6.65,3.9509,4.12,0.01,79.81
2023-01-26,6.65,4.415,2.38,0.0,72.51
2023-01-27,9.52,1.83,1.84,0.01,65.02
2023-01-28,16.58,1.2427,4.99,5.53,93.45
2023-01-29,17.06,1.1911,3.84,33.47,92.95
2023-01-30,6.03,1.116,4.78,0.85,85.8
2023-01-31,4.09,1.338,4.91,1.0,86.5
2023-02-01,2.99,0.989,3.87,6.67,89.57
2023-02-02,3.82,0.8902,4.19,9.09,91.28
2023-02-03,5.97,4.3255,3.42,0.01,82.25
2023-02-04,8.19,4.8382,2.86,0.0,83.27
2023-02-05,13.79,3.9794,2.35,0.0,86.09
2023-02-06,16.01,3.3929,4.49,0.01,87.06
2023-02-07,18.4,1.9692,4.84,1.8,91.62
2023-02-08,15.92,1.837,4.42,6.89,91.65
2023-02-09,11.92,5.1833,1.64,0.02,75.98
2023-02-10,9.21,3.3898,5.02,0.02,80.05
2023-02-11,5.96,4.0956,4.06,0.0,81.91
2023-02-12,9.8,5.0378,2.01,0.0,77.02
2023-02-13,13.09,4.1602,2.58,0.02,84.99
2023-02-14,18.76,3.3389,5.44,2.11,84.25
2023-02-15,19.64,1.8139,4.37,0.88,90.96
2023-02-16,12.87,1.4258,6.4,0.96,67.51
2023-02-17,4.79,4.7978,5.15,0.0,63.58
2023-02-18,6.77,4.0426,2.64,0.0,73.25
2023-02-19,13.76,3.8023,2.55,0.0,84.67
2023-02-20,19.49,2.555,4.43,0.02,88.3
2023-02-21,20.81,3.2016,5.22,0.0,87.07
2023-02-22,22.07,2.5682,5.69,0.84,85.64
2023-02-23,21.43,3.1296,2.44,0.24,88.31
2023-02-24,20.74,2.8855,2.03,0.07,88.97
2023-02-25,20.17,3.8251,1.7,0.04,85.28
2023-02-26,21.28,4.3049,4.81,0.01,84.76
2023-02-27,20.79,3.3113,3.79,0.0,65.68
2023-02-28,20.12,3.8916,2.96,0.0,85.29
2023-03-01,22.91,3.7486,4.49,0.05,86.51
2023-03-02,22.78,1.7681,4.97,3.66,89.78
2023-03-03,14.82,6.1625,5.18,0.17,57.71
2023-03-04,15.46,6.1097,2.12,0.0,75.36
2023-03-05,16.5,6.175,2.8,0.0,80.29
2023-03-06,20.42,3.3324,2.54,0.0,85.41
2023-03-07,22.09,3.6816,2.77,0.0,85.87
2023-03-08,21.9,4.4621,2.49,0.0,83.59
2023-03-09,21.62,5.2042,3.22,0.01,80.46
2023-03-10,20.56,4.4554,2.1,0.04,80.06
2023-03-11,22.17,5.3918,4.81,0.02,81.81
2023-03-12,20.98,4.9368,5.46,0.01,79.38
2023-03-13,14.92,4.7599,4.08,0.0,65.31
2023-03-14,13.65,4.5468,3.54,0.0,67.05
2023-03-15,14.11,6.2554,3.91,0.01,75.58
2023-03-16,20.54,1.47,5.57,10.42,88.87
2023-03-17,10.19,3.9194,6.27,14.21,65.31
2023-03-18,9.47,1.9711,3.75,0.29,61.36
2023-03-19,7.98,5.491,2.97,0.0,58.51
2023-03-20,9.18,3.1246,3.73,0.01,68.11
2023-03-21,18.38,2.7998,5.76,0.7,84.41
2023-03-22,22.46,4.9951,5.29,0.12,83.52
2023-03-23,23.23,4.8727,5.73,0.0,81.87
2023-03-24,23.53,2.1847,5.11,1.37,82.38
2023-03-25,21.37,6.8616,2.28,0.03,49.5
2023-03-26,20.81,2.5642,2.19,2.49,76.43
2023-03-27,21.47,3.2638,2.51,1.11,83.85
2023-03-28,19.17,4.4858,4.92,1.54,70.64
2023-03-29,16.1,2.6201,3.18,0.13,74.39
2023-03-30,20.99,2.6976,5.5,0.16,84.97
2023-03-31,24.0,3.8782,5.38,0.35,80.83
2023-04-01,22.84,5.849,2.38,0.02,60.86
2023-04-02,23.1,4.158,4.27,0.03,77.74
2023-04-03,25.64,4.5828,4.5,0.01,76.84
2023-04-04,24.99,2.7641,6.31,0.0,83.73
2023-04-05,21.22,1.8226,4.65,11.81,78.2
2023-04-06,15.24,1.5902,5.58,31.19,85.74
2023-04-07,13.95,0.9434,4.04,25.69,92.9
2023-04-08,16.43,3.2647,3.2,0.1,86.03
2023-04-09,18.94,4.429,2.26,0.01,83.7
2023-04-10,18.68,2.9662,2.42,0.0,82.42
2023-04-11,19.11,5.687,2.59,0.01,78.66
2023-04-12,18.53,6.2633,2.39,1.69,79.95
2023-04-13,19.35,6.8873,1.86,0.23,76.52
2023-04-14,21.22,2.9066,4.06,1.84,84.73
2023-04-15,24.34,6.0216,3.08,2.64,77.73
2023-04-16,16.97,7.8454,4.56,0.02,57.7
2023-04-17,17.54,7.6138,3.06,0.0,57.92
2023-04-18,19.05,4.361,4.25,0.82,77.13
2023-04-19,22.45,5.9892,4.5,0.28,79.77
2023-04-20,22.94,2.1197,4.49,24.75,88.42
2023-04-21,21.81,5.4648,2.37,12.74,83.66
2023-04-22,18.53,7.6793,3.68,0.01,72.82
2023-04-23,16.19,0.7817,4.2,2.08,81.75
2023-04-24,15.78,5.1274,2.97,0.41,78.02
2023-04-25,19.05,5.111,3.48,0.37,83.09
2023-04-26,21.68,4.3087,3.81,14.65,87.35
2023-04-27,21.17,5.4382,2.49,4.7,76.98
2023-04-28,20.14,7.3766,3.3,7.23,75.66
2023-04-29,16.15,6.275,5.86,2.27,71.68
2023-04-30,19.13,8.0522,2.88,0.0,65.35
2023-05-01,21.13,7.3174,1.75,0.0,73.64
2023-05-02,22.23,4.7897,2.15,0.0,79.21
2023-05-03,23.04,6.9734,2.36,0.0,74.34
2023-05-04,23.03,3.8544,2.72,0.04,85.86
2023-05-05,26.29,5.9078,3.07,3.54,83.54
2023-05-06,25.49,5.7739,3.85,0.62,84.36
2023-05-07,24.55,1.189,3.63,2.79,86.83
2023-05-08,24.06,4.2677,4.03,7.91,88.8
2023-05-09,22.91,1.9951,2.75,22.4,93.91
2023-05-10,22.5,2.4734,2.53,25.15,90.66
2023-05-11,24.93,5.6662,3.74,0.74,87.23
2023-05-12,25.66,5.8135,4.07,1.99,86.73
2023-05-13,25.03,3.0698,3.86,23.2,87.42
2023-05-14,24.22,4.1957,2.93,37.77,91.75
2023-05-15,25.5,6.1694,1.5,4.13,82.26
2023-05-16,23.63,5.454,1.98,5.2,87.92
2023-05-17,23.66,7.103,2.36,1.05,79.26
2023-05-18,24.96,7.6903,1.22,0.02,73.14
2023-05-19,25.93,7.7544,2.4,0.09,79.67
2023-05-20,24.71,5.9515,3.06,0.09,81.54
2023-05-21,22.76,3.0401,2.53,0.0,82.22
2023-05-22,23.45,5.8766,2.07,0.01,75.37
2023-05-23,24.58,7.0116,1.37,2.64,75.29
2023-05-24,24.53,6.1759,1.99,0.57,77.75
2023-05-25,24.54,7.2266,2.35,0.29,76.64
2023-05-26,25.34,7.2067,2.06,0.0,70.23
2023-05-27,25.78,6.0324,1.26,0.03,70.09
2023-05-28,25.22,5.7226,2.04,0.01,74.61
2023-05-29,24.35,5.0683,1.67,2.57,78.39
2023-05-30,25.11,6.3818,2.03,2.54,73.7
2023-05-31,25.74,7.1561,2.06,0.76,72.88
2023-06-01,26.22,7.3493,2.67,0.02,71.5
2023-06-02,26.97,7.032,1.82,0.0,68.93
2023-06-03,26.34,7.3608,1.19,15.93,75.56
2023-06-04,24.43,5.352,1.69,2.22,81.43
2023-06-05,24.23,3.8388,1.12,6.52,83.01
2023-06-06,24.45,5.8428,1.31,3.42,81.49
2023-06-07,26.55,7.0752,1.09,0.38,71.16
2023-06-08,25.9,5.7317,1.59,2.52,77.37
2023-06-09,27.66,7.663,1.63,0.2,71.97
2023-06-10,27.56,7.2379,2.91,7.11,79.19
2023-06-11,28.63,7.5686,3.14,1.65,75.87
2023-06-12,28.87,7.6522,2.75,0.0,74.6
2023-06-13,28.87,7.7071,3.7,0.14,72.99
2023-06-14,29.39,6.5328,3.62,0.06,74.68
2023-06-15,30.89,7.7429,3.62,0.0,71.22
2023-06-16,30.82,7.441,4.02,0.0,70.8
2023-06-17,30.39,6.3269,2.73,0.0,72.53
2023-06-18,30.93,7.7431,4.47,0.0,68.74
2023-06-19,31.68,7.7803,3.8,0.0,67.09
2023-06-20,31.73,7.211,3.84,0.01,65.27
2023-06-21,30.02,7.0219,2.14,6.86,74.66
2023-06-22,30.46,6.5518,1.55,1.69,73.43
2023-06-23,30.75,7.1962,2.41,2.27,68.8
2023-06-24,31.2,7.0399,3.36,1.03,67.66
2023-06-25,31.73,7.3783,3.77,0.0,65.95
2023-06-26,31.62,7.7522,3.51,0.0,65.14
2023-06-27,31.85,8.034,3.33,0.0,61.9
2023-06-28,31.84,7.9145,3.06,0.0,63.53
2023-06-29,31.91,7.6394,3.08,0.0,62.93
2023-06-30,31.9,7.7153,3.16,0.0,62.12
2023-07-01,32.29,7.3896,2.47,0.0,60.06
2023-07-02,30.78,5.413,1.78,2.15,67.17
2023-07-03,30.68,6.239,2.02,2.81,67.19
2023-07-04,30.16,5.5366,2.37,2.42,71.27
2023-07-05,29.06,5.8426,2.37,2.7,78.33
2023-07-06,28.14,2.6261,2.99,13.94,78.08
2023-07-07,28.97,4.495,3.07,2.73,68.87
2023-07-08,30.33,6.1478,2.49,0.89,68.74
2023-07-09,31.79,6.9151,3.4,0.24,66.51
2023-07-10,32.23,7.0658,3.02,0.0,64.22
2023-07-11,32.16,6.6878,3.61,0.0,63.28
2023-07-12,31.96,7.0819,4.41,0.0,65.65
2023-07-13,32.58,7.6915,4.31,0.0,60.32
2023-07-14,32.6,7.3649,4.32,0.0,60.37
2023-07-15,32.42,7.4938,3.36,0.0,58.96
2023-07-16,32.92,7.5302,2.68,0.0,58.77
2023-07-17,33.28,7.8612,2.77,0.0,53.98
2023-07-18,33.16,7.7102,3.54,0.0,53.79
2023-07-19,32.63,7.6634,3.56,0.0,58.64
2023-07-20,32.46,7.6392,2.67,0.0,56.49
2023-07-21,32.74,6.7344,2.69,0.07,56.09
2023-07-22,33.86,7.0289,2.06,1.32,50.96
2023-07-23,32.98,5.694,1.63,2.5,53.07
2023-07-24,32.59,6.6007,2.29,0.53,55.26
2023-07-25,32.29,6.6518,2.98,0.6,56.48
2023-07-26,32.41,6.7709,2.58,0.32,55.76
2023-07-27,32.05,6.5172,2.46,0.71,54.95
2023-07-28,31.95,6.7963,2.53,0.35,51.28
2023-07-29,32.75,6.2074,2.12,0.15,51.18
2023-07-30,33.58,7.0246,1.97,0.05,50.3
2023-07-31,34.57,7.2646,2.61,0.02,44.16
2023-08-01,34.26,6.7342,2.0,0.1,43.25
2023-08-02,33.72,7.6044,2.95,0.02,46.23
2023-08-03,33.38,7.2062,2.81,0.02,54.94
2023-08-04,33.96,7.2206,3.02,0.01,53.13
2023-08-05,33.8,7.2475,3.11,0.0,53.47
2023-08-06,34.24,7.1136,3.5,0.0,52.33
2023-08-07,34.4,7.0591,3.81,0.0,54.35
2023-08-08,34.23,7.2456,3.94,0.0,53.24
2023-08-09,34.15,7.4242,5.34,0.0,54.99
2023-08-10,34.4,7.6248,5.13,0.0,53.75
2023-08-11,34.24,7.3474,4.77,0.0,55.98
2023-08-12,33.68,7.153,4.29,0.0,59.6
2023-08-13,33.49,7.5564,3.62,0.0,56.1
2023-08-14,33.21,7.345,2.32,0.0,56.73
2023-08-15,34.17,7.1429,2.59,0.0,42.11
2023-08-16,32.75,7.5511,2.93,0.0,29.32
2023-08-17,33.32,7.4911,2.47,0.0,50.62
2023-08-18,33.41,7.5943,3.03,0.0,51.54
2023-08-19,33.18,7.247,2.73,0.0,53.14
2023-08-20,34.54,6.8045,2.39,0.0,48.11
2023-08-21,33.73,5.0563,3.23,0.05,50.86
2023-08-22,32.59,5.2378,4.8,2.06,58.84
2023-08-23,33.78,6.9696,2.72,0.17,48.04
2023-08-24,35.27,6.5405,2.48,0.33,40.2
2023-08-25,34.54,6.9389,3.01,0.5,40.76
2023-08-26,33.95,7.0745,2.18,0.0,44.1
2023-08-27,34.75,6.5323,2.69,1.98,46.3
2023-08-28,32.39,6.2146,3.32,0.62,56.59
2023-08-29,31.88,6.5018,3.86,0.0,44.31
2023-08-30,31.22,6.9612,3.24,0.0,37.57
2023-08-31,31.8,6.575,2.27,0.0,41.27
2023-09-01,32.18,6.0062,1.75,0.0,41.95
2023-09-02,32.49,5.5121,2.3,0.11,49.49
2023-09-03,32.6,5.8512,2.72,0.06,52.24
2023-09-04,32.06,5.183,3.87,1.56,60.98
2023-09-05,32.47,5.7542,3.88,0.79,62.99
2023-09-06,33.38,6.1886,2.04,0.05,54.89
2023-09-07,34.04,6.288,2.22,0.01,49.48
2023-09-08,33.95,6.511,2.48,0.9,49.84
2023-09-09,32.41,5.838,2.08,1.15,51.19
2023-09-10,30.95,6.0574,2.59,0.05,43.58
2023-09-11,29.81,6.0194,2.01,0.0,43.93
2023-09-12,30.79,5.6227,1.85,0.04,48.9
2023-09-13,30.36,4.4515,2.46,1.47,51.93
2023-09-14,28.77,3.3396,2.23,10.01,73.12
2023-09-15,28.08,4.1674,1.72,18.21,80.57
2023-09-16,26.89,3.8203,1.7,10.83,81.41
2023-09-17,27.78,6.0451,2.53,0.25,60.57
2023-09-18,27.21,6.0317,1.99,0.0,55.11
2023-09-19,27.44,6.0698,2.79,0.0,56.63
2023-09-20,28.88,5.7377,3.16,0.0,65.7
2023-09-21,29.95,5.4842,2.77,0.49,69.42
2023-09-22,30.09,5.4682,2.57,0.37,69.69
2023-09-23,30.04,5.2836,2.84,0.05,69.47
2023-09-24,30.27,5.5349,3.47,0.69,67.05
2023-09-25,28.72,4.3234,1.53,9.35,75.02
2023-09-26,28.51,5.2476,1.65,1.59,73.95
2023-09-27,28.82,4.4366,1.6,1.05,71.88
2023-09-28,28.88,4.9882,1.92,0.19,66.52
2023-09-29,28.65,4.7717,2.63,0.2,68.93
2023-09-30,28.37,5.5171,3.16,0.12,65.81
2023-10-01,28.12,5.7914,3.18,0.01,62.09
2023-10-02,27.69,5.8824,3.37,0.07,59.56
2023-10-03,26.1,2.4331,4.13,15.79,84.29
2023-10-04,27.6,3.1776,4.03,27.14,86.79
2023-10-05,24.14,1.3759,3.29,23.48,87.98
2023-10-06,23.31,5.2586,3.48,0.1,75.07
2023-10-07,19.68,4.243,4.01,0.0,59.69
2023-10-08,18.63,4.8898,1.92,0.0,54.3
2023-10-09,20.26,5.7898,2.21,0.0,62.14
2023-10-10,21.6,2.267,2.12,1.87,77.69
2023-10-11,20.69,1.9387,2.58,6.64,87.56
2023-10-12,20.99,5.4718,2.85,0.06,79.65
2023-10-13,25.14,4.7309,1.72,0.43,76.62
2023-10-14,19.27,5.7103,4.48,0.0,50.34
2023-10-15,16.4,5.6882,4.67,0.0,58.91
2023-10-16,14.72,5.7394,3.83,0.01,62.46
2023-10-17,15.62,5.7648,1.87,0.0,63.23
2023-10-18,19.72,5.4257,3.28,0.0,73.28
2023-10-19,22.85,5.2644,2.13,0.0,69.2
2023-10-20,23.64,5.5015,2.34,0.0,48.7
2023-10-21,23.78,4.9831,2.39,0.0,62.27
2023-10-22,24.9,3.8417,3.01,0.21,78.54
2023-10-23,25.51,4.4196,4.31,1.07,78.55
2023-10-24,25.83,3.9427,5.42,0.05,71.54
2023-10-25,25.65,3.5266,4.53,1.73,78.51
2023-10-26,24.97,2.7338,3.72,22.48,90.78
2023-10-27,25.37,2.856,2.6,3.21,88.16
2023-10-28,26.11,4.1309,3.4,0.51,80.27
2023-10-29,23.37,3.918,3.71,0.75,76.96
2023-10-30,9.41,1.3978,6.54,3.1,76.07
2023-10-31,10.25,3.0617,4.75,0.54,57.34
2023-11-01,9.16,5.31,2.83,0.0,63.12
2023-11-02,10.86,4.9812,2.14,0.0,56.95
2023-11-03,15.15,4.345,2.49,0.0,70.81
2023-11-04,19.28,4.0294,2.79,0.0,79.75
2023-11-05,21.29,3.7769,2.44,0.0,77.49
2023-11-06,21.15,3.301,2.96,0.0,81.28
2023-11-07,23.23,3.948,3.68,0.0,79.01
2023-11-08,23.67,3.8688,3.65,0.0,77.64
2023-11-09,22.78,2.2836,1.65,20.17,86.83
2023-11-10,15.13,0.9859,4.7,5.52,89.34
2023-11-11,14.83,0.9314,2.59,0.47,89.06
2023-11-12,15.8,1.3087,2.97,8.17,86.85
2023-11-13,15.38,0.5779,3.86,9.2,90.33
2023-11-14,16.6,2.8236,3.11,0.1,82.63
2023-11-15,15.95,4.4023,2.92,0.0,81.44
2023-11-16,16.16,1.1938,1.68,0.01,85.59
2023-11-17,18.02,3.9341,1.89,0.0,78.69
2023-11-18,18.36,3.5131,2.63,0.0,78.38
2023-11-19,17.67,2.7084,3.05,0.03,83.7
2023-11-20,21.51,1.9565,3.77,3.27,84.97
2023-11-21,13.67,2.2594,5.9,0.0,63.26
2023-11-22,9.97,3.4668,3.04,0.0,60.75
2023-11-23,10.92,1.441,1.6,0.5,68.83
2023-11-24,12.19,3.3746,2.61,0.01,75.6
2023-11-25,12.37,3.1651,2.69,0.07,77.32
2023-11-26,11.64,3.1298,4.97,0.38,66.2
2023-11-27,7.98,3.3833,3.04,0.0,61.79
2023-11-28,10.24,3.7121,2.18,0.0,59.54
2023-11-29,12.44,2.7986,2.62,0.02,71.43
2023-11-30,18.77,0.9168,5.0,19.53,94.43
2023-12-01,16.79,1.6015,3.02,1.73,85.13
2023-12-02,16.09,1.3426,2.61,1.05,84.9
2023-12-03,11.91,3.2318,2.39,0.0,77.91
2023-12-04,12.74,4.1179,3.03,0.01,65.45
2023-12-05,12.58,3.3002,2.0,0.0,61.61
2023-12-06,11.65,4.0838,2.62,0.0,66.77
2023-12-07,13.84,3.7692,3.29,0.03,82.32
2023-12-08,19.85,2.2654,4.72,0.84,89.92
2023-12-09,20.6,2.2351,4.44,2.69,75.89
2023-12-10,9.7,4.3025,4.71,0.0,45.69
2023-12-11,9.43,4.1616,2.12,0.0,56.68
2023-12-12,11.21,3.803,3.6,0.01,76.3
2023-12-13,11.29,1.4338,3.49,0.36,71.09
2023-12-14,13.9,3.0821,3.86,0.01,69.3
2023-12-15,15.17,1.5782,3.15,10.63,85.26
2023-12-16,12.3,3.8227,4.35,8.73,77.38
2023-12-17,10.73,4.0476,2.11,0.0,69.05
2023-12-18,11.62,3.9175,3.13,0.0,71.08
2023-12-19,10.18,3.6185,3.44,0.0,72.53
2023-12-20,14.07,3.0593,4.07,0.22,84.02
2023-12-21,15.24,1.8355,3.08,0.08,88.64
2023-12-22,16.46,1.4822,2.22,0.25,92.59
2023-12-23,17.72,2.0544,3.41,11.91,94.09
2023-12-24,18.13,1.2962,2.67,18.04,92.88
2023-12-25,9.66,3.4807,4.57,0.01,68.85
2023-12-26,8.31,2.4216,2.47,0.0,76.29
2023-12-27,9.98,4.0205,3.13,0.0,72.59
2023-12-28,6.97,3.9185,3.11,0.0,71.14
2023-12-29,5.84,4.056,3.33,0.0,70.21
2023-12-30,8.51,4.1098,2.4,0.0,66.02
2023-12-31,11.8,3.6245,2.66,0.18,84.9
2024-01-01,12.0,2.2774,3.31,0.6,82.51
2024-01-02,8.78,1.7842,3.54,14.81,79.54
2024-01-03,8.7,2.9918,3.51,6.84,86.71
2024-01-04,9.47,3.6329,4.14,2.09,77.89
2024-01-05,10.9,2.5339,3.53,25.79,84.92
2024-01-06,9.09,3.7171,2.63,0.01,79.24
2024-01-07,10.05,3.4656,2.96,0.01,74.51
2024-01-08,15.05,1.1846,6.08,12.21,87.46
2024-01-09,7.17,4.3776,6.4,0.0,51.56
2024-01-10,9.81,3.834,3.84,0.0,71.78
2024-01-11,16.98,3.1013,4.96,0.21,89.16
2024-01-12,10.67,4.3262,6.93,0.13,57.83
2024-01-13,8.42,4.2346,2.93,0.0,66.16
2024-01-14,3.7,3.6434,4.95,0.0,64.85
2024-01-15,-1.37,0.9576,6.01,0.13,68.88
2024-01-16,-4.0,4.4566,5.53,0.0,55.79
2024-01-17,-0.21,3.8119,2.46,0.29,72.48
2024-01-18,9.28,2.1497,3.2,0.7,88.81
2024-01-19,5.77,4.3956,5.27,0.0,62.09
2024-01-20,1.98,4.3085,3.35,0.0,61.9
2024-01-21,2.85,0.9907,4.68,0.8,67.91
2024-01-22,13.3,0.5959,5.62,52.68,97.04
2024-01-23,17.35,1.061,3.86,40.76,95.67
2024-01-24,15.66,0.4332,2.18,52.63,95.71
2024-01-25,15.17,3.846,2.47,5.49,84.56
2024-01-26,13.38,1.4808,2.76,10.4,94.17
2024-01-27,11.51,2.2978,4.76,0.04,86.33
2024-01-28,8.68,4.3253,3.35,0.06,78.08
2024-01-29,11.57,4.6774,1.88,0.0,69.89
2024-01-30,12.74,4.2814,2.66,0.0,78.26
2024-01-31,13.72,4.2528,2.23,0.0,77.75
2024-02-01,14.02,3.18,2.57,0.0,87.94
2024-02-02,16.24,2.6827,4.13,17.43,90.45
2024-02-03,15.85,3.1102,4.07,18.55,88.26
2024-02-04,12.55,4.8418,4.93,0.11,76.74
2024-02-05,12.39,3.0475,5.59,0.12,82.14
2024-02-06,12.75,5.0455,1.92,0.0,71.67
2024-02-07,13.87,3.4099,4.08,0.01,86.45
2024-02-08,18.11,2.1329,3.27,0.06,92.31
2024-02-09,18.99,2.4475,3.12,1.73,90.98
2024-02-10,18.45,1.8929,3.09,7.21,97.18
2024-02-11,17.33,2.629,4.06,4.72,90.28
2024-02-12,8.49,5.3018,5.5,0.01,74.35
2024-02-13,10.13,5.3383,1.77,0.0,71.01
2024-02-14,11.65,4.7417,2.66,0.0,82.72
2024-02-15,15.72,2.6256,2.12,0.11,90.38
2024-02-16,17.22,1.6039,3.44,2.35,91.14
2024-02-17,6.71,1.548,5.95,0.02,75.21
2024-02-18,5.67,5.4859,2.89,0.0,66.34
2024-02-19,9.76,5.4809,2.24,0.0,69.28
2024-02-20,14.67,5.4511,2.96,0.0,85.81
2024-02-21,17.36,5.0357,4.64,0.0,86.24
2024-02-22,19.34,2.6201,3.91,0.0,85.51
2024-02-23,16.11,5.6717,4.0,0.0,75.32
2024-02-24,16.07,5.7775,2.23,0.0,63.98
2024-02-25,17.06,5.6345,4.49,0.0,84.08
2024-02-26,20.23,3.3823,4.61,0.0,86.91
2024-02-27,21.8,4.4568,5.67,0.0,85.78
2024-02-28,15.03,3.0847,5.66,0.0,70.46
2024-02-29,10.52,1.2086,3.04,0.08,72.89
2024-03-01,13.95,4.1609,1.86,0.0,83.0
2024-03-02,17.08,2.5802,2.17,0.0,87.38
2024-03-03,19.79,3.1104,2.97,0.05,87.58
2024-03-04,20.94,2.8102,2.89,0.35,90.73
2024-03-05,21.84,5.105,1.98,0.15,82.66
2024-03-06,19.84,4.3003,2.4,0.02,86.01
2024-03-07,19.07,3.5498,3.56,0.99,87.84
2024-03-08,21.84,3.5294,2.93,1.59,88.75
2024-03-09,12.67,3.2556,5.69,0.03,75.15
2024-03-10,13.28,5.13,2.11,0.0,66.18
2024-03-11,15.67,4.7496,2.2,0.0,75.9
2024-03-12,17.84,4.0078,3.12,0.0,85.03
2024-03-13,21.54,2.7581,4.23,0.0,86.6
2024-03-14,22.43,3.3055,4.58,0.01,86.93
2024-03-15,22.11,2.6222,2.47,14.06,91.02
2024-03-16,19.51,2.3194,3.4,2.55,93.53
2024-03-17,20.2,2.8438,2.72,6.28,88.56
2024-03-18,15.4,4.8859,4.76,0.02,66.39
2024-03-19,12.9,4.5862,1.99,0.01,65.55
2024-03-20,15.53,3.4452,1.92,0.1,75.02
2024-03-21,16.15,1.4083,4.29,46.32,93.45
2024-03-22,17.72,6.0127,3.92,0.18,82.99
2024-03-23,17.9,6.2926,2.16,0.01,77.86
2024-03-24,18.87,3.0782,5.65,0.03,84.42
2024-03-25,19.21,3.6974,4.41,3.12,82.25
2024-03-26,13.23,6.9804,3.8,0.0,68.79
2024-03-27,13.07,3.2606,2.95,0.01,75.46
2024-03-28,16.01,6.7872,2.07,0.0,73.65
2024-03-29,17.62,6.4704,4.27,0.0,77.61
2024-03-30,20.01,3.402,3.36,0.0,83.14
2024-03-31,22.11,3.5098,4.17,0.01,85.6
2024-04-01,22.92,3.137,5.22,0.22,88.98
2024-04-02,20.23,6.4874,5.01,0.31,65.27
2024-04-03,16.01,7.4851,3.34,0.01,67.61
2024-04-04,18.59,7.3987,2.21,0.0,59.77
2024-04-05,19.59,7.2518,3.26,0.0,73.36
2024-04-06,20.64,3.9689,4.99,0.02,79.74
2024-04-07,23.51,4.5727,2.44,0.54,82.58
2024-04-08,23.23,3.1774,4.19,9.16,90.49
2024-04-09,24.04,2.1379,4.73,21.45,88.12
2024-04-10,20.38,5.1862,5.19,29.43,78.16
2024-04-11,17.94,7.5922,4.2,0.0,67.35
2024-04-12,18.39,7.5727,2.66,0.0,64.23
2024-04-13,19.59,6.8729,3.74,0.0,76.77
2024-04-14,21.31,5.8006,3.88,0.0,84.21
2024-04-15,22.84,3.468,4.54,0.0,86.91
2024-04-16,24.3,3.5714,4.81,0.05,83.22
2024-04-17,24.13,3.5986,3.26,0.02,85.14
2024-04-18,23.82,5.1024,3.85,0.0,85.49
2024-04-19,25.13,3.5808,1.74,0.01,81.89
2024-04-20,23.86,3.2887,2.74,12.6,84.85
2024-04-21,16.17,5.8862,5.46,13.8,73.17
2024-04-22,16.32,7.3123,2.68,0.0,69.13
2024-04-23,19.71,3.923,2.92,0.0,77.72
2024-04-24,23.28,5.4082,2.83,0.0,80.89
2024-04-25,23.8,3.2263,5.07,0.0,82.49
2024-04-26,24.24,3.0799,5.84,0.02,85.67
2024-04-27,25.55,3.3523,7.35,0.01,81.6
2024-04-28,25.29,3.1291,6.22,22.37,83.32
2024-04-29,25.15,5.028,2.33,17.81,84.76
2024-04-30,23.93,6.6418,2.86,0.03,82.8
2024-05-01,24.3,3.1498,4.19,21.65,89.23
2024-05-02,24.47,3.1582,4.17,47.63,91.46
2024-05-03,23.7,3.0228,4.25,24.98,91.81
2024-05-04,24.05,5.3345,3.93,11.84,88.85
2024-05-05,24.39,1.9318,3.88,9.51,89.77
2024-05-06,25.7,5.1209,4.63,2.98,85.87
2024-05-07,26.57,3.7819,3.22,0.01,87.24
2024-05-08,26.73,3.9384,3.64,0.0,86.02
2024-05-09,26.76,3.9367,2.28,1.83,88.68
2024-05-10,25.77,5.6422,3.57,0.46,83.33
2024-05-11,23.38,2.5339,3.58,0.56,78.07
2024-05-12,24.14,2.605,4.5,6.11,90.56
2024-05-13,25.85,1.9822,1.38,16.98,88.72
2024-05-14,24.19,7.9968,2.2,1.4,75.06
2024-05-15,24.86,7.619,2.24,0.05,73.14
2024-05-16,24.64,2.2733,3.36,40.02,90.96
2024-05-17,23.37,1.4609,2.4,3.39,89.16
2024-05-18,25.89,7.3255,1.45,0.7,81.77
2024-05-19,26.12,7.6896,2.54,0.0,79.94
2024-05-20,25.85,7.307,3.24,0.0,81.28
2024-05-21,27.4,5.5447,4.35,0.04,85.13
2024-05-22,27.39,4.8535,4.25,0.39,86.86
2024-05-23,27.36,6.0497,4.67,0.11,85.0
2024-05-24,27.96,6.9235,4.42,0.0,82.58
2024-05-25,28.73,7.0711,4.16,0.0,81.46
2024-05-26,28.97,5.4602,4.09,0.0,80.65
2024-05-27,29.63,4.727,1.92,0.0,76.97
2024-05-28,26.65,3.6578,2.89,2.92,86.74
2024-05-29,25.27,5.6938,2.84,18.02,87.12
2024-05-30,26.42,6.8261,3.3,14.61,87.58
2024-05-31,25.27,4.139,1.59,31.66,88.26
2024-06-01,27.18,5.4799,1.85,4.65,83.03
2024-06-02,27.36,5.9165,3.17,4.96,86.2
2024-06-03,27.24,6.317,4.04,7.13,89.57
2024-06-04,28.19,5.7374,5.16,0.07,87.24
2024-06-05,27.55,3.1298,2.7,12.32,89.26
2024-06-06,27.2,8.2284,2.1,0.77,71.78
2024-06-07,28.26,7.8852,1.73,0.0,69.08
2024-06-08,27.4,8.197,2.83,0.0,77.61
2024-06-09,28.27,6.6689,2.21,0.03,78.41
2024-06-10,29.01,6.5122,1.3,5.13,74.73
2024-06-11,28.18,6.7694,1.43,4.23,77.77
2024-06-12,27.89,5.6606,1.56,4.76,78.15
2024-06-13,28.99,6.798,1.72,0.86,73.49
2024-06-14,29.14,7.6495,1.43,0.01,67.92
2024-06-15,28.5,7.6798,2.51,0.0,67.73
2024-06-16,29.1,7.7278,3.49,0.07,71.62
2024-06-17,28.32,6.5477,4.73,1.86,79.51
2024-06-18,27.38,5.6724,4.87,3.71,76.39
2024-06-19,25.87,1.6807,5.43,23.94,90.11
2024-06-20,27.8,6.1416,4.62,2.28,82.04
2024-06-21,27.79,7.2437,3.14,0.87,79.96
2024-06-22,28.41,7.6709,2.53,0.06,73.35
2024-06-23,29.12,7.1191,2.25,0.09,73.0
2024-06-24,29.66,7.1659,2.63,2.48,77.1
2024-06-25,30.08,7.4033,3.02,1.66,75.91
2024-06-26,29.99,6.5071,2.33,1.38,76.6
2024-06-27,30.75,7.1611,1.58,2.82,71.38
2024-06-28,30.38,7.1018,3.24,1.26,71.45
2024-06-29,30.83,7.6493,3.43,1.89,68.71
2024-06-30,31.31,6.9533,1.86,0.61,67.34
2024-07-01,30.64,7.4189,1.72,0.65,63.86
2024-07-02,31.27,7.1849,2.29,0.37,63.18
2024-07-03,31.14,6.3533,2.6,0.04,66.41
2024-07-04,31.73,7.4741,2.88,0.0,64.75
2024-07-05,31.17,7.3313,1.57,0.13,63.15
2024-07-06,30.03,5.465,1.53,8.43,71.77
2024-07-07,27.86,3.99,3.93,39.97,85.52
2024-07-08,26.83,3.1087,7.19,77.04,89.44
2024-07-09,27.93,7.2017,1.53,0.41,73.28
2024-07-10,28.57,6.1759,1.96,0.67,71.68
2024-07-11,27.59,3.8028,1.62,3.86,79.5
2024-07-12,27.44,3.0113,1.34,6.17,80.52
2024-07-13,27.31,3.8117,1.3,3.88,82.88
2024-07-14,27.78,5.25,1.54,0.67,80.88
2024-07-15,27.71,6.0485,2.3,0.06,80.05
2024-07-16,28.39,7.3337,2.59,0.02,77.91
2024-07-17,29.09,5.561,2.08,4.26,79.48
2024-07-18,27.42,4.7261,2.23,10.65,85.97
2024-07-19,28.08,5.1,2.07,5.9,81.18
2024-07-20,28.31,5.5282,1.43,1.0,77.62
2024-07-21,28.58,5.4734,1.64,3.72,78.08
2024-07-22,27.46,5.1182,1.65,12.69,83.78
2024-07-23,26.43,3.701,2.19,25.34,88.13
2024-07-24,26.36,3.2662,1.4,23.27,84.16
2024-07-25,24.48,1.8139,2.75,22.34,93.85
2024-07-26,25.36,2.363,2.26,12.72,90.78
2024-07-27,25.39,2.6009,1.75,11.74,92.13
2024-07-28,27.32,3.2316,2.6,3.35,88.49
2024-07-29,28.5,6.8777,3.08,0.67,83.74
2024-07-30,28.79,7.003,3.38,0.1,82.07
2024-07-31,28.63,7.231,3.37,0.0,82.83
2024-08-01,28.16,6.8002,2.07,0.0,80.21
2024-08-02,29.02,6.5436,1.72,0.3,74.11
2024-08-03,29.69,6.7411,1.58,1.51,73.85
2024-08-04,29.9,5.8342,1.57,2.23,72.8
2024-08-05,30.17,6.1246,1.0,0.23,68.66
2024-08-06,29.93,6.7608,1.44,0.05,70.48
2024-08-07,29.88,6.8465,1.93,0.06,73.63
2024-08-08,30.04,6.9302,1.78,0.01,71.06
2024-08-09,30.09,6.3118,2.07,0.57,71.48
2024-08-10,29.6,5.8366,2.03,0.24,71.18
2024-08-11,29.64,6.4164,2.24,0.0,72.8
2024-08-12,30.14,6.0614,2.06,0.18,73.98
2024-08-13,29.46,5.7146,1.69,0.58,78.33
2024-08-14,29.91,6.2635,2.03,0.23,74.31
2024-08-15,30.08,6.0343,2.25,0.44,75.82
2024-08-16,30.3,6.3974,2.15,0.16,72.52
2024-08-17,30.19,6.3281,1.79,0.03,71.4
2024-08-18,30.54,6.2153,1.69,0.01,68.9
2024-08-19,30.88,5.6935,1.71,0.0,61.57
2024-08-20,31.46,6.4495,1.82,0.01,61.73
2024-08-21,31.85,6.6948,1.57,0.07,65.73
2024-08-22,32.19,5.651,2.38,0.67,67.62
2024-08-23,30.51,5.3138,2.57,0.5,69.42
2024-08-24,29.96,5.6318,2.87,0.09,62.01
2024-08-25,29.73,6.2467,2.84,0.2,64.34
2024-08-26,27.28,4.0807,2.47,3.12,80.95
2024-08-27,27.68,3.8875,2.17,6.13,81.89
2024-08-28,27.67,4.5778,2.23,1.62,77.93
2024-08-29,27.07,3.9521,2.97,6.61,80.69
2024-08-30,26.84,3.0185,3.54,2.75,82.17
2024-08-31,27.2,4.0572,3.16,3.22,81.97
2024-09-01,28.08,4.1875,3.25,5.97,81.16
2024-09-02,28.27,4.0217,3.79,1.75,76.67
2024-09-03,28.24,2.8747,2.98,2.97,76.0
2024-09-04,27.64,3.8338,3.24,6.68,81.11
2024-09-05,27.48,3.0497,4.39,7.33,82.12
2024-09-06,26.47,2.9705,5.33,2.99,78.85
2024-09-07,25.47,6.4246,5.27,0.05,66.31
2024-09-08,24.56,6.7073,4.26,0.0,61.39
2024-09-09,25.47,6.0422,3.76,0.0,55.68
2024-09-10,26.76,3.4402,4.08,1.07,69.87
2024-09-11,27.41,2.9758,3.35,1.97,78.3
2024-09-12,26.68,4.9954,2.87,0.2,74.66
2024-09-13,28.46,6.1572,1.76,0.0,69.01
2024-09-14,30.01,6.0377,2.45,0.0,68.3
2024-09-15,29.56,4.4825,1.43,2.68,70.37
2024-09-16,29.25,5.8514,1.4,0.78,70.64
2024-09-17,28.92,6.0478,1.69,0.0,68.61
2024-09-18,29.96,6.0254,1.96,0.0,68.2
2024-09-19,30.62,6.0722,1.56,0.07,66.81
2024-09-20,30.29,6.0953,1.96,0.03,65.38
2024-09-21,29.5,5.7612,2.56,0.02,66.74
2024-09-22,29.61,5.707,2.6,0.0,66.68
2024-09-23,29.3,4.4902,1.5,4.64,70.94
2024-09-24,29.53,4.6296,1.02,5.47,72.8
2024-09-25,28.03,4.1462,2.94,2.32,74.09
2024-09-26,25.33,6.2544,3.74,0.04,60.68
2024-09-27,24.62,6.3492,2.98,0.0,53.01
2024-09-28,25.38,6.2042,2.81,0.0,50.02
2024-09-29,25.99,6.1226,2.2,0.0,53.72
2024-09-30,28.0,5.8258,1.34,0.0,58.77
2024-10-01,27.58,5.6414,2.74,0.0,56.54
2024-10-02,27.29,5.838,2.53,0.0,57.52
2024-10-03,27.37,5.8445,2.4,0.02,57.91
2024-10-04,27.97,4.7042,3.93,0.25,65.94
2024-10-05,27.87,3.7128,2.81,0.05,70.15
2024-10-06,28.08,5.515,3.1,0.0,58.63
2024-10-07,27.37,5.5632,3.37,0.0,52.88
2024-10-08,24.63,5.8039,3.37,0.0,45.32
2024-10-09,23.39,5.7965,3.05,0.0,47.69
2024-10-10,24.52,5.7545,2.55,0.0,47.38
2024-10-11,24.98,5.537,1.84,0.0,49.49
2024-10-12,25.27,5.4518,2.3,0.0,61.3
2024-10-13,26.42,5.4446,3.26,0.0,60.25
2024-10-14,27.0,5.4046,3.41,0.0,56.38
2024-10-15,27.1,5.3902,1.64,0.0,51.6
2024-10-16,19.75,3.9413,4.69,0.0,36.67
2024-10-17,16.82,5.5738,3.12,0.0,42.48
2024-10-18,19.15,4.8588,4.11,0.0,62.91
2024-10-19,21.52,5.0074,3.18,0.0,61.5
2024-10-20,21.36,5.4329,2.94,0.0,59.45
2024-10-21,21.86,5.1955,2.53,0.0,59.36
2024-10-22,23.78,4.3385,2.14,0.0,68.54
2024-10-23,25.1,5.0143,1.91,0.0,66.75
2024-10-24,24.31,5.2202,2.54,0.0,65.87
2024-10-25,25.59,4.6596,2.49,0.0,70.69
2024-10-26,26.75,4.5744,1.59,0.0,67.4
2024-10-27,25.84,5.0076,2.19,0.0,63.88
2024-10-28,25.57,4.4114,3.95,0.07,71.21
2024-10-29,26.29,4.123,5.43,0.11,66.82
2024-10-30,26.98,3.006,5.46,2.41,76.4
2024-10-31,26.53,2.2166,2.03,8.74,79.92
2024-11-01,24.78,2.039,2.51,0.72,77.69
2024-11-02,23.97,2.3974,3.97,16.16,85.46
2024-11-03,25.78,2.7461,5.62,6.16,84.95
2024-11-04,25.96,2.6818,6.61,9.27,83.79
2024-11-05,21.48,2.3678,3.64,19.49,81.44
2024-11-06,21.17,3.7416,2.28,0.05,72.03
2024-11-07,25.06,3.7428,2.9,0.36,81.56
2024-11-08,25.1,2.6069,3.46,7.31,87.16
2024-11-09,21.93,3.613,3.17,3.68,76.95
2024-11-10,22.68,2.4374,2.39,3.94,86.1
2024-11-11,20.99,4.1854,2.52,0.08,74.16
2024-11-12,19.05,4.5866,2.3,0.03,72.33
2024-11-13,19.72,3.977,2.73,0.0,68.3
2024-11-14,16.35,4.7846,3.43,0.0,59.7
2024-11-15,15.26,4.6296,2.58,0.0,67.53
2024-11-16,19.41,2.5296,3.38,0.38,79.99
2024-11-17,24.62,2.1746,5.68,8.14,87.4
2024-11-18,23.59,1.8797,5.67,6.52,83.81
2024-11-19,18.55,4.5002,2.56,0.0,55.59
2024-11-20,14.31,4.633,4.71,0.01,52.55
2024-11-21,12.97,4.4904,2.17,0.0,50.66
2024-11-22,14.31,4.3459,2.42,0.0,57.0
2024-11-23,14.8,4.253,2.72,0.0,70.86
2024-11-24,20.16,3.3751,4.11,0.0,78.38
2024-11-25,20.83,3.6312,4.42,0.0,71.06
2024-11-26,14.15,3.852,2.41,0.0,65.97
2024-11-27,19.79,2.6304,3.84,0.01,82.94
2024-11-28,14.07,1.8778,4.89,0.0,61.78
2024-11-29,9.89,3.9218,3.95,0.0,55.32
2024-11-30,9.91,2.3676,2.27,0.0,64.77
2024-12-01,12.93,3.7834,2.34,0.0,70.92
2024-12-02,11.38,3.9211,2.91,0.0,67.34
2024-12-03,12.25,2.9681,3.2,0.03,63.77
2024-12-04,16.43,1.4083,3.46,9.6,92.38
2024-12-05,14.72,1.2374,4.2,0.39,75.86
2024-12-06,9.88,3.7862,3.4,0.22,55.07
2024-12-07,8.55,0.8707,3.13,1.91,70.77
2024-12-08,12.91,0.7442,2.18,5.74,95.88
2024-12-09,16.56,1.9411,3.03,0.07,84.79
2024-12-10,12.35,2.8378,5.46,0.01,67.82
2024-12-11,9.02,4.2394,2.9,0.0,51.81
2024-12-12,10.06,3.858,3.32,0.0,66.67
2024-12-13,15.4,1.2336,5.02,3.34,90.41
2024-12-14,19.63,2.263,3.41,11.79,90.73
2024-12-15,20.68,3.0758,3.71,0.79,86.22
2024-12-16,20.79,2.747,2.95,0.06,84.21
2024-12-17,20.45,2.8118,3.18,0.6,85.23
2024-12-18,17.19,2.3609,3.66,1.49,78.71
2024-12-19,12.93,3.1142,1.69,0.0,71.69
2024-12-20,11.89,3.9535,3.33,0.0,68.88
2024-12-21,8.27,4.0697,2.72,0.04,68.84
2024-12-22,9.62,3.8278,3.14,0.0,79.89
2024-12-23,15.78,3.1111,4.51,0.02,83.34
2024-12-24,19.08,2.9666,3.64,9.46,90.24
2024-12-25,18.21,1.597,2.4,23.29,90.04
2024-12-26,19.46,1.1335,4.1,17.79,93.16
2024-12-27,16.38,3.1603,2.41,0.09,87.82
2024-12-28,19.54,1.8557,3.65,9.9,90.01
2024-12-29,13.35,2.6875,1.84,0.16,81.77
2024-12-30,16.77,3.8273,4.01,0.5,85.9
2024-12-31,13.47,4.0802,3.87,0.0,71.42
2025-01-01,9.9,3.9746,2.99,0.0,79.28
2025-01-02,11.51,0.8551,2.51,0.07,87.01
2025-01-03,15.9,2.1958,2.75,0.06,82.75
2025-01-04,17.61,1.7513,4.25,0.5,88.55
2025-01-05,17.11,1.7822,7.36,6.98,70.97
2025-01-06,1.69,4.2583,6.05,0.0,55.13
2025-01-07,2.71,3.9079,3.19,0.05,66.61
2025-01-08,2.88,1.7695,3.27,0.0,71.37
2025-01-09,3.55,0.6924,4.85,37.99,86.68
2025-01-10,2.75,1.4326,5.06,3.35,84.98
2025-01-11,3.68,4.4006,2.64,0.0,78.05
2025-01-12,8.71,1.0092,2.23,1.25,86.68
2025-01-13,8.01,4.1251,3.96,0.0,77.94
2025-01-14,6.94,1.1597,2.33,0.12,78.08
2025-01-15,8.58,1.2041,2.66,3.22,79.28
2025-01-16,9.31,4.0394,2.08,0.0,65.79
2025-01-17,11.98,1.7806,3.76,0.04,85.2
2025-01-18,11.65,3.7438,4.96,0.0,71.07
2025-01-19,1.31,4.5857,5.89,0.0,54.78
2025-01-20,0.18,1.5278,3.97,0.7,61.76
2025-01-21,-1.22,1.8874,4.63,2.74,70.13
2025-01-22,0.26,4.5962,2.37,0.0,67.48
2025-01-23,4.18,4.3932,2.77,0.26,74.74
2025-01-24,4.82,4.8134,2.34,0.04,65.5
2025-01-25,9.32,1.2581,4.17,0.96,90.24
2025-01-26,15.19,1.0493,2.65,18.09,95.98
2025-01-27,11.73,1.3445,3.21,1.91,89.31
2025-01-28,11.65,1.5221,2.41,1.08,92.65
2025-01-29,15.57,1.7549,3.84,1.16,92.49
2025-01-30,17.45,1.0174,4.06,3.57,87.83
2025-01-31,13.14,4.7227,3.82,0.0,67.01
2025-02-01,12.34,4.9169,2.19,0.0,69.5
2025-02-02,15.23,4.4779,3.24,0.0,84.98
2025-02-03,19.32,2.8692,3.59,0.0,88.18
2025-02-04,20.08,3.0334,2.77,0.01,85.6
2025-02-05,20.3,2.8027,3.13,0.01,87.38
2025-02-06,20.62,3.1903,3.55,0.0,84.57
2025-02-07,20.53,3.329,3.39,0.0,84.8
2025-02-08,21.51,3.9334,4.39,0.0,83.38
2025-02-09,20.88,3.4692,1.55,0.0,82.74
2025-02-10,17.3,2.3976,3.11,0.58,85.12
2025-02-11,16.14,0.7562,3.07,11.72,93.09
2025-02-12,15.64,1.2919,4.86,17.44,85.88
2025-02-13,7.18,4.1866,5.58,0.0,65.5
2025-02-14,9.97,1.6054,3.03,0.75,84.21
2025-02-15,18.75,2.1893,4.83,1.47,86.9
2025-02-16,7.35,5.5466,5.78,0.0,66.08
2025-02-17,8.43,4.8566,3.36,0.0,79.76
2025-02-18,13.99,1.2101,4.88,15.29,91.8
2025-02-19,0.77,1.6824,7.72,0.28,73.95
2025-02-20,0.31,5.1053,4.44,0.0,67.27
2025-02-21,1.76,1.6217,2.99,0.06,64.54
2025-02-22,4.92,1.2396,2.56,9.51,81.82
2025-02-23,9.35,1.777,2.49,2.12,89.56
2025-02-24,11.19,4.8518,1.85,0.08,82.38
2025-02-25,12.95,5.305,2.37,0.0,83.02
2025-02-26,16.46,5.7605,3.63,0.0,83.63
2025-02-27,15.7,4.1474,2.9,0.0,82.91
2025-02-28,14.86,5.5392,2.24,0.0,71.61
2025-03-01,17.35,5.7833,1.99,0.0,73.21
2025-03-02,16.28,4.9966,4.99,0.09,80.07
2025-03-03,19.99,2.9779,5.46,1.51,87.14
2025-03-04,20.02,4.3778,7.41,7.81,62.92
2025-03-05,12.92,6.3578,5.28,0.0,52.76
2025-03-06,12.84,6.1906,3.57,0.0,61.49
2025-03-07,18.67,3.3754,3.43,0.09,88.05
2025-03-08,19.49,3.3739,3.9,5.6,85.92
2025-03-09,11.48,3.6677,5.8,0.08,73.52
2025-03-10,13.05,6.6202,2.58,0.0,67.92
2025-03-11,15.56,6.5976,3.29,0.0,74.39
2025-03-12,19.39,5.4631,4.43,1.33,80.73
2025-03-13,21.18,6.1378,3.21,0.3,73.22
2025-03-14,22.2,3.5206,4.95,0.43,84.53
2025-03-15,19.57,6.3012,4.7,0.53,59.21
2025-03-16,15.9,6.816,2.82,0.0,53.27
2025-03-17,17.37,6.7598,3.91,0.18,67.94
2025-03-18,19.7,5.729,6.15,0.53,75.17
2025-03-19,20.16,5.9738,5.72,1.65,53.82
2025-03-20,12.6,7.1887,4.57,0.0,46.39
2025-03-21,14.69,6.7498,3.78,0.0,58.04
2025-03-22,19.32,5.9321,4.26,0.0,74.98
2025-03-23,22.42,3.4145,4.24,3.76,83.17
2025-03-24,22.85,6.3554,1.86,2.68,71.19
2025-03-25,22.51,6.6247,2.11,0.54,70.77
2025-03-26,21.74,2.9136,2.35,1.74,79.05
2025-03-27,19.62,1.9807,4.59,10.63,87.29
2025-03-28,19.39,2.7269,3.58,9.71,89.84
2025-03-29,23.51,5.4012,3.49,2.65,81.94
2025-03-30,23.27,3.0451,3.31,0.55,84.4
2025-03-31,23.05,5.0894,2.61,0.12,76.83
2025-04-01,23.26,2.6249,5.22,0.0,79.17
2025-04-02,25.35,2.7132,7.32,0.24,81.65
2025-04-03,26.38,3.8945,6.75,0.19,77.93
2025-04-04,26.32,3.6554,6.68,1.08,81.71
2025-04-05,22.61,1.7633,6.18,9.46,82.22
2025-04-06,12.55,5.7919,6.16,0.47,62.85
2025-04-07,12.39,7.7035,4.12,0.0,59.44
2025-04-08,16.16,7.5842,1.85,0.0,54.65
2025-04-09,18.84,7.4335,3.55,0.0,64.75
2025-04-10,21.34,7.4119,2.91,0.0,68.05
2025-04-11,22.29,7.3783,2.99,0.0,60.12
2025-04-12,21.79,7.3582,3.02,0.0,62.04
2025-04-13,23.42,7.4986,4.93,0.0,68.78
2025-04-14,23.96,6.8863,4.3,0.01,68.37
2025-04-15,23.01,3.8858,2.54,0.02,70.95
2025-04-16,23.38,6.0228,3.96,0.0,70.38
2025-04-17,24.52,6.4169,5.72,0.0,70.19
2025-04-18,25.87,5.9321,6.56,0.0,72.2
2025-04-19,24.54,3.2201,5.72,0.01,77.91
2025-04-20,25.33,4.7635,4.92,12.63,77.87
2025-04-21,24.58,5.0002,1.66,13.51,79.59
2025-04-22,24.79,5.6119,3.0,2.5,79.36
2025-04-23,23.63,3.497,3.27,14.06,87.17
2025-04-24,24.04,5.7658,3.58,9.18,83.83
2025-04-25,24.82,5.502,3.01,2.38,80.95
2025-04-26,24.65,6.581,3.5,0.04,75.58
2025-04-27,25.52,6.6811,4.05,0.0,74.98
2025-04-28,25.14,4.5214,4.69,0.0,78.25
2025-04-29,25.09,3.4291,4.71,0.0,77.3
2025-04-30,24.78,4.4791,5.62,3.16,82.19
2025-05-01,25.64,5.952,3.84,4.76,79.9
2025-05-02,24.6,4.0901,3.27,24.22,83.64
2025-05-03,21.05,7.1746,4.33,0.93,68.31
2025-05-04,20.32,7.9399,2.62,0.0,65.07
2025-05-05,21.24,2.923,4.83,11.83,80.13
2025-05-06,24.69,2.3042,4.89,19.28,88.71
2025-05-07,24.13,7.0762,2.75,0.98,79.95
2025-05-08,23.9,6.3914,2.2,0.49,75.84
2025-05-09,22.47,6.5458,3.48,4.98,76.59
2025-05-10,21.6,6.727,3.92,0.48,71.35
2025-05-11,19.6,6.5088,3.38,0.09,68.73
2025-05-12,22.19,7.6651,2.37,0.0,65.47
2025-05-13,26.57,7.3138,5.16,0.0,70.24
2025-05-14,27.93,7.1446,5.79,0.0,69.74
2025-05-15,28.44,6.75,5.09,0.0,73.04
2025-05-16,29.1,5.9014,4.63,0.0,72.21
2025-05-17,28.88,6.0209,3.73,0.0,72.68
2025-05-18,28.43,5.8783,5.22,0.0,73.64
2025-05-19,27.91,4.9778,6.08,0.0,76.12
2025-05-20,29.79,4.9286,2.6,0.37,67.75
2025-05-21,26.55,4.9711,3.18,0.24,65.76
2025-05-22,28.03,7.0565,2.96,0.01,68.85
2025-05-23,28.56,6.2369,3.51,0.54,68.09
2025-05-24,28.79,6.792,4.03,0.58,70.12
2025-05-25,29.81,6.5717,4.89,0.09,67.65
2025-05-26,27.7,3.7613,4.49,29.5,78.28
2025-05-27,26.52,7.0097,1.7,19.37,80.6
2025-05-28,23.92,2.4684,1.88,13.6,89.36
2025-05-29,26.45,7.1275,1.97,0.32,77.35
2025-05-30,26.08,3.1049,1.86,6.11,81.17
2025-05-31,25.96,6.3734,1.95,0.02,67.53
2025-06-01,27.63,6.6178,1.98,0.87,72.1
2025-06-02,28.13,7.3104,3.34,0.61,73.16
2025-06-03,27.98,5.5387,4.19,2.17,74.3
2025-06-04,28.51,4.6841,2.66,7.4,77.92
2025-06-05,29.41,6.156,2.56,1.25,72.46
2025-06-06,29.95,6.6967,3.33,0.04,70.08
2025-06-07,29.95,7.2262,3.6,0.0,69.37
2025-06-08,30.05,7.2442,3.51,3.87,70.81
2025-06-09,29.95,6.6605,2.14,6.7,71.74
2025-06-10,28.63,5.177,1.79,4.54,75.13
2025-06-11,26.83,2.3923,3.05,17.82,86.81
2025-06-12,25.6,2.2697,3.8,25.47,92.04
2025-06-13,26.84,5.9153,3.02,11.05,87.38
2025-06-14,27.09,4.32,2.84,7.77,87.93
2025-06-15,27.37,5.3758,2.36,24.7,88.7
2025-06-16,26.42,5.707,2.6,6.48,85.82
2025-06-17,27.68,6.9679,3.51,0.81,82.48
2025-06-18,28.3,7.0121,4.06,0.3,80.38
2025-06-19,28.26,6.6007,2.9,1.01,83.18
2025-06-20,28.4,6.8326,3.12,0.47,79.73
2025-06-21,28.24,7.5586,3.75,0.03,79.54
2025-06-22,28.62,6.7198,3.47,2.56,78.77
2025-06-23,28.8,6.5098,2.7,2.84,76.59
2025-06-24,28.37,5.7725,2.57,4.27,78.26
2025-06-25,26.62,4.1318,2.46,7.68,86.78
2025-06-26,27.52,5.5742,2.46,4.05,81.5
2025-06-27,27.97,6.065,2.42,4.07,78.56
2025-06-28,28.36,6.5786,2.3,1.38,75.69
2025-06-29,27.3,4.931,2.83,4.69,83.88
2025-06-30,28.05,5.1331,2.57,2.13,77.13
2025-07-01,28.35,7.0526,1.94,0.34,68.34
2025-07-02,28.91,7.4251,2.08,0.04,70.1
2025-07-03,28.15,3.1553,1.97,11.19,79.76
2025-07-04,27.97,4.0378,3.02,1.46,82.03
2025-07-05,28.83,4.0668,3.19,3.53,77.67
2025-07-06,29.05,6.4082,2.97,0.51,71.26
2025-07-07,29.33,5.915,2.33,1.63,71.9
2025-07-08,28.2,3.852,2.31,12.98,80.02
2025-07-09,27.53,4.217,2.47,8.87,76.44
2025-07-10,27.67,7.2053,3.01,2.42,77.19
2025-07-11,27.98,5.0016,3.73,1.95,80.15
2025-07-12,28.26,6.9355,3.32,4.08,82.0
2025-07-13,27.76,5.7014,2.86,9.55,85.15
2025-07-14,28.11,6.3336,2.47,4.03,81.47
2025-07-15,28.43,7.3757,2.69,0.79,77.47
2025-07-16,29.0,7.1861,3.02,0.13,72.44
2025-07-17,28.65,4.8348,1.93,0.01,68.84
2025-07-18,28.6,4.1866,2.21,0.65,74.79
2025-07-19,29.61,6.4934,3.08,0.91,73.32
2025-07-20,29.66,5.418,3.25,0.33,71.99
2025-07-21,29.55,7.597,3.01,0.01,71.29
2025-07-22,30.2,7.7525,3.17,0.0,68.43
2025-07-23,30.34,7.6944,2.51,0.0,66.36
2025-07-24,30.32,6.996,2.0,0.03,64.99
2025-07-25,28.71,3.9526,1.18,13.59,79.59
2025-07-26,28.15,4.9358,2.48,1.14,78.86
2025-07-27,28.95,6.6322,2.56,7.02,78.72
2025-07-28,30.15,7.3814,1.86,1.17,66.78
2025-07-29,30.05,7.8598,1.73,0.14,60.68
2025-07-30,30.42,6.6398,2.13,0.01,57.88
2025-07-31,30.02,4.0831,2.32,0.17,59.49
2025-08-01,30.27,5.2836,2.09,0.24,64.05
2025-08-02,29.73,4.5226,1.42,5.44,69.18
2025-08-03,30.48,5.6837,1.22,0.79,63.48
2025-08-04,29.19,4.4213,1.91,9.29,71.9
2025-08-05,29.3,5.8394,2.44,2.72,71.78
2025-08-06,30.28,5.827,1.97,0.79,68.12
2025-08-07,30.76,6.2294,1.61,0.57,63.45
2025-08-08,30.68,6.2534,2.22,0.32,64.09
2025-08-09,30.38,5.8265,2.39,2.23,66.6
2025-08-10,29.34,5.3237,1.97,1.66,72.14
2025-08-11,29.52,5.9174,2.03,1.0,71.47
2025-08-12,30.29,5.6402,1.92,2.01,68.81
2025-08-13,30.56,5.8548,1.72,2.52,63.8
2025-08-14,31.15,6.2162,2.76,1.14,64.69
2025-08-15,30.49,4.8554,3.22,1.8,68.39
2025-08-16,30.78,3.9245,2.75,2.85,69.17
2025-08-17,31.24,6.7877,1.81,1.04,65.29
2025-08-18,30.88,6.1634,1.96,2.09,62.72
2025-08-19,30.06,4.9915,1.68,5.94,65.84
2025-08-20,30.89,6.2105,1.37,1.97,61.98
2025-08-21,29.48,5.4293,1.93,5.35,68.13
2025-08-22,26.76,4.2449,1.53,13.75,82.28
2025-08-23,27.84,5.3376,2.51,0.69,72.98
2025-08-24,29.89,6.0454,1.99,0.03,63.48
2025-08-25,29.44,6.2616,2.31,0.01,59.73
2025-08-26,29.76,5.1322,1.88,1.86,61.18
2025-08-27,29.54,4.6694,2.62,2.39,72.39
2025-08-28,30.58,5.9306,2.68,0.53,66.02
2025-08-29,31.18,5.0762,2.07,1.34,64.26
2025-08-30,30.27,4.8259,1.82,4.08,72.46
2025-08-31,26.75,2.4727,1.81,20.21,86.83
2025-09-01,27.28,5.0126,1.53,5.49,79.31
2025-09-02,28.87,6.0134,1.83,0.71,71.06
2025-09-03,29.04,6.3658,2.29,0.07,62.43
2025-09-04,29.46,6.8921,2.04,0.02,58.85
2025-09-05,30.05,6.2714,3.34,0.07,65.78
2025-09-06,29.21,4.465,1.44,0.63,68.97
2025-09-07,25.27,3.2309,2.69,9.54,81.62
2025-09-08,25.43,6.7152,3.0,0.02,55.98
2025-09-09,24.6,7.0342,2.08,0.0,54.73
2025-09-10,26.21,6.8354,2.23,0.0,57.55
2025-09-11,28.47,5.8464,2.76,0.69,68.32
2025-09-12,28.67,6.2981,2.61,0.02,62.81
2025-09-13,28.42,6.2278,2.39,0.0,61.78
2025-09-14,28.91,4.9757,1.9,0.21,62.22
2025-09-15,28.43,5.6568,2.33,0.1,60.4
2025-09-16,28.55,5.9474,2.42,0.29,58.92
2025-09-17,28.83,5.6647,1.99,0.26,58.11
2025-09-18,28.57,5.0714,2.17,1.6,62.02
2025-09-19,28.97,5.875,2.47,0.23,58.71
2025-09-20,28.81,5.0585,2.31,0.16,66.08
2025-09-21,29.02,5.1478,2.9,2.04,67.47
2025-09-22,29.49,5.2397,3.29,2.02,71.98
2025-09-23,29.82,5.0818,3.21,2.26,72.96
2025-09-24,29.95,4.2175,2.51,4.36,74.19
2025-09-25,27.81,5.2661,2.4,0.81,59.16
2025-09-26,26.09,5.7065,2.24,0.0,57.3
2025-09-27,26.04,5.874,1.95,0.0,55.14
2025-09-28,25.55,6.2434,2.21,0.0,55.96
2025-09-29,26.68,5.9316,1.47,0.0,52.79
2025-09-30,27.52,5.2622,1.59,0.08,50.78
2025-10-01,27.92,5.2008,1.53,0.01,56.43
2025-10-02,28.48,5.3237,1.76,0.01,57.79
2025-10-03,27.69,5.3196,2.58,0.19,55.88
2025-10-04,26.22,5.5339,3.01,0.06,52.69
2025-10-05,27.04,5.7998,2.91,0.01,56.22
2025-10-06,28.34,4.6291,1.91,0.28,61.14
2025-10-07,29.11,4.6037,1.61,0.55,64.05
2025-10-08,28.79,4.8199,2.72,1.23,59.99
2025-10-09,27.83,5.4593,3.26,0.03,56.32
2025-10-10,26.25,5.7468,3.02,0.0,47.62
2025-10-11,25.16,5.6566,2.37,0.0,50.66
2025-10-12,25.51,5.3256,2.31,0.0,55.95
2025-10-13,25.36,5.2942,2.45,0.0,55.85
2025-10-14,25.59,5.5116,1.94,0.0,51.79
2025-10-15,25.08,5.4958,2.28,0.0,47.09
2025-10-16,25.07,4.1299,3.19,0.03,62.32
2025-10-17,27.2,3.4826,2.89,0.09,70.54
2025-10-18,28.97,4.6222,3.9,0.3,66.37
2025-10-19,25.74,5.425,3.46,0.03,50.46
2025-10-20,25.07,4.7705,4.0,0.0,54.26
2025-10-21,27.59,3.9557,3.38,0.7,68.68
2025-10-22,23.85,4.4388,2.8,0.0,48.65
2025-10-23,24.35,3.7678,3.02,0.82,66.88
2025-10-24,24.89,4.0951,3.98,9.94,75.96
2025-10-25,24.46,2.694,3.13,23.24,84.75
2025-10-26,22.0,4.5358,2.23,9.09,74.42
2025-10-27,22.54,4.9219,2.32,1.03,76.65
2025-10-28,23.83,4.2521,4.67,4.11,74.21
2025-10-29,15.9,5.4199,6.81,0.0,42.83
2025-10-30,14.4,5.226,2.99,0.0,58.06
2025-10-31,15.49,5.1166,2.03,0.0,61.6
2025-11-01,15.87,3.3238,3.3,1.22,80.09
2025-11-02,15.62,4.8266,2.54,0.01,68.49
2025-11-03,15.98,4.993,2.11,0.0,66.7
2025-11-04,16.87,5.0114,2.54,0.0,70.76
2025-11-05,19.91,4.8641,2.51,0.0,74.3
2025-11-06,20.78,4.3238,2.45,0.0,77.3
2025-11-07,22.1,4.6558,3.14,0.0,76.76
2025-11-08,22.88,4.2864,2.36,0.0,75.35
2025-11-09,17.47,4.6438,5.68,0.0,45.97
2025-11-10,9.8,5.0287,3.29,0.0,43.91
2025-11-11,13.22,4.7369,3.44,0.0,61.31
2025-11-12,19.61,3.779,3.23,0.0,75.54
2025-11-13,21.17,4.0805,3.25,0.0,75.41
2025-11-14,21.78,4.2521,3.44,0.0,75.11
2025-11-15,21.48,4.2552,2.97,0.0,72.8
2025-11-16,23.28,3.6055,2.71,0.0,78.35
2025-11-17,23.75,2.9167,3.78,0.0,83.32
2025-11-18,23.99,3.4135,2.89,0.0,76.83
2025-11-19,24.29,2.4451,3.14,0.02,80.53
2025-11-20,24.04,3.277,3.58,0.21,79.48
2025-11-21,24.62,2.9131,2.55,4.27,81.73
2025-11-22,20.97,2.7576,2.65,5.53,69.27
2025-11-23,17.97,2.2296,2.69,0.05,71.16
2025-11-24,22.83,2.0849,4.31,17.19,85.77
2025-11-25,20.5,4.0298,2.63,1.41,72.62
2025-11-26,15.71,3.6943,3.64,0.0,63.47
2025-11-27,12.48,3.5635,2.71,0.0,57.16
2025-11-28,13.11,3.6758,4.47,0.0,60.59
2025-11-29,19.64,1.5749,4.82,18.97,81.64
2025-11-30,10.5,1.2305,5.4,19.78,71.19
2025-12-01,7.76,0.8537,3.45,10.96,83.55
2025-12-02,6.86,4.0078,3.29,0.0,74.65
2025-12-03,9.95,1.4098,3.45,8.42,92.6
2025-12-04,9.55,0.6581,4.59,3.66,86.19
2025-12-05,8.67,1.3222,2.13,0.18,77.97
2025-12-06,12.56,3.0094,2.0,0.02,83.62
2025-12-07,15.27,2.0201,4.07,0.02,80.73
2025-12-08,8.79,4.032,3.62,0.0,71.26
2025-12-09,9.59,4.0925,2.58,0.0,79.86
2025-12-10,13.57,3.7231,3.3,0.0,78.52
2025-12-11,11.4,3.9715,2.59,0.0,70.11
2025-12-12,17.38,2.9261,2.34,0.13,85.63
2025-12-13,19.73,2.5142,2.31,1.43,90.02
2025-12-14,11.05,1.6538,5.16,0.18,75.24
2025-12-15,5.3,4.0469,1.81,0.0,58.67
2025-12-16,10.46,2.2342,2.58,0.39,84.63
2025-12-17,15.24,1.3008,2.78,2.68,96.91
2025-12-18,17.24,3.168,4.16,0.2,71.73
2025-12-19,10.99,4.1434,2.7,0.0,58.98
2025-12-20,17.19,2.8534,3.99,0.0,86.87
2025-12-21,20.4,2.4938,1.7,0.01,81.99
2025-12-22,20.39,2.7593,2.62,0.0,81.23
2025-12-23,20.42,2.7674,2.97,0.02,83.73
2025-12-24,20.23,2.365,2.78,0.21,84.92
2025-12-25,20.07,2.5409,2.7,0.09,84.24
2025-12-26,21.13,2.1082,3.38,0.0,83.49
2025-12-27,21.59,2.9014,3.65,0.01,83.63
2025-12-28,21.57,2.9306,3.89,0.07,77.27
2025-12-29,9.36,2.04,6.92,0.01,31.66
2025-12-30,6.71,4.181,3.04,0.0,52.78
2025-12-31,9.1,4.121,2.29,0.0,51.56
2026-01-01,12.28,3.5918,2.97,0.0,77.65
2026-01-02,19.58,3.8664,4.66,0.0,74.29
2026-01-03,16.58,3.8966,3.91,0.0,74.35
2026-01-04,12.95,3.6734,2.31,0.0,80.85
2026-01-05,16.34,3.4769,3.14,0.0,84.51
2026-01-06,19.83,2.5886,3.02,0.01,83.07
2026-01-07,20.04,2.5942,3.39,0.01,84.34
2026-01-08,21.59,1.6219,5.23,0.06,85.63
2026-01-09,20.84,1.9486,2.18,11.96,93.33
2026-01-10,12.0,2.448,5.94,1.84,61.17
2026-01-11,9.21,4.0884,3.08,0.0,55.69
2026-01-12,10.32,4.0344,2.13,0.0,58.3
2026-01-13,10.32,0.7927,1.83,1.22,74.51
2026-01-14,11.83,4.2122,4.97,0.0,65.86
2026-01-15,8.51,4.501,2.75,0.0,59.31
2026-01-16,13.03,4.206,3.97,0.0,67.62
2026-01-17,8.49,3.9,4.95,0.0,42.04
2026-01-18,5.69,4.5967,2.82,0.0,52.43
2026-01-19,9.24,4.4724,2.47,0.0,65.08
2026-01-20,11.82,2.208,2.97,0.03,79.11
2026-01-21,16.07,1.1885,2.22,9.24,94.76
2026-01-22,16.07,1.1071,2.03,0.17,83.13
2026-01-23,16.66,1.2235,3.29,3.42,90.36
2026-01-24,7.16,0.7956,5.03,17.99,87.01
2026-01-25,-2.32,1.717,6.12,11.47,80.37
2026-01-26,-3.73,3.9113,3.84,0.1,78.43
2026-01-27,0.84,4.4117,1.61,0.0,70.85
2026-01-28,6.66,4.656,1.31,0.0,70.54
2026-01-29,9.67,4.4599,2.82,0.09,75.02
2026-01-30,6.06,2.801,4.62,0.0,64.41
2026-01-31,2.59,4.853,4.44,0.0,55.96
2026-02-01,2.72,4.8223,2.33,0.25,62.44
2026-02-02,10.94,3.8268,3.12,0.18,86.17
2026-02-03,17.16,2.6726,4.0,10.2,90.07
2026-02-04,11.48,4.6903,4.75,0.59,67.0
2026-02-05,9.67,5.0688,2.94,0.0,66.53
2026-02-06,13.96,4.9975,3.05,0.0,57.79
2026-02-07,14.66,4.9145,3.07,0.0,68.42
2026-02-08,15.69,3.9962,2.97,0.0,81.05
2026-02-09,18.62,4.6138,3.29,0.01,79.49
2026-02-10,18.53,2.7833,3.41,0.14,86.49
2026-02-11,18.0,3.1618,2.44,1.6,79.86
2026-02-12,18.19,4.4191,1.95,0.0,68.55
2026-02-13,19.23,4.0044,3.32,0.01,80.9
2026-02-14,18.95,1.6243,5.34,25.75,91.17
2026-02-15,16.08,4.5468,4.15,0.09,79.86
2026-02-16,14.86,5.1641,2.52,0.17,82.42
2026-02-17,18.45,4.0186,4.53,0.43,82.25
2026-02-18,20.88,3.0802,3.9,0.0,81.24
2026-02-19,22.0,2.2656,2.92,0.01,81.15
2026-02-20,21.24,2.8546,1.67,0.0,81.88
2026-02-21,19.29,4.3356,4.57,0.0,61.95
2026-02-22,10.98,5.9383,5.08,0.0,45.45
2026-02-23,9.93,5.952,2.88,0.0,47.99
2026-02-24,12.93,5.5454,4.04,0.0,63.35
2026-02-25,19.37,4.1059,6.0,0.0,79.05
2026-02-26,22.33,2.988,3.86,0.0,78.67
2026-02-27,21.56,5.5754,2.13,0.01,65.92
2026-02-28,19.14,5.3249,2.9,0.04,76.0
2026-03-01,19.02,6.025,4.02,0.0,71.45
2026-03-02,20.68,5.5224,3.5,0.0,76.67
2026-03-03,22.47,4.2002,5.13,0.0,78.95
2026-03-04,22.34,4.1362,4.42,0.01,77.75
2026-03-05,22.57,4.4894,4.88,0.01,78.75
2026-03-06,23.79,4.1614,5.99,0.03,77.76
2026-03-07,23.7,3.3622,3.26,14.71,81.55
2026-03-08,20.88,1.0121,2.26,8.12,89.28
2026-03-09,22.62,3.4915,3.47,0.49,84.74
2026-03-10,23.95,4.3337,5.1,0.68,83.47
2026-03-11,22.08,2.7655,5.71,22.48,81.37
2026-03-12,13.8,6.8191,4.45,0.0,51.05
2026-03-13,15.44,6.6737,3.42,0.0,68.2
2026-03-14,19.08,6.4603,3.85,0.0,77.35
2026-03-15,21.65,4.4717,6.61,0.85,68.03
2026-03-16,8.66,6.3386,7.43,0.0,29.7
2026-03-17,9.06,6.9533,2.78,0.0,47.39
2026-03-18,14.99,6.481,3.37,0.0,67.08
2026-03-19,18.13,6.5522,2.77,0.0,71.21
2026-03-20,20.26,6.523,3.71,0.0,73.19
2026-03-21,22.06,6.5455,4.27,0.0,71.8
2026-03-22,22.04,6.6756,4.51,0.0,71.08
2026-03-23,22.13,5.8932,2.41,0.0,71.69
2026-03-24,22.22,5.0412,2.37,0.01,74.1
2026-03-25,23.13,5.8046,3.64,0.0,71.64
2026-03-26,23.11,5.9599,3.92,0.0,71.51
2026-03-27,23.75,6.1054,2.16,0.0,69.61
2026-03-28,20.49,5.2486,3.1,0.0,56.2
2026-03-29,21.12,6.1505,3.26,0.0,68.65
2026-03-30,22.89,6.1253,3.98,0.0,71.11
2026-03-31,23.92,5.4233,4.41,0.11,72.77
2026-04-01,24.66,5.2056,5.18,1.25,74.12
2026-04-02,24.01,3.5146,5.17,7.81,79.78
2026-04-03,25.14,4.0219,5.29,0.51,76.18
2026-04-04,23.3,3.0096,3.98,15.12,80.36
2026-04-05,16.05,2.3254,4.8,1.0,64.5
2026-04-06,17.44,7.355,3.47,0.04,50.65
2026-04-07,17.66,7.128,3.07,0.0,54.31
2026-04-08,20.85,6.1183,3.07,0.03,68.34
2026-04-09,22.36,5.6748,3.77,0.37,74.82
2026-04-10,22.59,3.0005,3.75,9.37,83.95
2026-04-11,23.45,4.507,4.64,1.75,78.72
2026-04-12,22.56,2.3597,4.63,17.27,88.87
2026-04-13,24.46,3.9298,4.15,1.8,80.36
2026-04-14,24.54,5.4067,4.36,0.03,75.91
2026-04-15,24.81,5.4314,4.57,0.08,74.7
2026-04-16,25.56,6.1752,3.92,0.05,72.85
2026-04-17,25.57,4.3548,5.34,0.0,72.94
2026-04-18,22.17,3.3982,4.36,13.41,78.02
2026-04-19,16.7,4.0176,4.09,7.35,58.66
2026-04-20,18.51,2.7346,3.31,4.68,62.81
2026-04-21,18.48,1.5576,3.71,21.15,89.7
2026-04-22,21.94,4.4611,2.92,5.94,85.15
2026-04-23,23.92,5.7883,3.81,0.67,81.96
2026-04-24,25.55,3.7829,3.7,0.0,79.25
2026-04-25,25.46,5.1151,2.84,0.0,81.87
2026-04-26,26.15,3.5518,3.77,0.06,79.22
2026-04-27,26.7,4.8214,4.28,0.07,78.55
2026-04-28,27.25,6.7608,4.52,0.01,76.04
2026-04-29,26.36,4.4234,2.59,0.26,79.86
2026-04-30,23.67,4.9051,2.44,14.49,79.53
2026-05-01,17.11,1.123,4.7,55.09,91.45
2026-05-02,17.18,7.9207,3.74,0.13,74.48
2026-05-03,19.19,7.7345,2.2,0.0,66.42
2026-05-04,21.31,5.7727,3.86,0.0,74.48
2026-05-05,25.26,2.6813,4.59,0.0,81.83
2026-05-06,25.28,2.3978,2.94,1.13,82.03
2026-05-07,20.91,3.3586,3.61,0.77,74.24
2026-05-08,22.33,1.8382,2.53,0.62,83.99
2026-05-09,25.3,5.0935,2.18,2.43,76.47
2026-05-10,25.34,6.8707,2.43,12.45,81.94
2026-05-11,22.58,4.7638,2.9,7.08,85.78
2026-05-12,23.43,7.657,1.72,0.61,70.7
2026-05-13,24.7,7.8312,1.65,0.16,62.51
2026-05-14,25.12,7.4395,2.8,0.01,69.08
2026-05-15,25.18,7.1321,4.03,0.19,73.61
2026-05-16,26.76,6.3,4.88,0.38,71.08
2026-05-17,26.82,2.9849,5.91,0.69,81.1
2026-05-18,28.04,4.1897,6.05,0.61,75.04
2026-05-19,26.14,5.6614,4.14,17.89,84.87
2026-05-20,22.85,3.7694,2.68,20.67,90.83
2026-05-21,23.55,2.2997,1.68,2.3,87.31
2026-05-22,25.35,6.709,2.32,4.04,82.3
2026-05-23,23.66,2.5217,2.49,24.39,91.79
2026-05-24,24.88,6.7337,1.76,4.26,79.36
2026-05-25,25.57,7.0082,1.93,0.73,77.93
2026-05-26,25.52,6.7339,2.4,3.17,81.7
2026-05-27,23.61,1.2857,2.19,4.77,90.23
2026-05-28,26.07,7.6742,1.34,0.34,73.61
2026-05-29,26.87,7.248,2.17,1.81,78.72
2026-05-30,27.48,7.3702,2.54,0.21,76.96
2026-05-31,27.55,5.9964,2.24,0.03,78.16
2026-06-01,28.73,6.3211,1.69,0.29,73.05
2026-06-02,27.54,5.1744,2.08,7.89,79.36
2026-06-03,25.56,0.3864,2.35,10.68,88.62
2026-06-04,26.13,5.4566,3.03,8.98,85.24
2026-06-05,26.06,4.2967,2.78,10.12,90.74
2026-06-06,27.07,4.5605,2.73,7.92,86.89
2026-06-07,26.76,1.9322,3.58,1.77,89.08
2026-06-08,27.61,4.8451,3.83,0.32,84.64
2026-06-09,28.19,6.7402,3.7,0.46,80.12
2026-06-10,28.69,6.7262,3.99,0.77,78.78
2026-06-11,29.23,6.727,4.35,0.52,77.61
2026-06-12,29.21,6.7922,3.06,2.64,76.82
2026-06-13,28.99,6.1721,3.29,1.37,74.98
2026-06-14,28.6,6.2614,3.1,10.88,83.16
2026-06-15,26.46,1.0284,2.45,24.93,93.62
2026-06-16,27.04,1.6272,1.58,30.15,86.32
2026-06-17,27.25,6.7738,4.5,3.47,88.95
2026-06-18,29.31,7.0714,3.04,0.88,83.68
2026-06-19,28.66,4.5374,2.83,5.73,87.18
2026-06-20,27.59,0.5762,2.18,14.85,89.08
2026-06-21,27.93,5.4245,3.89,11.69,86.55
2026-06-22,28.96,7.2701,4.18,1.22,83.51
2026-06-23,28.74,7.5821,2.88,0.07,78.9
2026-06-24,28.08,7.3579,2.83,0.14,78.66
2026-06-25,27.32,7.6361,3.31,0.09,79.58
2026-06-26,28.8,7.0464,4.26,0.03,79.1
2026-06-27,29.27,7.3584,4.49,0.01,76.11
2026-06-28,29.82,7.1462,4.86,0.0,73.2
2026-06-29,29.54,7.356,3.96,0.0,75.52
2026-06-30,29.22,6.8976,3.2,1.14,74.58
2026-07-01,29.34,7.0922,2.69,0.9,72.7
2026-07-02,29.15,5.3006,2.13,4.85,70.95
2026-07-03,29.66,6.241,1.99,1.52,71.21
2026-07-04,30.05,7.3963,2.4,0.31,68.22
2026-07-05,30.17,6.9096,2.19,1.54,66.19
2026-07-06,29.74,5.8286,2.36,3.0,69.21
2026-07-07,29.36,5.9998,2.1,3.78,69.08
2026-07-08,28.97,5.8481,2.61,2.92,72.36
2026-07-09,29.1,7.0258,2.96,0.63,71.29
2026-07-10,28.36,5.406,2.46,2.46,72.49
2026-07-11,28.48,3.6982,2.05,5.54,77.11
2026-07-12,29.37,3.7068,2.18,5.61,75.35
2026-07-13,27.83,0.5736,1.84,20.29,83.78
2026-07-14,25.54,1.2576,1.92,43.98,93.92
2026-07-15,25.99,3.0758,2.22,6.0,82.78
2026-07-16,26.95,6.5911,2.56,2.63,87.64
2026-07-17,28.59,6.828,2.96,0.62,81.46
2026-07-18,28.41,6.906,2.7,0.0,80.36
2026-07-19,28.68,7.6032,2.37,0.61,75.43
2026-07-20,28.7,7.6841,2.32,0.38,74.18
2026-07-21,29.64,7.6217,2.28,0.0,64.0
2026-07-22,31.87,7.2751,2.23,1.22,65.63
2026-07-23,29.58,2.8236,3.85,12.26,76.4
2026-07-24,29.28,7.0126,3.68,0.33,76.06
2026-07-25,29.27,6.9574,2.54,0.0,74.46
2026-07-26,29.65,6.8513,2.46,0.0,72.87
2026-07-27,29.64,7.2602,2.94,0.02,68.78
2026-07-28,29.81,6.869,3.06,0.11,70.6
2026-07-29,30.36,7.0399,2.97,0.0,69.29
2026-07-30,30.7,7.452,2.9,0.0,66.5
2026-07-31,30.2,7.398,2.86,0.25,66.94
2026-08-01,29.67,6.2225,2.66,0.92,76.19
2026-08-02,30.11,5.4331,1.89,0.06,64.57
2026-08-03,29.84,7.134,1.99,0.48,72.83
2026-08-04,29.52,7.1904,2.16,1.1,74.16
2026-08-05,29.5,7.2026,2.33,1.15,74.69
2026-08-06,29.66,2.7199,2.15,3.14,77.47
2026-08-07,29.56,5.5008,1.95,4.01,76.55
2026-08-08,29.02,4.5079,1.69,7.03,78.53
2026-08-09,28.64,6.1486,1.94,8.97,81.97
2026-08-10,28.21,0.8539,1.65,8.49,84.19
2026-08-11,29.16,6.1066,2.67,2.61,79.57
2026-08-12,29.59,6.6775,2.91,1.48,77.53
2026-08-13,30.01,6.7795,3.57,0.67,74.19
2026-08-14,29.36,5.7881,2.99,3.95,76.54
2026-08-15,30.14,7.104,2.41,0.32,74.72
2026-08-16,29.67,7.2442,1.76,0.08,73.15
2026-08-17,29.61,7.1602,1.83,0.03,69.67
2026-08-18,30.22,5.9849,2.37,1.33,71.55
2026-08-19,30.45,6.6233,2.62,0.63,69.05
2026-08-20,30.58,6.8436,2.22,0.88,70.89
2026-08-21,31.14,6.8957,1.93,1.1,70.28
2026-08-22,31.71,6.9204,2.05,2.14,65.41
2026-08-23,31.27,6.8503,2.12,1.48,64.38
2026-08-24,30.47,6.935,2.63,0.24,67.78
2026-08-25,30.56,6.4193,2.15,3.42,70.92
2026-08-26,31.06,6.7769,2.2,2.61,68.03
2026-08-27,30.41,6.6667,2.17,5.13,73.72
2026-08-28,30.13,3.1918,1.42,3.17,74.82
2026-08-29,29.86,,1.82,0.21,69.99
2026-08-30,30.14,,2.05,0.47,68.67
2026-08-31,,,,,
2026-09-01,,,,,
2026-09-02,,,,,
2026-09-03,,,,,
2026-09-04,,,,,
2026-09-05,,,,,
2026-09-06,,,,,
2026-09-07,,,,,
2026-09-08,,,,,
2026-09-09,,,,,
2026-09-10,28.41,3.631,1.08,7.55,83.35
2026-09-11,28.85,5.2812,2.23,6.23,81.54
2026-09-12,29.79,,2.76,2.08,77.18
2026-09-13,29.48,,2.1,3.01,79.62
2026-09-14,,,,,
2026-09-15,,,,,
