date,close,solar_irradiance,wind_speed,precipitation,humidity
2007-01-01,10.08,0.4318,7.39,42.59,93.55
2007-01-02,5.87,2.687,7.62,0.01,75.77
2007-01-03,5.99,2.5694,6.12,0.0,81.33
2007-01-04,7.97,1.9507,5.49,0.01,95.89
2007-01-05,11.11,0.6902,6.65,2.99,96.87
2007-01-06,12.88,1.8653,7.46,0.66,91.15
2007-01-07,7.75,2.3386,4.91,11.32,78.52
2007-01-08,9.22,0.5647,9.55,26.05,86.88
2007-01-09,3.95,1.8202,7.16,0.05,73.8
2007-01-10,1.27,2.4773,8.38,0.09,71.22
2007-01-11,1.26,2.5901,5.13,0.0,71.14
2007-01-12,6.37,0.9934,7.13,0.02,84.84
2007-01-13,8.65,0.991,4.87,2.29,94.11
2007-01-14,7.59,0.7577,3.1,2.93,96.14
2007-01-15,8.36,0.6264,5.07,0.83,97.22
2007-01-16,4.22,0.6742,8.32,0.35,78.75
2007-01-17,-2.45,3.0866,6.46,0.0,70.11
2007-01-18,2.55,1.4165,3.41,0.99,80.73
2007-01-19,3.0,2.1648,7.58,2.01,83.65
2007-01-20,-1.09,2.3105,11.44,0.11,72.94
2007-01-21,-2.68,1.8413,4.42,0.08,69.0
2007-01-22,0.47,0.737,2.05,0.11,80.04
2007-01-23,0.96,2.1101,5.93,0.01,76.78
2007-01-24,2.12,1.9589,4.74,0.02,73.31
2007-01-25,-0.42,1.8612,6.1,0.23,73.68
2007-01-26,-6.74,2.8356,9.37,0.01,82.06
2007-01-27,0.78,0.9674,3.77,0.13,75.6
2007-01-28,3.21,1.7806,2.85,1.38,77.87
2007-01-29,-1.72,2.603,8.9,0.68,74.8
2007-01-30,-0.39,2.485,6.05,0.37,74.08
2007-01-31,-0.62,2.9873,7.23,0.1,72.87
2007-02-01,0.39,2.1094,5.26,0.18,73.62
2007-02-02,2.52,1.4585,3.91,4.36,91.04
2007-02-03,-1.05,3.6732,9.05,0.0,69.27
2007-02-04,-3.87,3.3857,9.21,0.0,72.12
2007-02-05,-8.13,3.6038,10.93,0.0,80.78
2007-02-06,-6.55,3.7325,8.34,0.0,83.69
2007-02-07,-5.46,3.5945,7.2,0.02,76.21
2007-02-08,-4.8,3.7037,9.11,0.0,77.26
2007-02-09,-3.59,3.647,9.24,0.0,76.49
2007-02-10,-2.53,3.6523,6.13,0.0,74.11
2007-02-11,-2.69,3.7522,5.76,0.0,73.32
2007-02-12,0.49,2.7473,5.92,0.0,75.07
2007-02-13,-2.33,2.0736,7.23,1.37,72.18
2007-02-14,-0.76,0.7774,12.51,21.2,93.51
2007-02-15,-6.5,3.647,10.58,0.0,84.07
2007-02-16,-5.47,3.8839,10.13,0.01,85.23
2007-02-17,-2.09,4.1062,6.98,0.05,74.92
2007-02-18,-1.86,3.0557,7.26,0.03,77.1
2007-02-19,-5.82,4.1297,9.14,0.0,80.32
2007-02-20,3.37,2.0784,6.81,1.36,83.45
2007-02-21,3.52,4.1686,4.08,1.09,81.65
2007-02-22,3.27,1.3939,4.58,4.25,91.24
2007-02-23,-0.39,4.1873,11.27,0.06,74.33
2007-02-24,-1.29,4.6553,9.26,0.0,75.48
2007-02-25,-0.56,2.1034,3.46,9.35,75.92
2007-02-26,1.32,0.8964,4.66,15.39,92.07
2007-02-27,2.35,2.3076,2.2,0.21,87.98
2007-02-28,2.36,3.9802,4.38,0.03,80.08
2007-03-01,2.53,3.6324,4.49,2.39,79.82
2007-03-02,7.64,2.5747,8.92,48.18,85.67
2007-03-03,5.01,3.8119,3.25,0.15,80.4
2007-03-04,1.61,2.7415,7.67,0.03,73.45
2007-03-05,0.68,3.1056,10.17,0.07,67.44
2007-03-06,-6.72,5.5344,11.03,0.01,71.84
2007-03-07,-6.5,2.2145,3.54,1.35,80.73
2007-03-08,-3.28,4.3783,7.61,0.0,72.46
2007-03-09,-3.53,5.0674,3.87,0.0,67.0
2007-03-10,4.58,2.965,6.55,0.74,92.9
2007-03-11,4.53,4.9226,5.28,3.72,84.62
2007-03-12,3.9,4.3723,3.84,0.03,79.89
2007-03-13,5.29,3.1279,5.68,0.0,91.18
2007-03-14,7.8,3.9192,6.28,0.39,93.99
2007-03-15,7.92,1.5672,5.94,3.43,93.22
2007-03-16,1.05,1.1042,11.05,35.64,92.77
2007-03-17,-0.59,4.517,8.4,3.57,87.48
2007-03-18,-0.77,5.375,8.32,0.04,81.31
2007-03-19,1.11,3.8822,6.95,0.69,75.86
2007-03-20,3.81,5.946,7.58,0.04,78.08
2007-03-21,1.01,5.2658,5.18,0.01,72.58
2007-03-22,7.48,4.0212,7.35,1.7,94.31
2007-03-23,9.17,1.3397,3.43,3.69,91.25
2007-03-24,6.05,3.1447,4.03,1.7,85.97
2007-03-25,5.21,5.1617,4.15,0.14,86.62
2007-03-26,5.74,3.3847,4.86,0.5,92.42
2007-03-27,11.49,4.9663,4.82,0.2,87.34
2007-03-28,8.92,5.7847,5.28,0.0,75.3
2007-03-29,5.34,6.8102,7.67,0.0,65.66
2007-03-30,7.01,6.0557,4.3,0.0,68.34
2007-03-31,5.31,4.2034,3.79,0.0,76.3
2007-04-01,5.9,1.3414,3.91,4.74,89.56
2007-04-02,6.16,3.5486,2.94,0.86,94.98
2007-04-03,6.98,5.2968,3.55,0.08,90.86
2007-04-04,5.25,0.7694,7.3,25.02,94.29
2007-04-05,3.56,4.733,8.5,0.04,73.08
2007-04-06,2.37,3.961,5.76,0.0,67.54
2007-04-07,2.12,4.2799,5.44,0.01,64.33
2007-04-08,1.7,3.9854,7.96,0.0,71.91
2007-04-09,3.13,6.3379,5.63,0.0,70.89
2007-04-10,4.06,6.3804,4.98,0.0,69.11
2007-04-11,4.62,5.556,3.99,0.23,68.4
2007-04-12,5.67,1.4297,7.22,37.98,91.63
2007-04-13,6.07,2.8138,7.86,0.01,78.52
2007-04-14,6.06,5.6842,4.62,1.26,74.77
2007-04-15,7.57,0.6648,10.3,99.0,96.37
2007-04-16,5.89,2.5649,6.27,12.62,90.94
2007-04-17,6.49,3.4596,8.36,1.14,84.52
2007-04-18,6.79,2.8649,5.72,0.2,84.66
2007-04-19,7.68,3.4308,3.31,0.48,84.25
2007-04-20,8.64,7.4393,3.23,0.0,78.4
2007-04-21,12.08,6.9818,2.88,0.0,68.82
2007-04-22,11.03,7.2665,3.11,0.0,80.04
2007-04-23,12.39,6.9862,6.23,0.0,87.29
2007-04-24,14.14,6.1298,5.32,0.0,79.91
2007-04-25,9.94,4.9471,4.29,4.34,83.49
2007-04-26,8.94,4.6776,4.51,1.12,88.1
2007-04-27,10.92,1.4534,3.76,38.46,96.79
2007-04-28,12.28,4.1762,3.57,0.5,88.3
2007-04-29,12.14,4.5737,3.61,0.14,82.98
2007-04-30,13.24,7.075,6.03,0.01,75.6
2007-05-01,11.62,4.8586,3.69,5.79,77.03
2007-05-02,12.78,5.7456,2.84,6.07,80.69
2007-05-03,12.1,7.8408,3.16,0.0,70.4
2007-05-04,12.31,7.6922,3.33,0.0,68.74
2007-05-05,12.63,7.404,2.49,0.07,76.23
2007-05-06,9.74,6.9355,7.53,0.13,74.12
2007-05-07,9.45,7.6591,3.92,0.0,73.21
2007-05-08,11.2,8.0851,2.86,0.0,81.57
2007-05-09,14.26,6.9053,4.12,0.01,93.05
2007-05-10,15.15,4.5024,3.85,1.44,94.4
2007-05-11,15.94,4.8098,2.87,2.57,87.67
2007-05-12,14.44,6.042,4.24,1.89,84.24
2007-05-13,13.08,8.1996,4.46,4.82,73.02
2007-05-14,12.44,8.052,4.65,0.02,73.09
2007-05-15,15.77,7.3682,8.09,0.0,82.62
2007-05-16,16.96,5.1895,6.8,12.19,89.72
2007-05-17,13.32,5.6429,4.68,1.01,85.02
2007-05-18,10.2,3.3029,8.17,3.06,86.08
2007-05-19,11.88,4.0651,4.72,3.05,82.92
2007-05-20,14.94,6.1246,5.55,1.2,80.16
2007-05-21,14.44,8.3887,3.63,0.0,73.42
2007-05-22,14.09,7.6097,2.52,0.0,83.84
2007-05-23,14.68,7.241,5.15,0.03,87.32
2007-05-24,17.06,7.9541,5.35,0.0,80.23
2007-05-25,18.99,7.8958,5.14,0.0,78.02
2007-05-26,20.91,6.3482,2.82,0.0,78.65
2007-05-27,18.79,6.3048,3.18,2.33,83.66
2007-05-28,19.91,5.1209,4.03,0.83,85.1
2007-05-29,18.53,8.5265,3.15,0.0,71.05
2007-05-30,19.11,8.1689,2.81,0.0,76.14
2007-05-31,20.45,6.8347,3.2,0.42,82.93
2007-06-01,20.56,6.0396,3.84,0.88,88.83
2007-06-02,20.76,6.4318,5.13,0.22,87.27
2007-06-03,18.68,2.9669,6.09,21.03,91.9
2007-06-04,18.71,2.7674,5.88,34.11,92.99
2007-06-05,20.12,6.3139,5.5,0.97,84.9
2007-06-06,16.59,7.9145,4.47,0.0,71.7
2007-06-07,16.82,7.4993,3.37,0.0,76.12
2007-06-08,19.22,7.1105,3.17,0.03,92.9
2007-06-09,19.11,6.0396,3.99,0.43,90.04
2007-06-10,17.89,4.0862,3.0,0.17,81.55
2007-06-11,20.47,7.05,2.92,3.88,78.77
2007-06-12,20.2,5.7814,2.61,4.0,87.36
2007-06-13,17.04,2.2214,5.17,1.22,84.48
2007-06-14,15.52,2.6462,4.55,0.1,78.68
2007-06-15,16.35,5.9278,3.36,0.04,80.28
2007-06-16,19.16,6.9216,2.84,1.92,80.64
2007-06-17,21.36,7.4467,4.03,0.04,77.62
2007-06-18,20.88,7.7261,3.78,0.02,80.23
2007-06-19,20.33,6.7222,4.66,0.57,89.23
2007-06-20,20.78,5.2728,4.34,9.49,81.88
2007-06-21,20.18,8.0722,4.77,7.23,73.79
2007-06-22,19.56,7.6229,6.53,0.0,69.93
2007-06-23,18.31,8.6705,5.06,0.0,62.23
2007-06-24,19.51,8.2222,3.73,0.0,65.62
2007-06-25,20.67,4.181,5.45,0.04,87.84
2007-06-26,23.29,7.3639,3.99,0.1,83.31
2007-06-27,23.71,6.2844,5.19,52.21,89.93
2007-06-28,23.62,6.2335,4.55,5.36,90.97
2007-06-29,21.38,3.6938,3.37,1.72,81.42
2007-06-30,21.09,7.2439,3.32,0.2,71.88
2007-07-01,19.56,7.139,4.74,0.08,67.55
2007-07-02,18.94,7.7551,3.95,0.0,64.54
2007-07-03,19.95,7.68,4.11,0.0,68.93
2007-07-04,19.89,2.3743,7.59,16.09,86.81
2007-07-05,21.32,3.4457,6.98,10.4,91.52
2007-07-06,22.43,7.2091,3.53,2.77,80.09
2007-07-07,22.48,7.5943,3.7,0.0,73.75
2007-07-08,23.43,7.4858,4.98,0.01,76.88
2007-07-09,24.19,7.4218,3.57,0.05,79.9
2007-07-10,24.24,5.695,4.45,0.33,88.43
2007-07-11,23.52,3.9437,3.76,15.71,93.34
2007-07-12,22.38,8.2435,4.41,0.43,69.46
2007-07-13,22.49,5.4185,4.57,0.08,76.17
2007-07-14,22.4,7.2785,4.14,0.0,77.87
2007-07-15,23.55,6.7721,6.22,0.53,84.37
2007-07-16,23.09,5.2541,2.78,0.65,76.27
2007-07-17,23.41,7.1626,2.23,2.11,82.79
2007-07-18,23.12,3.1164,3.24,26.51,95.03
2007-07-19,23.64,4.2626,4.63,2.1,88.65
2007-07-20,23.11,6.7488,5.41,0.13,73.48
2007-07-21,22.09,7.5029,4.36,0.0,68.73
2007-07-22,21.99,7.3759,4.5,0.08,72.5
2007-07-23,20.39,1.685,7.07,47.96,89.66
2007-07-24,20.69,6.9514,4.34,0.05,82.9
2007-07-25,21.9,6.901,2.64,0.12,89.09
2007-07-26,22.61,5.6326,1.84,0.11,91.82
2007-07-27,22.96,5.9287,2.83,1.54,92.39
2007-07-28,23.65,5.5843,3.21,1.85,90.72
2007-07-29,23.55,2.0196,1.09,12.86,89.47
2007-07-30,23.99,5.7209,1.86,1.65,84.75
2007-07-31,25.13,7.4954,2.23,0.03,75.55
2007-08-01,26.11,7.272,2.53,0.0,72.68
2007-08-02,26.23,7.0867,3.56,0.0,74.94
2007-08-03,25.48,6.6451,5.9,5.42,83.19
2007-08-04,25.82,6.8215,2.81,1.07,77.87
2007-08-05,23.29,7.0068,4.33,0.01,71.21
2007-08-06,24.74,2.9513,4.88,3.92,88.16
2007-08-07,25.83,4.6375,2.66,3.19,82.49
2007-08-08,26.73,6.2074,4.98,30.81,84.34
2007-08-09,23.63,5.471,4.78,1.45,77.81
2007-08-10,20.77,1.5542,7.5,19.86,89.19
2007-08-11,20.54,7.3498,3.89,0.02,73.3
2007-08-12,23.51,6.7154,3.25,0.11,78.77
2007-08-13,24.02,6.6235,3.95,0.15,75.74
2007-08-14,22.47,7.3087,3.22,0.0,64.62
2007-08-15,23.42,5.945,5.69,0.0,77.86
2007-08-16,24.33,3.6631,4.28,0.85,84.66
2007-08-17,23.97,4.6462,3.63,12.63,80.81
2007-08-18,20.14,7.4779,6.02,0.01,64.76
2007-08-19,19.75,1.999,2.59,6.88,72.85
2007-08-20,19.33,1.3217,6.46,8.31,82.4
2007-08-21,17.22,1.1239,8.28,27.14,88.08
2007-08-22,18.6,1.7371,5.29,0.62,86.66
2007-08-23,20.21,2.5517,2.93,0.14,90.87
2007-08-24,21.93,4.345,3.89,0.01,90.94
2007-08-25,23.37,4.9435,4.63,0.42,92.59
2007-08-26,24.07,3.558,2.44,0.07,83.91
2007-08-27,22.27,6.0084,3.36,0.0,81.51
2007-08-28,22.06,5.6434,2.49,0.0,81.36
2007-08-29,22.53,6.311,2.29,0.0,76.89
2007-08-30,22.55,5.4103,2.82,0.06,79.9
2007-08-31,23.09,3.2902,3.07,0.24,81.28
2007-09-01,21.39,6.2969,5.0,0.0,65.95
2007-09-02,20.12,6.7356,3.85,0.0,63.94
2007-09-03,21.75,6.2398,5.98,0.0,76.68
2007-09-04,22.93,6.2124,3.08,0.0,68.17
2007-09-05,21.47,5.2954,3.59,0.0,65.78
2007-09-06,22.16,5.4271,4.71,0.0,80.05
2007-09-07,23.22,5.682,6.07,0.0,85.29
2007-09-08,23.52,5.6585,6.28,0.16,83.13
2007-09-09,23.15,4.9795,4.27,0.14,85.72
2007-09-10,23.71,3.6314,2.06,2.32,89.24
2007-09-11,22.97,1.116,5.55,17.03,93.79
2007-09-12,20.47,6.1198,5.45,0.0,64.38
2007-09-13,19.69,5.4509,3.48,0.0,66.29
2007-09-14,20.93,2.8927,5.27,2.55,69.69
2007-09-15,19.24,3.9809,5.89,1.13,71.92
2007-09-16,15.86,4.7674,3.33,0.0,61.51
2007-09-17,16.61,5.3326,4.28,0.0,66.16
2007-09-18,16.83,5.844,4.81,0.0,67.73
2007-09-19,17.81,5.7847,2.96,0.0,69.71
2007-09-20,20.17,5.2488,3.21,0.0,73.19
2007-09-21,20.35,5.2973,2.74,0.0,80.82
2007-09-22,20.97,2.3578,4.08,3.2,92.75
2007-09-23,21.13,5.801,4.25,0.01,66.08
2007-09-24,19.81,5.6916,3.9,0.0,66.43
2007-09-25,21.16,5.4607,5.78,0.0,79.99
2007-09-26,22.52,4.8485,6.2,0.01,82.71
2007-09-27,22.14,3.4207,5.14,0.26,91.14
2007-09-28,21.51,3.7085,4.73,0.34,76.71
2007-09-29,19.48,5.4158,4.82,0.0,63.95
2007-09-30,18.17,4.4585,4.34,0.0,72.67
2007-10-01,18.08,3.2023,4.47,0.0,72.29
2007-10-02,19.38,3.7123,4.13,0.0,84.85
2007-10-03,21.05,2.729,3.26,0.05,91.31
2007-10-04,21.57,4.2797,3.34,0.03,86.87
2007-10-05,20.85,3.2633,3.05,0.04,87.66
2007-10-06,21.53,4.0658,4.13,0.03,82.41
2007-10-07,21.0,2.9618,4.58,0.02,81.41
2007-10-08,22.96,4.1894,5.09,0.07,76.06
2007-10-09,20.28,1.5838,5.55,9.69,80.05
2007-10-10,20.18,3.0334,3.02,6.12,88.09
2007-10-11,18.25,1.1844,6.75,25.61,91.57
2007-10-12,14.38,4.1762,8.83,3.94,73.97
2007-10-13,13.53,3.9444,5.3,0.0,64.12
2007-10-14,14.46,4.0798,5.69,0.0,67.58
2007-10-15,15.52,4.2122,4.13,0.0,68.79
2007-10-16,16.33,3.846,3.17,0.0,68.58
2007-10-17,18.66,2.8181,3.68,0.0,85.13
2007-10-18,19.37,2.9436,4.85,0.11,90.99
2007-10-19,20.23,1.0289,7.98,23.6,96.1
2007-10-20,18.34,3.7387,6.28,5.27,75.89
2007-10-21,17.17,4.2216,4.9,0.0,73.53
2007-10-22,18.3,3.7668,5.59,0.0,88.26
2007-10-23,20.14,2.6678,8.07,0.13,89.36
2007-10-24,17.73,0.8676,4.47,5.45,86.11
2007-10-25,13.98,1.5526,8.3,9.09,82.82
2007-10-26,15.49,0.8911,8.13,7.61,84.37
2007-10-27,18.05,1.1076,7.33,23.86,91.76
2007-10-28,11.95,3.6698,7.7,0.25,70.4
2007-10-29,9.38,3.9742,4.75,0.0,64.45
2007-10-30,12.52,3.689,3.85,0.0,67.32
2007-10-31,13.87,3.6557,5.35,0.0,78.78
2007-11-01,14.8,2.2598,6.51,0.01,84.88
2007-11-02,10.63,3.6422,8.01,0.0,70.96
2007-11-03,9.72,1.4333,10.63,1.03,77.17
2007-11-04,10.19,2.4946,5.21,0.01,72.42
2007-11-05,10.85,3.3286,4.81,0.02,71.5
2007-11-06,10.98,2.0405,8.22,10.41,73.37
2007-11-07,7.74,3.1402,7.12,0.0,70.5
2007-11-08,5.9,2.6162,2.51,0.02,63.12
2007-11-09,7.8,1.6106,2.5,3.61,70.11
2007-11-10,7.08,1.368,6.68,2.97,83.04
2007-11-11,5.25,3.379,5.0,0.0,68.22
2007-11-12,8.96,0.6857,3.21,2.01,69.45
2007-11-13,11.24,1.7184,3.6,2.47,86.88
2007-11-14,11.74,1.02,5.25,0.13,92.94
2007-11-15,11.35,0.4699,8.35,6.44,90.29
2007-11-16,6.77,2.1612,9.77,0.09,72.07
2007-11-17,5.93,2.2193,5.46,0.14,71.55
2007-11-18,6.81,0.7435,5.75,1.96,74.31
2007-11-19,6.61,0.8011,7.23,3.32,82.58
2007-11-20,8.13,0.6413,4.78,3.11,88.6
2007-11-21,10.46,1.5533,3.77,0.13,95.22
2007-11-22,12.74,1.9313,7.25,0.92,89.64
2007-11-23,3.57,3.0269,7.88,0.01,69.51
2007-11-24,1.62,2.7833,4.3,0.23,67.84
2007-11-25,5.99,2.8382,5.13,0.31,66.94
2007-11-26,9.98,0.6559,4.84,21.16,93.91
2007-11-27,10.76,1.8444,8.23,2.9,79.76
2007-11-28,5.25,2.671,5.11,0.0,66.44
2007-11-29,8.45,1.6406,7.25,0.16,82.14
2007-11-30,4.5,2.6412,6.24,0.0,66.95
2007-12-01,1.81,2.5879,7.76,0.11,68.79
2007-12-02,1.51,0.6432,3.55,11.05,82.91
2007-12-03,6.46,1.9541,10.07,7.73,81.38
2007-12-04,1.25,1.6046,10.99,0.23,70.86
2007-12-05,0.39,1.0627,4.58,0.87,77.47
2007-12-06,-0.26,2.7098,5.28,0.0,72.75
2007-12-07,2.05,0.6497,4.58,0.53,77.52
2007-12-08,4.24,1.5739,4.78,0.5,84.96
2007-12-09,4.08,0.7709,2.86,3.63,77.78
2007-12-10,5.4,0.6821,3.07,5.36,92.27
2007-12-11,4.93,0.8861,3.74,0.54,84.22
2007-12-12,7.22,1.0591,7.97,0.23,80.56
2007-12-13,2.25,0.5753,4.84,20.77,85.25
2007-12-14,2.66,2.1329,5.64,0.04,87.66
2007-12-15,0.91,2.1245,7.54,0.58,74.92
2007-12-16,4.42,0.5446,10.36,24.13,94.13
2007-12-17,-0.91,2.5382,10.96,0.01,79.09
2007-12-18,0.99,2.3736,4.81,0.0,74.56
2007-12-19,4.1,1.2794,4.37,1.83,80.54
2007-12-20,3.11,2.237,5.55,0.0,84.76
2007-12-21,3.88,0.899,7.06,0.52,88.97
2007-12-22,5.42,0.7822,5.75,0.55,89.92
2007-12-23,9.99,0.6886,10.5,20.07,94.77
2007-12-24,5.15,2.155,7.63,0.01,70.91
2007-12-25,3.61,2.1847,4.53,0.01,77.69
2007-12-26,2.75,0.661,5.4,6.45,85.57
2007-12-27,4.01,0.5323,5.25,2.51,92.52
2007-12-28,5.32,2.2846,4.21,1.81,82.95
2007-12-29,7.4,1.5377,6.28,12.62,89.17
2007-12-30,3.38,1.0442,4.59,9.98,85.31
2007-12-31,3.9,2.4137,5.92,2.34,83.68
2008-01-01,5.19,1.289,7.76,3.08,82.62
2008-01-02,-1.11,1.9649,10.37,0.11,78.14
2008-01-03,-6.1,2.7271,8.69,0.0,80.14
2008-01-04,-0.71,2.1936,6.63,0.0,70.59
2008-01-05,2.38,2.0023,4.68,1.26,80.71
2008-01-06,4.51,1.2557,3.75,0.12,91.18
2008-01-07,6.53,1.7386,4.07,0.01,96.93
2008-01-08,8.36,2.112,5.73,0.11,97.66
2008-01-09,9.35,2.0971,8.61,0.63,84.65
2008-01-10,5.69,2.2469,3.55,0.6,78.03
2008-01-11,8.46,0.5441,6.44,18.34,96.05
2008-01-12,6.06,2.0393,4.26,0.01,81.55
2008-01-13,4.04,2.233,6.59,11.01,85.94
2008-01-14,3.04,0.9218,5.84,5.86,89.27
2008-01-15,2.13,1.8245,6.69,0.47,83.43
2008-01-16,1.02,2.5562,6.77,0.0,74.75
2008-01-17,2.03,0.8102,4.21,7.15,73.92
2008-01-18,5.14,2.7391,6.95,9.43,84.65
2008-01-19,1.64,1.8403,4.31,0.66,66.6
2008-01-20,-2.78,2.5061,9.09,0.38,72.29
2008-01-21,-4.43,3.1344,6.33,0.0,74.95
2008-01-22,1.18,1.4498,7.72,0.35,80.38
2008-01-23,1.54,3.1826,6.04,0.01,73.14
2008-01-24,-0.81,1.4842,4.59,0.13,66.9
2008-01-25,-1.95,3.3031,7.68,0.0,73.58
2008-01-26,-1.27,1.7794,2.89,0.06,66.64
2008-01-27,1.01,2.1506,6.52,0.09,80.21
2008-01-28,0.75,3.1481,7.0,0.0,80.1
2008-01-29,2.34,0.9425,3.68,0.12,86.83
2008-01-30,4.15,2.8942,9.09,2.69,76.35
2008-01-31,0.47,3.3413,4.43,0.04,60.35
2008-02-01,4.96,0.467,9.78,41.28,89.66
2008-02-02,3.36,2.2313,6.8,0.01,84.49
2008-02-03,3.94,3.2527,2.0,0.15,81.8
2008-02-04,4.14,0.9065,4.81,1.13,92.76
2008-02-05,7.29,1.1251,5.36,1.14,97.43
2008-02-06,9.18,1.3303,5.73,3.93,95.99
2008-02-07,6.14,2.0844,4.69,0.52,85.91
2008-02-08,3.34,2.5618,3.51,0.02,84.4
2008-02-09,4.22,1.105,3.52,2.23,89.09
2008-02-10,1.91,2.7492,9.76,0.6,76.67
2008-02-11,-6.11,4.0102,9.78,0.0,76.11
2008-02-12,-3.23,1.2643,3.79,10.3,78.98
2008-02-13,5.84,0.51,9.09,43.62,95.88
2008-02-14,0.82,4.079,7.7,4.91,76.02
2008-02-15,2.98,2.2754,6.77,0.0,83.05
2008-02-16,-0.99,4.2286,4.57,0.01,63.67
2008-02-17,3.81,1.387,6.99,3.72,80.18
2008-02-18,8.78,1.8149,9.75,8.59,95.19
2008-02-19,2.53,3.6314,8.24,0.01,74.73
2008-02-20,-1.0,3.5935,6.04,0.27,69.44
2008-02-21,-1.53,4.5504,4.82,0.4,62.52
2008-02-22,0.84,0.6295,5.11,16.91,91.11
2008-02-23,0.53,0.9209,4.18,0.38,88.34
2008-02-24,-0.23,4.135,4.87,0.01,74.82
2008-02-25,2.54,4.0495,3.74,0.03,78.06
2008-02-26,4.33,0.925,5.96,5.53,92.4
2008-02-27,1.63,3.612,7.79,0.11,81.51
2008-02-28,-3.58,4.8569,8.11,0.0,73.43
2008-02-29,-2.59,4.2283,4.76,2.39,70.74
2008-03-01,3.51,3.0595,8.73,3.09,81.95
2008-03-02,1.63,4.9241,6.45,0.0,70.87
2008-03-03,4.98,4.1993,6.29,0.0,84.94
2008-03-04,8.08,1.2542,7.21,1.31,94.46
2008-03-05,7.41,2.3383,9.53,15.44,85.18
2008-03-06,3.4,4.8442,3.27,0.0,78.75
2008-03-07,5.26,1.8223,6.55,30.26,92.46
2008-03-08,8.51,0.7829,9.44,21.26,93.36
2008-03-09,1.49,5.4994,10.2,0.0,69.47
2008-03-10,2.25,4.397,5.35,0.02,74.42
2008-03-11,3.96,4.416,3.43,0.07,81.99
2008-03-12,5.08,2.5865,7.71,0.06,80.6
2008-03-13,3.16,4.8497,4.17,0.0,72.93
2008-03-14,5.72,3.5762,4.52,1.25,92.67
2008-03-15,6.68,3.839,5.3,2.2,87.35
2008-03-16,4.75,2.0546,6.22,0.78,84.68
2008-03-17,2.83,5.9215,7.76,0.01,69.81
2008-03-18,3.51,2.2049,4.9,1.85,71.83
2008-03-19,7.54,0.9667,6.73,23.68,96.84
2008-03-20,6.6,3.4061,10.72,1.67,77.54
2008-03-21,3.0,6.2246,10.5,0.0,66.47
2008-03-22,3.25,4.5504,4.65,0.01,66.57
2008-03-23,3.04,6.2734,3.49,0.0,59.85
2008-03-24,3.81,5.1161,3.87,0.0,68.77
2008-03-25,3.31,6.2088,5.98,0.01,66.77
2008-03-26,8.29,4.2787,6.79,0.01,76.41
2008-03-27,5.87,1.3862,2.91,0.74,85.23
2008-03-28,6.44,1.8298,3.69,0.68,92.23
2008-03-29,3.13,6.7356,7.07,0.0,70.86
2008-03-30,1.93,6.5268,4.75,0.0,62.65
2008-03-31,7.31,1.0265,6.49,2.61,88.13
2008-04-01,11.25,1.633,10.18,6.27,94.57
2008-04-02,5.6,6.8114,8.05,0.2,65.35
2008-04-03,4.48,4.909,3.91,2.39,61.7
2008-04-04,8.41,1.8146,4.65,12.08,95.78
2008-04-05,9.75,5.3357,3.86,3.04,86.24
2008-04-06,6.71,2.0983,8.22,0.64,88.27
2008-04-07,6.01,2.3638,6.87,0.05,86.41
2008-04-08,6.52,5.575,5.57,0.01,85.29
2008-04-09,6.57,4.2746,3.34,0.17,95.88
2008-04-10,11.72,6.2585,2.14,0.21,80.62
2008-04-11,9.61,2.9059,4.11,5.02,93.74
2008-04-12,12.56,3.8174,4.66,7.49,91.33
2008-04-13,9.14,3.6631,5.12,0.44,77.26
2008-04-14,7.45,6.6869,3.38,0.02,66.84
2008-04-15,8.16,7.4314,3.66,0.0,66.71
2008-04-16,9.09,7.3253,2.79,0.0,72.61
2008-04-17,10.63,7.2977,2.31,0.0,76.31
2008-04-18,12.63,7.1069,2.72,0.0,76.15
2008-04-19,11.37,6.3768,4.11,0.0,90.53
2008-04-20,10.39,3.0274,6.95,0.0,93.82
2008-04-21,10.54,4.884,6.69,0.0,90.45
2008-04-22,11.0,6.8294,4.14,0.0,91.96
2008-04-23,13.46,6.6662,3.41,0.0,85.96
2008-04-24,15.56,7.3865,4.29,0.0,73.75
2008-04-25,12.41,5.868,3.63,0.01,81.31
2008-04-26,10.67,4.3546,6.2,1.26,83.98
2008-04-27,9.94,2.6705,4.18,0.4,84.28
2008-04-28,11.72,1.4707,7.3,23.18,96.48
2008-04-29,10.88,5.0162,6.1,6.58,79.24
2008-04-30,8.93,7.1448,5.02,0.01,65.91
2008-05-01,9.94,5.1475,4.37,2.77,76.17
2008-05-02,11.82,3.9734,4.42,0.55,92.39
2008-05-03,10.69,2.5282,6.58,0.4,92.74
2008-05-04,13.79,5.2997,2.08,1.41,85.17
2008-05-05,12.97,7.2962,3.46,0.0,74.33
2008-05-06,15.27,6.3444,2.36,0.0,70.86
2008-05-07,15.03,7.1743,4.11,0.03,77.93
2008-05-08,16.29,3.4308,5.98,5.07,87.97
2008-05-09,11.31,1.2262,9.43,26.89,90.39
2008-05-10,12.2,3.7814,4.23,0.7,79.76
2008-05-11,10.46,5.7528,7.08,1.54,82.92
2008-05-12,9.32,1.4107,12.21,9.06,79.88
2008-05-13,12.29,8.0654,5.83,0.0,70.03
2008-05-14,11.86,6.696,4.1,0.09,85.11
2008-05-15,14.17,5.1845,1.69,0.13,86.84
2008-05-16,12.21,0.8496,6.99,23.25,93.52
2008-05-17,13.81,7.1282,6.91,1.61,77.79
2008-05-18,13.53,3.4891,4.47,3.63,88.59
2008-05-19,11.73,5.6237,7.24,0.09,71.71
2008-05-20,10.37,1.5434,4.37,11.66,87.76
2008-05-21,12.7,6.2138,4.72,0.6,81.93
2008-05-22,12.08,5.3729,5.52,1.59,79.39
2008-05-23,13.7,7.6584,5.9,0.02,75.33
2008-05-24,14.57,6.1978,4.27,0.0,74.77
2008-05-25,15.45,8.5622,4.21,0.0,72.27
2008-05-26,15.92,7.9452,7.4,0.1,85.83
2008-05-27,18.04,5.2992,5.41,9.72,88.77
2008-05-28,14.13,8.3904,4.88,0.1,64.43
2008-05-29,14.95,8.2061,3.86,0.0,72.24
2008-05-30,16.19,7.783,3.98,0.03,80.98
2008-05-31,17.55,3.0538,6.8,5.73,93.7
2008-06-01,19.17,7.2766,4.67,0.22,81.02
2008-06-02,18.14,8.3162,3.76,0.0,72.96
2008-06-03,17.99,6.817,5.01,1.39,81.13
2008-06-04,17.82,2.3916,4.81,20.69,90.76
2008-06-05,17.78,3.6466,3.53,4.58,86.81
2008-06-06,16.58,4.5458,4.17,0.21,91.36
2008-06-07,21.11,7.5238,4.21,0.52,90.05
2008-06-08,23.72,6.9334,4.1,3.67,86.53
2008-06-09,25.28,7.998,4.09,0.0,81.73
2008-06-10,24.93,7.5127,3.8,2.2,82.99
2008-06-11,23.17,8.238,3.54,0.02,72.02
2008-06-12,22.48,8.129,2.94,0.0,71.35
2008-06-13,21.26,7.8888,3.03,0.03,77.97
2008-06-14,22.77,5.7749,3.54,15.22,84.94
2008-06-15,21.98,5.4408,2.59,8.83,88.67
2008-06-16,21.12,6.0115,4.57,4.6,89.94
2008-06-17,20.64,6.3418,4.34,0.03,76.95
2008-06-18,18.91,5.4466,4.53,3.06,74.82
2008-06-19,18.98,7.4746,2.88,0.7,72.8
2008-06-20,20.09,6.8842,3.98,2.93,77.36
2008-06-21,21.22,7.685,3.56,0.53,83.1
2008-06-22,21.49,5.4036,5.23,2.31,90.16
2008-06-23,21.5,4.5806,3.8,3.43,93.61
2008-06-24,21.5,7.2511,4.24,0.76,76.17
2008-06-25,21.64,7.5377,3.99,0.0,73.1
2008-06-26,22.38,3.7195,4.12,0.27,82.84
2008-06-27,23.82,5.7007,3.2,3.93,78.99
2008-06-28,23.62,5.9803,3.68,2.1,84.43
2008-06-29,23.79,5.388,4.86,7.89,88.24
2008-06-30,23.37,6.4831,4.59,1.15,82.87
2008-07-01,23.14,6.8782,3.47,0.28,80.57
2008-07-02,23.0,7.8722,3.94,0.07,74.08
2008-07-03,23.53,7.2809,6.78,0.3,73.97
2008-07-04,22.71,3.283,1.35,3.66,82.13
2008-07-05,21.88,3.185,2.58,5.96,88.25
2008-07-06,21.82,3.6216,2.55,0.66,92.58
2008-07-07,23.11,3.9569,3.26,0.57,88.94
2008-07-08,23.95,7.1129,5.64,0.12,84.03
2008-07-09,23.75,3.9679,5.97,1.47,84.84
2008-07-10,23.83,7.493,3.84,0.02,67.29
2008-07-11,23.08,7.5242,3.11,0.06,69.34
2008-07-12,23.13,6.251,4.48,0.0,81.41
2008-07-13,23.23,7.3447,4.71,0.51,83.79
2008-07-14,23.58,4.0229,3.5,6.66,78.73
2008-07-15,24.36,7.6968,2.44,0.0,70.83
2008-07-16,24.71,8.1125,2.57,0.0,69.8
2008-07-17,25.54,6.4774,2.61,0.22,72.52
2008-07-18,26.59,6.6019,3.81,0.04,72.85
2008-07-19,26.55,6.9878,6.11,0.01,70.49
2008-07-20,26.15,6.2237,6.42,0.91,78.61
2008-07-21,25.94,6.5794,2.84,0.28,77.64
2008-07-22,24.79,5.4547,2.41,7.51,82.96
2008-07-23,23.66,3.5851,4.16,25.41,93.76
2008-07-24,23.21,5.7468,5.95,17.5,85.17
2008-07-25,23.12,7.3159,3.23,0.0,70.39
2008-07-26,23.34,6.647,5.21,0.51,75.36
2008-07-27,22.77,3.521,4.44,21.64,91.92
2008-07-28,23.2,6.6948,3.09,0.07,76.34
2008-07-29,24.29,6.8784,3.9,0.0,73.04
2008-07-30,24.4,5.0155,2.87,0.3,79.94
2008-07-31,25.57,5.3587,2.89,0.74,76.95
2008-08-01,25.69,7.0049,1.76,0.01,71.92
2008-08-02,23.97,3.8302,2.53,10.45,83.34
2008-08-03,23.32,6.6799,4.16,0.11,73.44
2008-08-04,23.92,6.7733,4.02,0.04,72.02
2008-08-05,23.88,5.9462,3.43,0.51,75.33
2008-08-06,25.21,5.6849,4.19,8.28,77.67
2008-08-07,24.19,6.3518,2.84,2.19,72.79
2008-08-08,22.48,6.0326,3.87,4.65,71.25
2008-08-09,22.16,6.5777,4.0,0.0,68.96
2008-08-10,22.45,2.4722,5.14,2.78,76.19
2008-08-11,20.63,4.4071,4.06,14.59,78.76
2008-08-12,21.7,6.3838,4.15,0.46,72.34
2008-08-13,22.3,5.8968,3.37,1.34,75.59
2008-08-14,22.93,5.3383,1.95,11.36,81.45
2008-08-15,22.41,4.212,2.24,10.28,82.52
2008-08-16,22.43,6.9574,2.8,0.28,71.82
2008-08-17,22.98,6.6497,3.97,0.0,69.21
2008-08-18,23.77,6.6161,5.22,0.0,75.26
2008-08-19,23.6,6.2594,5.1,0.05,72.82
2008-08-20,20.09,7.3202,3.71,0.0,59.44
2008-08-21,21.37,6.8431,2.48,0.0,69.38
2008-08-22,21.81,6.8011,3.05,0.0,72.23
2008-08-23,22.2,5.8944,3.17,0.0,75.17
2008-08-24,22.58,5.4269,4.01,0.0,79.2
2008-08-25,23.52,3.9864,4.94,0.11,76.01
2008-08-26,20.99,6.9763,3.94,0.0,58.41
2008-08-27,20.18,5.8992,3.82,0.0,61.52
2008-08-28,21.57,5.7962,2.59,0.0,62.7
2008-08-29,21.39,4.3207,3.37,1.96,78.01
2008-08-30,23.59,4.0723,1.83,9.49,82.75
2008-08-31,23.24,6.4063,3.39,0.02,64.64
2008-09-01,22.72,6.7046,3.1,0.0,63.8
2008-09-02,23.58,6.3605,2.78,0.08,68.76
2008-09-03,23.02,5.213,3.9,0.27,76.55
2008-09-04,24.04,5.7276,4.45,0.68,82.91
2008-09-05,23.68,5.8334,5.26,8.34,87.37
2008-09-06,23.63,0.9922,6.63,70.85,94.96
2008-09-07,22.06,6.3146,5.71,0.4,77.39
2008-09-08,21.21,5.8826,4.01,0.0,78.4
2008-09-09,21.62,1.5156,6.02,13.47,92.9
2008-09-10,19.45,5.4502,3.77,0.03,65.7
2008-09-11,18.96,4.3714,3.86,0.0,70.47
2008-09-12,19.95,1.6606,6.13,12.65,81.08
2008-09-13,21.81,3.6156,2.82,0.23,90.66
2008-09-14,23.49,4.7107,6.0,0.28,90.43
2008-09-15,23.49,5.5166,6.13,0.0,75.47
2008-09-16,19.32,3.1078,2.59,0.01,71.62
2008-09-17,19.51,5.1355,2.39,0.0,67.59
2008-09-18,19.27,5.167,5.24,0.0,68.98
2008-09-19,16.07,4.8526,6.31,0.0,70.39
2008-09-20,16.26,5.4994,3.24,0.0,73.38
2008-09-21,18.68,5.4343,2.62,0.0,70.5
2008-09-22,18.74,4.5036,4.98,0.03,84.24
2008-09-23,17.16,5.497,5.43,0.0,70.58
2008-09-24,16.99,4.9994,5.88,0.0,73.65
2008-09-25,17.0,2.617,9.53,23.18,77.64
2008-09-26,18.87,1.3548,6.94,30.48,95.86
2008-09-27,19.49,1.6037,3.97,3.15,97.0
2008-09-28,19.73,1.4191,2.43,11.3,95.96
2008-09-29,19.56,2.6477,4.04,3.98,86.76
2008-09-30,17.76,3.7666,3.04,1.09,84.58
2008-10-01,18.47,3.6384,3.71,6.36,83.46
2008-10-02,15.16,3.6043,6.88,0.15,75.29
2008-10-03,15.29,2.7408,6.81,0.0,71.42
2008-10-04,14.56,3.6482,3.34,0.01,66.69
2008-10-05,15.97,3.1572,2.82,3.59,81.81
2008-10-06,13.79,3.647,4.79,0.02,73.11
2008-10-07,13.44,5.033,4.23,0.0,60.67
2008-10-08,15.22,3.4572,4.36,0.46,70.49
2008-10-09,18.69,4.0524,5.81,2.0,86.65
2008-10-10,17.45,4.8475,3.03,0.0,70.87
2008-10-11,15.91,4.6858,3.36,0.0,74.4
2008-10-12,15.93,4.4566,3.26,0.0,80.19
2008-10-13,16.85,2.6254,4.0,0.0,85.73
2008-10-14,17.07,3.4462,4.82,0.0,86.49
2008-10-15,17.27,4.1098,3.36,0.0,76.57
2008-10-16,18.45,2.1778,5.74,0.08,85.62
2008-10-17,13.48,4.0538,4.94,0.1,68.51
2008-10-18,11.69,3.9588,7.26,0.09,70.64
2008-10-19,9.97,4.2809,8.22,0.0,70.46
2008-10-20,10.86,4.2984,5.44,0.0,63.03
2008-10-21,12.1,2.6256,7.44,0.06,70.83
2008-10-22,9.44,3.0727,8.63,0.05,73.73
2008-10-23,8.96,4.2168,4.27,0.01,69.27
2008-10-24,11.13,3.078,2.6,0.01,66.44
2008-10-25,16.39,1.1203,10.04,23.33,89.36
2008-10-26,13.17,3.9564,5.32,0.17,76.01
2008-10-27,13.24,2.7533,3.86,2.17,86.33
2008-10-28,8.11,0.607,8.51,33.44,90.51
2008-10-29,7.2,2.071,8.76,0.67,75.38
2008-10-30,6.6,3.8429,6.37,0.0,69.48
2008-10-31,10.69,3.7246,5.59,0.0,67.11
2008-11-01,12.33,2.2949,4.23,0.0,80.76
2008-11-02,7.99,3.2676,6.29,0.0,72.2
2008-11-03,11.94,1.3078,3.24,0.06,82.79
2008-11-04,13.43,2.0047,2.3,0.12,93.33
2008-11-05,13.7,1.3039,7.17,9.37,93.88
2008-11-06,14.95,1.0826,8.36,4.78,92.43
2008-11-07,14.69,1.0812,3.01,0.95,93.37
2008-11-08,14.31,0.5974,4.94,5.34,96.35
2008-11-09,11.07,2.8217,5.66,0.06,74.18
2008-11-10,8.21,3.0082,6.52,0.01,70.69
2008-11-11,7.27,2.9801,5.31,0.01,70.23
2008-11-12,7.94,2.3722,2.37,0.02,67.34
2008-11-13,12.1,0.5837,5.48,16.24,88.84
2008-11-14,13.74,1.2998,2.91,2.61,96.58
2008-11-15,15.38,0.7654,8.36,14.88,96.9
2008-11-16,9.35,1.5967,9.64,6.54,72.36
2008-11-17,6.22,2.6498,6.07,0.02,70.64
2008-11-18,3.85,1.8835,7.3,0.04,73.09
2008-11-19,1.17,3.0929,7.47,0.0,71.63
2008-11-20,2.23,1.7813,4.99,0.0,76.42
2008-11-21,2.05,2.4413,6.0,0.09,70.96
2008-11-22,-0.47,2.9023,9.62,0.13,72.48
2008-11-23,1.41,2.5925,5.99,0.0,71.84
2008-11-24,6.47,2.033,6.04,4.65,71.1
2008-11-25,6.72,1.0702,6.85,13.95,86.2
2008-11-26,4.98,1.6435,6.41,0.04,79.4
2008-11-27,4.91,1.4753,4.99,0.02,71.63
2008-11-28,6.4,2.4233,6.38,0.03,76.39
2008-11-29,4.79,1.8514,4.07,0.01,70.6
2008-11-30,6.95,0.3367,6.72,22.08,87.82
2008-12-01,9.72,1.979,8.49,0.8,86.02
2008-12-02,5.4,2.1518,6.31,0.06,76.62
2008-12-03,3.76,2.6995,5.89,0.0,72.29
2008-12-04,7.15,1.5818,6.36,0.67,82.6
2008-12-05,2.94,1.8473,4.79,0.36,68.72
2008-12-06,1.83,1.6642,3.14,1.12,66.87
2008-12-07,1.1,1.6123,9.18,1.65,77.35
2008-12-08,-2.12,1.9056,5.22,0.01,68.25
2008-12-09,6.96,0.6019,7.75,0.19,83.04
2008-12-10,11.33,0.4558,9.05,4.33,94.01
2008-12-11,5.79,0.4711,6.97,65.77,94.23
2008-12-12,6.74,1.4244,9.45,32.27,87.71
2008-12-13,-0.03,2.3986,5.99,0.0,73.05
2008-12-14,4.51,2.0222,5.81,0.0,77.84
2008-12-15,11.08,1.422,9.11,0.41,92.3
2008-12-16,4.66,0.5172,6.19,10.79,83.3
2008-12-17,4.91,0.6386,5.42,5.11,94.51
2008-12-18,3.84,1.5499,2.64,0.0,76.02
2008-12-19,2.99,0.4294,6.03,20.39,91.48
2008-12-20,-1.2,0.99,6.99,1.48,96.17
2008-12-21,3.14,0.8899,9.67,16.45,90.33
2008-12-22,-5.09,2.3275,11.45,0.0,87.25
2008-12-23,-2.33,1.9997,5.28,0.02,78.79
2008-12-24,5.87,0.4265,8.61,8.99,93.15
2008-12-25,4.69,2.5558,7.49,3.79,78.54
2008-12-26,3.25,1.4244,3.43,0.09,80.81
2008-12-27,6.59,0.7195,4.22,0.33,97.34
2008-12-28,10.09,0.9398,7.9,0.28,90.96
2008-12-29,4.56,2.5759,5.56,0.0,76.82
2008-12-30,3.42,2.6556,8.53,0.0,67.17
2008-12-31,0.62,1.111,9.45,0.8,78.87
2009-01-01,-3.9,2.7022,8.69,0.0,75.99
2009-01-02,0.74,0.8534,6.6,0.15,79.03
2009-01-03,1.32,2.4631,8.72,0.0,75.31
2009-01-04,0.75,2.4014,5.32,0.0,74.29
2009-01-05,3.83,1.1542,4.79,0.13,83.62
2009-01-06,1.68,0.8184,5.01,5.17,69.89
2009-01-07,4.23,0.4058,5.15,37.01,97.9
2009-01-08,2.14,1.8763,10.93,0.16,77.29
2009-01-09,-0.55,1.8874,8.31,0.02,74.93
2009-01-10,-0.82,0.7697,4.18,4.04,84.07
2009-01-11,-0.07,1.835,5.67,2.04,88.22
2009-01-12,-1.56,2.6842,4.88,0.03,76.19
2009-01-13,2.32,1.2204,4.42,0.1,80.96
2009-01-14,-3.86,2.4583,6.99,0.02,75.41
2009-01-15,-4.45,1.7902,5.78,0.61,81.32
2009-01-16,-7.8,2.6388,7.22,0.05,85.54
2009-01-17,-7.58,2.569,4.64,0.1,82.09
2009-01-18,0.23,0.93,4.43,3.77,81.99
2009-01-19,-0.84,1.2811,3.01,1.13,88.34
2009-01-20,-2.92,2.3014,6.88,0.01,82.73
2009-01-21,-4.6,2.6105,6.86,0.0,83.01
2009-01-22,-1.08,2.1972,6.97,0.0,80.98
2009-01-23,2.24,2.629,4.59,0.0,88.1
2009-01-24,0.09,2.6534,8.7,0.01,74.11
2009-01-25,-4.67,3.025,4.57,0.11,71.96
2009-01-26,-3.27,2.7127,3.71,0.06,69.96
2009-01-27,-1.93,1.255,3.51,0.68,67.11
2009-01-28,2.79,0.581,8.21,23.77,93.94
2009-01-29,-0.75,3.3715,6.47,0.0,76.51
2009-01-30,-0.43,1.4698,4.98,0.12,82.4
2009-01-31,-3.55,3.1879,8.05,0.0,76.6
2009-02-01,2.39,3.0386,6.67,0.0,84.5
2009-02-02,3.62,3.0871,3.71,0.06,86.56
2009-02-03,0.63,0.8494,7.69,6.6,88.3
2009-02-04,-3.15,3.5107,7.37,0.11,73.68
2009-02-05,-6.65,3.4138,8.36,0.0,80.59
2009-02-06,-3.63,2.0597,4.36,0.0,71.23
2009-02-07,2.38,2.3938,5.61,0.0,84.13
2009-02-08,5.44,3.1786,7.23,0.02,83.77
2009-02-09,2.64,3.6523,3.88,0.0,74.96
2009-02-10,4.19,1.6466,3.26,0.08,91.16
2009-02-11,6.59,3.2376,5.05,0.31,97.22
2009-02-12,7.71,2.2433,12.52,1.51,75.5
2009-02-13,2.92,3.4649,8.42,0.0,70.19
2009-02-14,1.09,2.5044,5.31,0.18,73.33
2009-02-15,1.39,4.2727,6.21,0.0,70.36
2009-02-16,0.78,3.9343,5.64,0.02,72.73
2009-02-17,0.51,4.2504,4.58,0.0,69.22
2009-02-18,3.14,1.0022,6.65,7.04,84.21
2009-02-19,3.63,2.3446,7.46,0.42,83.88
2009-02-20,-1.37,3.774,10.99,0.0,66.91
2009-02-21,0.81,4.5314,6.99,0.0,71.12
2009-02-22,3.19,1.3774,7.12,2.68,86.55
2009-02-23,-0.99,4.1242,11.11,0.0,67.47
2009-02-24,-1.17,4.7844,7.79,0.0,72.62
2009-02-25,-0.13,4.463,3.4,0.0,67.61
2009-02-26,4.0,2.0402,4.93,0.05,86.1
2009-02-27,7.11,2.3902,9.02,1.88,94.7
2009-02-28,2.88,3.5102,7.38,0.24,76.57
2009-03-01,0.87,2.1677,8.12,6.31,85.58
2009-03-02,-2.61,1.535,11.61,8.03,84.8
2009-03-03,-5.47,4.4278,8.15,0.02,77.78
2009-03-04,-3.06,4.398,5.19,0.0,72.92
2009-03-05,0.9,4.0834,3.68,0.0,71.06
2009-03-06,5.14,2.555,6.82,0.01,90.75
2009-03-07,7.85,3.637,4.66,0.0,88.36
2009-03-08,8.71,2.0772,4.97,1.16,88.21
2009-03-09,5.25,1.5372,4.83,1.96,93.48
2009-03-10,3.69,2.3741,3.86,0.19,85.74
2009-03-11,7.52,1.3277,6.49,0.14,90.97
2009-03-12,2.23,5.3047,6.71,0.01,64.33
2009-03-13,0.03,5.227,3.69,0.01,66.19
2009-03-14,3.74,3.7414,2.58,0.02,72.51
2009-03-15,4.88,2.5181,2.01,0.02,87.85
2009-03-16,4.93,2.7785,4.33,0.11,88.94
2009-03-17,4.47,5.4737,3.94,0.06,85.32
2009-03-18,6.09,5.1367,6.26,0.0,88.24
2009-03-19,5.31,1.2605,3.43,2.88,92.55
2009-03-20,3.47,2.6532,5.28,0.49,74.47
2009-03-21,2.25,6.0072,4.29,0.01,65.73
2009-03-22,4.4,4.4419,5.91,0.09,77.13
2009-03-23,1.17,6.5232,8.25,0.0,60.25
2009-03-24,2.12,6.4471,7.04,0.0,66.69
2009-03-25,3.75,5.5632,3.89,0.0,75.45
2009-03-26,5.34,1.2922,4.62,9.26,92.56
2009-03-27,7.87,4.6692,3.45,0.11,84.98
2009-03-28,6.82,2.8195,5.16,5.97,95.23
2009-03-29,8.27,1.8761,5.51,9.29,96.88
2009-03-30,7.21,5.0786,8.3,0.21,75.41
2009-03-31,6.13,6.5496,4.51,0.0,79.3
2009-04-01,6.3,1.4587,5.62,6.09,92.04
2009-04-02,8.48,5.0623,3.03,1.02,94.66
2009-04-03,9.94,1.4988,8.19,15.78,94.24
2009-04-04,8.47,3.6151,10.22,0.06,71.78
2009-04-05,8.92,6.5268,5.48,0.0,72.9
2009-04-06,8.25,1.0937,5.46,16.83,93.94
2009-04-07,5.69,3.851,7.52,0.03,74.55
2009-04-08,5.48,3.9547,6.26,0.01,73.8
2009-04-09,7.86,6.8467,4.21,0.0,74.74
2009-04-10,8.06,2.8555,3.74,0.4,89.6
2009-04-11,7.19,1.1126,7.18,18.8,91.09
2009-04-12,4.48,7.4873,8.49,0.0,65.2
2009-04-13,5.76,6.575,5.1,0.07,68.63
2009-04-14,6.66,1.3382,5.37,11.11,89.55
2009-04-15,7.09,2.4542,7.65,6.63,80.62
2009-04-16,7.28,7.2506,4.65,0.05,72.93
2009-04-17,9.28,7.0106,3.75,0.0,76.06
2009-04-18,12.32,6.198,4.73,0.0,73.66
2009-04-19,9.42,5.2061,4.93,0.02,84.16
2009-04-20,7.86,1.0997,9.37,29.79,91.39
2009-04-21,10.24,3.7495,3.64,4.21,94.69
2009-04-22,8.81,2.3822,3.82,3.57,89.75
2009-04-23,8.66,5.2202,6.24,0.0,75.21
2009-04-24,10.23,7.2194,4.13,0.0,77.14
2009-04-25,13.32,6.6751,4.18,0.01,88.63
2009-04-26,17.27,7.1278,3.44,0.0,80.57
2009-04-27,15.33,6.7613,3.75,0.02,90.12
2009-04-28,17.18,7.0152,6.8,0.0,83.03
2009-04-29,11.24,5.2435,4.94,1.05,77.2
2009-04-30,10.24,4.7215,4.04,0.05,83.03
2009-05-01,13.4,2.1298,6.7,6.73,95.57
2009-05-02,13.23,3.936,4.09,1.64,84.99
2009-05-03,11.51,1.7026,2.26,10.49,92.35
2009-05-04,11.09,1.571,4.88,15.16,94.54
2009-05-05,11.16,2.0897,4.75,8.47,92.72
2009-05-06,11.49,3.3322,3.65,13.13,90.94
2009-05-07,14.3,3.1534,5.51,16.73,95.25
2009-05-08,14.95,5.1646,3.72,0.83,87.71
2009-05-09,16.51,4.4016,4.95,5.78,89.98
2009-05-10,14.28,6.9598,7.2,0.0,71.22
2009-05-11,12.09,5.8459,3.91,0.05,73.99
2009-05-12,13.43,5.8817,3.03,0.05,73.05
2009-05-13,12.68,6.6475,3.93,0.0,87.03
2009-05-14,14.06,2.5958,8.35,5.2,90.36
2009-05-15,16.03,5.8522,2.23,1.97,88.58
2009-05-16,15.09,3.702,5.24,0.99,95.3
2009-05-17,13.63,3.5515,6.45,4.15,75.68
2009-05-18,11.21,5.3722,3.62,0.39,64.05
2009-05-19,12.13,7.0594,3.94,0.0,69.06
2009-05-20,14.81,8.0858,4.55,0.0,76.88
2009-05-21,15.88,8.4866,5.27,0.0,77.51
2009-05-22,17.08,7.0692,5.31,0.01,87.47
2009-05-23,16.25,6.3593,3.29,0.09,90.79
2009-05-24,17.81,5.3878,5.07,2.25,93.55
2009-05-25,18.53,7.0087,2.26,0.09,76.79
2009-05-26,13.49,3.2117,7.45,1.2,72.25
2009-05-27,14.73,3.8002,3.88,0.37,91.49
2009-05-28,14.72,2.4758,4.5,8.32,94.49
2009-05-29,15.82,4.2876,3.44,6.97,93.25
2009-05-30,17.58,7.5394,3.79,0.96,78.96
2009-05-31,16.67,6.7783,4.78,0.04,76.89
2009-06-01,14.44,7.9906,4.84,0.0,65.21
2009-06-02,18.53,5.0014,3.4,5.67,86.58
2009-06-03,16.75,4.1141,3.01,3.41,82.08
2009-06-04,15.39,3.5906,2.8,14.7,85.53
2009-06-05,14.38,1.5624,6.65,25.05,92.2
2009-06-06,17.0,5.8409,3.64,0.26,86.4
2009-06-07,18.43,7.4746,3.57,0.03,84.06
2009-06-08,18.3,5.5049,2.77,0.44,90.32
2009-06-09,17.57,2.6489,3.55,22.58,96.2
2009-06-10,17.0,3.2736,2.98,2.68,94.37
2009-06-11,16.22,1.8235,4.94,1.95,94.96
2009-06-12,19.69,5.1329,3.06,16.58,89.95
2009-06-13,18.11,3.5698,3.2,4.05,91.32
2009-06-14,17.38,5.2721,2.09,5.8,89.77
2009-06-15,16.32,5.585,3.05,2.83,87.57
2009-06-16,15.86,4.1657,4.01,0.02,86.27
2009-06-17,16.01,4.9898,4.64,0.23,80.63
2009-06-18,17.85,0.9415,8.22,38.39,94.34
2009-06-19,20.18,4.5782,2.52,1.03,86.48
2009-06-20,18.8,1.5038,3.69,14.49,92.97
2009-06-21,19.6,3.7135,5.69,10.41,90.44
2009-06-22,19.84,3.9866,5.29,0.24,85.7
2009-06-23,20.16,4.8624,3.66,2.17,84.45
2009-06-24,19.81,3.9758,2.52,4.18,91.26
2009-06-25,19.92,5.6782,2.67,0.18,89.24
2009-06-26,20.8,4.8713,4.29,9.77,94.86
2009-06-27,21.31,6.6194,2.54,1.16,83.81
2009-06-28,20.61,6.9348,3.32,0.03,86.59
2009-06-29,21.77,7.2355,3.8,0.02,82.24
2009-06-30,21.5,5.5529,4.56,4.82,89.03
2009-07-01,20.85,5.3897,3.11,7.16,94.97
2009-07-02,21.83,5.2877,3.58,4.11,89.3
2009-07-03,21.54,5.7864,3.35,1.91,84.03
2009-07-04,21.09,7.3085,5.21,0.08,78.93
2009-07-05,20.41,8.088,3.89,0.0,71.44
2009-07-06,21.81,8.0131,2.48,0.0,75.97
2009-07-07,21.81,5.7504,3.88,8.26,85.93
2009-07-08,20.55,7.5221,3.39,0.28,77.09
2009-07-09,18.68,6.0715,4.73,0.01,82.29
2009-07-10,19.17,7.4198,3.34,0.0,72.95
2009-07-11,20.7,5.6369,5.74,4.06,74.44
2009-07-12,21.69,8.2687,5.47,11.54,74.08
2009-07-13,20.57,6.8772,3.54,0.0,71.96
2009-07-14,20.81,7.8924,3.77,0.0,69.87
2009-07-15,21.4,8.106,3.92,0.0,70.78
2009-07-16,23.07,5.8522,5.65,0.45,84.72
2009-07-17,22.79,4.6325,2.76,3.7,91.11
2009-07-18,23.41,7.3831,5.2,0.32,78.92
2009-07-19,22.04,7.2341,4.08,0.0,70.89
2009-07-20,22.1,5.8555,2.94,0.87,78.88
2009-07-21,20.93,1.6186,6.32,20.02,89.92
2009-07-22,22.05,5.5368,2.99,0.07,87.05
2009-07-23,21.41,1.8562,5.98,15.57,91.86
2009-07-24,21.73,4.9543,4.22,1.05,84.8
2009-07-25,22.39,6.2753,4.66,0.65,87.75
2009-07-26,23.52,5.196,5.58,13.16,91.86
2009-07-27,23.53,5.8877,4.39,3.2,89.11
2009-07-28,23.47,5.7194,3.48,0.35,88.99
2009-07-29,23.46,3.2378,4.94,13.37,96.14
2009-07-30,24.73,6.5818,3.95,4.61,84.0
2009-07-31,23.86,3.5532,4.67,17.84,93.38
2009-08-01,22.88,7.3908,3.15,0.22,79.99
2009-08-02,22.87,2.0323,4.51,19.95,94.87
2009-08-03,23.83,6.5446,2.78,0.03,85.24
2009-08-04,23.7,6.4416,3.82,0.0,81.94
2009-08-05,25.07,5.0753,3.52,0.79,83.61
2009-08-06,21.97,4.5641,2.65,0.95,69.64
2009-08-07,22.27,7.0334,5.31,0.0,68.32
2009-08-08,21.62,5.7967,3.42,0.04,65.83
2009-08-09,23.21,2.5805,3.77,5.39,89.23
2009-08-10,25.92,6.5482,4.12,1.01,85.09
2009-08-11,25.87,6.3538,3.19,0.09,81.74
2009-08-12,23.43,3.2124,3.96,9.96,92.8
2009-08-13,22.79,1.5358,3.83,4.88,85.59
2009-08-14,23.88,6.2256,2.54,0.18,78.93
2009-08-15,24.15,6.6386,3.7,0.0,82.8
2009-08-16,25.25,6.545,3.46,0.0,80.95
2009-08-17,26.08,6.5789,3.71,0.0,77.09
2009-08-18,25.51,6.2988,5.38,2.45,81.7
2009-08-19,26.14,5.6902,3.51,0.57,83.12
2009-08-20,25.95,4.7988,3.53,0.16,87.78
2009-08-21,25.96,4.4095,6.08,14.77,91.57
2009-08-22,24.86,3.1934,3.78,11.6,93.27
2009-08-23,24.79,4.1645,2.2,6.55,87.29
2009-08-24,24.55,5.7367,2.44,0.45,78.02
2009-08-25,24.47,6.2914,3.49,0.0,78.93
2009-08-26,25.17,5.8044,5.53,0.07,77.5
2009-08-27,22.79,3.6638,3.17,0.08,70.17
2009-08-28,22.03,1.5142,4.91,15.26,85.56
2009-08-29,22.84,2.4358,3.05,12.18,89.75
2009-08-30,23.07,5.911,3.56,0.4,78.95
2009-08-31,19.71,4.5173,4.18,0.0,70.41
2009-09-01,19.29,6.7939,4.37,0.0,65.42
2009-09-02,19.79,6.6331,2.76,0.0,65.74
2009-09-03,20.2,5.7792,3.84,0.0,70.08
2009-09-04,22.18,5.2656,3.2,0.0,69.14
2009-09-05,23.09,6.095,1.92,0.0,77.64
2009-09-06,20.26,5.0839,6.37,0.0,78.32
2009-09-07,19.72,3.8316,4.24,0.01,77.27
2009-09-08,20.39,3.1906,2.69,0.14,77.47
2009-09-09,20.91,2.6282,5.84,0.22,75.59
2009-09-10,18.29,3.2184,9.81,6.72,73.72
2009-09-11,19.01,1.1779,10.52,19.17,91.68
2009-09-12,19.57,1.6985,3.12,3.25,85.37
2009-09-13,21.08,5.479,3.93,0.41,79.71
2009-09-14,20.22,5.623,3.78,0.0,78.13
2009-09-15,20.91,4.7818,2.39,0.0,78.74
2009-09-16,18.98,1.2768,6.99,1.04,85.05
2009-09-17,16.95,3.1906,5.25,0.26,71.68
2009-09-18,18.47,4.5206,5.49,0.13,79.0
2009-09-19,16.93,6.1159,3.89,0.0,57.75
2009-09-20,17.25,5.8666,2.8,0.0,69.16
2009-09-21,18.31,5.2805,2.99,0.0,81.04
2009-09-22,19.67,2.5999,3.47,0.06,88.92
2009-09-23,21.42,3.2798,4.53,2.37,91.49
2009-09-24,22.52,3.791,3.77,2.28,80.31
2009-09-25,18.47,5.215,6.0,0.0,61.71
2009-09-26,16.27,3.3528,5.33,3.14,70.27
2009-09-27,19.03,1.6476,5.95,27.55,91.97
2009-09-28,18.83,3.9094,6.9,5.24,85.86
2009-09-29,16.88,3.6377,7.61,0.01,70.68
2009-09-30,14.61,2.7766,6.38,0.02,73.45
2009-10-01,13.09,2.7578,4.74,0.01,67.57
2009-10-02,15.66,2.6318,4.74,0.19,69.61
2009-10-03,19.29,2.232,5.49,12.96,94.97
2009-10-04,17.79,4.524,3.5,0.94,82.59
2009-10-05,15.57,4.404,6.05,0.0,72.2
2009-10-06,15.57,4.705,4.82,0.07,71.98
2009-10-07,17.72,3.9907,10.32,4.44,72.49
2009-10-08,15.2,4.1251,6.08,0.0,65.3
2009-10-09,18.64,2.4545,5.62,0.88,81.02
2009-10-10,17.37,2.3124,6.41,0.31,75.73
2009-10-11,14.33,4.2821,4.44,0.0,59.58
2009-10-12,10.92,2.2097,3.43,0.01,62.5
2009-10-13,14.52,2.7588,6.58,0.02,71.47
2009-10-14,10.09,3.2561,3.38,0.05,63.67
2009-10-15,8.62,0.7771,7.34,16.52,83.59
2009-10-16,8.32,1.0992,8.49,1.7,86.06
2009-10-17,9.23,1.5034,8.3,2.35,85.18
2009-10-18,8.85,1.476,10.1,7.26,88.19
2009-10-19,9.57,4.4095,5.21,0.0,66.0
2009-10-20,12.82,3.9574,4.79,0.0,74.78
2009-10-21,14.52,3.4289,2.44,0.02,82.52
2009-10-22,15.32,3.6427,5.45,0.0,84.17
2009-10-23,13.27,1.2103,8.25,5.01,81.24
2009-10-24,17.0,1.0462,9.45,30.09,95.08
2009-10-25,13.42,3.852,5.26,1.48,72.34
2009-10-26,11.65,3.5081,4.48,0.0,73.72
2009-10-27,13.23,0.8105,6.65,19.19,92.51
2009-10-28,13.24,0.851,8.18,28.32,92.91
2009-10-29,11.35,2.791,4.92,0.08,84.41
2009-10-30,12.58,1.6087,4.37,0.11,83.07
2009-10-31,16.31,1.4282,8.16,1.72,93.06
2009-11-01,12.05,1.3812,5.27,2.49,76.99
2009-11-02,10.64,2.1245,6.14,0.12,81.14
2009-11-03,11.03,3.1006,4.85,0.0,76.79
2009-11-04,8.46,2.9602,3.69,0.06,68.21
2009-11-05,8.98,2.2145,4.06,0.46,71.01
2009-11-06,6.98,3.203,7.15,0.02,73.43
2009-11-07,7.66,3.0533,4.53,0.0,70.97
2009-11-08,12.67,3.2556,3.1,0.0,83.35
2009-11-09,13.11,2.6273,3.56,0.0,92.77
2009-11-10,13.32,1.4669,3.12,0.0,90.15
2009-11-11,11.27,1.331,8.68,0.7,74.43
2009-11-12,9.73,0.9811,11.6,3.73,82.1
2009-11-13,11.06,0.9545,13.45,10.67,89.55
2009-11-14,13.98,1.1326,6.7,5.82,96.78
2009-11-15,14.03,2.3369,3.12,0.42,94.02
2009-11-16,11.63,2.8262,5.38,0.0,77.64
2009-11-17,9.42,2.8846,5.6,0.0,67.55
2009-11-18,9.69,2.4598,5.43,0.04,87.19
2009-11-19,12.42,0.9713,5.69,1.86,96.58
2009-11-20,12.73,2.575,6.27,12.42,82.19
2009-11-21,9.56,2.4156,3.98,0.01,82.19
2009-11-22,9.08,2.6676,6.11,0.02,84.56
2009-11-23,9.47,1.0706,8.05,0.54,88.69
2009-11-24,10.43,1.7172,6.37,0.6,90.42
2009-11-25,10.79,0.4829,2.99,1.11,92.22
2009-11-26,10.94,1.7959,3.61,0.43,92.6
2009-11-27,8.12,1.1789,8.78,2.3,84.81
2009-11-28,8.03,2.6546,10.47,0.01,74.01
2009-11-29,8.75,2.6578,5.39,0.0,84.46
2009-11-30,9.28,0.5136,6.06,4.99,91.57
2009-12-01,5.81,2.418,6.0,0.0,75.9
2009-12-02,9.49,1.2962,5.11,18.35,89.95
2009-12-03,13.45,1.6121,9.6,10.55,85.24
2009-12-04,8.19,2.225,4.12,0.03,76.64
2009-12-05,5.1,0.4718,6.66,17.55,88.73
2009-12-06,3.2,2.4466,6.57,0.01,76.19
2009-12-07,3.98,1.2492,4.11,0.08,73.56
2009-12-08,4.73,2.1355,4.82,1.45,72.19
2009-12-09,9.56,0.8165,9.6,45.8,91.88
2009-12-10,3.89,2.095,10.44,0.03,69.14
2009-12-11,-1.4,2.3472,11.12,0.0,71.26
2009-12-12,1.62,2.5975,6.57,0.0,68.87
2009-12-13,6.79,0.5006,7.61,20.6,82.49
2009-12-14,5.31,1.6702,4.13,0.0,85.51
2009-12-15,7.67,1.0159,5.27,0.06,90.37
2009-12-16,1.7,2.4106,8.42,0.01,73.17
2009-12-17,-1.09,2.6078,8.61,0.0,73.56
2009-12-18,-2.2,2.299,4.76,0.03,72.28
2009-12-19,-1.05,0.7687,10.33,19.97,82.53
2009-12-20,-1.42,1.555,10.05,2.2,83.23
2009-12-21,0.01,2.3309,8.9,0.0,80.08
2009-12-22,-0.08,1.6327,8.09,0.0,79.33
2009-12-23,-3.08,2.5632,7.52,0.0,84.07
2009-12-24,0.37,2.3724,5.73,0.02,88.21
2009-12-25,4.97,0.7008,6.72,7.41,91.35
2009-12-26,8.58,0.6934,12.08,29.4,94.7
2009-12-27,7.72,2.4569,7.0,6.2,83.77
2009-12-28,2.96,1.565,7.56,0.06,79.97
2009-12-29,-3.83,2.7127,12.53,0.0,74.19
2009-12-30,-2.07,2.0515,4.76,0.03,76.21
2009-12-31,1.22,0.737,2.8,5.81,83.32
2010-01-01,2.69,1.5298,3.36,0.73,90.06
2010-01-02,-2.13,1.5799,11.13,0.33,84.0
2010-01-03,-5.5,1.5194,12.94,0.19,86.16
2010-01-04,-3.08,2.094,8.33,0.0,83.47
2010-01-05,-2.77,2.3606,7.23,0.0,82.57
2010-01-06,-1.38,2.2349,7.91,0.0,79.72
2010-01-07,0.46,2.443,6.33,0.0,81.07
2010-01-08,-0.6,1.1472,6.41,0.55,82.87
2010-01-09,-3.74,2.719,7.72,0.0,76.98
2010-01-10,-4.58,2.7338,6.4,0.0,75.71
2010-01-11,-2.23,1.6843,5.37,0.0,78.57
2010-01-12,-1.11,2.4142,6.83,0.0,77.63
2010-01-13,-1.11,1.9154,5.65,0.0,78.05
2010-01-14,1.01,2.599,3.35,0.0,80.13
2010-01-15,3.14,1.5338,5.52,0.0,88.62
2010-01-16,3.59,2.555,4.42,0.0,85.57
2010-01-17,3.6,0.7049,6.7,17.92,94.17
2010-01-18,4.05,2.5385,7.14,0.93,89.2
2010-01-19,4.47,1.3457,2.92,0.12,94.4
2010-01-20,2.14,2.4365,5.44,0.0,81.93
2010-01-21,1.71,2.9611,3.35,0.03,71.33
2010-01-22,2.35,2.3782,6.19,0.15,78.99
2010-01-23,0.97,3.0806,4.06,0.0,65.1
2010-01-24,4.95,0.7097,5.25,1.02,90.08
2010-01-25,8.93,0.4526,10.9,27.54,95.84
2010-01-26,3.73,1.9051,7.16,3.07,81.53
2010-01-27,1.24,2.148,6.04,0.0,77.08
2010-01-28,1.71,1.8586,7.66,1.03,73.99
2010-01-29,-5.0,2.6592,9.93,0.0,71.08
2010-01-30,-6.01,1.2343,6.17,0.32,78.31
2010-01-31,-3.97,3.4135,6.38,0.08,72.31
2010-02-01,-1.28,3.131,6.66,0.0,75.11
2010-02-02,-0.72,1.6318,3.59,0.52,73.74
2010-02-03,1.0,2.0762,4.5,1.54,85.92
2010-02-04,0.35,3.5969,6.51,0.0,69.24
2010-02-05,0.23,1.7174,2.95,1.15,69.05
2010-02-06,-2.23,0.8623,11.4,4.6,83.67
2010-02-07,-3.52,3.857,8.58,0.0,80.04
2010-02-08,-1.79,3.8136,7.94,0.0,78.49
2010-02-09,0.02,3.378,4.56,2.89,81.55
2010-02-10,1.0,0.6821,10.62,30.12,92.59
2010-02-11,-0.28,3.8486,9.74,0.11,84.38
2010-02-12,-2.14,4.08,6.52,0.0,82.59
2010-02-13,-2.3,1.8552,7.29,0.17,81.26
2010-02-14,-0.54,3.3055,8.59,0.0,87.18
2010-02-15,-0.06,3.7541,6.24,1.66,82.33
2010-02-16,0.6,1.1179,7.27,5.08,91.27
2010-02-17,-0.45,2.3993,7.63,0.0,85.97
2010-02-18,1.55,1.8922,8.29,0.0,84.08
2010-02-19,2.54,3.9338,8.75,0.0,79.87
2010-02-20,2.8,3.7973,6.29,0.0,82.6
2010-02-21,2.2,4.4208,7.04,0.0,77.0
2010-02-22,1.48,2.7276,4.37,2.68,80.86
2010-02-23,2.68,1.0478,9.06,31.57,96.03
2010-02-24,2.98,2.1473,5.63,13.19,93.46
2010-02-25,1.16,0.8942,6.57,32.93,95.47
2010-02-26,-0.44,2.2733,9.11,9.38,90.12
2010-02-27,0.1,2.3503,5.37,0.15,90.65
2010-02-28,1.34,2.1295,3.86,0.14,89.56
2010-03-01,2.65,3.6458,9.31,0.0,84.93
2010-03-02,3.08,2.7276,3.59,0.53,88.01
2010-03-03,2.66,1.5775,8.66,1.15,91.01
2010-03-04,3.4,3.3694,6.58,0.02,82.15
2010-03-05,2.57,3.5441,6.32,0.1,81.91
2010-03-06,2.93,5.0894,5.67,0.0,75.03
2010-03-07,4.61,4.692,4.79,0.0,79.96
2010-03-08,5.42,4.8269,4.9,0.0,79.57
2010-03-09,6.87,4.9342,3.54,0.0,74.02
2010-03-10,5.26,3.0274,2.57,0.0,89.12
2010-03-11,5.88,2.7326,4.39,0.02,96.65
2010-03-12,5.38,0.8702,9.29,15.32,94.43
2010-03-13,6.47,0.6079,14.65,65.0,95.23
2010-03-14,6.36,1.1714,6.26,18.54,95.72
2010-03-15,5.17,1.1942,10.02,6.64,88.99
2010-03-16,7.32,5.616,5.64,0.2,72.72
2010-03-17,7.1,5.6196,2.88,0.07,75.59
2010-03-18,8.34,5.6539,2.98,0.02,74.99
2010-03-19,9.18,5.6455,3.39,0.0,75.71
2010-03-20,9.3,5.4545,4.17,0.0,85.32
2010-03-21,7.76,5.0299,3.98,0.43,95.14
2010-03-22,8.5,1.0666,5.42,28.03,97.57
2010-03-23,8.11,1.2648,4.24,5.89,94.11
2010-03-24,7.39,6.0919,7.55,0.03,74.51
2010-03-25,8.19,2.9911,5.57,0.29,84.5
2010-03-26,4.94,3.6701,8.6,4.45,77.46
2010-03-27,0.97,5.8574,5.36,0.0,66.3
2010-03-28,5.61,2.4943,7.68,10.56,87.46
2010-03-29,8.83,0.6773,6.28,51.17,97.04
2010-03-30,7.06,1.0714,9.72,39.2,93.99
2010-03-31,8.28,3.8184,6.06,0.86,88.32
2010-04-01,8.79,6.247,3.12,0.01,88.75
2010-04-02,8.6,6.1841,2.59,0.11,92.55
2010-04-03,7.6,5.4787,4.02,0.2,95.87
2010-04-04,12.3,5.9208,2.21,0.17,79.41
2010-04-05,10.95,5.5087,4.8,0.08,88.49
2010-04-06,13.44,5.064,4.13,0.06,94.28
2010-04-07,16.52,6.0761,5.85,0.0,85.77
2010-04-08,14.31,5.8759,6.51,0.08,94.23
2010-04-09,11.11,2.9126,5.22,9.36,84.28
2010-04-10,8.31,7.0814,6.78,0.0,70.23
2010-04-11,11.62,5.9095,5.16,0.0,79.76
2010-04-12,10.96,6.5395,3.68,0.03,71.29
2010-04-13,8.76,2.3525,2.65,0.35,84.74
2010-04-14,10.13,7.1371,3.21,0.0,78.22
2010-04-15,11.82,5.7852,4.49,0.0,74.1
2010-04-16,9.33,4.1282,5.31,6.1,90.18
2010-04-17,9.3,3.1793,3.81,0.47,84.06
2010-04-18,8.3,5.1677,5.4,0.01,76.7
2010-04-19,9.68,5.641,4.76,0.0,78.16
2010-04-20,11.03,6.4044,3.71,0.0,79.56
2010-04-21,11.26,4.3567,4.23,1.63,87.96
2010-04-22,12.24,6.1512,3.09,0.74,84.26
2010-04-23,10.95,7.6548,5.61,0.0,71.65
2010-04-24,10.71,6.773,4.31,1.98,74.89
2010-04-25,9.99,1.1978,6.68,20.88,92.43
2010-04-26,10.23,1.2967,5.42,27.58,92.68
2010-04-27,9.76,5.1768,6.05,1.26,79.06
2010-04-28,8.35,4.8336,8.52,0.0,71.42
2010-04-29,10.78,7.9541,7.1,0.0,69.53
2010-04-30,13.69,7.1849,4.18,0.0,75.03
2010-05-01,15.62,6.7428,3.64,0.01,88.07
2010-05-02,17.22,5.2375,5.18,9.57,94.74
2010-05-03,17.73,3.8328,5.98,9.74,93.64
2010-05-04,16.64,6.3581,3.74,0.17,82.91
2010-05-05,14.92,7.9327,4.29,0.83,81.94
2010-05-06,16.46,6.8801,6.62,0.1,81.27
2010-05-07,13.72,7.7155,4.58,0.0,76.42
2010-05-08,15.31,6.1212,8.83,0.81,75.47
2010-05-09,9.28,5.8387,9.65,0.01,64.59
2010-05-10,9.54,8.3213,7.04,0.0,62.88
2010-05-11,9.65,4.3243,3.71,3.86,65.77
2010-05-12,9.1,1.4383,6.26,8.64,91.25
2010-05-13,11.41,7.7412,4.24,0.01,77.67
2010-05-14,15.59,5.76,5.32,2.42,91.45
2010-05-15,15.88,7.879,5.15,0.1,74.95
2010-05-16,15.02,6.5482,3.19,0.0,72.71
2010-05-17,14.43,4.2946,2.54,0.12,76.0
2010-05-18,11.61,1.4242,7.58,27.02,90.84
2010-05-19,13.1,3.1517,4.29,0.6,85.74
2010-05-20,16.03,8.1137,2.49,0.0,79.57
2010-05-21,16.32,7.069,3.28,0.0,87.07
2010-05-22,14.69,4.9265,3.88,0.18,92.51
2010-05-23,15.59,2.79,5.07,1.2,92.88
2010-05-24,16.09,3.4908,3.56,0.81,93.96
2010-05-25,17.21,7.722,2.77,0.05,88.74
2010-05-26,21.0,7.9046,3.32,0.16,79.89
2010-05-27,16.94,4.8622,4.23,3.15,89.65
2010-05-28,15.59,4.7753,2.91,1.17,87.74
2010-05-29,16.89,5.0633,4.68,1.24,92.43
2010-05-30,20.12,8.1348,3.7,0.22,77.84
2010-05-31,19.43,7.0382,3.57,1.67,86.69
2010-06-01,20.5,4.8648,5.9,5.9,92.66
2010-06-02,20.33,7.8353,3.1,0.05,87.62
2010-06-03,21.5,6.6254,5.01,0.1,88.44
2010-06-04,22.29,6.8539,3.22,0.03,85.3
2010-06-05,23.19,6.0262,4.84,1.06,85.37
2010-06-06,21.89,4.9303,7.25,0.77,85.53
2010-06-07,17.91,6.9134,4.91,0.0,67.34
2010-06-08,17.69,7.4983,4.32,0.0,65.91
2010-06-09,16.99,1.8154,5.62,18.51,83.2
2010-06-10,18.2,5.4262,3.16,1.72,86.93
2010-06-11,17.37,6.0074,4.07,0.02,86.95
2010-06-12,18.95,5.3074,5.68,0.34,89.28
2010-06-13,19.88,4.6841,3.14,2.05,92.83
2010-06-14,20.41,3.5436,2.19,2.74,87.29
2010-06-15,19.78,8.1598,4.02,0.0,75.46
2010-06-16,19.54,3.8011,4.74,3.67,90.13
2010-06-17,20.76,6.4344,5.63,0.14,80.45
2010-06-18,20.42,8.4125,3.2,0.0,76.71
2010-06-19,20.48,7.6702,4.79,0.0,86.91
2010-06-20,23.39,6.7265,4.15,1.06,82.9
2010-06-21,24.23,7.8749,3.41,0.0,69.7
2010-06-22,22.52,5.1677,3.45,5.44,84.18
2010-06-23,25.21,7.1498,3.92,0.1,75.79
2010-06-24,25.47,5.5709,5.31,1.82,77.27
2010-06-25,23.56,7.4947,3.8,0.0,73.75
2010-06-26,24.17,6.7831,3.52,0.05,75.88
2010-06-27,25.38,5.6815,4.12,0.03,82.12
2010-06-28,26.32,5.3698,5.6,1.98,80.44
2010-06-29,25.64,6.5129,4.21,0.05,69.23
2010-06-30,21.31,8.3251,4.24,0.0,55.3
2010-07-01,20.97,7.3284,5.2,0.0,55.72
2010-07-02,21.47,8.0534,3.18,0.0,57.57
2010-07-03,23.01,8.423,3.85,0.0,64.77
2010-07-04,24.75,8.4886,4.95,0.0,61.8
2010-07-05,26.1,8.1014,3.12,0.0,61.0
2010-07-06,28.28,7.3447,2.89,0.0,62.62
2010-07-07,27.18,7.1844,3.66,0.0,72.91
2010-07-08,25.14,4.8276,3.28,0.13,87.01
2010-07-09,25.09,5.9995,4.04,1.34,87.24
2010-07-10,24.64,2.4194,2.05,7.37,85.0
2010-07-11,25.31,6.6986,3.82,0.45,73.48
2010-07-12,25.43,6.0365,4.64,0.35,76.92
2010-07-13,24.73,3.259,5.23,19.26,90.67
2010-07-14,24.45,2.7715,2.54,17.43,91.64
2010-07-15,24.66,5.5248,3.62,0.34,82.92
2010-07-16,25.89,6.6948,5.32,0.35,83.62
2010-07-17,26.58,7.1539,4.42,0.08,72.47
2010-07-18,26.93,7.4105,4.38,0.18,69.61
2010-07-19,25.82,6.325,4.08,8.2,83.84
2010-07-20,26.7,5.6558,3.28,0.3,73.44
2010-07-21,27.0,6.5292,3.61,2.78,78.28
2010-07-22,26.28,7.3058,4.85,0.02,65.52
2010-07-23,25.86,4.385,4.81,4.65,78.01
2010-07-24,28.1,6.7471,4.4,1.48,73.36
2010-07-25,26.86,4.4923,4.12,6.87,75.55
2010-07-26,24.81,7.9238,4.59,0.0,62.49
2010-07-27,24.92,7.6879,3.81,0.0,65.6
2010-07-28,24.82,5.705,6.26,0.51,81.2
2010-07-29,24.97,5.1406,3.96,4.97,79.49
2010-07-30,23.37,6.8467,3.41,0.0,61.23
2010-07-31,22.75,7.1467,3.26,0.0,64.59
2010-08-01,22.73,3.275,2.82,1.14,77.2
2010-08-02,23.65,5.7115,3.88,1.2,74.0
2010-08-03,23.95,4.6135,6.06,0.0,79.21
2010-08-04,25.08,5.3136,5.69,0.34,85.09
2010-08-05,26.55,5.838,4.87,0.11,77.01
2010-08-06,25.97,5.8068,4.09,0.02,64.97
2010-08-07,23.88,6.7915,3.81,0.0,62.15
2010-08-08,24.6,5.807,4.54,0.01,79.64
2010-08-09,25.54,6.1843,4.68,0.02,78.38
2010-08-10,26.45,4.4942,2.34,0.14,76.67
2010-08-11,26.09,6.3163,3.01,0.1,75.58
2010-08-12,24.03,1.644,5.7,1.49,77.51
2010-08-13,23.1,5.5178,5.72,0.07,65.71
2010-08-14,22.28,6.323,4.49,0.0,61.5
2010-08-15,23.49,1.9507,5.06,2.47,75.54
2010-08-16,24.87,3.7188,6.12,3.41,86.44
2010-08-17,25.9,5.8608,2.96,1.39,75.16
2010-08-18,23.43,3.1306,2.64,1.96,72.0
2010-08-19,24.81,6.9074,3.2,0.66,69.74
2010-08-20,25.81,6.4858,2.8,0.01,65.62
2010-08-21,23.91,4.6375,4.38,0.13,77.98
2010-08-22,24.44,1.867,6.46,25.6,91.59
2010-08-23,21.78,1.6524,6.55,6.07,84.08
2010-08-24,20.59,1.9229,8.18,7.49,82.61
2010-08-25,21.31,2.5234,4.32,4.97,86.05
2010-08-26,22.65,5.8872,3.93,0.05,74.54
2010-08-27,21.33,6.8047,3.1,0.0,61.96
2010-08-28,21.7,6.4858,3.52,0.02,65.68
2010-08-29,24.61,6.8875,2.88,0.02,63.31
2010-08-30,25.26,6.8321,3.39,0.0,61.94
2010-08-31,27.18,6.2143,2.42,0.0,62.59
2010-09-01,26.32,5.6983,3.23,0.0,70.03
2010-09-02,25.41,6.0806,5.38,0.0,77.97
2010-09-03,24.84,2.9758,4.87,0.78,83.44
2010-09-04,23.37,5.7406,7.43,0.0,58.61
2010-09-05,20.54,6.6336,5.06,0.0,53.4
2010-09-06,21.01,6.3413,3.92,0.0,58.51
2010-09-07,23.2,5.8258,6.93,0.0,76.9
2010-09-08,24.29,6.2791,7.15,0.02,65.49
2010-09-09,19.93,3.8422,6.98,0.06,63.29
2010-09-10,19.76,3.7003,5.67,0.01,64.3
2010-09-11,20.32,6.2126,3.96,0.0,62.66
2010-09-12,19.14,1.1626,5.73,5.31,79.09
2010-09-13,19.64,5.1415,3.01,6.77,79.63
2010-09-14,20.87,6.0478,3.93,0.0,65.5
2010-09-15,18.84,6.1697,5.27,0.0,57.08
2010-09-16,19.79,2.8896,6.23,17.77,76.71
2010-09-17,20.79,4.944,5.79,2.52,76.74
2010-09-18,18.46,4.1458,3.29,0.95,77.06
2010-09-19,20.45,5.2445,2.57,0.0,71.31
2010-09-20,19.31,5.8939,6.58,0.0,61.61
2010-09-21,18.16,5.8003,4.85,0.0,62.88
2010-09-22,22.06,5.076,6.34,4.33,80.23
2010-09-23,21.15,4.6577,3.63,0.27,83.22
2010-09-24,22.54,3.9646,5.16,0.07,86.12
2010-09-25,23.52,4.9781,5.68,0.0,72.67
2010-09-26,20.08,2.339,6.51,3.49,72.12
2010-09-27,20.39,1.2917,7.03,18.74,95.4
2010-09-28,21.78,1.6495,8.52,4.03,95.14
2010-09-29,20.59,3.8834,2.98,0.14,83.56
2010-09-30,22.0,1.0152,9.15,35.18,95.44
2010-10-01,19.57,1.3447,9.1,44.03,86.44
2010-10-02,15.86,5.2726,4.03,0.0,67.58
2010-10-03,15.11,3.8102,8.65,0.79,79.91
2010-10-04,14.98,0.6372,9.56,14.52,88.6
2010-10-05,16.15,0.7171,5.95,5.43,89.46
2010-10-06,15.07,3.2371,5.06,0.5,76.05
2010-10-07,15.89,4.4575,7.22,0.07,77.91
2010-10-08,16.4,4.9445,6.16,0.0,73.0
2010-10-09,16.16,4.7813,5.09,0.0,72.42
2010-10-10,14.63,4.7938,4.46,0.0,68.76
2010-10-11,17.39,4.1107,3.75,5.48,83.81
2010-10-12,16.88,2.3738,4.08,6.79,85.33
2010-10-13,13.64,4.7762,3.54,0.0,62.93
2010-10-14,14.54,1.7554,3.95,17.29,74.2
2010-10-15,12.6,2.8538,10.81,0.96,76.6
2010-10-16,12.57,3.4577,9.66,0.12,71.05
2010-10-17,13.91,4.0788,5.85,0.0,73.81
2010-10-18,12.68,2.9035,5.24,0.02,71.29
2010-10-19,12.04,2.7254,2.64,6.19,78.28
2010-10-20,12.09,2.2411,3.15,0.07,76.62
2010-10-21,12.89,3.1234,6.9,0.14,77.23
2010-10-22,9.9,3.1469,7.17,0.0,69.24
2010-10-23,12.24,3.6331,5.45,0.02,73.04
2010-10-24,14.59,2.6446,3.18,0.03,89.65
2010-10-25,16.1,2.5634,6.53,0.15,93.64
2010-10-26,17.44,2.2116,5.8,0.93,94.52
2010-10-27,18.28,0.8916,6.16,7.51,94.11
2010-10-28,17.11,3.347,4.97,0.19,82.6
2010-10-29,11.29,2.4545,7.16,0.02,71.11
2010-10-30,10.65,3.1963,7.45,0.0,70.35
2010-10-31,10.62,3.0962,7.8,0.0,71.59
2010-11-01,6.82,3.859,5.93,0.0,71.12
2010-11-02,7.71,3.7951,3.77,0.0,63.69
2010-11-03,9.39,3.6158,2.76,0.2,61.17
2010-11-04,10.54,0.535,5.36,25.02,92.58
2010-11-05,9.64,1.577,5.67,1.98,83.81
2010-11-06,7.98,2.3633,5.54,0.0,78.22
2010-11-07,6.87,3.5213,7.67,0.02,75.62
2010-11-08,6.28,0.9041,10.84,2.17,78.78
2010-11-09,8.56,3.2993,9.0,0.0,83.3
2010-11-10,9.87,2.513,7.23,0.01,78.56
2010-11-11,8.25,3.45,6.42,0.0,74.17
2010-11-12,9.19,3.4104,5.51,0.0,71.78
2010-11-13,10.69,3.277,3.35,0.0,68.83
2010-11-14,9.87,2.8397,3.59,0.01,88.9
2010-11-15,11.4,1.4633,1.86,0.79,91.8
2010-11-16,12.04,0.745,5.21,8.06,94.54
2010-11-17,13.3,2.1665,11.04,10.0,77.33
2010-11-18,9.66,2.2733,5.87,0.05,78.77
2010-11-19,6.92,2.8157,5.16,0.01,71.8
2010-11-20,8.77,2.1958,7.31,0.0,76.29
2010-11-21,6.95,2.5654,4.68,0.0,70.42
2010-11-22,11.97,2.2092,5.56,0.0,89.57
2010-11-23,12.26,1.3231,5.97,0.02,93.08
2010-11-24,7.03,2.916,7.94,0.02,63.08
2010-11-25,5.83,0.7519,3.79,2.97,67.77
2010-11-26,9.72,0.9444,7.41,1.76,80.08
2010-11-27,4.23,1.8811,8.63,0.02,69.27
2010-11-28,4.71,2.671,3.98,0.0,63.7
2010-11-29,6.37,2.7343,2.3,0.0,69.66
2010-11-30,10.94,0.5798,7.3,3.33,88.05
2010-12-01,10.98,0.4457,11.05,27.75,89.54
2010-12-02,3.86,2.6148,6.01,0.03,72.56
2010-12-03,3.48,1.9656,4.96,0.06,73.45
2010-12-04,2.71,1.5466,7.29,0.0,77.11
2010-12-05,1.48,2.2162,7.9,0.02,74.4
2010-12-06,1.58,1.1873,9.61,0.04,74.56
2010-12-07,1.38,1.6927,9.22,0.02,70.61
2010-12-08,0.51,2.1509,7.8,0.0,66.97
2010-12-09,-1.11,2.4778,6.52,0.0,71.11
2010-12-10,0.23,0.8717,3.55,0.15,71.47
2010-12-11,4.29,1.8346,3.1,0.08,72.36
2010-12-12,9.38,0.5081,8.95,28.64,97.08
2010-12-13,3.75,1.0063,7.01,3.28,85.49
2010-12-14,-3.42,1.9831,9.22,0.08,79.79
2010-12-15,-2.49,1.8264,9.07,0.01,75.71
2010-12-16,-1.39,2.0107,6.08,0.11,78.13
2010-12-17,-0.21,2.0594,5.39,0.0,74.51
2010-12-18,0.7,2.1982,3.26,0.05,70.5
2010-12-19,1.27,1.2295,5.19,0.55,79.24
2010-12-20,0.23,2.0652,9.24,0.11,78.96
2010-12-21,0.41,2.5032,9.73,0.0,77.46
2010-12-22,0.72,2.2622,7.79,0.0,80.44
2010-12-23,0.55,1.6183,10.89,0.03,76.85
2010-12-24,0.61,2.4629,7.43,0.04,76.48
2010-12-25,-0.72,1.0716,3.73,0.16,77.68
2010-12-26,-1.46,0.4188,10.5,15.44,89.15
2010-12-27,-3.69,1.9776,14.55,3.42,83.31
2010-12-28,-0.35,2.215,8.81,0.0,80.57
2010-12-29,0.24,1.9303,5.26,0.0,82.55
2010-12-30,0.51,2.1403,3.69,0.0,83.2
2010-12-31,2.6,1.4203,4.9,0.0,90.2
2011-01-01,3.73,1.5343,4.34,0.03,95.64
2011-01-02,4.77,0.8974,4.42,2.22,94.95
2011-01-03,0.08,2.6582,6.93,0.01,69.65
2011-01-04,1.39,2.0813,6.03,0.19,76.7
2011-01-05,1.3,2.3338,5.97,0.07,74.85
2011-01-06,-0.71,1.9301,1.94,0.02,66.61
2011-01-07,0.37,0.905,4.51,2.26,77.75
2011-01-08,-1.5,0.7812,4.29,0.88,79.32
2011-01-09,-1.68,2.418,10.5,0.09,75.8
2011-01-10,-1.44,2.4293,7.38,0.0,78.18
2011-01-11,-1.74,1.3495,4.59,7.4,85.53
2011-01-12,-1.44,1.7662,10.56,6.69,85.9
2011-01-13,-3.16,2.8524,8.36,0.0,82.11
2011-01-14,-4.14,2.6318,5.11,0.07,81.82
2011-01-15,-0.16,1.6872,5.57,0.37,77.78
2011-01-16,-0.5,2.7718,6.15,0.11,73.9
2011-01-17,-3.84,1.3346,4.81,0.64,76.61
2011-01-18,3.47,0.5335,7.48,25.25,97.25
2011-01-19,2.29,1.5919,5.01,1.51,91.96
2011-01-20,-0.11,2.0297,4.61,0.34,71.64
2011-01-21,-1.3,2.2802,8.95,7.63,82.91
2011-01-22,-6.34,2.1298,4.97,0.07,80.08
2011-01-23,-6.23,3.065,8.01,1.44,83.35
2011-01-24,-8.17,3.0506,3.8,0.02,77.74
2011-01-25,-0.01,1.2497,4.1,0.26,83.59
2011-01-26,0.74,0.7327,8.46,30.68,92.47
2011-01-27,0.67,1.9169,7.3,2.41,85.8
2011-01-28,-0.15,1.2086,2.13,0.63,79.89
2011-01-29,-0.47,1.9752,4.29,0.5,84.73
2011-01-30,-1.12,2.4125,4.39,0.01,85.85
2011-01-31,-3.75,2.9923,4.94,0.43,74.33
2011-02-01,-0.06,0.8784,5.57,4.02,93.35
2011-02-02,1.86,0.9101,7.78,17.4,96.16
2011-02-03,-2.5,3.5045,6.62,0.0,80.41
2011-02-04,-2.86,2.5574,5.96,0.06,83.54
2011-02-05,1.71,0.7654,5.29,6.41,92.7
2011-02-06,2.08,3.3266,6.34,0.01,83.31
2011-02-07,2.5,2.1514,2.86,1.76,86.73
2011-02-08,0.29,2.5932,9.37,2.89,82.31
2011-02-09,-3.79,3.1332,7.35,0.12,73.61
2011-02-10,-3.22,3.8935,6.87,0.04,73.46
2011-02-11,-1.79,3.7858,5.36,0.0,72.28
2011-02-12,0.23,2.4912,7.28,0.0,81.5
2011-02-13,1.49,2.4792,7.1,0.01,78.41
2011-02-14,5.35,3.451,9.34,0.0,78.02
2011-02-15,-1.18,4.3207,8.99,0.0,64.57
2011-02-16,1.99,3.6326,4.7,0.01,65.49
2011-02-17,4.93,3.0298,4.93,0.03,89.94
2011-02-18,8.31,2.4295,7.11,0.32,89.29
2011-02-19,2.19,2.7737,12.07,0.03,61.98
2011-02-20,-0.82,4.2458,7.1,0.69,69.59
2011-02-21,0.19,1.3351,6.29,3.88,82.85
2011-02-22,-2.47,4.0769,6.81,0.93,74.43
2011-02-23,-0.38,4.447,4.2,0.0,67.13
2011-02-24,2.33,2.6064,3.88,1.61,82.44
2011-02-25,5.01,1.1546,10.07,29.14,92.47
2011-02-26,1.39,3.6967,4.35,0.19,73.16
2011-02-27,4.49,3.911,4.4,0.12,81.39
2011-02-28,6.76,1.2298,8.63,9.53,94.22
2011-03-01,2.42,4.9728,6.13,0.33,69.02
2011-03-02,3.13,4.219,8.84,0.01,75.89
2011-03-03,-2.38,4.9306,5.28,0.01,58.35
2011-03-04,1.64,4.4443,4.58,0.21,68.68
2011-03-05,6.47,3.1092,7.78,0.22,93.5
2011-03-06,7.34,1.1705,9.12,38.72,97.75
2011-03-07,3.69,5.1763,8.98,5.96,79.2
2011-03-08,1.87,4.619,4.1,0.02,72.09
2011-03-09,3.05,2.3405,7.69,0.41,84.53
2011-03-10,6.89,0.8422,11.27,20.25,95.05
2011-03-11,7.43,3.4879,6.24,21.75,89.47
2011-03-12,5.43,4.0193,6.72,0.0,82.06
2011-03-13,5.81,3.139,6.06,0.0,82.0
2011-03-14,4.04,2.6851,3.88,0.01,80.6
2011-03-15,3.73,4.5115,4.22,0.1,85.69
2011-03-16,6.61,3.0017,4.14,15.02,90.24
2011-03-17,7.55,5.4406,4.47,0.0,81.75
2011-03-18,10.2,4.8065,6.07,0.0,84.55
2011-03-19,6.34,5.6458,6.18,0.01,75.8
2011-03-20,3.3,5.8649,4.47,0.02,69.16
2011-03-21,5.27,0.9792,4.77,9.43,91.48
2011-03-22,5.99,4.3846,5.25,0.54,82.38
2011-03-23,2.78,0.841,4.93,12.64,92.15
2011-03-24,2.8,3.3854,6.96,2.17,80.41
2011-03-25,1.48,5.533,5.68,0.01,68.67
2011-03-26,0.36,6.3247,6.57,0.0,65.35
2011-03-27,1.33,6.3312,6.11,0.03,64.83
2011-03-28,1.45,6.3818,7.39,0.0,67.28
2011-03-29,2.81,6.4966,6.53,0.0,69.77
2011-03-30,4.13,4.5996,3.48,0.28,78.28
2011-03-31,4.17,1.5017,6.04,4.84,90.2
2011-04-01,3.85,2.3378,7.28,3.83,88.19
2011-04-02,5.66,5.375,6.72,0.0,77.05
2011-04-03,6.7,5.8932,5.55,0.39,74.17
2011-04-04,8.1,3.6007,6.97,0.6,91.42
2011-04-05,8.33,2.1319,9.41,3.35,85.27
2011-04-06,5.97,4.5874,5.14,1.18,77.29
2011-04-07,5.97,2.693,3.41,1.08,89.35
2011-04-08,5.22,1.3584,3.12,1.24,92.39
2011-04-09,6.01,6.4421,3.59,0.0,82.82
2011-04-10,7.1,2.9294,3.68,0.0,90.91
2011-04-11,11.34,4.8775,6.98,0.59,95.27
2011-04-12,11.23,1.308,6.91,8.89,85.6
2011-04-13,8.81,2.0482,5.22,20.75,93.96
2011-04-14,10.74,6.7025,3.57,0.02,77.85
2011-04-15,7.22,4.0272,6.05,0.0,80.14
2011-04-16,7.98,0.9641,12.07,42.34,90.0
2011-04-17,10.28,6.7644,8.26,7.26,77.79
2011-04-18,8.86,4.1585,4.96,0.12,81.15
2011-04-19,8.51,1.8154,4.38,0.73,92.31
2011-04-20,10.24,3.4162,4.83,0.26,94.53
2011-04-21,9.03,7.0003,6.82,0.0,71.02
2011-04-22,5.97,3.3583,4.55,1.78,74.65
2011-04-23,10.28,1.3714,7.36,16.02,96.1
2011-04-24,14.68,4.9944,4.68,4.99,93.44
2011-04-25,13.26,4.5266,3.14,3.16,92.62
2011-04-26,14.62,5.6299,7.1,0.46,94.06
2011-04-27,13.75,4.1273,7.2,0.37,95.51
2011-04-28,14.7,2.5795,7.98,7.23,96.1
2011-04-29,13.41,5.033,4.46,0.03,80.67
2011-04-30,12.02,6.7589,3.71,0.0,72.55
2011-05-01,10.87,6.3305,4.11,0.0,82.88
2011-05-02,11.84,3.1334,4.54,0.01,90.04
2011-05-03,13.32,5.2337,5.27,0.07,93.85
2011-05-04,11.53,1.8218,6.43,15.12,87.38
2011-05-05,11.09,6.7058,6.31,0.01,73.17
2011-05-06,12.15,6.9293,5.09,0.01,81.65
2011-05-07,13.83,5.9239,3.87,0.03,81.02
2011-05-08,14.42,6.3403,3.13,0.02,75.34
2011-05-09,14.2,7.7657,4.5,0.17,76.66
2011-05-10,13.72,8.1,4.64,0.0,78.1
2011-05-11,13.63,7.0572,3.87,0.0,80.11
2011-05-12,13.37,7.0685,3.19,0.0,81.41
2011-05-13,13.18,4.3308,2.91,0.0,81.61
2011-05-14,14.11,2.1924,4.17,5.95,90.16
2011-05-15,15.31,2.7979,5.56,6.81,95.8
2011-05-16,15.05,1.9126,4.05,5.3,96.63
2011-05-17,13.99,2.2298,7.8,22.03,95.41
2011-05-18,15.35,2.2745,7.06,18.2,96.5
2011-05-19,15.65,4.4417,3.73,6.88,95.67
2011-05-20,14.85,3.4188,2.94,3.57,93.75
2011-05-21,15.56,6.2851,2.01,1.36,89.4
2011-05-22,13.69,2.2526,4.86,1.06,92.15
2011-05-23,15.94,2.0947,6.79,2.43,94.85
2011-05-24,19.57,5.7038,4.74,0.24,87.52
2011-05-25,18.98,7.3157,2.88,0.02,78.8
2011-05-26,18.23,6.5386,4.85,0.21,94.43
2011-05-27,19.52,6.6974,4.31,0.08,91.35
2011-05-28,19.3,6.552,4.75,0.36,92.2
2011-05-29,19.88,5.9057,4.87,3.91,93.05
2011-05-30,23.04,6.8882,3.17,3.64,84.15
2011-05-31,21.09,7.7842,3.25,0.05,86.63
2011-06-01,21.16,5.9923,5.77,1.07,92.92
2011-06-02,19.38,8.6726,6.87,0.0,68.35
2011-06-03,17.11,8.7046,6.27,0.0,67.12
2011-06-04,17.22,4.2149,3.25,0.0,75.43
2011-06-05,16.89,4.4004,4.05,0.04,79.07
2011-06-06,19.57,7.4446,1.95,0.11,78.85
2011-06-07,21.23,6.7985,4.59,0.0,81.11
2011-06-08,23.32,7.6711,3.6,0.12,78.82
2011-06-09,23.27,6.7514,3.55,9.72,88.27
2011-06-10,22.38,6.7003,3.04,2.21,84.4
2011-06-11,19.64,1.3728,4.97,10.86,95.1
2011-06-12,17.94,3.5383,2.98,1.36,91.53
2011-06-13,19.11,5.0969,3.09,0.93,80.18
2011-06-14,17.06,4.9596,3.07,5.65,84.98
2011-06-15,20.03,8.0016,3.29,0.13,72.46
2011-06-16,20.81,5.155,4.09,0.06,78.86
2011-06-17,20.34,4.8782,5.21,23.69,89.06
2011-06-18,21.28,6.4932,2.69,0.6,83.81
2011-06-19,21.05,6.9199,3.06,0.02,79.09
2011-06-20,20.62,6.3917,3.04,0.01,78.7
2011-06-21,21.18,4.5816,4.51,0.58,84.36
2011-06-22,21.73,3.9756,3.78,7.48,93.15
2011-06-23,21.34,2.8277,3.35,11.11,95.9
2011-06-24,21.28,2.9964,3.97,8.17,94.18
2011-06-25,21.8,6.2544,2.65,1.47,85.54
2011-06-26,21.89,5.6405,2.39,0.0,81.0
2011-06-27,22.11,6.1673,2.43,0.0,80.86
2011-06-28,22.75,5.4967,2.54,0.52,89.36
2011-06-29,23.25,7.4124,3.73,0.83,79.57
2011-06-30,22.05,8.1874,3.64,0.0,71.6
2011-07-01,22.27,7.8782,2.43,0.0,66.13
2011-07-02,23.11,7.0286,2.96,1.13,74.74
2011-07-03,22.08,2.4317,4.49,13.41,90.6
2011-07-04,24.0,5.9383,3.03,0.1,79.64
2011-07-05,23.93,8.2255,3.31,0.0,73.74
2011-07-06,24.54,5.5591,4.46,2.06,84.13
2011-07-07,24.81,6.2873,2.83,2.82,80.06
2011-07-08,23.86,3.4034,2.84,24.59,89.38
2011-07-09,24.47,8.1886,4.09,0.65,77.58
2011-07-10,23.61,8.0887,3.02,0.0,78.23
2011-07-11,24.84,6.8702,5.57,0.0,83.15
2011-07-12,26.41,7.6034,5.05,0.0,76.38
2011-07-13,24.97,5.6796,5.18,0.57,72.05
2011-07-14,21.77,7.9646,5.79,0.0,70.42
2011-07-15,22.94,7.3637,3.72,0.01,73.05
2011-07-16,23.79,7.3754,4.15,0.0,70.57
2011-07-17,23.72,7.8286,5.96,0.0,73.55
2011-07-18,25.05,6.4018,6.69,0.79,76.68
2011-07-19,25.73,6.7126,1.94,2.11,77.95
2011-07-20,24.48,6.9197,3.33,0.01,81.82
2011-07-21,26.01,7.1254,6.47,0.0,83.61
2011-07-22,28.54,6.6506,3.74,0.09,74.59
2011-07-23,29.07,5.8498,2.68,0.04,67.62
2011-07-24,27.96,4.182,1.66,1.38,73.11
2011-07-25,24.01,2.8982,5.04,1.89,79.7
2011-07-26,25.37,7.5497,3.43,7.08,76.45
2011-07-27,24.73,7.3207,2.83,0.78,69.67
2011-07-28,24.96,4.1688,2.63,1.39,75.75
2011-07-29,25.19,4.3066,4.68,17.5,88.92
2011-07-30,26.44,7.86,3.91,0.64,72.67
2011-07-31,25.32,7.3138,2.92,0.42,73.02
2011-08-01,26.07,6.6986,3.57,1.49,74.96
2011-08-02,26.13,7.5024,3.72,0.02,66.75
2011-08-03,23.8,4.4261,3.76,11.14,70.74
2011-08-04,23.39,5.1118,4.05,2.28,75.63
2011-08-05,23.96,6.1798,4.14,0.0,75.89
2011-08-06,24.27,4.6831,5.68,0.81,80.46
2011-08-07,25.67,4.7714,5.04,9.52,87.76
2011-08-08,26.6,6.1265,3.65,1.06,76.37
2011-08-09,24.81,3.4586,3.86,18.08,87.69
2011-08-10,25.18,6.4872,4.76,0.46,74.12
2011-08-11,23.98,6.8047,3.63,0.0,63.51
2011-08-12,23.42,7.4998,2.52,0.0,64.54
2011-08-13,24.13,4.8516,3.4,6.12,69.27
2011-08-14,23.11,1.0003,6.35,95.87,90.77
2011-08-15,23.14,2.8226,3.59,24.43,87.74
2011-08-16,21.76,3.9804,2.76,5.47,83.53
2011-08-17,23.56,7.013,2.94,0.19,80.35
2011-08-18,23.16,4.7198,5.34,5.39,87.22
2011-08-19,22.92,5.9126,3.69,9.68,82.49
2011-08-20,22.94,6.8282,2.41,1.5,74.82
2011-08-21,23.63,3.5753,5.71,27.37,90.3
2011-08-22,21.97,6.7654,5.0,1.17,74.69
2011-08-23,21.11,6.8066,3.91,0.0,65.39
2011-08-24,22.01,6.1946,6.34,0.0,76.45
2011-08-25,23.64,1.782,6.69,6.54,91.95
2011-08-26,23.5,5.5956,2.32,0.02,88.1
2011-08-27,23.26,1.3421,7.06,66.44,94.07
2011-08-28,22.44,2.3928,13.94,84.84,84.59
2011-08-29,19.7,6.5282,2.96,0.0,71.79
2011-08-30,20.66,6.6871,2.69,0.06,74.53
2011-08-31,21.3,6.1721,2.34,0.0,78.35
2011-09-01,21.08,5.0318,2.79,0.01,83.65
2011-09-02,20.18,4.6128,2.99,0.01,75.62
2011-09-03,21.46,4.9867,5.19,0.0,83.16
2011-09-04,22.4,4.2338,5.76,0.23,90.28
2011-09-05,22.58,3.1142,6.54,3.28,92.58
2011-09-06,19.19,1.026,7.16,34.85,92.14
2011-09-07,21.02,1.9598,6.49,32.07,96.53
2011-09-08,21.84,3.0238,5.22,12.17,95.54
2011-09-09,22.56,4.955,3.35,0.08,86.47
2011-09-10,21.94,3.8059,2.8,0.98,90.21
2011-09-11,19.98,1.6795,5.07,1.24,85.66
2011-09-12,21.44,5.2466,3.19,0.33,85.99
2011-09-13,21.86,5.3417,4.72,0.0,88.2
2011-09-14,22.48,4.961,5.33,0.04,90.05
2011-09-15,19.73,1.9872,6.08,1.34,86.81
2011-09-16,15.23,5.5102,4.6,0.0,64.72
2011-09-17,15.79,2.9933,4.83,0.08,69.94
2011-09-18,16.57,4.2226,6.83,0.01,75.93
2011-09-19,15.83,4.9714,4.04,0.0,77.47
2011-09-20,18.61,1.5259,4.54,1.0,87.84
2011-09-21,19.28,2.8495,2.87,1.24,94.08
2011-09-22,20.94,2.9575,3.33,2.4,94.31
2011-09-23,20.8,0.991,5.56,34.66,97.11
2011-09-24,21.13,2.0537,2.83,0.89,93.32
2011-09-25,21.64,3.1613,1.44,0.11,86.54
2011-09-26,21.27,3.3257,1.6,0.09,90.28
2011-09-27,20.29,3.121,2.61,2.96,92.36
2011-09-28,20.41,1.6505,5.12,4.62,92.37
2011-09-29,20.77,2.4142,5.45,10.91,91.35
2011-09-30,19.75,4.0733,5.01,4.75,90.75
2011-10-01,16.66,1.8854,6.31,11.89,87.19
2011-10-02,14.86,2.568,5.37,1.76,79.25
2011-10-03,12.51,2.5608,2.77,1.9,75.67
2011-10-04,14.6,3.0014,5.35,1.05,82.45
2011-10-05,16.29,4.9594,6.84,0.01,76.66
2011-10-06,14.67,5.2034,4.06,0.0,60.78
2011-10-07,14.16,4.8497,3.48,0.0,64.61
2011-10-08,16.78,4.7458,4.13,0.0,76.36
2011-10-09,18.74,4.7714,3.26,0.0,81.37
2011-10-10,19.35,4.0855,3.25,0.0,79.6
2011-10-11,18.37,3.3991,4.87,0.04,79.18
2011-10-12,16.43,1.2914,7.51,4.54,85.07
2011-10-13,18.15,1.399,5.26,5.6,95.75
2011-10-14,18.96,1.9126,7.55,9.47,91.49
2011-10-15,15.71,3.666,9.18,0.01,72.96
2011-10-16,15.56,4.2002,8.43,0.0,69.98
2011-10-17,15.75,4.3529,6.74,0.02,71.89
2011-10-18,15.64,3.7171,3.1,0.09,76.21
2011-10-19,17.83,0.8009,7.41,28.11,97.54
2011-10-20,16.59,2.9942,10.09,0.55,79.46
2011-10-21,12.72,2.3102,6.83,0.0,75.28
2011-10-22,12.08,2.7734,3.84,0.0,76.53
2011-10-23,12.17,3.7075,2.52,0.04,71.0
2011-10-24,13.55,2.3652,3.91,0.01,78.47
2011-10-25,12.79,4.0877,6.38,0.02,76.21
2011-10-26,13.97,1.7738,3.52,0.89,81.38
2011-10-27,11.29,0.3449,5.96,13.1,93.15
2011-10-28,7.35,3.7325,4.97,0.27,69.5
2011-10-29,5.52,0.3984,10.37,39.6,92.97
2011-10-30,5.67,3.8414,7.67,0.0,81.1
2011-10-31,9.18,2.8318,3.02,0.0,67.69
2011-11-01,10.08,3.4133,6.26,0.07,75.34
2011-11-02,9.7,3.5503,2.9,0.0,75.27
2011-11-03,10.96,2.8277,5.07,0.0,85.66
2011-11-04,9.11,3.2129,7.51,0.0,77.7
2011-11-05,6.8,3.6883,4.91,0.0,67.39
2011-11-06,9.18,3.5446,3.08,0.0,68.35
2011-11-07,10.14,3.4577,4.62,0.0,88.07
2011-11-08,12.34,3.2234,2.38,0.0,89.23
2011-11-09,12.89,3.3826,3.45,0.0,92.61
2011-11-10,14.05,1.9903,3.29,0.4,90.78
2011-11-11,7.7,2.2711,8.94,0.46,77.99
2011-11-12,9.04,3.2074,6.98,0.02,75.59
2011-11-13,11.13,2.2603,6.56,0.02,87.55
2011-11-14,13.45,2.4413,6.98,0.0,87.76
2011-11-15,14.87,0.9684,4.25,0.52,89.25
2011-11-16,13.21,0.5359,2.78,15.7,92.89
2011-11-17,7.83,0.7219,7.6,5.31,80.3
2011-11-18,5.57,3.1658,6.41,0.0,68.81
2011-11-19,8.12,2.7492,6.98,0.0,74.81
2011-11-20,11.98,2.3208,6.1,0.59,92.69
2011-11-21,11.15,1.5792,4.48,2.6,83.05
2011-11-22,10.21,0.6158,6.52,24.87,87.97
2011-11-23,10.54,0.7706,8.27,22.25,92.82
2011-11-24,7.17,2.875,5.13,0.0,81.46
2011-11-25,9.59,2.7487,5.33,0.0,87.93
2011-11-26,10.3,2.4048,3.84,0.0,88.83
2011-11-27,11.6,1.9697,5.11,0.0,95.63
2011-11-28,13.22,1.7059,5.87,0.0,94.11
2011-11-29,13.78,1.0366,8.01,9.74,95.39
2011-11-30,8.86,1.7527,7.4,1.91,81.38
2011-12-01,6.21,2.8128,6.58,0.0,71.15
2011-12-02,7.54,2.2037,4.67,0.0,73.39
2011-12-03,5.64,2.611,4.06,0.0,74.75
2011-12-04,9.4,2.3162,3.87,0.04,86.12
2011-12-05,10.74,1.482,3.6,0.04,97.87
2011-12-06,13.22,0.5599,6.05,1.65,97.08
2011-12-07,11.89,0.4867,3.07,37.02,96.97
2011-12-08,4.64,2.4914,8.46,6.43,77.77
2011-12-09,7.31,2.1684,4.95,0.21,80.23
2011-12-10,4.92,2.0604,6.13,0.49,77.6
2011-12-11,2.18,2.6419,3.35,0.0,60.39
2011-12-12,4.48,1.9908,2.4,0.0,64.81
2011-12-13,4.38,2.5186,5.34,0.0,76.0
2011-12-14,6.19,2.0441,3.54,0.0,82.77
2011-12-15,10.4,1.3834,7.95,0.09,87.17
2011-12-16,8.03,1.8643,7.21,0.23,74.38
2011-12-17,4.31,1.5134,5.68,0.14,74.04
2011-12-18,-0.47,2.5714,5.15,0.0,73.29
2011-12-19,4.57,2.2718,7.27,0.02,76.8
2011-12-20,6.06,0.708,4.31,1.32,75.49
2011-12-21,10.3,0.5736,6.56,4.93,94.71
2011-12-22,10.55,1.9068,4.1,0.44,85.1
2011-12-23,7.33,1.0349,6.81,24.94,84.71
2011-12-24,1.64,2.4876,4.45,0.01,71.95
2011-12-25,4.75,2.2721,4.79,0.0,73.51
2011-12-26,5.09,2.232,6.94,0.09,76.71
2011-12-27,8.13,0.5753,8.19,21.93,86.31
2011-12-28,4.61,1.4302,10.04,0.06,79.06
2011-12-29,0.49,2.1547,5.88,0.01,74.33
2011-12-30,6.63,2.0141,3.46,0.03,87.17
2011-12-31,8.34,1.2809,4.71,0.82,93.93
2012-01-01,7.15,2.3302,5.84,1.77,92.08
2012-01-02,3.93,2.159,8.72,0.01,74.69
2012-01-03,-1.41,2.3916,8.45,0.01,77.31
2012-01-04,-3.83,2.1713,6.48,0.14,82.97
2012-01-05,1.65,1.8461,5.62,0.04,80.05
2012-01-06,5.37,2.1048,5.99,0.0,84.75
2012-01-07,6.34,2.5272,5.49,0.0,90.93
2012-01-08,3.96,1.9106,5.73,0.0,77.42
2012-01-09,2.31,2.3938,3.12,0.07,67.94
2012-01-10,4.0,2.1974,6.06,0.0,84.7
2012-01-11,5.52,2.2949,3.88,1.65,73.44
2012-01-12,8.76,0.5515,6.65,25.7,96.76
2012-01-13,3.56,1.5324,11.34,2.43,80.4
2012-01-14,0.34,1.7726,7.96,0.06,77.76
2012-01-15,-4.04,3.0192,8.28,0.01,80.05
2012-01-16,-1.19,2.4785,5.78,1.39,72.76
2012-01-17,5.85,0.6835,8.36,4.01,93.54
2012-01-18,2.75,2.8025,9.37,0.03,73.89
2012-01-19,0.02,2.5699,4.99,0.25,73.11
2012-01-20,-0.07,2.9904,6.42,0.32,73.46
2012-01-21,-0.12,0.8304,7.38,10.32,89.25
2012-01-22,-0.41,1.4952,6.04,0.02,88.62
2012-01-23,6.74,0.7747,6.35,5.28,95.45
2012-01-24,6.24,2.7473,5.05,0.16,90.42
2012-01-25,3.71,2.7041,4.5,0.04,77.71
2012-01-26,4.29,0.678,3.42,3.59,84.18
2012-01-27,9.14,0.7056,8.84,9.18,92.39
2012-01-28,4.84,3.0281,5.98,0.0,78.17
2012-01-29,3.34,2.8034,7.47,0.0,70.29
2012-01-30,2.62,2.9719,7.54,0.02,71.11
2012-01-31,6.79,2.7893,6.65,0.0,80.35
2012-02-01,8.96,2.7329,6.23,0.65,86.88
2012-02-02,5.05,1.253,5.34,0.06,81.12
2012-02-03,2.56,3.5707,5.71,0.0,72.04
2012-02-04,4.07,1.7597,4.13,0.07,76.14
2012-02-05,1.9,3.1654,4.68,0.03,73.05
2012-02-06,4.06,3.6526,6.41,0.0,79.17
2012-02-07,4.23,3.4951,5.77,0.0,84.78
2012-02-08,1.55,1.4674,3.97,0.98,77.65
2012-02-09,2.74,3.8491,5.56,0.0,76.92
2012-02-10,3.77,3.0874,4.47,0.49,78.83
2012-02-11,2.29,1.2895,5.35,2.06,84.32
2012-02-12,-1.64,2.4504,10.68,0.04,74.55
2012-02-13,1.51,4.0481,7.88,0.0,75.95
2012-02-14,4.31,2.5582,3.7,0.3,76.14
2012-02-15,4.85,1.1822,3.37,0.51,89.68
2012-02-16,4.47,0.8551,3.59,2.94,88.86
2012-02-17,6.22,3.3787,4.96,0.97,83.78
2012-02-18,4.2,3.7138,5.44,0.41,75.23
2012-02-19,3.22,3.2659,5.03,0.05,72.73
2012-02-20,2.44,4.145,7.19,0.13,71.74
2012-02-21,4.3,3.5777,5.57,0.08,74.27
2012-02-22,7.35,3.8489,6.09,0.0,85.9
2012-02-23,8.37,3.8662,5.67,0.6,82.45
2012-02-24,5.76,1.0164,8.48,12.64,92.01
2012-02-25,4.04,3.2088,12.48,0.07,70.05
2012-02-26,2.63,4.7664,5.95,0.0,63.87
2012-02-27,6.38,4.5559,7.03,0.0,79.19
2012-02-28,5.61,4.788,5.47,0.01,72.96
2012-02-29,4.93,0.8614,6.74,14.07,88.81
2012-03-01,5.29,1.3349,4.66,2.84,92.4
2012-03-02,3.73,1.2857,5.67,4.42,87.77
2012-03-03,8.42,2.43,6.85,3.1,86.03
2012-03-04,4.22,2.8342,4.74,0.76,71.4
2012-03-05,2.22,4.5595,6.52,0.02,69.86
2012-03-06,1.18,5.1103,5.73,0.0,68.44
2012-03-07,6.97,5.1485,7.25,0.0,82.79
2012-03-08,10.46,4.3867,10.04,0.09,88.87
2012-03-09,6.7,3.6432,7.74,1.36,70.46
2012-03-10,2.2,5.1758,5.67,0.0,61.35
2012-03-11,6.26,5.3575,6.31,0.0,73.63
2012-03-12,8.31,4.5151,4.99,0.03,87.75
2012-03-13,11.53,3.8808,5.8,2.43,93.05
2012-03-14,11.85,5.4355,3.93,0.0,74.8
2012-03-15,7.23,2.3892,5.52,0.12,92.68
2012-03-16,7.75,1.7959,2.86,0.25,96.0
2012-03-17,8.51,5.0741,3.38,0.03,93.17
2012-03-18,8.36,4.3231,3.08,0.0,95.43
2012-03-19,10.92,5.3856,3.62,0.04,92.93
2012-03-20,11.76,4.0018,2.92,0.11,95.57
2012-03-21,12.17,1.9747,2.96,0.18,95.74
2012-03-22,13.36,4.2502,3.5,0.07,93.52
2012-03-23,13.12,4.6406,3.79,0.04,89.52
2012-03-24,10.7,2.7638,6.44,0.48,82.08
2012-03-25,9.15,2.1312,4.84,3.15,92.44
2012-03-26,7.39,6.4368,9.05,0.0,71.35
2012-03-27,4.79,6.5777,6.1,0.0,58.97
2012-03-28,10.49,3.8021,6.34,0.56,82.35
2012-03-29,9.37,4.3507,6.9,0.06,76.59
2012-03-30,6.86,6.4248,4.62,1.52,69.33
2012-03-31,6.01,1.0819,6.13,8.47,88.76
2012-04-01,7.42,3.0134,3.83,5.12,84.08
2012-04-02,7.83,6.3775,7.86,3.26,73.85
2012-04-03,8.61,6.7296,5.17,0.0,69.01
2012-04-04,11.29,6.4078,4.69,0.0,69.75
2012-04-05,8.26,6.7164,4.21,0.0,71.29
2012-04-06,7.45,7.0342,5.01,0.0,67.94
2012-04-07,8.12,7.0783,6.32,0.0,65.56
2012-04-08,9.76,7.0397,5.4,0.0,71.0
2012-04-09,10.57,6.1034,8.86,0.0,62.09
2012-04-10,9.58,4.6781,5.57,0.0,75.48
2012-04-11,8.17,4.4525,5.11,0.03,74.97
2012-04-12,9.38,4.751,5.12,0.07,77.31
2012-04-13,9.81,6.9902,3.84,0.0,74.59
2012-04-14,11.47,6.2693,4.77,0.0,77.51
2012-04-15,14.78,4.4722,4.68,0.02,84.77
2012-04-16,15.83,6.5647,4.68,0.0,87.84
2012-04-17,16.56,7.0433,5.29,0.02,71.01
2012-04-18,11.57,3.4644,4.04,0.37,68.04
2012-04-19,12.07,6.744,3.39,0.12,82.3
2012-04-20,12.64,5.5598,3.66,0.01,90.0
2012-04-21,13.89,5.4142,5.72,1.48,92.2
2012-04-22,10.68,1.5456,7.5,53.24,91.26
2012-04-23,10.99,1.9882,8.0,7.62,83.98
2012-04-24,9.62,5.5718,7.81,0.13,73.71
2012-04-25,10.99,5.2229,3.14,0.07,70.8
2012-04-26,11.16,2.2138,4.11,0.57,91.65
2012-04-27,9.43,6.3626,8.8,0.5,68.14
2012-04-28,8.74,6.1764,5.37,0.22,64.98
2012-04-29,10.49,8.0695,5.28,0.11,62.02
2012-04-30,9.84,6.751,4.45,0.0,65.02
2012-05-01,13.76,3.9122,4.98,14.1,89.72
2012-05-02,10.61,1.5202,4.62,8.45,91.41
2012-05-03,11.75,2.196,2.71,5.56,93.27
2012-05-04,15.32,4.6594,2.6,1.57,91.82
2012-05-05,13.4,2.9129,2.9,0.82,94.81
2012-05-06,12.18,4.9106,3.34,0.04,90.9
2012-05-07,12.48,3.6106,3.91,0.08,86.64
2012-05-08,13.77,3.5453,7.27,4.54,88.81
2012-05-09,15.58,2.3256,4.74,16.4,93.64
2012-05-10,14.32,5.4221,6.08,6.9,76.86
2012-05-11,13.74,7.8223,5.22,0.0,67.89
2012-05-12,15.7,7.7909,3.85,0.0,72.01
2012-05-13,16.89,7.0747,5.01,0.03,81.38
2012-05-14,16.4,2.5594,4.46,1.21,89.85
2012-05-15,16.22,2.207,6.75,14.33,93.79
2012-05-16,17.84,5.7319,3.97,0.68,90.24
2012-05-17,16.09,8.1454,3.56,0.0,67.29
2012-05-18,15.27,8.2519,3.42,0.0,72.08
2012-05-19,16.31,8.1178,3.63,0.0,71.73
2012-05-20,16.51,7.8365,5.74,0.47,81.68
2012-05-21,15.69,1.9505,6.21,28.33,95.95
2012-05-22,17.3,3.2906,2.97,1.84,90.81
2012-05-23,17.73,5.167,2.72,0.85,92.09
2012-05-24,17.27,3.1243,4.61,4.26,95.07
2012-05-25,18.54,4.344,3.42,1.6,93.8
2012-05-26,20.56,5.135,4.06,1.55,90.93
2012-05-27,20.34,5.1816,2.71,2.15,91.89
2012-05-28,22.32,7.398,3.36,0.22,85.49
2012-05-29,22.17,7.259,5.6,1.51,90.15
2012-05-30,20.42,3.6768,2.8,2.19,88.81
2012-05-31,20.63,7.873,3.57,0.05,75.85
2012-06-01,18.15,4.842,7.59,10.31,83.49
2012-06-02,19.45,6.605,6.42,16.02,80.4
2012-06-03,18.09,7.0498,4.78,1.13,77.98
2012-06-04,15.35,3.5093,5.48,9.47,82.98
2012-06-05,14.75,4.7894,3.3,0.38,74.27
2012-06-06,16.89,6.4951,3.28,1.73,76.28
2012-06-07,18.14,6.6756,2.74,1.73,81.58
2012-06-08,19.62,7.7645,3.22,0.11,77.44
2012-06-09,20.79,4.4285,2.91,0.44,74.92
2012-06-10,20.86,6.6175,2.59,1.27,82.55
2012-06-11,19.12,5.3578,5.78,0.22,83.93
2012-06-12,19.03,1.7506,6.21,23.71,91.5
2012-06-13,18.98,5.0405,4.97,9.01,91.38
2012-06-14,18.8,6.3977,4.31,0.13,86.84
2012-06-15,19.12,7.7357,3.71,0.0,75.01
2012-06-16,18.66,8.2056,3.96,0.0,78.28
2012-06-17,16.91,5.0602,4.18,0.0,80.04
2012-06-18,17.28,4.8749,3.23,0.0,78.2
2012-06-19,19.65,4.5062,4.28,0.02,83.23
2012-06-20,25.01,7.7114,3.85,0.01,76.49
2012-06-21,26.77,7.8002,3.54,0.0,70.6
2012-06-22,25.83,4.7422,2.27,18.59,76.95
2012-06-23,23.65,8.1581,3.89,1.48,72.36
2012-06-24,22.66,7.0865,3.9,0.18,74.19
2012-06-25,21.37,5.051,4.17,21.81,85.37
2012-06-26,19.29,5.6647,6.9,0.0,67.09
2012-06-27,21.35,8.3338,5.57,0.0,65.35
2012-06-28,23.08,7.5365,4.37,0.07,70.59
2012-06-29,25.04,7.3301,4.19,2.3,76.74
2012-06-30,25.32,7.0687,3.81,0.1,69.73
2012-07-01,25.34,7.5446,3.93,0.24,71.26
2012-07-02,24.93,7.951,3.53,0.0,64.47
2012-07-03,24.9,7.3488,4.0,0.09,69.81
2012-07-04,25.73,7.4242,3.42,2.95,78.47
2012-07-05,27.13,7.5655,2.61,0.03,70.3
2012-07-06,25.79,8.1857,2.66,0.05,74.46
2012-07-07,27.38,5.987,4.23,1.59,71.62
2012-07-08,25.83,6.2318,3.31,0.56,70.9
2012-07-09,24.71,6.6062,3.99,0.01,61.89
2012-07-10,24.63,6.6406,2.81,0.06,66.79
2012-07-11,24.32,6.4632,3.7,0.28,70.99
2012-07-12,24.81,7.2619,3.42,0.1,64.44
2012-07-13,25.01,4.3507,3.37,0.07,69.85
2012-07-14,25.56,4.3966,3.93,0.18,70.83
2012-07-15,25.19,4.3222,4.0,13.16,86.68
2012-07-16,26.57,6.7481,3.61,0.24,74.7
2012-07-17,27.51,6.8424,4.99,0.0,67.91
2012-07-18,27.49,5.2392,4.92,13.37,77.79
2012-07-19,24.35,2.5078,4.62,0.86,78.24
2012-07-20,21.08,1.3738,8.45,17.15,85.52
2012-07-21,21.31,6.2628,4.2,0.2,68.87
2012-07-22,23.07,6.1565,3.03,0.08,66.68
2012-07-23,24.78,5.6318,5.52,2.5,81.1
2012-07-24,26.82,7.086,5.48,0.22,71.04
2012-07-25,24.37,8.202,5.09,0.0,59.99
2012-07-26,25.56,5.4348,6.23,10.43,79.81
2012-07-27,26.48,5.5939,3.45,0.39,80.56
2012-07-28,24.73,3.2095,2.64,17.64,88.15
2012-07-29,23.17,4.1525,2.1,1.47,83.07
2012-07-30,23.05,5.8188,3.51,0.01,79.26
2012-07-31,23.22,4.7076,3.46,0.38,77.19
2012-08-01,23.7,3.1987,3.85,6.78,86.12
2012-08-02,25.56,6.4742,3.74,0.13,76.36
2012-08-03,26.38,5.6993,3.57,0.07,81.23
2012-08-04,26.18,5.6426,4.01,0.78,79.75
2012-08-05,26.55,5.165,6.81,15.85,86.82
2012-08-06,25.76,6.5042,3.8,3.0,75.38
2012-08-07,24.33,5.3242,3.0,0.0,69.54
2012-08-08,25.22,5.2464,2.37,0.16,81.82
2012-08-09,25.69,5.7744,3.69,1.28,74.86
2012-08-10,25.16,2.7958,5.74,24.98,88.22
2012-08-11,25.3,4.8574,5.89,2.61,89.15
2012-08-12,25.06,6.6108,3.65,0.09,73.93
2012-08-13,24.51,6.3948,3.76,0.0,67.27
2012-08-14,24.43,2.6306,3.74,2.13,77.61
2012-08-15,24.68,4.5593,2.05,11.92,85.14
2012-08-16,24.68,6.9046,3.19,0.03,69.72
2012-08-17,24.93,5.2394,5.13,5.58,76.48
2012-08-18,22.67,5.7442,3.41,5.05,76.68
2012-08-19,22.04,3.3509,2.27,0.0,57.56
2012-08-20,22.8,4.5946,1.95,0.2,62.2
2012-08-21,23.16,5.8013,2.99,0.05,68.61
2012-08-22,23.63,5.6882,2.57,0.02,71.83
2012-08-23,23.94,5.8217,2.83,0.0,75.27
2012-08-24,24.35,5.5142,2.49,0.0,74.84
2012-08-25,24.08,3.7838,4.22,0.53,76.27
2012-08-26,23.19,6.1296,4.66,0.0,78.81
2012-08-27,24.2,4.0464,4.74,14.63,86.84
2012-08-28,25.59,5.791,5.29,3.25,77.81
2012-08-29,22.8,6.5088,3.62,0.0,64.08
2012-08-30,23.0,6.5556,3.85,0.0,60.33
2012-08-31,25.01,6.4714,5.48,0.0,67.16
2012-09-01,25.45,5.6294,4.62,0.05,73.3
2012-09-02,24.1,2.8596,3.34,1.6,80.3
2012-09-03,23.15,1.9361,6.06,6.05,82.24
2012-09-04,24.67,1.9795,5.5,22.98,90.73
2012-09-05,25.11,3.1438,5.25,12.21,90.03
2012-09-06,23.41,2.8094,2.69,0.0,84.4
2012-09-07,24.66,5.496,4.19,0.26,80.38
2012-09-08,24.05,3.7049,7.34,11.34,84.96
2012-09-09,21.21,5.5195,3.66,0.32,67.33
2012-09-10,19.66,5.1293,6.52,0.0,63.91
2012-09-11,18.54,6.0427,3.55,0.0,57.11
2012-09-12,20.9,6.0499,3.19,0.0,63.97
2012-09-13,21.06,5.9162,3.68,0.0,73.43
2012-09-14,21.32,5.5493,4.18,0.0,77.1
2012-09-15,19.97,5.7151,5.78,0.1,68.44
2012-09-16,19.59,5.2409,3.79,0.0,59.43
2012-09-17,20.11,5.3074,3.75,0.0,60.6
2012-09-18,22.59,1.5833,10.99,28.29,85.54
2012-09-19,18.79,5.5898,5.18,2.06,67.0
2012-09-20,18.02,4.2216,4.85,0.01,73.06
2012-09-21,18.85,4.8782,3.67,0.0,74.05
2012-09-22,20.32,3.9173,5.65,4.29,83.57
2012-09-23,17.88,5.5322,4.41,0.48,66.28
2012-09-24,16.42,5.1386,3.42,0.06,59.07
2012-09-25,18.23,5.4166,6.82,0.0,65.0
2012-09-26,20.5,2.9386,6.53,0.58,80.94
2012-09-27,20.28,3.2282,3.16,1.37,80.03
2012-09-28,20.55,2.3842,4.99,10.86,86.81
2012-09-29,17.19,2.0976,2.74,2.52,81.51
2012-09-30,16.96,3.6163,3.68,0.99,72.85
2012-10-01,17.45,5.1091,5.56,0.0,70.55
2012-10-02,19.73,0.799,3.69,8.37,83.39
2012-10-03,21.28,1.4494,1.94,2.5,94.18
2012-10-04,20.78,1.6642,1.56,3.64,92.78
2012-10-05,20.01,4.6538,3.51,0.18,83.04
2012-10-06,18.92,2.5418,6.37,0.0,82.64
2012-10-07,12.19,1.2204,3.89,4.0,76.22
2012-10-08,11.71,1.7342,3.41,0.28,76.91
2012-10-09,14.9,1.3512,6.39,6.54,84.24
2012-10-10,16.65,2.8675,5.94,5.47,81.69
2012-10-11,12.84,4.8451,6.08,0.0,65.38
2012-10-12,11.94,2.5795,7.37,0.03,68.2
2012-10-13,9.72,4.7153,4.53,0.01,61.1
2012-10-14,16.45,3.0571,8.29,0.03,78.44
2012-10-15,18.03,1.3692,6.41,5.37,89.61
2012-10-16,13.36,4.4434,6.44,0.44,69.52
2012-10-17,12.39,3.4762,3.21,0.0,66.37
2012-10-18,15.49,3.619,4.65,0.09,76.56
2012-10-19,18.24,0.8657,7.91,17.93,95.67
2012-10-20,16.43,3.991,5.15,0.39,82.1
2012-10-21,13.83,3.9542,5.67,0.0,73.14
2012-10-22,14.44,4.0687,5.97,0.0,75.08
2012-10-23,15.25,1.5881,2.22,0.64,82.53
2012-10-24,15.53,2.0059,3.05,0.35,89.82
2012-10-25,15.24,0.9708,3.39,0.1,85.77
2012-10-26,16.18,1.2511,2.66,0.0,89.33
2012-10-27,15.59,1.5624,4.78,0.02,84.19
2012-10-28,14.22,0.8642,10.16,2.0,84.5
2012-10-29,14.72,0.6137,19.24,36.39,85.23
2012-10-30,12.84,1.127,11.17,4.04,77.31
2012-10-31,10.04,1.4676,5.9,0.22,77.9
2012-11-01,9.73,1.8367,6.07,0.01,78.96
2012-11-02,9.24,2.0618,6.89,0.01,76.18
2012-11-03,8.01,2.2752,8.08,0.0,73.37
2012-11-04,7.47,2.8152,5.55,0.0,74.89
2012-11-05,5.93,2.6035,5.96,0.0,71.39
2012-11-06,4.65,3.0228,4.72,0.02,68.85
2012-11-07,3.97,0.4022,11.6,21.14,90.25
2012-11-08,4.97,2.1242,9.43,1.7,79.33
2012-11-09,6.97,3.0763,6.66,0.0,74.24
2012-11-10,9.3,1.5252,2.9,0.0,79.21
2012-11-11,11.81,3.0535,4.2,0.0,91.53
2012-11-12,13.01,2.3702,5.62,0.06,96.03
2012-11-13,9.89,1.1009,7.0,4.26,84.71
2012-11-14,6.17,3.0994,6.32,0.0,72.83
2012-11-15,5.61,2.4374,4.51,0.01,73.32
2012-11-16,5.91,1.8787,4.78,0.02,75.1
2012-11-17,7.14,3.0271,5.3,0.0,75.92
2012-11-18,7.41,2.201,5.52,0.0,81.71
2012-11-19,7.36,2.3647,5.95,0.01,89.43
2012-11-20,7.25,2.4478,4.18,0.01,80.45
2012-11-21,8.26,2.9143,4.45,0.01,74.54
2012-11-22,8.56,2.8361,3.12,0.0,87.03
2012-11-23,8.98,2.6988,3.29,0.32,88.68
2012-11-24,5.8,1.5091,8.88,0.13,70.11
2012-11-25,3.73,1.5466,7.43,0.0,71.29
2012-11-26,5.65,2.7262,4.9,0.0,65.49
2012-11-27,4.81,0.4483,4.17,11.5,84.08
2012-11-28,3.59,2.0638,5.8,0.11,79.1
2012-11-29,4.44,2.2906,6.28,0.0,76.67
2012-11-30,5.82,1.3164,4.13,0.01,80.13
2012-12-01,7.84,0.7572,6.09,0.14,93.99
2012-12-02,8.7,1.1126,3.89,0.85,96.56
2012-12-03,10.59,2.321,3.15,0.42,88.81
2012-12-04,11.38,1.7009,5.12,0.5,97.54
2012-12-05,9.1,2.0102,7.39,0.65,77.95
2012-12-06,2.47,2.3786,4.08,0.0,66.85
2012-12-07,6.81,0.5592,3.71,3.9,87.53
2012-12-08,9.31,0.756,2.28,11.57,96.1
2012-12-09,8.25,0.6091,5.57,12.29,91.27
2012-12-10,12.1,0.5681,6.29,2.46,97.67
2012-12-11,7.97,1.4933,5.48,2.27,77.52
2012-12-12,5.03,1.6284,3.33,0.05,67.12
2012-12-13,5.46,2.4811,3.39,0.02,65.14
2012-12-14,5.5,2.5265,5.25,0.0,74.34
2012-12-15,5.73,2.0042,3.63,0.03,79.75
2012-12-16,9.03,0.5945,5.81,8.74,93.55
2012-12-17,7.66,0.6122,5.99,8.05,95.47
2012-12-18,9.68,1.727,6.0,10.0,90.73
2012-12-19,6.1,2.4698,8.58,0.01,76.32
2012-12-20,5.04,1.2437,5.69,3.58,83.63
2012-12-21,7.96,0.8489,12.28,22.86,80.35
2012-12-22,3.42,1.0255,10.73,0.44,74.07
2012-12-23,3.63,2.2973,6.87,0.0,74.69
2012-12-24,3.05,1.5794,3.56,3.6,77.36
2012-12-25,4.26,1.2533,5.09,0.89,87.55
2012-12-26,3.36,0.4217,10.37,38.97,89.03
2012-12-27,4.04,1.4261,9.56,14.16,88.98
2012-12-28,1.31,2.3215,6.24,0.0,81.61
2012-12-29,2.67,0.4726,4.65,7.41,89.36
2012-12-30,0.06,2.2663,11.31,0.03,79.48
2012-12-31,1.84,1.663,7.77,0.03,80.1
2013-01-01,2.35,0.6226,7.19,0.01,81.04
2013-01-02,-1.15,1.9865,6.28,0.0,73.91
2013-01-03,-0.64,2.4288,5.62,0.0,75.64
2013-01-04,1.58,1.6894,8.47,0.0,78.96
2013-01-05,2.13,2.5226,5.57,0.0,76.01
2013-01-06,3.51,2.3287,4.8,0.17,83.81
2013-01-07,3.96,2.5349,4.96,0.0,76.54
2013-01-08,4.28,2.4514,5.27,0.0,87.47
2013-01-09,5.19,1.1261,4.07,0.02,91.71
2013-01-10,4.61,2.5774,6.02,0.0,78.66
2013-01-11,5.37,0.6953,4.19,14.91,89.86
2013-01-12,6.64,1.121,2.54,0.3,98.57
2013-01-13,6.99,0.8482,2.86,0.4,97.98
2013-01-14,7.97,1.3147,4.94,2.35,89.37
2013-01-15,3.31,0.8304,4.67,7.18,81.4
2013-01-16,3.02,0.3811,4.64,16.92,94.2
2013-01-17,3.65,1.7717,4.64,0.92,81.58
2013-01-18,-1.11,2.7979,6.18,0.39,73.88
2013-01-19,4.13,2.623,9.6,0.0,77.2
2013-01-20,5.23,2.5807,8.89,0.03,75.3
2013-01-21,-0.49,1.2547,3.39,0.43,72.35
2013-01-22,-4.28,2.7252,9.4,0.01,75.81
2013-01-23,-6.81,2.5128,6.95,0.01,81.75
2013-01-24,-5.7,2.9266,7.71,0.02,76.08
2013-01-25,-5.53,1.8055,4.79,1.27,84.83
2013-01-26,-4.0,2.647,6.86,0.01,81.61
2013-01-27,-1.71,3.2006,5.39,0.01,72.41
2013-01-28,1.04,0.661,5.07,4.16,83.17
2013-01-29,3.97,1.7578,4.17,0.96,97.12
2013-01-30,8.24,1.3267,8.17,1.51,98.65
2013-01-31,6.14,3.0084,13.69,17.92,73.8
2013-02-01,-0.74,2.3515,8.75,0.43,70.22
2013-02-02,-2.06,3.3526,6.36,0.52,74.84
2013-02-03,-1.47,1.8283,4.03,0.36,81.49
2013-02-04,-1.76,3.0019,7.81,0.13,74.33
2013-02-05,0.14,0.7152,2.6,0.53,83.12
2013-02-06,1.21,2.5442,5.62,0.08,77.8
2013-02-07,-0.45,1.9226,4.83,0.16,68.08
2013-02-08,2.6,0.5784,10.93,26.35,92.32
2013-02-09,-1.57,3.467,11.07,3.32,80.9
2013-02-10,-2.38,3.629,3.93,0.01,67.79
2013-02-11,4.49,1.2732,6.2,9.86,94.37
2013-02-12,3.43,3.066,6.66,0.0,80.58
2013-02-13,2.41,2.6333,2.77,3.09,75.25
2013-02-14,2.91,3.804,4.32,0.31,82.94
2013-02-15,4.45,3.8503,4.67,0.14,92.38
2013-02-16,1.86,2.1482,6.99,0.83,83.2
2013-02-17,-2.16,3.7997,12.12,0.33,67.73
2013-02-18,-2.31,4.4081,8.5,0.0,71.62
2013-02-19,3.83,1.4628,6.97,5.69,88.03
2013-02-20,-0.08,2.9482,9.74,0.05,70.76
2013-02-21,-1.54,4.1177,9.67,0.0,73.91
2013-02-22,0.32,2.3868,5.09,0.15,81.67
2013-02-23,4.23,1.1153,6.42,7.47,96.31
2013-02-24,3.55,2.7684,6.83,5.49,85.69
2013-02-25,3.12,2.9251,3.67,0.01,78.55
2013-02-26,3.76,2.3177,6.33,6.61,85.6
2013-02-27,5.44,1.3622,9.4,18.4,93.02
2013-02-28,4.78,2.4192,3.33,4.6,87.51
2013-03-01,3.23,2.3827,5.77,0.05,84.64
2013-03-02,1.57,2.7211,5.52,0.02,78.76
2013-03-03,0.41,3.5047,6.72,0.0,75.91
2013-03-04,0.71,4.9178,8.67,0.03,74.74
2013-03-05,2.82,5.0645,4.32,0.02,76.04
2013-03-06,3.42,1.055,12.33,3.56,88.6
2013-03-07,2.52,2.5195,10.69,3.92,85.53
2013-03-08,1.91,1.8089,9.79,10.18,87.88
2013-03-09,4.49,5.3114,5.59,0.0,78.82
2013-03-10,3.45,4.4609,3.57,0.0,89.54
2013-03-11,6.16,2.7888,4.66,0.04,93.71
2013-03-12,7.85,0.7831,8.37,20.29,96.33
2013-03-13,4.95,4.4911,5.76,0.01,79.16
2013-03-14,1.45,4.254,8.74,0.01,68.04
2013-03-15,2.64,3.2042,6.66,0.06,73.3
2013-03-16,1.86,1.6298,3.46,1.91,78.55
2013-03-17,0.95,3.145,5.63,0.09,72.67
2013-03-18,1.6,1.8331,7.76,12.6,78.09
2013-03-19,3.98,2.7019,6.26,10.83,90.49
2013-03-20,3.08,5.1168,6.52,0.06,72.4
2013-03-21,0.68,3.403,5.84,0.45,79.32
2013-03-22,1.28,3.6912,7.42,0.02,73.23
2013-03-23,2.58,5.4511,7.51,0.0,73.7
2013-03-24,2.94,4.7623,4.08,0.2,71.58
2013-03-25,3.1,1.9337,7.59,6.94,86.79
2013-03-26,4.86,4.0272,4.35,0.06,81.38
2013-03-27,4.69,4.8408,5.59,0.01,79.36
2013-03-28,5.03,3.481,5.04,0.0,81.51
2013-03-29,5.89,4.6651,4.54,0.0,78.12
2013-03-30,6.49,5.8354,3.46,0.0,76.47
2013-03-31,6.17,2.3736,4.98,5.21,90.73
2013-04-01,6.88,3.9401,6.07,0.3,85.05
2013-04-02,2.73,6.1836,7.14,0.0,64.72
2013-04-03,3.05,6.385,7.47,0.0,64.36
2013-04-04,3.76,6.2755,5.02,0.04,68.58
2013-04-05,6.53,6.5383,4.5,1.62,76.76
2013-04-06,4.17,7.0555,5.05,0.0,65.54
2013-04-07,6.68,6.1217,6.56,0.09,84.85
2013-04-08,9.19,5.9042,3.7,0.07,88.56
2013-04-09,14.38,6.2518,4.94,0.21,75.23
2013-04-10,12.01,4.8185,3.96,1.48,93.44
2013-04-11,10.06,2.4094,4.82,10.03,89.81
2013-04-12,7.59,0.9725,7.68,19.86,93.83
2013-04-13,7.95,4.3272,3.48,2.25,81.54
2013-04-14,8.67,6.81,4.48,0.01,76.05
2013-04-15,7.43,5.285,3.97,0.03,81.72
2013-04-16,10.0,4.4431,6.37,0.03,91.72
2013-04-17,11.81,5.639,3.66,0.2,79.08
2013-04-18,9.94,1.8307,5.7,0.06,88.61
2013-04-19,12.64,3.3859,8.95,2.15,96.36
2013-04-20,9.86,5.1559,7.02,6.92,72.49
2013-04-21,6.18,7.6279,4.65,0.0,62.52
2013-04-22,7.16,6.1126,7.89,0.0,75.3
2013-04-23,7.39,2.6573,7.66,0.09,85.14
2013-04-24,9.58,6.9175,5.95,0.04,88.86
2013-04-25,10.42,7.7906,4.94,0.09,67.05
2013-04-26,10.73,7.6454,3.32,0.0,72.56
2013-04-27,10.43,7.5278,3.87,0.0,72.67
2013-04-28,10.68,6.1774,3.66,0.09,85.3
2013-04-29,10.98,1.4438,4.98,2.85,90.72
2013-04-30,10.98,6.2659,4.45,0.02,83.07
2013-05-01,10.56,7.877,4.21,0.0,82.81
2013-05-02,11.71,7.769,2.78,0.0,81.51
2013-05-03,10.84,7.8329,4.9,0.0,80.38
2013-05-04,10.32,7.9961,4.92,0.0,84.45
2013-05-05,9.28,7.7642,5.03,0.0,82.31
2013-05-06,10.54,6.0026,3.91,0.05,92.31
2013-05-07,11.85,5.293,4.36,0.32,94.16
2013-05-08,13.4,3.0379,4.85,28.61,95.01
2013-05-09,14.03,4.0464,2.86,14.83,90.23
2013-05-10,15.42,6.6043,3.75,0.07,87.15
2013-05-11,15.12,3.2568,5.46,10.78,95.61
2013-05-12,14.08,7.6272,6.08,3.49,74.72
2013-05-13,10.09,5.8025,6.0,0.0,64.21
2013-05-14,10.35,7.6411,4.3,0.01,65.82
2013-05-15,13.31,4.9747,5.84,0.19,87.0
2013-05-16,16.46,5.5361,3.49,0.02,80.17
2013-05-17,15.52,7.297,3.92,0.15,69.75
2013-05-18,13.73,2.1977,3.34,0.1,89.25
2013-05-19,13.96,1.7479,5.57,9.97,94.42
2013-05-20,16.85,4.7926,4.19,0.37,92.33
2013-05-21,18.45,6.9934,4.97,0.15,91.32
2013-05-22,17.96,3.977,4.61,0.38,94.71
2013-05-23,17.57,3.9907,7.34,9.07,94.58
2013-05-24,13.78,2.063,7.13,12.92,90.67
2013-05-25,10.05,4.3034,10.0,5.05,78.14
2013-05-26,12.67,8.3974,7.06,0.0,68.64
2013-05-27,14.12,8.3328,4.26,0.0,71.93
2013-05-28,14.33,1.6219,3.19,10.91,90.71
2013-05-29,17.79,6.1193,4.92,0.82,91.24
2013-05-30,20.58,7.633,4.58,0.0,85.14
2013-05-31,20.13,7.0793,4.56,0.0,87.27
2013-06-01,19.83,7.6445,5.88,0.08,88.99
2013-06-02,19.54,6.5196,7.07,4.16,90.39
2013-06-03,18.63,4.1042,4.43,12.81,94.43
2013-06-04,16.76,8.4535,4.85,0.01,68.94
2013-06-05,15.88,8.0635,3.62,0.0,82.04
2013-06-06,16.4,4.0654,4.88,2.47,91.78
2013-06-07,17.02,1.3517,6.39,87.6,97.0
2013-06-08,18.41,4.8079,4.5,8.62,86.47
2013-06-09,19.47,7.6054,2.64,0.0,81.84
2013-06-10,18.39,1.7254,4.88,38.81,95.56
2013-06-11,20.8,5.8334,6.0,1.98,87.02
2013-06-12,19.67,7.9313,5.0,0.0,75.91
2013-06-13,17.48,2.4468,6.11,14.74,90.48
2013-06-14,16.72,4.9774,6.34,16.93,81.93
2013-06-15,19.23,8.0594,3.67,0.0,77.81
2013-06-16,19.41,4.9656,4.35,0.01,88.28
2013-06-17,20.64,6.9761,4.07,1.01,90.12
2013-06-18,19.71,2.9875,2.1,10.59,92.64
2013-06-19,18.99,8.1763,4.23,0.1,73.92
2013-06-20,18.8,7.8823,4.67,0.0,80.64
2013-06-21,19.35,8.0407,4.49,0.0,81.05
2013-06-22,19.7,7.4813,4.51,0.0,88.11
2013-06-23,21.54,6.8354,5.05,1.23,90.65
2013-06-24,23.36,6.5386,4.23,0.91,89.07
2013-06-25,23.71,6.7462,4.22,0.75,86.89
2013-06-26,23.58,5.4929,3.67,2.38,88.2
2013-06-27,22.95,6.0415,3.27,8.69,92.19
2013-06-28,23.03,5.7031,6.2,2.47,90.76
2013-06-29,22.36,6.8155,4.38,0.08,91.4
2013-06-30,22.11,3.6281,4.63,2.14,95.71
2013-07-01,22.4,2.3102,5.69,16.51,95.64
2013-07-02,22.53,3.9017,5.75,3.07,93.51
2013-07-03,23.08,4.8936,4.88,9.66,92.45
2013-07-04,24.11,6.5688,5.51,0.0,89.07
2013-07-05,24.3,7.7153,5.41,0.0,88.11
2013-07-06,25.51,7.5413,4.68,0.0,86.18
2013-07-07,25.51,7.3682,4.88,0.39,87.69
2013-07-08,24.67,6.5549,4.73,0.58,85.74
2013-07-09,24.33,5.3146,4.14,3.51,87.96
2013-07-10,24.54,5.1763,5.19,1.64,91.13
2013-07-11,24.36,4.3894,2.83,1.36,88.06
2013-07-12,22.39,2.2526,6.55,10.45,90.1
2013-07-13,23.62,3.8237,4.07,6.75,93.53
2013-07-14,25.25,6.6518,3.8,0.01,86.39
2013-07-15,27.03,7.3145,3.35,0.0,79.07
2013-07-16,27.47,7.6788,2.96,0.0,73.53
2013-07-17,27.49,7.4815,2.66,0.0,78.0
2013-07-18,27.74,7.501,3.31,0.12,79.55
2013-07-19,27.26,6.9559,5.64,0.09,87.79
2013-07-20,26.78,6.2873,5.26,1.36,85.96
2013-07-21,25.18,5.5018,2.91,0.4,75.36
2013-07-22,24.3,3.9278,3.64,21.72,92.07
2013-07-23,25.43,5.5589,4.43,2.35,88.61
2013-07-24,24.31,5.1751,3.88,0.19,81.44
2013-07-25,19.01,2.5898,7.34,3.63,85.43
2013-07-26,21.91,6.4351,5.23,0.25,80.93
2013-07-27,22.18,5.9914,3.71,0.02,85.24
2013-07-28,22.19,3.5078,3.58,9.93,93.73
2013-07-29,23.31,7.482,2.87,0.32,81.21
2013-07-30,22.44,6.9293,3.35,0.0,72.42
2013-07-31,22.53,5.8106,3.1,0.01,73.49
2013-08-01,22.07,0.8628,5.01,14.2,88.78
2013-08-02,23.12,6.6434,4.25,0.95,81.3
2013-08-03,22.15,3.2458,5.02,1.1,86.92
2013-08-04,21.8,7.2794,4.44,0.03,73.1
2013-08-05,21.06,7.5622,3.83,0.0,61.1
2013-08-06,21.91,6.0089,2.76,0.01,68.03
2013-08-07,22.15,2.7893,4.99,5.73,77.94
2013-08-08,23.46,3.6679,6.01,11.66,91.01
2013-08-09,24.21,3.2782,6.25,4.75,93.53
2013-08-10,23.89,5.2519,3.49,0.06,78.45
2013-08-11,22.15,6.5261,3.82,1.32,69.31
2013-08-12,22.96,4.7918,1.61,2.47,83.96
2013-08-13,22.47,3.1632,3.81,29.05,91.05
2013-08-14,20.24,6.8292,6.53,0.05,70.43
2013-08-15,20.28,7.1952,3.19,0.0,64.97
2013-08-16,21.59,6.3197,2.78,0.0,68.16
2013-08-17,21.8,5.933,2.5,0.0,71.43
2013-08-18,21.6,2.9503,2.76,0.03,71.73
2013-08-19,21.71,3.787,3.93,0.04,77.99
2013-08-20,23.19,6.4949,2.9,0.0,79.81
2013-08-21,24.06,6.3398,3.51,0.01,77.55
2013-08-22,23.04,2.8229,4.19,10.82,94.13
2013-08-23,22.71,4.0721,4.02,0.56,76.38
2013-08-24,20.82,7.0891,3.8,0.33,71.82
2013-08-25,21.75,6.835,3.52,0.0,68.26
2013-08-26,22.46,4.152,6.18,1.49,79.11
2013-08-27,24.44,5.7821,3.54,0.73,78.24
2013-08-28,23.84,1.8826,2.5,4.7,84.27
2013-08-29,22.28,3.5842,4.22,1.46,86.39
2013-08-30,22.86,4.62,4.53,0.01,83.69
2013-08-31,23.44,4.0478,6.17,0.98,88.8
2013-09-01,23.55,3.4997,4.58,3.09,92.25
2013-09-02,23.91,2.2529,3.35,4.14,91.29
2013-09-03,23.36,4.9366,3.26,1.65,83.14
2013-09-04,21.94,6.6758,4.72,0.0,66.18
2013-09-05,21.04,4.9848,5.35,0.0,67.22
2013-09-06,18.06,6.6326,3.11,0.0,58.78
2013-09-07,19.95,6.24,4.37,0.0,58.96
2013-09-08,21.45,5.1948,5.51,0.0,70.19
2013-09-09,18.67,5.1257,4.54,0.0,65.48
2013-09-10,23.18,3.8527,6.43,0.15,84.0
2013-09-11,24.63,5.2502,5.08,0.12,84.91
2013-09-12,23.67,3.8146,6.34,7.94,89.4
2013-09-13,21.04,3.9461,5.69,8.24,74.47
2013-09-14,16.76,4.5912,5.4,0.0,67.34
2013-09-15,17.3,5.5207,3.79,0.0,64.04
2013-09-16,18.83,2.6582,5.1,0.55,73.2
2013-09-17,14.69,6.1483,4.96,0.0,56.18
2013-09-18,16.39,6.0401,2.84,0.0,56.02
2013-09-19,17.48,5.9635,4.33,0.0,71.03
2013-09-20,18.49,5.7838,4.01,0.0,78.57
2013-09-21,19.86,4.2046,5.84,10.34,88.44
2013-09-22,18.39,4.9606,6.31,14.01,72.9
2013-09-23,14.78,5.7936,5.51,0.0,64.81
2013-09-24,15.51,5.809,4.37,0.0,66.38
2013-09-25,16.8,5.0494,2.74,0.0,64.68
2013-09-26,17.2,3.6262,1.96,0.0,74.9
2013-09-27,16.61,3.6367,3.48,0.0,75.29
2013-09-28,17.61,5.1514,4.16,0.0,75.24
2013-09-29,17.12,4.3877,3.87,0.0,70.57
2013-09-30,17.16,4.4258,3.23,0.0,74.11
2013-10-01,19.15,4.6519,3.51,0.0,74.74
2013-10-02,20.8,4.9673,3.84,0.0,73.86
2013-10-03,19.85,3.7315,3.02,0.0,73.94
2013-10-04,21.18,4.2096,3.39,0.46,85.17
2013-10-05,20.04,3.6665,2.84,0.45,89.65
2013-10-06,20.07,1.3692,4.69,0.58,94.06
2013-10-07,20.16,1.7302,7.95,8.06,89.93
2013-10-08,16.59,4.1213,5.29,0.01,64.44
2013-10-09,15.75,2.6916,7.62,0.14,71.73
2013-10-10,16.27,1.4422,8.76,3.01,85.02
2013-10-11,17.58,1.1592,8.75,3.82,86.36
2013-10-12,17.31,3.503,9.0,1.61,79.68
2013-10-13,15.63,3.7488,7.61,0.05,76.48
2013-10-14,14.6,4.0879,3.45,0.0,74.36
2013-10-15,15.79,4.3627,3.98,0.0,78.18
2013-10-16,16.01,1.8826,2.39,0.05,91.34
2013-10-17,17.7,2.4175,4.2,0.44,90.77
2013-10-18,16.44,4.265,6.28,0.05,70.5
2013-10-19,14.77,2.2423,4.03,0.58,74.98
2013-10-20,13.71,4.3286,6.05,0.02,66.61
2013-10-21,13.97,4.2178,4.7,0.0,67.21
2013-10-22,15.08,2.3635,5.18,0.0,73.32
2013-10-23,10.75,1.8713,4.89,1.62,73.98
2013-10-24,9.62,3.4226,7.11,0.01,66.53
2013-10-25,9.38,3.0242,6.42,0.0,67.09
2013-10-26,10.37,3.977,7.35,0.0,65.34
2013-10-27,10.98,3.6653,6.11,0.04,62.59
2013-10-28,11.28,3.7541,4.46,0.0,63.56
2013-10-29,10.6,3.5518,3.89,0.0,62.25
2013-10-30,13.15,1.3778,2.74,0.08,71.9
2013-10-31,15.59,0.9914,6.17,0.49,91.68
2013-11-01,17.06,1.9049,8.14,3.55,89.76
2013-11-02,14.36,2.8846,3.41,0.37,75.96
2013-11-03,9.07,2.4708,7.09,0.01,69.75
2013-11-04,5.84,3.6514,5.76,0.0,64.52
2013-11-05,10.2,2.2128,3.59,0.0,70.66
2013-11-06,12.75,2.5246,4.51,0.0,80.58
2013-11-07,13.37,0.941,6.94,3.28,85.41
2013-11-08,7.96,2.3376,7.55,0.01,65.3
2013-11-09,7.58,2.3023,5.57,0.03,67.63
2013-11-10,10.31,2.0734,8.15,0.03,68.07
2013-11-11,9.06,2.5867,7.11,0.0,64.27
2013-11-12,4.98,1.0987,8.33,1.02,72.28
2013-11-13,2.73,3.4229,6.54,0.0,65.72
2013-11-14,6.79,3.181,7.86,0.0,60.59
2013-11-15,8.43,2.2716,4.75,0.0,76.08
2013-11-16,9.96,2.6357,2.68,0.83,81.19
2013-11-17,12.74,0.9461,3.66,0.3,96.28
2013-11-18,14.12,3.007,7.48,5.77,69.64
2013-11-19,7.14,2.7701,8.69,0.0,60.56
2013-11-20,3.86,2.9966,5.6,0.01,60.97
2013-11-21,7.76,2.3081,3.77,0.01,70.17
2013-11-22,11.19,1.159,4.84,2.54,91.16
2013-11-23,6.7,2.6167,8.69,0.12,62.65
2013-11-24,-1.19,2.6827,11.51,0.05,61.64
2013-11-25,0.56,2.8541,6.74,0.01,66.57
2013-11-26,5.49,0.793,5.62,17.39,71.31
2013-11-27,8.76,0.4793,10.08,40.62,91.19
2013-11-28,1.02,2.8764,8.04,0.01,67.41
2013-11-29,1.69,2.3842,4.52,0.0,68.01
2013-11-30,1.96,2.1238,4.29,0.08,72.15
2013-12-01,6.62,2.1062,2.89,0.07,78.81
2013-12-02,6.81,1.2931,2.0,0.02,76.5
2013-12-03,6.7,2.075,3.47,0.01,85.84
2013-12-04,7.52,1.1714,2.79,0.19,87.3
2013-12-05,11.03,0.5628,4.33,1.12,97.51
2013-12-06,8.86,0.3965,6.01,9.93,87.78
2013-12-07,3.4,2.0628,6.66,9.91,79.57
2013-12-08,0.94,0.7034,4.82,6.95,80.4
2013-12-09,5.15,0.8172,5.97,5.2,96.39
2013-12-10,1.75,0.5767,6.21,7.13,87.95
2013-12-11,0.0,2.4108,7.49,0.0,75.15
2013-12-12,-2.15,2.5387,7.23,0.02,74.28
2013-12-13,-0.1,2.2154,7.71,0.01,72.31
2013-12-14,1.81,0.5268,7.65,19.59,88.84
2013-12-15,4.16,1.7026,7.77,10.6,90.38
2013-12-16,-1.3,2.4197,7.15,0.02,73.71
2013-12-17,0.08,0.33,4.63,3.64,86.68
2013-12-18,-0.13,2.3686,7.07,0.26,84.89
2013-12-19,3.5,1.957,6.02,0.0,80.87
2013-12-20,6.23,1.615,5.16,0.0,95.25
2013-12-21,9.3,1.8053,6.46,0.05,96.59
2013-12-22,12.18,0.5532,8.27,0.19,98.52
2013-12-23,10.81,0.4481,4.11,13.23,95.73
2013-12-24,2.59,1.9982,6.94,1.5,74.66
2013-12-25,-2.29,2.2106,4.71,0.0,70.27
2013-12-26,2.02,1.343,4.99,0.01,78.55
2013-12-27,2.25,1.7983,5.49,0.0,73.83
2013-12-28,4.71,2.425,6.12,0.0,85.42
2013-12-29,5.07,0.5011,5.67,32.04,96.15
2013-12-30,2.11,1.079,6.88,0.13,81.95
2013-12-31,-1.41,1.5151,6.03,0.14,73.37
2014-01-01,0.14,1.7777,4.44,0.01,69.88
2014-01-02,0.16,0.6228,8.41,12.35,92.63
2014-01-03,-8.53,2.5008,10.48,6.7,97.09
2014-01-04,-4.87,2.4698,5.08,0.0,75.57
2014-01-05,2.06,0.8266,3.98,4.54,92.73
2014-01-06,4.84,0.6818,9.04,10.85,89.42
2014-01-07,-10.75,2.8327,11.33,0.0,91.87
2014-01-08,-7.18,2.3916,5.98,0.02,86.44
2014-01-09,-2.05,2.6078,3.65,0.04,67.41
2014-01-10,2.79,1.0872,2.26,5.14,90.59
2014-01-11,8.67,0.5184,8.98,17.32,99.65
2014-01-12,4.88,1.5778,7.28,0.12,81.92
2014-01-13,4.74,1.9006,5.56,0.0,91.12
2014-01-14,5.96,0.5016,5.02,12.18,96.31
2014-01-15,3.87,1.8422,2.27,0.09,98.48
2014-01-16,3.28,1.1393,3.55,0.2,87.72
2014-01-17,3.15,2.6292,3.29,0.02,76.96
2014-01-18,2.68,1.5374,5.68,2.33,87.29
2014-01-19,0.47,2.1031,7.65,0.05,79.0
2014-01-20,3.16,1.4129,6.55,0.02,82.33
2014-01-21,-4.1,0.8095,8.69,6.05,85.2
2014-01-22,-8.83,3.0338,9.7,1.95,91.09
2014-01-23,-7.64,2.7744,6.87,0.04,83.63
2014-01-24,-7.56,3.0559,7.55,0.01,81.78
2014-01-25,-2.41,0.9965,10.55,0.8,76.79
2014-01-26,-3.82,2.646,7.96,0.05,76.17
2014-01-27,1.21,1.7052,8.32,0.03,78.29
2014-01-28,-7.05,2.573,5.02,0.45,71.25
2014-01-29,-6.09,3.3768,6.39,0.57,79.13
2014-01-30,-4.94,3.3521,3.66,0.0,72.93
2014-01-31,0.31,1.9418,4.44,0.06,78.24
2014-02-01,2.53,2.2322,3.36,0.01,86.03
2014-02-02,4.0,1.8427,3.63,0.43,92.0
2014-02-03,0.94,0.5539,6.84,20.67,91.33
2014-02-04,-1.05,2.4317,3.47,0.19,79.77
2014-02-05,1.19,0.9242,6.36,33.03,94.54
2014-02-06,-3.7,3.3619,5.76,0.16,84.06
2014-02-07,-3.22,3.745,5.53,0.13,80.47
2014-02-08,-5.22,2.5214,4.09,0.35,78.82
2014-02-09,-4.3,2.3419,3.99,1.96,82.47
2014-02-10,-4.14,3.6598,6.82,0.03,81.85
2014-02-11,-6.62,4.0207,6.25,0.01,84.14
2014-02-12,-6.54,2.849,5.1,0.49,87.66
2014-02-13,0.97,1.0219,10.48,41.88,95.11
2014-02-14,0.69,3.51,9.32,0.83,87.62
2014-02-15,-0.05,1.1441,8.44,5.44,88.57
2014-02-16,-4.05,3.5983,7.91,0.09,85.44
2014-02-17,-4.93,4.2329,5.54,0.13,74.49
2014-02-18,0.88,2.429,5.41,4.54,86.99
2014-02-19,2.18,1.2142,4.82,8.23,90.99
2014-02-20,2.62,3.8138,4.02,0.35,87.91
2014-02-21,4.14,1.7513,4.84,4.88,96.79
2014-02-22,3.94,4.4162,6.01,0.01,83.22
2014-02-23,4.79,3.2851,3.26,0.1,84.15
2014-02-24,1.13,4.4462,7.37,0.61,75.18
2014-02-25,-1.68,2.9671,6.04,0.03,71.85
2014-02-26,-2.64,3.1265,5.34,0.54,69.14
2014-02-27,-3.29,2.8987,7.39,0.01,59.93
2014-02-28,-7.27,4.7575,4.44,0.0,65.68
2014-03-01,-1.36,3.8542,3.29,0.0,69.27
2014-03-02,0.95,1.3512,4.19,0.48,87.78
2014-03-03,-4.87,1.1827,8.02,1.39,78.11
2014-03-04,-5.38,3.1183,3.32,0.02,69.42
2014-03-05,-0.76,3.5755,3.92,0.0,65.73
2014-03-06,-3.76,4.0128,6.63,0.01,73.94
2014-03-07,0.58,2.4396,6.25,0.06,84.0
2014-03-08,3.49,3.9972,4.53,0.0,84.37
2014-03-09,2.83,4.4858,4.93,0.07,74.63
2014-03-10,3.85,2.8051,4.98,0.0,84.3
2014-03-11,7.71,4.1695,4.44,0.0,79.22
2014-03-12,6.25,1.867,7.16,6.4,94.19
2014-03-13,-3.96,5.2046,11.97,0.43,69.29
2014-03-14,0.85,3.5981,7.28,0.01,70.68
2014-03-15,6.28,4.8504,7.22,0.18,78.53
2014-03-16,0.59,4.1935,6.4,0.74,65.72
2014-03-17,-1.47,2.6966,6.22,1.09,67.13
2014-03-18,1.05,5.2183,5.96,0.01,69.34
2014-03-19,3.51,1.9774,6.5,16.41,89.38
2014-03-20,5.35,4.0862,6.52,1.25,83.22
2014-03-21,4.06,5.6179,5.7,0.0,74.42
2014-03-22,6.29,3.9518,6.71,0.0,81.47
2014-03-23,2.04,2.7454,5.95,0.05,72.24
2014-03-24,-1.82,6.174,5.44,0.0,63.02
2014-03-25,0.47,3.4903,3.63,0.6,61.0
2014-03-26,-0.36,6.179,11.16,0.17,67.36
2014-03-27,-0.18,5.2325,5.86,0.03,69.72
2014-03-28,6.81,1.8799,7.75,0.67,90.5
2014-03-29,6.54,1.2074,5.46,52.37,95.59
2014-03-30,6.76,1.2322,7.76,14.44,94.62
2014-03-31,4.81,5.2464,8.03,4.19,81.85
2014-04-01,5.22,5.376,4.24,0.0,79.43
2014-04-02,5.98,2.6438,2.32,0.39,92.73
2014-04-03,7.68,5.5193,2.93,0.51,72.53
2014-04-04,5.77,0.9622,6.97,5.48,92.51
2014-04-05,6.19,5.4756,6.29,0.07,79.6
2014-04-06,5.14,7.0817,4.1,0.0,72.39
2014-04-07,5.94,1.8953,5.57,10.94,91.52
2014-04-08,9.33,3.8724,6.22,5.22,89.06
2014-04-09,7.65,6.4382,4.91,0.11,76.58
2014-04-10,7.31,6.972,5.43,0.0,74.09
2014-04-11,10.29,4.2494,4.57,0.16,88.87
2014-04-12,10.84,6.9043,3.62,0.06,80.97
2014-04-13,11.03,5.3306,6.93,0.08,93.29
2014-04-14,11.56,5.0196,8.53,0.31,93.32
2014-04-15,10.0,1.1791,11.17,21.57,95.66
2014-04-16,3.25,7.6411,7.47,2.07,67.29
2014-04-17,4.01,6.7342,6.61,0.0,75.2
2014-04-18,4.17,4.9126,3.37,0.0,80.58
2014-04-19,8.91,6.7915,3.98,0.0,74.89
2014-04-20,7.38,6.9782,5.1,0.0,74.68
2014-04-21,8.16,7.4225,3.09,0.0,83.59
2014-04-22,10.37,4.459,4.73,0.2,91.39
2014-04-23,9.55,4.8732,8.16,0.01,76.5
2014-04-24,8.2,7.9733,7.79,0.0,64.3
2014-04-25,7.93,6.4356,3.88,5.41,75.58
2014-04-26,9.57,5.9803,4.65,17.2,86.01
2014-04-27,9.15,5.6938,4.7,0.31,80.03
2014-04-28,9.62,6.8563,3.56,0.01,76.45
2014-04-29,7.81,1.6438,9.05,2.65,84.48
2014-04-30,8.44,0.9043,9.85,88.97,94.24
2014-05-01,13.79,5.3976,5.82,13.27,90.04
2014-05-02,13.04,5.1876,4.07,0.33,78.58
2014-05-03,11.88,5.4048,3.99,0.43,82.27
2014-05-04,11.87,4.6505,6.79,0.12,78.78
2014-05-05,11.39,7.2386,5.52,0.0,73.8
2014-05-06,11.81,6.5086,3.61,0.0,73.99
2014-05-07,11.38,6.0254,3.73,0.1,76.22
2014-05-08,12.25,2.3923,3.03,10.68,92.61
2014-05-09,12.95,2.6717,4.12,1.2,95.58
2014-05-10,15.9,4.452,5.17,7.3,91.72
2014-05-11,16.64,7.8014,4.05,1.81,75.8
2014-05-12,16.25,5.4127,4.14,0.07,87.81
2014-05-13,13.85,5.6791,5.47,0.01,85.18
2014-05-14,12.22,4.1875,4.13,0.75,90.88
2014-05-15,15.65,3.1502,6.14,0.78,95.44
2014-05-16,15.44,1.4827,8.79,24.38,97.21
2014-05-17,14.14,6.8794,4.43,2.39,79.21
2014-05-18,13.35,5.6861,3.95,0.01,75.74
2014-05-19,13.67,6.7894,4.81,0.07,73.22
2014-05-20,15.84,7.8547,4.53,0.07,74.55
2014-05-21,16.09,4.0051,3.04,0.69,82.97
2014-05-22,15.21,2.2884,3.55,9.29,94.43
2014-05-23,15.56,4.3236,1.59,12.65,90.06
2014-05-24,14.81,3.9257,3.77,2.99,86.74
2014-05-25,17.31,7.602,3.08,0.02,78.09
2014-05-26,18.81,7.4078,5.09,0.0,80.4
2014-05-27,19.76,5.2517,4.59,0.5,87.61
2014-05-28,14.74,1.8593,5.99,0.96,90.57
2014-05-29,12.75,5.5745,3.92,0.02,79.26
2014-05-30,15.78,6.5165,1.84,0.43,75.94
2014-05-31,15.56,7.1213,4.56,0.04,82.04
2014-06-01,16.29,8.1691,2.81,0.0,73.31
2014-06-02,17.17,8.1883,5.04,0.0,78.91
2014-06-03,19.22,6.6149,3.38,3.27,88.6
2014-06-04,19.3,6.467,2.13,0.49,88.46
2014-06-05,18.4,4.2182,5.49,16.91,87.04
2014-06-06,18.19,7.3056,4.05,0.0,75.88
2014-06-07,19.4,8.2858,2.8,0.0,75.9
2014-06-08,19.96,7.175,3.47,0.04,82.19
2014-06-09,18.84,2.023,4.94,19.87,95.62
2014-06-10,19.7,3.8909,2.54,3.94,94.53
2014-06-11,17.74,2.3254,6.38,0.51,87.95
2014-06-12,18.28,2.6158,5.54,1.02,94.36
2014-06-13,19.78,4.4134,3.79,21.17,95.73
2014-06-14,18.84,6.8434,5.1,2.47,81.6
2014-06-15,18.58,8.2764,4.4,0.0,76.49
2014-06-16,19.47,8.2541,3.37,0.01,82.7
2014-06-17,22.23,7.3884,3.93,0.11,89.3
2014-06-18,24.28,8.0453,4.56,0.18,77.41
2014-06-19,21.24,3.7075,2.72,3.64,87.48
2014-06-20,20.34,8.5745,3.51,0.0,72.65
2014-06-21,18.89,7.873,3.93,0.0,75.88
2014-06-22,19.42,6.3394,2.54,0.0,78.8
2014-06-23,20.43,6.8069,3.11,0.0,82.91
2014-06-24,20.92,6.9677,5.5,0.0,84.73
2014-06-25,22.05,5.3078,5.46,6.5,93.42
2014-06-26,23.79,6.2774,3.4,1.28,82.18
2014-06-27,21.08,6.5405,4.11,0.05,78.57
2014-06-28,21.6,7.5223,3.03,0.0,74.4
2014-06-29,21.56,7.1582,3.69,0.0,75.96
2014-06-30,22.34,6.5208,4.83,0.01,84.4
2014-07-01,23.61,6.9022,6.16,0.04,87.24
2014-07-02,23.87,6.665,5.45,14.22,92.35
2014-07-03,24.1,6.0192,4.06,14.87,93.83
2014-07-04,21.42,3.3084,6.84,12.47,86.88
2014-07-05,20.97,8.5613,5.91,0.0,68.95
2014-07-06,21.54,8.0498,5.86,0.0,78.01
2014-07-07,23.5,7.6138,7.05,2.16,83.85
2014-07-08,24.15,6.8935,6.63,1.25,85.17
2014-07-09,23.47,6.343,4.55,0.99,84.48
2014-07-10,22.44,5.9863,2.97,1.99,78.78
2014-07-11,22.74,7.4273,2.8,0.05,77.3
2014-07-12,22.51,7.3097,3.48,0.0,81.17
2014-07-13,23.08,4.1774,7.08,6.86,89.94
2014-07-14,23.45,4.1731,5.04,29.5,93.43
2014-07-15,23.68,3.647,5.52,18.46,94.77
2014-07-16,22.45,5.982,3.32,7.1,83.54
2014-07-17,22.25,7.0274,2.94,0.0,73.62
2014-07-18,22.14,7.3639,2.9,0.0,66.28
2014-07-19,21.66,4.2886,3.65,0.11,76.91
2014-07-20,20.92,6.3108,5.53,1.31,83.52
2014-07-21,22.32,6.4769,3.07,0.0,74.39
2014-07-22,23.51,6.7661,4.71,0.0,80.18
2014-07-23,24.17,6.7805,5.82,1.11,87.24
2014-07-24,23.49,5.6354,3.88,0.74,76.39
2014-07-25,22.61,7.4594,3.94,0.0,69.88
2014-07-26,22.79,4.6584,4.72,0.48,80.32
2014-07-27,23.97,5.6935,5.34,10.08,88.51
2014-07-28,24.06,6.1891,5.7,3.32,80.43
2014-07-29,21.44,5.5728,3.84,0.0,65.23
2014-07-30,21.78,6.6516,3.32,0.0,64.24
2014-07-31,22.8,6.1582,5.11,0.05,74.71
2014-08-01,23.09,3.5887,3.13,6.64,86.43
2014-08-02,21.2,3.4286,4.76,12.0,86.61
2014-08-03,21.08,3.5002,3.1,2.28,82.34
2014-08-04,23.69,5.8315,3.24,0.01,80.53
2014-08-05,24.38,6.7812,2.73,0.09,72.5
2014-08-06,23.92,5.4062,3.13,0.08,71.86
2014-08-07,22.99,6.9953,4.13,0.0,63.99
2014-08-08,22.75,7.0426,3.22,0.0,62.89
2014-08-09,23.53,6.6091,2.67,0.0,68.55
2014-08-10,24.05,6.2414,2.57,0.0,69.91
2014-08-11,23.51,6.0809,3.62,0.01,74.9
2014-08-12,22.95,2.1254,6.93,23.07,82.02
2014-08-13,24.23,4.5655,5.01,30.39,82.59
2014-08-14,21.45,6.7325,5.47,0.35,68.02
2014-08-15,20.46,5.3026,4.38,0.0,65.27
2014-08-16,21.41,5.634,4.54,0.03,70.07
2014-08-17,21.94,4.8605,4.38,0.13,73.54
2014-08-18,21.75,6.8638,2.86,0.0,68.74
2014-08-19,22.16,6.4238,2.77,0.0,76.64
2014-08-20,22.59,5.447,2.77,0.72,68.45
2014-08-21,22.51,4.968,3.06,1.74,69.54
2014-08-22,21.86,2.8642,4.43,12.44,84.12
2014-08-23,21.31,2.4228,4.8,0.36,75.37
2014-08-24,21.34,5.5308,3.78,0.0,68.6
2014-08-25,23.32,6.7298,2.11,0.0,66.8
2014-08-26,23.5,6.4644,2.96,0.0,73.31
2014-08-27,24.01,6.3679,4.12,0.15,75.32
2014-08-28,23.35,6.72,5.11,0.08,65.11
2014-08-29,20.55,6.504,3.69,0.0,62.41
2014-08-30,21.98,3.7493,4.06,0.02,71.1
2014-08-31,24.33,3.9802,5.71,6.69,87.74
2014-09-01,24.92,4.3968,3.08,1.67,86.58
2014-09-02,26.12,5.5106,4.63,0.45,82.92
2014-09-03,24.68,5.5944,3.85,0.0,65.12
2014-09-04,24.23,5.9105,3.42,0.0,71.08
2014-09-05,24.52,3.8198,4.09,0.29,86.54
2014-09-06,25.57,4.4921,4.92,6.82,86.17
2014-09-07,22.33,5.9743,3.7,0.08,67.74
2014-09-08,21.47,3.3646,6.2,0.0,70.34
2014-09-09,20.59,2.9438,7.5,0.11,77.4
2014-09-10,20.81,4.7933,4.36,0.0,73.29
2014-09-11,23.21,3.0811,5.65,0.04,81.61
2014-09-12,20.43,6.1104,4.46,0.0,64.09
2014-09-13,19.14,1.5386,5.31,6.07,82.34
2014-09-14,17.03,5.8735,4.21,0.04,63.67
2014-09-15,18.06,5.9213,2.76,0.04,59.05
2014-09-16,18.35,3.0703,1.45,6.3,68.49
2014-09-17,18.42,5.701,2.95,0.04,59.67
2014-09-18,19.88,4.7028,2.47,0.0,55.26
2014-09-19,16.69,4.8372,5.8,0.07,70.48
2014-09-20,20.01,4.2283,5.27,3.85,79.0
2014-09-21,21.42,2.9854,3.09,2.97,92.54
2014-09-22,19.13,3.815,6.49,0.01,66.02
2014-09-23,16.2,5.5985,2.78,0.0,60.76
2014-09-24,18.69,3.4728,6.35,0.29,70.77
2014-09-25,17.38,1.7292,8.65,12.21,86.31
2014-09-26,19.13,5.4847,4.27,0.01,70.86
2014-09-27,20.18,5.4053,3.01,0.0,73.27
2014-09-28,20.65,4.7676,3.15,0.0,77.59
2014-09-29,20.1,2.2903,2.94,0.08,82.54
2014-09-30,19.2,3.5292,3.82,0.9,83.08
2014-10-01,17.63,1.547,5.76,1.19,85.45
2014-10-02,17.47,1.95,4.51,0.08,81.38
2014-10-03,16.75,4.189,3.91,0.03,75.7
2014-10-04,18.04,2.112,7.83,18.63,82.89
2014-10-05,12.99,5.1101,6.18,0.0,61.49
2014-10-06,16.79,4.8319,6.03,0.0,62.08
2014-10-07,19.33,3.18,7.39,0.94,80.29
2014-10-08,19.27,4.3721,7.43,2.92,72.41
2014-10-09,16.47,3.8866,6.31,0.0,60.58
2014-10-10,14.97,2.1468,2.47,0.42,59.47
2014-10-11,13.49,1.123,5.65,10.21,84.37
2014-10-12,13.36,4.7786,3.84,0.0,66.71
2014-10-13,16.68,1.1558,3.85,0.72,75.92
2014-10-14,19.56,2.9282,6.22,0.05,89.53
2014-10-15,20.41,1.8286,7.6,11.11,90.73
2014-10-16,18.91,3.1937,6.26,16.97,86.1
2014-10-17,17.66,3.929,5.61,0.0,81.2
2014-10-18,17.25,2.3693,5.5,0.02,77.89
2014-10-19,11.55,4.0884,7.53,0.01,65.66
2014-10-20,11.85,3.2602,4.79,0.01,65.4
2014-10-21,16.01,2.6532,2.95,11.53,82.12
2014-10-22,13.51,0.5988,9.57,19.07,88.78
2014-10-23,11.63,1.1842,10.49,14.63,85.59
2014-10-24,13.43,3.2849,6.06,0.1,76.62
2014-10-25,14.24,3.8198,5.71,0.06,73.86
2014-10-26,13.78,3.5083,7.29,0.02,71.74
2014-10-27,12.86,4.0022,5.1,0.0,70.21
2014-10-28,15.74,2.8534,5.1,0.0,89.01
2014-10-29,15.67,2.0107,5.09,0.65,86.23
2014-10-30,11.73,3.185,4.21,0.01,73.12
2014-10-31,11.05,1.4386,5.47,1.19,77.71
2014-11-01,8.49,0.5006,10.86,22.78,91.07
2014-11-02,7.17,3.0511,12.13,0.25,68.38
2014-11-03,9.63,3.5525,7.51,0.0,66.12
2014-11-04,13.63,3.0936,5.18,0.0,69.16
2014-11-05,13.67,1.2307,4.92,0.03,79.22
2014-11-06,11.54,0.6377,3.66,10.76,90.16
2014-11-07,8.74,1.8346,8.42,0.3,78.75
2014-11-08,6.75,3.2018,5.18,0.0,70.55
2014-11-09,10.41,2.6798,4.15,0.01,69.91
2014-11-10,10.82,3.1831,2.85,0.0,65.98
2014-11-11,13.52,2.2882,3.67,0.0,94.27
2014-11-12,13.71,1.3042,3.96,0.03,86.76
2014-11-13,6.74,1.639,4.07,3.02,72.83
2014-11-14,4.67,2.989,7.17,1.83,74.69
2014-11-15,3.81,3.2693,5.05,0.0,66.09
2014-11-16,5.99,0.8316,3.78,1.07,66.85
2014-11-17,9.33,0.565,5.49,34.36,92.36
2014-11-18,1.02,3.2741,10.12,0.07,72.16
2014-11-19,0.38,3.1116,7.48,0.02,72.39
2014-11-20,4.7,2.3726,7.92,0.01,69.61
2014-11-21,1.01,3.0792,7.78,0.03,70.05
2014-11-22,3.6,2.8176,6.95,0.0,66.79
2014-11-23,8.3,2.4348,5.74,0.4,78.14
2014-11-24,14.89,1.8814,9.76,12.43,94.81
2014-11-25,11.56,1.3123,4.81,0.04,77.91
2014-11-26,4.91,0.4776,8.71,31.49,91.45
2014-11-27,2.77,0.995,5.41,0.21,87.12
2014-11-28,0.91,2.0417,7.05,0.01,80.66
2014-11-29,1.63,1.0606,3.47,0.01,69.67
2014-11-30,8.73,1.3361,6.5,0.0,84.17
2014-12-01,9.86,1.4726,6.45,2.08,88.65
2014-12-02,5.73,0.5114,7.99,6.5,84.75
2014-12-03,8.02,0.6653,7.07,2.99,92.94
2014-12-04,4.51,2.4804,4.93,0.07,71.79
2014-12-05,6.8,0.8458,5.47,9.58,85.28
2014-12-06,8.17,0.451,4.17,28.67,94.42
2014-12-07,2.86,2.593,11.11,5.06,76.53
2014-12-08,1.59,1.2588,8.75,1.86,86.92
2014-12-09,4.67,0.4241,11.08,51.03,94.35
2014-12-10,3.41,1.1554,8.72,1.62,87.09
2014-12-11,1.84,1.0279,7.83,1.08,83.85
2014-12-12,1.69,1.8074,6.49,0.06,79.37
2014-12-13,2.79,1.9078,6.62,0.01,81.88
2014-12-14,4.19,1.0855,5.36,0.01,85.12
2014-12-15,4.55,2.2997,2.82,0.0,78.57
2014-12-16,7.0,1.1724,3.0,5.75,89.86
2014-12-17,6.98,1.5178,5.97,0.22,88.43
2014-12-18,3.25,1.5118,7.34,0.0,80.58
2014-12-19,2.06,1.4093,6.07,0.01,78.53
2014-12-20,0.29,0.6178,3.22,0.03,78.18
2014-12-21,1.61,1.0378,3.31,0.03,81.81
2014-12-22,5.57,0.9924,4.3,1.1,89.08
2014-12-23,8.06,0.5033,6.02,5.09,97.29
2014-12-24,9.74,0.4344,6.01,14.35,98.37
2014-12-25,8.77,1.8379,7.73,10.29,82.68
2014-12-26,5.33,2.5716,5.1,0.0,80.89
2014-12-27,5.93,2.4084,3.9,0.0,90.16
2014-12-28,7.2,0.8729,4.55,1.31,91.61
2014-12-29,3.77,2.1977,4.73,0.19,72.94
2014-12-30,0.05,1.7395,5.09,0.19,71.66
2014-12-31,-0.4,2.3515,5.51,0.01,67.34
2015-01-01,1.42,2.6323,8.7,0.0,68.59
2015-01-02,2.81,2.0962,6.82,0.0,74.61
2015-01-03,4.14,0.6223,5.56,25.03,86.34
2015-01-04,8.35,0.6516,6.8,20.24,97.82
2015-01-05,1.66,2.4958,9.71,0.0,68.2
2015-01-06,-4.43,1.111,4.24,2.4,80.4
2015-01-07,-5.17,1.7974,10.16,0.07,78.45
2015-01-08,-7.19,2.5409,8.0,0.01,87.44
2015-01-09,-1.42,1.8943,9.66,1.57,74.01
2015-01-10,-5.13,2.652,7.16,0.0,78.55
2015-01-11,-0.63,1.7818,5.42,0.0,71.71
2015-01-12,2.86,0.575,4.55,22.59,87.99
2015-01-13,-2.43,2.809,8.24,1.22,81.68
2015-01-14,-1.95,1.4962,6.13,0.07,90.55
2015-01-15,-1.49,2.0162,5.26,0.01,82.09
2015-01-16,-0.37,2.1235,8.75,0.08,77.97
2015-01-17,-3.81,2.9326,4.71,0.0,73.24
2015-01-18,4.28,0.515,6.0,57.79,96.46
2015-01-19,2.48,1.849,7.55,0.03,85.17
2015-01-20,1.52,2.0801,4.82,0.69,77.76
2015-01-21,-0.78,1.4818,3.92,1.32,72.47
2015-01-22,0.71,1.6586,4.06,0.1,80.16
2015-01-23,0.03,3.0065,4.27,0.89,75.75
2015-01-24,1.26,0.8508,6.97,36.98,95.02
2015-01-25,0.83,1.8514,7.15,0.03,81.01
2015-01-26,-1.74,0.8242,10.41,11.97,89.71
2015-01-27,-4.15,1.343,11.04,6.67,90.93
2015-01-28,-5.18,2.6246,7.84,0.01,85.43
2015-01-29,-3.27,1.6831,4.43,0.23,79.35
2015-01-30,-0.44,1.6322,8.71,1.62,85.83
2015-01-31,-7.24,2.8757,10.55,0.0,88.85
2015-02-01,-1.63,1.5701,4.35,1.19,82.67
2015-02-02,-0.43,0.6557,7.99,50.99,95.6
2015-02-03,-6.82,3.3288,6.22,0.0,87.17
2015-02-04,0.56,2.0299,5.68,0.01,81.75
2015-02-05,-2.83,2.8687,9.46,0.52,86.05
2015-02-06,-6.65,2.3534,6.46,0.01,84.51
2015-02-07,-0.85,1.8247,4.39,0.11,78.91
2015-02-08,2.3,1.5967,4.42,0.42,95.17
2015-02-09,-1.68,1.1261,8.92,2.4,96.25
2015-02-10,-1.58,2.5514,8.95,0.49,90.02
2015-02-11,-3.19,3.7104,6.26,0.0,79.23
2015-02-12,-1.04,1.9322,6.37,0.81,81.29
2015-02-13,-8.86,4.1297,8.8,0.01,85.78
2015-02-14,-2.8,1.087,5.62,5.45,78.77
2015-02-15,-9.27,3.449,14.23,2.21,90.68
2015-02-16,-9.9,3.1346,8.03,0.1,87.75
2015-02-17,-5.5,2.9854,4.73,3.44,85.73
2015-02-18,-3.84,3.4939,3.26,0.04,75.28
2015-02-19,-7.17,3.7543,10.6,0.29,83.26
2015-02-20,-10.77,4.2449,8.88,0.03,91.95
2015-02-21,-3.47,1.2499,6.69,20.66,83.45
2015-02-22,0.97,3.1572,2.87,12.96,90.96
2015-02-23,-5.62,3.654,8.9,0.12,85.03
2015-02-24,-8.67,4.4988,4.55,0.1,84.93
2015-02-25,-2.6,4.3572,6.12,0.02,80.74
2015-02-26,-3.92,2.9556,6.81,0.21,81.33
2015-02-27,-4.81,4.2192,5.83,0.0,78.94
2015-02-28,-5.87,4.9094,4.18,0.0,73.58
2015-03-01,-2.18,1.3027,2.7,10.89,74.84
2015-03-02,-0.66,4.182,7.38,1.22,82.29
2015-03-03,-1.91,1.7599,5.3,15.98,80.64
2015-03-04,2.14,1.2845,4.94,6.78,95.25
2015-03-05,-1.99,0.7046,6.64,30.08,91.31
2015-03-06,-6.98,5.1936,5.24,0.0,82.54
2015-03-07,-2.67,4.5142,6.34,0.0,86.69
2015-03-08,1.23,4.4422,4.96,0.0,85.73
2015-03-09,4.33,4.7714,3.72,0.59,76.38
2015-03-10,4.53,2.0062,3.39,13.37,90.92
2015-03-11,5.92,3.4867,4.59,2.7,87.57
2015-03-12,3.15,5.4701,7.19,0.0,69.36
2015-03-13,1.56,4.5506,4.24,0.0,68.28
2015-03-14,5.0,1.3471,4.81,36.89,98.27
2015-03-15,3.39,1.5269,8.56,0.08,82.66
2015-03-16,3.44,3.5386,4.13,0.0,83.04
2015-03-17,4.64,3.6026,8.03,0.8,80.25
2015-03-18,0.23,5.5889,8.46,0.01,66.46
2015-03-19,0.84,5.5925,4.38,0.0,63.1
2015-03-20,0.88,1.1635,5.95,7.04,82.81
2015-03-21,2.46,3.228,4.76,1.14,89.65
2015-03-22,1.0,5.9986,7.17,0.0,68.75
2015-03-23,-0.98,6.2124,6.19,0.0,64.1
2015-03-24,0.67,4.0416,3.15,0.0,64.08
2015-03-25,3.39,2.9882,3.48,2.0,81.33
2015-03-26,6.92,2.1953,6.24,21.42,98.61
2015-03-27,4.96,1.998,4.94,5.91,84.84
2015-03-28,1.07,4.6915,7.91,0.83,78.08
2015-03-29,1.03,6.6722,5.59,0.03,64.42
2015-03-30,4.51,3.4212,6.3,0.67,81.09
2015-03-31,3.04,2.5836,4.5,4.2,86.14
2015-04-01,3.55,6.289,4.97,0.01,73.29
2015-04-02,6.38,6.0775,6.31,0.0,82.55
2015-04-03,9.27,1.6409,6.05,4.39,97.4
2015-04-04,7.23,6.4934,8.28,1.0,75.16
2015-04-05,6.76,5.1794,6.17,0.01,75.67
2015-04-06,7.69,6.2618,4.4,0.21,90.18
2015-04-07,8.16,2.3458,4.77,2.42,93.53
2015-04-08,4.9,1.5703,8.37,2.02,88.92
2015-04-09,4.03,2.1379,6.2,2.06,91.82
2015-04-10,7.91,1.8578,4.72,8.28,97.15
2015-04-11,8.04,6.9336,5.11,0.0,78.85
2015-04-12,7.4,7.0632,3.36,0.0,78.05
2015-04-13,8.41,6.0811,5.52,0.01,91.07
2015-04-14,11.18,1.9106,4.02,1.29,80.77
2015-04-15,10.48,6.4373,5.05,0.0,70.8
2015-04-16,8.87,6.2604,4.82,0.0,80.44
2015-04-17,12.17,3.1087,5.12,3.15,92.24
2015-04-18,12.99,6.738,3.76,0.0,80.67
2015-04-19,8.9,6.078,4.97,0.0,82.52
2015-04-20,10.51,2.0678,8.35,41.75,95.83
2015-04-21,11.51,6.6888,5.16,2.51,80.32
2015-04-22,10.02,4.5418,6.42,1.92,83.6
2015-04-23,6.39,4.5982,7.26,0.1,71.93
2015-04-24,4.99,6.1704,7.5,0.01,67.09
2015-04-25,6.79,6.7982,4.16,0.0,70.65
2015-04-26,8.91,5.6093,3.38,0.01,76.27
2015-04-27,9.19,4.6099,5.4,0.0,77.52
2015-04-28,11.2,5.9983,4.8,0.0,75.67
2015-04-29,13.27,7.1282,3.58,0.01,74.8
2015-04-30,9.62,5.5104,5.75,0.03,86.79
2015-05-01,8.69,5.0731,3.54,0.0,85.23
2015-05-02,9.85,6.7277,3.18,0.0,82.11
2015-05-03,11.72,7.1959,3.76,0.01,84.89
2015-05-04,14.0,7.0682,5.45,0.01,85.2
2015-05-05,16.16,5.0268,3.49,0.06,85.74
2015-05-06,13.99,3.353,3.17,0.27,81.24
2015-05-07,13.96,7.5744,2.36,0.0,77.79
2015-05-08,14.39,7.4261,3.68,0.03,89.76
2015-05-09,14.26,3.463,3.88,0.59,96.19
2015-05-10,16.55,5.2582,4.71,0.12,93.89
2015-05-11,17.35,5.4187,4.72,0.87,93.94
2015-05-12,18.43,5.7559,4.82,0.63,85.45
2015-05-13,14.3,5.8416,5.87,0.01,71.83
2015-05-14,13.37,8.3621,4.44,0.0,70.05
2015-05-15,13.75,6.3298,4.83,0.63,82.23
2015-05-16,15.93,4.5905,4.55,1.69,93.18
2015-05-17,19.14,5.4173,2.64,5.57,88.37
2015-05-18,15.69,2.5536,4.62,0.8,93.54
2015-05-19,16.69,5.2723,3.23,3.25,93.39
2015-05-20,14.28,6.5671,5.84,0.0,70.06
2015-05-21,12.6,2.9798,3.07,0.79,69.23
2015-05-22,15.11,7.1141,4.76,0.11,73.86
2015-05-23,12.49,8.7756,5.26,0.0,61.91
2015-05-24,15.06,7.7309,6.01,0.0,81.91
2015-05-25,16.97,7.4842,5.6,0.0,86.78
2015-05-26,17.67,7.3339,6.56,0.05,88.35
2015-05-27,18.18,5.0146,6.46,1.57,92.63
2015-05-28,18.95,5.4533,4.41,0.78,89.45
2015-05-29,18.0,7.8756,3.09,0.12,82.81
2015-05-30,19.09,6.4027,5.84,0.41,90.87
2015-05-31,19.6,5.3388,5.25,3.43,91.19
2015-06-01,16.38,1.9361,5.42,27.58,95.45
2015-06-02,12.69,1.7645,5.9,27.72,91.24
2015-06-03,13.72,5.886,4.69,2.54,84.35
2015-06-04,13.41,4.3318,5.37,1.95,84.88
2015-06-05,14.33,3.9055,3.54,3.64,90.17
2015-06-06,16.33,5.2543,3.05,22.35,87.75
2015-06-07,15.57,7.9044,3.73,0.03,86.85
2015-06-08,17.74,6.3266,8.06,0.14,87.53
2015-06-09,19.48,5.8054,5.83,3.94,86.98
2015-06-10,19.33,7.7645,3.87,0.0,82.11
2015-06-11,20.76,6.3434,5.5,0.42,87.39
2015-06-12,21.52,6.2417,3.9,1.05,88.97
2015-06-13,21.65,7.0342,3.86,0.24,79.57
2015-06-14,20.64,6.6658,2.91,3.06,85.26
2015-06-15,21.12,4.5233,4.03,21.91,92.25
2015-06-16,20.5,3.8098,3.6,3.98,90.96
2015-06-17,19.79,6.5107,4.05,0.04,81.52
2015-06-18,18.69,1.6404,4.39,1.23,85.25
2015-06-19,22.26,5.6054,2.67,2.77,85.47
2015-06-20,20.46,2.3102,5.22,2.99,93.06
2015-06-21,23.02,6.3125,5.12,11.12,88.65
2015-06-22,23.44,7.9968,3.85,0.0,77.77
2015-06-23,23.42,5.2404,6.56,2.01,91.21
2015-06-24,22.34,8.2682,3.46,0.01,75.36
2015-06-25,21.73,5.7002,3.64,0.2,76.68
2015-06-26,21.56,5.7058,2.37,0.55,80.93
2015-06-27,19.8,2.1514,7.63,21.82,83.17
2015-06-28,21.52,3.7166,5.45,7.25,88.07
2015-06-29,20.22,6.1092,5.01,0.02,78.68
2015-06-30,21.18,5.4878,4.98,0.81,87.88
2015-07-01,22.36,6.1915,4.57,22.21,87.11
2015-07-02,21.35,3.7658,1.99,0.44,83.34
2015-07-03,21.36,7.0416,3.13,0.0,73.96
2015-07-04,21.31,3.7927,3.0,0.3,79.54
2015-07-05,22.03,6.5064,3.12,0.03,82.41
2015-07-06,22.34,5.017,3.55,0.38,89.29
2015-07-07,24.19,5.922,5.19,3.14,90.83
2015-07-08,24.28,3.9401,4.08,5.68,90.46
2015-07-09,22.69,4.3579,4.09,5.91,88.0
2015-07-10,23.9,7.7952,4.62,0.59,77.22
2015-07-11,23.63,7.7371,2.89,0.01,73.59
2015-07-12,23.86,6.3946,3.17,0.01,77.31
2015-07-13,23.78,6.1954,3.78,0.03,79.58
2015-07-14,23.76,4.0913,4.34,7.8,90.4
2015-07-15,23.6,2.1862,2.79,8.76,90.11
2015-07-16,21.03,8.1487,4.73,0.03,67.57
2015-07-17,21.59,6.5741,4.46,0.03,75.61
2015-07-18,23.52,4.9385,5.67,2.23,88.4
2015-07-19,25.65,7.199,4.19,1.01,85.72
2015-07-20,26.83,7.1119,3.73,0.85,78.24
2015-07-21,26.22,4.0759,3.14,0.86,75.73
2015-07-22,23.98,7.5449,5.43,0.0,61.34
2015-07-23,23.6,7.7335,3.48,0.0,60.13
2015-07-24,23.74,7.6382,2.57,0.0,61.78
2015-07-25,23.62,7.4333,3.27,0.07,72.16
2015-07-26,24.37,6.5186,5.81,0.79,78.64
2015-07-27,24.31,5.6798,4.58,3.74,86.37
2015-07-28,25.97,7.0462,2.81,1.57,76.84
2015-07-29,26.52,6.4241,3.94,0.08,74.67
2015-07-30,25.57,3.2966,6.08,16.79,89.16
2015-07-31,25.51,7.6862,3.04,0.79,71.89
2015-08-01,25.54,6.6228,4.96,1.9,67.61
2015-08-02,24.77,7.3723,3.74,0.07,66.76
2015-08-03,25.36,7.0795,6.24,1.34,78.87
2015-08-04,25.77,7.0529,4.86,3.0,75.5
2015-08-05,25.03,6.7524,3.46,0.04,63.06
2015-08-06,23.22,6.1764,2.84,0.01,59.76
2015-08-07,23.6,6.6007,4.52,0.08,62.88
2015-08-08,23.03,5.5994,4.13,0.0,66.87
2015-08-09,23.22,6.0643,4.17,0.11,66.79
2015-08-10,23.12,4.2461,4.23,0.2,73.08
2015-08-11,23.71,2.3767,6.8,43.2,87.74
2015-08-12,24.1,6.955,4.14,0.37,71.26
2015-08-13,23.32,7.2454,3.17,0.01,65.38
2015-08-14,23.84,7.1484,3.42,0.0,65.34
2015-08-15,24.96,6.8774,4.17,0.09,72.93
2015-08-16,25.32,6.2856,4.15,0.47,75.49
2015-08-17,25.74,5.9897,4.51,0.17,73.04
2015-08-18,25.24,6.2839,4.69,0.38,82.12
2015-08-19,25.11,4.7186,4.52,1.45,88.23
2015-08-20,25.32,4.5658,5.37,3.41,87.31
2015-08-21,25.24,6.6773,2.34,8.06,81.14
2015-08-22,23.96,6.9019,4.03,0.35,61.3
2015-08-23,23.26,5.1497,3.02,2.32,82.98
2015-08-24,24.65,5.6402,2.63,0.7,78.11
2015-08-25,25.38,6.0523,4.97,1.88,77.82
2015-08-26,23.43,6.1111,4.37,0.0,61.13
2015-08-27,22.76,5.1667,3.32,0.0,63.02
2015-08-28,22.44,6.2717,2.68,0.0,63.03
2015-08-29,23.73,5.5332,3.53,0.01,65.73
2015-08-30,24.75,5.2097,4.95,0.03,75.21
2015-08-31,25.71,4.2893,4.83,1.34,75.31
2015-09-01,25.16,5.4941,3.33,0.0,74.81
2015-09-02,25.07,5.1852,3.59,0.2,81.46
2015-09-03,25.8,5.2951,2.33,0.38,75.04
2015-09-04,24.27,4.099,5.55,1.55,80.58
2015-09-05,21.89,6.1754,4.66,0.0,68.27
2015-09-06,22.47,6.2119,2.93,0.0,68.09
2015-09-07,24.33,6.073,5.22,0.07,74.96
2015-09-08,25.49,5.8474,5.39,0.01,76.21
2015-09-09,25.65,4.6903,4.88,5.45,86.52
2015-09-10,23.94,1.553,3.38,24.43,94.56
2015-09-11,22.91,3.9478,4.31,1.95,78.15
2015-09-12,22.81,2.0815,5.08,9.39,85.49
2015-09-13,21.26,4.159,5.22,2.11,78.32
2015-09-14,19.72,6.1478,6.62,0.0,64.53
2015-09-15,21.61,6.1022,3.57,0.0,63.66
2015-09-16,22.62,5.9153,2.96,0.0,69.58
2015-09-17,22.97,5.8447,3.37,0.0,66.74
2015-09-18,22.2,5.7341,3.42,0.01,77.93
2015-09-19,22.42,4.8341,3.89,0.09,82.9
2015-09-20,21.86,4.6529,5.96,0.34,69.17
2015-09-21,18.52,4.4614,6.48,0.0,67.02
2015-09-22,19.24,2.9551,6.05,0.09,73.45
2015-09-23,19.56,5.6942,3.74,0.0,64.81
2015-09-24,20.11,5.3854,4.26,0.0,72.0
2015-09-25,19.56,4.3826,6.09,0.0,71.45
2015-09-26,18.31,3.9034,6.95,0.0,70.85
2015-09-27,18.05,3.336,5.19,0.0,79.6
2015-09-28,20.48,3.011,3.04,0.22,90.05
2015-09-29,21.66,2.6436,4.1,3.02,92.96
2015-09-30,20.85,1.9342,7.77,31.07,90.3
2015-10-01,15.25,1.7827,9.16,25.98,83.35
2015-10-02,12.66,1.0982,11.74,50.76,88.59
2015-10-03,13.31,1.2283,11.92,4.45,85.98
2015-10-04,14.57,3.4447,9.75,0.05,74.2
2015-10-05,14.76,4.1246,5.98,0.08,77.74
2015-10-06,16.54,4.7755,2.46,0.0,70.85
2015-10-07,17.25,4.0505,3.17,0.0,77.82
2015-10-08,16.5,3.7306,3.53,0.17,82.3
2015-10-09,18.83,3.1567,6.27,6.37,89.77
2015-10-10,14.04,4.8389,4.79,0.05,67.31
2015-10-11,14.88,4.6776,3.78,0.0,68.3
2015-10-12,16.3,4.746,4.32,0.03,80.55
2015-10-13,18.29,2.647,4.64,0.79,87.61
2015-10-14,16.34,2.9525,5.25,0.02,74.17
2015-10-15,14.11,4.5178,4.87,0.01,66.99
2015-10-16,14.51,3.8942,5.88,0.03,70.14
2015-10-17,10.72,3.5184,6.62,0.04,66.83
2015-10-18,7.39,3.744,6.16,0.02,65.72
2015-10-19,7.81,4.3802,5.12,0.0,62.61
2015-10-20,14.02,3.877,7.46,0.0,71.43
2015-10-21,15.39,3.7944,4.15,0.0,81.81
2015-10-22,16.49,3.1174,5.8,0.62,82.1
2015-10-23,12.61,4.3735,6.64,0.0,65.4
2015-10-24,11.05,2.3515,4.35,0.01,75.67
2015-10-25,14.76,2.0429,6.24,2.64,79.97
2015-10-26,11.27,3.9216,4.44,0.0,63.05
2015-10-27,12.01,2.3681,4.53,0.0,73.39
2015-10-28,16.2,0.7226,10.28,37.19,90.93
2015-10-29,17.16,2.975,7.07,12.6,81.94
2015-10-30,11.66,3.781,5.97,0.0,68.33
2015-10-31,9.84,3.1291,3.46,0.0,70.52
2015-11-01,14.5,1.3582,6.05,0.09,82.96
2015-11-02,13.53,1.7165,2.62,0.0,84.77
2015-11-03,14.7,3.5724,2.72,0.0,75.52
2015-11-04,14.75,3.4454,3.67,0.01,90.93
2015-11-05,16.14,1.3519,3.87,0.24,95.71
2015-11-06,17.71,1.405,5.68,0.12,94.12
2015-11-07,15.25,1.0632,4.13,0.51,81.57
2015-11-08,11.03,3.5467,4.88,0.0,64.47
2015-11-09,11.72,2.8918,2.39,0.0,65.72
2015-11-10,13.92,0.6175,8.71,26.59,92.82
2015-11-11,11.62,1.6586,7.17,8.87,87.11
2015-11-12,13.34,0.4925,6.24,2.7,90.07
2015-11-13,11.78,2.8632,9.46,0.01,66.12
2015-11-14,7.99,2.9386,8.5,0.01,68.71
2015-11-15,9.38,2.975,6.31,0.0,74.99
2015-11-16,12.33,3.0811,4.75,0.0,79.0
2015-11-17,8.28,2.9712,5.85,0.0,73.07
2015-11-18,11.94,1.519,6.07,0.08,79.98
2015-11-19,15.22,0.7118,7.86,19.45,93.07
2015-11-20,11.89,3.1248,6.34,8.99,74.74
2015-11-21,8.79,2.9618,5.68,0.03,73.28
2015-11-22,10.01,0.9845,6.42,0.61,77.11
2015-11-23,4.35,2.664,7.92,0.0,70.16
2015-11-24,5.03,2.3222,3.96,0.0,64.28
2015-11-25,6.68,2.7535,2.72,0.0,63.91
2015-11-26,11.21,2.2841,3.28,0.02,85.63
2015-11-27,12.26,2.304,4.38,0.11,94.84
2015-11-28,11.29,0.8563,4.34,0.63,91.85
2015-11-29,6.25,2.2812,6.08,1.44,74.65
2015-11-30,6.57,2.0556,5.78,0.2,80.02
2015-12-01,10.42,0.7003,7.36,17.17,92.43
2015-12-02,11.8,0.679,3.32,7.49,96.77
2015-12-03,8.97,1.9663,7.78,0.48,80.45
2015-12-04,7.33,2.627,4.7,0.0,77.65
2015-12-05,6.9,2.6321,2.67,0.0,75.64
2015-12-06,7.5,2.5742,3.57,0.0,79.18
2015-12-07,7.66,2.5046,3.71,0.0,83.08
2015-12-08,7.06,2.2925,4.05,0.02,79.66
2015-12-09,9.09,1.2614,4.12,0.08,78.19
2015-12-10,10.86,2.2788,3.35,0.13,91.0
2015-12-11,11.33,1.8542,4.22,0.04,95.1
2015-12-12,12.08,1.4698,3.05,0.2,93.32
2015-12-13,12.75,1.7789,3.17,0.75,94.08
2015-12-14,12.98,0.8527,5.76,9.64,97.83
2015-12-15,12.84,2.1622,8.0,2.37,78.62
2015-12-16,8.57,1.8984,4.87,0.7,80.4
2015-12-17,11.88,0.7003,4.82,51.42,97.02
2015-12-18,7.98,1.2415,6.3,4.78,79.79
2015-12-19,3.73,2.0134,9.28,0.66,70.97
2015-12-20,3.75,2.519,5.43,0.0,68.66
2015-12-21,8.86,1.213,7.58,0.02,83.25
2015-12-22,11.87,0.6938,5.31,13.32,97.99
2015-12-23,12.18,0.4265,5.13,20.64,97.91
2015-12-24,15.15,0.57,6.42,16.93,93.39
2015-12-25,13.8,1.0644,1.29,7.21,91.24
2015-12-26,10.53,0.9058,6.31,3.26,81.67
2015-12-27,12.07,0.8774,6.42,4.12,94.31
2015-12-28,5.22,1.607,8.29,1.31,74.53
2015-12-29,8.38,0.6739,6.66,25.3,95.38
2015-12-30,8.0,0.6391,3.71,10.75,94.36
2015-12-31,8.13,1.2972,4.88,0.94,85.29
2016-01-01,4.4,1.2163,6.24,0.0,75.32
2016-01-02,2.7,2.3525,6.04,0.0,73.21
2016-01-03,4.52,2.3969,6.62,0.0,76.17
2016-01-04,-1.28,2.724,9.12,0.05,79.19
2016-01-05,-4.47,2.7958,6.46,0.01,78.35
2016-01-06,1.08,2.8642,4.01,0.0,58.68
2016-01-07,3.62,1.9279,2.42,0.02,60.7
2016-01-08,4.63,1.4628,5.3,0.06,86.35
2016-01-09,7.42,1.1474,5.96,2.38,94.27
2016-01-10,10.56,0.9792,10.35,46.33,90.67
2016-01-11,0.42,2.9131,8.58,0.0,68.49
2016-01-12,2.31,1.5905,6.85,1.23,68.95
2016-01-13,-1.94,2.7811,9.79,0.01,74.23
2016-01-14,0.99,1.8689,5.8,0.15,74.91
2016-01-15,5.37,1.7755,3.02,2.21,95.44
2016-01-16,5.7,2.0959,6.96,15.48,90.23
2016-01-17,1.43,0.7894,5.12,2.11,85.26
2016-01-18,-2.36,2.7228,10.41,0.09,76.15
2016-01-19,-3.8,3.0084,11.4,0.01,80.15
2016-01-20,0.28,2.4624,5.76,0.01,74.61
2016-01-21,0.01,2.8025,6.42,0.06,74.48
2016-01-22,-2.34,1.7165,6.06,2.3,77.58
2016-01-23,-0.17,0.5434,14.09,42.86,91.52
2016-01-24,-1.89,3.185,7.8,0.44,81.82
2016-01-25,-0.19,2.1866,3.3,0.0,74.81
2016-01-26,4.6,1.7467,6.84,0.09,91.7
2016-01-27,3.32,2.6314,5.94,0.33,79.4
2016-01-28,3.1,3.1738,3.18,0.0,73.07
2016-01-29,2.2,1.4542,6.37,0.03,79.53
2016-01-30,0.91,3.1414,6.12,0.0,77.7
2016-01-31,4.95,2.723,5.63,0.0,93.53
2016-02-01,6.42,1.8948,5.22,4.67,91.69
2016-02-02,4.6,3.1958,3.76,0.0,81.18
2016-02-03,8.68,0.5194,8.59,11.2,94.13
2016-02-04,8.38,1.3205,4.73,18.59,89.12
2016-02-05,1.96,1.8,9.02,15.93,83.49
2016-02-06,1.41,2.8356,4.15,0.0,73.36
2016-02-07,3.05,2.9424,4.01,0.34,78.3
2016-02-08,0.74,1.8461,7.87,5.51,87.73
2016-02-09,0.06,1.3891,3.59,1.64,85.27
2016-02-10,1.15,2.2212,5.74,1.48,82.03
2016-02-11,-3.38,2.735,10.72,0.47,70.45
2016-02-12,-5.11,3.0226,5.2,0.48,74.42
2016-02-13,-6.92,3.3245,10.71,0.2,81.35
2016-02-14,-10.18,4.109,6.8,0.01,85.8
2016-02-15,-0.95,0.9617,4.32,16.95,81.71
2016-02-16,7.37,0.8311,11.38,24.65,92.8
2016-02-17,2.89,1.3961,5.21,0.18,79.17
2016-02-18,-0.18,4.3884,7.29,0.0,69.36
2016-02-19,0.62,2.4698,5.06,0.07,71.97
2016-02-20,6.44,2.4502,7.62,0.1,89.47
2016-02-21,6.92,2.171,3.64,5.26,86.21
2016-02-22,4.66,4.4695,3.46,1.5,79.98
2016-02-23,3.22,0.9425,9.02,24.03,91.88
2016-02-24,7.94,1.1174,9.78,31.18,98.03
2016-02-25,7.44,1.4933,10.13,6.98,86.52
2016-02-26,0.7,4.0685,9.05,0.03,69.61
2016-02-27,0.79,4.7486,5.4,0.0,70.56
2016-02-28,5.42,4.6591,7.21,0.02,84.83
2016-02-29,7.3,2.8882,7.72,2.7,86.5
2016-03-01,5.4,4.6282,6.67,0.54,76.77
2016-03-02,4.57,4.6457,10.64,3.87,72.38
2016-03-03,-0.32,4.2118,4.24,0.15,66.24
2016-03-04,1.02,2.8334,7.0,3.09,83.15
2016-03-05,0.71,4.1052,3.75,0.0,68.09
2016-03-06,2.83,3.7126,2.26,0.0,64.94
2016-03-07,5.59,4.9085,6.03,0.0,84.97
2016-03-08,7.26,4.1155,3.42,0.05,89.17
2016-03-09,9.11,5.0376,4.82,0.07,92.75
2016-03-10,12.46,3.3079,4.93,0.13,91.14
2016-03-11,10.56,4.4124,4.72,2.29,83.69
2016-03-12,7.3,4.6188,4.23,0.02,85.5
2016-03-13,9.23,1.6738,3.39,0.64,82.95
2016-03-14,6.67,0.8254,9.85,21.42,92.36
2016-03-15,7.71,2.2692,5.21,1.55,92.63
2016-03-16,8.35,4.1268,2.6,2.31,90.13
2016-03-17,8.24,4.4042,3.41,1.29,88.19
2016-03-18,7.77,4.6416,6.18,0.01,76.67
2016-03-19,3.94,2.9544,3.8,0.04,63.39
2016-03-20,2.24,2.8402,7.09,3.63,76.94
2016-03-21,3.85,5.3966,6.63,1.83,73.45
2016-03-22,5.31,5.7883,6.94,0.0,74.15
2016-03-23,9.6,4.2706,5.37,0.0,85.79
2016-03-24,7.42,4.4292,6.43,0.16,95.2
2016-03-25,11.47,2.9527,7.59,3.09,88.43
2016-03-26,5.53,6.1649,5.11,0.0,80.19
2016-03-27,6.33,3.7966,4.24,1.44,86.08
2016-03-28,8.78,3.2074,7.5,17.15,86.71
2016-03-29,6.47,6.745,9.67,0.0,65.23
2016-03-30,5.41,6.4865,5.21,0.0,70.51
2016-03-31,10.52,4.2456,8.84,0.16,90.06
2016-04-01,12.93,3.6646,7.48,2.35,96.46
2016-04-02,9.17,2.4722,4.54,12.24,90.95
2016-04-03,3.53,6.7255,10.58,4.81,65.49
2016-04-04,5.91,1.5943,5.86,12.26,82.27
2016-04-05,0.94,6.9115,8.38,0.01,67.59
2016-04-06,4.16,5.7041,6.01,0.05,65.97
2016-04-07,10.08,2.3246,9.84,8.2,90.46
2016-04-08,6.41,3.6031,7.27,0.16,75.58
2016-04-09,4.45,1.6836,6.62,9.55,81.33
2016-04-10,3.74,6.9998,6.13,0.0,68.14
2016-04-11,8.79,4.2691,8.0,0.13,84.99
2016-04-12,9.49,3.822,6.75,7.68,82.88
2016-04-13,6.75,7.0284,3.65,0.0,71.33
2016-04-14,7.77,7.0738,3.23,0.0,77.26
2016-04-15,8.32,7.1515,2.83,0.01,72.52
2016-04-16,8.82,7.1374,4.27,0.03,74.68
2016-04-17,10.09,7.1285,3.26,0.13,74.51
2016-04-18,12.84,7.1186,3.03,0.35,76.78
2016-04-19,12.79,6.8791,5.74,0.0,75.33
2016-04-20,10.32,6.9653,4.82,0.0,70.54
2016-04-21,11.49,6.7754,5.51,0.0,84.88
2016-04-22,14.88,4.482,4.72,2.42,91.8
2016-04-23,13.89,4.3493,5.23,3.15,82.08
2016-04-24,10.59,7.4311,4.43,0.0,67.39
2016-04-25,11.68,5.8982,3.11,0.04,85.88
2016-04-26,13.09,4.4095,4.37,3.1,91.33
2016-04-27,9.83,3.823,3.85,0.21,80.95
2016-04-28,9.3,3.0461,3.63,2.75,71.88
2016-04-29,9.31,2.6419,5.82,1.93,76.67
2016-04-30,9.56,4.7138,3.74,0.07,79.1
2016-05-01,9.15,1.4352,4.96,6.94,89.56
2016-05-02,10.78,2.2426,3.04,1.78,93.64
2016-05-03,10.58,1.6949,5.17,25.68,93.83
2016-05-04,9.62,1.561,6.44,15.59,90.19
2016-05-05,9.19,2.5807,6.84,1.67,87.02
2016-05-06,9.54,1.3286,7.39,12.11,92.48
2016-05-07,10.33,2.7514,3.34,2.47,93.45
2016-05-08,11.49,6.2736,5.19,5.34,81.6
2016-05-09,12.77,5.9117,5.41,0.0,78.63
2016-05-10,11.1,3.445,3.73,0.08,76.05
2016-05-11,12.62,5.6717,3.0,0.02,83.22
2016-05-12,13.8,7.6361,2.66,0.08,83.56
2016-05-13,13.45,2.1182,3.86,5.21,95.79
2016-05-14,14.62,5.7749,4.51,4.0,88.84
2016-05-15,10.47,5.4358,8.08,0.46,70.22
2016-05-16,10.56,8.333,7.86,0.0,68.03
2016-05-17,12.24,2.8438,4.78,0.25,85.48
2016-05-18,12.47,5.5651,3.5,0.03,79.37
2016-05-19,13.68,5.7946,2.57,0.04,80.44
2016-05-20,14.63,8.0407,3.49,0.03,76.93
2016-05-21,13.11,2.413,3.79,5.7,88.3
2016-05-22,14.22,3.5873,4.24,0.73,82.77
2016-05-23,15.02,6.492,2.3,0.97,85.87
2016-05-24,15.8,4.6327,2.37,8.98,86.74
2016-05-25,18.86,7.8518,4.04,0.0,74.13
2016-05-26,19.04,7.4266,4.55,0.1,83.68
2016-05-27,18.98,6.5597,5.85,1.86,89.3
2016-05-28,19.4,7.5372,5.77,0.59,86.4
2016-05-29,18.91,7.4054,4.21,10.38,88.89
2016-05-30,18.98,4.392,4.67,29.83,93.27
2016-05-31,20.02,7.2934,2.7,1.82,86.57
2016-06-01,18.87,7.2485,3.44,0.04,84.77
2016-06-02,17.1,7.0229,3.97,0.16,91.18
2016-06-03,17.43,2.3854,2.2,0.74,91.24
2016-06-04,19.36,5.7408,2.8,0.88,88.66
2016-06-05,19.06,2.5788,5.2,14.62,96.0
2016-06-06,20.82,7.7618,4.9,0.5,82.15
2016-06-07,20.96,6.197,4.52,0.91,81.45
2016-06-08,16.2,4.6186,7.55,7.72,74.13
2016-06-09,15.98,8.5896,7.19,0.01,66.25
2016-06-10,17.2,8.8445,4.64,0.0,65.26
2016-06-11,19.22,6.3691,5.5,3.7,80.16
2016-06-12,20.56,8.5306,6.86,0.06,70.63
2016-06-13,17.46,7.5259,5.54,0.02,71.56
2016-06-14,18.3,8.7734,3.94,0.0,66.42
2016-06-15,19.52,8.0186,3.59,0.36,73.47
2016-06-16,18.53,2.5994,2.11,1.77,85.21
2016-06-17,18.42,7.021,3.11,0.15,82.39
2016-06-18,19.53,7.7614,3.19,0.0,74.8
2016-06-19,19.77,7.8806,3.91,0.09,81.26
2016-06-20,20.4,7.3032,4.5,0.03,86.09
2016-06-21,22.79,6.8057,3.96,0.44,73.3
2016-06-22,22.76,7.6267,3.27,0.06,68.3
2016-06-23,21.66,4.091,2.32,0.02,77.51
2016-06-24,20.7,7.2139,3.95,0.24,83.87
2016-06-25,20.86,8.2118,3.55,0.02,73.47
2016-06-26,21.34,7.3118,3.54,0.03,71.41
2016-06-27,21.29,7.1388,6.24,1.05,84.48
2016-06-28,21.28,2.9866,5.58,5.76,94.41
2016-06-29,23.27,7.1813,3.01,2.71,75.34
2016-06-30,22.87,7.9058,4.0,0.02,71.38
2016-07-01,22.24,4.7376,5.12,12.78,91.61
2016-07-02,21.53,7.3073,5.41,2.77,68.43
2016-07-03,21.14,5.3897,4.36,0.03,71.03
2016-07-04,21.76,6.4723,4.61,22.83,79.83
2016-07-05,24.01,5.3364,2.91,11.6,82.59
2016-07-06,25.38,7.4945,3.04,0.01,77.08
2016-07-07,25.3,5.5356,3.4,2.28,82.99
2016-07-08,23.59,5.5258,4.26,1.86,86.81
2016-07-09,20.98,2.0546,4.98,5.06,90.28
2016-07-10,23.12,6.3329,3.0,2.99,78.52
2016-07-11,21.84,7.2636,3.32,0.13,73.26
2016-07-12,22.68,6.8878,4.29,0.11,75.6
2016-07-13,23.3,3.7018,4.68,0.6,82.79
2016-07-14,25.23,5.3119,5.29,2.09,87.35
2016-07-15,26.39,5.7223,3.76,1.94,77.7
2016-07-16,25.42,5.778,3.5,3.97,76.03
2016-07-17,25.86,7.4263,3.53,1.81,77.44
2016-07-18,25.99,5.5625,5.87,3.41,78.54
2016-07-19,25.31,7.5463,4.12,0.59,67.08
2016-07-20,23.77,7.6771,3.63,0.0,59.2
2016-07-21,24.67,7.7119,5.0,0.15,72.48
2016-07-22,25.89,7.2276,7.0,0.09,78.51
2016-07-23,27.51,7.7638,4.48,0.49,64.34
2016-07-24,25.79,7.3663,3.72,0.0,66.89
2016-07-25,25.52,5.4386,4.68,32.89,84.49
2016-07-26,26.45,7.4474,3.4,0.44,75.38
2016-07-27,26.05,7.441,2.96,0.19,70.58
2016-07-28,26.03,5.2694,2.22,1.13,79.01
2016-07-29,24.35,5.8757,5.32,50.07,83.85
2016-07-30,24.54,4.278,2.7,10.45,87.66
2016-07-31,23.85,3.3739,4.85,19.54,92.58
2016-08-01,22.51,2.9808,3.69,8.64,88.26
2016-08-02,22.18,4.1854,4.8,0.97,80.08
2016-08-03,22.16,7.217,3.86,0.0,71.89
2016-08-04,22.76,6.8071,2.71,0.11,69.91
2016-08-05,23.33,5.9369,4.42,0.0,72.23
2016-08-06,25.12,4.9975,5.14,2.81,84.04
2016-08-07,24.62,7.4345,3.52,0.0,68.15
2016-08-08,24.31,5.1756,3.16,0.06,70.45
2016-08-09,24.49,6.7121,3.29,0.11,79.07
2016-08-10,25.49,3.9881,5.92,7.06,89.03
2016-08-11,26.18,5.7139,4.73,19.6,89.04
2016-08-12,27.06,6.1442,5.67,8.92,86.92
2016-08-13,27.06,6.2045,4.89,5.18,88.39
2016-08-14,27.85,6.3082,4.21,1.72,82.48
2016-08-15,26.87,6.2299,2.41,0.32,80.0
2016-08-16,26.37,4.9147,4.39,6.99,88.27
2016-08-17,26.48,6.4838,4.9,0.56,75.92
2016-08-18,25.73,5.0712,1.66,1.49,70.39
2016-08-19,25.76,6.1594,2.37,0.84,75.97
2016-08-20,25.52,6.0674,3.41,2.07,78.99
2016-08-21,25.64,4.3397,5.64,12.61,85.24
2016-08-22,23.11,6.6187,6.86,1.1,67.65
2016-08-23,22.01,7.0973,3.28,0.0,59.37
2016-08-24,23.49,6.8714,4.48,0.0,69.49
2016-08-25,23.66,4.7328,5.83,0.07,79.08
2016-08-26,26.48,6.0715,3.58,0.07,75.51
2016-08-27,24.67,6.1603,3.84,0.0,70.1
2016-08-28,24.73,6.4145,3.51,0.09,72.45
2016-08-29,25.93,6.3886,3.32,0.17,68.84
2016-08-30,24.06,6.2366,4.07,0.05,71.77
2016-08-31,24.89,5.1365,3.98,0.57,78.81
2016-09-01,23.38,2.9107,2.51,11.93,82.57
2016-09-02,22.91,5.8769,4.0,0.04,62.5
2016-09-03,21.72,3.7255,6.5,0.01,73.25
2016-09-04,21.32,6.1243,6.42,0.0,69.26
2016-09-05,22.43,4.507,7.48,0.25,62.57
2016-09-06,23.17,3.6571,9.65,2.15,73.17
2016-09-07,23.49,4.9063,5.33,0.69,82.17
2016-09-08,24.35,5.4154,3.29,0.26,81.62
2016-09-09,26.31,4.0865,3.35,0.33,76.64
2016-09-10,25.19,4.3531,4.92,0.97,85.93
2016-09-11,24.22,5.1413,5.78,1.27,70.54
2016-09-12,20.52,6.139,4.03,0.0,62.78
2016-09-13,21.71,5.6062,4.5,0.0,71.24
2016-09-14,23.78,5.6832,4.58,2.14,73.42
2016-09-15,19.53,6.0137,5.11,0.07,62.7
2016-09-16,18.95,5.5706,3.95,0.01,67.3
2016-09-17,20.45,4.8583,3.86,0.08,76.39
2016-09-18,23.04,2.857,5.28,1.17,88.24
2016-09-19,22.35,1.3618,3.23,34.34,96.35
2016-09-20,22.47,3.6763,2.02,2.44,90.01
2016-09-21,22.9,4.4549,2.29,0.01,71.11
2016-09-22,22.06,5.6309,3.62,0.02,70.38
2016-09-23,22.54,5.143,2.37,0.67,76.01
2016-09-24,18.79,3.5873,5.19,5.08,70.94
2016-09-25,17.28,5.6767,3.69,0.0,51.56
2016-09-26,18.77,4.1573,4.56,0.28,59.22
2016-09-27,19.98,3.9298,4.13,13.29,82.08
2016-09-28,18.41,2.0527,7.71,1.06,85.35
2016-09-29,17.28,1.1998,10.53,1.92,84.59
2016-09-30,16.59,1.3675,10.85,16.56,89.43
2016-10-01,16.83,1.5847,6.64,5.63,90.15
2016-10-02,17.14,1.332,2.51,0.74,89.19
2016-10-03,18.55,3.3377,1.21,0.55,81.54
2016-10-04,17.8,2.1108,6.17,0.35,80.12
2016-10-05,15.93,4.721,4.82,0.0,76.16
2016-10-06,16.85,4.8127,2.59,0.06,75.81
2016-10-07,17.52,4.8773,3.17,0.05,76.91
2016-10-08,18.44,1.3942,2.57,11.06,90.97
2016-10-09,14.83,1.1174,9.38,34.41,83.67
2016-10-10,13.16,5.0654,7.6,0.0,60.43
2016-10-11,13.1,4.7498,3.57,0.01,69.74
2016-10-12,16.08,3.7862,2.57,0.07,72.68
2016-10-13,16.36,2.3659,4.31,0.09,82.81
2016-10-14,13.37,4.6985,3.87,0.0,58.02
2016-10-15,13.92,4.5672,2.83,0.0,63.14
2016-10-16,16.21,3.3958,5.69,0.03,82.62
2016-10-17,19.03,3.3626,4.45,0.08,84.34
2016-10-18,19.58,4.0637,5.85,0.11,89.32
2016-10-19,21.02,3.4829,4.06,0.12,76.96
2016-10-20,18.29,1.9325,5.79,1.48,89.54
2016-10-21,19.2,2.1499,3.43,4.14,96.38
2016-10-22,11.69,1.3114,10.19,23.32,80.03
2016-10-23,12.77,3.2678,8.7,0.0,66.66
2016-10-24,13.43,3.0931,7.46,0.47,70.63
2016-10-25,9.95,2.2402,7.46,0.01,64.12
2016-10-26,8.23,3.5566,5.26,0.0,61.85
2016-10-27,10.87,0.607,6.44,28.83,80.81
2016-10-28,9.56,2.5776,8.74,0.31,78.76
2016-10-29,12.12,3.0422,6.08,0.0,75.2
2016-10-30,16.68,2.5586,4.6,8.29,85.7
2016-10-31,10.03,3.7925,5.42,0.11,68.19
2016-11-01,11.67,3.2978,3.42,0.01,71.95
2016-11-02,14.92,2.9842,4.42,0.01,83.18
2016-11-03,15.42,1.5626,5.31,0.25,87.07
2016-11-04,12.45,3.6163,5.93,0.0,68.05
2016-11-05,11.31,3.3797,4.53,0.0,74.9
2016-11-06,11.16,3.1766,7.44,0.01,72.38
2016-11-07,8.64,3.4253,5.17,0.0,65.33
2016-11-08,11.68,3.3674,3.53,0.0,66.8
2016-11-09,11.99,0.7094,3.98,4.0,85.07
2016-11-10,9.7,3.1361,6.29,0.01,68.01
2016-11-11,10.64,2.9544,9.18,0.0,67.9
2016-11-12,6.79,3.4354,5.86,0.0,64.62
2016-11-13,9.01,3.2707,6.03,0.0,70.5
2016-11-14,10.1,2.7948,4.06,0.01,69.96
2016-11-15,10.25,1.0243,6.36,39.09,91.68
2016-11-16,11.08,2.7919,5.28,0.27,80.76
2016-11-17,11.31,3.0072,5.54,0.06,80.63
2016-11-18,11.47,2.9947,3.24,0.0,74.66
2016-11-19,11.93,2.903,4.58,5.91,88.91
2016-11-20,5.17,1.2912,11.61,5.06,76.6
2016-11-21,4.43,1.4359,11.33,0.34,65.79
2016-11-22,4.44,2.0623,9.66,0.07,70.91
2016-11-23,4.75,2.945,5.42,0.01,74.03
2016-11-24,8.59,1.007,2.74,0.22,77.5
2016-11-25,9.46,1.4057,1.74,1.17,85.34
2016-11-26,8.33,1.4686,5.56,0.66,83.18
2016-11-27,6.48,2.3573,5.91,0.07,78.49
2016-11-28,7.06,2.6035,3.92,0.0,77.46
2016-11-29,12.83,0.4375,8.17,42.5,92.01
2016-11-30,12.35,0.4452,4.62,25.02,97.61
2016-12-01,10.59,2.0491,8.42,5.94,78.8
2016-12-02,7.04,2.2836,8.05,0.02,75.84
2016-12-03,6.25,2.0614,8.63,0.05,74.77
2016-12-04,5.25,2.4151,4.63,0.01,68.15
2016-12-05,6.74,1.7045,5.66,8.81,82.33
2016-12-06,6.23,1.225,6.0,12.87,83.3
2016-12-07,6.76,1.1023,4.22,1.11,87.45
2016-12-08,4.88,1.1734,6.14,0.0,75.4
2016-12-09,1.94,2.0095,9.02,0.01,74.68
2016-12-10,1.27,1.7506,6.14,0.07,76.74
2016-12-11,1.77,1.1393,3.81,0.9,71.32
2016-12-12,5.97,0.7673,7.09,12.48,90.91
2016-12-13,3.77,1.859,3.88,0.01,71.45
2016-12-14,3.63,2.4449,5.4,0.66,73.35
2016-12-15,-2.21,1.8636,11.05,0.19,73.17
2016-12-16,-3.14,1.9913,6.19,0.16,81.61
2016-12-17,3.2,0.5102,6.1,26.41,94.02
2016-12-18,7.3,0.571,9.0,4.14,90.55
2016-12-19,-1.45,2.419,6.37,0.0,74.06
2016-12-20,-1.08,2.5915,3.62,0.1,73.1
2016-12-21,2.08,1.2238,4.57,0.0,76.34
2016-12-22,5.14,1.8893,6.43,0.0,77.19
2016-12-23,4.4,2.2862,5.13,0.0,77.92
2016-12-24,4.97,0.5674,5.61,19.78,90.82
2016-12-25,4.39,2.5526,5.5,0.12,80.04
2016-12-26,5.48,0.6238,6.02,0.09,85.85
2016-12-27,9.2,1.5134,7.43,0.77,86.83
2016-12-28,3.23,1.2386,4.91,0.01,74.33
2016-12-29,5.16,0.4805,7.05,11.55,82.96
2016-12-30,3.03,1.6147,8.88,0.27,78.98
2016-12-31,3.59,1.8463,8.57,0.27,72.61
2017-01-01,5.83,2.623,5.62,0.15,69.2
2017-01-02,5.46,0.6886,6.45,9.78,85.47
2017-01-03,6.73,0.545,7.3,24.08,97.07
2017-01-04,6.05,1.3646,7.45,0.08,81.73
2017-01-05,0.0,1.7928,6.55,0.3,70.04
2017-01-06,0.0,1.8739,5.0,2.26,75.32
2017-01-07,-3.12,0.5335,8.61,9.71,85.02
2017-01-08,-5.0,1.9634,9.27,0.08,81.37
2017-01-09,-5.32,1.2749,4.93,0.03,79.22
2017-01-10,1.07,1.309,5.52,0.01,81.67
2017-01-11,6.22,1.6954,6.94,14.76,95.11
2017-01-12,10.05,1.465,8.35,4.36,93.72
2017-01-13,5.1,2.6986,7.24,0.02,74.26
2017-01-14,0.0,0.7308,2.67,4.68,71.33
2017-01-15,1.42,2.6678,4.35,0.02,76.69
2017-01-16,2.01,2.6688,3.45,0.0,73.86
2017-01-17,4.09,0.6809,3.31,16.62,89.88
2017-01-18,4.14,0.757,4.75,2.98,95.74
2017-01-19,4.73,1.7462,3.54,0.03,87.14
2017-01-20,4.71,0.9842,2.52,4.48,90.38
2017-01-21,6.0,1.1676,3.21,0.13,97.36
2017-01-22,7.17,1.0034,4.34,1.87,95.95
2017-01-23,3.95,0.631,13.78,63.76,92.53
2017-01-24,3.05,0.9038,10.98,22.51,94.22
2017-01-25,4.33,2.689,6.38,0.0,82.87
2017-01-26,5.95,1.7203,6.9,2.32,85.33
2017-01-27,3.79,1.6234,9.09,0.02,77.8
2017-01-28,2.04,1.5694,7.57,0.01,76.56
2017-01-29,2.79,2.8392,5.53,0.0,72.12
2017-01-30,0.99,2.7211,5.31,0.34,70.89
2017-01-31,0.7,0.9598,2.93,1.2,78.35
2017-02-01,4.42,2.2368,6.24,0.03,82.79
2017-02-02,3.01,2.485,5.44,0.0,70.8
2017-02-03,-0.74,2.3918,5.66,0.03,69.35
2017-02-04,-1.41,3.761,7.01,0.0,69.22
2017-02-05,2.55,1.7321,6.56,0.02,73.25
2017-02-06,3.56,3.618,5.16,0.01,76.32
2017-02-07,5.36,0.7853,3.32,3.07,98.8
2017-02-08,8.7,3.0362,6.06,1.25,87.57
2017-02-09,-1.44,1.3675,11.91,45.05,84.97
2017-02-10,-2.83,3.0199,7.27,0.38,78.17
2017-02-11,2.86,1.62,4.45,0.66,81.71
2017-02-12,1.92,0.4675,6.51,15.97,94.8
2017-02-13,0.8,2.4022,12.17,0.29,81.73
2017-02-14,0.14,2.7826,5.18,0.0,80.68
2017-02-15,3.31,2.5702,5.35,0.38,92.07
2017-02-16,-0.11,3.2856,9.68,0.01,76.56
2017-02-17,0.6,4.2646,6.49,0.0,74.63
2017-02-18,5.65,3.9703,4.74,0.0,79.33
2017-02-19,8.64,3.6012,4.6,0.0,81.62
2017-02-20,5.43,4.4342,5.56,0.0,79.29
2017-02-21,3.67,3.0103,4.12,0.16,77.3
2017-02-22,6.21,2.0371,3.71,0.02,94.53
2017-02-23,7.87,3.1788,4.49,0.13,96.61
2017-02-24,9.88,3.9074,5.35,0.16,96.23
2017-02-25,9.49,3.2342,6.6,11.77,96.74
2017-02-26,3.57,3.8621,7.34,0.01,68.21
2017-02-27,4.57,3.4793,5.3,0.0,77.32
2017-02-28,7.81,3.7382,3.28,0.66,94.49
2017-03-01,11.12,1.6714,7.93,2.25,96.61
2017-03-02,6.2,5.0914,10.95,0.12,65.71
2017-03-03,0.55,3.9413,7.77,0.1,65.75
2017-03-04,-3.39,3.9761,9.8,0.01,67.37
2017-03-05,-3.14,5.4643,6.95,0.0,65.54
2017-03-06,1.02,4.2022,3.45,0.0,60.76
2017-03-07,6.92,1.6397,6.02,1.54,90.94
2017-03-08,9.26,4.638,7.63,4.09,74.83
2017-03-09,8.63,5.2853,7.53,0.0,66.4
2017-03-10,1.75,1.596,8.36,8.79,77.63
2017-03-11,-3.34,3.5868,9.27,0.12,69.58
2017-03-12,-3.2,4.1184,8.01,0.02,71.68
2017-03-13,-2.42,4.8941,3.79,1.25,69.5
2017-03-14,0.88,1.4851,12.62,63.79,92.67
2017-03-15,-3.88,3.0216,10.6,0.8,85.54
2017-03-16,-0.87,5.3014,8.82,0.08,80.57
2017-03-17,0.73,5.8286,6.28,0.01,79.45
2017-03-18,2.49,0.9158,6.5,1.12,88.73
2017-03-19,2.97,5.335,7.66,0.16,80.03
2017-03-20,3.77,5.0542,5.25,0.0,75.77
2017-03-21,6.24,4.2082,3.21,0.01,78.45
2017-03-22,0.77,6.3588,10.1,0.0,66.74
2017-03-23,0.69,6.179,4.31,0.0,56.34
2017-03-24,5.49,3.0626,6.87,0.48,75.54
2017-03-25,7.59,1.7782,4.38,4.36,91.59
2017-03-26,4.74,1.3951,6.82,1.33,90.84
2017-03-27,7.96,2.5176,3.24,10.36,97.27
2017-03-28,6.71,1.3963,3.84,36.03,97.01
2017-03-29,7.24,6.1853,5.87,0.02,79.92
2017-03-30,4.8,3.593,4.06,1.52,71.9
2017-03-31,4.9,1.0116,8.27,68.27,96.09
2017-04-01,4.77,3.0845,8.19,2.0,86.89
2017-04-02,7.04,6.4778,4.3,0.0,79.22
2017-04-03,7.79,4.9966,3.54,2.7,83.25
2017-04-04,9.71,2.2682,4.07,30.87,97.03
2017-04-05,8.65,5.2642,3.68,0.32,89.63
2017-04-06,8.05,0.9413,9.71,31.41,95.17
2017-04-07,6.66,2.718,8.0,0.62,78.74
2017-04-08,5.97,7.0207,7.13,0.0,73.04
2017-04-09,7.85,6.8947,4.33,0.0,76.49
2017-04-10,10.15,6.3281,5.88,0.0,86.5
2017-04-11,11.67,6.3444,5.79,0.05,91.9
2017-04-12,12.16,3.6545,3.45,0.32,86.54
2017-04-13,10.13,6.0127,3.95,0.0,75.4
2017-04-14,9.16,5.9906,3.21,0.0,81.29
2017-04-15,9.94,3.0938,5.89,0.32,88.16
2017-04-16,15.57,5.4557,6.06,2.39,87.73
2017-04-17,14.18,3.6298,4.97,0.39,80.6
2017-04-18,10.05,7.3001,4.92,0.0,79.31
2017-04-19,8.6,4.0814,6.21,0.87,85.39
2017-04-20,11.12,4.4486,2.87,2.79,92.46
2017-04-21,10.16,2.4343,4.06,13.5,95.12
2017-04-22,10.54,1.9097,3.45,7.65,89.98
2017-04-23,9.52,6.6324,3.96,0.0,81.42
2017-04-24,9.87,2.6018,3.83,0.34,90.04
2017-04-25,10.7,1.7664,9.07,18.65,94.83
2017-04-26,12.35,2.4523,3.71,2.92,96.21
2017-04-27,12.75,4.4611,3.48,0.23,94.61
2017-04-28,15.95,6.9518,4.32,0.22,85.9
2017-04-29,16.75,4.8883,4.74,3.1,86.74
2017-04-30,12.13,3.0022,5.61,0.27,83.3
2017-05-01,13.8,3.8837,5.85,3.47,94.98
2017-05-02,15.95,6.3312,7.75,2.52,79.6
2017-05-03,12.48,6.2383,5.5,0.03,72.95
2017-05-04,10.48,6.7586,4.67,0.01,78.79
2017-05-05,12.19,1.4779,7.98,37.97,96.24
2017-05-06,13.39,3.5429,8.29,7.24,90.38
2017-05-07,10.67,3.4877,6.15,0.42,78.83
2017-05-08,10.23,5.8601,4.47,0.06,71.52
2017-05-09,10.99,7.021,2.66,0.09,74.07
2017-05-10,11.46,5.964,1.82,0.0,74.89
2017-05-11,11.05,4.0454,3.1,0.0,78.44
2017-05-12,11.16,4.9841,3.46,0.12,80.76
2017-05-13,9.85,1.5497,8.46,64.02,91.92
2017-05-14,11.88,6.3329,6.08,7.28,84.23
2017-05-15,13.1,7.4851,7.52,0.02,77.56
2017-05-16,15.19,7.1734,4.26,0.0,77.67
2017-05-17,17.01,7.8977,5.34,0.11,87.58
2017-05-18,19.81,7.5082,5.75,0.07,88.21
2017-05-19,20.59,7.3507,5.38,0.58,84.29
2017-05-20,13.98,2.7118,4.76,1.59,75.65
2017-05-21,13.28,7.5312,3.74,0.02,71.48
2017-05-22,14.06,1.3416,4.21,26.4,92.85
2017-05-23,15.42,3.9329,2.46,0.41,82.05
2017-05-24,14.61,4.7803,4.13,3.58,86.61
2017-05-25,13.81,2.2217,6.82,25.06,95.4
2017-05-26,16.6,5.2848,4.44,5.18,85.55
2017-05-27,16.5,4.7388,2.6,0.32,87.21
2017-05-28,15.36,5.7667,4.08,0.26,92.63
2017-05-29,13.69,2.1684,6.23,17.38,90.72
2017-05-30,13.87,2.0604,4.58,2.86,92.93
2017-05-31,16.81,5.9446,2.9,1.64,91.52
2017-06-01,17.96,7.7971,3.88,0.18,82.92
2017-06-02,16.83,7.4683,3.81,0.03,75.8
2017-06-03,15.96,6.469,3.91,5.18,76.69
2017-06-04,15.73,3.2573,3.56,4.52,83.34
2017-06-05,17.02,2.509,2.66,5.97,94.94
2017-06-06,13.85,1.7004,4.97,3.21,90.42
2017-06-07,14.53,4.8571,3.3,0.06,79.65
2017-06-08,14.55,5.1122,3.52,0.0,82.85
2017-06-09,17.39,7.7105,3.93,0.08,77.11
2017-06-10,19.26,6.961,5.03,0.03,83.44
2017-06-11,20.84,8.0942,4.87,0.01,84.5
2017-06-12,22.46,8.1648,4.08,0.01,80.06
2017-06-13,23.24,7.8454,4.26,0.46,81.54
2017-06-14,20.29,6.018,3.57,0.77,84.91
2017-06-15,18.18,6.6132,4.77,0.22,83.64
2017-06-16,18.51,2.6138,4.45,3.89,92.35
2017-06-17,19.7,2.863,2.91,8.0,95.83
2017-06-18,21.44,5.5932,6.44,2.15,94.07
2017-06-19,21.92,5.166,8.01,7.84,94.2
2017-06-20,21.99,8.2438,5.09,1.98,81.24
2017-06-21,21.71,6.6662,4.23,1.22,80.83
2017-06-22,21.12,7.7297,3.83,0.14,85.36
2017-06-23,22.5,3.7913,5.97,2.27,92.84
2017-06-24,22.85,7.7786,5.14,19.78,82.82
2017-06-25,21.47,7.2362,3.37,1.38,81.43
2017-06-26,19.99,7.4698,3.93,0.11,77.44
2017-06-27,19.51,6.3974,2.82,4.38,80.1
2017-06-28,19.58,7.9908,4.46,0.13,72.59
2017-06-29,20.47,7.0452,6.78,0.01,84.39
2017-06-30,21.79,7.3142,7.08,1.25,85.91
2017-07-01,21.79,4.7868,6.09,4.67,93.6
2017-07-02,22.97,7.9342,3.95,0.13,82.72
2017-07-03,23.13,7.4251,3.07,0.4,76.47
2017-07-04,22.68,6.4826,2.07,0.19,75.38
2017-07-05,21.67,6.2443,3.24,0.05,83.05
2017-07-06,21.26,3.4238,3.98,1.65,87.51
2017-07-07,22.01,4.7707,3.93,43.01,90.5
2017-07-08,23.26,6.5693,4.18,1.92,85.09
2017-07-09,22.19,7.9464,3.86,0.0,73.28
2017-07-10,22.43,5.7401,5.29,0.6,83.34
2017-07-11,24.33,4.8806,3.86,3.37,88.21
2017-07-12,25.16,5.9506,4.5,2.95,85.0
2017-07-13,25.69,4.3622,3.17,7.46,81.41
2017-07-14,21.52,1.6126,4.92,49.65,94.3
2017-07-15,23.49,5.8862,2.44,0.74,85.4
2017-07-16,23.21,7.5991,2.86,0.04,80.56
2017-07-17,23.79,6.1361,3.17,1.6,88.76
2017-07-18,24.38,6.6718,3.38,1.02,89.24
2017-07-19,25.58,7.2422,3.98,0.37,84.26
2017-07-20,26.4,6.7934,3.17,0.42,80.98
2017-07-21,26.5,7.0584,2.96,0.54,79.01
2017-07-22,25.94,6.341,2.94,7.72,78.26
2017-07-23,23.21,3.791,5.11,43.28,86.29
2017-07-24,21.82,4.8384,4.55,25.67,90.16
2017-07-25,19.62,3.5981,3.84,2.89,85.52
2017-07-26,20.6,5.7605,3.09,0.06,74.84
2017-07-27,21.96,3.2597,4.06,0.56,83.92
2017-07-28,23.25,5.3155,2.29,0.66,89.61
2017-07-29,20.82,4.0399,8.11,5.63,80.61
2017-07-30,21.29,6.9854,3.8,0.0,66.41
2017-07-31,22.75,7.475,2.87,0.0,73.12
2017-08-01,24.45,7.0764,2.24,0.06,78.09
2017-08-02,23.4,3.4452,2.93,5.67,87.28
2017-08-03,23.5,6.2813,3.19,2.39,86.81
2017-08-04,23.63,6.7087,4.5,5.69,90.46
2017-08-05,23.15,5.4972,5.48,12.38,82.82
2017-08-06,21.12,5.0071,4.61,0.0,66.93
2017-08-07,21.24,0.9082,4.82,13.62,82.95
2017-08-08,21.37,4.5002,3.74,1.48,82.81
2017-08-09,22.17,7.3922,2.98,0.01,74.24
2017-08-10,22.19,6.3797,2.57,0.01,80.85
2017-08-11,22.23,4.6843,2.88,0.53,77.84
2017-08-12,22.52,3.2599,2.87,10.5,91.26
2017-08-13,23.84,6.7975,3.01,0.6,78.98
2017-08-14,23.12,3.5935,2.93,0.5,85.65
2017-08-15,22.48,1.764,1.48,38.64,84.29
2017-08-16,24.13,6.2227,2.61,0.1,80.21
2017-08-17,23.06,6.576,3.36,0.24,82.99
2017-08-18,24.51,2.6321,6.0,11.91,95.18
2017-08-19,25.08,6.4519,4.06,1.29,83.04
2017-08-20,23.6,6.8794,4.32,0.01,75.18
2017-08-21,23.98,6.2659,3.9,0.19,80.51
2017-08-22,25.12,5.6165,6.06,4.68,89.75
2017-08-23,23.78,6.0343,4.16,4.78,76.43
2017-08-24,22.42,6.5498,3.07,0.01,67.52
2017-08-25,21.79,5.4168,3.16,0.01,66.6
2017-08-26,21.04,6.5114,2.31,0.0,59.48
2017-08-27,20.84,5.5152,4.0,0.0,65.42
2017-08-28,20.5,5.1598,6.09,0.0,68.03
2017-08-29,19.52,1.2178,7.38,27.63,83.56
2017-08-30,20.1,6.2671,5.07,0.73,75.8
2017-08-31,21.45,5.3066,5.05,0.33,75.81
2017-09-01,17.74,6.4858,5.06,0.0,58.66
2017-09-02,17.43,2.425,5.61,19.45,73.84
2017-09-03,20.33,2.9335,6.26,8.0,87.45
2017-09-04,20.46,6.3598,5.93,0.03,79.7
2017-09-05,22.3,5.0981,6.7,0.58,90.19
2017-09-06,20.3,1.259,3.18,19.07,93.73
2017-09-07,18.88,4.9229,5.36,5.44,75.22
2017-09-08,18.51,5.3093,5.04,0.03,72.23
2017-09-09,17.23,5.6222,4.85,0.04,72.31
2017-09-10,18.08,5.7295,4.52,0.01,71.37
2017-09-11,18.82,5.7022,2.57,0.0,67.33
2017-09-12,19.99,4.5062,3.01,0.0,77.21
2017-09-13,20.56,3.5794,3.49,1.2,82.7
2017-09-14,21.88,3.3672,4.54,1.99,89.2
2017-09-15,21.89,4.9591,3.06,0.57,86.88
2017-09-16,21.67,4.6056,1.99,0.74,88.12
2017-09-17,21.08,3.643,2.51,0.21,89.22
2017-09-18,21.29,2.0309,5.24,0.25,90.21
2017-09-19,21.14,3.0161,9.47,3.66,87.56
2017-09-20,22.31,3.6631,7.33,0.06,81.62
2017-09-21,21.91,4.1201,5.36,0.0,80.14
2017-09-22,21.99,5.1127,6.54,0.37,71.09
2017-09-23,23.03,5.5459,3.88,0.0,69.7
2017-09-24,22.66,5.3374,2.9,0.04,78.26
2017-09-25,22.21,5.1118,2.35,0.09,83.89
2017-09-26,21.15,4.2403,3.23,0.06,88.11
2017-09-27,22.59,4.1546,4.2,0.08,86.56
2017-09-28,21.47,5.3458,7.29,0.01,66.54
2017-09-29,17.25,4.6157,3.67,0.0,61.73
2017-09-30,16.05,3.0442,6.44,1.09,76.52
2017-10-01,15.71,5.2142,3.58,0.11,65.67
2017-10-02,16.97,5.2889,3.41,0.0,60.74
2017-10-03,16.99,4.7578,3.98,0.0,70.18
2017-10-04,17.86,5.1749,5.91,0.01,76.8
2017-10-05,20.49,3.8882,6.12,0.58,79.6
2017-10-06,20.88,4.0423,3.45,0.4,85.56
2017-10-07,20.75,3.6074,4.85,0.05,89.56
2017-10-08,21.82,1.2358,6.97,14.45,93.27
2017-10-09,21.91,0.9994,7.37,6.68,95.52
2017-10-10,21.99,4.0778,2.92,0.02,80.05
2017-10-11,19.91,2.281,4.97,1.52,84.41
2017-10-12,16.46,1.9188,9.32,1.8,75.74
2017-10-13,16.65,1.9363,5.9,0.4,80.06
2017-10-14,18.87,1.8026,2.75,2.26,89.96
2017-10-15,19.68,1.4899,5.55,1.12,89.89
2017-10-16,15.47,2.1629,6.78,0.75,70.84
2017-10-17,11.63,4.579,4.69,0.0,61.66
2017-10-18,15.76,4.3826,4.56,0.0,66.78
2017-10-19,16.18,4.3956,5.9,0.0,73.78
2017-10-20,17.26,4.3234,4.88,0.0,65.94
2017-10-21,17.05,3.966,3.49,0.0,65.86
2017-10-22,16.8,3.9406,2.99,0.06,76.95
2017-10-23,18.41,2.2349,6.11,0.33,92.75
2017-10-24,19.7,1.3675,9.59,24.3,93.87
2017-10-25,16.43,2.6822,2.97,27.01,77.61
2017-10-26,13.94,1.6133,7.12,2.89,69.5
2017-10-27,13.38,3.8542,4.64,0.0,64.3
2017-10-28,16.33,3.7373,6.15,0.95,82.08
2017-10-29,18.08,0.4627,9.42,77.98,94.87
2017-10-30,12.75,3.139,9.98,5.68,76.38
2017-10-31,11.43,3.751,7.02,0.0,67.45
2017-11-01,12.45,1.5634,3.94,0.04,72.34
2017-11-02,16.96,2.8313,4.5,0.16,95.59
2017-11-03,16.46,2.4058,5.79,0.17,89.14
2017-11-04,11.33,2.7638,5.66,0.01,74.74
2017-11-05,15.01,0.8304,5.39,2.23,92.13
2017-11-06,15.75,1.1453,6.28,0.88,90.96
2017-11-07,8.29,0.9233,7.04,22.71,83.82
2017-11-08,8.04,2.3868,6.09,0.76,84.84
2017-11-09,10.65,1.9051,3.4,0.15,76.88
2017-11-10,4.34,3.0914,9.77,0.14,73.65
2017-11-11,1.6,3.3977,4.49,0.0,66.47
2017-11-12,6.41,2.6837,1.34,0.0,54.9
2017-11-13,7.79,1.0615,4.84,5.88,82.27
2017-11-14,6.2,1.9543,5.41,1.55,88.12
2017-11-15,7.77,2.7991,4.62,0.34,80.75
2017-11-16,11.41,2.2176,7.32,2.63,78.51
2017-11-17,6.46,3.2482,7.82,0.01,67.39
2017-11-18,9.55,0.8498,6.42,3.29,71.34
2017-11-19,11.08,2.0681,10.9,11.26,75.76
2017-11-20,6.21,2.8704,7.93,0.09,73.91
2017-11-21,10.01,2.9191,8.11,0.0,76.41
2017-11-22,10.01,1.3366,6.99,16.27,84.87
2017-11-23,3.57,3.0655,4.21,0.0,71.07
2017-11-24,6.43,2.8982,4.29,0.0,69.13
2017-11-25,9.21,2.6897,5.22,0.1,81.74
2017-11-26,7.21,2.5433,6.82,0.0,75.34
2017-11-27,6.94,2.6359,6.81,0.0,71.73
2017-11-28,7.81,2.5901,5.16,0.0,77.9
2017-11-29,10.05,2.7343,6.74,0.11,81.37
2017-11-30,8.1,2.0182,4.68,0.18,80.73
2017-12-01,8.38,2.5795,5.52,0.23,80.4
2017-12-02,6.3,2.125,1.96,0.0,72.7
2017-12-03,8.39,0.9062,1.6,0.07,71.9
2017-12-04,8.28,2.0491,3.5,0.13,79.41
2017-12-05,12.37,0.7764,9.0,5.95,90.49
2017-12-06,7.67,2.0575,7.2,7.99,70.2
2017-12-07,5.52,2.6556,7.09,0.02,68.92
2017-12-08,3.33,1.0502,4.07,0.11,67.41
2017-12-09,2.14,0.3158,4.85,17.25,85.01
2017-12-10,2.62,2.166,6.97,0.03,79.2
2017-12-11,3.75,2.1773,4.82,0.5,71.17
2017-12-12,6.22,0.8105,7.6,1.45,80.16
2017-12-13,-1.28,2.4713,10.55,0.24,72.95
2017-12-14,0.34,2.052,6.54,1.56,79.97
2017-12-15,-2.07,0.6727,3.2,4.32,76.65
2017-12-16,1.81,1.5353,8.3,0.06,82.41
2017-12-17,1.92,1.1186,2.64,0.01,75.07
2017-12-18,5.44,1.7117,3.69,0.34,91.79
2017-12-19,7.25,1.7414,7.19,0.0,89.01
2017-12-20,5.03,1.7546,7.11,0.0,74.42
2017-12-21,2.44,2.4766,3.57,0.0,66.76
2017-12-22,6.46,0.6053,3.67,0.21,82.32
2017-12-23,8.61,0.3252,6.76,10.38,95.71
2017-12-24,4.37,1.3162,6.9,4.74,81.73
2017-12-25,2.8,1.8521,9.71,3.91,76.24
2017-12-26,-1.42,2.2769,7.64,0.0,68.06
2017-12-27,-3.52,2.4612,6.47,0.12,73.68
2017-12-28,-6.85,2.7194,8.25,0.01,88.11
2017-12-29,-6.08,1.9538,5.71,0.54,86.38
2017-12-30,-4.16,0.7414,5.02,26.79,81.78
2017-12-31,-7.39,1.6068,8.47,0.24,91.98
2018-01-01,-8.6,2.5099,7.39,0.04,91.65
2018-01-02,-5.79,2.5368,7.68,0.03,87.19
2018-01-03,-3.87,2.0609,3.69,0.28,67.75
2018-01-04,-2.88,0.372,14.19,58.13,90.67
2018-01-05,-8.74,2.3623,12.61,0.1,91.92
2018-01-06,-10.02,2.4446,10.36,0.17,95.69
2018-01-07,-9.74,2.3772,6.01,0.01,91.2
2018-01-08,-2.09,1.134,7.99,14.19,82.58
2018-01-09,0.91,2.5493,6.2,0.03,84.86
2018-01-10,1.05,2.3707,3.41,0.02,77.92
2018-01-11,4.78,1.2938,4.95,0.28,98.65
2018-01-12,7.85,0.5129,8.09,36.76,100.0
2018-01-13,1.85,2.5243,9.8,13.48,83.31
2018-01-14,-5.08,3.0362,7.88,0.0,75.9
2018-01-15,-3.3,1.9058,6.51,0.2,88.58
2018-01-16,1.22,1.5994,2.88,0.41,85.01
2018-01-17,0.57,0.9492,6.27,7.45,89.63
2018-01-18,-2.96,2.6486,7.18,0.0,79.35
2018-01-19,0.09,2.0496,5.82,0.0,78.23
2018-01-20,3.44,2.3297,6.36,0.0,80.69
2018-01-21,4.45,2.3376,3.03,0.02,83.53
2018-01-22,4.84,1.3862,2.62,0.62,95.49
2018-01-23,7.81,1.393,7.88,21.19,92.94
2018-01-24,2.09,2.442,7.19,0.02,75.94
2018-01-25,-1.15,3.3247,6.6,0.0,65.86
2018-01-26,-0.17,3.0977,3.37,0.0,64.24
2018-01-27,4.66,2.6393,6.91,0.02,90.91
2018-01-28,6.23,1.025,4.07,7.9,94.11
2018-01-29,3.11,1.7863,7.29,1.54,86.67
2018-01-30,-0.29,1.1278,7.39,2.59,81.78
2018-01-31,-2.13,3.2016,6.5,0.0,71.75
2018-02-01,2.86,1.6279,5.49,6.83,86.81
2018-02-02,-2.21,2.4559,9.47,15.73,75.46
2018-02-03,-3.71,3.2909,6.83,0.0,72.38
2018-02-04,3.22,1.1995,6.16,28.95,88.25
2018-02-05,-0.2,3.7118,7.3,0.0,76.3
2018-02-06,0.46,1.5348,3.15,0.41,71.42
2018-02-07,2.6,0.7402,7.13,18.96,91.03
2018-02-08,-0.91,3.5549,6.53,0.08,72.22
2018-02-09,-0.1,2.0702,4.54,0.07,73.15
2018-02-10,5.02,1.1251,5.22,10.74,98.33
2018-02-11,6.73,0.7834,5.59,38.03,98.96
2018-02-12,4.25,1.9426,6.39,2.96,80.91
2018-02-13,-0.46,3.8335,5.04,0.0,71.93
2018-02-14,4.15,3.1706,4.6,3.06,89.28
2018-02-15,6.57,1.8545,4.29,6.89,98.09
2018-02-16,7.55,1.326,6.33,10.65,89.61
2018-02-17,1.09,3.3677,4.46,12.27,80.22
2018-02-18,2.63,3.8518,5.02,0.54,81.73
2018-02-19,5.29,1.4078,5.19,9.29,90.49
2018-02-20,9.08,2.9714,6.02,1.23,97.0
2018-02-21,11.18,3.6864,6.76,0.93,96.59
2018-02-22,5.07,0.6019,6.81,7.66,89.58
2018-02-23,3.67,0.883,5.37,9.4,93.45
2018-02-24,6.78,1.2048,3.62,1.63,89.67
2018-02-25,5.41,0.8208,4.23,44.43,97.09
2018-02-26,5.59,2.3282,3.94,0.07,85.68
2018-02-27,4.92,4.8048,4.47,0.0,79.23
2018-02-28,6.26,4.32,5.98,0.1,85.46
2018-03-01,7.11,1.8722,3.3,11.17,91.73
2018-03-02,2.76,0.8436,14.3,39.31,91.83
2018-03-03,3.8,3.6418,11.64,0.53,82.3
2018-03-04,3.23,3.2203,9.26,0.11,78.94
2018-03-05,2.1,3.761,8.41,0.28,80.15
2018-03-06,2.81,4.8766,4.15,2.0,79.35
2018-03-07,2.17,0.7279,10.98,40.24,94.11
2018-03-08,1.46,2.9534,7.14,0.05,81.97
2018-03-09,1.57,2.9753,8.09,0.43,79.75
2018-03-10,1.71,2.8927,7.4,0.02,77.75
2018-03-11,2.15,4.8468,4.98,0.0,76.29
2018-03-12,2.61,2.4598,7.13,4.18,87.03
2018-03-13,2.22,2.9244,10.41,8.24,84.9
2018-03-14,1.45,3.7663,9.97,0.82,79.63
2018-03-15,2.9,4.5898,8.29,0.1,77.37
2018-03-16,1.38,4.1294,8.88,0.09,74.89
2018-03-17,2.14,4.7868,6.96,0.0,72.14
2018-03-18,1.42,5.6923,5.36,0.0,65.93
2018-03-19,3.04,5.2056,3.58,0.0,69.38
2018-03-20,1.5,1.129,7.42,2.13,74.37
2018-03-21,1.69,0.875,10.23,20.67,88.98
2018-03-22,3.8,4.434,7.88,0.48,82.75
2018-03-23,3.92,4.8468,5.22,0.01,79.04
2018-03-24,3.74,5.7413,5.56,0.0,76.06
2018-03-25,3.0,3.048,6.39,0.03,80.53
2018-03-26,2.96,6.2959,5.36,0.0,73.87
2018-03-27,2.79,3.3778,3.38,0.13,73.87
2018-03-28,5.64,2.6592,3.05,0.61,90.82
2018-03-29,7.11,2.2582,3.41,0.56,95.47
2018-03-30,8.84,2.2682,6.25,7.48,90.68
2018-03-31,5.41,6.6869,5.74,0.0,73.26
2018-04-01,7.26,3.6734,6.02,1.37,82.09
2018-04-02,3.1,2.8766,4.83,13.99,82.19
2018-04-03,4.7,0.786,3.35,3.18,91.25
2018-04-04,7.44,2.7204,8.68,6.25,84.02
2018-04-05,3.22,5.9045,7.69,0.0,64.67
2018-04-06,5.99,3.4903,6.2,1.48,83.97
2018-04-07,4.92,4.2953,5.01,0.63,70.55
2018-04-08,2.43,6.2112,7.47,0.01,66.85
2018-04-09,2.93,5.7106,3.97,0.16,67.59
2018-04-10,4.79,3.7226,3.08,1.04,80.18
2018-04-11,5.1,5.143,3.54,0.0,71.84
2018-04-12,7.92,3.7754,5.9,0.02,87.72
2018-04-13,11.81,5.3021,7.11,1.07,88.53
2018-04-14,11.18,6.4932,6.2,0.37,92.55
2018-04-15,4.89,1.4568,10.74,15.69,90.05
2018-04-16,8.9,2.4828,10.56,43.58,93.03
2018-04-17,5.49,3.0166,7.12,0.9,77.93
2018-04-18,6.29,6.3019,5.4,0.03,74.56
2018-04-19,6.43,2.3225,5.4,2.58,84.04
2018-04-20,5.09,7.3627,7.22,0.01,73.37
2018-04-21,7.21,7.0594,4.14,0.0,73.73
2018-04-22,8.46,7.4242,3.63,0.0,72.38
2018-04-23,8.5,7.4626,3.27,0.01,85.75
2018-04-24,9.45,5.5387,4.69,0.69,87.54
2018-04-25,10.41,2.1492,4.87,20.29,95.97
2018-04-26,12.53,7.1717,3.83,0.31,78.98
2018-04-27,10.3,1.733,2.75,11.5,92.96
2018-04-28,10.62,6.0511,3.07,1.12,91.89
2018-04-29,9.58,5.1811,5.7,2.46,79.39
2018-04-30,7.64,4.0174,6.08,0.9,81.39
2018-05-01,12.63,7.537,4.22,0.0,74.17
2018-05-02,15.68,7.6346,6.19,0.02,78.26
2018-05-03,17.18,6.761,6.33,0.1,87.04
2018-05-04,16.72,3.9504,5.98,0.9,90.62
2018-05-05,14.3,5.0052,4.57,0.0,76.49
2018-05-06,12.39,2.1701,3.38,2.76,91.26
2018-05-07,13.73,5.9018,2.79,0.09,87.52
2018-05-08,12.71,7.4743,2.87,0.01,87.19
2018-05-09,12.96,7.261,2.43,0.01,83.21
2018-05-10,12.97,5.2226,4.28,4.11,91.59
2018-05-11,15.88,7.0104,2.89,0.02,74.37
2018-05-12,13.44,2.3071,3.35,11.15,89.98
2018-05-13,11.67,1.5492,4.32,18.77,91.54
2018-05-14,13.91,4.9529,3.0,6.42,91.39
2018-05-15,17.11,6.749,5.59,3.34,94.51
2018-05-16,14.18,1.627,4.57,15.58,93.88
2018-05-17,14.61,2.82,2.47,24.27,94.12
2018-05-18,13.48,3.294,6.45,0.24,82.71
2018-05-19,12.0,1.8696,6.06,22.49,94.2
2018-05-20,17.7,4.9805,5.66,1.54,89.79
2018-05-21,15.77,7.9949,3.15,0.0,80.93
2018-05-22,14.15,1.8542,2.6,7.63,91.78
2018-05-23,17.57,6.8863,3.45,0.92,83.5
2018-05-24,18.08,8.2543,4.13,0.0,74.41
2018-05-25,18.4,7.991,5.98,0.02,84.8
2018-05-26,20.25,6.5213,4.49,0.36,88.19
2018-05-27,15.72,1.5979,5.5,16.48,93.72
2018-05-28,13.94,3.7051,3.52,4.89,90.49
2018-05-29,17.99,7.0094,2.74,0.05,88.83
2018-05-30,16.02,3.9358,3.61,0.16,93.96
2018-05-31,16.35,2.5255,4.66,2.05,95.18
2018-06-01,18.46,4.8653,2.85,4.83,95.03
2018-06-02,20.74,5.6686,3.47,3.72,88.76
2018-06-03,14.39,3.8256,8.58,6.47,84.03
2018-06-04,15.14,5.9191,4.46,12.19,86.97
2018-06-05,16.9,6.1829,4.2,0.55,83.44
2018-06-06,15.54,5.1295,3.25,0.09,82.32
2018-06-07,15.4,6.0343,3.77,0.0,89.34
2018-06-08,18.29,6.5674,4.13,0.01,87.17
2018-06-09,19.57,6.7087,2.17,0.06,83.67
2018-06-10,17.45,2.0986,2.72,11.96,85.5
2018-06-11,15.81,6.4786,4.67,5.22,78.8
2018-06-12,16.5,8.4665,4.44,0.04,78.96
2018-06-13,18.9,3.095,5.53,2.6,93.49
2018-06-14,20.54,8.676,5.35,0.07,76.92
2018-06-15,18.71,7.5533,3.55,0.03,77.64
2018-06-16,20.17,8.4874,3.1,0.0,75.36
2018-06-17,21.01,8.0102,3.42,0.03,80.0
2018-06-18,21.61,7.11,6.1,0.37,88.94
2018-06-19,23.16,7.5302,4.0,4.39,79.69
2018-06-20,21.13,6.5988,3.34,1.08,86.54
2018-06-21,21.87,6.2926,2.36,14.22,80.03
2018-06-22,19.48,3.701,5.2,0.13,88.76
2018-06-23,19.12,2.4168,4.63,5.33,93.9
2018-06-24,21.65,5.849,3.66,2.47,90.36
2018-06-25,21.45,8.0918,4.45,0.26,76.61
2018-06-26,19.71,7.4215,4.19,0.02,85.33
2018-06-27,20.33,2.5231,6.33,8.39,88.57
2018-06-28,22.9,6.2453,5.53,4.83,90.5
2018-06-29,24.38,8.1326,2.85,0.0,76.81
2018-06-30,24.75,8.1305,3.05,0.0,76.98
2018-07-01,25.73,6.9214,2.82,0.0,78.83
2018-07-02,25.34,7.8893,2.55,0.04,84.73
2018-07-03,25.32,6.3235,3.09,1.56,92.42
2018-07-04,25.31,5.1564,2.22,1.74,91.43
2018-07-05,25.75,7.1818,4.43,0.76,89.67
2018-07-06,24.54,3.3638,5.76,13.68,85.96
2018-07-07,19.92,8.6618,5.15,0.0,64.58
2018-07-08,21.11,8.4468,2.59,0.0,65.38
2018-07-09,22.26,8.4564,4.13,0.0,73.64
2018-07-10,23.68,8.2627,4.03,0.06,77.04
2018-07-11,24.0,7.2206,2.61,1.55,80.82
2018-07-12,22.64,7.0301,2.63,1.07,79.28
2018-07-13,22.7,7.1455,2.94,0.01,76.21
2018-07-14,23.88,7.3834,5.06,0.22,71.42
2018-07-15,23.47,3.6859,3.99,25.6,86.13
2018-07-16,24.91,7.14,4.28,1.22,85.89
2018-07-17,24.52,4.2907,5.83,11.59,90.67
2018-07-18,23.75,7.8583,4.28,0.45,76.01
2018-07-19,22.32,8.3501,3.53,0.0,67.51
2018-07-20,22.62,7.6589,3.66,0.0,71.75
2018-07-21,21.67,3.9322,7.45,19.24,76.82
2018-07-22,23.5,5.0093,8.79,24.88,91.75
2018-07-23,23.92,4.4448,7.21,9.68,93.65
2018-07-24,24.27,5.3585,6.74,2.81,91.4
2018-07-25,23.85,3.3842,6.57,36.7,93.42
2018-07-26,24.67,6.1615,4.43,2.12,88.41
2018-07-27,24.58,5.4542,4.01,3.57,90.7
2018-07-28,24.71,6.1385,2.52,5.89,87.1
2018-07-29,23.81,6.5033,3.51,0.0,75.29
2018-07-30,22.9,3.0372,2.98,0.57,80.49
2018-07-31,23.33,5.0722,3.29,0.95,82.46
2018-08-01,25.15,5.2176,6.17,4.76,90.71
2018-08-02,25.57,5.346,5.7,2.74,89.35
2018-08-03,25.31,4.5029,5.34,8.47,90.13
2018-08-04,25.29,5.8126,5.05,21.14,88.44
2018-08-05,25.94,7.1165,2.94,0.07,80.53
2018-08-06,26.17,6.4469,3.9,0.3,80.91
2018-08-07,25.91,5.9542,5.31,5.09,88.49
2018-08-08,26.35,6.3077,3.4,4.68,85.97
2018-08-09,26.25,6.6281,3.6,2.79,81.13
2018-08-10,25.8,5.8963,3.03,0.61,79.53
2018-08-11,24.96,2.5642,3.17,12.97,87.35
2018-08-12,24.62,5.0623,2.81,5.74,86.83
2018-08-13,23.83,2.4842,4.63,22.75,92.53
2018-08-14,24.25,4.8876,4.84,5.13,84.23
2018-08-15,25.01,6.3545,4.94,2.92,83.15
2018-08-16,26.09,5.7742,3.66,0.41,83.4
2018-08-17,25.32,4.9418,4.42,5.86,90.05
2018-08-18,25.34,4.8007,3.33,7.58,87.33
2018-08-19,21.46,1.8691,6.36,9.33,89.26
2018-08-20,21.38,3.115,4.1,0.68,84.33
2018-08-21,22.07,3.1807,4.63,1.17,86.38
2018-08-22,24.14,5.352,5.02,3.11,86.78
2018-08-23,21.64,6.6382,4.87,0.02,72.37
2018-08-24,22.11,6.6658,3.0,0.0,76.72
2018-08-25,22.3,5.3014,2.7,0.0,70.06
2018-08-26,22.95,5.7211,4.68,0.05,78.91
2018-08-27,25.0,5.2642,3.32,0.04,83.82
2018-08-28,26.11,6.2383,4.41,0.07,86.91
2018-08-29,26.87,6.2892,4.78,0.05,84.48
2018-08-30,26.72,6.0562,3.65,0.08,79.2
2018-08-31,22.59,1.4465,6.9,3.12,84.81
2018-09-01,21.29,3.9619,4.76,9.37,82.12
2018-09-02,23.17,4.1261,2.62,0.07,83.92
2018-09-03,25.25,5.8428,3.44,0.2,86.29
2018-09-04,26.65,5.8565,2.43,0.22,78.52
2018-09-05,25.65,5.796,3.89,0.37,89.35
2018-09-06,26.36,5.6892,3.86,2.49,85.32
2018-09-07,23.57,2.2654,4.07,8.63,89.54
2018-09-08,20.86,1.859,5.92,9.15,82.16
2018-09-09,18.07,1.369,8.17,39.64,84.25
2018-09-10,19.35,1.115,9.05,34.88,91.31
2018-09-11,22.05,2.0827,1.34,1.99,95.1
2018-09-12,22.8,2.1557,2.48,4.11,95.77
2018-09-13,22.16,2.0652,4.88,0.86,92.66
2018-09-14,21.44,2.0642,5.06,0.71,89.34
2018-09-15,21.56,3.7572,2.76,0.31,84.22
2018-09-16,22.07,5.6993,2.19,0.05,82.48
2018-09-17,22.51,2.4943,3.96,1.9,90.94
2018-09-18,23.61,1.9939,5.2,19.06,94.43
2018-09-19,22.12,4.607,3.81,0.71,88.8
2018-09-20,19.6,2.0863,4.21,0.74,81.46
2018-09-21,21.12,1.6795,6.05,0.3,82.52
2018-09-22,20.9,3.6598,6.01,0.06,73.91
2018-09-23,18.36,1.3776,2.7,8.78,83.48
2018-09-24,18.01,3.3667,8.07,0.13,79.45
2018-09-25,20.86,1.2924,7.87,40.89,93.45
2018-09-26,22.83,3.3082,5.58,4.66,93.5
2018-09-27,19.04,4.159,5.72,9.57,79.12
2018-09-28,18.32,2.2603,4.91,21.41,87.56
2018-09-29,18.89,4.8398,3.09,0.07,78.91
2018-09-30,17.86,4.6776,3.37,0.05,73.78
2018-10-01,20.51,3.1498,4.84,0.78,86.95
2018-10-02,21.42,3.0202,5.73,7.73,90.01
2018-10-03,20.98,4.0054,3.96,2.88,83.83
2018-10-04,21.01,3.066,3.91,0.73,88.85
2018-10-05,18.15,3.595,5.29,0.08,80.3
2018-10-06,18.86,0.8083,4.2,0.25,84.65
2018-10-07,22.17,2.4612,3.73,0.12,90.35
2018-10-08,19.66,0.7351,5.43,2.72,92.24
2018-10-09,21.31,2.053,4.26,0.66,94.16
2018-10-10,21.75,3.071,4.23,0.33,94.38
2018-10-11,22.07,1.2048,5.49,18.57,96.92
2018-10-12,15.99,4.6474,8.51,29.8,75.95
2018-10-13,12.43,2.5229,5.08,2.48,75.81
2018-10-14,13.3,2.2704,3.53,0.0,70.53
2018-10-15,18.18,0.9739,7.36,5.29,88.92
2018-10-16,12.35,3.5546,6.56,1.06,69.31
2018-10-17,13.29,3.792,7.97,0.01,68.63
2018-10-18,9.14,4.518,7.12,0.01,67.3
2018-10-19,12.32,3.793,6.45,0.0,69.96
2018-10-20,14.79,2.3479,6.82,2.1,80.26
2018-10-21,8.91,2.9172,8.47,0.52,75.8
2018-10-22,9.24,2.621,5.29,0.0,70.21
2018-10-23,13.45,3.8446,5.56,0.09,71.86
2018-10-24,10.17,3.1958,7.91,0.07,75.58
2018-10-25,8.38,4.0346,5.84,0.0,74.88
2018-10-26,8.12,2.4086,4.0,1.68,73.23
2018-10-27,11.42,0.9298,9.96,56.13,92.92
2018-10-28,10.6,1.8602,5.45,0.48,81.83
2018-10-29,11.81,1.8302,7.42,2.11,81.76
2018-10-30,9.61,3.8618,6.09,0.03,72.47
2018-10-31,12.79,3.3708,5.15,0.02,77.7
2018-11-01,15.22,2.7089,5.2,0.07,92.54
2018-11-02,17.28,1.0946,8.44,9.84,95.56
2018-11-03,13.72,2.8697,9.05,22.35,80.7
2018-11-04,9.51,3.617,3.87,0.0,70.49
2018-11-05,12.09,0.7174,7.91,18.84,87.81
2018-11-06,13.82,0.6074,4.55,10.42,97.15
2018-11-07,13.18,3.1092,6.47,0.02,80.54
2018-11-08,9.98,3.3254,4.48,0.0,71.83
2018-11-09,10.17,0.9139,6.29,35.4,83.16
2018-11-10,6.7,2.7972,9.19,0.56,75.56
2018-11-11,5.29,3.3422,5.15,0.0,70.39
2018-11-12,7.71,2.1242,2.54,2.65,67.47
2018-11-13,9.84,1.139,6.33,40.64,90.31
2018-11-14,3.79,2.8054,7.84,0.0,71.06
2018-11-15,3.26,0.6372,8.64,48.06,85.46
2018-11-16,6.0,2.3371,9.5,7.68,88.6
2018-11-17,5.97,1.3954,6.49,0.06,81.19
2018-11-18,5.87,1.139,2.96,0.01,74.29
2018-11-19,8.42,1.7849,2.72,0.07,89.45
2018-11-20,7.31,1.3954,4.57,0.98,89.28
2018-11-21,4.34,1.872,8.0,0.03,75.35
2018-11-22,-2.4,3.1522,8.64,0.0,76.82
2018-11-23,-1.48,2.8699,4.27,0.0,73.79
2018-11-24,7.17,0.9878,6.5,67.41,86.9
2018-11-25,8.48,2.1466,6.29,17.05,90.55
2018-11-26,9.81,0.7418,6.33,38.88,92.36
2018-11-27,5.52,1.4508,9.64,0.15,83.05
2018-11-28,3.94,1.5835,10.27,0.18,81.1
2018-11-29,5.06,2.0177,7.93,0.01,79.45
2018-11-30,4.56,0.6986,2.23,1.21,74.31
2018-12-01,5.32,1.7266,4.08,3.46,84.26
2018-12-02,11.26,0.7771,5.85,23.01,97.53
2018-12-03,9.69,1.9481,6.07,0.35,86.45
2018-12-04,3.45,2.388,6.74,0.01,75.33
2018-12-05,1.66,1.567,4.61,0.58,74.94
2018-12-06,2.95,1.8473,6.6,0.03,76.03
2018-12-07,2.24,2.6858,6.79,0.0,75.18
2018-12-08,0.45,2.1026,4.85,0.0,72.44
2018-12-09,1.19,1.325,2.74,0.31,67.78
2018-12-10,1.85,2.6158,5.63,0.82,76.54
2018-12-11,1.86,2.4218,3.57,0.14,77.83
2018-12-12,2.76,1.482,4.95,0.02,75.36
2018-12-13,4.86,0.7949,5.08,1.45,83.09
2018-12-14,7.03,0.8942,4.17,1.66,94.99
2018-12-15,7.74,0.3823,4.54,2.45,94.93
2018-12-16,5.62,0.533,10.81,39.8,91.93
2018-12-17,4.74,1.4666,8.17,1.78,84.47
2018-12-18,0.9,2.6374,8.82,0.01,76.12
2018-12-19,1.77,2.2673,4.38,0.0,76.57
2018-12-20,6.23,0.9372,4.01,5.22,88.96
2018-12-21,11.32,0.5983,8.56,56.03,97.04
2018-12-22,6.5,1.1489,8.89,0.27,83.73
2018-12-23,3.92,2.3206,3.63,0.09,70.46
2018-12-24,4.48,1.3207,4.56,0.9,79.42
2018-12-25,2.61,1.6058,5.81,0.0,78.14
2018-12-26,2.77,2.2987,4.94,0.04,77.83
2018-12-27,3.4,2.3033,4.81,0.1,81.72
2018-12-28,9.01,0.3576,7.54,80.19,95.14
2018-12-29,7.24,2.2394,6.11,0.11,85.08
2018-12-30,3.0,1.2266,2.18,0.58,73.28
2018-12-31,5.93,0.7634,5.18,24.66,84.24
2019-01-01,8.79,1.771,8.87,1.02,85.21
2019-01-02,2.63,1.8134,4.29,0.04,72.53
2019-01-03,4.76,1.4748,5.2,0.68,82.39
2019-01-04,4.37,1.8722,5.18,0.71,85.74
2019-01-05,6.15,0.6154,7.0,24.98,93.86
2019-01-06,4.15,1.817,7.88,0.16,81.41
2019-01-07,-0.77,1.908,5.38,0.0,71.77
2019-01-08,5.62,0.5702,3.88,3.44,93.12
2019-01-09,4.58,2.1298,10.19,4.98,79.97
2019-01-10,0.4,1.3757,11.02,0.29,77.37
2019-01-11,-2.29,2.8342,8.74,0.0,76.49
2019-01-12,-1.83,2.2205,3.0,0.03,68.2
2019-01-13,-0.98,2.0266,6.21,0.22,77.62
2019-01-14,-1.42,2.7684,6.49,0.05,82.33
2019-01-15,-0.45,2.5226,3.75,0.0,72.68
2019-01-16,1.32,0.9835,6.23,0.05,79.89
2019-01-17,-0.88,2.3038,4.15,0.15,66.49
2019-01-18,2.24,1.0462,2.99,2.36,86.67
2019-01-19,2.2,0.9473,5.2,9.45,81.23
2019-01-20,1.79,1.097,10.99,71.13,93.27
2019-01-21,-10.2,2.8862,12.92,0.4,96.11
2019-01-22,-4.33,3.0902,5.73,0.0,74.82
2019-01-23,3.09,1.3718,7.29,0.25,83.79
2019-01-24,7.35,0.6792,11.52,47.58,92.41
2019-01-25,0.89,2.7463,7.34,0.0,73.47
2019-01-26,-0.8,2.79,3.42,0.01,63.45
2019-01-27,3.51,1.9627,6.33,0.02,81.98
2019-01-28,-0.93,2.652,5.35,0.0,72.81
2019-01-29,2.25,0.8753,5.62,8.42,83.99
2019-01-30,-4.22,2.8402,9.95,0.75,78.66
2019-01-31,-9.8,3.3127,7.6,0.0,90.26
2019-02-01,-7.49,2.1451,4.46,0.7,80.18
2019-02-02,-3.3,2.6551,5.88,0.0,79.14
2019-02-03,1.72,2.9388,3.38,0.01,90.36
2019-02-04,3.57,3.3509,2.76,0.06,94.61
2019-02-05,6.41,3.1394,3.77,0.1,91.12
2019-02-06,3.8,2.4166,4.93,10.48,86.79
2019-02-07,4.43,1.243,3.93,6.39,96.82
2019-02-08,4.78,2.1715,7.49,8.49,85.01
2019-02-09,-1.3,4.0152,9.07,0.0,70.47
2019-02-10,-0.88,3.1512,3.91,0.17,69.41
2019-02-11,1.07,1.9351,3.34,1.37,74.66
2019-02-12,1.62,0.8141,8.35,29.01,89.28
2019-02-13,2.57,2.5361,8.51,5.88,84.22
2019-02-14,2.31,3.4922,6.14,0.01,78.14
2019-02-15,6.76,2.4019,7.26,0.2,92.18
2019-02-16,2.57,4.081,6.27,0.0,75.58
2019-02-17,-0.21,3.0502,3.68,3.82,76.63
2019-02-18,1.9,1.7837,6.53,4.83,87.37
2019-02-19,-1.18,4.3231,5.86,0.0,71.69
2019-02-20,-0.35,0.6242,4.51,21.8,79.89
2019-02-21,3.85,3.721,5.34,3.87,90.36
2019-02-22,3.19,2.6938,4.51,0.0,78.32
2019-02-23,2.24,2.0242,3.7,2.14,81.77
2019-02-24,5.48,1.0596,8.21,25.22,93.81
2019-02-25,1.5,4.627,13.25,0.03,67.72
2019-02-26,-1.09,4.5314,8.48,0.01,70.38
2019-02-27,-2.28,2.9088,4.14,0.29,72.42
2019-02-28,0.09,4.5722,5.03,0.67,76.78
2019-03-01,0.83,1.583,4.96,4.61,82.62
2019-03-02,1.63,1.788,6.14,25.24,90.62
2019-03-03,1.87,2.4842,4.05,17.77,84.87
2019-03-04,1.01,3.3595,7.76,13.17,84.84
2019-03-05,-2.96,4.4494,5.73,0.01,73.59
2019-03-06,-4.7,3.7656,8.11,0.09,75.94
2019-03-07,-3.58,3.3758,6.04,0.14,75.24
2019-03-08,-0.34,3.6386,2.71,0.12,68.16
2019-03-09,2.19,4.5545,2.96,0.01,79.28
2019-03-10,4.43,1.2425,5.86,29.26,96.15
2019-03-11,5.05,5.1192,6.04,0.0,81.93
2019-03-12,2.19,4.7532,6.82,0.02,74.27
2019-03-13,2.61,4.3951,3.33,0.02,73.31
2019-03-14,5.58,4.3997,4.95,0.01,90.05
2019-03-15,9.32,3.312,8.39,12.05,97.25
2019-03-16,5.62,4.6181,7.52,0.01,76.08
2019-03-17,2.33,5.604,5.37,0.0,69.51
2019-03-18,3.04,4.818,2.36,0.01,62.0
2019-03-19,3.86,5.3244,3.28,0.0,70.29
2019-03-20,4.52,5.2973,3.99,0.0,82.49
2019-03-21,6.16,1.2682,7.77,20.84,90.91
2019-03-22,5.75,2.8322,9.16,5.77,85.67
2019-03-23,3.31,6.0768,10.42,0.26,73.13
2019-03-24,5.79,5.4228,5.91,0.0,75.01
2019-03-25,6.7,1.4748,3.29,0.79,83.3
2019-03-26,3.19,6.5455,7.16,0.0,64.76
2019-03-27,2.43,5.9102,4.45,0.0,66.85
2019-03-28,4.88,5.7499,4.8,0.0,80.83
2019-03-29,8.19,1.716,5.0,0.1,93.15
2019-03-30,8.76,4.6104,6.46,0.39,90.68
2019-03-31,8.01,1.7904,7.85,8.85,86.83
2019-04-01,3.23,6.7565,7.02,0.0,65.06
2019-04-02,5.12,4.7866,5.87,1.58,76.45
2019-04-03,8.05,6.6557,7.86,0.19,77.53
2019-04-04,7.09,6.3341,4.3,0.0,72.85
2019-04-05,4.44,1.8792,5.58,11.01,78.56
2019-04-06,9.27,5.9827,2.75,0.52,85.96
2019-04-07,9.31,5.2231,3.7,0.16,87.61
2019-04-08,12.5,4.1942,5.21,4.68,92.0
2019-04-09,7.78,3.7061,4.49,1.55,95.82
2019-04-10,8.51,6.1056,4.74,0.0,80.43
2019-04-11,6.17,3.8417,3.71,0.0,67.95
2019-04-12,10.24,3.9336,6.13,2.06,91.22
2019-04-13,12.44,4.6678,5.62,13.54,93.05
2019-04-14,11.98,2.6633,4.81,2.4,96.46
2019-04-15,11.24,3.3706,9.98,15.01,81.34
2019-04-16,9.27,6.8268,6.42,0.05,70.64
2019-04-17,9.04,5.2543,4.49,0.59,76.78
2019-04-18,10.85,3.701,7.88,0.6,88.27
2019-04-19,13.12,3.5194,9.56,3.95,95.95
2019-04-20,12.21,2.5303,8.04,17.39,96.11
2019-04-21,11.38,4.1873,3.34,0.09,89.87
2019-04-22,11.76,2.6594,4.35,7.36,93.75
2019-04-23,13.85,6.5594,4.31,0.21,85.62
2019-04-24,13.87,7.6481,4.98,0.27,77.79
2019-04-25,10.6,4.3927,3.59,0.79,80.53
2019-04-26,12.51,1.7009,6.09,45.74,95.4
2019-04-27,10.72,6.8186,7.96,0.16,73.49
2019-04-28,9.4,2.9352,3.95,1.75,83.06
2019-04-29,8.87,6.3336,4.36,3.07,70.79
2019-04-30,11.43,4.0747,2.72,2.17,91.3
2019-05-01,10.74,1.9382,4.14,0.69,90.42
2019-05-02,12.19,5.988,3.66,0.94,93.53
2019-05-03,10.83,2.1914,3.47,2.8,93.68
2019-05-04,13.19,3.7889,1.99,4.46,93.3
2019-05-05,11.12,1.5658,7.16,46.64,95.06
2019-05-06,12.37,6.0722,4.49,0.03,84.13
2019-05-07,12.58,6.0883,4.25,0.55,89.76
2019-05-08,13.14,5.563,2.95,3.05,87.75
2019-05-09,11.43,2.6623,6.16,0.05,86.8
2019-05-10,14.88,3.6773,7.23,1.23,92.87
2019-05-11,14.68,7.2562,3.42,3.98,75.95
2019-05-12,9.2,1.3834,9.5,34.26,90.93
2019-05-13,8.49,1.6522,7.51,24.21,90.01
2019-05-14,8.81,2.9045,2.53,4.06,86.77
2019-05-15,12.15,7.1237,4.32,0.5,79.51
2019-05-16,15.08,6.8942,3.02,1.11,75.78
2019-05-17,15.18,4.6342,5.28,1.69,91.14
2019-05-18,15.21,7.5955,3.99,0.14,76.36
2019-05-19,15.72,6.9091,6.27,1.61,91.27
2019-05-20,18.67,6.1553,6.04,1.25,89.12
2019-05-21,15.13,8.1907,6.8,0.0,71.35
2019-05-22,15.58,7.5228,3.86,0.0,72.87
2019-05-23,15.65,4.5312,6.74,11.43,90.53
2019-05-24,17.63,7.8869,5.99,0.02,81.04
2019-05-25,15.03,5.9206,4.84,3.46,83.78
2019-05-26,19.43,6.7464,4.23,25.2,86.33
2019-05-27,19.83,7.5451,3.1,0.34,73.27
2019-05-28,17.56,2.7989,5.49,6.17,92.55
2019-05-29,16.84,4.3517,4.66,9.23,91.98
2019-05-30,16.48,3.6924,3.77,9.22,93.06
2019-05-31,19.81,7.1213,3.26,0.2,83.2
2019-06-01,18.09,5.8788,3.03,0.09,88.87
2019-06-02,19.2,5.9239,3.66,1.95,89.48
2019-06-03,16.7,8.292,5.02,1.02,70.44
2019-06-04,15.97,8.3194,4.19,0.01,70.51
2019-06-05,19.19,5.3484,6.49,1.74,90.37
2019-06-06,21.62,6.7685,2.82,2.52,82.8
2019-06-07,19.07,5.7456,2.43,0.05,88.88
2019-06-08,18.15,7.247,4.42,0.0,83.45
2019-06-09,17.12,8.0827,5.9,0.0,81.68
2019-06-10,17.76,2.0904,6.11,11.15,94.6
2019-06-11,19.05,7.7647,5.83,17.88,80.91
2019-06-12,17.11,7.4467,4.38,0.0,80.49
2019-06-13,16.56,3.5746,4.91,26.91,90.81
2019-06-14,17.84,6.8364,6.41,0.36,78.08
2019-06-15,18.41,7.7429,6.56,0.1,83.52
2019-06-16,20.12,4.3841,5.68,1.9,89.98
2019-06-17,20.16,3.8318,2.48,15.58,88.95
2019-06-18,19.81,3.1567,2.1,8.08,95.86
2019-06-19,19.62,2.2471,3.35,5.74,95.71
2019-06-20,21.02,3.6048,4.21,4.22,95.96
2019-06-21,20.46,4.9627,5.76,20.31,85.78
2019-06-22,20.03,7.86,5.38,0.02,76.39
2019-06-23,20.71,8.364,4.62,0.0,77.14
2019-06-24,20.89,6.0662,3.47,0.1,85.32
2019-06-25,22.37,5.0621,3.94,12.29,91.19
2019-06-26,23.66,8.2963,2.85,0.07,79.17
2019-06-27,24.78,7.975,1.63,0.04,76.63
2019-06-28,24.38,7.1904,2.22,0.04,78.97
2019-06-29,23.93,5.9138,4.11,4.79,90.51
2019-06-30,23.09,7.4525,5.35,0.63,80.19
2019-07-01,22.32,8.4396,3.85,0.0,77.17
2019-07-02,23.56,6.1622,4.11,0.92,85.02
2019-07-03,24.61,5.4691,1.67,1.76,83.82
2019-07-04,23.98,7.7201,2.74,0.07,90.04
2019-07-05,23.84,4.6618,3.13,0.91,93.43
2019-07-06,25.1,5.1144,4.1,5.82,92.16
2019-07-07,23.42,6.5009,4.23,0.93,84.69
2019-07-08,21.99,3.4668,2.6,10.02,76.27
2019-07-09,23.87,7.5974,2.88,0.01,80.14
2019-07-10,24.36,6.2844,3.9,0.01,81.95
2019-07-11,23.72,3.631,5.28,11.3,90.91
2019-07-12,24.85,7.1786,3.93,10.37,84.45
2019-07-13,24.24,7.9759,3.92,0.0,79.36
2019-07-14,25.22,7.4354,4.48,0.56,80.31
2019-07-15,24.01,8.1386,3.01,0.0,73.45
2019-07-16,24.73,7.5797,3.83,0.1,77.97
2019-07-17,25.8,6.4502,4.15,10.03,90.67
2019-07-18,24.95,3.0574,2.14,14.09,91.09
2019-07-19,25.59,6.6698,3.79,1.2,87.24
2019-07-20,27.45,7.038,4.06,1.8,82.66
2019-07-21,27.76,7.3762,4.25,4.4,81.75
2019-07-22,26.24,6.0096,4.0,13.37,87.14
2019-07-23,22.28,2.6868,4.46,38.6,85.47
2019-07-24,22.96,7.3534,4.3,10.3,78.64
2019-07-25,23.93,7.4131,2.75,0.29,75.71
2019-07-26,24.24,7.2329,2.37,0.01,77.22
2019-07-27,24.18,7.0774,3.89,0.12,80.82
2019-07-28,24.85,7.2442,5.25,0.37,82.35
2019-07-29,25.33,6.8234,4.69,1.33,84.25
2019-07-30,25.78,7.0284,4.51,1.9,83.47
2019-07-31,25.18,4.6975,3.26,9.13,82.68
2019-08-01,24.98,6.408,2.29,16.48,77.66
2019-08-02,24.86,5.5212,2.43,1.02,79.36
2019-08-03,24.92,6.444,3.44,8.0,84.88
2019-08-04,25.34,6.7589,2.34,3.56,78.67
2019-08-05,23.91,6.0199,3.48,1.14,82.18
2019-08-06,24.05,4.061,2.73,5.96,86.35
2019-08-07,24.62,3.751,5.87,17.36,89.01
2019-08-08,24.05,6.1714,4.64,2.81,84.77
2019-08-09,23.96,6.5446,3.64,0.35,76.33
2019-08-10,22.87,6.833,4.85,0.03,71.31
2019-08-11,22.43,6.93,3.44,0.0,66.95
2019-08-12,23.23,7.169,4.82,0.0,73.89
2019-08-13,23.75,2.4036,4.22,20.51,91.02
2019-08-14,23.28,3.1032,2.42,12.72,90.88
2019-08-15,22.93,5.688,3.96,0.55,82.58
2019-08-16,23.2,4.5828,3.05,0.84,89.16
2019-08-17,24.3,5.3503,2.36,1.9,90.63
2019-08-18,25.13,4.8418,2.86,3.27,88.99
2019-08-19,25.34,5.561,3.71,5.24,88.33
2019-08-20,25.15,6.3091,2.78,0.05,79.96
2019-08-21,25.13,4.4374,4.91,8.77,90.61
2019-08-22,25.63,5.8584,3.73,2.73,84.64
2019-08-23,22.01,2.598,4.18,11.48,78.54
2019-08-24,21.26,6.3406,4.86,0.02,65.74
2019-08-25,20.29,5.5546,7.2,0.47,76.34
2019-08-26,19.26,5.7857,5.37,0.09,75.62
2019-08-27,19.88,3.9888,3.41,0.0,76.09
2019-08-28,21.6,3.499,2.79,18.2,92.69
2019-08-29,22.51,6.5225,4.43,0.84,76.68
2019-08-30,22.47,6.3374,5.34,0.02,76.64
2019-08-31,22.67,5.8015,3.26,0.01,68.82
2019-09-01,21.16,5.2932,4.96,0.0,76.59
2019-09-02,22.67,3.3326,5.07,7.49,85.44
2019-09-03,22.12,6.3139,3.35,0.59,78.51
2019-09-04,23.18,4.7868,5.27,0.72,88.42
2019-09-05,20.61,4.05,4.12,0.04,71.0
2019-09-06,18.5,1.4962,8.28,13.87,83.54
2019-09-07,19.77,5.3988,5.67,0.05,74.45
2019-09-08,20.86,4.7158,3.0,0.0,74.85
2019-09-09,21.58,4.1374,2.86,0.28,83.62
2019-09-10,21.93,3.3415,3.58,0.24,86.68
2019-09-11,23.09,5.2937,5.68,0.05,83.95
2019-09-12,22.56,2.8193,4.56,2.98,85.33
2019-09-13,18.48,3.7152,6.93,0.02,72.07
2019-09-14,21.29,2.1497,5.58,0.06,77.36
2019-09-15,22.64,5.5925,2.39,1.21,79.68
2019-09-16,22.09,3.1656,1.97,0.63,75.4
2019-09-17,20.29,5.9688,4.03,0.0,62.17
2019-09-18,17.88,5.2152,5.46,0.0,69.48
2019-09-19,16.2,6.0468,3.59,0.0,62.45
2019-09-20,18.99,5.7682,4.94,0.0,64.78
2019-09-21,20.35,5.6138,3.55,0.0,70.97
2019-09-22,21.25,5.1338,4.51,0.01,82.78
2019-09-23,22.95,4.9068,6.55,0.77,82.52
2019-09-24,21.56,4.2746,4.74,0.52,71.0
2019-09-25,20.09,5.4509,4.33,0.0,68.46
2019-09-26,20.6,3.6259,4.66,0.79,83.43
2019-09-27,19.29,5.3676,3.4,0.01,69.81
2019-09-28,21.52,4.044,5.53,0.99,82.0
2019-09-29,21.89,4.2629,3.7,1.31,73.96
2019-09-30,18.78,2.1794,4.37,0.14,72.29
2019-10-01,21.23,3.9211,5.93,0.08,77.62
2019-10-02,24.03,4.2346,6.07,0.96,76.96
2019-10-03,16.9,0.6067,6.93,16.34,86.53
2019-10-04,16.96,4.3411,7.2,1.16,71.95
2019-10-05,12.87,5.0525,5.03,0.0,65.71
2019-10-06,19.14,0.8947,6.97,1.6,77.55
2019-10-07,20.66,2.1938,6.52,1.08,86.38
2019-10-08,16.56,2.0014,7.49,0.94,77.87
2019-10-09,14.68,1.3802,9.11,4.95,81.11
2019-10-10,16.21,3.6509,9.49,0.07,65.77
2019-10-11,15.27,2.6431,9.1,0.16,70.69
2019-10-12,15.81,3.7152,3.68,0.12,75.73
2019-10-13,15.34,3.7495,3.68,2.68,74.82
2019-10-14,17.3,4.3291,3.82,6.24,73.69
2019-10-15,14.45,4.4066,3.57,0.0,65.23
2019-10-16,16.4,1.0308,8.15,41.73,85.26
2019-10-17,13.44,2.3546,12.45,0.12,67.0
2019-10-18,12.64,3.1363,6.89,0.01,68.47
2019-10-19,11.78,4.3848,3.64,0.0,69.17
2019-10-20,14.3,1.134,4.04,17.83,77.16
2019-10-21,14.68,4.068,5.54,0.38,83.7
2019-10-22,15.46,0.9898,6.36,15.44,91.94
2019-10-23,15.71,4.0457,6.17,6.96,73.24
2019-10-24,14.0,4.0913,4.21,0.0,64.08
2019-10-25,14.03,2.6702,3.31,0.02,83.51
2019-10-26,14.2,2.8488,4.3,1.79,73.74
2019-10-27,16.61,1.0193,8.62,29.89,90.0
2019-10-28,14.29,2.617,4.49,0.26,85.5
2019-10-29,14.83,1.7266,4.06,3.59,93.66
2019-10-30,16.21,1.4738,2.81,5.54,97.47
2019-10-31,17.96,0.9161,10.02,9.1,95.61
2019-11-01,11.17,3.8842,8.67,6.1,66.98
2019-11-02,9.11,3.3509,3.34,0.0,71.61
2019-11-03,9.43,3.2443,5.56,0.0,68.72
2019-11-04,10.42,3.4116,4.37,0.0,63.75
2019-11-05,13.38,1.3829,4.74,0.45,85.49
2019-11-06,10.16,3.5599,4.4,0.0,67.02
2019-11-07,11.09,1.1546,6.01,3.6,76.93
2019-11-08,3.77,3.2436,8.18,0.03,73.63
2019-11-09,3.15,3.1109,3.82,0.0,67.25
2019-11-10,8.43,1.9262,5.37,0.0,67.06
2019-11-11,12.14,2.4499,4.08,0.03,87.78
2019-11-12,6.14,0.7078,8.9,3.86,82.78
2019-11-13,0.26,3.4423,6.77,0.0,69.24
2019-11-14,4.92,2.226,4.44,0.0,68.11
2019-11-15,7.14,3.0317,5.19,0.03,68.56
2019-11-16,3.62,3.3086,9.23,0.0,66.28
2019-11-17,4.76,1.7165,9.4,0.59,84.69
2019-11-18,6.05,0.9883,6.54,8.06,90.74
2019-11-19,7.15,2.1007,4.09,6.97,84.6
2019-11-20,5.93,2.0434,6.6,0.18,81.95
2019-11-21,7.42,2.7677,5.09,0.0,75.84
2019-11-22,8.52,0.8827,7.82,3.04,79.56
2019-11-23,5.09,2.4288,4.06,2.22,68.84
2019-11-24,7.97,0.7265,7.63,40.85,93.11
2019-11-25,7.16,2.4768,5.17,0.0,83.72
2019-11-26,9.77,2.7146,4.35,0.01,88.09
2019-11-27,10.96,0.8923,5.48,2.77,94.21
2019-11-28,7.44,1.6476,11.11,0.02,71.96
2019-11-29,3.23,2.273,7.57,0.0,77.01
2019-11-30,3.16,2.5961,5.73,0.0,68.39
2019-12-01,4.26,0.775,7.75,29.79,84.21
2019-12-02,3.43,0.5328,9.7,11.89,95.63
2019-12-03,1.52,2.4962,9.19,0.46,84.82
2019-12-04,3.61,0.7596,5.12,0.61,83.54
2019-12-05,3.95,1.6034,8.01,0.47,81.93
2019-12-06,5.15,1.4402,7.04,0.43,77.89
2019-12-07,1.78,2.4118,6.26,0.0,75.21
2019-12-08,3.11,2.1247,4.32,0.01,72.52
2019-12-09,9.94,0.5791,7.27,37.05,97.11
2019-12-10,10.85,0.6749,7.02,10.38,93.15
2019-12-11,2.61,1.2713,6.16,12.45,81.25
2019-12-12,0.52,2.3825,4.43,0.0,65.54
2019-12-13,8.09,0.653,5.44,22.51,89.4
2019-12-14,10.56,0.9214,7.71,36.65,94.57
2019-12-15,6.02,1.4482,9.29,0.17,74.8
2019-12-16,2.46,0.499,3.02,5.89,71.91
2019-12-17,3.51,0.3038,5.53,19.33,96.04
2019-12-18,0.94,1.842,8.61,0.13,81.38
2019-12-19,-4.26,2.6033,9.14,0.02,84.42
2019-12-20,-1.92,2.5894,6.37,0.0,80.99
2019-12-21,-0.29,1.5242,2.54,0.0,82.32
2019-12-22,2.72,2.4557,5.35,0.0,85.84
2019-12-23,4.73,2.375,5.59,0.0,92.74
2019-12-24,4.01,2.3974,5.72,0.0,83.72
2019-12-25,4.29,2.1007,2.44,0.0,82.22
2019-12-26,5.49,1.6013,3.9,0.04,93.36
2019-12-27,8.11,1.0997,4.54,0.18,92.39
2019-12-28,6.27,1.9946,3.8,0.01,86.62
2019-12-29,5.17,0.7848,4.0,14.59,87.16
2019-12-30,6.33,0.4474,8.86,34.04,96.1
2019-12-31,4.86,0.9893,5.44,0.8,88.93
2020-01-01,2.77,1.4484,7.42,0.01,76.33
2020-01-02,4.67,2.1391,5.45,0.0,84.15
2020-01-03,7.05,0.5582,3.3,7.28,96.32
2020-01-04,7.83,0.4462,3.63,7.6,95.59
2020-01-05,3.59,1.7734,8.99,0.3,75.02
2020-01-06,4.03,1.825,6.32,0.46,78.29
2020-01-07,3.71,1.2329,4.43,3.33,78.75
2020-01-08,2.07,2.1098,9.19,0.08,78.2
2020-01-09,-0.53,2.6014,4.88,0.0,66.22
2020-01-10,6.35,1.266,6.01,0.02,91.95
2020-01-11,10.13,1.7676,8.52,0.11,95.67
2020-01-12,11.68,2.4823,9.25,7.13,83.19
2020-01-13,6.09,0.9216,4.15,0.11,91.73
2020-01-14,5.91,0.816,3.64,1.3,94.21
2020-01-15,6.93,2.7581,3.95,0.04,84.3
2020-01-16,6.12,1.9152,10.28,4.12,78.85
2020-01-17,-2.05,3.1193,9.6,0.0,71.98
2020-01-18,-0.54,0.7385,5.49,13.48,77.51
2020-01-19,3.22,2.3767,8.04,1.66,81.87
2020-01-20,-2.68,3.1162,8.55,0.0,76.4
2020-01-21,-2.29,3.0154,5.15,0.0,76.61
2020-01-22,-0.19,3.0432,2.43,0.0,69.01
2020-01-23,3.47,2.3366,2.4,0.0,66.98
2020-01-24,5.19,2.7362,3.8,0.0,80.68
2020-01-25,6.11,0.5575,9.36,41.62,97.3
2020-01-26,4.11,2.1317,5.83,0.02,84.92
2020-01-27,3.66,1.3536,6.66,0.03,83.58
2020-01-28,2.78,2.0222,6.82,0.01,80.24
2020-01-29,1.1,3.2544,6.23,0.0,73.57
2020-01-30,0.35,2.8558,3.91,0.0,72.38
2020-01-31,4.1,1.6075,2.57,1.38,81.08
2020-02-01,3.82,0.8801,2.17,0.95,93.82
2020-02-02,3.25,1.789,4.4,3.14,87.66
2020-02-03,5.9,3.3403,4.38,0.04,85.07
2020-02-04,7.56,1.3346,3.32,0.78,96.26
2020-02-05,5.2,0.9703,5.13,2.69,76.68
2020-02-06,4.92,0.5717,4.19,17.48,96.02
2020-02-07,5.36,1.2149,8.65,24.76,85.11
2020-02-08,1.82,2.6909,6.45,0.02,70.78
2020-02-09,4.13,2.6083,3.48,0.16,76.1
2020-02-10,5.98,0.9888,6.11,11.06,91.68
2020-02-11,6.31,1.1441,2.8,18.61,94.86
2020-02-12,4.14,3.1951,5.05,2.99,73.12
2020-02-13,5.67,0.631,5.66,13.0,93.11
2020-02-14,-0.97,3.6305,8.2,0.01,76.43
2020-02-15,-3.4,4.0586,4.61,0.0,70.77
2020-02-16,3.01,2.2934,5.18,0.0,80.52
2020-02-17,4.43,4.0466,3.47,0.01,79.93
2020-02-18,5.96,1.8638,5.31,0.66,92.06
2020-02-19,4.33,4.3418,6.44,0.23,73.86
2020-02-20,0.21,2.4718,5.16,0.0,66.43
2020-02-21,-1.57,4.579,5.76,0.0,65.13
2020-02-22,2.62,4.5449,6.06,0.0,70.3
2020-02-23,4.23,4.4638,4.78,0.0,77.96
2020-02-24,5.52,3.8695,3.64,0.01,93.66
2020-02-25,6.35,1.235,2.76,5.12,96.9
2020-02-26,6.33,1.1441,4.68,3.21,96.44
2020-02-27,4.1,4.0997,11.93,8.95,74.27
2020-02-28,1.61,3.6475,8.87,0.2,70.18
2020-02-29,-0.29,3.491,7.67,0.21,69.54
2020-03-01,1.18,4.8828,6.17,0.0,69.86
2020-03-02,6.71,4.2295,7.4,1.68,84.06
2020-03-03,8.31,1.715,5.65,8.57,93.62
2020-03-04,7.71,4.8497,7.37,0.7,76.31
2020-03-05,5.41,4.8674,4.45,0.01,73.31
2020-03-06,5.43,1.0478,6.04,4.45,83.48
2020-03-07,3.39,5.3256,8.47,0.51,72.1
2020-03-08,5.38,4.8307,5.31,0.0,70.18
2020-03-09,8.62,5.202,6.23,0.0,81.79
2020-03-10,10.35,2.3554,7.27,0.67,89.42
2020-03-11,7.6,3.7879,3.3,0.0,75.09
2020-03-12,6.89,1.5778,4.59,2.42,90.55
2020-03-13,10.54,3.2105,7.83,6.78,84.27
2020-03-14,7.06,5.3062,5.11,0.25,72.31
2020-03-15,6.47,5.3959,3.82,0.12,69.45
2020-03-16,3.78,4.489,6.36,0.11,74.87
2020-03-17,7.16,2.5142,3.95,5.12,90.4
2020-03-18,6.36,4.7815,4.09,0.64,73.12
2020-03-19,7.98,2.1098,3.44,26.27,92.41
2020-03-20,11.57,2.8757,6.28,1.92,94.58
2020-03-21,6.81,5.4226,5.59,0.11,68.95
2020-03-22,3.1,5.0018,7.0,0.0,71.34
2020-03-23,4.41,1.3121,9.43,40.46,88.82
2020-03-24,5.95,5.4672,4.66,0.0,81.49
2020-03-25,5.73,1.9236,7.74,1.66,88.14
2020-03-26,6.45,5.8289,5.02,0.0,81.73
2020-03-27,10.37,5.7655,4.07,0.05,75.62
2020-03-28,8.11,1.1803,5.44,8.04,91.95
2020-03-29,8.07,1.2871,4.65,3.28,96.88
2020-03-30,6.7,1.7947,2.91,5.2,94.26
2020-03-31,5.86,2.148,4.29,0.82,84.41
2020-04-01,6.48,5.0294,5.84,0.0,75.29
2020-04-02,7.65,6.5153,9.02,0.07,74.56
2020-04-03,7.95,3.5527,8.93,3.12,84.09
2020-04-04,8.6,3.6022,4.54,0.3,85.97
2020-04-05,9.54,3.5777,3.56,0.58,90.25
2020-04-06,10.56,6.5998,3.42,2.74,77.41
2020-04-07,9.69,5.2409,3.63,2.83,80.16
2020-04-08,10.93,4.5098,4.0,2.12,89.3
2020-04-09,9.52,3.4697,8.2,2.73,82.87
2020-04-10,6.31,4.1734,10.53,0.3,71.27
2020-04-11,6.78,6.4673,6.76,0.0,69.49
2020-04-12,9.24,4.6193,6.0,0.28,84.42
2020-04-13,12.76,1.0087,11.64,50.49,89.88
2020-04-14,9.17,5.2824,4.23,0.41,73.9
2020-04-15,7.28,6.3235,5.55,5.22,69.42
2020-04-16,6.35,5.6654,7.15,0.02,66.32
2020-04-17,5.81,4.6656,5.53,2.68,68.99
2020-04-18,6.36,2.5013,6.19,5.53,84.44
2020-04-19,8.13,6.4838,6.88,0.0,79.17
2020-04-20,8.56,3.805,4.65,0.02,80.2
2020-04-21,8.93,4.0066,8.24,5.32,83.99
2020-04-22,5.7,7.6207,7.66,0.0,63.64
2020-04-23,5.69,3.8462,2.95,3.95,71.71
2020-04-24,8.17,1.8679,5.58,30.6,93.88
2020-04-25,8.84,5.4418,3.03,0.0,86.11
2020-04-26,8.32,1.1302,7.93,8.54,92.9
2020-04-27,7.17,2.669,6.92,1.06,83.81
2020-04-28,9.4,7.4983,3.88,0.0,76.34
2020-04-29,9.53,3.3679,7.1,0.58,89.35
2020-04-30,11.64,1.8305,11.17,17.98,93.7
2020-05-01,12.55,4.1155,4.15,6.77,90.39
2020-05-02,13.01,7.4052,5.37,0.0,76.26
2020-05-03,14.54,5.4137,5.18,1.14,85.03
2020-05-04,13.02,6.0326,5.82,1.76,77.06
2020-05-05,10.19,6.6144,4.21,0.0,67.75
2020-05-06,8.93,2.147,4.51,2.95,87.35
2020-05-07,11.17,7.631,5.15,0.05,73.06
2020-05-08,8.58,2.0369,4.13,8.15,79.11
2020-05-09,5.46,6.5885,10.03,0.12,66.27
2020-05-10,9.03,7.8074,7.36,0.0,71.64
2020-05-11,10.21,4.6421,6.1,6.02,82.5
2020-05-12,9.14,7.537,6.49,0.36,67.79
2020-05-13,9.63,8.2997,3.79,0.0,67.36
2020-05-14,11.45,7.2271,4.12,0.3,80.89
2020-05-15,15.9,6.1418,6.15,2.99,88.21
2020-05-16,15.72,6.9223,4.06,0.89,82.51
2020-05-17,11.88,5.9309,4.79,0.19,86.58
2020-05-18,12.31,5.0971,5.59,0.0,86.77
2020-05-19,12.42,6.6938,8.28,0.0,75.35
2020-05-20,11.03,6.9725,7.07,0.0,73.52
2020-05-21,10.78,8.3282,3.52,0.02,85.76
2020-05-22,14.14,4.5564,3.06,4.45,92.05
2020-05-23,14.53,2.5982,3.93,6.71,91.42
2020-05-24,12.66,6.049,5.39,0.58,83.32
2020-05-25,13.41,5.2162,3.29,0.78,93.22
2020-05-26,14.86,6.9449,1.86,0.13,93.52
2020-05-27,15.29,5.6328,2.86,0.17,93.8
2020-05-28,16.51,3.0197,5.79,2.45,95.71
2020-05-29,17.57,4.0646,6.98,2.53,94.6
2020-05-30,18.53,7.7292,4.19,0.15,82.02
2020-05-31,15.43,8.4775,5.71,0.02,69.7
2020-06-01,14.68,7.0898,3.79,0.02,67.35
2020-06-02,16.2,4.3255,3.81,2.6,80.15
2020-06-03,18.87,4.8358,4.79,4.35,91.28
2020-06-04,19.55,6.7646,3.68,1.42,88.1
2020-06-05,19.06,3.6682,4.75,9.3,93.96
2020-06-06,20.72,6.6199,4.58,6.86,84.12
2020-06-07,18.7,7.6932,4.74,0.0,74.4
2020-06-08,18.52,8.4641,3.04,0.0,73.96
2020-06-09,20.1,8.3064,4.79,0.0,77.96
2020-06-10,19.69,6.7368,4.74,0.31,93.6
2020-06-11,19.92,3.1798,7.09,24.78,94.25
2020-06-12,20.95,8.142,3.1,2.56,78.3
2020-06-13,17.84,8.7314,4.06,0.0,67.4
2020-06-14,16.38,8.5255,3.87,0.0,74.45
2020-06-15,17.21,6.8945,4.74,0.0,80.14
2020-06-16,17.8,8.0306,4.32,0.0,79.4
2020-06-17,18.07,6.1296,4.53,0.11,84.66
2020-06-18,18.61,4.2473,3.84,0.91,92.77
2020-06-19,20.15,6.5201,3.64,0.31,88.84
2020-06-20,20.97,6.306,2.96,0.91,89.6
2020-06-21,21.57,6.9218,3.0,0.27,88.94
2020-06-22,23.06,7.7748,3.95,0.24,83.8
2020-06-23,22.7,7.313,4.91,0.28,88.86
2020-06-24,23.59,7.8816,4.85,2.4,77.63
2020-06-25,23.07,6.6115,3.23,0.56,76.35
2020-06-26,23.54,7.0805,3.3,1.73,74.11
2020-06-27,23.64,3.5611,5.15,5.15,82.87
2020-06-28,24.35,7.1417,2.92,3.55,84.24
2020-06-29,24.22,7.8533,2.69,1.96,76.08
2020-06-30,22.49,5.5375,2.11,2.82,76.86
2020-07-01,22.86,5.8709,2.25,4.37,81.77
2020-07-02,25.01,7.3985,2.16,2.0,74.37
2020-07-03,25.26,6.0264,3.2,2.36,79.59
2020-07-04,23.03,6.2011,4.05,14.68,81.53
2020-07-05,25.32,7.6939,3.59,2.34,78.9
2020-07-06,25.51,5.4122,4.18,6.57,79.51
2020-07-07,23.8,5.4833,5.69,3.98,90.72
2020-07-08,25.01,4.6718,4.78,2.02,88.45
2020-07-09,25.44,6.8388,3.13,0.68,86.45
2020-07-10,24.11,1.6778,8.43,39.55,95.3
2020-07-11,24.59,5.2728,7.14,6.09,91.43
2020-07-12,24.93,7.8024,5.5,0.26,78.83
2020-07-13,24.72,7.4467,3.15,2.33,80.38
2020-07-14,24.77,7.836,2.96,0.3,72.76
2020-07-15,22.72,6.7961,4.47,0.46,81.56
2020-07-16,21.91,5.4754,5.16,0.07,77.4
2020-07-17,23.99,4.265,5.52,2.88,86.96
2020-07-18,25.39,7.8346,3.06,0.22,79.23
2020-07-19,26.1,7.4755,5.22,0.33,82.44
2020-07-20,27.38,7.0154,3.98,2.87,79.21
2020-07-21,26.74,7.5698,3.21,0.05,74.94
2020-07-22,26.94,6.1855,3.33,4.89,84.58
2020-07-23,26.23,4.9262,4.8,9.89,86.91
2020-07-24,24.61,2.7226,1.44,13.08,88.74
2020-07-25,25.77,6.9314,3.14,0.16,78.1
2020-07-26,27.15,7.1846,4.83,0.03,77.5
2020-07-27,27.71,7.5312,5.12,0.0,69.51
2020-07-28,27.83,6.5201,4.43,1.33,74.7
2020-07-29,26.84,7.6692,3.51,1.64,73.82
2020-07-30,26.55,5.6597,4.19,3.04,76.01
2020-07-31,24.16,4.2202,1.92,15.07,86.61
2020-08-01,25.54,6.7284,3.17,0.04,75.69
2020-08-02,26.04,4.6898,6.19,3.3,86.44
2020-08-03,26.3,6.8813,4.94,1.55,77.6
2020-08-04,24.85,2.3414,9.97,24.12,87.79
2020-08-05,24.9,7.3296,3.48,0.59,78.91
2020-08-06,22.84,4.5631,2.36,1.46,80.04
2020-08-07,22.83,3.7498,3.71,2.51,89.62
2020-08-08,23.08,5.2776,2.59,1.55,88.6
2020-08-09,23.95,6.3943,3.82,0.24,86.14
2020-08-10,25.2,6.8549,4.54,1.01,83.96
2020-08-11,25.08,6.0571,5.18,0.76,88.57
2020-08-12,25.54,5.015,2.76,3.14,88.59
2020-08-13,24.45,2.6726,2.35,8.54,90.25
2020-08-14,24.85,5.3614,4.65,0.86,79.14
2020-08-15,23.79,4.8456,5.87,0.11,72.11
2020-08-16,21.58,1.8586,8.33,7.18,86.48
2020-08-17,22.0,5.8051,4.89,6.88,80.39
2020-08-18,23.65,6.7015,3.3,2.18,76.28
2020-08-19,22.82,3.9631,1.4,7.38,76.35
2020-08-20,22.02,7.0337,3.22,0.01,65.48
2020-08-21,23.51,6.1054,5.46,0.01,77.46
2020-08-22,24.43,5.6652,4.42,1.39,83.35
2020-08-23,24.14,5.0318,3.37,1.92,85.88
2020-08-24,25.86,5.9611,3.34,5.43,82.31
2020-08-25,26.13,5.9395,5.2,2.36,76.45
2020-08-26,22.92,6.1651,5.52,0.86,58.5
2020-08-27,25.64,5.6129,4.36,2.96,71.52
2020-08-28,24.8,4.9762,4.49,1.1,82.35
2020-08-29,24.51,2.8697,5.69,14.71,92.6
2020-08-30,22.83,6.335,5.83,0.0,66.28
2020-08-31,21.77,3.2261,3.67,0.01,67.32
2020-09-01,22.37,3.2064,5.47,0.98,83.63
2020-09-02,23.87,2.7804,4.77,3.15,90.98
2020-09-03,25.11,4.818,4.05,3.82,83.52
2020-09-04,24.6,6.1178,3.73,1.17,77.83
2020-09-05,22.08,6.523,4.12,0.0,60.95
2020-09-06,22.39,6.0362,4.71,0.01,70.77
2020-09-07,22.6,5.3882,4.26,0.0,73.86
2020-09-08,22.86,5.7007,2.38,0.04,80.99
2020-09-09,23.09,3.2227,2.99,0.96,88.94
2020-09-10,23.97,2.7473,3.41,13.13,95.33
2020-09-11,22.52,3.0953,4.49,8.0,81.18
2020-09-12,19.45,5.1394,6.13,0.01,72.59
2020-09-13,21.64,3.7159,4.26,0.25,79.27
2020-09-14,21.65,5.0354,6.05,0.09,70.7
2020-09-15,16.36,5.0494,4.14,0.0,66.52
2020-09-16,19.02,3.9619,4.86,0.0,74.86
2020-09-17,20.53,3.162,3.12,0.6,84.68
2020-09-18,18.94,4.0774,6.38,0.45,73.07
2020-09-19,14.94,6.1529,6.46,0.0,54.15
2020-09-20,14.82,5.7319,6.47,0.0,56.09
2020-09-21,15.29,5.8783,5.61,0.0,56.06
2020-09-22,16.73,5.6587,5.91,0.0,55.77
2020-09-23,19.24,5.4355,4.81,0.0,67.62
2020-09-24,19.2,2.6885,3.18,0.01,77.8
2020-09-25,19.08,3.6898,3.64,0.05,83.56
2020-09-26,20.06,2.7958,3.94,0.2,87.52
2020-09-27,21.32,3.0362,4.74,2.34,91.99
2020-09-28,20.95,3.3079,5.79,1.0,91.54
2020-09-29,20.95,1.6978,5.84,21.76,93.19
2020-09-30,19.26,4.4815,8.49,22.31,77.69
2020-10-01,18.95,3.6881,4.63,0.04,74.26
2020-10-02,16.41,3.3732,4.6,0.95,67.4
2020-10-03,15.7,5.0458,2.94,0.02,64.57
2020-10-04,16.33,3.984,4.2,0.07,69.14
2020-10-05,16.57,3.6703,3.63,0.53,80.47
2020-10-06,17.35,4.5809,4.43,0.11,74.55
2020-10-07,18.83,3.6336,7.73,0.16,74.3
2020-10-08,15.43,4.5924,6.94,0.0,64.31
2020-10-09,15.76,4.7186,4.35,0.01,68.3
2020-10-10,18.29,2.8524,7.16,0.04,84.25
2020-10-11,17.28,1.709,5.87,5.57,79.97
2020-10-12,14.49,0.9763,10.62,33.4,86.47
2020-10-13,16.07,2.136,7.74,8.74,91.5
2020-10-14,15.35,4.5526,4.82,0.01,76.2
2020-10-15,17.22,4.3889,7.06,0.07,86.4
2020-10-16,15.16,0.4906,6.67,26.05,90.37
2020-10-17,12.04,4.567,4.87,10.35,64.79
2020-10-18,14.55,3.5642,4.24,0.01,63.68
2020-10-19,15.56,2.5416,3.47,0.84,82.23
2020-10-20,17.27,2.2982,2.81,0.31,95.68
2020-10-21,17.84,1.7611,3.63,0.33,96.12
2020-10-22,17.94,1.4138,1.88,0.07,94.24
2020-10-23,17.22,1.4198,2.14,0.17,94.09
2020-10-24,16.32,1.8638,4.57,0.12,85.14
2020-10-25,10.88,1.7556,6.16,1.16,75.71
2020-10-26,15.1,1.0918,5.24,2.42,92.9
2020-10-27,14.34,2.5267,3.01,0.58,79.13
2020-10-28,15.17,1.1354,3.7,4.75,85.55
2020-10-29,12.64,0.8016,6.73,47.17,91.6
2020-10-30,7.15,1.6702,8.9,25.71,88.34
2020-10-31,5.91,3.5455,3.41,0.0,70.46
2020-11-01,11.0,0.9746,7.02,21.46,82.88
2020-11-02,6.3,3.5443,10.43,0.03,69.36
2020-11-03,9.05,2.5171,7.93,0.0,69.49
2020-11-04,12.57,3.4944,5.08,0.0,76.41
2020-11-05,14.02,3.3662,4.45,0.04,94.74
2020-11-06,14.26,3.2686,4.41,0.02,91.85
2020-11-07,14.24,3.365,3.58,0.03,85.23
2020-11-08,14.34,3.4164,2.51,0.0,79.17
2020-11-09,14.95,3.2993,2.97,0.01,76.94
2020-11-10,15.26,3.0535,4.93,0.1,94.78
2020-11-11,16.93,0.8232,6.59,50.68,96.84
2020-11-12,13.22,0.6038,6.4,13.8,89.52
2020-11-13,10.7,0.9761,5.02,1.36,90.88
2020-11-14,9.1,3.1898,5.08,0.0,72.88
2020-11-15,12.3,1.1669,8.96,5.13,74.11
2020-11-16,9.92,3.0478,7.05,0.0,68.87
2020-11-17,6.88,1.5802,6.74,0.12,76.07
2020-11-18,2.47,3.0497,7.39,0.0,72.83
2020-11-19,5.6,2.671,5.74,0.0,68.59
2020-11-20,11.12,2.951,7.63,0.0,80.78
2020-11-21,11.41,2.231,4.34,0.0,84.19
2020-11-22,10.85,0.6605,7.07,0.7,85.18
2020-11-23,10.48,1.9466,8.32,32.7,83.11
2020-11-24,7.12,2.5699,4.66,0.0,70.64
2020-11-25,10.56,1.7237,5.55,0.05,80.08
2020-11-26,13.91,1.3433,5.96,8.64,93.16
2020-11-27,11.35,1.711,3.41,0.01,86.24
2020-11-28,9.18,1.632,4.52,0.05,81.99
2020-11-29,8.1,2.735,4.13,0.0,70.51
2020-11-30,14.14,0.5261,10.29,51.48,90.71
2020-12-01,9.22,1.1474,8.0,0.21,81.1
2020-12-02,5.26,1.3145,8.62,0.1,78.31
2020-12-03,6.37,2.4235,6.64,0.0,75.53
2020-12-04,9.09,0.8215,6.01,3.13,85.47
2020-12-05,6.58,0.8998,9.86,44.35,88.09
2020-12-06,3.33,2.4324,8.75,0.0,77.6
2020-12-07,2.44,2.2085,4.53,0.0,76.33
2020-12-08,1.63,1.711,7.19,0.2,80.26
2020-12-09,3.15,1.2257,6.37,0.41,83.17
2020-12-10,5.46,2.2001,5.32,0.0,82.42
2020-12-11,8.03,2.1437,4.84,0.02,87.25
2020-12-12,10.24,0.7066,4.14,2.9,98.6
2020-12-13,10.27,2.028,5.13,0.11,90.3
2020-12-14,4.63,0.7349,5.28,16.29,86.45
2020-12-15,2.3,2.4408,6.48,0.02,72.99
2020-12-16,1.62,0.6833,9.94,13.54,83.55
2020-12-17,0.64,1.5871,10.89,8.04,91.29
2020-12-18,-0.99,1.6603,6.57,0.0,80.85
2020-12-19,-1.0,1.6188,3.12,0.01,74.08
2020-12-20,3.47,0.6509,2.85,0.68,79.07
2020-12-21,4.04,1.6505,3.92,0.11,90.59
2020-12-22,4.51,1.5228,6.57,1.65,86.91
2020-12-23,4.14,1.9944,4.75,0.0,77.42
2020-12-24,11.17,0.8491,10.64,5.55,89.46
2020-12-25,8.45,0.3895,11.6,40.64,86.75
2020-12-26,-0.9,2.4773,8.64,0.01,80.84
2020-12-27,1.08,2.4526,3.94,0.0,72.6
2020-12-28,6.09,1.873,6.41,0.0,85.99
2020-12-29,2.2,2.4646,7.24,0.0,73.39
2020-12-30,3.11,1.938,5.71,0.03,75.47
2020-12-31,5.68,0.6974,6.81,7.93,86.89
2021-01-01,3.72,0.9946,5.15,16.23,85.01
2021-01-02,6.28,1.7086,7.12,3.13,88.02
2021-01-03,4.21,0.5117,7.26,8.93,92.54
2021-01-04,3.82,1.607,4.89,0.98,87.46
2021-01-05,3.44,0.9602,4.35,0.09,81.72
2021-01-06,2.47,2.3438,7.56,0.0,81.5
2021-01-07,1.69,2.6969,7.11,0.0,79.04
2021-01-08,0.95,1.7657,5.83,0.0,80.34
2021-01-09,0.18,2.2958,8.03,0.01,77.66
2021-01-10,1.32,2.6885,5.7,0.0,78.2
2021-01-11,1.15,1.2648,2.55,0.01,79.94
2021-01-12,2.74,2.6868,3.14,0.15,78.0
2021-01-13,3.36,1.7597,3.62,0.01,75.66
2021-01-14,4.57,1.6289,2.05,0.08,90.98
2021-01-15,5.68,0.9689,7.61,7.99,94.54
2021-01-16,6.05,1.4587,5.83,23.19,90.29
2021-01-17,3.77,2.0093,8.82,0.02,81.23
2021-01-18,4.0,2.0875,7.15,0.08,81.83
2021-01-19,2.74,2.093,6.98,0.03,80.23
2021-01-20,1.72,1.9838,6.39,0.85,75.6
2021-01-21,1.97,2.4727,5.36,0.0,75.32
2021-01-22,3.81,1.9841,7.32,0.01,80.14
2021-01-23,-0.74,2.8318,9.78,0.01,72.39
2021-01-24,-1.64,3.1255,8.19,0.0,73.73
2021-01-25,-0.24,2.2558,4.23,0.0,71.5
2021-01-26,2.0,0.5503,6.2,5.09,87.41
2021-01-27,2.01,1.3512,5.69,0.22,84.68
2021-01-28,-1.54,3.1639,10.2,0.05,75.47
2021-01-29,-5.52,3.3686,11.4,0.05,78.25
2021-01-30,-3.86,3.5326,6.55,0.0,77.47
2021-01-31,-2.96,1.069,5.14,2.75,81.31
2021-02-01,1.28,0.4522,14.35,24.78,94.94
2021-02-02,1.1,1.0368,9.6,6.44,92.27
2021-02-03,-0.05,1.6841,7.14,0.58,84.72
2021-02-04,0.66,3.5426,6.2,0.01,84.12
2021-02-05,3.45,2.6854,5.68,0.55,88.16
2021-02-06,2.34,3.4867,6.29,0.0,77.02
2021-02-07,1.42,0.5813,6.83,14.25,90.19
2021-02-08,-3.82,3.7018,5.18,0.0,72.85
2021-02-09,0.83,0.5453,4.05,1.87,84.29
2021-02-10,-1.62,3.3984,3.86,0.37,76.13
2021-02-11,-1.06,1.8991,4.91,2.51,81.38
2021-02-12,-2.75,1.4662,4.42,0.0,68.52
2021-02-13,-1.7,1.3505,6.43,1.14,79.19
2021-02-14,1.06,1.7868,4.91,0.22,87.24
2021-02-15,1.27,0.9518,5.83,2.78,90.29
2021-02-16,5.21,2.4211,7.9,20.56,89.36
2021-02-17,-1.63,3.4526,5.85,0.03,69.33
2021-02-18,-0.57,0.7908,7.13,9.24,85.34
2021-02-19,0.39,1.6118,6.77,7.18,92.68
2021-02-20,-1.16,3.5448,7.49,0.24,82.15
2021-02-21,-1.35,4.3982,5.34,0.01,74.1
2021-02-22,1.62,0.7555,6.71,17.41,87.37
2021-02-23,2.51,1.6466,6.4,0.69,90.58
2021-02-24,4.25,4.1897,6.74,0.0,86.58
2021-02-25,4.14,4.817,6.37,0.0,78.48
2021-02-26,2.82,4.0354,3.54,0.0,69.72
2021-02-27,5.81,2.1689,6.19,8.55,94.25
2021-02-28,4.45,0.8393,4.3,8.85,93.22
2021-03-01,4.96,1.2744,5.99,11.4,87.9
2021-03-02,-1.33,4.9687,9.77,0.0,65.76
2021-03-03,3.7,4.6594,5.26,0.0,79.27
2021-03-04,2.7,3.8842,7.64,0.0,75.25
2021-03-05,-0.36,5.1641,8.91,0.0,67.59
2021-03-06,0.5,3.0461,6.12,0.02,72.34
2021-03-07,0.5,5.1434,4.77,0.0,68.56
2021-03-08,0.81,5.0249,4.54,0.0,65.97
2021-03-09,6.06,4.4407,5.91,0.0,79.1
2021-03-10,5.22,4.6246,4.38,0.0,90.01
2021-03-11,8.3,4.6704,6.14,0.0,94.24
2021-03-12,10.17,4.4546,5.86,0.11,78.09
2021-03-13,3.75,5.7708,6.9,0.0,65.8
2021-03-14,4.19,5.1962,8.66,0.01,68.83
2021-03-15,-0.51,5.9285,8.22,0.0,61.35
2021-03-16,0.82,1.5437,3.76,2.67,67.71
2021-03-17,4.49,2.1629,2.61,0.45,91.46
2021-03-18,5.51,0.7313,5.16,31.48,95.71
2021-03-19,1.98,5.8486,9.54,7.07,69.55
2021-03-20,4.68,6.0742,3.16,0.01,67.2
2021-03-21,5.81,6.0084,2.83,0.0,79.36
2021-03-22,6.64,6.0778,3.1,0.0,87.07
2021-03-23,6.42,5.1655,3.73,0.56,95.89
2021-03-24,7.73,1.5329,5.52,22.96,97.21
2021-03-25,10.39,2.885,3.59,1.83,95.75
2021-03-26,12.47,4.423,8.71,1.17,85.91
2021-03-27,9.55,5.4502,4.2,0.01,81.49
2021-03-28,10.14,1.0392,7.6,31.84,93.28
2021-03-29,7.43,6.204,8.07,0.01,69.24
2021-03-30,7.74,6.4109,5.19,0.0,82.32
2021-03-31,10.14,1.9092,6.9,5.46,93.12
2021-04-01,6.89,4.0846,8.63,2.02,78.06
2021-04-02,1.35,4.6241,6.78,0.01,68.09
2021-04-03,4.51,6.8158,4.59,0.0,61.63
2021-04-04,8.51,5.5783,3.34,0.0,73.02
2021-04-05,9.5,6.8138,6.41,0.0,72.89
2021-04-06,10.08,6.7956,4.61,0.0,70.22
2021-04-07,10.42,5.0071,3.07,0.39,78.49
2021-04-08,10.88,6.6144,2.4,0.0,79.68
2021-04-09,8.83,3.4726,2.71,0.05,91.8
2021-04-10,11.22,3.8182,2.88,0.22,94.02
2021-04-11,10.17,1.1052,6.0,12.21,96.13
2021-04-12,8.02,1.4746,6.19,13.76,90.0
2021-04-13,9.93,6.343,3.49,0.85,80.47
2021-04-14,10.96,4.164,3.82,0.06,87.23
2021-04-15,10.02,1.8638,3.92,20.01,95.18
2021-04-16,7.86,3.7735,6.28,1.01,81.29
2021-04-17,8.76,3.4397,3.23,0.07,77.95
2021-04-18,10.4,4.9526,3.14,0.05,80.95
2021-04-19,11.25,4.115,2.55,0.18,83.62
2021-04-20,11.87,6.5306,6.35,0.03,84.08
2021-04-21,10.22,4.0678,9.2,3.07,79.51
2021-04-22,5.46,5.7982,8.6,0.02,65.88
2021-04-23,8.35,7.5962,6.67,0.0,68.99
2021-04-24,10.8,6.385,4.62,0.0,77.07
2021-04-25,10.49,3.799,5.33,15.54,86.03
2021-04-26,8.5,7.9752,7.28,0.01,66.7
2021-04-27,9.77,6.1646,2.87,0.03,70.22
2021-04-28,14.8,5.9335,3.19,0.19,89.87
2021-04-29,16.46,2.6318,4.4,4.55,93.39
2021-04-30,13.5,5.8092,9.07,0.15,71.88
2021-05-01,9.89,7.9409,7.01,0.04,67.21
2021-05-02,14.39,5.5118,5.92,0.47,80.26
2021-05-03,12.37,1.9742,3.35,6.26,93.22
2021-05-04,12.99,4.6805,3.55,5.16,91.58
2021-05-05,12.24,2.5159,3.57,8.1,92.74
2021-05-06,12.05,7.5965,4.76,0.01,72.62
2021-05-07,11.33,5.7869,4.27,0.02,80.55
2021-05-08,10.3,3.3046,2.82,2.29,84.82
2021-05-09,10.22,3.87,4.78,7.17,83.76
2021-05-10,11.54,3.9782,3.26,2.41,83.78
2021-05-11,11.98,6.5474,4.49,0.04,75.39
2021-05-12,11.7,7.619,4.76,0.0,70.89
2021-05-13,13.02,7.733,3.51,0.0,69.1
2021-05-14,14.34,7.6982,3.27,0.0,72.29
2021-05-15,14.79,6.6298,2.96,0.01,77.32
2021-05-16,15.25,4.7774,2.88,0.12,76.76
2021-05-17,15.9,7.2823,2.91,0.05,79.0
2021-05-18,16.74,7.8629,5.1,0.0,76.63
2021-05-19,18.7,7.9164,3.39,0.0,73.89
2021-05-20,15.63,7.3598,3.47,0.0,79.03
2021-05-21,16.19,7.8122,3.62,0.0,81.77
2021-05-22,20.42,5.1406,3.65,0.01,81.29
2021-05-23,21.25,6.6958,4.97,0.04,79.31
2021-05-24,15.42,4.0762,5.05,0.0,73.74
2021-05-25,16.35,6.3694,5.5,0.0,79.1
2021-05-26,19.32,6.407,5.91,2.33,91.19
2021-05-27,20.16,8.2356,4.11,0.72,77.11
2021-05-28,14.63,3.9454,8.17,24.12,77.48
2021-05-29,10.71,1.4813,10.38,43.7,87.59
2021-05-30,11.35,1.6193,8.57,35.73,90.83
2021-05-31,13.97,6.2467,4.05,0.07,78.8
2021-06-01,15.92,5.615,3.83,0.0,81.61
2021-06-02,15.97,4.7587,3.37,0.04,88.82
2021-06-03,17.14,3.18,4.9,8.8,95.59
2021-06-04,18.8,3.9098,3.94,4.39,95.12
2021-06-05,20.92,7.9567,4.72,0.14,85.7
2021-06-06,21.83,7.9603,4.36,0.05,85.13
2021-06-07,21.12,6.0425,4.3,0.7,92.37
2021-06-08,21.37,4.5079,3.7,8.06,95.59
2021-06-09,22.81,6.5314,2.72,1.67,88.55
2021-06-10,20.11,7.1914,5.5,0.04,79.94
2021-06-11,17.6,2.7761,5.21,0.47,82.54
2021-06-12,17.91,4.0325,3.59,0.18,85.18
2021-06-13,18.4,3.7966,3.2,0.04,81.78
2021-06-14,18.87,4.6337,4.37,11.09,91.22
2021-06-15,20.63,7.6044,4.21,3.97,83.18
2021-06-16,19.35,8.6453,4.61,0.0,70.57
2021-06-17,19.08,8.8325,2.81,0.0,63.39
2021-06-18,19.92,7.9951,5.68,0.36,77.36
2021-06-19,22.04,5.6069,4.47,6.45,85.51
2021-06-20,21.81,7.3781,4.03,0.05,87.96
2021-06-21,22.24,5.6647,5.53,0.56,93.07
2021-06-22,20.94,2.0695,4.13,10.08,86.75
2021-06-23,18.45,8.0537,4.04,0.0,64.41
2021-06-24,19.0,8.3467,4.05,0.1,70.68
2021-06-25,19.59,7.8024,4.03,0.22,84.63
2021-06-26,21.78,4.939,5.4,0.92,92.79
2021-06-27,23.05,5.9153,6.44,0.21,89.31
2021-06-28,24.39,7.5338,6.03,0.32,85.95
2021-06-29,25.33,7.734,5.54,0.15,82.81
2021-06-30,25.46,7.8586,5.55,1.57,84.14
2021-07-01,23.91,3.6358,3.51,37.2,87.67
2021-07-02,21.86,3.9446,3.86,17.95,88.99
2021-07-03,18.73,3.3799,5.26,32.82,87.24
2021-07-04,20.4,7.1374,1.76,3.68,81.05
2021-07-05,22.8,7.026,3.44,4.05,85.37
2021-07-06,24.07,6.8923,6.91,8.55,88.87
2021-07-07,24.69,7.1254,4.04,4.19,88.86
2021-07-08,23.82,4.1239,4.27,19.24,94.06
2021-07-09,23.62,5.97,7.11,81.2,88.37
2021-07-10,23.03,5.5145,3.32,0.95,86.37
2021-07-11,22.43,4.0459,3.79,2.81,93.29
2021-07-12,24.11,4.4436,3.78,4.68,93.41
2021-07-13,22.19,3.0106,5.05,3.67,94.63
2021-07-14,24.25,5.7569,2.75,3.59,90.18
2021-07-15,24.88,6.4788,2.83,1.3,86.55
2021-07-16,25.68,7.0661,4.14,2.28,86.91
2021-07-17,25.58,5.9856,4.07,9.25,90.25
2021-07-18,24.65,4.9442,5.74,5.62,87.13
2021-07-19,23.74,5.6731,3.15,1.24,80.03
2021-07-20,24.85,4.8986,2.73,0.53,80.9
2021-07-21,24.1,4.591,2.78,5.04,86.01
2021-07-22,22.72,6.1087,3.45,0.04,74.1
2021-07-23,23.04,7.3944,2.67,0.12,69.88
2021-07-24,22.92,6.6888,3.13,0.64,78.12
2021-07-25,23.65,4.1784,6.77,27.79,88.76
2021-07-26,25.32,5.9969,1.9,1.69,80.52
2021-07-27,24.8,6.9314,2.98,0.97,79.77
2021-07-28,23.34,6.6415,2.82,1.37,81.98
2021-07-29,23.03,2.7713,6.28,7.94,88.88
2021-07-30,23.41,7.5751,5.75,0.2,76.36
2021-07-31,20.48,7.6543,3.18,0.0,65.06
2021-08-01,21.83,3.1178,3.79,1.07,77.54
2021-08-02,22.31,7.0442,3.49,0.34,76.1
2021-08-03,21.51,4.1057,2.38,0.25,75.85
2021-08-04,21.32,3.347,3.29,2.37,81.0
2021-08-05,21.45,6.2599,4.93,3.1,83.4
2021-08-06,23.33,7.0562,4.19,0.02,82.88
2021-08-07,23.47,4.8612,3.97,0.45,82.11
2021-08-08,21.65,5.3998,4.84,4.01,84.56
2021-08-09,22.59,5.435,2.55,2.64,89.21
2021-08-10,23.94,4.3918,4.33,3.94,92.39
2021-08-11,25.05,6.282,5.01,4.72,90.63
2021-08-12,25.97,6.6331,4.95,0.36,85.53
2021-08-13,26.8,6.7558,3.11,0.73,82.77
2021-08-14,26.07,5.2848,3.57,1.94,78.1
2021-08-15,23.65,6.5695,3.74,3.09,66.42
2021-08-16,23.8,3.8131,2.71,0.0,72.92
2021-08-17,24.09,3.5208,4.24,0.87,79.07
2021-08-18,24.59,4.1146,4.22,3.52,92.81
2021-08-19,26.07,3.8671,6.38,3.33,87.15
2021-08-20,24.97,2.8027,2.71,12.81,81.9
2021-08-21,24.37,3.1524,3.2,4.38,89.53
2021-08-22,24.04,1.5173,6.27,66.08,90.91
2021-08-23,24.78,4.4306,6.53,11.66,90.26
2021-08-24,25.68,6.4994,3.17,0.03,80.32
2021-08-25,26.0,6.3319,2.04,0.02,79.35
2021-08-26,26.05,5.9909,3.34,0.41,85.33
2021-08-27,27.29,4.7191,1.47,4.01,81.4
2021-08-28,23.39,1.7256,7.07,7.63,83.96
2021-08-29,22.88,2.7571,4.26,1.39,88.89
2021-08-30,24.44,4.5038,3.67,4.2,91.56
2021-08-31,24.73,4.4914,2.45,1.31,82.01
2021-09-01,23.37,1.4081,5.51,55.06,91.69
2021-09-02,20.41,6.7613,7.38,25.52,75.42
2021-09-03,19.42,5.3028,3.75,0.04,74.46
2021-09-04,19.89,6.1097,3.4,0.02,81.11
2021-09-05,21.58,2.0232,5.96,2.04,90.0
2021-09-06,22.64,6.0305,4.1,0.52,83.07
2021-09-07,21.2,6.2705,3.29,0.01,82.28
2021-09-08,22.86,4.4479,7.53,1.67,89.67
2021-09-09,21.32,1.627,4.32,14.15,91.21
2021-09-10,19.89,6.0233,6.22,0.07,76.09
2021-09-11,19.9,5.5056,4.45,0.01,78.4
2021-09-12,21.96,4.6505,6.39,0.01,85.92
2021-09-13,23.23,4.4134,4.09,1.34,84.18
2021-09-14,21.8,3.9545,3.69,0.91,85.73
2021-09-15,23.44,4.391,6.01,1.3,93.18
2021-09-16,22.23,2.9604,4.7,5.75,92.73
2021-09-17,21.98,1.459,5.61,0.88,92.45
2021-09-18,23.17,4.7904,2.91,0.07,83.9
2021-09-19,21.03,5.8646,3.9,0.01,71.63
2021-09-20,20.23,4.9274,3.18,0.07,73.26
2021-09-21,21.0,3.9281,4.08,0.41,83.04
2021-09-22,22.78,3.7121,6.05,0.72,94.02
2021-09-23,23.12,1.9104,8.12,13.66,91.68
2021-09-24,19.13,5.6117,4.08,6.29,70.11
2021-09-25,19.61,5.3465,2.41,0.11,69.96
2021-09-26,19.03,5.291,5.88,0.09,72.81
2021-09-27,19.88,5.0616,6.79,2.51,78.84
2021-09-28,20.02,1.8646,5.32,3.56,88.33
2021-09-29,16.97,4.7309,5.45,0.24,68.37
2021-09-30,16.47,4.1311,4.63,0.03,70.33
2021-10-01,16.18,4.8996,3.73,0.0,67.91
2021-10-02,18.26,4.6654,4.89,0.0,79.47
2021-10-03,19.87,3.935,3.93,0.35,87.15
2021-10-04,20.71,1.8041,2.5,9.56,96.04
2021-10-05,17.59,1.3937,4.27,1.11,89.48
2021-10-06,18.5,1.5706,2.35,0.21,80.91
2021-10-07,19.47,3.2808,1.95,0.2,82.63
2021-10-08,19.4,3.4111,2.87,0.23,87.99
2021-10-09,18.48,2.165,7.67,0.61,86.53
2021-10-10,18.83,1.1866,8.36,2.07,90.49
2021-10-11,18.79,2.6186,7.35,0.21,86.71
2021-10-12,18.45,2.5469,3.62,0.13,87.74
2021-10-13,19.16,1.4777,1.65,0.49,84.69
2021-10-14,20.06,4.0423,3.38,0.17,84.59
2021-10-15,20.23,3.883,3.23,0.05,88.58
2021-10-16,20.11,2.9494,7.72,8.05,90.71
2021-10-17,15.09,3.3103,7.01,0.85,76.92
2021-10-18,13.29,3.0377,7.83,0.69,75.36
2021-10-19,14.56,4.3291,7.32,0.0,72.51
2021-10-20,17.86,4.157,5.47,0.0,77.49
2021-10-21,17.84,4.0034,5.62,0.04,86.98
2021-10-22,17.71,3.1202,5.16,0.06,79.02
2021-10-23,14.08,2.4727,4.23,1.12,73.85
2021-10-24,13.83,2.1072,3.84,0.86,73.43
2021-10-25,18.83,2.4758,5.23,7.24,92.43
2021-10-26,17.0,1.5403,6.95,85.74,93.06
2021-10-27,14.39,1.6008,9.86,8.02,80.62
2021-10-28,12.49,3.4284,4.41,0.04,81.86
2021-10-29,13.65,1.6764,9.81,15.83,82.36
2021-10-30,16.32,2.4955,5.62,5.36,86.37
2021-10-31,15.11,2.4533,5.93,1.15,86.04
2021-11-01,13.13,3.527,5.83,0.02,73.75
2021-11-02,10.63,1.3668,3.58,0.32,75.64
2021-11-03,9.06,3.3576,4.8,0.08,72.28
2021-11-04,8.68,2.9506,3.94,0.01,67.41
2021-11-05,8.99,3.5426,5.13,0.0,66.5
2021-11-06,9.34,3.5549,3.49,0.0,64.56
2021-11-07,9.81,3.1111,4.19,0.0,69.82
2021-11-08,12.46,3.3504,4.65,0.0,74.32
2021-11-09,13.71,3.1742,2.94,0.03,84.39
2021-11-10,13.72,3.1097,4.86,0.02,78.57
2021-11-11,13.05,2.3866,5.7,0.14,77.49
2021-11-12,15.55,1.3046,7.92,14.81,88.2
2021-11-13,11.12,1.5386,7.13,2.2,82.31
2021-11-14,7.68,1.8871,6.08,1.07,79.57
2021-11-15,7.83,1.4018,7.75,0.82,81.28
2021-11-16,7.1,3.0024,6.19,0.03,75.03
2021-11-17,10.55,2.0314,4.51,0.03,74.5
2021-11-18,14.18,2.6441,7.05,2.42,90.09
2021-11-19,7.52,2.6191,7.79,2.82,74.48
2021-11-20,6.54,2.5066,3.88,0.0,70.84
2021-11-21,10.58,2.2058,4.57,0.11,85.51
2021-11-22,9.09,1.0334,6.57,1.93,82.17
2021-11-23,3.74,2.5637,8.44,0.01,75.84
2021-11-24,4.38,2.9016,6.05,0.0,72.21
2021-11-25,8.12,2.0362,4.98,0.16,75.09
2021-11-26,7.03,1.4827,8.13,6.62,81.27
2021-11-27,3.54,2.1221,8.38,0.0,73.94
2021-11-28,5.19,1.0404,2.47,0.12,76.02
2021-11-29,4.59,1.6224,6.16,0.07,77.57
2021-11-30,4.3,0.9149,5.17,0.09,76.51
2021-12-01,6.9,2.4686,4.79,0.11,73.93
2021-12-02,11.17,1.1952,6.89,1.02,88.04
2021-12-03,6.37,2.5176,7.28,0.0,72.77
2021-12-04,5.71,2.2618,3.08,0.31,76.23
2021-12-05,6.44,2.1067,4.24,0.01,66.08
2021-12-06,11.73,1.1215,8.47,11.37,90.8
2021-12-07,4.66,1.848,5.28,0.01,67.26
2021-12-08,4.53,0.8971,3.05,2.23,76.06
2021-12-09,3.13,1.7074,4.77,0.02,72.06
2021-12-10,7.5,1.5722,3.57,0.35,74.83
2021-12-11,12.14,0.3919,8.46,7.75,94.66
2021-12-12,6.97,2.5846,7.75,0.45,65.8
2021-12-13,6.81,2.5282,7.13,0.0,72.22
2021-12-14,7.1,2.4845,5.44,0.0,73.17
2021-12-15,9.21,1.8919,6.23,0.24,81.07
2021-12-16,11.67,1.8648,7.34,0.08,89.82
2021-12-17,10.89,2.1089,5.75,0.0,75.65
2021-12-18,7.79,0.7438,3.98,4.97,85.62
2021-12-19,4.29,1.5828,8.93,0.6,78.6
2021-12-20,0.81,2.5961,4.59,0.0,71.12
2021-12-21,4.44,1.5235,4.02,0.25,74.61
2021-12-22,5.54,2.2142,7.26,3.39,77.61
2021-12-23,1.8,2.1703,5.15,0.27,67.76
2021-12-24,4.46,1.1849,3.34,0.29,81.59
2021-12-25,8.08,0.7594,4.26,6.54,96.07
2021-12-26,6.16,2.4677,6.5,0.04,82.77
2021-12-27,3.29,0.9634,3.85,0.98,79.08
2021-12-28,6.75,1.0015,3.64,0.61,83.87
2021-12-29,7.08,0.7644,3.26,2.67,91.86
2021-12-30,8.45,1.1158,2.01,2.78,92.19
2021-12-31,8.94,0.6694,2.51,0.32,96.77
2022-01-01,9.69,0.5014,3.27,16.64,97.66
2022-01-02,8.69,0.713,4.12,3.99,89.9
2022-01-03,0.11,0.4397,9.76,7.15,81.21
2022-01-04,-1.12,2.6282,5.03,0.0,75.58
2022-01-05,5.29,1.0776,6.32,2.83,96.04
2022-01-06,2.98,1.8079,5.69,0.13,76.97
2022-01-07,0.7,1.5485,9.0,10.32,81.0
2022-01-08,-1.82,2.3705,5.86,0.0,72.48
2022-01-09,3.88,1.0961,8.68,5.56,86.4
2022-01-10,-0.03,2.4269,7.9,0.02,71.75
2022-01-11,-5.38,2.8471,6.8,0.01,76.45
2022-01-12,1.29,2.0162,7.31,0.0,75.25
2022-01-13,4.82,1.9466,2.12,0.0,79.24
2022-01-14,2.59,2.1665,9.73,0.0,86.26
2022-01-15,-6.88,2.4979,9.05,0.0,82.31
2022-01-16,-1.1,1.927,7.31,6.67,86.18
2022-01-17,4.51,0.9266,12.38,34.94,85.3
2022-01-18,0.8,1.9087,8.78,0.12,70.96
2022-01-19,4.3,2.3467,7.47,0.0,77.76
2022-01-20,1.43,1.4172,7.22,7.94,84.0
2022-01-21,-4.99,2.7334,8.53,0.0,80.07
2022-01-22,-3.24,3.0701,4.98,0.02,74.27
2022-01-23,-0.28,2.4019,5.01,0.17,71.26
2022-01-24,0.35,2.5183,3.9,0.17,75.38
2022-01-25,2.74,1.3661,5.56,0.02,79.62
2022-01-26,-3.04,3.2225,6.17,0.0,72.93
2022-01-27,-2.94,3.1584,3.77,0.0,66.47
2022-01-28,0.2,1.5629,4.19,2.45,80.73
2022-01-29,-5.54,0.8275,13.54,9.3,89.74
2022-01-30,-5.72,3.4682,6.72,0.01,78.48
2022-01-31,-2.9,2.7979,3.39,0.0,66.45
2022-02-01,-0.15,2.634,5.35,0.14,81.39
2022-02-02,4.0,1.9999,2.86,0.2,96.31
2022-02-03,4.99,0.9382,4.32,5.89,99.03
2022-02-04,4.09,0.6847,7.74,47.54,91.92
2022-02-05,-3.23,3.462,8.71,0.2,76.65
2022-02-06,-3.01,3.6103,4.0,0.0,74.33
2022-02-07,2.33,1.2005,3.56,8.32,94.87
2022-02-08,2.29,3.0835,6.18,1.53,85.13
2022-02-09,1.98,3.6833,3.99,0.0,82.6
2022-02-10,4.49,3.1982,4.7,0.05,86.68
2022-02-11,5.64,3.6679,4.63,0.0,83.79
2022-02-12,6.83,3.0295,6.06,0.04,80.48
2022-02-13,0.37,1.3908,5.77,5.35,86.62
2022-02-14,-4.49,3.395,8.45,0.01,72.36
2022-02-15,-3.72,3.7183,4.28,0.0,67.25
2022-02-16,2.45,3.0322,5.55,0.03,81.95
2022-02-17,7.67,2.4276,10.23,2.18,91.94
2022-02-18,5.09,3.8266,10.89,12.83,75.88
2022-02-19,0.27,2.7031,8.47,0.67,63.63
2022-02-20,-1.4,4.0798,6.54,0.0,68.76
2022-02-21,3.83,4.3166,4.91,0.0,89.17
2022-02-22,6.45,1.4705,6.26,5.31,97.04
2022-02-23,9.31,2.334,7.94,0.09,86.56
2022-02-24,0.4,1.7002,5.71,0.89,71.59
2022-02-25,1.93,1.9862,8.3,20.77,87.37
2022-02-26,-1.36,4.2418,5.69,0.02,72.98
2022-02-27,2.22,4.6939,7.63,0.0,73.75
2022-02-28,-0.43,4.8043,5.47,0.0,60.46
2022-03-01,3.35,2.0614,5.34,0.45,77.81
2022-03-02,4.79,4.7875,4.18,0.04,81.1
2022-03-03,2.6,4.8948,8.3,1.9,73.57
2022-03-04,-1.08,5.1965,4.41,0.0,65.5
2022-03-05,3.02,2.9928,3.37,0.01,73.42
2022-03-06,9.23,2.1648,7.84,2.24,96.68
2022-03-07,11.33,2.5831,8.01,5.77,91.92
2022-03-08,4.57,4.6714,6.85,0.0,67.53
2022-03-09,2.72,0.6377,5.73,18.77,91.5
2022-03-10,3.44,4.1993,2.39,0.28,82.85
2022-03-11,5.15,5.0165,2.73,0.11,88.34
2022-03-12,2.26,0.9278,8.84,11.46,85.9
2022-03-13,-0.71,4.7772,8.9,0.21,69.19
2022-03-14,4.98,4.9963,5.47,0.0,81.5
2022-03-15,7.42,4.637,5.1,0.01,87.72
2022-03-16,8.39,5.2514,3.6,0.01,83.69
2022-03-17,8.21,1.5122,4.65,11.19,97.26
2022-03-18,9.96,4.8943,3.94,0.23,91.22
2022-03-19,10.48,3.599,5.86,2.27,95.47
2022-03-20,9.47,2.7329,5.96,0.27,82.48
2022-03-21,8.23,5.9976,5.88,0.01,73.67
2022-03-22,7.02,5.4252,5.2,0.0,68.81
2022-03-23,4.99,2.957,6.86,3.51,73.11
2022-03-24,7.69,1.715,5.44,26.67,96.27
2022-03-25,8.42,3.9089,4.43,0.52,83.52
2022-03-26,7.31,3.3074,5.48,2.55,82.17
2022-03-27,4.01,3.3566,8.34,2.77,74.0
2022-03-28,-1.5,4.5821,9.44,0.83,63.83
2022-03-29,-0.15,5.7341,8.06,0.08,67.65
2022-03-30,2.81,3.331,4.23,0.0,64.8
2022-03-31,10.36,2.2138,9.88,7.49,95.71
2022-04-01,9.19,3.9679,7.43,2.4,78.36
2022-04-02,5.63,6.4918,5.59,0.01,71.44
2022-04-03,5.98,1.9783,4.44,5.38,88.32
2022-04-04,6.36,4.8718,5.06,0.0,76.46
2022-04-05,7.09,3.4315,3.38,2.45,83.37
2022-04-06,8.3,1.6135,7.01,25.01,94.2
2022-04-07,8.17,0.7061,8.32,40.54,96.47
2022-04-08,9.61,6.3624,5.33,0.05,81.86
2022-04-09,8.59,4.1954,3.97,1.07,87.11
2022-04-10,6.98,3.6629,7.07,1.48,75.31
2022-04-11,7.28,6.3924,5.03,0.0,74.58
2022-04-12,12.25,5.7098,3.16,0.59,75.83
2022-04-13,11.73,5.5195,3.66,0.1,87.39
2022-04-14,14.12,5.5685,6.54,4.94,87.9
2022-04-15,11.66,7.157,5.55,0.39,72.98
2022-04-16,11.04,4.8497,7.58,8.03,85.25
2022-04-17,6.89,6.2042,6.16,1.29,68.19
2022-04-18,6.69,3.4044,7.94,28.68,75.78
2022-04-19,7.82,4.1006,10.26,12.01,77.68
2022-04-20,8.64,7.4914,4.9,0.0,68.16
2022-04-21,9.5,4.0138,5.02,0.0,86.43
2022-04-22,11.95,7.5526,4.7,0.04,77.34
2022-04-23,10.13,4.6618,3.41,0.13,81.43
2022-04-24,10.14,6.5158,4.73,0.0,81.24
2022-04-25,9.84,2.8687,4.92,0.0,78.46
2022-04-26,12.09,2.965,3.4,2.58,91.62
2022-04-27,9.55,4.8749,7.51,0.45,72.11
2022-04-28,7.21,7.9874,8.98,0.0,64.67
2022-04-29,8.41,8.0573,7.03,0.0,64.11
2022-04-30,10.0,7.9776,3.57,0.04,67.46
2022-05-01,10.66,6.6178,3.0,0.05,83.53
2022-05-02,10.81,1.8281,5.11,13.32,93.63
2022-05-03,10.74,5.1509,4.4,0.03,89.52
2022-05-04,12.29,2.6698,2.29,3.73,92.73
2022-05-05,13.74,6.2496,3.64,0.02,79.17
2022-05-06,11.31,1.4218,4.1,19.7,91.45
2022-05-07,9.47,1.2146,11.66,24.6,88.24
2022-05-08,9.91,4.9555,10.24,1.85,70.74
2022-05-09,10.77,8.117,8.63,0.0,63.52
2022-05-10,11.62,7.8922,7.9,0.05,63.99
2022-05-11,12.73,5.3832,6.03,0.23,79.26
2022-05-12,13.47,5.4566,4.23,0.24,91.79
2022-05-13,12.7,3.3562,3.88,1.08,93.91
2022-05-14,14.4,2.466,3.1,5.79,95.92
2022-05-15,15.83,5.0378,3.82,0.41,92.14
2022-05-16,15.6,4.4273,5.92,3.25,91.54
2022-05-17,15.75,7.0608,5.36,0.02,76.74
2022-05-18,14.36,7.476,4.29,0.37,76.18
2022-05-19,13.8,3.3674,3.83,16.8,92.85
2022-05-20,15.19,3.8623,3.17,1.67,93.83
2022-05-21,18.6,7.2113,3.27,2.28,89.8
2022-05-22,19.79,6.3091,5.24,0.88,90.42
2022-05-23,16.96,7.3392,4.34,0.61,74.05
2022-05-24,14.93,4.3066,4.39,0.06,81.31
2022-05-25,14.16,7.4441,3.95,0.0,75.02
2022-05-26,15.15,4.8185,4.63,0.33,89.06
2022-05-27,17.41,3.143,5.76,5.91,94.86
2022-05-28,18.87,4.8948,4.1,13.3,90.31
2022-05-29,18.4,7.5994,3.12,0.06,82.52
2022-05-30,20.1,7.7875,4.44,0.09,85.88
2022-05-31,23.24,7.6699,3.6,0.57,80.72
2022-06-01,16.74,4.3469,4.8,9.73,86.82
2022-06-02,19.23,4.8511,2.29,7.09,93.84
2022-06-03,18.69,5.82,2.58,3.5,87.44
2022-06-04,19.0,8.185,2.88,0.01,75.79
2022-06-05,17.72,8.3122,3.38,0.0,64.96
2022-06-06,18.93,8.0952,3.49,0.0,74.77
2022-06-07,18.93,5.311,6.93,2.76,87.44
2022-06-08,21.35,7.5989,4.11,0.75,82.67
2022-06-09,21.22,7.0351,6.33,7.25,83.47
2022-06-10,20.05,7.849,3.21,0.07,77.31
2022-06-11,20.63,3.553,1.84,0.74,78.44
2022-06-12,19.65,2.8999,4.4,3.58,91.98
2022-06-13,22.1,7.0126,2.89,1.91,85.9
2022-06-14,21.69,6.7044,2.66,0.32,71.28
2022-06-15,20.54,7.709,4.34,0.06,80.0
2022-06-16,19.95,3.4987,5.8,3.29,85.07
2022-06-17,23.17,7.4429,5.48,1.81,81.84
2022-06-18,18.83,6.0602,7.83,0.27,70.67
2022-06-19,17.4,8.7098,7.06,0.09,63.47
2022-06-20,19.12,7.925,3.89,0.0,66.39
2022-06-21,19.97,4.4234,2.75,2.87,76.71
2022-06-22,18.18,2.1958,5.91,6.93,89.65
2022-06-23,18.96,3.7027,4.1,0.69,89.27
2022-06-24,20.52,7.2902,2.89,0.11,84.03
2022-06-25,23.25,7.9949,3.26,0.04,77.22
2022-06-26,22.58,7.9166,5.25,0.02,80.02
2022-06-27,21.88,2.4955,5.04,13.94,90.99
2022-06-28,21.29,8.1437,3.25,0.0,67.5
2022-06-29,22.05,7.8943,3.84,0.05,72.49
2022-06-30,22.99,7.9699,3.83,0.03,75.47
2022-07-01,23.79,7.1021,6.37,0.15,83.07
2022-07-02,24.35,5.7521,5.99,1.25,82.71
2022-07-03,23.64,7.193,2.4,9.33,73.58
2022-07-04,22.89,8.0734,3.36,0.01,63.33
2022-07-05,22.79,4.86,6.9,1.58,81.65
2022-07-06,24.9,5.3189,3.79,0.04,74.92
2022-07-07,22.43,4.7381,5.0,1.41,83.47
2022-07-08,22.7,5.3983,2.98,1.36,84.56
2022-07-09,23.32,5.8771,3.01,0.46,75.61
2022-07-10,22.23,7.8761,3.95,0.0,73.28
2022-07-11,22.62,7.9848,4.65,0.0,72.96
2022-07-12,24.06,7.0202,7.07,5.25,80.51
2022-07-13,25.37,7.2818,3.48,0.6,73.57
2022-07-14,25.49,6.8254,2.38,1.0,72.71
2022-07-15,24.05,6.3746,3.71,0.17,73.33
2022-07-16,24.05,5.1305,2.53,2.25,81.43
2022-07-17,24.43,5.7386,2.84,5.44,83.84
2022-07-18,24.99,4.0423,5.79,9.62,91.57
2022-07-19,26.53,7.6003,5.02,0.09,72.51
2022-07-20,27.15,7.3536,4.63,0.17,70.79
2022-07-21,27.28,6.8537,5.49,1.67,78.03
2022-07-22,27.75,7.3219,3.87,1.21,68.19
2022-07-23,27.74,7.6987,4.26,0.4,68.52
2022-07-24,27.37,7.0519,6.2,1.47,73.44
2022-07-25,26.65,3.5321,7.16,5.05,83.24
2022-07-26,25.05,4.3601,3.54,0.23,65.92
2022-07-27,24.78,5.4329,3.6,0.63,70.49
2022-07-28,26.07,5.4905,4.85,2.99,81.82
2022-07-29,26.03,3.2527,4.13,9.09,76.53
2022-07-30,26.0,7.5737,3.25,2.43,68.23
2022-07-31,24.59,5.9328,3.39,0.38,71.2
2022-08-01,23.53,2.2001,3.09,3.68,83.41
2022-08-02,25.88,6.6283,4.36,0.38,76.72
2022-08-03,26.01,7.5216,4.31,0.01,70.02
2022-08-04,26.55,7.0078,4.7,1.14,79.15
2022-08-05,25.99,5.0078,3.58,6.06,83.6
2022-08-06,26.26,6.3631,5.32,3.4,82.64
2022-08-07,26.77,6.2719,6.57,3.02,79.82
2022-08-08,26.99,6.3168,6.81,0.7,77.89
2022-08-09,27.55,6.2371,5.34,1.22,76.72
2022-08-10,25.5,5.3585,3.24,0.11,74.57
2022-08-11,25.48,6.3571,2.88,3.75,79.05
2022-08-12,24.94,7.0169,4.2,0.07,56.89
2022-08-13,22.71,7.4016,3.97,0.01,56.8
2022-08-14,23.06,6.162,3.55,0.02,66.18
2022-08-15,23.47,6.2923,2.95,0.1,62.11
2022-08-16,22.87,6.6845,5.26,0.19,69.45
2022-08-17,22.98,4.3495,2.97,1.71,67.49
2022-08-18,23.8,6.3578,3.63,0.53,68.15
2022-08-19,24.78,6.377,3.93,0.03,68.22
2022-08-20,24.86,5.9635,3.5,0.43,79.98
2022-08-21,24.01,4.5101,2.93,0.94,86.28
2022-08-22,23.54,3.2436,3.87,15.4,92.09
2022-08-23,25.27,5.6952,3.04,2.06,79.35
2022-08-24,25.51,6.413,3.51,0.4,69.62
2022-08-25,25.78,6.3151,3.5,0.3,68.63
2022-08-26,26.17,5.1305,5.02,2.38,76.51
2022-08-27,25.41,5.9532,3.15,2.37,75.74
2022-08-28,24.29,3.9965,5.43,1.81,85.36
2022-08-29,25.3,5.617,4.17,0.54,85.11
2022-08-30,25.64,5.5145,5.28,2.58,86.87
2022-08-31,24.99,5.8402,4.83,0.87,69.07
2022-09-01,24.47,6.6854,4.85,0.0,58.54
2022-09-02,21.39,6.5909,4.45,0.0,63.79
2022-09-03,22.95,4.9834,2.86,0.01,73.86
2022-09-04,24.51,4.6596,3.54,2.86,78.6
2022-09-05,24.52,3.9103,3.6,8.0,83.49
2022-09-06,22.89,1.1885,5.57,75.12,89.93
2022-09-07,21.62,1.9262,7.35,1.87,83.45
2022-09-08,21.58,5.0366,4.64,0.18,75.02
2022-09-09,21.39,5.9546,3.98,0.0,71.61
2022-09-10,22.1,5.8382,2.99,0.03,73.94
2022-09-11,22.18,1.7021,3.03,6.59,89.05
2022-09-12,23.56,3.6043,2.87,4.81,89.78
2022-09-13,23.98,4.0805,4.47,6.15,84.46
2022-09-14,22.22,5.6794,4.32,0.01,71.93
2022-09-15,20.45,6.1445,5.02,0.03,62.14
2022-09-16,19.69,5.1773,2.09,0.0,56.2
2022-09-17,20.6,4.9462,4.16,0.0,73.02
2022-09-18,22.81,5.016,6.1,0.04,76.87
2022-09-19,23.39,4.2382,5.33,2.17,76.45
2022-09-20,22.38,4.7122,4.27,0.16,76.01
2022-09-21,21.56,5.3981,4.19,0.02,74.28
2022-09-22,21.11,2.2272,7.6,12.9,79.42
2022-09-23,15.17,5.8562,9.35,0.01,61.5
2022-09-24,16.04,5.2325,5.46,0.0,61.57
2022-09-25,19.37,2.7142,5.73,4.57,78.24
2022-09-26,19.49,4.5694,5.69,1.4,75.98
2022-09-27,18.75,4.7474,5.45,0.0,60.65
2022-09-28,17.43,4.5233,4.46,0.05,68.93
2022-09-29,16.74,5.0506,6.06,0.01,68.83
2022-09-30,15.94,2.9539,6.2,0.22,76.75
2022-10-01,15.72,1.7112,10.52,21.53,87.91
2022-10-02,14.81,1.0234,11.45,14.16,75.13
2022-10-03,12.59,0.9862,10.83,26.76,77.9
2022-10-04,13.68,0.6583,11.23,30.75,91.05
2022-10-05,15.31,1.4345,6.26,10.43,92.63
2022-10-06,16.99,4.7143,3.22,0.05,79.53
2022-10-07,17.89,4.5869,4.65,0.09,81.16
2022-10-08,12.85,4.4002,5.09,0.9,68.56
2022-10-09,13.01,4.8005,5.35,0.0,66.6
2022-10-10,14.6,4.4906,4.29,0.0,72.18
2022-10-11,15.42,4.5274,3.4,0.01,78.74
2022-10-12,15.68,4.313,4.35,0.02,84.67
2022-10-13,18.05,1.2163,6.1,34.13,95.57
2022-10-14,15.67,4.2293,4.76,8.96,72.66
2022-10-15,15.38,4.4009,4.08,0.07,81.38
2022-10-16,15.05,3.3391,2.89,0.04,77.72
2022-10-17,16.22,2.1365,5.1,5.45,89.27
2022-10-18,11.7,4.0706,5.94,0.81,68.02
2022-10-19,10.34,3.228,6.43,0.0,69.22
2022-10-20,11.66,4.2187,7.3,0.0,68.53
2022-10-21,12.77,4.211,3.6,0.0,69.23
2022-10-22,14.17,4.0997,2.45,0.0,73.6
2022-10-23,14.43,1.4023,7.09,9.2,90.13
2022-10-24,15.5,1.1731,5.69,10.28,96.17
2022-10-25,17.3,1.542,3.5,1.58,97.13
2022-10-26,17.34,1.9126,3.29,0.51,93.63
2022-10-27,14.7,3.935,6.94,0.02,73.04
2022-10-28,11.06,3.0238,6.75,0.0,74.68
2022-10-29,11.59,3.8722,4.68,0.0,76.93
2022-10-30,12.53,3.6199,2.82,0.02,75.93
2022-10-31,15.04,2.3407,3.24,5.24,87.6
2022-11-01,16.62,1.4395,4.01,1.71,90.31
2022-11-02,15.76,3.5359,3.53,0.0,78.42
2022-11-03,14.72,3.5263,2.36,0.02,83.87
2022-11-04,15.99,3.1147,2.57,0.14,94.22
2022-11-05,17.48,2.4348,6.11,0.12,94.17
2022-11-06,18.0,1.3022,6.75,0.4,93.85
2022-11-07,18.16,3.2707,5.98,0.43,75.94
2022-11-08,11.24,3.4968,7.8,0.0,62.1
2022-11-09,9.22,3.2998,4.32,0.0,70.77
2022-11-10,13.69,3.2126,3.91,0.08,89.16
2022-11-11,16.68,0.6638,6.29,22.68,97.34
2022-11-12,17.83,2.3206,6.49,7.3,86.73
2022-11-13,11.3,2.1538,7.23,6.52,79.01
2022-11-14,6.46,3.3,5.53,0.0,70.69
2022-11-15,7.05,1.3481,5.33,16.32,79.49
2022-11-16,9.55,2.0976,7.44,7.13,87.45
2022-11-17,6.05,2.4979,7.96,0.05,77.24
2022-11-18,5.5,2.7799,7.52,0.11,72.46
2022-11-19,4.0,3.0154,6.47,0.0,70.01
2022-11-20,2.85,3.0564,8.97,0.0,69.25
2022-11-21,3.27,2.8699,6.44,0.0,70.96
2022-11-22,6.73,2.8486,5.17,0.0,74.22
2022-11-23,7.82,2.8085,4.93,0.0,76.17
2022-11-24,8.33,2.5193,3.85,0.0,80.09
2022-11-25,9.8,1.524,7.05,1.81,85.69
2022-11-26,8.25,2.7972,6.35,0.01,76.01
2022-11-27,10.61,0.4054,7.11,21.51,93.15
2022-11-28,9.7,1.7508,7.03,0.13,82.05
2022-11-29,5.17,1.8434,2.8,0.06,75.65
2022-11-30,10.48,0.6799,8.79,20.58,85.36
2022-12-01,4.44,2.3506,8.13,0.0,68.93
2022-12-02,4.57,2.622,3.87,0.0,72.03
2022-12-03,11.17,0.583,9.65,20.34,90.49
2022-12-04,5.44,2.6124,4.17,0.0,63.98
2022-12-05,6.16,2.3686,2.97,0.0,66.14
2022-12-06,11.33,0.4481,5.96,9.87,95.25
2022-12-07,12.54,1.1059,5.43,6.24,97.26
2022-12-08,8.98,1.3865,6.14,0.0,83.52
2022-12-09,4.74,2.6213,6.96,0.0,74.69
2022-12-10,3.47,2.1406,6.59,0.25,81.53
2022-12-11,5.26,0.6228,6.67,5.53,92.08
2022-12-12,2.51,1.3373,7.05,0.89,86.36
2022-12-13,1.55,2.5841,5.74,0.0,74.37
2022-12-14,1.82,2.4766,7.5,0.0,77.34
2022-12-15,4.74,0.3566,8.43,25.13,88.95
2022-12-16,6.67,0.8873,10.6,24.79,93.99
2022-12-17,4.39,1.6034,7.67,0.01,81.03
2022-12-18,2.38,1.5518,6.61,0.01,78.76
2022-12-19,1.68,1.7299,7.99,0.0,78.37
2022-12-20,1.72,2.4257,5.97,0.0,78.54
2022-12-21,1.97,2.3861,2.62,0.0,70.24
2022-12-22,7.21,0.6607,7.75,22.64,87.61
2022-12-23,3.65,0.7387,13.73,19.19,89.17
2022-12-24,-8.32,1.6973,10.61,0.28,95.34
2022-12-25,-3.88,2.3801,8.62,0.01,84.44
2022-12-26,-2.43,2.3796,5.83,0.0,78.88
2022-12-27,0.62,1.5482,4.91,0.0,73.24
2022-12-28,3.82,2.2428,4.75,0.0,79.2
2022-12-29,4.42,2.2848,4.85,0.0,94.88
2022-12-30,5.51,2.231,4.66,0.05,97.2
2022-12-31,8.0,0.7534,4.18,22.34,99.07
2023-01-01,7.42,2.3952,4.65,2.88,90.12
2023-01-02,7.26,1.4479,2.84,0.33,91.79
2023-01-03,9.01,0.72,5.24,5.81,98.08
2023-01-04,10.37,1.554,4.28,8.91,97.14
2023-01-05,8.46,1.1587,3.66,0.54,96.42
2023-01-06,6.28,1.146,4.33,6.52,89.52
2023-01-07,4.41,1.5053,5.86,0.04,83.45
2023-01-08,2.44,2.004,4.13,0.01,74.69
2023-01-09,4.0,2.4506,4.84,1.31,83.48
2023-01-10,3.52,1.1654,4.39,0.02,79.72
2023-01-11,2.81,1.6798,4.33,0.0,74.57
2023-01-12,7.59,0.8803,6.39,2.59,92.91
2023-01-13,8.18,1.0049,8.62,4.97,88.36
2023-01-14,1.54,1.3421,9.8,0.41,80.27
2023-01-15,1.09,2.8027,10.31,0.05,76.52
2023-01-16,1.88,2.8368,7.63,0.1,72.35
2023-01-17,3.49,0.9413,3.86,1.46,81.12
2023-01-18,6.07,2.2159,5.91,0.08,88.88
2023-01-19,4.98,0.9898,4.04,38.52,93.83
2023-01-20,5.11,1.2826,6.78,0.32,87.78
2023-01-21,3.23,1.1498,4.73,0.13,77.89
2023-01-22,4.07,0.9178,2.67,27.52,80.82
2023-01-23,3.34,0.9662,8.0,13.32,89.77
2023-01-24,3.25,2.7785,6.71,0.03,79.74
2023-01-25,4.86,0.6727,6.08,31.43,81.88
2023-01-26,6.22,1.4897,8.91,7.45,82.25
2023-01-27,3.12,2.221,5.03,0.03,77.6
2023-01-28,5.2,2.6335,5.86,0.0,82.44
2023-01-29,6.18,1.0294,5.31,0.03,94.23
2023-01-30,6.35,2.2802,3.08,0.01,90.95
2023-01-31,3.25,1.6366,5.15,1.23,80.59
2023-02-01,0.55,3.0031,4.6,0.41,74.75
2023-02-02,1.45,3.3902,4.6,0.0,65.25
2023-02-03,-3.5,3.1387,11.88,0.01,74.26
2023-02-04,-7.2,3.222,6.94,0.0,82.44
2023-02-05,3.46,2.4281,7.33,0.0,80.26
2023-02-06,4.48,2.3945,6.62,0.06,88.29
2023-02-07,2.24,2.3278,4.98,0.68,79.62
2023-02-08,5.36,3.6967,4.48,0.1,84.2
2023-02-09,6.75,0.8599,4.78,0.33,88.46
2023-02-10,9.19,3.7248,7.29,0.0,83.62
2023-02-11,4.35,3.979,5.06,0.0,67.13
2023-02-12,4.82,1.8204,3.57,1.37,78.83
2023-02-13,6.19,3.7978,6.91,0.7,79.51
2023-02-14,6.33,4.0714,5.02,0.0,73.45
2023-02-15,8.84,3.5177,6.81,0.0,87.9
2023-02-16,10.19,1.6834,3.96,4.25,92.5
2023-02-17,8.11,0.7498,8.93,7.82,89.0
2023-02-18,1.62,4.3219,6.34,0.0,70.71
2023-02-19,5.0,2.761,5.69,0.05,88.18
2023-02-20,8.16,2.6513,3.95,0.53,90.07
2023-02-21,5.18,1.7081,4.93,8.69,88.41
2023-02-22,4.3,1.1165,3.89,1.63,75.41
2023-02-23,5.16,1.7436,3.91,1.02,93.91
2023-02-24,3.62,3.9682,8.26,0.17,76.44
2023-02-25,-1.41,1.8689,3.33,0.11,75.54
2023-02-26,3.35,2.73,5.55,0.06,81.8
2023-02-27,2.73,4.0824,5.49,5.43,74.04
2023-02-28,3.0,1.008,6.59,9.12,93.62
2023-03-01,3.91,3.2518,4.48,0.05,84.83
2023-03-02,6.63,2.298,4.67,1.14,89.19
2023-03-03,4.3,2.6158,6.05,9.62,76.1
2023-03-04,6.34,1.7558,7.89,21.78,89.88
2023-03-05,5.32,3.8165,5.33,0.04,79.52
2023-03-06,5.46,4.0531,5.19,0.08,75.23
2023-03-07,3.61,4.8686,8.74,2.29,69.53
2023-03-08,2.69,4.8703,9.41,0.0,75.86
2023-03-09,4.04,5.1437,6.59,0.01,79.43
2023-03-10,4.35,1.9471,3.98,7.76,88.28
2023-03-11,4.68,2.0743,6.76,7.51,87.83
2023-03-12,3.59,3.307,4.31,0.03,77.77
2023-03-13,4.96,1.4513,6.94,22.79,93.17
2023-03-14,2.5,2.256,12.97,4.7,82.97
2023-03-15,2.87,5.0386,11.34,0.04,75.6
2023-03-16,5.07,4.5422,5.23,0.0,71.44
2023-03-17,7.44,3.1157,4.66,0.1,90.1
2023-03-18,6.49,5.2493,5.93,0.51,74.63
2023-03-19,1.32,5.455,7.96,0.01,65.84
2023-03-20,3.65,5.9748,4.77,0.0,69.02
2023-03-21,6.33,5.869,4.93,0.0,77.03
2023-03-22,7.14,4.3932,4.9,0.16,89.43
2023-03-23,9.31,1.6882,4.76,7.29,96.09
2023-03-24,7.56,2.6602,3.29,0.35,74.16
2023-03-25,6.69,0.5719,6.53,8.16,92.97
2023-03-26,8.72,6.2585,4.99,0.04,77.73
2023-03-27,7.12,3.9144,4.91,6.63,84.15
2023-03-28,6.81,2.7886,3.15,0.59,81.56
2023-03-29,6.33,6.0734,4.7,0.08,73.92
2023-03-30,3.65,6.7642,6.18,0.1,61.08
2023-03-31,6.84,3.3816,4.75,0.32,82.6
2023-04-01,11.61,3.6523,8.08,15.41,90.11
2023-04-02,6.52,6.7222,7.6,0.05,66.2
2023-04-03,7.52,5.8656,5.98,0.0,75.87
2023-04-04,11.13,5.2656,4.58,0.11,93.31
2023-04-05,9.56,1.8271,4.12,0.97,96.69
2023-04-06,12.9,4.0034,3.91,2.13,93.62
2023-04-07,9.53,2.5697,5.1,0.56,69.7
2023-04-08,5.81,5.4917,4.22,0.0,61.42
2023-04-09,6.64,6.8477,3.89,0.0,72.51
2023-04-10,8.67,6.8496,4.48,0.0,76.26
2023-04-11,11.57,5.5258,6.05,0.0,75.38
2023-04-12,15.53,6.3922,5.26,0.0,72.33
2023-04-13,16.83,6.7589,4.92,0.0,77.18
2023-04-14,16.55,6.0514,4.7,0.04,83.82
2023-04-15,13.41,3.5652,4.02,12.23,96.28
2023-04-16,13.27,2.8006,2.39,0.5,92.66
2023-04-17,12.94,4.2886,4.59,2.33,83.39
2023-04-18,10.74,4.7016,6.67,0.01,69.62
2023-04-19,10.16,6.4517,4.15,0.0,68.45
2023-04-20,9.78,6.6528,3.74,0.09,73.54
2023-04-21,11.43,6.4327,5.14,0.21,90.25
2023-04-22,12.42,4.9932,5.58,0.8,94.48
2023-04-23,13.43,5.3546,5.87,40.94,83.26
2023-04-24,10.65,6.3398,3.44,0.06,75.83
2023-04-25,10.68,5.4946,2.65,0.07,73.34
2023-04-26,10.48,4.782,3.91,0.48,84.49
2023-04-27,10.54,3.091,3.27,13.12,87.3
2023-04-28,10.17,1.4662,7.24,13.95,89.34
2023-04-29,10.82,1.9471,9.3,41.42,93.77
2023-04-30,11.81,0.7111,7.0,39.05,96.63
2023-05-01,11.81,5.4487,7.25,1.25,77.8
2023-05-02,10.38,4.0051,6.34,1.36,78.86
2023-05-03,9.88,3.7567,3.68,1.59,79.12
2023-05-04,10.27,2.9702,3.28,1.65,84.65
2023-05-05,11.61,5.2531,2.72,0.27,84.12
2023-05-06,14.15,7.4434,2.86,0.0,76.74
2023-05-07,14.69,6.607,4.02,0.39,81.36
2023-05-08,16.35,7.2458,3.93,0.67,78.59
2023-05-09,13.81,5.5116,3.65,0.0,71.98
2023-05-10,14.15,7.5708,3.03,0.0,78.14
2023-05-11,16.05,7.1494,4.52,0.0,78.41
2023-05-12,18.32,6.433,4.68,0.0,77.28
2023-05-13,18.35,3.2158,4.12,0.02,80.08
2023-05-14,15.67,7.7791,3.81,0.0,71.03
2023-05-15,15.1,8.1386,4.62,0.0,72.54
2023-05-16,16.68,6.6526,5.76,0.0,77.51
2023-05-17,13.86,8.4281,6.63,0.01,65.89
2023-05-18,10.98,8.0333,4.8,0.0,65.67
2023-05-19,13.76,5.9407,5.46,0.04,86.13
2023-05-20,14.96,2.1876,5.37,32.53,96.8
2023-05-21,16.11,5.8354,4.59,0.29,80.29
2023-05-22,15.53,6.4769,4.3,0.0,82.78
2023-05-23,13.99,6.5786,4.13,0.01,80.63
2023-05-24,14.81,6.5542,3.28,0.75,71.03
2023-05-25,14.43,8.5145,4.49,0.02,70.3
2023-05-26,15.75,8.3863,2.34,0.0,67.36
2023-05-27,15.73,7.9706,3.41,0.0,75.35
2023-05-28,16.4,7.2331,2.52,0.0,73.79
2023-05-29,16.76,7.3399,5.38,0.0,76.68
2023-05-30,14.44,8.5483,5.34,0.0,76.96
2023-05-31,15.03,8.4874,2.76,0.02,82.07
2023-06-01,17.57,8.2001,2.19,0.02,85.79
2023-06-02,19.35,7.5307,1.97,0.27,83.4
2023-06-03,16.81,3.1241,6.5,0.33,83.32
2023-06-04,14.63,6.7704,4.21,0.33,71.61
2023-06-05,17.18,6.4546,3.52,0.03,68.88
2023-06-06,17.77,5.6827,4.25,0.54,74.11
2023-06-07,16.78,6.0754,3.83,0.01,72.22
2023-06-08,16.55,5.9609,1.98,0.1,71.84
2023-06-09,17.07,6.1694,2.4,1.18,76.71
2023-06-10,18.34,6.9967,3.21,0.28,75.01
2023-06-11,19.17,5.6534,4.15,0.13,84.33
2023-06-12,19.14,4.5115,6.64,9.77,91.59
2023-06-13,19.49,7.7904,4.85,0.02,74.12
2023-06-14,18.94,4.3061,5.64,3.24,83.0
2023-06-15,19.5,6.3432,4.69,0.06,75.32
2023-06-16,18.97,3.2942,3.45,5.67,84.33
2023-06-17,19.5,6.5335,5.25,0.55,74.33
2023-06-18,20.67,6.8196,3.14,0.06,70.77
2023-06-19,19.9,6.8638,3.66,0.15,83.61
2023-06-20,18.52,5.5082,5.44,0.13,85.09
2023-06-21,17.87,4.776,7.74,0.2,77.88
2023-06-22,17.47,2.9784,7.25,2.04,84.91
2023-06-23,18.98,2.2817,4.19,1.0,92.41
2023-06-24,21.01,4.2845,4.64,12.43,93.15
2023-06-25,21.82,5.1881,3.1,4.25,89.89
2023-06-26,21.03,3.4778,4.43,15.08,96.24
2023-06-27,20.98,3.9528,4.88,6.14,94.67
2023-06-28,21.86,5.5987,2.54,3.5,87.82
2023-06-29,21.66,6.533,3.18,0.05,79.75
2023-06-30,22.03,5.9794,3.2,0.07,85.52
2023-07-01,21.68,5.629,3.84,0.26,88.38
2023-07-02,23.39,5.1274,5.38,4.07,91.33
2023-07-03,24.91,6.0756,3.91,6.17,87.23
2023-07-04,24.99,5.1804,2.11,6.24,86.02
2023-07-05,25.18,7.4875,2.69,0.86,82.78
2023-07-06,24.78,7.5533,3.43,0.79,87.62
2023-07-07,24.74,4.9918,2.55,2.38,88.77
2023-07-08,24.79,4.86,2.53,4.03,88.48
2023-07-09,24.32,2.4617,3.57,22.17,91.05
2023-07-10,25.16,5.9153,3.61,29.34,81.0
2023-07-11,25.19,7.657,3.52,0.0,72.24
2023-07-12,25.94,7.0109,3.99,0.11,75.87
2023-07-13,25.81,6.1999,5.85,1.36,86.03
2023-07-14,25.38,5.1883,4.09,10.13,88.93
2023-07-15,25.55,5.4838,3.63,6.6,88.86
2023-07-16,24.79,2.0232,4.59,30.41,95.68
2023-07-17,25.43,5.8603,3.02,0.12,87.01
2023-07-18,25.28,5.1562,3.86,4.75,90.52
2023-07-19,23.97,3.6674,2.4,11.51,87.69
2023-07-20,24.67,6.263,3.06,0.82,78.54
2023-07-21,24.9,6.3602,4.12,6.13,86.74
2023-07-22,24.15,7.2346,3.71,0.03,72.89
2023-07-23,24.78,7.115,3.03,0.23,72.2
2023-07-24,24.45,5.8046,4.14,2.75,83.42
2023-07-25,24.63,4.5576,2.96,16.67,86.94
2023-07-26,24.45,7.0728,3.86,0.32,80.82
2023-07-27,26.21,5.6386,6.27,3.91,87.44
2023-07-28,26.75,7.4462,3.18,0.97,81.68
2023-07-29,26.25,5.9887,5.3,7.27,84.49
2023-07-30,22.32,7.2382,4.6,0.19,68.03
2023-07-31,23.51,6.5762,2.56,0.06,68.69
2023-08-01,22.72,6.8724,3.38,0.03,64.65
2023-08-02,21.75,7.2288,3.39,0.0,62.05
2023-08-03,22.35,4.4366,5.46,0.03,69.76
2023-08-04,22.6,2.6503,5.69,1.32,83.59
2023-08-05,23.84,5.4907,2.26,0.58,75.97
2023-08-06,23.68,6.5777,3.73,0.06,77.13
2023-08-07,24.06,3.0941,6.3,12.44,92.03
2023-08-08,24.14,4.1266,6.51,6.61,79.25
2023-08-09,23.93,7.0193,5.65,0.03,70.43
2023-08-10,22.91,1.9562,4.44,28.03,89.29
2023-08-11,23.59,6.6233,3.56,0.02,78.03
2023-08-12,24.08,5.2054,4.28,5.37,84.55
2023-08-13,25.27,6.607,4.14,2.66,81.81
2023-08-14,24.43,4.8319,2.9,1.91,80.26
2023-08-15,24.63,4.2058,2.97,16.0,89.31
2023-08-16,23.37,5.2512,3.08,13.69,89.32
2023-08-17,23.29,4.6997,3.74,2.02,92.93
2023-08-18,23.85,6.0703,5.53,6.26,78.7
2023-08-19,21.38,6.7822,4.61,0.01,71.04
2023-08-20,22.81,6.4447,3.91,0.01,75.17
2023-08-21,24.59,4.7131,3.02,0.13,75.87
2023-08-22,22.27,6.4433,5.5,0.0,69.21
2023-08-23,21.09,5.5147,4.09,0.0,67.49
2023-08-24,21.58,1.2811,4.19,3.53,80.39
2023-08-25,23.22,2.7014,6.56,8.76,90.88
2023-08-26,24.46,5.2097,2.36,1.58,81.89
2023-08-27,23.27,6.0576,3.32,0.14,79.64
2023-08-28,21.77,3.0782,4.01,0.37,88.64
2023-08-29,22.36,3.3319,3.38,0.82,86.37
2023-08-30,23.59,5.052,3.73,1.58,80.64
2023-08-31,20.88,6.6005,6.16,0.01,68.01
2023-09-01,19.43,6.7373,4.4,0.0,65.67
2023-09-02,20.68,6.3749,4.22,0.09,73.81
2023-09-03,23.94,6.1493,3.25,1.36,74.86
2023-09-04,25.5,5.1226,1.56,1.26,75.03
2023-09-05,26.3,5.3417,1.77,1.28,76.33
2023-09-06,27.0,6.0002,2.21,0.41,73.17
2023-09-07,26.52,5.2752,2.77,2.14,78.65
2023-09-08,25.51,4.1957,3.79,6.35,90.21
2023-09-09,24.68,3.473,2.23,7.11,89.65
2023-09-10,23.71,2.3873,2.45,6.4,83.05
2023-09-11,24.31,3.919,1.76,37.85,80.66
2023-09-12,23.68,5.5354,2.69,0.39,82.3
2023-09-13,24.08,3.4848,3.14,8.11,83.62
2023-09-14,21.6,5.9719,5.52,0.18,69.41
2023-09-15,18.69,5.8027,7.78,0.0,71.95
2023-09-16,19.46,5.4089,6.17,0.0,68.57
2023-09-17,19.72,4.392,3.37,1.19,75.13
2023-09-18,20.16,1.3082,4.35,48.02,90.52
2023-09-19,19.08,5.1907,5.46,0.01,75.21
2023-09-20,19.07,5.3136,2.88,0.0,71.55
2023-09-21,18.23,5.4331,3.32,0.02,72.09
2023-09-22,18.69,3.7099,7.14,0.0,72.56
2023-09-23,17.41,1.2581,11.62,36.27,89.34
2023-09-24,18.59,1.1244,9.78,12.69,93.17
2023-09-25,17.78,1.2775,8.2,18.23,91.93
2023-09-26,16.52,1.4162,8.19,2.11,84.59
2023-09-27,15.92,4.799,6.51,0.02,78.35
2023-09-28,16.65,1.6682,6.9,70.49,89.23
2023-09-29,17.35,1.5384,7.72,43.36,93.1
2023-09-30,16.99,2.5471,6.16,2.58,90.68
2023-10-01,18.41,4.8401,4.46,0.04,86.98
2023-10-02,19.08,4.5408,3.39,0.01,84.88
2023-10-03,19.38,4.8972,2.33,0.04,84.49
2023-10-04,19.86,4.8295,2.57,0.05,90.07
2023-10-05,18.97,4.3598,3.39,0.28,94.57
2023-10-06,19.59,2.2378,4.82,3.52,96.11
2023-10-07,17.81,1.3152,6.11,10.6,91.78
2023-10-08,14.11,2.8248,7.48,0.02,75.44
2023-10-09,13.74,3.9794,6.01,0.04,69.04
2023-10-10,15.41,3.1771,3.98,0.12,75.55
2023-10-11,16.8,4.4657,2.03,0.04,76.38
2023-10-12,16.32,4.2235,2.18,0.0,78.36
2023-10-13,14.34,4.5641,4.58,0.0,71.3
2023-10-14,12.65,0.8458,4.23,13.71,83.63
2023-10-15,13.17,3.2218,7.45,0.83,78.96
2023-10-16,13.18,3.355,4.81,0.76,81.01
2023-10-17,14.0,2.9522,3.03,0.42,76.72
2023-10-18,14.93,2.5891,2.05,0.16,76.65
2023-10-19,15.02,3.385,4.25,0.05,79.04
2023-10-20,16.84,1.8737,5.17,26.74,94.54
2023-10-21,15.31,1.6534,6.6,7.81,86.95
2023-10-22,12.34,3.1822,8.41,0.06,74.4
2023-10-23,12.12,4.1292,5.5,0.0,75.12
2023-10-24,13.84,3.7565,3.37,0.0,76.63
2023-10-25,15.23,3.5726,5.06,0.0,86.76
2023-10-26,16.38,3.6804,3.93,0.0,85.57
2023-10-27,17.27,1.9082,4.19,0.0,89.28
2023-10-28,18.8,3.2969,4.78,0.04,86.38
2023-10-29,14.72,1.0046,5.79,8.41,87.71
2023-10-30,15.05,1.2578,4.99,8.03,89.07
2023-10-31,9.97,2.4847,4.66,1.15,75.96
2023-11-01,8.05,2.7535,6.19,3.83,77.23
2023-11-02,6.91,3.6804,3.9,0.0,66.57
2023-11-03,9.92,3.5023,5.15,0.0,68.47
2023-11-04,11.3,1.9217,3.57,0.07,80.26
2023-11-05,12.56,2.8459,3.18,0.15,80.72
2023-11-06,10.67,2.9861,3.74,0.04,76.34
2023-11-07,14.33,1.4575,5.83,0.99,88.4
2023-11-08,8.38,3.1961,5.68,0.0,65.96
2023-11-09,12.32,1.3404,3.89,0.17,81.88
2023-11-10,10.0,0.7474,5.13,0.29,80.18
2023-11-11,9.12,3.1625,5.0,0.0,76.43
2023-11-12,5.87,2.7672,4.55,0.0,74.04
2023-11-13,6.5,2.8438,3.76,0.0,71.99
2023-11-14,8.43,2.9659,6.65,0.01,80.02
2023-11-15,8.45,2.5224,3.89,0.0,77.77
2023-11-16,10.94,2.9964,4.4,0.01,84.99
2023-11-17,13.03,2.117,5.03,0.18,94.07
2023-11-18,10.55,2.8658,6.61,2.45,80.19
2023-11-19,8.54,2.9933,5.58,0.0,71.46
2023-11-20,5.67,2.9827,5.57,0.0,68.13
2023-11-21,7.42,0.8635,8.69,17.63,79.13
2023-11-22,12.06,1.4057,7.26,39.88,90.84
2023-11-23,8.78,2.7619,6.21,0.01,79.77
2023-11-24,6.76,2.1962,6.28,0.0,73.37
2023-11-25,2.94,2.382,3.43,0.0,65.15
2023-11-26,8.69,1.0344,6.54,13.29,79.23
2023-11-27,7.97,1.8293,7.75,0.15,81.19
2023-11-28,2.61,1.9522,9.19,0.06,70.02
2023-11-29,1.83,2.503,6.5,0.0,72.89
2023-11-30,6.24,2.6141,6.24,0.0,73.02
2023-12-01,8.2,1.0706,4.64,7.2,92.5
2023-12-02,9.66,1.452,2.61,0.45,93.88
2023-12-03,10.05,0.4558,5.43,19.77,96.45
2023-12-04,8.6,1.8266,5.93,0.08,85.14
2023-12-05,5.24,1.3757,4.04,0.01,74.31
2023-12-06,3.81,1.4119,5.85,0.35,76.69
2023-12-07,3.16,0.6067,5.66,0.13,81.66
2023-12-08,6.39,2.112,3.37,0.0,78.43
2023-12-09,9.59,2.0023,3.69,0.12,96.94
2023-12-10,11.82,0.6151,7.69,30.25,97.55
2023-12-11,5.83,1.3099,9.11,31.0,82.63
2023-12-12,4.14,2.5963,6.23,0.0,75.0
2023-12-13,4.52,2.471,6.33,0.0,78.7
2023-12-14,2.86,2.2138,4.99,0.0,70.11
2023-12-15,6.2,2.4094,6.26,0.0,82.95
2023-12-16,7.34,2.1847,5.02,0.0,85.48
2023-12-17,10.31,0.5556,7.77,24.06,93.91
2023-12-18,11.46,0.4932,12.12,54.55,87.64
2023-12-19,3.89,1.6363,7.53,0.01,78.94
2023-12-20,2.83,2.2214,6.25,0.0,78.31
2023-12-21,2.61,2.3534,6.64,0.0,76.21
2023-12-22,1.1,2.0477,3.19,0.0,62.8
2023-12-23,5.05,1.297,2.67,0.01,70.32
2023-12-24,7.22,0.9631,2.27,0.18,89.15
2023-12-25,7.66,1.3699,2.36,0.06,96.01
2023-12-26,7.13,1.0699,2.08,0.3,95.96
2023-12-27,7.84,0.7522,4.45,30.02,97.33
2023-12-28,9.68,1.2871,4.97,27.96,96.21
2023-12-29,8.79,1.889,3.48,1.04,92.3
2023-12-30,5.47,1.0814,6.38,0.15,88.04
2023-12-31,4.55,0.8518,4.62,0.04,73.84
2024-01-01,4.98,1.2074,3.23,0.04,81.54
2024-01-02,2.2,2.5315,4.98,0.0,77.8
2024-01-03,3.46,1.9601,3.76,0.0,78.21
2024-01-04,3.29,1.5398,6.12,0.01,75.73
2024-01-05,0.51,2.6779,5.5,0.0,73.77
2024-01-06,3.13,0.4656,6.42,30.07,81.29
2024-01-07,3.27,1.3296,7.89,7.85,92.59
2024-01-08,3.22,2.4086,4.97,0.0,74.24
2024-01-09,7.38,0.5069,9.98,44.35,82.64
2024-01-10,8.33,1.3594,10.85,24.69,80.51
2024-01-11,5.13,2.5788,6.38,0.01,80.07
2024-01-12,5.8,2.5186,6.16,3.03,84.64
2024-01-13,8.09,1.0627,10.3,24.63,83.39
2024-01-14,1.74,1.3202,9.94,0.04,71.82
2024-01-15,-1.24,1.219,3.47,2.04,74.96
2024-01-16,0.08,0.5136,6.6,5.03,90.19
2024-01-17,-4.06,2.5687,8.61,0.0,82.55
2024-01-18,-0.67,1.3872,6.0,0.01,71.3
2024-01-19,-0.43,1.7342,5.86,3.37,82.19
2024-01-20,-4.52,2.2548,8.95,0.1,83.48
2024-01-21,-3.09,2.8543,8.39,0.02,81.15
2024-01-22,-0.53,2.3369,5.55,0.0,79.02
2024-01-23,2.08,1.271,3.86,0.23,83.8
2024-01-24,4.64,0.6358,4.03,6.48,94.92
2024-01-25,5.92,0.882,4.0,10.26,96.16
2024-01-26,5.81,1.4798,3.72,8.59,97.94
2024-01-27,4.22,1.4654,3.08,0.51,93.57
2024-01-28,3.3,0.648,7.99,28.5,94.93
2024-01-29,2.5,1.1705,7.68,2.07,86.88
2024-01-30,1.77,1.0718,4.11,0.21,80.52
2024-01-31,2.76,1.1239,3.02,0.11,78.19
2024-02-01,4.19,1.5007,3.8,1.57,87.78
2024-02-02,4.4,1.128,4.31,5.7,92.73
2024-02-03,1.86,2.4943,6.72,0.0,79.16
2024-02-04,2.27,3.5287,4.93,0.0,75.47
2024-02-05,1.87,3.5772,6.15,0.0,72.65
2024-02-06,1.49,3.6317,5.98,0.0,75.82
2024-02-07,3.37,3.4649,3.47,0.0,78.43
2024-02-08,4.71,3.1097,2.37,0.02,82.16
2024-02-09,5.96,3.3353,4.62,0.04,94.66
2024-02-10,6.72,1.464,3.86,0.08,95.49
2024-02-11,6.04,1.3332,3.31,0.0,86.34
2024-02-12,4.01,2.7,2.83,1.2,81.32
2024-02-13,2.13,1.2562,8.67,21.71,91.49
2024-02-14,0.1,4.1515,9.44,0.01,75.91
2024-02-15,0.46,3.0842,5.83,0.14,75.29
2024-02-16,2.64,4.1839,7.72,0.17,69.77
2024-02-17,0.6,1.7503,5.58,5.72,81.1
2024-02-18,0.6,3.8009,7.88,0.0,73.72
2024-02-19,1.46,4.2367,5.51,0.0,69.9
2024-02-20,-0.45,4.1249,4.44,0.0,66.31
2024-02-21,1.95,2.7475,3.87,0.02,75.5
2024-02-22,3.16,3.0175,3.77,2.37,83.07
2024-02-23,4.94,1.5703,3.55,4.68,95.5
2024-02-24,2.49,3.4546,6.67,0.49,78.45
2024-02-25,-0.65,4.4683,4.42,0.0,69.58
2024-02-26,4.74,3.6341,4.89,0.05,90.73
2024-02-27,6.52,3.3406,6.46,10.04,95.81
2024-02-28,8.81,0.833,10.42,16.33,94.04
2024-02-29,1.59,4.4966,8.4,0.02,65.13
2024-03-01,2.49,4.6946,3.96,0.0,64.77
2024-03-02,7.16,1.0738,5.98,55.59,95.6
2024-03-03,9.77,4.7705,3.56,0.05,86.57
2024-03-04,7.18,3.0773,4.2,0.69,96.47
2024-03-05,6.68,1.0606,5.79,14.46,97.0
2024-03-06,7.49,1.1285,2.78,55.95,94.08
2024-03-07,7.83,2.3002,6.25,6.86,92.11
2024-03-08,5.68,4.9495,4.8,0.0,82.35
2024-03-09,5.73,1.0402,8.34,32.35,90.05
2024-03-10,6.18,2.3561,8.99,2.23,83.58
2024-03-11,4.48,5.4276,11.32,0.01,72.49
2024-03-12,7.98,5.2277,5.64,0.0,78.23
2024-03-13,8.38,4.3274,3.46,0.01,82.4
2024-03-14,8.86,5.113,3.5,0.02,91.26
2024-03-15,10.7,3.3667,5.58,1.18,88.65
2024-03-16,8.58,5.3856,4.03,0.02,86.57
2024-03-17,9.56,4.7748,6.03,0.17,81.13
2024-03-18,6.02,4.6097,6.03,0.14,71.19
2024-03-19,4.16,4.8115,7.03,0.02,71.79
2024-03-20,6.83,2.5224,7.82,0.45,79.06
2024-03-21,1.93,6.2234,8.28,0.0,65.12
2024-03-22,1.94,4.1078,3.93,0.05,65.25
2024-03-23,6.57,0.7133,8.7,84.82,91.17
2024-03-24,2.9,6.2902,8.62,0.0,70.93
2024-03-25,4.61,6.2261,7.29,0.0,76.09
2024-03-26,4.85,4.2732,5.16,1.45,87.3
2024-03-27,6.81,1.2259,1.66,1.97,90.88
2024-03-28,7.42,1.0416,4.63,31.43,94.06
2024-03-29,6.46,6.2954,9.03,0.62,72.71
2024-03-30,6.86,5.4958,6.38,1.38,77.01
2024-03-31,8.68,5.149,3.84,0.2,80.59
2024-04-01,8.35,1.2746,2.2,8.98,88.02
2024-04-02,7.0,0.913,6.17,35.3,94.0
2024-04-03,5.98,0.8134,12.9,31.16,93.29
2024-04-04,5.55,3.8784,5.82,7.49,85.3
2024-04-05,5.73,4.1954,6.49,0.21,77.43
2024-04-06,6.45,3.8784,7.11,0.07,79.1
2024-04-07,7.28,6.2635,4.04,0.01,76.06
2024-04-08,8.77,6.1901,3.28,0.04,78.82
2024-04-09,11.71,6.127,2.72,0.04,80.77
2024-04-10,8.93,3.6943,4.16,0.19,95.78
2024-04-11,9.88,2.6966,5.98,3.57,96.32
2024-04-12,12.17,2.7379,9.73,21.97,89.43
2024-04-13,9.44,2.987,9.41,0.75,79.38
2024-04-14,10.81,5.8498,6.74,1.42,82.54
2024-04-15,15.23,6.3346,3.54,4.23,82.07
2024-04-16,12.28,7.1842,3.93,0.0,71.8
2024-04-17,9.91,2.7749,4.02,1.82,92.82
2024-04-18,8.01,1.5802,7.85,4.3,91.58
2024-04-19,8.36,3.401,4.29,3.39,87.91
2024-04-20,10.6,5.4163,4.03,1.93,85.74
2024-04-21,7.59,3.936,4.51,0.01,69.47
2024-04-22,8.65,7.6541,4.05,0.0,72.81
2024-04-23,9.14,7.2749,4.91,0.0,82.63
2024-04-24,12.1,5.7499,5.06,0.32,80.2
2024-04-25,7.37,6.7819,4.82,0.0,66.41
2024-04-26,8.45,7.4743,3.32,0.02,74.24
2024-04-27,9.12,4.1779,4.82,0.42,80.38
2024-04-28,12.5,5.9597,3.92,2.63,93.18
2024-04-29,15.46,6.1543,3.79,0.39,92.1
2024-04-30,11.74,4.4585,3.79,0.67,94.5
2024-05-01,13.13,6.3082,3.23,0.74,89.67
2024-05-02,15.01,6.7711,4.39,0.59,87.57
2024-05-03,11.64,4.6524,5.42,0.08,86.72
2024-05-04,10.94,2.7413,5.19,1.84,84.64
2024-05-05,10.67,1.2036,5.87,7.35,93.36
2024-05-06,14.9,3.4579,2.64,1.69,93.21
2024-05-07,16.54,7.2233,3.08,0.04,78.53
2024-05-08,16.99,6.3588,5.75,2.49,89.3
2024-05-09,15.09,3.9794,3.83,0.51,81.78
2024-05-10,10.69,1.6469,6.75,9.39,84.36
2024-05-11,10.97,6.2268,4.59,0.16,77.61
2024-05-12,10.07,2.5313,3.39,5.18,83.33
2024-05-13,12.54,4.5578,4.64,0.05,87.64
2024-05-14,14.24,4.2269,4.52,0.98,92.58
2024-05-15,14.3,2.5092,5.98,6.39,93.85
2024-05-16,14.87,1.9032,8.49,3.33,90.82
2024-05-17,15.38,3.7423,3.3,0.11,85.55
2024-05-18,14.77,2.6393,2.6,0.64,89.88
2024-05-19,15.22,5.8922,3.57,0.14,88.75
2024-05-20,14.47,7.2019,3.05,0.06,90.37
2024-05-21,16.29,7.4273,4.43,0.04,90.72
2024-05-22,17.7,7.9202,5.15,0.23,88.93
2024-05-23,18.82,4.147,3.67,15.97,91.74
2024-05-24,20.21,8.0585,2.87,0.12,77.89
2024-05-25,17.84,7.105,3.6,0.14,87.17
2024-05-26,18.37,6.3036,3.78,1.01,92.41
2024-05-27,18.3,3.275,6.63,8.9,95.71
2024-05-28,20.11,7.8818,5.19,0.27,83.56
2024-05-29,18.74,7.0416,2.75,3.0,84.11
2024-05-30,17.68,7.7359,4.18,3.54,75.96
2024-05-31,18.13,8.2543,4.31,0.08,71.78
2024-06-01,19.17,8.3532,3.98,0.0,71.02
2024-06-02,19.12,5.4058,4.88,0.1,83.5
2024-06-03,21.16,6.8345,2.39,0.55,84.36
2024-06-04,19.4,7.3759,3.05,0.14,89.81
2024-06-05,19.97,4.8739,4.06,10.64,93.96
2024-06-06,21.73,4.5264,5.76,12.31,93.27
2024-06-07,21.77,6.8429,3.47,0.25,79.03
2024-06-08,20.17,7.7844,4.52,0.01,76.25
2024-06-09,20.32,5.4674,4.94,0.71,81.99
2024-06-10,19.14,6.7226,3.61,0.1,75.93
2024-06-11,18.71,5.0938,2.38,0.26,75.83
2024-06-12,19.62,6.4085,2.56,0.19,81.46
2024-06-13,20.39,7.7304,5.0,0.12,87.06
2024-06-14,21.54,5.4696,4.76,4.24,88.69
2024-06-15,20.81,8.0753,4.31,0.09,75.87
2024-06-16,19.05,7.8394,4.54,0.0,77.09
2024-06-17,21.45,7.4438,5.68,0.12,87.34
2024-06-18,22.08,7.6243,5.39,0.07,87.21
2024-06-19,22.24,7.4124,4.43,0.02,87.02
2024-06-20,23.32,7.5905,4.98,0.05,84.11
2024-06-21,24.16,7.6056,4.84,0.55,83.61
2024-06-22,24.13,6.2306,3.93,2.25,87.59
2024-06-23,24.25,5.5106,7.37,1.43,87.01
2024-06-24,22.72,6.7346,7.18,4.07,73.36
2024-06-25,22.78,7.7681,5.43,0.0,68.89
2024-06-26,22.89,6.7078,6.34,9.3,81.8
2024-06-27,22.33,7.4292,3.69,4.0,77.75
2024-06-28,19.72,8.4338,4.66,0.0,62.72
2024-06-29,21.59,4.2574,6.32,1.53,88.61
2024-06-30,22.5,3.953,6.04,19.98,94.12
2024-07-01,21.07,8.0172,5.46,0.69,75.1
2024-07-02,21.58,7.9752,3.04,0.0,72.14
2024-07-03,21.34,7.7446,3.98,0.03,83.12
2024-07-04,22.68,5.8294,4.63,1.02,88.53
2024-07-05,23.5,4.8838,4.93,4.81,91.75
2024-07-06,24.37,6.2112,4.97,6.44,91.34
2024-07-07,24.6,6.2789,2.02,1.49,86.36
2024-07-08,24.95,6.6962,2.06,0.33,84.7
2024-07-09,24.81,6.1092,4.0,0.73,89.35
2024-07-10,24.99,6.0737,6.8,1.03,90.5
2024-07-11,24.87,7.3918,6.1,2.84,82.34
2024-07-12,24.19,3.9307,4.77,5.55,90.62
2024-07-13,24.58,6.1339,4.25,4.51,90.08
2024-07-14,25.52,6.053,3.16,2.74,83.46
2024-07-15,25.81,6.719,4.78,2.52,84.88
2024-07-16,26.5,7.0728,5.23,1.43,81.09
2024-07-17,25.31,6.072,3.82,14.61,87.68
2024-07-18,25.04,5.1977,2.45,3.56,80.08
2024-07-19,23.64,7.8226,4.15,0.01,67.71
2024-07-20,24.06,4.0546,4.37,0.21,81.9
2024-07-21,24.87,6.2299,2.75,0.49,80.85
2024-07-22,24.22,3.6485,3.8,4.44,89.78
2024-07-23,24.71,4.4155,1.64,3.31,85.04
2024-07-24,24.35,3.4044,2.48,3.06,88.99
2024-07-25,25.02,3.9295,3.48,2.2,81.05
2024-07-26,24.01,6.7702,3.42,0.02,65.38
2024-07-27,24.46,6.4462,2.25,0.05,70.91
2024-07-28,24.19,5.9834,3.42,0.09,74.47
2024-07-29,24.45,5.0794,4.81,3.98,83.07
2024-07-30,24.71,5.2546,5.88,1.82,88.58
2024-07-31,25.12,4.6896,5.85,7.11,88.71
2024-08-01,26.49,6.2093,3.22,2.26,81.01
2024-08-02,25.89,4.8612,4.25,8.03,89.58
2024-08-03,25.65,5.5639,4.22,7.59,90.18
2024-08-04,24.88,3.6912,5.4,8.38,90.91
2024-08-05,25.52,6.4006,4.35,0.85,83.08
2024-08-06,25.44,4.9438,4.69,12.18,88.65
2024-08-07,21.93,1.5737,5.34,24.38,89.6
2024-08-08,22.11,1.7786,6.39,6.41,93.49
2024-08-09,24.4,2.9575,9.59,20.66,94.26
2024-08-10,24.54,6.7994,3.99,1.88,81.58
2024-08-11,23.0,5.8157,3.04,0.06,79.69
2024-08-12,22.55,5.8978,3.56,0.79,76.07
2024-08-13,22.47,6.5042,2.71,0.04,71.54
2024-08-14,23.94,6.3864,2.43,1.04,74.48
2024-08-15,24.25,6.0437,2.38,0.97,76.41
2024-08-16,23.76,5.8865,3.21,0.38,82.48
2024-08-17,23.42,2.5694,4.13,3.86,89.74
2024-08-18,23.92,4.4465,6.34,18.27,91.8
2024-08-19,24.11,4.9985,3.56,7.46,88.08
2024-08-20,19.94,6.305,6.06,0.46,70.4
2024-08-21,19.15,6.1294,4.95,0.04,69.75
2024-08-22,20.68,5.7197,3.92,0.01,70.16
2024-08-23,21.52,6.7754,3.02,0.0,76.5
2024-08-24,22.43,6.119,3.42,0.02,76.55
2024-08-25,22.4,5.7876,3.99,0.19,80.57
2024-08-26,23.01,5.8176,3.06,3.09,82.8
2024-08-27,23.2,6.3674,2.98,0.22,82.8
2024-08-28,25.6,5.5824,4.15,1.07,79.37
2024-08-29,22.75,3.9374,6.3,6.46,75.04
2024-08-30,20.02,2.5294,5.08,4.67,81.0
2024-08-31,22.49,3.1987,3.76,0.1,87.14
2024-09-01,23.43,3.3091,4.35,0.89,90.27
2024-09-02,22.12,5.8639,5.3,0.03,68.52
2024-09-03,19.16,6.5004,4.22,0.0,55.25
2024-09-04,20.33,6.1963,2.87,0.0,59.44
2024-09-05,20.55,6.1894,4.95,0.01,73.13
2024-09-06,21.09,3.4459,3.91,0.1,84.03
2024-09-07,20.43,2.5786,5.1,2.92,85.45
2024-09-08,18.02,6.2506,5.84,0.01,63.1
2024-09-09,19.41,5.8349,5.06,0.01,64.94
2024-09-10,20.85,6.0847,2.79,0.0,66.05
2024-09-11,19.96,6.1154,3.05,0.0,71.69
2024-09-12,20.65,5.609,2.51,0.01,80.29
2024-09-13,20.96,5.5188,2.34,0.01,82.01
2024-09-14,21.57,5.3006,2.71,0.0,81.87
2024-09-15,21.02,5.1254,4.69,0.01,77.49
2024-09-16,19.84,4.5602,4.46,0.03,78.37
2024-09-17,20.97,3.5518,4.1,0.22,87.88
2024-09-18,21.15,2.3592,5.27,0.06,83.99
2024-09-19,22.44,4.571,4.55,0.01,70.47
2024-09-20,21.82,4.753,5.4,0.06,77.04
2024-09-21,20.49,4.9476,5.46,0.01,75.71
2024-09-22,19.38,5.0378,5.09,0.05,73.39
2024-09-23,18.11,2.1893,5.22,0.96,74.55
2024-09-24,18.2,2.5637,5.78,0.1,75.86
2024-09-25,19.15,1.141,5.99,0.94,82.66
2024-09-26,20.74,1.6519,4.54,1.35,93.5
2024-09-27,20.11,1.8389,3.54,4.04,88.18
2024-09-28,19.54,1.3162,7.95,4.56,89.75
2024-09-29,18.29,0.9178,6.61,3.4,86.43
2024-09-30,18.68,3.7488,5.15,0.09,79.54
2024-10-01,18.24,2.9664,6.07,0.05,82.47
2024-10-02,17.6,2.9263,4.07,0.03,75.78
2024-10-03,18.61,3.4272,2.61,0.0,74.93
2024-10-04,18.9,3.3768,3.0,0.14,83.96
2024-10-05,19.81,4.7038,3.56,0.62,75.33
2024-10-06,17.97,4.7458,4.23,0.03,76.77
2024-10-07,19.47,3.8422,5.47,0.63,75.64
2024-10-08,16.84,4.4412,4.28,0.0,60.72
2024-10-09,16.27,4.1155,4.26,0.05,63.11
2024-10-10,13.71,4.831,6.62,0.0,65.02
2024-10-11,15.16,4.5413,5.15,0.0,63.79
2024-10-12,17.62,4.4575,5.51,0.0,62.19
2024-10-13,17.97,3.4978,5.0,0.11,77.78
2024-10-14,15.94,3.571,7.62,0.29,71.23
2024-10-15,12.01,3.7025,5.74,0.03,63.9
2024-10-16,11.78,3.8928,6.06,0.0,65.88
2024-10-17,11.88,4.2593,6.56,0.0,66.58
2024-10-18,14.3,4.3255,4.87,0.0,61.61
2024-10-19,14.77,4.1854,2.87,0.0,71.19
2024-10-20,15.64,4.1674,3.68,0.0,71.56
2024-10-21,17.14,4.0274,3.63,0.0,66.82
2024-10-22,18.46,3.8232,3.25,0.01,79.33
2024-10-23,17.71,3.888,5.26,0.03,91.39
2024-10-24,16.81,3.7966,6.13,0.01,66.45
2024-10-25,13.17,3.9967,4.64,0.0,65.23
2024-10-26,14.64,3.6305,6.26,0.01,60.15
2024-10-27,11.37,3.9713,4.25,0.0,54.53
2024-10-28,12.63,3.6166,3.25,0.0,56.5
2024-10-29,15.52,2.8598,4.43,0.14,82.69
2024-10-30,16.67,3.3451,4.5,0.09,86.35
2024-10-31,17.79,3.3432,5.64,0.03,84.26
2024-11-01,18.64,3.0905,6.79,0.01,72.05
2024-11-02,13.14,3.6182,5.05,0.0,61.96
2024-11-03,9.92,3.5666,4.3,0.0,59.47
2024-11-04,12.55,2.5073,4.71,0.0,76.63
2024-11-05,16.43,2.9446,6.06,0.01,88.0
2024-11-06,18.79,3.0924,6.58,0.0,82.69
2024-11-07,17.66,3.1937,4.29,0.04,74.91
2024-11-08,14.61,3.3562,5.91,0.0,64.31
2024-11-09,10.64,3.4529,6.29,0.0,50.78
2024-11-10,12.97,1.463,5.49,2.84,66.44
2024-11-11,16.11,2.7672,6.51,5.0,79.95
2024-11-12,11.19,3.3233,9.61,0.0,60.75
2024-11-13,7.44,3.2582,6.29,0.0,59.15
2024-11-14,7.32,1.7023,4.51,0.02,64.52
2024-11-15,9.83,2.8438,5.63,0.0,53.83
2024-11-16,11.07,3.0876,7.52,0.0,57.45
2024-11-17,11.47,2.6791,4.91,0.0,62.63
2024-11-18,12.59,2.779,5.48,0.1,69.88
2024-11-19,11.32,2.4646,3.8,0.19,69.08
2024-11-20,12.37,1.313,3.71,0.11,77.0
2024-11-21,9.41,0.7874,7.41,46.67,91.55
2024-11-22,5.76,0.7186,8.11,4.21,86.1
2024-11-23,7.66,1.9502,9.29,1.28,82.67
2024-11-24,9.31,1.9565,8.23,0.09,74.95
2024-11-25,8.93,2.4624,4.7,0.1,71.91
2024-11-26,11.78,1.9414,5.94,3.39,83.15
2024-11-27,8.37,2.4058,4.27,0.01,70.44
2024-11-28,9.58,0.5964,7.61,18.72,86.42
2024-11-29,6.05,1.4861,6.71,0.05,72.73
2024-11-30,2.77,2.6299,7.01,0.01,71.87
2024-12-01,2.17,2.2044,7.11,0.0,68.82
2024-12-02,2.61,2.2915,5.05,0.05,72.13
2024-12-03,3.3,2.0935,5.43,0.14,73.78
2024-12-04,4.05,1.3927,6.96,1.4,71.2
2024-12-05,4.04,1.6003,11.14,4.56,78.72
2024-12-06,1.68,2.5514,8.25,0.06,69.34
2024-12-07,3.34,2.2102,6.89,0.05,68.89
2024-12-08,7.54,1.9572,7.68,0.08,71.88
2024-12-09,8.85,0.6288,4.37,5.57,90.94
2024-12-10,9.31,0.7318,4.31,1.97,96.51
2024-12-11,11.74,1.3363,9.77,49.78,95.49
2024-12-12,3.57,2.5932,9.45,0.0,66.02
2024-12-13,0.49,2.5046,5.72,0.0,66.82
2024-12-14,0.65,2.4768,4.38,0.0,68.17
2024-12-15,4.06,1.1928,4.64,0.47,74.74
2024-12-16,8.23,0.9149,6.47,23.47,95.98
2024-12-17,9.89,2.0974,5.65,2.66,90.42
2024-12-18,8.01,2.1055,3.55,3.71,87.93
2024-12-19,5.57,2.0676,5.66,2.01,75.78
2024-12-20,3.3,0.4956,7.08,5.66,88.96
2024-12-21,-0.16,1.4681,8.69,1.55,78.36
2024-12-22,-4.31,2.2188,7.11,0.0,79.54
2024-12-23,-3.62,2.107,3.5,0.0,78.78
2024-12-24,2.41,1.3944,5.53,0.71,83.08
2024-12-25,1.14,1.1146,4.96,0.02,78.33
2024-12-26,0.72,2.0952,3.19,0.0,73.32
2024-12-27,2.6,1.7578,1.81,0.05,77.98
2024-12-28,7.0,0.7512,3.6,11.6,98.76
2024-12-29,9.17,1.5677,5.93,3.49,97.44
2024-12-30,9.83,1.9462,7.1,25.43,84.54
2024-12-31,7.27,2.1317,4.71,4.24,89.23
2025-01-01,7.28,0.8374,8.41,0.86,86.01
2025-01-02,3.46,1.7206,10.41,0.02,73.47
2025-01-03,1.76,2.064,7.75,0.14,76.16
2025-01-04,0.38,1.8792,10.07,0.01,67.99
2025-01-05,-0.17,2.2598,8.52,0.0,73.01
2025-01-06,-0.4,0.871,5.27,1.15,80.12
2025-01-07,-2.05,2.4763,11.81,0.01,76.13
2025-01-08,-2.21,2.4391,11.23,0.0,71.37
2025-01-09,-1.68,2.6124,12.26,0.05,76.49
2025-01-10,0.73,2.3878,6.7,0.0,74.37
2025-01-11,0.62,1.5974,5.85,1.05,79.73
2025-01-12,1.61,2.2025,4.79,0.0,76.05
2025-01-13,2.87,1.4496,6.03,0.0,78.57
2025-01-14,-0.29,2.8082,8.68,0.0,67.96
2025-01-15,-2.02,2.6556,8.82,0.0,74.87
2025-01-16,-1.5,1.6428,5.36,0.49,77.07
2025-01-17,0.86,2.7007,4.97,0.01,78.85
2025-01-18,4.21,0.9362,5.58,1.54,93.0
2025-01-19,1.81,0.6754,6.14,7.53,92.0
2025-01-20,-3.75,2.1998,8.11,0.03,74.68
2025-01-21,-6.69,2.0057,5.25,0.02,76.76
2025-01-22,-6.75,2.5584,4.24,0.0,68.17
2025-01-23,-3.21,2.3179,4.34,0.0,69.66
2025-01-24,-1.84,2.7586,5.4,0.0,74.16
2025-01-25,-1.42,2.2541,5.52,0.0,70.51
2025-01-26,1.73,2.0777,5.93,0.01,78.5
2025-01-27,1.6,3.127,6.88,0.0,71.32
2025-01-28,2.38,2.532,7.29,0.03,67.68
2025-01-29,4.57,2.4538,9.49,0.01,74.67
2025-01-30,0.5,3.2033,6.07,0.0,63.77
2025-01-31,4.99,0.6074,5.49,9.35,97.42
2025-02-01,1.36,3.4358,8.8,2.33,74.58
2025-02-02,-0.84,1.9543,5.29,1.42,78.68
2025-02-03,3.23,1.9932,4.13,0.07,92.16
2025-02-04,3.75,3.1303,8.27,0.26,75.57
2025-02-05,0.08,3.2422,4.07,0.0,59.64
2025-02-06,2.36,0.7296,5.69,9.66,91.15
2025-02-07,1.86,3.4022,7.45,0.04,75.54
2025-02-08,-0.16,1.9678,3.82,6.88,69.02
2025-02-09,1.1,1.4294,5.44,4.35,84.54
2025-02-10,0.18,3.3941,5.5,0.0,70.15
2025-02-11,0.05,1.6543,2.19,2.28,68.21
2025-02-12,1.73,0.8676,6.93,2.12,90.73
2025-02-13,3.9,1.374,7.36,7.32,91.15
2025-02-14,0.17,4.1357,7.41,0.0,66.97
2025-02-15,1.19,0.883,4.27,11.62,75.53
2025-02-16,5.09,0.9962,8.69,26.53,93.7
2025-02-17,-0.17,3.8549,12.48,0.06,61.8
2025-02-18,-3.91,3.9869,10.13,0.0,66.04
2025-02-19,-3.82,3.3773,6.96,0.0,75.82
2025-02-20,-3.73,2.5798,7.39,0.17,80.28
2025-02-21,-2.36,4.4232,9.74,0.0,74.21
2025-02-22,-1.05,4.4623,5.43,0.0,75.03
2025-02-23,2.61,4.0519,4.24,0.0,77.4
2025-02-24,3.8,3.9617,5.07,0.0,88.24
2025-02-25,5.39,2.8459,4.64,0.02,90.45
2025-02-26,5.95,4.3066,4.28,0.05,81.22
2025-02-27,6.03,1.1875,5.34,1.57,94.41
2025-02-28,4.9,4.3987,5.32,0.0,78.83
2025-03-01,5.24,3.8782,8.9,0.01,75.86
2025-03-02,-1.79,5.143,7.72,0.01,61.98
2025-03-03,-0.84,5.0275,4.84,0.0,65.6
2025-03-04,4.08,3.041,6.68,0.0,85.14
2025-03-05,7.48,1.4383,10.02,28.05,94.39
2025-03-06,6.49,3.2249,7.81,1.26,81.5
2025-03-07,3.73,5.1557,9.59,0.01,64.12
2025-03-08,3.66,4.5559,7.38,0.01,68.69
2025-03-09,3.87,4.969,6.11,0.0,70.16
2025-03-10,7.27,5.1982,4.99,0.0,77.72
2025-03-11,7.18,5.2289,3.78,0.01,87.2
2025-03-12,6.07,4.068,4.95,0.01,74.6
2025-03-13,5.04,4.4902,6.2,0.02,82.05
2025-03-14,5.11,4.6675,3.53,0.18,89.0
2025-03-15,6.04,1.6416,3.85,3.39,96.98
2025-03-16,8.81,1.8305,8.78,11.63,97.35
2025-03-17,8.52,2.0623,6.24,13.27,86.78
2025-03-18,6.38,5.8404,6.01,0.0,67.53
2025-03-19,6.92,5.5154,2.75,0.02,82.54
2025-03-20,6.22,3.4366,4.79,6.84,96.23
2025-03-21,5.91,5.9134,8.91,1.6,68.85
2025-03-22,6.99,4.3627,6.33,0.06,79.44
2025-03-23,3.62,5.987,5.76,0.0,64.53
2025-03-24,6.64,1.0805,6.0,11.72,91.73
2025-03-25,8.09,6.0816,4.64,0.06,77.56
2025-03-26,5.73,3.5546,4.21,1.76,77.6
2025-03-27,4.87,6.445,5.51,0.0,68.4
2025-03-28,7.86,3.7858,5.17,3.4,83.76
2025-03-29,11.94,4.0296,6.32,0.77,85.63
2025-03-30,6.48,1.9529,5.15,4.14,93.3
2025-03-31,10.53,3.1397,7.35,8.55,94.06
2025-04-01,7.86,6.5009,6.74,4.49,72.3
2025-04-02,5.07,4.6829,6.25,0.69,74.23
2025-04-03,11.43,2.381,7.51,0.97,95.81
2025-04-04,13.23,3.408,4.1,7.71,79.26
2025-04-05,7.88,0.8762,5.8,3.79,91.06
2025-04-06,8.19,1.7923,3.15,3.48,89.7
2025-04-07,5.64,0.9077,4.92,7.93,90.47
2025-04-08,4.74,6.3878,7.8,0.62,68.71
2025-04-09,3.68,7.1136,5.57,0.0,61.75
2025-04-10,5.89,3.2467,4.77,0.66,80.42
2025-04-11,6.21,1.3085,7.47,18.4,86.93
2025-04-12,4.06,1.4942,9.38,8.88,91.11
2025-04-13,7.62,3.5815,5.58,1.36,82.77
2025-04-14,9.02,4.4614,4.66,0.5,82.37
2025-04-15,10.73,3.9682,5.87,3.21,80.15
2025-04-16,7.54,3.7582,8.02,0.01,70.78
2025-04-17,8.55,7.4206,4.73,0.0,69.51
2025-04-18,9.7,5.9887,5.23,0.05,80.0
2025-04-19,14.01,4.1947,7.56,0.06,86.77
2025-04-20,12.53,6.0929,5.77,0.0,67.88
2025-04-21,9.28,2.7907,5.16,0.55,82.99
2025-04-22,13.96,6.0634,4.38,0.68,83.6
2025-04-23,13.16,7.0027,3.28,0.0,73.67
2025-04-24,13.56,6.6127,3.72,0.0,80.69
2025-04-25,13.04,5.6554,5.33,0.41,88.23
2025-04-26,13.87,2.6686,7.42,15.17,92.8
2025-04-27,11.02,6.2582,8.48,0.01,69.02
2025-04-28,13.25,7.531,4.32,0.0,69.96
2025-04-29,13.45,6.8527,7.47,0.09,81.39
2025-04-30,15.22,7.494,5.23,0.05,71.78
2025-05-01,11.84,6.7027,4.6,0.23,81.29
2025-05-02,15.34,5.7715,5.04,0.55,87.85
2025-05-03,15.22,5.5037,5.88,1.76,92.55
2025-05-04,13.58,2.4449,5.16,16.01,94.89
2025-05-05,13.06,1.8178,4.24,35.02,96.23
2025-05-06,14.57,3.6845,5.6,2.65,94.43
2025-05-07,15.37,6.3778,3.34,0.15,80.81
2025-05-08,15.67,5.6314,2.28,1.57,86.01
2025-05-09,13.68,1.1527,5.55,8.8,92.95
2025-05-10,14.21,7.9546,6.54,0.04,75.15
2025-05-11,16.6,7.6481,2.52,0.01,71.34
2025-05-12,15.17,7.2134,4.31,0.01,82.12
2025-05-13,15.18,2.1367,4.23,5.05,94.58
2025-05-14,14.53,1.2883,7.02,29.6,95.44
2025-05-15,15.98,2.8308,2.15,2.89,94.68
2025-05-16,16.73,3.4486,2.99,1.29,92.81
2025-05-17,18.41,6.1286,4.73,3.13,87.88
2025-05-18,17.31,6.1164,6.14,0.12,77.45
2025-05-19,15.17,7.8286,7.38,0.14,71.0
2025-05-20,13.4,8.0222,4.26,0.01,73.21
2025-05-21,12.13,1.3884,7.47,13.68,85.11
2025-05-22,11.6,2.0587,7.18,17.57,87.91
2025-05-23,12.38,4.2559,2.87,2.24,83.21
2025-05-24,13.29,5.0256,5.99,0.34,79.26
2025-05-25,13.93,5.5968,5.01,0.08,80.02
2025-05-26,15.07,7.4762,3.1,0.02,78.65
2025-05-27,15.1,5.7782,3.0,0.02,84.83
2025-05-28,14.23,2.5987,3.4,10.26,88.46
2025-05-29,15.52,3.2287,4.65,8.69,91.42
2025-05-30,16.21,5.0062,3.99,8.47,93.96
2025-05-31,15.52,4.5542,8.24,22.89,83.69
2025-06-01,13.99,6.3506,5.8,0.07,74.24
2025-06-02,15.65,7.987,3.1,0.06,77.01
2025-06-03,17.21,7.639,2.84,0.01,76.51
2025-06-04,18.09,7.806,4.52,0.08,88.27
2025-06-05,19.39,6.7058,4.65,0.02,87.42
2025-06-06,19.82,5.8824,4.19,0.3,88.33
2025-06-07,18.99,3.2443,2.51,13.9,92.71
2025-06-08,17.85,3.965,5.74,0.5,90.15
2025-06-09,17.07,2.2829,4.86,5.96,92.28
2025-06-10,18.6,3.5861,3.09,4.04,92.73
2025-06-11,20.58,7.3462,3.4,0.04,80.35
2025-06-12,22.1,7.3361,4.22,0.04,80.96
2025-06-13,19.25,5.6184,3.96,0.13,79.86
2025-06-14,17.07,1.6906,5.37,10.13,92.77
2025-06-15,16.17,1.8274,4.38,5.55,87.24
2025-06-16,17.23,1.962,5.11,4.03,92.13
2025-06-17,17.98,2.0966,3.32,3.11,95.14
2025-06-18,20.2,4.5888,3.47,1.83,93.54
2025-06-19,22.18,6.9019,5.29,2.18,90.05
2025-06-20,21.68,7.3531,5.83,0.11,78.12
2025-06-21,22.36,7.02,3.53,0.06,81.99
2025-06-22,23.87,3.372,4.97,0.85,84.84
2025-06-23,26.12,7.4311,2.56,0.49,81.31
2025-06-24,27.69,8.1017,2.94,0.0,71.62
2025-06-25,27.89,7.6046,2.18,0.08,74.39
2025-06-26,22.89,4.6673,5.77,1.03,82.26
2025-06-27,19.88,2.4036,6.83,1.27,76.38
2025-06-28,22.79,6.1757,4.29,1.33,88.02
2025-06-29,25.28,7.4573,2.6,0.15,76.63
2025-06-30,23.65,6.1351,2.61,2.01,86.18
2025-07-01,24.39,5.101,4.3,23.1,90.74
2025-07-02,23.63,5.2327,3.41,11.09,86.19
2025-07-03,24.5,7.1458,3.53,2.9,79.7
2025-07-04,23.17,8.2644,3.17,0.01,73.28
2025-07-05,23.33,7.6512,3.69,0.02,75.92
2025-07-06,23.99,7.9049,5.53,0.07,81.86
2025-07-07,24.72,4.7707,4.29,1.87,91.5
2025-07-08,25.92,6.7685,3.71,5.2,86.78
2025-07-09,25.76,7.0421,3.91,2.25,83.96
2025-07-10,23.77,3.8782,1.8,32.24,89.41
2025-07-11,24.09,6.5369,3.01,0.32,89.24
2025-07-12,24.11,6.0857,3.18,0.25,88.4
2025-07-13,24.17,5.233,3.98,0.41,87.72
2025-07-14,25.11,5.0633,4.55,10.88,90.37
2025-07-15,25.82,6.0329,2.71,1.25,85.79
2025-07-16,26.38,6.198,3.62,0.97,88.32
2025-07-17,27.22,5.8726,5.71,1.35,84.54
2025-07-18,25.53,6.4154,3.91,0.0,66.05
2025-07-19,24.97,3.0749,3.39,1.19,78.88
2025-07-20,26.79,5.4324,3.42,3.51,80.49
2025-07-21,25.44,7.0428,3.05,0.17,69.81
2025-07-22,23.02,6.7932,4.54,0.14,70.22
2025-07-23,23.8,6.9814,3.89,0.08,65.45
2025-07-24,24.61,7.0294,5.62,0.06,75.86
2025-07-25,26.42,6.4622,5.24,1.54,78.5
2025-07-26,24.99,6.3122,4.42,0.84,71.72
2025-07-27,24.77,3.5388,4.32,4.07,84.73
2025-07-28,27.4,7.2283,2.48,0.04,76.3
2025-07-29,28.14,7.1098,3.12,0.2,76.5
2025-07-30,28.19,6.2957,3.2,0.93,74.57
2025-07-31,26.26,2.916,3.47,12.92,85.1
2025-08-01,21.62,2.7631,6.61,1.89,76.85
2025-08-02,22.56,6.4709,3.0,0.03,68.32
2025-08-03,22.92,7.32,2.72,0.04,68.12
2025-08-04,24.21,6.6768,2.33,0.02,66.17
2025-08-05,23.75,4.3586,2.29,0.06,82.38
2025-08-06,22.81,2.4257,4.6,0.16,77.61
2025-08-07,22.38,6.0974,5.05,0.16,70.5
2025-08-08,22.17,7.405,3.8,0.0,61.94
2025-08-09,22.18,7.4479,3.44,0.12,63.03
2025-08-10,23.58,7.062,3.22,0.15,69.15
2025-08-11,23.85,7.1218,3.97,0.09,73.53
2025-08-12,24.45,6.9055,4.31,0.28,81.58
2025-08-13,25.25,5.2402,4.48,4.73,86.37
2025-08-14,26.2,5.0006,2.16,3.42,80.5
2025-08-15,25.64,6.6506,4.33,0.06,74.29
2025-08-16,24.4,5.1859,3.31,0.85,80.1
2025-08-17,25.76,5.4149,4.99,2.45,80.91
2025-08-18,22.28,2.971,6.54,1.07,69.26
2025-08-19,21.55,5.4089,5.72,0.01,63.64
2025-08-20,21.32,1.9277,7.63,13.25,84.21
2025-08-21,20.45,3.8508,9.08,6.14,79.67
2025-08-22,21.94,6.9559,4.75,0.0,64.0
2025-08-23,22.03,6.78,5.55,0.01,72.65
2025-08-24,22.48,4.7333,4.95,0.01,82.75
2025-08-25,23.9,6.3293,3.5,0.05,74.98
2025-08-26,22.11,6.0346,3.9,0.01,59.97
2025-08-27,21.09,5.9606,4.78,0.02,59.76
2025-08-28,21.41,5.3477,4.34,0.09,60.86
2025-08-29,22.05,4.8005,4.19,0.32,67.34
2025-08-30,20.19,6.3024,3.39,0.0,56.15
2025-08-31,20.53,5.8678,3.5,0.0,62.63
2025-09-01,21.31,5.5817,4.58,0.0,66.5
2025-09-02,20.45,5.8474,3.95,0.01,74.07
2025-09-03,20.5,6.0127,2.67,0.01,70.86
2025-09-04,21.53,5.2934,5.97,2.6,79.89
2025-09-05,23.13,5.3671,6.04,1.25,81.77
2025-09-06,23.28,3.4882,6.04,25.21,87.55
2025-09-07,19.16,2.987,3.44,15.87,82.33
2025-09-08,19.46,6.4135,4.33,0.0,60.0
2025-09-09,19.69,5.7929,6.46,0.01,67.14
2025-09-10,19.98,2.4048,6.56,0.66,81.19
2025-09-11,21.17,5.8608,2.67,0.0,70.49
2025-09-12,20.94,5.0856,3.74,0.01,72.7
2025-09-13,21.01,5.1888,3.9,0.1,77.44
2025-09-14,21.57,5.2627,2.51,0.06,79.66
2025-09-15,21.56,5.0402,4.29,0.02,78.06
2025-09-16,20.48,3.3797,7.24,0.08,73.16
2025-09-17,20.1,2.2454,7.02,4.12,84.54
2025-09-18,21.73,5.4946,3.22,0.1,78.24
2025-09-19,23.01,5.514,3.11,0.0,68.76
2025-09-20,19.72,5.5296,5.79,0.0,64.39
2025-09-21,18.24,4.5396,4.93,0.0,65.77
2025-09-22,19.27,2.9402,3.29,0.0,77.43
2025-09-23,21.84,4.0608,5.15,0.47,84.56
2025-09-24,21.86,2.3426,2.8,9.7,89.94
2025-09-25,22.28,1.4021,5.93,6.86,95.17
2025-09-26,22.84,4.7273,2.77,0.3,80.29
2025-09-27,21.86,3.2714,2.89,0.27,79.34
2025-09-28,22.32,4.9615,2.63,1.07,77.88
2025-09-29,21.81,3.2664,2.85,0.0,71.04
2025-09-30,21.13,3.7572,4.27,0.0,71.77
2025-10-01,17.96,5.2819,6.86,0.01,61.58
2025-10-02,16.23,4.6733,4.44,0.0,60.34
2025-10-03,17.51,4.8281,3.77,0.0,64.43
2025-10-04,19.63,4.8185,3.92,0.11,71.86
2025-10-05,20.66,4.6838,3.35,0.08,76.89
2025-10-06,20.24,4.8494,4.39,0.1,81.23
2025-10-07,20.92,3.6,6.35,0.12,85.51
2025-10-08,19.36,2.9326,7.25,25.91,76.88
2025-10-09,14.27,4.9565,6.02,0.0,58.72
2025-10-10,14.78,3.6228,4.04,0.02,62.1
2025-10-11,17.94,1.7424,5.96,1.2,80.47
2025-10-12,16.43,1.4011,11.58,14.85,85.67
2025-10-13,15.86,1.5941,12.82,19.2,90.49
2025-10-14,15.68,2.3647,8.16,6.07,85.85
2025-10-15,16.6,3.3516,6.04,0.03,72.93
2025-10-16,12.75,4.6231,8.15,0.0,60.94
2025-10-17,13.58,4.0944,5.88,0.0,59.76
2025-10-18,14.48,3.4387,3.14,0.0,67.16
2025-10-19,17.67,3.0715,7.26,0.2,87.91
2025-10-20,16.32,2.1108,9.1,3.63,76.63
2025-10-21,15.39,4.1162,6.08,0.54,72.77
2025-10-22,15.41,3.4502,6.41,5.95,71.26
2025-10-23,13.34,2.8558,6.09,0.02,68.16
2025-10-24,12.43,3.4649,5.01,0.01,70.91
2025-10-25,12.41,3.2724,3.6,0.0,65.65
2025-10-26,12.53,3.1572,3.64,0.01,62.05
2025-10-27,11.16,3.755,4.52,0.0,66.23
2025-10-28,11.13,2.3021,8.36,1.3,79.3
2025-10-29,11.88,2.053,7.32,1.86,82.86
2025-10-30,15.5,0.6389,9.94,43.09,93.6
2025-10-31,12.69,2.2865,11.02,0.14,73.26
2025-11-01,11.85,2.3484,7.18,0.0,68.59
2025-11-02,11.6,3.4622,3.89,0.0,70.55
2025-11-03,13.41,1.2818,4.73,0.2,79.37
2025-11-04,11.98,3.6586,7.87,0.0,64.77
2025-11-05,13.22,2.8603,7.2,0.09,72.22
2025-11-06,10.14,2.8512,8.04,0.02,65.6
2025-11-07,12.0,2.6494,6.54,0.32,66.25
2025-11-08,14.64,3.0725,3.78,1.61,83.09
2025-11-09,14.34,1.2398,5.01,1.62,94.75
2025-11-10,10.28,0.7342,6.96,14.54,84.33
2025-11-11,4.3,2.04,10.19,0.25,74.88
2025-11-12,8.44,1.267,7.5,0.17,68.5
2025-11-13,8.73,1.6423,8.39,0.25,74.05
2025-11-14,8.08,2.5834,6.47,0.12,73.99
2025-11-15,8.09,2.1403,4.98,7.14,75.67
2025-11-16,10.35,2.477,10.1,0.16,69.72
2025-11-17,5.62,2.4168,9.94,0.01,65.29
2025-11-18,6.21,2.4238,5.41,0.05,65.69
2025-11-19,6.81,1.7827,3.21,3.93,75.62
2025-11-20,6.43,2.4598,2.33,0.0,67.5
2025-11-21,9.49,1.3217,3.22,0.09,79.67
2025-11-22,9.05,1.428,4.03,10.36,83.04
2025-11-23,7.51,1.4083,4.89,0.11,71.11
2025-11-24,8.52,2.7571,4.83,0.01,69.31
2025-11-25,10.65,0.7236,5.32,9.54,86.96
2025-11-26,12.72,0.791,5.43,5.01,94.59
2025-11-27,6.25,2.329,7.97,0.0,64.41
2025-11-28,4.03,2.2114,9.77,0.01,71.0
2025-11-29,4.03,2.7694,5.63,0.0,67.04
2025-11-30,7.34,0.7411,6.55,3.79,83.44
2025-12-01,4.46,2.7113,6.08,0.0,69.35
2025-12-02,5.97,0.54,6.12,21.58,85.12
2025-12-03,2.94,2.6834,5.85,0.03,74.65
2025-12-04,2.34,2.0918,7.67,0.07,78.21
2025-12-05,-0.29,0.9902,3.31,0.16,73.61
2025-12-06,3.67,1.5062,3.77,0.12,84.65
2025-12-07,3.2,1.5235,4.42,0.0,78.42
2025-12-08,-0.19,1.8859,8.03,0.0,68.01
2025-12-09,-0.73,2.471,5.58,0.0,66.29
2025-12-10,4.59,1.1938,9.26,1.87,85.59
2025-12-11,1.77,2.4523,9.52,0.05,73.19
2025-12-12,0.26,2.646,7.17,0.01,71.46
2025-12-13,2.57,1.5259,4.46,1.61,77.62
2025-12-14,-0.59,1.8758,7.52,9.48,86.26
2025-12-15,-2.49,1.0894,8.07,0.01,81.79
2025-12-16,-0.82,2.4722,4.9,0.0,73.48
2025-12-17,3.41,1.4942,6.74,0.04,84.63
2025-12-18,5.86,2.2145,4.67,0.1,89.54
2025-12-19,8.0,1.5132,11.34,26.3,85.98
2025-12-20,1.78,2.4967,6.36,0.0,72.66
2025-12-21,3.63,2.2104,8.48,0.01,76.07
2025-12-22,1.27,2.5015,5.85,0.0,73.99
2025-12-23,3.64,0.5815,4.98,6.31,87.68
2025-12-24,3.9,2.5046,7.39,0.04,81.22
2025-12-25,3.64,1.7138,6.77,0.12,72.83
2025-12-26,-1.47,1.4549,6.01,10.25,76.34
2025-12-27,0.38,1.0584,5.86,1.96,92.07
2025-12-28,0.09,1.2168,3.82,0.15,87.17
2025-12-29,5.2,0.5455,9.07,4.58,86.8
2025-12-30,-0.27,1.7681,10.94,0.02,66.25
2025-12-31,-0.29,1.6246,7.46,0.25,72.38
2026-01-01,-1.59,2.3482,9.06,0.54,75.27
2026-01-02,-2.18,1.4933,6.48,0.12,77.94
2026-01-03,-1.9,1.6574,4.6,0.0,72.45
2026-01-04,-0.04,1.932,4.84,0.07,74.97
2026-01-05,1.16,1.0987,4.37,0.25,77.64
2026-01-06,3.43,1.3937,3.82,0.24,93.19
2026-01-07,4.9,1.4561,4.93,0.31,92.6
2026-01-08,5.29,2.4665,2.81,0.0,86.01
2026-01-09,6.17,1.4513,5.65,0.36,95.49
2026-01-10,5.5,0.672,4.52,28.27,95.77
2026-01-11,4.81,1.932,7.35,0.68,80.68
2026-01-12,2.0,2.6887,7.41,0.0,73.95
2026-01-13,3.89,2.5488,5.98,0.01,79.6
2026-01-14,6.02,1.2778,5.15,0.01,87.99
2026-01-15,2.38,2.669,8.04,0.05,77.77
2026-01-16,-0.99,2.0808,8.4,0.01,69.0
2026-01-17,3.05,0.786,5.28,2.05,83.08
2026-01-18,1.55,0.4858,3.89,8.84,93.77
2026-01-19,-0.25,2.2135,7.42,0.07,75.51
2026-01-20,-4.89,2.7828,8.2,0.0,74.9
2026-01-21,-1.3,1.9812,6.17,0.01,72.51
2026-01-22,4.19,2.6366,7.03,0.0,76.23
2026-01-23,0.4,2.04,8.74,0.0,63.21
2026-01-24,-6.82,2.802,7.11,0.0,75.52
2026-01-25,-3.96,0.5904,8.79,35.52,92.09
2026-01-26,-3.72,1.2907,7.13,1.09,92.04
2026-01-27,-6.11,2.471,8.43,0.34,87.46
2026-01-28,-6.68,2.7595,6.43,0.05,87.42
2026-01-29,-7.04,3.2059,7.31,0.1,89.55
2026-01-30,-9.11,3.3979,7.87,0.03,91.71
2026-01-31,-7.76,2.9134,6.04,0.04,89.47
2026-02-01,-7.99,3.3406,10.95,0.53,94.12
2026-02-02,-4.86,3.6377,7.19,0.0,85.46
2026-02-03,-3.41,2.4216,4.4,0.06,83.86
2026-02-04,-2.67,3.5146,5.46,0.04,76.96
2026-02-05,-4.22,3.7022,4.62,0.0,83.52
2026-02-06,-2.95,2.8166,3.3,0.17,82.51
2026-02-07,-8.77,3.5909,12.22,0.49,93.09
2026-02-08,-10.82,3.8306,10.61,0.01,92.95
2026-02-09,-5.82,3.7104,6.04,0.0,81.06
2026-02-10,-1.06,1.7419,3.24,0.26,76.22
2026-02-11,1.26,2.0849,6.98,0.38,82.32
2026-02-12,-0.4,3.2549,7.88,0.01,74.92
2026-02-13,-1.4,4.0435,5.08,0.0,74.35
2026-02-14,1.21,3.4416,3.86,0.0,80.93
2026-02-15,1.56,2.2896,4.02,1.16,87.29
2026-02-16,1.41,2.0834,5.17,1.83,83.5
2026-02-17,2.0,1.6325,4.21,0.09,94.55
2026-02-18,1.95,1.6949,2.81,2.33,97.34
2026-02-19,2.22,2.7024,5.13,0.11,88.3
2026-02-20,2.31,1.3934,6.21,10.97,95.6
2026-02-21,3.53,3.1195,2.98,0.31,84.0
2026-02-22,1.62,1.5444,8.18,17.6,92.96
2026-02-23,0.29,2.0225,13.18,13.59,85.9
2026-02-24,-1.61,4.2413,6.42,0.05,74.93
2026-02-25,1.05,2.6489,6.71,2.14,90.09
2026-02-26,2.2,3.1126,3.3,0.08,85.72
2026-02-27,0.85,4.5439,3.33,0.0,85.75
2026-02-28,3.63,4.3591,2.77,0.03,93.99
2026-03-01,1.53,3.9979,5.51,0.5,81.11
2026-03-02,-1.81,4.1489,4.41,0.0,65.53
2026-03-03,1.53,1.9978,4.25,10.35,89.49
2026-03-04,3.68,2.7077,2.22,2.09,90.8
2026-03-05,3.27,1.5288,3.53,16.05,95.13
2026-03-06,3.14,1.1189,5.03,5.68,93.07
2026-03-07,3.93,2.4684,3.97,0.74,97.2
2026-03-08,7.6,2.653,4.8,9.96,89.39
2026-03-09,7.72,5.226,3.48,0.0,80.96
2026-03-10,8.09,5.0186,4.29,0.07,87.21
2026-03-11,8.3,3.2902,5.93,0.5,92.22
2026-03-12,5.12,1.1698,7.46,9.26,86.14
2026-03-13,2.65,3.323,6.4,0.03,72.5
2026-03-14,5.17,5.6489,7.3,0.02,71.02
2026-03-15,3.36,2.1852,6.17,0.1,81.48
2026-03-16,8.27,1.4513,10.64,28.62,96.82
2026-03-17,2.29,5.3818,9.41,0.6,66.01
2026-03-18,-0.46,4.6421,4.08,0.0,63.89
2026-03-19,2.68,2.6338,3.35,0.0,71.69
2026-03-20,5.21,4.5943,6.34,1.83,90.0
2026-03-21,7.42,5.2646,4.05,0.09,83.17
2026-03-22,6.54,3.6511,5.44,2.33,93.0
2026-03-23,4.66,1.1078,6.85,6.19,86.97
2026-03-24,3.08,6.3137,5.62,0.0,69.99
2026-03-25,4.58,4.9598,4.41,0.08,84.7
2026-03-26,8.77,5.327,7.78,0.13,88.5
2026-03-27,7.87,2.8898,4.76,3.47,81.94
2026-03-28,2.78,6.5196,5.97,0.0,64.73
2026-03-29,5.17,6.2052,5.8,0.0,71.78
2026-03-30,9.49,5.1432,7.27,0.18,85.58
2026-03-31,11.99,4.3274,7.69,0.02,86.57
2026-04-01,12.95,4.0848,5.75,2.78,88.51
2026-04-02,6.42,1.4455,8.13,1.49,90.02
2026-04-03,8.88,3.5155,5.04,0.31,92.72
2026-04-04,9.84,4.4258,6.47,0.16,88.83
2026-04-05,9.78,1.8341,5.59,7.84,91.57
2026-04-06,7.68,6.3355,4.49,0.04,67.45
2026-04-07,6.85,6.5232,6.25,0.57,71.23
2026-04-08,2.87,7.1429,5.41,0.01,67.33
2026-04-09,5.14,6.7529,3.86,0.1,81.03
2026-04-10,7.36,6.2945,4.51,0.05,90.26
2026-04-11,10.02,7.1074,5.35,0.12,75.54
2026-04-12,7.56,6.4788,4.89,0.02,79.33
2026-04-13,12.42,4.0296,6.91,0.46,86.93
2026-04-14,14.53,6.2916,4.9,0.24,85.7
2026-04-15,15.85,5.2423,4.99,0.13,86.7
2026-04-16,14.75,5.2778,4.82,0.17,85.21
2026-04-17,16.32,5.3232,3.77,1.61,81.12
2026-04-18,10.5,6.4927,4.53,0.32,91.83
2026-04-19,9.1,2.0354,4.75,3.24,85.28
2026-04-20,7.81,4.9778,4.0,0.7,63.76
2026-04-21,5.96,7.2708,4.5,0.15,59.92
2026-04-22,8.64,2.7089,5.7,1.49,84.08
2026-04-23,12.58,6.6936,2.86,0.1,77.2
2026-04-24,11.3,6.2203,4.16,0.01,75.83
2026-04-25,7.36,1.8662,6.54,23.37,86.78
2026-04-26,8.0,4.2254,5.41,1.63,82.47
2026-04-27,10.43,7.5408,3.26,0.02,79.4
2026-04-28,10.74,3.1008,2.74,0.06,79.05
2026-04-29,10.05,4.2377,3.9,4.74,86.27
2026-04-30,10.98,2.6506,2.43,2.59,86.74
2026-05-01,11.07,7.3498,5.1,0.0,73.1
2026-05-02,11.19,4.3934,2.84,1.19,80.71
2026-05-03,10.16,6.3761,6.66,0.0,65.25
2026-05-04,12.37,7.3937,6.91,0.01,76.65
2026-05-05,14.48,7.0054,7.66,0.02,82.48
2026-05-06,13.71,1.651,7.66,3.51,90.57
2026-05-07,12.32,7.1434,3.09,1.11,71.92
2026-05-08,12.06,5.1374,3.75,0.51,72.44
2026-05-09,12.33,2.215,4.13,2.85,87.78
2026-05-10,13.64,4.7021,2.74,3.8,88.97
2026-05-11,12.08,3.241,3.75,1.16,68.91
2026-05-12,11.72,7.9819,5.05,0.04,68.72
2026-05-13,12.95,4.7873,7.81,0.07,84.11
2026-05-14,13.78,4.3426,3.5,2.61,79.97
2026-05-15,13.55,4.7342,3.88,0.1,75.34
2026-05-16,15.26,7.5468,5.51,0.03,77.3
2026-05-17,17.95,7.1712,4.49,0.02,74.25
2026-05-18,17.85,6.9554,4.53,0.19,80.14
2026-05-19,19.09,7.0027,6.05,0.24,79.5
2026-05-20,20.98,6.8534,4.76,1.52,77.17
2026-05-21,15.69,1.8254,3.45,7.03,79.94
2026-05-22,14.32,5.6933,5.47,0.04,71.38
2026-05-23,12.17,1.1909,6.46,16.85,82.01
2026-05-24,13.22,1.8487,6.88,19.69,93.64
2026-05-25,15.52,3.4759,2.48,2.59,91.01
2026-05-26,17.18,6.7315,2.9,0.1,82.42
2026-05-27,18.4,4.17,4.82,2.56,86.4
2026-05-28,18.03,6.3725,4.39,0.41,73.82
2026-05-29,17.03,7.6783,5.16,0.0,71.45
2026-05-30,14.04,6.1356,7.55,0.01,67.11
2026-05-31,15.68,6.4368,3.19,0.02,69.89
2026-06-01,15.2,6.9684,3.63,0.27,78.05
2026-06-02,17.39,7.513,2.26,0.0,63.2
2026-06-03,18.54,7.2946,3.36,0.0,67.78
2026-06-04,19.18,7.3219,3.18,0.06,71.38
2026-06-05,20.55,7.4885,3.5,0.0,70.39
2026-06-06,20.98,6.191,5.56,1.78,75.4
2026-06-07,21.39,6.3312,4.71,0.72,74.17
2026-06-08,18.35,6.9314,4.25,0.0,67.54
2026-06-09,18.54,7.1182,5.71,0.08,70.81
2026-06-10,20.07,4.423,5.57,2.08,87.02
2026-06-11,23.34,6.7634,4.03,4.11,80.34
2026-06-12,24.48,6.9149,4.3,1.84,76.28
2026-06-13,23.54,7.4023,3.46,0.1,67.12
2026-06-14,22.54,6.4349,5.5,0.85,76.27
2026-06-15,20.85,6.57,6.5,7.82,69.48
2026-06-16,19.17,7.9858,4.43,0.0,64.59
2026-06-17,20.25,5.148,4.67,0.27,80.54
2026-06-18,22.82,4.7899,7.96,0.1,75.38
2026-06-19,22.18,6.2131,4.73,0.01,63.43
2026-06-20,21.77,7.6771,5.43,0.01,61.69
2026-06-21,21.94,6.245,2.45,0.08,68.04
2026-06-22,20.8,1.985,4.13,6.23,89.61
2026-06-23,21.04,1.9649,3.65,12.24,87.57
2026-06-24,22.05,7.045,3.95,0.09,67.19
2026-06-25,21.66,6.1963,3.53,1.08,75.82
2026-06-26,22.31,4.807,4.26,1.4,82.56
2026-06-27,21.97,1.4546,1.63,12.68,80.43
2026-06-28,22.23,6.0221,1.88,0.32,78.66
2026-06-29,23.41,6.1747,2.4,0.04,72.36
2026-06-30,24.0,4.8598,5.01,0.39,69.46
2026-07-01,25.26,7.3406,6.15,0.84,77.46
2026-07-02,27.73,7.5355,4.72,3.49,68.95
2026-07-03,28.9,7.4074,3.34,1.69,63.03
2026-07-04,28.23,7.5173,3.04,2.31,66.54
2026-07-05,24.77,3.3977,2.82,2.94,83.15
2026-07-06,22.2,1.9138,6.99,22.22,95.07
2026-07-07,21.6,3.4111,5.44,3.08,85.74
2026-07-08,22.7,7.6243,4.18,0.01,73.29
2026-07-09,23.46,2.3539,5.12,3.37,85.94
2026-07-10,24.97,3.611,3.38,0.17,79.55
2026-07-11,23.08,4.3212,4.31,0.83,82.59
2026-07-12,23.45,6.7099,3.41,0.01,72.36
2026-07-13,23.54,7.3258,4.38,0.0,75.1
2026-07-14,25.48,6.9941,6.67,0.0,68.96
2026-07-15,27.06,6.5839,5.06,0.51,68.31
2026-07-16,26.21,6.0694,3.11,0.62,68.67
2026-07-17,24.99,7.4794,3.31,0.0,65.81
2026-07-18,24.06,0.8369,5.68,22.08,90.3
2026-07-19,24.13,7.5458,4.95,2.37,71.18
2026-07-20,22.33,7.7146,3.86,0.0,64.38
2026-07-21,23.72,3.5318,6.83,21.32,90.55
2026-07-22,25.12,6.6437,5.39,12.78,79.47
2026-07-23,22.44,7.6222,3.64,0.16,59.91
2026-07-24,22.54,7.4239,2.42,0.0,63.96
2026-07-25,22.44,7.5014,3.88,0.02,63.3
2026-07-26,23.01,7.1136,2.81,0.01,66.65
2026-07-27,23.44,5.1538,3.67,3.08,81.83
2026-07-28,23.42,2.5267,5.96,17.39,90.07
2026-07-29,23.83,5.017,3.54,7.55,83.24
2026-07-30,22.65,4.0867,3.44,4.42,82.88
2026-07-31,24.19,6.3898,2.9,0.59,78.72
2026-08-01,24.06,5.9513,3.76,1.0,87.28
2026-08-02,24.17,5.9064,4.99,15.96,91.13
2026-08-03,24.61,3.9197,5.51,33.73,89.7
2026-08-04,23.47,7.3099,2.77,0.0,70.97
2026-08-05,24.21,3.9533,2.96,3.11,83.14
2026-08-06,25.86,5.5154,4.11,1.56,89.12
2026-08-07,26.48,5.9515,3.11,1.69,86.52
2026-08-08,26.26,6.2604,3.57,4.92,85.65
2026-08-09,26.97,6.6958,2.83,0.79,82.65
2026-08-10,26.19,6.3725,3.15,4.74,80.26
2026-08-11,25.67,4.3639,3.25,4.39,82.22
2026-08-12,25.66,,3.06,2.59,70.16
2026-08-13,25.52,5.7103,3.04,5.53,79.37
2026-08-14,25.16,5.1895,2.49,1.17,73.52
2026-08-15,24.12,6.755,2.61,0.32,69.87
2026-08-16,24.01,1.3277,4.51,2.77,73.81
2026-08-17,24.2,4.8874,3.96,20.29,88.21
2026-08-18,24.28,4.8331,1.92,2.6,87.17
2026-08-19,24.97,6.2242,2.12,0.17,81.67
2026-08-20,24.36,1.9298,3.11,47.98,84.56
2026-08-21,22.27,5.9383,4.48,0.73,80.35
2026-08-22,22.15,4.4042,2.69,0.31,80.24
2026-08-23,23.33,5.0842,3.21,4.9,83.9
2026-08-24,22.85,5.8154,3.8,1.89,75.22
2026-08-25,22.26,5.0174,3.41,0.75,73.52
2026-08-26,22.64,6.3792,3.34,0.25,75.04
2026-08-27,23.57,1.0229,4.01,3.48,87.58
2026-08-28,23.75,5.1166,1.57,8.47,88.1
2026-08-29,21.91,,3.75,0.0,64.63
2026-08-30,22.78,,4.1,5.43,81.35
2026-08-31,,,,,
2026-09-01,,,,,
2026-09-02,,,,,
2026-09-03,,,,,
2026-09-04,,,,,
2026-09-05,,,,,
2026-09-06,,,,,
2026-09-07,,,,,
2026-09-08,,,,,
2026-09-09,,,,,
2026-09-10,24.74,5.3112,4.15,1.55,77.87
2026-09-11,23.17,5.3158,2.41,0.0,68.5
2026-09-12,22.23,,3.56,0.01,74.33
2026-09-13,23.46,,3.02,37.56,92.83
2026-09-14,,,,,
2026-09-15,,,,,
